DATETIME,H_VALUE,SPLINE,NULL_VALUES,BASELINE,LDi,LCi
2004-11-11 00:00:00,37982.674642262886,0.0,0,38104.35123876162,-121.67659649873531,1.150432554384878
2004-11-11 00:01:00,37983.57552219117,-8.105723032468843e-05,0,38104.351238379655,-120.7756351312571,0.6514901805715283
2004-11-11 00:02:00,37983.97729898753,-0.00032287231494509646,0,38104.351237997435,-120.37361613759225,1.0025414666442742
2004-11-11 00:03:00,37985.57996200663,-0.0007234103443131775,0,38104.351237614945,-118.77055219796856,0.7024832828455843
2004-11-11 00:04:00,37985.38130702389,-0.0012806364088808855,0,38104.3512372322,-118.96864957190108,-0.24891501962678575
2004-11-11 00:05:00,37985.080862096365,-0.001992515599100174,0,38104.35123684919,-119.26838223722213,-0.6989802938998508
2004-11-11 00:06:00,37983.98176929322,-0.002857013005422995,0,38104.351236465925,-120.36661015970078,-0.398159130110173
2004-11-11 00:07:00,37984.28266349123,-0.0038720937183013035,0,38104.35123608239,-120.06470049744247,0.2013119653382418
2004-11-11 00:08:00,37984.38221374674,-0.005035722828187054,0,38104.351235698596,-119.9639862290243,0.45078414049046955
2004-11-11 00:09:00,37985.18175723265,-0.006345865425532198,0,38104.351235314534,-119.16313221646153,0.40070643956825336
2004-11-11 00:10:00,37985.180861093715,-0.00780048660078869,0,38104.351234930204,-119.1625733498878,-0.4991406717753861
2004-11-11 00:11:00,37984.180423434176,-0.009397551444408483,0,38104.35123454563,-120.1614135600123,-0.49877488738879805
2004-11-11 00:12:00,37984.179976011066,-0.011135025046843532,0,38104.35123416078,-120.16012312466539,-0.1486387471950792
2004-11-11 00:13:00,37983.87953184877,-0.013010872498545788,0,38104.35123377567,-120.45869105440246,-0.40005911921084447
2004-11-11 00:14:00,37983.37596896832,-0.015023058889967208,0,38104.3512333903,-120.96024136308708,-0.400367041718674
2004-11-11 00:15:00,37983.07463831752,-0.017169549311559743,0,38104.35123300467,-121.25942513783981,-0.1482301762375613
2004-11-11 00:16:00,37983.07508259435,-0.019448308853775343,0,38104.35123261876,-121.2567017155622,-0.09765475098513576
2004-11-11 00:17:00,37982.874640290196,-0.02185730260706597,0,38104.35123223261,-121.45473463981008,-0.398853454212869
2004-11-11 00:18:00,37982.27242872654,-0.02439449566188357,0,38104.35123184619,-122.05440862398794,-0.8493843757954096
2004-11-11 00:19:00,37981.170670215,-0.027057853108680103,0,38104.35123145951,-123.1535033914009,-1.3485871921708892
2004-11-11 00:20:00,37979.569802724196,-0.029845340037907515,0,38104.351231072564,-124.75158300832972,-1.2984615053426367
2004-11-11 00:21:00,37978.56804936173,-0.03275492154001777,0,38104.35123068536,-125.75042640208618,-0.2487885370833638
2004-11-11 00:22:00,37979.066285652676,-0.03578456270546281,0,38104.35123029788,-125.24916008249645,-0.49844379732897437
2004-11-11 00:23:00,37977.56498368477,-0.0389322286246946,0,38104.35122991014,-126.74731399674413,-1.1983164113973785
2004-11-11 00:24:00,37976.663240732465,-0.042195884388165086,0,38104.351229522144,-127.6457929052912,-0.9984189137641195
2004-11-11 00:25:00,37975.561503814526,-0.04557349508632621,0,38104.351229133885,-128.74415182427236,-0.796995517680223
2004-11-11 00:26:00,37975.06238177891,-0.049063025809629957,0,38104.35122874537,-129.23978394065165,-0.7457928800295974
2004-11-11 00:27:00,37974.0628283306,-0.05266244164852825,0,38104.35122835658,-130.23573758433156,-0.6463400672165562
2004-11-11 00:28:00,37973.762394184756,-0.05636970769347306,0,38104.351227967534,-130.53246407508476,0.15441542772362027
2004-11-11 00:29:00,37974.3641380603,-0.06018278903491632,0,38104.35122757822,-129.92690672888432,0.605830868109166
2004-11-11 00:30:00,37974.96632519902,-0.06409965076331002,0,38104.35122718865,-129.32080233886643,0.7070396909061856
2004-11-11 00:31:00,37975.77028119377,-0.06811825796910607,0,38104.35122679881,-128.51282734707195,0.5073730297796146
2004-11-11 00:32:00,37975.97293355366,-0.07223657574275648,0,38104.35122640871,-128.3060562793072,0.8065963940789871
2004-11-11 00:33:00,37977.37513889026,-0.07645256917471314,0,38104.35122601835,-126.89963455891397,1.15625241009797
2004-11-11 00:34:00,37978.27690996526,-0.08076420335542804,0,38104.351225627724,-125.99355145911126,0.3063613030815091
2004-11-11 00:35:00,37977.97914384071,-0.08516944337535312,0,38104.35122523684,-126.28691195275096,0.5578020556822736
2004-11-11 00:36:00,37979.38361124361,-0.08966625432494037,0,38104.35122484568,-124.87794734774671,0.7579004452296374
2004-11-11 00:37:00,37979.48586079069,-0.09425260129464168,0,38104.35122445428,-124.77111106229168,0.20665632403912326
2004-11-11 00:38:00,37979.78766291355,-0.09892644937490905,0,38104.35122406259,-124.46463469966847,0.2560690938986312
2004-11-11 00:39:00,37979.98856503251,-0.1036857636561944,0,38104.35122367066,-124.25897287449442,-0.19474444924157552
2004-11-11 00:40:00,37979.388571171075,-0.10852850922894973,0,38104.351223278456,-124.85412359815162,-0.39465945520551315
2004-11-11 00:41:00,37979.18947844991,-0.11345265118362696,0,38104.351222886,-125.04829178490544,-0.14390171894517323
2004-11-11 00:42:00,37979.09083930261,-0.11845615461067804,0,38104.351222493264,-125.14192703604196,0.45662621123587144
2004-11-11 00:43:00,37980.09264575324,-0.12353698460055496,0,38104.351222100275,-124.1350393624337,1.1569258204515336
2004-11-11 00:44:00,37981.394453205634,-0.12869310624370964,0,38104.35122170702,-122.8280753951389,1.0567769176756414
2004-11-11 00:45:00,37982.19581330179,-0.13392248463059403,0,38104.3512213135,-122.02148552708242,0.6061716751026651
2004-11-11 00:46:00,37982.596265789936,-0.13922308485166007,0,38104.35122091972,-121.61573204493357,-0.04443556008907734
2004-11-11 00:47:00,37982.09627100642,-0.1445928719973598,0,38104.35122052568,-122.11035664726057,0.05517490803330105
2004-11-11 00:48:00,37982.69580809135,-0.15002981115814507,0,38104.35122013137,-121.50538222886696,0.9554599812055571
2004-11-11 00:49:00,37983.99625118452,-0.1555318674244679,0,38104.351219736796,-120.19943668484946,0.5559850345466586
2004-11-11 00:50:00,37983.796710176306,-0.16109700588678016,0,38104.35121934197,-120.39341215977365,-0.894622884299551
2004-11-11 00:51:00,37982.19581330179,-0.16672319163553392,0,38104.351218946875,-121.98868245344856,-1.0457017630796344
2004-11-11 00:52:00,37981.69399447582,-0.17240838976118106,0,38104.351218551514,-122.48481568593292,-0.7965537429051537
2004-11-11 00:53:00,37980.59127765127,-0.17815056535417356,0,38104.35121815588,-123.58178993925887,0.35485651676918195
2004-11-11 00:54:00,37982.39216742411,-0.18394768350496338,0,38104.351217760006,-121.77510265239455,1.5071725261419573
2004-11-11 00:55:00,37983.59397476758,-0.18979770930400242,0,38104.35121736386,-120.56744488697495,1.4076831669887753
2004-11-11 00:56:00,37985.19578204119,-0.1956986078417427,0,38104.35121696745,-118.959736318417,2.258415074230548
2004-11-11 00:57:00,37988.09895348805,-0.2016483442086361,0,38104.35121657077,-116.05061473851386,2.7593828980377637
2004-11-11 00:58:00,37990.702600767996,-0.20764488349513463,0,38104.35121617383,-113.44097052234147,1.60760966272003
2004-11-11 00:59:00,37991.302134172765,-0.21368619079169032,0,38104.35121577663,-112.8353954130738,0.5053678193489617
2004-11-11 01:00:00,37991.701210264335,-0.21977023118875488,0,38104.35121537917,-112.43023488364355,1.5565487127928677
2004-11-11 01:01:00,37994.40302202418,-0.22589496977678059,0,38104.35121498144,-109.72229798748806,1.4570492872793324
2004-11-11 01:02:00,37994.60301990271,-0.23205837164621906,0,38104.35121458344,-109.51613630908489,-0.49519203203227136
2004-11-11 01:03:00,37993.40027373175,-0.23825840188752254,0,38104.35121418519,-110.7126820515526,-1.8469742078087563
2004-11-11 01:04:00,37990.89663603638,-0.24449302559114278,0,38104.35121378667,-113.2100847247024,-2.1469266999714662
2004-11-11 01:05:00,37989.09391772854,-0.2507602078475319,0,38104.35121338788,-115.00653545149554,-1.3455267860675875
2004-11-11 01:06:00,37988.193016778256,-0.25705791374714165,0,38104.35121298884,-115.90113829683757,-0.6434531397900187
2004-11-11 01:07:00,37987.79438675007,-0.2633841083804242,0,38104.35121258953,-116.29344173107557,0.10770578285380594
2004-11-11 01:08:00,37988.395748701994,-0.2697367568378314,0,38104.35121218996,-115.68572673112996,0.357274005493629
2004-11-11 01:09:00,37988.49620424583,-0.2761138242098151,0,38104.35121179013,-115.57889372008832,-0.043382525771896496
2004-11-11 01:10:00,37988.29620633176,-0.2825132755868275,0,38104.35121139002,-115.77249178267375,-0.5935837158922723
2004-11-11 01:11:00,37987.29621676173,-0.2889330760593203,0,38104.35121098966,-116.76606115187286,0.05574435122771604
2004-11-11 01:12:00,37988.394836318104,-0.29537119071774565,0,38104.35121058904,-115.66100308021832,0.7557543545433276
2004-11-11 01:13:00,37988.79483216071,-0.30182558465255527,0,38104.35121018815,-115.2545524427862,0.456229346983541
2004-11-11 01:14:00,37989.294371177784,-0.30829422295420145,0,38104.35120978699,-114.74854438625124,0.8066948481179352
2004-11-11 01:15:00,37990.39527156831,-0.3147750707131359,0,38104.351209385575,-113.64116274655034,0.958074411022217
2004-11-11 01:16:00,37991.19754732667,-0.3212660930198106,0,38104.3512089839,-112.8323955642068,1.058313351939212
2004-11-11 01:17:00,37992.49890728432,-0.32776525496467757,0,38104.35120858195,-111.52453604267191,0.35764426394529636
2004-11-11 01:18:00,37991.89983062179,-0.33427052163818866,0,38104.351208179745,-112.11710703631621,0.15788323201561383
2004-11-11 01:19:00,37992.8016583405,-0.34077985813079603,0,38104.35120777727,-111.20876957864068,1.2090292316225586
2004-11-11 01:20:00,37994.30486757193,-0.34729122953295133,0,38104.35120737454,-109.6990485730711,0.9585761652719498
2004-11-11 01:21:00,37994.705787122504,-0.35380260093510674,0,38104.351206971536,-109.29161724809678,0.5076611640852917
2004-11-11 01:22:00,37995.307168385945,-0.3603119374277143,0,38104.35120656827,-108.68372624490051,-0.4420985783035434
2004-11-11 01:23:00,37993.80857455594,-0.36681720410122554,0,38104.35120616474,-110.17581440470387,-0.4416364970354607
2004-11-11 01:24:00,37994.41089015594,-0.37331636604609286,0,38104.351205760955,-109.56699923897143,1.0597432401007296
2004-11-11 01:25:00,37995.915070044044,-0.37980738835276795,0,38104.3512053569,-108.05632792450241,1.9099682609608521
2004-11-11 01:26:00,37998.21785399942,-0.386288236111703,0,38104.35120495258,-105.74706271704973,1.759740556077908
2004-11-11 01:27:00,37999.42160086124,-0.3927568744133497,0,38104.351204548,-104.5368468123466,0.9102204431993002
2004-11-11 01:28:00,38000.02537104416,-0.3992112683481602,0,38104.35120414316,-103.92662183065113,0.4097524649648534
2004-11-11 01:29:00,38000.228212472626,-0.4056493830065864,0,38104.35120373805,-103.71734188241689,-0.5423799073926574
2004-11-11 01:30:00,37998.927752503754,-0.41206918347908006,0,38104.35120333267,-105.01138164543644,-0.34382333004217713
2004-11-11 01:31:00,37999.52774574968,-0.4184686348560934,0,38104.351202927035,-104.40498854250124,0.0061514873955417215
2004-11-11 01:32:00,37998.92727814826,-0.42484570222807827,0,38104.35120252113,-104.99907867064536,-0.8957545347308482
2004-11-11 01:33:00,37997.72350615232,-0.4311983506854868,0,38104.351202114965,-106.19649761196294,-1.2974227608770192
2004-11-11 01:34:00,37996.31975297082,-0.43752454531877055,0,38104.35120170854,-107.5939241923994,-1.296731111411738
2004-11-11 01:35:00,37995.11741921585,-0.4438222512183817,0,38104.351201301855,-108.78995983478642,-1.6453409976542233
2004-11-11 01:36:00,37993.01650527371,-0.4500894334747725,0,38104.35120089489,-110.88460618770785,-1.5953686300648613
2004-11-11 01:37:00,37991.91417933558,-0.45632405717839425,0,38104.351200487676,-111.98069709491614,-1.4472636600949897
2004-11-11 01:38:00,37990.10954248487,-0.4625240874196994,0,38104.351200080186,-113.77913350789782,-1.0472938771067746
2004-11-11 01:39:00,37989.80722733402,-0.46868748928913967,0,38104.35119967244,-114.07528484912969,-0.24454874078003996
2004-11-11 01:40:00,37989.60815604709,-0.47481222787716726,0,38104.35119926443,-114.2682309894579,-0.5924973007754204
2004-11-11 01:41:00,37988.6100231372,-0.4808962682742339,0,38104.35119885615,-115.26027945068053,-0.5418396524019187
2004-11-11 01:42:00,37988.512350577774,-0.4869375755707916,0,38104.351198447606,-115.35191029426174,0.007648701857512208
2004-11-11 01:43:00,37988.61328187698,-0.4929341148572923,0,38104.3511980388,-115.2449820469655,1.0071291023330247
2004-11-11 01:44:00,37990.51466168891,-0.4988838512241881,0,38104.35119762973,-113.3376520895957,1.55777874679287
2004-11-11 01:45:00,37991.71698791725,-0.5047847497619307,0,38104.35119722039,-112.12942455337976,0.2591565506269973
2004-11-11 01:46:00,37991.0212230469,-0.5106347755609721,0,38104.3511968108,-112.8193389883417,0.05982488628580285
2004-11-11 01:47:00,37991.82498972641,-0.5164318937117647,0,38104.35119640093,-112.00977478080816,0.7590708136411237
2004-11-11 01:48:00,37992.52782456045,-0.5221740693047598,0,38104.351195990814,-111.30119736105945,0.6597461750309748
2004-11-11 01:49:00,37993.133053882244,-0.5278592674304098,0,38104.35119558042,-110.69028243074621,1.0104165814846766
2004-11-11 01:50:00,37994.537345518496,-0.5334854531791664,0,38104.351195169766,-109.2803641980901,1.6594134166536065
2004-11-11 01:51:00,37996.44068856977,-0.5390505916414817,0,38104.35119475885,-107.371455597439,1.0091356561183602
2004-11-11 01:52:00,37996.54454881391,-0.5445526479078076,0,38104.35119434767,-107.26209288585338,0.109824660108778
2004-11-11 01:53:00,37996.649398071924,-0.549989587068596,0,38104.351193936214,-107.15180627722144,0.10831443295327858
2004-11-11 01:54:00,37996.75037013034,-0.555359374214299,0,38104.351193524504,-107.04546401994682,0.5058163010683714
2004-11-11 01:55:00,37997.65035946301,-0.5606599744353683,0,38104.35119311253,-106.1401736750847,0.6055017898905461
2004-11-11 01:56:00,37997.9508429073,-0.5658893528222562,0,38104.35119270029,-105.83446044016573,0.10592287376644549
2004-11-11 01:57:00,37997.85181888576,-0.5710454744654145,0,38104.35119228778,-105.9283279275518,0.8065730983696611
2004-11-11 01:58:00,37999.553751327134,-0.5761263044552951,0,38104.351191875016,-104.2213142434264,1.1067394324610547
2004-11-11 01:59:00,38000.05521259147,-0.5811298078823499,0,38104.35119146198,-103.7148490626297,0.8566676483013254
2004-11-11 02:00:00,38001.25715815202,-0.5860539498370311,0,38104.35119104868,-102.50797894682375,0.8565899775074328
2004-11-11 02:01:00,38001.758624832095,-0.5908966954097903,0,38104.35119063512,-102.00166910761483,0.455041345232587
2004-11-11 02:02:00,38002.15763795524,-0.5956560096910798,0,38104.35119022129,-101.59789625635858,0.25348740617447874
2004-11-11 02:03:00,38002.256165654166,-0.6003298577713512,0,38104.3511898072,-101.49469429526587,0.1029148743277446
2004-11-11 02:04:00,38002.35420668041,-0.6049162047410567,0,38104.35118939285,-101.39206650770309,-0.2471667028889044
2004-11-11 02:05:00,38001.7527482615,-0.6094130156906483,0,38104.35118897823,-101.98902770104368,-0.24652236617473733
2004-11-11 02:06:00,38001.852259067586,-0.6138182557105778,0,38104.35118856335,-101.88511124005257,0.3043552780097656
2004-11-11 02:07:00,38002.35274111328,-0.6181298898912974,0,38104.3511881482,-101.38031714502415,1.055228474250491
2004-11-11 02:08:00,38003.95418755791,-0.6223458833232587,0,38104.351187732784,-99.77465429155158,1.205375162462623
2004-11-11 02:09:00,38004.755156295905,-0.6264642010969137,0,38104.3511873171,-98.9695668200989,0.7028399611141367
2004-11-11 02:10:00,38005.35172972354,-0.6304828083027147,0,38104.35118690116,-98.36897436932331,-1.249672911476857
2004-11-11 02:11:00,38002.247874171866,-0.6343996700311133,0,38104.35118648495,-101.46891264305262,-1.8490288102296546
2004-11-11 02:12:00,38001.645941327326,-0.6382127513725615,0,38104.35118606848,-102.06703198978262,-0.8469570784963025
2004-11-11 02:13:00,38000.54643883427,-0.6419200174175115,0,38104.351185651736,-103.16282680004522,-1.1960898521048193
2004-11-11 02:14:00,37999.24645410749,-0.6455194332564151,0,38104.35118523474,-104.45921169399226,-1.0974106490148898
2004-11-11 02:15:00,37998.34452775542,-0.6490089639797241,0,38104.351184817475,-105.357648098075,-0.549217771704889
2004-11-11 02:16:00,37998.14115058787,-0.6523865746778906,0,38104.35118439995,-105.55764723740204,-0.09981076142424428
2004-11-11 02:17:00,37998.13826413078,-0.6556502304413665,0,38104.351183982144,-105.55726962092349,0.25056091064269026
2004-11-11 02:18:00,37998.63586025161,-0.6587978963606039,0,38104.35118356409,-105.05652541611666,1.1016379769498386
2004-11-11 02:19:00,38000.335361941216,-0.6618275375260548,0,38104.351183145765,-103.35399366702381,1.1529568396067305
2004-11-11 02:20:00,38000.93583387125,-0.6647371190281708,0,38104.35118272718,-102.7506117369032,0.803079183591997
2004-11-11 02:21:00,38001.93582240252,-0.667524605957404,0,38104.35118230832,-101.74783529983982,0.7522385862087688
2004-11-11 02:22:00,38002.43485936132,-0.6701879634042067,0,38104.35118188921,-101.24613456448566,-0.09907117440736357
2004-11-11 02:23:00,38001.73247866471,-0.6727251564590302,0,38104.35118146982,-101.94597764865455,-0.44919252020341105
2004-11-11 02:24:00,38001.531527295054,-0.6751341502123271,0,38104.35118105016,-102.14451960489248,-0.44812741388496846
2004-11-11 02:25:00,38000.83153524407,-0.6774129097545492,0,38104.35118063025,-102.84223247642448,-0.7975395144789985
2004-11-11 02:26:00,37999.93202217604,-0.6795594001761478,0,38104.35118021007,-103.73959863385048,-0.4979145631623041
2004-11-11 02:27:00,37999.83154660031,-0.681571586567576,0,38104.35117978963,-103.8380616027491,0.2517032427220869
2004-11-11 02:28:00,38000.43153978649,-0.6834474340192846,0,38104.35117936892,-103.2361921484063,0.35227994207613733
2004-11-11 02:29:00,38000.532492321734,-0.6851849076217265,0,38104.35117894795,-103.13350171859682,0.5518997902630502
2004-11-11 02:30:00,38001.532003986365,-0.6867819724653532,0,38104.35117852671,-102.1323925678802,0.10104829334799348
2004-11-11 02:31:00,38000.731536379666,-0.6882365936406163,0,38104.35117810521,-102.93140513190083,-0.19932957261151074
2004-11-11 02:32:00,38001.130579234086,-0.6895467362379686,0,38104.35117768343,-102.53105171310322,0.7502767417156875
2004-11-11 02:33:00,38002.22961524758,-0.6907103653478615,0,38104.3511772614,-101.43085164846946,0.9503655834922426
2004-11-11 02:34:00,38003.029130846924,-0.6917254460607469,0,38104.3511768391,-100.63032054611874,-0.4000052307067534
2004-11-11 02:35:00,38001.427724363195,-0.692589943467077,0,38104.351176416545,-102.23086210988296,-0.8506251616792397
2004-11-11 02:36:00,38001.326303301576,-0.6933018226573036,0,38104.35117599371,-102.33157086947722,0.4496820740498677
2004-11-11 02:37:00,38002.32581856011,-0.6938590487218792,0,38104.35117557061,-101.33149796178323,0.5002369345411211
2004-11-11 02:38:00,38002.32581856011,-0.6942595867512544,0,38104.351175147254,-101.33109700039498,-0.5496722369871421
2004-11-11 02:39:00,38001.22583088603,-0.6945014018358822,0,38104.351174723626,-102.43084243575751,-0.5993577466685664
2004-11-11 02:40:00,38001.126779346945,-0.6945824590662149,0,38104.35117429974,-102.52981249373211,-0.34904811146144965
2004-11-11 02:41:00,38000.52773449337,-0.6945007235327036,0,38104.351173875584,-103.12893865868041,-0.19992444397688303
2004-11-11 02:42:00,38000.72725790916,-0.694254160325801,0,38104.35117345117,-102.92966138168588,-0.0008037738917323622
2004-11-11 02:43:00,38000.52678608548,-0.6938407345359585,0,38104.35117302648,-103.13054620646388,-0.20120591858867698
2004-11-11 02:44:00,38000.32584097142,-0.6932584112536275,0,38104.351172601535,-103.33207321886323,0.4486172794478591
2004-11-11 02:45:00,38001.42535537318,-0.6925051555692612,0,38104.35117217632,-102.23331164756816,0.1982126733484577
2004-11-11 02:46:00,38000.723944946105,-0.6915789325733108,0,38104.351171750845,-102.93564787216631,-1.1021822594361552
2004-11-11 02:47:00,37999.223017451295,-0.6904777073562289,0,38104.35117132509,-104.43767616644047,-0.2511865288059596
2004-11-11 02:48:00,38000.2239505243,-0.6891994450084666,0,38104.351170899085,-103.43802092977823,0.448863604446224
2004-11-11 02:49:00,38000.12347940464,-0.6877421106204762,0,38104.35117047281,-103.53994895754802,0.04868822870800926
2004-11-11 02:50:00,38000.32442190462,-0.6861036692827098,0,38104.35117004626,-103.34064447236221,-0.051256660255816655
2004-11-11 02:51:00,38000.02442525531,-0.6842820860856194,0,38104.351169619455,-103.64246227805965,0.048795228449804995
2004-11-11 02:52:00,38000.425839850795,-0.6822753261196568,0,38104.35116919238,-103.2430540154626,0.1995552432332559
2004-11-11 02:53:00,38000.42773561898,-0.6800813544752742,0,38104.351168765046,-103.24335179159314,-0.2506251653521758
2004-11-11 02:54:00,37999.92916585503,-0.6776981362429231,0,38104.35116833744,-103.74430434616696,-0.15176444259973465
2004-11-11 02:55:00,38000.12916359627,-0.6751236365130553,0,38104.351167909575,-103.54688067679261,-0.0026707299324684186
2004-11-11 02:56:00,37999.92916585503,-0.6723558203761235,0,38104.351167481436,-103.7496458060319,-0.20262510569241954
2004-11-11 02:57:00,37999.72964351194,-0.6693926529225793,0,38104.35116705304,-103.95213088817745,-0.30329561380461456
2004-11-11 02:58:00,37999.32869749149,-0.6662320992428747,0,38104.35116662437,-104.35623703364112,-0.5042042138427973
2004-11-11 02:59:00,37998.72775475516,-0.6628721244274616,0,38104.35116619545,-104.96053931586304,-0.8044002521407521
2004-11-11 03:00:00,37997.726817534756,-0.6593106935667914,0,38104.351165766246,-105.96503753792263,-0.7041291106418655
2004-11-11 03:01:00,37997.32682202789,-0.6555457717513176,0,38104.35116533679,-106.36879753714678,-0.2533902018118326
2004-11-11 03:02:00,37997.22777164145,-0.6515753240714903,0,38104.351164907064,-106.47181794154629,-0.20312252749648252
2004-11-11 03:03:00,37996.928724569305,-0.6473973156177628,0,38104.35116447706,-106.77504259213974,-0.3533283490190655
2004-11-11 03:04:00,37996.52967969575,-0.6430097114805862,0,38104.35116404681,-107.17847463958442,0.24621733055773376
2004-11-11 03:05:00,37997.430145208506,-0.6384104767504133,0,38104.35116361628,-106.28260793102427,0.546002069840192
2004-11-11 03:06:00,37997.63109510907,-0.6335975765176949,0,38104.35116318549,-106.08647049990404,0.2465066650976908
2004-11-11 03:07:00,37997.932999177734,-0.6285689758728839,0,38104.351162754436,-105.78959460082889,0.347247254726085
2004-11-11 03:08:00,37998.335863692766,-0.6233226399064322,0,38104.351162323124,-105.39197599045187,0.2963148695374471
2004-11-11 03:09:00,37998.536340496066,-0.6178565337087916,0,38104.35116189153,-105.196964861754,0.2941805672302209
2004-11-11 03:10:00,37998.93537798132,-0.6121686223704135,0,38104.35116145968,-104.80361485599143,0.043721061902644465
2004-11-11 03:11:00,37998.63538141863,-0.6062568709817509,0,38104.35116102756,-105.10952273794871,0.04469380714295568
2004-11-11 03:12:00,37999.03681410885,-0.6001192446332548,0,38104.351160595186,-104.71422724170552,0.1461471996655277
2004-11-11 03:13:00,37998.940178115496,-0.5937537084153774,0,38104.35116016253,-104.81722833861765,-0.15359193997544196
2004-11-11 03:14:00,37998.74259038054,-0.5871582274185712,0,38104.35115972962,-105.0214111216564,0.2952149840082612
2004-11-11 03:15:00,37999.5440301591,-0.5803307667332875,0,38104.351159296435,-104.22679837060113,0.6940141245200238
2004-11-11 03:16:00,38000.14450669892,-0.5732692914499791,0,38104.351158862984,-103.63338287261635,0.49354080440716075
2004-11-11 03:17:00,38000.545469900826,-0.5659717666590964,0,38104.35115842927,-103.23971676178681,-0.006932187630866338
2004-11-11 03:18:00,38000.14547458996,-0.5584361574510925,0,38104.35115799529,-103.64724724787808,0.09161788351190125
2004-11-11 03:19:00,38000.744016137374,-0.5506604289164199,0,38104.351157561054,-103.056480994763,0.14065162407721488
2004-11-11 03:20:00,38000.44257058067,-0.5426425461455291,0,38104.35115712654,-103.36594399972365,-0.2593435217452793
2004-11-11 03:21:00,38000.24160817928,-0.5343804742288736,0,38104.351156691766,-103.57516803825357,0.14064931230331013
2004-11-11 03:22:00,38000.74063870335,-0.5258721782569031,0,38104.35115625672,-103.08464537511703,-0.20911151013844886
2004-11-11 03:23:00,37999.84064913957,-0.517115623320072,0,38104.35115582142,-103.99339105853046,-0.25839652846565997
2004-11-11 03:24:00,38000.24160817928,-0.5081087745088313,0,38104.35115538584,-103.60143843204835,0.34158631417670193
2004-11-11 03:25:00,38000.54208692292,-0.4988495969136326,0,38104.35115495001,-103.31021843017706,0.24061117126902332
2004-11-11 03:26:00,38000.74160236876,-0.48933605562492843,0,38104.3511545139,-103.12021608951031,0.3401135133872586
2004-11-11 03:27:00,38001.24159655839,-0.4795661157331703,0,38104.35115407753,-102.62999140340254,0.14034064854811845
2004-11-11 03:28:00,38001.04208110614,-0.46953774232880985,0,38104.351153640884,-102.83953479241407,-0.9599060081410968
2004-11-11 03:29:00,37999.3421008838,-0.45924890050229994,0,38104.351153203985,-104.54980341968474,-0.5608953639106034
2004-11-11 03:30:00,37999.94112969124,-0.44869755534409217,0,38104.351152766816,-103.96132552023528,0.48834733040143874
2004-11-11 03:31:00,38000.34016189855,-0.43788167194463856,0,38104.35115232938,-103.57310875888186,0.33832504574289146
2004-11-11 03:32:00,38000.639677247535,-0.42679921539439025,0,38104.35115189168,-103.2846754287495,0.1890220796520694
2004-11-11 03:33:00,38000.74063870335,-0.41544815078380015,0,38104.35115145371,-103.19506459957772,0.3892315676810796
2004-11-11 03:34:00,38001.44111227889,-0.4038264432033203,0,38104.35115101548,-102.50621229338734,-0.3119948522334113
2004-11-11 03:35:00,38000.14016421518,-0.3919320577434018,0,38104.35115057697,-103.81905430404454,-1.1132215185128373
2004-11-11 03:36:00,37999.2387318483,-0.37976295949449757,0,38104.35115013821,-104.73265533041301,0.03721133804313581
2004-11-11 03:37:00,38000.23920095767,-0.36731711354705876,0,38104.35114969918,-103.74463162795827,0.23861528425521072
2004-11-11 03:38:00,37999.74113201299,-0.35459248499153784,0,38104.351149259885,-104.25542476190259,0.23881846666801465
2004-11-11 03:39:00,38000.74256708677,-0.34158703891838593,0,38104.35114882031,-103.26699469462224,0.5385368163259443
2004-11-11 03:40:00,38000.84449851082,-0.32829874041805596,0,38104.35114838049,-103.1783511292507,0.08729305466100357
2004-11-11 03:41:00,38000.9440138005,-0.3147255545809995,0,38104.35114794038,-103.09240858530023,-0.2637132824227919
2004-11-11 03:42:00,38000.34450435943,-0.300865446497669,0,38104.35114750003,-103.70577769409628,-0.06327785439519573
2004-11-11 03:43:00,38000.84546638404,-0.2867163812585152,0,38104.35114705939,-103.21896429409063,0.18691437154453183
2004-11-11 03:44:00,38000.74692134353,-0.2722763239539918,0,38104.351146618494,-103.33194895100722,0.13613899783089067
2004-11-11 03:45:00,38001.146916639234,-0.2575432396745483,0,38104.35114617734,-102.94668629842884,-0.21512025372494037
2004-11-11 03:46:00,38000.34644118393,-0.2425150935106397,0,38104.3511457359,-103.7621894584571,-0.7158949330122866
2004-11-11 03:47:00,37999.745479279205,-0.227189850552715,0,38104.35114529421,-104.37847616445342,-0.7174009334192988
2004-11-11 03:48:00,37998.94258805105,-0.21156547589122798,0,38104.35114485224,-105.1969913252957,-0.7686616465157741
2004-11-11 03:49:00,37998.23970501791,-0.1956399346166311,0,38104.351144410015,-105.91579945748497,-0.4689579229251777
2004-11-11 03:50:00,37998.036825604555,-0.1794111918193737,0,38104.35114396752,-106.13490717114605,0.1814572819703315
2004-11-11 03:51:00,37998.63538141863,-0.16287721258991095,0,38104.351143524764,-105.5528848935443,0.43282843097515666
2004-11-11 03:52:00,37998.935856810516,-0.14603596201869173,0,38104.35114308173,-105.26925030919574,0.28395954248911437
2004-11-11 03:53:00,37999.23729142468,-0.1288854051961712,0,38104.35114263844,-104.98496580856607,-0.015626197541195097
2004-11-11 03:54:00,37998.93921598339,-0.11142350721279826,0,38104.35114219488,-105.30050270427813,0.3347830969611181
2004-11-11 03:55:00,37999.94209390325,-0.09364823315902626,0,38104.35114175105,-104.31539961464384,0.8854354171662422
2004-11-11 03:56:00,38000.74595188889,-0.07555754812530857,0,38104.351141306965,-103.52963186994565,0.38465001000408705
2004-11-11 03:57:00,38000.74789185076,-0.0571494172020941,0,38104.3511408626,-103.54609959463566,-0.2673516718918023
2004-11-11 03:58:00,38000.248383398764,-0.0384218054798362,0,38104.35114041797,-104.06433521372925,-0.017915838706493048
2004-11-11 03:59:00,38000.74983602297,-0.019372678048988234,0,38104.35113997307,-103.58193127204865,-0.3177471675213539
2004-11-11 04:00:00,37999.65130997915,0.0,0,38104.35113952792,-104.69982954877196,-0.5180668827138675
2004-11-11 04:01:00,37999.752772090505,0.019698045488530058,0,38104.35113908249,-104.61806503747638,-0.11888376466946937
2004-11-11 04:02:00,37999.45326396157,0.039722402885424384,0,38104.3511386368,-104.9375970781109,-0.22018504766074187
2004-11-11 04:03:00,37999.352776856605,0.06007379857135985,0,38104.35113819083,-105.05843513279787,-0.021490635465774233
2004-11-11 04:04:00,37999.4513123545,0.08075295892701334,0,38104.35113774461,-104.98057834904245,-0.22278905126990622
2004-11-11 04:05:00,37998.94888467311,0.10176061033306173,0,38104.351137298116,-105.50401323533768,-0.2728714571075983
2004-11-11 04:06:00,37998.94791306728,0.1230974791701819,0,38104.351136851365,-105.52632126325764,0.4275222338733258
2004-11-11 04:07:00,37999.84693192856,0.14476429181905073,0,38104.35113640433,-104.64896876759103,0.026713463022097983
2004-11-11 04:08:00,37999.045003394494,0.16676177466034509,0,38104.35113595705,-105.47289433721345,-0.5738505970026182
2004-11-11 04:09:00,37998.74355620196,0.18909065407474188,0,38104.35113550948,-105.79666996159627,0.02677957598270808
2004-11-11 04:10:00,37999.14355153284,0.21175165644291793,0,38104.351135061646,-105.41933518524803,0.12717127000211548
2004-11-11 04:11:00,37999.04355270011,0.23474550814555023,0,38104.35113461356,-105.54232742159203,-0.22364076748196737
2004-11-11 04:12:00,37998.74259038054,0.2580729355633155,0,38104.35113416519,-105.86661672021197,-0.2244570930422043
2004-11-11 04:13:00,37998.64162677397,0.28173466507689077,0,38104.35113371657,-105.99124160767644,-0.024552174205595634
2004-11-11 04:14:00,37998.741143622115,0.30573142306695283,0,38104.35113326767,-105.91572106862316,-0.2746431464872927
2004-11-11 04:15:00,37998.14066885378,0.33006393591417854,0,38104.35113281852,-106.54052790065103,-0.12498074066506604
2004-11-11 04:16:00,37998.54018274913,0.35473292999924483,0,38104.351132369084,-106.16568254995329,0.27443757233519506
2004-11-11 04:17:00,37998.73921829512,0.37973913170282864,0,38104.3511319194,-105.99165275598064,-0.17589439623804282
2004-11-11 04:18:00,37998.23874339441,0.4050832674056067,0,38104.35113146943,-106.51747134242937,0.07400528859771072
2004-11-11 04:19:00,37998.938254903915,0.4307660634882559,0,38104.35113101921,-105.84364217878522,0.674139878705823
2004-11-11 04:20:00,37999.63872723003,0.4567882463314533,0,38104.35113056871,-105.16919158501773,0.5242823938852084
2004-11-11 04:21:00,38000.03920326925,0.4831505423158757,0,38104.351130117946,-104.7950773910148,0.37394390094185326
2004-11-11 04:22:00,38000.439679561605,0.5098536778221998,0,38104.35112966692,-104.42130378313402,-0.6266260644188648
2004-11-11 04:23:00,37998.839698075,0.5368983792311027,0,38104.35112921562,-106.04832951985253,-1.477679438399342
2004-11-11 04:24:00,37997.53875147705,0.5642853729232612,0,38104.35112876406,-107.3766626599327,-0.12755689418838756
2004-11-11 04:25:00,37998.63970038927,0.5920153852793522,0,38104.35112831222,-106.3034433082293,0.47257360177476215
2004-11-11 04:26:00,37998.539701546426,0.6200891426800526,0,38104.35112786013,-106.43151545638318,0.37271300269803476
2004-11-11 04:27:00,37999.441617476434,0.6485073715060391,0,38104.35112740776,-105.55801730283324,1.5225959146666952
2004-11-11 04:28:00,38001.64207412622,0.6772707981379887,0,38104.35112695513,-103.38632362704979,1.1215330462207191
2004-11-11 04:29:00,38001.7425554408,0.7063801489565784,0,38104.35112650223,-103.3149512103918,0.7211916441712489
2004-11-11 04:30:00,38003.1430218607,0.735836150342485,0,38104.35112604906,-101.94394033870729,1.0705993104890155
2004-11-11 04:31:00,38003.943012534895,0.7656395286763852,0,38104.35112559563,-101.17375258941377,0.22026159923743194
2004-11-11 04:32:00,38003.64349901204,0.7957910103389562,0,38104.35112514193,-101.50341714023243,-0.43007928659739036
2004-11-11 04:33:00,38003.14350484707,0.8262913217108745,0,38104.351124687964,-102.03391116260855,-0.2306723013107188
2004-11-11 04:34:00,38003.24350368005,0.8571411891728173,0,38104.35112423373,-101.96476174285387,-0.28053824931569693
2004-11-11 04:35:00,38002.64447745709,0.8883413391054613,0,38104.351123779226,-102.59498766123994,-0.4811283181953172
2004-11-11 04:36:00,38002.34399744311,0.9198924978894836,0,38104.351123324464,-102.9270183792445,-0.03220995891898326
2004-11-11 04:37:00,38002.64351068225,0.9517953919055608,0,38104.35112286942,-102.65940757907791,0.4676738653186874
2004-11-11 04:38:00,38003.34350251304,0.9840507475343699,0,38104.35112241411,-101.99167064860713,0.2680483845027126
2004-11-11 04:39:00,38003.244470439626,1.016659291156588,0,38104.35112195854,-102.12331081007248,-0.1815738520110628
2004-11-11 04:40:00,38003.04592489923,1.0496217491528914,0,38104.3511215027,-102.35481835262925,-0.08241267929751217
2004-11-11 04:41:00,38003.14592372584,1.0829388479039577,0,38104.3511210466,-102.2881361686675,-0.23324969350990443
2004-11-11 04:42:00,38002.64641416437,1.1166113137904632,0,38104.351120590225,-102.82131773964906,0.11711809582004662
2004-11-11 04:43:00,38003.44786002975,1.150639873193085,0,38104.351120133586,-102.05389997702741,0.0662772764076891
2004-11-11 04:44:00,38002.84738174234,1.1850252524925,0,38104.35111967668,-102.68876318683368,-0.08407735948455297
2004-11-11 04:45:00,38003.34883270157,1.2197681780693852,0,38104.3511192195,-102.22205469599652,0.11531930683530334
2004-11-11 04:46:00,38003.147863565195,1.2548693763044172,0,38104.35111876205,-102.45812457316308,-0.4855178702683247
2004-11-11 04:47:00,38002.4483574414,1.2903295735782727,0,38104.35111830435,-103.19309043653317,-0.28515090025994994
2004-11-11 04:48:00,38002.64884096896,1.3261494962716294,0,38104.351117846374,-103.02842637368298,0.16448396611289695
2004-11-11 04:49:00,38002.849324754585,1.3623298707651634,0,38104.35111738813,-102.86412250430737,0.4136341800715755
2004-11-11 04:50:00,38003.54883033951,1.3988714234395518,0,38104.35111692961,-102.20115801353982,0.46278603872337953
2004-11-11 04:51:00,38003.84834092464,1.4357748806754718,0,38104.351116470825,-101.93855042686062,0.06291450519275088
2004-11-11 04:52:00,38003.748827977484,1.4730409688536,0,38104.351116011785,-102.07532900315432,0.21230694190094113
2004-11-11 04:53:00,38004.34784942376,1.510670414354613,0,38104.35111555246,-101.51393654305873,0.3119419065552336
2004-11-11 04:54:00,38004.4483338464,1.548663943559188,0,38104.35111509288,-101.45144519004386,0.012066736790572463
2004-11-11 04:55:00,38004.4483338464,1.587022282848002,0,38104.35111463303,-101.48980306947759,-0.08805406068040611
2004-11-11 04:56:00,38004.34930702011,1.6257461586017319,0,38104.35111417291,-101.62755331140467,-0.188418777812835
2004-11-11 04:57:00,38004.14930938462,1.6648362972010542,0,38104.351113712524,-101.86664062510326,0.06145562344489974
2004-11-11 04:58:00,38004.55076461239,1.7042934250266457,0,38104.351113251876,-101.50464206451487,-0.5389046080924018
2004-11-11 04:59:00,38003.15078121812,1.7441182684591838,0,38104.35111279095,-102.94444984128806,-0.6900008935819741
2004-11-11 05:00:00,38003.250780031965,1.7843115538793453,0,38104.351112329765,-102.88464385167882,-0.14013262260301218
2004-11-11 05:01:00,38002.95127078948,1.8248740076678065,0,38104.35111186831,-103.22471508649409,-0.240257235367892
2004-11-11 05:02:00,38002.851759440375,1.865806356205245,0,38104.351111406584,-103.3651583224146,-0.3918434583118824
2004-11-11 05:03:00,38002.249818267344,1.9071093258723373,0,38104.35111094459,-104.00840200311785,-0.14221779681923152
2004-11-11 05:04:00,38002.65030020932,1.9487836430497605,0,38104.35111048233,-103.64959391605306,0.4086215836605547
2004-11-11 05:05:00,38003.15078121812,1.9908300341181908,0,38104.3511100198,-103.19115883579674,0.20898335813532753
2004-11-11 05:06:00,38003.152731582675,2.0332492254583063,0,38104.351109557,-103.23162719978241,-0.3911377503100937
2004-11-11 05:07:00,38002.45371670098,2.076041943450783,0,38104.35110909394,-103.97343433641693,0.15824016130350316
2004-11-11 05:08:00,38003.55517066791,2.119208914476298,0,38104.35110863061,-102.9151468771754,0.6078614769510793
2004-11-11 05:09:00,38003.75614764941,2.162750864915527,0,38104.35110816701,-102.75771138251477,0.10724876441894793
2004-11-11 05:10:00,38003.857126875955,2.2066685211491492,0,38104.35110770314,-102.7006493483375,-0.3931202335900892
2004-11-11 05:11:00,38003.05811799887,2.2509626095578406,0,38104.35110723901,-103.54395184969495,-0.44447739194571767
2004-11-11 05:12:00,38003.0571364989,2.295633856522277,0,38104.35110677461,-103.58960413222894,-0.09534987343561596
2004-11-11 05:13:00,38002.9571377018,2.3406829884231364,0,38104.35110630994,-103.73465159656618,-0.744738784122994
2004-11-11 05:14:00,38001.65813487616,2.386110731641095,0,38104.351105844995,-105.07908170047493,-0.045371637141712995
2004-11-11 05:15:00,38002.95762832151,2.4319178125568306,0,38104.3511053798,-103.8253948708496,-0.04697765746651328
2004-11-11 05:16:00,38001.65617285646,2.4781049575510194,0,38104.35110491432,-105.17303701540796,-0.7980825166011201
2004-11-11 05:17:00,38001.454217437524,2.5246728930043383,0,38104.35110444857,-105.42155990405185,-0.39822162121820526
2004-11-11 05:18:00,38000.95324607002,2.571622345297464,0,38104.35110398257,-105.96948025784437,-0.4466461245090514
2004-11-11 05:19:00,38000.65520540402,2.6189540408110736,0,38104.35110351628,-106.31485215306995,0.5544279136917396
2004-11-11 05:20:00,38002.157147325204,2.6666687059258445,0,38104.35110304974,-104.86062443046089,1.7542801068139795
2004-11-11 05:21:00,38004.2595777105,2.714767067022453,0,38104.35110258292,-102.80629193944199,1.1536615400769108
2004-11-11 05:22:00,38004.561050616016,2.763249850481576,0,38104.35110211584,-102.55330135030707,-0.49719168469621877
2004-11-11 05:23:00,38003.362544122334,2.81211778268389,0,38104.351101648484,-103.80067530883443,-0.7475717699768154
2004-11-11 05:24:00,38003.16402788062,2.861371590010073,0,38104.35110118087,-104.0484448902607,-0.4484539436781816
2004-11-11 05:25:00,38002.564529515636,2.9110119988408005,0,38104.351100712985,-104.69758319619079,0.050412323404337656
2004-11-11 05:26:00,38003.36451973693,2.96103973555675,0,38104.35110024483,-103.94762024345202,0.8500149779217452
2004-11-11 05:27:00,38004.365002062594,3.011455526538599,0,38104.3510997764,-102.9975532403473,0.14963512078897878
2004-11-11 05:28:00,38003.76500940401,3.062260098167024,0,38104.351099307714,-103.64835000187406,-0.10149266273803192
2004-11-11 05:29:00,38004.26401444975,3.1134541768227018,0,38104.35109883875,-103.20053856582336,-0.05311691037784527
2004-11-11 05:30:00,38003.76155303577,3.165038488886309,0,38104.351098369516,-103.75458382262975,-0.15424231194042193
2004-11-11 05:31:00,38004.05908847106,3.217013760738522,0,38104.35109790003,-103.50902318970421,0.4968380642720973
2004-11-11 05:32:00,38004.85957045494,3.2693807187600186,0,38104.35109743026,-102.76090769408556,0.4971849714778074
2004-11-11 05:33:00,38005.158583802804,3.3221400893314756,0,38104.35109696022,-102.5146532467486,0.0455703590612373
2004-11-11 05:34:00,38005.056622112796,3.3752925988335702,0,38104.351096489925,-102.66976697596309,-0.6550579345565097
2004-11-11 05:35:00,38003.955165877145,3.4288389736469784,0,38104.35109601936,-103.82476911586161,-0.5049616724985597
2004-11-11 05:36:00,38004.1541851677,3.4827799401523776,0,38104.35109554851,-103.6796903209602,-0.10438220196278536
2004-11-11 05:37:00,38003.85467778236,3.5371162247304446,0,38104.351095077414,-104.03353351978718,0.4469292003409393
2004-11-11 05:38:00,38005.15711123952,3.5918485537618556,0,38104.351094606034,-102.78583192027833,1.0480008649264292
2004-11-11 05:39:00,38006.06053999809,3.6469776536272893,0,38104.3510941344,-101.93753178993433,0.5976169353383227
2004-11-11 05:40:00,38006.46299986359,3.7025042507074204,0,38104.35109366248,-101.59059804960168,-0.003010296303926907
2004-11-11 05:41:00,38006.16596987915,3.758429071382927,0,38104.35109319031,-101.94355238254218,-0.4046363634650234
2004-11-11 05:42:00,38005.76597478335,3.8147528420344856,0,38104.35109271785,-102.39987077653173,0.49446151010455
2004-11-11 05:43:00,38007.26793917185,3.8714762890427736,0,38104.35109224514,-100.95462936233308,0.9977917222877863
2004-11-11 05:44:00,38007.87540457898,3.9286001387884677,0,38104.35109177215,-100.40428733195616,1.097900910172477
2004-11-11 05:45:00,38009.57838887456,3.986125117652244,0,38104.35109129889,-98.75882754198813,0.9940151183390498
2004-11-11 05:46:00,38009.97888568211,4.04405195201478,0,38104.351090825374,-98.41625709527806,-0.45762062784219637
2004-11-11 05:47:00,38008.77940292216,4.1023813682567525,0,38104.35109035158,-99.67406879767252,-0.30752243422850256
2004-11-11 05:48:00,38009.480902006544,4.161114092758838,0,38104.35108987752,-99.03130196373506,0.49231603433346294
2004-11-11 05:49:00,38009.88190352609,4.2202508519017154,0,38104.35108940319,-98.68943672900559,-0.11009199120905322
2004-11-11 05:50:00,38009.37939535451,4.2797923720660584,0,38104.3510889286,-99.25148594615317,-0.9124947202371416
2004-11-11 05:51:00,38008.176401663884,4.3397393796325465,0,38104.35108845373,-100.51442616947988,-0.011404233630415206
2004-11-11 05:52:00,38009.476886166165,4.400092600981855,0,38104.3510879786,-99.274294413414,0.24044242368464097
2004-11-11 05:53:00,38008.77839894358,4.460852762494661,0,38104.35108750319,-100.0335413221106,-0.7114560454808014
2004-11-11 05:54:00,38008.1759011137,4.522020590551643,0,38104.35108702752,-100.6972065043756,-0.3626204636523127
2004-11-11 05:55:00,38008.1759011137,4.583596811533475,0,38104.35108655158,-100.75878224941522,-0.2617778003303215
2004-11-11 05:56:00,38007.77590612216,4.645582151820836,0,38104.351086075374,-101.22076210503624,0.28830650345990705
2004-11-11 05:57:00,38008.87689369419,4.707977337794403,0,38104.35108559889,-100.1821692424954,1.3386350879700544
2004-11-11 05:58:00,38010.57837628888,4.770783095834852,0,38104.35108512214,-98.54349192909613,0.7389868998784124
2004-11-11 05:59:00,38010.480889354716,4.83400015232286,0,38104.35108464513,-98.70419544273858,0.08858652360584074
2004-11-11 06:00:00,38010.8823945196,4.897629233639103,0,38104.35108416784,-98.36631888188445,0.13843137989469767
2004-11-11 06:01:00,38010.88542207351,4.96167106616426,0,38104.35108369029,-98.42733268294919,0.13928884329808966
2004-11-11 06:02:00,38011.289468393465,5.026126376279006,0,38104.351083212474,-98.08774119528827,0.08863221925288656
2004-11-11 06:03:00,38011.192010380306,5.0909958903640185,0,38104.351082734385,-98.25006824444341,0.3879719876591139
2004-11-11 06:04:00,38012.19556537086,5.156280334799975,0,38104.35108225603,-97.31179721997005,0.5888434298731013
2004-11-11 06:05:00,38012.50068082867,5.221980435967551,0,38104.3510817774,-97.07238138469721,0.488444213871297
2004-11-11 06:06:00,38013.30426942652,5.288096920247426,0,38104.3510812985,-96.33490879222745,0.2362442856736564
2004-11-11 06:07:00,38013.10581852001,5.354630514020275,0,38104.35108081934,-96.5998928133499,-0.26648176937648316
2004-11-11 06:08:00,38012.90478995258,5.421581943666773,0,38104.3510803399,-96.86787233098042,-0.06793345138552809
2004-11-11 06:09:00,38013.10427207965,5.4889519355675995,0,38104.3510798602,-96.73575971612095,1.0821479788911148
2004-11-11 06:10:00,38015.204244223125,5.556741216103432,0,38104.35107938022,-94.70357637319819,0.13174106465475433
2004-11-11 06:11:00,38013.50375182482,5.624950511654944,0,38104.35107889998,-96.47227758681144,-1.2699461689645375
2004-11-11 06:12:00,38012.80119025695,5.693580548602817,0,38104.35107841947,-97.24346871112726,-0.6711437615773974
2004-11-11 06:13:00,38012.29914488205,5.762632053327724,0,38104.351077938685,-97.81456510996624,-0.1697740532665648
2004-11-11 06:14:00,38012.60016639219,5.832105752210343,0,38104.35107745764,-97.5830168176604,0.28056702011704715
2004-11-11 06:15:00,38012.999648278215,5.902002371631353,0,38104.351076976316,-97.25343106973214,0.37988611765428715
2004-11-11 06:16:00,38013.500154550355,5.972322637971427,0,38104.351076494735,-96.82324458235182,0.9294548852794762
2004-11-11 06:17:00,38014.999621991316,6.043067277611244,0,38104.35107601288,-95.39452129917319,0.4292932608808826
2004-11-11 06:18:00,38014.5006544871,6.114237016931481,0,38104.35107553076,-95.96465806059005,-0.3200954925206858
2004-11-11 06:19:00,38014.50219534645,6.185832582312816,0,38104.351075048355,-96.03471228421456,0.7292085646706568
2004-11-11 06:20:00,38016.102688334584,6.2578547001359235,0,38104.3510745657,-94.50624093124874,0.77749656710116
2004-11-11 06:21:00,38016.20165902953,6.330304096781481,0,38104.35107408276,-94.47971915001224,0.6273278280332875
2004-11-11 06:22:00,38017.502669823014,6.4031814986301665,0,38104.351073599566,-93.25158527518217,0.42818804891473405
2004-11-11 06:23:00,38017.204217695966,6.476487632062656,0,38104.351073116086,-93.62334305218278,-0.1227477686053291
2004-11-11 06:24:00,38017.40421504341,6.550223223459627,0,38104.351072632344,-93.49708081239282,0.426558448494049
2004-11-11 06:25:00,38018.20523499235,6.624388999201756,0,38104.35107214834,-92.77022615519468,0.476127234134502
2004-11-11 06:26:00,38018.5052310056,6.698985685669718,0,38104.35107166405,-92.54482634412382,0.32544049536419806
2004-11-11 06:27:00,38019.005740024295,6.774014009244193,0,38104.35107117952,-92.11934516446628,0.12552721285876345
2004-11-11 06:28:00,38018.90677347259,6.849474696305856,0,38104.35107069469,-92.29377191840629,-0.07593457861826636
2004-11-11 06:29:00,38019.00522436114,6.925368473235385,0,38104.35107020961,-92.27121432170281,-0.07662625886100471
2004-11-11 06:30:00,38018.90574135453,7.001696066413457,0,38104.351069724245,-92.4470244361283,0.024228177309630894
2004-11-11 06:31:00,38019.20676947376,7.078458202220747,0,38104.351069238626,-92.22275796708355,0.2732740187113194
2004-11-11 06:32:00,38019.60624796106,7.155655607037934,0,38104.35106875273,-91.90047639870566,0.7218005679138315
2004-11-11 06:33:00,38020.80520044256,7.233289007245693,0,38104.35106826657,-90.77915683125589,0.22059897356938052
2004-11-11 06:34:00,38020.20314845779,7.311359129224702,0,38104.35106778013,-91.4592784515669,-0.7803369544986793
2004-11-11 06:35:00,38019.40110325253,7.389866699355639,0,38104.35106729343,-92.33983074025325,-0.08026719342542776
2004-11-11 06:36:00,38020.200066412064,7.4688124440191785,0,38104.35106680646,-91.61981283841776,0.5192895335696477
2004-11-11 06:37:00,38020.598011735696,7.548197089595999,0,38104.351066319214,-91.30125167311395,0.169368035044144
2004-11-11 06:38:00,38020.69801042585,7.628021362466777,0,38104.35106583171,-91.28107676832947,0.16944120527389117
2004-11-11 06:39:00,38021.09698207036,7.7082859890121895,0,38104.351065343915,-90.96236926256617,0.31874295028449495
2004-11-11 06:40:00,38021.496465683726,7.7889916956129115,0,38104.35106485587,-90.64359086776048,0.5688098093085756
2004-11-11 06:41:00,38022.396453932255,7.870139208649622,0,38104.351064367554,-89.82474964394902,0.7688761783012836
2004-11-11 06:42:00,38023.19695462231,7.9517292545029985,0,38104.35106387897,-89.10583851115791,-0.08206662828102651
2004-11-11 06:43:00,38022.395943049145,8.033762559553715,0,38104.3510633901,-89.98888290051107,-0.18378494353688524
2004-11-11 06:44:00,38022.99389435293,8.11623985018245,0,38104.351062900976,-89.47340839823168,0.21551254890204063
2004-11-11 06:45:00,38022.992366461636,8.199161852769883,0,38104.35106241157,-89.55785780270699,-0.38466706726844535
2004-11-11 06:46:00,38022.39084868284,8.282529293696687,0,38104.35106192191,-90.24274253276857,-0.6345996938996379
2004-11-11 06:47:00,38021.89034714081,8.366342899343541,0,38104.351061431975,-90.82705719050627,0.2659589206383757
2004-11-11 06:48:00,38023.09083964637,8.45060339609112,0,38104.35106094177,-89.71082469149182,1.1170265767823864
2004-11-11 06:49:00,38024.29336792467,8.535311510320103,0,38104.35106045129,-88.5930040369415,0.9153094046755186
2004-11-11 06:50:00,38025.091322046814,8.620467968411166,0,38104.35105996054,-87.88020588214079,0.6125770533397912
2004-11-11 06:51:00,38025.68928303601,8.706073496744985,0,38104.351059469525,-87.36784993026191,0.2626428914247825
2004-11-11 06:52:00,38025.78826770065,8.792128821702237,0,38104.35105897824,-87.35492009929122,0.01295828099378582
2004-11-11 06:53:00,38025.88775978807,8.8786346696636,0,38104.35105848668,-87.34193336827434,-0.33799304725921075
2004-11-11 06:54:00,38025.285743568056,8.965591767009752,0,38104.351057994856,-88.03090619380964,0.0120569741315677
2004-11-11 06:55:00,38026.08623892288,9.053000840121365,0,38104.35105750277,-87.3178194200112,0.7131135885718862
2004-11-11 06:56:00,38026.88724060911,9.140862615379124,0,38104.3510570104,-86.60467901666587,0.16241476806886368
2004-11-11 06:57:00,38026.587244453054,9.229177819163699,0,38104.351056517764,-86.99298988387348,0.45993491280082566
2004-11-11 06:58:00,38027.98419401165,9.317947177855766,0,38104.35105602486,-85.68480919106422,0.5582191788553672
2004-11-11 06:59:00,38027.88167542336,9.407171417836008,0,38104.35105553169,-85.87655152616274,-0.39146206864693767
2004-11-11 07:00:00,38027.38017297537,9.496851265485098,0,38104.35105503824,-86.4677333283581,-0.14040994104666993
2004-11-11 07:01:00,38027.78067058345,9.586987447183713,0,38104.351054544524,-86.15737140825608,0.45988016206160154
2004-11-11 07:02:00,38028.48066173562,9.677580689312531,0,38104.351054050545,-85.54797300423489,0.10892450383165908
2004-11-11 07:03:00,38028.18016287395,9.768631718252228,0,38104.35105355629,-85.93952240059276,-0.5922780079463053
2004-11-11 07:04:00,38027.47866530202,9.860141260383482,0,38104.351053061764,-86.7325290201275,0.20750436528162197
2004-11-11 07:05:00,38028.77864893902,9.952110042086968,0,38104.35105256696,-85.52451367002952,0.5572920864104347
2004-11-11 07:06:00,38028.77764601434,10.044538789743363,0,38104.35105207191,-85.61794484730663,-0.09416140792907868
2004-11-11 07:07:00,38028.77564332041,10.137428229733347,0,38104.35105157657,-85.71283648588768,-0.24461901327539692
2004-11-11 07:08:00,38028.474647295545,10.230779088437595,0,38104.351051080965,-86.10718287385743,0.3549148955526107
2004-11-11 07:09:00,38029.67263598255,10.32459209223678,0,38104.35105058509,-85.00300669478246,0.8041994379285811
2004-11-11 07:10:00,38030.27113405846,10.418867967511586,0,38104.351050088946,-84.49878399800026,0.10449428261544114
2004-11-11 07:11:00,38030.07063890363,10.513607440642687,0,38104.35104959254,-84.79401812955157,-0.7969493780709129
2004-11-11 07:12:00,38028.86717757972,10.608811238010757,0,38104.35104909585,-86.09268275414209,-0.6491455939607746
2004-11-11 07:13:00,38028.96321936742,10.704480085996476,0,38104.351048598895,-86.09230931747312,0.20211660932087483
2004-11-11 07:14:00,38029.46321327715,10.800614710980522,0,38104.35104810167,-85.68844953550034,0.2536283575185294
2004-11-11 07:15:00,38029.663210841085,10.897215839343566,0,38104.35104760418,-85.58505260243606,-0.14732693962309895
2004-11-11 07:16:00,38029.36222788913,10.994284197466289,0,38104.35104710641,-85.98310341474654,0.15097089313543677
2004-11-11 07:17:00,38030.15975630394,11.09182051172937,0,38104.351046608375,-85.28311081616519,0.6502528515816479
2004-11-11 07:18:00,38030.858273907,11.189825508513483,0,38104.35104611007,-84.68259771158324,-0.24971017952073993
2004-11-11 07:19:00,38029.85681435049,11.288299914199305,0,38104.3510456115,-85.78253117520667,-0.4504197775701897
2004-11-11 07:20:00,38030.154852301086,11.387244455167512,0,38104.35104511264,-85.58343726672362,0.2993476962398631
2004-11-11 07:21:00,38030.653868688605,11.486659857798784,0,38104.35104461353,-85.18383578272694,0.900581938580288
2004-11-11 07:22:00,38032.15531757305,11.586546848473796,0,38104.35104411414,-83.78227338956304,0.3523212631666581
2004-11-11 07:23:00,38031.55875651167,11.686906153573224,0,38104.35104361449,-84.47919325639363,0.15160892916070168
2004-11-11 07:24:00,38032.65972608279,11.787738499477747,0,38104.351043114555,-83.47905553124164,0.9491642433033434
2004-11-11 07:25:00,38033.65922245715,11.889044612568037,0,38104.35104261437,-82.58086476978694,1.0981968760712562
2004-11-11 07:26:00,38035.05920555402,11.99082521922478,0,38104.35104211389,-81.28266177909913,0.7982171753083236
2004-11-11 07:27:00,38035.45969223982,12.093081045828644,0,38104.35104161316,-80.9844304191703,0.14578706543797182
2004-11-11 07:28:00,38035.55576628268,12.19581281876031,0,38104.351041112146,-80.99108764822319,-0.20785859946883534
2004-11-11 07:29:00,38035.24991425717,12.299021264400455,0,38104.351040610876,-81.40014761810797,-0.2571016513600881
2004-11-11 07:30:00,38035.24845626751,12.402707109129754,0,38104.35104010932,-81.50529095094336,0.39582750288411006
2004-11-11 07:31:00,38036.24941618193,12.506869186766693,0,38104.3510396075,-80.60849261233975,0.49656982732129507
2004-11-11 07:32:00,38036.45038656999,12.611498760880975,0,38104.35103910541,-80.51215129630077,0.39537970373577735
2004-11-11 07:33:00,38037.249890600666,12.716585202480116,0,38104.351038603054,-79.81773320486819,0.49468383731671395
2004-11-11 07:34:00,38037.65037236133,12.822117882571636,0,38104.35103810042,-79.52278362166734,0.09376155508458339
2004-11-11 07:35:00,38037.64891367498,12.928086172163043,0,38104.35103759752,-79.63021009469902,0.2926000980532777
2004-11-11 07:36:00,38038.44793311105,13.034479442261851,0,38104.35103709435,-78.93758342556079,0.1414580010086226
2004-11-11 07:37:00,38038.145029562096,13.141287063875575,0,38104.3510365909,-79.34729409268178,-0.8091793357264478
2004-11-11 07:38:00,38037.043592398186,13.248498408011733,0,38104.35103608719,-80.55594209701368,-0.5588509652777134
2004-11-11 07:39:00,38037.242142405645,13.356102845677833,0,38104.351035583204,-80.4649960232372,0.540991562726731
2004-11-11 07:40:00,38038.34116585527,13.464089747881394,0,38104.35103507895,-79.47395897156022,0.040141617947504926
2004-11-11 07:41:00,38037.53877027272,13.572448485629925,0,38104.35103457443,-80.3847127873422,-0.8116502509545995
2004-11-11 07:42:00,38036.9349430261,13.681168429930944,0,38104.35103406964,-81.09725947346942,-0.5115239493151975
2004-11-11 07:43:00,38036.73351183038,13.790238951791965,0,38104.35103356456,-81.40776068597259,0.04004156194132236
2004-11-11 07:44:00,38037.23350613186,13.8996494222205,0,38104.351033059225,-81.01717634958678,0.09090078692714343
2004-11-11 07:45:00,38037.134462653725,14.009389212224065,0,38104.35103255362,-81.2259591121183,-0.10846398268331114
2004-11-11 07:46:00,38037.23637542559,14.119447692810175,0,38104.351032047736,-81.2341043149534,-0.05925561943328006
2004-11-11 07:47:00,38037.23637542559,14.229814234986343,0,38104.35103154159,-81.34447035098486,0.44067805739188515
2004-11-11 07:48:00,38038.33876104476,14.34047820976008,0,38104.35103103517,-80.35274820016963,0.240148157280629
2004-11-11 07:49:00,38037.938285480195,14.451428988138902,0,38104.35103052848,-80.8641740364236,-0.06252748049632117
2004-11-11 07:50:00,38038.43588280149,14.562655941130327,0,38104.35103002152,-80.47780316116227,0.3371978552489239
2004-11-11 07:51:00,38038.83539962811,14.674148439741867,0,38104.35102951429,-80.18977832592576,0.1881378191326064
2004-11-11 07:52:00,38039.03539733887,14.785895854981034,0,38104.351029006786,-80.10152752289706,-0.16330149209994005
2004-11-11 07:53:00,38038.73253474674,14.897887557855341,0,38104.35102849901,-80.51638131012564,-0.6668601369365206
2004-11-11 07:54:00,38037.92589311357,15.010112919372304,0,38104.35102799097,-81.4352477967701,-1.1182452616213752
2004-11-11 07:55:00,38036.72071695982,15.122561310539439,0,38104.35102748265,-82.75287183336839,-0.5149091413199187
2004-11-11 07:56:00,38037.12118299701,15.23522210236426,0,38104.35102697406,-82.46506607940994,0.2874696350956043
2004-11-11 07:57:00,38037.52117856788,15.348084665854277,0,38104.3510264652,-82.17793256317718,-0.6143615389787414
2004-11-11 07:58:00,38036.11837517072,15.461138372017007,0,38104.35102595607,-83.69378915736742,-2.065000197932285
2004-11-11 07:59:00,38033.61746507949,15.574372591859966,0,38104.351025446675,-86.30793295904175,-1.2640089953586156
2004-11-11 08:00:00,38033.816994485314,15.687776696390666,0,38104.35102493701,-86.22180714808465,0.08674891191058975
2004-11-11 08:01:00,38034.017929348454,15.801340056616619,0,38104.35102442706,-86.13443513522057,0.33706087908313265
2004-11-11 08:02:00,38034.71839057048,15.91505204354534,0,38104.35102391685,-85.54768538991839,0.48621293179424185
2004-11-11 08:03:00,38035.21791616292,16.028902028184348,0,38104.351023406365,-85.16200927163209,0.2363175755946756
2004-11-11 08:04:00,38035.41885203843,16.142879381541153,0,38104.351022895615,-85.07505023872903,0.6373651861198226
2004-11-11 08:05:00,38036.72071695982,16.256973474623265,0,38104.35102238459,-83.88727889939244,0.8381958539242689
2004-11-11 08:06:00,38037.32353702085,16.371173678438208,0,38104.35102187329,-83.3986585308805,0.7383378445240041
2004-11-11 08:07:00,38038.425887515376,16.485469363993488,0,38104.35102136173,-82.41060321034443,0.9382539947618014
2004-11-11 08:08:00,38039.428720210824,16.59984990229662,0,38104.351020849885,-81.5221505413569,1.0874663364514916
2004-11-11 08:09:00,38040.82965446469,16.714304664355122,0,38104.351020337774,-80.23567053744145,1.485733352663118
2004-11-11 08:10:00,38042.62915901055,16.828823021176508,0,38104.3510198254,-78.55068383603066,0.5854477669098515
2004-11-11 08:11:00,38042.22963865289,16.943394343768283,0,38104.351019312744,-79.06477500362175,0.5349259750354278
2004-11-11 08:12:00,38043.92819491699,17.058008003137974,0,38104.35101879981,-77.4808318859598,0.5837029610062814
2004-11-11 08:13:00,38043.62630257531,17.172653370293087,0,38104.35101828662,-77.89736908160918,-0.21819788759845693
2004-11-11 08:14:00,38043.72110992824,17.287319816241144,0,38104.35101777316,-77.91722766115672,-0.1186760992260929
2004-11-11 08:15:00,38043.618292691346,17.401996711989646,0,38104.35101725942,-78.13472128006137,-0.11725615312468562
2004-11-11 08:16:00,38043.71595020655,17.51667342854612,0,38104.35101674541,-78.15173996740609,0.033456031132359954
2004-11-11 08:17:00,38043.91454635025,17.631339336918074,0,38104.35101623113,-78.06780921779665,-1.1179043726331415
2004-11-11 08:18:00,38041.70945081201,17.74598380811302,0,38104.35101571657,-80.38754871267237,-1.670405796194217
2004-11-11 08:19:00,38040.80299060471,17.86059621313848,0,38104.351015201755,-81.40862081018508,-0.41736168071232527
2004-11-11 08:20:00,38041.103908535566,17.975165923001956,0,38104.35101468666,-81.22227207409702,0.286374852619808
2004-11-11 08:21:00,38041.60482537507,18.089682308710973,0,38104.351014171305,-80.83587110494547,0.23528205153016302
2004-11-11 08:22:00,38041.8034404259,18.204134741273045,0,38104.351013655665,-80.7517079710367,0.33581131441271594
2004-11-11 08:23:00,38042.50527725533,18.318512591695676,0,38104.351013139756,-80.16424847612004,0.5370423344970447
2004-11-11 08:24:00,38043.106194552514,18.43280523098639,0,38104.35101262357,-79.6776233020426,0.7362085733841468
2004-11-11 08:25:00,38044.206182807924,18.547002030152694,0,38104.35101210712,-78.69183132935174,0.08562383100603199
2004-11-11 08:26:00,38043.50572831058,18.661092360202108,0,38104.35101159041,-79.50637564003054,-0.46472008962491884
2004-11-11 08:27:00,38043.50480515695,18.77506559214214,0,38104.351011073406,-79.62127150860158,-0.11321550034011807
2004-11-11 08:28:00,38043.50711501241,18.888911096980312,0,38104.35101055614,-79.73280664071078,-0.16308271317424783
2004-11-11 08:29:00,38043.40619134938,19.002618245724136,0,38104.351010038605,-79.94743693495008,0.3861312686390903
2004-11-11 08:30:00,38044.50664182675,19.116176409381122,0,38104.351009520804,-78.9605441034326,0.7367441934860324
2004-11-11 08:31:00,38045.1066354137,19.229574958958786,0,38104.35100900272,-78.47394854797801,0.23483817584286015
2004-11-11 08:32:00,38045.20294399808,19.34280326546464,0,38104.351008484366,-78.49086775174688,0.3822602496551042
2004-11-11 08:33:00,38046.09743061698,19.4558506999062,0,38104.35100796574,-77.7094280486678,0.48337748172760797
2004-11-11 08:34:00,38046.39560129185,19.568706633290983,0,38104.35100744685,-77.52411278829166,-0.3134372915831989
2004-11-11 08:35:00,38045.696064732474,19.681360436626502,0,38104.35100692768,-78.3363026318342,-0.6125417054430997
2004-11-11 08:36:00,38045.39561168999,19.793801480920266,0,38104.35100640825,-78.74919619917786,0.13789677617960905
2004-11-11 08:37:00,38046.19651594624,19.906019137179797,0,38104.35100588854,-78.06050907947498,0.8401766216683129
2004-11-11 08:38:00,38047.300165189125,20.0180027764126,0,38104.35100536855,-77.06884295584123,1.141795159406918
2004-11-11 08:39:00,38048.703827857265,20.1297417696262,0,38104.3510048483,-75.77691876066115,1.6413627474062054
2004-11-11 08:40:00,38050.80611235457,20.2412254878281,0,38104.35100432777,-73.78611746102882,1.088867432941285
2004-11-11 08:41:00,38051.10426321423,20.352443302025822,0,38104.35100380698,-73.59918389477858,0.5379910910891539
2004-11-11 08:42:00,38052.10425259029,20.463384583226876,0,38104.35100328591,-72.71013527885052,0.4398889876794243
2004-11-11 08:43:00,38052.205635547594,20.574038702438777,0,38104.351002764575,-72.71940591941973,0.2378815141680093
2004-11-11 08:44:00,38052.80102502312,20.684395030669037,0,38104.35100224296,-72.2343722505145,-0.5659275497327627
2004-11-11 08:45:00,38051.29418364112,20.79444293892518,0,38104.35100172108,-73.85126101888525,-1.915793325831821
2004-11-11 08:46:00,38049.189214094964,20.90417179821471,0,38104.35100119893,-76.06595890217814,-3.2642820121879623
2004-11-11 08:47:00,38044.98474661279,21.01357097954514,0,38104.35100067651,-80.37982504326118,-3.66279451088198
2004-11-11 08:48:00,38042.08208208378,21.122629853923986,0,38104.3510001538,-83.3915479239421,-1.9102116327268561
2004-11-11 08:49:00,38041.38208911448,21.231337792358772,0,38104.350999630835,-84.20024830871489,-1.4598553660858968
2004-11-11 08:50:00,38039.37942461733,21.339684165857,0,38104.350999107584,-86.31125865611389,-0.9594934978925096
2004-11-11 08:51:00,38039.679421625,21.447658345426188,0,38104.35099858407,-86.11923530449991,-0.45755536227907356
2004-11-11 08:52:00,38038.67987838169,21.55524970207385,0,38104.35099806029,-87.22636938067204,-0.25582614189723785
2004-11-11 08:53:00,38039.38255755474,21.6624476068075,0,38104.350997536225,-86.63088758829439,0.6950130203547431
2004-11-11 08:54:00,38040.28389510257,21.769241430634658,0,38104.3509970119,-85.83634333996255,0.5945298241326142
2004-11-11 08:55:00,38040.78478909183,21.875620544562825,0,38104.350996487294,-85.44182794002916,0.2942795576199586
2004-11-11 08:56:00,38041.0847860573,21.98157431959953,0,38104.35099596242,-85.24778422472264,0.24336270084972966
2004-11-11 08:57:00,38041.4829850257,22.087092126752275,0,38104.35099543728,-84.9551025383297,0.1933560385618165
2004-11-11 08:58:00,38041.6820861013,22.19216333702858,0,38104.35099491187,-84.861072147599,-0.30618386862223446
2004-11-11 08:59:00,38041.080301432026,22.296777321435954,0,38104.350994386165,-85.56747027557417,-0.055275364711427244
2004-11-11 09:00:00,38041.780294434175,22.400923450981924,0,38104.350993860215,-84.97162287702186,0.7963082707182139
2004-11-11 09:01:00,38042.88073069651,22.50459109667399,0,38104.350993333974,-83.97485373413774,0.696569440031773
2004-11-11 09:02:00,38043.38027844003,22.607769629519673,0,38104.35099280747,-83.57848399695831,-0.0038228597216729554
2004-11-11 09:03:00,38043.07894124764,22.710448420526482,0,38104.35099228069,-83.98249945358108,-0.2042063674218184
2004-11-11 09:04:00,38043.176711862536,22.812616840701935,0,38104.350991753636,-83.98689673180195,0.44630604134343344
2004-11-11 09:05:00,38044.17536811648,22.91426426105355,0,38104.35099122632,-83.08988737089422,0.6481667548637873
2004-11-11 09:06:00,38044.67580752923,23.015380052588835,0,38104.35099069872,-82.69056322207437,0.6491484654090556
2004-11-11 09:07:00,38045.6753533171,23.115953586315307,0,38104.35099017086,-81.7915904400761,0.7992503542651903
2004-11-11 09:08:00,38046.47490136241,23.215974233240473,0,38104.35098964271,-81.092062513544,0.6998098254807203
2004-11-11 09:09:00,38047.27444968956,23.315431364371857,0,38104.350989114304,-80.39197078911467,0.6006016809242851
2004-11-11 09:10:00,38047.87444378464,23.414314350716975,0,38104.35098858562,-79.89085915169542,0.001187182778281226
2004-11-11 09:11:00,38047.47400419639,23.51261256328333,0,38104.35098805666,-80.3895964235581,0.10133317060608249
2004-11-11 09:12:00,38048.27311009003,23.61031537307844,0,38104.35098752743,-79.68819281048326,0.40193133928314495
2004-11-11 09:13:00,38048.47266540406,23.70741215110982,0,38104.35098699794,-79.58573374499181,-0.39744868292942925
2004-11-11 09:14:00,38047.671788560205,23.803892268384985,0,38104.35098646816,-80.48309017634212,-0.29704812824538607
2004-11-11 09:15:00,38048.070901032544,23.899745095911452,0,38104.350985938116,-80.17983000148259,0.30313891573695884
2004-11-11 09:16:00,38048.46913306763,23.99496000469673,0,38104.3509854078,-79.8768123448682,0.654220577318597
2004-11-11 09:17:00,38049.56912239612,24.089526365748338,0,38104.350984877216,-78.87138884684539,0.055322078304818945
2004-11-11 09:18:00,38048.76824970816,24.183433550073786,0,38104.35098434635,-79.76616818825856,-0.04357223551554057
2004-11-11 09:19:00,38049.66912142601,24.276670928680584,0,38104.35098381521,-78.95853331787647,0.35820053560463094
2004-11-11 09:20:00,38049.67044403933,24.369227872576253,0,38104.3509832838,-79.0497671170493,-0.1419900907238727
2004-11-11 09:21:00,38049.56956300557,24.461093752768306,0,38104.35098275213,-79.24251349932422,0.25738059002488
2004-11-11 09:22:00,38050.36823422344,24.552257940264262,0,38104.350982220174,-78.53500593699954,0.25874863611998933
2004-11-11 09:23:00,38050.26867526693,24.642709806071625,0,38104.350981687945,-78.72501622708424,-0.34052712484221814
2004-11-11 09:24:00,38049.86735968997,24.73243872119791,0,38104.350981155454,-79.21606018668398,-0.141555579541631
2004-11-11 09:25:00,38050.16428729316,24.821434056650638,0,38104.35098062268,-79.0081273861675,0.560274148113244
2004-11-11 09:26:00,38051.16515338262,24.909685183437322,0,38104.35098008964,-78.09551189045749,0.11322049208050089
2004-11-11 09:27:00,38050.56647462689,24.997181472565472,0,38104.35097955633,-78.7816864020065,-0.9373238563184003
2004-11-11 09:28:00,38049.46473171469,25.083912295042605,0,38104.35097902274,-79.97015960309429,-0.43787179258291076
2004-11-11 09:29:00,38049.863415523585,25.169867021876232,0,38104.35097848888,-79.65742998717232,0.36377868620064646
2004-11-11 09:30:00,38050.36341074813,25.25503502407387,0,38104.350977954746,-79.242602230693,-0.03476926866440522
2004-11-11 09:31:00,38049.96341456848,25.339405672643036,0,38104.35097742034,-79.72696852450113,-0.38440005384600795
2004-11-11 09:32:00,38049.76254288587,25.422968338591232,0,38104.35097688566,-80.01140233838501,-0.9340178082567903
2004-11-11 09:33:00,38048.26168460262,25.50571239292599,0,38104.35097635071,-81.59500414101471,-0.5329788357541219
2004-11-11 09:34:00,38048.86124301225,25.58762720665481,0,38104.35097581549,-81.07736000989325,-0.23236392361223324
2004-11-11 09:35:00,38047.95994544254,25.66870215078521,0,38104.350975279995,-82.05973198823918,-0.7819474621606872
2004-11-11 09:36:00,38047.45864640633,25.748926596324704,0,38104.35097474422,-82.64125493421463,-0.23044380657219676
2004-11-11 09:37:00,38047.658644521085,25.828289914280816,0,38104.35097420819,-82.52061960138357,0.6715004673408274
2004-11-11 09:38:00,38048.95950114799,25.906781475661045,0,38104.35097367186,-81.29825399953297,0.5717270180143217
2004-11-11 09:39:00,38048.9581982214,25.98439065147291,0,38104.35097313528,-81.37716556535493,-0.028464344727161972
2004-11-11 09:40:00,38049.056896722155,26.061106812723924,0,38104.35097259842,-81.3551826889873,-0.22756177917899834
2004-11-11 09:41:00,38048.655602268,26.136919330421605,0,38104.35097206129,-81.83228912371293,0.023779023540527078
2004-11-11 09:42:00,38049.25516445756,26.21181757557347,0,38104.35097152389,-81.30762464190624,-0.02486780135090072
2004-11-11 09:43:00,38048.754737178984,26.28579091918703,0,38104.35097098621,-81.88202472641473,-0.37393405571511096
2004-11-11 09:44:00,38048.65430642719,26.358828732269792,0,38104.35097044826,-82.05549275333647,0.07678728114021283
2004-11-11 09:45:00,38049.05344013173,26.430920385829275,0,38104.35096991003,-81.7284501641343,0.32730633783189944
2004-11-11 09:46:00,38049.45214454474,26.502055250872992,0,38104.35096937154,-81.40088007767267,-0.27215413510224096
2004-11-11 09:47:00,38048.65043309684,26.572222698408467,0,38104.35096883277,-82.27275843433878,0.12924634355059084
2004-11-11 09:48:00,38049.8499930026,26.641412099443208,0,38104.35096829373,-81.14238739057149,0.08173354117743514
2004-11-11 09:49:00,38048.95128922741,26.709612824984717,0,38104.350967754406,-82.10929135198391,-0.6661905592852975
2004-11-11 09:50:00,38048.65301295172,26.776814246040523,0,38104.35096721482,-82.47476850914208,-0.46583173291642055
2004-11-11 09:51:00,38048.153017590754,26.843005733618135,0,38104.35096667495,-83.04095481781675,-0.816104226035975
2004-11-11 09:52:00,38047.15216583234,26.908176658725072,0,38104.35096613483,-84.10697696121403,-0.8159378254512291
2004-11-11 09:53:00,38046.65045151807,26.97231639236884,0,38104.35096559442,-84.67283046871921,-0.16512004011315895
2004-11-11 09:54:00,38046.94916231786,27.03541430555696,0,38104.350965053745,-84.43721704144035,-0.11364207202841214
2004-11-11 09:55:00,38046.5483096693,27.097459769296936,0,38104.35096451278,-84.90011461277604,-0.6621499329335236
2004-11-11 09:56:00,38045.747889218845,27.158442154596287,0,38104.350963971556,-85.7615169073074,-0.6604394971494827
2004-11-11 09:57:00,38045.348320655445,27.218350832462534,0,38104.35096343006,-86.220993607075,0.042133080157832126
2004-11-11 09:58:00,38045.95088731519,27.27717517390319,0,38104.35096288828,-85.67725074699173,-0.6561246327525367
2004-11-11 09:59:00,38044.15262402358,27.334904549925763,0,38104.35096234624,-87.53324287258008,-1.806299803602137
2004-11-11 10:00:00,38042.45263978126,27.391528331537764,0,38104.35096180392,-89.289850354196,-1.3056226971544902
2004-11-11 10:01:00,38041.653508884185,27.447035889746722,0,38104.35096126133,-90.14448826688906,-0.8038585223806507
2004-11-11 10:02:00,38040.95480991506,27.50141659556013,0,38104.35096071846,-90.8975673989573,-0.8533726002626807
2004-11-11 10:03:00,38040.05438652789,27.554659819985527,0,38104.35096017532,-91.85123346741442,-0.6022313176320822
2004-11-11 10:04:00,38039.855684531714,27.606754934030405,0,38104.350959631905,-92.10203003422147,-0.25086526386037633
2004-11-11 10:05:00,38039.65568640179,27.657691308702294,0,38104.350959088224,-92.35296399513517,-0.5003469389293898
2004-11-11 10:06:00,38038.955692947195,27.70745831500869,0,38104.350958544266,-93.10272391208025,-0.49938841687032465
2004-11-11 10:07:00,38038.75526249512,27.75604532395712,0,38104.35095800004,-93.35174082887582,-0.04863923702880868
2004-11-11 10:08:00,38038.954396775945,27.803441706555105,0,38104.35095745553,-93.20000238613787,-0.5480847808723865
2004-11-11 10:09:00,38037.752683353945,27.849636833810145,0,38104.350956910755,-94.44791039062059,-0.9966573565837749
2004-11-11 10:10:00,38037.05225934312,27.894620076729762,0,38104.3509563657,-95.19331709930542,-1.1952210277664719
2004-11-11 10:11:00,38035.450984180534,27.938380806321465,0,38104.350955820366,-96.83835244615354,-0.5929232624312561
2004-11-11 10:12:00,38035.9527000442,27.980908393592774,0,38104.35095527478,-96.37916362416793,0.8595932860556275
2004-11-11 10:13:00,38037.25398106441,28.022192209551193,0,38104.3509547289,-95.11916587404228,0.8599821137937127
2004-11-11 10:14:00,38037.75397641138,28.06222162520425,0,38104.35095418276,-94.6591993965805,0.30952350320114874
2004-11-11 10:15:00,38037.951820780254,28.100986011559446,0,38104.350953636334,-94.50011886763998,-0.08963227608864344
2004-11-11 10:16:00,38037.650963880515,28.1384747396243,0,38104.35095308965,-94.83846394875779,0.0625094872395664
2004-11-11 10:17:00,38038.15052982992,28.174677180406334,0,38104.35095254268,-94.37509989316085,-0.1355525128667452
2004-11-11 10:18:00,38037.45096572587,28.209582704913053,0,38104.350951995446,-95.10956897449128,-0.684674272011641
2004-11-11 10:19:00,38036.84968369489,28.243180684151973,0,38104.35095144792,-95.74444843718413,-0.8848583586801908
2004-11-11 10:20:00,38035.747125697424,28.275460489130605,0,38104.350950900145,-96.87928569185166,-0.4835350164054262
2004-11-11 10:21:00,38035.945843372945,28.306411490856473,0,38104.35095035208,-96.71151846999499,0.06865192454209534
2004-11-11 10:22:00,38035.94499102132,28.336023060337077,0,38104.35094980375,-96.74198184276747,-0.12999954036610717
2004-11-11 10:23:00,38035.74371627299,28.36428456857995,0,38104.35094925514,-96.9715175507272,0.520926965601987
2004-11-11 10:24:00,38037.04200618129,28.39118538659259,0,38104.35094870626,-95.7001279115635,0.6225065473461697
2004-11-11 10:25:00,38037.04115858646,28.416714885382504,0,38104.35094815711,-95.72650445603486,-0.6252563911666726
2004-11-11 10:26:00,38035.84116934973,28.440862435957232,0,38104.35094760767,-96.95064069389684,-0.22323708335080283
2004-11-11 10:27:00,38036.64158584457,28.46361740932427,0,38104.35094705798,-96.17297862273647,0.8779391072419784
2004-11-11 10:28:00,38037.64115320508,28.484969176491134,0,38104.350946508,-95.19476247941289,0.17914207148670158
2004-11-11 10:29:00,38037.04115858646,28.50490710846535,0,38104.350945957754,-95.81469447976306,-0.4683729861098911
2004-11-11 10:30:00,38036.74285753185,28.523420576254413,0,38104.35094540723,-96.13150845163267,0.08411331111177844
2004-11-11 10:31:00,38037.244979230556,28.540502231659158,0,38104.35094485644,-95.6464678575395,-0.014665521555848215
2004-11-11 10:32:00,38036.74626266027,28.556157849653616,0,38104.35094430536,-96.16083949474437,0.6363275464204463
2004-11-11 10:33:00,38038.54752747533,28.570396486005144,0,38104.35094375403,-94.37381276469861,1.3383788933383087
2004-11-11 10:34:00,38039.45008869082,28.583227196481086,0,38104.35094320241,-93.48408170806775,0.039153565479814745
2004-11-11 10:35:00,38038.65009605362,28.594659036848793,0,38104.35094265051,-94.29550563373898,-0.2609485315561386
2004-11-11 10:36:00,38038.94966439005,28.604701062875616,0,38104.350942098354,-94.00597877118003,0.19064706483410276
2004-11-11 10:37:00,38039.05009237218,28.613362330328894,0,38104.35094154592,-93.91421150407078,0.3930950077415005
2004-11-11 10:38:00,38039.75180413248,28.620651894975982,0,38104.3509409932,-93.21978875569702,0.5942458798281081
2004-11-11 10:39:00,38040.251799508376,28.626578812584224,0,38104.35094044021,-92.72571974441456,0.24539381670910387
2004-11-11 10:40:00,38040.25309090359,28.631152138920978,0,38104.35093988695,-92.72900112227882,0.39803639646699196
2004-11-11 10:41:00,38041.05567331169,28.63438092975358,0,38104.35093933342,-91.92964695148058,0.7502441230294892
2004-11-11 10:42:00,38041.75870014424,28.63627424084939,0,38104.35093877961,-91.22851287621984,0.40224288583344503
2004-11-11 10:43:00,38041.86261817368,28.636841127975746,0,38104.35093822552,-91.12516117981369,0.3533607241816483
2004-11-11 10:44:00,38042.46523689021,28.636090646899998,0,38104.350937671166,-90.52179142785654,1.0540242471402905
2004-11-11 10:45:00,38043.96785628439,28.6340318533895,0,38104.350937116535,-89.0171126855331,0.9044572370427133
2004-11-11 10:46:00,38044.26873341108,28.6306738032116,0,38104.35093656164,-88.71287695377112,-0.49533121931094826
2004-11-11 10:47:00,38042.969186434435,28.62602555213364,0,38104.350936006456,-90.007775124155,-0.39404572391305237
2004-11-11 10:48:00,38043.47006320533,28.62009615592297,0,38104.350935451,-89.50096840159722,0.6083265418307846
2004-11-11 10:49:00,38044.17270752513,28.612894670346943,0,38104.35093489528,-88.79112204049343,0.4598192914088486
2004-11-11 10:50:00,38044.37403467167,28.6044301511729,0,38104.35093433928,-88.58132981877952,0.009092064227196772
2004-11-11 10:51:00,38044.17270752513,28.594711654168197,0,38104.350933783004,-88.77293791203904,0.009898347735834534
2004-11-11 10:52:00,38044.37314833824,28.583748235100177,0,38104.35093322645,-88.56153312330785,0.6622400749791808
2004-11-11 10:53:00,38045.47402385729,28.571548949736194,0,38104.35093266964,-87.44845776208068,1.2636877889353002
2004-11-11 10:54:00,38046.874897420945,28.55812285384359,0,38104.35093211254,-86.03415754543725,1.164912056735787
2004-11-11 10:55:00,38047.775776909744,28.543479003189717,0,38104.350931555164,-85.1186336486091,0.5656875144199986
2004-11-11 10:56:00,38047.975774934464,28.52762645354192,0,38104.35093099752,-84.90278251659726,0.5162258418841219
2004-11-11 10:57:00,38048.775322735426,28.51057426066755,0,38104.3509304396,-84.08618196484086,0.6683088521368603
2004-11-11 10:58:00,38049.27709654941,28.492331480333952,0,38104.3509298814,-83.56616481232354,-0.0807204771875547
2004-11-11 10:59:00,38048.576213572036,28.47290716830848,0,38104.35092932294,-84.24762291921597,0.06978807327841707
2004-11-11 11:00:00,38049.376650478785,28.452310380358483,0,38104.350928764194,-83.4265886657667,0.07184619415171767
2004-11-11 11:01:00,38048.67754784652,28.4305501722513,0,38104.35092820518,-84.10393053091254,-0.42632035449848615
2004-11-11 11:02:00,38048.479333870884,28.407635599754286,0,38104.35092764589,-84.27922937476367,-0.27628642668797454
2004-11-11 11:03:00,38048.077999420675,28.383575718634788,0,38104.35092708633,-84.65650338428848,-0.22603816111318054
2004-11-11 11:04:00,38047.978000414165,28.35837958466016,0,38104.350926526495,-84.73130569699003,0.027547504898862485
2004-11-11 11:05:00,38048.08157384548,28.332056253597738,0,38104.35092596637,-84.60140837449076,0.3797879299568976
2004-11-11 11:06:00,38048.68381035013,28.30461478121488,0,38104.35092540599,-83.97172983707624,0.5295622300465439
2004-11-11 11:07:00,38049.08470515421,28.27606422327893,0,38104.35092484533,-83.54228391439767,-0.07089785763288603
2004-11-11 11:08:00,38048.48381236761,28.246413635557236,0,38104.350924284394,-84.11352555234201,-0.21980083646867143
2004-11-11 11:09:00,38048.58471020965,28.21567207381715,0,38104.35092372317,-83.98188558733501,0.48195286399448634
2004-11-11 11:10:00,38049.385151931165,28.183848593826017,0,38104.35092316169,-83.14961982435304,0.7841557767155436
2004-11-11 11:11:00,38050.08830081738,28.15095225135119,0,38104.35092259993,-82.41357403390393,0.3354557980178825
2004-11-11 11:12:00,38049.98920591174,28.116992102160008,0,38104.3509220379,-82.47870822831727,0.08561864849173162
2004-11-11 11:13:00,38050.19056194069,28.081977202019832,0,38104.35092147559,-82.24233673692046,-0.21378008275204508
2004-11-11 11:14:00,38049.49056912589,28.045916606698,0,38104.35092091301,-82.90626839382136,-0.31341692964834067
2004-11-11 11:15:00,38049.49056912589,28.008819371961863,0,38104.350920350145,-82.86917059621715,0.03761158955866506
2004-11-11 11:16:00,38049.49056912589,27.97069455357877,0,38104.350919787015,-82.83104521470403,0.23931281799239912
2004-11-11 11:17:00,38049.89192547069,27.93155120731607,0,38104.35091922361,-82.39054496023235,0.14100925985309942
2004-11-11 11:18:00,38049.69329035387,27.891398388941113,0,38104.350918659926,-82.54902669499783,-0.20775202202533904
2004-11-11 11:19:00,38049.395114245905,27.850245154221245,0,38104.350918095966,-82.80604900428303,-0.2574370172330731
2004-11-11 11:20:00,38049.0951173612,27.808100558923808,0,38104.35091753174,-83.06390072946398,0.19240696023722847
2004-11-11 11:21:00,38049.69465554225,27.76497365881616,0,38104.35091696724,-82.42123508380857,0.5440648750354455
2004-11-11 11:22:00,38050.09601893272,27.720873509665648,0,38104.35091640245,-81.97577097939309,-0.5042711664349753
2004-11-11 11:23:00,38048.59694758796,27.675809167239613,0,38104.3509158374,-83.42977741667852,-0.6542220434660706
2004-11-11 11:24:00,38048.69648989305,27.629789687305415,0,38104.35091527207,-83.28421506632523,-0.5530435924581241
2004-11-11 11:25:00,38047.397874230504,27.582824125630392,0,38104.35091470647,-84.53586460159477,-0.1016496975467831
2004-11-11 11:26:00,38048.39832121715,27.534921537981898,0,38104.35091414059,-83.4875144614188,1.1490421744929478
2004-11-11 11:27:00,38049.59922430196,27.48609098012728,0,38104.35091357444,-82.23778025260887,0.3495162904210929
2004-11-11 11:28:00,38048.99877263526,27.436341507833884,0,38104.350913008006,-82.78848188057661,-0.10025128506027414
2004-11-11 11:29:00,38049.29831179545,27.385682176869057,0,38104.35091244131,-82.43828282272942,1.002017010171464
2004-11-11 11:30:00,38050.90058605709,27.334122043000153,0,38104.350911874324,-80.78444786023368,0.6545247677672563
2004-11-11 11:31:00,38050.503348181875,27.281670161994516,0,38104.350911307076,-81.12923328719491,-0.3452623151055292
2004-11-11 11:32:00,38050.10427383872,27.228335589619498,0,38104.350910739544,-81.47497249044474,-0.29622433196689
2004-11-11 11:33:00,38049.80335560225,27.174127381642446,0,38104.350910171735,-81.72168195112869,0.40440693160267926
2004-11-11 11:34:00,38050.80380557026,27.1190545938307,0,38104.350909603665,-80.66615862723938,-0.14288195334393805
2004-11-11 11:35:00,38049.406589459446,27.06312628195162,0,38104.35090903531,-82.00744585781656,-1.141556547756302
2004-11-11 11:36:00,38048.40798824571,27.006351501772553,0,38104.35090846669,-82.94927172275199,-0.591873328547301
2004-11-11 11:37:00,38048.10845469193,26.948739309060844,0,38104.35090789778,-83.19119251491117,-0.19243321665645396
2004-11-11 11:38:00,38047.90706793213,26.89029875958384,0,38104.35090732861,-83.3341381560649,0.4072284987364867
2004-11-11 11:39:00,38048.80521015082,26.83103890910889,0,38104.35090675915,-82.37673551743819,0.9075802777294228
2004-11-11 11:40:00,38049.60289740223,26.770968813403343,0,38104.35090618943,-81.51897760060605,1.2086172801130601
2004-11-11 11:41:00,38051.101502190446,26.71009752823455,0,38104.35090561942,-79.95950095721207,1.4603338403516872
2004-11-11 11:42:00,38052.401029238616,26.648434109369852,0,38104.35090504915,-78.59830991990268,1.562039702001222
2004-11-11 11:43:00,38054.101470537964,26.585987612576606,0,38104.3509044786,-76.83542155320963,1.4123610436884064
2004-11-11 11:44:00,38055.10008316887,26.522767093622154,0,38104.350903907776,-75.77358783252586,0.5115371386663341
2004-11-11 11:45:00,38054.99733766907,26.45878160827385,0,38104.35090333667,-75.81234727587696,-0.48746023672079275
2004-11-11 11:46:00,38053.996434671615,26.39404021229904,0,38104.35090276528,-76.74850830596745,-1.7362344843880138
2004-11-11 11:47:00,38051.39463791045,26.328551961465063,0,38104.35090219364,-79.28481624465299,-1.4348107977358495
2004-11-11 11:48:00,38050.99509763181,26.262325911539282,0,38104.35090162171,-79.61812990143915,0.5679544473737437
2004-11-11 11:49:00,38052.397364817894,26.19537111828904,0,38104.35090104951,-78.1489073499055,0.9695908479049535
2004-11-11 11:50:00,38052.799648908884,26.12769663748168,0,38104.35090047703,-77.67894820562924,-0.22944500084362573
2004-11-11 11:51:00,38051.802414077574,26.059311524884556,0,38104.35089990428,-78.60779735159275,-0.5803389960305907
2004-11-11 11:52:00,38051.501497969824,25.990224836265014,0,38104.35089933125,-78.83962619769042,0.019894214065224958
2004-11-11 11:53:00,38051.703335461876,25.920445627390407,0,38104.35089875795,-78.5680089234623,0.17127053936778935
2004-11-11 11:54:00,38051.70379601944,25.849982954028075,0,38104.35089818437,-78.49708511895484,-0.1787362035929405
2004-11-11 11:55:00,38051.20426215181,25.77884587194537,0,38104.350897610515,-78.92548133064818,-0.22806552484489373
2004-11-11 11:56:00,38051.10472430465,25.707043436909643,0,38104.350897036384,-78.95321616864463,-0.12832741711292073
2004-11-11 11:57:00,38050.8033450018,25.63458470468824,0,38104.35089646198,-79.18213616487402,-0.37767325598901635
2004-11-11 11:58:00,38050.203811937725,25.561478731048513,0,38104.3508958873,-79.70856268062266,-0.5763371762725598
2004-11-11 11:59:00,38049.503819366684,25.4877345717578,0,38104.350895312346,-80.33481051741914,-0.6259332715818218
2004-11-11 12:00:00,38048.80382679592,25.413361282583462,0,38104.35089473712,-80.9604292237863,-0.3255421500492943
2004-11-11 12:01:00,38048.703367263384,25.33836791929284,0,38104.35089416161,-80.98589481751773,-0.22492766778869822
2004-11-11 12:02:00,38048.20337256412,25.26276353765328,0,38104.35089358583,-81.4102845593637,0.226826317594238
2004-11-11 12:03:00,38049.00520802088,25.186557193432137,0,38104.350893009774,-80.53224218232926,0.6278812740362554
2004-11-11 12:04:00,38049.30612836455,25.109757942396758,0,38104.350892433446,-80.15452201129119,-0.023137872557200012
2004-11-11 12:05:00,38048.804748769704,25.03237484031449,0,38104.35089185683,-80.57851792744366,-0.023020316588777234
2004-11-11 12:06:00,38049.10474557844,24.95441694295268,0,38104.35089127996,-80.20056264446875,0.42777664262417403
2004-11-11 12:07:00,38049.503819366684,24.875893306078673,0,38104.3508907028,-79.72296464219531,0.3276484392512913
2004-11-11 12:08:00,38049.60243734486,24.796812985459823,0,38104.350890125366,-79.54526576596616,0.07866423010377588
2004-11-11 12:09:00,38049.50243840253,24.71718503686348,0,38104.350889547655,-79.56563618198776,0.43035429109419
2004-11-11 12:10:00,38050.303350301954,24.637018516056987,0,38104.350888969675,-78.68455718377778,-0.1686445809572703
2004-11-11 12:11:00,38049.00428552632,24.556322478807694,0,38104.35088839141,-79.9029253439023,-0.7690341432305416
2004-11-11 12:12:00,38048.603368323515,24.475105980882955,0,38104.35088781287,-80.22262547023887,-0.31967381348206203
2004-11-11 12:13:00,38048.201992341244,24.393378078050105,0,38104.35088723406,-80.54227297086642,-0.8193898928773748
2004-11-11 12:14:00,38046.80062922506,24.311147826076507,0,38104.350886654975,-81.86140525599362,-0.6188918515873354
2004-11-11 12:15:00,38046.7992536823,24.2284242807295,0,38104.35088607561,-81.78005667404109,0.38181747423652723
2004-11-11 12:16:00,38047.39833168623,24.14521649777643,0,38104.35088549597,-81.09777030752056,0.8822939497484583
2004-11-11 12:17:00,38048.396949674505,24.061533532984658,0,38104.350884916064,-80.01546877454417,0.6818565713302291
2004-11-11 12:18:00,38048.59421161313,23.97738444212152,0,38104.350884335865,-79.7340571648601,0.4320972340063065
2004-11-11 12:19:00,38049.09238772983,23.89277828095437,0,38104.3508837554,-79.15127430653156,-0.11630356652948848
2004-11-11 12:20:00,38048.191942982,23.807724105250553,0,38104.350883174666,-79.96666429791908,-0.3651750212695859
2004-11-11 12:21:00,38048.19148921536,23.722230970777424,0,38104.35088259365,-79.88162434907073,0.5354771537340355
2004-11-11 12:22:00,38049.091479955205,23.636307933302323,0,38104.35088201235,-78.89570999045101,-0.2140896261265013
2004-11-11 12:23:00,38047.59104187806,23.5499640485926,0,38104.35088143079,-80.30980360132374,-0.9636655930599503
2004-11-11 12:24:00,38046.99104804479,23.463208372415608,0,38104.35088084894,-80.82304117657091,-1.013936828050042
2004-11-11 12:25:00,38045.38925296993,23.376049960538698,0,38104.350880266815,-82.33767725742382,-0.5644468883684581
2004-11-11 12:26:00,38045.687442599854,23.288497868729205,0,38104.35087968443,-81.95193495330783,0.4866116744339166
2004-11-11 12:27:00,38046.18698634595,23.20056115275449,0,38104.35087910175,-81.36445390855599,0.6876679505629752
2004-11-11 12:28:00,38046.88652833501,23.11224886838189,0,38104.35087851881,-80.57659905218188,0.7387150859036637
2004-11-11 12:29:00,38047.48742427021,23.023570071378767,0,38104.35087793558,-79.88702373674866,0.6404333539638856
2004-11-11 12:30:00,38047.989678825346,22.934533817512463,0,38104.35087735209,-79.2957323442541,0.09079373119277534
2004-11-11 12:31:00,38047.490589656496,22.84514916255032,0,38104.35087676831,-79.70543627436311,0.09091503591378114
2004-11-11 12:32:00,38047.99239907409,22.75542516225969,0,38104.35087618426,-79.11390227242654,0.541019520370007
2004-11-11 12:33:00,38048.39284923872,22.66537087240793,0,38104.350875599936,-78.6233972336231,0.5402108503520822
2004-11-11 12:34:00,38048.892389792374,22.574995348762375,0,38104.350875015334,-78.03348057172238,0.1398506423353254
2004-11-11 12:35:00,38048.491486128594,22.484307647090382,0,38104.350874430456,-78.34369594895244,-0.05915860525702499
2004-11-11 12:36:00,38048.592392886225,22.3933168231593,0,38104.3508738453,-78.15179778223643,-0.10840560044320569
2004-11-11 12:37:00,38048.09239804276,22.30203193273647,0,38104.350873259864,-78.56050714983886,0.2418808497485898
2004-11-11 12:38:00,38048.89329862302,22.210462031589245,0,38104.35087267417,-77.66803608273925,0.49147732872341265
2004-11-11 12:39:00,38048.89193577127,22.118616175484973,0,38104.35087208818,-77.57755249239203,-0.009154133226779493
2004-11-11 12:40:00,38048.69103057292,22.026503420191005,0,38104.35087150192,-77.68634434919281,0.2922402032533853
2004-11-11 12:41:00,38049.29193165097,21.93413282147468,0,38104.35087091538,-76.99307208588526,0.4931720951617393
2004-11-11 12:42:00,38049.492383604804,21.84151343510336,0,38104.35087032857,-76.70000015886933,-0.057258615630637166
2004-11-11 12:43:00,38048.991934741185,21.74865431684438,0,38104.35086974149,-77.10758931714653,-0.5572452678597628
2004-11-11 12:44:00,38048.191942982,21.6555645224651,0,38104.35086915412,-77.81449069458886,-0.5570189984966305
2004-11-11 12:45:00,38047.69149436008,21.562253107732857,0,38104.350868566486,-78.2216273141398,-0.20635160647807993
2004-11-11 12:46:00,38047.59240319944,21.468729128415006,0,38104.35086797857,-78.22719390754501,-0.2552343102980785
2004-11-11 12:47:00,38046.99377309592,21.375001640278896,0,38104.35086739038,-78.73209593473595,0.39587125498215414
2004-11-11 12:48:00,38048.19649510342,21.281079699091872,0,38104.350866801906,-77.4354513975807,0.6965191903991084
2004-11-11 12:49:00,38048.19878101985,21.186972360621287,0,38104.350866213164,-77.33905755393774,-0.2532813635978215
2004-11-11 12:50:00,38047.501540180005,21.09268868063448,0,38104.35086562415,-77.94201412477635,-1.0047037733274706
2004-11-11 12:51:00,38046.00063764916,20.998237714898814,0,38104.35086503485,-79.34846510059268,-1.256143677451007
2004-11-11 12:52:00,38044.80019148478,20.90362851918162,0,38104.350864445274,-80.45430147967836,-0.8543866896205969
2004-11-11 12:53:00,38044.10249552484,20.80887014925026,0,38104.35086385543,-81.05723847983387,0.14666737294410837
2004-11-11 12:54:00,38044.903868192385,20.713971660872076,0,38104.3508632653,-80.16096673379015,0.19496355202154803
2004-11-11 12:55:00,38044.30249340892,20.618942109814416,0,38104.350862674895,-80.66731137579077,-0.8576540727813082
2004-11-11 12:56:00,38042.99837775671,20.52379055184463,0,38104.35086208422,-81.87627487935276,-0.8075324614462218
2004-11-11 12:57:00,38042.49701123731,20.428526042730066,0,38104.350861493265,-82.28237629868322,0.24531547714433088
2004-11-11 12:58:00,38043.29837461521,20.333157638238074,0,38104.350860902035,-81.3856439250641,-0.05458201891777037
2004-11-11 12:59:00,38042.19701436814,20.237694394136,0,38104.35086031052,-82.39154033651876,-0.7569935323611077
2004-11-11 13:00:00,38041.593374095144,20.142145366191194,0,38104.35085971874,-82.89963098978632,-0.9064522392240733
2004-11-11 13:01:00,38040.192933921884,20.046519610171003,0,38104.35085912668,-84.2044448149669,0.347252477236772
2004-11-11 13:02:00,38042.09655868088,19.950826181842775,0,38104.35085853435,-82.20512603531277,1.4982164921718066
2004-11-11 13:03:00,38042.99792024808,19.855074136973858,0,38104.35085794173,-81.20801183062329,1.7464456507041035
2004-11-11 13:04:00,38045.39789514627,19.7592725313316,0,38104.35085734884,-78.71223473390457,1.896719344580383
2004-11-11 13:05:00,38046.59971403489,19.663430420683355,0,38104.35085675567,-77.41457314146253,1.1974507712203675
2004-11-11 13:06:00,38047.60107983156,19.567556860796465,0,38104.35085616223,-76.31733319146383,0.94656455907257
2004-11-11 13:07:00,38048.30107245263,19.471660907438277,0,38104.35085556851,-75.52144402331739,0.8461249477243413
2004-11-11 13:08:00,38049.10152329487,19.37575161637615,0,38104.35085497451,-74.62508329601515,0.7959046476372365
2004-11-11 13:09:00,38049.70105769558,19.279838043377417,0,38104.350854380245,-73.92963472804291,1.6465850697499604
2004-11-11 13:10:00,38052.202869873385,19.183929244209438,0,38104.35085378569,-71.33191315651523,1.5977272748835034
2004-11-11 13:11:00,38052.70470728724,19.088034274639558,0,38104.350853190874,-70.7341801782759,0.4965706997723842
2004-11-11 13:12:00,38053.00424302922,18.99216219043512,0,38104.35085259576,-70.33877175697046,1.0460772611099287
2004-11-11 13:13:00,38054.605148391696,18.89632204736348,0,38104.35085200039,-68.64202565605605,1.1469630051931574
2004-11-11 13:14:00,38055.106528559336,18.800522901191982,0,38104.35085140473,-68.04484574658414,0.44623268589350573
2004-11-11 13:15:00,38055.30606433222,18.704773807687975,0,38104.3508508088,-67.74956028426904,0.1952571078754417
2004-11-11 13:16:00,38055.30560250437,18.60908382261881,0,38104.350850212584,-67.65433153083326,0.7956490303284269
2004-11-11 13:17:00,38056.70604939424,18.513462001751833,0,38104.3508496161,-66.15826222361218,1.645567288576018
2004-11-11 13:18:00,38058.405569466515,18.417917400854392,0,38104.35084901934,-64.36319695368122,1.0450302678928054
2004-11-11 13:19:00,38058.605105810166,18.322459075693832,0,38104.3508484223,-64.06820168782657,1.0956314836306404
2004-11-11 13:20:00,38060.406009920596,18.22709608203751,0,38104.35084782498,-62.171933986419944,1.5455267094177607
2004-11-11 13:21:00,38061.50553643405,18.131837475652766,0,38104.35084722739,-60.97714826899105,0.8945017231995394
2004-11-11 13:22:00,38062.0046084018,18.036692312306954,0,38104.35084662952,-60.382930540020865,0.14393157114538724
2004-11-11 13:23:00,38061.603230552435,17.94166964776742,0,38104.35084603137,-60.68928512670028,0.19380534622885648
2004-11-11 13:24:00,38062.20230412319,17.84677853780151,0,38104.35084543295,-59.99531984756315,-0.15655452087626642
2004-11-11 13:25:00,38061.10047870397,17.752028038176576,0,38104.35084483425,-61.00239416845281,-0.0564699504411621
2004-11-11 13:26:00,38061.90001169148,17.657427204659964,0,38104.35084423527,-60.10825974844548,1.1433658892591438
2004-11-11 13:27:00,38063.1981663391,17.562985093019023,0,38104.35084363601,-58.71566238993452,0.6432085579674478
2004-11-11 13:28:00,38062.997711163,17.468710759021107,0,38104.35084303649,-58.82184263251058,0.4437257297250774
2004-11-11 13:29:00,38063.89724476462,17.37461325843355,0,38104.350842436674,-57.82821093048437,0.4435446331922215
2004-11-11 13:30:00,38063.69679011749,17.28070164702371,0,38104.35084183659,-57.93475336612614,0.0931307255655689
2004-11-11 13:31:00,38063.89587535674,17.186983599874676,0,38104.35084123622,-57.64194947935323,0.19293543703891913
2004-11-11 13:32:00,38063.89541941287,17.093461269332487,0,38104.35084063558,-57.5488824920483,0.8431889243254886
2004-11-11 13:33:00,38065.395403831026,17.000135427058922,0,38104.35084003467,-55.95557163070225,1.5432127514670206
2004-11-11 13:34:00,38066.79538928907,16.90700684471577,0,38104.35083943347,-54.46245698911426,0.8930218582331264
2004-11-11 13:35:00,38066.99538721174,16.8140762939648,0,38104.35083883201,-54.169527914236,0.6923700181520189
2004-11-11 13:36:00,38067.99446582391,16.7213445464678,0,38104.35083823025,-53.07771695281022,1.6428443987958374
2004-11-11 13:37:00,38070.095810885476,16.628812373886557,0,38104.35083762823,-50.883839116644324,1.4431020132221164
2004-11-11 13:38:00,38070.69580464744,16.536480547882835,0,38104.35083702592,-50.19151292636599,0.2924578537127118
2004-11-11 13:39:00,38070.496262854256,16.444349840118434,0,38104.35083642336,-50.2989234092189,0.4417987997688222
2004-11-11 13:40:00,38071.39534151592,16.352421022255122,0,38104.35083582049,-49.30791532682834,0.6413663824932634
2004-11-11 13:41:00,38071.59533943908,16.260694865954683,0,38104.35083521736,-49.016190644232374,-0.10837288017724944
2004-11-11 13:42:00,38070.995345669646,16.1691721428789,0,38104.35083461395,-49.52466108718284,0.0909657665106387
2004-11-11 13:43:00,38071.59442852374,16.077853624689553,0,38104.35083401026,-48.8342591112111,0.7407544347946597
2004-11-11 13:44:00,38072.294421271756,15.986740083048424,0,38104.3508334063,-48.04315221759352,0.7407770136775333
2004-11-11 13:45:00,38072.89396000782,15.895832289617294,0,38104.35083280206,-47.35270508385603,0.34057502328941425
2004-11-11 13:46:00,38072.79396104258,15.80513101605794,0,38104.35083219754,-47.362002171014694,-0.20962605957642566
2004-11-11 13:47:00,38072.29351142376,15.71463703403215,0,38104.35083159274,-47.77195720300888,-0.2096063403170625
2004-11-11 13:48:00,38072.19396725122,15.624351115201698,0,38104.35083098767,-47.78121485164882,0.14018158982223738
2004-11-11 13:49:00,38072.393510390175,15.534274031228371,0,38104.35083038231,-47.49159402336441,0.289970816642775
2004-11-11 13:50:00,38072.5939631121,15.444406553773945,0,38104.35082977669,-47.20127321836327,-0.5600029838387037
2004-11-11 13:51:00,38071.093978634235,15.354749454500205,0,38104.35082917078,-48.611599991041814,-0.009991649375798772
2004-11-11 13:52:00,38072.39487555255,15.265303505068928,0,38104.350828564595,-47.22125651711487,0.9400147671604913
2004-11-11 13:53:00,38072.79532697856,15.176069477141898,0,38104.35082795814,-46.73157045672083,-0.01041496173414913
2004-11-11 13:54:00,38072.1957890532,15.087048142380898,0,38104.3508273514,-47.242086440583165,0.13914260810243917
2004-11-11 13:55:00,38072.89578177631,14.998240272447703,0,38104.350826744376,-46.45328524051595,0.4386977203993112
2004-11-11 13:56:00,38072.89578177631,14.909646639004096,0,38104.35082613709,-46.36469099978454,0.33825622293527147
2004-11-11 13:57:00,38073.39532074858,14.82126801371186,0,38104.35082552952,-45.77677279464541,0.5380387526319019
2004-11-11 13:58:00,38073.79531659538,14.733105168232777,0,38104.35082492167,-45.28861349452074,0.03782791255955331
2004-11-11 13:59:00,38073.29486621824,14.645158874228622,0,38104.35082431354,-45.7011169695263,0.18715425595243929
2004-11-11 14:00:00,38073.99394862587,14.557429903361184,0,38104.35082370513,-44.91430498261586,0.13648306463266735
2004-11-11 14:01:00,38073.39259128348,14.469919027292239,0,38104.35082309645,-45.42815084026097,-0.763497950438552
2004-11-11 14:02:00,38072.29214862168,14.382627017683568,0,38104.35082248749,-46.441300883492964,-0.663490086708304
2004-11-11 14:03:00,38071.89124551078,14.295554646196955,0,38104.35082187826,-46.75513101367758,0.28718771593727155
2004-11-11 14:04:00,38072.69259850162,14.208702684494178,0,38104.350821268745,-45.86692545161842,0.3867388977320907
2004-11-11 14:05:00,38072.49123934498,14.122071904237018,0,38104.350820658954,-45.981653218213395,-0.7152837353852632
2004-11-11 14:06:00,38071.08899020358,14.035663077087257,0,38104.35082004888,-47.29749292238895,-1.76594329412465
2004-11-11 14:07:00,38068.78675660679,13.949476974706677,0,38104.35081943854,-49.513539806462695,-1.8157097939639826
2004-11-11 14:08:00,38067.285420686356,13.863514368757057,0,38104.350818827916,-50.92891251031691,-0.8139143156079847
2004-11-11 14:09:00,38066.98722581024,13.777776030900181,0,38104.35081821702,-51.141368437678665,0.2867510157724773
2004-11-11 14:10:00,38067.68766985986,13.692262732797827,0,38104.35081760583,-50.35541047877196,0.33607561333161584
2004-11-11 14:11:00,38067.48857502948,13.606975246111777,0,38104.35081699438,-50.46921721101543,0.03427376153431183
2004-11-11 14:12:00,38067.58586776944,13.52191434250381,0,38104.35081638264,-50.286862955703334,-0.8675197018164624
2004-11-11 14:13:00,38065.58363994961,13.437080793635712,0,38104.350815770624,-52.20425661464836,-1.7161611929346954
2004-11-11 14:14:00,38063.984105187934,13.352475371169259,0,38104.35081515834,-53.719185341572725,-0.3641545965969186
2004-11-11 14:15:00,38064.68634758469,13.268098846766234,0,38104.35081454577,-52.932565807842195,0.8856042681015843
2004-11-11 14:16:00,38065.58678911964,13.183951992088419,0,38104.35081393292,-51.94797680536956,0.5347040780241308
2004-11-11 14:17:00,38065.5876912468,13.100035578797593,0,38104.3508133198,-51.863157651793934,-0.215518728527325
2004-11-11 14:18:00,38064.98814882253,13.01635037855554,0,38104.3508127064,-52.37901426242421,-0.8666461112301995
2004-11-11 14:19:00,38063.687259381484,12.932897163024037,0,38104.350812092714,-53.59644987425433,-0.816879114140395
2004-11-11 14:20:00,38063.18771569192,12.849676703864867,0,38104.35081147876,-54.012772490705,-0.21531059403432096
2004-11-11 14:21:00,38063.09042957494,12.766689772739811,0,38104.350810864526,-54.027071062322975,-0.5655399692501
2004-11-11 14:22:00,38061.89089496212,12.683937141310652,0,38104.35081025001,-55.1438524292052,-2.1168884733016426
2004-11-11 14:23:00,38058.69138120753,12.601419581239167,0,38104.350809635216,-58.26084800892626,-2.6164371875354924
2004-11-11 14:24:00,38056.49322008006,12.519137864187138,0,38104.35080902015,-60.37672680427618,-2.016906205728972
2004-11-11 14:25:00,38054.493240746226,12.437092761816347,0,38104.35080840479,-62.294660420384204,-1.518510804645718
2004-11-11 14:26:00,38053.292344421396,12.355285045788575,0,38104.350807789175,-63.41374841356762,-0.3678512122073059
2004-11-11 14:27:00,38053.59415981623,12.273715487765603,0,38104.350807173265,-63.030362844798816,-0.6162649198581747
2004-11-11 14:28:00,38051.89691316321,12.192384859409213,0,38104.350806557086,-64.64627825328397,-1.6176313827115223
2004-11-11 14:29:00,38050.19647426279,12.111293932381184,0,38104.35080594063,-66.26562561022186,-1.1685586160037573
2004-11-11 14:30:00,38049.39785331694,12.030443478343297,0,38104.35080532389,-66.98339548529148,-1.1687997307893383
2004-11-11 14:31:00,38047.69741390404,11.949834268957334,0,38104.35080470688,-68.60322507180054,-1.0697277544766735
2004-11-11 14:32:00,38047.09742017122,11.869467075885076,0,38104.35080408958,-69.12285099424483,0.38161680041012147
2004-11-11 14:33:00,38048.30015467182,11.789342670788308,0,38104.350803472014,-67.8399914709803,1.1820537495422414
2004-11-11 14:34:00,38049.30152118433,11.709461825328802,0,38104.35080285416,-66.75874349516035,0.33044519225143887
2004-11-11 14:35:00,38048.801526460724,11.629825311168345,0,38104.35080223603,-67.17910108647742,-0.17048278085235324
2004-11-11 14:36:00,38048.801526460724,11.55043389996872,0,38104.35080161762,-67.09970905686505,-0.020729852268893012
2004-11-11 14:37:00,38048.60152857132,11.4712883633917,0,38104.350800998945,-67.2205607910152,0.07879319295915366
2004-11-11 14:38:00,38048.80106718213,11.392389473099074,0,38104.35080037998,-66.94212267094674,-0.021911675171402578
2004-11-11 14:39:00,38048.400153620125,11.313738000752616,0,38104.35079976073,-67.26438414135801,0.02738229557754579
2004-11-11 14:40:00,38048.69877577944,11.235334718014114,0,38104.35079914122,-66.88735807979165,-0.6233152478513801
2004-11-11 14:41:00,38046.9969642809,11.157180396545344,0,38104.35079852142,-68.51101463706077,-1.4240092972606035
2004-11-11 14:42:00,38045.69469703504,11.07927580800809,0,38104.350797901345,-69.73537667431286,-1.3251637713026483
2004-11-11 14:43:00,38044.19107682539,11.001621724064131,0,38104.35079728099,-71.16134217966606,-0.22496518683824007
2004-11-11 14:44:00,38045.08970852874,10.92421891637525,0,38104.35079666036,-70.18530704798934,0.37636854620792803
2004-11-11 14:45:00,38044.7892591088,10.847068156603225,0,38104.35079603945,-70.40860508725021,0.8270172888331899
2004-11-11 14:46:00,38046.58969316435,10.77017021640984,0,38104.350795418264,-68.53127247032296,0.4265420740010839
2004-11-11 14:47:00,38045.488799725,10.693525867456875,0,38104.35079479679,-69.55552093924804,-0.974826973938633
2004-11-11 14:48:00,38044.48700363825,10.61713588140611,0,38104.35079417504,-70.48092641820023,-0.775307439690927
2004-11-11 14:49:00,38043.785658764304,10.541001029919327,0,38104.350793553014,-71.1061358186299,-0.4251134071880216
2004-11-11 14:50:00,38043.4847617828,10.465122084658304,0,38104.350792930716,-71.33115323257627,0.5252966699562407
2004-11-11 14:51:00,38044.6847496467,10.389499817284829,0,38104.350792308134,-70.05554247871741,0.7761622752708703
2004-11-11 14:52:00,38044.88609800271,10.314134999460677,0,38104.35079168528,-69.77882868203453,0.17681260053250014
2004-11-11 14:53:00,38044.88790218733,10.239028402847632,0,38104.350791062134,-69.70191727765241,0.32632909557023737
2004-11-11 14:54:00,38045.38880074693,10.164180799107472,0,38104.350790438715,-69.12617049089405,-0.7259502927296992
2004-11-11 14:55:00,38043.28656491182,10.08959295990198,0,38104.35078981503,-71.15381786311181,-1.276882013181968
2004-11-11 14:56:00,38042.686120330676,10.015265656892936,0,38104.35078919104,-71.67993451725799,0.12352115492594606
2004-11-11 14:57:00,38043.385212675275,9.941199661742122,0,38104.35078856679,-70.90677555325992,0.12281035179994149
2004-11-11 14:58:00,38042.78386987472,9.867395746111317,0,38104.35078794227,-71.43431381365811,-1.0265407000314681
2004-11-11 14:59:00,38041.1847850458,9.793854681662308,0,38104.35078731746,-72.95985695332286,-0.17523752274630056
2004-11-11 15:00:00,38042.286575073274,9.72057724005687,0,38104.35078669237,-71.78478885915071,0.8740383429234342
2004-11-11 15:01:00,38042.78656999248,9.647564192956784,0,38104.350786067,-71.21178026747599,0.5231019842975684
2004-11-11 15:02:00,38043.18701686282,9.574816312023833,0,38104.350785441355,-70.73858489055557,0.2721629649333934
2004-11-11 15:03:00,38043.18566484674,9.502334368919797,0,38104.350784815426,-70.6674543376092,-0.07810006661242852
2004-11-11 15:04:00,38042.886118300754,9.43011913530646,0,38104.35078418923,-70.89478502378043,0.5725275794954996
2004-11-11 15:05:00,38044.18655576697,9.3581713828456,0,38104.350783562746,-69.5223991786182,0.5220350179468625
2004-11-11 15:06:00,38043.78655983129,9.286491883198998,0,38104.35078293598,-69.8507149878867,-0.07822739827968661
2004-11-11 15:07:00,38043.88700974179,9.215081408028436,0,38104.35078230894,-69.67885397517757,0.27127417211860916
2004-11-11 15:08:00,38044.18655576697,9.143940728995693,0,38104.35078168163,-69.30816664364949,0.1701039454342208
2004-11-11 15:09:00,38044.08520558748,9.073070617762554,0,38104.350781054025,-69.33864608430913,-0.3821794675566892
2004-11-11 15:10:00,38043.28072669338,9.002471845990796,0,38104.35078042615,-70.07252557876286,-1.7335475574566104
2004-11-11 15:11:00,38040.47718378412,8.9321451853422,0,38104.350779798,-72.80574119922235,-1.7324662383468805
2004-11-11 15:12:00,38039.675412521596,8.862091407478552,0,38104.350779169574,-73.53745805545663,0.2696930066591747
2004-11-11 15:13:00,38040.876734639016,8.792311284061626,0,38104.35077854086,-72.266355185904,0.9205247086864929
2004-11-11 15:14:00,38041.377174860536,8.72280558675321,0,38104.350777911866,-71.69640863808364,0.4707022467092443
2004-11-11 15:15:00,38041.67940167732,8.653575087215081,0,38104.35077728259,-71.32495069248552,0.9726633121310257
2004-11-11 15:16:00,38043.18431519633,8.58462055710902,0,38104.350776653046,-69.75108201382159,0.6724004387525895
2004-11-11 15:17:00,38042.88656897633,8.515942768096807,0,38104.35077602322,-69.98014981498034,-0.9305501576836477
2004-11-11 15:18:00,38041.18613555576,8.447542491840224,0,38104.35077539311,-71.61218232918888,-1.583071640391779
2004-11-11 15:19:00,38039.58390216696,8.379420500001055,0,38104.35077476272,-73.1462930957639,-2.0335695160060894
2004-11-11 15:20:00,38036.9830303351,8.311577564241077,0,38104.35077413206,-75.67932136120106,-1.1825083147240818
2004-11-11 15:21:00,38037.08347823213,8.244014456222073,0,38104.35077350112,-75.51130972521206,1.1689862007320144
2004-11-11 15:22:00,38039.18615585776,8.176731947605825,0,38104.35077286989,-73.34134895973703,1.5689275393696462
2004-11-11 15:23:00,38040.087048401976,8.109730810054112,0,38104.350772238395,-72.37345464647277,0.5175325871898124
2004-11-11 15:24:00,38040.08749963648,8.043011815228713,0,38104.35077160661,-72.30628378535741,0.4674773383834392
2004-11-11 15:25:00,38040.88884673964,7.976575734791413,0,38104.35077097455,-71.43849996970589,0.9174162187095405
2004-11-11 15:26:00,38041.78974233468,7.910423340403992,0,38104.350770342215,-70.47145134793833,0.5162323312009889
2004-11-11 15:27:00,38041.78928980602,7.844555403728229,0,38104.3507697096,-70.40603530730391,0.06572595474633403
2004-11-11 15:28:00,38041.78974233468,7.7789726964259085,0,38104.3507690767,-70.33999943844566,0.36611644647568653
2004-11-11 15:29:00,38042.39064201933,7.7136759901588094,0,38104.350768443524,-69.67380241435254,0.16560584930149247
2004-11-11 15:30:00,38041.99064612681,7.648666056588711,0,38104.350767810065,-70.00878773984267,-0.4346746171301916
2004-11-11 15:31:00,38041.3915591951,7.583943667377397,0,38104.35076717634,-70.54315164861292,0.015259746893882209
2004-11-11 15:32:00,38041.892007890456,7.519509594186646,0,38104.350766542324,-69.97826824605491,0.4142865610302664
2004-11-11 15:33:00,38042.09155199015,7.4553646086782415,0,38104.35076590802,-69.71457852655239,0.2139991445895859
2004-11-11 15:34:00,38042.19200479909,7.391509482513963,0,38104.350765273455,-69.55026995687574,0.21370890149549382
2004-11-11 15:35:00,38042.39154890239,7.327944987355594,0,38104.3507646386,-69.2871607235614,-0.08680594639227479
2004-11-11 15:36:00,38041.89155404868,7.264671894864912,0,38104.35076400347,-69.72388184966029,-0.48754668321038963
2004-11-11 15:37:00,38041.29020025478,7.2016909767036985,0,38104.35076336806,-70.26225408998218,-0.3880666781584097
2004-11-11 15:38:00,38040.989750530935,7.139003004533736,0,38104.35076273238,-70.5000152059771,0.1620880597867469
2004-11-11 15:39:00,38041.48929287601,7.0766087500168044,0,38104.3507620964,-69.93807797040868,0.16224662142015944
2004-11-11 15:40:00,38041.18974848184,7.014508984814685,0,38104.35076146016,-70.17552196313679,-0.3878163523046254
2004-11-11 15:41:00,38040.589754629196,6.952704480589159,0,38104.350760823625,-70.71371067501794,-0.588336215666601
2004-11-11 15:42:00,38039.88976180136,6.89119600900201,0,38104.350760186826,-71.35219439446999,-0.13863724444381376
2004-11-11 15:43:00,38040.189758727545,6.829984341715014,0,38104.350759549736,-70.99098516390556,0.010837752614371254
2004-11-11 15:44:00,38039.789310273525,6.769070250389955,0,38104.35075891238,-71.33051888924125,-0.4399077669198803
2004-11-11 15:45:00,38039.18841208366,6.7084545066886125,0,38104.35075827472,-71.87080069774532,0.4595589567103815
2004-11-11 15:46:00,38040.587494543244,6.648137882272769,0,38104.35075763679,-70.41140097582048,0.25948801988635495
2004-11-11 15:47:00,38039.58705348942,6.588121148804204,0,38104.35075699859,-71.35182465797261,0.009641934943346087
2004-11-11 15:48:00,38040.48704433212,6.5284050779447,0,38104.35075636011,-70.39211710593379,0.7593333896113279
2004-11-11 15:49:00,38040.98658828396,6.468990441356038,0,38104.35075572135,-69.83315787874996,0.1588123219961446
2004-11-11 15:50:00,38040.68614063106,6.409878010699997,0,38104.350755082305,-70.0744924619415,0.05873623199515521
2004-11-11 15:51:00,38040.98613758587,6.35106855763836,0,38104.35075444299,-69.71568541475965,0.15865720282533147
2004-11-11 15:52:00,38040.88613860092,6.292562853832907,0,38104.35075380338,-69.75717805629084,-0.2416428716931378
2004-11-11 15:53:00,38040.3861436763,6.234361670945419,0,38104.350753163504,-70.19897115814592,0.0075993779941683215
2004-11-11 15:54:00,38040.78523900368,6.176465780637678,0,38104.35075252334,-69.7419793003025,0.30729065582782056
2004-11-11 15:55:00,38040.88523799098,6.118875954571464,0,38104.3507518829,-69.58438984649028,0.7076555460404492
2004-11-11 15:56:00,38042.085675998365,6.061592964408559,0,38104.35075124218,-68.3266682082216,0.557800400749862
2004-11-11 15:57:00,38041.886579138,6.0046175818107415,0,38104.35075060118,-68.46878904499056,-0.34227245858853195
2004-11-11 15:58:00,38041.28748741294,5.947950578439796,0,38104.3507499599,-69.01121312539867,-1.2421188042834004
2004-11-11 15:59:00,38039.28931539074,5.8915927259575,0,38104.35074931834,-70.95302665355736,-0.9419765727536173
2004-11-11 16:00:00,38039.29112720162,5.835544796025638,0,38104.3507486765,-70.8951662709059,-0.4429689175964526
2004-11-11 16:01:00,38038.29159110593,5.779807560305987,0,38104.350748034376,-71.83896448875026,-1.244404487196519
2004-11-11 16:02:00,38036.69115393714,5.724381790460332,0,38104.35074739198,-73.38397524529894,-1.3951683029780497
2004-11-11 16:03:00,38035.39071391275,5.669268258150453,0,38104.350746749304,-74.62930109470636,-1.2450289598852038
2004-11-11 16:04:00,38034.09118067632,5.614467735038129,0,38104.35074610635,-75.87403316506935,-0.844211626588276
2004-11-11 16:05:00,38033.59300210801,5.559980992785142,0,38104.35074546311,-76.31772434788292,-0.5443006887384954
2004-11-11 16:06:00,38032.893919080096,5.505808803053273,0,38104.35074481959,-76.96263454254634,-0.2952987107551337
2004-11-11 16:07:00,38032.8943743439,5.451951937504304,0,38104.35074417579,-76.90832176939318,0.45392294583352566
2004-11-11 16:08:00,38033.69436604864,5.398411167800013,0,38104.35074353172,-76.05478865087929,0.1529268132944992
2004-11-11 16:09:00,38033.093462010154,5.345187265602185,0,38104.350742887356,-76.60246814280418,0.2526085353808156
2004-11-11 16:10:00,38034.093451665176,5.292281002572598,0,38104.35074224272,-75.54957158011766,1.1527363232764358
2004-11-11 16:11:00,38035.293439251924,5.2396931503730375,0,38104.3507415978,-74.29699549625131,1.001510465956585
2004-11-11 16:12:00,38035.99161478507,5.187424480665278,0,38104.35074095261,-73.54655064820449,0.5998360836128569
2004-11-11 16:13:00,38036.38889274322,5.135475765111106,0,38104.350740307134,-73.0973233290256,0.5997467050967131
2004-11-11 16:14:00,38037.08753019873,5.083847775372297,0,38104.35073966137,-72.34705723801106,0.350787124062947
2004-11-11 16:15:00,38036.98753121756,5.032541283110636,0,38104.350739015346,-72.3957490808997,0.00047000070237857017
2004-11-11 16:16:00,38036.986178192405,4.981557059987905,0,38104.35073836902,-72.3461172366063,0.09992108827123758
2004-11-11 16:17:00,38037.08572669573,4.930895877665881,0,38104.35073772242,-72.19590690435723,-0.19949753896428035
2004-11-11 16:18:00,38036.48618326882,4.88055850780635,0,38104.35073707555,-72.74511231453486,0.5003963969309524
2004-11-11 16:19:00,38037.98616803997,4.830545722071088,0,38104.350736428394,-71.19511411049533,0.6998441559393811
2004-11-11 16:20:00,38037.786170070416,4.780858292121877,0,38104.35073578095,-71.3454240026561,-0.1009238062115827
2004-11-11 16:21:00,38037.68527039994,4.731496989620501,0,38104.35073513324,-71.39696172291849,0.048748159130234114
2004-11-11 16:22:00,38037.785269387074,4.682462586228738,0,38104.35073448524,-71.24792768439563,-0.7011211870752163
2004-11-11 16:23:00,38036.18528559351,4.6337558536083705,0,38104.35073383697,-72.79920409706892,-0.801898066483858
2004-11-11 16:24:00,38036.08438693447,4.585377563421178,0,38104.35073318841,-72.85172381736335,0.04821433183498414
2004-11-11 16:25:00,38036.18528559351,4.537328487328944,0,38104.35073253958,-72.70277543339895,0.09855917629378297
2004-11-11 16:26:00,38036.18573582267,4.489609396993447,0,38104.35073189045,-72.65460546477578,0.3480016756156701
2004-11-11 16:27:00,38036.78618022296,4.442221064076469,0,38104.35073124105,-72.00677208216761,0.39767028375332814
2004-11-11 16:28:00,38036.88662995435,4.395164260239795,0,38104.35073059138,-71.85926489726913,-0.4031041278435836
2004-11-11 16:29:00,38035.8861893607,4.348439757145199,0,38104.35072994141,-72.81298033785478,-0.653208754436406
2004-11-11 16:30:00,38035.487095211494,4.302048326454463,0,38104.35072929118,-73.16568240614194,-0.1535472587357276
2004-11-11 16:31:00,38035.48664418532,4.255990399996081,0,38104.35072864065,-73.12007485532624,-0.15410567578270218
2004-11-11 16:32:00,38035.08709928241,4.210265050265378,0,38104.350727989855,-73.47389375770734,0.0460115035983506
2004-11-11 16:33:00,38035.487546500575,4.164871009924388,0,38104.35072733878,-73.02805184812954,0.2956785455588715
2004-11-11 16:34:00,38035.58799703246,4.119807011635151,0,38104.350726687415,-72.8825366665896,-0.6046414155619217
2004-11-11 16:35:00,38034.18846314458,4.075071788059701,0,38104.35072603577,-74.23733467925338,-0.5049703094515152
2004-11-11 16:36:00,38034.48891217023,4.030664071860073,0,38104.35072538386,-73.89247728549263,0.19492224511753165
2004-11-11 16:37:00,38034.48981713834,3.986582595698303,0,38104.35072473166,-73.84749018901832,0.24482308154099286
2004-11-11 16:38:00,38034.890719049006,3.9428260922364275,0,38104.35072407918,-73.40283112241065,0.2440462587387131
2004-11-11 16:39:00,38034.890719049006,3.899393294136483,0,38104.35072342641,-73.35939767154089,-0.056500039798770274
2004-11-11 16:40:00,38034.69117450542,3.856282934060504,0,38104.350722773364,-73.51583120200819,0.4433998403412929
2004-11-11 16:41:00,38035.69161787386,3.8134937446705277,0,38104.35072212005,-72.4725979908583,0.49307904867957575
2004-11-11 16:42:00,38035.59207282042,3.7710244586285895,0,38104.35072146644,-72.52967310464904,-0.40723068692441444
2004-11-11 16:43:00,38034.792535256456,3.7288738085967252,0,38104.35072081257,-73.28705936470713,-0.1575510025543636
2004-11-11 16:44:00,38035.19298557588,3.6870405272369715,0,38104.3507201584,-72.84477510975776,1.0923470843452847
2004-11-11 16:45:00,38036.89387765515,3.6455233472113626,0,38104.35071950396,-71.10236519601656,1.8417966203549625
2004-11-11 16:46:00,38038.793857981356,3.604321001181936,0,38104.35071884922,-69.16118186904784,0.24058932976696212
2004-11-11 16:47:00,38037.29296387955,3.5634322218107273,0,38104.35071819422,-70.62118653648264,-0.510397064414768
2004-11-11 16:48:00,38037.69159728282,3.522855741759772,0,38104.35071753894,-70.18197599787737,0.13951253493149096
2004-11-11 16:49:00,38037.49114571044,3.482590293691106,0,38104.35071688337,-70.34216146661966,0.38965412906595986
2004-11-11 16:50:00,38038.39068309804,3.442634610266766,0,38104.35071622752,-69.40266773974545,1.089338082002591
2004-11-11 16:51:00,38039.59021769293,3.4029874241487876,0,38104.350715571396,-68.16348530261448,0.6397147368770604
2004-11-11 16:52:00,38039.59112411699,3.363647467999206,0,38104.35071491498,-68.12323826599133,0.08918711848286875
2004-11-11 16:53:00,38039.69021666712,3.3246134744800577,0,38104.35071425829,-67.98511106564874,0.13820165719547362
2004-11-11 16:54:00,38039.789762825974,3.285884176253379,0,38104.35071360132,-67.84683495160039,0.08880426755582249
2004-11-11 16:55:00,38039.79066871951,3.2474583059812043,0,38104.35071294407,-67.80750253053709,0.6391756905322765
2004-11-11 16:56:00,38040.99156331233,3.2093345963255717,0,38104.35071228654,-66.56848357053583,1.288414526748113
2004-11-11 16:57:00,38042.29154993164,3.1715117799485157,0,38104.35071162873,-65.23067347704087,0.8374386418608708
2004-11-11 16:58:00,38042.59109327333,3.1339885895120725,0,38104.35071097063,-64.89360628681409,-0.7126176109598461
2004-11-11 16:59:00,38040.79156537098,3.0967637576782776,0,38104.35071031226,-66.65590869896056,-0.6124626552798418
2004-11-11 17:00:00,38041.29201407334,3.0598360171091676,0,38104.350709653605,-66.11853159737377,1.0869965949565312
2004-11-11 17:01:00,38042.89199758609,3.023204100466779,0,38104.35070899467,-64.4819155090475,0.63647911463962
2004-11-11 17:02:00,38042.492001707775,2.986866740413146,0,38104.350708335456,-64.84557336809453,-0.21357899981841655
2004-11-11 17:03:00,38042.39245683688,2.9508226696103055,0,38104.350707675956,-64.90907350868433,0.3363498499891122
2004-11-11 17:04:00,38043.09290396878,2.9150706207202934,0,38104.35070701618,-64.17287366811631,0.5358293483090506
2004-11-11 17:05:00,38043.39290087045,2.879609326405146,0,38104.35070635611,-63.83741481206623,0.3850864238010807
2004-11-11 17:06:00,38043.792442394595,2.8444375193268985,0,38104.35070569578,-63.40270082051415,0.7852479093956468
2004-11-11 17:07:00,38044.89333997403,2.8095539321475864,0,38104.350705035155,-62.266918993274935,-0.015712664292109935
2004-11-11 17:08:00,38043.69153552268,2.774957297529247,0,38104.35070437425,-63.43412614909837,-0.3671297657197172
2004-11-11 17:09:00,38044.090171536496,2.740646348133916,0,38104.35070371308,-63.00117852471437,0.7330296601015327
2004-11-11 17:10:00,38045.08925603933,2.706619816623628,0,38104.350703051605,-61.9680668288953,-0.26701605939798867
2004-11-11 17:11:00,38043.48836818201,2.67287643566042,0,38104.35070238986,-63.53521064351035,-0.6172939435778311
2004-11-11 17:12:00,38043.78746194969,2.639414937906328,0,38104.35070172783,-63.202654716050965,0.43354375527341205
2004-11-11 17:13:00,38044.28881198859,2.606234056023388,0,38104.35070106553,-62.66812313296352,-0.016280044443249153
2004-11-11 17:14:00,38043.688818120674,2.5733325226736343,0,38104.35070040294,-63.23521480493746,0.38275957854776266
2004-11-11 17:15:00,38044.98880483473,2.540709070519105,0,38104.35069974008,-61.902603975868,0.4820292709579945
2004-11-11 17:16:00,38044.587905246124,2.5083624322218343,0,38104.350699076924,-62.271156263021474,-0.3682382267340145
2004-11-11 17:17:00,38044.1879093246,2.4762913404438596,0,38104.350698413495,-62.639080429336026,-0.5682849955093943
2004-11-11 17:18:00,38043.38746602358,2.4444945278472163,0,38104.350697749775,-63.40772625404026,-1.069229973992993
2004-11-11 17:19:00,38041.986127435564,2.4129707270939393,0,38104.35069708579,-64.77754037732201,-0.8692786713452882
2004-11-11 17:20:00,38041.58613149562,2.381718670846066,0,38104.350696421505,-65.14628359673084,-0.4688774427621709
2004-11-11 17:21:00,38040.98613758587,2.3507370917656316,0,38104.35069575695,-65.71529526284635,0.08107247625311231
2004-11-11 17:22:00,38041.686581170405,2.320024722514672,0,38104.350695092115,-64.98413864422461,0.08125499512014756
2004-11-11 17:23:00,38041.08748945014,2.289580295755223,0,38104.35069442699,-65.55278527260606,-0.5187799362584826
2004-11-11 17:24:00,38040.588397789004,2.259402544149321,0,38104.3506937616,-66.02169851674158,-0.4192720643139509
2004-11-11 17:25:00,38040.18885389504,2.229490200359001,0,38104.35069309591,-66.39132940123396,-0.11953910365242848
2004-11-11 17:26:00,38040.28975770295,2.1998419970463003,0,38104.35069242995,-66.26077672404644,0.23064740294297792
2004-11-11 17:27:00,38040.59111383523,2.1704566668732537,0,38104.350691763706,-65.930034595348,0.280840204338233
2004-11-11 17:28:00,38040.79292772432,2.141332942501898,0,38104.350691097185,-65.69909631536997,0.6801228006792712
2004-11-11 17:29:00,38041.893370992984,2.112469556594268,0,38104.35069043038,-64.56978899398946,0.9294075488185882
2004-11-11 17:30:00,38042.59427378737,2.0838652418124006,0,38104.35068976329,-63.840281217732795,0.07984221067457753
2004-11-11 17:31:00,38041.996103254096,2.055518730818331,0,38104.35068909592,-64.41010457264031,-0.3201807358381359
2004-11-11 17:32:00,38041.89747449514,2.0274287562740962,0,38104.350688428276,-64.48064268940907,0.37887307374418455
2004-11-11 17:33:00,38042.69792338603,1.999594050841731,0,38104.35068776034,-63.65235842515194,0.42816157418807066
2004-11-11 17:34:00,38042.69838089828,1.972013347183272,0,38104.35068709213,-63.624319541032925,-0.82184941055203
2004-11-11 17:35:00,38040.99931455534,1.9446853779607542,0,38104.35068642363,-65.296057246256,-0.472104784595512
2004-11-11 17:36:00,38041.69976552047,1.9176088758362144,0,38104.35068575486,-64.56852911022395,0.7276325744903538
2004-11-11 17:37:00,38042.400675562,1.8907825734716885,0,38104.3506850858,-63.84079209727529,0.37761675054729693
2004-11-11 17:38:00,38042.40159401086,1.8642052035292118,0,38104.35068441646,-63.813295609129355,-0.27262364429081387
2004-11-11 17:39:00,38041.80251985965,1.837875498670821,0,38104.35068374684,-64.38603938585692,-0.52309717570256
2004-11-11 17:40:00,38041.30298530796,1.811792191558551,0,38104.35068307693,-64.85948996053448,0.1266509720569502
2004-11-11 17:41:00,38042.00389897987,1.785954014854439,0,38104.35068240676,-64.13273744174302,0.22617534404168538
2004-11-11 17:42:00,38041.703902165056,1.76035970122052,0,38104.35068173629,-64.4071392724511,0.275701498015426
2004-11-11 17:43:00,38042.50435460315,1.7350079833188305,0,38104.350681065545,-63.581334445712166,0.576148530120193
2004-11-11 17:44:00,38042.80573577611,1.7098975938114056,0,38104.35068039451,-63.25484221221072,0.376141589767947
2004-11-11 17:45:00,38043.20665572239,1.6850272653602822,0,38104.350679723204,-62.82905126617627,0.8254364057244352
2004-11-11 17:46:00,38044.40710538147,1.6603957306274952,0,38104.350679051604,-61.60396940076185,0.674969111525666
2004-11-11 17:47:00,38044.50756705888,1.6360017222750816,0,38104.35067837973,-61.47911304312494,0.17450631826195107
2004-11-11 17:48:00,38044.70756491631,1.6118439729650766,0,38104.35067770758,-61.254956764237946,-0.025958538605195258
2004-11-11 17:49:00,38044.40756813017,1.5879212153595164,0,38104.350677035145,-61.53103012033533,-0.17642266437682252
2004-11-11 17:50:00,38044.30710645155,1.5642321821204366,0,38104.350676362425,-61.60780209299159,-0.07619394412337499
2004-11-11 17:51:00,38044.208033286755,1.5407756059098734,0,38104.35067568943,-61.68341800858208,0.3238013183389157
2004-11-11 17:52:00,38044.90802577922,1.517550219389863,0,38104.35067501615,-60.96019945631376,0.623104663820655
2004-11-11 17:53:00,38045.408020416864,1.4945547552224405,0,38104.35067434258,-60.43720868094077,0.5235717265191155
2004-11-11 17:54:00,38045.90940561153,1.4717879460696426,0,38104.350673668734,-59.91305600327553,-0.22595175330788564
2004-11-11 17:55:00,38044.910809331646,1.4492485245935047,0,38104.35067299461,-60.88911218755654,-0.37663976271731414
2004-11-11 17:56:00,38045.111272014954,1.426935223456063,0,38104.35067232021,-60.66633552871016,-0.2770975380678813
2004-11-11 17:57:00,38044.312211157136,1.4048467753193536,0,38104.35067164551,-61.443307263692304,-0.22732190523326423
2004-11-11 17:58:00,38044.6126735442,1.3829819128454113,0,38104.35067097053,-61.120979339176685,-0.6775391549615684
2004-11-11 17:59:00,38042.91362409036,1.361339368696274,0,38104.35067029528,-62.79838557361544,-1.0272897863128954
2004-11-11 18:00:00,38042.515028583475,1.339917875533976,0,38104.350669619744,-63.175558911802476,0.27247697514530955
2004-11-11 18:01:00,38043.41595348662,1.3187161660205542,0,38104.350668943924,-62.25343162332482,0.022028396690426888
2004-11-11 18:02:00,38042.51689912222,1.297732972818043,0,38104.35066826783,-63.13150211842162,-0.427949105207432
2004-11-11 18:03:00,38042.51830478629,1.27696702858848,0,38104.35066759144,-63.109329833739686,0.121594901377307
2004-11-11 18:04:00,38042.7187716651,1.256417065993901,0,38104.350666914776,-62.88831231566701,-0.6790797913654494
2004-11-11 18:05:00,38041.11925863906,1.236081817696341,0,38104.350666237835,-64.46748941647058,-1.279286982500544
2004-11-11 18:06:00,38040.11973929629,1.2159600163578363,0,38104.3506655606,-65.4468862806681,-0.780209483910582
2004-11-11 18:07:00,38039.518806893444,1.1960503946404222,0,38104.350664883095,-66.02790838429175,-0.7806558531583079
2004-11-11 18:08:00,38038.51881790352,1.176351685206136,0,38104.350664205296,-67.00819798698471,-0.7301624780486904
2004-11-11 18:09:00,38038.019292807556,1.156862620717013,0,38104.35066352723,-67.48823334038913,-0.18061224400732812
2004-11-11 18:10:00,38038.118822307704,1.137581933835089,0,38104.35066284887,-67.36942247499937,-0.280818882802528
2004-11-11 18:11:00,38037.41929942146,1.1185083572223988,0,38104.35066217023,-68.04987110599419,-0.280790660365966
2004-11-11 18:12:00,38037.51929831912,1.0996406235409806,0,38104.35066149131,-67.9310037957313,-0.18123167036292642
2004-11-11 18:13:00,38037.01930383084,1.080977465452869,0,38104.35066081211,-68.41233444672004,-0.5311969129966059
2004-11-11 18:14:00,38036.41978012652,1.0625176156201002,0,38104.35066013262,-68.99339762172451,-0.5813990322229472
2004-11-11 18:15:00,38035.81978674839,1.044259806704709,0,38104.35065945285,-69.57513251116593,-0.6315997439509147
2004-11-11 18:16:00,38035.12026443455,1.0262027713687332,0,38104.350658772804,-70.25659710962634,-0.7815631049607603
2004-11-11 18:17:00,38034.22074461366,1.0083452422742079,0,38104.35065809247,-71.13825872108745,-0.9317600341955341
2004-11-11 18:18:00,38033.22122618593,0.9906859520831688,0,38104.350657411866,-72.12011717801741,-1.2819534719346848
2004-11-11 18:19:00,38031.62171469946,0.9732236334576514,0,38104.35065673096,-73.70216566495682,-0.9826237766503425
2004-11-11 18:20:00,38031.22124833753,0.9559570190596927,0,38104.35065604979,-74.0853647313181,0.21669720356329947
2004-11-11 18:21:00,38032.02076895205,0.9388848415513286,0,38104.350655368326,-73.26877125783022,0.9667304968186983
2004-11-11 18:22:00,38033.1207567825,0.922005833594594,0,38104.35065468658,-72.1519037376807,0.01701900101770093
2004-11-11 18:23:00,38032.02123947661,0.9053187278515259,0,38104.35065400456,-73.23473325579482,-0.43340255110234693
2004-11-11 18:24:00,38032.22076673935,0.8888222569841584,0,38104.35065332225,-73.01870883988539,0.1161661009165087
2004-11-11 18:25:00,38032.22076673935,0.8725151536545296,0,38104.35065263966,-73.0024010539618,-0.08402028850482424
2004-11-11 18:26:00,38032.02029869042,0.8563961505246747,0,38104.35065195679,-73.18674941689504,-0.43467376265341073
2004-11-11 18:27:00,38031.31936667462,0.8404639802566288,0,38104.350651273635,-73.87174857926863,-0.5348584749046239
2004-11-11 18:28:00,38030.918901599,0.8247173755124282,0,38104.35065059019,-74.25646636670429,-0.18481201032130912
2004-11-11 18:29:00,38030.91843237552,0.80915506895411,0,38104.350649906475,-74.24137259991124,-0.18476093623837642
2004-11-11 18:30:00,38030.51843677653,0.7937757932437088,0,38104.35064922247,-74.62598823918104,-0.2344735564329241
2004-11-11 18:31:00,38030.418907106454,0.7785782810432611,0,38104.35064853819,-74.71031971277709,-0.38465303115869887
2004-11-11 18:32:00,38029.71891481714,0.7635612650148016,0,38104.35064785362,-75.39529430149844,-0.28483385911361125
2004-11-11 18:33:00,38029.81938321559,0.7487234778203682,0,38104.35064716877,-75.27998743100432,0.015454137704765003
2004-11-11 18:34:00,38029.72032410967,0.7340636521219961,0,38104.35064648364,-75.36438602608891,-0.08519185062338153
2004-11-11 18:35:00,38029.61985518656,0.7195805205817208,0,38104.35064579823,-75.45037113225108,-0.235601133149558
2004-11-11 18:36:00,38029.220329636,0.7052728158615773,0,38104.35064511253,-75.83558829238802,-0.23554091182203507
2004-11-11 18:37:00,38029.12033074128,0.6911392706236039,0,38104.35064442655,-75.92145295589515,0.11404668001105023
2004-11-11 18:38:00,38029.42032742545,0.6771786175298349,0,38104.35064374028,-75.60749493236592,0.3141073563246337
2004-11-11 18:39:00,38029.72079439974,0.6633895892423067,0,38104.350643053745,-75.29323824324588,-0.23652771906086656
2004-11-11 18:40:00,38028.91986291485,0.649770918423055,0,38104.35064236692,-76.08055037048766,-0.18646297427184777
2004-11-11 18:41:00,38029.32079882574,0.636321337734115,0,38104.3506416798,-75.66616419178958,-0.6361562822417852
2004-11-11 18:42:00,38027.620817637275,0.6230395798375243,0,38104.35064099241,-77.35286293497123,-0.686557798788975
2004-11-11 18:43:00,38027.921284892764,0.6099243773953177,0,38104.350640304736,-77.03927978936753,0.46326355050302936
2004-11-11 18:44:00,38028.521278245884,0.5969744630695318,0,38104.35063961678,-76.42633583396517,0.16286693030210841
2004-11-11 18:45:00,38028.2212815693,0.5841885695222008,0,38104.35063892854,-76.71354592876331,0.5629345211133625
2004-11-11 18:46:00,38029.621736877685,0.5715654294153628,0,38104.35063824001,-75.30046679173844,-0.1372198334185839
2004-11-11 18:47:00,38027.92175573101,0.5591037754110533,0,38104.3506375512,-76.98798559560048,-1.8878321260328974
2004-11-11 18:48:00,38025.82130815849,0.5468023401713069,0,38104.350636862124,-79.07613104380424,-0.4380077850132338
2004-11-11 18:49:00,38027.02129486347,0.53465985635816,0,38104.35063617274,-77.86400116562695,0.2622969904679451
2004-11-11 18:50:00,38026.321773476855,0.5226750566336498,0,38104.35063548309,-78.55153706286835,-0.4376167412414418
2004-11-11 18:51:00,38026.1222468187,0.5108466736598108,0,38104.35063479315,-78.73923464810983,-0.5882418464772243
2004-11-11 18:52:00,38025.12178678721,0.49917344009868003,0,38104.350634102935,-79.7280207558228,0.011596982884810814
2004-11-11 18:53:00,38026.1222468187,0.48765408861229154,0,38104.350633412425,-78.7160406823402,0.9616687537717468
2004-11-11 18:54:00,38027.02223682522,0.47628735186268334,0,38104.35063272164,-77.8046832482793,0.511286202059317
2004-11-11 18:55:00,38027.122235714865,0.46507196251189065,0,38104.350632030575,-77.69346827822157,0.06137617239367188
2004-11-11 18:56:00,38027.12270708895,0.4540066532219492,0,38104.35063133922,-77.68193090349196,-0.3390045192667088
2004-11-11 18:57:00,38026.42224348749,0.44309015665489504,0,38104.35063064759,-78.37147731675499,-0.689148802902416
2004-11-11 18:58:00,38025.72272265184,0.43232120547276276,0,38104.35062995566,-79.06022850929679,-1.1390550198330445
2004-11-11 18:59:00,38024.12274043939,0.4216985323375909,0,38104.35062926347,-80.64958735642108,-0.6894413578649292
2004-11-11 19:00:00,38024.322738215866,0.4112208699114136,0,38104.35062857098,-80.43911122502665,0.46063731206919556
2004-11-11 19:01:00,38025.023202096796,0.40088695085626724,0,38104.35062787822,-79.72831273228269,0.560257259452662
2004-11-11 19:02:00,38025.422725986886,0.39069550783418683,0,38104.35062718517,-79.31859670612133,0.01012153186592002
2004-11-11 19:03:00,38025.023202096796,0.3806452735072101,0,38104.35062649184,-79.70806966855085,-0.08978210086780791
2004-11-11 19:04:00,38025.2231998709,0.3707349805373721,0,38104.35062579822,-79.49816090785694,0.20983942382620313
2004-11-11 19:05:00,38025.42319764502,0.3609633615867086,0,38104.35062510433,-79.28839082089844,0.15993790017873266
2004-11-11 19:06:00,38025.523668451955,0.3513291493172549,0,38104.35062441014,-79.17828510749948,0.20980056915803402
2004-11-11 19:07:00,38025.82366510948,0.3418310763910479,0,38104.35062371567,-78.86878968258237,0.209665192155434
2004-11-11 19:08:00,38025.924136173206,0.332467875470123,0,38104.350623020924,-78.75895472318861,0.2095309522766371
2004-11-11 19:09:00,38026.224132827076,0.3232382792165167,0,38104.35062232589,-78.4497277780291,0.40963222370220365
2004-11-11 19:10:00,38026.72507237509,0.3141410202922642,0,38104.35062163058,-77.9396902757842,-0.3402546135636797
2004-11-11 19:11:00,38025.52555876118,0.3051748313594024,0,38104.35062093498,-79.13023700515646,-0.9910868378127446
2004-11-11 19:12:00,38024.72509473277,0.296338445079966,0,38104.3506202391,-79.92186395140969,-0.8412176722369651
2004-11-11 19:13:00,38023.825577787415,0.2876305941159921,0,38104.35061954293,-80.81267234963039,-0.8411090823453549
2004-11-11 19:14:00,38023.02558674152,0.27905001112951566,0,38104.35061884649,-81.6040821161004,-0.4412400505001699
2004-11-11 19:15:00,38022.92606112791,0.2705954287825725,0,38104.35061814976,-81.69515245063073,0.3588623837756373
2004-11-11 19:16:00,38023.72652568394,0.26226557973719955,0,38104.35061745275,-80.88635734854913,0.558973319519005
2004-11-11 19:17:00,38024.02747014051,0.25405919665543186,0,38104.350616755444,-80.57720581159272,0.2586170852914549
2004-11-11 19:18:00,38024.2274678921,0.24597501219930606,0,38104.35061605787,-80.36912317796622,-0.04150058326184336
2004-11-11 19:19:00,38023.92842014092,0.23801175903085747,0,38104.35061536,-80.6602069781164,0.05837799020952872
2004-11-11 19:20:00,38024.32841563412,0.23016816981212251,0,38104.35061466185,-80.25236719754716,0.35754386535685967
2004-11-11 19:21:00,38024.62793769322,0.2224429772051364,0,38104.35061396342,-79.94511924740269,0.2074277933924762
2004-11-11 19:22:00,38024.72793656781,0.2148349138719352,0,38104.3506132647,-79.8375116107622,-0.142210198334503
2004-11-11 19:23:00,38024.32841563412,0.2073427124745557,0,38104.350612565715,-80.22953964407169,-0.29184877534530784
2004-11-11 19:24:00,38024.129367810645,0.19996510567503356,0,38104.35061186642,-80.42120916145282,0.2577937787366267
2004-11-11 19:25:00,38024.829359906405,0.19270082613540307,0,38104.35061116687,-79.71395208659844,0.7574381492774194
2004-11-11 19:26:00,38025.629826210636,0.18554860651770122,0,38104.350610467016,-78.90633286289798,0.5070918776827043
2004-11-11 19:27:00,38025.82934861514,0.17850717948396633,0,38104.35060976689,-78.69976833123303,0.10651103102188131
2004-11-11 19:28:00,38025.82887354331,0.1715752776962307,0,38104.35060906647,-78.69331080085422,-0.19359421372439556
2004-11-11 19:29:00,38025.428403240905,0.16475163381653246,0,38104.35060836577,-79.08695675868182,-0.0939398452741429
2004-11-11 19:30:00,38025.627452153894,0.15803498050690523,0,38104.35060766479,-78.8811904914025,0.006664492812127776
2004-11-11 19:31:00,38025.428403240905,0.1514240504293871,0,38104.35060696353,-79.07362777305757,0.05727066217109211
2004-11-11 19:32:00,38025.728874671164,0.14491757624601465,0,38104.35060626198,-78.76664916706032,-0.09306834394032393
2004-11-11 19:33:00,38025.22935538983,0.13851429061882037,0,38104.35060556015,-79.25976446093821,0.20658830534084416
2004-11-11 19:34:00,38026.12934522786,0.13221292620984282,0,38104.35060485803,-78.35347255637863,0.3067238186655814
2004-11-11 19:35:00,38025.8302995477,0.12601221568111942,0,38104.350604155625,-78.64631682360705,-0.14360891916534513
2004-11-11 19:36:00,38025.829823949935,0.11991089169468139,0,38104.35060345295,-78.64069039470932,-0.09442136996869266
2004-11-11 19:37:00,38025.629350873336,0.11390768691256947,0,38104.35060274997,-78.83515956354444,-0.3952270436591405
2004-11-11 19:38:00,38025.027458898694,0.108001333996816,0,38104.350602046725,-79.4311444820276,-0.39579625324548573
2004-11-11 19:39:00,38024.826039838765,0.10219056560945816,0,38104.35060134319,-79.62675207003541,0.3048136851434009
2004-11-11 19:40:00,38025.625557642044,0.09647411441253406,0,38104.35060063937,-78.8215171117408,0.6554267340754976
2004-11-11 19:41:00,38026.12555204645,0.0908507130680749,0,38104.350599935264,-78.31589860188441,0.6058081090258582
2004-11-11 19:42:00,38026.826017431435,0.08531909423812212,0,38104.350599230886,-77.60990089368909,0.2557208785723688
2004-11-11 19:43:00,38026.626019672054,0.0798779905847069,0,38104.35059852621,-77.80445684473968,0.15539550409514646
2004-11-11 19:44:00,38027.126014070534,0.07452613476986669,0,38104.35059782126,-77.2991098854988,0.20459690037284872
2004-11-11 19:45:00,38027.02459633149,0.06926225945563891,0,38104.35059711603,-77.39526304399398,0.5545056554127328
2004-11-11 19:46:00,38028.22458293314,0.06408509730405743,0,38104.350596410506,-76.19009857467333,0.25466006403590313
2004-11-11 19:47:00,38027.52364616976,0.05899338097715945,0,38104.3505957047,-76.88594291592217,-0.4956523269517845
2004-11-11 19:48:00,38027.22317761317,0.05398584313698196,0,38104.35059499861,-77.1814032285769,-0.3957362182120576
2004-11-11 19:49:00,38026.722240156334,0.049061216445557276,0,38104.350594292235,-77.67741535234629,-0.09535019500796693
2004-11-11 19:50:00,38027.022708200544,0.04421823356492571,0,38104.35059358557,-77.37210361859283,-0.04496025323066277
2004-11-11 19:51:00,38026.62271264699,0.03945562715711892,0,38104.35059287864,-77.76733585880761,-0.24574471208227067
2004-11-11 19:52:00,38026.52177125854,0.03477212988417522,0,38104.35059217142,-77.86359304275737,-0.24605862242437837
2004-11-11 19:53:00,38026.121304834654,0.030166474408131805,0,38104.3505914639,-78.25945310365637,-0.3954274874054633
2004-11-11 19:54:00,38025.721780131935,0.02563739339102078,0,38104.35059075611,-78.6544480175683,0.15449047350000455
2004-11-11 19:55:00,38026.421301510876,0.02118361949488068,0,38104.35059004804,-77.95047215665636,1.2039334484044275
2004-11-11 19:56:00,38028.120812104295,0.01680388538174915,0,38104.35058933967,-76.24658112075944,1.403858118957217
2004-11-11 19:57:00,38029.220329636,0.012496923713657182,0,38104.35058863103,-75.14275591874193,1.2035536139029404
2004-11-11 19:58:00,38030.519375496304,0.008261467152646418,0,38104.350587922105,-73.83947389295356,0.8541916522770805
2004-11-11 19:59:00,38030.92031084707,0.004096248360746957,0,38104.350587212895,-73.43437261418777,1.3045869620131398
2004-11-11 20:00:00,38033.12028653447,0.0,0,38104.350586503395,-71.23029996892728,1.3533435431961607
2004-11-11 20:01:00,38033.61887186125,-0.0040284045686235104,0,38104.35058579361,-70.72768552779544,0.053525069580743434
2004-11-11 20:02:00,38033.2193457246,-0.007989529188393416,0,38104.35058508356,-71.1232498297658,0.9541526592270415
2004-11-11 20:03:00,38035.51932036685,-0.011883797003642126,0,38104.3505843732,-68.81938020934136,1.4538457753202394
2004-11-11 20:04:00,38036.119313752286,-0.01571163115870206,0,38104.35058366257,-68.21555827912532,0.30402707495687764
2004-11-11 20:05:00,38036.119783437425,-0.019473454797905618,0,38104.35058295165,-68.2113260594276,0.8044258145183747
2004-11-11 20:06:00,38037.7207058993,-0.023169691065585224,0,38104.350582240455,-66.60670665008857,1.2543558409075217
2004-11-11 20:07:00,38038.62116638824,-0.02680076310607329,0,38104.35058152896,-65.70261437761256,0.6538274432087832
2004-11-11 20:08:00,38039.02116195946,-0.030367094063702225,0,38104.3505808172,-65.299051763671,0.5535287944401475
2004-11-11 20:09:00,38039.72115420932,-0.03386910708280444,0,38104.350580105136,-64.59555678873227,0.8034619207215101
2004-11-11 20:10:00,38040.62114424526,-0.03730722530771234,0,38104.3505793928,-63.69212792222798,0.30363911588704084
2004-11-11 20:11:00,38040.32161825134,-0.04068187188275837,0,38104.35057868018,-63.988278556958186,-0.0454775912672396
2004-11-11 20:12:00,38040.52350139256,-0.043993469952274905,0,38104.35057796728,-63.78308310476246,0.004459681920288006
2004-11-11 20:13:00,38040.323975618296,-0.04724244266059437,0,38104.350577254074,-63.97935919311761,-0.3960685576159797
2004-11-11 20:14:00,38039.724927107454,-0.05042921315204919,0,38104.3505765406,-64.57522021999442,-0.6456541508722644
2004-11-11 20:15:00,38039.02635412741,-0.05355420457097177,0,38104.350575826844,-65.27066749486214,-0.44595354429878853
2004-11-11 20:16:00,38038.82682996414,-0.056617840061694506,0,38104.350575112796,-65.467127308592,-0.546723148824519
2004-11-11 20:17:00,38037.92684006319,-0.05962054276854984,0,38104.35057439847,-66.36411379251118,0.05297260131447956
2004-11-11 20:18:00,38038.92682884206,-0.06256273583587016,0,38104.350573683856,-65.36118210596304,1.6528943508170428
2004-11-11 20:19:00,38041.22680303568,-0.06544484240798788,0,38104.350572968964,-63.05832509087709,1.2014208054920488
2004-11-11 20:20:00,38041.323964473166,-0.06826728562923544,0,38104.350572253774,-62.95834049497894,0.8013658988861998
2004-11-11 20:21:00,38042.823947756566,-0.07103048864394525,0,38104.350571538314,-61.45559329310469,0.8524890545765409
2004-11-11 20:22:00,38043.02347356214,-0.07373487459644967,0,38104.350570822564,-61.25336238582586,-0.3977914840534815
2004-11-11 20:23:00,38042.02301297869,-0.07638086663108117,0,38104.35057010653,-62.251176261211654,-0.5478477396979606
2004-11-11 20:24:00,38041.92254263709,-0.07896888789217213,0,38104.350569390204,-62.34905786522178,0.6025532923465704
2004-11-11 20:25:00,38043.22299963556,-0.08149936152405499,0,38104.3505686736,-61.04606967651851,1.0529625250859311
2004-11-11 20:26:00,38044.02346243099,-0.08397271067106211,0,38104.35056795671,-60.24313281504992,0.053153102438106004
2004-11-11 20:27:00,38043.32441440942,-0.08638935847752596,0,38104.35056723954,-60.9397634716423,-0.14690077462557127
2004-11-11 20:28:00,38043.72488242969,-0.08874972808777896,0,38104.35056652208,-60.53693436430106,0.6532716399640925
2004-11-11 20:29:00,38044.626291369976,-0.09105424264615347,0,38104.350565804336,-59.633220191714116,0.2539320718604934
2004-11-11 20:30:00,38044.22819154044,-0.09330332529698193,0,38104.350565086315,-60.029070220580074,-0.19611535524106927
2004-11-11 20:31:00,38044.229616066616,-0.09549739918459674,0,38104.350564368,-60.025450902196255,-0.39711572026289943
2004-11-11 20:32:00,38043.42962510084,-0.09763688745333032,0,38104.3505636494,-60.82330166110587,-0.3976446682448227
2004-11-11 20:33:00,38043.43010047858,-0.0997222132475151,0,38104.350562930515,-60.8207402386859,0.502529025464522
2004-11-11 20:34:00,38044.43056480146,-0.10175379971148348,0,38104.35056221135,-59.81824361017683,-0.29727709417347725
2004-11-11 20:35:00,38042.831534994875,-0.10373206998956785,0,38104.3505614919,-61.415294427032855,-1.1473201669682282
2004-11-11 20:36:00,38042.13201938083,-0.10565744722610067,0,38104.35056077217,-62.112883944113285,-0.44761845381401955
2004-11-11 20:37:00,38041.93249836291,-0.10753035456541431,0,38104.35056005214,-62.310531334660894,0.40184306168187334
2004-11-11 20:38:00,38042.93201029595,-0.1093512151518412,0,38104.35055933185,-61.30919782074954,0.10131805546588879
2004-11-11 20:39:00,38042.13154293539,-0.11112045212971375,0,38104.35055861125,-62.107895223729116,-0.8980070613464868
2004-11-11 20:40:00,38041.13250745829,-0.11283848864336438,0,38104.35055789038,-63.10521194344251,-0.39782550661686145
2004-11-11 20:41:00,38041.332505184415,-0.1145057478371255,0,38104.350557169215,-62.90354623696284,0.2014021716325196
2004-11-11 20:42:00,38041.532026194734,-0.11612265285532951,0,38104.35055644777,-62.70240760017747,0.2506371832658374
2004-11-11 20:43:00,38041.83059422877,-0.11768962684230884,0,38104.35055572604,-62.402271870431164,-0.44940408727920556
2004-11-11 20:44:00,38040.63013213634,-0.11920709294239587,0,38104.35055500402,-63.601215774735884,-0.9492087327860546
2004-11-11 20:45:00,38039.929189471426,-0.12067547429992305,0,38104.35055428173,-64.30068933600327,-0.8492583721198805
2004-11-11 20:46:00,38038.928725846104,-0.12209519405922277,0,38104.35055355914,-65.29973251897565,-0.7488326716838429
2004-11-11 20:47:00,38038.42873148154,-0.12346667536462747,0,38104.35055283627,-65.79835467937096,-0.4991205942004484
2004-11-11 20:48:00,38037.92778806438,-0.12479034136046954,0,38104.350552113116,-66.29797370737654,-0.2989332549665491
2004-11-11 20:49:00,38037.82826358519,-0.1260666151910814,0,38104.35055138968,-66.39622118930406,-0.0485087266964257
2004-11-11 20:50:00,38037.82826358519,-0.12729592000079543,0,38104.35055066596,-66.3949911607694,-0.048555351158839244
2004-11-11 20:51:00,38037.72873937139,-0.1284786789339441,0,38104.35054994195,-66.49333189162174,-0.5485960493209348
2004-11-11 20:52:00,38036.72875064311,-0.12961531513485977,0,38104.350549217655,-67.49218325941126,-0.6491155007521954
2004-11-11 20:53:00,38036.428279348205,-0.1307062517478749,0,38104.35054849308,-67.79156289312613,-0.599161557352005
2004-11-11 20:54:00,38035.52828948219,-0.13175191191732188,0,38104.35054776822,-68.69050637411527,0.4512562244280858
2004-11-11 20:55:00,38037.32874388,-0.13275271878753314,0,38104.35054704306,-66.88905044426996,0.6507347938595416
2004-11-11 20:56:00,38036.82780043573,-0.13370909550284107,0,38104.350546317626,-67.38903678639619,-0.6000067098529129
2004-11-11 20:57:00,38036.126860262724,-0.13462146520757806,0,38104.35054559191,-68.08906386397578,-1.1005168716189146
2004-11-11 20:58:00,38034.624984085225,-0.13549025104607657,0,38104.350544865905,-69.59007052963402,-1.3512636646613103
2004-11-11 20:59:00,38033.42263707015,-0.136315876162669,0,38104.35054413961,-70.7915911932984,-1.5517699542541479
2004-11-11 21:00:00,38031.5198342112,-0.13709876370168772,0,38104.35054341304,-72.69361043814231,0.1981753640963717
2004-11-11 21:01:00,38033.81746288427,-0.13783933680746518,0,38104.35054268618,-70.39524046510566,1.3988297521949704
2004-11-11 21:02:00,38034.31605300666,-0.13853801862433385,0,38104.35054195904,-69.89595093375237,-0.2504882790633971
2004-11-11 21:03:00,38033.31512897607,-0.13919523229662603,0,38104.3505412316,-70.89621702323245,-0.3000603222943923
2004-11-11 21:04:00,38033.71465752458,-0.1398114009686742,0,38104.35054050389,-70.49607157834116,0.5501236370602101
2004-11-11 21:05:00,38034.41418307899,-0.14038694778481076,0,38104.350539775885,-69.79596974911203,0.8000807825021852
2004-11-11 21:06:00,38035.31370673838,-0.1409222958893681,0,38104.350539047606,-68.89591001333679,0.30051292188775847
2004-11-11 21:07:00,38035.01417654527,-0.1414178684266787,0,38104.350538319035,-69.19494390533652,-0.19952119955279102
2004-11-11 21:08:00,38034.91371108918,-0.1418740885410749,0,38104.350537590166,-69.29495241244237,1.0499596646981146
2004-11-11 21:09:00,38037.11322090571,-0.14229137937688913,0,38104.35053686103,-67.09502457594029,1.2001525889599804
2004-11-11 21:10:00,38037.313218733,-0.14267016407845384,0,38104.3505361316,-66.89464723452241,-0.8496302927317814
2004-11-11 21:11:00,38035.4132393747,-0.14301086579010136,0,38104.35053540189,-68.79428516140385,-0.749902254492099
2004-11-11 21:12:00,38035.812769020726,-0.1433139076561642,0,38104.35053467189,-68.39445174350661,-0.7504053503885757
2004-11-11 21:13:00,38033.911858366606,-0.14357971282097473,0,38104.35053394161,-70.295095862181,-0.8999749874833611
2004-11-11 21:14:00,38034.012322788134,-0.14380870442886534,0,38104.350533211036,-70.19440171847333,-0.09862230523626891
2004-11-11 21:15:00,38033.71419070191,-0.14400130562416852,0,38104.35053248019,-70.49234047265354,-0.3981873344028557
2004-11-11 21:16:00,38033.21559742221,-0.14415793955121656,0,38104.35053174904,-70.99077638727904,-0.1986898452566379
2004-11-11 21:17:00,38033.3165318251,-0.14427902935434198,0,38104.35053101762,-70.88972016316681,0.1508044370128303
2004-11-11 21:18:00,38033.51699777447,-0.14436499817787715,0,38104.350530285905,-70.68916751325338,0.35076811343646597
2004-11-11 21:19:00,38034.017929348454,-0.14441626916615447,0,38104.350529553914,-70.18818393629388,0.4509675039782195
2004-11-11 21:20:00,38034.41886305087,-0.14443326546350638,0,38104.35052882163,-69.78723250529694,0.15070292702695554
2004-11-11 21:21:00,38034.3193335966,-0.14441641021426532,0,38104.35052808905,-69.88677808223997,0.44925884821257256
2004-11-11 21:22:00,38035.31744642077,-0.14436612656276362,0,38104.350527356204,-68.8887148088718,0.49899035879939646
2004-11-11 21:23:00,38035.31744642077,-0.14428283765333375,0,38104.350526623064,-68.88879736464118,0.19989895828734205
2004-11-11 21:24:00,38035.71744203072,-0.1441669666303081,0,38104.35052588965,-68.48891689229711,0.3000998085358688
2004-11-11 21:25:00,38035.917908471725,-0.14401893663801907,0,38104.35052515593,-68.28859774756944,-0.049459261408671296
2004-11-11 21:26:00,38035.618849836,-0.1438391708207991,0,38104.350524421934,-68.58783541511445,-0.14925444602205573
2004-11-11 21:27:00,38035.619788955715,-0.14362809232298063,0,38104.35052368765,-68.58710663961355,-0.4995157271886228
2004-11-11 21:28:00,38034.62026995931,-0.14338612428889602,0,38104.35052295309,-69.5868668694917,-0.09955003344941815
2004-11-11 21:29:00,38035.42120182186,-0.14311368986287767,0,38104.350522218236,-68.78620670651239,0.15018197874337602
2004-11-11 21:30:00,38034.9212073589,-0.14281121218925807,0,38104.350521483095,-69.28650291200495,0.04991826594844895
2004-11-11 21:31:00,38035.52167145864,-0.14247911441236955,0,38104.35052074767,-68.68637017461549,0.2503577832638513
2004-11-11 21:32:00,38035.42261484681,-0.14211781967654455,0,38104.35052001196,-68.78578734547725,-0.14966637228550184
2004-11-11 21:33:00,38035.22308860565,-0.14172775112611552,0,38104.35051927596,-68.9857029191865,0.05006760104094354
2004-11-11 21:34:00,38035.523557064385,-0.14130933190541484,0,38104.350518539686,-68.68565214339536,-0.20019351957507325
2004-11-11 21:35:00,38034.82356485962,-0.14086298515877493,0,38104.35051780311,-69.38608995833664,0.14977499490519364
2004-11-11 21:36:00,38035.824025778646,-0.14038913403052822,0,38104.35051706626,-68.38610215358497,0.19927521826231498
2004-11-11 21:37:00,38035.22308860565,-0.1398882016650071,0,38104.35051632913,-68.98753952181201,-0.8514474112582349
2004-11-11 21:38:00,38034.122158004386,-0.13936061120654394,0,38104.350515591694,-70.08899697610144,-0.20124466360294235
2004-11-11 21:39:00,38034.82167921917,-0.13880678579947123,0,38104.350514853984,-69.3900288490179,0.09919738563593938
2004-11-11 21:40:00,38034.321684762566,-0.13822714858812132,0,38104.350514115984,-69.89060220482956,-0.3005882673507472
2004-11-11 21:41:00,38034.22168587127,-0.1376221227168267,0,38104.35051337771,-69.99120538371939,-0.0008521497165432379
2004-11-11 21:42:00,38034.32121400355,-0.1369921313299197,0,38104.35051263914,-69.89230650426265,-0.2511093870658385
2004-11-11 21:43:00,38033.720750144865,-0.1363375975717328,0,38104.35051190029,-70.49342415785107,-0.8511268262401614
2004-11-11 21:44:00,38032.62029205981,-0.13565894458659833,0,38104.35051116114,-71.59456015674297,-0.20092267198885594
2004-11-11 21:45:00,38033.32028432438,-0.1349565955188488,0,38104.350510421726,-70.89526950182878,0.9495113716258174
2004-11-11 21:46:00,38034.520741295004,-0.13423097351281654,0,38104.35050968201,-69.69553741349134,0.19996723818979234
2004-11-11 21:47:00,38033.721691414845,-0.13348250171283405,0,38104.35050894201,-70.4953350254492,-0.05052314444051831
2004-11-11 21:48:00,38034.421212896086,-0.13271160326323367,0,38104.35050820172,-69.79658370237237,0.14874654586662928
2004-11-11 21:49:00,38034.02074682612,-0.13191870130834785,0,38104.350507461146,-70.19784193371594,0.14919538741743565
2004-11-11 21:50:00,38034.72120957376,-0.13110421899250896,0,38104.35050672029,-69.4981929275375,0.8494015168692144
2004-11-11 21:51:00,38035.72119849971,-0.13026857946004944,0,38104.35050597915,-68.4990388999775,0.39774083307261066
2004-11-11 21:52:00,38035.518381770475,-0.12941220585530172,0,38104.35050523772,-68.70271126139228,-0.0025097027636249436
2004-11-11 21:53:00,38035.71791066918,-0.1285355213225982,0,38104.350504496004,-68.50405830550476,-0.30111704219441293
2004-11-11 21:54:00,38034.91791945922,-0.12763894900627126,0,38104.35050375401,-69.3049453457811,-0.1504348778667577
2004-11-11 21:55:00,38035.41885203843,-0.12672291205065336,0,38104.350503011716,-68.80492806123827,0.4495392719211537
2004-11-11 21:56:00,38035.81884763361,-0.1257878336000769,0,38104.350502269146,-68.4058668019388,-0.20094144245358336
2004-11-11 21:57:00,38035.018856443334,-0.12483413679887424,0,38104.35050152628,-69.20681094614544,-0.20072513355147237
2004-11-11 21:58:00,38035.4193214693,-0.12386224479137788,0,38104.35050078313,-68.80731706904174,-0.15027382924160548
2004-11-11 21:59:00,38034.720268854355,-0.12287258072192016,0,38104.350500039705,-69.50735860462865,-0.3005244549097341
2004-11-11 22:00:00,38034.8202677494,-0.12186556773483354,0,38104.35049929599,-69.40836597886121,0.2496882330825443
2004-11-11 22:01:00,38035.221674784545,-0.1208416289744504,0,38104.35049855198,-69.00798213846356,2.6527163412889507
2004-11-11 22:02:00,38040.12776332382,-0.11980118758510314,0,38104.35049780769,-64.10293329628331,5.1552982358118555
2004-11-11 22:03:00,38045.53436672956,-0.11874466671112424,0,38104.35049706311,-58.69738566683985,6.105075326458948
2004-11-11 22:04:00,38052.34004118538,-0.11767248949684614,0,38104.35049631824,-51.892782643365415,6.305345752418198
2004-11-11 22:05:00,38058.14721633201,-0.11658507908660107,0,38104.3504955731,-46.086694162003454,4.101752863263556
2004-11-11 22:06:00,38060.5457350522,-0.11548285862472163,0,38104.35049482766,-43.6892769168383,1.9971744832872496
2004-11-11 22:07:00,38062.143782635256,-0.11436625125554015,0,38104.35049408194,-42.092345195428955,0.8981412938756392
2004-11-11 22:08:00,38062.34426332672,-0.113235680123389,0,38104.35049333593,-41.892994329087024,0.4998243896483032
2004-11-11 22:09:00,38063.14570460513,-0.11209156837260065,0,38104.350492589634,-41.09269641613235,1.200287807455215
2004-11-11 22:10:00,38064.747138789724,-0.11093433914750755,0,38104.35049184305,-39.492418714176594,1.4010036345437626
2004-11-11 22:11:00,38065.95003753354,-0.1097644155924421,0,38104.35049109618,-38.29068914704482,0.4505190314338954
2004-11-11 22:12:00,38065.650527476864,-0.10858222085173663,0,38104.350490349025,-38.5913806513088,-0.20142807447818356
2004-11-11 22:13:00,38065.54955612752,-0.1073881780697237,0,38104.35048960159,-38.69354529600119,-0.5519217197201414
2004-11-11 22:14:00,38064.54908205271,-0.10618271039073549,0,38104.35048885385,-39.695224090749086,-1.101197228868326
2004-11-11 22:15:00,38063.349582111136,-0.10496624095910462,0,38104.35048810583,-40.89593975373784,-0.9509668472968151
2004-11-11 22:16:00,38062.649590379275,-0.10373919291916342,0,38104.35048735754,-41.597157785342716,-0.6007379803678496
2004-11-11 22:17:00,38062.15056890506,-0.1025019894152443,0,38104.35048660895,-42.09741571447354,0.049731218359927
2004-11-11 22:18:00,38062.751535457865,-0.10125505359167977,0,38104.35048586008,-41.49769534862286,1.0999541410179958
2004-11-11 22:19:00,38064.35297886988,-0.09999880859280214,0,38104.35048511091,-39.89750743243755,1.3504319609466684
2004-11-11 22:20:00,38065.45491925717,-0.09873367756294382,0,38104.350484361465,-38.796831426729526,1.0496956054347493
2004-11-11 22:21:00,38066.45490730651,-0.09746008364643721,0,38104.35048361173,-37.79811622156805,0.6494492763128186
2004-11-11 22:22:00,38066.75637153762,-0.09617844998761474,0,38104.350482861715,-37.49793287410389,-0.9507841694134633
2004-11-11 22:23:00,38064.55590835128,-0.09488919973080895,0,38104.350482111404,-39.69968456039498,-1.8524925575179054
2004-11-11 22:24:00,38063.05397061565,-0.09359275602035208,0,38104.35048136081,-41.2029179891397,-1.8027435864344739
2004-11-11 22:25:00,38060.95301933466,-0.0922895420005766,0,38104.35048060992,-43.305171733263926,-0.5017878232420792
2004-11-11 22:26:00,38062.05300624232,-0.09097998081581501,0,38104.35047985876,-42.20649363562386,0.3977087354335467
2004-11-11 22:27:00,38061.75106034929,-0.08966449561039952,0,38104.3504791073,-42.50975426239683,-0.05302128134122697
2004-11-11 22:28:00,38061.94959864773,-0.08834350952866277,0,38104.35047835556,-42.31253619830631,0.5974546959280964
2004-11-11 22:29:00,38062.94861528728,-0.087017445714937,0,38104.35047760353,-41.31484487054064,0.6984211425287974
2004-11-11 22:30:00,38063.34909621065,-0.08568672731355481,0,38104.350476851214,-40.91569391324872,0.2491507396951569
2004-11-11 22:31:00,38063.44958093,-0.08435177746884834,0,38104.35047609862,-40.816543391150326,-0.5015730270345244
2004-11-11 22:32:00,38062.34862235908,-0.08301301932515023,0,38104.350475345724,-41.918839967317766,-0.45254784560732375
2004-11-11 22:33:00,38062.54716463416,-0.0816708760267928,0,38104.35047459255,-41.72163908236497,0.6476795137086064
2004-11-11 22:34:00,38063.646667128465,-0.08032577071810848,0,38104.350473839084,-40.62348093990055,-0.30182657001916624
2004-11-11 22:35:00,38061.9462027364,-0.07897812654342973,0,38104.350473085346,-42.325292222403306,-0.15231404818628036
2004-11-11 22:36:00,38063.34473492838,-0.07762836664708894,0,38104.3504723313,-40.92810903627311,1.1974272728030328
2004-11-11 22:37:00,38064.34375698601,-0.07627691417341842,0,38104.35047157698,-39.93043767679724,0.14792240443115645
2004-11-11 22:38:00,38063.64328240269,-0.07492419226675068,0,38104.35047082237,-40.6322642274108,-0.8513424804892971
2004-11-11 22:39:00,38062.64377680562,-0.07357062407141807,0,38104.35047006747,-41.633122637775834,-0.6015872853166115
2004-11-11 22:40:00,38062.442813881506,-0.07221663273175316,0,38104.35046931228,-41.835438798044024,0.6476744933226044
2004-11-11 22:41:00,38063.941832264296,-0.07086264139208831,0,38104.35046855682,-40.337773651130625,0.4479188010520261
2004-11-11 22:42:00,38063.34135753192,-0.0695090731967557,0,38104.35046780106,-40.93960119593997,-0.5020687442935419
2004-11-11 22:43:00,38062.940399554,-0.06815635129008796,0,38104.350467045006,-41.34191113971771,-0.3525495669813239
2004-11-11 22:44:00,38062.63896105996,-0.06680489881641749,0,38104.35046628868,-41.64470032990262,0.1474474528650198
2004-11-11 22:45:00,38063.23799415914,-0.06545513892007665,0,38104.35046553205,-41.04701623398767,0.0974518973394467
2004-11-11 22:46:00,38062.836560745185,-0.06410749474539784,0,38104.350464775154,-41.449796535223726,-0.6522965757065542
2004-11-11 22:47:00,38061.93609224312,-0.06276238943671353,0,38104.35046401796,-42.35160938540078,-0.3020572635624248
2004-11-11 22:48:00,38062.23513195199,-0.06142024613835617,0,38104.350463260474,-42.053911062348575,0.29841759245188726
2004-11-11 22:49:00,38062.535606814214,-0.060081487994657956,0,38104.350462502705,-41.754774200497,0.3984203197439804
2004-11-11 22:50:00,38063.03464478364,-0.058746538149951566,0,38104.35046174465,-41.257070422860615,-0.6027581592972489
2004-11-11 22:51:00,38061.33275464747,-0.05741581974856935,0,38104.35046098631,-42.9602905190915,-0.8527492998955424
2004-11-11 22:52:00,38061.331801449094,-0.056089755934843666,0,38104.35046022768,-42.9625690226517,-0.15203576803986252
2004-11-11 22:53:00,38061.03132864374,-0.05476876985310669,0,38104.35045946876,-43.264362055171226,-0.6510718601077876
2004-11-11 22:54:00,38060.032292682044,-0.05345328464769139,0,38104.35045870956,-44.264712742867275,-0.4503534356542538
2004-11-11 22:55:00,38060.13324530012,-0.052143723462929725,0,38104.350457950066,-44.165068926479734,-0.10058897402184286
2004-11-11 22:56:00,38059.83372598993,-0.050840509443154325,0,38104.35045719028,-44.46589069091096,0.49941152148010914
2004-11-11 22:57:00,38061.134666480975,-0.04954406573269743,0,38104.35045643023,-43.166245883519515,1.7491655972340254
2004-11-11 22:58:00,38063.33464135795,-0.048254815475891555,0,38104.35045566987,-40.96755949644291,0.7987061827521309
2004-11-11 22:59:00,38062.7346482094,-0.046973181817069054,0,38104.35045490923,-41.56883351801525,-0.5522253245902391
2004-11-11 23:00:00,38062.232744414774,-0.045699587900562666,0,38104.3504541483,-42.07201014562339,-0.402695384963522
2004-11-11 23:01:00,38061.93179464227,-0.04443445687070413,0,38104.35045338708,-42.3742242879423,-0.5019689454227745
2004-11-11 23:02:00,38061.23132637724,-0.04317821187182663,0,38104.35045262558,-43.07594803646894,-0.9017167069490384
2004-11-11 23:03:00,38060.1308628859,-0.04193127604826202,0,38104.350451863786,-44.177657701840374,-1.4517007229567689
2004-11-11 23:04:00,38058.33040754678,-0.04069407254434282,0,38104.35045110171,-45.979349482382474,-1.3514539438702897
2004-11-11 23:05:00,38057.43041772526,-0.039467024504401815,0,38104.35045033935,-46.880565589580954,-0.30145533436764893
2004-11-11 23:06:00,38057.7299388705,-0.03825055507277075,0,38104.35044957669,-46.58226015111777,-0.4016810260322323
2004-11-11 23:07:00,38056.629476084716,-0.037045087393782705,0,38104.350448813755,-47.68392764164542,-0.9016639145760763
2004-11-11 23:08:00,38055.92900902565,-0.03585104461176969,0,38104.35044805053,-48.385587980269925,-0.6018926375302662
2004-11-11 23:09:00,38055.42806552043,-0.03466884987106428,0,38104.350447287004,-48.88771291670595,-0.0016498601799419532
2004-11-11 23:10:00,38055.928059896265,-0.03349892631599871,0,38104.35044652321,-48.38888770062981,-0.9511521258597888
2004-11-11 23:11:00,38053.528086893595,-0.03234169709090562,0,38104.35044575911,-50.79001716842553,-1.200899175969635
2004-11-11 23:12:00,38053.52856135683,-0.031197585340117406,0,38104.350444994736,-50.79068605256908,0.9488527364922916
2004-11-11 23:13:00,38055.42806552043,-0.030067014207966314,0,38104.35044423008,-48.892311695440945,1.3483876746632149
2004-11-11 23:14:00,38056.22758235504,-0.028950406838784803,0,38104.35044346512,-48.09391070324265,0.44864920671157904
2004-11-11 23:15:00,38056.32758123148,-0.027848186376905226,0,38104.35044269988,-47.99501328201779,0.09866787562148716
2004-11-11 23:16:00,38056.427106206385,-0.026760775966660266,0,38104.35044193435,-47.896574951999675,0.1486823370212882
2004-11-11 23:17:00,38056.6271039618,-0.025688598752382164,0,38104.35044116853,-47.69764860797521,0.048935855766075065
2004-11-11 23:18:00,38056.52710508409,-0.024632077878403158,0,38104.350440402435,-47.798703240467525,-0.25080795649388676
2004-11-11 23:19:00,38056.127583478585,-0.023591636489055934,0,38104.35043963604,-48.199264520962984,-0.10055626705924325
2004-11-11 23:20:00,38056.32805539705,-0.02256769772867273,0,38104.35043886936,-47.99981577458601,0.4492173134723103
2004-11-11 23:21:00,38057.02804752363,-0.021560684741586122,0,38104.35043810239,-47.300829894018364,0.5989956800292084
2004-11-11 23:22:00,38057.52804189993,-0.02057102067212846,0,38104.35043733513,-46.801824414527594,-0.650498132313782
2004-11-11 23:23:00,38055.72901128029,-0.019599128664632204,0,38104.3504365676,-48.60182615864593,-0.8004784638603653
2004-11-11 23:24:00,38055.92900902565,-0.018645431863429374,0,38104.35043579976,-48.402781342248325,-0.05094305599031301
2004-11-11 23:25:00,38055.62901240761,-0.017710353412852986,0,38104.35043503165,-48.70371227062655,-0.1506856171697386
2004-11-11 23:26:00,38055.62948737019,-0.01679431645723506,0,38104.35043426324,-48.7041525765878,-0.3011395076915129
2004-11-11 23:27:00,38055.028544464396,-0.015897744140908165,0,38104.35043349455,-49.30599128600958,-0.8518254455105065
2004-11-11 23:28:00,38053.92760819834,-0.015021059608204435,0,38104.35043272556,-50.407803467608815,-0.45157198175263247
2004-11-11 23:29:00,38054.127132020774,-0.014164686003456994,0,38104.35043195629,-50.209135249514844,0.04915420099919032
2004-11-11 23:30:00,38054.027607074655,-0.013329046470997308,0,38104.35043118674,-50.309495065610434,-0.15011131249386622
2004-11-11 23:31:00,38053.82855797824,-0.012514564155158392,0,38104.3504304169,-50.50935787450258,-0.7003207130110098
2004-11-11 23:32:00,38052.628571492925,-0.011721662200272487,0,38104.35042964676,-51.710136491632454,-0.10078000372971374
2004-11-11 23:33:00,38053.62856023062,-0.010950763750672277,0,38104.350428876336,-50.710917881962004,0.9987555053047288
2004-11-11 23:34:00,38054.62760033266,-0.010202291950689668,0,38104.35042810563,-49.712625481023,0.2985490578138794
2004-11-11 23:35:00,38054.227130898355,-0.009476669944657568,0,38104.35042733463,-50.113819766334245,0.24833692934419105
2004-11-11 23:36:00,38055.12570062014,-0.008774320876907882,0,38104.35042656335,-49.215951622334615,0.7983547871485221
2004-11-11 23:37:00,38055.82521993184,-0.008095667891773517,0,38104.35042579177,-48.5171101920372,-0.0009022549776460664
2004-11-11 23:38:00,38055.12522775349,-0.007441134133586602,0,38104.35042501991,-49.21775613228991,-0.8003961124037247
2004-11-11 23:39:00,38054.225710688166,-0.006811142746679599,0,38104.35042424776,-50.11790241684465,-0.40013925865964595
2004-11-11 23:40:00,38054.32618270884,-0.0062061168753849705,0,38104.35042347533,-50.0180346496092,0.049881152454709365
2004-11-11 23:41:00,38054.326656111,-0.005626479664035067,0,38104.3504227026,-50.01814011193523,-0.5505597986305482
2004-11-11 23:42:00,38053.22619502846,-0.00507265425696235,0,38104.35042192959,-51.119154246870295,-1.0010020180591788
2004-11-11 23:43:00,38052.32573194443,-0.0045450637984992825,0,38104.35042115628,-52.02014414805359,-0.6002700523915365
2004-11-11 23:44:00,38052.02668189961,-0.004044131432978104,0,38104.350420382696,-52.31969435165337,0.400456003796549
2004-11-11 23:45:00,38053.12761718805,-0.003570280304731388,0,38104.35041960882,-51.21923214046049,0.6500071955782509
2004-11-11 23:46:00,38053.327614940594,-0.003123933558091596,0,38104.35041883465,-51.019679960496866,-0.7508970102482593
2004-11-11 23:47:00,38051.6266863849,-0.0027055143373909685,0,38104.350418060196,-52.72102616095701,-1.401098304323238
2004-11-11 23:48:00,38050.52622527052,-0.002315445786961745,0,38104.35041728545,-53.82187656914334,-1.1510718129383903
2004-11-11 23:49:00,38049.32529257253,-0.001954151051136943,0,38104.35041651042,-55.02316978683379,-0.8012825840607292
2004-11-11 23:50:00,38048.92435194456,-0.0016220532742483584,0,38104.3504157351,-55.4244417372648,-0.4014924417927155
2004-11-11 23:51:00,38048.522940713476,-0.0013195756006286752,0,38104.350414959496,-55.82615467041922,-0.8014568813680398
2004-11-11 23:52:00,38047.32201154242,-0.0010471411746104664,0,38104.350414183595,-57.02735550000088,-0.6507204561267983
2004-11-11 23:53:00,38047.2220126516,-0.0008051731405258611,0,38104.35041340741,-57.12759558267282,-0.40045674560030875
2004-11-11 23:54:00,38046.5215495451,-0.0005940946427073213,0,38104.35041263094,-57.8282689912015,-0.9504195506729225
2004-11-11 23:55:00,38045.32156284134,-0.000414328825487309,0,38104.35041185418,-59.02843468401866,-0.8999177020705673
2004-11-11 23:56:00,38044.72204038295,-0.0002662988331983973,0,38104.350411077125,-59.62810439534263,0.09963240841765497
2004-11-11 23:57:00,38045.5210900048,-0.0001504278101726042,0,38104.35041029979,-58.82916986718335,0.5987186601207561
2004-11-11 23:58:00,38045.919675308156,-6.71389007428358e-05,0,38104.35040952216,-58.43066707510112,-0.4512356353734006
2004-11-11 23:59:00,38044.61875075107,-1.685524924122106e-05,0,38104.35040874425,-59.731641137930154,-1.3009568543611927
2004-11-12 00:00:00,38043.31782718222,0.0,0,38104.35040796604,-61.032580783823505,-1.300922437425509
