DATETIME,DATETIME_UT,H_VALUE,SPLINE,BASELINE,LDi,LCi
2004-11-19 00:00:00,2004-11-18 23:51:00,21024.662952351937,0.0,21030.787085889162,-6.124133537225134,0.20639071080488103
2004-11-19 00:01:00,2004-11-18 23:52:00,21024.76505837818,-5.5421646687078775e-05,21030.787035671874,-6.021921872047676,-0.001967380449964029
2004-11-19 00:02:00,2004-11-18 23:53:00,21024.65869639743,-0.00022075902780704804,21030.786985454582,-6.128068298125062,-0.05184730373483992
2004-11-19 00:03:00,2004-11-18 23:54:00,21024.660824136976,-0.0004946208049493647,21030.786935237298,-6.1256164795173556,0.0025056228475048847
2004-11-19 00:04:00,2004-11-18 23:55:00,21024.662952351937,-0.0008756156397034861,21030.786885020007,-6.1230570524300525,0.10258987162509214
2004-11-19 00:05:00,2004-11-18 23:56:00,21024.865035714258,-0.001362352193658869,21030.78683480272,-5.920436736267171,0.1026953829653019
2004-11-19 00:06:00,2004-11-18 23:57:00,21024.867164859803,-0.00195343912840497,21030.78678458543,-5.917666286499449,0.10173468279928866
2004-11-19 00:07:00,2004-11-18 23:58:00,21025.067119512365,-0.002647485105531248,21030.78673436814,-5.716967370668594,0.050783710208472055
2004-11-19 00:08:00,2004-11-18 23:59:00,21024.96714218598,-0.0034430987866271574,21030.786684150848,-5.816098866082505,0.00409103332000349
2004-11-19 00:09:00,2004-11-19 00:00:00,21025.073509740698,-0.004338888833282158,21030.78663393356,-5.708785304028587,0.14883252240846856
2004-11-19 00:10:00,2004-11-19 00:01:00,21025.262816431095,-0.0053334639070857035,21030.786583716268,-5.5184338212655675,-0.26055498766166885
2004-11-19 00:11:00,2004-11-19 00:02:00,21024.550212786955,-0.006425432669627254,21030.786533498976,-6.229895279351925,-0.2998059598323177
2004-11-19 00:12:00,2004-11-19 00:03:00,21024.660824136976,-0.007613403782496265,21030.78648328169,-6.118045740930203,0.3661084901959115
2004-11-19 00:13:00,2004-11-19 00:04:00,21025.279858779526,-0.008895985907282192,21030.786433064393,-5.497678298960102,0.20772221111406797
2004-11-19 00:14:00,2004-11-19 00:05:00,21025.073509740698,-0.010271787705574497,21030.786382847105,-5.702601318702067,-0.15382155810235743
2004-11-19 00:15:00,2004-11-19 00:06:00,21024.969271796806,-0.011739417838962632,21030.78633262981,-5.8053214151648165,-0.10160937452051
2004-11-19 00:16:00,2004-11-19 00:07:00,21024.867164859803,-0.013297484969036058,21030.786282412515,-5.905820067743087,0.05164146538364456
2004-11-19 00:17:00,2004-11-19 00:08:00,21025.06924911307,-0.014944597757384227,21030.786232195223,-5.702038484397527,0.05279462574344951
2004-11-19 00:18:00,2004-11-19 00:09:00,21024.969271796806,-0.016679364865596603,21030.78618197793,-5.800230816256188,-0.051354245365891504
2004-11-19 00:19:00,2004-11-19 00:10:00,21024.962884390545,-0.018500394955262636,21030.78613176063,-5.80474697512931,-0.0012800199244202837
2004-11-19 00:20:00,2004-11-19 00:11:00,21024.962884390545,-0.020406296687971788,21030.786081543338,-5.8027908561050285,-0.047990814030227646
2004-11-19 00:21:00,2004-11-19 00:12:00,21024.862907044124,-0.022395678725313513,21030.78603132604,-5.900728603189766,0.0020806438174827413
2004-11-19 00:22:00,2004-11-19 00:13:00,21024.962884390545,-0.024467149728877268,21030.785981108744,-5.798629568470063,0.00216203711086127
2004-11-19 00:23:00,2004-11-19 00:14:00,21024.862907044124,-0.02661931836025251,21030.785930891452,-5.896404528968043,-0.1009269013804368
2004-11-19 00:24:00,2004-11-19 00:15:00,21024.75654650964,-0.028850793281028696,21030.785880674153,-6.000483371230937,0.20546900075149077
2004-11-19 00:25:00,2004-11-19 00:16:00,21025.269203746237,-0.031160183152795288,21030.785830456854,-5.485466527465062,0.4097574756942697
2004-11-19 00:26:00,2004-11-19 00:17:00,21025.57126572308,-0.03354609663714175,21030.78578023956,-5.180968419842397,0.15350468534001438
2004-11-19 00:27:00,2004-11-19 00:18:00,21025.57126572308,-0.03600714239565751,21030.78573002226,-5.178457156785033,0.0014831207901186971
2004-11-19 00:28:00,2004-11-19 00:19:00,21025.56913569761,-0.03854192908993205,21030.78567980496,-5.17800217826216,0.001556166054853314
2004-11-19 00:29:00,2004-11-19 00:20:00,21025.56913569761,-0.04114906538155482,21030.785629587666,-5.175344824675326,-0.10047812689733293
2004-11-19 00:30:00,2004-11-19 00:21:00,21025.362793778375,-0.043827159932115285,21030.785579370364,-5.378958432056826,-0.048290343458903706
2004-11-19 00:31:00,2004-11-19 00:22:00,21025.467028820072,-0.04657482140320288,21030.78552915307,-5.271925511593134,0.15599158495505172
2004-11-19 00:32:00,2004-11-19 00:23:00,21025.669113015167,-0.04939065845640709,21030.78547893577,-5.066975262146722,0.2017895799019005
2004-11-19 00:33:00,2004-11-19 00:24:00,21025.864809086925,-0.05227327975331735,21030.785428718467,-4.868346351789333,0.002965535050226009
2004-11-19 00:34:00,2004-11-19 00:25:00,21025.669113015167,-0.05522129395552314,21030.78537850117,-5.06104419204627,-0.34476109640157393
2004-11-19 00:35:00,2004-11-19 00:26:00,21025.16922642955,-0.05823330972461389,21030.785328283866,-5.5578685445924805,-0.2500434273822316
2004-11-19 00:36:00,2004-11-19 00:27:00,21025.16283908403,-0.061307935722179074,21030.785278066563,-5.561131046810734,0.2541637532232177
2004-11-19 00:37:00,2004-11-19 00:28:00,21025.67124303051,-0.06444378060980814,21030.785227849265,-5.049541038146045,0.15850589737892928
2004-11-19 00:38:00,2004-11-19 00:29:00,21025.47341892686,-0.06763945304909055,21030.785177631962,-5.244119252052875,-0.24773319263156157
2004-11-19 00:39:00,2004-11-19 00:30:00,21025.16922642955,-0.07089356170161576,21030.78512741466,-5.545007423409168,0.153298794338379
2004-11-19 00:40:00,2004-11-19 00:31:00,21025.773350818752,-0.07420471522897322,21030.785077197357,-4.937521663376117,0.15655093944941845
2004-11-19 00:41:00,2004-11-19 00:32:00,21025.47554991325,-0.07757152229275241,21030.785026980055,-5.231905544510331,-0.1433245977951314
2004-11-19 00:42:00,2004-11-19 00:33:00,21025.479813312228,-0.08099259155454278,21030.78497676275,-5.22417085896638,0.0034977219940777182
2004-11-19 00:43:00,2004-11-19 00:34:00,21025.47554991325,-0.08446653167593375,21030.78492654545,-5.224910100522176,-0.04643873604460369
2004-11-19 00:44:00,2004-11-19 00:35:00,21025.379836045766,-0.08799195131851484,21030.78487632814,-5.317048331055587,-0.09211221525811375
2004-11-19 00:45:00,2004-11-19 00:36:00,21025.284124120655,-0.09156745914387544,21030.784826110837,-5.409134531038403,-0.04100510040325611
2004-11-19 00:46:00,2004-11-19 00:37:00,21025.290525697856,-0.09519166381360505,21030.78477589353,-5.399058531862099,-0.09521246893133384
2004-11-19 00:47:00,2004-11-19 00:38:00,21025.086303033335,-0.09886317398929313,21030.784725676225,-5.599559468901071,-0.09516511554628204
2004-11-19 00:48:00,2004-11-19 00:39:00,21025.092706097636,-0.10258059833252911,21030.784675458923,-5.5893887629546635,0.009126978494291116
2004-11-19 00:49:00,2004-11-19 00:40:00,21025.096977184196,-0.10634254550490249,21030.784625241613,-5.581305511912489,-0.09614347438683346
2004-11-19 00:50:00,2004-11-19 00:41:00,21024.89275168841,-0.11014762416800265,21030.784575024307,-5.78167571172833,-0.04290731323081731
2004-11-19 00:51:00,2004-11-19 00:42:00,21025.003410225647,-0.11399444298341915,21030.784524807004,-5.667120138374123,0.011395842928801247
2004-11-19 00:52:00,2004-11-19 00:43:00,21024.907708953207,-0.11788161061274133,21030.78447458969,-5.758884025870728,-0.0460317131799437
2004-11-19 00:53:00,2004-11-19 00:44:00,21024.903433071933,-0.12180773571755875,21030.784424372385,-5.759183564734011,0.051845761699148785
2004-11-19 00:54:00,2004-11-19 00:45:00,21025.003410225647,-0.1257714269594608,21030.78437415508,-5.65519250247243,0.10400914976823783
2004-11-19 00:55:00,2004-11-19 00:46:00,21025.10338737957,-0.129771293000037,21030.78432393777,-5.551165265197535,0.15510203743421425
2004-11-19 00:56:00,2004-11-19 00:47:00,21025.305479350354,-0.13380594250087674,21030.78427372046,-5.344988427604002,0.20833258188513382
2004-11-19 00:57:00,2004-11-19 00:48:00,21025.511849417602,-0.13787398412356952,21030.784223503153,-5.1345001014272675,0.15944762116412114
2004-11-19 00:58:00,2004-11-19 00:49:00,21025.616106074038,-0.1419740265297048,21030.784173285843,-5.0260931852757595,0.05736413472576407
2004-11-19 00:59:00,2004-11-19 00:50:00,21025.618246558173,-0.14610467838087202,21030.78412306853,-5.019771831975739,0.004195478214240822
2004-11-19 01:00:00,2004-11-19 00:51:00,21025.616106074038,-0.1502645483386606,21030.784072851224,-5.017702228847278,0.051002544818611995
2004-11-19 01:01:00,2004-11-19 00:52:00,21025.711803646507,-0.1544522450646601,21030.78402263391,-4.917766742338515,0.09994967545668354
2004-11-19 01:02:00,2004-11-19 00:53:00,21025.807503161443,-0.15866637722045984,21030.783972416597,-4.817802877933911,0.10425398639848193
2004-11-19 01:03:00,2004-11-19 00:54:00,21025.911757876278,-0.16290555346764937,21030.783922199287,-4.7092587695415515,0.0053705010472566705
2004-11-19 01:04:00,2004-11-19 00:55:00,21025.809641723667,-0.16716838246781818,21030.783871981974,-4.8070618758393975,-0.09351317699384643
2004-11-19 01:05:00,2004-11-19 00:56:00,21025.716083168252,-0.1714534728825556,21030.783821764664,-4.896285123529244,0.05861378639454351
2004-11-19 01:06:00,2004-11-19 00:57:00,21025.918177810927,-0.17575943337345118,21030.78377154735,-4.6898343030503105,0.15540178085739864
2004-11-19 01:07:00,2004-11-19 00:58:00,21026.018154895617,-0.18008487260209438,21030.783721330034,-4.585481561814447,-0.045603841994238614
2004-11-19 01:08:00,2004-11-19 00:59:00,21025.81820072646,-0.18442839923007462,21030.783671112727,-4.781041987038788,0.004402091971844602
2004-11-19 01:09:00,2004-11-19 01:00:00,21026.018154895617,-0.18878862191898144,21030.783620895407,-4.576677377870758,0.10653633344402724
2004-11-19 01:10:00,2004-11-19 01:01:00,21026.022437208612,-0.19316414933040416,21030.783570678093,-4.567969320150733,-0.0934032063029786
2004-11-19 01:11:00,2004-11-19 01:02:00,21025.82248308018,-0.19755359012593227,21030.783520460784,-4.763483790476715,-0.04768377970909565
2004-11-19 01:12:00,2004-11-19 01:03:00,21025.918177810927,-0.2019555529671553,21030.783470243463,-4.6633368795689245,-0.09659003572596259
2004-11-19 01:13:00,2004-11-19 01:04:00,21025.6203875177,-0.20636864651566267,21030.783420026146,-4.95666386192864,-0.14228529345045082
2004-11-19 01:14:00,2004-11-19 01:05:00,21025.624670862933,-0.21079147943304383,21030.783369808836,-4.947907466469826,0.05767861136578434
2004-11-19 01:15:00,2004-11-19 01:06:00,21025.726790291938,-0.21522266038088828,21030.783319591515,-4.841306639197072,0.10767619128167638
2004-11-19 01:16:00,2004-11-19 01:07:00,21025.831053492275,-0.21966079802078547,21030.783269374202,-4.732555083906473,0.10661124947569833
2004-11-19 01:17:00,2004-11-19 01:08:00,21025.931030515625,-0.22410450101432472,21030.783219156885,-4.628084140245675,0.002352928909131524
2004-11-19 01:18:00,2004-11-19 01:09:00,21025.826767335453,-0.22855237802309564,21030.783168939564,-4.72784922608821,0.002356417446955472
2004-11-19 01:19:00,2004-11-19 01:10:00,21025.926744379187,-0.23300303770868766,21030.783118722247,-4.623371305351764,0.056633162757827815
2004-11-19 01:20:00,2004-11-19 01:11:00,21025.931030515625,-0.23745508873269017,21030.78306850493,-4.614582900572555,0.10876635884628083
2004-11-19 01:21:00,2004-11-19 01:12:00,21026.135272560194,-0.24190713975669273,21030.78301828761,-4.405838587659202,0.05556197001529872
2004-11-19 01:22:00,2004-11-19 01:13:00,21026.03315131031,-0.2463577994422847,21030.782968070293,-4.503458960541957,-0.050847255338501984
2004-11-19 01:23:00,2004-11-19 01:14:00,21026.02457907819,-0.25080567645105567,21030.782917852976,-4.507533098336206,0.050198418440159376
2004-11-19 01:24:00,2004-11-19 01:15:00,21026.124556132545,-0.25524937944459497,21030.78286763565,-4.4030621236616385,0.10661075437770551
2004-11-19 01:25:00,2004-11-19 01:16:00,21026.22881831167,-0.25968751708449206,21030.782817418334,-4.294311589580795,0.1055330884963368
2004-11-19 01:26:00,2004-11-19 01:17:00,21026.326652556312,-0.26411869803233645,21030.782767201013,-4.191995946668965,-0.09871332727320548
2004-11-19 01:27:00,2004-11-19 01:18:00,21026.022437208612,-0.26854153094971756,21030.78271698369,-4.491738244127206,0.004468180555440071
2004-11-19 01:28:00,2004-11-19 01:19:00,21026.326652556312,-0.27295462449822483,21030.78266676637,-4.183059585558085,0.20762533157176621
2004-11-19 01:29:00,2004-11-19 01:20:00,21026.428772380725,-0.2773565873394479,21030.782616549048,-4.076487580983674,0.0033747619432142884
2004-11-19 01:30:00,2004-11-19 01:21:00,21026.324510241917,-0.28174602813497596,21030.782566331724,-4.176310061671656,-0.15195771529914515
2004-11-19 01:31:00,2004-11-19 01:22:00,21026.115991547274,-0.28612155554639856,21030.782516114403,-4.380403011581964,-0.19874812312234225
2004-11-19 01:32:00,2004-11-19 01:23:00,21025.918177810927,-0.29048177823530524,21030.78246589708,-4.573806307916341,0.06188711184912066
2004-11-19 01:33:00,2004-11-19 01:24:00,21026.230961587007,-0.2948253048632854,21030.782415679754,-4.256628787883723,0.16399292743342375
2004-11-19 01:34:00,2004-11-19 01:25:00,21026.237394265292,-0.29915074409192843,21030.782365462434,-4.245820453049493,-0.09668275458006281
2004-11-19 01:35:00,2004-11-19 01:26:00,21026.028864243483,-0.3034567045828239,21030.78231524511,-4.449994297043848,-0.15205037784764563
2004-11-19 01:36:00,2004-11-19 01:27:00,21025.924602024043,-0.3077417949975612,21030.782265027785,-4.5499212087447845,0.006467710444658881
2004-11-19 01:37:00,2004-11-19 01:28:00,21026.03315131031,-0.3120046239977299,21030.78221481046,-4.437058876154531,0.10856436988109763
2004-11-19 01:38:00,2004-11-19 01:29:00,21026.133128323905,-0.3162438002449193,21030.782164593133,-4.332792468982589,0.005348994768730186
2004-11-19 01:39:00,2004-11-19 01:30:00,21026.035295556794,-0.32045793240071907,21030.782114375812,-4.42636088661707,-0.044665251788445826
2004-11-19 01:40:00,2004-11-19 01:31:00,21026.035295556794,-0.32464562912671835,21030.78206415848,-4.422122972559481,-0.09682513584609298
2004-11-19 01:41:00,2004-11-19 01:32:00,21025.833197283762,-0.32880549908450674,21030.782013941156,-4.620011158309256,-0.1479140655968525
2004-11-19 01:42:00,2004-11-19 01:33:00,21025.73107646914,-0.33293615093567386,21030.781963723828,-4.717951103753186,0.0020220106601174237
2004-11-19 01:43:00,2004-11-19 01:34:00,21025.82891017617,-0.3370361933418089,21030.7819135065,-4.615967136989021,0.001991170741506565
2004-11-19 01:44:00,2004-11-19 01:35:00,21025.726790291938,-0.34110423496450143,21030.781863289172,-4.713968762270173,-0.04588695377487895
2004-11-19 01:45:00,2004-11-19 01:36:00,21025.728933142844,-0.345138884465341,21030.781813071848,-4.707741044538779,0.05512741721455905
2004-11-19 01:46:00,2004-11-19 01:37:00,21025.82891017617,-0.34913875050591703,21030.781762854516,-4.603713927841055,0.054020512635608586
2004-11-19 01:47:00,2004-11-19 01:38:00,21025.82891017617,-0.3531024417478189,21030.781712637185,-4.599700019267562,0.0050667835540640915
2004-11-19 01:48:00,2004-11-19 01:39:00,21025.831053492275,-0.3570285668526361,21030.78166241986,-4.593580360732926,0.05716105241317759
2004-11-19 01:49:00,2004-11-19 01:40:00,21025.935318553606,-0.3609157344819581,21030.78161220253,-4.485377914441207,0.05926755239354442
2004-11-19 01:50:00,2004-11-19 01:41:00,21025.941754175958,-0.36476255329737434,21030.7815619852,-4.475045255945838,0.05600962722209202
2004-11-19 01:51:00,2004-11-19 01:42:00,21026.03958547591,-0.3685676319604743,21030.78151176787,-4.373358659997023,0.05382221654225949
2004-11-19 01:52:00,2004-11-19 01:43:00,21026.041731148543,-0.3723295791328475,21030.781461550538,-4.367400822861319,0.053778394590093814
2004-11-19 01:53:00,2004-11-19 01:44:00,21026.139562458917,-0.3760470034760832,21030.78141133321,-4.265801870816835,0.0015992496502952314
2004-11-19 01:54:00,2004-11-19 01:45:00,21026.037440278662,-0.379718513651771,21030.781361115874,-4.364202323560728,-0.04521758043052859
2004-11-19 01:55:00,2004-11-19 01:46:00,21026.041731148543,-0.3833427183215004,21030.781310898543,-4.3562370316778924,0.0068685825249281685
2004-11-19 01:56:00,2004-11-19 01:47:00,21026.043877296557,-0.38691822614686067,21030.781260681215,-4.350465158510872,0.05466223637040235
2004-11-19 01:57:00,2004-11-19 01:48:00,21026.143854259153,-0.3904436457894416,21030.78121046388,-4.246912558937088,0.05139247839700767
2004-11-19 01:58:00,2004-11-19 01:49:00,21026.139562458917,-0.39391758591083226,21030.781160246544,-4.2476802017168565,0.002424653120411513
2004-11-19 01:59:00,2004-11-19 01:50:00,21026.141708121344,-0.3973386551726223,21030.781110029213,-4.242063252696265,0.054505473221010625
2004-11-19 02:00:00,2004-11-19 01:51:00,21026.241685094366,-0.40070546223640113,21030.781059811878,-4.138669255274835,-0.047672125085326034
2004-11-19 02:01:00,2004-11-19 01:52:00,21026.03958547591,-0.40401661576375836,21030.781009594542,-4.337407502866917,-0.09878955942887035
2004-11-19 02:02:00,2004-11-19 01:53:00,21026.037440278662,-0.4072707244162832,21030.78095937721,-4.336248374132576,-0.04885835327193
2004-11-19 02:03:00,2004-11-19 01:54:00,21025.935318553606,-0.4104663968555653,21030.780909159872,-4.435124209410777,-0.09890552144933995
2004-11-19 02:04:00,2004-11-19 01:55:00,21025.833197283762,-0.413602241743194,21030.780858942537,-4.534059417031256,0.10206033792575697
2004-11-19 02:05:00,2004-11-19 01:56:00,21026.133128323905,-0.41667686774075896,21030.780808725205,-4.231003533559263,0.20304756519933287
2004-11-19 02:06:00,2004-11-19 01:57:00,21026.233105337724,-0.41968888350984934,21030.780758507866,-4.12796428663259,0.20620126693180874
2004-11-19 02:07:00,2004-11-19 01:58:00,21026.539470393127,-0.42263689771205476,21030.780708290535,-3.8186009996956454,0.1083054403537067
2004-11-19 02:08:00,2004-11-19 01:59:00,21026.44378514826,-0.4255195190089647,21030.780658073196,-3.9113534059251767,0.007192115867086457
2004-11-19 02:09:00,2004-11-19 02:00:00,21026.54805573183,-0.42833535606216855,21030.780607855853,-3.8042167679614725,0.057115019169292625
2004-11-19 02:10:00,2004-11-19 02:01:00,21026.552351253402,-0.43108301753325573,21030.78055763852,-3.7971233675865914,-0.04507760518423476
2004-11-19 02:11:00,2004-11-19 02:02:00,21026.452374330765,-0.43376111208381574,21030.78050742118,-3.894371978329942,-0.048369632898147774
2004-11-19 02:12:00,2004-11-19 02:03:00,21026.450226322082,-0.4363682483754382,21030.78045720384,-3.893862633382887,-0.10057707407571703
2004-11-19 02:13:00,2004-11-19 02:04:00,21026.245977824954,-0.4389030350697124,21030.780406986505,-4.095526126481376,-0.09957611499873442
2004-11-19 02:14:00,2004-11-19 02:05:00,21026.245977824954,-0.44136408082822765,21030.780356769163,-4.093014863380356,-0.05287893541804678
2004-11-19 02:15:00,2004-11-19 02:06:00,21026.135272560194,-0.4437499943125738,21030.780306551824,-4.20128399731747,0.05023999034528104
2004-11-19 02:16:00,2004-11-19 02:07:00,21026.341662067607,-0.4460593841843399,21030.78025633448,-3.9925348826897937,0.15443107426088232
2004-11-19 02:17:00,2004-11-19 02:08:00,21026.43949340924,-0.44829085910511557,21030.780206117142,-3.892421848795705,0.15220749963446667
2004-11-19 02:18:00,2004-11-19 02:09:00,21026.641592988643,-0.4504430277364905,21030.7801558998,-3.6881198834208604,0.10535815132886905
2004-11-19 02:19:00,2004-11-19 02:10:00,21026.645885637583,-0.45251449874005367,21030.78010568246,-3.681705546137967,0.0042269683331888075
2004-11-19 02:20:00,2004-11-19 02:11:00,21026.645885637583,-0.4545038807773951,21030.780055465115,-3.6796659467544828,-0.0479906175120699
2004-11-19 02:21:00,2004-11-19 02:12:00,21026.5459086841,-0.4564097825101038,21030.780005247772,-3.7776867811621067,-0.10020961500657499
2004-11-19 02:22:00,2004-11-19 02:13:00,21026.441639041066,-0.4582308125997693,21030.779955030433,-3.8800851767676328,-0.0013910295469579115
2004-11-19 02:23:00,2004-11-19 02:14:00,21026.539470393127,-0.45996557970798124,21030.77990481309,-3.7804688402560225,0.10171813107900074
2004-11-19 02:24:00,2004-11-19 02:15:00,21026.641592988643,-0.46161269249632886,21030.77985459575,-3.6766489146096313,0.052714105061303584
2004-11-19 02:25:00,2004-11-19 02:16:00,21026.641592988643,-0.463170759626402,21030.779804378402,-3.6750406301334153,-0.049498231781715196
2004-11-19 02:26:00,2004-11-19 02:17:00,21026.539470393127,-0.46463838975978955,21030.77975416106,-3.7756453781730617,-0.049589364449424966
2004-11-19 02:27:00,2004-11-19 02:18:00,21026.539470393127,-0.4660141915580813,21030.779703943717,-3.7742193590322652,-0.04860908263685082
2004-11-19 02:28:00,2004-11-19 02:19:00,21026.43949340924,-0.4672967736828668,21030.77965372637,-3.8728635434467633,0.0023583047749708985
2004-11-19 02:29:00,2004-11-19 02:20:00,21026.541616014747,-0.4684847447957353,21030.779603509025,-3.7695027494823234,0.20651051005717957
2004-11-19 02:30:00,2004-11-19 02:21:00,21026.850134054792,-0.46957671355827646,21030.779553291683,-3.459842523332404,0.25318220875393505
2004-11-19 02:31:00,2004-11-19 02:22:00,21027.045793453726,-0.4705712886320793,21030.779503074333,-3.2631383319744534,0.04883662219194096
2004-11-19 02:32:00,2004-11-19 02:23:00,21026.94581649936,-0.47146707867873394,21030.779452856987,-3.3621692789485222,0.0008959192081987588
2004-11-19 02:33:00,2004-11-19 02:24:00,21027.045793453726,-0.4722626923598291,21030.779402639644,-3.261346493558056,0.10077200164944
2004-11-19 02:34:00,2004-11-19 02:25:00,21027.145770408308,-0.47295673833695484,21030.779352422294,-3.1606252756496422,0.09959648803844168
2004-11-19 02:35:00,2004-11-19 02:26:00,21027.24360086219,-0.47354782527170025,21030.779302204945,-3.0621535174811725,0.0994928386474001
2004-11-19 02:36:00,2004-11-19 02:27:00,21027.343577827418,-0.4740345618256552,21030.7792519876,-2.961639598354842,-0.09841962119040937
2004-11-19 02:37:00,2004-11-19 02:28:00,21027.045793453726,-0.4744155566604087,21030.77920177025,-3.258992759861991,-0.24956476631664137
2004-11-19 02:38:00,2004-11-19 02:29:00,21026.843693003473,-0.4746894184375505,21030.7791515529,-3.4607691309881248,-0.05293774451573996
2004-11-19 02:39:00,2004-11-19 02:30:00,21026.939378330837,-0.47485475581866987,21030.77910133555,-3.364868248893471,0.20011452622111792
2004-11-19 02:40:00,2004-11-19 02:31:00,21027.24360086219,-0.47491017746535624,21030.779051118203,-3.060540078545889,0.24891992176211697
2004-11-19 02:41:00,2004-11-19 02:32:00,21027.437118203445,-0.4748542920391994,21030.779000900853,-2.867028405369237,0.045635860670985906
2004-11-19 02:42:00,2004-11-19 02:33:00,21027.334996618094,-0.47468570820178835,21030.7789506835,-2.969268357203917,-0.15014090510764788
2004-11-19 02:43:00,2004-11-19 02:34:00,21027.13718721595,-0.4744030346147128,21030.77890046615,-3.167310215584533,-0.09704957512023449
2004-11-19 02:44:00,2004-11-19 02:35:00,21027.141477861416,-0.4740048799395622,21030.7788502488,-3.163367507444386,0.0017389491959649561
2004-11-19 02:45:00,2004-11-19 02:36:00,21027.141477861416,-0.47348985283792633,21030.778800031447,-3.163832317192603,-0.0005239416324842594
2004-11-19 02:46:00,2004-11-19 02:37:00,21027.141477861416,-0.4728565619713938,21030.778749814097,-3.1644153907093546,0.04827281143459827
2004-11-19 02:47:00,2004-11-19 02:38:00,21027.23930928642,-0.4721036160015548,21030.778699596744,-3.0672866943234065,-0.0007632518372790997
2004-11-19 02:48:00,2004-11-19 02:39:00,21027.141477861416,-0.47122962358999865,21030.77864937939,-3.165941894383913,0.05017626887223847
2004-11-19 02:49:00,2004-11-19 02:40:00,21027.34143181206,-0.4702331933983144,21030.778599162037,-2.9669341565789296,0.0479075851036499
2004-11-19 02:50:00,2004-11-19 02:41:00,21027.23930928642,-0.4691129340880922,21030.778548944683,-3.070126724176613,-0.0022054221898897275
2004-11-19 02:51:00,2004-11-19 02:42:00,21027.33928627205,-0.46786745432092114,21030.77849872733,-2.971345000958709,-0.004475467560741908
2004-11-19 02:52:00,2004-11-19 02:43:00,21027.23287548792,-0.46649536275839054,21030.778448509976,-3.079077659298097,-0.15671171522841343
2004-11-19 02:53:00,2004-11-19 02:44:00,21027.028634593145,-0.4649952680620899,21030.778398292623,-3.284768431415536,-0.15362353994052125
2004-11-19 02:54:00,2004-11-19 02:45:00,21026.928657557193,-0.46336577889360875,21030.778348075266,-3.3863247391791393,-0.05270454701333316
2004-11-19 02:55:00,2004-11-19 02:46:00,21026.926514828552,-0.4616055039145366,21030.77829785791,-3.390177525442202,0.09391689940121095
2004-11-19 02:56:00,2004-11-19 02:47:00,21027.120043648392,-0.45971305178646293,21030.778247640555,-3.1984909403767174,0.19269191933714547
2004-11-19 02:57:00,2004-11-19 02:48:00,21027.31571670526,-0.4576870311709771,21030.7781974232,-3.0047936867679113,0.04580469641248053
2004-11-19 02:58:00,2004-11-19 02:49:00,21027.215739607564,-0.45552605072966856,21030.778147205845,-3.1068815475517564,-0.0011087831061402653
2004-11-19 02:59:00,2004-11-19 02:50:00,21027.31785701638,-0.4532287191241269,21030.778096988484,-3.007011252980192,0.1008722767521264
2004-11-19 03:00:00,2004-11-19 02:51:00,21027.422116132064,-0.4507936450159413,21030.778046771127,-2.9051369940475036,0.10180562246343983
2004-11-19 03:01:00,2004-11-19 02:52:00,21027.52637710865,-0.4482194370667014,21030.77799655377,-2.803400008053312,-0.00259425318191564
2004-11-19 03:02:00,2004-11-19 02:53:00,21027.422116132064,-0.4455047039379967,21030.777946336413,-2.910325500411335,-0.10699552016386238
2004-11-19 03:03:00,2004-11-19 02:54:00,21027.31785701638,-0.4426480542914166,21030.777896119052,-3.017391048381037,-0.05500764405775582
2004-11-19 03:04:00,2004-11-19 02:55:00,21027.31785701638,-0.43964809678855077,21030.777845901695,-3.0203407885268465,0.04482639085582907
2004-11-19 03:05:00,2004-11-19 02:56:00,21027.413553977578,-0.4365034400909884,21030.77779568434,-2.9277382666693788,-0.004237640165468459
2004-11-19 03:06:00,2004-11-19 02:57:00,21027.31571670526,-0.4332126928603188,21030.777745466978,-3.0288160688577834,-0.049021727251331804
2004-11-19 03:07:00,2004-11-19 02:58:00,21027.322139064687,-0.4297744637581318,21030.777695249617,-3.0257817211720424,-0.10022833568428036
2004-11-19 03:08:00,2004-11-19 02:59:00,21027.122184930584,-0.42618736144601677,21030.777645032256,-3.229272740226344,-0.0046826481386805785
2004-11-19 03:09:00,2004-11-19 03:00:00,21027.31999780286,-0.4224499945855631,21030.777594814896,-3.0351470174494035,0.09621408960830724
2004-11-19 03:10:00,2004-11-19 03:01:00,21027.322139064687,-0.41856097183836005,21030.777544597535,-3.0368445610097297,0.1439097694009741
2004-11-19 03:11:00,2004-11-19 03:02:00,21027.615647999657,-0.4145189018659974,21030.77749438017,-2.7473274786474553,0.09590799559636398
2004-11-19 03:12:00,2004-11-19 03:03:00,21027.522093199663,-0.41032239333006437,21030.77744416281,-2.8450285698170017,-0.10206076574641942
2004-11-19 03:13:00,2004-11-19 03:04:00,21027.419974880417,-0.405970054892151,21030.77739394545,-2.951449010140294,0.09131532004951226
2004-11-19 03:14:00,2004-11-19 03:05:00,21027.713485303153,-0.40146049521384564,21030.777343728085,-2.662397929717977,0.08901972656367563
2004-11-19 03:15:00,2004-11-19 03:06:00,21027.607091630754,-0.3967923229567387,21030.777293510724,-2.773409557012943,-0.1578719319740074
2004-11-19 03:16:00,2004-11-19 03:07:00,21027.407137352908,-0.3919641467824193,21030.777243293356,-2.978141793665992,-0.005927608363643255
2004-11-19 03:17:00,2004-11-19 03:08:00,21027.6049537269,-0.3869745753524767,21030.77719307599,-2.7852647737402294,0.09709500843625052
2004-11-19 03:18:00,2004-11-19 03:09:00,21027.61136886451,-0.38182221732850086,21030.77714285863,-2.783951776793491,-0.05517280422527593
2004-11-19 03:19:00,2004-11-19 03:10:00,21027.5049765777,-0.37650568137208085,21030.777092641263,-2.8956103821907813,-0.10853382111856869
2004-11-19 03:20:00,2004-11-19 03:11:00,21027.40499942872,-0.37102357614480597,21030.777042423895,-3.0010194190306283,-0.2108109869820638
2004-11-19 03:21:00,2004-11-19 03:12:00,21027.09438534007,-0.3653745103082662,21030.776992206534,-3.317232356154909,-0.21204622455967348
2004-11-19 03:22:00,2004-11-19 03:13:00,21026.992273028496,-0.35955709252405055,21030.77694198917,-3.4251118681499753,-0.10582927085467442
2004-11-19 03:23:00,2004-11-19 03:14:00,21026.89443094248,-0.3535699314537486,21030.7768917718,-3.5288908978642577,-0.202773485060733
2004-11-19 03:24:00,2004-11-19 03:15:00,21026.598771080404,-0.3474116357589505,21030.776841554434,-3.8306588382714413,-0.004058505436540516
2004-11-19 03:25:00,2004-11-19 03:16:00,21026.898702614228,-0.3410808141012447,21030.776791337066,-3.5370079087373387,0.1935867931628681
2004-11-19 03:26:00,2004-11-19 03:17:00,21026.998679792607,-0.33457607514222065,21030.776741119695,-3.443485251945705,-0.059734177509208175
2004-11-19 03:27:00,2004-11-19 03:18:00,21026.792318611035,-0.32789602754346836,21030.776690902334,-3.656476263755755,-0.20667253632311366
2004-11-19 03:28:00,2004-11-19 03:19:00,21026.598771080404,-0.3210392799665769,21030.776640684962,-3.8568303245919324,-0.006895575865376369
2004-11-19 03:29:00,2004-11-19 03:20:00,21026.792318611035,-0.3140044410731364,21030.776590467594,-3.670267415486508,0.2418005559230323
2004-11-19 03:30:00,2004-11-19 03:21:00,21027.096520917956,-0.3067901195247358,21030.776540250226,-3.373229212745868,0.04593746042117508
2004-11-19 03:31:00,2004-11-19 03:22:00,21026.898702614228,-0.2993949239829643,21030.776490032855,-3.5783924946441577,0.04682599589280323
2004-11-19 03:32:00,2004-11-19 03:23:00,21027.205045131417,-0.29181746310941215,21030.776439815487,-3.2795772209602614,0.14769036894932874
2004-11-19 03:33:00,2004-11-19 03:24:00,21027.209321495804,-0.28405634556566817,21030.776389598115,-3.2830117567455,-0.10564236986871078
2004-11-19 03:34:00,2004-11-19 03:25:00,21027.009367240033,-0.27611018001332166,21030.776339380744,-3.490861960697683,-0.2100816460551831
2004-11-19 03:35:00,2004-11-19 03:26:00,21026.805136539406,-0.26797757511396236,21030.776289163376,-3.7031750488558663,-0.06030307934660528
2004-11-19 03:36:00,2004-11-19 03:27:00,21026.905113687084,-0.25965713952918046,21030.776238946004,-3.6114681193908935,-0.006226606362677245
2004-11-19 03:37:00,2004-11-19 03:28:00,21026.809412985127,-0.2511474819205639,21030.77618872863,-3.715628261581221,-0.10639366145657259
2004-11-19 03:38:00,2004-11-19 03:29:00,21026.709435858003,-0.24244721094970334,21030.776138511257,-3.8242554423040387,-0.05552548733952967
2004-11-19 03:39:00,2004-11-19 03:30:00,21026.715854122347,-0.23355493527818805,21030.776088293886,-3.82667923626028,0.094247472567913
2004-11-19 03:40:00,2004-11-19 03:31:00,21026.915808315778,-0.22446926356760688,21030.776038076514,-3.6357604971682127,-0.012341980197724256
2004-11-19 03:41:00,2004-11-19 03:32:00,21026.709435858003,-0.21518880447954958,21030.77598785914,-3.8513631966557287,-0.1625031234125689
2004-11-19 03:42:00,2004-11-19 03:33:00,21026.609458731094,-0.20571216667560632,21030.775937641763,-3.9607667439933505,-0.21161773231475078
2004-11-19 03:43:00,2004-11-19 03:34:00,21026.30525080429,-0.19603795881736552,21030.775887424392,-4.27459866128523,-0.2639419241132035
2004-11-19 03:44:00,2004-11-19 03:35:00,21026.10102182523,-0.1861647895664169,21030.775837207017,-4.4886505922197575,-0.1620262009011446
2004-11-19 03:45:00,2004-11-19 03:36:00,21026.00104465897,-0.17609126758435067,21030.77578698964,-4.5986510630875195,-0.16222634868707253
2004-11-19 03:46:00,2004-11-19 03:37:00,21025.79681748114,-0.16581600153275522,21030.775736772266,-4.8131032895939025,-0.21028094782172246
2004-11-19 03:47:00,2004-11-19 03:38:00,21025.601135996087,-0.15533760007322028,21030.77568655489,-5.019212958730964,-0.007325456447838441
2004-11-19 03:48:00,2004-11-19 03:39:00,21025.803227463155,-0.14465467186733605,21030.775636337512,-4.827754202489579,0.14029864149292948
2004-11-19 03:49:00,2004-11-19 03:40:00,21025.90320461882,-0.1337658255766918,21030.77558612014,-4.7386156757451054,0.1379548974125182
2004-11-19 03:50:00,2004-11-19 03:41:00,21026.10102182523,-0.12266966986287597,21030.775535902758,-4.551844407664543,0.08775831449020544
2004-11-19 03:51:00,2004-11-19 03:42:00,21026.10102182523,-0.11136481338747872,21030.775485685383,-4.563099046764695,0.09396257145775877
2004-11-19 03:52:00,2004-11-19 03:43:00,21026.311666338443,-0.09984986481208935,21030.775435468004,-4.3639192647490255,-0.00408561189368406
2004-11-19 03:53:00,2004-11-19 03:44:00,21026.115991547274,-0.08812343279829804,21030.775385250625,-4.571270270552063,-0.0596314999581149
2004-11-19 03:54:00,2004-11-19 03:45:00,21026.215968642577,-0.07618412600769364,21030.77533503325,-4.483182264665255,-0.013066201403869826
2004-11-19 03:55:00,2004-11-19 03:46:00,21026.11385158941,-0.064030553101865,21030.77528481587,-4.597402673359802,-0.06112951528296007
2004-11-19 03:56:00,2004-11-19 03:47:00,21026.11813198052,-0.05166132274240276,21030.77523459849,-4.605441295231175,-0.06348583633206806
2004-11-19 03:57:00,2004-11-19 03:48:00,21026.011734991494,-0.03907504359089575,21030.77518438111,-4.7243743460239385,-0.019063016213495487
2004-11-19 03:58:00,2004-11-19 03:49:00,21026.105296511763,-0.02627032430893328,21030.77513416373,-4.643567327658166,0.03391634249873299
2004-11-19 03:59:00,2004-11-19 03:50:00,21026.105296511763,-0.013245773558105078,21030.775083946348,-4.6565416610264725,-0.06521087117249369
2004-11-19 04:00:00,2004-11-19 03:51:00,21026.00104465897,0.0,21030.775033728973,-4.773989070003154,0.037751155357430566
2004-11-19 04:01:00,2004-11-19 03:52:00,21026.20741170409,0.01346754281169475,21030.77498351159,-4.581039350311611,0.14392374606704728
2004-11-19 04:02:00,2004-11-19 03:53:00,21026.315945738093,0.02715402175490673,21030.774933294208,-4.486141577869059,0.1883491010077054
2004-11-19 04:03:00,2004-11-19 03:54:00,21026.611597687344,0.041055758815466296,21030.774883076825,-4.2043411482962005,-0.01609700955322735
2004-11-19 04:04:00,2004-11-19 03:55:00,21026.311666338443,0.055169075979203785,21030.77483285944,-4.518335596975514,-0.16199302545116678
2004-11-19 04:05:00,2004-11-19 03:56:00,21026.315945738093,0.06949029523194956,21030.77478264206,-4.528327199198534,-0.11114029287164362
2004-11-19 04:06:00,2004-11-19 03:57:00,21026.11813198052,0.08401573855953401,21030.774732424677,-4.740616182718801,-0.16561112594543914
2004-11-19 04:07:00,2004-11-19 03:58:00,21026.013874484153,0.09874172794778742,21030.774682207295,-4.859549451089412,-0.07011148011772272
2004-11-19 04:08:00,2004-11-19 03:59:00,21026.007457432333,0.11366458538254016,21030.774631989905,-4.880839142954247,-0.11708561530996331
2004-11-19 04:09:00,2004-11-19 04:00:00,21025.809641723667,0.12878063284962263,21030.774581772526,-5.093720681709339,-0.16512628909718519
2004-11-19 04:10:00,2004-11-19 04:01:00,21025.707526026326,0.1440861923348651,21030.77453155514,-5.211091721148617,-0.21850969960337663
2004-11-19 04:11:00,2004-11-19 04:02:00,21025.403318842662,0.15957758582409803,21030.774481337754,-5.530740080916092,-0.06765869102519328
2004-11-19 04:12:00,2004-11-19 04:03:00,21025.603273152472,0.1752511353031517,21030.774431120368,-5.3464091031990035,-0.11568972555097101
2004-11-19 04:13:00,2004-11-19 04:04:00,21025.20336453372,0.19110316275785644,21030.77438090298,-5.762119532018034,-0.21370560928459215
2004-11-19 04:14:00,2004-11-19 04:05:00,21025.207640353998,0.20712999017404266,21030.774330685592,-5.773820321768188,-0.16602790189779126
2004-11-19 04:15:00,2004-11-19 04:06:00,21024.903433071933,0.22332793953754065,21030.77428046821,-6.094175335813617,-0.21832367172377243
2004-11-19 04:16:00,2004-11-19 04:07:00,21024.80345591844,0.23969333283418087,21030.774230250823,-6.210467665215733,-0.0631783528523151
2004-11-19 04:17:00,2004-11-19 04:08:00,21024.809870483965,0.2562224920497936,21030.774180033433,-6.220532041518247,-0.06440960144693753
2004-11-19 04:18:00,2004-11-19 04:09:00,21024.707754687104,0.2729117391702091,21030.774129816044,-6.339286868109608,-0.01457785764109687
2004-11-19 04:19:00,2004-11-19 04:10:00,21024.81414923804,0.2897573961812579,21030.774079598657,-6.249687756800441,-0.07113536336712611
2004-11-19 04:20:00,2004-11-19 04:11:00,21024.599227571496,0.30675578506877027,21030.77402938127,-6.48155759484386,-0.17340372190543052
2004-11-19 04:21:00,2004-11-19 04:12:00,21024.50138719109,0.32390322781857656,21030.77397916388,-6.596495200611302,-0.020373660927126114
2004-11-19 04:22:00,2004-11-19 04:13:00,21024.592820076206,0.341196046416507,21030.773928946488,-6.522304916698112,0.12731276608112463
2004-11-19 04:23:00,2004-11-19 04:14:00,21024.7906396235,0.35863056284839223,21030.773878729102,-6.3418696684490525,-0.018520749417683113
2004-11-19 04:24:00,2004-11-19 04:15:00,21024.590685195275,0.37620309910006244,21030.77382851171,-6.559346415533478,-0.22500941597255553
2004-11-19 04:25:00,2004-11-19 04:16:00,21024.37579977108,0.3939099771573479,21030.77377829432,-6.791888500394164,0.2300869264667118
2004-11-19 04:26:00,2004-11-19 04:17:00,21025.086303033335,0.41174751900607903,21030.77372807693,-6.099172562600055,0.48736666718017707
2004-11-19 04:27:00,2004-11-19 04:18:00,21025.386234740134,0.4297120466320862,21030.773677859535,-5.817155166033809,0.13092320252511547
2004-11-19 04:28:00,2004-11-19 04:19:00,21025.384101366613,0.4477998820211998,21030.773627642142,-5.837326157549824,-0.07128541317581094
2004-11-19 04:29:00,2004-11-19 04:20:00,21025.279858779526,0.46600734715925013,21030.773577424752,-5.959725992385431,0.08176202267174526
2004-11-19 04:30:00,2004-11-19 04:21:00,21025.584055859184,0.48433076403206754,21030.77352720736,-5.673802112206333,0.13590279442096742
2004-11-19 04:31:00,2004-11-19 04:22:00,21025.588323041047,0.5027664546254824,21030.773476989965,-5.6879204035434965,0.0815374756652889
2004-11-19 04:32:00,2004-11-19 04:23:00,21025.78401035262,0.521310740925325,21030.773426772572,-5.5107271608757555,0.3281738433008443
2004-11-19 04:33:00,2004-11-19 04:24:00,21026.281763783154,0.5399599449174258,21030.77337655518,-5.031572716941808,0.12811773682942063
2004-11-19 04:34:00,2004-11-19 04:25:00,21026.07754503916,0.5587103885876151,21030.77332633779,-5.254491687216914,-0.1719127236076785
2004-11-19 04:35:00,2004-11-19 04:26:00,21025.975436350156,0.5775583939217233,21030.77327612039,-5.375398164157165,-0.06776742545981929
2004-11-19 04:36:00,2004-11-19 04:27:00,21025.979699647767,0.5965002829055807,21030.773225902998,-5.390026538136553,0.13529334551603966
2004-11-19 04:37:00,2004-11-19 04:28:00,21026.28389659,0.6155323775250177,21030.7731756856,-5.1048114731250855,0.02563617885613345
2004-11-19 04:38:00,2004-11-19 04:29:00,21026.069022287546,0.6346509997658645,21030.773125468204,-5.338754180424286,-0.22332859347818745
2004-11-19 04:39:00,2004-11-19 04:30:00,21025.87545906234,0.6538524716139514,21030.773075250807,-5.5514686600814604,-0.26806912248045656
2004-11-19 04:40:00,2004-11-19 04:31:00,21025.57126572308,0.6731331150551092,21030.77302503341,-5.874892425385199,-0.17029959203361456
2004-11-19 04:41:00,2004-11-19 04:32:00,21025.573396223943,0.6924892520751679,21030.772974816016,-5.89206784414869,0.08703048736550167
2004-11-19 04:42:00,2004-11-19 04:33:00,21025.78401035262,0.7119172046599579,21030.772924598616,-5.700831450654196,0.03484020311641611
2004-11-19 04:43:00,2004-11-19 04:34:00,21025.6819002381,0.7314132947953095,21030.772874381222,-5.822387437915857,0.029444097307641748
2004-11-19 04:44:00,2004-11-19 04:35:00,21025.88185475225,0.7509738444670532,21030.77282416382,-5.641943256038912,0.03044790545119147
2004-11-19 04:45:00,2004-11-19 04:36:00,21025.78187749507,0.7705951756610192,21030.77277394642,-5.761491627013474,-0.01853324184208338
2004-11-19 04:46:00,2004-11-19 04:37:00,21025.883987599664,0.790273610363038,21030.772723729024,-5.679009739723079,-0.06964355853340054
2004-11-19 04:47:00,2004-11-19 04:38:00,21025.6819002381,0.8100054705589398,21030.772673511623,-5.9007787440802755,-0.16753879584325038
2004-11-19 04:48:00,2004-11-19 04:39:00,21025.588323041047,0.8297870782345552,21030.772623294222,-6.01408733140958,-0.06654302353669461
2004-11-19 04:49:00,2004-11-19 04:40:00,21025.588323041047,0.8496147553757143,21030.772573076825,-6.033864791153665,-0.0229986853185844
2004-11-19 04:50:00,2004-11-19 04:41:00,21025.581922981346,0.8694848239682474,21030.772522859424,-6.0600847020467485,-0.17833382738842873
2004-11-19 04:51:00,2004-11-19 04:42:00,21025.27133380209,0.8893936059979851,21030.772472642024,-6.390532445930522,-0.2762130164792871
2004-11-19 04:52:00,2004-11-19 04:43:00,21025.06924911307,0.9093374234507576,21030.772422424623,-6.612510735005323,-0.4219484011622603
2004-11-19 04:53:00,2004-11-19 04:44:00,21024.467255557276,0.9293125983123954,21030.77237220722,-7.234429248255043,-0.3698594018054684
2004-11-19 04:54:00,2004-11-19 04:45:00,21024.36940790377,0.9493154525687285,21030.772321989818,-7.3522295386162595,-0.016769432217217606
2004-11-19 04:55:00,2004-11-19 04:46:00,21024.47364596793,0.9693423082055878,21030.772271772414,-7.267968112689478,0.28847214728436477
2004-11-19 04:56:00,2004-11-19 04:47:00,21024.98632579817,0.9893894872088033,21030.77222155501,-6.77528524404753,0.1363573959995108
2004-11-19 04:57:00,2004-11-19 04:48:00,21024.786371328486,1.0094533115642053,21030.772171337612,-6.995253320690456,-0.37633730034020596
2004-11-19 04:58:00,2004-11-19 04:49:00,21024.273691378734,1.0295301032576243,21030.772121120204,-7.527959844727942,-0.11787428555466528
2004-11-19 04:59:00,2004-11-19 04:50:00,21024.590685195275,1.0496161842748903,21030.7720709028,-7.231001891799787,0.14166127352377433
2004-11-19 05:00:00,2004-11-19 04:51:00,21024.597091264317,1.0697078766018342,21030.772020685396,-7.244637297680393,-0.020042441570347513
2004-11-19 05:01:00,2004-11-19 04:52:00,21024.590685195275,1.0898015022242862,21030.77197046799,-7.271086774940482,-0.1817424786502997
2004-11-19 05:02:00,2004-11-19 04:53:00,21024.273691378734,1.1098933831280766,21030.771920250587,-7.608122254980993,-0.024306336907744974
2004-11-19 05:03:00,2004-11-19 04:54:00,21024.582150425726,1.1299798412990354,21030.771870033182,-7.319699448755972,0.03422057883905705
2004-11-19 05:04:00,2004-11-19 04:55:00,21024.382195917195,1.1500571987229935,21030.771819815775,-7.5396810973028785,-0.16892012702592973
2004-11-19 05:05:00,2004-11-19 04:56:00,21024.284351672948,1.170121777385781,21030.77176959837,-7.657539702807831,0.0799711213965204
2004-11-19 05:06:00,2004-11-19 04:57:00,21024.582150425726,1.1901698992732284,21030.771719380962,-7.379738854509838,0.2278225522198003
2004-11-19 05:07:00,2004-11-19 04:58:00,21024.779972451553,1.2101978863711655,21030.77166916355,-7.201894598368231,0.2820990582078031
2004-11-19 05:08:00,2004-11-19 04:59:00,21025.18628026872,1.2302020606654236,21030.77161894615,-6.815540738094231,0.2321356230716871
2004-11-19 05:09:00,2004-11-19 05:00:00,21025.284124120655,1.2501787441418322,21030.77156872874,-6.7376233522248565,0.07793321823364963
2004-11-19 05:10:00,2004-11-19 05:01:00,21025.38196846849,1.270124258786222,21030.77151851133,-6.659674301626932,-0.2251623596868697
2004-11-19 05:11:00,2004-11-19 05:02:00,21024.873555148908,1.2900349265844235,21030.771468293922,-7.187948071598596,-0.17620086567053184
2004-11-19 05:12:00,2004-11-19 05:03:00,21025.06924911307,1.3099070695222668,21030.771418076514,-7.012076032967996,0.32798945025992854
2004-11-19 05:13:00,2004-11-19 05:04:00,21025.56913569761,1.3297370095855823,21030.771367859103,-6.531969171078739,0.1823281246866748
2004-11-19 05:14:00,2004-11-19 05:05:00,21025.47341892686,1.3495210687602004,21030.771317641695,-6.647419783594646,-0.013315420445105808
2004-11-19 05:15:00,2004-11-19 05:06:00,21025.581922981346,1.3692555690319512,21030.771267424283,-6.5586000119689505,-0.17068888006586747
2004-11-19 05:16:00,2004-11-19 05:07:00,21025.17135649553,1.388936832386666,21030.77121720687,-6.988797543726381,-0.26741256248306167
2004-11-19 05:17:00,2004-11-19 05:08:00,21025.086303033335,1.4085611808101737,21030.77116698946,-7.093425136935074,-0.05886903348725703
2004-11-19 05:18:00,2004-11-19 05:09:00,21025.092706097636,1.4281249362883057,21030.771116772048,-7.106535610700895,0.13902650207865186
2004-11-19 05:19:00,2004-11-19 05:10:00,21025.403318842662,1.447624420806892,21030.771066554633,-6.81537213277777,0.13482249153778358
2004-11-19 05:20:00,2004-11-19 05:11:00,21025.40118166595,1.467055956351763,21030.771016337225,-6.836890627625328,-0.010788240648350822
2004-11-19 05:21:00,2004-11-19 05:12:00,21025.420433370648,1.486415864908749,21030.770966119813,-6.836948614074472,-0.009646186296224268
2004-11-19 05:22:00,2004-11-19 05:13:00,21025.420433370648,1.5057004684636806,21030.7709159024,-6.856183000217777,-0.020265384578423973
2004-11-19 05:23:00,2004-11-19 05:14:00,21025.418292390757,1.5249060890023878,21030.770865684986,-6.87747938323132,-0.07017310424173173
2004-11-19 05:24:00,2004-11-19 05:15:00,21025.31831530738,1.5440290485107013,21030.77081546757,-6.99652920870124,0.1416514961536759
2004-11-19 05:25:00,2004-11-19 05:16:00,21025.73965452821,1.5630656689744509,21030.77076525016,-6.594176390923968,0.4352387076414166
2004-11-19 05:26:00,2004-11-19 05:17:00,21026.226675511705,1.5820122723794676,21030.770715032744,-6.126051793418407,0.3703433586036997
2004-11-19 05:27:00,2004-11-19 05:18:00,21026.51804032232,1.600865180711581,21030.770664815325,-5.8534896737165685,0.14193610568889214
2004-11-19 05:28:00,2004-11-19 05:19:00,21026.54805573183,1.6196207159566225,21030.770614597914,-5.842179582040623,-0.004720611389236851
2004-11-19 05:29:00,2004-11-19 05:20:00,21026.5459086841,1.6382752001004215,21030.770564380495,-5.862930896495042,-0.37490899276252954
2004-11-19 05:30:00,2004-11-19 05:21:00,21025.835341550643,1.656824955128809,21030.77051416308,-6.591997567565682,-0.7247205772222096
2004-11-19 05:31:00,2004-11-19 05:22:00,21025.133358197752,1.6752663030276151,21030.770463945664,-7.312372050939461,-0.5203642278622027
2004-11-19 05:32:00,2004-11-19 05:23:00,21024.83128327074,1.6935955657826698,21030.77041372825,-7.632726023290087,-0.02143624492477425
2004-11-19 05:33:00,2004-11-19 05:24:00,21025.126928035417,1.7118090653798042,21030.770363510826,-7.35524454078901,0.07651734261820042
2004-11-19 05:34:00,2004-11-19 05:25:00,21025.020525079162,1.7299031238048481,21030.77031329341,-7.479691338053686,-0.06797080240862341
2004-11-19 05:35:00,2004-11-19 05:26:00,21025.02695099343,1.7478740630436316,21030.770263075992,-7.491186145606257,0.18745283771843102
2004-11-19 05:36:00,2004-11-19 05:27:00,21025.43114540104,1.765718205081986,21030.770212858573,-7.104785662616824,0.22258169464379307
2004-11-19 05:37:00,2004-11-19 05:28:00,21025.50757175674,1.7834318719057405,21030.770162641154,-7.046022756318671,0.11845608054518264
2004-11-19 05:38:00,2004-11-19 05:29:00,21025.703250307706,1.8010113855007268,21030.770112423732,-6.867873501526459,-0.06958683759439044
2004-11-19 05:39:00,2004-11-19 05:30:00,21025.403318842662,1.818453067852774,21030.770062206317,-7.1851964315074515,0.18797993054500983
2004-11-19 05:40:00,2004-11-19 05:31:00,21026.11385158941,1.8357532409477129,21030.770011988898,-6.491913640436439,0.5923130162009915
2004-11-19 05:41:00,2004-11-19 05:32:00,21026.62229959914,1.852908226771374,21030.769961771475,-6.000570399105468,0.3893012838131775
2004-11-19 05:42:00,2004-11-19 05:33:00,21026.926514828552,1.8699143473095874,21030.769911554053,-5.713311072810084,0.23306303425370833
2004-11-19 05:43:00,2004-11-19 05:34:00,21027.122184930584,1.8867679245481837,21030.769861336634,-5.534444330598052,0.08110980185670069
2004-11-19 05:44:00,2004-11-19 05:35:00,21027.122184930584,1.9034652804729935,21030.769811119208,-5.551091469096683,0.13875510616047748
2004-11-19 05:45:00,2004-11-19 05:36:00,21027.43282952058,1.920002737069846,21030.76976090179,-5.256934118277097,0.43670456652650813
2004-11-19 05:46:00,2004-11-19 05:37:00,21028.028404964647,1.9363766163245728,21030.769710684366,-4.677682336043667,0.2794053089693582
2004-11-19 05:47:00,2004-11-19 05:38:00,21028.024120206825,1.952583240223004,21030.76966046694,-4.69812350033838,0.03284627618894165
2004-11-19 05:48:00,2004-11-19 05:39:00,21028.126239396606,1.9686189307509698,21030.76961024952,-4.611989783665783,0.3372353583171921
2004-11-19 05:49:00,2004-11-19 05:40:00,21028.730387258285,1.9844800098943,21030.769560032095,-4.023652783703996,0.5405831049978409
2004-11-19 05:50:00,2004-11-19 05:41:00,21029.238849040637,2.000162799638826,21030.76950981467,-3.5308235736701015,0.288677797566514
2004-11-19 05:51:00,2004-11-19 05:42:00,21029.338826030646,2.0156636219703774,21030.769459597246,-3.446297188570968,-0.06105413835097018
2004-11-19 05:52:00,2004-11-19 05:43:00,21029.147456328323,2.0309787988747843,21030.76940937982,-3.652931850372042,-0.26618522752985396
2004-11-19 05:53:00,2004-11-19 05:44:00,21028.83679617111,2.046104652337878,21030.7693591624,-3.978667643630676,-0.0746196204786127
2004-11-19 05:54:00,2004-11-19 05:45:00,21029.028175357987,2.0610375043454887,21030.76930894497,-3.8021710913292672,0.22658731733435
2004-11-19 05:55:00,2004-11-19 05:46:00,21029.319539395467,2.075773676883446,21030.769258727545,-3.525493008961976,0.33319166202926676
2004-11-19 05:56:00,2004-11-19 05:47:00,21029.723730234786,2.090309491937581,21030.76920851012,-3.1357877672707337,0.14308063092543133
2004-11-19 05:57:00,2004-11-19 05:48:00,21029.634467817075,2.1046412714937235,21030.769158292693,-3.2393317471111134,-0.10772523725587879
2004-11-19 05:58:00,2004-11-19 05:49:00,21029.536635171018,2.1187653375377042,21030.769108075263,-3.3512382417824913,-0.21927959843944844
2004-11-19 05:59:00,2004-11-19 05:50:00,21029.223844925902,2.1326780120553535,21030.769057857837,-3.6778909439900103,-0.2669133338198091
2004-11-19 06:00:00,2004-11-19 05:51:00,21029.030318348017,2.146375617032501,21030.769007640407,-3.8850649094221095,0.0353797501274109
2004-11-19 06:01:00,2004-11-19 05:52:00,21029.321680453697,2.159854474454978,21030.768957422977,-3.6071314437351885,0.12380604702819187
2004-11-19 06:02:00,2004-11-19 05:53:00,21029.304565296494,2.1731109063086143,21030.76890720555,-3.6374528153657257,0.08581339027969759
2004-11-19 06:03:00,2004-11-19 05:54:00,21029.519493559525,2.1861412345792406,21030.76885698812,-3.4355046631757933,0.2531352188413458
2004-11-19 06:04:00,2004-11-19 05:55:00,21029.83656617426,2.198941781252687,21030.76880677069,-3.131182377683034,-0.0008448202867805676
2004-11-19 06:05:00,2004-11-19 05:56:00,21029.54307111783,2.211508868314784,21030.768756553265,-3.4371943037493544,-0.11559112126426796
2004-11-19 06:06:00,2004-11-19 05:57:00,21029.63018053337,2.223838817751362,21030.76870633583,-3.36236462021157,0.22064570088385738
2004-11-19 06:07:00,2004-11-19 05:58:00,21030.008681167965,2.235927951548251,21030.7686561184,-2.9959029019816397,0.37621886973306373
2004-11-19 06:08:00,2004-11-19 05:59:00,21030.406451611914,2.247772591691282,21030.76860590097,-2.6099268807454425,0.24362127557765767
2004-11-19 06:09:00,2004-11-19 06:00:00,21030.51926439288,2.259369060166285,21030.76855568354,-2.5086603508263243,-0.20174445201008817
2004-11-19 06:10:00,2004-11-19 06:01:00,21030.0258033603,2.2707136789590896,21030.768505466105,-3.013415784765619,-0.31109788882594147
2004-11-19 06:11:00,2004-11-19 06:02:00,21029.91940189025,2.2818027700555277,21030.76845524867,-3.1308561284782073,0.07409598742775403
2004-11-19 06:12:00,2004-11-19 06:03:00,21030.195813876773,2.2926326554414285,21030.768405031242,-2.865223809910111,0.12435558537140867
2004-11-19 06:13:00,2004-11-19 06:04:00,21030.189409513176,2.3031996571026223,21030.76835481381,-2.88214495773539,0.09172964822073126
2004-11-19 06:14:00,2004-11-19 06:05:00,21030.400040179928,2.3135000970249404,21030.76830459637,-2.6817645134686483,0.09840594675877945
2004-11-19 06:15:00,2004-11-19 06:06:00,21030.406451611914,2.3235302971942122,21030.768254378938,-2.685333064217831,0.09120247626744371
2004-11-19 06:16:00,2004-11-19 06:07:00,21030.60213118017,2.333286579596268,21030.768204161508,-2.499359560933761,0.2764885771537595
2004-11-19 06:17:00,2004-11-19 06:08:00,21030.978563300378,2.342765266216939,21030.76815394407,-2.132355909910312,0.07256031405716179
2004-11-19 06:18:00,2004-11-19 06:09:00,21030.765827472856,2.351962679042056,21030.768103726634,-2.3542389328194373,-0.21109045819011762
2004-11-19 06:19:00,2004-11-19 06:10:00,21030.574391822967,2.360875140057448,21030.7680535092,-2.5545368262905472,-0.09377033468151819
2004-11-19 06:20:00,2004-11-19 06:11:00,21030.59572266083,2.3694989712489454,21030.768003291763,-2.5417796021824737,0.3617770245313221
2004-11-19 06:21:00,2004-11-19 06:12:00,21031.3148007917,2.377830494602379,21030.767953074326,-1.830982777227903,0.0939797988420712
2004-11-19 06:22:00,2004-11-19 06:13:00,21030.799948884494,2.3858660321035785,21030.76790285689,-2.3538200044983313,-0.3695095384802993
2004-11-19 06:23:00,2004-11-19 06:14:00,21030.591452691006,2.393601905738376,21030.767852639456,-2.5700018541885017,-0.1649714005998475
2004-11-19 06:24:00,2004-11-19 06:15:00,21030.485074053806,2.4010344374926005,21030.76780242201,-2.6837628056980263,0.04489477882319037
2004-11-19 06:25:00,2004-11-19 06:16:00,21030.695699857388,2.408159949352083,21030.767752204578,-2.480212296542121,-0.05370784340227064
2004-11-19 06:26:00,2004-11-19 06:17:00,21030.39149825794,2.4149747633026526,21030.76770198714,-2.7911784925025676,-0.05446007135680775
2004-11-19 06:27:00,2004-11-19 06:18:00,21030.599994531778,2.4214752013301406,21030.767651769704,-2.5891324392557364,0.14580960610353322
2004-11-19 06:28:00,2004-11-19 06:19:00,21030.695699857388,2.427657585420378,21030.767601552263,-2.499559280295501,0.0897349959070326
2004-11-19 06:29:00,2004-11-19 06:20:00,21030.791407124936,2.433518237559194,21030.76755133482,-2.4096624474416712,0.14111600575370442
2004-11-19 06:30:00,2004-11-19 06:21:00,21030.989227328326,2.4390534797324177,21030.76750111738,-2.2173272687880923,0.09145610245117242
2004-11-19 06:31:00,2004-11-19 06:22:00,21030.984960291327,2.444259633925883,21030.76745089994,-2.2267502425393264,0.04286555182090246
2004-11-19 06:32:00,2004-11-19 06:23:00,21031.08493753948,2.449133022125419,21030.7674006825,-2.1315961651462874,0.14637754901873046
2004-11-19 06:33:00,2004-11-19 06:24:00,21031.287025286874,2.4536699663168533,21030.76735046506,-1.9339951445018655,0.04460556579044361
2004-11-19 06:34:00,2004-11-19 06:25:00,21031.18278200254,2.45786678848602,21030.76730024762,-2.0423850335654,0.05135057983910918
2004-11-19 06:35:00,2004-11-19 06:26:00,21031.39767585597,2.4617198106187477,21030.767250030174,-1.8312939848236471,0.04955943935375107
2004-11-19 06:36:00,2004-11-19 06:27:00,21031.289159012576,2.465225354700866,21030.767199812733,-1.943266154857898,-0.16391307194114835
2004-11-19 06:37:00,2004-11-19 06:28:00,21031.0764092093,2.468379742718206,21030.76714959529,-2.159120128705944,-0.06144365731935619
2004-11-19 06:38:00,2004-11-19 06:29:00,21031.172125205005,2.471179296656599,21030.767099377845,-2.0661534694966104,0.29523119194135816
2004-11-19 06:39:00,2004-11-19 06:30:00,21031.672011754083,2.4736203385018745,21030.767049160404,-1.5686577448232275,0.29878737452458703
2004-11-19 06:40:00,2004-11-19 06:31:00,21031.774119412752,2.475699190239862,21030.76699894296,-1.4685787204474363,0.20450343917813973
2004-11-19 06:41:00,2004-11-19 06:32:00,21032.084710032905,2.4774121738563943,21030.766948725515,-1.159650866466948,0.16022038927257598
2004-11-19 06:42:00,2004-11-19 06:33:00,21032.097516177506,2.4787556113372986,21030.76689850807,-1.1481379419022844,-0.0011066079616386393
2004-11-19 06:43:00,2004-11-19 06:34:00,21032.084710032905,2.479725824668408,21030.766848290627,-1.1618640823902253,-0.16242992718350258
2004-11-19 06:44:00,2004-11-19 06:35:00,21031.774119412752,2.48031913583555,21030.766798073186,-1.4729977962692895,-0.011005580881448873
2004-11-19 06:45:00,2004-11-19 06:36:00,21032.06340447841,2.480531866824558,21030.766747855738,-1.183875244153123,0.4999161231692151
2004-11-19 06:46:00,2004-11-19 06:37:00,21032.77389242798,2.4803603396212615,21030.76669763829,-0.47316554993085935,0.464166451217745
2004-11-19 06:47:00,2004-11-19 06:38:00,21032.99090595534,2.479800876211489,21030.766647420845,-0.255542341717633,0.012537528810717236
2004-11-19 06:48:00,2004-11-19 06:39:00,21032.797356509665,2.4788497985810727,21030.766597203394,-0.4480904923094249,-0.4550973482493337
2004-11-19 06:49:00,2004-11-19 06:40:00,21032.07831337645,2.477503428715843,21030.76654698595,-1.1657370382163004,-0.06863899463127865
2004-11-19 06:50:00,2004-11-19 06:41:00,21032.65688637553,2.475758088601629,21030.7664967685,-0.5853684815719822,0.7316215255010525
2004-11-19 06:51:00,2004-11-19 06:42:00,21033.53756266406,2.4736101002242616,21030.76644655105,0.2975060127858047,0.7001169867403734
2004-11-19 06:52:00,2004-11-19 06:43:00,21034.05231761108,2.4710557855695727,21030.7663963336,0.8148654919087646,-0.12375327099580558
2004-11-19 06:53:00,2004-11-19 06:44:00,21033.28443705357,2.468091466623389,21030.766346116154,0.049999470794193535,-0.1722257130073508
2004-11-19 06:54:00,2004-11-19 06:45:00,21033.70142342997,2.464713465371544,21030.766295898706,0.470414065894063,0.062164328480647235
2004-11-19 06:55:00,2004-11-19 06:46:00,21033.40149191281,2.4609181037998686,21030.766245681254,0.174328127755488,-0.25335918757658993
2004-11-19 06:56:00,2004-11-19 06:47:00,21033.18659285844,2.456701703894191,21030.766195463806,-0.036304309259116874,-0.05618078889773925
2004-11-19 06:57:00,2004-11-19 06:48:00,21033.280172383955,2.4520605876403416,21030.766145246354,0.0619665499600095,0.20059540827269462
2004-11-19 06:58:00,2004-11-19 06:49:00,21033.577972613217,2.4469910770241508,21030.766095028906,0.36488650728627237,0.10105125998656339
2004-11-19 06:59:00,2004-11-19 06:50:00,21033.471603375416,2.4414894940314507,21030.76604481145,0.2640690699331363,-0.1452618233558236
2004-11-19 07:00:00,2004-11-19 06:51:00,21033.275909615222,2.435552160648071,21030.765994594,0.07436286057462516,0.010469042815532736
2004-11-19 07:01:00,2004-11-19 06:52:00,21033.480126930972,2.42917539885984,21030.765944376548,0.28500715556420175,0.10343056212490764
2004-11-19 07:02:00,2004-11-19 06:53:00,21033.469473674573,2.422355530652591,21030.765894159096,0.28122398482444044,0.10493940797047907
2004-11-19 07:03:00,2004-11-19 06:54:00,21033.675818791162,2.4150888780121518,21030.765843941645,0.4948859715051599,0.26174613964626126
2004-11-19 07:04:00,2004-11-19 06:55:00,21033.97788175123,2.407371762924355,21030.76579372419,0.804716264116963,-0.13984016413181477
2004-11-19 07:05:00,2004-11-19 06:56:00,21033.38014965735,2.3992005073750295,21030.765743506734,0.21520564324153035,-0.287216821273675
2004-11-19 07:06:00,2004-11-19 06:57:00,21033.3865473442,2.3905714333500057,21030.76569328928,0.230282621569613,0.2163317401444571
2004-11-19 07:07:00,2004-11-19 06:58:00,21033.794993058196,2.381480862835115,21030.76564307183,0.6478691235304446,0.2603832153238794
2004-11-19 07:08:00,2004-11-19 06:59:00,21033.888567024405,2.371925117816186,21030.76559285437,0.7510490522173718,-0.043349861980355175
2004-11-19 07:09:00,2004-11-19 07:00:00,21033.68861255676,2.3619005202790513,21030.765542636913,0.5611693995697342,-0.08859917480979806
2004-11-19 07:10:00,2004-11-19 07:01:00,21033.69074651427,2.351403392209539,21030.76549241946,0.5738507025977757,-0.08812479469291334
2004-11-19 07:11:00,2004-11-19 07:02:00,21033.49079206778,2.3404300555934814,21030.765442202002,0.38491981018390753,0.059118399381637765
2004-11-19 07:12:00,2004-11-19 07:03:00,21033.78645631832,2.328976832416707,21030.765391984543,0.6920875013610512,0.36166550617309445
2004-11-19 07:13:00,2004-11-19 07:04:00,21034.190632634287,2.317040044665048,21030.76534176709,1.1082508225300964,0.011164128028531728
2004-11-19 07:14:00,2004-11-19 07:05:00,21033.784323321375,2.304616014324333,21030.765291549633,0.7144157574181147,-0.2393570718111384
2004-11-19 07:15:00,2004-11-19 07:06:00,21033.686479074466,2.291701063380393,21030.765241332178,0.6295366789078196,0.4173887448309612
2004-11-19 07:16:00,2004-11-19 07:07:00,21034.592675875614,2.2782915138190596,21030.765191114715,1.5491932470800371,0.510396483706292
2004-11-19 07:17:00,2004-11-19 07:08:00,21034.679854231203,2.264383687626162,21030.765140897256,1.6503296463204036,-0.0357795866084607
2004-11-19 07:18:00,2004-11-19 07:09:00,21034.492698660455,2.24997390678753,21030.765090679804,1.4776340738631157,-0.025673425476040457
2004-11-19 07:19:00,2004-11-19 07:10:00,21034.599081751,2.235058493288995,21030.765040462342,1.5989827953683227,0.015220286298129437
2004-11-19 07:20:00,2004-11-19 07:11:00,21034.492698660455,2.2196337691163874,21030.76499024488,1.5080746464593746,-0.1363699006061867
2004-11-19 07:21:00,2004-11-19 07:12:00,21034.294879077836,2.203696056255536,21030.764940027424,1.3262429941559493,-0.235830937277429
2004-11-19 07:22:00,2004-11-19 07:13:00,21033.988544258555,2.187241676692273,21030.764889809958,1.0364127719045166,-0.2289060688300979
2004-11-19 07:23:00,2004-11-19 07:14:00,21033.803537401407,2.1702669524124287,21030.7648395925,0.8684308564957535,0.12794441352964103
2004-11-19 07:24:00,2004-11-19 07:15:00,21034.209859179406,2.1527682054018316,21030.76478937504,1.2923015989637987,0.2634836530580067
2004-11-19 07:25:00,2004-11-19 07:16:00,21034.294879077836,2.134741757646313,21030.764739157577,1.3953981626117669,0.009796273035022285
2004-11-19 07:26:00,2004-11-19 07:17:00,21034.19276701628,2.1161839311317046,21030.764688940115,1.3118941450338433,0.021011132205714933
2004-11-19 07:27:00,2004-11-19 07:18:00,21034.29915019752,2.0970910478438345,21030.764638722652,1.4374204270231967,-0.03271029353680577
2004-11-19 07:28:00,2004-11-19 07:19:00,21034.088521492915,2.0774594297685356,21030.764588505186,1.2464735579602317,0.010350507011986476
2004-11-19 07:29:00,2004-11-19 07:20:00,21034.279945127666,2.0572853988916355,21030.764538287727,1.4581214410471697,0.267241007516662
2004-11-19 07:30:00,2004-11-19 07:21:00,21034.582008920454,2.036565277198967,21030.76448807026,1.7809555729935558,0.22526431211255793
2004-11-19 07:31:00,2004-11-19 07:22:00,21034.68838490364,2.0152969855677845,21030.7644378528,1.9086500652722855,-0.12944146055224337
2004-11-19 07:32:00,2004-11-19 07:23:00,21034.279945127666,1.9934848404410483,21030.764387635336,1.522072651889069,-0.23207719398378834
2004-11-19 07:33:00,2004-11-19 07:24:00,21034.179967852328,1.9711347571531441,21030.76433741787,1.4444956773047088,-0.029453618693007555
2004-11-19 07:34:00,2004-11-19 07:25:00,21034.175705265945,1.9482526510384572,21030.764287200403,1.463165414503054,-0.18634268942898624
2004-11-19 07:35:00,2004-11-19 07:26:00,21033.76089171882,1.9248444374313736,21030.76423698294,1.0718102984467364,0.0673190281555971
2004-11-19 07:36:00,2004-11-19 07:27:00,21034.262906267955,1.9009160316662779,21030.764186765475,1.5978034708142481,0.4262731533150156
2004-11-19 07:37:00,2004-11-19 07:28:00,21034.56496650216,1.8764733490775563,21030.764136548005,1.9243566050767675,-0.027369088943847486
2004-11-19 07:38:00,2004-11-19 07:29:00,21034.158673928465,1.8515223049995941,21030.76408633054,1.5430652929265531,-0.07791642556397349
2004-11-19 07:39:00,2004-11-19 07:30:00,21034.358628681788,1.8260688147667772,21030.764036113073,1.7685237539488206,-0.12421409107829007
2004-11-19 07:40:00,2004-11-19 07:31:00,21033.858741800086,1.8001187937134904,21030.763985895603,1.294637110769973,-0.12478391301103431
2004-11-19 07:41:00,2004-11-19 07:32:00,21034.056569763237,1.7736781571741198,21030.763935678136,1.518955927926752,0.22668795654974527
2004-11-19 07:42:00,2004-11-19 07:33:00,21034.25865130502,1.7467528204830507,21030.763885460667,1.7480130238694636,0.33140198957019806
2004-11-19 07:43:00,2004-11-19 07:34:00,21034.66494384924,1.7193486989746687,21030.763835243197,2.181759907067148,0.1723423693046262
2004-11-19 07:44:00,2004-11-19 07:35:00,21034.547954496193,1.6914717079833592,21030.76378502573,2.092697762478716,-0.03139617217645396
2004-11-19 07:45:00,2004-11-19 07:36:00,21034.54583013382,1.6631277628435077,21030.76373480826,2.11896756271424,0.13072716502467507
2004-11-19 07:46:00,2004-11-19 07:37:00,21034.75215946221,1.6343227788894998,21030.76368459079,2.354152092528066,-0.06770738789384834
2004-11-19 07:47:00,2004-11-19 07:38:00,21034.352249831703,1.605062671455721,21030.76363437332,1.9835527869265435,-0.11830514696431571
2004-11-19 07:48:00,2004-11-19 07:39:00,21034.456479310324,1.5753533558765567,21030.763584155848,2.1175417985994347,0.13314798158959062
2004-11-19 07:49:00,2004-11-19 07:40:00,21034.558583435974,1.5452007474863927,21030.76353393838,2.2498487501057247,0.03042151459830511
2004-11-19 07:50:00,2004-11-19 07:41:00,21034.456479310324,1.5146107616196143,21030.763483720908,2.178384827796045,-0.07656010806277735
2004-11-19 07:51:00,2004-11-19 07:42:00,21034.343751351025,1.4835893136106073,21030.763433503434,2.09672853398017,-0.075068264504766
2004-11-19 07:52:00,2004-11-19 07:43:00,21034.243773903545,1.4521423187937565,21030.763383285965,2.028248298786513,0.038082314125824634
2004-11-19 07:53:00,2004-11-19 07:44:00,21034.356501923226,1.4202756925034483,21030.76333306849,2.1728931622318193,0.13528770813440194
2004-11-19 07:54:00,2004-11-19 07:45:00,21034.450101916143,1.3879953500740674,21030.763282851014,2.298823715055317,-0.021705394469809125
2004-11-19 07:55:00,2004-11-19 07:46:00,21034.248022213676,1.3553072068400003,21030.763232633544,2.129482373292201,-0.118089261330097
2004-11-19 07:56:00,2004-11-19 07:47:00,21034.1480447866,1.322217178135632,21030.76318241607,2.062645192395123,-0.019836373630605086
2004-11-19 07:57:00,2004-11-19 07:48:00,21034.14167300392,1.2887311792953473,21030.763132198594,2.089809626030991,-0.06837036839400523
2004-11-19 07:58:00,2004-11-19 07:49:00,21033.94384156238,1.2548551256535327,21030.76308198112,1.9259044556071123,-0.17220206126535653
2004-11-19 07:59:00,2004-11-19 07:50:00,21033.729032199688,1.2205949325445733,21030.763031763643,1.7454055035002778,-0.019734740307204457
2004-11-19 08:00:00,2004-11-19 07:51:00,21033.83537303646,1.185956515302855,21030.762981546166,1.8864349749927034,0.03593510984273385
2004-11-19 08:01:00,2004-11-19 07:52:00,21033.73115284114,1.1509457892627628,21030.762931328693,1.8172757231857455,-0.271049681189689
2004-11-19 08:02:00,2004-11-19 07:53:00,21033.222785393587,1.1155686697586829,21030.762881111215,1.3443356126133255,-0.06755021016807794
2004-11-19 08:03:00,2004-11-19 07:54:00,21033.524837268717,1.079831072125,21030.762830893742,1.6821753028495896,0.3369573395039638
2004-11-19 08:04:00,2004-11-19 07:55:00,21033.824769879582,1.0437389116960998,21030.762780676265,2.018250291621253,-0.06789792133374983
2004-11-19 08:05:00,2004-11-19 07:56:00,21033.316408022773,1.0072981038063682,21030.762730458784,1.54637946018209,-0.17387821997778596
2004-11-19 08:06:00,2004-11-19 07:57:00,21033.403688656766,0.9705145637901905,21030.76268024131,1.670493851665681,0.1785058840379874
2004-11-19 08:07:00,2004-11-19 07:58:00,21033.59941545907,0.9333942069819525,21030.76263002383,1.9033912282580647,0.3425585859586435
2004-11-19 08:08:00,2004-11-19 07:59:00,21034.014133778648,0.8959429487160391,21030.76257980635,2.355611023582968,0.19503433462789432
2004-11-19 08:09:00,2004-11-19 08:00:00,21033.914156190713,0.8581667043268362,21030.762529588872,2.2934598975138534,-0.2693508198927901
2004-11-19 08:10:00,2004-11-19 08:01:00,21033.399460144337,0.8200713891487292,21030.76247937139,1.816909383797388,-0.27220435863283243
2004-11-19 08:11:00,2004-11-19 08:02:00,21033.293143252675,0.7816629185161038,21030.76242915391,1.7490511802481885,0.08648784107387408
2004-11-19 08:12:00,2004-11-19 08:03:00,21033.495211210142,0.7429472077633457,21030.762378936433,1.9898850659451361,0.13783822407195023
2004-11-19 08:13:00,2004-11-19 08:04:00,21033.49098651957,0.7039301722248401,21030.762328718953,2.024727628392089,0.08603565007369984
2004-11-19 08:14:00,2004-11-19 08:05:00,21033.588852594796,0.6646177272349723,21030.76227850147,2.161956366092536,-0.11362591730852878
2004-11-19 08:15:00,2004-11-19 08:06:00,21033.18471986589,0.625015788128128,21030.762228283987,1.7974757937750314,-0.11228355491868836
2004-11-19 08:16:00,2004-11-19 08:07:00,21033.284697593,0.5851302702386929,21030.762178066507,1.9373892562551591,0.1411076403385383
2004-11-19 08:17:00,2004-11-19 08:08:00,21033.386786012376,0.5449670889010525,21030.762127849022,2.079691074452108,-0.06806278857339076
2004-11-19 08:18:00,2004-11-19 08:09:00,21033.0678734701,0.5045321594495921,21030.76207763154,1.8012636791083776,-0.4229832114213433
2004-11-19 08:19:00,2004-11-19 08:10:00,21032.45958346289,0.46383139721869754,21030.76202741406,1.2337246516094214,0.045096204738694246
2004-11-19 08:20:00,2004-11-19 08:11:00,21033.076304002705,0.42287071754275385,21030.761977196576,1.891456088585766,0.49103820836206535
2004-11-19 08:21:00,2004-11-19 08:12:00,21033.35938408318,0.3816560357561469,21030.761926979092,2.215801068333552,0.18292898289752824
2004-11-19 08:22:00,2004-11-19 08:13:00,21033.35938408318,0.3401932671932623,21030.761876761608,2.2573140543808226,-0.05623852868046475
2004-11-19 08:23:00,2004-11-19 08:14:00,21033.163638882288,0.2984883271884852,21030.761826544127,2.1033240109726226,-0.15070981610586265
2004-11-19 08:24:00,2004-11-19 08:15:00,21032.974217879884,0.2565471310762013,21030.76177632664,1.9558944221690973,-0.15784906959244072
2004-11-19 08:25:00,2004-11-19 08:16:00,21032.76372757513,0.2143755941907964,21030.76172610915,1.7876258717877411,0.03285705775162251
2004-11-19 08:26:00,2004-11-19 08:17:00,21032.955264061206,0.17197963186665557,21030.761675891667,2.0216085376723423,0.18831261135747435
2004-11-19 08:27:00,2004-11-19 08:18:00,21033.055241928123,0.1293651594381644,21030.761625674182,2.16425109450269,-0.15613268601059094
2004-11-19 08:28:00,2004-11-19 08:19:00,21032.55745671458,0.08653809223970882,21030.76157545669,1.7093431656511604,-0.406919772924478
2004-11-19 08:29:00,2004-11-19 08:20:00,21032.155441133466,0.043504345605673816,21030.761525239206,1.3504115486537338,-0.41302506378020654
2004-11-19 08:30:00,2004-11-19 08:21:00,21031.645037894683,0.0002698348704453235,21030.76147502172,0.8832930380907473,-0.2160207557235736
2004-11-19 08:31:00,2004-11-19 08:22:00,21031.636635316805,-0.04315952463159167,21030.76142480423,0.9183700372065866,0.3913956956478303
2004-11-19 08:32:00,2004-11-19 08:23:00,21032.340681198562,-0.08677781756605099,21030.761374586742,1.6660844293864079,0.5478508839265672
2004-11-19 08:33:00,2004-11-19 08:24:00,21032.644817045715,-0.13057912859854745,21030.761324369254,2.014071805059721,0.09708096388570664
2004-11-19 08:34:00,2004-11-19 08:25:00,21032.44696296653,-0.17455754239469579,21030.761274151766,1.8602463571578212,-0.41103738557056824
2004-11-19 08:35:00,2004-11-19 08:26:00,21031.734513824576,-0.21870714362011023,21030.761223934278,1.1919970339185846,-0.3077417977674026
2004-11-19 08:36:00,2004-11-19 08:27:00,21031.742914461465,-0.26302201694040483,21030.761173716783,1.244762761623016,0.14757258602608014
2004-11-19 08:37:00,2004-11-19 08:28:00,21031.940769458248,-0.30749624702119494,21030.7611234993,1.4871422059707449,0.03515579848891204
2004-11-19 08:38:00,2004-11-19 08:29:00,21031.72402372188,-0.3521239185280944,21030.761073281807,1.31507435860084,-0.06257268113310688
2004-11-19 08:39:00,2004-11-19 08:30:00,21031.726120791893,-0.3968991161267179,21030.761023064315,1.3619968437045311,-0.0008972007446478303
2004-11-19 08:40:00,2004-11-19 08:31:00,21031.632436879452,-0.4418159244826799,21030.760972846823,1.3132799571115443,-0.15701800602650773
2004-11-19 08:41:00,2004-11-19 08:32:00,21031.32201503272,-0.48686842826159477,21030.76092262933,1.0479608316515157,-0.16317586464214745
2004-11-19 08:42:00,2004-11-19 08:33:00,21031.215749927534,-0.5320507121290775,21030.760872411836,0.9869282278272494,0.09004544827850669
2004-11-19 08:43:00,2004-11-19 08:34:00,21031.411517061806,-0.577356860750742,21030.76082219435,1.228051728208529,0.08703208701858373
2004-11-19 08:44:00,2004-11-19 08:35:00,21031.29898341993,-0.6227809587922029,21030.760771976857,1.1609924018644169,-0.1107146208236085
2004-11-19 08:45:00,2004-11-19 08:36:00,21031.099027155,-0.6683170909190748,21030.760721759358,1.006622486561312,-0.20221422741289763
2004-11-19 08:46:00,2004-11-19 08:37:00,21030.80327614711,-0.7139593417969721,21030.76067154187,0.7565639470386216,-0.2521001010109225
2004-11-19 08:47:00,2004-11-19 08:38:00,21030.50334181282,-0.7597017960915091,21030.76062132437,0.502422284539467,-0.10308113294626714
2004-11-19 08:48:00,2004-11-19 08:39:00,21030.505434249553,-0.8055385384683008,21030.760571106875,0.5504016811460873,0.0938284879981306
2004-11-19 08:49:00,2004-11-19 08:40:00,21030.599136496327,-0.8514636535929612,21030.760520889384,0.6900792605357282,0.1428567503707892
2004-11-19 08:50:00,2004-11-19 08:41:00,21030.699114627645,-0.8974712261311049,21030.76047067189,0.8361151818876658,-0.10909633565786137
2004-11-19 08:51:00,2004-11-19 08:42:00,21030.288751702865,-0.9435553407483466,21030.760420454393,0.4718865892200055,-0.41208960918725945
2004-11-19 08:52:00,2004-11-19 08:43:00,21029.782596118297,-0.9897100821103004,21030.760370236894,0.011935963513146852,-0.20057365303317576
2004-11-19 08:53:00,2004-11-19 08:44:00,21029.79512976767,-1.0359295348825812,21030.7603200194,0.07073928315365396,-0.050546767822062244
2004-11-19 08:54:00,2004-11-19 08:45:00,21029.588904446042,-1.082207783730803,21030.760269801904,-0.08915757213097764,-0.10674684345681795
2004-11-19 08:55:00,2004-11-19 08:46:00,21029.488926267324,-1.1285389133205808,21030.760219584405,-0.14275440375998194,-0.20249599158923892
2004-11-19 08:56:00,2004-11-19 08:47:00,21029.09110280328,-1.1749170083175287,21030.760169366906,-0.4941495553094555,-0.16081323492706523
2004-11-19 08:57:00,2004-11-19 08:48:00,21029.07440212241,-1.2213361533872615,21030.76011914941,-0.4643808736141124,-0.15973370536239928
2004-11-19 08:58:00,2004-11-19 08:49:00,21028.678661532682,-1.267790433195393,21030.76006893191,-0.813616966034254,-0.20029684023007954
2004-11-19 08:59:00,2004-11-19 08:50:00,21028.58077022793,-1.3142739324075392,21030.760018714413,-0.8649745540742715,0.05072061836402675
2004-11-19 09:00:00,2004-11-19 08:51:00,21028.687012031918,-1.3607807356893131,21030.759968496914,-0.7121757293062005,0.04865334988544168
2004-11-19 09:01:00,2004-11-19 08:52:00,21028.5849454974,-1.4073049277063296,21030.75991827941,-0.7676678543033881,0.04553597731539316
2004-11-19 09:02:00,2004-11-19 08:53:00,21028.68492369411,-1.4538405931242027,21030.75986806191,-0.6211037746754142,0.0944901354947455
2004-11-19 09:03:00,2004-11-19 08:54:00,21028.68074844449,-1.5003818166085487,21030.759817844413,-0.5786875833138971,-0.0054854707397258284
2004-11-19 09:04:00,2004-11-19 08:55:00,21028.58077022793,-1.5469226828249796,21030.75976762691,-0.6320747161548659,-0.106509076462179
2004-11-19 09:05:00,2004-11-19 08:56:00,21028.37455439673,-1.593457276439112,21030.759717409408,-0.7917057362382551,-0.30751759422717684
2004-11-19 09:06:00,2004-11-19 08:57:00,21027.872577605183,-1.639979682116559,21030.75966719191,-1.2471099046092196,-0.20129576350705625
2004-11-19 09:07:00,2004-11-19 08:58:00,21027.87883572663,-1.6864839845229356,21030.759616974407,-1.1942972632523676,0.16114121088815536
2004-11-19 09:08:00,2004-11-19 08:59:00,21028.10177500575,-1.732964268323856,21030.759566756908,-0.9248274828329088,0.10276915576649148
2004-11-19 09:09:00,2004-11-19 09:00:00,21027.991342969497,-1.7794146181849355,21030.7595165394,-0.9887589517193847,-0.11184489454572932
2004-11-19 09:10:00,2004-11-19 09:01:00,21027.7851199312,-1.8258291187717877,21030.759466321895,-1.1485172719243675,0.09747783033186397
2004-11-19 09:11:00,2004-11-19 09:02:00,21028.093410958587,-1.8722018547500274,21030.759416104393,-0.7938032910556567,0.1536917254252258
2004-11-19 09:12:00,2004-11-19 09:03:00,21027.99970515503,-1.9185269107852692,21030.75936588689,-0.8411338210739159,-0.09943667415356294
2004-11-19 09:13:00,2004-11-19 09:04:00,21027.801840658478,-1.964798371543127,21030.759315669384,-0.9926766393627826,0.09523536117980058
2004-11-19 09:14:00,2004-11-19 09:05:00,21028.097592031478,-2.0110103216892163,21030.75926545188,-0.6506630987143147,0.24409420920669822
2004-11-19 09:15:00,2004-11-19 09:06:00,21028.197570167536,-2.0571568458891507,21030.759215234375,-0.5044882209493862,-0.16006407649408394
2004-11-19 09:16:00,2004-11-19 09:07:00,21027.685141736358,-2.1032320288085455,21030.75916501687,-0.9707912517024826,-0.107015909633843
2004-11-19 09:17:00,2004-11-19 09:08:00,21027.891364804032,-2.1492299551130145,21030.759114799363,-0.7185200402170722,0.20224263746846272
2004-11-19 09:18:00,2004-11-19 09:09:00,21027.997613895623,-2.195144709468172,21030.759064581856,-0.5663059767655572,0.04487574424621821
2004-11-19 09:19:00,2004-11-19 09:10:00,21027.889275436086,-2.240970376539633,21030.75901436435,-0.6287685517246357,0.04791988035143557
2004-11-19 09:20:00,2004-11-19 09:11:00,21028.001796889785,-2.2867010409930124,21030.75896414684,-0.470466216062686,0.05304820197972537
2004-11-19 09:21:00,2004-11-19 09:12:00,21027.903910994075,-2.332330787493923,21030.758913929334,-0.522672147765185,-0.053305453291924376
2004-11-19 09:22:00,2004-11-19 09:13:00,21027.803932888473,-2.3778537007079814,21030.758863711828,-0.5770771226465348,0.1517764539231039
2004-11-19 09:23:00,2004-11-19 09:14:00,21028.1164303891,-2.423263865300801,21030.758813494318,-0.2191192399189772,0.1506132461995766
2004-11-19 09:24:00,2004-11-19 09:15:00,21028.014357280623,-2.4685553659379966,21030.758763276808,-0.27585063024738155,0.19839045809116862
2004-11-19 09:25:00,2004-11-19 09:16:00,21028.42265244828,-2.5137222872851814,21030.758713059302,0.17766167626336005,0.19197785379004206
2004-11-19 09:26:00,2004-11-19 09:17:00,21028.308009205117,-2.5587587140079724,21030.758662841792,0.10810507733270258,-0.2737478192854923
2004-11-19 09:27:00,2004-11-19 09:18:00,21027.7851199312,-2.603658730771982,21030.75861262428,-0.36983396230762455,-0.30713719198139766
2004-11-19 09:28:00,2004-11-19 09:19:00,21027.603976677896,-2.648416422242824,21030.75856240677,-0.5061693066300927,0.21038901761653683
2004-11-19 09:29:00,2004-11-19 09:20:00,21028.1164303891,-2.6930258730861167,21030.75851218926,0.05094407292544911,0.40288323789407565
2004-11-19 09:30:00,2004-11-19 09:21:00,21028.320577972936,-2.73748116796747,21030.758461971745,0.29959716915805856,0.19963366770068092
2004-11-19 09:31:00,2004-11-19 09:22:00,21028.426846771014,-2.7817763915525004,21030.75841175424,0.45021140832681095,0.0994949588634153
2004-11-19 09:32:00,2004-11-19 09:23:00,21028.4310429951,-2.825905628506824,21030.758361536722,0.4985870868848892,0.04409350348526564
2004-11-19 09:33:00,2004-11-19 09:24:00,21028.426846771014,-2.869862963496052,21030.758311319212,0.5383984152973422,-0.10919517796673706
2004-11-19 09:34:00,2004-11-19 09:25:00,21028.124815351464,-2.9136424811858017,21030.7582611017,0.28019673095141506,-0.4051141321154894
2004-11-19 09:35:00,2004-11-19 09:26:00,21027.52914276901,-2.9572382662416867,21030.758210884185,-0.2718298489336366,-0.04592888790663796
2004-11-19 09:36:00,2004-11-19 09:27:00,21027.945855218477,-3.0006444033293214,21030.758160666668,0.18833895513813914,0.35484669077239794
2004-11-19 09:37:00,2004-11-19 09:28:00,21028.152119004655,-3.04385497711432,21030.75811044916,0.4378635326111593,0.04736588277719589
2004-11-19 09:38:00,2004-11-19 09:29:00,21027.954266880075,-3.086864072262297,21030.758060231645,0.2830707206925309,-0.15700013690386294
2004-11-19 09:39:00,2004-11-19 09:30:00,21027.752207499496,-3.1296657734388673,21030.75801001413,0.12386325880343341,-0.310332099996943
2004-11-19 09:40:00,2004-11-19 09:31:00,21027.248112152003,-3.1722541653096448,21030.757959796614,-0.3375934793013551,-0.35948551842765064
2004-11-19 09:41:00,2004-11-19 09:32:00,21026.948178468505,-3.214623332540243,21030.757909579097,-0.5951077780518679,-0.2076379209654311
2004-11-19 09:42:00,2004-11-19 09:33:00,21026.74822268056,-3.256767359796279,21030.757859361587,-0.7528693212322173,-0.1631305493066102
2004-11-19 09:43:00,2004-11-19 09:34:00,21026.537759935658,-3.298680331743366,21030.757809144066,-0.9213688766650883,-0.11337563990529986
2004-11-19 09:44:00,2004-11-19 09:35:00,21026.43778199246,-3.3403563330471195,21030.75775892655,-0.979620601042817,0.1436833778555595
2004-11-19 09:45:00,2004-11-19 09:36:00,21026.741917139705,-3.3817894483731514,21030.757708709032,-0.6340021209539692,0.2965571702098926
2004-11-19 09:46:00,2004-11-19 09:37:00,21026.948178468505,-3.422973762387078,21030.757658491515,-0.38650626062303184,-0.21723476402167963
2004-11-19 09:47:00,2004-11-19 09:38:00,21026.225233265242,-3.4639033597545135,21030.757608273994,-1.0684716489973285,-0.733102758179563
2004-11-19 09:48:00,2004-11-19 09:39:00,21025.400273954358,-3.5045723251410728,21030.75755805648,-1.852711776982158,-0.21774121189273532
2004-11-19 09:49:00,2004-11-19 09:40:00,21025.708579022965,-3.5449747432123693,21030.75750783896,-1.5039540727827991,0.4985922210289089
2004-11-19 09:50:00,2004-11-19 09:41:00,21026.31682558788,-3.5851046986340185,21030.75745762144,-0.8555273349243402,0.6514381525712956
2004-11-19 09:51:00,2004-11-19 09:42:00,21026.93137336021,-3.624956276071635,21030.757407403922,-0.20107776764020802,0.510662176443679
2004-11-19 09:52:00,2004-11-19 09:43:00,21027.258630644174,-3.664523560190832,21030.7573571864,0.1657970179630177,0.2594088704922377
2004-11-19 09:53:00,2004-11-19 09:44:00,21027.371246306564,-3.7038006356572244,21030.757306968877,0.3177399733442674,0.00394787943036623
2004-11-19 09:54:00,2004-11-19 09:45:00,21027.188167941047,-3.7427815871364283,21030.75725675136,0.17369277682375017,-0.247332489758175
2004-11-19 09:55:00,2004-11-19 09:46:00,21026.79882102837,-3.7814604992940573,21030.757206533835,-0.17692500617208262,0.0023315372986967287
2004-11-19 09:56:00,2004-11-19 09:47:00,21027.115680710944,-3.819831456795724,21030.75715631632,0.17835585142114363,0.3019689297889123
2004-11-19 09:57:00,2004-11-19 09:48:00,21027.326230407896,-3.8578885443070448,21030.757106098798,0.427012853405742,-0.16729921734757314
2004-11-19 09:58:00,2004-11-19 09:49:00,21026.705187451505,-3.8956258464936346,21030.757055881273,-0.15624258327400264,-0.5791717932678557
2004-11-19 09:59:00,2004-11-19 09:50:00,21026.0926374826,-3.9330374480211066,21030.757005663752,-0.7313307331299694,-0.26475184552985276
2004-11-19 10:00:00,2004-11-19 09:51:00,21026.101091738336,-3.970117433555076,21030.756955446224,-0.6857462743337082,-0.05561620430990888
2004-11-19 10:01:00,2004-11-19 09:52:00,21025.907482199193,-4.006859887761157,21030.756905228704,-0.8425631417497872,0.09719417713246714
2004-11-19 10:02:00,2004-11-19 09:53:00,21026.22223819581,-4.043258895304964,21030.756855011183,-0.4913579200687739,0.14154497865375282
2004-11-19 10:03:00,2004-11-19 09:54:00,21026.11802306836,-4.079308540852112,21030.756804793655,-0.5594731844422816,-0.1140440869021333
2004-11-19 10:04:00,2004-11-19 09:55:00,21025.922305573185,-4.115002909068215,21030.756754576127,-0.7194460938730405,-0.21649780484952386
2004-11-19 10:05:00,2004-11-19 09:56:00,21025.613899479846,-4.150336084618887,21030.756704358606,-0.9924687941413293,-0.013729162902571534
2004-11-19 10:06:00,2004-11-19 09:57:00,21025.82444756923,-4.185302152169744,21030.756654141078,-0.7469044196781836,0.09117506401078046
2004-11-19 10:07:00,2004-11-19 09:58:00,21025.726590061044,-4.219895196386398,21030.75660392355,-0.8101186661197683,-0.11445248143880393
2004-11-19 10:08:00,2004-11-19 09:59:00,21025.526635021535,-4.2541093019344665,21030.756553706025,-0.9758093825557914,-0.10952923506336099
2004-11-19 10:09:00,2004-11-19 10:00:00,21025.43938779877,-4.287938553479561,21030.756503488497,-1.0291771362464903,0.045360004248951036
2004-11-19 10:10:00,2004-11-19 10:01:00,21025.549986861224,-4.3213770356873,21030.75645327097,-0.8850893740578893,-0.11667583030792494
2004-11-19 10:11:00,2004-11-19 10:02:00,21025.13945542336,-4.354418833223293,21030.756403053445,-1.2625287968623402,-0.32552492526937815
2004-11-19 10:12:00,2004-11-19 10:03:00,21024.833155580567,-4.38705803075316,21030.756352835917,-1.5361392245966456,-0.1174810293561177
2004-11-19 10:13:00,2004-11-19 10:04:00,21024.83952304987,-4.41928871294251,21030.75630261839,-1.4974908555745756,-0.11258505814715747
2004-11-19 10:14:00,2004-11-19 10:05:00,21024.543838095513,-4.45110496445696,21030.75625240086,-1.7613093408909606,-0.26509010963860913
2004-11-19 10:15:00,2004-11-19 10:06:00,21024.246030238515,-4.482500869962125,21030.75620218333,-2.027671074851794,-0.06236755261164317
2004-11-19 10:16:00,2004-11-19 10:07:00,21024.356637005563,-4.513470514123619,21030.7561519658,-1.886044446114247,0.039310139163953206
2004-11-19 10:17:00,2004-11-19 10:08:00,21024.26304297014,-4.544007981607057,21030.75610174827,-1.9490507965238875,-0.21851112608963996
2004-11-19 10:18:00,2004-11-19 10:09:00,21023.85887747537,-4.574107357078052,21030.75605153074,-2.323066698293527,-0.01899671263269953
2004-11-19 10:19:00,2004-11-19 10:10:00,21024.165194366222,-4.60376272520222,21030.756001313213,-1.9870442217892865,0.1347798667108715
2004-11-19 10:20:00,2004-11-19 10:11:00,21024.069475960165,-4.6329681706451735,21030.75595109568,-2.053506964871784,-0.01776637035651296
2004-11-19 10:21:00,2004-11-19 10:12:00,21024.07160613757,-4.661717778072529,21030.755900878146,-2.0225769625023124,-0.11926657703258003
2004-11-19 10:22:00,2004-11-19 10:13:00,21023.773804909528,-4.6900056321499,21030.755850660615,-2.292040118936944,-0.06654400668895022
2004-11-19 10:23:00,2004-11-19 10:14:00,21023.88230964966,-4.717825817542903,21030.755800443083,-2.155664975880213,0.08401926896368872
2004-11-19 10:24:00,2004-11-19 10:15:00,21023.88657622562,-4.745172418917149,21030.755750225548,-2.1240015810095665,-0.1196084755265523
2004-11-19 10:25:00,2004-11-19 10:16:00,21023.588778560144,-4.772039520938256,21030.755700008016,-2.3948819269333175,-0.1168855757967
2004-11-19 10:26:00,2004-11-19 10:17:00,21023.59945584961,-4.798421208271834,21030.755649790484,-2.3577727326029665,-0.06631514404076544
2004-11-19 10:27:00,2004-11-19 10:18:00,21023.403775792347,-4.824311565583503,21030.755599572945,-2.5275122150148484,-0.12106771878652411
2004-11-19 10:28:00,2004-11-19 10:19:00,21023.305936507702,-4.849704677538874,21030.755549355417,-2.5999081701760147,-0.022658722664960163
2004-11-19 10:29:00,2004-11-19 10:20:00,21023.308074848734,-4.874594628803561,21030.755499137882,-2.5728296603447687,0.0832341804669432
2004-11-19 10:30:00,2004-11-19 10:21:00,21023.42303360706,-4.8989755040431815,21030.755448920347,-2.4334398092421283,0.08272478168027053
2004-11-19 10:31:00,2004-11-19 10:22:00,21023.425175741464,-4.92284286436309,21030.75539870281,-2.4073800969842276,0.07472114537142316
2004-11-19 10:32:00,2004-11-19 10:23:00,21023.52515279015,-4.946198176627613,21030.755348485276,-2.283997518499282,-0.3799698240415914
2004-11-19 10:33:00,2004-11-19 10:24:00,21022.618934138532,-4.969044384140822,21030.75529826774,-3.1673197450674104,-0.5782900638032817
2004-11-19 10:34:00,2004-11-19 10:25:00,21022.32328597389,-4.991384430206784,21030.7552480502,-3.4405776461058455,-0.12032743429998671
2004-11-19 10:35:00,2004-11-19 10:26:00,21022.334001960866,-5.01322125812957,21030.755197832663,-3.407974613667384,0.287670978098963
2004-11-19 10:36:00,2004-11-19 10:27:00,21022.855354114006,-5.034557811213247,21030.755147615127,-2.8652356899079194,0.3350273225272269
2004-11-19 10:37:00,2004-11-19 10:28:00,21022.961780396214,-5.055397032761887,21030.75509739759,-2.73791996861293,-0.18038600933301785
2004-11-19 10:38:00,2004-11-19 10:29:00,21022.453297605396,-5.075741866079558,21030.75504718005,-3.226007708573955,-0.18302916882005338
2004-11-19 10:39:00,2004-11-19 10:30:00,21022.55542340179,-5.095595254470329,21030.754996962514,-3.103978306253037,-0.08031755840496668
2004-11-19 10:40:00,2004-11-19 10:31:00,21022.25334377835,-5.11496014123827,21030.75494674497,-3.3866428253838885,-0.23076993283466818
2004-11-19 10:41:00,2004-11-19 10:32:00,21022.055538885823,-5.133839469687449,21030.754896527433,-3.565518171922373,0.019762695081479542
2004-11-19 10:42:00,2004-11-19 10:33:00,21022.25549269155,-5.1522361831219365,21030.754846309894,-3.3471174352209294,0.32674185254328236
2004-11-19 10:43:00,2004-11-19 10:34:00,21022.672608400673,-5.170153224845802,21030.754796092355,-2.9120344668358085,0.07739810800338986
2004-11-19 10:44:00,2004-11-19 10:35:00,21022.37483111744,-5.187593538163115,21030.754745874816,-3.1923212192141497,-0.23268841563202214
2004-11-19 10:45:00,2004-11-19 10:36:00,21022.172724292795,-5.204560066377942,21030.754695657273,-3.3774112980998527,-0.18101836038559416
2004-11-19 10:46:00,2004-11-19 10:37:00,21021.979231746947,-5.2210557527943555,21030.754645439727,-3.554357939985338,-0.1782562000831449
2004-11-19 10:47:00,2004-11-19 10:38:00,21021.783587983206,-5.237083540716423,21030.754595222188,-3.7339236982661426,-0.12980886943952186
2004-11-19 10:48:00,2004-11-19 10:39:00,21021.687922952333,-5.252646373448214,21030.754545004645,-3.8139756788643817,0.07399952837223278
2004-11-19 10:49:00,2004-11-19 10:40:00,21021.900822951287,-5.267747194293799,21030.754494787103,-3.585924641521677,0.17135984715849073
2004-11-19 10:50:00,2004-11-19 10:41:00,21022.00079963846,-5.282388946557245,21030.754444569564,-3.4712559845474003,-0.08767150150634295
2004-11-19 10:51:00,2004-11-19 10:42:00,21021.69655213394,-5.296574573542622,21030.754394352018,-3.761267644534363,-0.33482941116129883
2004-11-19 10:52:00,2004-11-19 10:43:00,21021.303122309047,-5.310307018554002,21030.75434413447,-4.140914806869998,0.12325589513727664
2004-11-19 10:53:00,2004-11-19 10:44:00,21021.915948837774,-5.323589224895451,21030.75429391693,-3.5147558542598096,0.31627935275813446
2004-11-19 10:54:00,2004-11-19 10:45:00,21021.90946346216,-5.336424135871039,21030.754243699386,-3.508356101353729,-0.29267033606470605
2004-11-19 10:55:00,2004-11-19 10:46:00,21021.305282260662,-5.348814694784836,21030.754193481836,-4.100096526389222,-0.08343247332276871
2004-11-19 10:56:00,2004-11-19 10:47:00,21021.718158371354,-5.360763844940911,21030.754143264294,-3.6752210479992664,0.37142862261163057
2004-11-19 10:57:00,2004-11-19 10:48:00,21022.02457923594,-5.372274529643334,21030.754093046748,-3.3572392811659606,-0.1407843214163531
2004-11-19 10:58:00,2004-11-19 10:49:00,21021.41390344617,-5.383349692196172,21030.754042829198,-3.9567896908319726,-0.44763583810066
2004-11-19 10:59:00,2004-11-19 10:50:00,21021.107489378384,-5.393992275903497,21030.753992611655,-4.252510957367281,0.2212533192496453
2004-11-19 11:00:00,2004-11-19 10:51:00,21021.835454117703,-5.4042052240693765,21030.753942394105,-3.514283052332682,-0.08127640293785632
2004-11-19 11:01:00,2004-11-19 10:52:00,21020.924836933318,-5.41399147999788,21030.75389217656,-4.415063763242993,-0.24248307588271345
2004-11-19 11:02:00,2004-11-19 10:53:00,21021.33123876792,-5.423353986993075,21030.753841959013,-3.999249204098109,0.2134863054917906
2004-11-19 11:03:00,2004-11-19 10:54:00,21021.333404900844,-5.432295688359036,21030.753791741463,-3.988091152259412,-0.04228811693127854
2004-11-19 11:04:00,2004-11-19 10:55:00,21021.229096558556,-5.440819527399828,21030.753741523917,-4.083825437960666,-0.08727524964297118
2004-11-19 11:05:00,2004-11-19 10:56:00,21021.142121207402,-5.448928447419521,21030.753691306367,-4.162641651545354,-0.2419882284350563
2004-11-19 11:06:00,2004-11-19 10:57:00,21020.729213802264,-5.456625391722185,21030.753641088817,-4.567801894830779,-0.19566176481927888
2004-11-19 11:07:00,2004-11-19 10:58:00,21020.73571238647,-5.463913303611889,21030.753590871267,-4.553965181183912,0.3157340255187293
2004-11-19 11:08:00,2004-11-19 10:59:00,21021.34641168353,-5.470795126392702,21030.753540653717,-3.93633384379332,0.3185920659996122
2004-11-19 11:09:00,2004-11-19 11:00:00,21021.35943558361,-5.477273803368694,21030.753490436164,-3.9167810491846877,-0.08604949666352146
2004-11-19 11:10:00,2004-11-19 11:01:00,21021.16165510365,-5.483352277843933,21030.753440218614,-4.108432837120363,-0.24401095526112115
2004-11-19 11:11:00,2004-11-19 11:02:00,21020.859553548235,-5.489033493122489,21030.753390001064,-4.40480295970693,-0.18898401123424424
2004-11-19 11:12:00,2004-11-19 11:03:00,21020.772618531413,-5.494320392508431,21030.75333978351,-4.486400859588851,0.06056290023095823
2004-11-19 11:13:00,2004-11-19 11:04:00,21020.97039648741,-5.499215919305828,21030.75328956596,-4.283677159245014,0.15471604660743044
2004-11-19 11:14:00,2004-11-19 11:05:00,21021.072547565214,-5.503723016818752,21030.753239348407,-4.1769687663739905,0.008715464511695803
2004-11-19 11:15:00,2004-11-19 11:06:00,21020.979098272277,-5.507844628351268,21030.75318913085,-4.266246230221622,-0.1937966539710021
2004-11-19 11:16:00,2004-11-19 11:07:00,21020.676993141777,-5.511583697207448,21030.7531389133,-4.564562074315995,-0.2463412960473108
2004-11-19 11:17:00,2004-11-19 11:08:00,21020.47921670674,-5.514943166691359,21030.753088695747,-4.758928822316244,-0.09348993405966022
2004-11-19 11:18:00,2004-11-19 11:09:00,21020.48357055565,-5.517925980107075,21030.753038478193,-4.751541942435315,0.056100058690627286
2004-11-19 11:19:00,2004-11-19 11:10:00,21020.585724474946,-5.52053508075866,21030.75298826064,-4.646728704934989,0.15679501149331942
2004-11-19 11:20:00,2004-11-19 11:11:00,21020.79221271168,-5.522773411950186,21030.75293804308,-4.437951919448676,0.005372503188609823
2004-11-19 11:21:00,2004-11-19 11:12:00,21020.592260209985,-5.52464391698572,21030.75288782553,-4.635983698557769,-0.2971006846172233
2004-11-19 11:22:00,2004-11-19 11:13:00,21020.19453478012,-5.526149539169335,21030.75283760797,-5.032153288683123,-0.4528751209370836
2004-11-19 11:23:00,2004-11-19 11:14:00,21019.683760228174,-5.527293221805098,21030.75278739041,-5.541733940431937,-0.09787180352912106
2004-11-19 11:24:00,2004-11-19 11:15:00,21019.996762368923,-5.528077908197078,21030.75273717286,-5.227896895741365,0.2669550839150183
2004-11-19 11:25:00,2004-11-19 11:16:00,21020.216356641053,-5.528506541649345,21030.752686955304,-5.0078237726019,0.11119183294584722
2004-11-19 11:26:00,2004-11-19 11:17:00,21020.218541442428,-5.528582065465967,21030.752636737743,-5.0055132298496705,0.054309734523430464
2004-11-19 11:27:00,2004-11-19 11:18:00,21020.32507479368,-5.528307422951015,21030.752586520186,-4.899204303555039,0.05286863915465956
2004-11-19 11:28:00,2004-11-19 11:19:00,21020.32507479368,-5.5276855574085575,21030.75253630263,-4.899775951540351,-0.1518010529911482
2004-11-19 11:29:00,2004-11-19 11:20:00,21020.022960263388,-5.526719412142664,21030.752486085068,-5.202806409537335,-0.2032248047553451
2004-11-19 11:30:00,2004-11-19 11:21:00,21019.920798376002,-5.525411930457404,21030.75243586751,-5.306225561051042,-0.05141451258947427
2004-11-19 11:31:00,2004-11-19 11:22:00,21019.922984159577,-5.5237660556568455,21030.75238564995,-5.305635434716284,0.10586789473466762
2004-11-19 11:32:00,2004-11-19 11:23:00,21020.136060929766,-5.521784731045059,21030.752335432393,-5.094489771581706,-0.1498749873030869
2004-11-19 11:33:00,2004-11-19 11:24:00,21019.627428905584,-5.519470899926113,21030.752285214832,-5.605385409322458,-0.35343888276741664
2004-11-19 11:34:00,2004-11-19 11:25:00,21019.43403995455,-5.516827505604078,21030.75223499727,-5.80136753711654,-0.1950481669376063
2004-11-19 11:35:00,2004-11-19 11:26:00,21019.24284554513,-5.513857491383023,21030.75218477971,-5.99548174319767,-0.09210343836694346
2004-11-19 11:36:00,2004-11-19 11:27:00,21019.255996347732,-5.510563800567016,21030.75213456215,-5.9855744138504265,-0.1533678520371442
2004-11-19 11:37:00,2004-11-19 11:28:00,21018.942917520853,-5.506949376460126,21030.752084344585,-6.302217447271959,-0.108083640821937
2004-11-19 11:38:00,2004-11-19 11:29:00,21019.047275269164,-5.503017162366424,21030.752034127025,-6.2017416954943005,0.04923524604123353
2004-11-19 11:39:00,2004-11-19 11:30:00,21019.04946685268,-5.498770101589979,21030.75198390946,-6.203746955189492,0.005517890473701215
2004-11-19 11:40:00,2004-11-19 11:31:00,21019.067016639914,-5.494211137434858,21030.751933691896,-6.190705914546898,0.003013973107552914
2004-11-19 11:41:00,2004-11-19 11:32:00,21019.064821252156,-5.489343213205134,21030.751883474335,-6.197719008974386,0.09829965529892082
2004-11-19 11:42:00,2004-11-19 11:33:00,21019.273557380617,-5.484169272204873,21030.75183325677,-5.9941066039490565,0.14798234379901354
2004-11-19 11:43:00,2004-11-19 11:34:00,21019.371336460088,-5.478692257738146,21030.751783039203,-5.901754321376359,-0.0055768619835046
2004-11-19 11:44:00,2004-11-19 11:35:00,21019.273557380617,-5.472915113109021,21030.75173282164,-6.005260327916066,-0.20472885324874612
2004-11-19 11:45:00,2004-11-19 11:36:00,21018.973629794582,-5.46684078162157,21030.751682604077,-6.311212027873851,0.05151209333410245
2004-11-19 11:46:00,2004-11-19 11:37:00,21019.38892403868,-5.460472206579859,21030.75163238651,-5.902236141247861,0.20558571534924974
2004-11-19 11:47:00,2004-11-19 11:38:00,21019.39772924048,-5.45381233128796,21030.751582168945,-5.900040597175352,-0.10012423460337772
2004-11-19 11:48:00,2004-11-19 11:39:00,21019.202183241872,-5.44686409904994,21030.751531951377,-6.102484610454616,-0.20368770554457205
2004-11-19 11:49:00,2004-11-19 11:40:00,21019.00443527238,-5.43963045316987,21030.751481733816,-6.307416008264496,-0.05400660557725834
2004-11-19 11:50:00,2004-11-19 11:41:00,21019.108819357683,-5.432114336951818,21030.751431516244,-6.210497821609133,0.09457422774585567
2004-11-19 11:51:00,2004-11-19 11:42:00,21019.208795052204,-5.4243186936998535,21030.751381298676,-6.118267552772784,-0.1023447358520908
2004-11-19 11:52:00,2004-11-19 11:43:00,21018.91989732108,-5.416246466718045,21030.751331081112,-6.4151872933133145,-0.19597002706680433
2004-11-19 11:53:00,2004-11-19 11:44:00,21018.833172657327,-5.407900599310464,21030.751280863544,-6.510207606906393,-0.25505836319186725
2004-11-19 11:54:00,2004-11-19 11:45:00,21018.426642591494,-5.399284034781178,21030.751230645972,-6.925304019697049,-0.21417331953249885
2004-11-19 11:55:00,2004-11-19 11:46:00,21018.422226466002,-5.390399716434258,21030.751180428408,-6.938554245971391,0.09100910301575471
2004-11-19 11:56:00,2004-11-19 11:47:00,21018.626593809597,-5.3812505875737715,21030.751130210836,-6.74328581366554,0.044070405097033305
2004-11-19 11:57:00,2004-11-19 11:48:00,21018.528826965983,-5.371839591503789,21030.751079993264,-6.850413435777324,-0.09730450382109135
2004-11-19 11:58:00,2004-11-19 11:49:00,21018.45096528286,-5.3621696715283775,21030.751029775696,-6.937894821307722,0.15237943535569975
2004-11-19 11:59:00,2004-11-19 11:50:00,21018.853081222107,-5.352243770951609,21030.750979558125,-6.545654565065925,0.2465819621141958
2004-11-19 12:00:00,2004-11-19 11:51:00,21018.964133610392,-5.3420648330775515,21030.75092934055,-6.444730897079331,-0.10469071924283213
2004-11-19 12:01:00,2004-11-19 11:52:00,21018.66420731822,-5.3316358012102745,21030.75087912298,-6.755036003551589,-0.06270620988178432
2004-11-19 12:02:00,2004-11-19 11:53:00,21018.859725969913,-5.3209596186538475,21030.75082890541,-6.570143316842899,-0.1640350932546366
2004-11-19 12:03:00,2004-11-19 11:54:00,21018.357633269065,-5.3100392287123395,21030.750778687838,-7.083106190060862,-0.469735620852366
2004-11-19 12:04:00,2004-11-19 11:55:00,21017.94223633703,-5.298877574689819,21030.750728470266,-7.509614558547631,-0.011230596837474849
2004-11-19 12:05:00,2004-11-19 11:56:00,21018.357633269065,-5.287477599890357,21030.75067825269,-7.105567383735812,0.1495671848183222
2004-11-19 12:06:00,2004-11-19 11:57:00,21018.264305598594,-5.275842247618021,21030.750628035123,-7.210480188910987,-0.11167681284346109
2004-11-19 12:07:00,2004-11-19 11:58:00,21018.157682346948,-5.263974461176881,21030.750577817547,-7.328921009422734,-0.3162901119095456
2004-11-19 12:08:00,2004-11-19 11:59:00,21017.65559000337,-5.251877183871007,21030.750527599972,-7.843060412730078,-0.21432604828154345
2004-11-19 12:09:00,2004-11-19 12:00:00,21017.75335091741,-5.239553359004467,21030.7504773824,-7.757573105985821,0.23976849498330077
2004-11-19 12:10:00,2004-11-19 12:01:00,21018.159897812176,-5.227005929881331,21030.75042716482,-7.3635234227634765,0.34617123189752164
2004-11-19 12:11:00,2004-11-19 12:02:00,21018.47090846525,-5.214237839805668,21030.750376947246,-7.065230642190778,0.3492876930670641
2004-11-19 12:12:00,2004-11-19 12:03:00,21018.88412666096,-5.201252032081547,21030.75032672967,-6.664948036629348,0.0980344493843992
2004-11-19 12:13:00,2004-11-19 12:04:00,21018.69306331866,-5.188051450013039,21030.750276512095,-6.869161743421979,-0.16099791600364677
2004-11-19 12:14:00,2004-11-19 12:05:00,21018.588643388975,-5.174639036904212,21030.750226294516,-6.986943868636642,-0.37226398292763774
2004-11-19 12:15:00,2004-11-19 12:06:00,21017.975468631605,-5.161017736059135,21030.75017607694,-7.613689709277255,-0.12142006772185354
2004-11-19 12:16:00,2004-11-19 12:07:00,21018.3731513645,-5.147190490781876,21030.750125859362,-7.229784004080349,0.4926594794134309
2004-11-19 12:17:00,2004-11-19 12:08:00,21018.988544646956,-5.133160244376506,21030.750075641783,-6.628370750450393,0.45470028857821765
2004-11-19 12:18:00,2004-11-19 12:09:00,21019.310712057137,-5.118929940147095,21030.750025424208,-6.320383426923914,-0.16201930806017462
2004-11-19 12:19:00,2004-11-19 12:10:00,21018.69306331866,-5.104502521397712,21030.74997520663,-6.952409366570742,-0.5332423267778479
2004-11-19 12:20:00,2004-11-19 12:11:00,21018.273175977134,-5.0898809314324245,21030.749924989046,-7.386868080479609,-0.2757075099195525
2004-11-19 12:21:00,2004-11-19 12:12:00,21018.170982271506,-5.075068113555303,21030.74987477147,-7.503824386409847,0.18731301186762028
2004-11-19 12:22:00,2004-11-19 12:13:00,21018.677515486077,-5.060067011070417,21030.74982455389,-7.012242056744369,0.5448116084418397
2004-11-19 12:23:00,2004-11-19 12:14:00,21019.2906925995,-5.044880567281835,21030.74977433631,-6.414201169526168,0.19583225971032459
2004-11-19 12:24:00,2004-11-19 12:15:00,21019.099634855913,-5.029511725493626,21030.74972411873,-6.62057753732372,-0.1664823278277221
2004-11-19 12:25:00,2004-11-19 12:16:00,21018.988544646956,-5.013963429009862,21030.749673901148,-6.747165825181612,-0.11889680987014506
2004-11-19 12:26:00,2004-11-19 12:17:00,21018.89301390537,-4.9982386211346075,21030.74962368357,-6.85837115706401,0.34193409887616477
2004-11-19 12:27:00,2004-11-19 12:18:00,21019.703935593385,-4.982340245171937,21030.749573465986,-6.063297627429282,0.4406276357346077
2004-11-19 12:28:00,2004-11-19 12:19:00,21019.806136118383,-4.966271244425916,21030.749523248403,-5.977115885594794,0.34271826009616513
2004-11-19 12:29:00,2004-11-19 12:20:00,21020.421577361383,-4.9500345622006146,21030.74947303082,-5.377861107236952,0.19370591018667804
2004-11-19 12:30:00,2004-11-19 12:21:00,21020.226085606217,-4.933633141800103,21030.74942281324,-5.589704065221438,-0.2708257714943758
2004-11-19 12:31:00,2004-11-19 12:22:00,21019.912790018898,-4.91706992652845,21030.749372595652,-5.919512650225704,-0.07326501619089187
2004-11-19 12:32:00,2004-11-19 12:23:00,21020.11274042078,-4.900347859689725,21030.749322378073,-5.736234097603222,0.38426454770556573
2004-11-19 12:33:00,2004-11-19 12:24:00,21020.71481872108,-4.8834698845879965,21030.749272160483,-5.150983554814572,0.13305856230257707
2004-11-19 12:34:00,2004-11-19 12:25:00,21020.412666025375,-4.866438944527334,21030.7492219429,-5.470116972998068,-0.16813208115820544
2004-11-19 12:35:00,2004-11-19 12:26:00,21020.412666025375,-4.849257982811808,21030.749171725318,-5.487247717130983,-0.06830521212126994
2004-11-19 12:36:00,2004-11-19 12:27:00,21020.310464167742,-4.831929942745486,21030.749121507728,-5.606727397240608,0.030411314061519423
2004-11-19 12:37:00,2004-11-19 12:28:00,21020.508188433505,-4.8144577676324385,21030.749071290145,-5.426425089007944,0.08470953150505744
2004-11-19 12:38:00,2004-11-19 12:29:00,21020.51486833755,-4.7968444007767355,21030.749021072555,-5.437308334230493,-0.1231693812596899
2004-11-19 12:39:00,2004-11-19 12:30:00,21020.29711421796,-4.779092785482445,21030.74897085497,-5.672763851527324,-0.07332207042984917
2004-11-19 12:40:00,2004-11-19 12:31:00,21020.403762297243,-4.761205865053634,21030.748920637387,-5.583952475090191,0.1931771700179472
2004-11-19 12:41:00,2004-11-19 12:32:00,21020.71927432551,-4.743186582794378,21030.748870419797,-5.28640951149143,0.14306572659049044
2004-11-19 12:42:00,2004-11-19 12:33:00,21020.725961298293,-4.725037882008739,21030.74882020221,-5.29782102190921,0.032940117075109576
2004-11-19 12:43:00,2004-11-19 12:34:00,21020.821478001282,-4.7067627060007915,21030.748769984624,-5.22052927734121,0.02612958307632196
2004-11-19 12:44:00,2004-11-19 12:35:00,21020.8147939132,-4.688363998074603,21030.74871976703,-5.245561855756566,0.0804521342191693
2004-11-19 12:45:00,2004-11-19 12:36:00,21021.019199839004,-4.6698447015342435,21030.74866954944,-5.059625008902872,-0.0740808427086117
2004-11-19 12:46:00,2004-11-19 12:37:00,21020.703688030997,-4.65120775968378,21030.748619331855,-5.39372354117379,0.029115750718619715
2004-11-19 12:47:00,2004-11-19 12:38:00,21021.11471949097,-4.632456115827285,21030.748569114265,-5.001393507465632,0.4422674583508628
2004-11-19 12:48:00,2004-11-19 12:39:00,21021.62573755893,-4.613592713268825,21030.74851889667,-4.509188624472064,0.13778123424337618
2004-11-19 12:49:00,2004-11-19 12:40:00,21021.428017144794,-4.594620495312471,21030.748468679085,-4.72583103897888,-0.1700523489824457
2004-11-19 12:50:00,2004-11-19 12:41:00,21021.323582733792,-4.575542405262291,21030.74841846149,-4.849293322436956,0.18421708844606233
2004-11-19 12:51:00,2004-11-19 12:42:00,21021.83460999539,-4.556361386422356,21030.748368243898,-4.357396862086755,0.18411426277893028
2004-11-19 12:52:00,2004-11-19 12:43:00,21021.730172847332,-4.537080382096733,21030.748318026308,-4.481064796879095,-0.1692419560556644
2004-11-19 12:53:00,2004-11-19 12:44:00,21021.534684698927,-4.517702335589494,21030.748267808714,-4.695880774198084,-0.019374878354307956
2004-11-19 12:54:00,2004-11-19 12:45:00,21021.730172847332,-4.498230190204705,21030.748217591125,-4.519814553587711,0.27822680989010395
2004-11-19 12:55:00,2004-11-19 12:46:00,21022.130073329867,-4.478666889246438,21030.74816737353,-4.139427154417876,0.07930278585148676
2004-11-19 12:56:00,2004-11-19 12:47:00,21021.927892798034,-4.459015376018761,21030.748117155938,-4.3612089818847375,0.033690444256840646
2004-11-19 12:57:00,2004-11-19 12:48:00,21022.236742078614,-4.439278593825744,21030.748066938344,-4.072046265904195,0.03695424261693869
2004-11-19 12:58:00,2004-11-19 12:49:00,21022.041256738128,-4.419459485971456,21030.74801672075,-4.28730049665086,-0.12201513883549353
2004-11-19 12:59:00,2004-11-19 12:50:00,21022.032328963818,-4.399560995759966,21030.747966503153,-4.316076543575182,0.07785617809841971
2004-11-19 13:00:00,2004-11-19 12:51:00,21022.236742078614,-4.379586066495342,21030.747916285563,-4.131588140454021,0.2344400986004973
2004-11-19 13:01:00,2004-11-19 12:52:00,21022.541132080107,-4.359537641481654,21030.747866067963,-3.8471963463741874,0.12546727191878482
2004-11-19 13:02:00,2004-11-19 12:53:00,21022.52774358973,-4.3394186640229755,21030.74781585037,-3.880653596616451,0.22648699679204798
2004-11-19 13:03:00,2004-11-19 12:54:00,21023.03431120256,-4.319232077423369,21030.747765632772,-3.3942223527900914,0.285334482386002
2004-11-19 13:04:00,2004-11-19 12:55:00,21023.138749958343,-4.298980824986909,21030.747715415175,-3.309984631844447,0.2319376447902295
2004-11-19 13:05:00,2004-11-19 12:56:00,21023.53865028435,-4.27866785001766,21030.747665197578,-2.9303470632096325,0.1774262316465567
2004-11-19 13:06:00,2004-11-19 12:57:00,21023.53418671561,-4.2582960958196985,21030.74761497998,-2.9551321685513336,0.0740480025987793
2004-11-19 13:07:00,2004-11-19 12:58:00,21023.727445198674,-4.237868505697085,21030.747564762383,-2.782251058012074,0.6417201831619153
2004-11-19 13:08:00,2004-11-19 12:59:00,21024.8584347196,-4.2173880229538945,21030.747514544782,-1.6716918022275031,0.3328034878707018
2004-11-19 13:09:00,2004-11-19 13:00:00,21024.433962654024,-4.1968575908941945,21030.74746432719,-2.1166440822706702,-0.08277709172173786
2004-11-19 13:10:00,2004-11-19 13:01:00,21024.73388797109,-4.176280152822056,21030.747414109584,-1.8372459856709789,0.33829578265407667
2004-11-19 13:11:00,2004-11-19 13:02:00,21025.151652722983,-4.155658652041545,21030.747363891987,-1.440052516962517,0.13830302209685996
2004-11-19 13:12:00,2004-11-19 13:03:00,21025.051677701056,-4.134996031856733,21030.74731367439,-1.560639941477259,-0.06950140630813051
2004-11-19 13:13:00,2004-11-19 13:04:00,21025.05391289164,-4.1142952355716895,21030.74726345679,-1.579055329578778,-0.31947563119152367
2004-11-19 13:14:00,2004-11-19 13:05:00,21024.454062828838,-4.093559206490484,21030.74721323919,-2.1995912038603063,-0.22400411418920507
2004-11-19 13:15:00,2004-11-19 13:06:00,21024.647308575713,-4.072790887917183,21030.747163021588,-2.027063557957188,0.12811212986691167
2004-11-19 13:16:00,2004-11-19 13:07:00,21024.7517526367,-4.0519932231558595,21030.747112803983,-1.943366944126483,0.03146138189129388
2004-11-19 13:17:00,2004-11-19 13:08:00,21024.7517526367,-4.031169155510579,21030.747062586386,-1.9641407941746003,0.23586104772037952
2004-11-19 13:18:00,2004-11-19 13:09:00,21025.26504589181,-4.010321628285414,21030.74701236878,-1.4716448486857239,0.33581401851519765
2004-11-19 13:19:00,2004-11-19 13:10:00,21025.46499580925,-3.989453584784432,21030.746962151177,-1.292512757144205,0.07691105907210805
2004-11-19 13:20:00,2004-11-19 13:11:00,21025.460521234723,-3.968567968311703,21030.746911933576,-1.3178227305415078,-0.0685919444676042
2004-11-19 13:21:00,2004-11-19 13:12:00,21025.36949734772,-3.9476677221712966,21030.746861715972,-1.4296966460794134,-0.3241350542021748
2004-11-19 13:22:00,2004-11-19 13:13:00,21024.853962869754,-3.92675578966728,21030.746811498368,-1.9660928389458574,-0.02757798013157786
2004-11-19 13:23:00,2004-11-19 13:14:00,21025.35607356032,-3.9058351141037253,21030.746761280767,-1.484852606342569,-0.024225462512138307
2004-11-19 13:24:00,2004-11-19 13:15:00,21024.847258660404,-3.8849086387846983,21030.74671106316,-2.014543763970134,-0.2786351013150128
2004-11-19 13:25:00,2004-11-19 13:16:00,21024.84055872957,-3.863979307014274,21030.746660845558,-2.0421228089725947,0.22794167092305906
2004-11-19 13:26:00,2004-11-19 13:17:00,21025.34490014373,-3.843050062096514,21030.74661062795,-1.558660422124016,0.3857246044814353
2004-11-19 13:27:00,2004-11-19 13:18:00,21025.653762962997,-3.8221238473354955,21030.74656041034,-1.270673600009724,0.0279978935484253
2004-11-19 13:28:00,2004-11-19 13:19:00,21025.44264195168,-3.8012036060352807,21030.74651019274,-1.5026646350271653,-0.024217542473827125
2004-11-19 13:29:00,2004-11-19 13:20:00,21025.647059008672,-3.780292281499946,21030.74645997513,-1.3191086849573783,0.28353781277933754
2004-11-19 13:30:00,2004-11-19 13:21:00,21026.05142793102,-3.7593928170335538,21030.74640975752,-0.9355890094684902,0.07913299442096222
2004-11-19 13:31:00,2004-11-19 13:22:00,21025.84700909811,-3.738507745691292,21030.746359539917,-1.1608426961154539,-0.12415346732550492
2004-11-19 13:32:00,2004-11-19 13:23:00,21025.844775418656,-3.7176379595328073,21030.74630932231,-1.1838959441195,-0.0752651615125961
2004-11-19 13:33:00,2004-11-19 13:24:00,21025.73810214519,-3.69678394036886,21030.7462591047,-1.311373019140646,-0.13081168974298762
2004-11-19 13:34:00,2004-11-19 13:25:00,21025.624743393477,-3.6759461700102123,21030.746208887093,-1.4455193236054753,0.1314159136811126
2004-11-19 13:35:00,2004-11-19 13:26:00,21026.042492347435,-3.655125130267626,21030.74615866948,-1.0485411917784209,0.23921638057468697
2004-11-19 13:36:00,2004-11-19 13:27:00,21026.14470058646,-3.6343213029518626,21030.74610845187,-0.9670865624561014,0.024778803150237172
2004-11-19 13:37:00,2004-11-19 13:28:00,21026.133539478913,-3.6135351698736833,21030.746058234265,-0.9989835854779465,-0.23294654726460595
2004-11-19 13:38:00,2004-11-19 13:29:00,21025.720261146824,-3.59276721284385,21030.746008016653,-1.4329796569853133,-0.025168575250913428
2004-11-19 13:39:00,2004-11-19 13:30:00,21026.12461914939,-3.572017913673125,21030.74595779904,-1.0493207359797734,0.030412299542487142
2004-11-19 13:40:00,2004-11-19 13:31:00,21025.82246476936,-3.551287754172269,21030.745907581433,-1.372155057900339,-0.22730367756393077
2004-11-19 13:41:00,2004-11-19 13:32:00,21025.711352056558,-3.5305772161520435,21030.745857363818,-1.503928091107635,0.030451769713714993
2004-11-19 13:42:00,2004-11-19 13:33:00,21025.924668846314,-3.509886781423211,21030.74580714621,-1.311251518472909,0.036040894721278915
2004-11-19 13:43:00,2004-11-19 13:34:00,21025.824693695133,-3.4892169317965323,21030.745756928594,-1.431846301665077,-0.07393934974703242
2004-11-19 13:44:00,2004-11-19 13:35:00,21025.818008343933,-3.468568149082769,21030.745706710983,-1.4591302179669738,-0.13169698047302414
2004-11-19 13:45:00,2004-11-19 13:36:00,21025.602475315663,-3.447940915092684,21030.745656493367,-1.6952402626111254,-0.028357258536347407
2004-11-19 13:46:00,2004-11-19 13:37:00,21025.80242582908,-3.4273357116370375,21030.745606275756,-1.5158447350396687,0.38380789400842774
2004-11-19 13:47:00,2004-11-19 13:38:00,21026.411178563023,-3.4067530205265917,21030.745556058144,-0.9276244745942699,0.28162961818822496
2004-11-19 13:48:00,2004-11-19 13:39:00,21026.406727018293,-3.386193323572108,21030.74550584053,-0.9525854986632187,0.23055351643796484
2004-11-19 13:49:00,2004-11-19 13:40:00,21026.91328107861,-3.3656571025843482,21030.745455622913,-0.4665174417183402,0.48162783394658737
2004-11-19 13:50:00,2004-11-19 13:41:00,21027.41093073515,-3.345144839374074,21030.745405405294,0.010670169229956006,0.12061403656119163
2004-11-19 13:51:00,2004-11-19 13:42:00,21027.195408803334,-3.3246570157520474,21030.745355187682,-0.22528936859595694,-0.5391899924363748
2004-11-19 13:52:00,2004-11-19 13:43:00,21026.373401040895,-3.3041941135290283,21030.745304970067,-1.0677098156427935,-0.22812481575782817
2004-11-19 13:53:00,2004-11-19 13:44:00,21026.77995913782,-3.2837566145157804,21030.745254752448,-0.6815390001116133,0.4383948386046568
2004-11-19 13:54:00,2004-11-19 13:45:00,21027.290939395876,-3.2633450005230635,21030.745204534833,-0.19092013843348,0.33400642181016393
2004-11-19 13:55:00,2004-11-19 13:46:00,21027.48866840736,-3.2429597533616414,21030.745154317214,-0.013526156491285413,0.02522422511537381
2004-11-19 13:56:00,2004-11-19 13:47:00,21027.382031056553,-3.2226013548422734,21030.7451040996,-0.14047168820273237,-0.07028217779371526
2004-11-19 13:57:00,2004-11-19 13:48:00,21027.388693083125,-3.202270286775723,21030.74505388198,-0.15409051207871594,0.07748894563457887
2004-11-19 13:58:00,2004-11-19 13:49:00,21027.577542836458,-3.1819670309727504,21030.745003664364,0.01450620306642536,0.020870864446613346
2004-11-19 13:59:00,2004-11-19 13:50:00,21027.470912594315,-3.161692069244118,21030.744953446745,-0.11234878318548924,0.030886941504640886
2004-11-19 14:00:00,2004-11-19 13:51:00,21027.6797374318,-3.1414458834005874,21030.744903229126,0.07628008607570713,0.33527931867440763
2004-11-19 14:01:00,2004-11-19 13:52:00,21028.181833910414,-3.12122895525292,21030.744853011503,0.558209854163326,0.4808347941729125
2004-11-19 14:02:00,2004-11-19 13:53:00,21028.681710701698,-3.1010417666118775,21030.744802793888,1.0379496744215322,-0.07676492716745753
2004-11-19 14:03:00,2004-11-19 13:54:00,21028.068547776806,-3.0808847992882216,21030.744752576265,0.40467999982841096,-0.3799850722915443
2004-11-19 14:04:00,2004-11-19 13:55:00,21027.96192335339,-3.060758535092713,21030.744702358643,0.27797952983844354,-0.22444355104669889
2004-11-19 14:05:00,2004-11-19 13:56:00,21027.659781582923,-3.040663455836115,21030.744652141024,-0.04420710226498681,-0.013377886496501734
2004-11-19 14:06:00,2004-11-19 13:57:00,21027.975225636917,-3.020600043329188,21030.7446019234,0.25122375684544007,0.18438597633737452
2004-11-19 14:07:00,2004-11-19 13:58:00,21028.068547776806,-3.0005687793826943,21030.74455170578,0.32456485040976224,0.12223962975809033
2004-11-19 14:08:00,2004-11-19 13:59:00,21028.25963435871,-2.980570145807395,21030.744501488156,0.49570301636162073,0.2788860364897734
2004-11-19 14:09:00,2004-11-19 14:00:00,21028.666183569512,-2.9606046244140516,21030.744451270537,0.882336923389309,0.3355561899972752
2004-11-19 14:10:00,2004-11-19 14:01:00,21028.970543752253,-2.9406726970134263,21030.74440105291,1.1668153963561712,-0.27755535739733994
2004-11-19 14:11:00,2004-11-19 14:02:00,21028.150802198466,-2.9207748454162807,21030.744350835288,0.32722620859462914,-0.32972562661914706
2004-11-19 14:12:00,2004-11-19 14:03:00,21028.350753209346,-2.9009115514333756,21030.74430061766,0.507364143117877,0.33676244205478145
2004-11-19 14:13:00,2004-11-19 14:04:00,21028.863918195868,-2.881083296875474,21030.74425040004,1.000751092704192,0.44231597490848995
2004-11-19 14:14:00,2004-11-19 14:05:00,21029.274905711798,-2.861290563553336,21030.744200182417,1.391996092934857,0.17801088973736556
2004-11-19 14:15:00,2004-11-19 14:06:00,21029.25938900369,-2.8415338332777234,21030.74414996479,1.3567728721789232,0.11808852096832445
2004-11-19 14:16:00,2004-11-19 14:07:00,21029.55045929418,-2.8218135878593986,21030.744099747168,1.6281731348715058,0.33358606062268903
2004-11-19 14:17:00,2004-11-19 14:08:00,21029.965864213853,-2.802130309109124,21030.744049529538,2.0239449934243012,0.033694085490663994
2004-11-19 14:18:00,2004-11-19 14:09:00,21029.657076138927,-2.782484478837659,21030.74399931191,1.6955613058528338,-0.17397068496354628
2004-11-19 14:19:00,2004-11-19 14:10:00,21029.657076138927,-2.7628765788557668,21030.743949094285,1.6760036234972087,-0.1250472643995426
2004-11-19 14:20:00,2004-11-19 14:11:00,21029.44605856274,-2.7433070909742088,21030.74389887666,1.4454667770537486,0.23376159886206982
2004-11-19 14:21:00,2004-11-19 14:12:00,21030.163598983247,-2.7237764970037457,21030.74384865903,2.1435268212213483,0.23379733103694988
2004-11-19 14:22:00,2004-11-19 14:13:00,21029.95257460178,-2.70428527875514,21030.743798441406,1.9130614391276484,-0.031593951392621555
2004-11-19 14:23:00,2004-11-19 14:14:00,21030.13925322417,-2.6848339180391534,21030.743748223773,2.080338918436105,0.0728531381930766
2004-11-19 14:24:00,2004-11-19 14:15:00,21030.137042824994,-2.6654228966665476,21030.743698006147,2.0587677155138016,-0.22702307085034534
2004-11-19 14:25:00,2004-11-19 14:16:00,21029.723887868808,-2.6460526964480837,21030.74364778852,1.6262927767354145,-0.17257691020264598
2004-11-19 14:26:00,2004-11-19 14:17:00,21029.8304876668,-2.626723799194523,21030.743597570887,1.7136138951085096,0.0862391456894116
2004-11-19 14:27:00,2004-11-19 14:18:00,21029.934881734654,-2.607436686716628,21030.743547353257,1.7987710681142377,0.2829202312913843
2004-11-19 14:28:00,2004-11-19 14:19:00,21030.434759652497,-2.5881918408251603,21030.74349713563,2.2794543576912782,0.12858092045959224
2004-11-19 14:29:00,2004-11-19 14:20:00,21030.2303900837,-2.5689897433308806,21030.743446917997,2.055932909033422,0.0308575273752536
2004-11-19 14:30:00,2004-11-19 14:21:00,21030.534735236764,-2.5498308760445516,21030.743396700367,2.3411694124417854,0.3819200682429138
2004-11-19 14:31:00,2004-11-19 14:22:00,21031.032403807476,-2.5307157207769335,21030.743346482734,2.81977304551925,0.3286626119908771
2004-11-19 14:32:00,2004-11-19 14:23:00,21031.23014614219,-2.5116447593387887,21030.743296265104,2.9984946364235396,0.024366351481922566
2004-11-19 14:33:00,2004-11-19 14:24:00,21031.119133322412,-2.4926184735408796,21030.74324604747,2.868505748483095,-0.08217596800292504
2004-11-19 14:34:00,2004-11-19 14:25:00,21031.10370118506,-2.4736373451939673,21030.743195829837,2.8341427004176896,0.07445314524716573
2004-11-19 14:35:00,2004-11-19 14:26:00,21031.30585579507,-2.4547018561088128,21030.743145612203,3.0174120389774264,0.08441895130363974
2004-11-19 14:36:00,2004-11-19 14:27:00,21031.3102635095,-2.4358124880961785,21030.74309539457,3.002980603024969,-0.06549755220221742
2004-11-19 14:37:00,2004-11-19 14:28:00,21031.212492388542,-2.4169697229668254,21030.743045176936,2.8864169345729915,-0.12094858472381076
2004-11-19 14:38:00,2004-11-19 14:29:00,21031.105904350345,-2.3981740425315152,21030.7429949593,2.7610834335773475,0.1801274339086174
2004-11-19 14:39:00,2004-11-19 14:30:00,21031.610190615458,-2.3794259286010107,21030.74294474167,3.2466718023902263,0.3389586334081929
2004-11-19 14:40:00,2004-11-19 14:31:00,21031.82116936144,-2.3607258629860715,21030.74289452403,3.4390007003937333,0.2790977632314917
2004-11-19 14:41:00,2004-11-19 14:32:00,21032.20563730775,-2.342074327497461,21030.742844306395,3.8048673288532098,0.17365716127074893
2004-11-19 14:42:00,2004-11-19 14:33:00,21032.20563730775,-2.323471803945939,21030.74279408876,3.786315022935231,0.23471767632214102
2004-11-19 14:43:00,2004-11-19 14:34:00,21032.71212777848,-2.304918774142269,21030.742743871124,4.274302681497492,0.32923447561032826
2004-11-19 14:44:00,2004-11-19 14:35:00,21032.901061907745,-2.286415719897212,21030.742693653487,4.444783974155888,-0.08052677270792952
2004-11-19 14:45:00,2004-11-19 14:36:00,21032.58792944891,-2.267963123021529,21030.74264343585,4.113249136081633,0.025008480461981897
2004-11-19 14:46:00,2004-11-19 14:37:00,21032.987832687966,-2.2495614653259826,21030.742593218212,4.4948009350798515,0.2849018415946327
2004-11-19 14:47:00,2004-11-19 14:38:00,21033.19438459123,-2.231211228621333,21030.74254300058,4.683052819270898,0.08170174278690467
2004-11-19 14:48:00,2004-11-19 14:39:00,21033.187784308873,-2.212912894718343,21030.742492782938,4.658204420653661,0.1839308758753493
2004-11-19 14:49:00,2004-11-19 14:40:00,21033.59869019089,-2.1946669454277736,21030.742442565297,5.050914571021597,0.28725940210707623
2004-11-19 14:50:00,2004-11-19 14:41:00,21033.798641709967,-2.1764738625603877,21030.74239234766,5.232723224867813,0.2829120340284028
2004-11-19 14:51:00,2004-11-19 14:42:00,21034.20074664117,-2.158334127926945,21030.74234213002,5.616738639078402,0.1829898636313354
2004-11-19 14:52:00,2004-11-19 14:43:00,21034.20074664117,-2.1402482233382085,21030.74229191238,5.598702952130484,-0.018008531022003282
2004-11-19 14:53:00,2004-11-19 14:44:00,21034.20074664117,-2.1222166306049393,21030.74224169474,5.580721577034396,0.03203389691136449
2004-11-19 14:54:00,2004-11-19 14:45:00,21034.300722391512,-2.1042398315378987,21030.742191477097,5.662770745953213,0.233141589882905
2004-11-19 14:55:00,2004-11-19 14:46:00,21034.702827708308,-2.0863183079478493,21030.742141259456,6.047004756800206,0.3342742214303027
2004-11-19 14:56:00,2004-11-19 14:47:00,21035.004957688983,-2.0684525416455517,21030.742091041815,6.3313191888138185,0.3332290244096576
2004-11-19 14:57:00,2004-11-19 14:48:00,21035.404860615352,-2.050643014441768,21030.742040824174,6.713462805619521,0.23000591318294905
2004-11-19 14:58:00,2004-11-19 14:49:00,21035.500431413562,-2.03289020814726,21030.74199060653,6.791331015179717,0.13228961130830097
2004-11-19 14:59:00,2004-11-19 14:50:00,21035.704787812552,-2.015194604572789,21030.74194038889,6.978042028236123,0.23893293562608298
2004-11-19 15:00:00,2004-11-19 14:51:00,21036.013530372147,-1.9975566855291165,21030.741890171244,7.2691968864318826,0.13791517553923338
2004-11-19 15:01:00,2004-11-19 14:52:00,21036.015735400088,-1.9799769328270043,21030.7418399536,7.25387237931459,0.035795873748897034
2004-11-19 15:02:00,2004-11-19 14:53:00,21036.120122541608,-1.9624558282772142,21030.741789735956,7.340788633929677,-0.021849952369842107
2004-11-19 15:03:00,2004-11-19 14:54:00,21036.006918139195,-1.9449938536905074,21030.74173951831,7.210172474574906,-0.0739841522634066
2004-11-19 15:04:00,2004-11-19 14:55:00,21036.006918139195,-1.927591490877646,21030.74168930067,7.192820329402863,-0.12060183084577414
2004-11-19 15:05:00,2004-11-19 14:56:00,21035.800358674256,-1.9102492216493911,21030.741639083022,6.968968812883357,-0.1205414963521485
2004-11-19 15:06:00,2004-11-19 14:57:00,21035.800358674256,-1.8929675278165048,21030.741588865374,6.951737336698566,0.08497722120512385
2004-11-19 15:07:00,2004-11-19 14:58:00,21036.004715011833,-1.8757468911897486,21030.74153864773,7.138923255293605,0.02844622820111331
2004-11-19 15:08:00,2004-11-19 14:59:00,21035.891530429606,-1.858587793579884,21030.741488430085,7.008629793100793,0.07519364361214231
2004-11-19 15:09:00,2004-11-19 15:00:00,21036.189258038157,-1.8414907167976728,21030.741438212437,7.28931054251789,0.43837833650634916
2004-11-19 15:10:00,2004-11-19 15:01:00,21036.80231831825,-1.824456142653876,21030.74138799479,7.885386466113491,0.4917315323598834
2004-11-19 15:11:00,2004-11-19 15:02:00,21037.206626831423,-1.8074845529592556,21030.741337777145,8.272773607237657,0.32752279936385875
2004-11-19 15:12:00,2004-11-19 15:03:00,21037.49114319481,-1.7905764295245739,21030.741287559493,8.540432064841209,0.32868467958664915
2004-11-19 15:13:00,2004-11-19 15:04:00,21037.897648054095,-1.7737322541605915,21030.741237341845,8.930142966410955,0.13650280231825018
2004-11-19 15:14:00,2004-11-19 15:05:00,21037.797672284996,-1.7569525086780704,21030.741187124197,8.81343766947771,0.22994160152396503
2004-11-19 15:15:00,2004-11-19 15:06:00,21038.390925401116,-1.7402376748877726,21030.741136906545,9.390026169458885,0.48544857780660156
2004-11-19 15:16:00,2004-11-19 15:07:00,21038.801833279387,-1.723588234600459,21030.741086688897,9.784334825090912,-0.007759531504361483
2004-11-19 15:17:00,2004-11-19 15:08:00,21038.40853890807,-1.7070046696268917,21030.741036471245,9.374507106450162,0.1257619612393457
2004-11-19 15:18:00,2004-11-19 15:09:00,21039.08635753939,-1.6904874617778325,21030.740986253597,10.035858747569604,0.06594401076183587
2004-11-19 15:19:00,2004-11-19 15:10:00,21038.57329407106,-1.6740370928640422,21030.74093603595,9.506395127973834,-0.3761670225179765
2004-11-19 15:20:00,2004-11-19 15:11:00,21038.36675647613,-1.6576540446962835,21030.740885818293,9.28352470253365,0.18694779909394832
2004-11-19 15:21:00,2004-11-19 15:12:00,21038.97978752772,-1.641338799085317,21030.740835600645,9.88029072616173,0.14581727983457515
2004-11-19 15:22:00,2004-11-19 15:13:00,21038.690852807355,-1.6250918378419048,21030.740785382994,9.575159262202801,-0.20511523480020433
2004-11-19 15:23:00,2004-11-19 15:14:00,21038.601881779123,-1.6089136427768087,21030.74073516534,9.470060256561322,0.23164692477993754
2004-11-19 15:24:00,2004-11-19 15:15:00,21039.18633336375,-1.59280469570079,21030.740684947687,10.038453111762676,-0.03251320986459927
2004-11-19 15:25:00,2004-11-19 15:16:00,21038.568903088442,-1.5767654784246103,21030.740634730035,9.405033836832123,-0.8811176278054109
2004-11-19 15:26:00,2004-11-19 15:17:00,21037.456005895772,-1.5607964727590318,21030.74058451238,8.276217856151854,-0.37018738971157905
2004-11-19 15:27:00,2004-11-19 15:18:00,21037.86029519162,-1.5448981605148153,21030.740534294724,8.664659057408965,0.09184218805342947
2004-11-19 15:28:00,2004-11-19 15:19:00,21037.671315285825,-1.5290710235027225,21030.74048407707,8.459902232258713,0.09081863594177086
2004-11-19 15:29:00,2004-11-19 15:20:00,21038.073414645172,-1.513315543533516,21030.740433859413,8.846296329292507,0.03322108561848314
2004-11-19 15:30:00,2004-11-19 15:21:00,21037.76909584284,-1.497632202417956,21030.74038364176,8.52634440349568,-0.523156840452855
2004-11-19 15:31:00,2004-11-19 15:22:00,21037.058294590526,-1.4820214819668052,21030.740333424106,7.799982648386797,-0.5175981986133285
2004-11-19 15:32:00,2004-11-19 15:23:00,21036.764947348725,-1.466483863990825,21030.740283206447,7.4911480062690226,-0.16102698342686406
2004-11-19 15:33:00,2004-11-19 15:24:00,21036.767141840024,-1.4510198303007764,21030.740232988792,7.4779286815330686,0.0856963758185354
2004-11-19 15:34:00,2004-11-19 15:25:00,21036.96709366633,-1.4356298627074222,21030.740182771133,7.662540757906093,0.2890164978758074
2004-11-19 15:35:00,2004-11-19 15:26:00,21037.375779787744,-1.4203144430215227,21030.74013255348,8.055961677284683,0.1913124153951573
2004-11-19 15:36:00,2004-11-19 15:27:00,21037.38017387146,-1.4050740530538401,21030.74008233582,8.045165588696408,-0.06733645483039785
2004-11-19 15:37:00,2004-11-19 15:28:00,21037.27141171117,-1.3899091746151366,21030.74003211816,7.921288767623888,-0.21832363564392399
2004-11-19 15:38:00,2004-11-19 15:29:00,21036.973679928396,-1.3748202895161727,21030.739981900504,7.60851831740856,-0.11387838015423846
2004-11-19 15:39:00,2004-11-19 15:30:00,21037.073655810593,-1.3598078795677104,21030.739931682845,7.693532007315411,-0.06491165479419614
2004-11-19 15:40:00,2004-11-19 15:31:00,21036.873704046426,-1.3448724265805123,21030.739881465186,7.478695007820168,-0.27137046945643784
2004-11-19 15:41:00,2004-11-19 15:32:00,21036.560607903564,-1.3300144123653386,21030.739831247527,7.150791068402535,-0.32785661330657234
2004-11-19 15:42:00,2004-11-19 15:33:00,21036.24752849234,-1.3152343187329514,21030.739781029864,6.822981781207023,-0.11247279798658516
2004-11-19 15:43:00,2004-11-19 15:34:00,21036.365043657137,-1.300532627494113,21030.7397308122,6.925845472429365,0.34407332029956494
2004-11-19 15:44:00,2004-11-19 15:35:00,21036.964899195893,-1.2859098204595838,21030.739680594546,7.511128421806153,0.379888226500972
2004-11-19 15:45:00,2004-11-19 15:36:00,21037.153885922875,-1.2713663794401269,21030.739630376884,7.685621925431309,0.07784870275437283
2004-11-19 15:46:00,2004-11-19 15:37:00,21037.149503200286,-1.2569027862465023,21030.739580159217,7.666825827314899,0.18557874296214694
2004-11-19 15:47:00,2004-11-19 15:38:00,21037.553789830225,-1.2425195226894727,21030.73952994156,8.056779411355603,0.12910306736984412
2004-11-19 15:48:00,2004-11-19 15:39:00,21037.43629461537,-1.2282170705797997,21030.739479723896,7.925031962054587,0.07372400516304367
2004-11-19 15:49:00,2004-11-19 15:40:00,21037.729661016183,-1.2139959117282442,21030.73942950623,8.20422742168169,-0.013035932750596668
2004-11-19 15:50:00,2004-11-19 15:41:00,21037.43848285718,-1.1998565279455682,21030.73937928857,7.8989600965533935,-0.15525825799415927
2004-11-19 15:51:00,2004-11-19 15:42:00,21037.447240575555,-1.185799401042534,21030.739329070904,7.893710905693371,-0.05847937090668598
2004-11-19 15:52:00,2004-11-19 15:43:00,21037.349455195155,-1.1718250128299021,21030.739278853245,7.7820013547400215,0.14046405029467213
2004-11-19 15:53:00,2004-11-19 15:44:00,21037.755933796743,-1.1579338451184344,21030.73922863558,8.174639006282716,0.29160887276200054
2004-11-19 15:54:00,2004-11-19 15:45:00,21037.960271138458,-1.1441263797188934,21030.739178417913,8.365219100264023,0.23951412846324693
2004-11-19 15:55:00,2004-11-19 15:46:00,21038.262392365014,-1.1304030984420397,21030.739128200246,8.65366726320921,0.0863452165322185
2004-11-19 15:56:00,2004-11-19 15:47:00,21038.16022303281,-1.116764483098635,21030.73907798258,8.53790953332846,-0.2634856654089326
2004-11-19 15:57:00,2004-11-19 15:48:00,21037.76251268181,-1.103211015499442,21030.739027764917,8.126695932391344,-0.3677608088440243
2004-11-19 15:58:00,2004-11-19 15:49:00,21037.451622285433,-1.0897431774552206,21030.738977547247,7.802387915640411,-0.10896120968997902
2004-11-19 15:59:00,2004-11-19 15:50:00,21037.571339391816,-1.076361450776734,21030.73892732958,7.908773513011386,0.44866990727633027
2004-11-19 16:00:00,2004-11-19 15:51:00,21038.375538524833,-1.0630663172747425,21030.738877111915,8.699727730193072,0.42901171258764936
2004-11-19 16:01:00,2004-11-19 15:52:00,21038.45576557367,-1.0498582587600087,21030.738826894245,8.766796938186685,-0.07297650673039158
2004-11-19 16:02:00,2004-11-19 15:53:00,21038.255813636264,-1.0367377570432943,21030.738776676575,8.553774716732288,-0.415121921156933
2004-11-19 16:03:00,2004-11-19 15:54:00,21037.651574260846,-1.0237052939353597,21030.73872645891,7.936553095872819,0.34026716218755215
2004-11-19 16:04:00,2004-11-19 15:55:00,21038.962223931103,-1.0107613512469675,21030.738676241243,9.234309041107393,1.045670637835797
2004-11-19 16:05:00,2004-11-19 15:56:00,21039.768613984328,-0.9979064107888796,21030.738626023573,10.027894371544413,0.1904832280322717
2004-11-19 16:06:00,2004-11-19 15:57:00,21039.368710348703,-0.9851409543718567,21030.738575805903,9.615275497171936,-0.20823030779710372
2004-11-19 16:07:00,2004-11-19 15:58:00,21039.377493880373,-0.9724654638066608,21030.73852558823,9.611433755950205,0.5905686901534528
2004-11-19 16:08:00,2004-11-19 15:59:00,21040.575007827138,-0.9598804209040541,21030.738475370563,10.796412877478842,0.7884160396507944
2004-11-19 16:09:00,2004-11-19 16:00:00,21040.979304680666,-0.9473863074747972,21030.73842515289,11.188265835251794,0.09087307667748501
2004-11-19 16:10:00,2004-11-19 16:01:00,21040.78155036072,-0.9349836053296526,21030.738374935216,10.978159030833812,-0.16117162236447857
2004-11-19 16:11:00,2004-11-19 16:02:00,21040.68157451179,-0.9226727962793811,21030.738324717546,10.865922590522837,0.236626546476443
2004-11-19 16:12:00,2004-11-19 16:03:00,21041.279232261524,-0.9104543621347448,21030.738274499872,11.451412123786698,0.43447427478936795
2004-11-19 16:13:00,2004-11-19 16:04:00,21041.574766637597,-0.8983287847065058,21030.738224282202,11.734871140101573,-0.1663848629467628
2004-11-19 16:14:00,2004-11-19 16:05:00,21040.970519916616,-0.8862965458054246,21030.73817406453,11.118642397893172,-0.26516801715086746
2004-11-19 16:15:00,2004-11-19 16:06:00,21041.068300825413,-0.8743581272422634,21030.738123846855,11.204535105799838,-0.2150847074198765
2004-11-19 16:16:00,2004-11-19 16:07:00,21040.564032601407,-0.8625140108277842,21030.73807362918,10.688472983053419,-0.16061286261327545
2004-11-19 16:17:00,2004-11-19 16:08:00,21040.77056811371,-0.8507646783727478,21030.738023411508,10.883309380573287,0.5448016550909562
2004-11-19 16:18:00,2004-11-19 16:09:00,21041.67693887538,-0.8391106116879165,21030.73797319383,11.778076293235332,0.24167766256364587
2004-11-19 16:19:00,2004-11-19 16:10:00,21041.277035389274,-0.8275522925840519,21030.737922976157,11.366664705700579,-0.36247375013469973
2004-11-19 16:20:00,2004-11-19 16:11:00,21040.974911348574,-0.816090202871915,21030.73787275848,11.053128792965932,0.0386244191547398
2004-11-19 16:21:00,2004-11-19 16:12:00,21041.377011260454,-0.8047248243622678,21030.737822540807,11.443913544010059,0.08322186029424472
2004-11-19 16:22:00,2004-11-19 16:13:00,21041.163888197818,-0.7934566388658724,21030.73777232313,11.219572513554422,-0.016657722245192907
2004-11-19 16:23:00,2004-11-19 16:14:00,21041.36603407678,-0.7822861281934894,21030.737722105452,11.410598099519673,0.2432580061323808
2004-11-19 16:24:00,2004-11-19 16:15:00,21041.672546639442,-0.7712137741558813,21030.73767188778,11.706088525819183,-0.1142390765819945
2004-11-19 16:25:00,2004-11-19 16:16:00,21041.15950155789,-0.7602400585638092,21030.737621670098,11.182119946355684,-0.6249817089103242
2004-11-19 16:26:00,2004-11-19 16:17:00,21040.444331097195,-0.7493654632280349,21030.737571452424,10.456125107998535,-0.521607211545053
2004-11-19 16:27:00,2004-11-19 16:18:00,21040.13783628805,-0.7385904699593202,21030.737521234743,10.138905523265578,-0.21500415192936195
2004-11-19 16:28:00,2004-11-19 16:19:00,21040.035672260634,-0.7279155605684262,21030.737471017062,10.02611680413981,-0.212714285212102
2004-11-19 16:29:00,2004-11-19 16:20:00,21039.73355653536,-0.7173412168661149,21030.737420799385,9.713476952841374,-0.4136585203146277
2004-11-19 16:30:00,2004-11-19 16:21:00,21039.229302424555,-0.7068679206631479,21030.737370581708,9.198799763510555,-0.46135830507783293
2004-11-19 16:31:00,2004-11-19 16:22:00,21038.831584714964,-0.6964959917450594,21030.737320364024,8.790760342685708,-0.5079646931781019
2004-11-19 16:32:00,2004-11-19 16:23:00,21038.233915421704,-0.6862251017964743,21030.737270146346,8.182870377154352,-0.5567572514526189
2004-11-19 16:33:00,2004-11-19 16:24:00,21037.73841100797,-0.67605476047679,21030.737219928666,7.67724583978047,-0.20455055036811576
2004-11-19 16:34:00,2004-11-19 16:25:00,21037.844954509954,-0.6659844774454038,21030.73716971098,7.77376927641812,-0.1577454022916589
2004-11-19 16:35:00,2004-11-19 16:26:00,21037.442860766136,-0.6560137623617134,21030.7371194933,7.361755035197152,-0.4075846119805955
2004-11-19 16:36:00,2004-11-19 16:27:00,21037.04952720319,-0.6461421248851158,21030.73706927562,6.958600052456929,-0.15973616932731582
2004-11-19 16:37:00,2004-11-19 16:28:00,21037.142932679806,-0.6363690746750088,21030.73701905794,7.042282696542521,0.3402422081585246
2004-11-19 16:38:00,2004-11-19 16:29:00,21037.74935918764,-0.6266941213907897,21030.736968840258,7.639084468773978,0.4436013199897806
2004-11-19 16:39:00,2004-11-19 16:30:00,21038.0492871844,-0.6171167746918561,21030.73691862257,7.929485336522082,-0.06384633791693162
2004-11-19 16:40:00,2004-11-19 16:31:00,21037.64062365359,-0.607636544237605,21030.73686840489,7.511391792940115,-0.26370148515334657
2004-11-19 16:41:00,2004-11-19 16:32:00,21037.540647613732,-0.5982529396874344,21030.736818187204,7.402082366215389,0.03742038504931644
2004-11-19 16:42:00,2004-11-19 16:33:00,21037.734035061858,-0.5889654707007413,21030.73676796952,7.586232563038748,0.48959647448997945
2004-11-19 16:43:00,2004-11-19 16:34:00,21038.538219420094,-0.5797736469369236,21030.736717751835,8.381275315195348,0.6951150874583285
2004-11-19 16:44:00,2004-11-19 16:35:00,21039.14245329405,-0.570676978055378,21030.73666753415,8.976462737955405,0.09426051892739018
2004-11-19 16:45:00,2004-11-19 16:36:00,21038.744738695797,-0.5616749737155027,21030.736617316463,8.569796353050128,0.09107133366485165
2004-11-19 16:46:00,2004-11-19 16:37:00,21039.342405360487,-0.5527671435766945,21030.73656709878,9.158605405285108,0.8475584832277354
2004-11-19 16:47:00,2004-11-19 16:38:00,21040.457477203297,-0.5439529972983513,21030.73651688109,10.264913319505599,0.9965185540326313
2004-11-19 16:48:00,2004-11-19 16:39:00,21041.352877132213,-0.5352320445398705,21030.736466663402,11.151642513350371,0.6346467391581694
2004-11-19 16:49:00,2004-11-19 16:40:00,21041.74401944858,-0.5266037949606492,21030.736416445718,11.534206797821938,-0.026032715868078427
2004-11-19 16:50:00,2004-11-19 16:41:00,21041.317875551427,-0.5180677582200851,21030.736366228033,11.099577081614214,0.027336721131356434
2004-11-19 16:51:00,2004-11-19 16:42:00,21041.81557280645,-0.5096234439775756,21030.73631601034,11.58888024008465,0.3415680552632141
2004-11-19 16:52:00,2004-11-19 16:43:00,21042.017708622905,-0.5012703618925182,21030.736265792657,11.782713192140642,-0.11586936150789562
2004-11-19 16:53:00,2004-11-19 16:44:00,21041.60034907041,-0.4930080216243101,21030.736215574965,11.35714151706886,-0.2146663307974066
2004-11-19 16:54:00,2004-11-19 16:45:00,21041.604709954987,-0.48483593283234905,21030.736165357273,11.353380530545829,-0.15149707357322573
2004-11-19 16:55:00,2004-11-19 16:46:00,21041.313508904335,-0.47675360517603216,21030.73611513959,11.054147369922408,-0.2079399040021883
2004-11-19 16:56:00,2004-11-19 16:47:00,21041.20480509612,-0.4687605483147571,21030.736064921894,10.937500722541452,-0.01444271923124596
2004-11-19 16:57:00,2004-11-19 16:48:00,21041.300420363757,-0.4608562719079212,21030.736014704205,11.025261931459916,0.09980540304324581
2004-11-19 16:58:00,2004-11-19 16:49:00,21041.42003572953,-0.45304028561492193,21030.735964486517,11.137111528627944,0.1531541965087877
2004-11-19 16:59:00,2004-11-19 16:50:00,21041.622172494208,-0.44531209909515673,21030.735914268826,11.331570324477491,0.14232989958517717
2004-11-19 17:00:00,2004-11-19 16:51:00,21041.719964156924,-0.43767122200802305,21030.735864051134,11.421771327798298,0.29893938949397914
2004-11-19 17:01:00,2004-11-19 16:52:00,21042.235145772895,-0.4301171640129183,21030.735813833442,11.92944910346545,0.5544351335997728
2004-11-19 17:02:00,2004-11-19 16:53:00,21042.843755775975,-0.42264943476923983,21030.735763615747,12.530641594997844,0.24147197928223108
2004-11-19 17:03:00,2004-11-19 16:54:00,21042.73283891615,-0.41526754393638515,21030.735713398055,12.412393062029912,-0.07039603434703867
2004-11-19 17:04:00,2004-11-19 16:55:00,21042.717541705493,-0.4079710011737518,21030.735663180363,12.389849526303767,0.13402003979911647
2004-11-19 17:05:00,2004-11-19 16:56:00,21043.015286788155,-0.40075931614073707,21030.735612962668,12.680433141628145,0.4949455238101619
2004-11-19 17:06:00,2004-11-19 16:57:00,21043.721671320403,-0.39363199849673847,21030.735562744976,13.37974057392409,0.19182573837005013
2004-11-19 17:07:00,2004-11-19 16:58:00,21043.413008587748,-0.3865885579011533,21030.73551252728,13.064084618368245,-0.06130671787193531
2004-11-19 17:08:00,2004-11-19 16:59:00,21043.612960943752,-0.37962850401337916,21030.735462309585,13.25712713818022,0.4039609397116406
2004-11-19 17:09:00,2004-11-19 17:00:00,21044.23466724319,-0.3727513464928135,21030.73541209189,13.872006497791526,0.45403152709906625
2004-11-19 17:10:00,2004-11-19 17:01:00,21044.534595471574,-0.3659565949988536,21030.735361874194,14.165190192378352,-0.06106432953932117
2004-11-19 17:11:00,2004-11-19 17:02:00,21044.12594573602,-0.35924375919089696,21030.7353116565,13.749877838712884,-0.36309591248679496
2004-11-19 17:12:00,2004-11-19 17:03:00,21043.821647457477,-0.35261234872834113,21030.7352614388,13.438998367404762,-0.15650490041543907
2004-11-19 17:13:00,2004-11-19 17:04:00,21043.826017385716,-0.34606187327058335,21030.735211221105,13.436868037882006,0.3000259334408586
2004-11-19 17:14:00,2004-11-19 17:05:00,21044.43461939522,-0.3395918424770212,21030.73516100341,14.03905023428648,0.5956626602534474
2004-11-19 17:15:00,2004-11-19 17:06:00,21045.030102378092,-0.33320176600705204,21030.73511078571,14.6281933583889,0.39141746326780247
2004-11-19 17:16:00,2004-11-19 17:07:00,21045.230054575313,-0.3268911535200733,21030.73506056801,14.821885160822085,-0.15727808407134525
2004-11-19 17:17:00,2004-11-19 17:08:00,21044.727988025887,-0.32065951467548254,21030.735010350316,14.31363719024621,-0.4071396158308547
2004-11-19 17:18:00,2004-11-19 17:09:00,21044.428059702645,-0.31450635913267705,21030.734960132617,14.007605929160375,-0.4037819914310381
2004-11-19 17:19:00,2004-11-19 17:10:00,21043.932551925747,-0.30843119655105433,21030.734909914914,13.506073207384134,-0.5460083120932433
2004-11-19 17:20:00,2004-11-19 17:11:00,21043.3480154656,-0.30243353659001176,21030.734859697215,12.915589304973889,-0.49922421045808285
2004-11-19 17:21:00,2004-11-19 17:12:00,21042.945921377075,-0.29651288890894695,21030.734809479516,12.507624786467968,-0.1557961855198613
2004-11-19 17:22:00,2004-11-19 17:13:00,21043.04808743258,-0.29066876316725704,21030.734759261813,12.603996933934166,-0.04697703126085617
2004-11-19 17:23:00,2004-11-19 17:14:00,21042.863479099036,-0.28490066902433964,21030.734709044114,12.413670723946256,-0.3479241144308407
2004-11-19 17:24:00,2004-11-19 17:15:00,21042.363599415345,-0.2792081161395922,21030.73465882641,11.908148705072485,-0.5098700345572427
2004-11-19 17:25:00,2004-11-19 17:16:00,21041.85494864937,-0.27359061417241215,21030.73460860871,11.39393065483177,-0.20877137402685175
2004-11-19 17:26:00,2004-11-19 17:17:00,21041.957116675247,-0.2680476727821968,21030.73455839101,11.490605957018781,0.04562832436791098
2004-11-19 17:27:00,2004-11-19 17:18:00,21041.957116675247,-0.2625788016283439,21030.734508173307,11.485187303567592,0.038033566440398126
2004-11-19 17:28:00,2004-11-19 17:19:00,21042.043947535134,-0.2571835103702505,21030.734457955605,11.566673089899577,0.14027281087907806
2004-11-19 17:29:00,2004-11-19 17:20:00,21042.24827935456,-0.25186130866731427,21030.734407737902,11.765732925325748,0.25237301803693946
2004-11-19 17:30:00,2004-11-19 17:21:00,21042.55916493999,-0.2466117061789325,21030.734357520196,12.071419125973456,0.24587196356106755
2004-11-19 17:31:00,2004-11-19 17:22:00,21042.750349942376,-0.24143421256450273,21030.734307302493,12.257476852447883,0.3404410349060436
2004-11-19 17:32:00,2004-11-19 17:23:00,21043.250229943093,-0.2363283374834225,21030.73425708479,12.752301195785543,0.6426337455903868
2004-11-19 17:33:00,2004-11-19 17:24:00,21044.045657620114,-0.23129359059508903,21030.73420686708,13.542744343628657,0.03847091756257637
2004-11-19 17:34:00,2004-11-19 17:25:00,21043.33707019873,-0.22632948155889976,21030.734156649378,12.829243030910696,-0.362453258436779
2004-11-19 17:35:00,2004-11-19 17:26:00,21043.330508738392,-0.22143552003425226,21030.73410643167,12.817837826755099,-0.006996306168307598
2004-11-19 17:36:00,2004-11-19 17:27:00,21043.332695416855,-0.2166112156805439,21030.73405621396,12.815250418574081,-0.500244980437607
2004-11-19 17:37:00,2004-11-19 17:28:00,21042.339497783985,-0.21185607815717222,21030.734005996263,11.817347865879885,0.25402468573782944
2004-11-19 17:38:00,2004-11-19 17:29:00,21043.85008595148,-0.2071696171235345,21030.733955778553,13.32329979004974,1.5669554092294744
2004-11-19 17:39:00,2004-11-19 17:30:00,21045.482612902942,-0.20255134223902815,21030.733905560843,14.951258684338834,0.6139757065598443
2004-11-19 17:40:00,2004-11-19 17:31:00,21045.087105783146,-0.19800076316305074,21030.73385534314,14.551251203169429,-0.20441845649332535
2004-11-19 17:41:00,2004-11-19 17:32:00,21045.082709507227,-0.19351738955499964,21030.73380512543,14.542421771352183,-0.6987307137647765
2004-11-19 17:42:00,2004-11-19 17:33:00,21043.698443952286,-0.18910073107427242,21030.73375490772,13.153789775639876,-0.4832909090891482
2004-11-19 17:43:00,2004-11-19 17:34:00,21044.124794345807,-0.18475029738026627,21030.733704690014,13.575839953173887,0.11224348852146981
2004-11-19 17:44:00,2004-11-19 17:35:00,21043.931465626854,-0.18046559813237875,21030.733654472304,13.378276752682815,-0.4041044453281257
2004-11-19 17:45:00,2004-11-19 17:36:00,21043.32498917412,-0.17624614299000735,21030.733604254594,12.767631062517635,-0.4106600083297822
2004-11-19 17:46:00,2004-11-19 17:37:00,21043.118419331295,-0.17209144161254938,21030.733554036884,12.55695673602325,-0.46057938701716683
2004-11-19 17:47:00,2004-11-19 17:38:00,21042.411975103994,-0.16800100365940235,21030.73350381917,11.846472288483302,-0.6104749014126742
2004-11-19 17:48:00,2004-11-19 17:39:00,21041.905486195872,-0.1639743387899638,21030.733453601464,11.336006933197902,-0.4560392187551434
2004-11-19 17:49:00,2004-11-19 17:40:00,21041.507786278056,-0.16001095666363102,21030.733403383747,10.934393850973015,0.05161591096941365
2004-11-19 17:50:00,2004-11-19 17:41:00,21042.016481554234,-0.15611036693980135,21030.733353166037,11.43923875513673,0.2005405749389073
2004-11-19 17:51:00,2004-11-19 17:42:00,21041.916505869896,-0.15227207927787245,21030.733302948323,11.33547500085083,-0.20811693952590726
2004-11-19 17:52:00,2004-11-19 17:43:00,21041.607762003357,-0.14849560333724163,21030.73325273061,11.023004876084915,-0.05919330278192092
2004-11-19 17:53:00,2004-11-19 17:44:00,21041.80551045941,-0.14478044877730645,21030.7332025129,11.217088395286988,0.19852061726335002
2004-11-19 17:54:00,2004-11-19 17:45:00,21042.01207228054,-0.14112612525746415,21030.733152295186,11.420046110611615,0.39743046938441484
2004-11-19 17:55:00,2004-11-19 17:46:00,21042.607519269088,-0.13753214243711226,21030.73310207747,12.011949334055817,0.4397689111899652
2004-11-19 17:56:00,2004-11-19 17:47:00,21042.89863778277,-0.1339980099756482,21030.733051859756,12.299583932991546,-0.06004730200249053
2004-11-19 17:57:00,2004-11-19 17:48:00,21042.49433313456,-0.13052323753246947,21030.733001642042,11.891854730050836,-0.10337088992999544
2004-11-19 17:58:00,2004-11-19 17:49:00,21042.698686242693,-0.12710733476697342,21030.73295142433,12.092842153131555,0.39766690101528646
2004-11-19 17:59:00,2004-11-19 17:50:00,21043.296339927354,-0.12374981133855767,21030.73290120661,12.687188532081409,-0.3207856786227241
2004-11-19 18:00:00,2004-11-19 17:51:00,21042.063671607877,-0.12045017690661936,21030.732850988898,11.451270795886106,-0.9150932539692347
2004-11-19 18:01:00,2004-11-19 17:52:00,21041.472594854193,-0.11720794113055609,21030.73280077118,10.85700202414294,-0.2954073762199121
2004-11-19 18:02:00,2004-11-19 17:53:00,21041.479183983243,-0.11402261366976522,21030.732750553467,10.860456043446282,0.09906510983652783
2004-11-19 18:03:00,2004-11-19 17:54:00,21041.67693887538,-0.1108937041836443,21030.732700335746,11.055132243815995,0.25238448674257263
2004-11-19 18:04:00,2004-11-19 17:55:00,21041.99005441263,-0.10782072233159083,21030.73265011803,11.365225016931428,0.6001559650377306
2004-11-19 18:05:00,2004-11-19 17:56:00,21042.883240896434,-0.104803177773002,21030.732599900315,12.255444173891457,0.3870760323182285
2004-11-19 18:06:00,2004-11-19 17:57:00,21042.770086183995,-0.10184058016727535,21030.732549682594,12.139377081567885,0.14597980211444916
2004-11-19 18:07:00,2004-11-19 17:58:00,21043.18097080382,-0.09893243917380844,21030.732499464873,12.547403778120355,0.5003420866797281
2004-11-19 18:08:00,2004-11-19 17:59:00,21043.77643223763,-0.09607826445199844,21030.732449247156,13.14006125492734,0.5893933207368409
2004-11-19 18:09:00,2004-11-19 18:00:00,21044.365311883368,-0.09327756566124308,21030.732399029435,13.726190419594037,0.3949837071850828
2004-11-19 18:10:00,2004-11-19 18:01:00,21044.571847628547,-0.09052985246093945,21030.73234881171,13.930028669297506,0.045123266297450115
2004-11-19 18:11:00,2004-11-19 18:02:00,21044.460900911672,-0.0878346345104854,21030.732298593994,13.816436952188937,-0.5145590676736038
2004-11-19 18:12:00,2004-11-19 18:03:00,21043.547967488754,-0.08519142146927827,21030.732248376273,12.900910533950299,0.05180856891103325
2004-11-19 18:13:00,2004-11-19 18:04:00,21044.569652525566,-0.08259972299671504,21030.732198158552,13.920054090011003,0.45614419388743244
2004-11-19 18:14:00,2004-11-19 18:05:00,21044.465287813804,-0.0800590487521937,21030.73214794083,13.813198921725164,-0.11011738329927923
2004-11-19 18:15:00,2004-11-19 18:06:00,21044.354348138124,-0.07756890839511137,21030.732097723107,13.699819323412445,0.39091157149179256
2004-11-19 18:16:00,2004-11-19 18:07:00,21045.251940758513,-0.07512881158486567,21030.73204750539,14.595022064708749,0.5475028076375201
2004-11-19 18:17:00,2004-11-19 18:08:00,21045.45408395837,-0.07273826798085407,21030.731997287665,14.794824938687485,-0.25116013892119593
2004-11-19 18:18:00,2004-11-19 18:09:00,21044.754252069564,-0.07039678724247356,21030.73194706994,14.092701786866357,-0.2554931177637929
2004-11-19 18:19:00,2004-11-19 18:10:00,21044.94763167635,-0.06810387902912222,21030.73189685222,14.2838387031599,-0.31090532777995517
2004-11-19 18:20:00,2004-11-19 18:11:00,21044.136878712798,-0.06585905300019694,21030.73184663449,13.470891131306447,-1.267180030474539
2004-11-19 18:21:00,2004-11-19 18:12:00,21042.417613240166,-0.06366181881509549,21030.73179641677,11.749478642210821,-1.2116727409358896
2004-11-19 18:22:00,2004-11-19 18:13:00,21041.717780162344,-0.061511686133215074,21030.731746199042,11.047545649434667,-0.749713442271374
2004-11-19 18:23:00,2004-11-19 18:14:00,21040.922339574376,-0.05940816461395347,21030.73169598132,10.250051757668073,-0.4508308841228983
2004-11-19 18:24:00,2004-11-19 18:15:00,21040.820178880862,-0.057350763916707764,21030.73164576359,10.14588388118887,-0.4518769508860432
2004-11-19 18:25:00,2004-11-19 18:16:00,21040.022554408064,-0.055338993700875416,21030.73159554587,9.346297855895987,-0.3463915078426636
2004-11-19 18:26:00,2004-11-19 18:17:00,21040.13127383002,-0.05337236362585418,21030.73154532814,9.453100865503544,0.10354716749519266
2004-11-19 18:27:00,2004-11-19 18:18:00,21040.233436917948,-0.051450383351041046,21030.731495110413,9.553392190886372,0.09047858976659295
2004-11-19 18:28:00,2004-11-19 18:19:00,21040.31593037519,-0.04957256253583389,21030.731444892688,9.63405804503673,0.18613117578102845
2004-11-19 18:29:00,2004-11-19 18:20:00,21040.609310806565,-0.04773841083962996,21030.731394674956,9.925654542448429,0.45140645144363667
2004-11-19 18:30:00,2004-11-19 18:21:00,21041.22226796723,-0.0459474379218264,21030.73134445723,10.536870947924003,0.9133621031330303
2004-11-19 18:31:00,2004-11-19 18:22:00,21042.439473834776,-0.044199153441821154,21030.731294239504,11.75237874871449,0.8893775434379148
2004-11-19 18:32:00,2004-11-19 18:23:00,21043.004376989516,-0.04249306705901115,21030.731244021776,12.315626034799832,-0.21470087164217944
2004-11-19 18:33:00,2004-11-19 18:24:00,21042.013342121045,-0.04082868843279433,21030.731193804048,11.32297700543013,0.4635874614773705
2004-11-19 18:34:00,2004-11-19 18:25:00,21043.934739016848,-0.03920552722256801,21030.731143586316,13.242800957754573,1.104737286159505
2004-11-19 18:35:00,2004-11-19 18:26:00,21044.225921853245,-0.037623093087729126,21030.731093368584,13.532451577749141,0.3407545903368687
2004-11-19 18:36:00,2004-11-19 18:27:00,21044.619272393596,-0.036080895687675724,21030.731043150856,13.92431013842831,0.188655644782191
2004-11-19 18:37:00,2004-11-19 18:28:00,21044.606177355756,-0.034578444681804876,21030.730992933124,13.909762867313523,0.4995401797573935
2004-11-19 18:38:00,2004-11-19 18:29:00,21045.621217963606,-0.03311524972951427,21030.730942715392,14.923390497943098,0.7071712421642067
2004-11-19 18:39:00,2004-11-19 18:30:00,21046.023307028812,-0.031690820490201194,21030.73089249766,15.324105351641936,0.3409224370924884
2004-11-19 18:40:00,2004-11-19 18:31:00,21046.305772985434,-0.030304666623262977,21030.73084227993,15.605235372128075,-0.25998892341675894
2004-11-19 18:41:00,2004-11-19 18:32:00,21045.505963269214,-0.0289562977880973,21030.730792062193,14.804127504808418,-0.13595400045005324
2004-11-19 18:42:00,2004-11-19 18:33:00,21046.03642399205,-0.02764522364410138,21030.730741844465,15.333327371227968,1.1203510141872366
2004-11-19 18:43:00,2004-11-19 18:34:00,21047.749150206062,-0.026370953850672924,21030.73069162673,17.04482953318289,0.998554822577085
2004-11-19 18:44:00,2004-11-19 18:35:00,21048.03594542731,-0.025132998067209117,21030.730641408994,17.330437016382138,0.13457778043622604
2004-11-19 18:45:00,2004-11-19 18:36:00,21048.02064541937,-0.02393086595310734,21030.730591191266,17.313985094055344,-0.30762051325534046
2004-11-19 18:46:00,2004-11-19 18:37:00,21047.42297289623,-0.022764067167765356,21030.730540973527,16.715195989871457,-0.04890269424726945
2004-11-19 18:47:00,2004-11-19 18:38:00,21047.925038349982,-0.021632111370580076,21030.730490755792,17.216179705560805,0.3010488483292484
2004-11-19 18:48:00,2004-11-19 18:39:00,21048.027199716365,-0.0205345082209496,21030.730440538056,17.317293686529954,-0.052110910280665834
2004-11-19 18:49:00,2004-11-19 18:40:00,21047.822877437942,-0.019470767378270998,21030.73039032032,17.111957884999473,-0.15533012869395435
2004-11-19 18:50:00,2004-11-19 18:41:00,21047.71853313323,-0.018440398501941513,21030.73034010259,17.006633429142045,-0.10312394083075382
2004-11-19 18:51:00,2004-11-19 18:42:00,21047.618556976937,-0.017442911251359022,21030.73028988485,16.905710003337965,-0.0031142085729207736
2004-11-19 18:52:00,2004-11-19 18:43:00,21047.71416686382,-0.01647781528592049,21030.73023966711,17.000405011996204,-0.3595426434259821
2004-11-19 18:53:00,2004-11-19 18:44:00,21046.901269545597,-0.015544620265023817,21030.730189449376,16.186624716486,-0.659435993642842
2004-11-19 18:54:00,2004-11-19 18:45:00,21046.3970294205,-0.014642835848066221,21030.730139231637,15.68153302471052,-0.39528814421797254
2004-11-19 18:55:00,2004-11-19 18:46:00,21046.112365470253,-0.013771971694444912,21030.730089013898,15.396048428050056,-0.39416894746516906
2004-11-19 18:56:00,2004-11-19 18:47:00,21045.610302388475,-0.01293153746355774,21030.73003879616,14.893195129780182,-0.35505483451915953
2004-11-19 18:57:00,2004-11-19 18:48:00,21045.40380629462,-0.012121042814801752,21030.729988578423,14.685938759011737,-0.0007455522889472377
2004-11-19 18:58:00,2004-11-19 18:49:00,21045.610302388475,-0.011339997407574798,21030.72993836068,14.891704025202287,0.20469027395582184
2004-11-19 18:59:00,2004-11-19 18:50:00,21045.814619538964,-0.010587910901273867,21030.72988814294,15.09531930692338,-0.15719352558355215
2004-11-19 19:00:00,2004-11-19 18:51:00,21045.29729060628,-0.009864292955297005,21030.7298379252,14.577316974035183,-0.4049280786154803
2004-11-19 19:01:00,2004-11-19 18:52:00,21045.00608220392,-0.00916865322904109,21030.729787707456,14.28546314969242,-0.39290370268682207
2004-11-19 19:02:00,2004-11-19 18:53:00,21044.512746557,-0.008500501381903447,21030.72973748972,13.791509568661539,-0.40377989735978925
2004-11-19 19:03:00,2004-11-19 18:54:00,21044.199731279878,-0.007859347073282064,21030.729687271978,13.477903354972842,-0.059288281866761494
2004-11-19 19:04:00,2004-11-19 18:55:00,21044.395325359197,-0.007244699962573875,21030.72963705423,13.672933004928016,0.05270730012249558
2004-11-19 19:05:00,2004-11-19 18:56:00,21044.306248722005,-0.006656069709176926,21030.729586836496,13.583317955217833,-0.09614251595585444
2004-11-19 19:06:00,2004-11-19 18:57:00,21044.204091625797,-0.006092965972488096,21030.729536618754,13.480647973016307,-0.24935019285909377
2004-11-19 19:07:00,2004-11-19 18:58:00,21043.8085490721,-0.005554898411904763,21030.72948640101,13.084617569499645,-0.20042801808596433
2004-11-19 19:08:00,2004-11-19 18:59:00,21043.804186743422,-0.005041376686825028,21030.729436183265,13.079791936844378,-0.1960384126902346
2004-11-19 19:09:00,2004-11-19 19:00:00,21043.41737479918,-0.004551910456645436,21030.72938596552,12.692540744119176,-0.34270574841403256
2004-11-19 19:10:00,2004-11-19 19:01:00,21043.11963017841,-0.0040860093807640885,21030.729335747776,12.394380440016313,-0.050392224387307394
2004-11-19 19:11:00,2004-11-19 19:02:00,21043.31739864226,-0.003643183118578419,21030.729285530033,12.591756295344561,-0.3546642433093181
2004-11-19 19:12:00,2004-11-19 19:03:00,21042.411064324355,-0.0032229413294852516,21030.729235312287,11.685051953397677,-0.3535499498228054
2004-11-19 19:13:00,2004-11-19 19:04:00,21042.61101669657,-0.002824793672882797,21030.729185094544,11.88465639569895,0.1518098546422939
2004-11-19 19:14:00,2004-11-19 19:05:00,21042.71535828967,-0.002448249808167713,21030.729134876798,11.988671662682265,-0.0014067699876489925
2004-11-19 19:15:00,2004-11-19 19:06:00,21042.608834695377,-0.0020928193947380436,21030.729084659048,11.881842855723653,-0.20570231258846672
2004-11-19 19:16:00,2004-11-19 19:07:00,21042.304543466715,-0.0017580120919912234,21030.7290344413,11.577267037505331,-0.5621295561641393
2004-11-19 19:17:00,2004-11-19 19:08:00,21041.48512462939,-0.0014433375593240205,21030.728984223555,10.757583743395374,-0.7577039299902291
2004-11-19 19:18:00,2004-11-19 19:09:00,21040.789644877874,-0.0011483054561347572,21030.728934005805,10.061859177524873,-0.8043974244208743
2004-11-19 19:19:00,2004-11-19 19:10:00,21039.876800257174,-0.000872425441820257,21030.728883788062,9.148788894553626,-0.7587421819343936
2004-11-19 19:20:00,2004-11-19 19:11:00,21039.27259317679,-0.0006152071757781208,21030.72883357031,8.544374813656086,-0.3533765387049934
2004-11-19 19:21:00,2004-11-19 19:12:00,21039.170443009392,-0.00037616031740600464,21030.728783352566,8.442035817143639,-0.15449075656665467
2004-11-19 19:22:00,2004-11-19 19:13:00,21038.96397164081,-0.00015479452610067668,21030.728733134813,8.235393300522777,-0.006678971317990445
2004-11-19 19:23:00,2004-11-19 19:14:00,21039.15741017211,4.9380538739485225e-05,21030.728682917063,8.428677874507658,0.29652653386467875
2004-11-19 19:24:00,2004-11-19 19:15:00,21039.557315922782,0.00023685521771776852,21030.728632699313,8.828446368252134,0.1965687827698046
2004-11-19 19:25:00,2004-11-19 19:16:00,21039.55080604146,0.00040811985143651697,21030.728582481563,8.821815440047267,0.04987503208469857
2004-11-19 19:26:00,2004-11-19 19:17:00,21039.657292361015,0.0005636647804982409,21030.728532263813,8.928196432421531,0.4052340498031164
2004-11-19 19:27:00,2004-11-19 19:18:00,21040.36146956606,0.0007039803455053395,21030.728482046063,9.6322835396535,0.5019705036398143
2004-11-19 19:28:00,2004-11-19 19:19:00,21040.661398824897,0.0008295568870606007,21030.72843182831,9.93213743970116,0.10642702049210229
2004-11-19 19:29:00,2004-11-19 19:20:00,21040.57446007594,0.0009408847457669789,21030.728381610556,9.845137580637704,0.09992218923389107
2004-11-19 19:30:00,2004-11-19 19:21:00,21040.86135166524,0.0010384542622262072,21030.72833139281,10.131981818168942,0.04017246103938188
2004-11-19 19:31:00,2004-11-19 19:22:00,21040.65488643355,0.0011227557770415175,21030.728281175056,9.925482502716468,0.15536855037468467
2004-11-19 19:32:00,2004-11-19 19:23:00,21041.172144155847,0.0011942796308149761,21030.7282309573,10.442718918918311,0.6117927047898419
2004-11-19 19:33:00,2004-11-19 19:24:00,21041.878502168005,0.0012535161641494819,21030.728180739545,11.149067912296152,0.19451810853848706
2004-11-19 19:34:00,2004-11-19 19:25:00,21041.561186613504,0.001300955717647878,21030.72813052179,10.831755135995285,-0.21080850876936275
2004-11-19 19:35:00,2004-11-19 19:26:00,21041.456868287423,0.0013370886319119535,21030.728080304034,10.727450894757427,-0.14451355105695374
2004-11-19 19:36:00,2004-11-19 19:27:00,21041.272120525413,0.00136240524754494,21030.728030086284,10.542728033881378,0.10543561676258495
2004-11-19 19:37:00,2004-11-19 19:28:00,21041.667679392714,0.0013773959051488482,21030.727979868527,10.938322128282596,0.1380632137111384
2004-11-19 19:38:00,2004-11-19 19:29:00,21041.548166663022,0.0013825509453265772,21030.727929650773,10.818854461303655,-0.4150429481254392
2004-11-19 19:39:00,2004-11-19 19:30:00,21040.837494025756,0.0013783607086809146,21030.727879433016,10.108236232031718,-0.6584555015719307
2004-11-19 19:40:00,2004-11-19 19:31:00,21040.231137988954,0.0013653155358139824,21030.72782921526,9.501943458159793,-0.41065853934166974
2004-11-19 19:41:00,2004-11-19 19:32:00,21040.01604205662,0.0013439057673287902,21030.727778997505,9.286919153348379,-0.04883014294239452
2004-11-19 19:42:00,2004-11-19 19:33:00,21040.133326573767,0.0013146217438273489,21030.727728779748,9.404283172275004,-0.9540164973475607
2004-11-19 19:43:00,2004-11-19 19:34:00,21038.107842674446,0.0012779538059125573,21030.727678561987,7.378886158653257,-1.5168530547976982
2004-11-19 19:44:00,2004-11-19 19:35:00,21037.099439799204,0.0012343922941869812,21030.72762834423,6.370577062679608,-1.2550087770984195
2004-11-19 19:45:00,2004-11-19 19:36:00,21035.597631158475,0.0011844275492532974,21030.72757812647,4.868868604456418,-0.8813075535171082
2004-11-19 19:46:00,2004-11-19 19:37:00,21035.336618414265,0.0011285499117137388,21030.727527908708,4.607961955645392,-0.5867870193090337
2004-11-19 19:47:00,2004-11-19 19:38:00,21034.423839506515,0.001067249722171093,21030.727477690954,3.695294565838351,-0.46923994035652883
2004-11-19 19:48:00,2004-11-19 19:39:00,21034.397910565447,0.001001017321227926,21030.727427473194,3.669482074932334,-0.22034617928760047
2004-11-19 19:49:00,2004-11-19 19:40:00,21033.98290980574,0.0009303430494866927,21030.72737725543,3.25460220726315,0.09686384178918384
2004-11-19 19:50:00,2004-11-19 19:41:00,21034.59139251343,0.0008557172475505137,21030.72732703767,3.8632097585107017,0.7042749153716277
2004-11-19 19:51:00,2004-11-19 19:42:00,21035.391206488173,0.0007776302560209558,21030.72727681991,4.663152038006405,0.4424837275243312
2004-11-19 19:52:00,2004-11-19 19:43:00,21035.476100388125,0.0006965724155012509,21030.72722660215,4.748177213559364,-0.3734494150120722
2004-11-19 19:53:00,2004-11-19 19:44:00,21034.644042626438,0.0006130340665932987,21030.72717638439,3.916253207982261,-0.2105723597994258
2004-11-19 19:54:00,2004-11-19 19:45:00,21035.05468616614,0.0005275055499005532,21030.72712616663,4.3270324939605125,0.35434962278425086
2004-11-19 19:55:00,2004-11-19 19:46:00,21035.35246887962,0.0004404772060256912,21030.727075948864,4.624952453550763,0.19579693875598725
2004-11-19 19:56:00,2004-11-19 19:47:00,21035.44600454195,0.0003524393755703903,21030.727025731103,4.718626371472487,-0.21268536314001762
2004-11-19 19:57:00,2004-11-19 19:48:00,21034.926821123005,0.00026388239913766043,21030.726975513335,4.199581727270727,-0.36478243314992986
2004-11-19 19:58:00,2004-11-19 19:49:00,21034.716162097364,0.00017529661732995638,21030.726925295574,3.9890615051726273,-0.14982700668453752
2004-11-19 19:59:00,2004-11-19 19:50:00,21034.62688996408,8.71723707495109e-05,21030.72687507781,3.8999277139016524,-0.20195570196253176
2004-11-19 20:00:00,2004-11-19 19:51:00,21034.311974961292,0.0,21030.726824860045,3.5851501012475637,-0.40619401009805456
2004-11-19 20:01:00,2004-11-19 19:52:00,21033.814228522606,-8.581338005956517e-05,21030.72677464228,3.0875396937055433,-0.34871501653856884
2004-11-19 20:02:00,2004-11-19 19:53:00,21033.61427429913,-0.00017019355753904902,21030.726724424516,2.887720068170426,0.16080834303489566
2004-11-19 20:03:00,2004-11-19 19:54:00,21034.135577436977,-0.00025314954629115645,21030.726674206748,3.4091563797753346,0.7063944048128283
2004-11-19 20:04:00,2004-11-19 19:55:00,21035.02679817642,-0.0003346903601685924,21030.726623988983,4.300508877796083,0.13404252798845806
2004-11-19 20:05:00,2004-11-19 19:56:00,21034.403400381954,-0.00041482501302406177,21030.726573771215,3.6772414357522507,-0.0030824889737930405
2004-11-19 20:06:00,2004-11-19 19:57:00,21035.020373890777,-0.0004935625187102695,21030.726523553447,4.294343899848497,0.41716248440269066
2004-11-19 20:07:00,2004-11-19 19:58:00,21035.23746882835,-0.0005709118910799204,21030.726473335682,4.511566404557632,0.4596661911504074
2004-11-19 20:08:00,2004-11-19 19:59:00,21035.93945251792,-0.0006468821439857196,21030.726423117914,5.2136762821493114,0.19686389492099776
2004-11-19 20:09:00,2004-11-19 20:00:00,21035.630945612254,-0.0007214822912803717,21030.726372900146,4.9052941943996275,0.09474190103290026
2004-11-19 20:10:00,2004-11-19 20:01:00,21036.128688045243,-0.0007947213468165819,21030.726322682374,5.403160084215112,0.8074449274285871
2004-11-19 20:11:00,2004-11-19 20:02:00,21037.24558990554,-0.000866608324447055,21030.726272464606,6.520184049256802,0.8649459381581606
2004-11-19 20:12:00,2004-11-19 20:03:00,21037.85833705513,-0.0009371522380244959,21030.726222246838,7.133051960531433,0.21189224104036253
2004-11-19 20:13:00,2004-11-19 20:04:00,21037.669134198302,-0.0010063621014016093,21030.726172029066,6.943968531337527,-0.19338369972765168
2004-11-19 20:14:00,2004-11-19 20:05:00,21037.471332125446,-0.0010742469284311005,21030.726121811298,6.74628456107613,-0.041257824052399084
2004-11-19 20:15:00,2004-11-19 20:06:00,21037.58638366103,-0.0011408157329656746,21030.72607159353,6.861452883232729,0.01196581574461808
2004-11-19 20:16:00,2004-11-19 20:07:00,21037.495031490795,-0.0012060775288580358,21030.726021375758,6.770216192565366,-0.19876098033523615
2004-11-19 20:17:00,2004-11-19 20:08:00,21037.188632039215,-0.0012700413299608895,21030.725971157983,6.463930922562256,-0.3541174665803686
2004-11-19 20:18:00,2004-11-19 20:09:00,21036.78656948347,-0.0013327161501269407,21030.725920940215,6.061981259404629,-0.046641484457545346
2004-11-19 20:19:00,2004-11-19 20:10:00,21037.095124565083,-0.0013941110032088938,21030.72587072244,6.370647953647166,0.4553973718965798
2004-11-19 20:20:00,2004-11-19 20:11:00,21037.697142272962,-0.0014542349030594543,21030.725820504667,6.972776003197788,0.30003990565135874
2004-11-19 20:21:00,2004-11-19 20:12:00,21037.694984954982,-0.0015130968635313268,21030.725770286896,6.970727764949883,-0.45733273847792555
2004-11-19 20:22:00,2004-11-19 20:13:00,21036.782259889464,-0.001570705898477216,21030.72572006912,6.058110526241937,-0.5540773019928444
2004-11-19 20:23:00,2004-11-19 20:14:00,21036.586615941287,-0.0016270710217498275,21030.725669851345,5.862573160964194,0.0033385173048214867
2004-11-19 20:24:00,2004-11-19 20:15:00,21036.788724993177,-0.0016822012472018652,21030.725619633573,6.06478756085158,0.1500698918581187
2004-11-19 20:25:00,2004-11-19 20:16:00,21036.88654625489,-0.001736105588686035,21030.725569415798,6.162712944680432,-0.0009742411740907286
2004-11-19 20:26:00,2004-11-19 20:17:00,21036.78656948347,-0.0017887930600550411,21030.725519198026,6.062839078503399,0.003336263217902591
2004-11-19 20:27:00,2004-11-19 20:18:00,21036.893014178688,-0.001840272675161589,21030.725468980247,6.169385471116237,-0.24337058253075305
2004-11-19 20:28:00,2004-11-19 20:19:00,21036.29962612246,-0.001890553447858383,21030.725418762468,5.576097913441893,-0.24876345890964568
2004-11-19 20:29:00,2004-11-19 20:20:00,21036.3952874536,-0.001939644391998129,21030.725368544696,5.671858553296945,0.04469463241744176
2004-11-19 20:30:00,2004-11-19 20:21:00,21036.388817950672,-0.0019875545214335312,21030.725318326917,5.665487178276776,-0.04989082265631506
2004-11-19 20:31:00,2004-11-19 20:22:00,21036.295310724272,-0.002034292850017294,21030.725268109138,5.572076907984315,0.052241008014632495
2004-11-19 20:32:00,2004-11-19 20:23:00,21036.493107217277,-0.0020798683916021235,21030.725217891362,5.769969194306041,-0.1095794907556229
2004-11-19 20:33:00,2004-11-19 20:24:00,21036.075961309896,-0.0021242901600407233,21030.725167673583,5.3529179264730695,-0.3095320827407275
2004-11-19 20:34:00,2004-11-19 20:25:00,21035.87385491746,-0.0021675671691857995,21030.725117455804,5.150905028824586,-0.14771883009042464
2004-11-19 20:35:00,2004-11-19 20:26:00,21035.780337795888,-0.0022097084328900566,21030.72506723803,5.05748026629222,-0.14556646113832272
2004-11-19 20:36:00,2004-11-19 20:27:00,21035.58253840383,-0.0022507229650061992,21030.725017020246,4.859772106547941,-0.2476968492781939
2004-11-19 20:37:00,2004-11-19 20:28:00,21035.284762750423,-0.002290619779386933,21030.724966802467,4.562086567735832,-0.5573179031226414
2004-11-19 20:38:00,2004-11-19 20:29:00,21034.4677234771,-0.0023294078898849616,21030.724916584688,3.745136300302658,-0.6712639108631953
2004-11-19 20:39:00,2004-11-19 20:30:00,21033.942058016608,-0.0023670963103529907,21030.72486636691,3.219558746009442,-0.37022612814055944
2004-11-19 20:40:00,2004-11-19 20:31:00,21033.72709649909,-0.002403694054643726,21030.724816149122,3.004684044021539,-0.05740595866950904
2004-11-19 20:41:00,2004-11-19 20:32:00,21033.82707354988,-0.002439210136609871,21030.724765931347,3.104746828670424,0.09257018308595533
2004-11-19 20:42:00,2004-11-19 20:33:00,21033.912066470184,-0.0024736535701041316,21030.72471571356,3.1898244101934496,0.238258963452892
2004-11-19 20:43:00,2004-11-19 20:34:00,21034.30342321799,-0.0025070333689792123,21030.72466549578,3.581264755576208,-0.10630661661789587
2004-11-19 20:44:00,2004-11-19 20:35:00,21033.69928709641,-0.0025393585470878176,21030.724615278,2.977211176957658,-0.25306537324402556
2004-11-19 20:45:00,2004-11-19 20:36:00,21033.797128431186,-0.0025706381182826537,21030.724565060216,3.0751340090881567,0.19896743678616868
2004-11-19 20:46:00,2004-11-19 20:37:00,21034.097060011867,-0.0026008810964164245,21030.724514842434,3.3751460505299953,0.24682066085049215
2004-11-19 20:47:00,2004-11-19 20:38:00,21034.29060985894,-0.002630096495341834,21030.724464624647,3.568775330789141,0.1468424598720981
2004-11-19 20:48:00,2004-11-19 20:39:00,21034.39058708381,-0.0026582933289115897,21030.724414406865,3.6688309702741915,-0.10203299404059352
2004-11-19 20:49:00,2004-11-19 20:40:00,21034.08638805118,-0.002685480610978394,21030.724364189082,3.364709342707954,-0.14561872229990525
2004-11-19 20:50:00,2004-11-19 20:41:00,21034.099195829614,-0.002711667355394953,21030.724313971295,3.377593525674381,-0.04350879382399642
2004-11-19 20:51:00,2004-11-19 20:42:00,21033.99921864599,-0.0027368625760139714,21030.724263753506,3.277691755059961,-0.10203786221292788
2004-11-19 20:52:00,2004-11-19 20:43:00,21033.89497026169,-0.002761075286688155,21030.724213535726,3.1735178012485252,-0.15416212211331204
2004-11-19 20:53:00,2004-11-19 20:44:00,21033.69074651427,-0.002784314501270208,21030.724163317936,2.969367510833337,-0.30412710547631394
2004-11-19 20:54:00,2004-11-19 20:45:00,21033.286570101212,-0.002806589233612834,21030.72411310015,2.5652635902958973,-0.5530030984837906
2004-11-19 20:55:00,2004-11-19 20:46:00,21032.584596287732,-0.00282790849756874,21030.724062882364,1.8633613138657559,-0.3562450751799292
2004-11-19 20:56:00,2004-11-19 20:47:00,21032.573937823207,-0.0028482813069906293,21030.724012664577,1.852773439936039,-0.20521371386222642
2004-11-19 20:57:00,2004-11-19 20:48:00,21032.174028616253,-0.002867716675731208,21030.723962446787,1.452933886141303,-0.102038162836949
2004-11-19 20:58:00,2004-11-19 20:49:00,21032.369723119646,-0.0028862236176431812,21030.723912229,1.648697114262141,0.08940482226280255
2004-11-19 20:59:00,2004-11-19 20:50:00,21032.35270173073,-0.002903811146579252,21030.72386201121,1.6317435306669081,-0.10842074702363058
2004-11-19 21:00:00,2004-11-19 20:51:00,21032.152746925363,-0.0029204882763921277,21030.723811793425,1.4318556202148798,0.1489697967066187
2004-11-19 21:01:00,2004-11-19 20:52:00,21032.65050843569,-0.0029362640209345107,21030.72376157563,1.9296831240801455,0.4052924108929675
2004-11-19 21:02:00,2004-11-19 20:53:00,21032.963200652448,-0.002951147394059108,21030.72371135784,2.242440442000815,0.10216779546395083
2004-11-19 21:03:00,2004-11-19 20:54:00,21032.854714707653,-0.0029651474096186233,21030.723661140055,2.134018715008047,0.3042537992881602
2004-11-19 21:04:00,2004-11-19 20:55:00,21033.57158068976,-0.002978273081465762,21030.723610922265,2.8509480405771352,0.5105922471836464
2004-11-19 21:05:00,2004-11-19 20:56:00,21033.875773380423,-0.0029905334234532296,21030.72356070447,3.15520320937534,0.15322393829580738
2004-11-19 21:06:00,2004-11-19 20:57:00,21033.8779044664,-0.0030019374494337295,21030.72351048668,3.15739591716875,0.05111538356857981
2004-11-19 21:07:00,2004-11-19 20:58:00,21033.97788175123,-0.0030124941732599685,21030.72346026889,3.2574339765124996,0.251069323784332
2004-11-19 21:08:00,2004-11-19 20:59:00,21034.379922403226,-0.0030222126087846492,21030.723410051098,3.659534564737414,0.15215720774032304
2004-11-19 21:09:00,2004-11-19 21:00:00,21034.282077123527,-0.003031101769860479,21030.723359833304,3.5617483919931456,-0.09885257563025096
2004-11-19 21:10:00,2004-11-19 21:01:00,21034.182099858317,-0.003039170670340161,21030.72330961551,3.461829413476912,-0.20202844749266013
2004-11-19 21:11:00,2004-11-19 21:02:00,21033.8779044664,-0.003046428324076401,21030.723259397717,3.1576914970078254,-0.401983832074186
2004-11-19 21:12:00,2004-11-19 21:03:00,21033.378018045507,-0.003052883744921904,21030.723209179923,2.65786174932854,-0.45197243978736523
2004-11-19 21:13:00,2004-11-19 21:04:00,21032.973847033616,-0.003058545946729374,21030.72315896213,2.253746617433095,-0.35412599156792
2004-11-19 21:14:00,2004-11-19 21:05:00,21032.669655086585,-0.0030634239433515163,21030.723108744336,1.9496097661927,-0.35199590972837147
2004-11-19 21:15:00,2004-11-19 21:06:00,21032.269745797767,-0.0030675267486410364,21030.72305852654,1.549754797976352,-0.3009427121181959
2004-11-19 21:16:00,2004-11-19 21:07:00,21032.06766178732,-0.003070863376450638,21030.72300830874,1.3477243419563083,-0.04993548499263123
2004-11-19 21:17:00,2004-11-19 21:08:00,21032.169768476102,-0.003073442840633029,21030.72295809095,1.4498838279910895,0.10322448835829501
2004-11-19 21:18:00,2004-11-19 21:09:00,21032.27400591767,-0.00307527415504091,21030.72290787315,1.5541733186728983,-0.14991430230728353
2004-11-19 21:19:00,2004-11-19 21:10:00,21031.869836512396,-0.003076366333526989,21030.722857655353,1.1500552233765224,-0.20309845150760086
2004-11-19 21:20:00,2004-11-19 21:11:00,21031.867707124824,-0.003076728389943969,21030.722807437556,1.1479764156576966,-0.003143149180863447
2004-11-19 21:21:00,2004-11-19 21:12:00,21031.863449775436,-0.0030763693381445573,21030.72275721976,1.1437689250147955,0.001114196486337371
2004-11-19 21:22:00,2004-11-19 21:13:00,21031.869836512396,-0.0030752981919814565,21030.722707001958,1.1502048086303713,-0.04993988046977382
2004-11-19 21:23:00,2004-11-19 21:14:00,21031.763472424274,-0.0030735239653073725,21030.722656784164,1.043889164075248,-0.3073319430277835
2004-11-19 21:24:00,2004-11-19 21:15:00,21031.255076433266,-0.003071055671975011,21030.722606566364,0.5355409225748043,0.0011116305731935228
2004-11-19 21:25:00,2004-11-19 21:16:00,21031.76560087146,-0.0030679023258370747,21030.722556348563,1.046112425221635,0.5616311197581219
2004-11-19 21:26:00,2004-11-19 21:17:00,21032.378245219916,-0.00306407294074627,21030.722506130765,1.6588031620910482,0.4595323888457993
2004-11-19 21:27:00,2004-11-19 21:18:00,21032.684573539347,-0.003059576530555302,21030.722455912965,1.9651772029132335,0.4531413092128812
2004-11-19 21:28:00,2004-11-19 21:19:00,21033.28443705357,-0.0030544221091168755,21030.722405695164,2.5650857805168106,0.6020414814080168
2004-11-19 21:29:00,2004-11-19 21:20:00,21033.888567024405,-0.003048618690283695,21030.722355477366,3.169260165729267,0.3531646604213521
2004-11-19 21:30:00,2004-11-19 21:21:00,21033.99067818563,-0.003042175287908466,21030.72230525956,3.2714151013595147,0.25425574396368655
2004-11-19 21:31:00,2004-11-19 21:22:00,21034.396991594505,-0.0030351009158438927,21030.722255041765,3.6777716536566403,0.7094961361215781
2004-11-19 21:32:00,2004-11-19 21:23:00,21035.40958479297,-0.003027404587942681,21030.722204823956,4.690407373602671,0.4042238343168376
2004-11-19 21:33:00,2004-11-19 21:24:00,21035.205354833124,-0.003019095318057533,21030.722154606152,4.4862193222903155,-0.055289764893912796
2004-11-19 21:34:00,2004-11-19 21:25:00,21035.29892205005,-0.0030101821200411573,21030.722104388355,4.579827843814845,0.09574536594260019
2004-11-19 21:35:00,2004-11-19 21:26:00,21035.396763550718,-0.0030006740077462577,21030.72205417055,4.677710054175516,0.102153991679923
2004-11-19 21:36:00,2004-11-19 21:27:00,21035.503149199925,-0.0029905799950255387,21030.722003952746,4.784135827174691,-0.14672167210765563
2004-11-19 21:37:00,2004-11-19 21:28:00,21035.103240535806,-0.0029799090957317053,21030.72195373494,4.384266709960205,-0.20205149808969702
2004-11-19 21:38:00,2004-11-19 21:29:00,21035.098967677808,-0.0029686703237174605,21030.721903517137,4.380032830995297,0.09574399838454761
2004-11-19 21:39:00,2004-11-19 21:30:00,21035.294651133365,-0.002956872692835512,21030.72185329933,4.5757547067293,-0.053153324445546435
2004-11-19 21:40:00,2004-11-19 21:31:00,21034.992584738415,-0.002944525216938565,21030.721803081527,4.2737261821042045,-0.24776990623504203
2004-11-19 21:41:00,2004-11-19 21:32:00,21034.799036121072,-0.0029316369098793225,21030.721752863723,4.080214894259216,-0.04674865240043058
2004-11-19 21:42:00,2004-11-19 21:33:00,21034.899013306433,-0.0029182167855104878,21030.721702645915,4.180228877303343,-0.006367139873900474
2004-11-19 21:43:00,2004-11-19 21:34:00,21034.786228768764,-0.0029042738576847706,21030.72165242811,4.067480614511415,-0.1084775419677424
2004-11-19 21:44:00,2004-11-19 21:35:00,21034.68198618653,-0.002889817140254873,21030.721602210302,3.9632737933678586,-0.05528300261568608
2004-11-19 21:45:00,2004-11-19 21:36:00,21034.675591746123,-0.0028748556470735006,21030.72155199249,3.9569146092800427,-0.0031622117691838536
2004-11-19 21:46:00,2004-11-19 21:37:00,21034.675591746123,-0.002859398391993358,21030.721501774686,3.956949369829491,3.4517177244008934e-05
2004-11-19 21:47:00,2004-11-19 21:38:00,21034.675591746123,-0.002843454388867148,21030.721451556878,3.9569836436345307,0.20318578837033674
2004-11-19 21:48:00,2004-11-19 21:39:00,21035.081895252988,-0.002827032651547579,21030.72140133907,4.363320946570164,0.3084958825412616
2004-11-19 21:49:00,2004-11-19 21:40:00,21035.292516387784,-0.002810142193887355,21030.72135112126,4.573975408717054,-0.042487146179073676
2004-11-19 21:50:00,2004-11-19 21:41:00,21034.99685476563,-0.0027927920297391804,21030.72130090345,4.278346654212017,-0.356287074095345
2004-11-19 21:51:00,2004-11-19 21:42:00,21034.579876954995,-0.002774991172955759,21030.72125068564,3.861401260526364,-0.31269558055873525
2004-11-19 21:52:00,2004-11-19 21:43:00,21034.37139921229,-0.0027567486373897957,21030.721200467833,3.6529554930945465,-0.2573668335499275
2004-11-19 21:53:00,2004-11-19 21:44:00,21034.065079770007,-0.002738073436893999,21030.721150250018,3.346667593426509,-0.2531057360326838
2004-11-19 21:54:00,2004-11-19 21:45:00,21033.865125078653,-0.00271897458532107,21030.72110003221,3.146744021029179,0.05214850182655373
2004-11-19 21:55:00,2004-11-19 21:46:00,21034.16931495038,-0.002699461096523717,21030.721049814398,3.4509645970796163,0.0510835242078993
2004-11-19 21:56:00,2004-11-19 21:47:00,21033.967231124043,-0.0026795419843546405,21030.720999596582,3.2489110694449774,-0.5509098184264385
2004-11-19 21:57:00,2004-11-19 21:48:00,21033.067435112738,-0.002659226262666548,21030.720949378774,2.3491449602267394,-0.6562058935571202
2004-11-19 21:58:00,2004-11-19 21:49:00,21032.654759920348,-0.002638522945312145,21030.720899160962,1.936499282330737,-0.3137216747379331
2004-11-19 21:59:00,2004-11-19 21:50:00,21032.439933112848,-0.0026174410461441357,21030.720848943143,1.7217016107508731,-0.21054524371302785
2004-11-19 22:00:00,2004-11-19 21:51:00,21032.23361153066,-0.002595989579015226,21030.720798725335,1.5154087949046813,-0.30838808558133524
2004-11-19 22:01:00,2004-11-19 21:52:00,21031.82309976955,-0.002574177557778116,21030.72074850752,1.1049254395882027,-0.4583492674903708
2004-11-19 22:02:00,2004-11-19 21:53:00,21031.316856535635,-0.0025520139962855173,21030.720698289708,0.5987102599239397,-0.30202349909582643
2004-11-19 22:03:00,2004-11-19 21:54:00,21031.21899700538,-0.0025295079083901308,21030.720648071892,0.5008784413965498,-0.05419494845573364
2004-11-19 22:04:00,2004-11-19 21:55:00,21031.208411548778,-0.002506668307944664,21030.720597854073,0.4903203630124724,0.20104157913073412
2004-11-19 22:05:00,2004-11-19 21:56:00,21031.621025731707,-0.0024835042088018197,21030.720547636258,0.902961599658018,-0.04678697093730266
2004-11-19 22:06:00,2004-11-19 21:57:00,21031.114783814955,-0.002460024624814302,21030.720497418442,0.39674642113786707,-0.5614891101302594
2004-11-19 22:07:00,2004-11-19 21:58:00,21030.497994341455,-0.002436238569834818,21030.720447200627,-0.22001662060250077,-0.3115377800011816
2004-11-19 22:08:00,2004-11-19 21:59:00,21030.49165568889,-0.0024121550577160724,21030.72039698281,-0.22632913886449613,0.15210652437873612
2004-11-19 22:09:00,2004-11-19 22:00:00,21030.80215541005,-0.0023877831023107698,21030.720346764996,0.0841964281549715,-0.08937914581685219
2004-11-19 22:10:00,2004-11-19 22:01:00,21030.312845984958,-0.002363131717471614,21030.720296547173,-0.4050874304982005,0.413699922060178
2004-11-19 22:11:00,2004-11-19 22:02:00,21031.629504391716,-0.0023382099170513094,21030.720246329358,0.9115962722753276,0.761513843695441
2004-11-19 22:12:00,2004-11-19 22:03:00,21031.835823341717,-0.0023130267149025644,21030.72019611154,1.1179402568926815,0.602010960438484
2004-11-19 22:13:00,2004-11-19 22:04:00,21032.833476495744,-0.0022875911248780825,21030.720145893716,2.1156181931522955,0.6445765516243452
2004-11-19 22:14:00,2004-11-19 22:05:00,21033.12492712388,-0.0022619121608305672,21030.7200956759,2.407093360141372,-0.008453754703100946
2004-11-19 22:15:00,2004-11-19 22:06:00,21032.81652014299,-0.002235998836612724,21030.72004545808,2.0987106837460936,0.1978602658885027
2004-11-19 22:16:00,2004-11-19 22:07:00,21033.52059927201,-0.0022098601660772554,21030.71999524026,2.8028138919183774,-0.007381958445165537
2004-11-19 22:17:00,2004-11-19 22:08:00,21032.801708284132,-0.002183505163076873,21030.71994502244,2.0839467668557625,-0.6093658480266289
2004-11-19 22:18:00,2004-11-19 22:09:00,21032.30182005764,-0.002156942841464276,21030.719894804617,1.5840821958651197,-0.1488856197762909
2004-11-19 22:19:00,2004-11-19 22:10:00,21032.503889931886,-0.0021301822150921693,21030.719844586798,1.7861755273031807,-0.25203468980329424
2004-11-19 22:20:00,2004-11-19 22:11:00,21031.797703952936,-0.002103232297813261,21030.719794368975,1.0800128162585312,-1.302857598660716
2004-11-19 22:21:00,2004-11-19 22:12:00,21029.898128379034,-0.0020761021034802546,21030.719744151156,-0.8195396700182511,-1.0071456284213798
2004-11-19 22:22:00,2004-11-19 22:13:00,21029.783366692103,-0.002048800645945853,21030.719693933333,-0.9342784405842282,-0.6424278633035437
2004-11-19 22:23:00,2004-11-19 22:14:00,21028.613226981946,-0.0020213369390627662,21030.71964371551,-2.1043953966253386,-1.180676315784844
2004-11-19 22:24:00,2004-11-19 22:15:00,21027.421968705534,-0.0019937199966836936,21030.719593497684,-3.2956310721539164,-0.3945918535936983
2004-11-19 22:25:00,2004-11-19 22:16:00,21027.82399821722,-0.0019659588326613403,21030.719543279865,-2.893579103812735,0.10742266706082582
2004-11-19 22:26:00,2004-11-19 22:17:00,21027.636769261546,-0.0019380624608484175,21030.71949306204,-3.0807857380322647,-0.19569168257570002
2004-11-19 22:27:00,2004-11-19 22:18:00,21027.432570335353,-0.0019100398950976242,21030.719442844213,-3.2849624689641352,-0.2020548195662888
2004-11-19 22:28:00,2004-11-19 22:19:00,21027.232615349076,-0.0018819001492616652,21030.71939262639,-3.4848953771648423,0.09787849873394916
2004-11-19 22:29:00,2004-11-19 22:20:00,21027.62828328483,-0.0018536522371932502,21030.719342408564,-3.089205471496237,-0.04678343958346609
2004-11-19 22:30:00,2004-11-19 22:21:00,21027.139004629233,-0.0018253051727450805,21030.719292190737,-3.5784622563317745,-0.5477333647969804
2004-11-19 22:31:00,2004-11-19 22:22:00,21026.532772903854,-0.0017968679697698596,21030.719241972914,-4.184672201090198,-0.3530828682852136
2004-11-19 22:32:00,2004-11-19 22:23:00,21026.43279541254,-0.001768349642120295,21030.719191755084,-4.284627992902202,0.056379472727531965
2004-11-19 22:33:00,2004-11-19 22:24:00,21026.645488522416,-0.0017397592036490963,21030.719141537254,-4.071913255635134,0.006390719920575272
2004-11-19 22:34:00,2004-11-19 22:25:00,21026.445533660702,-0.0017111056682089587,21030.71909131943,-4.271846553061051,-0.2562912540214719
2004-11-19 22:35:00,2004-11-19 22:26:00,21026.13286293987,-0.0016823980496525883,21030.719041101598,-4.584495763678078,-0.20736332691512693
2004-11-19 22:36:00,2004-11-19 22:27:00,21026.030764031522,-0.001653645361832698,21030.718990883775,-4.686573206891305,0.15210977405307924
2004-11-19 22:37:00,2004-11-19 22:28:00,21026.43703959375,-0.0016248566186019891,21030.71894066594,-4.280276215571919,0.14786699215420862
2004-11-19 22:38:00,2004-11-19 22:29:00,21026.3264551847,-0.0015960408338131626,21030.718890448115,-4.390839222582888,-0.0573905352933024
2004-11-19 22:39:00,2004-11-19 22:30:00,21026.32221573711,-0.001567207021318925,21030.71884023029,-4.395057286158524,0.10636371639381803
2004-11-19 22:40:00,2004-11-19 22:31:00,21026.539139858465,-0.0015383641949719843,21030.718790012455,-4.178111789795252,0.05849470516209632
2004-11-19 22:41:00,2004-11-19 22:32:00,21026.439162397422,-0.0015095213686250452,21030.718739794625,-4.278067875834331,-0.3062759990184789
2004-11-19 22:42:00,2004-11-19 22:33:00,21025.926545101407,-0.0014806875561308103,21030.718689576795,-4.79066378783221,-0.2084182487554016
2004-11-19 22:43:00,2004-11-19 22:34:00,21026.022283113845,-0.0014518717713419829,21030.71863935896,-4.6949043733451346,0.24466771627504835
2004-11-19 22:44:00,2004-11-19 22:35:00,21026.41583770282,-0.0014230830281112732,21030.71858914113,-4.301328355282113,0.35312272416717017
2004-11-19 22:45:00,2004-11-19 22:36:00,21026.72848566795,-0.001394330340291381,21030.718538923302,-3.988658925010794,-0.0935983084796117
2004-11-19 22:46:00,2004-11-19 22:37:00,21026.228598110505,-0.0013656227217350141,21030.71848870547,-4.488524972241336,-0.2531021988123947
2004-11-19 22:47:00,2004-11-19 22:38:00,21026.22223819581,-0.0013369691862948774,21030.71843848763,-4.494863322635584,-0.15630253626974788
2004-11-19 22:48:00,2004-11-19 22:39:00,21025.915949846276,-0.001308378747823676,21030.718388269805,-4.801130044780832,-0.29885117988687737
2004-11-19 22:49:00,2004-11-19 22:40:00,21025.624492509138,-0.001279860420174109,21030.718338051967,-5.092565682409338,-0.35095860270311663
2004-11-19 22:50:00,2004-11-19 22:41:00,21025.21398916073,-0.0012514232171988915,21030.718287834134,-5.503047250187065,-0.4551737955527222
2004-11-19 22:51:00,2004-11-19 22:42:00,21024.714101266632,-0.00122307615275072,21030.7182376163,-6.002913273514783,-0.3467222428911345
2004-11-19 22:52:00,2004-11-19 22:43:00,21024.520500834256,-0.0011948282406823042,21030.718187398466,-6.196491735969334,-0.29991070893335214
2004-11-19 22:53:00,2004-11-19 22:44:00,21024.114235800756,-0.001166688494846347,21030.718137180633,-6.602734691381487,-0.561494845397934
2004-11-19 22:54:00,2004-11-19 22:45:00,21023.397466870098,-0.0011386659290955527,21030.718086962792,-7.319481426765202,-0.4625656717826425
2004-11-19 22:55:00,2004-11-19 22:46:00,21023.189059940454,-0.001110769557282629,21030.71803674496,-7.527866034946772,-0.055248080736339134
2004-11-19 22:56:00,2004-11-19 22:47:00,21023.28692593049,-0.0010830083932602767,21030.71798652712,-7.429977588237881,-0.25519874723791514
2004-11-19 22:57:00,2004-11-19 22:48:00,21022.678617388414,-0.0010553914508812084,21030.717936309287,-8.038263529422602,0.2999557975025118
2004-11-19 22:58:00,2004-11-19 22:49:00,21023.886792170473,-0.0010279277439981162,21030.71788609145,-6.830065993232857,0.5467372341449508
2004-11-19 22:59:00,2004-11-19 22:50:00,21023.772046186194,-0.0010006262864637166,21030.717835873613,-6.944789061132701,-0.20520806027623006
2004-11-19 23:00:00,2004-11-19 22:51:00,21023.476330045894,-0.0009734960921307101,21030.717785655772,-7.240482113785317,0.4520316550208241
2004-11-19 23:01:00,2004-11-19 22:52:00,21024.676063140665,-0.0009465461748518009,21030.71773543793,-6.040725751091053,0.6403981849183404
2004-11-19 23:02:00,2004-11-19 22:53:00,21024.757079690597,-0.0009197855484796968,21030.717685220094,-5.959685743948636,-0.2657116016204495
2004-11-19 23:03:00,2004-11-19 22:54:00,21024.144592824698,-0.0008932232268671,21030.717635002256,-6.572148954331952,0.19156857918745906
2004-11-19 23:04:00,2004-11-19 22:55:00,21025.140169330618,-0.0008668682238667166,21030.717584784416,-5.576548585573718,0.6362391649761605
2004-11-19 23:05:00,2004-11-19 22:56:00,21025.41702321264,-0.000840729553331249,21030.717534566575,-5.2996706243796305,0.071727987701943
2004-11-19 23:06:00,2004-11-19 22:57:00,21025.283576922335,-0.000814816229113403,21030.717484348734,-5.433092610169832,0.2800942083936886
2004-11-19 23:07:00,2004-11-19 22:58:00,21025.97716278604,-0.0007891372650658899,21030.717434130896,-4.739482207592253,0.5998938661693725
2004-11-19 23:08:00,2004-11-19 22:59:00,21026.48331533355,-0.0007637016750414033,21030.717383913056,-4.233304877831087,0.10313387940069374
2004-11-19 23:09:00,2004-11-19 23:00:00,21026.183380727944,-0.000738518472892663,21030.717333695207,-4.533214448790866,0.294743285735906
2004-11-19 23:10:00,2004-11-19 23:01:00,21027.07275157434,-0.000713596672472356,21030.71728347737,-3.6438183063592753,0.5946782344537414
2004-11-19 23:11:00,2004-11-19 23:02:00,21027.372686334355,-0.0006889452876332001,21030.717233259526,-3.343857979883383,0.008374939201243548
2004-11-19 23:12:00,2004-11-19 23:03:00,21027.089450040392,-0.0006645733322278979,21030.71718304168,-3.627068427956788,-0.10203718482715529
2004-11-19 23:13:00,2004-11-19 23:04:00,21027.168559984482,-0.0006404898201091518,21030.71713282384,-3.5479323495376938,0.13539257722657516
2004-11-19 23:14:00,2004-11-19 23:05:00,21027.360182628727,-0.0006167037651296711,21030.717082605996,-3.356283273503638,0.09375585766809369
2004-11-19 23:15:00,2004-11-19 23:06:00,21027.35601852977,-0.0005932241811421497,21030.71703238815,-3.3604206342015064,0.24789068005704196
2004-11-19 23:16:00,2004-11-19 23:07:00,21027.855910196835,-0.0005700600819993074,21030.716982170306,-2.860501913389554,0.12922680747277915
2004-11-19 23:17:00,2004-11-19 23:08:00,21027.614417712724,-0.0005472204815538395,21030.716931952462,-3.101967019255948,-0.43100288558143807
2004-11-19 23:18:00,2004-11-19 23:09:00,21026.993849335668,-0.0005247143936584521,21030.716881734614,-3.72250768455243,-0.11546433545795987
2004-11-19 23:19:00,2004-11-19 23:10:00,21027.383433275765,-0.0005025508321658545,21030.71683151677,-3.332895690171868,0.29376654386371714
2004-11-19 23:20:00,2004-11-19 23:11:00,21027.58132596329,-0.0004807388109287474,21030.716781298925,-3.134974596824996,-0.00822351376724173
2004-11-19 23:21:00,2004-11-19 23:12:00,21027.366929076026,-0.00045928734379983675,21030.716731081076,-3.3493427177063513,0.39478579639271083
2004-11-19 23:22:00,2004-11-19 23:13:00,21028.370839653748,-0.0004382054446318267,21030.716680863232,-2.345403004039574,0.40922868362056963
2004-11-19 23:23:00,2004-11-19 23:14:00,21028.18532779279,-0.0004175021272774214,21030.716630645384,-2.530885350465212,-0.18340122297485673
2004-11-19 23:24:00,2004-11-19 23:15:00,21028.00397779114,-0.0003971864055893268,21030.716580427536,-2.7122054499892876,-0.19165818277345692
2004-11-19 23:25:00,2004-11-19 23:16:00,21027.80195122638,-0.00037726729342025395,21030.716530209687,-2.914201716012126,-0.1988917106842909
2004-11-19 23:26:00,2004-11-19 23:17:00,21027.606133366677,-0.0003577538046228984,21030.71647999184,-3.1099888713578694,0.3072143801777145
2004-11-19 23:27:00,2004-11-19 23:18:00,21028.41631816338,-0.000338654953049973,21030.71642977399,-2.299772955656697,0.5748222527556764
2004-11-19 23:28:00,2004-11-19 23:19:00,21028.755715210544,-0.00031997975255417324,21030.716379556143,-1.9603443658465165,0.4394921888469656
2004-11-19 23:29:00,2004-11-19 23:20:00,21029.29523902311,-0.00030173721698821196,21030.71632933829,-1.4207885779627656,0.3770944641960374
2004-11-19 23:30:00,2004-11-19 23:21:00,21029.509839746624,-0.0002839363602047916,21030.71627912044,-1.2061554374544416,0.204171596043924
2004-11-19 23:31:00,2004-11-19 23:22:00,21029.70351693052,-0.0002665861960566146,21030.71622890259,-1.0124453858749176,0.4530759798863889
2004-11-19 23:32:00,2004-11-19 23:23:00,21030.415925511315,-0.0002496957383963938,21030.716178684735,-0.3000034776816638,0.0042200203253164315
2004-11-19 23:33:00,2004-11-19 23:24:00,21029.71188984766,-0.000233274001076823,21030.716128466884,-1.0040053452242848,-0.4061593100904982
2004-11-19 23:34:00,2004-11-19 23:25:00,21029.60353882117,-0.000217329997950615,21030.716078249032,-1.1123220978626602,-0.5935467169858951
2004-11-19 23:35:00,2004-11-19 23:26:00,21028.524727379237,-0.00020187274287046877,21030.716028031176,-2.191098779196075,-1.0840036229526122
2004-11-19 23:36:00,2004-11-19 23:27:00,21027.43546155831,-0.0001869112496890972,21030.71597781333,-3.2803293437678844,-0.8913696110196887
2004-11-19 23:37:00,2004-11-19 23:28:00,21026.741917139705,-0.0001724545322591975,21030.715927595473,-3.9738380012354524,-0.6508704467251771
2004-11-19 23:38:00,2004-11-19 23:29:00,21026.133648628795,-0.0001585116044334825,21030.715877377617,-4.582070237218239,-0.6998089195995179
2004-11-19 23:39:00,2004-11-19 23:30:00,21025.342226227855,-0.00014509148006464426,21030.71582715977,-5.373455840434488,-1.0581219194765543
2004-11-19 23:40:00,2004-11-19 23:31:00,21024.01733066257,-0.00013220317300540949,21030.715776941914,-6.698314076171347,-0.9623442942851379
2004-11-19 23:41:00,2004-11-19 23:32:00,21023.417462439356,-0.00011985569710845981,21030.71572672406,-7.298144429004764,-0.39463158568908385
2004-11-19 23:42:00,2004-11-19 23:33:00,21023.227991200587,-0.00010805806622651154,21030.715676506203,-7.487577247549515,-0.25723589425290205
2004-11-19 23:43:00,2004-11-19 23:34:00,21022.90291325154,-9.681929421226712e-05,21030.715626288344,-7.812616217510568,0.11968338648040833
2004-11-19 23:44:00,2004-11-19 23:35:00,21023.46727944751,-8.614839491842899e-05,21030.71557607049,-7.248210474588698,0.32700422383904426
2004-11-19 23:45:00,2004-11-19 23:36:00,21023.55684202842,-7.605438219771346e-05,21030.715525852636,-7.1586077698324795,-0.20720562844707446
2004-11-19 23:46:00,2004-11-19 23:37:00,21023.052787357024,-6.654626990281257e-05,21030.715475634777,-7.662621731482847,-0.10721838860303512
2004-11-19 23:47:00,2004-11-19 23:38:00,21023.342323236808,-5.763307188643915e-05,21030.715425416918,-7.37304454703855,-0.1582426153453147
2004-11-19 23:48:00,2004-11-19 23:39:00,21022.736218913084,-4.932380200128872e-05,21030.71537519906,-7.979106962173477,-0.8287949271565935
2004-11-19 23:49:00,2004-11-19 23:40:00,21021.684648952378,-4.162747410007758e-05,21030.715324981204,-9.030634401351737,-0.9911112051651632
2004-11-19 23:50:00,2004-11-19 23:41:00,21020.75391083774,-3.455310203550818e-05,21030.715274763344,-9.961329372503803,-0.6837710326973045
2004-11-19 23:51:00,2004-11-19 23:42:00,21020.31701996904,-2.8109699660276016e-05,21030.715224545485,-10.398176466746346,0.10801469112342588
2004-11-19 23:52:00,2004-11-19 23:43:00,21020.96985203109,-2.2306280827093933e-05,21030.715174327626,-9.745299990256951,0.15107943482289876
2004-11-19 23:53:00,2004-11-19 23:44:00,21020.619089360807,-1.715185938867131e-05,21030.715124109767,-10.096017597100548,-0.03346726791714705
2004-11-19 23:54:00,2004-11-19 23:45:00,21020.902826710368,-1.2655449197700175e-05,21030.715073891908,-9.812234526091245,0.5857574885682322
2004-11-19 23:55:00,2004-11-19 23:46:00,21021.79051222802,-8.826064106896847e-06,21030.71502367405,-8.924502619964084,0.6327516961199855
2004-11-19 23:56:00,2004-11-19 23:47:00,21022.168236649617,-5.672717968960295e-06,21030.714973456186,-8.546731133851274,0.4767760769400571
2004-11-19 23:57:00,2004-11-19 23:48:00,21022.743969567815,-3.204424636599895e-06,21030.714923238324,-7.97095046608397,0.17389314135285616
2004-11-19 23:58:00,2004-11-19 23:49:00,21022.51592673912,-1.4301979625146177e-06,21030.714873020464,-8.198944851145562,-0.17096595205317477
2004-11-19 23:59:00,2004-11-19 23:50:00,21022.401940073356,-3.590517994138398e-07,21030.714822802598,-8.31288237019032,0.13702270085228108
2004-11-20 00:00:00,2004-11-19 23:51:00,21022.789873135294,-6.938893903907228e-18,21030.714772584735,-7.924899449441,0.6389431406463579
