DATETIME,DATETIME_UT,H_VALUE,SPLINE,BASELINE,LDi,LCi
2004-11-02 00:00:00,2004-11-01 23:51:00,21052.65016500298,0.0,21032.016325238048,20.6338397649306,-1.6422299863356997
2004-11-02 00:01:00,2004-11-01 23:52:00,21051.515444261964,-7.185300168606191e-06,21032.016275025784,19.499176421480193,-0.6270967005651116
2004-11-02 00:02:00,2004-11-01 23:53:00,21051.39584255638,-2.86209446044392e-05,21032.016224813524,19.379646363800376,-0.20750758821240645
2004-11-02 00:03:00,2004-11-01 23:54:00,21051.100271719763,-6.412654920285057e-05,21032.016174601256,19.08416124505538,-0.41178012735117875
2004-11-02 00:04:00,2004-11-01 23:55:00,21050.572096976364,-0.00011352172985919185,21032.016124388996,18.55608610909802,-0.27049664908057025
2004-11-02 00:05:00,2004-11-01 23:56:00,21050.559065497524,-0.0001766261024688146,21032.016074176732,18.54316794689424,-0.265011325789402
2004-11-02 00:06:00,2004-11-01 23:57:00,21050.041834162705,-0.0002532592829270703,21032.01602396447,18.026063457519214,-0.37036149866203516
2004-11-02 00:07:00,2004-11-01 23:58:00,21049.81807546089,-0.00034324088712931063,21032.015973752208,17.80244494957017,-0.2246614707633352
2004-11-02 00:08:00,2004-11-01 23:59:00,21049.592217665406,-0.00044639053097088706,21032.015923539944,17.576740515992544,-0.2756524363995201
2004-11-02 00:09:00,2004-11-02 00:00:00,21049.26645087662,-0.0005625278303471511,21032.01587332768,17.25114007677113,-0.5222962979923871
2004-11-02 00:10:00,2004-11-02 00:01:00,21048.547279563027,-0.0006914724011534544,21032.01582311542,16.53214792000777,-0.4115341985946923
2004-11-02 00:11:00,2004-11-02 00:02:00,21048.44301153888,-0.0008330438592851485,21032.015772903156,16.428071679581745,-0.2561782719750365
2004-11-02 00:12:00,2004-11-02 00:03:00,21048.03452700513,-0.0009870618206375846,21032.015722690892,16.019791376057697,-0.4571882769963018
2004-11-02 00:13:00,2004-11-02 00:04:00,21047.52821425832,-0.001153345901106115,21032.015672478632,15.513695125589141,-0.41039008077761796
2004-11-02 00:14:00,2004-11-02 00:05:00,21047.213301765154,-0.0013317157165860904,21032.015622266368,15.19901121450246,-0.2561294509595955
2004-11-02 00:15:00,2004-11-02 00:06:00,21047.015486286888,-0.001521990882972863,21032.0155720541,15.00143622366995,-0.3475345342625715
2004-11-02 00:16:00,2004-11-02 00:07:00,21046.5177399968,-0.0017239910161617837,21032.01552184184,14.503942145977318,-0.4017891201577086
2004-11-02 00:17:00,2004-11-02 00:08:00,21046.2113920772,-0.0019375357320482048,21032.015471629576,14.197857983354533,-0.5049622524762398
2004-11-02 00:18:00,2004-11-02 00:09:00,21045.507276613695,-0.0021624446465274773,21032.015421417316,13.494017641024838,-0.5974433636968604
2004-11-02 00:19:00,2004-11-02 00:10:00,21045.015943923638,-0.002398537375494953,21032.015371205052,13.002971255960812,-0.5527875628608321
2004-11-02 00:20:00,2004-11-02 00:11:00,21044.401117874557,-0.002645633534845983,21032.01532099279,12.388442515303174,-0.5092002009287162
2004-11-02 00:21:00,2004-11-02 00:12:00,21043.99693808189,-0.00290355274047592,21032.01527078053,11.98457085410338,-0.49850432112450793
2004-11-02 00:22:00,2004-11-02 00:13:00,21043.40348232671,-0.0031721146082801144,21032.015220568264,11.391433873054158,-0.44957341371753223
2004-11-02 00:23:00,2004-11-02 00:14:00,21043.09714324391,-0.0034511387541539184,21032.015170355997,11.085424026668315,-0.3995743129837104
2004-11-02 00:24:00,2004-11-02 00:15:00,21042.60366494603,-0.0037404447939926823,21032.015120143737,10.592285247086737,-0.49420036431860037
2004-11-02 00:25:00,2004-11-02 00:16:00,21042.10805337716,-0.004039852343691759,21032.015069931473,10.097023298031115,-0.34208128816417016
2004-11-02 00:26:00,2004-11-02 00:17:00,21041.918793208948,-0.0043491810191465,21032.01501971921,9.908122670758397,-0.38991491798258604
2004-11-02 00:27:00,2004-11-02 00:18:00,21041.32749471858,-0.004668250436252256,21032.01496950695,9.317193462065942,-0.2920611518108496
2004-11-02 00:28:00,2004-11-02 00:19:00,21041.333922781607,-0.00499688021090438,21032.01491929468,9.324000367136698,-0.19528464941922952
2004-11-02 00:29:00,2004-11-02 00:20:00,21040.93615835569,-0.005334889958998223,21032.01486908242,8.926624163227483,-0.3538118112409805
2004-11-02 00:30:00,2004-11-02 00:21:00,21040.625513515515,-0.005682099296429134,21032.014818870157,8.616376744654737,-0.057084498846696974
2004-11-02 00:31:00,2004-11-02 00:22:00,21040.821185495588,-0.006038327839092469,21032.014768657893,8.81245516553409,0.14502557638125602
2004-11-02 00:32:00,2004-11-02 00:23:00,21040.914742947843,-0.0064033952028835755,21032.01471844563,8.906427897417249,-0.05063912111154245
2004-11-02 00:33:00,2004-11-02 00:24:00,21040.719068035676,-0.006777121003697808,21032.01466823337,8.711176923311005,0.005779060013517245
2004-11-02 00:34:00,2004-11-02 00:25:00,21040.92544471369,-0.0071593248574305145,21032.0146180211,8.917986017444283,0.3535675712837767
2004-11-02 00:35:00,2004-11-02 00:26:00,21041.425330048343,-0.007549826379977053,21032.014567808845,9.418312065878558,0.1971877247789653
2004-11-02 00:36:00,2004-11-02 00:27:00,21041.318930618392,-0.007948445187232768,21032.014517596577,9.312361467002214,0.048300328616169175
2004-11-02 00:37:00,2004-11-02 00:28:00,21041.52102510653,-0.008355000895093013,21032.014467384313,9.514912723110896,0.2057678973180117
2004-11-02 00:38:00,2004-11-02 00:29:00,21041.729545120572,-0.008769313119453143,21032.014417172053,9.723897261638237,0.2132825242615981
2004-11-02 00:39:00,2004-11-02 00:30:00,21041.946653529943,-0.009191201476208506,21032.014366959786,9.941477771634093,0.011199721382124217
2004-11-02 00:40:00,2004-11-02 00:31:00,21041.750992966343,-0.009620485581254456,21032.01431674752,9.746296704402486,-0.19625041458536696
2004-11-02 00:41:00,2004-11-02 00:32:00,21041.553186492674,-0.010056985050486342,21032.01426653526,9.548976942463359,0.06337870012170121
2004-11-02 00:42:00,2004-11-02 00:33:00,21041.876769908144,-0.010500519499799516,21032.014216322998,9.873054104645888,0.05585772296429159
2004-11-02 00:43:00,2004-11-02 00:34:00,21041.663907590577,-0.010950908545089332,21032.01416611073,9.660692388391942,-0.2048289655293969
2004-11-02 00:44:00,2004-11-02 00:35:00,21041.466104100255,-0.011407971802251138,21032.01411589847,9.463396173587094,-0.040870198034601124
2004-11-02 00:45:00,2004-11-02 00:36:00,21041.58114614964,-0.01187152888718029,21032.014065686206,9.57895199232274,0.15586141832079825
2004-11-02 00:46:00,2004-11-02 00:37:00,21041.77679308475,-0.012341399415772135,21032.01401547394,9.775119010228691,-0.30909014994278117
2004-11-02 00:47:00,2004-11-02 00:38:00,21040.96191955111,-0.012817403003922027,21032.013965261678,8.960771692437177,0.048365229116800634
2004-11-02 00:48:00,2004-11-02 00:39:00,21041.87246515861,-0.013299359267525313,21032.013915049414,9.871849468462292,0.2451063439754213
2004-11-02 00:49:00,2004-11-02 00:40:00,21041.45106212972,-0.013787087822477355,21032.013864837154,9.45098438038802,0.04837774430496733
2004-11-02 00:50:00,2004-11-02 00:41:00,21041.968139173674,-0.014280408284673494,21032.013814624886,9.968604957072227,0.19835345530437998
2004-11-02 00:51:00,2004-11-02 00:42:00,21041.84667656335,-0.014779140270009084,21032.013764412623,9.84769129099678,0.09730311488612475
2004-11-02 00:52:00,2004-11-02 00:43:00,21042.16164228381,-0.015283103394379485,21032.01371420036,10.163211186844476,0.11020109241790355
2004-11-02 00:53:00,2004-11-02 00:44:00,21042.065965346654,-0.01579211727368004,21032.013663988095,10.068093475832587,-0.005882545491052049
2004-11-02 00:54:00,2004-11-02 00:45:00,21042.14875387017,-0.016306001523806096,21032.01361377583,10.151446095862372,0.03874180622170709
2004-11-02 00:55:00,2004-11-02 00:46:00,21042.142316076086,-0.016824575760653014,21032.01356356357,10.145577088276001,0.19837882798632123
2004-11-02 00:56:00,2004-11-02 00:47:00,21042.544369443538,-0.017347659600116146,21032.013513351303,10.548203751835015,0.3047986406625913
2004-11-02 00:57:00,2004-11-02 00:48:00,21042.750762435982,-0.017875072658090838,21032.01346313904,10.755174369601184,0.20590065653024858
2004-11-02 00:58:00,2004-11-02 00:49:00,21042.955011357124,-0.018406634550472444,21032.01341292678,10.960005064895512,0.1537707903482275
2004-11-02 00:59:00,2004-11-02 00:50:00,21043.057136499916,-0.018942164893156314,21032.01336271451,11.062715950297639,0.155925889672492
2004-11-02 01:00:00,2004-11-02 00:51:00,21043.265687863186,-0.019481483302037802,21032.013312502248,11.271856844240496,0.06133387786380329
2004-11-02 01:01:00,2004-11-02 00:52:00,21043.178621586616,-0.02002440939301225,21032.013262289984,11.185383706025245,0.11133516061913262
2004-11-02 01:02:00,2004-11-02 00:53:00,21043.487168480417,-0.020570762781975026,21032.01321207772,11.494527165478761,0.055972519892587336
2004-11-02 01:03:00,2004-11-02 00:54:00,21043.28937024818,-0.021120363084821472,21032.013161865456,11.29732874581042,0.0016789951134184022
2004-11-02 01:04:00,2004-11-02 00:55:00,21043.48932377898,-0.02167302991744694,21032.013111653192,11.497885155705598,0.10165897434501137
2004-11-02 01:05:00,2004-11-02 00:56:00,21043.49147955253,-0.022228582895746786,21032.013061440925,11.500646694500443,0.10058388396613793
2004-11-02 01:06:00,2004-11-02 00:57:00,21043.689277310667,-0.022786841635616353,21032.013011228664,11.699052923637874,0.19948537904450703
2004-11-02 01:07:00,2004-11-02 00:58:00,21043.889230843237,-0.023347625752951,21032.0129610164,11.899617452589457,0.09520316603576706
2004-11-02 01:08:00,2004-11-02 00:59:00,21043.87845930498,-0.02391075486364607,21032.012910804133,11.889459255709408,0.046293737177322214
2004-11-02 01:09:00,2004-11-02 01:00:00,21043.980589470233,-0.02447604858359692,21032.012860591873,11.992204926944101,0.0038472471073944803
2004-11-02 01:10:00,2004-11-02 01:01:00,21043.884920803004,-0.025043326528698916,21032.01281037961,11.897153749924197,0.05168370212679552
2004-11-02 01:11:00,2004-11-02 01:02:00,21044.082720090224,-0.025612408314847387,21032.01276016734,12.095572331197692,0.09521354988821074
2004-11-02 01:12:00,2004-11-02 01:03:00,21044.07410769122,-0.026183113557937697,21032.012709955077,12.087580849700618,0.1452047570714896
2004-11-02 01:13:00,2004-11-02 01:04:00,21044.37188632628,-0.026755261873865184,21032.012659742813,12.385981845340671,0.1419873732162582
2004-11-02 01:14:00,2004-11-02 01:05:00,21044.356836453804,-0.027328672878525216,21032.01260953055,12.371555596133135,0.03235801690096274
2004-11-02 01:15:00,2004-11-02 01:06:00,21044.43535403124,-0.027903166187813144,21032.012559318286,12.450697879142597,-0.06865979770400976
2004-11-02 01:16:00,2004-11-02 01:07:00,21044.21826654533,-0.028478561417624296,21032.01250910602,12.234236000725115,0.03777028252860415
2004-11-02 01:17:00,2004-11-02 01:08:00,21044.50964265977,-0.02905467818385405,21032.012458893754,12.526238444199805,0.33772531121308624
2004-11-02 01:18:00,2004-11-02 01:09:00,21044.892463968543,-0.029631336102397755,21032.012408681494,12.909686623151288,0.28561723957055474
2004-11-02 01:19:00,2004-11-02 01:10:00,21045.07962303778,-0.03020835478915075,21032.012358469226,13.097472923340915,0.14206484573945932
2004-11-02 01:20:00,2004-11-02 01:11:00,21045.175339017733,-0.03078555386000839,21032.012308256963,13.193816314630206,0.0942156170585342
2004-11-02 01:21:00,2004-11-02 01:12:00,21045.26679944923,-0.03136275293086604,21032.012258044702,13.285904157457983,-0.0557476274636981
2004-11-02 01:22:00,2004-11-02 01:13:00,21045.062589120516,-0.03193977161761903,21032.01220783243,13.08232105970281,-0.05574218859591529
2004-11-02 01:23:00,2004-11-02 01:14:00,21045.154060970905,-0.03251642953616272,21032.012157620175,13.174419780266152,0.09316416885945422
2004-11-02 01:24:00,2004-11-02 01:15:00,21045.247664259026,-0.03309254630239247,21032.012107407907,13.268649397421719,-0.0036229917472292428
2004-11-02 01:25:00,2004-11-02 01:16:00,21045.14556305088,-0.03366794153220363,21032.01205719564,13.167173796771694,-0.10253723799569947
2004-11-02 01:26:00,2004-11-02 01:17:00,21045.041339469968,-0.03424243484149153,21032.01200698338,13.06357492143032,-0.004681692356479417
2004-11-02 01:27:00,2004-11-02 01:18:00,21045.134951337328,-0.03481584584615156,21032.011956771115,13.157810412058735,0.09529700585394174
2004-11-02 01:28:00,2004-11-02 01:19:00,21045.23068749782,-0.03538799416207904,21032.011906558844,13.254168933138203,0.04213340786053976
2004-11-02 01:29:00,2004-11-02 01:20:00,21045.21797487496,-0.035958699405169325,21032.011856346584,13.242077227779815,-0.061015417166419894
2004-11-02 01:30:00,2004-11-02 01:21:00,21045.10741645193,-0.036527781191317776,21032.011806134316,13.132138098805363,0.04108879082825556
2004-11-02 01:31:00,2004-11-02 01:22:00,21045.298915672352,-0.03709505913641975,21032.011755922053,13.324254809436326,-0.05888015901881971
2004-11-02 01:32:00,2004-11-02 01:23:00,21044.988423137704,-0.03766035285637059,21032.011705709792,13.014377780767724,-0.307763476909102
2004-11-02 01:33:00,2004-11-02 01:24:00,21044.682159871172,-0.03822348196706564,21032.01165549752,12.708727855618122,-0.3077565011686465
2004-11-02 01:34:00,2004-11-02 01:25:00,21044.371685797607,-0.03878426608440026,21032.01160528526,12.398864778430431,-0.2567116253642432
2004-11-02 01:35:00,2004-11-02 01:26:00,21044.167517153062,-0.03934252482426981,21032.011555072997,12.195304604889635,-0.1514661142831395
2004-11-02 01:36:00,2004-11-02 01:27:00,21044.06753933279,-0.03989807780256961,21032.01150486073,12.095932549864152,-0.20145692949688865
2004-11-02 01:37:00,2004-11-02 01:28:00,21043.76339464973,-0.040450744635195046,21032.01145464847,11.792390745895858,-0.19935429365597557
2004-11-02 01:38:00,2004-11-02 01:29:00,21043.667628053812,-0.04100034493804147,21032.011404436198,11.6972239625522,-0.14936856972251533
2004-11-02 01:39:00,2004-11-02 01:30:00,21043.463461132058,-0.041546698327004195,21032.011354223934,11.493653606450827,-0.2535600885375562
2004-11-02 01:40:00,2004-11-02 01:31:00,21043.159318172733,-0.04208962441797861,21032.011304011674,11.190103785477088,-0.2546133345914816
2004-11-02 01:41:00,2004-11-02 01:32:00,21042.953051793847,-0.04262894282686006,21032.011253799406,10.984426937267864,-0.15253449666650098
2004-11-02 01:42:00,2004-11-02 01:33:00,21042.853073906113,-0.043164473169543895,21032.01120358714,10.885034792144086,-0.19726865973263408
2004-11-02 01:43:00,2004-11-02 01:34:00,21042.55734695762,-0.04369603506192546,21032.01115337488,10.589889617802596,-0.29725057455314463
2004-11-02 01:44:00,2004-11-02 01:35:00,21042.25741335753,-0.044223448119900116,21032.01110316261,10.290533643037797,-0.14623447793670685
2004-11-02 01:45:00,2004-11-02 01:36:00,21042.263727080313,-0.04474653195936319,21032.011052950344,10.297420661929182,-0.046261015443147535
2004-11-02 01:46:00,2004-11-02 01:37:00,21042.16374924404,-0.04526510619621007,21032.011002738083,10.198011612151502,-0.10046392930797854
2004-11-02 01:47:00,2004-11-02 01:38:00,21042.061666338686,-0.04577899044633608,21032.01095252582,10.096492803313225,-0.05153208847544377
2004-11-02 01:48:00,2004-11-02 01:39:00,21042.059561744427,-0.04628800432563658,21032.010902313552,10.094947435200615,0.002662007570600089
2004-11-02 01:49:00,2004-11-02 01:40:00,21042.065876952292,-0.04679196745000694,21032.010852101288,10.101816818454425,-0.09205515818201349
2004-11-02 01:50:00,2004-11-02 01:41:00,21041.87434830842,-0.04729069943534247,21032.01080188902,9.910837118836588,-0.19308767169358187
2004-11-02 01:51:00,2004-11-02 01:42:00,21041.678609131923,-0.04778401989753856,21032.010751676753,9.715641475067262,-0.14309846960997064
2004-11-02 01:52:00,2004-11-02 01:43:00,21041.587069895657,-0.04827174845249053,21032.010701464493,9.624640179616646,-0.14415686807056804
2004-11-02 01:53:00,2004-11-02 01:44:00,21041.389225286435,-0.048753704716093756,21032.010651252225,9.427327738926126,-0.19625925403854794
2004-11-02 01:54:00,2004-11-02 01:45:00,21041.193493003197,-0.049229708304243586,21032.01060103996,9.23212167153955,-0.296242216446549
2004-11-02 01:55:00,2004-11-02 01:46:00,21040.795694554898,-0.04969957883283537,21032.010550827697,8.834843306033028,-0.24942730707573357
2004-11-02 01:56:00,2004-11-02 01:47:00,21040.6936045369,-0.05016313591776446,21032.01050061543,8.733267057388083,-0.10052333287290072
2004-11-02 01:57:00,2004-11-02 01:48:00,21040.59362684428,-0.0506201991749262,21032.010450403166,8.633796640287226,-0.14734999735346754
2004-11-02 01:58:00,2004-11-02 01:49:00,21040.39789666536,-0.05107058822021595,21032.0104001909,8.438567062681148,-0.24627775020751042
2004-11-02 01:59:00,2004-11-02 01:50:00,21040.100076995834,-0.05151412266952905,21032.01034997863,8.141241139872205,-0.34837492736629594
2004-11-02 02:00:00,2004-11-02 01:51:00,21039.70016635218,-0.05195062213876087,21032.01029976637,7.741817207948556,-0.39837058740383524
2004-11-02 02:01:00,2004-11-02 01:52:00,21039.302369612924,-0.052379906243806736,21032.010249554103,7.344499965064535,-0.2941700028718546
2004-11-02 02:02:00,2004-11-02 01:53:00,21039.11087474944,-0.05280179460056202,21032.010199341836,7.153477202204847,-0.2420703294273654
2004-11-02 02:03:00,2004-11-02 01:54:00,21038.817292328957,-0.053216106824922074,21032.01014912957,6.860359306209804,-0.19314199725870607
2004-11-02 02:04:00,2004-11-02 01:55:00,21038.72366946246,-0.05362266253278225,21032.010098917304,6.767193207687435,0.004689728852899311
2004-11-02 02:05:00,2004-11-02 01:56:00,21038.825766187616,-0.05402128134003787,21032.01004870504,6.869738763915603,0.05149313500730024
2004-11-02 02:06:00,2004-11-02 01:57:00,21038.825766187616,-0.05441178286258432,21032.009998492777,6.8701794777020355,0.0025564549132757186
2004-11-02 02:07:00,2004-11-02 01:58:00,21038.830005967535,-0.05479398671631695,21032.00994828051,6.874851673742154,-0.09742945046448082
2004-11-02 02:08:00,2004-11-02 01:59:00,21038.6300509325,-0.055167712517131096,21032.009898068245,6.675320576773074,-0.09531523784289453
2004-11-02 02:09:00,2004-11-02 02:00:00,21038.638536274157,-0.05553277988092212,21032.00984785598,6.684221198056365,-0.04108871556663285
2004-11-02 02:10:00,2004-11-02 02:01:00,21038.54705178093,-0.055889008423585365,21032.009797643714,6.593143145639808,-0.044278098571984614
2004-11-02 02:11:00,2004-11-02 02:02:00,21038.5491762146,-0.05623621776101617,21032.00974743145,6.595665000912396,0.053568888080966826
2004-11-02 02:12:00,2004-11-02 02:03:00,21038.653403913475,-0.05657422750910994,21032.009697219182,6.700280921801742,0.0035716078449667954
2004-11-02 02:13:00,2004-11-02 02:04:00,21038.555552366233,-0.05690285728376196,21032.009647006915,6.602808216602329,0.0035635478273610133
2004-11-02 02:14:00,2004-11-02 02:05:00,21038.65978288541,-0.05722192670086762,21032.009596794654,6.707408017456464,-0.045370172950405685
2004-11-02 02:15:00,2004-11-02 02:06:00,21038.464083197712,-0.057531255376322255,21032.009546582387,6.512067870701518,-0.14535544882628315
2004-11-02 02:16:00,2004-11-02 02:07:00,21038.368362826997,-0.05783066292602122,21032.00949637012,6.416697119803898,-0.14642833841520453
2004-11-02 02:17:00,2004-11-02 02:08:00,21038.17053738276,-0.0581199689658599,21032.009446157856,6.219211193871109,-0.09538308167083986
2004-11-02 02:18:00,2004-11-02 02:09:00,21038.17692790894,-0.05839899311173358,21032.009395945588,6.225930956462218,0.005650631532828854
2004-11-02 02:19:00,2004-11-02 02:10:00,21038.181190635278,-0.058667554979537684,21032.00934573332,6.230512456936767,-0.04541149732629268
2004-11-02 02:20:00,2004-11-02 02:11:00,21038.085478008685,-0.05892547418516751,21032.00929552106,6.1351079618096325,-0.04328609563071861
2004-11-02 02:21:00,2004-11-02 02:12:00,21038.094013004124,-0.05917257034451845,21032.009245308793,6.1439402656753295,0.0056267727528021005
2004-11-02 02:22:00,2004-11-02 02:13:00,21038.096147940763,-0.059408663073485815,21032.00919509652,6.146361507315237,0.0024158872817650057
2004-11-02 02:23:00,2004-11-02 02:14:00,21038.098283352512,-0.05963357198796497,21032.00914488426,6.1487720402388595,0.10558749602424866
2004-11-02 02:24:00,2004-11-02 02:15:00,21038.30678405465,-0.059847116703851275,21032.00909467199,6.357536499363734,0.10450833576097462
2004-11-02 02:25:00,2004-11-02 02:16:00,21038.30678405465,-0.060049116837040034,21032.009044459726,6.357788711760809,0.053442273980714106
2004-11-02 02:26:00,2004-11-02 02:17:00,21038.413175902784,-0.06023939200342668,21032.008994247462,6.464421047325162,0.05236110530681071
2004-11-02 02:27:00,2004-11-02 02:18:00,21038.41103719575,-0.060417761818906554,21032.008944035195,6.46251092237443,0.05021110025252451
2004-11-02 02:28:00,2004-11-02 02:19:00,21038.513153024862,-0.06058404589937495,21032.00889382293,6.564843247830211,0.10339623834414935
2004-11-02 02:29:00,2004-11-02 02:20:00,21038.617408945865,-0.060738063860727276,21032.008843610663,6.669303399062729,0.05339602348056793
2004-11-02 02:30:00,2004-11-02 02:21:00,21038.61954905787,-0.060879635318858843,21032.008793398396,6.671635294791347,-0.09658072039414156
2004-11-02 02:31:00,2004-11-02 02:22:00,21038.423876564517,-0.061008579889665,21032.008743186132,6.476141958274446,-0.09445044433868022
2004-11-02 02:32:00,2004-11-02 02:23:00,21038.43030266279,-0.06112471718904114,21032.008692973865,6.482734406113987,-0.04768687437722896
2004-11-02 02:33:00,2004-11-02 02:24:00,21038.328183104284,-0.061227866832882574,21032.008642761597,6.380768209519988,-0.1019725531346416
2004-11-02 02:34:00,2004-11-02 02:25:00,21038.22606400074,-0.06131784843708468,21032.008592549333,6.2787892998447035,-0.15090309239663213
2004-11-02 02:35:00,2004-11-02 02:26:00,21038.026109880175,-0.06139448161754282,21032.008542337066,6.0789620247267235,-0.1498455092167048
2004-11-02 02:36:00,2004-11-02 02:27:00,21037.92613282022,-0.0614575859901523,21032.008492124798,5.979098281411294,-0.19770530545841458
2004-11-02 02:37:00,2004-11-02 02:28:00,21037.630486345177,-0.061506981170808495,21032.008441912538,5.683551413809894,-0.14665904264593577
2004-11-02 02:38:00,2004-11-02 02:29:00,21037.63262940961,-0.061542486775406774,21032.008391700267,5.685780196119422,-0.047766524286356304
2004-11-02 02:39:00,2004-11-02 02:30:00,21037.53479593082,-0.061563922419842446,21032.008341488003,5.588018365237182,-0.14882923467967446
2004-11-02 02:40:00,2004-11-02 02:31:00,21037.33484189478,-0.06157110772001091,21032.00829127574,5.388121726760073,-0.19990385340109862
2004-11-02 02:41:00,2004-11-02 02:32:00,21037.13488785961,-0.06156386229180752,21032.008241063468,5.1882106584349845,-0.09994135630276002
2004-11-02 02:42:00,2004-11-02 02:33:00,21037.13488785961,-0.06154200575112756,21032.008190851207,5.188239014154553,-0.09995605717073186
2004-11-02 02:43:00,2004-11-02 02:34:00,21036.934933825316,-0.06150535771386645,21032.008140638936,4.988298544093521,-0.14781511350479892
2004-11-02 02:44:00,2004-11-02 02:35:00,21036.839245476018,-0.061453737795919505,21032.00809042667,4.8926087871449555,-0.09676912821093486
2004-11-02 02:45:00,2004-11-02 02:36:00,21036.741413536463,-0.061386965613182104,21032.008040214405,4.794760287671651,-0.09892868892366469
2004-11-02 02:46:00,2004-11-02 02:37:00,21036.641436550653,-0.061304860781549564,21032.007990002137,4.694751409297626,-0.09787084501036514
2004-11-02 02:47:00,2004-11-02 02:38:00,21036.545751144604,-0.06120724291691729,21032.00793978987,4.599018597650921,-0.09788643781988426
2004-11-02 02:48:00,2004-11-02 02:39:00,21036.44577417963,-0.061093931635180565,21032.007889577606,4.498978533657858,-0.09897473933627321
2004-11-02 02:49:00,2004-11-02 02:40:00,21036.347943737765,-0.0609647465522348,21032.00783936534,4.401069118978374,-0.0468549852326281
2004-11-02 02:50:00,2004-11-02 02:41:00,21036.35223820898,-0.06081950728397531,21032.00778915307,4.405268563192601,0.054180734087654336
2004-11-02 02:51:00,2004-11-02 02:42:00,21036.456511494514,-0.060658033446297416,21032.007738940807,4.509430587153683,-0.047959739893705944
2004-11-02 02:52:00,2004-11-02 02:43:00,21036.25655766729,-0.060480144655096546,21032.00768872854,4.3093490834051895,-0.14902688492085936
2004-11-02 02:53:00,2004-11-02 02:44:00,21036.158729673058,-0.06028566052626805,21032.007638516272,4.211376817311964,-0.09583028890085155
2004-11-02 02:54:00,2004-11-02 02:45:00,21036.065202408936,-0.06007440067570721,21032.007588304008,4.117688505603486,-0.14691002956709642
2004-11-02 02:55:00,2004-11-02 02:46:00,21035.865248665195,-0.05984618471930944,21032.007538091737,3.9175567581777715,-0.04694803502996203
2004-11-02 02:56:00,2004-11-02 02:47:00,21035.97167948274,-0.059600832272970056,21032.00748787947,4.023792435543562,0.055164113308056706
2004-11-02 02:57:00,2004-11-02 02:48:00,21035.975984489047,-0.0593381629525844,21032.007437667206,4.027884984793885,0.05407315112150224
2004-11-02 02:58:00,2004-11-02 02:49:00,21036.080268196354,-0.05905799637404788,21032.00738745494,4.131938737786567,-0.09913899546829352
2004-11-02 02:59:00,2004-11-02 02:50:00,21035.778184084375,-0.05876015215325578,21032.00733724267,3.829606993857298,-0.050244961155697876
2004-11-02 03:00:00,2004-11-02 02:51:00,21035.980291395976,-0.05844444990610351,21032.007287030407,4.031448815475171,0.10401110864524066
2004-11-02 03:01:00,2004-11-02 02:52:00,21035.986755320035,-0.05811070924848638,21032.007236818135,4.037629211147779,0.055083528066508514
2004-11-02 03:02:00,2004-11-02 02:53:00,21036.091043727683,-0.057758749796299746,21032.00718660587,4.141615871608188,0.10074360857867593
2004-11-02 03:03:00,2004-11-02 02:54:00,21036.188864430744,-0.05738839116543895,21032.007136393604,4.239116428305131,0.20070230865191174
2004-11-02 03:04:00,2004-11-02 02:55:00,21036.493107217277,-0.056999452971799425,21032.007086181336,4.543020488912012,0.15716807775583197
2004-11-02 03:05:00,2004-11-02 02:56:00,21036.503896798058,-0.0565917548312764,21032.007035969073,4.553452583816795,0.05609584438461246
2004-11-02 03:06:00,2004-11-02 02:57:00,21036.606032818127,-0.056165116359765316,21032.006985756805,4.6552121776812365,0.000693684234128078
2004-11-02 03:07:00,2004-11-02 02:58:00,21036.506056139646,-0.055719357173161455,21032.006935544534,4.554839952285051,0.002835224935227476
2004-11-02 03:08:00,2004-11-02 02:59:00,21036.612513662938,-0.05525429688736025,21032.006885332274,4.6608826275516915,0.15494226980575743
2004-11-02 03:09:00,2004-11-02 03:00:00,21036.81678985678,-0.05476975511825702,21032.006835120003,4.864724491896566,0.05278670863918622
2004-11-02 03:10:00,2004-11-02 03:01:00,21036.718975401083,-0.05426555148174708,21032.006784907735,4.766456044830064,0.10600270206829121
2004-11-02 03:11:00,2004-11-02 03:02:00,21037.02972308591,-0.053741505593725786,21032.00673469547,5.076729896033148,0.20487828075446757
2004-11-02 03:12:00,2004-11-02 03:03:00,21037.129699652472,-0.05319743707008856,21032.006684483204,5.176212606338999,0.052732510528953114
2004-11-02 03:13:00,2004-11-02 03:04:00,21037.1361960225,-0.052633165526730696,21032.006634270936,5.182194917091055,-0.04726433380883899
2004-11-02 03:14:00,2004-11-02 03:05:00,21037.03621948681,-0.05204851057954754,21032.00658405867,5.081683938721321,-0.10052126014910234
2004-11-02 03:15:00,2004-11-02 03:06:00,21036.93624295135,-0.05144329184443447,21032.0065338464,4.98115239679285,-0.048386981199460166
2004-11-02 03:16:00,2004-11-02 03:07:00,21036.940576281522,-0.05081732893728688,21032.006483634137,4.984909976322401,-0.10164573453708359
2004-11-02 03:17:00,2004-11-02 03:08:00,21036.73412390811,-0.050170441474000016,21032.006433421866,4.777860927718683,-0.0006072276640654017
2004-11-02 03:18:00,2004-11-02 03:09:00,21036.940576281522,-0.04950244907046927,21032.0063832096,4.98369552099427,0.004788885322560166
2004-11-02 03:19:00,2004-11-02 03:10:00,21036.744958524356,-0.04881317134259,21032.006332997335,4.787438698363803,-0.14736274421428952
2004-11-02 03:20:00,2004-11-02 03:11:00,21036.647150389723,-0.04810242790625757,21032.006282785063,4.688970032565691,-0.15605347963341476
2004-11-02 03:21:00,2004-11-02 03:12:00,21036.434194273515,-0.04737003837736739,21032.006232572796,4.475331739096974,-0.060430441209535335
2004-11-02 03:22:00,2004-11-02 03:13:00,21036.527675688303,-0.046615822371814664,21032.00618236053,4.56810915014662,0.14924981012735605
2004-11-02 03:23:00,2004-11-02 03:14:00,21036.73412390811,-0.04583959950549488,21032.006132148264,4.773831359351686,0.15031002835701068
2004-11-02 03:24:00,2004-11-02 03:15:00,21036.82976995346,-0.045041189394303294,21032.006081935993,4.868729206860642,-0.009414721115774238
2004-11-02 03:25:00,2004-11-02 03:16:00,21036.716813229195,-0.044220411654135316,21032.00603172373,4.755001917120137,-0.0072718878204045545
2004-11-02 03:26:00,2004-11-02 03:17:00,21036.81678985678,-0.04337708590088629,21032.005981511462,4.8541854312198325,0.04702238720147456
2004-11-02 03:27:00,2004-11-02 03:18:00,21036.812466958963,-0.04251103175045157,21032.00593129919,4.849046691523086,-0.16482486918211192
2004-11-02 03:28:00,2004-11-02 03:19:00,21036.488794710964,-0.04162206881872649,21032.005881086927,4.524535692855609,0.04481800245138645
2004-11-02 03:29:00,2004-11-02 03:20:00,21036.903803554364,-0.0407100167216064,21032.00583087466,4.938682696425859,0.4087438240730581
2004-11-02 03:30:00,2004-11-02 03:21:00,21037.308029308315,-0.0397746950749866,21032.005780662388,5.342023341001725,-0.1062682627593885
2004-11-02 03:31:00,2004-11-02 03:22:00,21036.693060697537,-0.03881592349476254,21032.005730450124,4.726146170907082,-0.15520348421103503
2004-11-02 03:32:00,2004-11-02 03:23:00,21036.999463088836,-0.03783352159682957,21032.005680237853,5.031616372579655,0.3532896715590308
2004-11-02 03:33:00,2004-11-02 03:24:00,21037.40152823062,-0.036827308997082975,21032.005630025593,5.432725514025144,0.09577266073720114
2004-11-02 03:34:00,2004-11-02 03:25:00,21037.192944402064,-0.03579710531141811,21032.00557981332,5.223161694054057,0.0468382221810848
2004-11-02 03:35:00,2004-11-02 03:26:00,21037.497188829282,-0.03474273015573043,21032.00552960105,5.526401958387313,0.20217313733419173
2004-11-02 03:36:00,2004-11-02 03:27:00,21037.599323354363,-0.03366400314591511,21032.005479388787,5.6275079687224405,0.20107067340442564
2004-11-02 03:37:00,2004-11-02 03:28:00,21037.901411737817,-0.03256074389786767,21032.00542917652,5.928543305196165,0.149978788437251
2004-11-02 03:38:00,2004-11-02 03:29:00,21037.901411737817,-0.0314327720274834,21032.005378964248,5.9274655455969425,0.10428562737587699
2004-11-02 03:39:00,2004-11-02 03:30:00,21038.112163404778,-0.030279907150657592,21032.00532875198,6.137114559947919,0.10102045275602789
2004-11-02 03:40:00,2004-11-02 03:31:00,21038.10568302194,-0.029101968883285645,21032.005278539713,6.129506451108998,0.04992850650413416
2004-11-02 03:41:00,2004-11-02 03:32:00,21038.21430112356,-0.027898776841262962,21032.005228327445,6.236971572956187,0.05530513416552063
2004-11-02 03:42:00,2004-11-02 03:33:00,21038.21862468398,-0.026670150640484835,21032.00517811518,6.2401167194400395,-0.04685501050680907
2004-11-02 03:43:00,2004-11-02 03:34:00,21038.122973544956,-0.025415909896846556,21032.00512790291,6.143261551942569,-0.09361976065222599
2004-11-02 03:44:00,2004-11-02 03:35:00,21038.033819014552,-0.024135874226243637,21032.005077690643,6.0528771981355876,0.0030855209587810073
2004-11-02 03:45:00,2004-11-02 03:36:00,21038.13163020899,-0.022829863244571313,21032.005027478375,6.149432593860131,0.046554281325515756
2004-11-02 03:46:00,2004-11-02 03:37:00,21038.129465330327,-0.021497696567724933,21032.004977266108,6.145985760786619,0.09543486189975114
2004-11-02 03:47:00,2004-11-02 03:38:00,21038.32509017769,-0.020139193811599898,21032.00492705384,6.340302317659633,0.04650258005982888
2004-11-02 03:48:00,2004-11-02 03:39:00,21038.225113587887,-0.018754174592091555,21032.004876841573,6.238990920906277,0.10079255963349931
2004-11-02 03:49:00,2004-11-02 03:40:00,21038.529371607703,-0.017342458525095195,21032.0048266293,6.541887436926632,0.14210326915862437
2004-11-02 03:50:00,2004-11-02 03:41:00,21038.512070011035,-0.015903865226506275,21032.004776417038,6.523197459223526,-0.060041034122131354
2004-11-02 03:51:00,2004-11-02 03:42:00,21038.412093359137,-0.014438214312220088,21032.004726204766,6.421805368682369,0.055045911053395624
2004-11-02 03:52:00,2004-11-02 03:43:00,21038.62501994843,-0.012945325398131924,21032.0046759925,6.633289281330317,0.0017858973315219018
2004-11-02 03:53:00,2004-11-02 03:44:00,21038.41857792548,-0.01142501810013724,21032.004625780235,6.425377163345413,-0.10254219602857839
2004-11-02 03:54:00,2004-11-02 03:45:00,21038.422903345203,-0.00987711203413133,21032.004575567964,6.42820488927316,-0.042843312040221626
2004-11-02 03:55:00,2004-11-02 03:46:00,21038.33591446814,-0.008301426816009538,21032.004525355693,6.33969053926497,0.0017063936915011624
2004-11-02 03:56:00,2004-11-02 03:47:00,21038.429395038023,-0.006697782061667268,21032.00447514343,6.431617676656162,-0.00048436075214564056
2004-11-02 03:57:00,2004-11-02 03:48:00,21038.33808075153,-0.005065997386999754,21032.004424931158,6.338721817760678,0.0016522517945896098
2004-11-02 03:58:00,2004-11-02 03:49:00,21038.435891006728,-0.003405892407902511,21032.00437471889,6.434922180245342,0.0005428529847741892
2004-11-02 03:59:00,2004-11-02 03:50:00,21038.342414743613,-0.0017172867402707737,21032.004324506623,6.339807523730227,-0.05488900301563371
2004-11-02 04:00:00,2004-11-02 03:51:00,21038.32941846857,0.0,21032.004274294355,6.325144174214074,-0.054919669050036646
2004-11-02 04:01:00,2004-11-02 03:52:00,21038.235937929778,0.0017456620636010266,21032.004224082084,6.229968185630153,-0.0484487817120014
2004-11-02 04:02:00,2004-11-02 03:53:00,21038.235937929778,0.003517449167569194,21032.00417386982,6.228246610790071,-0.006063481007708482
2004-11-02 04:03:00,2004-11-02 03:54:00,21038.22727750606,0.005312624895527888,21032.00412365755,6.2178412236147365,-0.0006721427198472796
2004-11-02 04:04:00,2004-11-02 03:55:00,21038.238104223463,0.007128452831100499,21032.00407344528,6.226902325350377,-0.09308684586685168
2004-11-02 04:05:00,2004-11-02 03:56:00,21038.044652961453,0.00896219655791041,21032.004023233014,6.031667531881033,-0.10393372560026348
2004-11-02 04:06:00,2004-11-02 03:57:00,21038.033819014552,0.010811119659581009,21032.003973020743,6.01903487414985,0.04384928277802924
2004-11-02 04:07:00,2004-11-02 03:58:00,21038.135961391636,0.012672485719735687,21032.00392280848,6.119366097437092,0.05033833346838579
2004-11-02 04:08:00,2004-11-02 03:59:00,21038.138127695616,0.01454355832199783,21032.003872596208,6.119711541086621,-0.0018243453957840217
2004-11-02 04:09:00,2004-11-02 04:00:00,21038.135961391636,0.01642160104999082,21032.00382238394,6.1157174066455235,0.04924170100346581
2004-11-02 04:10:00,2004-11-02 04:01:00,21038.24027099225,0.018303877487338048,21032.00377217167,6.218194943093553,0.1024777175179481
2004-11-02 04:11:00,2004-11-02 04:02:00,21038.3445824523,0.020187651217662906,21032.0037219594,6.32067284168142,0.10247944785324004
2004-11-02 04:12:00,2004-11-02 04:03:00,21038.44889577176,0.022070185824588768,21032.003671747134,6.423153838800033,0.003592500395915632
2004-11-02 04:13:00,2004-11-02 04:04:00,21038.355428122228,0.023948744891739038,21032.003621534863,6.327857842473251,0.10140585353576315
2004-11-02 04:14:00,2004-11-02 04:05:00,21038.65535746047,0.02582059200273709,21032.003571322595,6.625965545871559,0.10358825740856314
2004-11-02 04:15:00,2004-11-02 04:06:00,21038.56623845836,0.027682990741206316,21032.003521110328,6.535034357290377,-0.2495763912538318
2004-11-02 04:16:00,2004-11-02 04:07:00,21038.159816866115,0.029533204690770105,21032.00347089806,6.126812763363896,-0.20283156953343218
2004-11-02 04:17:00,2004-11-02 04:08:00,21038.164160401448,0.031368497435051844,21032.00342068579,6.129371218223513,0.15361950921165368
2004-11-02 04:18:00,2004-11-02 04:09:00,21038.470608387863,0.03318613255767492,21032.003370473518,6.434051781787203,0.19928180261977158
2004-11-02 04:19:00,2004-11-02 04:10:00,21038.56623845836,0.03498337364226271,21032.003320261254,6.527934823463056,0.09389557785777436
2004-11-02 04:20:00,2004-11-02 04:11:00,21038.661870470758,0.03675748427243862,21032.003270048983,6.621842937502752,-0.05495712354989912
2004-11-02 04:21:00,2004-11-02 04:12:00,21038.459746141114,0.03850572803182602,21032.00321983672,6.418020576363258,-0.2559664020375001
2004-11-02 04:22:00,2004-11-02 04:13:00,21038.15330512638,0.0402253685040483,21032.003169624448,6.109910133427752,0.042909295477715936
2004-11-02 04:23:00,2004-11-02 04:14:00,21038.548872248768,0.04191366927272886,21032.003119412177,6.50383916731869,0.09510170441234767
2004-11-02 04:24:00,2004-11-02 04:15:00,21038.346750636087,0.043567893921491074,21032.003069199913,6.300113542252447,-0.09830766938322588
2004-11-02 04:25:00,2004-11-02 04:16:00,21038.355428122228,0.04518530603395833,21032.00301898764,6.307223828552238,0.05820828853038673
2004-11-02 04:26:00,2004-11-02 04:17:00,21038.466262063877,0.04676316919375403,21032.00296877537,6.4165301193132205,0.10607181152612766
2004-11-02 04:27:00,2004-11-02 04:18:00,21038.570584761692,0.04829874698450154,21032.002918563103,6.519367451604493,0.3049884810934671
2004-11-02 04:28:00,2004-11-02 04:19:00,21039.07916473532,0.049789302989824265,21032.00286835083,7.026507081500155,0.04857172239589769
2004-11-02 04:29:00,2004-11-02 04:20:00,21038.67056113575,0.05123210079334558,21032.00281813856,6.616510896396289,-0.1545940290485195
2004-11-02 04:30:00,2004-11-02 04:21:00,21038.772711353675,0.05262440397868887,21032.002767926293,6.717319023403116,0.2029863243852117
2004-11-02 04:31:00,2004-11-02 04:22:00,21039.07916473532,0.05396347612947755,21032.002717714025,7.022483545166712,0.040038623879185664
2004-11-02 04:32:00,2004-11-02 04:23:00,21038.855310353745,0.055246580829334965,21032.002667501754,6.797396271161487,0.1889692946817405
2004-11-02 04:33:00,2004-11-02 04:24:00,21039.45951040568,0.05647098166188454,21032.002617289487,7.400422134530193,0.3020422555316289
2004-11-02 04:34:00,2004-11-02 04:25:00,21039.46168180165,0.057633942210749634,21032.002567077216,7.401480782224745,5.038054816886017e-06
2004-11-02 04:35:00,2004-11-02 04:26:00,21039.46168180165,0.058732726059553646,21032.00251686495,7.400432210639827,-0.002100813009188407
2004-11-02 04:36:00,2004-11-02 04:27:00,21039.45951040568,0.059764596791919956,21032.00246665268,7.397279156206368,0.09577323338726362
2004-11-02 04:37:00,2004-11-02 04:28:00,21039.655121935815,0.06072681799147196,21032.00241644041,7.591978677414354,0.04260322917526693
2004-11-02 04:38:00,2004-11-02 04:29:00,21039.54646849594,0.06161665324183306,21032.002366228142,7.482485614556902,-0.0562128118138876
2004-11-02 04:39:00,2004-11-02 04:30:00,21039.544300435784,0.062431366126626614,21032.00231601587,7.479553053786579,0.09925091865980606
2004-11-02 04:40:00,2004-11-02 04:31:00,21039.74642147571,0.06316822022947602,21032.002265803603,7.680987451876514,0.15148667299653518
2004-11-02 04:41:00,2004-11-02 04:32:00,21039.848566470246,0.06382447913400469,21032.002215591332,7.782526399779649,0.20698324529557732
2004-11-02 04:42:00,2004-11-02 04:33:00,21040.161516727956,0.06439740642383596,21032.002165379065,8.094953942467669,0.15490978597648164
2004-11-02 04:43:00,2004-11-02 04:34:00,21040.15934540421,0.06488426568259324,21032.002115166793,8.092345971732612,-0.10687913355178225
2004-11-02 04:44:00,2004-11-02 04:35:00,21039.948542950384,0.06528232049389995,21032.002064954526,7.881195675364104,-0.00464234431767796
2004-11-02 04:45:00,2004-11-02 04:36:00,21040.150664859793,0.06558883444137942,21032.002014742255,8.083061283097257,0.10085179166670066
2004-11-02 04:46:00,2004-11-02 04:37:00,21040.150664859793,0.0658010711086551,21032.001964529987,8.082899258697505,0.10203259349165084
2004-11-02 04:47:00,2004-11-02 04:38:00,21040.35495708188,0.0659162940793503,21032.00191431772,8.287126470080558,-0.05325609634158557
2004-11-02 04:48:00,2004-11-02 04:39:00,21040.044182938396,0.06593176693708849,21032.001864105445,7.976387066014334,-0.002083657747472323
2004-11-02 04:49:00,2004-11-02 04:40:00,21040.35061780103,0.065844753265493,21032.001813893177,8.282959154585614,0.10016633871769365
2004-11-02 04:50:00,2004-11-02 04:41:00,21040.244135941008,0.06565251664818723,21032.00176368091,8.176719743449722,-0.1083491850631777
2004-11-02 04:51:00,2004-11-02 04:42:00,21040.133326573767,0.0653523206687946,21032.00171346864,8.066260784459258,-0.15822252029125838
2004-11-02 04:52:00,2004-11-02 04:43:00,21039.92687938815,0.06494142891093845,21032.00166325637,7.860274702867205,-0.0005647538727169277
2004-11-02 04:53:00,2004-11-02 04:44:00,21040.131161425776,0.06441710495824221,21032.001613044104,8.065131276713824,0.15276192093198748
2004-11-02 04:54:00,2004-11-02 04:45:00,21040.231137988954,0.0637766123943292,21032.00156283183,8.16579854473118,-0.15894730258901646
2004-11-02 04:55:00,2004-11-02 04:46:00,21039.8117665059,0.06301721480282288,21032.00151261956,7.747236671535791,-0.20557324346646144
2004-11-02 04:56:00,2004-11-02 04:47:00,21039.818250640856,0.062136175767346605,21032.00146240729,7.754652057798257,0.10529328596737741
2004-11-02 04:57:00,2004-11-02 04:48:00,21040.020366197365,0.06113075887152378,21032.001412195023,7.957823243470546,0.048945892815368985
2004-11-02 04:58:00,2004-11-02 04:49:00,21039.913904053883,0.05999822769897774,21032.001361982755,7.852543843428995,-0.0019950804721680093
2004-11-02 04:59:00,2004-11-02 04:50:00,21040.01388069884,0.058735845833331954,21032.00131177048,7.95383308252621,0.15783143011344958
2004-11-02 05:00:00,2004-11-02 04:51:00,21040.226809138727,0.05734087685820971,21032.001261558213,8.168206703655894,0.003674438315671935
2004-11-02 05:01:00,2004-11-02 04:52:00,21040.01820388946,0.05581058435723449,21032.001211345945,7.961181959157554,-0.054826362609104784
2004-11-02 05:02:00,2004-11-02 04:53:00,21040.113857344022,0.05414223191402964,21032.00116113367,8.058553978437685,0.0017889628954894654
2004-11-02 05:03:00,2004-11-02 04:54:00,21040.01820388946,0.05233308311221857,21032.0011109214,7.964759884948533,-0.04265142537087874
2004-11-02 05:04:00,2004-11-02 04:55:00,21040.024692238363,0.0503804015354246,21032.00106070913,7.973251127695927,-0.14680773848397477
2004-11-02 05:05:00,2004-11-02 04:56:00,21039.720436355612,0.048281450767271195,21032.001010496864,7.6711444079805835,-0.24879947172042272
2004-11-02 05:06:00,2004-11-02 04:57:00,21039.52264596324,0.046033494391381685,21032.000960284593,7.475652184255082,0.004537090992008164
2004-11-02 05:07:00,2004-11-02 04:58:00,21039.724762458278,0.04363379599137948,21032.000910072322,7.6802185899646,0.04927192787248469
2004-11-02 05:08:00,2004-11-02 04:59:00,21039.616135519205,0.04107961915088801,21032.000859860054,7.574196040000051,-0.05163047299983381
2004-11-02 05:09:00,2004-11-02 05:00:00,21039.616135519205,0.03836822745353058,21032.000809647787,7.576957643964932,0.046349293868027885
2004-11-02 05:10:00,2004-11-02 05:01:00,21039.70315094773,0.035496884482930646,21032.000759435512,7.666894627736107,0.04543134426487416
2004-11-02 05:11:00,2004-11-02 05:02:00,21039.700992409562,0.03246285382271155,21032.000709223244,7.6678203324946805,0.0031669549807413766
2004-11-02 05:12:00,2004-11-02 05:03:00,21039.70315094773,0.02926339905649672,21032.000659010977,7.6732285376975895,0.1011526484424734
2004-11-02 05:13:00,2004-11-02 05:04:00,21039.89663021185,0.02589578376790952,21032.000608798702,7.870125629379627,0.05133333357055614
2004-11-02 05:14:00,2004-11-02 05:05:00,21039.79881106281,0.022357271540573292,21032.00055858643,7.775895204838702,-0.09737974201248223
2004-11-02 05:15:00,2004-11-02 05:06:00,21039.694519645476,0.01864512595811152,21032.000508374163,7.675366145354663,-0.15042832328873246
2004-11-02 05:16:00,2004-11-02 05:07:00,21039.490253330758,0.014756610604147513,21032.000458161892,7.475038558261237,-0.04164441595588997
2004-11-02 05:17:00,2004-11-02 05:08:00,21039.603174252123,0.010688989062304699,21032.000407949618,7.592077313442883,0.006365175958808589
2004-11-02 05:18:00,2004-11-02 05:09:00,21039.49456617245,0.006439524916206446,21032.000357737354,7.487768910178854,0.09789664092401518
2004-11-02 05:19:00,2004-11-02 05:10:00,21039.79018360212,0.002005481749476151,21032.00030752508,7.787870595290913,0.19914221848594682
2004-11-02 05:20:00,2004-11-02 05:11:00,21039.883694783104,-0.0026158768542627886,21032.000257312808,7.886053347150748,-0.04845460088265785
2004-11-02 05:21:00,2004-11-02 05:12:00,21039.683741206758,-0.00742728731138706,21032.000207100544,7.690961393525598,-0.1417743308613697
2004-11-02 05:22:00,2004-11-02 05:13:00,21039.59023008766,-0.012431486038273126,21032.00015688827,7.602504685428008,0.006229542143843414
2004-11-02 05:23:00,2004-11-02 05:14:00,21039.68589594436,-0.017631209451297786,21032.000106675998,7.703420477813284,0.15531420224362158
2004-11-02 05:24:00,2004-11-02 05:15:00,21039.89016035968,-0.023029193966837447,21032.00005646373,7.913133089915251,0.10768090320559942
2004-11-02 05:25:00,2004-11-02 05:16:00,21039.89016035968,-0.028628176001268935,21032.000006251455,7.918782284224483,-0.1452919237326875
2004-11-02 05:26:00,2004-11-02 05:17:00,21039.58807438967,-0.03443089197096871,21031.99995603919,7.622549242449876,0.0038007336912220246
2004-11-02 05:27:00,2004-11-02 05:18:00,21039.88584950023,-0.040440078292313386,21031.999905826917,7.926383751606927,0.25934010424026877
2004-11-02 05:28:00,2004-11-02 05:19:00,21040.094426594194,-0.04665847138167972,21031.999855614646,8.141229450930414,0.05959645160480864
2004-11-02 05:29:00,2004-11-02 05:20:00,21039.99229324954,-0.053088807655444215,21031.999805402378,8.045576654816545,0.0065878883434953295
2004-11-02 05:30:00,2004-11-02 05:21:00,21040.094426594194,-0.059733823529983465,21031.999755190107,8.154405227617405,0.011118575632529826
2004-11-02 05:31:00,2004-11-02 05:22:00,21040.000922528496,-0.06659625542167408,21031.999704977836,8.067813806081604,-0.1918521975021501
2004-11-02 05:32:00,2004-11-02 05:23:00,21039.696676758434,-0.07367883974689277,21031.99965476557,7.770700832613104,-0.19810197939899066
2004-11-02 05:33:00,2004-11-02 05:24:00,21039.59023008766,-0.08098431292201608,21031.999604553297,7.671609847283623,0.10852400855069577
2004-11-02 05:34:00,2004-11-02 05:25:00,21039.898787779373,-0.08851541136342062,21031.999554341022,7.987748849714496,0.16413261753492447
2004-11-02 05:35:00,2004-11-02 05:26:00,21039.90310433962,-0.09627487148748298,21031.999504128755,7.999875082353472,-0.14635362441441124
2004-11-02 05:36:00,2004-11-02 05:27:00,21039.59023008766,-0.10426542971057978,21031.999453916484,7.6950416008856735,-0.1482794382272452
2004-11-02 05:37:00,2004-11-02 05:28:00,21039.59023008766,-0.11248982244908773,21031.99940370421,7.7033162058989815,0.11376240447364871
2004-11-02 05:38:00,2004-11-02 05:29:00,21039.800969115655,-0.12095078611938331,21031.99935349194,7.922566409832971,0.263965403409784
2004-11-02 05:39:00,2004-11-02 05:30:00,21040.10089923525,-0.12965105713784325,21031.99930327967,8.23124701271855,0.013189986201151527
2004-11-02 05:40:00,2004-11-02 05:31:00,21039.809606077713,-0.1385933719208441,21031.9992530674,7.948946382235274,-0.08438267353928808
2004-11-02 05:41:00,2004-11-02 05:32:00,21039.913904053883,-0.14778046688476243,21031.999202855128,8.062481665639973,-0.09061559940282082
2004-11-02 05:42:00,2004-11-02 05:33:00,21039.60965274784,-0.15721507844597493,21031.999152642857,7.767715183429632,-0.2914004595001538
2004-11-02 05:43:00,2004-11-02 05:34:00,21039.311883234208,-0.1668999430208582,21031.99910243059,7.479680746639666,0.06309127425041927
2004-11-02 05:44:00,2004-11-02 05:35:00,21039.716112153223,-0.17683779702578883,21031.999052218318,7.893897731930471,0.21331132053855484
2004-11-02 05:45:00,2004-11-02 05:36:00,21039.718274016883,-0.18703137687714344,21031.999002006043,7.906303387716775,0.1103496576096159
2004-11-02 05:46:00,2004-11-02 05:37:00,21039.916065421934,-0.19748341899129856,21031.998951793776,8.114597047149703,0.15951687359208844
2004-11-02 05:47:00,2004-11-02 05:38:00,21040.01604205662,-0.20819665978463098,21031.998901581504,8.225337134900952,-0.04125403740299305
2004-11-02 05:48:00,2004-11-02 05:39:00,21039.8117665059,-0.21917383567351723,21031.99885136923,8.032088972343717,-0.18879254478992635
2004-11-02 05:49:00,2004-11-02 05:40:00,21039.616135519205,-0.23041768307433386,21031.99880115696,7.8477520453211,-0.03747910699800627
2004-11-02 05:50:00,2004-11-02 05:41:00,21039.71395076463,-0.24193093840345758,21031.998750944687,7.957130758347704,0.01169953977262761
2004-11-02 05:51:00,2004-11-02 05:42:00,21039.616135519205,-0.2537163380772649,21031.998700732416,7.871151124866355,0.00441484324060859
2004-11-02 05:52:00,2004-11-02 05:43:00,21039.698834346465,-0.26577661851213247,21031.99865052015,7.965960444828921,0.00253155772198399
2004-11-02 05:53:00,2004-11-02 05:44:00,21039.59670003206,-0.27811451612443705,21031.998600307874,7.876214240310323,0.06359567127690902
2004-11-02 05:54:00,2004-11-02 05:45:00,21039.800969115655,-0.290732767330555,21031.998550095603,8.09315178738274,-0.03933525051590481
2004-11-02 05:55:00,2004-11-02 05:46:00,21039.492409514067,-0.3036341085468631,21031.998499883335,7.797543739278513,-0.1465734169823878
2004-11-02 05:56:00,2004-11-02 05:47:00,21039.48163334829,-0.3168212761897379,21031.99844967106,7.800004953417964,0.1633467816458074
2004-11-02 05:57:00,2004-11-02 05:48:00,21039.792339754687,-0.33029700667555606,21031.998399458793,8.124237302570128,0.21901316924170233
2004-11-02 05:58:00,2004-11-02 05:49:00,21039.892316502002,-0.34406403642069416,21031.99834924652,8.238031291901368,0.06395263351343772
2004-11-02 05:59:00,2004-11-02 05:50:00,21039.892316502002,-0.3581251018415288,21031.998299034247,8.252142569597003,0.16638160955348535
2004-11-02 06:00:00,2004-11-02 05:51:00,21040.19656039363,-0.3724829393544366,21031.998248821976,8.570794511008339,0.26449967398456486
2004-11-02 06:01:00,2004-11-02 05:52:00,21040.392200241895,-0.38714028537579426,21031.998198609705,8.781141917566133,0.013780149903560357
2004-11-02 06:02:00,2004-11-02 05:53:00,21040.194403331923,-0.40209987632197824,21031.99814839743,8.59835481081546,-0.13588088932778586
2004-11-02 06:03:00,2004-11-02 05:54:00,21040.090113875463,-0.4173644486093653,21031.998098185162,8.509380138910561,-0.03990884235711256
2004-11-02 06:04:00,2004-11-02 05:55:00,21040.083648360338,-0.43293673865433185,21031.99804797289,8.518537126101235,0.11252176089930721
2004-11-02 06:05:00,2004-11-02 05:56:00,21040.283601938452,-0.4488194828732548,21031.997997760616,8.734423660709176,0.018244485961611545
2004-11-02 06:06:00,2004-11-02 05:57:00,21040.08795822869,-0.4650154176825104,21031.99794754835,8.555026098024458,-0.08464978926696709
2004-11-02 06:07:00,2004-11-02 05:58:00,21040.081494138754,-0.4815272794984757,21031.997897336078,8.565124082175242,-0.13862937696794742
2004-11-02 06:08:00,2004-11-02 05:59:00,21039.777256663154,-0.49835780473752694,21031.997847123803,8.277767344088563,0.1191726753624982
2004-11-02 06:09:00,2004-11-02 06:00:00,21040.28575661462,-0.5155097298160409,21031.997796911535,8.803469432900238,0.3672830742431952
2004-11-02 06:10:00,2004-11-02 06:01:00,21040.477094400685,-0.5329857911503941,21031.99774669926,9.012333492574953,0.06337019282436795
2004-11-02 06:11:00,2004-11-02 06:02:00,21040.377117580378,-0.5507887251569632,21031.997696486986,8.930209818548974,0.06908297123801788
2004-11-02 06:12:00,2004-11-02 06:03:00,21040.579224441517,-0.568921268252125,21031.997646274718,9.150499435050989,0.22153308172697184
2004-11-02 06:13:00,2004-11-02 06:04:00,21040.783485887594,-0.5873861568522557,21031.997596062443,9.373275982002918,-0.03130576331766832
2004-11-02 06:14:00,2004-11-02 06:05:00,21040.479247631218,-0.6061861273737325,21031.997545850176,9.087887908415652,0.012560205016971082
2004-11-02 06:15:00,2004-11-02 06:06:00,21040.77056811371,-0.6253239162329314,21031.997495637905,9.39839639203686,-0.03708628589390717
2004-11-02 06:16:00,2004-11-02 06:07:00,21040.36635850241,-0.6448022598462292,21031.99744542563,9.013715336627838,-0.1356410261874199
2004-11-02 06:17:00,2004-11-02 06:08:00,21040.45988565839,-0.6646238946300027,21031.99739521336,9.12711433966202,0.06465972132894127
2004-11-02 06:18:00,2004-11-02 06:09:00,21040.45558822337,-0.6847915570006285,21031.997345001084,9.14303477928572,-0.08065913305471106
2004-11-02 06:19:00,2004-11-02 06:10:00,21040.257782878994,-0.705307983374483,21031.997294788816,8.965796073552598,-0.07386090722891403
2004-11-02 06:20:00,2004-11-02 06:11:00,21040.2663816312,-0.7261759101679428,21031.99724457654,8.995312964827892,0.17535994073574468
2004-11-02 06:21:00,2004-11-02 06:12:00,21040.566312245497,-0.7473980737973849,21031.99719436427,9.316515955024087,0.21603108143792582
2004-11-02 06:22:00,2004-11-02 06:13:00,21040.655542069024,-0.7689772106791857,21031.997144152,9.427375127703744,0.015361656921058398
2004-11-02 06:23:00,2004-11-02 06:14:00,21040.553417151365,-0.7909160572297216,21031.997093939728,9.347239268866204,-0.02781817960311095
2004-11-02 06:24:00,2004-11-02 06:15:00,21040.55556514609,-0.8132173498653692,21031.997043727457,9.371738768497522,-0.12528304002566681
2004-11-02 06:25:00,2004-11-02 06:16:00,21040.257782878994,-0.8358838250025056,21031.996993515182,9.09667318881487,-0.4345088161861774
2004-11-02 06:26:00,2004-11-02 06:17:00,21039.64074621998,-0.858918219057507,21031.99694330291,8.502721136125167,0.018974358371630196
2004-11-02 06:27:00,2004-11-02 06:18:00,21040.249191727748,-0.88232326844675,21031.996893090636,9.13462190555813,0.0247145756055982
2004-11-02 06:28:00,2004-11-02 06:19:00,21039.64289145612,-0.9061017095866115,21031.99684287837,8.552150287336364,-0.17701050767915394
2004-11-02 06:29:00,2004-11-02 06:20:00,21039.8471372774,-0.9302562788934678,21031.996792666094,8.780600890199823,0.17865247391654915
2004-11-02 06:30:00,2004-11-02 06:21:00,21039.951407976205,-0.9547897127836957,21031.99674245382,8.909455235169462,0.2247283717531685
2004-11-02 06:31:00,2004-11-02 06:22:00,21040.247045127584,-0.9797047476736719,21031.99669224155,9.23005763370616,0.32401472130821585
2004-11-02 06:32:00,2004-11-02 06:23:00,21040.549122587083,-1.0050041199797728,21031.996642029277,9.557484677785894,0.12337421752255384
2004-11-02 06:33:00,2004-11-02 06:24:00,21040.442707319635,-1.030690566118375,21031.996591817002,9.476806068751268,0.022712421771092117
2004-11-02 06:34:00,2004-11-02 06:25:00,21040.542684303557,-1.0567668225058555,21031.996541604734,9.602909521328078,0.2316430579015547
2004-11-02 06:35:00,2004-11-02 06:26:00,21040.853347951455,-1.0832356255585902,21031.99649139246,9.940092184554377,0.07777795356746875
2004-11-02 06:36:00,2004-11-02 06:27:00,21040.64480689696,-1.1100997116929563,21031.99644118019,9.758465428463015,-0.02824153154198683
2004-11-02 06:37:00,2004-11-02 06:28:00,21040.742638272062,-1.1373618173253304,21031.996390967917,9.883609121470403,0.07428349692448588
2004-11-02 06:38:00,2004-11-02 06:29:00,21040.738348499086,-1.1650246788720886,21031.996340755646,9.907032422311987,0.028987619519205587
2004-11-02 06:39:00,2004-11-02 06:30:00,21040.744783871127,-1.1930910327496083,21031.996290543368,9.941584360508815,-0.12164582626690734
2004-11-02 06:40:00,2004-11-02 06:31:00,21040.438417485504,-1.2215636153742655,21031.9962403311,9.663740769778173,-0.07232250630937109
2004-11-02 06:41:00,2004-11-02 06:32:00,21040.542684303557,-1.250445163162437,21031.99619011883,9.796939347890072,0.1376999026127983
2004-11-02 06:42:00,2004-11-02 06:33:00,21040.655542069024,-1.2797384125304994,21031.99613990655,9.93914057500377,0.02955068064099642
2004-11-02 06:43:00,2004-11-02 06:34:00,21040.542684303557,-1.3094460998948292,21031.99608969428,9.856040709172065,-0.02967939990942625
2004-11-02 06:44:00,2004-11-02 06:35:00,21040.53625029552,-1.3395709616718032,21031.99603948201,9.879781775184917,-0.01960346249825662
2004-11-02 06:45:00,2004-11-02 06:36:00,21040.442707319635,-1.370115734277798,21031.995989269737,9.816833784175552,0.03402331251749846
2004-11-02 06:46:00,2004-11-02 06:37:00,21040.542684303557,-1.4010831541291906,21031.995939057466,9.947828400219914,-0.12409573888724434
2004-11-02 06:47:00,2004-11-02 06:38:00,21040.13205519395,-1.4324759576423567,21031.99588884519,9.568642306401063,-0.5789204647669806
2004-11-02 06:48:00,2004-11-02 06:39:00,21039.321529222372,-1.4642968812336732,21031.99583863292,8.789987470685952,-0.3231878799997121
2004-11-02 06:49:00,2004-11-02 06:40:00,21039.421506305727,-1.4965486613195171,21031.995788420645,8.922266546401639,-0.17278439282155045
2004-11-02 06:50:00,2004-11-02 06:41:00,21038.9109228591,-1.529234034316265,21031.995738208374,8.444418685042852,-0.22768105073868128
2004-11-02 06:51:00,2004-11-02 06:42:00,21038.900236704387,-1.5623557366402931,21031.995687996103,8.466904444924277,-0.07192881366403547
2004-11-02 06:52:00,2004-11-02 06:43:00,21038.700282336835,-1.5959165047079786,21031.995637783828,8.30056105771478,0.03703701519914837
2004-11-02 06:53:00,2004-11-02 06:44:00,21038.906646971936,-1.6299190749356973,21031.99558757155,8.540978475322573,0.38846908215102793
2004-11-02 06:54:00,2004-11-02 06:45:00,21039.40867039756,-1.6643661837398263,21031.995537359282,9.077499222016836,0.48782528839464767
2004-11-02 06:55:00,2004-11-02 06:46:00,21039.812855631582,-1.6992605675367423,21031.995487147007,9.516629052111869,-0.1158649572868935
2004-11-02 06:56:00,2004-11-02 06:47:00,21039.106601279436,-1.7346049627428217,21031.995436934736,8.84576930744305,-0.3642875151607674
2004-11-02 06:57:00,2004-11-02 06:48:00,21039.01303863848,-1.7704021057744415,21031.995386722465,8.788054021790334,-0.11389063303563063
2004-11-02 06:58:00,2004-11-02 06:49:00,21038.806669818514,-1.8066547330479779,21031.99533651019,8.617988041371788,-0.01880087679126241
2004-11-02 06:59:00,2004-11-02 06:50:00,21038.902372985143,-1.8433655809798073,21031.995286297915,8.750452268207809,0.0869801154534029
2004-11-02 07:00:00,2004-11-02 06:51:00,21038.906646971936,-1.880537385986307,21031.995236085644,8.791948272278594,0.238476570197812
2004-11-02 07:01:00,2004-11-02 06:52:00,21039.30441839749,-1.918172884483853,21031.99518587337,9.227405408603433,0.3335774734992585
2004-11-02 07:02:00,2004-11-02 06:53:00,21039.49796406749,-1.9562748128888225,21031.9951356611,9.459103219277111,-0.023340783138208643
2004-11-02 07:03:00,2004-11-02 06:54:00,21039.180963383533,-1.9948459076175913,21031.995085448823,9.180723842327016,-0.48233729020527516
2004-11-02 07:04:00,2004-11-02 06:55:00,21038.45557497033,-2.033888905086537,21031.99503523655,8.49442863886656,-0.3680341138623149
2004-11-02 07:05:00,2004-11-02 06:56:00,21038.366234097168,-2.073406541712035,21031.994985024277,8.444655614602386,0.34505681037134206
2004-11-02 07:06:00,2004-11-02 06:57:00,21039.066075517705,-2.1134015539104634,21031.994934812006,9.184542259609245,0.44019466406157637
2004-11-02 07:07:00,2004-11-02 06:58:00,21039.16605286436,-2.153876678098198,21031.99488459973,9.325044942725539,0.03970266870086725
2004-11-02 07:08:00,2004-11-02 06:59:00,21039.06394733378,-2.1948346506916154,21031.99483438746,9.26394759701098,-0.10977914445570125
2004-11-02 07:09:00,2004-11-02 07:00:00,21038.863992620893,-2.236278208107091,21031.994784175185,9.105486653814136,-0.36348859164482406
2004-11-02 07:10:00,2004-11-02 07:01:00,21038.25349428987,-2.2782100867610042,21031.99473396291,8.536970413721331,-0.16516929649409828
2004-11-02 07:11:00,2004-11-02 07:02:00,21038.449198788396,-2.3206330230697296,21031.99468375064,8.77514806082594,-0.2657074162549691
2004-11-02 07:12:00,2004-11-02 07:03:00,21037.636639366126,-2.363549753449644,21031.994633538365,8.005555581211393,-0.5630194722333224
2004-11-02 07:13:00,2004-11-02 07:04:00,21037.236729428132,-2.4069630143171246,21031.99458332609,7.649109116359295,0.04477418104997266
2004-11-02 07:14:00,2004-11-02 07:05:00,21037.63876151504,-2.4508755420885477,21031.99453311382,8.095103943311338,-0.2599608323838285
2004-11-02 07:15:00,2004-11-02 07:06:00,21036.628380279955,-2.49529007318029,21031.994482901544,7.129187451591638,-0.8656811040779413
2004-11-02 07:16:00,2004-11-02 07:07:00,21035.817965080416,-2.540209344008728,21031.99443268927,6.363741735155456,-0.11321602786788576
2004-11-02 07:17:00,2004-11-02 07:08:00,21036.311501781864,-2.5856360909902385,21031.994382476998,6.902755395855866,0.6955862909458865
2004-11-02 07:18:00,2004-11-02 07:09:00,21037.11767353123,-2.631573050541198,21031.994332264723,7.754914317047229,0.14622124953542937
2004-11-02 07:19:00,2004-11-02 07:10:00,21036.5114569883,-2.6780229590779823,21031.994282052452,7.195197894926725,-0.5073523817924754
2004-11-02 07:20:00,2004-11-02 07:11:00,21036.009452840623,-2.7249885530169697,21031.994231840177,6.740209553462278,-0.16219419008654512
2004-11-02 07:21:00,2004-11-02 07:12:00,21036.09251857388,-2.7724725687745355,21031.994181627902,6.870809514753635,0.08932767377752038
2004-11-02 07:22:00,2004-11-02 07:13:00,21036.09251857388,-2.8204777427670567,21031.99413141563,6.918864901017319,0.15040756616019468
2004-11-02 07:23:00,2004-11-02 07:14:00,21036.29669903902,-2.8690068114109106,21031.994081203356,7.171624647074024,0.6518777769327269
2004-11-02 07:24:00,2004-11-02 07:15:00,21037.298588934842,-2.9180625111224723,21031.99403099108,8.222620454882772,0.2429912966195924
2004-11-02 07:25:00,2004-11-02 07:16:00,21036.683940440802,-2.967647578318119,21031.993980778807,7.657607240313209,-0.30530117412987234
2004-11-02 07:26:00,2004-11-02 07:17:00,21036.588183923745,-3.0177647494142286,21031.993930566536,7.612018106623028,0.4577367161974464
2004-11-02 07:27:00,2004-11-02 07:18:00,21037.498544266142,-3.0684167608271764,21031.99388035426,8.573080672708102,0.4519374925560209
2004-11-02 07:28:00,2004-11-02 07:19:00,21037.390116884748,-3.119606348973339,21031.993830141986,8.51589309173507,0.0451741257721352
2004-11-02 07:29:00,2004-11-02 07:20:00,21037.485872603695,-3.1713362502690936,21031.99377992971,8.663428924252372,0.0999294978269134
2004-11-02 07:30:00,2004-11-02 07:21:00,21037.485872603695,-3.223609201130816,21031.993729717437,8.715752087388896,0.04943040905589502
2004-11-02 07:31:00,2004-11-02 07:22:00,21037.479543186724,-3.276426060805323,21031.993679505165,8.762289742364162,-0.1073717507777463
2004-11-02 07:32:00,2004-11-02 07:23:00,21037.164857698863,-3.329780179861188,21031.99362929289,8.501008585833404,-0.10367404621168053
2004-11-02 07:33:00,2004-11-02 07:24:00,21037.164857698863,-3.383663031697423,21031.99357908062,8.554941649940801,0.19995027256955744
2004-11-02 07:34:00,2004-11-02 07:25:00,21037.456371909604,-3.4380660897130424,21031.993528868345,8.900909130972519,-0.10577488469624274
2004-11-02 07:35:00,2004-11-02 07:26:00,21036.84388970931,-3.4929808273070564,21031.99347865607,8.343391880548316,-0.35625226785351316
2004-11-02 07:36:00,2004-11-02 07:27:00,21036.633434321186,-3.5483987178784804,21031.9934284438,8.188404595265492,0.2567219034392467
2004-11-02 07:37:00,2004-11-02 07:28:00,21037.245902684124,-3.604311234826326,21031.993378231524,8.856835687426809,0.5134576940036393
2004-11-02 07:38:00,2004-11-02 07:29:00,21037.54793815097,-3.6607098515496053,21031.993328019245,9.21531998327277,0.30873434246944953
2004-11-02 07:39:00,2004-11-02 07:30:00,21037.749996137893,-3.717586041447333,21031.993277806974,9.474304372365708,0.05505944459481782
2004-11-02 07:40:00,2004-11-02 07:31:00,21037.54373518924,-3.77493127791852,21031.993227594696,9.325438872462406,0.002383677057799183
2004-11-02 07:41:00,2004-11-02 07:32:00,21037.639512074544,-3.8327370343621805,21031.993177382425,9.479071726481306,0.054931525846773965
2004-11-02 07:42:00,2004-11-02 07:33:00,21037.537434310132,-3.8909947841773262,21031.993127170153,9.435301924155954,0.15850764229541348
2004-11-02 07:43:00,2004-11-02 07:34:00,21037.839467968188,-3.949696000762971,21031.99307695788,9.796087011072133,-0.04835183784653463
2004-11-02 07:44:00,2004-11-02 07:35:00,21037.322792836545,-4.0088321575181265,21031.9930267456,9.338598248462885,-0.2447325336682349
2004-11-02 07:45:00,2004-11-02 07:36:00,21037.231203749223,-4.068394727841807,21031.99297653333,9.306621943735664,0.06506538154013786
2004-11-02 07:46:00,2004-11-02 07:37:00,21037.333280147464,-4.128375185133023,21031.992926321054,9.46872901154316,-0.14810591738705625
2004-11-02 07:47:00,2004-11-02 07:38:00,21036.814521214947,-4.188765002790789,21031.992876108776,9.010410108961551,0.05644504731117728
2004-11-02 07:48:00,2004-11-02 07:39:00,21037.324889348456,-4.2495556542141175,21031.992825896505,9.581619106165515,0.5140808819583835
2004-11-02 07:49:00,2004-11-02 07:40:00,21037.720608944306,-4.310738612802022,21031.99277568423,10.038571872878318,0.41449420758838507
2004-11-02 07:50:00,2004-11-02 07:41:00,21038.031027641347,-4.372305351953514,21031.99272547196,10.410607521342286,-0.13605521951927457
2004-11-02 07:51:00,2004-11-02 07:42:00,21037.324889348456,-4.434247345067607,21031.992675259684,9.766461433839769,-0.34297886952324497
2004-11-02 07:52:00,2004-11-02 07:43:00,21037.220718764158,-4.496556065543313,21031.992625047405,9.724649782295796,0.15937202385391824
2004-11-02 07:53:00,2004-11-02 07:44:00,21037.518557329902,-4.5592229867796465,21031.992574835134,10.085205481547606,0.15868032835396573
2004-11-02 07:54:00,2004-11-02 07:45:00,21037.412295479688,-4.622239582175618,21031.99252462286,10.042010439003727,-0.18984969431540755
2004-11-02 07:55:00,2004-11-02 07:46:00,21037.012383178368,-4.685597325130244,21031.99247441058,9.70550609291679,-0.03535673674418849
2004-11-02 07:56:00,2004-11-02 07:47:00,21037.214433474786,-4.749287689042532,21031.992424198314,9.97129696551535,-0.0944327195723611
2004-11-02 07:57:00,2004-11-02 07:48:00,21036.695712492492,-4.813302147311499,21031.99237398603,9.516640653772068,-0.3992728366803231
2004-11-02 07:58:00,2004-11-02 07:49:00,21036.28744289258,-4.877632173336157,21031.99232377376,9.172751292154704,-0.29374308104784674
2004-11-02 07:59:00,2004-11-02 07:50:00,21035.979158812646,-4.942269240515517,21031.992273561485,8.929154491676375,-0.14346558890203465
2004-11-02 08:00:00,2004-11-02 07:51:00,21035.870838641313,-5.007204822248594,21031.99222334921,8.885820114350635,-0.09213333112449096
2004-11-02 08:01:00,2004-11-02 07:52:00,21035.664630574425,-5.0724303919343985,21031.992173136932,8.744887829427393,-0.18973765449085356
2004-11-02 08:02:00,2004-11-02 07:53:00,21035.360530307058,-5.137937422971946,21031.99212292466,8.506344805368927,-0.23840566476710112
2004-11-02 08:03:00,2004-11-02 07:54:00,21035.05643182352,-5.203717388760247,21031.992072712386,8.26807649989319,0.1596984134617001
2004-11-02 08:04:00,2004-11-02 07:55:00,21035.548002369702,-5.269761762698316,21031.992022500108,8.825741632292328,0.3068124266585084
2004-11-02 08:05:00,2004-11-02 07:56:00,21035.53761162286,-5.336062018185165,21031.991972287837,8.881701353210207,0.4153589605293311
2004-11-02 08:06:00,2004-11-02 07:57:00,21036.24577200029,-5.402609628619805,21031.99192207556,9.65645955335099,1.1279272827266809
2004-11-02 08:07:00,2004-11-02 07:58:00,21037.660031714553,-5.469396067401252,21031.99187186329,11.137555918663569,1.2770971778697122
2004-11-02 08:08:00,2004-11-02 07:59:00,21038.66606275217,-5.536412807928518,21031.99182165101,12.210653909090414,1.1836239428745303
2004-11-02 08:09:00,2004-11-02 08:00:00,21039.89292391955,-5.603651323600614,21031.991771438737,13.50480380441263,0.9901719401192626
2004-11-02 08:10:00,2004-11-02 08:01:00,21040.511615927975,-5.671103087816555,21031.991721226463,14.19099778932894,0.5873860857097934
2004-11-02 08:11:00,2004-11-02 08:02:00,21040.932487416045,-5.7387595739753525,21031.991671014188,14.679575975832217,0.28243902243040253
2004-11-02 08:12:00,2004-11-02 08:03:00,21040.940884380623,-5.8066122554760184,21031.99162080191,14.755875834189744,0.37633120589557567
2004-11-02 08:13:00,2004-11-02 08:04:00,21041.549156371544,-5.874652605717569,21031.99157058964,15.432238387623368,0.417052996642683
2004-11-02 08:14:00,2004-11-02 08:05:00,21041.638630106736,-5.942872098099013,21031.99152037736,15.58998182747511,-0.1973286378717347
2004-11-02 08:15:00,2004-11-02 08:06:00,21041.017789070946,-6.011262206019365,21031.991470165085,15.037581111879899,-0.031456590123278616
2004-11-02 08:16:00,2004-11-02 08:07:00,21041.43867419716,-6.079814402877638,21031.99141995281,15.527068647228553,0.3322612841009551
2004-11-02 08:17:00,2004-11-02 08:08:00,21041.544953258544,-6.1485201620728445,21031.991369740535,15.702103680081809,-0.1384705713595702
2004-11-02 08:18:00,2004-11-02 08:09:00,21041.024076075766,-6.2173709570039986,21031.99131952826,15.250127504509413,-0.0935871917690605
2004-11-02 08:19:00,2004-11-02 08:10:00,21041.21984035146,-6.28635826107011,21031.991269315986,15.514929296543688,0.16698364545639865
2004-11-02 08:20:00,2004-11-02 08:11:00,21041.21984035146,-6.3554735476701945,21031.991219103707,15.58409479542221,-0.0775976085428507
2004-11-02 08:21:00,2004-11-02 08:12:00,21040.92619468069,-6.424708290203263,21031.991168891436,15.359734079457986,-0.08481562702365153
2004-11-02 08:22:00,2004-11-02 08:13:00,21040.911528258464,-6.494053962068328,21031.991118679158,15.414463541374907,0.15790681668323536
2004-11-02 08:23:00,2004-11-02 08:14:00,21041.103114143043,-6.563502036664406,21031.991068466883,15.675547712824457,0.16115682668106057
2004-11-02 08:24:00,2004-11-02 08:15:00,21041.09475146196,-6.633043987390506,21031.991018254612,15.736777194737028,0.017554620944222776
2004-11-02 08:25:00,2004-11-02 08:16:00,21040.9989537094,-6.702671287645642,21031.990968042333,15.710656954712903,-0.03443981857662326
2004-11-02 08:26:00,2004-11-02 08:17:00,21040.88643997681,-6.772375410828826,21031.990917830055,15.667897557583782,0.06352071850297847
2004-11-02 08:27:00,2004-11-02 08:18:00,21040.986418179164,-6.842147830339072,21031.990867617784,15.83769839171886,0.014646760419040561
2004-11-02 08:28:00,2004-11-02 08:19:00,21040.776028464352,-6.911980019575393,21031.990817405505,15.697191078421863,0.019918921900467623
2004-11-02 08:29:00,2004-11-02 08:20:00,21040.88643997681,-6.9818634519368,21031.990767193227,15.877536235519795,-0.026893938271552287
2004-11-02 08:30:00,2004-11-02 08:21:00,21040.582330582012,-7.051789600822307,21031.990716980956,15.643403201878758,-0.1882960046839628
2004-11-02 08:31:00,2004-11-02 08:22:00,21040.3698610552,-7.121749939630927,21031.990666768677,15.50094422615187,-0.23825159422652398
2004-11-02 08:32:00,2004-11-02 08:23:00,21039.965780628067,-7.191735941761672,21031.990616556403,15.16690001342571,0.32416046421566236
2004-11-02 08:33:00,2004-11-02 08:24:00,21040.8780924181,-7.261739080613556,21031.99056634413,16.149265154583194,0.5199600080523634
2004-11-02 08:34:00,2004-11-02 08:25:00,21040.865585331798,-7.331750829585591,21031.990516131853,16.206820029530437,-0.09656270953307011
2004-11-02 08:35:00,2004-11-02 08:26:00,21040.544842993015,-7.40176266207679,21031.990465919574,15.956139735517054,-0.19963487126491586
2004-11-02 08:36:00,2004-11-02 08:27:00,21040.326199942814,-7.471766051486166,21031.9904157073,15.807550287000605,0.2772818868739302
2004-11-02 08:37:00,2004-11-02 08:28:00,21040.959316533077,-7.54175247121273,21031.990365495025,16.510703509264914,0.3949163964512241
2004-11-02 08:38:00,2004-11-02 08:29:00,21040.975984967998,-7.611713394655498,21031.99031528275,16.597383079903054,0.07937118779823571
2004-11-02 08:39:00,2004-11-02 08:30:00,21040.97807066012,-7.681640295213479,21031.99026507047,16.669445884861386,-0.03835671039573185
2004-11-02 08:40:00,2004-11-02 08:31:00,21040.759359871023,-7.75152464628569,21031.990214858197,16.52066965911159,-0.294593534245152
2004-11-02 08:41:00,2004-11-02 08:32:00,21040.249065541026,-7.821357921271141,21031.990164645926,16.08025881637108,-0.44562453577230254
2004-11-02 08:42:00,2004-11-02 08:33:00,21039.728403427645,-7.891131593568845,21031.990114433647,15.629420587566985,-0.3936091497404224
2004-11-02 08:43:00,2004-11-02 08:34:00,21039.32226760168,-7.960837136577816,21031.99006422137,15.293040516890237,-0.08336123276807506
2004-11-02 08:44:00,2004-11-02 08:35:00,21039.422246107428,-8.030466023697064,21031.990014009094,15.462698122030835,0.27270442113259286
2004-11-02 08:45:00,2004-11-02 08:36:00,21039.728403427645,-8.100009728325606,21031.989963796816,15.838449359155423,0.1643454598576941
2004-11-02 08:46:00,2004-11-02 08:37:00,21039.611842902425,-8.169459723862454,21031.98991358454,15.791389041746223,0.2131972305535914
2004-11-02 08:47:00,2004-11-02 08:38:00,21040.015899708822,-8.238807483706616,21031.989863372266,16.264843820262605,0.5202815971151447
2004-11-02 08:48:00,2004-11-02 08:39:00,21040.513720914707,-8.30804448125711,21031.989813159988,16.831952235976512,0.3212461005329672
2004-11-02 08:49:00,2004-11-02 08:40:00,21040.51993677913,-8.377162189912946,21031.989762947713,16.90733602132854,-0.12567190778782766
2004-11-02 08:50:00,2004-11-02 08:41:00,21040.124169072766,-8.44615208307314,21031.989712735438,16.580608420400857,0.1751726712594568
2004-11-02 08:51:00,2004-11-02 08:42:00,21040.73233825287,-8.515005634136699,21031.98966252316,17.257681363847453,0.3229266894862022
2004-11-02 08:52:00,2004-11-02 08:43:00,21040.63235979375,-8.583714316502641,21031.98961231088,17.22646179937326,-0.23332826101678528
2004-11-02 08:53:00,2004-11-02 08:44:00,21040.12831733685,-8.65226960356998,21031.989562098606,16.791024841813883,0.06541234534630469
2004-11-02 08:54:00,2004-11-02 08:45:00,21040.62613540766,-8.720662968737724,21031.98951188633,17.35728649006587,0.31934194642826874
2004-11-02 08:55:00,2004-11-02 08:46:00,21040.630284523322,-8.788885885404888,21031.989461674057,17.42970873467042,-0.1296987377066099
2004-11-02 08:56:00,2004-11-02 08:47:00,21040.230370649464,-8.856929826970484,21031.989411461782,17.09788901465265,0.0711140212351804
2004-11-02 08:57:00,2004-11-02 08:48:00,21040.636511759807,-8.924786266833525,21031.9893612495,17.57193677714078,0.218813980677929
2004-11-02 08:58:00,2004-11-02 08:49:00,21040.53238133484,-8.992446678393025,21031.989311037225,17.53551697600851,-0.2885414943523248
2004-11-02 08:59:00,2004-11-02 08:50:00,21039.924212078335,-9.059902535047996,21031.989260824947,16.99485378843613,-0.2887475599716325
2004-11-02 09:00:00,2004-11-02 08:51:00,21039.82008715854,-9.127145310197449,21031.98921061267,16.958021856065244,0.220261468935675
2004-11-02 09:01:00,2004-11-02 08:52:00,21040.230370649464,-9.194166477240401,21031.989160400397,17.43537672630748,0.22522251566753937
2004-11-02 09:02:00,2004-11-02 08:53:00,21040.136619565947,-9.26095750957586,21031.989110188122,17.408466887400323,0.22603692903623163
2004-11-02 09:03:00,2004-11-02 08:54:00,21040.549000679617,-9.327509880602843,21031.98905997584,17.887450584379945,0.27266954618596984
2004-11-02 09:04:00,2004-11-02 08:55:00,21040.549000679617,-9.393815063720362,21031.989009763565,17.953805979772262,-0.1326894230053668
2004-11-02 09:05:00,2004-11-02 08:56:00,21040.151166757332,-9.459864532327426,21031.98895955129,17.62207173836921,-0.5390983343089708
2004-11-02 09:06:00,2004-11-02 08:57:00,21039.338868890343,-9.525649759823052,21031.988909339012,16.87560931115432,-0.24047145062142405
2004-11-02 09:07:00,2004-11-02 08:58:00,21039.538825744257,-9.59116221960625,21031.988859126737,17.141128837126363,-0.7468515876338451
2004-11-02 09:08:00,2004-11-02 08:59:00,21037.71432166527,-9.656393385076036,21031.98880891446,15.38190613588663,-0.7888326673030566
2004-11-02 09:09:00,2004-11-02 09:00:00,21037.83088747507,-9.721334729631423,21031.98875870218,15.56346350252025,0.4251364041983017
2004-11-02 09:10:00,2004-11-02 09:01:00,21038.43490970752,-9.785977726671417,21031.98870848991,16.232178944283234,0.466529333331124
2004-11-02 09:11:00,2004-11-02 09:02:00,21038.634866597215,-9.85031384959504,21031.988658277627,16.496522169182498,0.06734400395587059
2004-11-02 09:12:00,2004-11-02 09:03:00,21038.441140445746,-9.914334571801298,21031.988608065352,16.366866952194975,-0.09124625164635702
2004-11-02 09:13:00,2004-11-02 09:04:00,21038.324556152278,-9.978031366689203,21031.988557853078,16.314029665889784,-0.043663572466982714
2004-11-02 09:14:00,2004-11-02 09:05:00,21038.2266517404,-10.041395707657776,21031.988507640795,16.27953980726101,0.11634511565520178
2004-11-02 09:15:00,2004-11-02 09:06:00,21038.430758257615,-10.104419068106022,21031.98845742852,16.546719897200187,-0.03811671505133951
2004-11-02 09:16:00,2004-11-02 09:07:00,21038.02462067197,-10.167092921432957,21031.988407216246,16.20330637715833,-0.1874011109065652
2004-11-02 09:17:00,2004-11-02 09:08:00,21037.930865938317,-10.229408741037595,21031.988357003967,16.171917675387057,0.26732726949451013
2004-11-02 09:18:00,2004-11-02 09:09:00,21038.43490970752,-10.291358000318946,21031.988306791693,16.73796091614735,0.15971558734474733
2004-11-02 09:19:00,2004-11-02 09:10:00,21038.126673256815,-10.352932172676024,21031.988256579414,16.49134885007655,-0.14060007500530247
2004-11-02 09:20:00,2004-11-02 09:11:00,21038.030844401765,-10.41412273150784,21031.988206367136,16.456760766136746,0.016244276478966313
2004-11-02 09:21:00,2004-11-02 09:12:00,21038.037072407682,-10.47492115021341,21031.98815615486,16.523837403034484,0.06583949036252434
2004-11-02 09:22:00,2004-11-02 09:13:00,21038.041226787253,-10.535318902191745,21031.988105942582,16.588439746861795,-0.038696580176733164
2004-11-02 09:23:00,2004-11-02 09:14:00,21037.839192512143,-10.595307460841859,21031.988055730304,16.446444242681018,-0.0901377098965348
2004-11-02 09:24:00,2004-11-02 09:15:00,21037.741291545535,-10.654878299562762,21031.98800551803,16.408164327068725,0.12083611029254548
2004-11-02 09:25:00,2004-11-02 09:16:00,21037.962048877263,-10.71402289175347,21031.98795530575,16.68811646326611,0.1693560837658552
2004-11-02 09:26:00,2004-11-02 09:17:00,21037.962048877263,-10.772732710812994,21031.987905093476,16.746876494600436,-0.04560292462745785
2004-11-02 09:27:00,2004-11-02 09:18:00,21037.75376626507,-10.83099923014035,21031.987854881198,16.596910614011193,-0.2522446737994528
2004-11-02 09:28:00,2004-11-02 09:19:00,21037.341377892786,-10.888813923134544,21031.98780466892,16.24238714700153,-0.20477761909257453
2004-11-02 09:29:00,2004-11-02 09:20:00,21037.228941569276,-10.946168263194595,21031.987754456644,16.187355375826044,-0.2521055717725238
2004-11-02 09:30:00,2004-11-02 09:21:00,21036.7228265241,-11.003053723719512,21031.987704244362,15.738176003456482,-0.7420931471700687
2004-11-02 09:31:00,2004-11-02 09:22:00,21035.63136133546,-11.05946177810831,21031.987654032084,14.703169081485907,-0.4864029358565647
2004-11-02 09:32:00,2004-11-02 09:23:00,21035.637590051792,-11.115383899760005,21031.98760381981,14.765370131743353,0.16089529864265462
2004-11-02 09:33:00,2004-11-02 09:24:00,21035.84170172423,-11.1708115620736,21031.98755360753,15.024959678771216,-0.24159231829077843
2004-11-02 09:34:00,2004-11-02 09:25:00,21035.043952651966,-11.22573623844812,21031.987503395252,14.282185495161796,-0.3462333649105531
2004-11-02 09:35:00,2004-11-02 09:26:00,21035.039796729645,-11.280149402282566,21031.987453182977,14.33249294895011,0.7113428518885581
2004-11-02 09:36:00,2004-11-02 09:27:00,21036.358231642662,-11.334042526975958,21031.9874029707,15.704871198938912,0.9711762818386509
2004-11-02 09:37:00,2004-11-02 09:28:00,21036.87479118512,-11.387407085927311,21031.98735275842,16.27484551262741,0.20832070368848843
2004-11-02 09:38:00,2004-11-02 09:29:00,21036.668580599922,-11.44023455253563,21031.987302546142,16.12151260631589,-0.19942572315525986
2004-11-02 09:39:00,2004-11-02 09:30:00,21036.37072999998,-11.492516400199932,21031.987252333864,15.875994066316892,-0.03957969298298103
2004-11-02 09:40:00,2004-11-02 09:31:00,21036.485311239616,-11.54424410231923,21031.987202121585,16.042353220349927,-0.09325657290107259
2004-11-02 09:41:00,2004-11-02 09:32:00,21036.081223697536,-11.595409132292538,21031.987151909314,15.689480920514747,-0.04800453064206245
2004-11-02 09:42:00,2004-11-02 09:33:00,21036.28744289258,-11.646002963518868,21031.987101697032,15.946344159065802,0.20240885039364187
2004-11-02 09:43:00,2004-11-02 09:34:00,21036.385333036662,-11.696017069397229,21031.987051484757,16.09429862130203,0.04455242134018533
2004-11-02 09:44:00,2004-11-02 09:35:00,21036.2770073509,-11.745442923326637,21031.98700127248,16.035449001746173,-0.1507787279327122
2004-11-02 09:45:00,2004-11-02 09:36:00,21035.98542022693,-11.794271998706105,21031.9869510602,15.792741165436606,0.05483867283271948
2004-11-02 09:46:00,2004-11-02 09:37:00,21036.289531426402,-11.842495768934647,21031.986900847925,16.145126347411612,0.25942080641936194
2004-11-02 09:47:00,2004-11-02 09:38:00,21036.40832770651,-11.890105707411273,21031.986850635647,16.31158277827533,-0.09739332937540812
2004-11-02 09:48:00,2004-11-02 09:39:00,21036.00004682449,-11.937093287534998,21031.986800423365,15.950339688660796,-0.05639426100988487
2004-11-02 09:49:00,2004-11-02 09:40:00,21036.20209448464,-11.983449982704833,21031.98675021109,16.19879425625556,-0.11014934057062309
2004-11-02 09:50:00,2004-11-02 09:41:00,21035.68757374001,-12.029167266319792,21031.98669999881,15.73004100751955,0.14228530046489496
2004-11-02 09:51:00,2004-11-02 09:42:00,21036.395778031936,-12.074236611778888,21031.98664978653,16.48336485718535,0.1510388013992614
2004-11-02 09:52:00,2004-11-02 09:43:00,21035.90006869209,-12.118649492481131,21031.986599574255,16.032118610318072,-0.1558257082797443
2004-11-02 09:53:00,2004-11-02 09:44:00,21035.995865420777,-12.162397381825539,21031.986549361976,16.17171344062586,0.3528154363059084
2004-11-02 09:54:00,2004-11-02 09:45:00,21036.518776879413,-12.205471753211118,21031.986499149694,16.73774948292989,0.044874263241126755
2004-11-02 09:55:00,2004-11-02 09:46:00,21036.00004682449,-12.247864080036887,21031.98644893742,16.261461967108115,-0.4661673717393029
2004-11-02 09:56:00,2004-11-02 09:47:00,21035.50224762889,-12.289565835701854,21031.98639872514,15.805414739451283,0.0008333163853304626
2004-11-02 09:57:00,2004-11-02 09:48:00,21035.918908619133,-12.330568493605035,21031.98634851286,16.263128599878776,0.09906248946098017
2004-11-02 09:58:00,2004-11-02 09:49:00,21035.618974491812,-12.370863527145442,21031.986298300584,16.003539718373244,0.24728306015945734
2004-11-02 09:59:00,2004-11-02 09:50:00,21036.33350039878,-12.410442409722092,21031.986248088306,16.75769472019769,0.3570464004087537
2004-11-02 10:00:00,2004-11-02 09:51:00,21036.254533780484,-12.449296614733989,21031.986197876027,16.71763251919075,-0.10512852949824136
2004-11-02 10:01:00,2004-11-02 09:52:00,21036.04616770937,-12.487417615580151,21031.98614766375,16.547437661201208,-0.16530965678842335
2004-11-02 10:02:00,2004-11-02 09:53:00,21035.848313771425,-12.524796885659592,21031.98609745147,16.387013205613904,-0.20763325687011047
2004-11-02 10:03:00,2004-11-02 09:54:00,21035.556792488285,-12.56142589837132,21031.986047239196,16.132171147460987,-0.6114537960163702
2004-11-02 10:04:00,2004-11-02 09:55:00,21034.552806513384,-12.597296127114355,21031.985997026917,15.164105613581164,-0.35700436114238077
2004-11-02 10:05:00,2004-11-02 09:56:00,21034.771710194524,-12.632399045287704,21031.985946814635,15.418162425176225,-0.15782336501501248
2004-11-02 10:06:00,2004-11-02 09:57:00,21034.167629359617,-12.666726126290378,21031.985896602357,14.848458883551139,-0.11281926537924125
2004-11-02 10:07:00,2004-11-02 09:58:00,21034.478101440975,-12.700268843521396,21031.98584639008,15.192523894417743,0.04374122717724127
2004-11-02 10:08:00,2004-11-02 09:59:00,21034.188718845326,-12.733018670379767,21031.9857961778,14.935941337905621,-0.10278138360824762
2004-11-02 10:09:00,2004-11-02 10:00:00,21034.207740012458,-12.764967080264505,21031.98574596552,14.986961127201248,-0.05993107646267681
2004-11-02 10:10:00,2004-11-02 10:01:00,21034.00566939165,-12.796105546574623,21031.985695753243,14.816079184980268,-0.2659788486402688
2004-11-02 10:11:00,2004-11-02 10:02:00,21033.614223428176,-12.826425542709133,21031.985645540964,14.45500342992071,-0.2699761728926955
2004-11-02 10:12:00,2004-11-02 10:03:00,21033.405803625814,-12.855918542067048,21031.985595328686,14.276126839194877,-0.2729239822805969
2004-11-02 10:13:00,2004-11-02 10:04:00,21033.01012456372,-12.884576018047381,21031.985545116408,13.909155465359516,-0.41420429219928856
2004-11-02 10:14:00,2004-11-02 10:05:00,21032.52082371488,-12.91238944404914,21031.985494904133,13.4477182547963,-0.27355347623794746
2004-11-02 10:15:00,2004-11-02 10:06:00,21032.408142911263,-12.939350293471353,21031.98544469185,13.362048512883621,-0.2744113752245765
2004-11-02 10:16:00,2004-11-02 10:07:00,21031.918839944206,-12.965450039713014,21031.985394479572,12.898895504347147,-0.8219781382209614
2004-11-02 10:17:00,2004-11-02 10:08:00,21030.712756347562,-12.990680156173148,21031.985344267294,11.718092236441699,-0.11239854942935779
2004-11-02 10:18:00,2004-11-02 10:09:00,21031.64436034425,-13.01503211625076,21031.98529405501,12.674098405488431,0.1409019108643541
2004-11-02 10:19:00,2004-11-02 10:10:00,21030.946642507563,-13.03849739334487,21031.985243842737,11.999896058170407,-0.5725467303380034
2004-11-02 10:20:00,2004-11-02 10:11:00,21030.453131114413,-13.061067460854485,21031.985193630455,11.529004944812424,-0.27138595269541455
2004-11-02 10:21:00,2004-11-02 10:12:00,21030.359533778777,-13.082733792178622,21031.985143418176,11.457124152779578,-0.4286378781166764
2004-11-02 10:22:00,2004-11-02 10:13:00,21029.55333453376,-13.103487860716292,21031.985093205898,10.671729188579071,-0.332767037889691
2004-11-02 10:23:00,2004-11-02 10:14:00,21029.653311930753,-13.123321139866507,21031.98504299362,10.791590077000196,0.1725750366104002
2004-11-02 10:24:00,2004-11-02 10:15:00,21029.85964694011,-13.14222510302828,21031.984992781337,11.016879261799872,0.12378068531631481
2004-11-02 10:25:00,2004-11-02 10:16:00,21029.86390279309,-13.160191223600627,21031.98494256906,11.039151447632825,0.2302794583563852
2004-11-02 10:26:00,2004-11-02 10:17:00,21030.285119560314,-13.177210974982557,21031.984892356784,11.477438178512642,0.6442045708948232
2004-11-02 10:27:00,2004-11-02 10:18:00,21031.11912690335,-13.193275830573082,21031.984842144502,12.327560589422472,0.39121867997426296
2004-11-02 10:28:00,2004-11-02 10:19:00,21031.03629020691,-13.20837726377122,21031.98479193222,12.259875538461168,-0.12351190651904975
2004-11-02 10:29:00,2004-11-02 10:20:00,21030.842771748354,-13.222506747975979,21031.984741719945,12.080536776384372,-0.23088882778644582
2004-11-02 10:30:00,2004-11-02 10:21:00,21030.54713363397,-13.235655756586373,21031.984691507667,11.798097882888277,-0.38720135704003145
2004-11-02 10:31:00,2004-11-02 10:22:00,21030.042955971345,-13.247819386347956,21031.98464129539,11.30613406230431,-0.3381933814121405
2004-11-02 10:32:00,2004-11-02 10:23:00,21029.847294975778,-13.259007227392434,21031.984591083106,11.121711120063996,-0.03386377991023437
2004-11-02 10:33:00,2004-11-02 10:24:00,21029.953714880114,-13.26923249319806,21031.984540870828,11.23840650248384,0.16298766958517508
2004-11-02 10:34:00,2004-11-02 10:25:00,21030.15366872054,-13.278508397243085,21031.98449065855,11.447686459234346,0.10883496239762369
2004-11-02 10:35:00,2004-11-02 10:26:00,21030.15366872054,-13.286848153005751,21031.984440446267,11.456076427279088,-0.03453489821052447
2004-11-02 10:36:00,2004-11-02 10:27:00,21030.068741922838,-13.294264973964314,21031.98439023399,11.378616662813297,-0.037602432020173104
2004-11-02 10:37:00,2004-11-02 10:28:00,21030.064439511356,-13.300772073597017,21031.984340021714,11.380871563238742,0.10823804273044058
2004-11-02 10:38:00,2004-11-02 10:29:00,21030.272999892324,-13.306382665382111,21031.984289809432,11.595092748274178,0.06597307480796033
2004-11-02 10:39:00,2004-11-02 10:30:00,21030.185947347207,-13.31110996279785,21031.98423959715,11.512817712854662,0.017275246335084482
2004-11-02 10:40:00,2004-11-02 10:31:00,21030.298865446493,-13.31496717932248,21031.98418938487,11.629643240944347,0.013188248561825766
2004-11-02 10:41:00,2004-11-02 10:32:00,21030.205365854134,-13.317967528434247,21031.98413917259,11.539194209978314,-0.09302939974412272
2004-11-02 10:42:00,2004-11-02 10:33:00,21030.107549178156,-13.320124223611407,21031.98408896031,11.443584441456101,0.006113089693719154
2004-11-02 10:43:00,2004-11-02 10:34:00,21030.214008659066,-13.321450478332203,21031.984038748033,11.551420389365752,0.25631294798261006
2004-11-02 10:44:00,2004-11-02 10:35:00,21030.618239367097,-13.321959506074887,21031.98398853575,11.956210337421322,-0.10845848487775012
2004-11-02 10:45:00,2004-11-02 10:36:00,21029.996777222765,-13.321664520317706,21031.983938323472,11.334503419610252,-0.41566184064281764
2004-11-02 10:46:00,2004-11-02 10:37:00,21029.78819603279,-13.320578734538913,21031.983888111194,11.124886656135686,0.052881611636554915
2004-11-02 10:47:00,2004-11-02 10:38:00,21030.10538917958,-13.318715362216754,21031.98383789891,11.440266642883362,0.36283801367643065
2004-11-02 10:48:00,2004-11-02 10:39:00,21030.518262753296,-13.316087616829478,21031.983787686637,11.850562683488548,0.30995221821632946
2004-11-02 10:49:00,2004-11-02 10:40:00,21030.731199841815,-13.312708711855336,21031.983737474355,12.06017107931602,0.4200536809150739
2004-11-02 10:50:00,2004-11-02 10:41:00,21031.36576544662,-13.308591860772578,21031.983687262073,12.690670045318695,0.6236592615038035
2004-11-02 10:51:00,2004-11-02 10:42:00,21031.987376375062,-13.30375027705945,21031.983637049798,13.307489602323628,0.1633215579859053
2004-11-02 10:52:00,2004-11-02 10:43:00,21031.702702824612,-13.298197174194204,21031.983586837516,13.017313161290506,-0.34923164327906875
2004-11-02 10:53:00,2004-11-02 10:44:00,21031.300617175344,-13.291945765655086,21031.983536625234,12.60902631576549,-0.456436698596308
2004-11-02 10:54:00,2004-11-02 10:45:00,21030.802916912136,-13.285009264920348,21031.98348641296,12.10443976409789,-0.6081697806103188
2004-11-02 10:55:00,2004-11-02 10:46:00,21030.098722069753,-13.277400885468237,21031.983436200677,11.392686754544853,-0.4067016385495119
2004-11-02 10:56:00,2004-11-02 10:47:00,21030.005288634617,-13.269133840777005,21031.983385988395,11.291036486998866,-0.1585039037267757
2004-11-02 10:57:00,2004-11-02 10:48:00,21029.798793378883,-13.2602213443249,21031.983335776116,11.075678947091301,-0.4732325113502487
2004-11-02 10:58:00,2004-11-02 10:49:00,21029.077180418542,-13.250676609590172,21031.983285563834,10.344571464298369,-0.11413888405151518
2004-11-02 10:59:00,2004-11-02 10:50:00,21029.59012368049,-13.240512850051068,21031.983235351552,10.847401178988271,-0.3103454466343667
2004-11-02 11:00:00,2004-11-02 10:51:00,21028.47732243112,-13.229743279185836,21031.983185139277,9.723880571029635,-0.41527572041072425
2004-11-02 11:01:00,2004-11-02 10:52:00,21028.781603554686,-13.21838111047273,21031.98313492699,10.016849738166822,0.14489389591427226
2004-11-02 11:02:00,2004-11-02 10:53:00,21028.790313520178,-13.206439557389995,21031.98308471471,10.01366836285818,-0.16213889156039052
2004-11-02 11:03:00,2004-11-02 10:54:00,21028.48167462406,-13.193931833415881,21031.98303450243,9.692571955046041,-0.3159294825102279
2004-11-02 11:04:00,2004-11-02 10:55:00,21028.18392253596,-13.18087115202864,21031.982984290153,9.381809397837724,-0.766366673415324
2004-11-02 11:05:00,2004-11-02 10:56:00,21026.975501959383,-13.167270726706517,21031.982934077874,8.159838608215393,-0.618023766559503
2004-11-02 11:06:00,2004-11-02 10:57:00,21026.975501959383,-13.153143770927766,21031.982883865592,8.145761864718718,0.0421849168532864
2004-11-02 11:07:00,2004-11-02 10:58:00,21027.08853859706,-13.138503498170632,21031.98283365331,8.244208441921966,-0.5723180900104365
2004-11-02 11:08:00,2004-11-02 10:59:00,21025.86054600382,-13.123363121913362,21031.982783441035,7.001125684697845,-0.21855236606827422
2004-11-02 11:09:00,2004-11-02 11:00:00,21026.6821010829,-13.107735855634212,21031.98273322875,7.807103709785418,0.8014031780457636
2004-11-02 11:10:00,2004-11-02 11:01:00,21027.49498014445,-13.091634912811427,21031.98268301647,8.603932040789372,0.290182323441436
2004-11-02 11:11:00,2004-11-02 11:02:00,21027.295027653938,-13.075073506923257,21031.982632804193,8.38746835666829,-0.21232626949417632
2004-11-02 11:12:00,2004-11-02 11:03:00,21027.103797242264,-13.058064851447952,21031.98258259191,8.17927950180102,0.03172301131395994
2004-11-02 11:13:00,2004-11-02 11:04:00,21027.39282459906,-13.04062215986376,21031.98253237963,8.45091437929621,0.08128270683088257
2004-11-02 11:14:00,2004-11-02 11:05:00,21027.301568437164,-13.022758645648933,21031.98248216735,8.341844915462785,0.04397018637112904
2004-11-02 11:15:00,2004-11-02 11:06:00,21027.516799184825,-13.004487522281714,21031.982431955068,8.538854752038468,0.09138202099018944
2004-11-02 11:16:00,2004-11-02 11:07:00,21027.52116869699,-12.985822003240358,21031.982381742786,8.524608957443164,-0.062236817210567175
2004-11-02 11:17:00,2004-11-02 11:08:00,21027.429937346125,-12.966775302003109,21031.98233153051,8.414381117617333,-0.06041996101974423
2004-11-02 11:18:00,2004-11-02 11:09:00,21027.43868972158,-12.947360632048222,21031.982281318225,8.403769035403675,-0.3694581095753122
2004-11-02 11:19:00,2004-11-02 11:10:00,21026.73010479756,-12.927591206853942,21031.982231105947,7.675464898466709,-0.11329454692025376
2004-11-02 11:20:00,2004-11-02 11:11:00,21027.251880595333,-12.907480239898518,21031.98218089367,8.177179941563168,0.14178309367372144
2004-11-02 11:21:00,2004-11-02 11:12:00,21027.054120822537,-12.887040944660205,21031.982130681383,7.959031085814152,-0.6780568275262047
2004-11-02 11:22:00,2004-11-02 11:13:00,21025.936860220998,-12.866286534617247,21031.982080469104,6.821066286510758,-1.0859278757427733
2004-11-02 11:23:00,2004-11-02 11:14:00,21024.923975367903,-12.845230223247892,21031.982030256822,5.787175334328605,-0.4199600943917119
2004-11-02 11:24:00,2004-11-02 11:15:00,21025.139240918237,-12.823885224030393,21031.98198004454,5.9811460977273345,0.2460255638480353
2004-11-02 11:25:00,2004-11-02 11:16:00,21025.458891543843,-12.802264750442996,21031.98192983226,6.279226462024676,0.49352632761173876
2004-11-02 11:26:00,2004-11-02 11:17:00,21026.169696356963,-12.780382015963951,21031.981879619976,6.968198752950812,0.44111242225454195
2004-11-02 11:27:00,2004-11-02 11:18:00,21026.385030480156,-12.758250234071507,21031.981829407694,7.16145130653376,0.09096840026804465
2004-11-02 11:28:00,2004-11-02 11:19:00,21026.396032130662,-12.735882618243917,21031.98177919542,7.150135553486901,0.03966879571040938
2004-11-02 11:29:00,2004-11-02 11:20:00,21026.50922549913,-12.713292381959425,21031.981728983134,7.2407888979545785,-0.16379456689991123
2004-11-02 11:30:00,2004-11-02 11:21:00,21026.113732451842,-12.690492738696285,21031.98167877085,6.822546419687079,-0.41723624692391326
2004-11-02 11:31:00,2004-11-02 11:22:00,21025.72044806075,-12.667496901932742,21031.981628558577,6.406316404106752,-0.16085663887584722
2004-11-02 11:32:00,2004-11-02 11:23:00,21025.83809340308,-12.644318085147045,21031.98157834629,6.500833141935384,0.14111419864050045
2004-11-02 11:33:00,2004-11-02 11:24:00,21026.04910343358,-12.620969501817445,21031.98152813401,6.688544801387753,-0.11782265307467021
2004-11-02 11:34:00,2004-11-02 11:25:00,21025.649201392094,-12.59746436542219,21031.98147792173,6.265187835786044,-0.4734163879589497
2004-11-02 11:35:00,2004-11-02 11:26:00,21025.14932384548,-12.573815889439532,21031.98142770945,5.7417120254698535,-0.22029369587940995
2004-11-02 11:36:00,2004-11-02 11:27:00,21025.25594065385,-12.550037287347719,21031.98137749717,5.824600444027224,0.0795092968157709
2004-11-02 11:37:00,2004-11-02 11:28:00,21025.35591613136,-12.526141772624996,21031.981327284884,5.900730619101395,-0.22716881878786133
2004-11-02 11:38:00,2004-11-02 11:29:00,21024.849397320304,-12.50214255874962,21031.981277072602,5.3702628064515014,-0.22062236236437371
2004-11-02 11:39:00,2004-11-02 11:30:00,21024.962659895496,-12.478052859199835,21031.981226860324,5.459485894372648,0.13696234365333027
2004-11-02 11:40:00,2004-11-02 11:31:00,21025.171478254346,-12.453885887453888,21031.98117664804,5.644187493758162,0.19133666241632152
2004-11-02 11:41:00,2004-11-02 11:32:00,21025.393630797975,-12.429654856990032,21031.98112643576,5.842159219205291,0.04244175583688481
2004-11-02 11:42:00,2004-11-02 11:33:00,21025.304774247623,-12.405372981286517,21031.981076223477,5.729071005431932,-0.1686539994314904
2004-11-02 11:43:00,2004-11-02 11:34:00,21025.104823757716,-12.381053473821588,21031.981026011195,5.50485122034231,-0.06647598330401472
2004-11-02 11:44:00,2004-11-02 11:35:00,21025.220385289664,-12.356709548073498,21031.980975798913,5.596119038823902,-0.4186347101498402
2004-11-02 11:45:00,2004-11-02 11:36:00,21024.31615296916,-12.332354417520495,21031.98092558664,4.66758180004263,-0.31754012618438043
2004-11-02 11:46:00,2004-11-02 11:37:00,21024.633912865167,-12.308001295640828,21031.980875374353,4.961038786455141,-0.06871134354060349
2004-11-02 11:47:00,2004-11-02 11:38:00,21024.22732087912,-12.283663395912749,21031.98082516207,4.530159112961423,0.026829792994385926
2004-11-02 11:48:00,2004-11-02 11:39:00,21024.736119390418,-12.259353931814498,21031.98077494979,5.014698372443913,0.3390700734674148
2004-11-02 11:49:00,2004-11-02 11:40:00,21024.95393788058,-12.235086116824336,21031.980724737507,5.208299259896252,0.3947129230249615
2004-11-02 11:50:00,2004-11-02 11:41:00,21025.573925579298,-12.210873164420502,21031.980674525224,5.804124218493836,0.1892508126706982
2004-11-02 11:51:00,2004-11-02 11:42:00,21025.380696910102,-12.186728288081254,21031.980624312946,5.586800885237649,-0.7716255918361989
2004-11-02 11:52:00,2004-11-02 11:43:00,21024.0787824342,-12.162664701284834,21031.980574100664,4.260873034821438,-0.5682219621425162
2004-11-02 11:53:00,2004-11-02 11:44:00,21024.292185231825,-12.138695617509496,21031.980523888382,4.450356960952616,0.29064430021356724
2004-11-02 11:54:00,2004-11-02 11:45:00,21024.707801061115,-12.114834250233486,21031.9804736761,4.842161635248573,-0.06587966000948509
2004-11-02 11:55:00,2004-11-02 11:46:00,21024.207927291816,-12.091093812935057,21031.980423463818,4.318597640933646,-0.3156772856813177
2004-11-02 11:56:00,2004-11-02 11:47:00,21024.12369279633,-12.067487519092452,21031.980373251536,4.210807063885937,0.18996556391046848
2004-11-02 11:57:00,2004-11-02 11:48:00,21024.634823225824,-12.044028582183925,21031.980323039254,4.698528768754583,0.43105987045194194
2004-11-02 11:58:00,2004-11-02 11:49:00,21025.03246941607,-12.020730215687726,21031.980272826968,5.072926804789821,0.3812441663025714
2004-11-02 11:59:00,2004-11-02 11:50:00,21025.443634082967,-11.997605633082099,21031.98022261469,5.461017101359726,-0.01734770705812494
2004-11-02 12:00:00,2004-11-02 11:51:00,21025.043735745236,-11.974668047845297,21031.980172402407,5.038231390673571,-0.21822562629475506
2004-11-02 12:01:00,2004-11-02 11:52:00,21025.05275736544,-11.951930673455571,21031.980122190125,5.024565848770216,-0.26800599095888966
2004-11-02 12:02:00,2004-11-02 11:53:00,21024.552884663208,-11.929406723391168,21031.980071977843,4.502219408755792,-0.1666782887396936
2004-11-02 12:03:00,2004-11-02 11:54:00,21024.764121625718,-11.907109411130333,21031.980021765557,4.691209271290829,0.2902207255098901
2004-11-02 12:04:00,2004-11-02 11:55:00,21025.177580462903,-11.885051950151322,21031.97997155328,5.082660859775572,0.23709795276727164
2004-11-02 12:05:00,2004-11-02 11:56:00,21025.28207896389,-11.86324755393238,21031.979921340997,5.165405176825372,-0.4237799183554074
2004-11-02 12:06:00,2004-11-02 11:57:00,21024.373262715824,-11.841709435951756,21031.97987112871,4.235101023064757,-0.7790697010841443
2004-11-02 12:07:00,2004-11-02 11:58:00,21023.766635881402,-11.820450809687703,21031.979820916433,3.6072657746570833,-0.3743627152773712
2004-11-02 12:08:00,2004-11-02 11:59:00,21023.666661408042,-11.799484888618466,21031.97977070415,3.486375592510015,0.2348246421028639
2004-11-02 12:09:00,2004-11-02 12:00:00,21024.27781066451,-11.778824886222298,21031.97972049187,4.076915058862811,0.1851499834893886
2004-11-02 12:10:00,2004-11-02 12:01:00,21024.077861823098,-11.758484015977444,21031.979670279587,3.8566755594887923,0.03325628543714121
2004-11-02 12:11:00,2004-11-02 12:02:00,21024.384572205676,-11.738475491362156,21031.9796200673,4.1434276297370936,0.0903760343384521
2004-11-02 12:12:00,2004-11-02 12:03:00,21024.29818495733,-11.718812525854682,21031.97956985502,4.0374276281656964,0.13845473009589693
2004-11-02 12:13:00,2004-11-02 12:04:00,21024.700348399736,-11.699508332933272,21031.97951964274,4.420337089928887,0.23200089079147723
2004-11-02 12:14:00,2004-11-02 12:05:00,21024.800322714127,-11.680576126076174,21031.979469430455,4.501429409748651,-0.11186021998838402
2004-11-02 12:15:00,2004-11-02 12:06:00,21024.51400674936,-11.662029118761637,21031.97941921817,4.196616649952119,-0.26256433956974323
2004-11-02 12:16:00,2004-11-02 12:07:00,21024.31178921203,-11.643880524467914,21031.97936900589,3.9763007306091644,-0.11446183190922099
2004-11-02 12:17:00,2004-11-02 12:08:00,21024.32086822307,-11.626143556673249,21031.97931879361,3.9676929861336774,0.1404335712102487
2004-11-02 12:18:00,2004-11-02 12:09:00,21024.627605025496,-11.608831428855897,21031.979268581323,4.257167873029662,0.39194405462809545
2004-11-02 12:19:00,2004-11-02 12:10:00,21025.13884210994,-11.5919573544941,21031.979218369044,4.751581095389868,0.08564850726154205
2004-11-02 12:20:00,2004-11-02 12:11:00,21024.832098497245,-11.575534547066109,21031.97916815676,4.428464887552746,-0.021823434283610332
2004-11-02 12:21:00,2004-11-02 12:12:00,21025.127475951245,-11.559576220050179,21031.979117944473,4.707934226822648,0.5864490936888496
2004-11-02 12:22:00,2004-11-02 12:13:00,21026.036335220197,-11.544095586924554,21031.97906773219,5.601363074930445,0.4892317397507062
2004-11-02 12:23:00,2004-11-02 12:14:00,21026.136309365065,-11.529105861167482,21031.97901751991,5.68639770632406,0.18639785838182377
2004-11-02 12:24:00,2004-11-02 12:15:00,21026.438505843067,-11.514620256257215,21031.97896730763,5.974158791694093,0.18236194487027824
2004-11-02 12:25:00,2004-11-02 12:16:00,21026.529386705737,-11.500651985672006,21031.978917095345,6.0511215960646165,-0.022742297230207598
2004-11-02 12:26:00,2004-11-02 12:17:00,21026.420326817402,-11.487214262890094,21031.97886688306,5.928674197233677,-0.16761979513434255
2004-11-02 12:27:00,2004-11-02 12:18:00,21026.220378375187,-11.474320301389737,21031.97881667078,5.715882005795931,0.1907899018193806
2004-11-02 12:28:00,2004-11-02 12:19:00,21026.827037144718,-11.46198331464918,21031.978766458495,6.310254000872439,0.4958216194935794
2004-11-02 12:29:00,2004-11-02 12:20:00,21027.236024974845,-11.450216516146673,21031.97871624621,6.70752524478309,0.24305610361276564
2004-11-02 12:30:00,2004-11-02 12:21:00,21027.335999122668,-11.439033119360465,21031.97866603393,6.79636620809797,-0.47321014007921836
2004-11-02 12:31:00,2004-11-02 12:22:00,21026.3112744485,-11.428446337768808,21031.978615821645,5.7611049646246535,-0.2090429559433753
2004-11-02 12:32:00,2004-11-02 12:23:00,21026.938376520724,-11.418469384849946,21031.978565609363,6.378280296211219,0.5084343556798316
2004-11-02 12:33:00,2004-11-02 12:24:00,21027.347373598983,-11.409115474082132,21031.97851539708,6.777973675984317,0.29548706256622204
2004-11-02 12:34:00,2004-11-02 12:25:00,21027.5473217872,-11.400397818943617,21031.9784651848,6.969254421343663,0.09276953560408696
2004-11-02 12:35:00,2004-11-02 12:26:00,21027.549598086793,-11.392329632912643,21031.978414972513,6.963512747192491,-0.20763482017883828
2004-11-02 12:36:00,2004-11-02 12:27:00,21027.14742541175,-11.384924129467466,21031.97836476023,6.553984780985987,-0.152423427118916
2004-11-02 12:37:00,2004-11-02 12:28:00,21027.258785918813,-11.378194522086332,21031.978314547945,6.658665892954659,0.2015853868318631
2004-11-02 12:38:00,2004-11-02 12:29:00,21027.563265866065,-11.37215402424749,21031.978264335663,6.957155554649713,0.49764969301432593
2004-11-02 12:39:00,2004-11-02 12:30:00,21028.265363552935,-11.36681584942919,21031.97821412338,7.653965278983311,0.45293623734181665
2004-11-02 12:40:00,2004-11-02 12:31:00,21028.47899872932,-11.36219321110968,21031.978163911095,7.863028029333346,0.1583059999242744
2004-11-02 12:41:00,2004-11-02 12:32:00,21028.59039165488,-11.358299322767214,21031.978113698817,7.970577278831859,-0.39994334204181214
2004-11-02 12:42:00,2004-11-02 12:33:00,21027.6860574339,-11.355147397880035,21031.97806348653,7.063141345249722,-0.45603318154608363
2004-11-02 12:43:00,2004-11-02 12:34:00,21027.683773540062,-11.352750649926396,21031.97801327425,7.058510915739692,-0.20761762665611982
2004-11-02 12:44:00,2004-11-02 12:35:00,21027.274746861516,-11.351122292384542,21031.977963061963,6.647906091937482,0.04423422794503651
2004-11-02 12:45:00,2004-11-02 12:36:00,21027.774616682575,-11.350275538732728,21031.977912849678,7.146979371629765,0.20525615350849158
2004-11-02 12:46:00,2004-11-02 12:37:00,21027.6860574339,-11.350223602449198,21031.977862637395,7.0584183989544655,0.3060313562200818
2004-11-02 12:47:00,2004-11-02 12:38:00,21028.38587481217,-11.350979697012203,21031.977812425113,7.759042084069929,0.34770060434848027
2004-11-02 12:48:00,2004-11-02 12:39:00,21028.37902478458,-11.352557035899995,21031.977762212828,7.753819607651426,-0.15362333692179853
2004-11-02 12:49:00,2004-11-02 12:40:00,21028.07453857818,-11.35496883259082,21031.977712000546,7.451795410226332,-0.10051100724872875
2004-11-02 12:50:00,2004-11-02 12:41:00,21028.172231080855,-11.358228300562928,21031.977661788264,7.552797593153969,0.15826633071568352
2004-11-02 12:51:00,2004-11-02 12:42:00,21028.38359099434,-11.362348653294568,21031.977611575978,7.768328071657699,-0.2907498314733816
2004-11-02 12:52:00,2004-11-02 12:43:00,21027.581516189635,-11.367343104263986,21031.977561363692,6.971297930207205,-0.33870829685670056
2004-11-02 12:53:00,2004-11-02 12:44:00,21027.695197762405,-11.373224866949437,21031.97751115141,7.090911477944298,0.5199675123090666
2004-11-02 12:54:00,2004-11-02 12:45:00,21028.60868673912,-11.380007154829165,21031.977460939124,8.011232954825338,0.46174554644702237
2004-11-02 12:55:00,2004-11-02 12:46:00,21028.604110116295,-11.387703181381426,21031.97741072684,8.014402570838342,0.0024907187325586833
2004-11-02 12:56:00,2004-11-02 12:47:00,21028.597248746762,-11.396326160084461,21031.977360514556,8.016214392290456,0.16482649203010524
2004-11-02 12:57:00,2004-11-02 12:48:00,21028.915476552756,-11.405889304416526,21031.977310302274,8.344055554898553,-0.18642691927719302
2004-11-02 12:58:00,2004-11-02 12:49:00,21028.204214815873,-11.416405827855865,21031.977260089992,7.64336055373607,-0.5513879762448717
2004-11-02 12:59:00,2004-11-02 12:50:00,21027.790600536235,-11.427888943880731,21031.977209877707,7.2412796024088095,-0.3458871742709704
2004-11-02 13:00:00,2004-11-02 12:51:00,21027.488394004646,-11.440351865969372,21031.97715966542,6.951586205194129,0.31635989143347487
2004-11-02 13:01:00,2004-11-02 12:52:00,21028.397301030815,-11.453807807600036,21031.97710945314,7.873999385275759,0.4150472598636137
2004-11-02 13:02:00,2004-11-02 12:53:00,21028.290469983527,-11.468269982250971,21031.977059240857,7.781680724921356,0.11842665292637466
2004-11-02 13:03:00,2004-11-02 12:54:00,21028.604110116295,-11.48375160340043,21031.977009028567,8.110852691128509,0.12059394536722845
2004-11-02 13:04:00,2004-11-02 12:55:00,21028.499561547418,-11.500265884526659,21031.97695881629,8.022868615655813,0.11591746762964128
2004-11-02 13:05:00,2004-11-02 12:56:00,21028.801770191283,-11.517826039107907,21031.976908604003,8.342687626387791,0.2737946052844622
2004-11-02 13:06:00,2004-11-02 12:57:00,21029.01087093732,-11.536445280622429,21031.976858391718,8.570457826224738,0.22831006575056723
2004-11-02 13:07:00,2004-11-02 12:58:00,21029.219979114776,-11.556136822548467,21031.976808179435,8.799307757888926,0.23283693927121352
2004-11-02 13:08:00,2004-11-02 12:59:00,21029.43597579355,-11.576913878364273,21031.976757967146,9.036131704767165,0.13166984940187376
2004-11-02 13:09:00,2004-11-02 13:00:00,21029.440565550005,-11.598789661548096,21031.97670775486,9.062647456692673,0.2235766155902219
2004-11-02 13:10:00,2004-11-02 13:01:00,21029.838165092948,-11.621777385578184,21031.97665754258,9.483284935947609,0.42234761635573914
2004-11-02 13:11:00,2004-11-02 13:02:00,21030.238059755768,-11.64589026393279,21031.976607330296,9.907342689404151,0.07471910720410069
2004-11-02 13:12:00,2004-11-02 13:03:00,21029.93813875828,-11.67114151009016,21031.976557118014,9.63272315035581,0.07586408224802987
2004-11-02 13:13:00,2004-11-02 13:04:00,21030.338033422096,-11.697544337528543,21031.976506905725,10.059070853900211,0.27696960230383016
2004-11-02 13:14:00,2004-11-02 13:05:00,21030.43800708868,-11.725111959726188,21031.976456693443,10.18666235496347,0.13047573877686514
2004-11-02 13:15:00,2004-11-02 13:06:00,21030.542571222453,-11.753857590161346,21031.97640648116,10.320022331453941,-0.07402332997928429
2004-11-02 13:16:00,2004-11-02 13:07:00,21030.231177521564,-11.783794442312265,21031.97635626887,10.038615695004902,0.024852980536985037
2004-11-02 13:17:00,2004-11-02 13:08:00,21030.531098619456,-11.814935729657195,21031.976306056586,10.369728292527912,0.08408100302268462
2004-11-02 13:18:00,2004-11-02 13:09:00,21030.33573887968,-11.847294665674383,21031.976255844304,10.206777701050271,-0.17150767011053603
2004-11-02 13:19:00,2004-11-02 13:10:00,21030.122034120486,-11.880884463842081,21031.97620563202,10.02671295230684,0.02852925662942596
2004-11-02 13:20:00,2004-11-02 13:11:00,21030.324273296406,-11.915718337638538,21031.976155419736,10.263836214309123,-0.11444788219705515
2004-11-02 13:21:00,2004-11-02 13:12:00,21029.82211289482,-11.951809500542,21031.97610520745,9.79781718791273,-0.4211214327905326
2004-11-02 13:22:00,2004-11-02 13:13:00,21029.40847717786,-11.98917116603072,21031.976054995164,9.421593348728058,-0.8323097857872037
2004-11-02 13:23:00,2004-11-02 13:14:00,21028.081385851634,-12.027816547582944,21031.97600478288,8.133197616338322,-0.2220223425626564
2004-11-02 13:24:00,2004-11-02 13:15:00,21028.885744375522,-12.067758858676923,21031.975954570597,8.977548663602745,0.23261045522881307
2004-11-02 13:25:00,2004-11-02 13:16:00,21028.465311572312,-12.109011312790907,21031.975904358307,8.598418526795948,0.3941574446574858
2004-11-02 13:26:00,2004-11-02 13:17:00,21029.590130575536,-12.151587123403141,21031.97585414602,9.765863552917716,0.812510371298587
2004-11-02 13:27:00,2004-11-02 13:18:00,21030.003743699144,-12.19549950399188,21031.975803933743,10.223439269393122,0.10033956390942311
2004-11-02 13:28:00,2004-11-02 13:19:00,21029.701534734155,-12.240761668035372,21031.975753721454,9.966542680736563,-0.1051106077008166
2004-11-02 13:29:00,2004-11-02 13:20:00,21029.701534734155,-12.28738682901186,21031.975703509175,10.013218053991489,-0.0014796962211267584
2004-11-02 13:30:00,2004-11-02 13:21:00,21029.60384838478,-12.3353882003996,21031.975653296886,9.96358328829431,-0.00124335875823256
2004-11-02 13:31:00,2004-11-02 13:22:00,21029.60156089506,-12.38477352601682,21031.9756030846,10.010731336475024,0.20122515648560402
2004-11-02 13:32:00,2004-11-02 13:23:00,21029.906057802542,-12.435528671041684,21031.975552872318,10.366033601265517,0.4036765554335435
2004-11-02 13:33:00,2004-11-02 13:24:00,21030.305953076382,-12.487634030992334,21031.975502660032,10.81808444734211,0.04367580172471808
2004-11-02 13:34:00,2004-11-02 13:25:00,21029.88776765107,-12.541070001386919,21031.975452447743,10.453385204714953,-0.045832133047922774
2004-11-02 13:35:00,2004-11-02 13:26:00,21030.106005438964,-12.595816977743578,21031.97540223546,10.726420181246265,-0.13764740804477782
2004-11-02 13:36:00,2004-11-02 13:27:00,21029.501587056217,-12.651855355580457,21031.97535202317,10.178090388625398,-0.0001226205283355597
2004-11-02 13:37:00,2004-11-02 13:28:00,21029.99231122066,-12.709165530415703,21031.975301810886,10.726174940189594,0.39989558989626506
2004-11-02 13:38:00,2004-11-02 13:29:00,21030.185405269254,-12.767727897767458,21031.975251598604,10.977881568417928,0.05580198168311057
2004-11-02 13:39:00,2004-11-02 13:30:00,21029.98545743672,-12.827522853153866,21031.975201386318,10.837778903555815,0.06045165944852027
2004-11-02 13:40:00,2004-11-02 13:31:00,21030.185405269254,-12.88853079209307,21031.975151174032,11.098784887314968,0.10935840319937373
2004-11-02 13:41:00,2004-11-02 13:32:00,21030.080864561598,-12.95073211010322,21031.975100961747,11.056495709954563,-0.24621142607821067
2004-11-02 13:42:00,2004-11-02 13:33:00,21029.567305581917,-13.014107202702455,21031.97505074946,10.606362035158547,-0.09280309783852658
2004-11-02 13:43:00,2004-11-02 13:34:00,21029.767253586044,-13.078636465408922,21031.975000537175,10.87088951427751,0.16854198119686625
2004-11-02 13:44:00,2004-11-02 13:35:00,21029.774096028705,-13.144300293740761,21031.974950324893,10.94344599755228,-0.5438239003032725
2004-11-02 13:45:00,2004-11-02 13:36:00,21028.547062743062,-13.211079083216124,21031.974900112607,9.783241713670964,0.0082711477280073
2004-11-02 13:46:00,2004-11-02 13:37:00,21029.655884963977,-13.27895322935315,21031.97484990032,10.959988293008294,0.7285446572242833
2004-11-02 13:47:00,2004-11-02 13:38:00,21029.867227588482,-13.347903127669984,21031.974799688032,11.240331028119531,0.4296964782302952
2004-11-02 13:48:00,2004-11-02 13:39:00,21030.37622155153,-13.417909173684771,21031.974749475747,11.819381249468885,0.2728030583887415
2004-11-02 13:49:00,2004-11-02 13:40:00,21030.271684645446,-13.488951762915656,21031.974699263465,11.785937144897014,0.11930679995220039
2004-11-02 13:50:00,2004-11-02 13:41:00,21030.471632609668,-13.561011290880783,21031.974649051175,12.057994849373285,0.22370998209530146
2004-11-02 13:51:00,2004-11-02 13:42:00,21030.573887794882,-13.634068153098294,21031.974598838893,12.233357109087617,-0.07408354985569243
2004-11-02 13:52:00,2004-11-02 13:43:00,21030.176273631183,-13.708102745086336,21031.974548626607,11.9098277496619,-0.3287532375012354
2004-11-02 13:53:00,2004-11-02 13:44:00,21029.767253586044,-13.783095462363054,21031.97449841432,11.575850634085146,0.027807655175158708
2004-11-02 13:54:00,2004-11-02 13:45:00,21030.080864561598,-13.85902670044659,21031.974448202032,11.965443060012218,0.3355037084587824
2004-11-02 13:55:00,2004-11-02 13:46:00,21030.285379185894,-13.935876854855088,21031.974397989747,12.246858051002711,0.2295942932076036
2004-11-02 13:56:00,2004-11-02 13:47:00,21030.38535310278,-14.013626321106695,21031.97434777746,12.424631646427425,0.23162720214476273
2004-11-02 13:57:00,2004-11-02 13:48:00,21030.592154525748,-14.092255494719556,21031.974297565175,12.710112455292236,-0.22880015155329048
2004-11-02 13:58:00,2004-11-02 13:49:00,21029.769533925,-14.17174477121181,21031.97424735289,11.967031343320844,-0.27680053404642546
2004-11-02 13:59:00,2004-11-02 13:50:00,21029.8786339817,-14.252074546101609,21031.974197140604,12.156511387199386,-0.0703107382535606
2004-11-02 14:00:00,2004-11-02 13:51:00,21029.46733158023,-14.333225214907092,21031.97414692832,11.826409866813723,-0.1217690658174595
2004-11-02 14:01:00,2004-11-02 13:52:00,21029.47189279845,-14.415177173146404,21031.974096716032,11.912973255564467,0.18921162872912767
2004-11-02 14:02:00,2004-11-02 13:53:00,21029.680968811677,-14.497910816337686,21031.974046503743,12.204833124271978,0.28653548733762957
2004-11-02 14:03:00,2004-11-02 13:54:00,21029.8786339817,-14.581406539999092,21031.97399629146,12.486044230239726,0.32358854913082347
2004-11-02 14:04:00,2004-11-02 13:55:00,21030.16031156206,-14.665644739648759,21031.973946079175,12.852010222533625,0.06755808038275646
2004-11-02 14:05:00,2004-11-02 13:56:00,21029.844450447086,-14.750605810804833,21031.973895866886,12.621160391005239,-0.42361461338817197
2004-11-02 14:06:00,2004-11-02 13:57:00,21029.142356501372,-14.836270148985458,21031.9738456546,12.004780995757281,-0.16274107905799884
2004-11-02 14:07:00,2004-11-02 13:58:00,21029.346855525495,-14.922618149708779,21031.973795442314,12.295678232889241,0.2389668035577488
2004-11-02 14:08:00,2004-11-02 13:59:00,21029.446829624405,-15.00963020849294,21031.973745230025,12.482714602872779,0.1214638415274214
2004-11-02 14:09:00,2004-11-02 14:00:00,21029.41501421283,-15.097286720856085,21031.973695017743,12.538605915944084,0.1686829920013393
2004-11-02 14:10:00,2004-11-02 14:01:00,21029.608157310016,-15.18556808231636,21031.973644805457,12.820080586875457,0.03184370880948251
2004-11-02 14:11:00,2004-11-02 14:02:00,21029.30143323834,-15.274454688391907,21031.973594593168,12.602293333563049,0.027915549751743818
2004-11-02 14:12:00,2004-11-02 14:03:00,21029.48552913266,-15.363926934600872,21031.973544380882,12.875911686378945,0.23070923651021857
2004-11-02 14:13:00,2004-11-02 14:04:00,21029.58324075872,-15.4539652164614,21031.973494168597,13.063711806583486,0.4447998562709996
2004-11-02 14:14:00,2004-11-02 14:05:00,21030.194405425736,-15.544549929491632,21031.973443956307,13.765511398920944,0.24085994158126667
2004-11-02 14:15:00,2004-11-02 14:06:00,21029.883163964558,-15.635661469209717,21031.97339374402,13.54543168974602,0.024468550599784145
2004-11-02 14:16:00,2004-11-02 14:07:00,21030.060511800722,-15.727280231133797,21031.973343531736,13.814448500120513,0.33506574482340934
2004-11-02 14:17:00,2004-11-02 14:08:00,21030.369469888064,-15.819386610782011,21031.973293319454,14.215563179392838,0.19123637830533635
2004-11-02 14:18:00,2004-11-02 14:09:00,21030.258203360223,-15.911961003672515,21031.973243107164,14.196921256731185,-0.12514676720051554
2004-11-02 14:19:00,2004-11-02 14:10:00,21029.933478734543,-16.004983805323448,21031.973192894875,13.965269644991807,0.18874943407050804
2004-11-02 14:20:00,2004-11-02 14:11:00,21030.44912739621,-16.098435411252947,21031.97314268259,14.574420124872201,0.3605595584295891
2004-11-02 14:21:00,2004-11-02 14:12:00,21030.46718501517,-16.192296216979166,21031.9730924703,14.686388761850985,0.04975978383464508
2004-11-02 14:22:00,2004-11-02 14:13:00,21030.360435332535,-16.28654661802025,21031.973042258014,14.673939692541492,0.02870785808659093
2004-11-02 14:23:00,2004-11-02 14:14:00,21030.33562951386,-16.381167009894334,21031.97299204573,14.743804478024167,0.28915367698748895
2004-11-02 14:24:00,2004-11-02 14:15:00,21030.749051091836,-16.47613778811957,21031.97294183344,15.25224704651647,0.08955820062451991
2004-11-02 14:25:00,2004-11-02 14:16:00,21030.324373152213,-16.5714393482141,21031.972891621153,14.922920879273207,-0.21568111930080391
2004-11-02 14:26:00,2004-11-02 14:17:00,21030.12667413109,-16.667052085696067,21031.97284140887,14.820884807914862,0.24914690781491622
2004-11-02 14:27:00,2004-11-02 14:18:00,21030.6310494954,-16.76295639608362,21031.972791196582,15.421214694903039,0.439254618556415
2004-11-02 14:28:00,2004-11-02 14:19:00,21030.813002354425,-16.859132674894898,21031.972740984293,15.699394045027692,0.0896025168217296
2004-11-02 14:29:00,2004-11-02 14:20:00,21030.617549182905,-16.955561317648048,21031.972690772007,15.600419728546498,-0.10335423838284541
2004-11-02 14:30:00,2004-11-02 14:21:00,21030.41310340812,-17.052222719861216,21031.972640559718,15.492685568262,-0.1643501116059145
2004-11-02 14:31:00,2004-11-02 14:22:00,21030.095212575714,-17.149097277052544,21031.972590347432,15.27171950533467,-0.1618986920237706
2004-11-02 14:32:00,2004-11-02 14:23:00,21029.89526293462,-17.246165384740173,21031.972540135146,15.16888818421446,0.29715493551476335
2004-11-02 14:33:00,2004-11-02 14:24:00,21030.49511186078,-17.343407438442256,21031.972489922857,15.866029376364196,0.6062265152460213
2004-11-02 14:34:00,2004-11-02 14:25:00,21030.912977091604,-17.44080383367693,21031.972439710575,16.381341214706502,0.3064465914585348
2004-11-02 14:35:00,2004-11-02 14:26:00,21030.912977091604,-17.538334965962342,21031.972389498285,16.478922559281266,0.04315813442288352
2004-11-02 14:36:00,2004-11-02 14:27:00,21030.80401553873,-17.635981230816636,21031.972339285996,16.46765748355227,0.04101818658402934
2004-11-02 14:37:00,2004-11-02 14:28:00,21030.7995249824,-17.73372302375796,21031.97228907371,16.560958932449324,-0.11445709353573896
2004-11-02 14:38:00,2004-11-02 14:29:00,21030.379441417597,-17.831540740304447,21031.97223886142,16.23874329648079,0.05127697759493266
2004-11-02 14:39:00,2004-11-02 14:30:00,21030.706286760797,-17.929414775974255,21031.97218864913,16.66351288763919,0.5657838371497874
2004-11-02 14:40:00,2004-11-02 14:31:00,21031.31512388134,-18.027325526285523,21031.972138436846,17.370310970780366,0.5034869520106717
2004-11-02 14:41:00,2004-11-02 14:32:00,21031.51732162946,-18.125253386756395,21031.972088224557,17.670486791660533,0.3058002205532713
2004-11-02 14:42:00,2004-11-02 14:33:00,21031.730770671253,-18.22317875290501,21031.97203801227,17.98191141188691,-0.0008857935385169213
2004-11-02 14:43:00,2004-11-02 14:34:00,21031.31962098432,-18.321082020249527,21031.971987799985,17.6687152045835,-0.4154323280994152
2004-11-02 14:44:00,2004-11-02 14:35:00,21030.704040759076,-18.418943584308074,21031.971937587696,17.15104675568808,-0.26214167938185184
2004-11-02 14:45:00,2004-11-02 14:36:00,21030.59957538063,-18.516743840598807,21031.97188737541,17.144431845819796,-0.006654436696901911
2004-11-02 14:46:00,2004-11-02 14:37:00,21030.49511186078,-18.61446318463986,21031.971837163124,17.137737882294275,0.10108760367459801
2004-11-02 14:47:00,2004-11-02 14:38:00,21030.60631199205,-18.712082011949388,21031.97178695083,17.34660705316899,0.20881499771826562
2004-11-02 14:48:00,2004-11-02 14:39:00,21030.71752389823,-18.809580718045527,21031.971736738546,17.555367877730806,0.04973840725007328
2004-11-02 14:49:00,2004-11-02 14:40:00,21030.510830695483,-18.90693969844643,21031.97168652626,17.446083867669138,0.03611091980566705
2004-11-02 14:50:00,2004-11-02 14:41:00,21030.59508668264,-19.00413934867023,21031.971636313967,17.62758971734214,0.041557937350958696
2004-11-02 14:51:00,2004-11-02 14:42:00,21030.39962577982,-19.10116006423508,21031.971586101685,17.529199742371055,-0.10970545653457542
2004-11-02 14:52:00,2004-11-02 14:43:00,21030.181732453006,-19.197982240659126,21031.97153588939,17.40817880427299,-0.06777050713208865
2004-11-02 14:53:00,2004-11-02 14:44:00,21030.070558131752,-19.294586273460503,21031.971485677106,17.393658728106878,0.15325025341596366
2004-11-02 14:54:00,2004-11-02 14:45:00,21030.295162217768,-19.390952558157366,21031.97143546482,17.714679311104916,0.10300819542425543
2004-11-02 14:55:00,2004-11-02 14:46:00,21030.08399888122,-19.48706149026785,21031.97138525253,17.59967511895539,-0.007318976413301925
2004-11-02 14:56:00,2004-11-02 14:47:00,21030.08848293321,-19.582893465310107,21031.97133504024,17.700041358278312,0.10134075380243601
2004-11-02 14:57:00,2004-11-02 14:48:00,21030.095212575714,-19.678428878802272,21031.971284827956,17.80235662656026,0.045440116434118494
2004-11-02 14:58:00,2004-11-02 14:49:00,21029.98850808055,-19.773648126262493,21031.971234615667,17.79092159114655,-0.008238099300337254
2004-11-02 14:59:00,2004-11-02 14:50:00,21029.888533228128,-19.868531603208925,21031.971184403377,17.785880427959587,-0.260759475051195
2004-11-02 15:00:00,2004-11-02 14:51:00,21029.277477126976,-19.9630597051597,21031.97113419109,17.26940264104416,-0.16450900373763666
2004-11-02 15:01:00,2004-11-02 14:52:00,21029.370733571654,-20.057212827632966,21031.971083978802,17.456862420484313,0.08840848806816837
2004-11-02 15:02:00,2004-11-02 14:53:00,21029.266282017546,-20.15097136614687,21031.971033766513,17.446219617180496,-0.1175304135597699
2004-11-02 15:03:00,2004-11-02 14:54:00,21028.948469431372,-20.244315716219546,21031.970983554227,17.221801593364773,-0.15675972603037636
2004-11-02 15:04:00,2004-11-02 14:55:00,21028.76640723369,-20.337226273369154,21031.970933341938,17.132700165119743,0.2083706957289717
2004-11-02 15:05:00,2004-11-02 14:56:00,21029.17974268136,-20.429683433113834,21031.970883129652,17.638542984822717,0.558968346510639
2004-11-02 15:06:00,2004-11-02 14:57:00,21029.699802184532,-20.521667590971717,21031.970832917363,18.25063685814102,0.3950747664537726
2004-11-02 15:07:00,2004-11-02 14:58:00,21029.786316080343,-20.613159142460965,21031.970782705073,18.428692517730262,-0.12547442514124185
2004-11-02 15:08:00,2004-11-02 14:59:00,21029.266282017546,-20.70413848309971,21031.970732492788,17.999688007858538,-0.2681092969716534
2004-11-02 15:09:00,2004-11-02 15:00:00,21029.068570195876,-20.794586008406103,21031.970682280495,17.892473923786955,-0.058621356211745024
2004-11-02 15:10:00,2004-11-02 15:01:00,21028.968595249746,-20.884482113898287,21031.97063206821,17.882445295435048,-0.27031469956473053
2004-11-02 15:11:00,2004-11-02 15:02:00,21028.348619185483,-20.97380719509441,21031.97058185592,17.351844524657494,-0.06423892915458396
2004-11-02 15:12:00,2004-11-02 15:03:00,21028.661957433244,-21.062541647512603,21031.97053164363,17.75396743712588,0.34736105032584774
2004-11-02 15:13:00,2004-11-02 15:04:00,21028.86638218998,-21.150665866671027,21031.97048143134,18.04656662530919,0.3433921619626723
2004-11-02 15:14:00,2004-11-02 15:05:00,21029.17302273202,-21.238160248087816,21031.970431219055,18.440751761051224,-0.25933447643303253
2004-11-02 15:15:00,2004-11-02 15:06:00,21028.173273491924,-21.325005187281114,21031.970381006762,17.527897672443125,-0.6666093727976588
2004-11-02 15:16:00,2004-11-02 15:07:00,21027.66668273016,-21.411181079769072,21031.970330794473,17.107533015455907,-0.7329193934851173
2004-11-02 15:17:00,2004-11-02 15:08:00,21026.53567114659,-21.49666832106983,21031.970280582187,16.06205888547289,-0.5747158763943858
2004-11-02 15:18:00,2004-11-02 15:09:00,21026.346884325863,-21.58144730670154,21031.970230369898,15.958101262667135,-0.21880625407042942
2004-11-02 15:19:00,2004-11-02 15:10:00,21025.929128102758,-21.66549843218233,21031.97018015761,15.624446377332031,0.07479975504088543
2004-11-02 15:20:00,2004-11-02 15:11:00,21026.329028625038,-21.748802093030356,21031.97012994532,16.107700772748906,0.6428781282204898
2004-11-02 15:21:00,2004-11-02 15:12:00,21027.04894368204,-21.831338684763764,21031.97007973303,16.91020263377301,0.39216347719283107
2004-11-02 15:22:00,2004-11-02 15:13:00,21026.948968644978,-21.913088602900693,21031.970029520744,16.89202772713457,0.135854920190571
2004-11-02 15:23:00,2004-11-02 15:14:00,21027.15785953965,-21.994032242959285,21031.969979308455,17.181912474154153,0.13503886100797047
2004-11-02 15:24:00,2004-11-02 15:15:00,21027.057884544854,-22.0741500004577,21031.96992909616,17.16210544915051,-0.27575485749374806
2004-11-02 15:25:00,2004-11-02 15:16:00,21026.44685937213,-22.153422270914064,21031.969878883876,16.630402759166657,-0.1221780370304586
2004-11-02 15:26:00,2004-11-02 15:17:00,21026.65574859683,-22.231829449846522,21031.969828671587,16.917749375089592,0.33801438770630554
2004-11-02 15:27:00,2004-11-02 15:18:00,21026.966858061103,-22.309351932773232,21031.969778459297,17.306431534579268,0.2826627531116337
2004-11-02 15:28:00,2004-11-02 15:19:00,21027.06683301311,-22.38597011521233,21031.969728247008,17.48307488131286,-0.23378042537623855
2004-11-02 15:29:00,2004-11-02 15:20:00,21026.346884325863,-22.46166439268196,21031.96967803472,16.83887068382679,-0.381324757021833
2004-11-02 15:30:00,2004-11-02 15:21:00,21026.153638028998,-22.536415160700265,21031.96962782243,16.720425367269193,0.2809752593394599
2004-11-02 15:31:00,2004-11-02 15:22:00,21026.76019599786,-22.610202814785396,21031.96957761014,17.40082120250571,0.16661992910561274
2004-11-02 15:32:00,2004-11-02 15:23:00,21026.340184872875,-22.68300775045549,21031.96952739785,17.05366522548042,-0.1854061909845779
2004-11-02 15:33:00,2004-11-02 15:24:00,21026.24467564287,-22.754810363228703,21031.96947718556,17.030008820536555,-0.23081539676695506
2004-11-02 15:34:00,2004-11-02 15:25:00,21025.735870356595,-22.82559104862316,21031.96942697327,16.59203443194651,-0.3374014620663264
2004-11-02 15:35:00,2004-11-02 15:26:00,21025.42925245523,-22.895330202157027,21031.969376760982,16.355205896403902,-0.5395108872452106
2004-11-02 15:36:00,2004-11-02 15:27:00,21024.5183309868,-22.96400821934843,21031.969326548693,15.513012657456088,-0.48836188396573554
2004-11-02 15:37:00,2004-11-02 15:28:00,21024.31615296916,-23.031605495715528,21031.969276336404,15.378482128472431,-0.23839509645016754
2004-11-02 15:38:00,2004-11-02 15:29:00,21023.907346161894,-23.098102426776453,21031.969226124114,15.036222464555753,0.017113408131697483
2004-11-02 15:39:00,2004-11-02 15:30:00,21024.21840544851,-23.163479408049355,21031.969175911825,15.412708944735826,0.2737175633604636
2004-11-02 15:40:00,2004-11-02 15:31:00,21024.32506645576,-23.22771683505238,21031.969125699536,15.58365759127668,0.17260238825224583
2004-11-02 15:41:00,2004-11-02 15:32:00,21024.436194105183,-23.29079510330367,21031.969075487246,15.757913721240318,0.21807801859486275
2004-11-02 15:42:00,2004-11-02 15:33:00,21024.636144295102,-23.352694608321368,21031.969025274957,16.019813628466405,0.5246451382679869
2004-11-02 15:43:00,2004-11-02 15:34:00,21025.36278331482,-23.413395745623625,21031.968975062668,16.80720399777629,0.42569964663237947
2004-11-02 15:44:00,2004-11-02 15:35:00,21025.367258861377,-23.472878910728575,21031.968924850375,16.871212921731164,-0.19325970855487284
2004-11-02 15:45:00,2004-11-02 15:36:00,21024.8584347196,-23.531124499154373,21031.96887463809,16.420684580666546,-0.196744860753423
2004-11-02 15:46:00,2004-11-02 15:37:00,21024.8584347196,-23.588112906419155,21031.968824425796,16.477723200224318,0.10974337565476944
2004-11-02 15:47:00,2004-11-02 15:38:00,21024.96512101744,-23.643824528041073,21031.968774213507,16.640171331976084,-0.14930732318915219
2004-11-02 15:48:00,2004-11-02 15:39:00,21024.44959279553,-23.69823975953826,21031.96872400122,16.179108553846014,-0.4550114188539105
2004-11-02 15:49:00,2004-11-02 15:40:00,21023.947483286767,-23.75133899642887,21031.968673788928,15.730148494268263,-0.5484857433990573
2004-11-02 15:50:00,2004-11-02 15:41:00,21023.247658009455,-23.803102634231056,21031.96862357664,15.0821370670479,-0.29318793557493805
2004-11-02 15:51:00,2004-11-02 15:42:00,21023.258834919005,-23.853511068462943,21031.96857336435,15.143772623118387,0.10646558892248414
2004-11-02 15:52:00,2004-11-02 15:43:00,21023.361046702306,-23.90254469464268,21031.968523152056,15.295068244892867,0.41285639504996396
2004-11-02 15:53:00,2004-11-02 15:44:00,21023.987774444697,-23.950183908288416,21031.968472939767,15.969485413218315,0.42380682175479656
2004-11-02 15:54:00,2004-11-02 15:45:00,21024.11469551096,-23.996409104918296,21031.968422727477,16.14268188840246,0.06578119321739351
2004-11-02 15:55:00,2004-11-02 15:46:00,21024.02821963479,-24.041200680050466,21031.968372515188,16.101047799653102,0.36205621548566036
2004-11-02 15:56:00,2004-11-02 15:47:00,21024.75057759307,-24.084539029203057,21031.9683223029,16.86679431937378,0.10277960473181658
2004-11-02 15:57:00,2004-11-02 15:48:00,21024.14847455183,-24.12640454789423,21031.968272090606,16.306607009116735,-0.36211161481614873
2004-11-02 15:58:00,2004-11-02 15:49:00,21023.944015336416,-24.166777631642123,21031.968221878316,16.142571089741484,0.1907569709066479
2004-11-02 15:59:00,2004-11-02 15:50:00,21024.450653940996,-24.20563867596488,21031.96817166603,16.68812095093003,-0.060701730705007506
2004-11-02 16:00:00,2004-11-02 15:51:00,21023.746321005685,-24.24296807638065,21031.968121453734,16.02116762833147,-0.2122042677251681
2004-11-02 16:01:00,2004-11-02 15:52:00,21023.95303742852,-24.278746228407563,21031.96807124145,16.263712415479695,0.09518761253957564
2004-11-02 16:02:00,2004-11-02 15:53:00,21023.866610355002,-24.312953527563778,21031.968021029155,16.21154285341062,-0.30515396833219377
2004-11-02 16:03:00,2004-11-02 15:54:00,21023.275804926314,-24.34557036936744,21031.967970816866,15.653404478815307,-0.20676532049741247
2004-11-02 16:04:00,2004-11-02 15:55:00,21023.389355667652,-24.37657714933668,21031.967920604573,15.798012212415795,-0.173097648015748
2004-11-02 16:05:00,2004-11-02 15:56:00,21022.86912531208,-24.405954262989656,21031.967870392287,15.307209182783811,-0.4825785050470621
2004-11-02 16:06:00,2004-11-02 15:57:00,21022.36699327647,-24.4336821058445,21031.967820179994,14.83285520232167,-0.4763176504400466
2004-11-02 16:07:00,2004-11-02 15:58:00,21021.862602776186,-24.459741073419366,21031.9677699677,14.354573881903718,-0.020201375369012453
2004-11-02 16:08:00,2004-11-02 15:59:00,21022.276060645767,-24.4841115612324,21031.967719755416,14.792452451583646,0.28707128504485624
2004-11-02 16:09:00,2004-11-02 16:00:00,21022.389612030314,-24.50677396480173,21031.967669543123,14.92871645199343,-0.21790107601884756
2004-11-02 16:10:00,2004-11-02 16:01:00,21021.796560950734,-24.527708679645517,21031.967619330833,14.35665029954595,-0.21849120585321913
2004-11-02 16:11:00,2004-11-02 16:02:00,21021.912407057545,-24.54689610128191,21031.96756911854,14.491734040286993,-0.6735296489686942
2004-11-02 16:12:00,2004-11-02 16:03:00,21020.412793282627,-24.564316625229033,21031.967518906247,13.009591001608563,-0.7877530924027063
2004-11-02 16:13:00,2004-11-02 16:04:00,21020.303745902438,-24.57995064700505,21031.96746869396,12.91622785548158,-0.5930012174970614
2004-11-02 16:14:00,2004-11-02 16:05:00,21019.197228486155,-24.593778562128087,21031.96741848167,11.82358856661444,-0.6402677584348275
2004-11-02 16:15:00,2004-11-02 16:06:00,21018.99727984187,-24.605780766116304,21031.967368269376,11.635692338611925,-0.14109730511949792
2004-11-02 16:16:00,2004-11-02 16:07:00,21018.892774358977,-24.615937654487837,21031.96731805709,11.541393956375444,0.16603844248303545
2004-11-02 16:17:00,2004-11-02 16:08:00,21019.310807445614,-24.62422962276083,21031.967267844797,11.967769223577996,0.32093031064398403
2004-11-02 16:18:00,2004-11-02 16:09:00,21019.519835143714,-24.63063706645344,21031.967217632504,12.183254577663412,0.31337499667094804
2004-11-02 16:19:00,2004-11-02 16:10:00,21019.926546256054,-24.635140381083787,21031.967167420218,12.594519216919892,0.20921982153901375
2004-11-02 16:20:00,2004-11-02 16:11:00,21019.931091466497,-24.637719962170042,21031.967117207925,12.60169422074144,-0.14716695082915443
2004-11-02 16:21:00,2004-11-02 16:12:00,21019.62889610566,-24.638356205230334,21031.96706699563,12.300185315261583,-0.20705843164352444
2004-11-02 16:22:00,2004-11-02 16:13:00,21019.517564635014,-24.63702950578281,21031.967016783343,12.18757735745439,-0.24993002254722896
2004-11-02 16:23:00,2004-11-02 16:14:00,21019.13357158187,-24.633720259345612,21031.96696657105,11.800325270167125,-0.24510676544980825
2004-11-02 16:24:00,2004-11-02 16:15:00,21019.03587132388,-24.628408861436892,21031.96691635876,11.697363826554774,-0.7140435514084142
2004-11-02 16:25:00,2004-11-02 16:16:00,21017.718028606243,-24.621075707574782,21031.966866146468,10.372238167350297,-0.7183472105254385
2004-11-02 16:26:00,2004-11-02 16:17:00,21017.615784146405,-24.611701193277433,21031.966815934178,10.260669405503897,-0.4579677386646601
2004-11-02 16:27:00,2004-11-02 16:18:00,21016.822802697843,-24.600265714063,21031.966765721885,9.456302690020976,-0.7565539003178294
2004-11-02 16:28:00,2004-11-02 16:19:00,21016.12752744901,-24.586749665449602,21031.966715509592,8.747561604868238,-0.1553834259986253
2004-11-02 16:29:00,2004-11-02 16:20:00,21016.54106769237,-24.571133442955407,21031.966665297303,9.145535838023726,0.1912820165004394
2004-11-02 16:30:00,2004-11-02 16:21:00,21016.543343280784,-24.55339744209856,21031.966615085013,9.130125637869117,0.19600540031780866
2004-11-02 16:31:00,2004-11-02 16:22:00,21016.97058331671,-24.533528194669863,21031.96656487272,9.537546638659343,0.1473178158918742
2004-11-02 16:32:00,2004-11-02 16:23:00,21016.87973915253,-24.511536777550848,21031.966514660427,9.424761269652866,-0.3240562512504237
2004-11-02 16:33:00,2004-11-02 16:24:00,21016.3684581804,-24.487440403895715,21031.966464448138,8.889434136158496,-0.47839687999765523
2004-11-02 16:34:00,2004-11-02 16:25:00,21015.973125458644,-24.461256286858642,21031.966414235845,8.467967509657555,-0.8860654267771988
2004-11-02 16:35:00,2004-11-02 16:26:00,21014.650665666562,-24.43300163959384,21031.966364023552,7.117303282604098,-0.6404739582188022
2004-11-02 16:36:00,2004-11-02 16:27:00,21014.750639729227,-24.4026936752555,21031.966313811263,7.187019593219951,-0.2869017684875548
2004-11-02 16:37:00,2004-11-02 16:28:00,21014.1394137376,-24.370349606997816,21031.96626359897,6.5434997456289885,0.06439381105097297
2004-11-02 16:38:00,2004-11-02 16:29:00,21014.946033954024,-24.33598664797499,21031.966213386677,7.315807215321897,-0.09212179946237953
2004-11-02 16:39:00,2004-11-02 16:30:00,21014.025797309754,-24.299622011341217,21031.96616317439,6.3592561467042295,-1.0563649946354783
2004-11-02 16:40:00,2004-11-02 16:31:00,21012.907917277895,-24.261272910250685,21031.966112962094,5.20307722605094,-0.3414769336748176
2004-11-02 16:41:00,2004-11-02 16:32:00,21013.421408471302,-24.220956557857598,21031.966062749805,5.676302279354594,0.8210308099577741
2004-11-02 16:42:00,2004-11-02 16:33:00,21014.632461216162,-24.178690167316148,21031.966012537512,6.845138845966488,0.765703566952455
2004-11-02 16:43:00,2004-11-02 16:34:00,21015.039180786698,-24.13449095178053,21031.96596232522,7.207709413259504,0.052594183622051816
2004-11-02 16:44:00,2004-11-02 16:35:00,21014.827863201735,-24.088376124404938,21031.96591211293,6.950327213210592,-0.3060418632803028
2004-11-02 16:45:00,2004-11-02 16:36:00,21014.521124688992,-24.040362898343577,21031.965861900637,6.595625686698899,-0.14887777755802212
2004-11-02 16:46:00,2004-11-02 16:37:00,21014.627914859688,-23.990468486750633,21031.965811688344,6.652571658094548,-0.04736818547178423
2004-11-02 16:47:00,2004-11-02 16:38:00,21014.52794068903,-23.938710102780306,21031.965761476054,6.50088931575533,-0.3093809661314193
2004-11-02 16:48:00,2004-11-02 16:39:00,21014.114416030003,-23.88510495958679,21031.965711263758,6.033809725831709,-0.3612062675875407
2004-11-02 16:49:00,2004-11-02 16:40:00,21013.914467561724,-23.829670270324286,21031.96566105147,5.778476780580249,-0.2141909416194565
2004-11-02 16:50:00,2004-11-02 16:41:00,21013.798615433625,-23.772423248146985,21031.96561083918,5.605427842592796,-0.0694321016712891
2004-11-02 16:51:00,2004-11-02 16:42:00,21013.89179209791,-23.713381106209084,21031.965560626883,5.639612577237671,-0.05874746108651685
2004-11-02 16:52:00,2004-11-02 16:43:00,21013.800882277344,-23.65256105766478,21031.96551041459,5.487932920419762,-0.15482467444616432
2004-11-02 16:53:00,2004-11-02 16:44:00,21013.705443114977,-23.589980315668264,21031.9654602023,5.329963228345342,0.1888009809133564
2004-11-02 16:54:00,2004-11-02 16:45:00,21014.30528877888,-23.525656093373737,21031.965409990007,5.865534882246475,0.3336261069406472
2004-11-02 16:55:00,2004-11-02 16:46:00,21014.502969616005,-23.45960560393539,21031.965359777714,5.997215442226636,0.03765729116749128
2004-11-02 16:56:00,2004-11-02 16:47:00,21014.5143129695,-23.39184606050743,21031.965309565425,5.940849464581458,-0.16172275035140693
2004-11-02 16:57:00,2004-11-02 16:48:00,21014.31663461841,-23.322394676244038,21031.965259353132,5.6737699415238225,0.0354133177292244
2004-11-02 16:58:00,2004-11-02 16:49:00,21014.72561657658,-23.251268664299417,21031.96520914084,6.011676100039907,0.03602171744323179
2004-11-02 16:59:00,2004-11-02 16:50:00,21014.532487067132,-23.17848523782776,21031.96515892855,5.745813376410286,-0.41891646202714483
2004-11-02 17:00:00,2004-11-02 16:51:00,21014.034890282255,-23.10406160998327,21031.965108716253,5.173843175985617,-0.37283314895954334
2004-11-02 17:01:00,2004-11-02 16:52:00,21013.937190588535,-23.02801499392014,21031.965058503964,5.000147078491199,-0.2835659962746888
2004-11-02 17:02:00,2004-11-02 16:53:00,21013.62135687231,-22.95036260279256,21031.965008291667,4.606711183436239,-0.845236957034345
2004-11-02 17:03:00,2004-11-02 16:54:00,21012.40350959404,-22.87112164975473,21031.964958079374,3.3096731644225095,-0.29127005983303533
2004-11-02 17:04:00,2004-11-02 16:55:00,21013.198769582894,-22.790309347960843,21031.964907867085,4.024171063770169,0.5171728861892824
2004-11-02 17:05:00,2004-11-02 16:56:00,21013.600933681024,-22.707942910565105,21031.964857654788,4.344018936801074,0.018023065069245447
2004-11-02 17:06:00,2004-11-02 16:57:00,21013.400985085682,-22.624039550721694,21031.964807442495,4.0602171939086595,-0.14479253190329722
2004-11-02 17:07:00,2004-11-02 16:58:00,21013.480574621615,-22.538616481584825,21031.964757230206,4.05443387299448,0.3558314681938892
2004-11-02 17:08:00,2004-11-02 16:59:00,21014.284896231897,-22.451690916308678,21031.96470701791,4.771880130296438,0.3679265996320833
2004-11-02 17:09:00,2004-11-02 17:00:00,21014.391663809827,-22.363280068047455,21031.964656805616,4.790287072258646,-0.07776428906206156
2004-11-02 17:10:00,2004-11-02 17:01:00,21014.307556995544,-22.273401149955358,21031.964606593327,4.616351552172315,-0.42799139986283485
2004-11-02 17:11:00,2004-11-02 17:02:00,21013.71678927838,-22.182071375186574,21031.964556381034,3.9343042725329767,-0.5407461872364117
2004-11-02 17:12:00,2004-11-02 17:03:00,21013.410057389545,-22.0893079568953,21031.96450616874,3.5348591776994915,-0.004787308396259959
2004-11-02 17:13:00,2004-11-02 17:04:00,21013.894057503952,-21.99512810823574,21031.964455956448,3.9247296557404567,-0.0027906837128437445
2004-11-02 17:14:00,2004-11-02 17:05:00,21013.594134512066,-21.899549042362075,21031.964405744155,3.529277810273804,0.10599488372208299
2004-11-02 17:15:00,2004-11-02 17:06:00,21014.29848698262,-21.80258797242852,21031.964355531865,4.136719423184623,-0.30772801768098645
2004-11-02 17:16:00,2004-11-02 17:07:00,21013.17386498289,-21.70426211158925,21031.96430531957,2.913821774911831,-0.46357250369821124
2004-11-02 17:17:00,2004-11-02 17:08:00,21013.569240850065,-21.604588672998478,21031.964255107276,3.2095744157882002,0.807401630106197
2004-11-02 17:18:00,2004-11-02 17:09:00,21014.989245060297,-21.503584869810386,21031.964204894983,4.528625035124225,0.615189941207726
2004-11-02 17:19:00,2004-11-02 17:10:00,21015.002841065714,-21.401267915179183,21031.96415468269,4.439954298203652,-0.049529618727696345
2004-11-02 17:20:00,2004-11-02 17:11:00,21015.096015245803,-21.297655022259054,21031.964104470393,4.4295657976688325,0.04235937024134806
2004-11-02 17:21:00,2004-11-02 17:12:00,21015.295963892586,-21.192763404204204,21031.964054258104,4.524673038686348,0.152400250434642
2004-11-02 17:22:00,2004-11-02 17:13:00,21015.61176007018,-21.086610274168816,21031.96400404581,4.7343662985381165,-0.1533121897925529
2004-11-02 17:23:00,2004-11-02 17:14:00,21015.20278964731,-20.979212845307103,21031.963953833514,4.2180486591012425,-0.22266527929523328
2004-11-02 17:24:00,2004-11-02 17:15:00,21015.3823510304,-20.870588330773245,21031.963903621225,4.28903573994765,0.07492110760513349
2004-11-02 17:25:00,2004-11-02 17:16:00,21015.57099033952,-20.76075394372145,21031.96385340893,4.3678908743115095,0.07487846987504909
2004-11-02 17:26:00,2004-11-02 17:17:00,21015.752868979023,-20.649726897305904,21031.96380319663,4.438792679697748,0.17932382200239516
2004-11-02 17:27:00,2004-11-02 17:18:00,21016.152767097978,-20.537524404680806,21031.963752984342,4.7265385183163,0.029337261591750874
2004-11-02 17:28:00,2004-11-02 17:19:00,21016.03700629593,-20.424163679000355,21031.96370277205,4.49746720288125,-0.030805846931983183
2004-11-02 17:29:00,2004-11-02 17:20:00,21016.31891745079,-20.30966193341875,21031.963652559756,4.664926824452333,0.062448589412763766
2004-11-02 17:30:00,2004-11-02 17:21:00,21016.39193034808,-20.194036381090175,21031.963602347463,4.622364381706777,0.2736565867230407
2004-11-02 17:31:00,2004-11-02 17:22:00,21017.098487897896,-20.077304235168832,21031.963552135167,5.212239997898415,0.4326348933269397
2004-11-02 17:32:00,2004-11-02 17:23:00,21017.49165338243,-19.95948270880892,21031.963501922877,5.487634168360657,0.1237769888711373
2004-11-02 17:33:00,2004-11-02 17:24:00,21017.582656671057,-19.840589015164635,21031.96345171058,5.4597939756406895,-0.12497759946162112
2004-11-02 17:34:00,2004-11-02 17:25:00,21017.48044010033,-19.720640367390164,21031.963401498284,5.237678969437415,-0.4848822855955355
2004-11-02 17:35:00,2004-11-02 17:26:00,21016.853726711804,-19.59965397863971,21031.963351285995,4.4900294044496185,0.21950766546341072
2004-11-02 17:36:00,2004-11-02 17:27:00,21018.162348311995,-19.477647062067465,21031.963301073698,5.676694300364236,0.8317773291856199
2004-11-02 17:37:00,2004-11-02 17:28:00,21018.7621980934,-19.354636830827634,21031.963250861405,6.153584062820858,0.1320811493808982
2004-11-02 17:38:00,2004-11-02 17:29:00,21018.673416750164,-19.230640498074404,21031.963200649112,5.9408565991260325,-0.06324362394319927
2004-11-02 17:39:00,2004-11-02 17:30:00,21018.88457197479,-19.105675276961968,21031.96315043682,6.02709681493446,-0.2798311998845797
2004-11-02 17:40:00,2004-11-02 17:31:00,21018.364536043235,-18.97975838064453,21031.963100224522,5.381194199356873,-0.3841133624626121
2004-11-02 17:41:00,2004-11-02 17:32:00,21018.369013079962,-18.85290702227628,21031.96305001223,5.2588700900092356,0.17490354415825493
2004-11-02 17:42:00,2004-11-02 17:33:00,21018.968862672595,-18.72513841501142,21031.962999799933,5.731001287673383,0.22174384994417728
2004-11-02 17:43:00,2004-11-02 17:34:00,21019.068837605533,-18.59646977200414,21031.96294958764,5.70235778989759,-0.08354831216562886
2004-11-02 17:44:00,2004-11-02 17:35:00,21019.059885732284,-18.46691830640864,21031.96289937535,5.563904663342125,-0.2810158138405221
2004-11-02 17:45:00,2004-11-02 17:36:00,21018.76667409389,-18.33650123137911,21031.962849163054,5.140326162216546,-0.9839330638377017
2004-11-02 17:46:00,2004-11-02 17:37:00,21017.353601726358,-18.205235760069755,21031.96279895076,3.5960385356667217,-1.5402274920269132
2004-11-02 17:47:00,2004-11-02 17:38:00,21015.949480810996,-18.073139105634763,21031.962748738468,2.0598711781627195,-0.7867608570120055
2004-11-02 17:48:00,2004-11-02 17:39:00,21016.044986866582,-17.94022848122833,21031.962698526168,2.0225168216427107,0.004425973403726857
2004-11-02 17:49:00,2004-11-02 17:40:00,21016.224850338844,-17.806521100004655,21031.962648313878,2.068723124970173,0.5024047530552238
2004-11-02 17:50:00,2004-11-02 17:41:00,21017.317890254217,-17.67203417511793,21031.96259810158,3.0273263277531584,0.5594371852711131
2004-11-02 17:51:00,2004-11-02 17:42:00,21017.613360465075,-17.536784919722358,21031.962547889285,3.1875974955123993,0.3054120233362241
2004-11-02 17:52:00,2004-11-02 17:43:00,21018.19985750445,-17.400790546972132,21031.962497676996,3.6381503744256065,0.35133334939279415
2004-11-02 17:53:00,2004-11-02 17:44:00,21018.588643388975,-17.264068270021443,21031.9624474647,3.8902641942979876,0.4528251774828682
2004-11-02 17:54:00,2004-11-02 17:45:00,21019.379562679773,-17.12663530202449,21031.962397252406,4.543800729391343,0.4043645216248599
2004-11-02 17:55:00,2004-11-02 17:46:00,21019.67283142152,-16.988508856135464,21031.96234704011,4.6989932375477075,-0.09729846114507623
2004-11-02 17:56:00,2004-11-02 17:47:00,21019.46179448941,-16.849706145508577,21031.962296827816,4.3492038071011905,0.06086875785979551
2004-11-02 17:57:00,2004-11-02 17:48:00,21020.07273298549,-16.710244383298004,21031.96224661552,4.8207307532672985,0.5145416297920402
2004-11-02 17:58:00,2004-11-02 17:49:00,21020.770342687254,-16.570140782657955,21031.962196403227,5.378287066685271,0.5583530655316196
2004-11-02 17:59:00,2004-11-02 17:50:00,21021.47017051852,-16.42941255674262,21031.962146190934,5.937436884330538,0.255594385359295
2004-11-02 18:00:00,2004-11-02 17:51:00,21021.56349489733,-16.288076918706192,21031.962095978633,5.889475837403861,-0.14601408857341802
2004-11-02 18:01:00,2004-11-02 17:52:00,21021.461303391825,-16.14615108170288,21031.962045766344,5.645408707183702,0.004477712361410369
2004-11-02 18:02:00,2004-11-02 17:53:00,21021.856774557287,-16.003652258886863,21031.961995554047,5.898431262126682,0.2516389022195531
2004-11-02 18:03:00,2004-11-02 17:54:00,21022.250034189965,-15.860597663412344,21031.961945341754,6.148686511622808,0.19889463352079328
2004-11-02 18:04:00,2004-11-02 17:55:00,21022.541111150193,-15.71700450843352,21031.961895129458,6.296220529168268,0.14948725312453437
2004-11-02 18:05:00,2004-11-02 17:56:00,21022.83661592793,-15.572890007104586,21031.96184491716,6.4476610178718765,0.09899263702052163
2004-11-02 18:06:00,2004-11-02 17:57:00,21023.027729135498,-15.428271372579744,21031.96179470487,6.4942058032093115,0.24956743564963446
2004-11-02 18:07:00,2004-11-02 17:58:00,21023.62537456373,-15.283165818013178,21031.96174449257,6.946795889171145,0.3567967560183547
2004-11-02 18:08:00,2004-11-02 17:59:00,21024.031903038962,-15.13759055655909,21031.961694280275,7.207799315246021,0.15527965213737183
2004-11-02 18:09:00,2004-11-02 18:00:00,21024.22743646006,-14.991562801371671,21031.961644067986,7.257355193445889,-0.04953255606928053
2004-11-02 18:10:00,2004-11-02 18:01:00,21024.22522829319,-14.845099765605127,21031.96159385569,7.10873420310746,-0.042227576419593404
2004-11-02 18:11:00,2004-11-02 18:02:00,21024.436225021585,-14.698218662413648,21031.961543643392,7.172900040606702,-0.24921441481770668
2004-11-02 18:12:00,2004-11-02 18:03:00,21024.02086209962,-14.550936704951427,21031.9614934311,6.6103053734720465,-0.5160917589306235
2004-11-02 18:13:00,2004-11-02 18:04:00,21023.698888635176,-14.403271106372662,21031.961443218803,6.140716522745455,-0.4642517509824087
2004-11-02 18:14:00,2004-11-02 18:05:00,21023.38795579818,-14.25523907983155,21031.961393006506,5.681801871507229,0.24074749088661207
2004-11-02 18:15:00,2004-11-02 18:06:00,21024.47669646025,-14.10685783848229,21031.961342794213,6.622211504518679,0.897950383544563
2004-11-02 18:16:00,2004-11-02 18:07:00,21025.480850625034,-13.95814459547907,21031.961292581916,7.477702638596355,1.010798938463079
2004-11-02 18:17:00,2004-11-02 18:08:00,21026.795935187085,-13.809116563976088,21031.961242369616,8.643809381444838,0.8061420314221426
2004-11-02 18:18:00,2004-11-02 18:09:00,21027.39138790164,-13.659790957127544,21031.961192157327,9.08998670144064,0.14281259461369533
2004-11-02 18:19:00,2004-11-02 18:10:00,21027.38039152761,-13.51018498808763,21031.961141945027,8.929434570672228,-0.09969943776667023
2004-11-02 18:20:00,2004-11-02 18:11:00,21027.491363688634,-13.360315870010549,21031.961091732737,8.8905878259073,-0.09335544803416163
2004-11-02 18:21:00,2004-11-02 18:12:00,21027.493564378994,-13.210200816050484,21031.96104152044,8.742723674603905,-0.554481519141726
2004-11-02 18:22:00,2004-11-02 18:13:00,21026.682759056406,-13.059857039361638,21031.960991308144,7.781624787623848,-0.19598342909872812
2004-11-02 18:23:00,2004-11-02 18:14:00,21027.40239615916,-12.909301753098209,21031.96094109585,8.350756816406449,0.25700184248443225
2004-11-02 18:24:00,2004-11-02 18:15:00,21027.497967185733,-12.758552170414392,21031.960890883554,8.295628472592712,-0.205179578515863
2004-11-02 18:25:00,2004-11-02 18:16:00,21027.293612826164,-12.607625504464378,21031.960840671254,7.940397659374723,-0.4398620624151972
2004-11-02 18:26:00,2004-11-02 18:17:00,21026.920155838325,-12.456538968402366,21031.960790458965,7.415904347762318,-1.2975261937558775
2004-11-02 18:27:00,2004-11-02 18:18:00,21025.00077574315,-12.305309775382554,21031.960740246668,5.345345271862968,-1.4130611698463458
2004-11-02 18:28:00,2004-11-02 18:19:00,21024.39651690388,-12.153955138559134,21031.960690034368,4.589782008069626,-0.5957396161810866
2004-11-02 18:29:00,2004-11-02 18:20:00,21024.11201359049,-12.002492271086307,21031.960639822075,4.1538660395007945,-0.7002237912491474
2004-11-02 18:30:00,2004-11-02 18:21:00,21023.29898564923,-11.850938386118258,21031.96058960978,3.1893344255713316,-0.5514433111262029
2004-11-02 18:31:00,2004-11-02 18:22:00,21023.31220811792,-11.699310696809196,21031.96053939748,3.0509794172483886,-0.1971870859052558
2004-11-02 18:32:00,2004-11-02 18:23:00,21023.207823022633,-11.547626416313307,21031.960489185185,2.79496025376082,-0.3604183676292827
2004-11-02 18:33:00,2004-11-02 18:24:00,21022.894678897097,-11.395902757784793,21031.960438972892,2.330142681989823,-0.9213032733092383
2004-11-02 18:34:00,2004-11-02 18:25:00,21021.668585533356,-11.244156934377848,21031.96038876059,0.9523537071423434,-0.7658425647255775
2004-11-02 18:35:00,2004-11-02 18:26:00,21021.66638994159,-11.092406159246668,21031.9603385483,0.7984575525386681,0.30149174496696496
2004-11-02 18:36:00,2004-11-02 18:27:00,21022.574957887533,-10.94066764554545,21031.960288336002,1.5553371970762733,0.355895135537196
2004-11-02 18:37:00,2004-11-02 18:28:00,21022.68152734089,-10.788958606428384,21031.960238123705,1.51024782361306,-0.30489399170286813
2004-11-02 18:38:00,2004-11-02 18:29:00,21022.26844087003,-10.637296255049668,21031.96018791141,0.945549213670537,-0.4613919257731638
2004-11-02 18:39:00,2004-11-02 18:30:00,21022.061903866615,-10.485697804563504,21031.960137699112,0.5874639720667325,-0.45801855876523145
2004-11-02 18:40:00,2004-11-02 18:31:00,21021.65541911483,-10.334180468124082,21031.960087486816,0.029512096140074107,0.10181437687932515
2004-11-02 18:41:00,2004-11-02 18:32:00,21022.568368541462,-10.182761458885597,21031.960037274523,0.7910927258253828,0.5084100794755972
2004-11-02 18:42:00,2004-11-02 18:33:00,21022.97486132731,-10.031457990002249,21031.959987062222,1.0463322550912686,-0.5631530613323008
2004-11-02 18:43:00,2004-11-02 18:34:00,21021.744436178462,-9.880287274628234,21031.95993684993,-0.3352133968392188,-0.9738714830871533
2004-11-02 18:44:00,2004-11-02 18:35:00,21021.32920940063,-9.729266525917744,21031.95988663763,-0.901410711083038,0.5500404311207028
2004-11-02 18:45:00,2004-11-02 18:36:00,21023.146290933713,-9.578412957024977,21031.959836425336,0.7648674654021868,1.2044364279038247
2004-11-02 18:46:00,2004-11-02 18:37:00,21024.03950457666,-9.427743781104125,21031.95978621304,1.5074621447246113,0.337326730275473
2004-11-02 18:47:00,2004-11-02 18:38:00,21024.121980715387,-9.277276211309385,21031.959736000743,1.4395209259531327,-0.1667016941073296
2004-11-02 18:48:00,2004-11-02 18:39:00,21024.00671708416,-9.127027460794965,21031.959685788446,1.174058756509952,-0.06102034293534331
2004-11-02 18:49:00,2004-11-02 18:40:00,21024.300101073517,-8.977014742715042,21031.95963557615,1.3174802400824461,0.3489540883852653
2004-11-02 18:50:00,2004-11-02 18:41:00,21025.00429702691,-8.827255270223823,21031.959585363853,1.8719669332804827,0.6057022200608388
2004-11-02 18:51:00,2004-11-02 18:42:00,21025.810653575285,-8.677766256475502,21031.959535151556,2.528884680204124,0.40603103814726094
2004-11-02 18:52:00,2004-11-02 18:43:00,21026.11494903421,-8.528564914624274,21031.95948493926,2.6840290095750046,0.05204526561675049
2004-11-02 18:53:00,2004-11-02 18:44:00,21026.212741480576,-8.379668457824337,21031.959434726963,2.632975211437625,0.3055770955151518
2004-11-02 18:54:00,2004-11-02 18:45:00,21027.023473616042,-8.231094099229878,21031.959384514666,3.295183200605308,0.4536862906922918
2004-11-02 18:55:00,2004-11-02 18:46:00,21027.416823043197,-8.082859051995106,21031.95933430237,3.5403477928222085,0.14427764327750836
2004-11-02 18:56:00,2004-11-02 18:47:00,21027.608042047956,-7.934980529274206,21031.95928409007,3.583738487160325,-0.006406663313165417
2004-11-02 18:57:00,2004-11-02 18:48:00,21027.69929259975,-7.7874757442213856,21031.959233877777,3.5275344661958776,-0.257046408797299
2004-11-02 18:58:00,2004-11-02 18:49:00,21027.38846742505,-7.640361909990826,21031.959183665476,3.069645669565727,0.14979961456071678
2004-11-02 18:59:00,2004-11-02 18:50:00,21028.29261090876,-7.493656239736733,21031.95913345318,3.827133695317311,0.40342675726754074
2004-11-02 19:00:00,2004-11-02 18:51:00,21028.488206478374,-7.3473759466132975,21031.959083240887,3.8764991841008083,0.14847569260798288
2004-11-02 19:01:00,2004-11-02 18:52:00,21028.881579865345,-7.201538243774721,21031.959033028586,4.124085080533277,-0.4063766487882212
2004-11-02 19:02:00,2004-11-02 18:53:00,21027.966568358435,-7.0561603443751935,21031.958982816286,3.063745886524366,-0.4037286777129072
2004-11-02 19:03:00,2004-11-02 18:54:00,21028.36430086753,-6.911259461568914,21031.958932603993,3.3166277251074625,0.5541446663160414
2004-11-02 19:04:00,2004-11-02 18:55:00,21029.364064802343,-6.766852808510073,21031.958882391697,4.172035219156449,0.8089349726817447
2004-11-02 19:05:00,2004-11-02 18:56:00,21030.270372251518,-6.622957598352874,21031.9588321794,4.934497670470952,0.5084389218292298
2004-11-02 19:06:00,2004-11-02 18:57:00,21030.668103985667,-6.47959104425151,21031.958781967103,5.188913062814908,-0.25279328222021746
2004-11-02 19:07:00,2004-11-02 18:58:00,21030.050872501473,-6.3367703593601785,21031.958731754803,4.428911106030517,0.0042165114323129416
2004-11-02 19:08:00,2004-11-02 18:59:00,21030.961514871353,-6.1945127568330705,21031.958681542506,5.197346085679534,0.4633685557554905
2004-11-02 19:09:00,2004-11-02 19:00:00,21031.261444097927,-6.052835449824384,21031.95863133021,5.355648217541498,0.0662322799767745
2004-11-02 19:10:00,2004-11-02 19:01:00,21031.376636112054,-5.911755651488315,21031.95858111791,5.329810645633083,0.11791421575564254
2004-11-02 19:11:00,2004-11-02 19:02:00,21031.77871697969,-5.771290574979066,21031.958530905616,5.591476649052783,-0.0988043676121011
2004-11-02 19:12:00,2004-11-02 19:03:00,21031.459225170278,-5.631457433450819,21031.95848069332,5.132201910408881,-0.25030168028329314
2004-11-02 19:13:00,2004-11-02 19:04:00,21031.557030329444,-5.492273440057776,21031.958430481016,5.090873288486197,0.2654498365055149
2004-11-02 19:14:00,2004-11-02 19:05:00,21032.26772604419,-5.353755807954139,21031.958380268723,5.663101583419911,0.46716317732593104
2004-11-02 19:15:00,2004-11-02 19:06:00,21032.76760794927,-5.215921750294093,21031.958330056426,6.025199643138059,0.2070537156300123
2004-11-02 19:16:00,2004-11-02 19:07:00,21032.956700378574,-5.078788480231848,21031.958279844126,6.077209014679935,0.10778680824241249
2004-11-02 19:17:00,2004-11-02 19:08:00,21033.25662968053,-4.942373210921588,21031.95822963183,6.240773259622884,0.163931852905578
2004-11-02 19:18:00,2004-11-02 19:09:00,21033.556558984503,-4.806693155517507,21031.95817941953,6.405072720491091,0.17010561026190452
2004-11-02 19:19:00,2004-11-02 19:10:00,21033.867348160205,-4.6717655271738145,21031.958129207233,6.580984480146693,0.22085476090108713
2004-11-02 19:20:00,2004-11-02 19:11:00,21034.267253698188,-4.537607539044693,21031.95807899494,6.846782242293266,0.2238146324972652
2004-11-02 19:21:00,2004-11-02 19:12:00,21034.582406123493,-4.404236404284342,21031.958028782636,7.028613745141223,-0.08184402272393587
2004-11-02 19:22:00,2004-11-02 19:13:00,21034.369403431137,-4.27166933604696,21031.95797857034,6.683094196845394,0.10805055179314316
2004-11-02 19:23:00,2004-11-02 19:14:00,21035.062719659287,-4.1399235474867435,21031.957928358046,7.24471484872751,0.4153345999133897
2004-11-02 19:24:00,2004-11-02 19:15:00,21035.462625290656,-4.009016251757883,21031.957878145742,7.513763396672173,0.2205743246722207
2004-11-02 19:25:00,2004-11-02 19:16:00,21035.764726769503,-3.87896466201458,21031.957827933446,7.685863498071951,0.02148582154642753
2004-11-02 19:26:00,2004-11-02 19:17:00,21035.764726769503,-3.749785991411029,21031.95777772115,7.556735039765028,-0.1286833921599504
2004-11-02 19:27:00,2004-11-02 19:18:00,21035.764726769503,-3.621497453101423,21031.957727508852,7.42849671375205,-0.22884718851171737
2004-11-02 19:28:00,2004-11-02 19:19:00,21035.562601699057,-3.494116260239956,21031.957677296556,7.099040662741594,0.07417044032604814
2004-11-02 19:29:00,2004-11-02 19:20:00,21036.166805052675,-3.367659625980828,21031.95762708425,7.576837594404147,0.5271700505501791
2004-11-02 19:30:00,2004-11-02 19:21:00,21036.86881287232,-3.2421447634782368,21031.957576871955,8.153380763841952,0.32490859824047114
2004-11-02 19:31:00,2004-11-02 19:22:00,21037.066592564657,-3.1175888858863736,21031.95752665966,8.226654790885089,-0.18160661752553864
2004-11-02 19:32:00,2004-11-02 19:23:00,21036.75363476979,-2.9940092063594363,21031.95747644736,7.7901675287908745,-0.8837087359765103
2004-11-02 19:33:00,2004-11-02 19:24:00,21035.54524061594,-2.871422938051623,21031.957426235058,6.459237318932068,-1.3771590685402977
2004-11-02 19:34:00,2004-11-02 19:25:00,21034.243378120354,-2.7498472941171244,21031.95737602276,5.035849391710279,-0.9164847267219134
2004-11-02 19:35:00,2004-11-02 19:26:00,21033.954294188243,-2.6292994877101385,21031.957325810465,4.626267865488241,-0.3568915358749063
2004-11-02 19:36:00,2004-11-02 19:27:00,21033.76954518614,-2.50979673198486,21031.957275598164,4.3220663199604665,-0.11892141151069602
2004-11-02 19:37:00,2004-11-02 19:28:00,21033.954294188243,-2.39135624009549,21031.95722538587,4.388425042466849,0.5765532970721257
2004-11-02 19:38:00,2004-11-02 19:29:00,21035.158352862476,-2.2739952251962166,21031.957175173568,5.475172914104718,0.982978477835351
2004-11-02 19:39:00,2004-11-02 19:30:00,21036.15377605897,-2.1577309004412477,21031.957124961275,6.354381998137551,1.538297439893391
2004-11-02 19:40:00,2004-11-02 19:31:00,21038.466262063877,-2.0425804789847604,21031.95707474897,8.5517677938915,1.699164678371142
2004-11-02 19:41:00,2004-11-02 19:32:00,21039.781174717573,-1.9285611739809667,21031.957024536674,9.752711354879835,0.43213200154881015
2004-11-02 19:42:00,2004-11-02 19:33:00,21039.557315922782,-1.8156901985840541,21031.956974324377,9.41603179698912,-0.5762551899425343
2004-11-02 19:43:00,2004-11-02 19:34:00,21038.853140321124,-1.7039847659482241,21031.956924112077,8.600200974994767,-0.41858490720006714
2004-11-02 19:44:00,2004-11-02 19:35:00,21038.942273793138,-1.5934620892276676,21031.956873899777,8.578861982588986,-0.26200651606518477
2004-11-02 19:45:00,2004-11-02 19:36:00,21038.548872248768,-1.4841393815765862,21031.95682368748,8.076187942864397,-0.7009307643277687
2004-11-02 19:46:00,2004-11-02 19:37:00,21037.757740072964,-1.3760338561491672,21031.95677347518,7.177000453933449,-0.9931074181664954
2004-11-02 19:47:00,2004-11-02 19:38:00,21036.77753364331,-1.2691627260996121,21031.95672326288,6.089973106531406,-1.3971966080551628
2004-11-02 19:48:00,2004-11-02 19:39:00,21035.175737083824,-1.163543204582112,21031.956673050583,4.382607237823123,-1.5046035988396564
2004-11-02 19:49:00,2004-11-02 19:40:00,21033.978196242384,-1.0591925047508752,21031.956622838283,3.0807659088520936,-0.9056428393511062
2004-11-02 19:50:00,2004-11-02 19:41:00,21033.571766345343,-0.9561278397600788,21031.956572625983,2.5713215591209106,-0.7543841678763972
2004-11-02 19:51:00,2004-11-02 19:42:00,21032.67415356402,-0.8543664227639347,21031.956522413686,1.5719975730992992,-1.8115096669486181
2004-11-02 19:52:00,2004-11-02 19:43:00,21030.150848959693,-0.7539254669166304,21031.956472201386,-1.0516977747763256,-1.0071153611478287
2004-11-02 19:53:00,2004-11-02 19:44:00,21030.859366654517,-0.6548221853723639,21031.956421989085,-0.44223314919635826,-0.19726708352382083
2004-11-02 19:54:00,2004-11-02 19:45:00,21029.95306604368,-0.5570737912853332,21031.95637177679,-1.4462319418239673,-0.19915966604889945
2004-11-02 19:55:00,2004-11-02 19:46:00,21030.655071585385,-0.46069749780972913,21031.95632156449,-0.8405524812941572,-0.45205564049175706
2004-11-02 19:56:00,2004-11-02 19:47:00,21029.240217611285,-0.3657105180997462,21031.956271352192,-2.3503432228074814,-0.29310092077947125
2004-11-02 19:57:00,2004-11-02 19:48:00,21030.25733675173,-0.2721300653095966,21031.95622113989,-1.4267543228530997,1.0731923919537074
2004-11-02 19:58:00,2004-11-02 19:49:00,21031.572239136094,-0.17997335259345704,21031.956170927588,-0.2039584389000666,0.8627338822877757
2004-11-02 19:59:00,2004-11-02 19:50:00,21032.16557656391,-0.0892575931055255,21031.956120715295,0.29871344172245173,0.255634138061243
2004-11-02 20:00:00,2004-11-02 19:51:00,21032.263380340213,0.0,21031.95607050299,0.30730983722241945,-0.3927450111269189
2004-11-02 20:01:00,2004-11-02 19:52:00,21031.557030329444,0.08778661928163226,21031.956020290694,-0.48677658053138606,-0.2902136868859516
2004-11-02 20:02:00,2004-11-02 19:53:00,21031.856959621993,0.1741070801487641,21031.955970078394,-0.2731175365494838,-0.08771232795100276
2004-11-02 20:03:00,2004-11-02 19:54:00,21031.552689233384,0.25897060372349934,21031.955919866094,-0.6622012364333916,0.06153517231815753
2004-11-02 20:04:00,2004-11-02 19:55:00,21032.148208873008,0.34238641112794177,21031.955869653793,-0.15004719191316873,0.462886122790663
2004-11-02 20:05:00,2004-11-02 19:56:00,21032.64375417413,0.4243637234841951,21031.955819441497,0.26357100914793435,0.6762080892849356
2004-11-02 20:06:00,2004-11-02 19:57:00,21033.663049977768,0.504911761914363,21031.955769229196,1.2023689866567024,0.5352700054195328
2004-11-02 20:07:00,2004-11-02 19:58:00,21033.873869784424,0.5840397475405495,21031.955719016896,1.334111019987,0.07593855262261551
2004-11-02 20:08:00,2004-11-02 19:59:00,21033.971671797983,0.6617569014848583,21031.955668804596,1.3542460919019335,-0.18128980479685408
2004-11-02 20:09:00,2004-11-02 20:00:00,21033.665222447562,0.7380724448693932,21031.9556185923,0.9715314103932919,-0.22988004647303062
2004-11-02 20:10:00,2004-11-02 20:01:00,21033.663049977768,0.8129955988162578,21031.955568379995,0.8944859989558722,-0.02527939020470571
2004-11-02 20:11:00,2004-11-02 20:02:00,21033.76302638213,0.886535584447556,21031.9555181677,0.9209726299838805,0.08259528017287165
2004-11-02 20:12:00,2004-11-02 20:03:00,21033.973846137585,0.9587016228853915,21031.9554679554,1.0596765593016155,-0.6245611148486532
2004-11-02 20:13:00,2004-11-02 20:04:00,21032.656771078637,1.0295029352518683,21031.9554177431,-0.32814959971342583,-0.8264159041829179
2004-11-02 20:14:00,2004-11-02 20:05:00,21032.461161024403,1.0989487426690898,21031.955367530798,-0.5931552490642202,-0.8250546042676508
2004-11-02 20:15:00,2004-11-02 20:06:00,21031.144106776504,1.1670482662591604,21031.955317318494,-1.9782588082487274,-0.6770036406138894
2004-11-02 20:16:00,2004-11-02 20:07:00,21031.241915303053,1.233810727144183,21031.9552671062,-1.947162530291999,0.3327736953143565
2004-11-02 20:17:00,2004-11-02 20:08:00,21031.941750822723,1.2992453464462619,21031.955216893897,-1.3127114176200143,0.8394004243772785
2004-11-02 20:18:00,2004-11-02 20:09:00,21033.050166345347,1.363361345287501,21031.955166681597,-0.2683616815374421,0.06924308913654054
2004-11-02 20:19:00,2004-11-02 20:10:00,21032.207059174743,1.426167944790004,21031.9551164693,-1.1742252393469332,0.17375389958179954
2004-11-02 20:20:00,2004-11-02 20:11:00,21033.5218867407,1.4876743660758742,21031.955066256996,0.07914611762615698,1.1475560271896876
2004-11-02 20:21:00,2004-11-02 20:12:00,21034.623792689996,1.5478898302672162,21031.955016044696,1.1208868150324423,0.5903235241752557
2004-11-02 20:22:00,2004-11-02 20:13:00,21034.821582556862,1.606823558486133,21031.9549658324,1.2597931659766683,0.7502267383500413
2004-11-02 20:23:00,2004-11-02 20:14:00,21036.240740683683,1.6644847718547289,21031.954915620096,2.621340291732525,1.005769287502782
2004-11-02 20:24:00,2004-11-02 20:15:00,21036.94707984027,1.7208826914951074,21031.95486540779,3.2713317409822324,0.7016937130186089
2004-11-02 20:25:00,2004-11-02 20:16:00,21037.755569451794,1.776026538529372,21031.954815195495,4.024727717769743,0.550811776420493
2004-11-02 20:26:00,2004-11-02 20:17:00,21038.157645811098,1.829925534079627,21031.954764983195,4.372955293823218,0.10107630480190144
2004-11-02 20:27:00,2004-11-02 20:18:00,21038.064183997536,1.8825888992679767,21031.954714770894,4.226880327373546,-0.24652270106763963
2004-11-02 20:28:00,2004-11-02 20:19:00,21037.7686003055,1.9340258552165237,21031.954664558594,3.879909891687939,-0.4984991410115336
2004-11-02 20:29:00,2004-11-02 20:20:00,21037.16874201469,1.984245623047372,21031.954614346294,3.2298820453504784,-0.8015613420333614
2004-11-02 20:30:00,2004-11-02 20:21:00,21036.2646087655,2.033257423882626,21031.954564133997,2.2767872076212163,-0.9014205776159336
2004-11-02 20:31:00,2004-11-02 20:22:00,21035.462625290656,2.081070478844389,21031.954513921693,1.4270408901186111,-0.24603452000529824
2004-11-02 20:32:00,2004-11-02 20:23:00,21035.866875886055,2.1276940090547645,21031.95446370939,1.7847181676106199,0.2539460607914208
2004-11-02 20:33:00,2004-11-02 20:24:00,21036.06248374443,2.1731372356358567,21031.954413497093,1.9349330117014527,-0.0002486716245639897
2004-11-02 20:34:00,2004-11-02 20:25:00,21035.955993488864,2.21740937970977,21031.954363284793,1.7842208243614919,-0.05015267799214107
2004-11-02 20:35:00,2004-11-02 20:26:00,21036.049460390605,2.2605196623986075,21031.95431307249,1.8346276557171706,0.1009735720988858
2004-11-02 20:36:00,2004-11-02 20:27:00,21036.242908133572,2.3024773048244724,21031.95426286019,1.9861679685592635,-0.5987928505391238
2004-11-02 20:37:00,2004-11-02 20:28:00,21034.934546130637,2.3432915281094693,21031.95421264789,0.637041954638923,-0.9008246038643701
2004-11-02 20:38:00,2004-11-02 20:29:00,21034.521652749794,2.3829715533757017,21031.954162435588,0.1845187608305232,0.65860317327748
2004-11-02 20:39:00,2004-11-02 20:30:00,21036.329887126227,2.4215266017452732,21031.954112223288,1.954248301193883,0.6629708690744625
2004-11-02 20:40:00,2004-11-02 20:31:00,21035.923488404307,2.458965894340288,21031.954062010987,1.5104604989794481,-0.2932675805891194
2004-11-02 20:41:00,2004-11-02 20:32:00,21035.81702359098,2.4952986522828495,21031.95401179868,1.3677131400156441,-0.04438005431989023
2004-11-02 20:42:00,2004-11-02 20:33:00,21035.906196073418,2.530534096695062,21031.953961586383,1.4217003903396677,-0.0921908076139537
2004-11-02 20:43:00,2004-11-02 20:34:00,21035.70192434757,2.5646814486990293,21031.953911374083,1.1833315247877367,-0.030317173852498325
2004-11-02 20:44:00,2004-11-02 20:35:00,21035.912677133834,2.597749929416854,21031.953861161783,1.361066042634671,0.5814276426666505
2004-11-02 20:45:00,2004-11-02 20:36:00,21036.92974651957,2.629748759970641,21031.95381094948,2.3461868101210377,0.577092855588395
2004-11-02 20:46:00,2004-11-02 20:37:00,21037.129699652472,2.660687161482494,21031.95376073718,2.515251753811461,0.01637963554680666
2004-11-02 20:47:00,2004-11-02 20:38:00,21037.02323096117,2.6905743550745163,21031.953710524882,2.378946081214651,0.11524004931018128
2004-11-02 20:48:00,2004-11-02 20:39:00,21037.41881172688,2.7194195618688117,21031.953660312578,2.7457318524318235,0.31947669982457816
2004-11-02 20:49:00,2004-11-02 20:40:00,21037.718741584125,2.7472320029874844,21031.953610100274,3.0178994808638073,-0.02616916899909949
2004-11-02 20:50:00,2004-11-02 20:41:00,21037.42097430196,2.7740208995526374,21031.953559887974,2.6933935144336245,-0.27617306969758926
2004-11-02 20:51:00,2004-11-02 20:42:00,21037.218858489825,2.7997954726863754,21031.95350967567,2.465553341468629,-0.1251984179265595
2004-11-02 20:52:00,2004-11-02 20:43:00,21037.22102108546,2.8245649435108016,21031.95345946337,2.4429966785805055,0.1789764640318876
2004-11-02 20:53:00,2004-11-02 20:44:00,21037.62525405375,2.8483385331480213,21031.95340925107,2.823506269532404,0.4299098733472644
2004-11-02 20:54:00,2004-11-02 20:45:00,21038.12730092676,2.8711254627201357,21031.953359038765,3.3028164252750343,0.4265649481911007
2004-11-02 20:55:00,2004-11-02 20:46:00,21038.52287994573,2.89293495334925,21031.953308826465,3.6766361659146054,0.22217821201735655
2004-11-02 20:56:00,2004-11-02 20:47:00,21038.614207689632,2.913776226157468,21031.953258614165,3.7471728493097474,0.22530559460426347
2004-11-02 20:57:00,2004-11-02 20:48:00,21039.01411425925,2.9336585022668933,21031.95320840186,4.127247355123132,0.43161842186801347
2004-11-02 20:58:00,2004-11-02 20:49:00,21039.516158885403,2.952591002799629,21031.953158189557,4.610409693045774,-0.021652776477760316
2004-11-02 20:59:00,2004-11-02 20:50:00,21039.007632728306,2.97058294887778,21031.95310797726,4.083941802167612,-0.07178579747328229
2004-11-02 21:00:00,2004-11-02 20:51:00,21039.40753942468,2.9876435616234502,21031.953057764957,4.46683809809921,0.286621351678936
2004-11-02 21:01:00,2004-11-02 20:52:00,21039.613974120344,3.0037820621587428,21031.95300755266,4.657184505525484,0.34401472245899845
2004-11-02 21:02:00,2004-11-02 20:53:00,21040.12683255498,3.0190076716057606,21031.952957340356,5.154867543017207,0.23954216987728216
2004-11-02 21:03:00,2004-11-02 20:54:00,21040.12250558442,3.0333296110866086,21031.952907128052,5.136268845280048,-0.42453916979615824
2004-11-02 21:04:00,2004-11-02 20:55:00,21039.305403220897,3.0467571017233905,21031.95285691575,4.30578920342489,-0.31826918557474615
2004-11-02 21:05:00,2004-11-02 20:56:00,21039.511836542217,3.0592993646382096,21031.952806703448,4.499730474130556,0.24004738109561785
2004-11-02 21:06:00,2004-11-02 20:57:00,21039.809606077713,3.0709656209531704,21031.952756491144,4.785883965616126,0.23551908679371536
2004-11-02 21:07:00,2004-11-02 20:58:00,21040.005240018356,3.081765091790376,21031.952706278847,4.970768647717986,0.38850625232131897
2004-11-02 21:08:00,2004-11-02 20:59:00,21040.607259535074,3.0917069982719307,21031.952656066544,5.562896470258764,0.2969442885715434
2004-11-02 21:09:00,2004-11-02 21:00:00,21040.61806364062,3.1008005615199385,21031.95260585424,5.564657224861073,-0.0075438543861059415
2004-11-02 21:10:00,2004-11-02 21:01:00,21040.609419406082,3.1090550026565023,21031.95255564194,5.547808761486552,0.0367970075398234
2004-11-02 21:11:00,2004-11-02 21:02:00,21040.70723621238,3.1164795428037255,21031.952505429635,5.63825123994072,0.1430010129893997
2004-11-02 21:12:00,2004-11-02 21:03:00,21040.90934940788,3.1230834030837133,21031.95245521733,5.833810787465351,0.3491723025079523
2004-11-02 21:13:00,2004-11-02 21:04:00,21041.417876654607,3.128875804618568,21031.95240500503,6.336595844956625,0.3999685615190707
2004-11-02 21:14:00,2004-11-02 21:05:00,21041.71996867176,3.1338659685303956,21031.952354792727,6.633747910503493,0.1454214985936515
2004-11-02 21:15:00,2004-11-02 21:06:00,21041.717806538512,3.138063115941297,21031.952304580427,6.627438842143928,0.14729117884838017
2004-11-02 21:16:00,2004-11-02 21:07:00,21042.022061104297,3.141476467973379,21031.952254368123,6.928330268200253,0.09591995708428946
2004-11-02 21:17:00,2004-11-02 21:08:00,21041.915598157884,3.144115245748743,21031.952204155823,6.819278756312507,0.0423783725075757
2004-11-02 21:18:00,2004-11-02 21:09:00,21042.111229627128,3.145988670389493,21031.952153943523,7.013087013215404,-0.00684567788659729
2004-11-02 21:19:00,2004-11-02 21:10:00,21041.904797094772,3.147105963017734,21031.952103731215,6.805587400539312,0.094964117237466
2004-11-02 21:20:00,2004-11-02 21:11:00,21042.30254511136,3.1474763447555687,21031.952053518915,7.203015247690336,0.30213818698166905
2004-11-02 21:21:00,2004-11-02 21:12:00,21042.508976117842,3.1471090367251016,21031.952003306615,7.40986377450265,0.408248877238254
2004-11-02 21:22:00,2004-11-02 21:13:00,21043.117479356522,3.1460132600484365,21031.951953094307,8.019513002166844,0.40573386371892006
2004-11-02 21:23:00,2004-11-02 21:14:00,21043.31743261979,3.144198235847676,21031.951902882003,8.22133150194049,0.10219688133833049
2004-11-02 21:24:00,2004-11-02 21:15:00,21043.31743261979,3.141673185244925,21031.951852669703,8.223906764843505,-0.04814340241367354
2004-11-02 21:25:00,2004-11-02 21:16:00,21043.215294483874,3.1384473293622888,21031.9518024574,8.125044697113143,-0.14742384937560615
2004-11-02 21:26:00,2004-11-02 21:17:00,21043.01534120051,3.134529889321868,21031.951752245095,7.929059066092293,-0.30425880293514096
2004-11-02 21:27:00,2004-11-02 21:18:00,21042.598159210283,3.129930086245767,21031.951702032795,7.516527091242861,-0.10470632102968658
2004-11-02 21:28:00,2004-11-02 21:19:00,21042.79595538578,3.124657141256091,21031.95165182049,7.71964642403292,-0.14646704977909009
2004-11-02 21:29:00,2004-11-02 21:20:00,21042.293914875347,3.1187202754749435,21031.951601608187,7.223592991684681,-0.44681548632752044
2004-11-02 21:30:00,2004-11-02 21:21:00,21041.88969555729,3.112128710024427,21031.951551395887,6.826015451377879,-0.40048504858879097
2004-11-02 21:31:00,2004-11-02 21:22:00,21041.479015744117,3.1048916660266466,21031.951501183583,6.422622894507099,-0.046692516211899626
2004-11-02 21:32:00,2004-11-02 21:23:00,21041.78109975484,3.0970183646037066,21031.951450971283,6.73263041895408,0.006084141171080137
2004-11-02 21:33:00,2004-11-02 21:24:00,21041.474709962702,3.0885180268777077,21031.951400758975,6.434791176849259,0.05884785908655843
2004-11-02 21:34:00,2004-11-02 21:25:00,21041.88107655777,3.0793998739707584,21031.95135054667,6.850326137127197,0.06053740020177578
2004-11-02 21:35:00,2004-11-02 21:26:00,21041.57683943863,3.0696731270049575,21031.95130033437,6.555865977252811,0.062219311934309296
2004-11-02 21:36:00,2004-11-02 21:27:00,21041.985361890165,3.0593470071024127,21031.951250122067,6.974764760995815,0.5713196553204698
2004-11-02 21:37:00,2004-11-02 21:28:00,21042.698135933042,3.0484307353852262,21031.951199909763,7.6985052878937505,0.41439713942481626
2004-11-02 21:38:00,2004-11-02 21:29:00,21042.791642270284,3.0369335329755014,21031.951149697463,7.803559039845448,0.006442443268122489
2004-11-02 21:39:00,2004-11-02 21:30:00,21042.687354280584,3.024864620995343,21031.95109948516,7.7113901744299955,0.061310827977199
2004-11-02 21:40:00,2004-11-02 21:31:00,21042.88946318922,3.012233220566853,21031.951049272855,7.926180695799846,0.1618459706527995
2004-11-02 21:41:00,2004-11-02 21:32:00,21042.9851297291,2.9990485528121376,21031.95099906055,8.035082115735594,-0.04402028726834617
2004-11-02 21:42:00,2004-11-02 21:33:00,21042.774408808364,2.985319838853298,21031.950948848247,7.838140121263153,0.01512377618783578
2004-11-02 21:43:00,2004-11-02 21:34:00,21042.987284603867,2.9710562998124406,21031.950898635943,8.065329668111266,0.11993701369231236
2004-11-02 21:44:00,2004-11-02 21:35:00,21042.9851297291,2.9562671568116667,21031.95084842364,8.078014148647778,-0.2413056041046091
2004-11-02 21:45:00,2004-11-02 21:36:00,21042.47447830221,2.940961630973084,21031.950798211335,7.582718459902048,-0.4385937677538645
2004-11-02 21:46:00,2004-11-02 21:37:00,21042.07672355559,2.925148943418793,21031.95074799903,7.200826613140049,-0.584825231536672
2004-11-02 21:47:00,2004-11-02 21:38:00,21041.27260409883,2.908838315270896,21031.95069778673,6.413067996828704,-0.5354197916533301
2004-11-02 21:48:00,2004-11-02 21:39:00,21040.972673571912,2.8920389676514993,21031.950647574427,6.129987029833389,-0.031823007746508924
2004-11-02 21:49:00,2004-11-02 21:40:00,21041.174779465142,2.8747601216827063,21031.950597362124,6.349421981335686,0.47068890865292
2004-11-02 21:50:00,2004-11-02 21:41:00,21041.878922995445,2.8570109984866225,21031.95054714982,7.071364847139229,0.5189903208040789
2004-11-02 21:51:00,2004-11-02 21:42:00,21042.176700379645,2.8388008191853467,21031.950496937516,7.387402622943844,0.06739817725293085
2004-11-02 21:52:00,2004-11-02 21:43:00,21041.976746731758,2.8201388049009894,21031.95044672521,7.206161201645091,-0.33421361559635
2004-11-02 21:53:00,2004-11-02 21:44:00,21041.470406081415,2.8010341767556497,21031.950396512908,6.718975391751144,0.2746985373560462
2004-11-02 21:54:00,2004-11-02 21:45:00,21042.487400732833,2.781496155871432,21031.950346300604,7.755558276357183,0.5804416598169473
2004-11-02 21:55:00,2004-11-02 21:46:00,21042.591688763056,2.761533963370441,21031.9502960883,7.8798587113850385,-0.23295380590419512
2004-11-02 21:56:00,2004-11-02 21:47:00,21041.98105336092,2.7411568203747785,21031.950245875996,7.289650664548793,-0.3357526638173862
2004-11-02 21:57:00,2004-11-02 21:48:00,21041.878922995445,2.720373948006552,21031.95019566369,7.208353383750266,-0.1789222668399857
2004-11-02 21:58:00,2004-11-02 21:49:00,21041.58114614964,2.699194567387863,21031.950145451385,6.9318061308688215,-0.12961854192162603
2004-11-02 21:59:00,2004-11-02 21:50:00,21041.57683943863,2.6776278996408154,21031.95009523908,6.949116299907014,-0.032488269495630995
2004-11-02 22:00:00,2004-11-02 21:51:00,21041.472557784542,2.655683165887511,21031.950045026777,6.8668295918775595,0.020026963049250224
2004-11-02 22:01:00,2004-11-02 21:52:00,21041.57253462773,2.633369587250056,21031.949994814473,6.989170226005514,0.019316760678678158
2004-11-02 22:02:00,2004-11-02 21:53:00,21041.466104100255,2.610696384850556,21031.94994460217,6.905463113234916,-0.18243202898913236
2004-11-02 22:03:00,2004-11-02 21:54:00,21041.1618733377,2.5876727798111108,21031.94989438986,6.62430616802725,0.17536067912916753
2004-11-02 22:04:00,2004-11-02 21:55:00,21041.77033664231,2.5643079932538257,21031.94984417756,7.256184471493251,0.2256847972619429
2004-11-02 22:05:00,2004-11-02 21:56:00,21041.566080974106,2.5406112463008053,21031.949793965254,7.0756757625511355,-0.18034642967781078
2004-11-02 22:06:00,2004-11-02 21:57:00,21041.361827125165,2.5165917600741525,21031.949743752954,6.895491612137629,0.12420333178667775
2004-11-02 22:07:00,2004-11-02 21:58:00,21041.766034722466,2.492258755695971,21031.949693540646,7.324082426124491,0.7329789645315117
2004-11-02 22:08:00,2004-11-02 21:59:00,21042.77871432383,2.467621454288366,21031.949643328342,8.361449541200653,0.12266193684651805
2004-11-02 22:09:00,2004-11-02 22:00:00,21041.96168849283,2.4426890769734397,21031.949593116038,7.569406299817527,-0.28126053399322526
2004-11-02 22:10:00,2004-11-02 22:01:00,21042.16594222182,2.4174708448732947,21031.949542903734,7.798928473214202,0.23181324845852602
2004-11-02 22:11:00,2004-11-02 22:02:00,21042.37450146727,2.3919759791100383,21031.949492691427,8.03303279673458,0.3299120776086202
2004-11-02 22:12:00,2004-11-02 22:03:00,21042.774408808364,2.3662137008057713,21031.949442479126,8.458752628431442,0.2748076572690312
2004-11-02 22:13:00,2004-11-02 22:04:00,21042.872233609174,2.3401932310826,21031.94939226682,8.582648111272642,0.022967811834836205
2004-11-02 22:14:00,2004-11-02 22:05:00,21042.767954097675,2.313923791062625,21031.94934205451,8.504688252101115,0.07427663776051308
2004-11-02 22:15:00,2004-11-02 22:06:00,21042.967907830873,2.287414601867954,21031.94929184221,8.731201386793668,0.533015544353141
2004-11-02 22:16:00,2004-11-02 22:07:00,21043.780635855335,2.2606748846206868,21031.949241629907,9.570719340807397,0.431111464812151
2004-11-02 22:17:00,2004-11-02 22:08:00,21043.77632959446,2.233713860442929,21031.9491914176,9.59342431641797,0.07280039259276005
2004-11-02 22:18:00,2004-11-02 22:09:00,21043.872002081745,2.206540750456787,21031.949141205296,9.716320125992917,0.02409684014975788
2004-11-02 22:19:00,2004-11-02 22:10:00,21043.76987376549,2.1791647757843577,21031.94909099299,9.641617996717486,-0.02138944386636954
2004-11-02 22:20:00,2004-11-02 22:11:00,21043.77417717649,2.151595157547753,21031.94904078068,9.673541238260178,-0.019048457543034303
2004-11-02 22:21:00,2004-11-02 22:12:00,21043.67635276688,2.1238411168690696,21031.94899056838,9.603521081631417,0.03004450910178491
2004-11-02 22:22:00,2004-11-02 22:13:00,21043.778482487407,2.095911874870416,21031.948940356073,9.733630256463748,0.02483451458216024
2004-11-02 22:23:00,2004-11-02 22:14:00,21043.669896907242,2.0678166526738933,21031.948890143773,9.653190110795737,-0.027144477668747058
2004-11-02 22:24:00,2004-11-02 22:15:00,21043.667745903993,2.0395646714016094,21031.948839931465,9.679341301126254,-0.07697607964620978
2004-11-02 22:25:00,2004-11-02 22:16:00,21043.459192822836,2.0111651521756633,21031.948789719158,9.499237951503318,-0.5299497918981757
2004-11-02 22:26:00,2004-11-02 22:17:00,21042.5508085403,1.9826273161181582,21031.948739506854,8.619441717329902,-0.8318845359248273
2004-11-02 22:27:00,2004-11-02 22:18:00,21041.738118558555,1.9539603843512028,21031.94868929455,7.835468879653663,-0.3265071374973916
2004-11-02 22:28:00,2004-11-02 22:19:00,21041.840240102574,1.9251735779968993,21031.948639082242,7.966427442335119,-0.07215670763531268
2004-11-02 22:29:00,2004-11-02 22:20:00,21041.5360204525,1.8962761181773464,21031.94858886994,7.691155464383038,-0.47517444398259157
2004-11-02 22:30:00,2004-11-02 22:21:00,21040.831894438015,1.8672772260146546,21031.94853865763,7.016078554369936,-0.7239473462083224
2004-11-02 22:31:00,2004-11-02 22:22:00,21040.02993533992,1.838186122630927,21031.948488445323,6.243260771966393,-0.7227875979818905
2004-11-02 22:32:00,2004-11-02 22:23:00,21039.327953620574,1.8090120291482652,21031.94843823302,5.570503358406155,-0.8237567329270763
2004-11-02 22:33:00,2004-11-02 22:24:00,21038.323899493516,1.7797641666887678,21031.948388020715,4.595747306112241,-0.6715800514846548
2004-11-02 22:34:00,2004-11-02 22:25:00,21037.92613282022,1.7504517563745496,21031.948337808408,4.227343255436845,-0.2651844769029159
2004-11-02 22:35:00,2004-11-02 22:26:00,21037.734749967738,1.7210840193277068,21031.948287596104,4.065378352306409,-0.22157247580625317
2004-11-02 22:36:00,2004-11-02 22:27:00,21037.42410586429,1.6916701766703435,21031.948237383796,3.784198303824339,-0.28222523842733427
2004-11-02 22:37:00,2004-11-02 22:28:00,21037.111334496472,1.6622194495245672,21031.948187171496,3.5009278754517403,0.07843271858992118
2004-11-02 22:38:00,2004-11-02 22:29:00,21037.521941759205,1.6327410590124787,21031.94813695919,3.9410637410041813,0.5901163684130886
2004-11-02 22:39:00,2004-11-02 22:30:00,21038.23249158541,1.6032442262561837,21031.948086746877,4.6811606122779175,0.6390574252778594
2004-11-02 22:40:00,2004-11-02 22:31:00,21038.740953298515,1.5737381723777828,21031.948036534577,5.2191785915599,0.38483676698986935
2004-11-02 22:41:00,2004-11-02 22:32:00,21038.943052587027,1.5442321184993864,21031.94798632227,5.450834146257656,0.3327012411678858
2004-11-02 22:42:00,2004-11-02 22:33:00,21039.347252469597,1.5147352857430887,21031.94793610996,5.884581073895672,0.27948027663945885
2004-11-02 22:43:00,2004-11-02 22:34:00,21039.442937492426,1.4852568952310001,21031.947885897658,6.009794699536574,0.6858082679388651
2004-11-02 22:44:00,2004-11-02 22:35:00,21040.65983946321,1.4558061680852248,21031.94783568535,7.256197609773402,0.5879450313416696
2004-11-02 22:45:00,2004-11-02 22:36:00,21040.55986256069,1.4263923254278632,21031.947785473043,7.185684762219913,-0.07268461776228996
2004-11-02 22:46:00,2004-11-02 22:37:00,21040.45558822337,1.3970245883810186,21031.94773526074,7.110828374248822,0.02939028598625537
2004-11-02 22:47:00,2004-11-02 22:38:00,21040.55986256069,1.3677121780667987,21031.94768504843,7.244465334192424,0.23250756608487544
2004-11-02 22:48:00,2004-11-02 22:39:00,21040.86194265815,1.338464315607303,21031.947634836124,7.575843506418573,0.08247446861415497
2004-11-02 22:49:00,2004-11-02 22:40:00,21040.666289117366,1.3092902221246403,21031.94758462382,7.409414271420734,-0.07186878673144204
2004-11-02 22:50:00,2004-11-02 22:41:00,21040.65983946321,1.2801991187409145,21031.947534411513,7.432105932955689,0.12907208228386624
2004-11-02 22:51:00,2004-11-02 22:42:00,21040.86624286177,1.2512002265782218,21031.947484199205,7.667558435988466,0.23217696021960688
2004-11-02 22:52:00,2004-11-02 22:43:00,21041.066196607055,1.2223027667586726,21031.9474339869,7.896459853394902,0.07673069006245159
2004-11-02 22:53:00,2004-11-02 22:44:00,21040.96191955111,1.1935159604043628,21031.947383774594,7.8210198161133695,-0.3318832342740605
2004-11-02 22:54:00,2004-11-02 22:45:00,21040.344875975774,1.1648490286374074,21031.94733356229,7.232693384846781,-0.33093050311471517
2004-11-02 22:55:00,2004-11-02 22:46:00,21040.242753352446,1.136311192579905,21031.947283349982,7.159158809883939,0.0785073767042217
2004-11-02 22:56:00,2004-11-02 22:47:00,21040.444852949284,1.107911673353959,21031.947233137675,7.389708138255225,0.3815144876301755
2004-11-02 22:57:00,2004-11-02 22:48:00,21040.949030402597,1.079659692081675,21031.94718292537,7.92218778514429,0.7366531382334012
2004-11-02 22:58:00,2004-11-02 22:49:00,21041.86171159767,1.0515644698851538,21031.947132713063,8.863014414722027,0.3312144357762543
2004-11-02 22:59:00,2004-11-02 22:50:00,21041.55533438534,1.0236352278864977,21031.947082500756,8.584616656696799,-0.023171242489993027
2004-11-02 23:00:00,2004-11-02 22:51:00,21041.7595854054,0.9958811872078162,21031.94703228845,8.816671929742041,0.13198708663934244
2004-11-02 23:01:00,2004-11-02 22:52:00,21041.763884475087,0.9683115689712114,21031.94698207614,8.848590829975484,0.02752300876387892
2004-11-02 23:02:00,2004-11-02 22:53:00,21041.7595854054,0.9409355942987805,21031.946931863833,8.871717947269799,0.0262498684563246
2004-11-02 23:03:00,2004-11-02 22:54:00,21041.76173470273,0.9137624843126382,21031.94688165153,8.901090566888133,-0.022871173081151497
2004-11-02 23:04:00,2004-11-02 22:55:00,21041.659608500464,0.8868014601348815,21031.94683143922,8.825975601107496,0.12580283961551952
2004-11-02 23:05:00,2004-11-02 22:56:00,21041.95953921592,0.8600617428876145,21031.946781226914,9.152696246119172,-0.12651327337367935
2004-11-02 23:06:00,2004-11-02 22:57:00,21041.35323262266,0.8335525536929396,21031.946731014606,8.572949054360137,-0.12460024706907546
2004-11-02 23:07:00,2004-11-02 22:58:00,21041.657459667953,0.8072831136729715,21031.9466808023,8.903495751981021,-0.07914803830229022
2004-11-02 23:08:00,2004-11-02 22:59:00,21041.142546211697,0.7812626439497965,21031.94663058999,8.414652977755557,-0.07940389808101411
2004-11-02 23:09:00,2004-11-02 23:00:00,21041.446768699152,0.7555003656455277,21031.946580377687,8.744687955818993,0.22777851092943457
2004-11-02 23:10:00,2004-11-02 23:01:00,21041.546745664873,0.7300054998822727,21031.946530165376,8.870209999614426,0.22536069333789222
2004-11-02 23:11:00,2004-11-02 23:02:00,21041.84667656335,0.7047872677821303,21031.946479953072,9.195409342494777,0.2793621911714226
2004-11-02 23:12:00,2004-11-02 23:03:00,21042.055219013186,0.6798548904672028,21031.94642974076,9.428934381957271,-0.17940946079554632
2004-11-02 23:13:00,2004-11-02 23:04:00,21041.438187538417,0.6552175890595944,21031.946379528454,8.836590420903685,-0.13079732898076202
2004-11-02 23:14:00,2004-11-02 23:05:00,21041.744553624827,0.6308845846814162,21031.94632931615,9.167339723995747,0.2263252456359348
2004-11-02 23:15:00,2004-11-02 23:06:00,21041.842385114473,0.6068650984547652,21031.946279103842,9.289240912175554,-0.08035825726496082
2004-11-02 23:16:00,2004-11-02 23:07:00,21041.5360204525,0.5831683515017438,21031.94622889153,9.006623209465825,0.022508473113499683
2004-11-02 23:17:00,2004-11-02 23:08:00,21041.840240102574,0.5598035649444579,21031.946178679227,9.334257858402554,0.1232214251133108
2004-11-02 23:18:00,2004-11-02 23:09:00,21041.735974486517,0.5367799599050151,21031.94612846692,9.253066059692447,0.02075431666497085
2004-11-02 23:19:00,2004-11-02 23:10:00,21041.83595150385,0.5141067575055125,21031.946078254612,9.375766491732495,0.06824636292292219
2004-11-02 23:20:00,2004-11-02 23:11:00,21041.82738000671,0.4917931788680576,21031.946028042305,9.389558785538291,-0.2374009929501968
2004-11-02 23:21:00,2004-11-02 23:12:00,21041.316790780944,0.46984844511475465,21031.945977829997,8.900964505832102,-0.33239587865388476
2004-11-02 23:22:00,2004-11-02 23:13:00,21041.118976423284,0.4482817773677059,21031.945927617686,8.724767028230522,0.07248170415532762
2004-11-02 23:23:00,2004-11-02 23:14:00,21041.418907716274,0.4271023967490155,21031.945877405382,9.045927914142757,0.11993851763090557
2004-11-02 23:24:00,2004-11-02 23:15:00,21041.316790780944,0.40631952438078756,21031.94582719307,8.964644063492333,-0.12826526009119732
2004-11-02 23:25:00,2004-11-02 23:16:00,21041.121116756112,0.3859423813851297,21031.945776980767,8.789397393960362,-0.23079259505933525
2004-11-02 23:26:00,2004-11-02 23:17:00,21040.814765830717,0.3659801888841354,21031.94572676846,8.503058873373663,0.11763733141591448
2004-11-02 23:27:00,2004-11-02 23:18:00,21041.316790780944,0.34644216799991767,21031.94567655615,9.024672056792191,0.36929144905119227
2004-11-02 23:28:00,2004-11-02 23:19:00,21041.514605655175,0.32733753985457525,21031.945626343844,9.241641771476047,-0.087458159613786
2004-11-02 23:29:00,2004-11-02 23:20:00,21041.104007394668,0.3086755255702247,21031.945576131533,8.84975573756462,-0.13575573817570064
2004-11-02 23:30:00,2004-11-02 23:21:00,21041.20612156062,0.29046534626894704,21031.945525919225,8.970130295124646,0.06588216302887506
2004-11-02 23:31:00,2004-11-02 23:22:00,21041.199711993613,0.27271622307286236,21031.945475706918,8.98152006362237,-0.03669697225170232
2004-11-02 23:32:00,2004-11-02 23:23:00,21041.097599222336,0.2554373771040712,21031.94542549461,8.896736350621241,0.1181345117965158
2004-11-02 23:33:00,2004-11-02 23:24:00,21041.401802399003,0.23863802948466883,21031.945375282303,9.217789087215401,-0.19188313776998278
2004-11-02 23:34:00,2004-11-02 23:25:00,21040.680622546413,0.22232740133677886,21031.945325069995,8.512970075081276,-0.03708006257999141
2004-11-02 23:35:00,2004-11-02 23:26:00,21041.295418533526,0.20651471378248054,21031.945274857688,9.143628962055418,-0.08223587957168643
2004-11-02 23:36:00,2004-11-02 23:27:00,21040.48493214926,0.19120918794389752,21031.945224645377,8.348498315937903,-0.5454400279654976
2004-11-02 23:37:00,2004-11-02 23:28:00,21040.174343384137,0.1764200449431268,21031.94517443307,8.052748906124423,0.16134472283868107
2004-11-02 23:38:00,2004-11-02 23:29:00,21040.77846848828,0.16215650590226716,21031.94512422076,8.671187761615265,0.3639669209955221
2004-11-02 23:39:00,2004-11-02 23:30:00,21040.87418454851,0.14842779194343336,21031.94507400845,8.780682748115467,0.46553619399165846
2004-11-02 23:40:00,2004-11-02 23:31:00,21041.68252706993,0.1352431241887153,21031.945023796143,9.602260149598582,0.5192391920567836
2004-11-02 23:41:00,2004-11-02 23:32:00,21041.886746439824,0.12261172376022245,21031.944973583835,9.819161132229034,0.11664341706774195
2004-11-02 23:42:00,2004-11-02 23:33:00,21041.891013167042,0.11054281178006065,21031.944923371528,9.835546983734066,0.009700855946526588
2004-11-02 23:43:00,2004-11-02 23:34:00,21041.882481612713,0.0990456093703429,21031.94487315922,9.838562844122087,-0.09831302720822777
2004-11-02 23:44:00,2004-11-02 23:35:00,21041.67187321388,0.08812933765315378,21031.94482294691,9.63892092931761,-0.19886742046961814
2004-11-02 23:45:00,2004-11-02 23:36:00,21041.463403955535,0.07780321775060628,21031.9447727346,9.440828003182851,0.10366955281642198
2004-11-02 23:46:00,2004-11-02 23:37:00,21041.85905902803,0.06807647078480983,21031.944722522294,9.846260034950454,-0.24684972834149477
2004-11-02 23:47:00,2004-11-02 23:38:00,21040.95075917436,0.058958317877859656,21031.944672309983,8.947128546499862,-0.5995045690911915
2004-11-02 23:48:00,2004-11-02 23:39:00,21040.642330974595,0.05045798015186165,21031.944622097675,8.647250896768071,0.05716341443861417
2004-11-02 23:49:00,2004-11-02 23:40:00,21041.048611939474,0.042584678728918135,21031.944571885368,9.06145537537709,0.4117630396584868
2004-11-02 23:50:00,2004-11-02 23:41:00,21041.450646283873,0.03534763473114211,21031.944521673056,9.470776976085045,-0.04514815263229366
2004-11-02 23:51:00,2004-11-02 23:42:00,21040.944386600142,0.028756069280621688,21031.94447146075,8.971159070112503,-0.444646322126113
2004-11-02 23:52:00,2004-11-02 23:43:00,21040.54872478377,0.022819203499473417,21031.944421248438,8.581484331832819,-0.09113601634649982
2004-11-02 23:53:00,2004-11-02 23:44:00,21040.750804332056,0.017546258509806734,21031.944371036127,8.788887037419503,0.16026679936131671
2004-11-02 23:54:00,2004-11-02 23:45:00,21040.85928520981,0.0129464554336991,21031.944320823823,8.902017930555452,0.35848141692041047
2004-11-02 23:55:00,2004-11-02 23:46:00,21041.459149498165,0.00902901539328127,21031.94427061151,9.505849871260324,0.20038753068367576
2004-11-02 23:56:00,2004-11-02 23:47:00,21041.252816550634,0.005803159510644917,21031.9442203992,9.302792991922804,0.04972531013615189
2004-11-02 23:57:00,2004-11-02 23:48:00,21041.552748787337,0.003278108907895927,21031.944170186896,9.605300491532628,9.537601903275572e-05
2004-11-02 23:58:00,2004-11-02 23:49:00,21041.248566803253,0.0014630847071366304,21031.944119974585,9.30298374396087,-0.25268675497369486
2004-11-02 23:59:00,2004-11-02 23:50:00,21041.044364051893,0.0003673080304658072,21031.944069762278,9.099926981585238,-0.04708207754996607
2004-11-03 00:00:00,2004-11-02 23:51:00,21041.152839138827,-3.552713678800501e-15,21031.944019549966,9.208819588860937,0.26486729210136417
