,LDi_SFS,storm_index,SYM_H,Observed_LDi_SFS-1h,Predicted_LDi_SFS-1h,Quantile_05_LDi_SFS-1h,Quantile_95_LDi_SFS-1h,inside_90%_LDi_SFS-1h,Observed_LDi_SFS-2h,Predicted_LDi_SFS-2h,Quantile_05_LDi_SFS-2h,Quantile_95_LDi_SFS-2h,inside_90%_LDi_SFS-2h
2018-08-23 08:00:00,-8.55,91,-13,-16.16,-4.6043887,-18.88847,2.858791,True,-17.32,-0.3116611,-15.804326,7.300695,False
2018-08-23 08:05:00,-9.41,91,-13,-16.23,-5.526953,-19.62239,1.984758,True,-16.22,-1.290501,-16.527138,6.3766074,True
2018-08-23 08:10:00,-10.19,91,-12,-15.88,-6.3546624,-20.497011,1.3112751,True,-16.31,-2.1597502,-17.411055,5.64908,True
2018-08-23 08:15:00,-11.49,91,-12,-15.93,-7.790791,-21.75847,-0.031637505,True,-15.93,-3.7358458,-18.730612,4.1754756,True
2018-08-23 08:20:00,-12.43,91,-12,-15.87,-8.818669,-22.721266,-0.9371074,True,-14.65,-4.851748,-19.732494,3.1799753,True
2018-08-23 08:25:00,-13.61,91,-12,-17.37,-10.194734,-23.839945,-2.2256052,True,-13.87,-6.4476705,-20.978628,1.6872803,True
2018-08-23 08:30:00,-14.33,91,-12,-17.83,-10.864685,-24.871887,-2.5846179,True,-13.17,-7.066482,-21.975138,1.3433415,True
2018-08-23 08:35:00,-15.11,91,-11,-17.64,-11.920221,-26.021086,-3.3076193,True,-11.98,-8.422663,-23.384016,0.3192536,True
2018-08-23 08:40:00,-15.4,91,-10,-17.58,-12.415337,-26.657152,-3.5598624,True,-11.34,-9.147178,-24.226706,-0.16638596,True
2018-08-23 08:45:00,-15.92,91,-9,-17.56,-13.02113,-27.477846,-3.9175875,True,-11.08,-9.856754,-25.13316,-0.6444629,True
2018-08-23 08:50:00,-16.26,91,-9,-17.4,-13.320313,-27.92277,-4.0973372,True,-10.47,-10.114227,-25.536095,-0.8000472,True
2018-08-23 08:55:00,-16.2,91,-8,-16.93,-13.185989,-27.835428,-3.9587643,True,-9.92,-9.898653,-25.37031,-0.5980857,True
2018-08-23 09:00:00,-16.16,91,-8,-17.32,-13.089051,-27.658672,-3.9332259,True,-9.32,-9.740252,-25.121592,-0.521622,True
2018-08-23 09:05:00,-16.23,91,-6,-16.22,-13.118567,-27.656403,-3.9740717,True,-9.95,-9.726023,-25.066948,-0.53082687,True
2018-08-23 09:10:00,-15.88,91,-7,-16.31,-12.816624,-27.433348,-3.609938,True,-10.01,-9.4774275,-24.897001,-0.23567422,True
2018-08-23 09:15:00,-15.93,91,-6,-15.93,-12.807796,-27.297514,-3.6597884,True,-9.54,-9.406495,-24.679937,-0.23142083,True
2018-08-23 09:20:00,-15.87,91,-5,-14.65,-12.6564245,-26.916105,-3.6193469,True,-9.01,-9.165248,-24.183857,-0.1108001,True
2018-08-23 09:25:00,-17.37,91,-6,-13.87,-14.386187,-28.569464,-5.1163926,True,-8.84,-11.148367,-26.01113,-1.854319,True
2018-08-23 09:30:00,-17.83,91,-7,-13.17,-14.954227,-29.376554,-5.437288,True,-8.22,-11.83778,-26.921606,-2.309458,True
2018-08-23 09:35:00,-17.64,91,-6,-11.98,-14.765044,-29.377508,-5.114469,True,-7.7400002,-11.656662,-26.935173,-2.016329,True
2018-08-23 09:40:00,-17.58,91,-5,-11.34,-14.823839,-29.566748,-5.022918,True,-7.6300006,-11.849599,-27.24849,-2.0683157,True
2018-08-23 09:45:00,-17.56,91,-5,-11.08,-14.819967,-29.655956,-4.9586635,True,-7.9,-11.865643,-27.348759,-2.0368102,True
2018-08-23 09:50:00,-17.4,91,-4,-10.47,-14.5760355,-29.427307,-4.749067,True,-7.89,-11.533011,-27.03081,-1.7566284,True
2018-08-23 09:55:00,-16.93,91,-4,-9.92,-13.974053,-28.911518,-4.1881747,True,-8.17,-10.791854,-26.392908,-1.0822929,True
2018-08-23 10:00:00,-17.32,91,-4,-9.32,-14.44015,-29.206701,-4.669206,True,-7.6,-11.339704,-26.723038,-1.6439499,True
2018-08-23 10:05:00,-16.22,91,-4,-9.95,-13.179648,-27.974123,-3.5147917,True,-7.6300006,-9.915346,-25.356884,-0.34932742,True
2018-08-23 10:10:00,-16.31,91,-4,-10.01,-13.37859,-28.07267,-3.6898253,True,-7.7400002,-10.240413,-25.544764,-0.65133315,True
2018-08-23 10:15:00,-15.93,91,-4,-9.54,-12.995483,-27.78178,-3.3120959,True,-8.46,-9.865027,-25.261368,-0.29526743,True
2018-08-23 10:20:00,-14.65,91,-3,-9.01,-11.718505,-26.81276,-1.9591392,True,-9.05,-8.603868,-24.346216,1.018602,True
2018-08-23 10:25:00,-13.87,91,-3,-8.84,-11.022164,-26.187105,-1.2410549,True,-10.26,-8.004699,-23.81379,1.6307503,True
2018-08-23 10:30:00,-13.17,91,-2,-8.22,-10.283483,-25.493053,-0.54680663,True,-11.88,-7.2346625,-23.090942,2.342056,True
2018-08-23 10:35:00,-11.98,91,-2,-7.7400002,-9.018471,-24.274908,0.6185414,True,-12.23,-5.9015517,-21.822971,3.5580156,True
2018-08-23 10:40:00,-11.34,91,-3,-7.6300006,-8.296949,-23.60352,1.2650563,True,-12.18,-5.101873,-21.085476,4.2645507,True
2018-08-23 10:45:00,-11.08,91,-3,-7.9,-8.001522,-23.182144,1.4556404,True,-11.23,-4.775788,-20.627104,4.475576,True
2018-08-23 10:50:00,-10.47,91,-4,-7.89,-7.2950616,-22.4962,2.0616167,True,-12.25,-3.9785826,-19.87447,5.1542296,True
2018-08-23 10:55:00,-9.92,91,-4,-8.17,-6.6481156,-22.041752,2.6941812,True,-12.56,-3.2429354,-19.364271,5.850652,True
2018-08-23 11:00:00,-9.32,91,-4,-7.6,-5.989424,-21.560606,3.365461,True,-13.45,-2.5300658,-18.853489,6.5548854,True
2018-08-23 11:05:00,-9.95,91,-4,-7.6300006,-6.603455,-22.316397,2.8653944,True,-12.59,-3.1284926,-19.585318,6.054687,True
2018-08-23 11:10:00,-10.01,91,-5,-7.7400002,-6.7842326,-22.80868,2.8527162,True,-12.67,-3.4425852,-20.200043,5.897489,True
2018-08-23 11:15:00,-9.54,91,-5,-8.46,-6.4086967,-22.707401,3.322851,True,-12.41,-3.1777174,-20.206215,6.2471385,True
2018-08-23 11:20:00,-9.01,91,-5,-9.05,-5.769509,-22.13205,3.8923738,True,-11.99,-2.4352477,-19.549397,6.9016376,True
2018-08-23 11:25:00,-8.84,91,-5,-10.26,-5.575546,-21.829655,4.008474,True,-11.42,-2.2251303,-19.222866,7.0268264,True
2018-08-23 11:30:00,-8.22,91,-4,-11.88,-4.886399,-20.992355,4.5117335,True,-12.2,-1.4765228,-18.330183,7.581104,True
2018-08-23 11:35:00,-7.7400002,91,-4,-12.23,-4.4551883,-20.428732,4.84535,True,-13.95,-1.106728,-17.809875,7.8500113,True
2018-08-23 11:40:00,-7.6300006,91,-4,-12.18,-4.32361,-20.258953,4.958507,True,-14.1,-0.9587577,-17.614094,7.971374,True
2018-08-23 11:45:00,-7.9,91,-5,-11.23,-4.5303407,-20.418184,4.757665,True,-13.81,-1.1069893,-17.7047,7.8188453,True
2018-08-23 11:50:00,-7.89,91,-5,-12.25,-4.466478,-20.295233,4.766681,True,-13.19,-0.995066,-17.529997,7.8661437,True
2018-08-23 11:55:00,-8.17,91,-5,-12.56,-4.700236,-20.419064,4.5050483,True,-12.15,-1.186417,-17.598167,7.63746,True
2018-08-23 12:00:00,-7.6,91,-5,-13.45,-4.0991836,-19.767096,4.9470096,True,-12.81,-0.56853896,-16.930536,8.089655,True
2018-08-23 12:05:00,-7.6300006,91,-5,-12.59,-4.0928054,-19.687372,4.8168864,True,-12.85,-0.53468734,-16.810242,7.9811873,True
2018-08-23 12:10:00,-7.7400002,91,-5,-12.67,-4.208078,-19.675463,4.5958686,True,-12.87,-0.66363937,-16.790041,7.7423434,True
2018-08-23 12:15:00,-8.46,91,-6,-12.41,-4.8991714,-20.26615,3.8452585,True,-13.49,-1.3227562,-17.321493,7.017402,True
2018-08-23 12:20:00,-9.05,91,-6,-11.99,-5.530478,-20.807064,3.1607301,True,-13.2,-1.9908909,-17.86657,6.2929645,True
2018-08-23 12:25:00,-10.26,91,-7,-11.42,-6.856856,-22.001783,1.8520828,True,-14.25,-3.422417,-19.107214,4.87894,True
2018-08-23 12:30:00,-11.88,91,-6,-12.2,-8.72029,-23.62292,0.03916137,True,-15.34,-5.520387,-20.876934,2.8452642,True
2018-08-23 12:35:00,-12.23,91,-6,-13.95,-9.261313,-24.08728,-0.47052225,True,-15.33,-6.2574506,-21.495495,2.1436918,True
2018-08-23 12:40:00,-12.18,91,-6,-14.1,-9.268159,-24.11242,-0.46267924,True,-15.6,-6.3275037,-21.568747,2.0808084,True
2018-08-23 12:45:00,-11.23,91,-5,-13.81,-8.279505,-23.207262,0.4650952,True,-16.45,-5.312759,-20.655424,3.0186841,True
2018-08-23 12:50:00,-12.25,91,-5,-13.19,-9.334298,-24.046846,-0.6076892,True,-15.5,-6.3993173,-21.485495,1.9152638,True
2018-08-23 12:55:00,-12.56,91,-6,-12.15,-9.687188,-24.347336,-0.9560531,True,-15.27,-6.800224,-21.813768,1.5148407,True
2018-08-23 13:00:00,-13.45,91,-6,-12.81,-10.611666,-25.207481,-1.8266395,True,-15.42,-7.760755,-22.677534,0.60308236,True
2018-08-23 13:05:00,-12.59,91,-6,-12.85,-9.763136,-24.501888,-0.9920562,True,-16.42,-6.9375453,-22.00432,1.3965164,True
2018-08-23 13:10:00,-12.67,91,-5,-12.87,-9.807333,-24.743795,-0.9757026,True,-16.18,-6.9490905,-22.213425,1.4310642,True
2018-08-23 13:15:00,-12.41,91,-5,-13.49,-9.586685,-24.709595,-0.68369895,True,-14.3,-6.7766347,-22.22074,1.6636635,True
2018-08-23 13:20:00,-11.99,91,-5,-13.2,-9.260789,-24.398455,-0.36203036,True,-15.68,-6.55475,-21.992441,1.8748528,True
2018-08-23 13:25:00,-11.42,91,-4,-14.25,-8.767287,-23.92956,0.072255775,True,-16.01,-6.1478534,-21.599306,2.2200906,True
2018-08-23 13:30:00,-12.2,91,-4,-15.34,-9.873953,-24.736763,-0.98721343,True,-16.36,-7.5823483,-22.65015,0.84820336,True
2018-08-23 13:35:00,-13.95,91,-5,-15.33,-11.917583,-26.459919,-2.906956,True,-17.19,-9.913481,-24.575003,-1.3430961,True
2018-08-23 13:40:00,-14.1,91,-6,-15.6,-12.251208,-26.831522,-3.112301,True,-16.72,-10.436734,-25.095068,-1.7357639,True
2018-08-23 13:45:00,-13.81,91,-6,-16.45,-11.848563,-26.804918,-2.578911,True,-16.39,-9.926502,-24.970915,-1.1173481,True
2018-08-23 13:50:00,-13.19,91,-6,-15.5,-11.414681,-26.22442,-2.170771,True,-16.0,-9.6914215,-24.550081,-0.9044536,True
2018-08-23 13:55:00,-12.15,91,-5,-15.27,-10.697463,-25.32143,-1.5076069,True,-16.36,-9.313039,-23.929815,-0.5634559,True
2018-08-23 14:00:00,-12.81,91,-6,-15.42,-11.685426,-26.081293,-2.3994792,True,-16.21,-10.629413,-24.94541,-1.7661613,True
2018-08-23 14:05:00,-12.85,91,-6,-16.42,-11.89951,-26.361067,-2.4981482,True,-15.78,-11.021843,-25.35946,-2.0391715,True
2018-08-23 14:10:00,-12.87,91,-6,-16.18,-12.042484,-26.488188,-2.5417044,True,-15.81,-11.290061,-25.577429,-2.206154,True
2018-08-23 14:15:00,-13.49,91,-7,-14.3,-12.7622595,-26.894688,-3.2196105,True,-14.55,-12.105996,-26.047607,-2.9820616,True
2018-08-23 14:20:00,-13.2,91,-7,-15.68,-12.57552,-26.52059,-3.0663893,True,-14.7,-12.025841,-25.756115,-2.9313128,True
2018-08-23 14:25:00,-14.25,91,-8,-16.01,-13.654801,-27.385334,-4.07566,True,-14.97,-13.126289,-26.621824,-3.9680445,True
2018-08-23 14:30:00,-15.34,91,-9,-16.36,-14.73018,-28.267725,-5.2202106,True,-13.31,-14.179746,-27.473303,-5.098746,True
2018-08-23 14:35:00,-15.33,91,-9,-17.19,-14.636084,-28.397432,-5.189896,True,-12.1,-14.006123,-27.522299,-5.0050273,True
2018-08-23 14:40:00,-15.6,91,-9,-16.72,-14.978454,-28.925598,-5.4262385,True,-12.209999,-14.420482,-28.095034,-5.3176894,True
2018-08-23 14:45:00,-16.45,91,-10,-16.39,-15.919046,-29.605423,-6.369662,True,-13.08,-15.444377,-28.834322,-6.3464513,True
2018-08-23 14:50:00,-15.5,91,-10,-16.0,-14.876418,-28.58383,-5.500733,True,-13.29,-14.320396,-27.736036,-5.411514,True
2018-08-23 14:55:00,-15.27,91,-11,-16.36,-14.568209,-28.204893,-5.3337893,True,-14.07,-13.938083,-27.285906,-5.183993,True
2018-08-23 15:00:00,-15.42,91,-12,-16.21,-14.741824,-28.303392,-5.54232,True,-13.37,-14.135134,-27.393126,-5.4202876,True
2018-08-23 15:05:00,-16.42,91,-12,-15.78,-15.902456,-28.916939,-6.7675166,True,-12.12,-15.443368,-28.129372,-6.784838,True
2018-08-23 15:10:00,-16.18,91,-12,-15.81,-15.600012,-28.401625,-6.628062,True,-11.2,-15.079876,-27.56082,-6.592171,True
2018-08-23 15:15:00,-14.3,91,-12,-14.55,-13.823665,-26.75015,-4.936312,True,-10.2,-13.420763,-26.00313,-5.010979,True
2018-08-23 15:20:00,-15.68,91,-13,-14.7,-15.371007,-28.010633,-6.368851,True,-10.28,-15.11694,-27.380291,-6.584557,True
2018-08-23 15:25:00,-16.01,91,-14,-14.97,-15.872404,-28.391203,-6.823809,True,-10.74,-15.780016,-27.891777,-7.1896205,True
2018-08-23 15:30:00,-16.36,91,-14,-13.31,-16.320246,-28.741066,-7.262815,True,-11.54,-16.317318,-28.31161,-7.7108293,True
2018-08-23 15:35:00,-17.19,91,-15,-12.1,-17.1512,-29.388075,-8.135304,True,-11.35,-17.139442,-28.948626,-8.574826,True
2018-08-23 15:40:00,-16.72,91,-15,-12.209999,-16.591352,-28.762053,-7.8089757,True,-11.17,-16.495913,-28.248415,-8.172626,True
2018-08-23 15:45:00,-16.39,91,-15,-13.08,-15.962764,-28.234068,-7.448137,True,-10.81,-15.582406,-27.471165,-7.549175,True
2018-08-23 15:50:00,-16.0,91,-16,-13.29,-15.180477,-27.592066,-6.9453998,True,-10.74,-14.426746,-26.508133,-6.698323,True
2018-08-23 15:55:00,-16.36,91,-16,-14.07,-15.035854,-27.431187,-7.1116004,True,-11.29,-13.7960205,-25.923225,-6.4154277,True
2018-08-23 16:00:00,-16.21,91,-16,-13.37,-14.406994,-26.650505,-6.865915,True,-11.84,-12.712562,-24.746769,-5.747599,True
2018-08-23 16:05:00,-15.78,91,-16,-12.12,-13.494463,-25.644545,-6.3928113,True,-11.88,-11.3458185,-23.3456,-4.8456826,True
2018-08-23 16:10:00,-15.81,91,-16,-11.2,-13.190612,-25.260233,-6.3578477,True,-12.01,-10.728096,-22.676746,-4.515246,True
2018-08-23 16:15:00,-14.55,91,-16,-10.2,-11.7664175,-23.79221,-5.2027993,True,-12.7,-9.162649,-21.094723,-3.2241766,True
2018-08-23 16:20:00,-14.7,91,-17,-10.28,-11.862747,-23.8727,-5.3151507,True,-13.33,-9.2139225,-21.136612,-3.2893565,True
2018-08-23 16:25:00,-14.97,91,-16,-10.74,-12.2327,-24.197067,-5.635835,True,-13.07,-9.680493,-21.545921,-3.6951563,True
2018-08-23 16:30:00,-13.31,91,-15,-11.54,-10.608643,-22.673841,-4.137737,True,-11.53,-8.103859,-20.082855,-2.2388632,True
2018-08-23 16:35:00,-12.1,91,-15,-11.35,-9.55168,-21.734821,-3.0726435,True,-10.52,-7.197927,-19.290907,-1.3092426,True
2018-08-23 16:40:00,-12.209999,91,-15,-11.17,-9.824024,-21.91613,-3.2873824,True,-12.5,-7.620398,-19.602089,-1.6581367,True
2018-08-23 16:45:00,-13.08,91,-15,-10.81,-10.64071,-22.543098,-4.1203313,True,-12.33,-8.383653,-20.175253,-2.4352229,True
2018-08-23 16:50:00,-13.29,91,-16,-10.74,-10.851222,-22.631254,-4.402248,True,-11.92,-8.5949,-20.260902,-2.7151148,True
2018-08-23 16:55:00,-14.07,91,-16,-11.29,-11.703505,-23.246788,-5.293568,True,-11.64,-9.510053,-20.926521,-3.6584494,True
2018-08-23 17:00:00,-13.37,91,-15,-11.84,-11.113538,-22.537466,-4.8483996,True,-11.55,-9.02482,-20.32319,-3.3000262,True
2018-08-23 17:05:00,-12.12,91,-14,-11.88,-9.862702,-21.347878,-3.731232,True,-12.72,-7.77992,-19.14991,-2.1849368,True
2018-08-23 17:10:00,-11.2,91,-14,-12.01,-9.006358,-20.468042,-2.9653628,True,-11.88,-6.9863076,-18.332539,-1.4737934,True
2018-08-23 17:15:00,-10.2,91,-14,-12.7,-7.9862876,-19.500017,-2.1109812,True,-12.56,-5.9517226,-17.364494,-0.59874755,True
2018-08-23 17:20:00,-10.28,91,-14,-13.33,-8.064507,-19.485159,-2.276211,True,-12.62,-6.024614,-17.34834,-0.75341445,True
2018-08-23 17:25:00,-10.74,91,-15,-13.07,-8.492507,-19.800446,-2.7765944,True,-13.3,-6.4168134,-17.628437,-1.2185386,True
2018-08-23 17:30:00,-11.54,91,-15,-11.53,-9.229415,-20.36892,-3.5890944,True,-13.68,-7.0884204,-18.140928,-1.9615921,True
2018-08-23 17:35:00,-11.35,91,-15,-10.52,-9.038761,-20.075283,-3.5356352,True,-13.53,-6.8953347,-17.84879,-1.9028858,True
2018-08-23 17:40:00,-11.17,91,-15,-12.5,-8.733252,-19.760073,-3.341633,True,-12.45,-6.474035,-17.43886,-1.5946144,True
2018-08-23 17:45:00,-10.81,91,-15,-12.33,-8.31103,-19.31193,-3.0362265,True,-14.98,-5.9939475,-16.944775,-1.2320255,True
2018-08-23 17:50:00,-10.74,91,-15,-11.92,-8.102653,-19.104311,-2.9218886,True,-14.16,-5.65803,-16.630642,-0.9925292,True
2018-08-23 17:55:00,-11.29,91,-16,-11.64,-8.532193,-19.464338,-3.4372637,True,-15.36,-5.9724355,-16.885054,-1.3985084,True
2018-08-23 18:00:00,-11.84,91,-16,-11.55,-8.9092,-19.867785,-3.805259,True,-15.3,-6.1890597,-17.14184,-1.6160339,True
2018-08-23 18:05:00,-11.88,91,-15,-12.72,-8.897206,-19.890062,-3.8889925,True,-15.22,-6.1255727,-17.119928,-1.6505932,True
2018-08-23 18:10:00,-12.01,91,-16,-11.88,-9.000615,-20.024118,-4.028053,True,-15.76,-6.1999574,-17.231504,-1.7590164,True
2018-08-23 18:15:00,-12.7,91,-16,-12.56,-9.656972,-20.64813,-4.634894,True,-16.4,-6.8186793,-17.819836,-2.3284266,True
2018-08-23 18:20:00,-13.33,91,-16,-12.62,-10.353344,-21.23215,-5.2586446,True,-15.7,-7.5687976,-18.443523,-3.0048792,True
2018-08-23 18:25:00,-13.07,91,-15,-13.3,-10.1153755,-21.058361,-4.985476,True,-14.43,-7.3481297,-18.29406,-2.7441428,True
2018-08-23 18:30:00,-11.53,91,-14,-13.68,-8.557608,-19.754114,-3.4354517,True,-14.34,-5.780688,-17.00522,-1.1830829,True
2018-08-23 18:35:00,-10.52,91,-14,-13.53,-7.8525453,-18.942553,-2.7997172,True,-15.33,-5.351522,-16.448639,-0.79753906,True
2018-08-23 18:40:00,-12.5,91,-15,-12.45,-9.9718275,-20.684584,-4.7753644,True,-15.69,-7.581534,-18.268972,-2.8761275,True
2018-08-23 18:45:00,-12.33,91,-15,-14.98,-10.074527,-20.620989,-4.7507377,True,-15.38,-7.9320006,-18.431168,-3.0740702,True
2018-08-23 18:50:00,-11.92,91,-15,-14.16,-9.794934,-20.362087,-4.3383603,True,-15.89,-7.7691646,-18.277313,-2.7698748,True
2018-08-23 18:55:00,-11.64,91,-13,-15.36,-9.710604,-20.23484,-4.126388,True,-14.56,-7.861856,-18.31214,-2.7150347,True
2018-08-23 19:00:00,-11.55,91,-14,-15.3,-9.823374,-20.29007,-4.1148067,True,-13.74,-8.155349,-18.52657,-2.8673365,True
2018-08-23 19:05:00,-12.72,91,-14,-15.22,-10.708834,-21.381279,-4.6245875,True,-13.26,-8.775984,-19.387325,-3.132168,True
2018-08-23 19:10:00,-11.88,91,-14,-15.76,-10.235774,-20.674099,-4.2232585,True,-13.61,-8.634402,-18.97217,-3.0314162,True
2018-08-23 19:15:00,-12.56,91,-14,-16.4,-10.920304,-21.15002,-4.932408,True,-14.06,-9.317348,-19.448246,-3.7364047,True
2018-08-23 19:20:00,-12.62,91,-14,-15.7,-11.024618,-21.234507,-4.9616847,True,-13.67,-9.458873,-19.571276,-3.793998,True
2018-08-23 19:25:00,-13.3,91,-14,-14.43,-11.710394,-21.848087,-5.518677,True,-12.54,-10.144336,-20.184544,-4.3488364,True
2018-08-23 19:30:00,-13.68,91,-14,-14.34,-12.105526,-22.268602,-5.7525916,True,-12.57,-10.54899,-20.61458,-4.589268,True
2018-08-23 19:35:00,-13.53,91,-13,-15.33,-11.995637,-22.225487,-5.569734,True,-13.58,-10.47153,-20.604235,-4.4327025,True
2018-08-23 19:40:00,-12.45,91,-12,-15.69,-10.96191,-21.319452,-4.5971828,True,-14.389999,-9.478258,-19.742039,-3.4924643,True
2018-08-23 19:45:00,-14.98,91,-14,-15.38,-13.212139,-23.306293,-6.7386813,True,-14.58,-11.465109,-21.49558,-5.3942037,True
2018-08-23 19:50:00,-14.16,91,-13,-15.89,-12.4724655,-22.363806,-6.213836,True,-13.89,-10.799267,-20.633018,-4.927256,True
2018-08-23 19:55:00,-15.36,91,-14,-14.56,-13.605081,-23.246141,-7.2784667,True,-13.29,-11.868003,-21.459948,-5.930918,True
2018-08-23 20:00:00,-15.3,91,-13,-13.74,-13.5327,-23.173878,-7.138206,True,-12.89,-11.782807,-21.382118,-5.775539,True
2018-08-23 20:05:00,-15.22,91,-13,-13.26,-13.517224,-23.149553,-6.995421,True,-12.67,-11.822891,-21.409847,-5.6821284,True
2018-08-23 20:10:00,-15.76,91,-12,-13.61,-14.172066,-23.664814,-7.4460063,True,-12.82,-12.582067,-22.022005,-6.2220473,True
2018-08-23 20:15:00,-16.4,91,-13,-14.06,-14.879463,-24.238398,-7.9732957,True,-12.31,-13.349718,-22.651155,-6.8010173,True
2018-08-23 20:20:00,-15.7,91,-11,-13.67,-14.207665,-23.661858,-7.26611,True,-12.65,-12.701284,-22.103373,-6.1107373,True
2018-08-23 20:25:00,-14.43,91,-12,-12.54,-12.961273,-22.560007,-6.121238,True,-13.21,-11.473333,-21.028952,-4.977568,True
2018-08-23 20:30:00,-14.34,91,-11,-12.57,-12.70754,-22.362753,-5.8688407,True,-13.2,-11.068698,-20.709846,-4.5847945,True
2018-08-23 20:35:00,-15.33,91,-13,-13.58,-13.462085,-22.954697,-6.6845746,True,-12.83,-11.60637,-21.117294,-5.200562,True
2018-08-23 20:40:00,-15.69,91,-13,-14.389999,-13.590256,-22.974422,-6.971707,True,-13.089999,-11.522974,-20.95713,-5.291002,True
2018-08-23 20:45:00,-15.38,91,-12,-14.58,-13.161347,-22.478088,-6.756724,True,-13.15,-10.985769,-20.376268,-4.9717927,True
2018-08-23 20:50:00,-15.89,91,-12,-13.89,-13.623894,-22.74433,-7.356419,True,-13.12,-11.404397,-20.606937,-5.526707,True
2018-08-23 20:55:00,-14.56,91,-11,-13.29,-12.227622,-21.481087,-6.122029,True,-13.07,-9.947266,-19.307983,-4.2309365,True
2018-08-23 21:00:00,-13.74,91,-11,-12.89,-11.384116,-20.72246,-5.2892118,True,-13.089999,-9.081405,-18.542946,-3.3749487,True
2018-08-23 21:05:00,-13.26,91,-11,-12.67,-11.034032,-20.260386,-5.1032557,True,-13.13,-8.847103,-18.193201,-3.2864993,True
2018-08-23 21:10:00,-13.61,91,-11,-12.82,-11.345604,-20.467342,-5.5181537,True,-13.39,-9.121801,-18.373219,-3.6636298,True
2018-08-23 21:15:00,-14.06,91,-11,-12.31,-11.697723,-20.677065,-6.027865,True,-13.17,-9.383591,-18.506638,-4.085217,True
2018-08-23 21:20:00,-13.67,91,-11,-12.65,-11.192899,-20.14405,-5.788936,True,-12.72,-8.772435,-17.888866,-3.741917,True
2018-08-23 21:25:00,-12.54,91,-11,-13.21,-10.106121,-19.027775,-5.0415463,True,-13.84,-7.722152,-16.818535,-3.0183642,True
2018-08-23 21:30:00,-12.57,91,-12,-13.2,-10.1598015,-18.931946,-5.341109,True,-14.42,-7.7918983,-16.740759,-3.3272345,True
2018-08-23 21:35:00,-13.58,91,-12,-12.83,-11.023717,-19.640722,-6.3907456,True,-14.29,-8.520595,-17.32795,-4.2455344,True
2018-08-23 21:40:00,-14.389999,91,-12,-13.089999,-11.722451,-20.23463,-7.237676,True,-13.85,-9.113806,-17.82483,-4.9903083,True
2018-08-23 21:45:00,-14.58,91,-12,-13.15,-11.761393,-20.25999,-7.496495,True,-13.69,-9.010854,-17.72408,-5.110231,True
2018-08-23 21:50:00,-13.89,91,-13,-13.12,-10.967955,-19.567389,-6.8772817,True,-13.68,-8.120002,-16.956514,-4.393639,True
2018-08-23 21:55:00,-13.29,91,-12,-13.07,-10.258659,-18.94864,-6.329615,True,-13.35,-7.3057666,-16.254824,-3.7419198,True
2018-08-23 22:00:00,-12.89,91,-12,-13.089999,-9.805326,-18.521221,-5.9982076,True,-13.4,-6.8010726,-15.79173,-3.3537047,True
2018-08-23 22:05:00,-12.67,91,-12,-13.13,-9.639965,-18.304895,-5.931502,True,-13.4,-6.6801705,-15.622449,-3.3221648,True
2018-08-23 22:10:00,-12.82,91,-12,-13.39,-9.698333,-18.363949,-6.044604,True,-13.67,-6.651604,-15.607275,-3.348616,True
2018-08-23 22:15:00,-12.31,91,-12,-13.17,-9.04321,-17.81909,-5.498821,True,-13.57,-5.86155,-14.951928,-2.6701376,True
2018-08-23 22:20:00,-12.65,91,-12,-12.72,-9.620166,-18.096243,-6.1784024,True,-13.76,-6.654407,-15.418799,-3.5406039,True
2018-08-23 22:25:00,-13.21,91,-13,-13.84,-10.262278,-18.523985,-6.911821,True,-13.86,-7.3757634,-15.91604,-4.3421845,True
2018-08-23 22:30:00,-13.2,91,-13,-14.42,-10.255379,-18.451826,-6.930841,True,-13.77,-7.3745694,-15.855487,-4.3593354,True
2018-08-23 22:35:00,-12.83,91,-14,-14.29,-10.003193,-18.167152,-6.670014,True,-13.37,-7.2283483,-15.680657,-4.191217,True
2018-08-23 22:40:00,-13.089999,91,-14,-13.85,-10.354482,-18.432177,-6.9687667,True,-13.58,-7.663038,-16.027311,-4.562468,True
2018-08-23 22:45:00,-13.15,91,-14,-13.69,-10.464075,-18.498259,-7.036121,True,-13.89,-7.8173013,-16.14147,-4.6658607,True
2018-08-23 22:50:00,-13.12,91,-14,-13.68,-10.446655,-18.46575,-7.03991,True,-13.59,-7.8101945,-16.127388,-4.6730275,True
2018-08-23 22:55:00,-13.07,91,-14,-13.35,-10.422444,-18.407043,-7.1450353,True,-12.51,-7.8071055,-16.09497,-4.7901692,True
2018-08-23 23:00:00,-13.089999,91,-14,-13.4,-10.37958,-18.354736,-7.245745,True,-12.82,-7.704535,-15.991892,-4.8258214,True
2018-08-23 23:05:00,-13.13,91,-14,-13.4,-10.135552,-18.230684,-7.2006793,True,-12.93,-7.195379,-15.627734,-4.5227065,True
2018-08-23 23:10:00,-13.39,91,-14,-13.67,-10.060427,-18.294481,-7.4317765,True,-12.43,-6.803081,-15.396301,-4.4452004,True
2018-08-23 23:15:00,-13.17,91,-13,-13.57,-9.57006,-17.95406,-7.1801877,True,-12.76,-6.0547366,-14.821738,-3.939317,True
2018-08-23 23:20:00,-12.72,91,-13,-13.76,-8.91639,-17.446733,-6.698171,True,-13.38,-5.205977,-14.142896,-3.262337,True
2018-08-23 23:25:00,-13.84,91,-13,-13.86,-9.952637,-18.448605,-7.7626233,True,-13.8,-6.1575055,-15.0516815,-4.2430673,True
2018-08-23 23:30:00,-14.42,91,-14,-13.77,-10.540804,-19.005997,-8.33822,True,-13.81,-6.75032,-15.607203,-4.81801,True
2018-08-23 23:35:00,-14.29,91,-14,-13.37,-10.366998,-18.89706,-8.1208105,True,-13.72,-6.5352845,-15.464609,-4.5552363,True
2018-08-23 23:40:00,-13.85,91,-14,-13.58,-9.976812,-18.508245,-7.74106,True,-13.94,-6.1924605,-15.1222725,-4.2087674,True
2018-08-23 23:45:00,-13.69,91,-13,-13.89,-9.745039,-18.307453,-7.456469,True,-13.65,-5.893808,-14.860756,-3.8504717,True
2018-08-23 23:50:00,-13.68,91,-13,-13.59,-9.693321,-18.248444,-7.3522096,True,-13.78,-5.805362,-14.759017,-3.6964571,True
2018-08-23 23:55:00,-13.35,91,-12,-12.51,-9.488696,-18.022207,-6.9981647,True,-14.2,-5.7196374,-14.658542,-3.447304,True
2018-08-24 00:00:00,-13.4,91,-12,-12.82,-9.565235,-18.141325,-6.9326444,True,-14.42,-5.824075,-14.812934,-3.4065497,True
2018-08-24 00:05:00,-13.4,91,-12,-12.93,-9.564084,-18.176523,-6.8096633,True,-14.32,-5.8254275,-14.856811,-3.281174,True
2018-08-24 00:10:00,-13.67,91,-12,-12.43,-9.848413,-18.438465,-7.070459,True,-13.85,-6.1262746,-15.130294,-3.5493968,True
2018-08-24 00:15:00,-13.57,91,-11,-12.76,-9.708421,-18.33902,-6.978328,True,-14.16,-5.9483504,-14.998745,-3.4116824,True
2018-08-24 00:20:00,-13.76,91,-11,-13.38,-9.887575,-18.531445,-7.2013555,True,-13.959999,-6.116058,-15.18096,-3.6153834,True
2018-08-24 00:25:00,-13.86,91,-11,-13.8,-9.993516,-18.658125,-7.2936053,True,-13.39,-6.2282834,-15.317547,-3.7061217,True
2018-08-24 00:30:00,-13.77,91,-11,-13.81,-9.97038,-18.590525,-7.399078,True,-13.5,-6.264669,-15.306811,-3.85312,True
2018-08-24 00:35:00,-13.37,91,-10,-13.72,-9.641727,-18.268229,-7.0682445,True,-13.41,-5.999994,-15.059665,-3.5731776,True
2018-08-24 00:40:00,-13.58,91,-10,-13.94,-9.896092,-18.530071,-7.2499204,True,-13.21,-6.2952924,-15.367156,-3.7887614,True
2018-08-24 00:45:00,-13.89,91,-10,-13.65,-10.281946,-18.871016,-7.6102157,True,-13.42,-6.7519355,-15.776876,-4.2089877,True
2018-08-24 00:50:00,-13.59,91,-9,-13.78,-10.026582,-18.59237,-7.3838496,True,-13.03,-6.5387464,-15.544251,-4.0101113,True
2018-08-24 00:55:00,-12.51,91,-9,-14.2,-9.116964,-17.594301,-6.579272,True,-12.93,-5.790257,-14.704559,-3.3382971,True
2018-08-24 01:00:00,-12.82,91,-9,-14.42,-9.474957,-17.926123,-6.8421807,True,-13.24,-6.1960444,-15.084383,-3.638323,True
2018-08-24 01:05:00,-12.93,91,-9,-14.32,-9.62209,-18.097162,-6.8155017,True,-13.24,-6.3807626,-15.299498,-3.6418822,True
2018-08-24 01:10:00,-12.43,91,-8,-13.85,-9.13127,-17.695309,-6.170653,True,-13.25,-5.8986516,-14.925618,-2.9992926,True
2018-08-24 01:15:00,-12.76,91,-8,-14.16,-9.485649,-18.049488,-6.4434505,True,-12.75,-6.2770753,-15.303554,-3.2874453,True
2018-08-24 01:20:00,-13.38,91,-9,-13.959999,-10.171515,-18.66759,-7.1728454,True,-12.94,-7.027366,-15.973076,-4.065557,True
2018-08-24 01:25:00,-13.8,91,-9,-13.39,-10.604778,-19.065525,-7.7314973,True,-12.53,-7.4754233,-16.371555,-4.624265,True
2018-08-24 01:30:00,-13.81,91,-9,-13.5,-10.564213,-19.070225,-7.8052554,True,-12.93,-7.386008,-16.32338,-4.638272,True
2018-08-24 01:35:00,-13.72,91,-9,-13.41,-10.378863,-18.983208,-7.6747966,True,-12.22,-7.107327,-16.149578,-4.4078774,True
2018-08-24 01:40:00,-13.94,91,-9,-13.21,-10.500985,-19.200052,-7.8374534,True,-11.8,-7.133744,-16.275532,-4.470383,True
2018-08-24 01:45:00,-13.65,91,-9,-13.42,-10.11367,-18.930592,-7.504029,True,-11.98,-6.648556,-15.921873,-4.030004,True
2018-08-24 01:50:00,-13.78,91,-9,-13.03,-10.185867,-19.086107,-7.583238,True,-11.77,-6.663264,-16.025679,-4.045916,True
2018-08-24 01:55:00,-14.2,91,-9,-12.93,-10.587941,-19.562426,-7.919893,True,-11.24,-7.045239,-16.486092,-4.3584695,True
2018-08-24 02:00:00,-14.42,91,-9,-13.24,-10.670085,-19.787287,-7.9679885,True,-11.02,-6.99733,-16.585653,-4.2775216,True
2018-08-24 02:05:00,-14.32,91,-9,-13.24,-10.532753,-19.743002,-7.806824,True,-11.0,-6.821241,-16.51525,-4.0685916,True
2018-08-24 02:10:00,-13.85,91,-9,-13.25,-10.104399,-19.392635,-7.3117814,True,-10.88,-6.4243827,-16.217846,-3.5957816,True
2018-08-24 02:15:00,-14.16,91,-9,-12.75,-10.456997,-19.798456,-7.492123,True,-10.83,-6.816794,-16.671185,-3.8105996,True
2018-08-24 02:20:00,-13.959999,91,-9,-12.94,-10.376758,-19.732811,-7.289972,True,-11.21,-6.8492503,-16.72263,-3.7094214,True
2018-08-24 02:25:00,-13.39,91,-9,-12.53,-9.913089,-19.258835,-6.7972064,True,-11.66,-6.485616,-16.35677,-3.2960055,True
2018-08-24 02:30:00,-13.5,91,-10,-12.93,-10.093897,-19.409903,-6.9761558,True,-11.44,-6.735513,-16.565594,-3.526499,True
2018-08-24 02:35:00,-13.41,91,-10,-12.22,-10.128831,-19.428467,-6.9709563,True,-11.759999,-6.8866267,-16.699245,-3.6201403,True
2018-08-24 02:40:00,-13.21,91,-10,-11.8,-10.096268,-19.382122,-6.825212,True,-12.13,-7.010409,-16.812397,-3.6126082,True
2018-08-24 02:45:00,-13.42,91,-9,-11.98,-10.335889,-19.723383,-6.8341165,True,-12.68,-7.2765336,-17.190855,-3.645798,True
2018-08-24 02:50:00,-13.03,91,-10,-11.77,-9.938419,-19.437153,-6.3126063,True,-13.03,-6.8668733,-16.912697,-3.1011431,True
2018-08-24 02:55:00,-12.93,91,-10,-11.24,-9.832789,-19.389744,-6.1254077,True,-13.26,-6.7543616,-16.862827,-2.8969958,True
2018-08-24 03:00:00,-13.24,91,-10,-11.02,-10.182267,-19.754923,-6.394484,True,-13.49,-7.1420197,-17.26112,-3.1933043,True
2018-08-24 03:05:00,-13.24,91,-10,-11.0,-10.08027,-19.67252,-6.4153056,True,-13.12,-6.942967,-17.06235,-3.1046069,True
2018-08-24 03:10:00,-13.25,91,-9,-10.88,-10.066395,-19.744104,-6.3319116,True,-13.01,-6.9020305,-17.121738,-2.9859145,True
2018-08-24 03:15:00,-12.75,91,-9,-10.83,-9.502544,-19.331795,-5.6726537,True,-12.76,-6.2629046,-16.66679,-2.2487967,True
2018-08-24 03:20:00,-12.94,91,-10,-11.21,-9.726339,-19.608433,-5.8013663,True,-12.4,-6.5138927,-16.978449,-2.3969214,True
2018-08-24 03:25:00,-12.53,91,-10,-11.66,-9.347013,-19.33802,-5.2880845,True,-11.98,-6.1502357,-16.750792,-1.8965629,True
2018-08-24 03:30:00,-12.93,91,-10,-11.44,-9.838033,-19.87894,-5.5595927,True,-12.71,-6.7305045,-17.384506,-2.249266,True
2018-08-24 03:35:00,-12.22,91,-10,-11.759999,-9.144958,-19.310678,-4.7306104,True,-12.79,-6.045159,-16.85555,-1.4158462,True
2018-08-24 03:40:00,-11.8,91,-10,-12.13,-8.629145,-18.861511,-4.2836623,True,-12.91,-5.425633,-16.312908,-0.8556426,True
2018-08-24 03:45:00,-11.98,91,-10,-12.68,-8.88082,-18.981415,-4.6625066,True,-13.07,-5.7443023,-16.468678,-1.2754482,True
2018-08-24 03:50:00,-11.77,91,-10,-13.03,-8.583834,-18.894428,-4.1923585,True,-12.41,-5.347276,-16.317904,-0.71214706,True
2018-08-24 03:55:00,-11.24,91,-10,-13.26,-7.9214177,-18.494036,-3.4074252,True,-12.27,-4.5371013,-15.824277,0.21775977,True
2018-08-24 04:00:00,-11.02,91,-9,-13.49,-7.6872916,-18.384834,-3.0547888,True,-12.84,-4.281052,-15.714053,0.5965249,True
2018-08-24 04:05:00,-11.0,91,-10,-13.12,-7.687013,-18.462933,-2.9734442,True,-14.17,-4.293037,-15.813534,0.6735169,True
2018-08-24 04:10:00,-10.88,91,-10,-13.01,-7.5338836,-18.48643,-2.6660845,True,-14.71,-4.096173,-15.818919,1.020578,True
2018-08-24 04:15:00,-10.83,91,-9,-12.76,-7.4889627,-18.603352,-2.4453318,True,-14.96,-4.048816,-15.957831,1.2442566,True
2018-08-24 04:20:00,-11.21,91,-9,-12.4,-7.9431767,-19.11512,-2.7124388,True,-14.8,-4.5770736,-16.544132,0.9163911,True
2018-08-24 04:25:00,-11.66,91,-10,-11.98,-8.64349,-19.794123,-3.172146,True,-14.46,-5.5308614,-17.456776,0.22234885,True
2018-08-24 04:30:00,-11.44,91,-10,-12.71,-8.539763,-19.764683,-2.8890936,True,-14.11,-5.5416102,-17.549109,0.40242162,True
2018-08-24 04:35:00,-11.759999,91,-10,-12.79,-9.027489,-20.274378,-3.1743567,True,-13.75,-6.1984572,-18.20918,-0.03999932,True
2018-08-24 04:40:00,-12.13,91,-10,-12.91,-9.52111,-20.807182,-3.4322665,True,-13.2,-6.8222566,-18.867777,-0.4122108,True
2018-08-24 04:45:00,-12.68,91,-10,-13.07,-9.9805355,-21.378906,-3.790868,True,-11.26,-7.188395,-19.353964,-0.67967635,True
2018-08-24 04:50:00,-13.03,91,-10,-12.41,-10.225817,-21.608751,-4.1546264,True,-9.52,-7.3154798,-19.457466,-0.9188426,True
2018-08-24 04:55:00,-13.26,91,-10,-12.27,-10.410283,-21.6933,-4.4672837,True,-8.37,-7.4400477,-19.464493,-1.163504,True
2018-08-24 05:00:00,-13.49,91,-10,-12.84,-10.662848,-21.800194,-4.8251634,True,-6.7400002,-7.7109694,-19.557106,-1.5198311,True
2018-08-24 05:05:00,-13.12,91,-10,-14.17,-10.24875,-21.455488,-4.393087,True,-5.4900002,-7.239654,-19.171938,-1.0192417,True
2018-08-24 05:10:00,-13.01,91,-10,-14.71,-10.151018,-21.448599,-4.1649947,True,-5.06,-7.149462,-19.180332,-0.7932227,True
2018-08-24 05:15:00,-12.76,91,-10,-14.96,-9.911057,-21.306044,-3.830952,True,-5.53,-6.91157,-19.051933,-0.45648798,True
2018-08-24 05:20:00,-12.4,91,-10,-14.8,-9.587691,-21.026617,-3.4493353,True,-6.02,-6.617167,-18.806255,-0.094230965,True
2018-08-24 05:25:00,-11.98,91,-10,-14.46,-9.108806,-20.622478,-3.002247,True,-6.61,-6.0697694,-18.34305,0.42529455,True
2018-08-24 05:30:00,-12.71,91,-10,-14.11,-9.799945,-21.327648,-3.7407267,True,-6.61,-6.7206407,-18.978546,-0.26581797,True
2018-08-24 05:35:00,-12.79,91,-11,-13.75,-9.803856,-21.373634,-3.8477986,True,-6.89,-6.6319337,-18.929745,-0.27632174,True
2018-08-24 05:40:00,-12.91,91,-11,-13.2,-9.5176735,-21.33686,-3.6806185,True,-6.78,-5.9047313,-18.486166,0.31391302,True
2018-08-24 05:45:00,-13.07,91,-11,-11.26,-8.874003,-21.250067,-3.0327513,True,-6.19,-4.3928123,-17.635462,1.7735001,True
2018-08-24 05:50:00,-12.41,91,-10,-9.52,-7.376435,-20.362312,-1.4983543,True,-6.4,-1.9999584,-15.991252,4.1371493,True
2018-08-24 05:55:00,-12.27,91,-10,-8.37,-6.7211366,-20.187103,-0.71881515,True,-6.31,-0.7879222,-15.366856,5.4253783,True
2018-08-24 06:00:00,-12.84,91,-9,-6.7400002,-6.9033856,-20.78002,-0.7031005,True,-6.61,-0.5449317,-15.595113,5.817138,True
2018-08-24 06:05:00,-14.17,91,-9,-5.4900002,-8.167994,-22.264498,-1.714167,True,-6.7400002,-1.7178692,-16.958138,4.872024,True
2018-08-24 06:10:00,-14.71,91,-8,-5.06,-8.52047,-22.991465,-1.7847904,True,-7.27,-1.8700985,-17.52781,4.9705462,True
2018-08-24 06:15:00,-14.96,91,-8,-5.53,-8.679322,-23.33314,-1.7591041,True,-7.2900004,-1.9353775,-17.795267,5.0765777,True
2018-08-24 06:20:00,-14.8,91,-7,-6.02,-8.570708,-23.628954,-1.2430385,True,-7.8300004,-1.8802818,-18.23186,5.5047793,True
2018-08-24 06:25:00,-14.46,91,-7,-6.61,-8.497862,-23.610588,-1.0333446,True,-8.880001,-2.0903475,-18.50032,5.4457145,True
2018-08-24 06:30:00,-14.11,91,-6,-6.61,-8.507607,-23.518898,-0.96297866,True,-9.819999,-2.4842703,-18.760468,5.164167,True
2018-08-24 06:35:00,-13.75,91,-6,-6.89,-8.559435,-23.30471,-0.9705394,True,-10.77,-2.9745772,-18.924904,4.7681766,True
2018-08-24 06:40:00,-13.2,91,-5,-6.78,-8.416854,-23.037455,-0.65106994,True,-11.42,-3.2701972,-19.059048,4.6767535,True
2018-08-24 06:45:00,-11.26,91,-1,-6.19,-6.6629434,-21.55442,1.3287388,True,-11.46,-1.7216552,-17.874819,6.45161,True
2018-08-24 06:50:00,-9.52,91,0,-6.4,-4.949364,-20.322556,3.3050249,True,-12.2,-0.048549965,-16.800436,8.361006,True
2018-08-24 06:55:00,-8.37,91,1,-6.31,-4.0522895,-19.610786,4.413053,True,-12.7,0.5783841,-16.376434,9.206009,True
2018-08-24 07:00:00,-6.7400002,91,3,-6.61,-2.5817912,-18.252584,5.9628596,True,-13.71,1.8716503,-15.219376,10.585625,True
2018-08-24 07:05:00,-5.4900002,91,3,-6.7400002,-1.4867691,-17.392807,7.2607856,True,-14.48,2.7886007,-14.562812,11.710714,True
2018-08-24 07:10:00,-5.06,91,3,-7.27,-1.3128418,-17.555452,7.8070045,True,-15.01,2.6842363,-14.9900465,11.975077,False
2018-08-24 07:15:00,-5.53,91,3,-7.2900004,-2.3249953,-18.261324,6.9947715,True,-15.85,1.1105705,-16.11408,10.6525345,True
2018-08-24 07:20:00,-6.02,91,3,-7.8300004,-3.170996,-19.008543,6.358684,True,-17.59,-0.11348756,-17.13533,9.65901,False
2018-08-24 07:25:00,-6.61,91,3,-8.880001,-4.0396066,-19.72787,5.6041026,True,-18.59,-1.2753128,-18.067492,8.635748,False
2018-08-24 07:30:00,-6.61,91,4,-9.819999,-4.0846944,-19.692896,5.5550017,True,-17.98,-1.3669456,-18.053617,8.541609,True
2018-08-24 07:35:00,-6.89,91,4,-10.77,-4.1903977,-19.6836,5.4042583,True,-16.44,-1.2916454,-17.862322,8.559624,True
2018-08-24 07:40:00,-6.78,91,5,-11.42,-3.9179823,-19.371656,5.6226172,True,-19.02,-0.84518844,-17.399117,8.935816,False
2018-08-24 07:45:00,-6.19,91,5,-11.46,-3.187935,-18.681787,6.299379,True,-20.6,0.038718864,-16.592047,9.747416,False
2018-08-24 07:50:00,-6.4,91,5,-12.2,-3.2497714,-19.01721,6.2636886,True,-21.07,0.13319175,-16.805235,9.841356,False
2018-08-24 07:55:00,-6.31,91,5,-12.7,-3.0033324,-19.19123,6.5885634,True,-20.33,0.54284066,-16.867727,10.294554,False
2018-08-24 08:00:00,-6.61,91,6,-13.71,-2.9829886,-19.391697,6.5754695,True,-19.68,0.90337914,-16.78099,10.584108,False
2018-08-24 08:05:00,-6.7400002,91,6,-14.48,-2.8795702,-19.282997,6.588802,True,-19.15,1.2583462,-16.443169,10.82394,False
2018-08-24 08:10:00,-7.27,91,6,-15.01,-3.2098105,-19.873194,6.3380313,True,-17.28,1.1383816,-16.852032,10.749426,False
2018-08-24 08:15:00,-7.2900004,91,7,-15.85,-2.99148,-20.066051,6.6663127,True,-18.01,1.6064183,-16.862349,11.280556,False
2018-08-24 08:20:00,-7.8300004,91,6,-17.59,-3.3297617,-20.664433,6.4520297,True,-17.68,1.485624,-17.274008,11.245197,False
2018-08-24 08:25:00,-8.880001,91,5,-18.59,-4.2860856,-21.673159,5.649715,True,-17.17,0.6293046,-18.14091,10.520422,True
2018-08-24 08:30:00,-9.819999,91,5,-17.98,-5.265923,-22.79093,4.8790183,True,-16.15,-0.38310656,-19.262836,9.704977,True
2018-08-24 08:35:00,-10.77,91,5,-16.44,-6.334474,-23.71256,3.934162,True,-15.17,-1.5693401,-20.21817,8.645391,True
2018-08-24 08:40:00,-11.42,91,5,-19.02,-7.1200147,-24.284708,3.211891,True,-15.0,-2.5023348,-20.85751,7.7900424,True
2018-08-24 08:45:00,-11.46,91,5,-20.6,-7.3892655,-24.40905,3.0531213,True,-14.2,-3.0248206,-21.170364,7.3933024,True
2018-08-24 08:50:00,-12.2,91,5,-21.07,-8.280673,-25.186096,2.2973878,True,-14.1,-4.085543,-22.043335,6.4781184,True
2018-08-24 08:55:00,-12.7,91,5,-20.33,-9.1263485,-26.16293,1.7613827,True,-14.52,-5.298514,-23.328108,5.5801463,True
2018-08-24 09:00:00,-13.71,91,5,-19.68,-10.468888,-27.360758,0.60199517,True,-15.1,-6.9960017,-24.785683,4.0884356,True
2018-08-24 09:05:00,-14.48,91,5,-19.15,-11.418351,-28.099262,-0.25805506,True,-13.71,-8.140604,-25.644228,3.0422266,True
2018-08-24 09:10:00,-15.01,91,4,-17.28,-11.92626,-28.435583,-0.7571414,True,-13.35,-8.632941,-25.928476,2.5544775,True
2018-08-24 09:15:00,-15.85,91,4,-18.01,-12.724673,-29.032118,-1.5639633,True,-12.82,-9.393498,-26.43777,1.7781807,True
2018-08-24 09:20:00,-17.59,91,3,-17.68,-14.563248,-30.677408,-3.3241503,True,-11.04,-11.341426,-28.111414,-0.08450349,True
2018-08-24 09:25:00,-18.59,91,4,-17.17,-15.572224,-31.750122,-4.25584,True,-10.15,-12.362448,-29.16357,-1.0386547,True
2018-08-24 09:30:00,-17.98,91,6,-16.15,-14.74445,-31.218897,-3.4414275,True,-8.69,-11.303339,-28.441484,-0.033960655,True
2018-08-24 09:35:00,-16.44,91,7,-15.17,-13.047061,-29.684446,-1.8650097,True,-7.72,-9.439712,-26.796251,1.6776158,True
2018-08-24 09:40:00,-19.02,91,7,-15.0,-15.825807,-32.19587,-4.3618655,True,-6.56,-12.431507,-29.41132,-1.0178989,True
2018-08-24 09:45:00,-20.6,91,6,-14.2,-17.165865,-33.576023,-5.6271176,True,-5.31,-13.518989,-30.510492,-2.0621684,True
2018-08-24 09:50:00,-21.07,91,7,-14.1,-17.86275,-34.24114,-5.9636893,True,-4.15,-14.451386,-31.387564,-2.6341345,True
2018-08-24 09:55:00,-20.33,91,7,-14.52,-16.898672,-33.601974,-4.674254,True,-2.2999995,-13.247667,-30.57601,-1.1535515,True
2018-08-24 10:00:00,-19.68,91,7,-15.1,-15.913527,-32.928905,-3.5934927,True,-0.80999976,-11.911658,-29.62293,0.22265403,True
2018-08-24 10:05:00,-19.15,91,8,-13.71,-15.320376,-32.64774,-2.7795146,True,1.1599995,-11.258714,-29.33168,1.0635048,False
2018-08-24 10:10:00,-17.28,91,9,-13.35,-13.134406,-30.77084,-0.81072646,True,3.2399995,-8.749153,-27.236704,3.3037221,True
2018-08-24 10:15:00,-18.01,91,8,-12.82,-13.800922,-31.455614,-1.4064735,True,5.94,-9.356651,-27.839462,2.751064,False
2018-08-24 10:20:00,-17.68,91,7,-11.04,-13.191339,-30.91512,-0.9434951,True,3.0400007,-8.46097,-27.044594,3.4629285,True
2018-08-24 10:25:00,-17.17,91,7,-10.15,-12.221717,-30.010258,-0.29491457,True,-1.1199993,-7.0128713,-25.707794,4.538778,True
2018-08-24 10:30:00,-16.15,91,7,-8.69,-10.6404915,-28.54664,0.85521287,True,-0.36000094,-4.8409867,-23.729113,6.215902,True
2018-08-24 10:35:00,-15.17,91,7,-7.72,-9.188329,-27.254269,1.9206234,True,2.9399984,-2.8976119,-22.019043,7.7149005,True
2018-08-24 10:40:00,-15.0,91,6,-6.56,-8.758318,-26.89988,2.1453512,True,0.9199998,-2.1864378,-21.399515,8.182695,True
2018-08-24 10:45:00,-14.2,91,7,-5.31,-7.643619,-25.87168,3.066549,True,-0.57,-0.7538894,-20.108643,9.377428,True
2018-08-24 10:50:00,-14.1,91,6,-4.15,-7.322601,-25.534983,3.2162359,True,-3.7699997,-0.20630486,-19.546667,9.725277,True
2018-08-24 10:55:00,-14.52,91,5,-2.2999995,-7.5326114,-25.731068,2.801069,True,-3.9299996,-0.20004685,-19.497972,9.503344,True
2018-08-24 11:00:00,-15.1,91,3,-0.80999976,-7.829863,-26.07994,2.4968812,True,-2.8400004,-0.20448716,-19.52703,9.454472,True
2018-08-24 11:05:00,-13.71,91,4,1.1599995,-5.6146874,-24.346958,4.4551196,True,-2.609999,2.798187,-17.186161,12.093056,True
2018-08-24 11:10:00,-13.35,91,4,3.2399995,-4.742885,-23.876259,5.3764815,True,-3.3799994,4.1617656,-16.323938,13.418797,True
2018-08-24 11:15:00,-12.82,91,4,5.94,-4.771569,-23.653788,5.0010505,False,-3.2899992,3.5547864,-16.623592,12.535049,True
2018-08-24 11:20:00,-11.04,91,5,3.0400007,-3.4306872,-22.82603,6.2073092,True,-4.5500007,4.3945117,-16.422375,13.247845,True
2018-08-24 11:25:00,-10.15,91,5,-1.1199993,-3.2579405,-23.052515,6.5389323,True,-6.52,3.830629,-17.38855,12.87582,True
2018-08-24 11:30:00,-8.69,91,5,-0.36000094,-2.229212,-22.586063,7.666757,True,-8.939999,4.377622,-17.451874,13.5336685,True
2018-08-24 11:35:00,-7.72,91,5,2.9399984,-1.7431453,-22.222342,8.222485,True,-11.04,4.344354,-17.55026,13.609943,True
2018-08-24 11:40:00,-6.56,91,5,0.9199998,-1.1880115,-21.876211,8.913425,True,-12.46,4.2611136,-17.771442,13.706478,True
2018-08-24 11:45:00,-5.31,91,5,-0.57,-0.41219553,-22.03496,10.029888,True,-16.34,4.531318,-18.420177,14.32711,True
2018-08-24 11:50:00,-4.15,91,5,-3.7699997,-0.03365548,-21.996239,10.697027,True,-18.29,4.094728,-19.032894,14.247414,True
2018-08-24 11:55:00,-2.2999995,91,6,-3.9299996,1.165712,-21.83984,12.223698,True,-22.1,4.5887504,-19.454824,15.116833,False
2018-08-24 12:00:00,-0.80999976,91,6,-2.8400004,1.8609158,-22.245422,13.401905,True,-22.52,4.4435515,-20.477604,15.525864,False
2018-08-24 12:05:00,1.1599995,91,7,-2.609999,2.9496515,-22.735243,15.034451,True,-22.97,4.598394,-21.614944,16.315372,False
2018-08-24 12:10:00,3.2399995,91,9,-3.3799994,4.205421,-23.46521,16.832542,True,-20.04,4.9831996,-22.902973,17.337719,True
2018-08-24 12:15:00,5.94,91,12,-3.2899992,6.050386,-23.884663,19.09974,True,-19.67,5.93275,-23.852736,18.818672,True
2018-08-24 12:20:00,3.0400007,91,9,-4.5500007,2.1007173,-27.835222,16.084244,True,-19.35,0.9272992,-28.404383,14.899071,True
2018-08-24 12:25:00,-1.1199993,91,4,-6.52,-3.2103713,-32.136246,11.781944,True,-18.78,-5.5688252,-33.402508,9.571352,True
2018-08-24 12:30:00,-0.36000094,91,5,-8.939999,-3.4002745,-33.13458,12.02249,True,-18.14,-6.7394166,-34.930916,8.964876,True
2018-08-24 12:35:00,2.9399984,91,5,-11.04,-0.8037208,-32.443752,14.708767,True,-19.07,-4.8578124,-34.56099,11.041073,True
2018-08-24 12:40:00,0.9199998,91,4,-12.46,-3.5002482,-34.374363,12.605015,True,-18.86,-8.249673,-36.893867,8.320505,True
2018-08-24 12:45:00,-0.57,91,3,-16.34,-5.729426,-35.188976,10.756308,True,-17.54,-11.220184,-38.165558,5.787269,True
2018-08-24 12:50:00,-3.7699997,91,1,-18.29,-9.601729,-36.941456,7.337753,True,-15.98,-15.727501,-40.40319,1.7580792,True
2018-08-24 12:55:00,-3.9299996,91,0,-22.1,-10.080053,-35.986744,6.8087687,True,-15.01,-16.49344,-39.658684,0.9225766,True
2018-08-24 13:00:00,-2.8400004,91,0,-22.52,-9.054897,-35.143265,7.8064456,True,-15.13,-15.529226,-38.800503,1.8564354,True
2018-08-24 13:05:00,-2.609999,91,-1,-22.97,-8.725033,-35.079983,8.135492,True,-15.01,-15.101205,-38.656822,2.265066,True
2018-08-24 13:10:00,-3.3799994,91,-2,-20.04,-9.38079,-35.3687,7.459972,True,-13.27,-15.632199,-38.90505,1.6839691,True
2018-08-24 13:15:00,-3.2899992,91,-3,-19.67,-9.022261,-34.6477,7.5859485,True,-11.72,-15.007287,-38.044296,2.029476,True
2018-08-24 13:20:00,-4.5500007,91,-5,-19.35,-10.098033,-35.023254,6.4137073,True,-14.69,-15.878234,-38.34509,1.0166069,True
2018-08-24 13:25:00,-6.52,91,-6,-18.78,-11.799694,-35.40811,4.5355716,True,-13.36,-17.273998,-38.653503,-0.62013084,True
2018-08-24 13:30:00,-8.939999,91,-7,-18.14,-14.057278,-36.007572,2.073961,True,-12.11,-19.311367,-39.246822,-2.9255831,True
2018-08-24 13:35:00,-11.04,91,-8,-19.07,-16.042353,-36.807163,-0.0903991,True,-10.36,-21.131737,-40.04773,-4.968983,True
2018-08-24 13:40:00,-12.46,91,-8,-18.86,-17.439566,-37.516666,-1.6128429,True,-9.59,-22.467966,-40.779087,-6.452493,True
2018-08-24 13:45:00,-16.34,91,-8,-17.54,-21.368122,-40.35861,-5.3718677,True,-8.39,-26.346096,-43.733177,-10.174878,False
2018-08-24 13:50:00,-18.29,91,-9,-15.98,-23.302261,-41.514927,-7.3372397,True,-10.3,-28.200434,-44.906265,-12.079924,False
2018-08-24 13:55:00,-22.1,91,-11,-15.01,-27.175467,-44.15273,-11.085078,True,-8.919999,-32.01132,-47.643677,-15.775873,False
2018-08-24 14:00:00,-22.52,91,-12,-15.13,-27.657661,-44.397923,-11.623326,True,-7.78,-32.526638,-47.919346,-16.34956,False
2018-08-24 14:05:00,-22.97,91,-11,-15.01,-28.062296,-44.689407,-12.053607,True,-8.67,-32.860004,-48.15012,-16.716991,False
2018-08-24 14:10:00,-20.04,91,-11,-13.27,-24.9062,-41.865543,-9.348,True,-8.65,-29.547915,-45.10131,-13.88826,False
2018-08-24 14:15:00,-19.67,91,-12,-11.72,-24.254211,-41.60033,-8.833759,True,-8.41,-28.650661,-44.60947,-13.155111,False
2018-08-24 14:20:00,-19.35,91,-12,-14.69,-23.703682,-41.13237,-8.4421,True,-8.79,-27.885092,-43.96375,-12.570181,False
2018-08-24 14:25:00,-18.78,91,-12,-13.36,-23.000158,-40.55016,-7.8395524,True,-7.5500016,-27.052347,-43.24678,-11.85757,False
2018-08-24 14:30:00,-18.14,91,-13,-12.11,-22.33872,-39.561714,-7.4486117,True,-8.15,-26.359373,-42.221466,-11.452259,False
2018-08-24 14:35:00,-19.07,91,-13,-10.36,-23.151663,-39.901756,-8.366075,True,-9.09,-27.018969,-42.469944,-12.238088,False
2018-08-24 14:40:00,-18.86,91,-13,-9.59,-22.771893,-39.363167,-8.120444,True,-8.65,-26.462143,-41.781635,-11.838148,False
2018-08-24 14:45:00,-17.54,91,-13,-8.39,-21.13755,-37.719822,-6.8166013,True,-8.51,-24.544073,-39.896194,-10.285113,False
2018-08-24 14:50:00,-15.98,91,-13,-10.3,-19.208302,-35.7517,-5.2864385,True,-7.5000005,-22.278376,-37.640076,-8.460036,False
2018-08-24 14:55:00,-15.01,91,-13,-8.919999,-17.956171,-34.37568,-4.5126576,True,-6.89,-20.77196,-36.06105,-7.468303,False
2018-08-24 15:00:00,-15.13,91,-14,-7.78,-17.699152,-34.124603,-4.5277677,True,-6.31,-20.15471,-35.52616,-7.15881,False
2018-08-24 15:05:00,-15.01,91,-13,-8.67,-17.10507,-33.832855,-4.2867103,True,-6.78,-19.127127,-34.88635,-6.5226054,True
2018-08-24 15:10:00,-13.27,91,-11,-8.65,-15.063055,-31.860949,-2.609009,True,-7.97,-16.814716,-32.67501,-4.605512,True
2018-08-24 15:15:00,-11.72,91,-10,-8.41,-12.967792,-30.02639,-0.8746951,True,-9.23,-14.216707,-30.429258,-2.414055,True
2018-08-24 15:20:00,-14.69,91,-10,-8.79,-15.325511,-31.619947,-3.374327,True,-9.6,-15.955584,-31.574667,-4.357124,True
2018-08-24 15:25:00,-13.36,91,-10,-7.5500016,-13.572876,-29.913488,-2.0290873,True,-9.25,-13.812462,-29.551458,-2.6594508,True
2018-08-24 15:30:00,-12.11,91,-10,-8.15,-12.121954,-28.443096,-0.9320949,True,-8.24,-12.179287,-27.9325,-1.3996185,True
2018-08-24 15:35:00,-10.36,91,-9,-9.09,-10.345642,-26.684692,0.45491567,True,-8.24,-10.391177,-26.160862,-0.0055049225,True
2018-08-24 15:40:00,-9.59,91,-8,-8.65,-9.608393,-25.91792,1.0245644,True,-9.23,-9.688422,-25.419481,0.5360257,True
2018-08-24 15:45:00,-8.39,91,-8,-8.51,-8.590641,-25.33208,2.2076604,True,-8.33,-8.851639,-24.940779,1.5581185,True
2018-08-24 15:50:00,-10.3,91,-8,-7.5000005,-10.556059,-26.763294,0.4800717,True,-7.85,-10.84575,-26.396122,-0.19206078,True
2018-08-24 15:55:00,-8.919999,91,-6,-6.89,-9.216155,-25.310856,1.5747563,True,-7.85,-9.548788,-24.97707,0.8652474,True
2018-08-24 16:00:00,-7.78,91,-5,-6.31,-8.23717,-24.203272,2.3722513,True,-8.21,-8.724548,-23.982271,1.5206715,True
2018-08-24 16:05:00,-8.67,91,-5,-6.78,-9.067875,-24.978617,1.5641304,True,-8.24,-9.490319,-24.703278,0.77513474,True
2018-08-24 16:10:00,-8.65,91,-4,-7.97,-9.154253,-24.971317,1.4725586,True,-8.29,-9.671352,-24.767944,0.6019475,True
2018-08-24 16:15:00,-8.41,91,-4,-9.23,-8.803313,-24.596537,1.6938511,True,-8.41,-9.213484,-24.311789,0.925739,True
2018-08-24 16:20:00,-8.79,91,-3,-9.6,-9.394601,-25.104378,1.5912892,True,-9.309999,-9.987618,-24.939764,0.6645753,True
2018-08-24 16:25:00,-7.5500016,91,-2,-9.25,-8.024294,-23.69847,2.750532,True,-8.36,-8.499378,-23.442404,1.9341713,True
2018-08-24 16:30:00,-8.15,91,-2,-8.24,-8.038744,-23.403318,2.3857534,True,-9.43,-7.964356,-22.748875,2.072233,True
2018-08-24 16:35:00,-9.09,91,-2,-8.24,-8.538151,-23.807928,1.8908039,True,-7.8400006,-8.050438,-22.83688,1.9612747,True
2018-08-24 16:40:00,-8.65,91,-2,-9.23,-7.641113,-23.069427,2.5591753,True,-8.39,-6.7373157,-21.773844,3.0112703,True
2018-08-24 16:45:00,-8.51,91,-1,-8.33,-7.190788,-22.649748,2.8291624,True,-9.47,-6.0021787,-21.135551,3.5454671,True
2018-08-24 16:50:00,-7.5000005,91,0,-7.85,-5.837813,-21.510027,3.9415586,True,-6.9500003,-4.3409743,-19.764515,4.942516,True
2018-08-24 16:55:00,-6.89,91,1,-7.85,-4.8599334,-20.584145,4.64162,True,-6.9,-3.0301306,-18.58188,5.9461207,True
2018-08-24 17:00:00,-6.31,91,1,-8.21,-3.9165194,-19.658754,5.296291,True,-9.38,-1.761185,-17.412613,6.9020095,True
2018-08-24 17:05:00,-6.78,91,0,-8.24,-4.180264,-19.685637,4.7626414,True,-9.7,-1.8319668,-17.290625,6.5526366,True
2018-08-24 17:10:00,-7.97,91,0,-8.29,-5.011767,-20.368254,3.85091,True,-10.57,-2.3288214,-17.686361,5.947126,True
2018-08-24 17:15:00,-9.23,91,-1,-8.41,-6.111668,-21.347422,2.7468984,True,-11.59,-3.2697737,-18.515173,4.9873805,True
2018-08-24 17:20:00,-9.6,91,-1,-9.309999,-6.444014,-21.76617,2.5221765,True,-10.4,-3.5605948,-18.905739,4.80446,True
2018-08-24 17:25:00,-9.25,91,-1,-8.36,-6.663053,-21.736588,2.408487,True,-10.43,-4.287476,-19.292412,4.228412,True
2018-08-24 17:30:00,-8.24,91,0,-9.43,-5.643399,-20.850195,3.2520788,True,-9.95,-3.265116,-18.420837,5.0760875,True
2018-08-24 17:35:00,-8.24,91,0,-7.8400006,-5.541469,-20.623528,3.4011953,True,-10.05,-3.0726492,-18.127977,5.312877,True
2018-08-24 17:40:00,-9.23,91,0,-8.39,-6.573837,-21.26759,2.5499933,True,-10.3,-4.13539,-18.781984,4.4370646,True
2018-08-24 17:45:00,-8.33,91,1,-9.47,-6.1106915,-20.305586,2.8754823,True,-10.58,-4.068297,-18.154888,4.4100013,True
2018-08-24 17:50:00,-7.85,91,1,-6.9500003,-5.646485,-19.686483,3.1644762,True,-10.639999,-3.6191752,-17.553026,4.690227,True
2018-08-24 17:55:00,-7.85,91,1,-6.9,-5.779698,-19.914974,3.0559213,True,-10.3,-3.8698752,-17.881424,4.4799876,True
2018-08-24 18:00:00,-8.21,91,1,-9.38,-6.1225686,-20.375864,2.7604234,True,-10.83,-4.1935267,-18.329748,4.2072444,True
2018-08-24 18:05:00,-8.24,91,1,-9.7,-6.3951526,-20.774334,2.6523473,True,-12.07,-4.677731,-18.892454,3.9045084,True
2018-08-24 18:10:00,-8.29,91,1,-10.57,-6.6568513,-20.848988,2.4199865,True,-12.29,-5.124933,-19.121181,3.5083482,True
2018-08-24 18:15:00,-8.41,91,1,-11.59,-6.7001357,-20.821032,2.4549768,True,-13.5,-5.095776,-19.040964,3.6150987,True
2018-08-24 18:20:00,-9.309999,91,0,-10.4,-7.2684197,-21.355024,1.8721176,True,-14.7,-5.3583884,-19.31948,3.3093297,True
2018-08-24 18:25:00,-8.36,91,1,-10.43,-6.4117503,-20.629873,2.7720735,True,-14.439999,-4.5863748,-18.676903,4.138252,True
2018-08-24 18:30:00,-9.43,91,0,-9.95,-7.4179454,-21.467184,1.8604599,True,-14.91,-5.5292144,-19.462273,3.289539,True
2018-08-24 18:35:00,-7.8400006,91,1,-10.05,-6.055879,-20.27941,3.1902444,True,-14.37,-4.373902,-18.450298,4.433267,True
2018-08-24 18:40:00,-8.39,91,0,-10.3,-7.1456466,-20.865433,2.374397,True,-14.52,-5.9408603,-19.418531,3.1925771,True
2018-08-24 18:45:00,-9.47,91,0,-10.58,-8.893708,-21.907621,0.9242932,True,-14.85,-8.278069,-20.93214,1.2125107,True
2018-08-24 18:50:00,-6.9500003,91,1,-10.639999,-6.9182496,-20.046095,2.7079847,True,-15.45,-6.789965,-19.454166,2.5601842,True
2018-08-24 18:55:00,-6.9,91,0,-10.3,-6.9699197,-19.887484,2.7128408,True,-16.85,-6.926542,-19.369799,2.4927728,True
2018-08-24 19:00:00,-9.38,91,-3,-10.83,-9.679388,-21.905699,0.471584,True,-17.08,-9.825187,-21.554186,0.08396499,True
2018-08-24 19:05:00,-9.7,91,-3,-12.07,-10.088967,-21.948975,-0.0062716766,True,-14.67,-10.308771,-21.675331,-0.45567927,True
2018-08-24 19:10:00,-10.57,91,-3,-12.29,-10.865105,-22.581656,-0.80945235,True,-13.8,-10.993961,-22.238354,-1.1728538,True
2018-08-24 19:15:00,-11.59,91,-3,-13.5,-11.460386,-23.14295,-1.5386127,True,-13.71,-11.209225,-22.501055,-1.5543655,True
2018-08-24 19:20:00,-10.4,91,-3,-14.7,-10.086214,-21.974579,-0.35165438,True,-13.56,-9.672126,-21.205301,-0.2135814,True
2018-08-24 19:25:00,-10.43,91,-3,-14.439999,-10.12135,-21.859617,-0.44090495,True,-12.02,-9.708108,-21.097519,-0.30144343,True
2018-08-24 19:30:00,-9.95,91,-2,-14.91,-9.171204,-20.937916,0.12927787,True,-11.56,-8.338297,-19.845068,0.65001076,True
2018-08-24 19:35:00,-10.05,91,-3,-14.37,-8.498274,-20.449543,0.48689237,True,-12.59,-6.9742417,-18.796059,1.6345211,True
2018-08-24 19:40:00,-10.3,91,-3,-14.52,-8.378808,-20.366652,0.4580399,True,-12.59,-6.519056,-18.438145,1.909496,True
2018-08-24 19:45:00,-10.58,91,-3,-14.85,-8.517269,-20.33797,0.14160125,True,-11.9,-6.526088,-18.303331,1.7139469,True
2018-08-24 19:50:00,-10.639999,91,-3,-15.45,-8.407173,-20.122122,0.09077041,True,-12.68,-6.259312,-17.964727,1.8090626,True
2018-08-24 19:55:00,-10.3,91,-3,-16.85,-7.9009843,-19.555153,0.3633515,True,-14.06,-5.60129,-17.278263,2.2220151,True
2018-08-24 20:00:00,-10.83,91,-4,-17.08,-8.385758,-19.83687,-0.33206972,True,-13.959999,-6.0380855,-17.517653,1.5719525,True
2018-08-24 20:05:00,-12.07,91,-4,-14.67,-9.62802,-20.822573,-1.5437034,True,-14.04,-7.271322,-18.484926,0.3669583,True
2018-08-24 20:10:00,-12.29,91,-5,-13.8,-9.779196,-20.889727,-1.7708095,True,-14.29,-7.3569665,-18.50287,0.20377128,True
2018-08-24 20:15:00,-13.5,91,-6,-13.71,-10.945939,-21.836557,-2.7966578,True,-15.15,-8.478853,-19.406246,-0.7798942,True
2018-08-24 20:20:00,-14.7,91,-6,-13.56,-12.240049,-22.797586,-4.0302806,True,-15.33,-9.854105,-20.435282,-2.0839522,True
2018-08-24 20:25:00,-14.439999,91,-7,-12.02,-12.043551,-22.493769,-3.9206297,True,-14.6,-9.712031,-20.190727,-2.0198996,True
2018-08-24 20:30:00,-14.91,91,-7,-11.56,-12.52094,-22.82024,-4.410852,True,-13.91,-10.190956,-20.52033,-2.5107768,True
2018-08-24 20:35:00,-14.37,91,-7,-12.59,-12.294235,-22.405354,-4.2010055,True,-13.95,-10.2464485,-20.368656,-2.5495474,True
2018-08-24 20:40:00,-14.52,91,-7,-12.59,-12.494876,-22.49395,-4.414927,True,-14.03,-10.49291,-20.506716,-2.8002837,True
2018-08-24 20:45:00,-14.85,91,-7,-11.9,-13.002657,-22.792854,-4.864759,True,-15.04,-11.160947,-20.952465,-3.391041,True
2018-08-24 20:50:00,-15.45,91,-8,-12.68,-14.007684,-23.341818,-5.897351,True,-15.03,-12.534776,-21.830858,-4.7535386,True
2018-08-24 20:55:00,-16.85,91,-9,-14.06,-15.417478,-24.467045,-7.359734,True,-14.18,-13.955017,-22.968985,-6.223512,True
2018-08-24 21:00:00,-17.08,91,-8,-13.959999,-15.302282,-24.455374,-7.328731,True,-13.92,-13.523745,-22.681187,-5.903399,True
2018-08-24 21:05:00,-14.67,91,-7,-14.04,-12.720231,-22.164042,-5.0289063,True,-13.84,-10.779486,-20.270172,-3.4471076,True
2018-08-24 21:10:00,-13.8,91,-7,-14.29,-11.349182,-21.073532,-3.9862769,True,-13.8,-8.949146,-18.790173,-1.9814152,True
2018-08-24 21:15:00,-13.71,91,-7,-15.15,-11.096694,-20.841251,-3.9292557,True,-14.02,-8.543461,-18.430439,-1.7805084,True
2018-08-24 21:20:00,-13.56,91,-7,-15.33,-10.8744955,-20.539835,-3.992983,True,-13.86,-8.250451,-18.072344,-1.7737354,True
2018-08-24 21:25:00,-12.02,91,-7,-14.6,-9.391873,-19.082787,-2.809561,True,-13.93,-6.814078,-16.675438,-0.62571555,True
2018-08-24 21:30:00,-11.56,91,-7,-13.91,-8.878232,-18.538664,-2.4261725,True,-13.68,-6.24913,-16.099184,-0.18688996,True
2018-08-24 21:35:00,-12.59,91,-8,-13.95,-9.815775,-19.315899,-3.4222357,True,-13.23,-7.098307,-16.794659,-1.0983528,True
2018-08-24 21:40:00,-12.59,91,-8,-14.03,-9.877451,-19.256987,-3.584799,True,-12.27,-7.2148976,-16.789894,-1.3046478,True
2018-08-24 21:45:00,-11.9,91,-7,-15.04,-9.260357,-18.585611,-3.141083,True,-12.33,-6.6644435,-16.190058,-0.9135154,True
2018-08-24 21:50:00,-12.68,91,-8,-15.03,-10.18023,-19.277094,-4.1267295,True,-11.98,-7.712602,-16.994175,-2.0123103,True
2018-08-24 21:55:00,-14.06,91,-8,-14.18,-11.720693,-20.522017,-5.633182,True,-12.03,-9.402113,-18.36742,-3.652613,True
2018-08-24 22:00:00,-13.959999,91,-8,-13.92,-11.7647,-20.391615,-5.7799916,True,-12.01,-9.580283,-18.36434,-3.9151204,True
2018-08-24 22:05:00,-14.04,91,-9,-13.84,-11.81765,-20.366163,-5.959821,True,-11.57,-9.60932,-18.322361,-4.065799,True
2018-08-24 22:10:00,-14.29,91,-9,-13.8,-11.912902,-20.49417,-6.171943,True,-11.25,-9.558775,-18.324802,-4.139157,True
2018-08-24 22:15:00,-15.15,91,-10,-14.02,-12.621289,-21.182154,-6.9791684,True,-10.54,-10.1263,-18.886047,-4.8120303,True
2018-08-24 22:20:00,-15.33,91,-9,-13.86,-12.91987,-21.373728,-7.3772283,True,-10.53,-10.53242,-19.181595,-5.302773,True
2018-08-24 22:25:00,-14.6,91,-9,-13.93,-12.236993,-20.657425,-6.895537,True,-11.43,-9.893476,-18.516504,-4.8502936,True
2018-08-24 22:30:00,-13.91,91,-9,-13.68,-11.54386,-19.966942,-6.3462644,True,-11.84,-9.195619,-17.830929,-4.287378,True
2018-08-24 22:35:00,-13.95,91,-9,-13.23,-11.071272,-19.763939,-6.09073,True,-12.04,-8.244327,-17.194454,-3.580786,True
2018-08-24 22:40:00,-14.03,91,-9,-12.27,-10.17187,-19.4502,-5.326264,True,-12.05,-6.4276156,-16.045584,-1.9611572,True
2018-08-24 22:45:00,-15.04,91,-10,-12.33,-10.164492,-20.023077,-5.2922378,True,-11.95,-5.4644065,-15.731708,-1.0463566,True
2018-08-24 22:50:00,-15.03,91,-10,-11.98,-9.506608,-19.802305,-4.632418,True,-11.46,-4.1945224,-14.959516,0.17450683,True
2018-08-24 22:55:00,-14.18,91,-10,-12.03,-8.314858,-18.922983,-3.467417,True,-10.07,-2.6869147,-13.816279,1.6334931,True
2018-08-24 23:00:00,-13.92,91,-10,-12.01,-8.105179,-18.722176,-3.287882,True,-10.59,-2.5149233,-13.665572,1.7825352,True
2018-08-24 23:05:00,-13.84,91,-10,-11.57,-8.450146,-18.738699,-3.7970612,True,-10.59,-3.253363,-14.026961,0.9351422,True
2018-08-24 23:10:00,-13.8,91,-10,-11.25,-8.871236,-18.798462,-4.318048,True,-9.9,-4.107325,-14.477474,0.030707998,True
2018-08-24 23:15:00,-14.02,91,-10,-10.54,-9.940499,-19.311825,-5.379688,True,-8.91,-5.972729,-15.726963,-1.7603935,True
2018-08-24 23:20:00,-13.86,91,-10,-10.53,-10.788159,-19.53832,-6.0887847,True,-9.53,-7.775616,-16.844927,-3.349007,True
2018-08-24 23:25:00,-13.93,91,-10,-11.43,-11.3654585,-19.779516,-6.511848,True,-11.65,-8.838304,-17.543377,-4.2172437,True
2018-08-24 23:30:00,-13.68,91,-10,-11.84,-11.511808,-19.716242,-6.468351,True,-11.66,-9.362174,-17.839333,-4.5182767,True
2018-08-24 23:35:00,-13.23,91,-10,-12.04,-11.177919,-19.35051,-6.0440764,True,-11.69,-9.141409,-17.586859,-4.1904426,True
2018-08-24 23:40:00,-12.27,91,-10,-12.05,-10.2557125,-18.473757,-5.14129,True,-11.8,-8.252372,-16.753872,-3.3064864,True
2018-08-24 23:45:00,-12.33,91,-9,-11.95,-9.701557,-18.220654,-4.725227,True,-12.12,-7.1195245,-15.980057,-2.338709,True
2018-08-24 23:50:00,-11.98,91,-9,-11.46,-8.741912,-17.641743,-3.9136841,True,-12.34,-5.5844407,-14.885148,-0.98111373,True
2018-08-24 23:55:00,-12.03,91,-9,-10.07,-8.143252,-17.429794,-3.4622595,True,-12.45,-4.37159,-14.116354,0.05112426,True
2018-08-25 00:00:00,-12.01,91,-8,-10.59,-7.423488,-17.149033,-2.8674452,True,-12.47,-2.9877875,-13.231933,1.2728859,True
2018-08-25 00:05:00,-11.57,91,-7,-10.59,-6.5814996,-16.606928,-2.1802065,True,-11.87,-1.7620186,-12.348548,2.330446,True
2018-08-25 00:10:00,-11.25,91,-6,-9.9,-6.159309,-16.279018,-1.8637966,True,-10.5,-1.23638,-11.927803,2.7585676,True
2018-08-25 00:15:00,-10.54,91,-6,-8.91,-5.581802,-15.59615,-1.4499191,True,-10.61,-0.7771171,-11.352854,3.0887964,True
2018-08-25 00:20:00,-10.53,91,-6,-9.53,-5.7789245,-15.673323,-1.6776451,True,-10.12,-1.1677727,-11.608972,2.6883142,True
2018-08-25 00:25:00,-11.43,91,-6,-11.65,-6.975879,-16.674921,-2.820721,True,-7.93,-2.641188,-12.849166,1.2881294,True
2018-08-25 00:30:00,-11.84,91,-6,-11.66,-7.790975,-17.2457,-3.5546286,True,-6.86,-3.8412154,-13.768972,0.20174758,True
2018-08-25 00:35:00,-12.04,91,-6,-11.69,-8.272288,-17.575314,-3.983476,True,-7.78,-4.59127,-14.351714,-0.4731277,True
2018-08-25 00:40:00,-12.05,91,-6,-11.8,-8.567652,-17.758654,-4.169188,True,-8.489999,-5.1625724,-14.799826,-0.91288215,True
2018-08-25 00:45:00,-11.95,91,-5,-12.12,-8.411392,-17.664513,-3.990617,True,-8.79,-4.9569287,-14.668743,-0.67762786,True
2018-08-25 00:50:00,-11.46,91,-4,-12.34,-7.648828,-17.107944,-3.2977202,True,-8.900001,-3.9375002,-13.8871975,0.26784673,True
2018-08-25 00:55:00,-10.07,91,-4,-12.45,-6.0198913,-15.732245,-1.7784523,True,-8.5,-2.084368,-12.333442,2.012056,True
2018-08-25 01:00:00,-10.59,91,-4,-12.47,-6.2267795,-16.11264,-2.0502741,True,-8.81,-1.9968914,-12.436911,2.0241334,True
2018-08-25 01:05:00,-10.59,91,-4,-11.87,-6.0963683,-16.114986,-1.9457725,True,-8.71,-1.7389797,-12.329352,2.255018,True
2018-08-25 01:10:00,-9.9,91,-3,-10.5,-5.2584043,-15.4512415,-1.170237,True,-8.31,-0.7580226,-11.559041,3.1766431,True
2018-08-25 01:15:00,-8.91,91,-4,-10.61,-4.305735,-14.561252,-0.2792667,True,-7.219999,0.15885322,-10.723595,4.0509753,True
2018-08-25 01:20:00,-9.53,91,-4,-10.12,-4.2215514,-14.770256,-0.31748614,True,-6.9200006,0.9067113,-10.30357,4.6570983,True
2018-08-25 01:25:00,-11.65,91,-5,-7.93,-5.662729,-16.474333,-1.4966854,True,-9.53,0.13251464,-11.364707,4.0976768,True
2018-08-25 01:30:00,-11.66,91,-5,-6.86,-5.8447976,-16.53612,-1.4827026,True,-9.23,-0.1934684,-11.576842,3.9877717,True
2018-08-25 01:35:00,-11.69,91,-5,-7.78,-5.9204106,-16.609793,-1.2378982,True,-7.72,-0.29036555,-11.71872,4.2063937,True
2018-08-25 01:40:00,-11.8,91,-5,-8.489999,-6.680596,-17.196056,-1.4957165,True,-8.02,-1.6667923,-12.924558,3.3528173,True
2018-08-25 01:45:00,-12.12,91,-5,-8.79,-7.3853297,-18.054306,-1.4838947,True,-8.1,-2.750645,-14.191858,2.9773672,True
2018-08-25 01:50:00,-12.34,91,-6,-8.900001,-7.833842,-18.626043,-1.4908851,True,-10.0,-3.4245226,-15.007888,2.747854,True
2018-08-25 01:55:00,-12.45,91,-5,-8.5,-8.234524,-18.957605,-1.7592148,True,-9.18,-4.110664,-15.606064,2.2237375,True
2018-08-25 02:00:00,-12.47,91,-6,-8.81,-8.57942,-19.16476,-2.122105,True,-7.64,-4.7730756,-16.093517,1.5830532,True
2018-08-25 02:05:00,-11.87,91,-4,-8.71,-8.167891,-18.714495,-1.8409389,True,-6.7099996,-4.546909,-15.810578,1.7114922,True
2018-08-25 02:10:00,-10.5,91,-4,-8.31,-7.1040807,-17.524937,-1.0970386,True,-5.3000007,-3.774934,-14.88047,2.209606,True
2018-08-25 02:15:00,-10.61,91,-4,-7.219999,-7.324488,-17.60867,-1.5475982,True,-3.1499999,-4.104358,-15.044065,1.6788651,True
2018-08-25 02:20:00,-10.12,91,-2,-6.9200006,-6.3840594,-16.974195,-0.7906802,True,-3.609999,-2.7169058,-14.020581,2.8683927,True
2018-08-25 02:25:00,-7.93,91,1,-9.53,-4.128244,-14.792296,1.090036,True,-2.7899992,-0.372557,-11.796272,4.8641276,True
2018-08-25 02:30:00,-6.86,91,0,-9.23,-3.2130816,-13.71748,1.7781025,True,-3.529999,0.4139401,-10.844005,5.4611487,True
2018-08-25 02:35:00,-7.78,91,-1,-7.72,-4.308088,-14.694852,0.8850362,True,-5.4900002,-0.8470214,-11.96984,4.4259734,True
2018-08-25 02:40:00,-8.489999,91,-1,-8.02,-4.5905547,-15.361569,0.9265534,True,-5.8699994,-0.7210582,-12.297721,4.8468776,True
2018-08-25 02:45:00,-8.79,91,-2,-8.1,-4.9024367,-15.850725,0.981981,True,-7.5899997,-1.0214542,-12.835386,4.90608,True
2018-08-25 02:50:00,-8.900001,91,-2,-10.0,-4.942409,-15.933264,0.96063966,True,-8.06,-0.9907802,-12.851448,4.9636245,True
2018-08-25 02:55:00,-8.5,91,-1,-9.18,-4.221791,-15.380426,1.5012585,True,-8.08,0.053292915,-12.004861,5.827646,True
2018-08-25 03:00:00,-8.81,91,-3,-7.64,-4.212072,-15.524989,1.3273484,True,-7.7000003,0.37901083,-11.8440485,5.9706893,True
2018-08-25 03:05:00,-8.71,91,-2,-6.7099996,-3.8881,-15.399841,1.5212151,True,-7.98,0.9329373,-11.514723,6.392055,True
2018-08-25 03:10:00,-8.31,91,0,-5.3000007,-3.3611853,-14.925246,1.7494446,True,-7.73,1.5943543,-10.899699,6.7712703,True
2018-08-25 03:15:00,-7.219999,91,0,-3.1499999,-2.987818,-14.050863,1.7663208,True,-6.56,1.2883145,-10.601877,6.187822,True
2018-08-25 03:20:00,-6.9200006,91,1,-3.609999,-3.0225756,-13.777613,1.4493557,True,-5.2000003,0.93040246,-10.584523,5.6003375,True
2018-08-25 03:25:00,-9.53,91,-1,-2.7899992,-6.3214364,-16.59739,-1.7483066,True,-4.8400006,-3.0634425,-13.958498,1.7508675,True
2018-08-25 03:30:00,-9.23,91,1,-3.529999,-6.492932,-16.627153,-1.715403,True,-4.53,-3.704962,-14.438705,1.3424565,True
2018-08-25 03:35:00,-7.72,91,1,-5.4900002,-5.175672,-15.385908,-0.27463374,True,-5.2000003,-2.5598834,-13.397945,2.6262605,True
2018-08-25 03:40:00,-8.02,91,1,-5.8699994,-5.493365,-15.733605,-0.5580428,True,-5.81,-2.8910124,-13.756369,2.3418844,True
2018-08-25 03:45:00,-8.1,91,0,-7.5899997,-5.3685126,-15.743523,-0.4503654,True,-5.7000003,-2.5544302,-13.574457,2.6685827,True
2018-08-25 03:50:00,-10.0,91,-4,-8.06,-7.006251,-17.47555,-2.120848,True,-5.7400002,-3.937011,-15.026565,1.2524639,True
2018-08-25 03:55:00,-9.18,91,-2,-8.08,-5.8757606,-16.599379,-1.1094707,True,-6.0500007,-2.463753,-13.8604765,2.6023958,True
2018-08-25 04:00:00,-7.64,91,-1,-7.7000003,-3.9778855,-14.939719,0.5580804,True,-5.9600005,-0.17169221,-11.861596,4.6639323,True
2018-08-25 04:05:00,-6.7099996,91,1,-7.98,-2.9594061,-14.002984,1.4241902,True,-6.3400006,0.9581353,-10.832223,5.6562514,True
2018-08-25 04:10:00,-5.3000007,91,2,-7.73,-1.4539112,-12.568905,2.7700174,True,-5.7900004,2.5798337,-9.317155,7.1418147,True
2018-08-25 04:15:00,-3.1499999,91,2,-6.56,0.89601487,-10.410295,5.0246444,True,-6.3800006,5.1446815,-7.030212,9.619116,True
2018-08-25 04:20:00,-3.609999,91,1,-5.2000003,0.34945646,-10.926357,4.499944,True,-6.8000007,4.519151,-7.5876517,9.027031,True
2018-08-25 04:25:00,-2.7899992,91,1,-4.8400006,1.7794491,-9.931058,5.9296775,True,-7.7600007,6.56685,-6.0971704,11.055502,False
2018-08-25 04:30:00,-3.529999,91,0,-4.53,1.1996113,-10.581133,5.3760734,True,-7.7500005,6.1725497,-6.5637546,10.696453,False
2018-08-25 04:35:00,-5.4900002,91,-2,-5.2000003,-0.61294585,-12.42121,3.5779932,True,-8.08,4.5316787,-8.165135,9.074608,True
2018-08-25 04:40:00,-5.8699994,91,-2,-5.81,-0.7424243,-12.677655,3.4195383,True,-7.7400002,4.6728263,-8.1564045,9.188259,True
2018-08-25 04:45:00,-7.5899997,91,-3,-5.7000003,-2.1620123,-14.314495,2.085554,True,-8.469999,3.5832822,-9.432413,8.168926,True
2018-08-25 04:50:00,-8.06,91,-5,-5.7400002,-2.7070143,-14.883388,1.6421295,True,-8.35,2.99658,-10.036919,7.6928287,True
2018-08-25 04:55:00,-8.08,91,-4,-6.0500007,-3.0125506,-15.055007,1.3720146,True,-7.8000007,2.4208086,-10.449685,7.1731677,True
2018-08-25 05:00:00,-7.7000003,91,-3,-5.9600005,-3.332064,-15.039709,1.145538,True,-6.98,1.3831726,-11.093772,6.2701907,True
2018-08-25 05:05:00,-7.98,91,-3,-6.3400006,-4.077852,-15.628705,0.51421136,True,-5.8400006,0.14837997,-12.123654,5.1735587,True
2018-08-25 05:10:00,-7.73,91,-3,-5.7900004,-3.9621184,-15.510025,0.7078664,True,-6.39,0.12458007,-12.142544,5.2414374,True
2018-08-25 05:15:00,-6.56,91,-2,-6.3800006,-2.8542845,-14.442936,1.929607,True,-7.47,1.1839463,-11.170794,6.4202914,True
2018-08-25 05:20:00,-5.2000003,91,0,-6.8000007,-1.3640922,-13.051588,3.4526823,True,-7.2600007,2.828344,-9.690388,8.09885,True
2018-08-25 05:25:00,-4.8400006,91,0,-7.7600007,-1.0470794,-12.734918,3.8181608,True,-6.94,3.1100748,-9.41221,8.439116,True
2018-08-25 05:30:00,-4.53,91,0,-7.7500005,-0.65690833,-12.453999,4.2706676,True,-6.4200006,3.5977762,-9.061529,8.988918,True
2018-08-25 05:35:00,-5.2000003,91,0,-8.08,-1.1710933,-13.056609,3.7566907,True,-5.72,3.2535093,-9.47614,8.647436,True
2018-08-25 05:40:00,-5.81,91,1,-7.7400002,-1.7782902,-13.703646,3.1881063,True,-5.8000007,2.6514165,-10.087419,8.089674,True
2018-08-25 05:45:00,-5.7000003,91,1,-8.469999,-1.5226063,-13.608943,3.5148542,True,-5.9900002,3.0734613,-9.867428,8.5802,True
2018-08-25 05:50:00,-5.7400002,91,2,-8.35,-1.3239597,-13.560174,3.760351,True,-5.0900006,3.5347593,-9.57592,9.077703,True
2018-08-25 05:55:00,-6.0500007,91,2,-7.8000007,-1.183762,-13.736664,3.9734342,True,-4.7100005,4.1634173,-9.325602,9.75462,True
2018-08-25 06:00:00,-5.9600005,91,1,-6.98,-0.49201998,-13.383695,4.7147,True,-4.8000007,5.5071197,-8.41209,11.12249,True
2018-08-25 06:05:00,-6.3400006,91,2,-5.8400006,-0.7410796,-13.722801,4.527387,True,-1.2199997,5.414457,-8.5835,11.086977,True
2018-08-25 06:10:00,-5.7900004,91,3,-6.39,0.15573661,-13.075478,5.482988,True,-0.94000083,6.676389,-7.651955,12.375889,True
2018-08-25 06:15:00,-6.3800006,91,2,-7.47,-0.27804026,-13.654539,5.1292853,True,0.93,6.4164824,-8.045971,12.192812,True
2018-08-25 06:20:00,-6.8000007,91,1,-7.2600007,-0.4309238,-14.194788,5.2146506,True,1.9099995,6.5581145,-8.3558855,12.528675,True
2018-08-25 06:25:00,-7.7600007,91,1,-6.94,-1.8911747,-15.565627,4.0128436,True,6.149999,4.60107,-10.136022,10.841593,True
2018-08-25 06:30:00,-7.7500005,91,2,-6.4200006,-2.3737833,-15.985428,3.7549608,True,8.68,3.604658,-11.040892,10.075037,True
2018-08-25 06:35:00,-8.08,91,3,-5.72,-2.817179,-16.467972,3.457033,True,8.560001,3.0419118,-11.614249,9.656221,True
2018-08-25 06:40:00,-7.7400002,91,2,-5.8000007,-2.179499,-16.081106,4.217853,True,2.8600023,4.011623,-10.984152,10.720188,True
2018-08-25 06:45:00,-8.469999,91,2,-5.9900002,-3.1191313,-17.034569,3.4699838,True,-2.8899996,2.866802,-12.096069,9.768093,True
2018-08-25 06:50:00,-8.35,91,2,-5.0900006,-3.2281535,-17.124378,3.5064142,True,-4.1700006,2.5287893,-12.424191,9.585051,True
2018-08-25 06:55:00,-7.8000007,91,4,-4.7100005,-1.8302196,-16.325293,5.0945544,True,-3.7900002,4.8541484,-10.907272,12.016054,True
2018-08-25 07:00:00,-6.98,91,5,-4.8000007,-0.6576827,-15.552584,6.419521,True,-2.699999,6.3997493,-9.92441,13.660618,True
2018-08-25 07:05:00,-5.8400006,91,6,-1.2199997,0.6998002,-14.35369,7.8477015,True,-5.28,7.9676642,-8.622576,15.272858,True
2018-08-25 07:10:00,-6.39,91,4,-0.94000083,1.4456002,-14.584608,8.798044,True,-5.4100003,10.045214,-7.786823,17.416237,True
2018-08-25 07:15:00,-7.47,91,4,0.93,0.50468415,-15.759348,8.040819,True,-4.4900002,9.293827,-8.744779,16.809559,True
2018-08-25 07:20:00,-7.2600007,91,5,1.9099995,1.0319039,-15.298602,8.594257,True,-4.5900006,10.123095,-7.989838,17.651604,True
2018-08-25 07:25:00,-6.94,91,5,6.149999,3.329603,-14.276804,11.103243,True,-5.4500003,14.236656,-5.5528264,21.767735,True
2018-08-25 07:30:00,-6.4200006,91,7,8.68,3.535938,-16.038198,12.326439,True,-4.7600007,14.233627,-8.093298,22.535645,True
2018-08-25 07:35:00,-5.72,91,7,8.560001,4.2820544,-16.608305,13.635769,True,-4.9899993,14.977203,-8.997018,23.708202,True
2018-08-25 07:40:00,-5.8000007,91,7,2.8600023,3.7602632,-16.081726,12.849274,True,-4.48,14.023312,-8.577077,22.613228,True
2018-08-25 07:45:00,-5.9900002,91,7,-2.8899996,2.3814828,-16.577806,11.425596,True,-1.0500015,11.522299,-9.866462,20.213455,True
2018-08-25 07:50:00,-5.0900006,91,10,-4.1700006,1.8936192,-15.614126,10.759869,True,-0.109999016,9.604815,-9.937938,18.32515,True
2018-08-25 07:55:00,-4.7100005,91,8,-3.7900002,1.4047962,-15.2363825,10.292381,True,1.43,8.1977005,-10.238211,17.047432,True
2018-08-25 08:00:00,-4.8000007,91,10,-2.699999,-0.28938517,-16.233692,9.080774,True,1.68,4.796621,-12.641644,14.254814,True
2018-08-25 08:05:00,-1.2199997,91,15,-5.28,2.6807306,-14.102546,12.6651,True,3.2800004,7.040277,-11.355048,17.099216,True
2018-08-25 08:10:00,-0.94000083,91,15,-5.4100003,2.1237657,-15.144898,12.857647,True,2.8199995,5.546684,-13.176093,16.392841,True
2018-08-25 08:15:00,0.93,91,16,-4.4900002,3.6423032,-14.867992,14.90345,True,4.9899993,6.636728,-13.327402,17.996422,True
2018-08-25 08:20:00,1.9099995,91,20,-4.5900006,5.060497,-14.308381,16.485481,True,5.4899993,8.495392,-12.506505,19.945126,True
2018-08-25 08:25:00,6.149999,91,25,-5.4500003,10.429451,-10.125014,21.40797,True,7.219999,14.922436,-7.711406,25.802734,True
2018-08-25 08:30:00,8.68,91,26,-4.7600007,13.7752075,-7.2543473,24.346802,True,7.809999,18.957298,-4.411918,29.360085,True
2018-08-25 08:35:00,8.560001,91,25,-4.9899993,14.381233,-6.112495,24.538372,True,8.790001,20.259048,-2.7222483,30.206043,True
2018-08-25 08:40:00,2.8600023,91,19,-4.48,8.776752,-9.490021,18.717594,True,10.08,15.078938,-5.3741803,24.833149,True
2018-08-25 08:45:00,-2.8899996,91,11,-1.0500015,2.77824,-13.956709,12.550247,True,8.710001,9.045383,-9.392217,18.70113,True
2018-08-25 08:50:00,-4.1700006,91,10,-0.109999016,2.0744092,-14.536893,11.591724,True,10.68,8.98023,-9.285232,18.340088,True
2018-08-25 08:55:00,-3.7900002,91,12,1.43,3.1263292,-13.666809,12.36554,True,10.530001,10.696508,-7.8328824,19.721413,True
2018-08-25 09:00:00,-2.699999,91,12,1.68,4.5526443,-12.533437,13.704399,True,14.330002,12.412598,-6.5368266,21.297863,True
2018-08-25 09:05:00,-5.28,91,10,3.2800004,1.4037262,-15.1726465,10.643124,True,11.68,8.8029175,-9.322728,17.830307,True
2018-08-25 09:10:00,-5.4100003,91,11,2.8199995,1.0944744,-15.238775,10.307436,True,12.24,8.315016,-9.485658,17.329521,True
2018-08-25 09:15:00,-4.4900002,91,12,4.9899993,1.9856602,-13.996668,11.054615,True,3.6100004,9.1316395,-8.287975,18.02116,True
2018-08-25 09:20:00,-4.5900006,91,12,5.4899993,2.347471,-13.737047,11.387016,True,-1.8400005,9.9545555,-7.628752,18.767673,True
2018-08-25 09:25:00,-5.4500003,91,11,7.219999,1.1753308,-14.792361,10.285833,True,-2.6199992,8.493303,-8.919552,17.37017,True
2018-08-25 09:30:00,-4.7600007,91,10,7.809999,1.9032494,-14.411841,11.213963,True,3.1499994,9.238441,-8.670246,18.253082,True
2018-08-25 09:35:00,-4.9899993,91,10,8.790001,1.9359509,-15.228505,11.6073475,True,6.27,9.559826,-9.398141,18.81792,True
2018-08-25 09:40:00,-4.48,91,11,10.08,2.5775812,-15.369113,12.505226,True,7.0099998,10.3227825,-9.591375,19.74218,True
2018-08-25 09:45:00,-1.0500015,91,13,8.710001,6.559036,-12.281746,16.390343,True,8.190001,14.654713,-6.521153,23.887691,True
2018-08-25 09:50:00,-0.109999016,91,14,10.68,7.7228866,-11.554668,17.52784,True,8.98,15.95303,-5.784453,25.114151,True
2018-08-25 09:55:00,1.43,91,14,10.530001,9.728214,-10.336116,19.410046,True,7.320001,18.246708,-4.5073695,27.217117,True
2018-08-25 10:00:00,1.68,91,15,14.330002,10.248108,-10.280361,19.913704,True,6.5400004,18.97247,-4.341994,27.871765,True
2018-08-25 10:05:00,3.2800004,91,15,11.68,12.404228,-8.831494,21.958904,True,6.770002,21.418934,-2.8074114,30.16542,True
2018-08-25 10:10:00,2.8199995,91,14,12.24,11.961977,-9.213991,21.540604,True,6.399999,21.025734,-3.0968726,29.782299,True
2018-08-25 10:15:00,4.9899993,91,15,3.6100004,14.272617,-7.2626634,23.669819,True,5.0400004,23.19828,-1.3656696,31.804539,True
2018-08-25 10:20:00,5.4899993,91,17,-1.8400005,14.518482,-6.065191,23.656311,True,5.8000007,23.16166,-0.27744326,31.603065,True
2018-08-25 10:25:00,7.219999,91,17,-2.6199992,16.00687,-4.468653,25.03572,True,8.23,24.253021,0.97628945,32.644905,True
2018-08-25 10:30:00,7.809999,91,18,3.1499994,17.014175,-4.6746545,26.135712,True,19.0,25.49004,0.7852513,33.89212,True
2018-08-25 10:35:00,8.790001,91,18,6.27,17.994774,-4.3135314,27.020966,True,18.04,26.33691,0.97410744,34.63604,True
2018-08-25 10:40:00,10.08,91,19,7.0099998,18.654602,-3.3806174,27.582287,True,17.3,26.359379,1.4588562,34.63926,True
2018-08-25 10:45:00,8.710001,91,18,8.190001,16.827389,-4.503614,25.967514,True,8.92,24.349121,0.35049787,32.832336,True
2018-08-25 10:50:00,10.68,91,19,8.98,18.600266,-2.9401114,27.692478,True,12.689999,25.743668,1.5840756,34.22534,True
2018-08-25 10:55:00,10.530001,91,20,7.320001,18.354172,-3.2540305,27.49955,True,16.07,25.427555,1.2363812,33.94923,True
2018-08-25 11:00:00,14.330002,91,22,6.5400004,21.473038,-1.112223,30.544762,True,20.650002,27.624313,2.6015565,36.14961,True
2018-08-25 11:05:00,11.68,91,20,6.770002,18.288315,-2.902447,27.621078,True,19.580002,24.30297,0.8785226,33.071426,True
2018-08-25 11:10:00,12.24,91,20,6.399999,18.759369,-2.338034,28.196774,True,20.32,24.635906,1.3506027,33.52416,True
2018-08-25 11:15:00,3.6100004,91,16,5.0400004,8.781397,-9.778838,18.867085,True,21.280003,14.01083,-6.1672444,23.5751,True
2018-08-25 11:20:00,-1.8400005,91,7,5.8000007,2.5606592,-14.833506,13.15443,True,19.940002,7.1677394,-11.460493,17.307392,False
2018-08-25 11:25:00,-2.6199992,91,4,8.23,1.5158173,-16.063679,12.361256,True,12.68,5.847528,-12.896603,16.241718,True
2018-08-25 11:30:00,3.1499994,91,9,19.0,8.508255,-10.64314,18.993202,False,13.66,13.895214,-6.912433,23.798645,True
2018-08-25 11:35:00,6.27,91,10,18.04,13.429398,-6.6854854,23.41755,True,8.390001,20.253475,-2.0168574,29.552937,True
2018-08-25 11:40:00,7.0099998,91,12,17.3,13.941845,-5.828361,23.60427,True,4.6600013,20.513908,-1.3295349,29.521233,True
2018-08-25 11:45:00,8.190001,91,14,8.92,16.170143,-4.229859,25.60955,True,6.7100005,23.460075,0.72078675,32.20341,True
2018-08-25 11:50:00,8.98,91,14,12.689999,17.81215,-3.1498053,26.975182,True,9.810001,25.613262,2.0981252,34.064545,True
2018-08-25 11:55:00,7.320001,91,13,16.07,16.687214,-4.1569486,25.72371,True,8.26,25.026413,1.5692402,33.29428,True
2018-08-25 12:00:00,6.5400004,91,11,20.650002,16.4539,-4.737367,25.437244,True,9.540001,25.23219,1.3162228,33.38764,True
2018-08-25 12:05:00,6.770002,91,12,19.580002,17.568348,-4.498072,26.520569,True,12.299999,26.859211,1.8380085,34.944492,True
2018-08-25 12:10:00,6.399999,91,10,20.32,17.885319,-4.897157,26.7794,True,12.57,27.607555,1.7034336,35.586636,True
2018-08-25 12:15:00,5.0400004,91,9,21.280003,16.930851,-5.9590535,25.921432,True,12.93,27.0723,1.0265995,35.07031,True
2018-08-25 12:20:00,5.8000007,91,8,19.940002,17.770683,-5.5452123,26.778542,True,17.530003,27.81829,1.2872101,35.839703,True
2018-08-25 12:25:00,8.23,91,16,12.68,20.008343,-3.7401106,28.949146,True,18.260002,29.51867,2.545778,37.582077,True
2018-08-25 12:30:00,19.0,91,19,13.66,28.562897,2.6398637,37.31678,True,19.89,35.146202,6.4596667,43.44832,True
2018-08-25 12:35:00,18.04,91,19,8.390001,26.312344,2.028755,35.10819,True,21.29,32.391556,5.7008433,40.647552,True
2018-08-25 12:40:00,17.3,91,17,4.6600013,24.559486,0.8095414,33.66702,True,21.29,30.141636,4.2579627,38.645737,True
2018-08-25 12:45:00,8.92,91,12,6.7100005,13.556656,-6.807281,23.491943,True,20.86,17.814262,-3.9208777,27.11547,True
2018-08-25 12:50:00,12.689999,91,15,9.810001,16.34378,-5.432631,26.53397,True,20.57,19.531063,-3.3382323,29.163097,True
2018-08-25 12:55:00,16.07,91,17,8.26,19.523571,-3.6870654,29.72388,True,19.900002,22.37466,-1.8503479,32.04206,True
2018-08-25 13:00:00,20.650002,91,19,9.540001,23.431435,-1.6122307,33.554188,True,19.470001,25.514954,-0.27930483,35.17252,True
2018-08-25 13:05:00,19.580002,91,19,12.299999,22.27938,-1.838818,32.26302,True,20.64,24.340149,-0.49510226,33.848907,True
2018-08-25 13:10:00,20.32,91,21,12.57,23.211205,-0.25615916,32.885704,True,18.8,25.402714,1.1723782,34.59796,True
2018-08-25 13:15:00,21.280003,91,21,12.93,24.670586,1.446468,34.037365,True,16.879997,27.218655,3.087774,36.095913,True
2018-08-25 13:20:00,19.940002,91,19,17.530003,24.093636,1.675058,33.088173,True,17.71,27.295193,3.7419012,35.758526,True
2018-08-25 13:25:00,12.68,91,14,18.260002,18.097519,-1.7518028,26.734783,True,16.59,22.753036,1.4577786,30.750546,True
2018-08-25 13:30:00,13.66,91,14,19.89,19.952652,-0.23314507,28.128643,True,16.580002,25.188705,3.3374002,32.7125,True
2018-08-25 13:35:00,8.390001,91,11,21.29,15.5161705,-3.8856137,23.519909,True,16.060001,21.785217,0.6251771,29.023857,True
2018-08-25 13:40:00,4.6600013,91,6,21.29,11.931738,-6.8414006,19.942211,False,17.75,18.578823,-1.8519806,25.758236,True
2018-08-25 13:45:00,6.7100005,91,9,20.86,14.293404,-5.006265,22.12701,True,13.810001,21.014294,-0.06400712,28.01849,True
2018-08-25 13:50:00,9.810001,91,9,20.57,17.14035,-2.951462,24.881653,True,13.920002,23.392628,1.483852,30.338932,True
2018-08-25 13:55:00,8.26,91,8,19.900002,15.460205,-3.8211215,23.18863,True,11.780001,21.725239,0.7545964,28.649704,True
2018-08-25 14:00:00,9.540001,91,8,19.470001,16.637249,-2.9240515,24.216858,True,9.17,22.693363,1.4511982,29.48714,True
2018-08-25 14:05:00,12.299999,91,9,20.64,18.903389,-1.5329136,26.41489,True,9.310001,24.34058,2.2820966,31.10183,True
2018-08-25 14:10:00,12.57,91,8,18.8,18.706173,-1.8819946,26.284523,True,9.390003,23.764645,1.676643,30.590645,True
2018-08-25 14:15:00,12.93,91,9,16.879997,18.547401,-2.028517,26.152355,True,7.2499995,23.176895,1.2527004,30.035091,True
2018-08-25 14:20:00,17.530003,91,10,17.71,22.571442,0.5523316,30.068745,True,8.060003,26.415283,3.1899812,33.246643,True
2018-08-25 14:25:00,18.260002,91,10,16.59,22.867046,0.29803434,30.431488,True,8.440001,26.32138,2.6923692,33.22635,True
2018-08-25 14:30:00,19.89,91,10,16.580002,24.010288,0.99941987,31.615734,True,6.0099998,26.997044,3.0947473,33.973305,True
2018-08-25 14:35:00,21.29,91,10,16.060001,25.218822,0.97755593,32.842827,True,5.2000003,27.95531,2.9038255,34.96352,True
2018-08-25 14:40:00,21.29,91,10,17.75,25.13549,0.21071403,32.79621,True,4.9500003,27.79773,2.1049192,34.83574,True
2018-08-25 14:45:00,20.86,91,10,13.810001,24.632229,-0.70140487,32.322906,True,3.9199998,27.252377,1.1919991,34.305027,True
2018-08-25 14:50:00,20.57,91,10,13.920002,24.146603,-1.8611797,31.878353,True,1.5099999,26.62738,-0.028034525,33.709896,True
2018-08-25 14:55:00,19.900002,91,10,11.780001,23.076225,-3.4224112,30.961308,True,1.2000004,25.284798,-1.7139591,32.516678,True
2018-08-25 15:00:00,19.470001,91,8,9.17,21.880672,-3.7772467,29.932034,True,0.22999923,23.525894,-2.3661864,30.95581,True
2018-08-25 15:05:00,20.64,91,10,9.310001,21.865456,-4.6913114,30.178852,True,0.030000372,22.523685,-3.836342,30.297195,True
2018-08-25 15:10:00,18.8,91,8,9.390003,19.530754,-6.9592557,28.234558,True,-0.6800006,19.80431,-6.289639,27.999092,True
2018-08-25 15:15:00,16.879997,91,8,7.2499995,17.13036,-8.520369,26.214207,True,-1.1800007,17.008015,-8.062478,25.622208,True
2018-08-25 15:20:00,17.71,91,8,8.060003,17.147114,-9.530342,26.563473,True,-2.4200003,16.289608,-9.46863,25.323719,True
2018-08-25 15:25:00,16.59,91,8,8.440001,15.333977,-13.757388,25.36444,True,-2.6199992,13.844833,-13.986224,23.612232,True
2018-08-25 15:30:00,16.580002,91,7,6.0099998,14.580696,-15.958931,25.157547,True,-2.57,12.4099045,-16.538504,22.833637,True
2018-08-25 15:35:00,16.060001,91,7,5.2000003,13.207001,-19.163664,24.627174,True,-4.5100007,10.24581,-20.174368,21.66037,True
2018-08-25 15:40:00,17.75,91,8,4.9500003,13.718235,-21.042076,25.633736,True,-6.2900004,9.71022,-22.598915,21.80997,True
2018-08-25 15:45:00,13.810001,91,7,3.9199998,9.151819,-24.693998,22.044777,True,-7.6,4.405952,-26.638584,17.618484,True
2018-08-25 15:50:00,13.920002,91,6,1.5099999,8.652424,-24.370735,21.75409,True,-9.44,3.3048322,-26.645203,16.809578,True
2018-08-25 15:55:00,11.780001,91,6,1.2000004,5.9819217,-25.486805,19.596077,True,-9.44,0.054824516,-28.067438,14.145515,True
2018-08-25 16:00:00,9.17,91,5,0.22999923,2.6382406,-28.350853,17.225765,True,-13.36,-4.0540013,-31.364594,11.136471,True
2018-08-25 16:05:00,9.310001,91,6,0.030000372,1.7573887,-29.817715,16.975758,True,-16.67,-5.9128404,-33.321705,10.085493,True
2018-08-25 16:10:00,9.390003,91,6,-0.6800006,1.015102,-30.434685,16.698368,True,-19.0,-7.4406533,-34.33009,9.147221,True
2018-08-25 16:15:00,7.2499995,91,4,-1.1800007,-1.8565658,-31.64995,14.432152,True,-21.44,-11.023428,-35.92438,6.22981,True
2018-08-25 16:20:00,8.060003,91,6,-2.4200003,-1.5925373,-32.21715,15.021484,True,-24.4,-11.23818,-36.66289,6.452152,True
2018-08-25 16:25:00,8.440001,91,6,-2.6199992,-1.8337215,-34.045235,15.322792,True,-25.88,-12.028949,-38.73121,6.3643317,True
2018-08-25 16:30:00,6.0099998,91,5,-2.57,-5.048777,-37.826374,13.050785,True,-27.55,-15.960421,-42.90397,3.5421941,True
2018-08-25 16:35:00,5.2000003,91,4,-4.5100007,-6.6209607,-40.190414,12.056135,True,-28.3,-18.214388,-45.59358,2.0226057,True
2018-08-25 16:40:00,4.9500003,91,4,-6.2900004,-8.169139,-44.810173,11.595917,True,-28.6,-20.905869,-50.74056,0.7711064,True
2018-08-25 16:45:00,3.9199998,91,4,-7.6,-10.826994,-49.3512,10.045933,True,-32.3,-24.949915,-55.967484,-1.8113655,True
2018-08-25 16:50:00,1.5099999,91,4,-9.44,-14.274173,-51.429634,7.0640235,True,-34.44,-29.20157,-58.497456,-5.490828,True
2018-08-25 16:55:00,1.2000004,91,4,-9.44,-15.493103,-52.237526,6.0571284,True,-35.37,-31.131203,-59.649933,-7.09609,True
2018-08-25 17:00:00,0.22999923,91,4,-13.36,-17.607489,-53.957893,4.5582614,True,-39.82,-34.09634,-61.824028,-9.297129,True
2018-08-25 17:05:00,0.030000372,91,4,-16.67,-19.29345,-55.96504,3.6381795,True,-42.91,-36.883137,-64.35036,-11.093352,True
2018-08-25 17:10:00,-0.6800006,91,4,-19.0,-21.56656,-58.167725,2.2374246,True,-46.0,-40.233555,-67.099846,-13.353811,True
2018-08-25 17:15:00,-1.1800007,91,5,-21.44,-23.52636,-59.5558,1.0416714,True,-46.82,-43.136703,-68.936325,-15.348645,True
2018-08-25 17:20:00,-2.4200003,91,4,-24.4,-26.149994,-61.38271,-0.7089332,True,-48.03,-46.53506,-71.20441,-17.745905,True
2018-08-25 17:25:00,-2.6199992,91,5,-25.88,-27.612968,-62.615856,-1.4600796,True,-48.18,-48.75006,-72.82441,-19.116083,True
2018-08-25 17:30:00,-2.57,91,4,-27.55,-28.81927,-63.882046,-1.9728664,True,-50.07,-50.691803,-74.421486,-20.223248,True
2018-08-25 17:35:00,-4.5100007,91,2,-28.3,-31.469185,-65.164474,-3.9167283,True,-52.9,-53.50793,-75.974915,-22.327272,True
2018-08-25 17:40:00,-6.2900004,91,1,-28.6,-34.037132,-66.76799,-5.630691,True,-53.15,-56.30827,-77.90505,-24.212107,True
2018-08-25 17:45:00,-7.6,91,-1,-32.3,-36.30609,-69.144066,-6.893499,True,-50.97,-59.00834,-80.68758,-25.720469,True
2018-08-25 17:50:00,-9.44,91,-3,-34.44,-38.20707,-70.145134,-8.322095,True,-48.63,-60.761475,-81.892815,-26.991293,True
2018-08-25 17:55:00,-9.44,91,-2,-35.37,-38.672493,-70.38916,-8.570323,True,-50.18,-61.405937,-82.223434,-27.41256,True
2018-08-25 18:00:00,-13.36,91,-4,-39.82,-41.985233,-71.15664,-11.474791,True,-50.03,-63.923836,-83.13883,-29.653534,True
2018-08-25 18:05:00,-16.67,91,-7,-42.91,-44.357502,-71.163666,-13.775348,True,-49.82,-65.3703,-83.11405,-31.227295,True
2018-08-25 18:10:00,-19.0,91,-9,-46.0,-45.980247,-70.6492,-15.442032,True,-49.48,-66.196495,-82.47529,-32.312893,True
2018-08-25 18:15:00,-21.44,91,-10,-46.82,-47.766876,-71.09904,-16.992432,True,-52.21,-67.315926,-82.89521,-33.304634,True
2018-08-25 18:20:00,-24.4,91,-11,-48.03,-50.21411,-72.083115,-19.033085,True,-55.23,-69.14306,-83.95452,-34.790833,True
2018-08-25 18:25:00,-25.88,91,-13,-48.18,-51.3753,-72.7789,-19.867693,True,-60.31,-69.91253,-84.59676,-35.273197,True
2018-08-25 18:30:00,-27.55,91,-13,-50.07,-52.216793,-72.34671,-20.7543,True,-64.68,-69.90783,-83.82913,-35.508324,True
2018-08-25 18:35:00,-28.3,91,-14,-52.9,-52.391888,-72.75608,-20.70528,True,-65.64,-69.61137,-83.9718,-35.057816,True
2018-08-25 18:40:00,-28.6,91,-15,-53.15,-52.1196,-72.64422,-20.376049,True,-65.27,-68.95359,-83.638695,-34.409233,True
2018-08-25 18:45:00,-32.3,91,-18,-50.97,-54.25796,-73.57958,-22.420366,True,-63.69,-69.94328,-84.25494,-35.403057,True
2018-08-25 18:50:00,-34.44,91,-20,-48.63,-55.121323,-73.54723,-23.502247,True,-59.26,-69.87035,-83.813965,-35.693695,True
2018-08-25 18:55:00,-35.37,91,-21,-50.18,-55.29933,-73.58078,-23.818037,True,-51.61,-69.51009,-83.53686,-35.544178,True
2018-08-25 19:00:00,-39.82,91,-24,-50.03,-58.461037,-76.231415,-26.468596,True,-44.63,-71.84914,-86.03296,-37.338642,True
2018-08-25 19:05:00,-42.91,91,-25,-49.82,-60.508247,-77.489586,-28.35018,True,-38.24,-73.142876,-87.009865,-38.51685,False
2018-08-25 19:10:00,-46.0,91,-26,-49.48,-62.52969,-78.5617,-30.268322,True,-33.86,-74.38313,-87.74073,-39.73912,False
2018-08-25 19:15:00,-46.82,91,-27,-52.21,-62.96328,-78.647675,-30.569239,True,-36.3,-74.474525,-87.620895,-39.755596,False
2018-08-25 19:20:00,-48.03,91,-28,-55.23,-64.16199,-80.332756,-30.959673,True,-38.64,-75.6199,-89.31639,-40.016506,False
2018-08-25 19:25:00,-48.18,91,-28,-60.31,-64.76452,-82.23381,-30.530336,True,-39.95,-76.551865,-91.4342,-39.743217,True
2018-08-25 19:30:00,-50.07,91,-29,-64.68,-66.54123,-83.89213,-31.553679,True,-40.24,-78.173,-93.10231,-40.55842,False
2018-08-25 19:35:00,-52.9,91,-30,-65.64,-68.97219,-86.51008,-33.195984,True,-41.53,-80.357605,-95.70448,-41.872433,False
2018-08-25 19:40:00,-53.15,91,-31,-65.27,-69.06295,-85.99399,-33.196827,True,-45.43,-80.17818,-94.99543,-41.68446,True
2018-08-25 19:45:00,-50.97,91,-30,-63.69,-67.29297,-83.86811,-31.896845,True,-49.4,-78.50549,-92.80893,-40.561527,True
2018-08-25 19:50:00,-48.63,91,-30,-59.26,-65.69229,-82.171684,-30.445187,True,-53.11,-77.18996,-91.174675,-39.415867,True
2018-08-25 19:55:00,-50.18,91,-32,-51.61,-66.99996,-83.34653,-31.09884,True,-53.42,-78.24762,-92.26528,-39.812126,True
2018-08-25 20:00:00,-50.03,91,-31,-44.63,-66.94096,-82.94662,-30.768064,True,-53.11,-78.04614,-91.74278,-39.382664,True
2018-08-25 20:05:00,-49.82,91,-30,-38.24,-66.906,-83.37553,-30.326843,True,-52.58,-78.05186,-92.15602,-38.953716,True
2018-08-25 20:10:00,-49.48,91,-30,-33.86,-66.874954,-84.03685,-29.905886,True,-50.46,-78.25803,-92.95261,-38.67857,True
2018-08-25 20:15:00,-52.21,91,-32,-36.3,-68.92864,-86.05418,-31.38345,True,-48.24,-79.921875,-94.845436,-39.74092,True
2018-08-25 20:20:00,-55.23,91,-33,-38.64,-71.0023,-87.73655,-33.111145,True,-45.99,-81.423706,-96.26671,-40.937923,True
2018-08-25 20:25:00,-60.31,91,-34,-39.95,-74.85528,-90.63172,-36.220562,True,-41.83,-84.480255,-98.81559,-43.322865,False
2018-08-25 20:30:00,-64.68,91,-37,-40.24,-78.27648,-93.21162,-38.75096,True,-39.79,-87.241646,-101.05725,-45.269608,False
2018-08-25 20:35:00,-65.64,91,-38,-41.53,-78.809944,-93.33011,-39.184517,True,-37.94,-87.460945,-100.955574,-45.46065,False
2018-08-25 20:40:00,-65.27,91,-38,-45.43,-78.58203,-93.12324,-38.8393,True,-32.33,-87.245224,-100.74863,-45.12127,False
2018-08-25 20:45:00,-63.69,91,-35,-49.4,-77.16076,-91.86934,-37.489132,True,-31.31,-85.8287,-99.4245,-43.797314,False
2018-08-25 20:50:00,-59.26,91,-33,-53.11,-73.84475,-88.8611,-34.852394,True,-32.28,-83.067215,-96.67024,-41.657536,False
2018-08-25 20:55:00,-51.61,91,-30,-53.42,-68.4229,-84.3765,-30.463686,True,-34.65,-78.82119,-92.662964,-38.335823,False
2018-08-25 21:00:00,-44.63,91,-27,-53.11,-63.346687,-80.548225,-26.225094,True,-36.4,-74.719696,-89.005714,-35.06441,True
2018-08-25 21:05:00,-38.24,91,-28,-52.58,-58.66016,-77.3273,-22.293255,True,-38.27,-70.93031,-85.78261,-32.071793,True
2018-08-25 21:10:00,-33.86,91,-29,-50.46,-55.41235,-75.93055,-19.194542,True,-42.43,-68.31619,-84.257645,-29.615347,True
2018-08-25 21:15:00,-36.3,91,-27,-48.24,-56.63057,-77.56325,-19.832432,True,-49.26,-68.80016,-85.582596,-29.52175,True
2018-08-25 21:20:00,-38.64,91,-27,-45.99,-57.74449,-78.746605,-20.512089,True,-52.58,-69.15311,-86.431656,-29.482876,True
2018-08-25 21:25:00,-39.95,91,-27,-41.83,-58.307205,-79.35849,-20.756224,True,-53.25,-69.177666,-86.75617,-29.24755,True
2018-08-25 21:30:00,-40.24,91,-28,-39.79,-58.384907,-80.05814,-20.431002,True,-53.68,-69.06265,-87.304085,-28.731817,True
2018-08-25 21:35:00,-41.53,91,-30,-37.94,-59.40037,-82.53411,-20.206926,True,-55.96,-69.852196,-89.65454,-28.210604,True
2018-08-25 21:40:00,-45.43,91,-32,-32.33,-62.053307,-86.131386,-21.338852,True,-57.23,-71.76411,-92.997345,-28.563833,True
2018-08-25 21:45:00,-49.4,91,-34,-31.31,-64.88809,-89.49021,-22.843796,True,-57.22,-73.95449,-96.17044,-29.39352,True
2018-08-25 21:50:00,-53.11,91,-34,-32.28,-67.38869,-91.6395,-24.419985,True,-57.49,-75.73905,-98.03649,-30.322807,True
2018-08-25 21:55:00,-53.42,91,-33,-34.65,-67.84864,-92.14004,-24.434883,True,-57.98,-76.21312,-98.57423,-30.324274,True
2018-08-25 22:00:00,-53.11,91,-33,-36.4,-68.13079,-92.70482,-24.158016,True,-57.37,-76.78483,-99.35953,-30.229649,True
2018-08-25 22:05:00,-52.58,91,-32,-38.27,-68.39726,-93.04149,-23.864338,True,-55.45,-77.447495,-99.99287,-30.20767,True
2018-08-25 22:10:00,-50.46,91,-32,-42.43,-67.48643,-91.72623,-23.005178,True,-53.22,-77.13345,-99.02225,-29.842445,True
2018-08-25 22:15:00,-48.24,91,-32,-49.26,-66.4142,-89.65879,-22.269651,True,-50.06,-76.559845,-97.20776,-29.584726,True
2018-08-25 22:20:00,-45.99,91,-30,-52.58,-65.709816,-87.96716,-21.735191,True,-46.92,-76.50392,-95.876335,-29.664486,True
2018-08-25 22:25:00,-41.83,91,-31,-53.25,-64.04064,-86.093834,-20.143679,True,-45.02,-75.916214,-94.44079,-29.109312,True
2018-08-25 22:30:00,-39.79,91,-32,-53.68,-63.189053,-85.443954,-18.923561,True,-40.15,-75.42571,-93.80065,-28.312994,True
2018-08-25 22:35:00,-37.94,91,-29,-55.96,-62.133827,-84.968216,-17.572208,True,-37.67,-74.58199,-93.20013,-27.264706,True
2018-08-25 22:40:00,-32.33,91,-30,-57.23,-58.505222,-83.31108,-14.076941,True,-34.72,-71.80943,-91.256775,-24.76348,True
2018-08-25 22:45:00,-31.31,91,-32,-57.22,-57.126907,-82.90103,-12.63452,True,-31.85,-70.19652,-90.42914,-23.23336,True
2018-08-25 22:50:00,-32.28,91,-35,-57.49,-56.739933,-82.222336,-12.536731,True,-31.37,-69.09559,-89.39896,-22.58156,True
2018-08-25 22:55:00,-34.65,91,-37,-57.98,-57.22878,-81.76986,-13.342538,True,-31.28,-68.5716,-88.60459,-22.549692,True
2018-08-25 23:00:00,-36.4,91,-39,-57.37,-57.165745,-81.68296,-13.339625,True,-31.21,-67.55245,-88.01651,-21.771551,True
2018-08-25 23:05:00,-38.27,91,-40,-55.45,-56.96996,-81.34516,-13.270845,True,-36.16,-66.32453,-87.12879,-20.865509,True
2018-08-25 23:10:00,-42.43,91,-42,-53.22,-58.134975,-81.87196,-14.406191,True,-37.86,-66.01116,-87.02089,-20.722582,True
2018-08-25 23:15:00,-49.26,91,-43,-50.06,-60.907078,-83.98779,-16.627657,True,-39.39,-66.759926,-88.172356,-21.203907,True
2018-08-25 23:20:00,-52.58,91,-46,-46.92,-61.76951,-85.80505,-16.708817,True,-40.46,-66.38188,-89.17938,-20.287115,True
2018-08-25 23:25:00,-53.25,91,-46,-45.02,-60.99424,-86.225586,-15.682836,True,-40.68,-64.89151,-89.059395,-18.71409,True
2018-08-25 23:30:00,-53.68,91,-46,-40.15,-60.241993,-86.49922,-14.796765,True,-41.41,-63.54733,-88.903,-17.37853,True
2018-08-25 23:35:00,-55.96,91,-49,-37.67,-61.026398,-87.32884,-15.548763,True,-42.12,-63.568253,-89.26305,-17.532352,True
2018-08-25 23:40:00,-57.23,91,-52,-34.72,-61.18483,-87.795876,-15.694059,True,-41.12,-63.156,-89.34817,-17.246193,True
2018-08-25 23:45:00,-57.22,91,-53,-31.85,-60.647167,-87.73233,-15.308159,True,-38.73,-62.35772,-89.09997,-16.67246,True
2018-08-25 23:50:00,-57.49,91,-54,-31.37,-60.247894,-87.87635,-14.918317,True,-40.4,-61.613796,-89.00357,-16.03096,True
2018-08-25 23:55:00,-57.98,91,-55,-31.28,-60.109184,-87.95379,-14.865868,True,-42.51,-61.144688,-88.86438,-15.733129,True
2018-08-26 00:00:00,-57.37,91,-55,-31.21,-59.55168,-87.13087,-14.713162,True,-45.21,-60.63533,-88.089905,-15.623349,True
2018-08-26 00:05:00,-55.45,91,-56,-36.16,-58.094,-86.15952,-13.499344,True,-46.04,-59.45873,-87.29915,-14.640171,True
2018-08-26 00:10:00,-53.22,91,-57,-37.86,-56.300316,-84.90229,-11.947118,True,-47.05,-57.940205,-86.20336,-13.323013,True
2018-08-26 00:15:00,-50.06,91,-58,-39.39,-53.778236,-83.63856,-9.494687,True,-47.04,-55.818836,-85.13184,-11.21715,True
2018-08-26 00:20:00,-46.92,91,-59,-40.46,-51.306953,-82.09556,-7.3118377,True,-45.55,-53.77896,-83.786,-9.410251,True
2018-08-26 00:25:00,-45.02,91,-61,-40.68,-49.72756,-80.73267,-6.1079097,True,-42.46,-52.427193,-82.52916,-8.412612,True
2018-08-26 00:30:00,-40.15,91,-63,-41.41,-46.52129,-78.611946,-3.3752043,True,-37.12,-50.235943,-80.80014,-6.5869117,True
2018-08-26 00:35:00,-37.67,91,-64,-42.12,-44.918365,-77.63305,-1.9451393,True,-28.96,-49.17232,-80.002495,-5.6545644,True
2018-08-26 00:40:00,-34.72,91,-64,-41.12,-43.35318,-76.16554,-0.8685363,True,-23.28,-48.424194,-78.824,-5.331589,True
2018-08-26 00:45:00,-31.85,91,-65,-38.73,-41.849518,-74.33832,0.023816748,True,-20.01,-47.707428,-77.25683,-5.1896634,True
2018-08-26 00:50:00,-31.37,91,-66,-40.4,-41.90318,-72.945,-0.5988143,True,-18.82,-48.02819,-76.05288,-6.080952,True
2018-08-26 00:55:00,-31.28,91,-67,-42.51,-42.252357,-72.07442,-1.2637542,True,-15.44,-48.56087,-75.337,-6.944163,True
2018-08-26 01:00:00,-31.21,91,-67,-45.21,-42.48877,-71.479454,-1.7029136,True,-15.02,-48.903366,-74.83785,-7.518455,True
2018-08-26 01:05:00,-36.16,91,-70,-46.04,-45.41184,-73.597984,-3.9168046,True,-15.74,-50.645264,-76.66431,-8.620671,True
2018-08-26 01:10:00,-37.86,91,-71,-47.05,-46.36551,-73.40267,-5.210975,True,-18.59,-51.182243,-76.41342,-9.520829,True
2018-08-26 01:15:00,-39.39,91,-73,-47.04,-47.331127,-73.62974,-6.327604,True,-22.99,-51.81126,-76.566986,-10.330702,True
2018-08-26 01:20:00,-40.46,91,-76,-45.55,-47.615406,-75.22242,-6.032557,True,-26.02,-51.68255,-77.91888,-9.669979,True
2018-08-26 01:25:00,-40.68,91,-79,-42.46,-47.272133,-75.72913,-5.6675954,True,-25.62,-51.073696,-78.28222,-9.061502,True
2018-08-26 01:30:00,-41.41,91,-82,-37.12,-47.21032,-76.77567,-5.3827615,True,-23.09,-50.61157,-79.12299,-8.415364,True
2018-08-26 01:35:00,-42.12,91,-82,-28.96,-47.19527,-76.66906,-5.68576,True,-19.62,-50.224182,-78.87147,-8.379898,True
2018-08-26 01:40:00,-41.12,91,-83,-23.28,-46.23943,-76.517456,-4.8174663,True,-14.09,-49.330162,-78.73339,-7.5690894,True
2018-08-26 01:45:00,-38.73,91,-86,-20.01,-44.721798,-76.60664,-3.3344214,True,-4.4600005,-48.35405,-79.01371,-6.5710435,False
2018-08-26 01:50:00,-40.4,91,-87,-18.82,-46.00389,-77.89844,-4.362107,True,1.3999993,-49.405632,-80.258286,-7.3804193,False
2018-08-26 01:55:00,-42.51,91,-88,-15.44,-47.69083,-79.40296,-5.6861053,True,-1.3400005,-50.834194,-81.70826,-8.461614,False
2018-08-26 02:00:00,-45.21,91,-87,-15.02,-49.756256,-80.52721,-7.5671687,True,-7.1599994,-52.521236,-82.734886,-9.995096,False
2018-08-26 02:05:00,-46.04,91,-87,-15.74,-50.579884,-80.464584,-8.515812,True,-13.39,-53.34286,-82.7375,-10.938262,True
2018-08-26 02:10:00,-47.05,91,-88,-18.59,-51.60912,-81.36907,-9.275102,True,-13.67,-54.381702,-83.69096,-11.694405,True
2018-08-26 02:15:00,-47.04,91,-89,-22.99,-51.84848,-81.85581,-9.349021,True,-12.48,-54.77252,-84.27383,-11.894563,True
2018-08-26 02:20:00,-45.55,91,-92,-26.02,-51.11276,-81.78717,-8.570708,True,-17.42,-54.479362,-84.40506,-11.500968,True
2018-08-26 02:25:00,-42.46,91,-94,-25.62,-49.278446,-80.577324,-7.049666,True,-17.97,-53.387363,-83.500336,-10.652259,True
2018-08-26 02:30:00,-37.12,91,-98,-23.09,-45.81739,-78.42925,-4.1206613,True,-17.98,-51.056984,-81.67185,-8.784545,True
2018-08-26 02:35:00,-28.96,91,-102,-19.62,-40.5865,-77.1576,1.0455014,True,-14.6,-47.617172,-80.53548,-5.372455,True
2018-08-26 02:40:00,-23.28,91,-104,-14.09,-36.963524,-76.545654,4.587049,True,-10.55,-45.299686,-79.864586,-3.1316416,True
2018-08-26 02:45:00,-20.01,91,-104,-4.4600005,-34.910038,-76.42,6.638696,True,-5.7500005,-44.037502,-79.64234,-1.8661903,True
2018-08-26 02:50:00,-18.82,91,-105,1.3999993,-34.167946,-76.2057,7.3100677,True,-4.53,-43.60034,-79.42218,-1.497065,True
2018-08-26 02:55:00,-15.44,91,-109,-1.3400005,-32.171497,-76.25666,9.217894,True,-10.24,-42.496014,-79.36407,-0.46452937,True
2018-08-26 03:00:00,-15.02,91,-112,-7.1599994,-32.1267,-76.701195,9.408344,True,-14.09,-42.672596,-79.80278,-0.4971927,True
2018-08-26 03:05:00,-15.74,91,-114,-13.39,-32.753887,-76.73323,8.762503,True,-28.61,-43.223385,-79.927185,-1.0564216,True
2018-08-26 03:10:00,-18.59,91,-116,-13.67,-34.7008,-77.14486,6.936416,True,-51.73,-44.576916,-80.51446,-2.2794554,True
2018-08-26 03:15:00,-22.99,91,-117,-12.48,-37.752045,-78.21704,4.171861,True,-54.44,-46.747444,-81.79445,-4.127542,True
2018-08-26 03:20:00,-26.02,91,-119,-17.42,-40.23777,-79.115456,1.7305428,True,-42.32,-48.82251,-82.91012,-6.101108,True
2018-08-26 03:25:00,-25.62,91,-122,-17.97,-40.30567,-80.09462,1.9503647,True,-36.02,-49.159245,-83.89124,-6.1216884,True
2018-08-26 03:30:00,-23.09,91,-124,-17.98,-38.707558,-80.02403,3.4379346,True,-44.73,-48.17889,-83.772835,-5.2380185,True
2018-08-26 03:35:00,-19.62,91,-125,-14.6,-36.686615,-80.268524,5.513759,True,-50.63,-47.07695,-83.88343,-4.0952115,True
2018-08-26 03:40:00,-14.09,91,-128,-10.55,-33.036243,-80.73973,9.23856,True,-58.07,-44.718243,-83.984314,-1.6510986,True
2018-08-26 03:45:00,-4.4600005,91,-134,-5.7500005,-27.002497,-81.37473,15.256485,True,-63.62,-41.105507,-83.85296,1.9797837,True
2018-08-26 03:50:00,1.3999993,91,-138,-4.53,-23.59507,-82.21016,18.521755,True,-76.03,-39.327206,-84.22048,3.7190588,True
2018-08-26 03:55:00,-1.3400005,91,-139,-10.24,-25.785013,-81.699394,16.243294,True,-77.48,-41.049484,-84.05077,1.9012238,True
2018-08-26 04:00:00,-7.1599994,91,-141,-14.09,-30.190737,-81.89971,11.995932,True,-74.58,-44.305088,-84.84869,-1.1991886,True
2018-08-26 04:05:00,-13.39,91,-143,-28.61,-34.816498,-82.4031,7.4976287,True,-59.16,-47.724842,-86.00502,-4.439244,True
2018-08-26 04:10:00,-13.67,91,-146,-51.73,-35.74754,-82.42564,6.3949523,True,-43.04,-48.91342,-86.24807,-5.758698,True
2018-08-26 04:15:00,-12.48,91,-149,-54.44,-35.93727,-82.63268,6.0671077,True,-42.76,-49.776554,-86.58082,-6.7361827,True
2018-08-26 04:20:00,-17.42,91,-151,-42.32,-39.76628,-82.60156,1.9656521,True,-50.33,-52.774136,-87.23781,-9.898067,True
2018-08-26 04:25:00,-17.97,91,-151,-36.02,-40.348392,-81.76428,0.94787186,True,-62.67,-53.350086,-86.6258,-10.879889,True
2018-08-26 04:30:00,-17.98,91,-152,-44.73,-40.594776,-81.29799,0.38308492,True,-76.46,-53.690125,-86.291405,-11.522007,True
2018-08-26 04:35:00,-14.6,91,-154,-50.63,-38.771126,-81.15721,2.0430315,True,-94.15,-52.76202,-85.949356,-10.77462,False
2018-08-26 04:40:00,-10.55,91,-156,-58.07,-36.60614,-80.78717,3.9760606,True,-118.48,-51.667683,-85.33779,-9.941997,False
2018-08-26 04:45:00,-5.7500005,91,-157,-63.62,-34.249443,-80.87802,6.233524,True,-129.65,-50.637672,-85.04623,-9.064249,False
2018-08-26 04:50:00,-4.53,91,-158,-76.03,-33.990456,-82.02396,6.766113,True,-137.09,-50.84333,-86.016014,-8.984775,False
2018-08-26 04:55:00,-10.24,91,-158,-77.48,-38.062202,-81.639534,2.370489,True,-138.5,-53.741825,-86.478,-12.08045,False
2018-08-26 05:00:00,-14.09,91,-161,-74.58,-40.57534,-82.422134,0.1060292,True,-139.39,-55.43356,-87.63295,-13.444324,False
2018-08-26 05:05:00,-28.61,91,-163,-59.16,-49.157406,-84.14905,-8.182567,True,-141.77,-60.7257,-90.33544,-18.185371,False
2018-08-26 05:10:00,-51.73,91,-166,-43.04,-63.011566,-91.106224,-20.654272,True,-139.69,-69.75287,-96.82814,-25.86202,False
2018-08-26 05:15:00,-54.44,91,-175,-42.76,-64.8443,-91.901146,-22.468267,True,-134.17,-71.11665,-97.48431,-27.257975,False
2018-08-26 05:20:00,-42.32,91,-177,-50.33,-57.991337,-86.897156,-16.953815,True,-126.95,-66.898094,-93.440445,-24.194006,False
2018-08-26 05:25:00,-36.02,91,-176,-62.67,-54.35327,-85.11013,-13.566777,True,-115.22,-64.54632,-91.72838,-22.156624,False
2018-08-26 05:30:00,-44.73,91,-174,-76.46,-59.243076,-87.565285,-18.044165,True,-117.02999,-67.52353,-93.891335,-24.740278,False
2018-08-26 05:35:00,-50.63,91,-177,-94.15,-62.49798,-89.80071,-20.941841,False,-122.17,-69.46938,-95.684525,-26.406326,False
2018-08-26 05:40:00,-58.07,91,-181,-118.48,-67.036,-93.13581,-24.922709,False,-128.96,-72.526245,-98.3425,-29.060514,False
2018-08-26 05:45:00,-63.62,91,-184,-129.65,-70.57247,-95.68676,-28.070692,False,-132.99,-75.006325,-100.25261,-31.330776,False
2018-08-26 05:50:00,-76.03,91,-185,-137.09,-78.64984,-102.901405,-34.51732,False,-132.79,-80.68047,-105.552765,-35.95859,False
2018-08-26 05:55:00,-77.48,91,-188,-138.5,-79.80716,-103.98515,-35.58591,False,-138.25,-81.67401,-106.49191,-36.903656,False
2018-08-26 06:00:00,-74.58,91,-190,-139.39,-78.09209,-102.410255,-34.490467,False,-145.59,-80.645325,-105.51981,-36.287937,False
2018-08-26 06:05:00,-59.16,91,-190,-141.77,-68.60768,-93.882324,-27.522106,False,-147.21,-74.39961,-99.43667,-31.804237,False
2018-08-26 06:10:00,-43.04,91,-190,-139.69,-59.459652,-87.05111,-20.191532,False,-144.66,-68.78897,-94.23547,-27.640236,False
2018-08-26 06:15:00,-42.76,91,-189,-134.17,-59.53143,-86.90775,-20.431635,False,-143.66,-69.04694,-94.20784,-28.039347,False
2018-08-26 06:20:00,-50.33,91,-187,-126.95,-64.184395,-89.5693,-24.776516,False,-144.88,-72.26692,-96.50985,-30.99228,False
2018-08-26 06:25:00,-62.67,91,-187,-115.22,-71.912766,-95.58843,-31.280117,False,-142.51,-77.67097,-101.324265,-35.45097,False
2018-08-26 06:30:00,-76.46,91,-188,-117.02999,-81.09194,-104.41048,-38.20835,False,-140.06,-84.36086,-108.196205,-40.452988,False
2018-08-26 06:35:00,-94.15,91,-189,-122.17,-93.611786,-117.233116,-47.372185,False,-141.79,-93.71968,-117.91188,-47.443493,False
2018-08-26 06:40:00,-118.48,91,-189,-128.96,-112.54717,-137.4966,-60.97953,True,-141.72,-108.717026,-133.76782,-58.47149,False
2018-08-26 06:45:00,-129.65,91,-185,-132.99,-121.918236,-147.5259,-67.88945,True,-141.75,-116.6026,-142.06981,-64.39832,True
2018-08-26 06:50:00,-137.09,91,-183,-132.79,-128.46693,-154.3283,-72.92533,True,-138.22,-122.37173,-147.93819,-68.908035,True
2018-08-26 06:55:00,-138.5,91,-187,-138.25,-130.17188,-156.0017,-74.34322,True,-133.88,-124.26664,-149.80782,-70.45746,True
2018-08-26 07:00:00,-139.39,91,-194,-145.59,-131.25308,-157.07697,-75.21798,True,-129.04,-125.45724,-151.00923,-71.40179,True
2018-08-26 07:05:00,-141.77,91,-201,-147.21,-133.47115,-159.39282,-77.02772,True,-122.03001,-127.49434,-153.11967,-73.08481,True
2018-08-26 07:10:00,-139.69,91,-205,-144.66,-131.92111,-157.5757,-76.27584,True,-118.03,-126.3231,-151.73117,-72.57861,True
2018-08-26 07:15:00,-134.17,91,-197,-143.66,-127.373505,-152.62276,-73.423225,True,-116.38,-122.53718,-147.65286,-70.225006,True
2018-08-26 07:20:00,-126.95,91,-188,-144.88,-121.52372,-146.12851,-69.86757,True,-115.38,-117.7714,-142.37558,-67.37522,True
2018-08-26 07:25:00,-115.22,91,-185,-142.51,-111.71612,-135.56122,-63.528,False,-115.27,-109.49345,-133.54822,-62.014942,True
2018-08-26 07:30:00,-117.02999,91,-188,-140.06,-113.177444,-137.26384,-64.91302,False,-114.67,-110.64071,-134.90216,-63.185253,True
2018-08-26 07:35:00,-122.17,91,-189,-141.79,-117.58806,-142.213,-68.179,True,-115.62,-114.414505,-139.13927,-66.02884,True
2018-08-26 07:40:00,-128.96,91,-189,-141.72,-123.58194,-148.76294,-72.51181,True,-114.81,-119.69714,-144.88547,-69.89557,True
2018-08-26 07:45:00,-132.99,91,-186,-141.75,-127.2436,-152.41486,-75.39836,True,-114.63,-123.01624,-148.13628,-72.54827,True
2018-08-26 07:50:00,-132.79,91,-179,-138.22,-127.1474,-152.1558,-75.55343,True,-112.98,-122.99036,-147.94965,-72.741295,True
2018-08-26 07:55:00,-138.25,91,-173,-133.88,-131.73973,-157.02599,-78.92637,True,-112.37,-126.83529,-151.98166,-75.61233,True
2018-08-26 08:00:00,-145.59,91,-164,-129.04,-137.92368,-163.66284,-83.42002,True,-110.46,-132.03337,-157.51636,-79.44219,True
2018-08-26 08:05:00,-147.21,91,-158,-122.03001,-139.12738,-164.80371,-84.64857,True,-107.8,-132.87495,-158.24808,-80.41701,True
2018-08-26 08:10:00,-144.66,91,-156,-118.03,-136.74358,-162.00417,-83.461174,True,-107.4,-130.6197,-155.58911,-79.30966,True
2018-08-26 08:15:00,-143.66,91,-157,-116.38,-135.42755,-160.69444,-82.7264,True,-108.02,-129.06833,-154.0459,-78.41085,True
2018-08-26 08:20:00,-144.88,91,-154,-115.38,-135.81262,-160.99272,-83.675354,True,-107.91,-128.80057,-153.62991,-78.906235,True
2018-08-26 08:25:00,-142.51,91,-149,-115.27,-132.81926,-157.63266,-82.52612,True,-108.89,-125.37036,-149.79347,-77.4247,True
2018-08-26 08:30:00,-140.06,91,-148,-114.67,-129.70085,-154.44916,-81.17714,True,-108.47,-121.835976,-146.18213,-75.748665,True
2018-08-26 08:35:00,-141.79,91,-147,-115.62,-130.20679,-155.04483,-82.63677,True,-107.88,-121.420425,-145.76883,-76.53748,True
2018-08-26 08:40:00,-141.72,91,-150,-114.81,-129.63045,-153.63426,-83.8471,True,-109.2,-120.35465,-143.76254,-77.3451,True
2018-08-26 08:45:00,-141.75,91,-149,-114.63,-129.20055,-152.53136,-84.770935,True,-113.93,-119.56506,-142.2412,-77.94062,True
2018-08-26 08:50:00,-138.22,91,-149,-112.98,-125.53629,-148.64183,-82.65552,True,-117.7,-115.97432,-138.47504,-75.791534,True
2018-08-26 08:55:00,-133.88,91,-150,-112.37,-121.303825,-144.28557,-80.05711,True,-120.79,-111.96766,-134.39084,-73.284065,True
2018-08-26 09:00:00,-129.04,91,-147,-110.46,-117.22767,-139.99309,-77.311424,True,-123.0,-108.571045,-130.87286,-70.98886,True
2018-08-26 09:05:00,-122.03001,91,-146,-107.8,-111.71493,-133.39743,-74.06909,True,-123.88,-104.17625,-125.48252,-68.50954,True
2018-08-26 09:10:00,-118.03,91,-147,-107.4,-108.866554,-129.34883,-72.801315,True,-124.67,-102.12674,-122.26767,-67.78604,False
2018-08-26 09:15:00,-116.38,91,-149,-108.02,-108.139626,-128.16312,-72.69886,True,-125.59,-101.94439,-121.65053,-68.09326,False
2018-08-26 09:20:00,-115.38,91,-149,-107.91,-107.267494,-126.96515,-72.53252,True,-127.26,-101.10604,-120.47852,-67.92984,False
2018-08-26 09:25:00,-115.27,91,-149,-108.89,-107.78006,-127.15944,-73.14762,True,-131.65,-102.01007,-121.08348,-68.83895,False
2018-08-26 09:30:00,-114.67,91,-147,-108.47,-107.222946,-126.519226,-73.02014,True,-134.62,-101.421425,-120.40817,-68.6783,False
2018-08-26 09:35:00,-115.62,91,-147,-107.88,-108.04234,-127.54092,-74.03508,True,-133.99,-101.999954,-121.1662,-69.52604,False
2018-08-26 09:40:00,-114.81,91,-145,-109.2,-107.347885,-127.10049,-73.679184,True,-132.85,-101.32872,-120.759254,-69.188286,False
2018-08-26 09:45:00,-114.63,91,-141,-113.93,-106.98486,-127.03107,-73.94036,True,-133.67,-100.73097,-120.45326,-69.25759,False
2018-08-26 09:50:00,-112.98,91,-135,-117.7,-105.84698,-126.33797,-73.35132,True,-128.94,-99.9226,-120.1499,-68.90097,False
2018-08-26 09:55:00,-112.37,91,-132,-120.79,-105.80324,-126.555374,-73.4719,True,-128.71,-100.259926,-120.79146,-69.29619,False
2018-08-26 10:00:00,-110.46,91,-133,-123.0,-104.936775,-125.794174,-72.8446,True,-127.07,-100.20166,-120.90994,-69.258705,False
2018-08-26 10:05:00,-107.8,91,-137,-123.88,-103.75088,-124.674484,-71.68978,True,-131.23,-100.22402,-121.08442,-68.99485,False
2018-08-26 10:10:00,-107.4,91,-138,-124.67,-104.38408,-125.19696,-71.88846,True,-133.37,-101.711205,-122.499146,-69.82108,False
2018-08-26 10:15:00,-108.02,91,-139,-125.59,-106.11163,-127.13721,-72.67205,True,-135.12,-104.371284,-125.41051,-71.29112,False
2018-08-26 10:20:00,-107.91,91,-138,-127.26,-106.98197,-127.62221,-72.99304,True,-136.69,-106.0929,-126.768326,-72.22698,False
2018-08-26 10:25:00,-108.89,91,-136,-131.65,-108.79114,-129.10202,-73.99834,False,-134.82,-108.62708,-128.98756,-73.75086,False
2018-08-26 10:30:00,-108.47,91,-131,-134.62,-109.165924,-128.99359,-73.94953,False,-131.9,-109.71109,-129.6005,-74.205956,False
2018-08-26 10:35:00,-107.88,91,-129,-133.99,-109.49115,-129.09305,-73.78481,False,-130.38,-110.85826,-130.53241,-74.61725,True
2018-08-26 10:40:00,-109.2,91,-128,-132.85,-111.348206,-130.72447,-74.72075,False,-127.0,-113.199554,-132.6513,-75.885895,True
2018-08-26 10:45:00,-113.93,91,-128,-133.67,-116.11789,-135.45444,-77.73358,True,-126.94,-118.002655,-137.4108,-78.91182,True
2018-08-26 10:50:00,-117.7,91,-128,-128.94,-120.12265,-139.63173,-80.19984,True,-125.19,-122.224144,-141.80122,-81.51848,True
2018-08-26 10:55:00,-120.79,91,-128,-128.71,-123.41471,-143.0248,-82.305504,True,-119.05,-125.69887,-145.37062,-83.74445,True
2018-08-26 11:00:00,-123.0,91,-126,-127.07,-125.50227,-145.10114,-83.670876,True,-114.84,-127.66192,-147.31549,-85.026634,True
2018-08-26 11:05:00,-123.88,91,-125,-131.23,-126.40493,-146.11064,-84.259995,True,-112.16,-128.57777,-148.3306,-85.62776,True
2018-08-26 11:10:00,-124.67,91,-124,-133.37,-127.06663,-146.95827,-84.69535,True,-105.73,-129.1102,-149.03722,-85.98135,True
2018-08-26 11:15:00,-125.59,91,-124,-135.12,-127.86593,-148.08322,-85.16418,True,-103.3,-129.78943,-150.03093,-86.37592,True
2018-08-26 11:20:00,-127.26,91,-122,-136.69,-129.05762,-149.46672,-86.05899,True,-101.0,-130.51758,-150.9357,-86.96917,True
2018-08-26 11:25:00,-131.65,91,-122,-134.82,-132.14452,-152.8547,-88.31628,True,-92.96,-132.3625,-153.0453,-88.40021,True
2018-08-26 11:30:00,-134.62,91,-123,-131.9,-133.92441,-154.74203,-89.87571,True,-88.03,-133.02066,-153.76381,-89.2084,False
2018-08-26 11:35:00,-133.99,91,-122,-130.38,-133.08665,-154.35434,-89.4097,True,-87.15,-131.97884,-153.16132,-88.61302,False
2018-08-26 11:40:00,-132.85,91,-122,-127.0,-131.16449,-152.46356,-88.15548,True,-85.61,-129.3349,-150.50807,-86.87726,False
2018-08-26 11:45:00,-133.67,91,-116,-126.94,-131.41383,-152.93724,-88.49359,True,-82.67,-129.05557,-150.42503,-86.861626,False
2018-08-26 11:50:00,-128.94,91,-114,-125.19,-126.299576,-147.41252,-85.27173,True,-82.38,-123.609825,-144.53671,-83.40629,False
2018-08-26 11:55:00,-128.71,91,-117,-119.05,-125.265045,-146.24193,-84.67611,True,-82.09,-121.8705,-142.60857,-82.32488,False
2018-08-26 12:00:00,-127.07,91,-117,-114.84,-122.241005,-143.55266,-82.23415,True,-79.98,-117.69234,-138.68329,-79.06776,True
2018-08-26 12:05:00,-131.23,91,-115,-112.16,-125.00133,-146.40117,-84.85871,True,-79.72,-119.220406,-140.204,-80.82034,False
2018-08-26 12:10:00,-133.37,91,-113,-105.73,-125.931786,-147.8064,-85.0663,True,-76.51,-119.22457,-140.60661,-80.385826,False
2018-08-26 12:15:00,-135.12,91,-110,-103.3,-124.51742,-148.48918,-82.867935,True,-71.77,-115.52236,-138.83574,-76.55018,False
2018-08-26 12:20:00,-136.69,91,-109,-101.0,-121.820694,-146.59158,-82.359215,True,-68.46,-109.68942,-133.4238,-73.57896,False
2018-08-26 12:25:00,-134.82,91,-105,-92.96,-117.94202,-142.82333,-81.35959,True,-69.29,-104.33988,-127.991135,-71.26201,False
2018-08-26 12:30:00,-131.9,91,-103,-88.03,-113.34684,-138.74396,-78.24426,True,-72.71,-98.73955,-122.71918,-67.2472,True
2018-08-26 12:35:00,-130.38,91,-102,-87.15,-110.38769,-136.44453,-76.133835,True,-73.59,-94.868324,-119.35636,-64.36753,True
2018-08-26 12:40:00,-127.0,91,-102,-85.61,-106.681305,-132.86812,-73.483,True,-72.89,-91.050095,-115.65405,-61.571564,True
2018-08-26 12:45:00,-126.94,91,-101,-82.67,-106.213455,-133.18567,-73.837364,True,-74.19,-90.116,-115.45989,-61.547417,True
2018-08-26 12:50:00,-125.19,91,-98,-82.38,-104.789825,-131.87549,-72.377556,True,-75.12,-88.885445,-114.36697,-60.284645,True
2018-08-26 12:55:00,-119.05,91,-96,-82.09,-100.05462,-126.19364,-69.19277,True,-75.75,-85.320435,-110.0517,-57.93678,True
2018-08-26 13:00:00,-114.84,91,-94,-79.98,-97.248985,-122.43547,-66.72032,True,-76.06,-83.695305,-107.67366,-56.38868,True
2018-08-26 13:05:00,-112.16,91,-92,-79.72,-96.69589,-120.08269,-66.74414,True,-81.88,-84.80348,-107.17233,-57.675007,True
2018-08-26 13:10:00,-105.73,91,-92,-76.51,-92.88059,-114.399605,-64.01118,True,-83.74,-83.22824,-103.98999,-56.612133,True
2018-08-26 13:15:00,-103.3,91,-91,-71.77,-91.38846,-111.87834,-63.294468,True,-85.68,-82.55541,-102.34746,-56.478813,True
2018-08-26 13:20:00,-101.0,91,-87,-68.46,-89.68232,-109.515274,-62.516876,True,-88.15,-81.31873,-100.486244,-56.025238,True
2018-08-26 13:25:00,-92.96,91,-80,-69.29,-83.7839,-102.812546,-58.33002,True,-91.69,-77.04595,-95.60413,-53.079987,True
2018-08-26 13:30:00,-88.03,91,-81,-72.71,-80.01705,-98.47055,-55.590157,True,-97.35999,-74.16231,-92.229614,-51.0171,False
2018-08-26 13:35:00,-87.15,91,-79,-73.59,-79.23322,-97.75732,-54.98097,True,-99.68,-73.42387,-91.567825,-50.454212,False
2018-08-26 13:40:00,-85.61,91,-77,-72.89,-78.59662,-98.29959,-54.529026,True,-103.19,-73.34711,-92.730934,-50.48036,False
2018-08-26 13:45:00,-82.67,91,-75,-74.19,-76.41244,-95.905,-52.532585,True,-106.87,-71.69116,-90.882416,-48.918976,False
2018-08-26 13:50:00,-82.38,91,-76,-75.12,-76.6881,-96.537964,-52.789658,True,-114.84,-72.29745,-91.84568,-49.463585,False
2018-08-26 13:55:00,-82.09,91,-75,-75.75,-77.825874,-98.88017,-53.239727,True,-135.87,-74.41851,-95.18229,-50.734333,False
2018-08-26 14:00:00,-79.98,91,-75,-76.06,-77.019424,-99.785736,-51.754387,True,-149.69,-74.58231,-97.06076,-50.040413,False
2018-08-26 14:05:00,-79.72,91,-74,-81.88,-77.226555,-98.483864,-51.808567,True,-151.98,-75.13537,-96.07031,-50.374866,False
2018-08-26 14:10:00,-76.51,91,-73,-83.74,-76.227905,-97.26647,-50.756023,True,-152.16,-75.83174,-96.484985,-50.639812,False
2018-08-26 14:15:00,-71.77,91,-70,-85.68,-75.03344,-97.61425,-48.606293,True,-150.44,-77.35473,-99.31594,-50.577744,False
2018-08-26 14:20:00,-68.46,91,-69,-88.15,-74.7476,-98.1112,-47.255558,True,-150.89,-79.378426,-101.8212,-50.970127,False
2018-08-26 14:25:00,-69.29,91,-68,-91.69,-77.485565,-100.51097,-48.583622,True,-151.04,-83.62369,-105.57173,-53.39407,False
2018-08-26 14:30:00,-72.71,91,-69,-97.35999,-82.37509,-104.830574,-51.526657,True,-151.81,-89.766075,-111.1084,-57.186455,False
2018-08-26 14:35:00,-73.59,91,-68,-99.68,-84.92529,-106.437965,-52.929924,True,-153.28,-93.65329,-113.95597,-59.532845,False
2018-08-26 14:40:00,-72.89,91,-66,-103.19,-85.372604,-105.38626,-53.03082,True,-149.5,-94.87283,-113.60716,-60.210583,False
2018-08-26 14:45:00,-74.19,91,-68,-106.87,-87.07292,-105.562584,-53.91834,False,-130.8,-96.701126,-113.96626,-61.16425,False
2018-08-26 14:50:00,-75.12,91,-71,-114.84,-88.97682,-107.322495,-54.4479,False,-110.29,-99.314995,-116.38753,-62.153366,True
2018-08-26 14:55:00,-75.75,91,-71,-135.87,-89.96297,-107.925545,-54.58539,False,-102.03,-100.5846,-117.26707,-62.47467,True
2018-08-26 15:00:00,-76.06,91,-70,-149.69,-90.49615,-107.513214,-54.617367,False,-97.7,-101.12608,-116.89874,-62.5314,True
2018-08-26 15:05:00,-81.88,91,-71,-151.98,-95.555786,-112.551704,-57.867645,False,-97.51999,-105.87281,-121.78432,-65.42437,True
2018-08-26 15:10:00,-83.74,91,-74,-152.16,-98.522644,-117.35115,-58.7907,False,-95.24,-110.01211,-127.61843,-67.023605,True
2018-08-26 15:15:00,-85.68,91,-79,-150.44,-100.307396,-119.27467,-59.892044,False,-94.69,-111.82674,-129.60938,-68.08904,True
2018-08-26 15:20:00,-88.15,91,-81,-150.89,-103.11853,-123.15204,-61.4006,False,-98.13,-115.29341,-134.09613,-69.93273,True
2018-08-26 15:25:00,-91.69,91,-83,-151.04,-105.45737,-123.414024,-63.927727,False,-100.97,-116.5297,-133.47766,-71.750595,True
2018-08-26 15:30:00,-97.35999,91,-86,-151.81,-109.48313,-125.98753,-67.41058,False,-99.21,-119.21478,-134.90915,-74.299355,True
2018-08-26 15:35:00,-99.68,91,-89,-153.28,-111.13669,-126.62416,-68.88274,False,-96.64,-120.2666,-135.024,-75.3741,True
2018-08-26 15:40:00,-103.19,91,-88,-149.5,-114.49272,-129.45287,-71.1451,False,-96.92999,-123.519585,-137.80037,-77.528854,True
2018-08-26 15:45:00,-106.87,91,-89,-130.8,-118.465294,-133.91357,-73.4509,True,-93.69,-127.94442,-142.71997,-80.04886,True
2018-08-26 15:50:00,-114.84,91,-88,-110.29,-124.652145,-139.04576,-78.09212,True,-90.07,-132.60301,-146.46806,-83.61903,True
2018-08-26 15:55:00,-135.87,91,-86,-102.03,-144.18137,-158.90039,-91.131065,True,-88.2,-151.06119,-165.3597,-95.77432,False
2018-08-26 16:00:00,-149.69,91,-84,-97.7,-154.26018,-168.00015,-98.78572,False,-85.57,-157.6953,-171.07678,-101.240234,False
2018-08-26 16:05:00,-151.98,91,-83,-97.51999,-154.43681,-167.74802,-99.37605,False,-81.27,-156.0035,-168.92258,-100.64581,False
2018-08-26 16:10:00,-152.16,91,-85,-95.24,-151.89384,-164.80624,-98.288315,False,-76.68,-151.14064,-163.55168,-98.05477,False
2018-08-26 16:15:00,-150.44,91,-87,-94.69,-148.63663,-161.57727,-96.40246,False,-72.69,-146.62178,-158.98215,-95.32589,False
2018-08-26 16:20:00,-150.89,91,-89,-98.13,-147.80334,-161.0441,-96.08064,True,-68.14,-144.73376,-157.32959,-94.29542,False
2018-08-26 16:25:00,-151.04,91,-89,-100.97,-145.74619,-159.24365,-94.89252,True,-67.29,-140.93925,-153.62639,-91.9205,False
2018-08-26 16:30:00,-151.81,91,-84,-99.21,-144.22,-158.21265,-94.07501,True,-67.2,-137.67665,-150.6765,-89.89022,False
2018-08-26 16:35:00,-153.28,91,-84,-96.64,-142.96625,-157.87321,-93.32901,True,-66.12,-134.44165,-148.12175,-87.73777,False
2018-08-26 16:40:00,-149.5,91,-88,-96.92999,-136.98422,-152.00505,-89.65791,True,-60.27,-127.020706,-140.58461,-82.915245,False
2018-08-26 16:45:00,-130.8,91,-88,-93.69,-118.90311,-132.84853,-77.132744,True,-60.37,-110.09777,-122.6414,-70.888885,False
2018-08-26 16:50:00,-110.29,91,-85,-90.07,-100.87585,-113.534645,-64.4303,True,-60.27,-94.54452,-106.11556,-59.789757,True
2018-08-26 16:55:00,-102.03,91,-83,-88.2,-93.14282,-105.3945,-59.640064,True,-61.98,-87.439606,-98.73079,-55.388706,True
2018-08-26 17:00:00,-97.7,91,-82,-85.57,-88.587296,-101.28531,-56.787918,True,-59.66,-82.978645,-94.77092,-52.55742,True
2018-08-26 17:05:00,-97.51999,91,-82,-81.27,-86.02054,-100.04598,-55.434086,True,-62.24,-79.13533,-92.18887,-50.182068,True
2018-08-26 17:10:00,-95.24,91,-79,-76.68,-81.96486,-97.53674,-52.6951,True,-64.02,-74.226715,-88.84457,-46.750748,True
2018-08-26 17:15:00,-94.69,91,-77,-72.69,-80.59191,-96.690674,-52.189358,True,-63.9,-72.42297,-87.56128,-45.87023,True
2018-08-26 17:20:00,-98.13,91,-75,-68.14,-80.83419,-98.35431,-53.24424,True,-65.26,-70.729996,-87.08174,-45.382362,True
2018-08-26 17:25:00,-100.97,91,-74,-67.29,-82.913704,-99.8209,-56.157345,True,-69.96,-72.072174,-87.63276,-47.64255,True
2018-08-26 17:30:00,-99.21,91,-72,-67.2,-82.045685,-98.407745,-56.64829,True,-74.86001,-71.50666,-86.58798,-48.333164,True
2018-08-26 17:35:00,-96.64,91,-70,-66.12,-81.07229,-96.41057,-56.654697,True,-79.05,-71.34439,-85.52952,-48.96383,True
2018-08-26 17:40:00,-96.92999,91,-70,-60.27,-82.13342,-96.94565,-58.448532,True,-86.12,-72.54745,-86.21053,-50.895187,True
2018-08-26 17:45:00,-93.69,91,-67,-60.37,-78.16753,-94.60434,-55.55856,True,-86.58,-68.08807,-83.45725,-47.641243,False
2018-08-26 17:50:00,-90.07,91,-65,-60.27,-75.511734,-91.611855,-53.36949,True,-83.97,-65.982185,-81.15515,-45.90531,False
2018-08-26 17:55:00,-88.2,91,-66,-61.98,-74.60438,-90.38079,-53.26374,True,-87.68,-65.53054,-80.463776,-46.170288,False
2018-08-26 18:00:00,-85.57,91,-65,-59.66,-73.76765,-89.26473,-52.99235,True,-98.490005,-65.7375,-80.520905,-46.754078,False
2018-08-26 18:05:00,-81.27,91,-62,-62.24,-72.136696,-87.024536,-51.88256,True,-102.83,-65.82127,-80.15652,-47.01514,False
2018-08-26 18:10:00,-76.68,91,-60,-64.02,-70.62543,-85.213036,-50.499615,True,-103.62,-66.33715,-80.487144,-47.25905,False
2018-08-26 18:15:00,-72.69,91,-58,-63.9,-69.32176,-84.320465,-48.69625,True,-100.8,-66.84306,-81.42327,-46.90919,False
2018-08-26 18:20:00,-68.14,91,-58,-65.26,-68.00055,-84.01714,-46.297318,True,-97.54,-67.71265,-83.22699,-46.249264,False
2018-08-26 18:25:00,-67.29,91,-59,-69.96,-68.906624,-83.993164,-46.43136,True,-94.77,-69.80317,-84.30743,-47.312977,False
2018-08-26 18:30:00,-67.2,91,-60,-74.86001,-70.785034,-86.292656,-46.669933,True,-90.2,-73.01589,-87.82668,-48.568295,False
2018-08-26 18:35:00,-66.12,91,-59,-79.05,-71.947,-87.105225,-46.51216,True,-86.67,-75.68012,-89.99472,-49.551918,True
2018-08-26 18:40:00,-60.27,91,-57,-86.12,-69.67833,-85.308205,-43.4321,False,-81.42,-75.72486,-90.08924,-48.27567,True
2018-08-26 18:45:00,-60.37,91,-57,-86.58,-72.21156,-89.15094,-43.360638,True,-71.25,-79.836464,-95.262886,-49.30489,True
2018-08-26 18:50:00,-60.27,91,-59,-83.97,-73.875435,-90.16206,-43.594196,True,-67.29,-82.618866,-97.268196,-50.348156,True
2018-08-26 18:55:00,-61.98,91,-61,-87.68,-76.73139,-91.89377,-44.921097,True,-68.91,-86.204185,-99.778946,-52.165245,True
2018-08-26 19:00:00,-59.66,91,-60,-98.490005,-77.08744,-92.87395,-43.51029,False,-73.34,-88.17924,-102.050575,-51.913662,True
2018-08-26 19:05:00,-62.24,91,-60,-102.83,-79.71514,-93.90524,-44.9518,False,-73.86,-90.776886,-103.28878,-53.289314,True
2018-08-26 19:10:00,-64.02,91,-60,-103.62,-82.15745,-95.973145,-45.70151,False,-69.18,-93.659775,-105.88218,-54.27513,True
2018-08-26 19:15:00,-63.9,91,-58,-100.8,-82.60384,-95.0601,-45.682125,False,-68.41,-94.355484,-105.279564,-54.478428,True
2018-08-26 19:20:00,-65.26,91,-59,-97.54,-83.54441,-94.46132,-46.449677,False,-69.07,-94.94299,-104.52409,-55.019047,True
2018-08-26 19:25:00,-69.96,91,-62,-94.77,-86.38282,-95.72422,-48.996876,True,-70.99,-96.58769,-104.99083,-56.668407,True
2018-08-26 19:30:00,-74.86001,91,-64,-90.2,-89.27579,-97.45695,-51.37336,True,-72.71,-98.08404,-105.66586,-57.996845,True
2018-08-26 19:35:00,-79.05,91,-66,-86.67,-91.37529,-98.7887,-53.051807,True,-72.21,-98.8038,-105.83183,-58.638535,True
2018-08-26 19:40:00,-86.12,91,-70,-81.42,-94.73537,-101.580536,-56.067337,True,-69.41,-99.80556,-106.464714,-59.88628,True
2018-08-26 19:45:00,-86.58,91,-69,-71.25,-93.52266,-100.27316,-55.200565,True,-67.6,-97.46498,-104.03487,-58.19245,True
2018-08-26 19:50:00,-83.97,91,-68,-67.29,-90.58057,-97.67356,-52.593838,True,-67.37,-94.25987,-101.136734,-55.39509,True
2018-08-26 19:55:00,-87.68,91,-72,-68.91,-92.27144,-100.4365,-53.25997,True,-66.45,-94.79832,-102.73508,-55.16644,True
2018-08-26 20:00:00,-98.490005,91,-75,-73.34,-98.39435,-107.86343,-57.88848,True,-67.02,-98.020134,-107.16829,-57.661148,True
2018-08-26 20:05:00,-102.83,91,-75,-73.86,-100.07107,-109.4594,-60.002354,True,-66.7,-97.93394,-106.87578,-58.50122,True
2018-08-26 20:10:00,-103.62,91,-75,-69.18,-99.28751,-108.701645,-59.735897,True,-63.27,-96.138016,-105.00873,-57.49281,True
2018-08-26 20:15:00,-100.8,91,-75,-68.41,-95.64165,-105.94711,-56.583313,True,-62.9,-92.03361,-101.75445,-54.02167,True
2018-08-26 20:20:00,-97.54,91,-77,-69.07,-92.00768,-102.17894,-54.61227,True,-63.18,-88.22756,-97.79768,-51.912582,True
2018-08-26 20:25:00,-94.77,91,-78,-70.99,-89.937004,-100.34708,-52.59381,True,-62.75,-86.60306,-96.497925,-50.2238,True
2018-08-26 20:30:00,-90.2,91,-77,-72.71,-86.427574,-96.61887,-49.794205,True,-61.76,-83.80274,-93.563354,-47.928818,True
2018-08-26 20:35:00,-86.67,91,-77,-72.21,-83.78,-94.27416,-47.339066,True,-63.73,-81.722916,-91.85313,-45.88516,True
2018-08-26 20:40:00,-81.42,91,-76,-69.41,-79.83939,-90.122345,-44.42233,True,-63.01,-78.60092,-88.573906,-43.55574,True
2018-08-26 20:45:00,-71.25,91,-76,-67.6,-72.93418,-82.62169,-39.35789,True,-62.46,-73.618645,-82.9957,-39.919147,True
2018-08-26 20:50:00,-67.29,91,-76,-67.37,-70.06543,-79.275925,-37.501347,True,-62.25,-71.366104,-80.22644,-38.546654,True
2018-08-26 20:55:00,-68.91,91,-77,-66.45,-70.96566,-79.43636,-38.726357,True,-62.49,-71.85772,-80.02567,-39.45859,True
2018-08-26 21:00:00,-73.34,91,-78,-67.02,-73.732315,-81.911415,-41.20305,True,-62.68,-73.66965,-81.60087,-41.198196,True
2018-08-26 21:05:00,-73.86,91,-77,-66.7,-73.98884,-81.93285,-41.643078,True,-61.62,-73.77315,-81.48168,-41.520233,True
2018-08-26 21:10:00,-69.18,91,-76,-63.27,-70.750084,-78.51973,-39.247753,True,-59.45,-71.33567,-78.84914,-39.74881,True
2018-08-26 21:15:00,-68.41,91,-75,-62.9,-70.23735,-77.92424,-38.90406,True,-57.19,-70.94258,-78.375885,-39.50452,True
2018-08-26 21:20:00,-69.07,91,-75,-63.18,-70.10949,-77.58803,-39.265564,True,-55.68,-70.3792,-77.63096,-39.528263,True
2018-08-26 21:25:00,-70.99,91,-75,-62.75,-70.53914,-77.5778,-40.272038,True,-58.14,-69.99668,-76.83723,-39.896217,True
2018-08-26 21:30:00,-72.71,91,-76,-61.76,-70.809395,-77.417336,-41.445393,True,-58.02,-69.469,-75.88805,-40.435066,True
2018-08-26 21:35:00,-72.21,91,-74,-63.73,-69.45993,-76.09833,-41.26321,True,-57.67,-67.64476,-74.098175,-39.86476,True
2018-08-26 21:40:00,-69.41,91,-73,-63.01,-67.29743,-73.507614,-40.10155,True,-57.02,-65.84635,-71.901115,-38.983124,True
2018-08-26 21:45:00,-67.6,91,-73,-62.46,-65.106544,-71.28556,-39.34598,True,-56.87,-63.434914,-69.47827,-38.033203,True
2018-08-26 21:50:00,-67.37,91,-73,-62.25,-63.910137,-70.247574,-39.27203,True,-56.24,-61.65772,-67.87358,-37.47136,True
2018-08-26 21:55:00,-66.45,91,-73,-62.49,-62.53722,-68.79191,-38.8933,True,-56.19,-59.98761,-66.14425,-36.835167,True
2018-08-26 22:00:00,-67.02,91,-74,-62.68,-62.749096,-68.73748,-39.867805,True,-56.43,-59.948364,-65.845955,-37.60115,True
2018-08-26 22:05:00,-66.7,91,-71,-61.62,-61.906406,-68.226814,-40.127247,True,-56.33,-58.731495,-64.972244,-37.53519,True
2018-08-26 22:10:00,-63.27,91,-70,-59.45,-59.00757,-65.75652,-38.291935,True,-56.49,-56.1158,-62.838894,-35.910614,True
2018-08-26 22:15:00,-62.9,91,-71,-57.19,-58.47311,-65.26894,-38.351406,True,-57.49,-55.43063,-62.22158,-35.840397,True
2018-08-26 22:20:00,-63.18,91,-70,-55.68,-58.691635,-65.29811,-38.97593,True,-57.09,-55.576782,-62.18971,-36.40564,True
2018-08-26 22:25:00,-62.75,91,-69,-58.14,-58.407803,-64.830894,-39.11252,True,-56.989998,-55.365337,-61.817066,-36.598026,True
2018-08-26 22:30:00,-61.76,91,-70,-58.02,-57.851875,-63.85653,-39.057343,True,-44.49,-55.084602,-61.1409,-36.763927,True
2018-08-26 22:35:00,-63.73,91,-71,-57.67,-59.530437,-65.23013,-40.53926,True,-45.0,-56.5569,-62.305054,-38.081654,True
2018-08-26 22:40:00,-63.01,91,-70,-57.02,-59.14639,-64.659485,-40.43007,True,-45.0,-56.387573,-61.96492,-38.144165,True
2018-08-26 22:45:00,-62.46,91,-71,-56.87,-58.458984,-64.00662,-40.421097,True,-44.91,-55.578644,-61.204556,-38.019016,True
2018-08-26 22:50:00,-62.25,91,-71,-56.24,-58.098907,-63.801388,-40.364235,True,-44.220005,-55.089344,-60.88326,-37.84613,True
2018-08-26 22:55:00,-62.49,91,-71,-56.19,-58.322746,-63.823776,-41.13637,True,-42.83,-55.276733,-60.873173,-38.5806,True
2018-08-26 23:00:00,-62.68,91,-70,-56.43,-58.352547,-63.964977,-41.69424,True,-39.94,-55.152157,-60.862797,-39.003834,True
2018-08-26 23:05:00,-61.62,91,-70,-56.33,-57.498047,-63.38723,-41.262314,True,-39.52,-54.39967,-60.4087,-38.655167,True
2018-08-26 23:10:00,-59.45,91,-68,-56.49,-56.04502,-61.671776,-40.450737,True,-39.33,-53.448418,-59.215054,-38.25819,True
2018-08-26 23:15:00,-57.19,91,-67,-57.49,-54.40825,-60.02205,-39.345936,True,-37.76,-52.246086,-58.012783,-37.515778,True
2018-08-26 23:20:00,-55.68,91,-67,-57.09,-53.632557,-58.710697,-38.96364,True,-37.98,-52.016937,-57.242607,-37.594715,True
2018-08-26 23:25:00,-58.14,91,-68,-56.989998,-55.69785,-60.64972,-40.83635,True,-37.49,-53.78217,-58.889175,-39.21712,False
2018-08-26 23:30:00,-58.02,91,-67,-44.49,-55.62322,-60.525368,-40.954113,True,-37.71,-53.735615,-58.799377,-39.356617,False
2018-08-26 23:35:00,-57.67,91,-66,-45.0,-55.39337,-60.39151,-40.797165,True,-38.84,-53.59044,-58.75878,-39.270607,False
2018-08-26 23:40:00,-57.02,91,-66,-45.0,-54.763412,-59.95271,-40.037914,True,-40.06,-52.970196,-58.344894,-38.518097,True
2018-08-26 23:45:00,-56.87,91,-66,-44.91,-55.05882,-60.010525,-40.16016,True,-40.37,-53.6161,-58.752666,-38.936043,True
2018-08-26 23:50:00,-56.24,91,-65,-44.220005,-54.54391,-59.629925,-39.508244,True,-41.28,-53.19077,-58.472324,-38.356976,True
2018-08-26 23:55:00,-56.19,91,-65,-42.83,-54.66152,-59.537506,-39.314964,True,-41.82,-53.44582,-58.52182,-38.276257,True
2018-08-27 00:00:00,-56.43,91,-64,-39.94,-54.677277,-59.82256,-38.908688,True,-41.42,-53.290714,-58.66019,-37.723606,True
2018-08-27 00:05:00,-56.33,91,-64,-39.52,-54.600163,-59.70984,-38.723736,True,-41.16,-53.23588,-58.581783,-37.55342,True
2018-08-27 00:10:00,-56.49,91,-64,-39.33,-54.529724,-59.77121,-38.579884,True,-40.17,-52.99123,-58.488235,-37.26048,True
2018-08-27 00:15:00,-57.49,91,-64,-37.76,-55.38326,-60.699493,-38.95201,False,-41.08,-53.74105,-59.32565,-37.54765,True
2018-08-27 00:20:00,-57.09,91,-63,-37.98,-55.35379,-60.655277,-38.467937,False,-42.4,-54.00737,-59.57958,-37.310333,True
2018-08-27 00:25:00,-56.989998,91,-63,-37.49,-55.224415,-61.021557,-37.658638,False,-43.21,-53.859043,-59.951836,-36.484825,True
2018-08-27 00:30:00,-44.49,91,-63,-37.71,-44.764103,-51.396534,-28.759249,True,-43.72,-44.970776,-51.776714,-28.90328,True
2018-08-27 00:35:00,-45.0,91,-64,-38.84,-45.08042,-51.559887,-29.12621,True,-44.220005,-45.14097,-51.82744,-29.1391,True
2018-08-27 00:40:00,-45.0,91,-64,-40.06,-45.12339,-51.521698,-29.210314,True,-44.33,-45.225815,-51.83713,-29.25405,True
2018-08-27 00:45:00,-44.91,91,-65,-40.37,-44.9624,-51.346653,-29.195162,True,-44.23,-45.01598,-51.630867,-29.192587,True
2018-08-27 00:50:00,-44.220005,91,-64,-41.28,-44.382477,-50.596813,-29.000006,True,-43.050003,-44.533413,-50.97711,-29.077728,True
2018-08-27 00:55:00,-42.83,91,-62,-41.82,-43.309765,-49.613937,-27.932951,True,-40.64,-43.721516,-50.228462,-28.232143,True
2018-08-27 01:00:00,-39.94,91,-61,-41.42,-40.933853,-47.61086,-25.702948,True,-40.85,-41.762524,-48.57661,-26.364243,True
2018-08-27 01:05:00,-39.52,91,-62,-41.16,-40.640663,-47.42503,-25.429535,True,-40.76,-41.577076,-48.487312,-26.180185,True
2018-08-27 01:10:00,-39.33,91,-63,-40.17,-40.567257,-47.260075,-25.622858,True,-41.26,-41.60776,-48.421097,-26.458595,True
2018-08-27 01:15:00,-37.76,91,-63,-41.08,-39.232567,-45.809193,-25.017368,True,-41.66,-40.476505,-47.139233,-26.034922,True
2018-08-27 01:20:00,-37.98,91,-62,-42.4,-39.281773,-45.65329,-25.67328,True,-41.85,-40.401016,-46.89405,-26.578445,True
2018-08-27 01:25:00,-37.49,91,-63,-43.21,-38.655437,-44.97564,-25.663937,True,-40.43,-39.677013,-46.140358,-26.482058,True
2018-08-27 01:30:00,-37.71,91,-64,-43.72,-38.576595,-44.97842,-25.844135,True,-40.63,-39.36491,-45.958557,-26.450644,True
2018-08-27 01:35:00,-38.84,91,-64,-44.220005,-39.230175,-45.56167,-26.924429,True,-39.73,-39.636063,-46.229424,-27.188488,True
2018-08-27 01:40:00,-40.06,91,-64,-44.33,-40.2297,-46.2854,-28.282137,True,-41.0,-40.46593,-46.80931,-28.391077,True
2018-08-27 01:45:00,-40.37,91,-63,-44.23,-40.595966,-46.67879,-28.678755,True,-40.89,-40.888138,-47.25849,-28.826393,True
2018-08-27 01:50:00,-41.28,91,-63,-43.050003,-41.24382,-47.269257,-30.036428,True,-37.28,-41.322453,-47.655922,-29.988024,True
2018-08-27 01:55:00,-41.82,91,-64,-40.64,-41.559196,-47.571774,-31.104206,True,-38.23,-41.452793,-47.792038,-30.880152,True
2018-08-27 02:00:00,-41.42,91,-63,-40.85,-41.0459,-47.202614,-31.187817,True,-39.28,-40.841415,-47.333645,-30.865816,True
2018-08-27 02:05:00,-41.16,91,-62,-40.76,-40.734943,-46.904873,-31.55037,True,-39.68,-40.48738,-46.992634,-31.179235,True
2018-08-27 02:10:00,-40.17,91,-60,-41.26,-39.86091,-46.100483,-31.022457,True,-38.76,-39.713737,-46.280167,-30.73303,True
2018-08-27 02:15:00,-41.08,91,-61,-41.66,-40.855907,-47.042557,-31.932976,True,-38.23,-40.794,-47.30909,-31.711397,True
2018-08-27 02:20:00,-42.4,91,-61,-41.85,-42.31489,-48.454475,-32.861443,True,-38.54,-42.38688,-48.855816,-32.755817,True
2018-08-27 02:25:00,-43.21,91,-61,-40.43,-43.099323,-49.49255,-33.18941,True,-38.26,-43.15177,-49.891785,-33.06233,True
2018-08-27 02:30:00,-43.72,91,-62,-40.63,-43.64244,-50.21951,-33.30055,True,-39.34,-43.728874,-50.6631,-33.19929,True
2018-08-27 02:35:00,-44.220005,91,-62,-39.73,-44.077816,-50.859642,-33.418316,True,-39.19,-44.11167,-51.267197,-33.264355,True
2018-08-27 02:40:00,-44.33,91,-62,-41.0,-44.086765,-51.143047,-33.179264,True,-39.26,-44.030304,-51.48082,-32.938873,True
2018-08-27 02:45:00,-44.23,91,-61,-40.89,-43.924377,-51.109447,-32.79961,True,-39.22,-43.813576,-51.407036,-32.50343,True
2018-08-27 02:50:00,-43.050003,91,-60,-37.28,-42.71439,-50.151604,-31.519749,True,-38.74,-42.57071,-50.432495,-31.186174,True
2018-08-27 02:55:00,-40.64,91,-59,-38.23,-40.275105,-48.04129,-29.387957,True,-37.2,-40.086617,-48.292866,-29.005545,True
2018-08-27 03:00:00,-40.85,91,-59,-39.28,-40.455486,-48.18987,-29.64749,True,-35.44,-40.23991,-48.428658,-29.229927,True
2018-08-27 03:05:00,-40.76,91,-59,-39.68,-40.63742,-48.368668,-29.640959,True,-34.48,-40.67505,-48.834827,-29.44405,True
2018-08-27 03:10:00,-41.26,91,-60,-38.76,-41.3749,-49.086975,-29.974838,True,-33.33,-41.63504,-49.75655,-29.971924,True
2018-08-27 03:15:00,-41.66,91,-60,-38.23,-41.89057,-49.395473,-30.586323,True,-31.99,-42.257275,-50.15533,-30.673037,True
2018-08-27 03:20:00,-41.85,91,-60,-38.54,-42.268635,-49.620583,-30.952173,True,-32.38,-42.8094,-50.54067,-31.185335,True
2018-08-27 03:25:00,-40.43,91,-60,-38.26,-41.153923,-48.459,-30.147278,True,-32.81,-41.96664,-49.614574,-30.61684,True
2018-08-27 03:30:00,-40.63,91,-61,-39.34,-41.341667,-48.588375,-30.509354,True,-33.89,-42.149193,-49.74036,-30.965778,True
2018-08-27 03:35:00,-39.73,91,-60,-39.19,-40.57381,-47.729504,-30.058432,True,-34.15,-41.503933,-48.979073,-30.617695,True
2018-08-27 03:40:00,-41.0,91,-61,-39.26,-41.642128,-48.81776,-31.224937,True,-35.22,-42.400505,-49.92099,-31.62109,True
2018-08-27 03:45:00,-40.89,91,-60,-39.22,-41.250675,-48.9516,-30.82686,True,-35.46,-41.753902,-49.842518,-30.982744,True
2018-08-27 03:50:00,-37.28,91,-59,-38.74,-37.509636,-45.99558,-27.289658,True,-34.66,-37.872253,-46.774567,-27.309076,True
2018-08-27 03:55:00,-38.23,91,-60,-37.2,-38.39902,-46.856663,-28.116581,True,-35.88,-38.70878,-47.590477,-28.078876,True
2018-08-27 04:00:00,-39.28,91,-60,-35.44,-39.545174,-47.814262,-29.163467,True,-37.15,-39.949757,-48.624294,-29.205006,True
2018-08-27 04:05:00,-39.68,91,-61,-34.48,-40.01224,-48.23694,-29.633192,True,-36.86,-40.484734,-49.111687,-29.72504,True
2018-08-27 04:10:00,-38.76,91,-61,-33.33,-38.915443,-47.34536,-28.942022,True,-39.46,-39.217434,-48.068146,-28.86888,True
2018-08-27 04:15:00,-38.23,91,-61,-31.99,-38.506126,-47.03597,-28.439022,True,-42.12,-38.919365,-47.86121,-28.461277,True
2018-08-27 04:20:00,-38.54,91,-63,-32.38,-38.819984,-47.606205,-28.497984,True,-43.32,-39.23492,-48.438236,-28.523062,True
2018-08-27 04:25:00,-38.26,91,-64,-32.81,-38.7142,-47.574142,-28.218416,True,-44.19,-39.291126,-48.55235,-28.387554,True
2018-08-27 04:30:00,-39.34,91,-63,-33.89,-39.77427,-48.738956,-28.900414,True,-43.98,-40.33713,-49.71826,-29.051586,True
2018-08-27 04:35:00,-39.19,91,-63,-34.15,-39.698563,-48.389084,-29.172045,True,-45.52,-40.330666,-49.420296,-29.37628,True
2018-08-27 04:40:00,-39.26,91,-62,-35.22,-39.846054,-48.571407,-29.108603,True,-45.96,-40.5498,-49.66752,-29.374334,True
2018-08-27 04:45:00,-39.22,91,-61,-35.46,-39.84138,-48.75764,-28.822952,True,-45.94,-40.57394,-49.87862,-29.115435,True
2018-08-27 04:50:00,-38.74,91,-61,-34.66,-39.49594,-49.27783,-27.485407,True,-47.83,-40.3495,-50.525135,-27.889553,True
2018-08-27 04:55:00,-37.2,91,-60,-35.88,-37.972916,-48.636673,-25.559143,True,-49.71,-38.832615,-49.89829,-25.971315,True
2018-08-27 05:00:00,-35.44,91,-60,-37.15,-36.107075,-47.1229,-23.99161,True,-49.1,-36.858795,-48.29319,-24.301592,False
2018-08-27 05:05:00,-34.48,91,-61,-36.86,-35.066067,-46.27887,-23.159897,True,-47.35,-35.732952,-47.372448,-23.391527,True
2018-08-27 05:10:00,-33.33,91,-63,-39.46,-34.025864,-45.9601,-21.805094,True,-46.53,-34.791454,-47.14418,-22.12349,True
2018-08-27 05:15:00,-31.99,91,-64,-42.12,-32.793232,-45.14653,-20.401928,True,-45.39,-33.65784,-46.407196,-20.807255,True
2018-08-27 05:20:00,-32.38,91,-67,-43.32,-33.263855,-45.437572,-20.89077,True,-45.45,-34.20643,-46.755966,-21.363297,True
2018-08-27 05:25:00,-32.81,91,-67,-44.19,-33.95926,-46.398167,-21.067951,True,-45.93,-35.150814,-47.912724,-21.76829,True
2018-08-27 05:30:00,-33.89,91,-64,-43.98,-35.37921,-47.78294,-22.027794,True,-47.0,-36.886055,-49.544052,-23.01445,True
2018-08-27 05:35:00,-34.15,91,-65,-45.52,-36.069145,-48.76683,-22.088202,True,-47.01,-37.965878,-50.825882,-23.429283,True
2018-08-27 05:40:00,-35.22,91,-62,-45.96,-37.30513,-49.745365,-23.116247,True,-46.86,-39.35164,-51.92943,-24.592297,True
2018-08-27 05:45:00,-35.46,91,-60,-45.94,-37.694542,-50.032036,-23.43386,True,-49.08,-39.874317,-52.32696,-25.0287,True
2018-08-27 05:50:00,-34.66,91,-62,-47.83,-37.052467,-49.640255,-22.730906,True,-48.9,-39.368248,-52.021935,-24.45543,True
2018-08-27 05:55:00,-35.88,91,-62,-49.71,-38.253284,-50.659542,-23.827793,True,-49.98,-40.543552,-53.030567,-25.529089,True
2018-08-27 06:00:00,-37.15,91,-63,-49.1,-39.57276,-52.231445,-24.637638,True,-52.89,-41.89753,-54.63988,-26.364016,True
2018-08-27 06:05:00,-36.86,91,-64,-47.35,-39.37415,-52.57739,-24.088303,True,-53.51,-41.77473,-55.032215,-25.882044,True
2018-08-27 06:10:00,-39.46,91,-65,-46.53,-41.664005,-54.550274,-26.109211,True,-53.13,-43.788086,-56.811985,-27.650928,True
2018-08-27 06:15:00,-42.12,91,-66,-45.39,-43.92325,-55.849426,-28.750729,True,-53.24,-45.696476,-57.857315,-29.96844,True
2018-08-27 06:20:00,-43.32,91,-66,-45.45,-44.81212,-56.559723,-29.67722,True,-54.34,-46.307453,-58.342644,-30.642752,True
2018-08-27 06:25:00,-44.19,91,-67,-45.93,-45.549904,-57.57588,-30.0886,True,-53.85,-46.925587,-59.260002,-30.945078,True
2018-08-27 06:30:00,-43.98,91,-67,-47.0,-45.364452,-58.04854,-29.618082,True,-55.5,-46.759068,-59.74409,-30.491964,True
2018-08-27 06:35:00,-45.52,91,-68,-47.01,-46.850613,-59.99522,-30.478706,True,-55.82,-48.197285,-61.655624,-31.306948,True
2018-08-27 06:40:00,-45.96,91,-68,-46.86,-47.30353,-60.794537,-30.588392,True,-55.39,-48.6622,-62.467308,-31.422049,True
2018-08-27 06:45:00,-45.94,91,-68,-49.08,-47.173515,-60.422516,-30.81649,True,-54.53,-48.430923,-61.99861,-31.563765,True
2018-08-27 06:50:00,-47.83,91,-70,-48.9,-48.9723,-61.56456,-32.66093,True,-53.86,-50.15285,-63.079407,-33.330906,True
2018-08-27 06:55:00,-49.71,91,-68,-49.98,-50.86044,-63.416115,-34.129326,True,-55.19,-52.05169,-64.941734,-34.804764,True
2018-08-27 07:00:00,-49.1,91,-67,-52.89,-50.374493,-63.143875,-33.57941,True,-57.01,-51.673733,-64.75317,-34.35183,True
2018-08-27 07:05:00,-47.35,91,-68,-53.51,-48.766994,-61.749443,-32.143276,True,-57.61,-50.188828,-63.448254,-33.028812,True
2018-08-27 07:10:00,-46.53,91,-69,-53.13,-48.14912,-61.1813,-31.54953,True,-59.71,-49.751156,-63.02586,-32.59412,True
2018-08-27 07:15:00,-45.39,91,-70,-53.24,-47.107845,-60.176125,-30.696388,True,-64.04,-48.79386,-62.073467,-31.824745,False
2018-08-27 07:20:00,-45.45,91,-70,-54.34,-47.12583,-60.206882,-30.678602,True,-67.95,-48.770393,-62.068306,-31.770893,False
2018-08-27 07:25:00,-45.93,91,-70,-53.85,-47.53518,-60.639164,-30.96311,True,-71.6,-49.111275,-62.439266,-31.997425,False
2018-08-27 07:30:00,-47.0,91,-70,-55.5,-48.47408,-61.556747,-31.798895,True,-74.36,-49.928135,-63.252613,-32.72688,False
2018-08-27 07:35:00,-47.01,91,-70,-55.82,-48.357002,-61.384926,-31.865215,True,-75.8,-49.692,-62.97181,-32.69216,False
2018-08-27 07:40:00,-46.86,91,-71,-55.39,-48.031822,-60.955727,-31.83837,True,-78.71,-49.204124,-62.39357,-32.525566,False
2018-08-27 07:45:00,-49.08,91,-70,-54.53,-50.045948,-62.952515,-33.547287,True,-79.06,-51.029873,-64.227745,-34.066895,False
2018-08-27 07:50:00,-48.9,91,-70,-53.86,-49.820255,-62.907856,-33.32179,True,-77.82,-50.75781,-64.132126,-33.805122,False
2018-08-27 07:55:00,-49.98,91,-71,-55.19,-50.77259,-63.78586,-34.314354,True,-76.41,-51.591,-64.89963,-34.693604,False
2018-08-27 08:00:00,-52.89,91,-69,-57.01,-53.56173,-66.75868,-36.37463,True,-71.41,-54.2691,-67.77031,-36.657284,False
2018-08-27 08:05:00,-53.51,91,-67,-57.61,-54.081062,-67.33866,-36.87245,True,-68.99,-54.691784,-68.256355,-37.0736,False
2018-08-27 08:10:00,-53.13,91,-67,-59.71,-53.718895,-66.659386,-36.948685,True,-67.9,-54.340233,-67.57373,-37.161366,False
2018-08-27 08:15:00,-53.24,91,-67,-64.04,-53.893013,-66.58908,-37.30639,True,-64.62,-54.569965,-67.54328,-37.570034,True
2018-08-27 08:20:00,-54.34,91,-67,-67.95,-54.99755,-67.737816,-38.171875,False,-59.93,-55.67474,-68.68262,-38.442753,True
2018-08-27 08:25:00,-53.85,91,-67,-71.6,-54.448166,-67.17783,-37.693016,False,-55.56,-55.063904,-68.05891,-37.91633,True
2018-08-27 08:30:00,-55.5,91,-65,-74.36,-56.053745,-68.67803,-38.936634,False,-52.56,-56.624146,-69.505875,-39.128677,True
2018-08-27 08:35:00,-55.82,91,-64,-75.8,-56.38094,-69.09634,-39.119724,False,-48.26,-56.953434,-69.91876,-39.319897,True
2018-08-27 08:40:00,-55.39,91,-65,-78.71,-55.959812,-68.80365,-38.657513,False,-46.67,-56.534378,-69.61767,-38.868996,True
2018-08-27 08:45:00,-54.53,91,-66,-79.06,-55.126003,-68.1768,-37.852627,False,-44.91,-55.719566,-68.9987,-38.08988,True
2018-08-27 08:50:00,-53.86,91,-66,-77.82,-54.456177,-67.85617,-37.125057,False,-43.54,-55.04443,-68.660995,-37.370808,True
2018-08-27 08:55:00,-55.19,91,-65,-76.41,-55.672443,-69.15383,-38.07191,False,-41.83,-56.150757,-69.85187,-38.228992,True
2018-08-27 09:00:00,-57.01,91,-66,-71.41,-57.271378,-70.61594,-39.458607,False,-41.74,-57.538223,-71.11122,-39.439964,True
2018-08-27 09:05:00,-57.61,91,-66,-68.99,-57.72175,-71.00288,-39.904144,True,-41.53,-57.842434,-71.35366,-39.766087,True
2018-08-27 09:10:00,-59.71,91,-66,-67.9,-59.71534,-72.85689,-41.63921,True,-42.53,-59.728577,-73.09331,-41.415764,True
2018-08-27 09:15:00,-64.04,91,-68,-64.62,-63.894665,-76.98074,-45.043564,True,-41.47,-63.757545,-77.06139,-44.69595,False
2018-08-27 09:20:00,-67.95,91,-69,-59.93,-67.73621,-80.929375,-48.04714,True,-39.62,-67.5257,-80.92628,-47.643246,False
2018-08-27 09:25:00,-71.6,91,-67,-55.56,-71.38617,-84.78817,-50.79959,True,-37.6,-71.16691,-84.76172,-50.397278,False
2018-08-27 09:30:00,-74.36,91,-65,-52.56,-74.12706,-87.66055,-52.850025,False,-40.53,-73.88074,-87.596176,-52.432194,False
2018-08-27 09:35:00,-75.8,91,-65,-48.26,-75.5932,-89.16818,-53.921223,False,-42.61,-75.364075,-89.11027,-53.525063,False
2018-08-27 09:40:00,-78.71,91,-60,-46.67,-78.43475,-92.12745,-56.050835,False,-43.37,-78.129776,-91.98108,-55.602886,False
2018-08-27 09:45:00,-79.06,91,-56,-44.91,-78.6105,-92.29106,-56.247467,False,-43.85,-78.12884,-91.960464,-55.665348,False
2018-08-27 09:50:00,-77.82,91,-54,-43.54,-77.3108,-90.92625,-55.29099,False,-44.04,-76.766426,-90.52613,-54.666836,False
2018-08-27 09:55:00,-76.41,91,-53,-41.83,-75.87916,-89.50863,-54.169617,False,-42.4,-75.31093,-89.07745,-53.53642,False
2018-08-27 10:00:00,-71.41,91,-54,-41.74,-70.93724,-84.517784,-50.302288,False,-41.33,-70.42994,-84.143616,-49.730267,False
2018-08-27 10:05:00,-68.99,91,-54,-41.53,-68.56577,-82.15415,-48.457787,False,-39.2,-68.10421,-81.819046,-47.932064,False
2018-08-27 10:10:00,-67.9,91,-54,-42.53,-67.44215,-80.85828,-47.774845,False,-40.6,-66.94503,-80.48052,-47.2265,False
2018-08-27 10:15:00,-64.62,91,-54,-41.47,-64.25839,-77.62498,-45.36675,False,-41.250004,-63.85646,-77.3346,-44.906895,False
2018-08-27 10:20:00,-59.93,91,-55,-39.62,-59.656685,-73.14694,-41.6988,False,-43.09,-59.344646,-72.94018,-41.325146,True
2018-08-27 10:25:00,-55.56,91,-55,-37.6,-55.423744,-69.08569,-38.27931,False,-43.52,-55.24718,-69.00124,-38.033318,True
2018-08-27 10:30:00,-52.56,91,-55,-40.53,-52.475243,-66.41578,-35.802246,True,-44.650005,-52.35201,-66.37421,-35.61459,True
2018-08-27 10:35:00,-48.26,91,-56,-42.61,-48.443634,-63.01056,-32.208984,True,-45.11,-48.58245,-63.194317,-32.265247,True
2018-08-27 10:40:00,-46.67,91,-56,-43.37,-47.056187,-61.94354,-30.889824,True,-44.58,-47.387356,-62.282265,-31.126003,True
2018-08-27 10:45:00,-44.91,91,-56,-43.85,-45.171844,-59.895115,-29.477695,True,-42.7,-45.392662,-60.12901,-29.630026,True
2018-08-27 10:50:00,-43.54,91,-56,-44.04,-43.601322,-58.081104,-28.361143,True,-42.69,-43.6397,-58.15022,-28.364674,True
2018-08-27 10:55:00,-41.83,91,-56,-42.4,-41.832924,-56.29355,-26.956692,True,-43.47,-41.822002,-56.31379,-26.926916,True
2018-08-27 11:00:00,-41.74,91,-57,-41.33,-41.74289,-56.52106,-26.748867,True,-43.51,-41.729588,-56.530457,-26.725243,True
2018-08-27 11:05:00,-41.53,91,-57,-39.2,-41.46068,-56.455555,-26.41413,True,-44.33,-41.38123,-56.40032,-26.341328,True
2018-08-27 11:10:00,-42.53,91,-57,-40.6,-42.286934,-57.041492,-27.171175,True,-44.41,-42.042683,-56.8358,-26.96063,True
2018-08-27 11:15:00,-41.47,91,-55,-41.250004,-41.23948,-56.268105,-26.169518,True,-44.82,-41.010696,-56.068275,-25.982872,True
2018-08-27 11:20:00,-39.62,91,-53,-43.09,-39.80816,-55.822113,-24.46551,True,-47.71,-39.97797,-55.942993,-24.642958,True
2018-08-27 11:25:00,-37.6,91,-53,-43.52,-38.374332,-55.03756,-22.928192,True,-49.57,-39.095352,-55.58661,-23.601833,True
2018-08-27 11:30:00,-40.53,91,-55,-44.650005,-41.35574,-57.10233,-25.697235,True,-53.08,-42.103497,-57.68158,-26.394382,True
2018-08-27 11:35:00,-42.61,91,-54,-45.11,-43.28148,-58.074066,-27.711252,True,-56.47,-43.870895,-58.528038,-28.272533,True
2018-08-27 11:40:00,-43.37,91,-54,-44.58,-43.966393,-58.396946,-28.463703,True,-61.62,-44.479176,-58.784206,-28.961653,False
2018-08-27 11:45:00,-43.85,91,-54,-42.7,-44.378998,-58.606438,-28.89399,True,-66.54,-44.824764,-58.93113,-29.338129,False
2018-08-27 11:50:00,-44.04,91,-54,-42.69,-44.368473,-58.236015,-29.025492,True,-68.17,-44.627342,-58.39334,-29.312479,False
2018-08-27 11:55:00,-42.4,91,-54,-43.47,-42.702076,-56.63826,-27.606133,True,-72.55001,-42.943203,-56.771084,-27.886549,False
2018-08-27 12:00:00,-41.33,91,-53,-43.51,-41.609886,-55.69426,-26.644331,True,-73.15,-41.834732,-55.804504,-26.91784,False
2018-08-27 12:05:00,-39.2,91,-53,-44.33,-39.60421,-54.161472,-24.775007,True,-73.71,-39.951458,-54.360416,-25.168976,False
2018-08-27 12:10:00,-40.6,91,-52,-44.41,-40.93096,-55.763374,-25.819477,True,-72.2,-41.205284,-55.89321,-26.151855,False
2018-08-27 12:15:00,-41.250004,91,-53,-44.82,-41.345463,-56.72002,-26.006306,True,-71.02,-41.40544,-56.657753,-26.157097,False
2018-08-27 12:20:00,-43.09,91,-52,-47.71,-42.791943,-59.082787,-26.8632,True,-68.88,-42.489525,-58.701134,-26.70464,False
2018-08-27 12:25:00,-43.52,91,-52,-49.57,-43.070843,-61.97485,-25.791956,True,-71.86,-42.640823,-61.467964,-25.53875,False
2018-08-27 12:30:00,-44.650005,91,-52,-53.08,-44.119293,-63.59995,-26.227097,True,-79.19,-43.610004,-63.012634,-25.916008,False
2018-08-27 12:35:00,-45.11,91,-52,-56.47,-45.228443,-65.082565,-26.886028,True,-80.14,-45.30508,-64.96307,-27.075882,False
2018-08-27 12:40:00,-44.58,91,-51,-61.62,-46.000675,-67.249954,-26.661755,True,-83.73,-47.256058,-68.051414,-27.833822,False
2018-08-27 12:45:00,-42.7,91,-51,-66.54,-45.289974,-67.10187,-25.560802,True,-85.98,-47.595448,-68.685936,-27.605711,False
2018-08-27 12:50:00,-42.69,91,-50,-68.17,-46.856926,-68.55837,-26.3365,True,-86.57,-50.510674,-71.1641,-29.484203,False
2018-08-27 12:55:00,-43.47,91,-50,-72.55001,-48.845085,-69.597275,-27.703287,False,-86.1,-53.476456,-72.98624,-31.651127,False
2018-08-27 13:00:00,-43.51,91,-50,-73.15,-49.792274,-69.24831,-28.492674,False,-86.06,-55.125065,-73.21748,-33.04262,False
2018-08-27 13:05:00,-44.33,91,-49,-73.71,-51.407375,-70.03217,-29.60959,False,-86.67,-57.328007,-74.50559,-34.64952,False
2018-08-27 13:10:00,-44.41,91,-49,-72.2,-52.57531,-71.057594,-30.097452,False,-88.02,-59.306442,-76.167656,-35.792526,False
2018-08-27 13:15:00,-44.82,91,-48,-71.02,-52.34591,-68.84183,-30.684399,False,-87.35,-58.48989,-73.59032,-35.967354,False
2018-08-27 13:20:00,-47.71,91,-49,-68.88,-54.470337,-69.76994,-32.6507,True,-85.11,-59.880234,-74.04521,-37.31741,False
2018-08-27 13:25:00,-49.57,91,-49,-71.86,-56.16108,-71.594444,-33.719856,False,-86.77,-61.383472,-75.75761,-38.19877,False
2018-08-27 13:30:00,-53.08,91,-49,-79.19,-59.638634,-76.07426,-35.71113,False,-90.18,-64.8069,-80.23342,-40.054913,False
2018-08-27 13:35:00,-56.47,91,-51,-80.14,-62.959263,-80.739555,-37.333206,True,-90.34,-68.05128,-84.86435,-41.51232,False
2018-08-27 13:40:00,-61.62,91,-51,-83.73,-67.63136,-85.97084,-40.42004,True,-87.92,-72.35229,-89.869225,-44.211365,True
2018-08-27 13:45:00,-66.54,91,-53,-85.98,-72.24869,-90.23606,-43.9939,True,-84.11,-76.76101,-94.044914,-47.57286,True
2018-08-27 13:50:00,-68.17,91,-53,-86.57,-73.733055,-90.92901,-45.501507,True,-79.560005,-78.13127,-94.670265,-49.001297,True
2018-08-27 13:55:00,-72.55001,91,-54,-86.1,-77.20442,-93.92486,-48.254787,True,-78.38,-80.85119,-97.03379,-51.16605,True
2018-08-27 14:00:00,-73.15,91,-55,-86.06,-77.799995,-94.75935,-48.399006,True,-78.33,-81.43278,-97.84538,-51.291992,True
2018-08-27 14:05:00,-73.71,91,-56,-86.67,-78.47999,-95.993904,-48.187702,True,-74.11,-82.179535,-99.12504,-51.10551,True
2018-08-27 14:10:00,-72.2,91,-56,-88.02,-77.99359,-96.39281,-46.825584,True,-67.41,-82.49709,-100.225044,-50.306057,True
2018-08-27 14:15:00,-71.02,91,-56,-87.35,-77.21455,-95.65385,-45.793106,True,-64.04,-81.97444,-99.68302,-49.461517,True
2018-08-27 14:20:00,-68.88,91,-57,-85.11,-76.069275,-95.2054,-44.17153,True,-59.09,-81.572136,-99.846756,-48.3685,True
2018-08-27 14:25:00,-71.86,91,-59,-86.77,-78.80583,-97.58562,-45.873215,True,-54.76,-84.07994,-102.07031,-49.865356,True
2018-08-27 14:30:00,-79.19,91,-59,-90.18,-84.99579,-103.71154,-49.910603,True,-52.02,-89.37512,-107.47329,-53.182888,False
2018-08-27 14:35:00,-80.14,91,-59,-90.34,-85.58995,-103.36366,-50.700603,True,-48.73,-89.65193,-106.83857,-53.767757,False
2018-08-27 14:40:00,-83.73,91,-60,-87.92,-87.5515,-103.841805,-52.988903,True,-45.16,-90.28923,-106.086945,-55.131573,False
2018-08-27 14:45:00,-85.98,91,-60,-84.11,-88.52546,-103.70441,-54.533546,True,-43.43,-90.22485,-104.94078,-55.947243,False
2018-08-27 14:50:00,-86.57,91,-61,-79.560005,-87.48574,-101.76416,-54.442013,True,-40.92,-87.885635,-101.68512,-54.911526,False
2018-08-27 14:55:00,-86.1,91,-62,-78.38,-85.766945,-99.923065,-53.409534,True,-38.98,-85.2184,-98.86334,-53.179455,False
2018-08-27 15:00:00,-86.06,91,-62,-78.33,-83.94317,-97.85069,-52.593197,True,-35.82,-82.09068,-95.43708,-51.383972,False
2018-08-27 15:05:00,-86.67,91,-63,-74.11,-82.417336,-96.286995,-52.00608,True,-39.21,-79.062675,-92.2986,-49.649773,False
2018-08-27 15:10:00,-88.02,91,-63,-67.41,-81.40296,-95.53868,-51.83732,True,-43.480003,-76.415,-89.8054,-48.224937,False
2018-08-27 15:15:00,-87.35,91,-64,-64.04,-79.00803,-93.42519,-50.711056,True,-44.01,-72.89659,-86.50216,-46.199844,False
2018-08-27 15:20:00,-85.11,91,-64,-59.09,-75.73833,-90.3339,-49.017067,True,-51.99,-68.9896,-82.758095,-43.95864,True
2018-08-27 15:25:00,-86.77,91,-64,-54.76,-75.50704,-90.68514,-49.498642,True,-62.9,-67.45366,-81.6755,-43.402126,True
2018-08-27 15:30:00,-90.18,91,-64,-52.02,-77.00734,-92.68517,-51.455544,True,-73.27,-67.54219,-82.06487,-44.236206,True
2018-08-27 15:35:00,-90.34,91,-63,-48.73,-76.17426,-92.23948,-51.57029,False,-82.95,-65.96658,-80.790184,-43.718906,False
2018-08-27 15:40:00,-87.92,91,-63,-45.16,-74.11273,-89.970665,-50.807858,False,-87.46,-64.08819,-78.77789,-43.0336,False
2018-08-27 15:45:00,-84.11,91,-63,-43.43,-70.60837,-86.76624,-48.092068,False,-89.6,-60.860573,-75.974785,-40.502625,False
2018-08-27 15:50:00,-79.560005,91,-62,-40.92,-66.57979,-82.91955,-45.102947,False,-88.32,-57.228535,-72.67562,-37.773495,False
2018-08-27 15:55:00,-78.38,91,-62,-38.98,-66.35077,-82.15194,-45.420925,False,-80.72,-57.612503,-72.59254,-38.575935,False
2018-08-27 16:00:00,-78.33,91,-59,-35.82,-66.397446,-82.30764,-45.56904,False,-65.57,-57.68904,-72.7821,-38.76859,True
2018-08-27 16:05:00,-74.11,91,-58,-39.21,-63.44549,-79.69412,-43.210556,False,-51.88,-55.635735,-71.2189,-37.126072,True
2018-08-27 16:10:00,-67.41,91,-57,-43.480003,-57.92447,-75.65831,-38.00507,True,-41.12,-50.99106,-68.26971,-32.616474,True
2018-08-27 16:15:00,-64.04,91,-57,-44.01,-56.203587,-76.865974,-34.93299,True,-33.77,-50.461185,-70.77078,-30.607384,True
2018-08-27 16:20:00,-59.09,91,-58,-51.99,-53.377926,-75.303635,-31.8541,True,-28.66,-49.15111,-70.77687,-28.743725,False
2018-08-27 16:25:00,-54.76,91,-58,-62.9,-51.679146,-73.48586,-30.376802,True,-35.52,-49.34008,-70.73276,-28.759565,True
2018-08-27 16:30:00,-52.02,91,-57,-73.27,-51.179985,-72.703926,-29.753878,False,-44.38,-50.472862,-71.38108,-29.437603,True
2018-08-27 16:35:00,-48.73,91,-56,-82.95,-50.14383,-71.7485,-28.408081,False,-53.32,-51.08586,-71.78249,-29.406893,True
2018-08-27 16:40:00,-45.16,91,-56,-87.46,-48.880264,-71.3378,-26.43537,False,-55.69,-51.494408,-72.623,-28.76712,True
2018-08-27 16:45:00,-43.43,91,-55,-89.6,-49.84197,-74.64541,-25.30755,False,-55.39,-54.33239,-77.24097,-29.06343,True
2018-08-27 16:50:00,-40.92,91,-55,-88.32,-50.490803,-77.00933,-24.092747,False,-51.8,-57.09239,-80.997795,-29.44288,True
2018-08-27 16:55:00,-38.98,91,-53,-80.72,-51.294773,-77.04821,-23.972607,False,-48.61,-59.64876,-82.21959,-30.707548,True
2018-08-27 17:00:00,-35.82,91,-53,-65.57,-51.074184,-76.55301,-22.91149,True,-48.63,-61.261543,-82.838165,-31.140104,True
2018-08-27 17:05:00,-39.21,91,-53,-51.88,-54.82768,-78.013756,-25.411951,True,-47.87,-65.03494,-84.66867,-33.582478,True
2018-08-27 17:10:00,-43.480003,91,-55,-41.12,-58.87873,-80.499916,-27.898094,True,-46.31,-68.77578,-87.317986,-35.687904,True
2018-08-27 17:15:00,-44.01,91,-55,-33.77,-58.89898,-78.513306,-27.986116,True,-46.87,-68.27063,-85.02338,-35.443386,True
2018-08-27 17:20:00,-51.99,91,-57,-28.66,-64.17454,-81.66031,-31.955254,False,-46.78,-71.71694,-87.25915,-37.837498,True
2018-08-27 17:25:00,-62.9,91,-56,-35.52,-72.48043,-89.63075,-37.252625,False,-44.28,-78.40286,-94.32708,-41.673004,True
2018-08-27 17:30:00,-73.27,91,-56,-44.38,-80.235405,-97.43676,-42.038933,True,-40.83,-84.52924,-100.92596,-45.150234,False
2018-08-27 17:35:00,-82.95,91,-55,-53.32,-86.9949,-103.876915,-46.62569,True,-39.4,-89.40879,-105.6927,-48.395935,False
2018-08-27 17:40:00,-87.46,91,-56,-55.69,-89.67663,-106.27606,-48.42613,True,-37.56,-90.87188,-106.91283,-49.362015,False
2018-08-27 17:45:00,-89.6,91,-57,-55.39,-90.03227,-105.93463,-49.147697,True,-37.51,-90.04088,-105.374405,-49.280003,False
2018-08-27 17:50:00,-88.32,91,-60,-51.8,-87.93517,-103.44684,-47.85227,True,-38.81,-87.41536,-102.33768,-47.617786,False
2018-08-27 17:55:00,-80.72,91,-60,-48.61,-82.22453,-98.16814,-43.127598,True,-39.26,-82.91075,-98.26486,-43.71453,False
2018-08-27 18:00:00,-65.57,91,-60,-48.63,-71.37263,-87.43364,-35.090958,True,-38.06,-74.59543,-89.77278,-37.51778,True
2018-08-27 18:05:00,-51.88,91,-61,-47.87,-61.7146,-78.61961,-27.616127,True,-35.4,-67.15784,-82.44229,-31.868368,True
2018-08-27 18:10:00,-41.12,91,-60,-46.31,-54.14259,-72.27219,-21.541422,True,-33.32,-61.299133,-76.81055,-27.398787,True
2018-08-27 18:15:00,-33.77,91,-59,-46.87,-49.08221,-68.240074,-17.29082,True,-32.36,-57.422367,-73.01687,-24.366623,True
2018-08-27 18:20:00,-28.66,91,-59,-46.78,-45.030964,-65.01967,-14.012087,True,-29.24,-53.908447,-69.65123,-21.748756,True
2018-08-27 18:25:00,-35.52,91,-59,-44.28,-47.932167,-65.91736,-17.075886,True,-30.86,-54.514046,-69.58921,-22.725164,True
2018-08-27 18:30:00,-44.38,91,-58,-40.83,-52.152287,-68.27536,-21.352354,True,-32.24,-56.15014,-70.57272,-24.714724,True
2018-08-27 18:35:00,-53.32,91,-59,-39.4,-56.12944,-72.022514,-24.711973,True,-34.79,-57.420025,-72.41229,-25.808002,True
2018-08-27 18:40:00,-55.69,91,-59,-37.56,-55.93966,-71.6224,-25.294704,True,-35.61,-55.84634,-70.8905,-25.292015,True
2018-08-27 18:45:00,-55.39,91,-58,-37.51,-54.781483,-70.64763,-25.004515,True,-35.46,-54.218807,-69.53268,-24.632538,True
2018-08-27 18:50:00,-51.8,91,-56,-38.81,-51.40452,-67.331215,-23.178865,True,-33.67,-50.95758,-66.325,-22.892723,True
2018-08-27 18:55:00,-48.61,91,-56,-39.26,-48.35416,-63.502285,-22.118147,True,-32.37,-47.984474,-62.5756,-21.890139,True
2018-08-27 19:00:00,-48.63,91,-57,-38.06,-47.393166,-61.819412,-22.561663,True,-34.17,-46.457783,-60.46095,-21.861269,True
2018-08-27 19:05:00,-47.87,91,-56,-35.4,-46.09313,-59.970745,-22.643541,True,-34.68,-44.82502,-58.356346,-21.659655,True
2018-08-27 19:10:00,-46.31,91,-55,-33.32,-44.455788,-57.96917,-22.310188,True,-34.05,-43.11489,-56.307163,-21.25933,True
2018-08-27 19:15:00,-46.87,91,-56,-32.36,-44.415127,-57.593235,-23.142422,True,-31.76,-42.680805,-55.61431,-21.758976,True
2018-08-27 19:20:00,-46.78,91,-55,-29.24,-44.385235,-57.483307,-23.573544,True,-28.03,-42.66553,-55.525173,-22.207003,True
2018-08-27 19:25:00,-44.28,91,-54,-30.86,-42.66785,-55.594093,-22.62279,True,-23.59,-41.42156,-54.05344,-21.654764,True
2018-08-27 19:30:00,-40.83,91,-54,-32.24,-40.423332,-53.56982,-20.946222,True,-18.33,-39.93895,-52.659595,-20.630241,False
2018-08-27 19:35:00,-39.4,91,-53,-34.79,-39.401234,-52.924885,-20.069618,True,-18.14,-39.18035,-52.22633,-19.980278,False
2018-08-27 19:40:00,-37.56,91,-53,-35.61,-38.054733,-51.64865,-19.109695,True,-20.5,-38.16239,-51.209732,-19.304985,True
2018-08-27 19:45:00,-37.51,91,-54,-35.46,-38.175762,-51.349567,-19.477104,True,-24.46,-38.401608,-51.018078,-19.776289,True
2018-08-27 19:50:00,-38.81,91,-54,-33.67,-38.748325,-51.449417,-20.293709,True,-25.26,-38.487324,-50.759533,-20.171656,True
2018-08-27 19:55:00,-39.26,91,-55,-32.37,-38.5663,-51.313038,-20.186794,True,-25.67,-37.871704,-50.283337,-19.689869,True
2018-08-27 20:00:00,-38.06,91,-54,-34.17,-37.700417,-51.009747,-19.08908,True,-23.87,-37.23001,-50.157375,-18.78477,True
2018-08-27 20:05:00,-35.4,91,-53,-34.68,-35.800526,-49.72311,-17.017685,True,-23.46,-35.858612,-49.279995,-17.16606,True
2018-08-27 20:10:00,-33.32,91,-53,-34.05,-34.59908,-49.14397,-15.401774,True,-22.4,-35.27998,-49.163696,-16.083645,True
2018-08-27 20:15:00,-32.36,91,-53,-31.76,-34.24958,-48.74966,-14.77438,True,-23.96,-35.361343,-49.08363,-15.827037,True
2018-08-27 20:20:00,-29.24,91,-50,-28.03,-32.224262,-45.846355,-13.705545,True,-25.0,-34.125748,-46.74993,-15.459619,True
2018-08-27 20:25:00,-30.86,91,-51,-23.59,-33.811527,-46.213806,-15.475978,True,-25.39,-35.669857,-47.13873,-17.197384,True
2018-08-27 20:30:00,-32.24,91,-50,-18.33,-34.976124,-46.432453,-16.776909,True,-25.5,-36.67903,-47.30322,-18.363361,True
2018-08-27 20:35:00,-34.79,91,-51,-18.14,-36.937134,-47.836155,-18.489885,False,-28.36,-38.21417,-48.42899,-19.697117,True
2018-08-27 20:40:00,-35.61,91,-51,-20.5,-37.68203,-48.291454,-19.113066,True,-29.01,-38.896446,-48.852432,-20.262403,True
2018-08-27 20:45:00,-35.46,91,-50,-24.46,-37.46996,-48.225792,-18.804323,True,-29.75,-38.639153,-48.752697,-19.911184,True
2018-08-27 20:50:00,-33.67,91,-49,-25.26,-36.09526,-47.098236,-17.579767,True,-31.77,-37.55868,-47.835934,-18.94557,True
2018-08-27 20:55:00,-32.37,91,-48,-25.67,-34.908493,-45.990746,-16.792175,True,-32.44,-36.46274,-46.790802,-18.240477,True
2018-08-27 21:00:00,-34.17,91,-50,-23.87,-35.855812,-46.118233,-18.39682,True,-32.94,-36.82309,-46.52705,-19.329947,True
2018-08-27 21:05:00,-34.68,91,-51,-23.46,-35.768562,-45.625107,-19.065712,True,-33.21,-36.326935,-45.74474,-19.642708,True
2018-08-27 21:10:00,-34.05,91,-52,-22.4,-34.92609,-44.241795,-19.123568,True,-32.83,-35.34467,-44.27595,-19.583158,True
2018-08-27 21:15:00,-31.76,91,-52,-23.96,-32.70503,-42.02761,-17.91941,True,-33.58,-33.19201,-42.12642,-18.444569,True
2018-08-27 21:20:00,-28.03,91,-54,-25.0,-28.984774,-38.704277,-15.143505,True,-32.99,-29.49959,-38.824135,-15.699423,True
2018-08-27 21:25:00,-23.59,91,-54,-25.39,-24.77919,-35.234756,-11.681217,True,-33.76,-25.500963,-35.50013,-12.420168,True
2018-08-27 21:30:00,-18.33,91,-53,-25.5,-19.99135,-31.577246,-7.5353456,True,-33.2,-21.11574,-32.09424,-8.625948,False
2018-08-27 21:35:00,-18.14,91,-51,-28.36,-19.727669,-31.171669,-7.621411,True,-32.74,-20.804655,-31.667858,-8.6674385,False
2018-08-27 21:40:00,-20.5,91,-51,-29.01,-21.644245,-32.179733,-9.862548,True,-32.62,-22.367378,-32.46609,-10.597493,False
2018-08-27 21:45:00,-24.46,91,-50,-29.75,-25.143143,-34.38784,-13.5497465,True,-31.26,-25.497585,-34.44851,-13.961558,True
2018-08-27 21:50:00,-25.26,91,-51,-31.77,-25.952898,-34.57786,-14.664341,True,-32.1,-26.32111,-34.67489,-15.090652,True
2018-08-27 21:55:00,-25.67,91,-51,-32.44,-26.131422,-34.490314,-15.189389,True,-32.16,-26.31897,-34.464073,-15.454169,True
2018-08-27 22:00:00,-23.87,91,-51,-32.94,-24.46081,-32.99598,-13.851359,True,-32.94,-24.75831,-33.06104,-14.211572,True
2018-08-27 22:05:00,-23.46,91,-51,-33.21,-23.989351,-32.631584,-13.48878,False,-32.93,-24.238174,-32.66434,-13.801914,False
2018-08-27 22:10:00,-22.4,91,-52,-32.83,-23.044933,-31.714989,-12.880452,False,-31.71,-23.39407,-31.833147,-13.279956,True
2018-08-27 22:15:00,-23.96,91,-53,-33.58,-24.21762,-32.6539,-14.0954275,False,-30.17,-24.245853,-32.53717,-14.207645,True
2018-08-27 22:20:00,-25.0,91,-53,-32.99,-25.024632,-33.320168,-15.076782,True,-28.76,-24.861485,-33.065346,-15.015161,True
2018-08-27 22:25:00,-25.39,91,-51,-33.76,-25.02614,-33.462006,-15.186653,False,-28.16,-24.52997,-32.94861,-14.827871,True
2018-08-27 22:30:00,-25.5,91,-51,-33.2,-24.804932,-33.355667,-15.20479,True,-27.45,-24.021011,-32.62053,-14.589244,True
2018-08-27 22:35:00,-28.36,91,-51,-32.74,-27.36615,-35.492023,-17.609943,True,-27.35,-26.336784,-34.56184,-16.776426,True
2018-08-27 22:40:00,-29.01,91,-50,-32.62,-27.962048,-36.16888,-18.049517,True,-25.64,-26.887539,-35.210686,-17.173426,True
2018-08-27 22:45:00,-29.75,91,-50,-31.26,-28.716967,-36.821056,-18.769423,True,-20.23,-27.658691,-35.885715,-17.903751,True
2018-08-27 22:50:00,-31.77,91,-50,-32.1,-30.427418,-38.391033,-20.137436,True,-18.31,-29.114586,-37.24708,-19.047504,False
2018-08-27 22:55:00,-32.44,91,-50,-32.16,-31.06201,-39.0786,-20.453167,True,-9.93,-29.72355,-37.923016,-19.337936,False
2018-08-27 23:00:00,-32.94,91,-50,-32.94,-31.769964,-39.69684,-20.868141,True,-3.8099997,-30.620218,-38.71038,-19.913836,False
2018-08-27 23:05:00,-33.21,91,-49,-32.93,-32.05338,-39.780216,-21.211704,True,4.889999,-30.920551,-38.816967,-20.26809,False
2018-08-27 23:10:00,-32.83,91,-49,-31.71,-31.791523,-39.359585,-21.043087,True,7.979999,-30.763306,-38.49685,-20.186659,False
2018-08-27 23:15:00,-33.58,91,-49,-30.17,-32.537327,-39.91685,-21.638336,True,4.85,-31.515368,-39.06807,-20.78402,False
2018-08-27 23:20:00,-32.99,91,-49,-28.76,-31.966774,-39.41349,-21.0637,True,-0.7099994,-30.961634,-38.5928,-20.219425,False
2018-08-27 23:25:00,-33.76,91,-49,-28.16,-32.676804,-40.405994,-21.030865,True,-5.3300004,-31.629206,-39.56376,-20.146563,False
2018-08-27 23:30:00,-33.2,91,-49,-27.45,-32.146206,-40.493275,-19.840754,True,-9.05,-31.123016,-39.692726,-18.974213,False
2018-08-27 23:35:00,-32.74,91,-48,-27.35,-31.659384,-40.421925,-18.971506,True,-9.77,-30.61155,-39.620533,-18.080006,False
2018-08-27 23:40:00,-32.62,91,-47,-25.64,-31.405819,-40.681923,-18.246155,True,-12.58,-30.240286,-39.804844,-17.24976,False
2018-08-27 23:45:00,-31.26,91,-46,-20.23,-30.163654,-39.793373,-16.921898,True,-19.3,-29.096727,-39.01913,-16.007248,True
2018-08-27 23:50:00,-32.1,91,-47,-18.31,-30.882545,-40.467026,-17.491127,True,-22.22,-29.721413,-39.62355,-16.49286,True
2018-08-27 23:55:00,-32.16,91,-46,-9.93,-30.88119,-40.005318,-17.73596,False,-25.16,-29.679491,-39.12925,-16.699383,True
2018-08-28 00:00:00,-32.94,91,-47,-3.8099997,-31.345716,-39.80176,-18.781212,False,-27.59,-29.885397,-38.695908,-17.514128,True
2018-08-28 00:05:00,-32.93,91,-46,4.889999,-31.423761,-39.543392,-18.904226,False,-29.62,-30.054987,-38.519707,-17.71105,True
2018-08-28 00:10:00,-31.71,91,-44,7.979999,-30.242302,-38.47406,-17.71728,False,-31.35,-28.909403,-37.498425,-16.549078,True
2018-08-28 00:15:00,-30.17,91,-44,4.85,-29.050995,-37.37205,-16.426445,False,-31.36,-28.0226,-36.68024,-15.520685,True
2018-08-28 00:20:00,-28.76,91,-43,-0.7099994,-27.900446,-36.319347,-15.337492,False,-29.67,-27.097504,-35.83376,-14.626034,True
2018-08-28 00:25:00,-28.16,91,-44,-5.3300004,-27.453352,-35.953743,-14.800502,False,-28.55,-26.786783,-35.597023,-14.205576,True
2018-08-28 00:30:00,-27.45,91,-46,-9.05,-26.799774,-35.576088,-13.927547,False,-28.87,-26.184328,-35.279976,-13.373946,True
2018-08-28 00:35:00,-27.35,91,-47,-9.77,-26.62001,-35.441563,-13.825409,False,-28.78,-25.939644,-35.1065,-13.209059,True
2018-08-28 00:40:00,-25.64,91,-47,-12.58,-24.795574,-34.00751,-12.315291,True,-28.72,-24.007257,-33.60798,-11.596787,True
2018-08-28 00:45:00,-20.23,91,-49,-19.3,-19.583652,-29.928825,-7.8339963,True,-28.94,-18.935877,-29.67294,-7.234196,True
2018-08-28 00:50:00,-18.31,91,-50,-22.22,-17.522947,-28.40083,-6.1834445,True,-29.64,-16.73862,-28.062466,-5.4557548,False
2018-08-28 00:55:00,-9.93,91,-52,-25.16,-9.359904,-22.27349,0.9440648,False,-32.42,-8.720721,-22.086561,1.5510002,False
2018-08-28 01:00:00,-3.8099997,91,-54,-27.59,-3.9825623,-18.137894,5.3540473,False,-35.4,-3.9807856,-18.39048,5.410991,False
2018-08-28 01:05:00,4.889999,91,-54,-29.62,3.8201501,-13.436962,12.610111,False,-38.89,3.0844133,-14.121522,12.032118,False
2018-08-28 01:10:00,7.979999,91,-52,-31.35,6.526361,-12.0492325,15.121067,False,-38.69,5.482433,-12.9027,14.281792,False
2018-08-28 01:15:00,4.85,91,-50,-31.36,3.9675157,-13.598195,12.811417,False,-37.0,3.3833368,-14.2282095,12.379551,False
2018-08-28 01:20:00,-0.7099994,91,-48,-29.67,-0.6858142,-16.84208,8.871323,False,-35.99,-0.5063403,-17.055237,9.110355,False
2018-08-28 01:25:00,-5.3300004,91,-48,-28.55,-4.907472,-20.093126,5.3923793,False,-33.81,-4.3967233,-20.11928,5.923574,False
2018-08-28 01:30:00,-9.05,91,-49,-28.87,-8.383798,-21.615805,1.5097576,False,-33.81,-7.676707,-21.482677,2.2231061,False
2018-08-28 01:35:00,-9.77,91,-48,-28.78,-9.109148,-21.554552,0.38467756,False,-33.81,-8.416606,-21.419958,1.0951706,False
2018-08-28 01:40:00,-12.58,91,-46,-28.72,-11.7044325,-23.319422,-2.104788,False,-32.69,-10.836138,-23.041637,-1.2318386,False
2018-08-28 01:45:00,-19.3,91,-47,-28.94,-18.065456,-28.515223,-7.6299157,False,-32.59,-16.914711,-27.991272,-6.502255,False
2018-08-28 01:50:00,-22.22,91,-47,-29.64,-20.685995,-31.007292,-9.690358,True,-31.88,-19.279207,-30.277699,-8.334527,False
2018-08-28 01:55:00,-25.16,91,-46,-32.42,-23.545954,-33.311165,-12.436654,True,-31.03,-22.090967,-32.517525,-11.032992,True
2018-08-28 02:00:00,-27.59,91,-47,-35.4,-26.17742,-35.267532,-15.210016,False,-30.89,-24.931402,-34.618263,-13.984523,True
2018-08-28 02:05:00,-29.62,91,-47,-38.89,-28.346792,-37.12306,-17.141403,False,-29.57,-27.251205,-36.60057,-16.044325,True
2018-08-28 02:10:00,-31.35,91,-47,-38.69,-30.371777,-38.84479,-18.902287,True,-29.66,-29.565334,-38.56605,-18.05924,True
2018-08-28 02:15:00,-31.36,91,-45,-37.0,-30.719456,-39.0253,-19.318125,True,-31.13,-30.224102,-39.014484,-18.745224,True
2018-08-28 02:20:00,-29.67,91,-43,-35.99,-29.281021,-37.665173,-18.303963,True,-33.89,-29.004776,-37.847282,-17.916819,True
2018-08-28 02:25:00,-28.55,91,-45,-33.81,-28.20027,-36.679565,-17.678953,True,-35.75,-27.957249,-36.893845,-17.310816,True
2018-08-28 02:30:00,-28.87,91,-45,-33.81,-28.571459,-36.814884,-18.440224,True,-36.94,-28.383091,-37.0698,-18.11207,True
2018-08-28 02:35:00,-28.78,91,-45,-33.81,-28.366392,-36.598427,-18.551218,True,-36.5,-28.075958,-36.766468,-18.119778,True
2018-08-28 02:40:00,-28.72,91,-45,-32.69,-27.931562,-36.327194,-18.645142,True,-36.5,-27.295895,-36.199245,-17.89212,False
2018-08-28 02:45:00,-28.94,91,-46,-32.59,-27.908016,-36.29774,-19.081118,True,-36.38,-27.042,-35.961037,-18.10748,False
2018-08-28 02:50:00,-29.64,91,-46,-31.88,-28.486666,-36.657906,-20.20377,True,-34.62,-27.505276,-36.20521,-19.105495,True
2018-08-28 02:55:00,-32.42,91,-46,-31.03,-31.11245,-38.946392,-23.090948,True,-33.34,-30.002886,-38.34623,-21.865873,True
2018-08-28 03:00:00,-35.4,91,-46,-30.89,-33.92665,-41.5572,-25.956736,True,-31.17,-32.67899,-40.802002,-24.599445,True
2018-08-28 03:05:00,-38.89,91,-47,-29.57,-37.286648,-44.81656,-29.063492,True,-30.330002,-35.937656,-43.940136,-27.615473,True
2018-08-28 03:10:00,-38.69,91,-47,-29.66,-36.9621,-44.76395,-28.731482,True,-30.14,-35.486496,-43.782013,-27.157854,True
2018-08-28 03:15:00,-37.0,91,-46,-31.13,-35.19553,-43.540462,-26.688124,True,-29.31,-33.623753,-42.510155,-25.020897,True
2018-08-28 03:20:00,-35.99,91,-45,-33.89,-34.20476,-42.943348,-25.324701,True,-27.95,-32.63743,-41.95327,-23.656023,True
2018-08-28 03:25:00,-33.81,91,-42,-35.75,-31.896978,-41.207283,-22.97209,True,-26.97,-30.1764,-40.118828,-21.159557,True
2018-08-28 03:30:00,-33.81,91,-40,-36.94,-31.96012,-41.50391,-22.657423,True,-26.83,-30.299994,-40.49147,-20.896313,True
2018-08-28 03:35:00,-33.81,91,-39,-36.5,-32.17877,-41.80607,-22.533075,True,-25.41,-30.73558,-41.006794,-20.958027,True
2018-08-28 03:40:00,-32.69,91,-39,-36.5,-30.909824,-41.008354,-21.063417,True,-27.33,-29.306126,-40.105408,-19.340405,True
2018-08-28 03:45:00,-32.59,91,-40,-36.38,-30.779503,-41.233234,-20.456776,True,-27.82,-29.145947,-40.335197,-18.707535,True
2018-08-28 03:50:00,-31.88,91,-40,-34.62,-29.971952,-40.667526,-19.6335,True,-28.23,-28.228703,-39.687786,-17.781683,True
2018-08-28 03:55:00,-31.03,91,-40,-33.34,-29.052317,-39.887726,-18.851477,True,-29.49,-27.228714,-38.8531,-16.91494,True
2018-08-28 04:00:00,-30.89,91,-41,-31.17,-29.160511,-40.106853,-18.605314,True,-29.57,-27.58799,-39.312943,-16.893375,True
2018-08-28 04:05:00,-29.57,91,-41,-30.330002,-28.191538,-39.258884,-17.5235,True,-28.72,-26.962458,-38.786392,-16.115614,True
2018-08-28 04:10:00,-29.66,91,-42,-30.14,-28.641188,-39.672035,-17.682543,True,-28.04,-27.769785,-39.50645,-16.596123,True
2018-08-28 04:15:00,-31.13,91,-40,-29.31,-30.440535,-41.005764,-19.237032,True,-27.56,-29.904482,-41.10942,-18.442514,True
2018-08-28 04:20:00,-33.89,91,-40,-27.95,-33.587467,-43.498837,-22.04618,True,-27.52,-33.444046,-43.909473,-21.601683,True
2018-08-28 04:25:00,-35.75,91,-39,-26.97,-35.558235,-45.363228,-23.60918,True,-26.67,-35.533794,-45.873234,-23.272354,True
2018-08-28 04:30:00,-36.94,91,-39,-26.83,-36.687412,-46.51743,-24.585386,True,-26.41,-36.61264,-46.98274,-24.199968,True
2018-08-28 04:35:00,-36.5,91,-40,-25.41,-36.224174,-46.248665,-24.216127,True,-25.35,-36.12211,-46.689278,-23.8033,True
2018-08-28 04:40:00,-36.5,91,-40,-27.33,-36.091084,-46.183746,-24.348934,True,-23.61,-35.861267,-46.515793,-23.808458,False
2018-08-28 04:45:00,-36.38,91,-39,-27.82,-35.935184,-45.90663,-24.696787,True,-22.95,-35.667698,-46.18966,-24.108671,False
2018-08-28 04:50:00,-34.62,91,-40,-28.23,-34.22608,-44.126015,-23.774153,True,-24.79,-33.992714,-44.42461,-23.197409,True
2018-08-28 04:55:00,-33.34,91,-41,-29.49,-32.95623,-42.828632,-22.96956,True,-25.16,-32.71851,-43.111572,-22.376898,True
2018-08-28 05:00:00,-31.17,91,-40,-29.57,-30.787169,-41.004887,-21.111195,True,-24.12,-30.535847,-41.289543,-20.492329,True
2018-08-28 05:05:00,-30.330002,91,-41,-28.72,-29.981289,-40.299355,-20.443018,True,-24.5,-29.755547,-40.606216,-19.839428,True
2018-08-28 05:10:00,-30.14,91,-42,-28.04,-29.812897,-40.174652,-20.347937,True,-25.58,-29.604769,-40.49384,-19.754038,True
2018-08-28 05:15:00,-29.31,91,-41,-27.56,-29.007128,-39.33919,-19.873915,True,-26.96,-28.812342,-39.658913,-19.285633,True
2018-08-28 05:20:00,-27.95,91,-42,-27.52,-27.611141,-38.09287,-18.70127,True,-27.83,-27.36928,-38.3823,-18.058075,True
2018-08-28 05:25:00,-26.97,91,-43,-26.67,-26.565735,-37.301895,-17.706913,True,-28.03,-26.248262,-37.53891,-16.990688,True
2018-08-28 05:30:00,-26.83,91,-42,-26.41,-26.455854,-37.328995,-17.490385,True,-28.51,-26.164654,-37.595135,-16.796679,True
2018-08-28 05:35:00,-25.41,91,-40,-25.35,-24.942808,-36.390366,-15.72792,True,-28.35,-24.551653,-36.60478,-14.941581,True
2018-08-28 05:40:00,-27.33,91,-41,-23.61,-26.93272,-38.63325,-16.981209,True,-29.45,-26.62356,-38.91552,-16.283852,True
2018-08-28 05:45:00,-27.82,91,-41,-22.95,-27.418144,-39.41041,-17.136564,True,-29.28,-27.107752,-39.69815,-16.442379,True
2018-08-28 05:50:00,-28.23,91,-41,-24.79,-27.77863,-39.56332,-17.627493,True,-29.48,-27.417522,-39.79572,-16.88008,True
2018-08-28 05:55:00,-29.49,91,-41,-25.16,-29.04708,-40.425632,-19.077702,True,-29.67,-28.696512,-40.6457,-18.326359,True
2018-08-28 06:00:00,-29.57,91,-42,-24.12,-29.109085,-40.351208,-19.333963,True,-30.69,-28.73497,-40.532784,-18.557236,True
2018-08-28 06:05:00,-28.72,91,-42,-24.5,-28.158812,-39.46002,-18.612917,True,-31.71,-27.676283,-39.5451,-17.730259,True
2018-08-28 06:10:00,-28.04,91,-43,-25.58,-27.429564,-38.950134,-17.875877,True,-31.81,-26.89304,-38.998928,-16.939228,True
2018-08-28 06:15:00,-27.56,91,-43,-26.96,-26.926266,-38.550674,-17.36874,True,-32.45,-26.36153,-38.57556,-16.405144,True
2018-08-28 06:20:00,-27.52,91,-43,-27.83,-26.856224,-38.56883,-17.26779,True,-32.45,-26.258135,-38.56035,-16.272875,True
2018-08-28 06:25:00,-26.67,91,-41,-28.03,-25.990768,-38.15778,-16.228092,True,-33.41,-25.37323,-38.146076,-15.22068,True
2018-08-28 06:30:00,-26.41,91,-41,-28.51,-25.775227,-38.375774,-15.771219,True,-33.67,-25.20053,-38.40953,-14.809469,True
2018-08-28 06:35:00,-25.35,91,-41,-28.35,-24.64202,-37.502537,-14.79856,True,-34.82,-23.983057,-37.469887,-13.75854,True
2018-08-28 06:40:00,-23.61,91,-42,-29.45,-22.81623,-35.956875,-13.160104,True,-36.07,-22.05761,-35.852356,-12.027493,False
2018-08-28 06:45:00,-22.95,91,-43,-29.28,-22.126892,-35.446842,-12.541341,True,-38.54,-21.331604,-35.318077,-11.371884,False
2018-08-28 06:50:00,-24.79,91,-43,-29.48,-24.04923,-37.01266,-14.314542,True,-40.81,-23.342884,-36.92421,-13.224914,False
2018-08-28 06:55:00,-25.16,91,-45,-29.67,-24.43202,-37.42864,-14.52293,True,-43.790005,-23.738302,-37.34318,-13.448453,False
2018-08-28 07:00:00,-24.12,91,-46,-30.69,-23.468443,-36.69233,-13.42919,True,-46.76,-22.849873,-36.674473,-12.428363,False
2018-08-28 07:05:00,-24.5,91,-46,-31.71,-24.026358,-37.5056,-13.550959,True,-49.39,-23.593645,-37.64238,-12.725346,False
2018-08-28 07:10:00,-25.58,91,-46,-31.81,-25.397337,-38.93903,-14.439435,True,-51.7,-25.264101,-39.30394,-13.8989525,False
2018-08-28 07:15:00,-26.96,91,-46,-32.45,-27.112665,-40.717,-15.591884,True,-54.23,-27.322506,-41.35719,-15.368532,False
2018-08-28 07:20:00,-27.83,91,-46,-32.45,-28.080704,-41.591423,-16.439981,True,-54.76,-28.387693,-42.29656,-16.31141,False
2018-08-28 07:25:00,-28.03,91,-45,-33.41,-28.383528,-42.045383,-16.508133,True,-53.85,-28.79299,-42.834763,-16.47592,False
2018-08-28 07:30:00,-28.51,91,-45,-33.67,-29.137379,-42.65594,-17.073341,True,-52.35,-29.818392,-43.65728,-17.295237,False
2018-08-28 07:35:00,-28.35,91,-45,-34.82,-28.970201,-42.616623,-16.810995,True,-51.220005,-29.641289,-43.602303,-17.03177,False
2018-08-28 07:40:00,-29.45,91,-45,-36.07,-30.174389,-44.041782,-17.55689,True,-50.04,-30.946156,-45.106365,-17.87754,False
2018-08-28 07:45:00,-29.28,91,-42,-38.54,-30.162205,-44.59275,-17.111446,True,-48.62,-31.086058,-45.773285,-17.582098,False
2018-08-28 07:50:00,-29.48,91,-41,-40.81,-30.351408,-44.901123,-17.168636,True,-47.89,-31.261284,-46.0616,-17.633478,False
2018-08-28 07:55:00,-29.67,91,-40,-43.790005,-30.540113,-44.76225,-17.443634,True,-49.72,-31.444942,-45.90515,-17.909117,False
2018-08-28 08:00:00,-30.69,91,-40,-46.76,-31.402735,-45.254105,-18.437735,False,-49.67,-32.149944,-46.261578,-18.76165,False
2018-08-28 08:05:00,-31.71,91,-40,-49.39,-32.223553,-45.91497,-19.271576,False,-49.17,-32.771564,-46.748962,-19.417835,False
2018-08-28 08:10:00,-31.81,91,-40,-51.7,-32.330936,-46.02866,-19.353409,False,-47.67,-32.883717,-46.856625,-19.510214,False
2018-08-28 08:15:00,-32.45,91,-40,-54.23,-33.127243,-46.747128,-19.988628,False,-47.48,-33.82929,-47.685135,-20.291758,True
2018-08-28 08:20:00,-32.45,91,-39,-54.76,-33.237354,-46.85162,-20.039238,False,-46.75,-34.044342,-47.86967,-20.442982,True
2018-08-28 08:25:00,-33.41,91,-40,-53.85,-34.331993,-47.697647,-21.114893,False,-45.43,-35.26497,-48.808712,-21.641602,True
2018-08-28 08:30:00,-33.67,91,-40,-52.35,-34.749214,-47.9035,-21.566984,False,-43.1,-35.831158,-49.128967,-22.236053,True
2018-08-28 08:35:00,-34.82,91,-40,-51.220005,-35.976616,-48.906296,-22.794405,False,-43.26,-37.12825,-50.18503,-23.531685,True
2018-08-28 08:40:00,-36.07,91,-40,-50.04,-37.164482,-49.699657,-24.244352,False,-43.87,-38.25099,-50.918728,-24.925013,True
2018-08-28 08:45:00,-38.54,91,-42,-48.62,-39.587482,-52.055,-26.364065,True,-44.9,-40.620464,-53.224464,-27.001263,True
2018-08-28 08:50:00,-40.81,91,-43,-47.89,-41.927593,-54.303864,-28.345234,True,-47.78,-43.021626,-55.528534,-29.03763,True
2018-08-28 08:55:00,-43.790005,91,-44,-49.72,-45.045597,-57.360897,-30.930151,True,-48.93,-46.265152,-58.698116,-31.737787,True
2018-08-28 09:00:00,-46.76,91,-44,-49.67,-48.091053,-60.321323,-33.541153,True,-50.29,-49.376575,-61.724144,-34.40436,True
2018-08-28 09:05:00,-49.39,91,-42,-49.17,-50.64315,-62.93358,-35.613102,True,-49.31,-51.845776,-64.26044,-36.4048,True
2018-08-28 09:10:00,-51.7,91,-43,-47.67,-52.838898,-65.34079,-37.258793,True,-54.34,-53.92518,-66.56048,-37.94825,True
2018-08-28 09:15:00,-54.23,91,-42,-47.48,-55.354607,-67.95894,-39.222706,True,-55.66,-56.420944,-69.15956,-39.894993,True
2018-08-28 09:20:00,-54.76,91,-41,-46.75,-55.767254,-68.89681,-39.089947,True,-56.11,-56.715866,-69.977135,-39.671783,True
2018-08-28 09:25:00,-53.85,91,-40,-45.43,-54.876347,-68.32859,-37.873882,True,-54.920002,-55.83828,-69.4066,-38.481968,True
2018-08-28 09:30:00,-52.35,91,-39,-43.1,-53.355976,-66.572624,-36.748676,True,-57.43,-54.293533,-67.61487,-37.35022,True
2018-08-28 09:35:00,-51.220005,91,-40,-43.26,-52.143894,-64.85889,-36.170048,True,-58.72,-52.997158,-65.81089,-36.713387,True
2018-08-28 09:40:00,-50.04,91,-40,-43.87,-50.69981,-63.4287,-35.07323,True,-60.26,-51.29681,-64.134445,-35.40533,True
2018-08-28 09:45:00,-48.62,91,-40,-44.9,-49.075176,-62.048798,-33.576393,True,-59.45,-49.475986,-62.56391,-33.751057,True
2018-08-28 09:50:00,-47.89,91,-41,-47.78,-48.292137,-61.594128,-32.609566,True,-60.17,-48.642727,-62.05065,-32.757336,True
2018-08-28 09:55:00,-49.72,91,-40,-48.93,-50.064384,-63.63083,-33.786808,True,-62.33,-50.354534,-64.02408,-33.890198,True
2018-08-28 10:00:00,-49.67,91,-38,-50.29,-49.924324,-63.72435,-33.560253,True,-61.93,-50.126724,-64.029655,-33.597572,True
2018-08-28 10:05:00,-49.17,91,-38,-49.31,-49.39021,-63.680653,-32.84195,True,-60.75,-49.56123,-63.948753,-32.865,True
2018-08-28 10:10:00,-47.67,91,-39,-54.34,-48.095703,-62.577896,-31.6113,True,-59.29,-48.46405,-63.010452,-31.820002,True
2018-08-28 10:15:00,-47.48,91,-40,-55.66,-48.01861,-62.116707,-31.724707,True,-58.29,-48.490078,-62.630398,-32.033512,True
2018-08-28 10:20:00,-46.75,91,-41,-56.11,-47.491837,-62.100864,-30.861803,True,-57.03,-48.15602,-62.769966,-31.35055,True
2018-08-28 10:25:00,-45.43,91,-40,-54.920002,-46.48457,-61.280426,-29.830889,True,-56.82,-47.44352,-62.1893,-30.589876,True
2018-08-28 10:30:00,-43.1,91,-40,-57.43,-44.78036,-60.613785,-27.668953,True,-58.46,-46.328014,-61.985123,-28.953764,True
2018-08-28 10:35:00,-43.26,91,-41,-58.72,-45.546467,-61.964108,-27.681698,True,-60.000004,-47.6445,-63.768898,-29.443096,True
2018-08-28 10:40:00,-43.87,91,-40,-60.26,-46.77892,-63.287994,-28.324633,True,-60.35,-49.43216,-65.53994,-30.562096,True
2018-08-28 10:45:00,-44.9,91,-39,-59.45,-48.222,-64.83444,-29.16414,True,-61.100002,-51.237507,-67.38442,-31.704338,True
2018-08-28 10:50:00,-47.78,91,-39,-60.17,-51.405594,-67.53041,-31.7048,True,-62.29,-54.677383,-70.33896,-34.444714,True
2018-08-28 10:55:00,-48.93,91,-39,-62.33,-52.675827,-68.19707,-32.897606,True,-61.59,-56.045746,-71.118,-35.724724,True
2018-08-28 11:00:00,-50.29,91,-40,-61.93,-53.705654,-68.76032,-33.958168,True,-62.150005,-56.76378,-71.445335,-36.526417,True
2018-08-28 11:05:00,-49.31,91,-39,-60.75,-52.48515,-67.19661,-33.239353,True,-64.97,-55.314064,-69.680374,-35.63854,True
2018-08-28 11:10:00,-54.34,91,-39,-59.29,-57.222015,-71.57599,-37.220192,True,-65.54,-59.760513,-73.869064,-39.34213,True
2018-08-28 11:15:00,-55.66,91,-38,-58.29,-58.26288,-72.6205,-38.02524,True,-64.64,-60.52934,-74.67525,-39.916824,True
2018-08-28 11:20:00,-56.11,91,-38,-57.03,-58.542625,-72.665504,-38.384674,True,-65.82,-60.63474,-74.56477,-40.13686,True
2018-08-28 11:25:00,-54.920002,91,-38,-56.82,-57.62187,-71.97597,-37.461727,True,-67.42,-59.947968,-74.0659,-39.42189,True
2018-08-28 11:30:00,-57.43,91,-39,-58.46,-60.527668,-75.37499,-39.28512,True,-67.630005,-63.197292,-77.780334,-41.50598,True
2018-08-28 11:35:00,-58.72,91,-38,-60.000004,-62.330566,-77.63053,-40.188877,True,-66.53,-65.449135,-80.43405,-42.758408,True
2018-08-28 11:40:00,-60.26,91,-39,-60.35,-64.08821,-79.41051,-41.3856,True,-66.47,-67.395195,-82.39089,-44.092915,True
2018-08-28 11:45:00,-59.45,91,-38,-61.100002,-63.320908,-78.180084,-41.04555,True,-63.32,-66.65665,-81.17305,-43.800438,True
2018-08-28 11:50:00,-60.17,91,-38,-62.29,-64.11653,-79.04723,-41.579304,True,-61.62,-67.520706,-82.09712,-44.385975,True
2018-08-28 11:55:00,-62.33,91,-38,-61.59,-66.09282,-81.080635,-43.028675,True,-58.359997,-69.32585,-83.9856,-45.67941,True
2018-08-28 12:00:00,-61.93,91,-38,-62.150005,-65.48443,-80.82151,-42.27907,True,-57.02,-68.51445,-83.516815,-44.770042,True
2018-08-28 12:05:00,-60.75,91,-38,-64.97,-64.29396,-79.64172,-41.273712,True,-55.82,-67.297714,-82.28995,-43.761196,True
2018-08-28 12:10:00,-59.29,91,-38,-65.54,-62.930695,-78.28474,-40.08711,True,-54.999996,-66.00087,-80.968895,-42.646324,True
2018-08-28 12:15:00,-58.29,91,-38,-64.64,-62.03791,-77.39957,-39.246304,True,-53.69,-65.17896,-80.12854,-41.875656,True
2018-08-28 12:20:00,-57.03,91,-38,-65.82,-60.97409,-76.609604,-38.14133,True,-52.12,-64.26114,-79.43771,-40.899857,True
2018-08-28 12:25:00,-56.82,91,-39,-67.42,-60.68878,-76.03616,-38.017498,True,-50.53,-63.890198,-78.78568,-40.71971,True
2018-08-28 12:30:00,-58.46,91,-39,-67.630005,-61.791332,-77.054436,-38.918137,True,-49.0,-64.509674,-79.38559,-41.21852,True
2018-08-28 12:35:00,-60.000004,91,-39,-66.53,-62.671467,-77.785126,-39.73198,True,-47.510002,-64.8069,-79.59936,-41.55629,True
2018-08-28 12:40:00,-60.35,91,-39,-66.47,-62.40255,-77.44243,-39.66843,True,-46.51,-63.99624,-78.75485,-41.05838,True
2018-08-28 12:45:00,-61.100002,91,-39,-63.32,-62.526363,-77.387596,-40.03604,True,-44.35,-63.58046,-78.199745,-40.988846,True
2018-08-28 12:50:00,-62.29,91,-40,-61.62,-63.126617,-77.74879,-40.89115,True,-43.71,-63.674576,-78.083534,-41.4342,True
2018-08-28 12:55:00,-61.59,91,-40,-58.359997,-62.054405,-76.64641,-40.268505,True,-40.95,-62.290146,-76.67733,-40.56211,True
2018-08-28 13:00:00,-62.150005,91,-41,-57.02,-62.128788,-76.56303,-40.629932,True,-39.54,-61.95168,-76.191864,-40.59104,False
2018-08-28 13:05:00,-64.97,91,-42,-55.82,-64.01026,-78.28193,-42.467808,True,-37.29,-63.03407,-77.13173,-41.774845,False
2018-08-28 13:10:00,-65.54,91,-43,-54.999996,-63.899185,-78.11939,-42.674095,True,-34.79,-62.350437,-76.39979,-41.514267,False
2018-08-28 13:15:00,-64.64,91,-43,-53.69,-62.63616,-76.84741,-41.938503,True,-32.75,-60.79071,-74.83204,-40.534454,False
2018-08-28 13:20:00,-65.82,91,-43,-52.12,-63.170265,-77.55237,-42.524902,True,-31.1,-60.78313,-74.986046,-40.68076,False
2018-08-28 13:25:00,-67.42,91,-43,-50.53,-64.186584,-78.69058,-43.525856,True,-31.22,-61.306137,-75.61563,-41.283394,False
2018-08-28 13:30:00,-67.630005,91,-43,-49.0,-64.23816,-78.719894,-43.78204,True,-30.86,-61.222637,-75.496,-41.434685,False
2018-08-28 13:35:00,-66.53,91,-44,-47.510002,-63.11725,-77.57868,-42.996082,True,-29.14,-60.095432,-74.34966,-40.6452,False
2018-08-28 13:40:00,-66.47,91,-44,-46.51,-62.85262,-77.19361,-42.96376,True,-27.07,-59.66125,-73.78773,-40.477856,False
2018-08-28 13:45:00,-63.32,91,-43,-44.35,-59.825333,-73.938995,-40.71689,True,-26.72,-56.763042,-70.679054,-38.327393,False
2018-08-28 13:50:00,-61.62,91,-43,-43.71,-58.102554,-72.064896,-39.554337,True,-26.27,-55.0312,-68.7998,-37.152187,False
2018-08-28 13:55:00,-58.359997,91,-42,-40.95,-55.101334,-69.01179,-37.278114,True,-25.69,-52.262035,-65.99284,-35.06197,False
2018-08-28 14:00:00,-57.02,91,-42,-39.54,-53.754456,-67.674484,-36.322514,True,-24.09,-50.917927,-64.66166,-34.107056,False
2018-08-28 14:05:00,-55.82,91,-42,-37.29,-52.622536,-66.52421,-35.55592,True,-21.26,-49.843327,-63.562107,-33.393105,False
2018-08-28 14:10:00,-54.999996,91,-43,-34.79,-51.77848,-65.50884,-35.100735,False,-21.34,-48.978115,-62.51995,-32.92005,False
2018-08-28 14:15:00,-53.69,91,-43,-32.75,-50.747173,-64.136444,-34.56141,False,-20.46,-48.173897,-61.35778,-32.576416,False
2018-08-28 14:20:00,-52.12,91,-43,-31.1,-49.711807,-62.723217,-33.98558,False,-20.28,-47.581295,-60.36852,-32.38183,False
2018-08-28 14:25:00,-50.53,91,-43,-31.22,-48.46707,-61.305717,-33.065826,False,-19.35,-46.627445,-59.222523,-31.720549,False
2018-08-28 14:30:00,-49.0,91,-43,-30.86,-47.20722,-59.777203,-32.188545,False,-19.74,-45.598324,-57.909424,-31.04895,False
2018-08-28 14:35:00,-47.510002,91,-43,-29.14,-45.78649,-58.395096,-31.02811,False,-19.65,-44.2443,-56.59069,-29.949894,False
2018-08-28 14:40:00,-46.51,91,-44,-27.07,-44.824272,-57.23154,-30.432896,False,-18.84,-43.31638,-55.45553,-29.391298,False
2018-08-28 14:45:00,-44.35,91,-44,-26.72,-42.726433,-55.09187,-28.83858,False,-18.26,-41.278225,-53.373524,-27.854414,False
2018-08-28 14:50:00,-43.71,91,-44,-26.27,-41.967045,-54.24119,-28.471087,False,-18.49,-40.414925,-52.422142,-27.402708,False
2018-08-28 14:55:00,-40.95,91,-44,-25.69,-39.182816,-51.907963,-26.024372,False,-18.32,-37.618824,-50.08266,-24.950478,False
2018-08-28 15:00:00,-39.54,91,-44,-24.09,-37.66587,-50.589306,-24.741604,False,-17.73,-36.015583,-48.68538,-23.597445,False
2018-08-28 15:05:00,-37.29,91,-43,-21.26,-35.467373,-48.508247,-23.027054,False,-17.88,-33.86393,-46.65626,-21.928995,False
2018-08-28 15:10:00,-34.79,91,-43,-21.34,-33.149647,-46.397488,-21.127207,True,-16.8,-31.707405,-44.69862,-20.178385,False
2018-08-28 15:15:00,-32.75,91,-42,-20.46,-31.177387,-44.65022,-19.431261,True,-16.77,-29.800686,-43.01462,-18.546885,False
2018-08-28 15:20:00,-31.1,91,-43,-20.28,-29.6334,-43.397102,-18.010422,True,-16.73,-28.357668,-41.8465,-17.223124,False
2018-08-28 15:25:00,-31.22,91,-43,-19.35,-29.697035,-43.519028,-18.116192,True,-17.09,-28.37091,-41.918148,-17.288927,False
2018-08-28 15:30:00,-30.86,91,-43,-19.74,-29.319136,-43.179295,-17.833347,True,-17.62,-27.975876,-41.558044,-16.994432,True
2018-08-28 15:35:00,-29.14,91,-43,-19.65,-27.855066,-41.85972,-16.580553,True,-17.49,-26.739292,-40.430332,-15.947462,True
2018-08-28 15:40:00,-27.07,91,-43,-18.84,-26.019598,-40.185654,-15.008153,True,-15.66,-25.11672,-38.933273,-14.568317,True
2018-08-28 15:45:00,-26.72,91,-43,-18.26,-25.79328,-39.748062,-14.893915,True,-15.67,-25.001486,-38.58393,-14.555909,True
2018-08-28 15:50:00,-26.27,91,-43,-18.49,-25.43465,-39.229774,-14.659012,True,-16.21,-24.725252,-38.135098,-14.393438,True
2018-08-28 15:55:00,-25.69,91,-43,-18.32,-24.964815,-38.658497,-14.352236,True,-16.33,-24.352657,-37.63998,-14.175608,True
2018-08-28 16:00:00,-24.09,91,-42,-17.73,-23.676126,-37.50204,-13.250054,True,-17.34,-23.343355,-36.706394,-13.321481,True
2018-08-28 16:05:00,-21.26,91,-42,-17.88,-21.286348,-35.567616,-11.114947,True,-17.28,-21.35625,-35.077705,-11.545045,True
2018-08-28 16:10:00,-21.34,91,-42,-16.8,-21.447952,-35.74721,-11.242891,True,-17.51,-21.587372,-35.29767,-11.737236,True
2018-08-28 16:15:00,-20.46,91,-41,-16.77,-20.627089,-35.067474,-10.507689,True,-17.0,-20.820253,-34.65441,-11.046669,True
2018-08-28 16:20:00,-20.28,91,-41,-16.73,-20.481295,-34.744736,-10.516048,True,-16.65,-20.702114,-34.35718,-11.078021,True
2018-08-28 16:25:00,-19.35,91,-41,-17.09,-19.597069,-34.2411,-9.646407,True,-16.51,-19.860746,-33.875767,-10.240429,True
2018-08-28 16:30:00,-19.74,91,-41,-17.62,-19.995989,-34.62644,-9.955723,True,-16.84,-20.260382,-34.260796,-10.544356,True
2018-08-28 16:35:00,-19.65,91,-41,-17.49,-19.839954,-34.5704,-9.79181,True,-16.88,-20.042868,-34.152084,-10.323386,True
2018-08-28 16:40:00,-18.84,91,-41,-15.66,-19.189682,-33.94013,-9.32213,True,-16.2,-19.535408,-33.62732,-9.977226,True
2018-08-28 16:45:00,-18.26,91,-40,-15.67,-18.692505,-33.33457,-8.978503,True,-17.01,-19.109978,-33.07701,-9.694255,True
2018-08-28 16:50:00,-18.49,91,-40,-16.21,-18.737854,-33.419724,-8.979977,True,-17.6,-18.985222,-33.03173,-9.539881,True
2018-08-28 16:55:00,-18.32,91,-40,-16.33,-18.492895,-33.140114,-8.768793,True,-17.79,-18.668507,-32.70124,-9.259131,True
2018-08-28 17:00:00,-17.73,91,-39,-17.34,-18.04476,-32.590466,-8.377881,True,-17.84,-18.341997,-32.238674,-8.973847,True
2018-08-28 17:05:00,-17.88,91,-39,-17.28,-17.996748,-32.696377,-8.188928,True,-17.39,-18.112146,-32.207584,-8.614191,True
2018-08-28 17:10:00,-16.8,91,-38,-17.51,-16.915665,-32.012398,-7.083739,True,-17.75,-17.028463,-31.51353,-7.497435,True
2018-08-28 17:15:00,-16.77,91,-38,-17.0,-17.19007,-32.09154,-7.3036313,True,-19.13,-17.563576,-31.780014,-7.9450383,True
2018-08-28 17:20:00,-16.73,91,-38,-16.65,-17.77109,-32.10873,-7.9329925,True,-21.4,-18.678417,-32.194946,-9.047639,True
2018-08-28 17:25:00,-17.09,91,-38,-16.51,-18.45671,-32.054974,-8.6758375,True,-18.57,-19.629442,-32.351963,-10.032367,True
2018-08-28 17:30:00,-17.62,91,-38,-16.84,-18.882338,-32.035492,-9.146316,True,-20.15,-19.949879,-32.278114,-10.406107,True
2018-08-28 17:35:00,-17.49,91,-37,-16.88,-18.500679,-31.521847,-8.926394,True,-19.81,-19.344137,-31.608252,-9.981492,True
2018-08-28 17:40:00,-15.66,91,-37,-16.2,-16.485235,-29.891489,-7.236481,True,-19.58,-17.174023,-29.857878,-8.144599,True
2018-08-28 17:45:00,-15.67,91,-36,-17.01,-16.068718,-29.550024,-6.99001,True,-20.34,-16.381851,-29.242348,-7.5564895,True
2018-08-28 17:50:00,-16.21,91,-36,-17.6,-16.540442,-29.442781,-7.806417,True,-20.85,-16.788057,-29.11101,-8.313303,True
2018-08-28 17:55:00,-16.33,91,-36,-17.79,-16.921225,-29.140392,-8.594306,True,-20.3,-17.39219,-29.003487,-9.303969,True
2018-08-28 18:00:00,-17.34,91,-37,-17.84,-17.530071,-29.479399,-9.428363,True,-18.61,-17.644764,-29.083761,-9.8164,True
2018-08-28 18:05:00,-17.28,91,-36,-17.39,-17.388786,-29.082155,-9.710947,True,-16.94,-17.43076,-28.641207,-10.035294,True
2018-08-28 18:10:00,-17.51,91,-36,-17.75,-17.43378,-28.83354,-10.135385,True,-18.66,-17.309975,-28.280876,-10.3087635,True
2018-08-28 18:15:00,-17.0,91,-36,-19.13,-16.800964,-28.217764,-9.809229,True,-21.18,-16.56568,-27.581774,-9.881181,True
2018-08-28 18:20:00,-16.65,91,-36,-21.4,-16.366592,-27.617126,-9.697302,True,-23.39,-16.053005,-26.92762,-9.699175,True
2018-08-28 18:25:00,-16.51,91,-35,-18.57,-15.944515,-27.170797,-9.565851,True,-24.31,-15.373746,-26.286728,-9.332142,True
2018-08-28 18:30:00,-16.84,91,-36,-20.15,-16.056553,-27.209835,-9.863351,True,-24.83,-15.282444,-26.163143,-9.448325,True
2018-08-28 18:35:00,-16.88,91,-35,-19.81,-15.962994,-27.051771,-9.922791,True,-24.97,-15.062779,-25.912193,-9.389819,True
2018-08-28 18:40:00,-16.2,91,-34,-19.58,-15.586544,-26.446833,-9.716934,True,-24.59,-14.958278,-25.532036,-9.4275675,True
2018-08-28 18:45:00,-17.01,91,-35,-20.34,-16.230143,-26.905344,-10.365534,True,-23.1,-15.444813,-25.868893,-9.931947,True
2018-08-28 18:50:00,-17.6,91,-35,-20.85,-16.777151,-27.153225,-11.022406,True,-22.22,-15.948106,-26.088993,-10.547727,True
2018-08-28 18:55:00,-17.79,91,-36,-20.3,-16.892591,-27.174477,-11.19229,True,-22.62,-15.991755,-26.057343,-10.649825,True
2018-08-28 19:00:00,-17.84,91,-35,-18.61,-16.844147,-27.22362,-11.10394,True,-24.21,-15.850092,-26.035995,-10.470631,True
2018-08-28 19:05:00,-17.39,91,-35,-16.94,-16.309156,-26.782505,-10.69919,True,-24.28,-15.231219,-25.526747,-9.9897175,True
2018-08-28 19:10:00,-17.75,91,-35,-18.66,-16.64432,-26.971405,-11.14149,True,-24.64,-15.538775,-25.697428,-10.404674,True
2018-08-28 19:15:00,-19.13,91,-36,-21.18,-17.289766,-28.021074,-11.570441,True,-24.76,-15.505799,-26.18711,-10.21909,True
2018-08-28 19:20:00,-21.4,91,-37,-23.39,-18.718666,-30.450375,-12.239009,True,-24.51,-16.143993,-27.938354,-10.19374,True
2018-08-28 19:25:00,-18.57,91,-36,-24.31,-15.857232,-28.975883,-9.190754,True,-24.14,-13.228006,-26.460379,-7.105332,True
2018-08-28 19:30:00,-20.15,91,-37,-24.83,-17.619188,-29.830729,-11.239876,True,-23.56,-15.150042,-27.428425,-9.289348,True
2018-08-28 19:35:00,-19.81,91,-37,-24.97,-17.859482,-29.229084,-11.832078,True,-23.0,-15.932622,-27.281162,-10.351487,True
2018-08-28 19:40:00,-19.58,91,-37,-24.59,-18.088066,-28.803938,-12.198103,True,-22.1,-16.588549,-27.21615,-11.091046,True
2018-08-28 19:45:00,-20.34,91,-37,-23.1,-19.222713,-29.321417,-13.236,True,-20.81,-18.070572,-28.027773,-12.432388,True
2018-08-28 19:50:00,-20.85,91,-37,-22.22,-20.183392,-29.814655,-13.986074,True,-20.09,-19.444551,-28.86791,-13.547456,True
2018-08-28 19:55:00,-20.3,91,-37,-22.62,-20.136665,-29.444912,-13.792301,True,-21.57,-19.85113,-28.873484,-13.756851,True
2018-08-28 20:00:00,-18.61,91,-35,-24.21,-18.85207,-28.294397,-12.316346,True,-22.46,-18.927141,-28.008783,-12.596829,True
2018-08-28 20:05:00,-16.94,91,-34,-24.28,-17.505028,-27.137962,-10.874721,True,-23.05,-17.866272,-27.073782,-11.402865,True
2018-08-28 20:10:00,-18.66,91,-35,-24.64,-19.156345,-28.402388,-12.326256,True,-21.99,-19.449373,-28.30211,-12.789711,True
2018-08-28 20:15:00,-21.18,91,-36,-24.76,-21.167332,-30.137928,-14.156434,True,-23.56,-21.001816,-29.686258,-14.204859,True
2018-08-28 20:20:00,-23.39,91,-38,-24.51,-22.699326,-31.559172,-15.676528,True,-23.84,-21.925941,-30.61723,-15.178517,True
2018-08-28 20:25:00,-24.31,91,-39,-24.14,-23.130983,-32.015198,-16.290983,True,-23.01,-21.913177,-30.705238,-15.3958235,True
2018-08-28 20:30:00,-24.83,91,-39,-23.56,-23.285831,-32.143402,-16.708899,True,-21.95,-21.733683,-30.56054,-15.510806,True
2018-08-28 20:35:00,-24.97,91,-39,-23.0,-23.126709,-31.958172,-16.853647,True,-21.51,-21.294678,-30.14415,-15.402974,True
2018-08-28 20:40:00,-24.59,91,-38,-22.1,-22.482157,-31.407923,-16.436499,True,-21.63,-20.396996,-29.386234,-14.756565,True
2018-08-28 20:45:00,-23.1,91,-37,-20.81,-20.975658,-29.977665,-15.195871,True,-22.77,-18.863787,-27.950624,-13.486043,True
2018-08-28 20:50:00,-22.22,91,-36,-20.09,-20.214872,-29.163877,-14.561816,True,-23.13,-18.205698,-27.235312,-12.939992,True
2018-08-28 20:55:00,-22.62,91,-36,-21.57,-20.677963,-29.391542,-15.03223,True,-23.96,-18.728657,-27.520947,-13.457807,True
2018-08-28 21:00:00,-24.21,91,-37,-22.46,-22.34001,-30.694033,-16.506147,True,-24.05,-20.46304,-28.882502,-14.99409,True
2018-08-28 21:05:00,-24.28,91,-37,-23.05,-22.493788,-30.708324,-16.65807,True,-23.88,-20.69336,-28.969296,-15.210199,True
2018-08-28 21:10:00,-24.64,91,-37,-21.99,-22.90381,-31.05094,-16.929901,True,-23.33,-21.149927,-29.357014,-15.52026,True
2018-08-28 21:15:00,-24.76,91,-37,-23.56,-23.16116,-31.134815,-17.189596,True,-22.77,-21.533018,-29.554861,-15.889308,True
2018-08-28 21:20:00,-24.51,91,-36,-23.84,-22.765667,-30.917118,-16.62272,True,-23.09,-21.00003,-29.228464,-15.194563,True
2018-08-28 21:25:00,-24.14,91,-36,-23.01,-22.298374,-30.595804,-16.08831,True,-22.96,-20.440191,-28.840836,-14.571262,True
2018-08-28 21:30:00,-23.56,91,-36,-21.95,-21.700983,-30.0759,-15.503369,True,-23.28,-19.821754,-28.314835,-13.962797,True
2018-08-28 21:35:00,-23.0,91,-35,-21.51,-21.024376,-29.491495,-14.887408,True,-23.61,-19.03138,-27.645836,-13.240362,True
2018-08-28 21:40:00,-22.1,91,-34,-21.63,-20.263319,-28.75775,-14.207494,True,-23.5,-18.394302,-27.030464,-12.666241,True
2018-08-28 21:45:00,-20.81,91,-33,-22.77,-19.061762,-27.402529,-13.441288,True,-23.35,-17.268625,-25.753273,-11.960971,True
2018-08-28 21:50:00,-20.09,91,-32,-23.13,-18.459684,-26.628214,-13.070825,True,-23.57,-16.77639,-25.085114,-11.680622,True
2018-08-28 21:55:00,-21.57,91,-33,-23.96,-19.9858,-27.812906,-14.477569,True,-24.73,-18.352558,-26.312582,-13.129063,True
2018-08-28 22:00:00,-22.46,91,-33,-24.05,-20.89327,-28.518227,-15.30871,True,-24.83,-19.281263,-27.040134,-13.975234,True
2018-08-28 22:05:00,-23.05,91,-33,-23.88,-21.46071,-28.97353,-15.783872,True,-23.09,-19.83063,-27.486406,-14.429337,True
2018-08-28 22:10:00,-21.99,91,-33,-23.33,-20.473288,-28.189459,-14.732536,True,-19.53,-18.904865,-26.769365,-13.427306,True
2018-08-28 22:15:00,-23.56,91,-34,-22.77,-21.977583,-29.522732,-16.072521,True,-10.39,-20.357605,-28.060902,-14.716786,False
2018-08-28 22:20:00,-23.84,91,-34,-23.09,-22.14298,-29.673676,-16.256607,True,-8.62,-20.415966,-28.127079,-14.800826,False
2018-08-28 22:25:00,-23.01,91,-34,-22.96,-21.197329,-28.923222,-15.3245535,True,-8.450001,-19.357517,-27.294476,-13.762208,False
2018-08-28 22:30:00,-21.95,91,-33,-23.28,-20.111311,-27.938522,-14.389905,True,-9.58,-18.241335,-26.29876,-12.793925,False
2018-08-28 22:35:00,-21.51,91,-34,-23.61,-19.528751,-27.37221,-13.995194,True,-10.52,-17.523006,-25.627287,-12.271082,False
2018-08-28 22:40:00,-21.63,91,-33,-23.5,-19.574747,-27.382853,-14.077358,True,-11.45,-17.500593,-25.58625,-12.286952,False
2018-08-28 22:45:00,-22.77,91,-34,-23.35,-20.65995,-28.301935,-15.052052,True,-12.84,-18.543995,-26.468962,-13.220268,False
2018-08-28 22:50:00,-23.13,91,-34,-23.57,-21.017822,-28.636282,-15.293439,True,-14.43,-18.901909,-26.811136,-13.457405,True
2018-08-28 22:55:00,-23.96,91,-34,-24.73,-21.835527,-29.367344,-15.896188,True,-14.54,-19.71441,-27.54067,-14.052587,True
2018-08-28 23:00:00,-24.05,91,-34,-24.83,-21.910318,-29.38346,-15.957811,True,-17.36,-19.777353,-27.553267,-14.099209,True
2018-08-28 23:05:00,-23.88,91,-34,-23.09,-21.677889,-29.133528,-15.808381,True,-20.09,-19.486797,-27.26189,-13.891244,True
2018-08-28 23:10:00,-23.33,91,-33,-19.53,-21.132307,-28.696167,-15.190358,True,-22.0,-18.943834,-26.842302,-13.270171,True
2018-08-28 23:15:00,-22.77,91,-33,-10.39,-20.614565,-28.410055,-14.370521,False,-23.74,-18.4637,-26.609053,-12.481059,True
2018-08-28 23:20:00,-23.09,91,-34,-8.62,-20.892904,-28.81331,-14.327618,False,-24.15,-18.70848,-26.994272,-12.405633,True
2018-08-28 23:25:00,-22.96,91,-34,-8.450001,-20.749548,-28.674221,-14.195902,False,-24.07,-18.553335,-26.854704,-12.257522,True
2018-08-28 23:30:00,-23.28,91,-34,-9.58,-21.10242,-28.863604,-14.615766,False,-25.28,-18.942345,-27.077559,-12.702831,True
2018-08-28 23:35:00,-23.61,91,-34,-10.52,-21.53021,-29.082489,-15.086454,False,-24.97,-19.468653,-27.38383,-13.25501,True
2018-08-28 23:40:00,-23.5,91,-33,-11.45,-21.543406,-28.899675,-15.291912,False,-24.01,-19.601723,-27.308393,-13.5594425,True
2018-08-28 23:45:00,-23.35,91,-33,-12.84,-21.490047,-28.671743,-15.445459,False,-24.22,-19.64369,-27.166864,-13.790409,True
2018-08-28 23:50:00,-23.57,91,-33,-14.43,-21.679287,-28.770218,-15.759759,False,-23.35,-19.809536,-27.24772,-14.076635,True
2018-08-28 23:55:00,-24.73,91,-33,-14.54,-22.883059,-29.791592,-16.83268,False,-22.28,-21.06709,-28.31533,-15.193417,True
2018-08-29 00:00:00,-24.83,91,-28,-17.36,-22.943012,-29.836699,-16.935497,True,-22.23,-21.093359,-28.336714,-15.258198,True
2018-08-29 00:05:00,-23.09,91,-28,-20.09,-21.042107,-28.351015,-14.972068,True,-22.76,-19.027988,-26.736506,-13.138872,True
2018-08-29 00:10:00,-19.53,91,-30,-22.0,-17.342104,-25.31416,-11.468521,True,-24.68,-15.170566,-23.613047,-9.483228,False
2018-08-29 00:15:00,-10.39,91,-32,-23.74,-8.294715,-17.876696,-3.0248644,False,-24.38,-6.1693053,-16.333199,-1.0650085,False
2018-08-29 00:20:00,-8.62,91,-34,-24.15,-6.5023675,-16.296885,-1.6691707,False,-22.7,-4.3475766,-14.752171,0.33137098,False
2018-08-29 00:25:00,-8.450001,91,-34,-24.07,-6.2092595,-15.929416,-1.6026272,False,-23.71,-3.937301,-14.293645,0.51531,False
2018-08-29 00:30:00,-9.58,91,-34,-25.28,-7.4359145,-16.611052,-3.0318358,False,-24.11,-5.259476,-15.02597,-0.98760444,False
2018-08-29 00:35:00,-10.52,91,-34,-24.97,-8.39586,-17.055195,-4.4025435,False,-25.02,-6.2442613,-15.46012,-2.3650725,False
2018-08-29 00:40:00,-11.45,91,-33,-24.01,-9.384085,-17.831375,-5.347134,False,-26.15,-7.2940793,-16.278944,-3.3593447,False
2018-08-29 00:45:00,-12.84,91,-33,-24.22,-10.651476,-19.273561,-6.00316,False,-26.35,-8.451163,-17.646223,-3.9197352,False
2018-08-29 00:50:00,-14.43,91,-33,-23.35,-12.349067,-20.907932,-7.156405,False,-25.74,-10.261624,-19.382689,-5.1761127,False
2018-08-29 00:55:00,-14.54,91,-32,-22.28,-12.537733,-20.814053,-7.733543,False,-23.95,-10.52258,-19.344376,-5.802939,False
2018-08-29 01:00:00,-17.36,91,-33,-22.23,-15.222253,-23.205564,-10.080995,True,-23.56,-13.097614,-21.62399,-8.049679,False
2018-08-29 01:05:00,-20.09,91,-33,-22.76,-18.038101,-25.716568,-12.641897,True,-22.06,-16.02199,-24.202692,-10.707793,True
2018-08-29 01:10:00,-22.0,91,-33,-24.68,-20.11546,-27.33453,-15.007931,True,-22.16,-18.27518,-25.944555,-13.222423,True
2018-08-29 01:15:00,-23.74,91,-33,-24.38,-22.05004,-28.857925,-17.121605,True,-21.26,-20.413118,-27.630068,-15.509911,True
2018-08-29 01:20:00,-24.15,91,-33,-22.7,-22.68522,-29.219048,-18.016865,True,-22.07,-21.273218,-28.182209,-16.598795,True
2018-08-29 01:25:00,-24.07,91,-33,-23.71,-22.746319,-29.173435,-18.264761,True,-21.56,-21.473715,-28.260138,-16.963125,True
2018-08-29 01:30:00,-25.28,91,-32,-24.11,-23.926737,-30.292772,-19.38904,True,-22.05,-22.63745,-29.363235,-18.064137,True
2018-08-29 01:35:00,-24.97,91,-30,-25.02,-23.531763,-30.05186,-19.02667,True,-22.34,-22.155313,-29.054665,-17.611698,True
2018-08-29 01:40:00,-24.01,91,-31,-26.15,-22.46843,-29.195826,-18.140865,True,-22.82,-20.97856,-28.11057,-16.608974,True
2018-08-29 01:45:00,-24.22,91,-31,-26.35,-22.387688,-29.332956,-18.091623,True,-22.82,-20.60766,-27.999065,-16.284359,True
2018-08-29 01:50:00,-23.35,91,-32,-25.74,-21.27242,-28.546629,-17.06133,True,-23.39,-19.235931,-27.001709,-15.008477,True
2018-08-29 01:55:00,-22.28,91,-32,-23.95,-20.071743,-27.552307,-16.123596,True,-23.73,-17.891214,-25.890554,-13.920893,True
2018-08-29 02:00:00,-22.23,91,-33,-23.56,-20.00049,-27.462461,-16.31095,True,-22.19,-17.795107,-25.771841,-14.0706415,True
2018-08-29 02:05:00,-22.76,91,-33,-22.06,-20.587486,-27.842474,-17.322443,True,-22.83,-18.437563,-26.177763,-15.114563,True
2018-08-29 02:10:00,-24.68,91,-34,-22.16,-22.503334,-29.611694,-19.243599,True,-24.67,-20.362753,-27.934261,-17.0371,True
2018-08-29 02:15:00,-24.38,91,-33,-21.26,-21.99965,-29.320143,-18.659853,True,-25.11,-19.647116,-27.464592,-16.247267,True
2018-08-29 02:20:00,-22.7,91,-32,-22.07,-20.117775,-27.84135,-16.595201,True,-26.03,-17.54267,-25.830246,-13.968821,False
2018-08-29 02:25:00,-23.71,91,-33,-21.56,-20.855167,-28.886684,-16.872734,True,-26.94,-18.006977,-26.655571,-13.999805,False
2018-08-29 02:30:00,-24.11,91,-32,-22.05,-21.345108,-29.513975,-16.89124,True,-27.04,-18.592743,-27.396275,-14.10985,True
2018-08-29 02:35:00,-25.02,91,-32,-22.34,-22.443485,-30.369555,-18.133762,True,-26.74,-19.89,-28.410677,-15.517822,True
2018-08-29 02:40:00,-26.15,91,-34,-22.82,-23.819208,-31.435917,-19.608246,True,-26.71,-21.529394,-29.682844,-17.221634,True
2018-08-29 02:45:00,-26.35,91,-35,-22.82,-24.231985,-31.698967,-20.14894,True,-26.58,-22.163006,-30.134508,-17.952765,True
2018-08-29 02:50:00,-25.74,91,-35,-23.39,-23.766203,-31.252514,-19.719818,True,-25.52,-21.838446,-29.825806,-17.642288,True
2018-08-29 02:55:00,-23.95,91,-35,-23.73,-22.121725,-29.717644,-18.23967,True,-25.53,-20.324568,-28.423918,-16.269592,True
2018-08-29 03:00:00,-23.56,91,-35,-22.19,-21.830904,-29.458117,-17.9015,True,-24.88,-20.134472,-28.262526,-16.01126,True
2018-08-29 03:05:00,-22.06,91,-35,-22.83,-20.472126,-28.188812,-16.579725,True,-24.05,-18.906057,-27.127586,-14.7975855,True
2018-08-29 03:10:00,-22.16,91,-35,-24.67,-20.624538,-28.382792,-16.67079,True,-23.52,-19.114416,-27.374866,-14.934336,True
2018-08-29 03:15:00,-21.26,91,-34,-25.11,-19.62023,-27.597076,-15.79293,True,-23.2,-17.993738,-26.493662,-13.940404,True
2018-08-29 03:20:00,-22.07,91,-35,-26.03,-20.392605,-28.369967,-16.475006,True,-23.16,-18.733011,-27.239363,-14.578924,True
2018-08-29 03:25:00,-21.56,91,-36,-26.94,-19.792776,-27.881838,-15.841044,True,-23.32,-18.028269,-26.679476,-13.834034,True
2018-08-29 03:30:00,-22.05,91,-37,-27.04,-20.195347,-28.394482,-16.18612,True,-24.17,-18.336346,-27.123404,-14.084684,True
2018-08-29 03:35:00,-22.34,91,-37,-26.74,-20.425526,-28.76512,-16.303587,True,-25.22,-18.500177,-27.444275,-14.136926,True
2018-08-29 03:40:00,-22.82,91,-37,-26.71,-20.891047,-29.29871,-16.665424,True,-25.2,-18.95078,-27.967031,-14.477689,True
2018-08-29 03:45:00,-22.82,91,-37,-26.58,-20.822622,-29.357573,-16.549652,True,-24.43,-18.805613,-27.970348,-14.277558,True
2018-08-29 03:50:00,-23.39,91,-37,-25.52,-21.340826,-29.88596,-17.104837,True,-23.88,-19.268341,-28.439037,-14.770749,True
2018-08-29 03:55:00,-23.73,91,-35,-25.53,-21.745745,-30.20736,-17.648327,True,-23.11,-19.738083,-28.800304,-15.360846,True
2018-08-29 04:00:00,-22.19,91,-32,-24.88,-20.125847,-28.690712,-16.307302,True,-22.64,-18.012297,-27.195635,-13.9057865,True
2018-08-29 04:05:00,-22.83,91,-33,-24.05,-20.993721,-29.36395,-17.141237,True,-21.97,-19.124794,-28.06734,-14.952271,True
2018-08-29 04:10:00,-24.67,91,-37,-23.52,-23.104721,-31.220335,-19.092356,True,-21.3,-21.538244,-30.161768,-17.180319,True
2018-08-29 04:15:00,-25.11,91,-38,-23.2,-23.565792,-31.664373,-19.573643,True,-21.01,-22.024015,-30.614878,-17.675184,True
2018-08-29 04:20:00,-26.03,91,-38,-23.16,-24.549442,-32.66262,-20.314749,True,-19.93,-23.080841,-31.676128,-18.485933,True
2018-08-29 04:25:00,-26.94,91,-38,-23.32,-25.48885,-33.771378,-20.696033,True,-19.66,-24.05897,-32.843193,-18.902836,True
2018-08-29 04:30:00,-27.04,91,-36,-24.17,-25.631723,-34.13331,-20.386332,True,-18.41,-24.245249,-33.26837,-18.634636,False
2018-08-29 04:35:00,-26.74,91,-35,-25.22,-25.210905,-33.942513,-19.876978,True,-17.6,-23.68916,-32.97217,-17.994072,False
2018-08-29 04:40:00,-26.71,91,-33,-25.2,-25.081442,-34.01193,-19.62805,True,-17.29,-23.44893,-32.95747,-17.63808,False
2018-08-29 04:45:00,-26.58,91,-36,-24.43,-24.875242,-33.92508,-19.440226,True,-17.24,-23.154024,-32.79506,-17.358799,False
2018-08-29 04:50:00,-25.52,91,-35,-23.88,-23.624449,-32.898727,-18.276505,True,-16.31,-21.68419,-31.59072,-15.981508,True
2018-08-29 04:55:00,-25.53,91,-35,-23.11,-23.590157,-32.9417,-18.224642,True,-16.79,-21.599636,-31.588644,-15.876845,True
2018-08-29 05:00:00,-24.88,91,-36,-22.64,-22.910679,-32.298306,-17.648262,True,-17.95,-20.879513,-30.909746,-15.252146,True
2018-08-29 05:05:00,-24.05,91,-36,-21.97,-22.01287,-31.646858,-16.584969,True,-17.68,-19.898815,-30.211723,-14.116335,True
2018-08-29 05:10:00,-23.52,91,-36,-21.3,-21.593523,-31.23885,-16.106874,True,-19.14,-19.591633,-29.915863,-13.731797,True
2018-08-29 05:15:00,-23.2,91,-34,-21.01,-21.557528,-31.13277,-15.940634,True,-19.56,-19.85638,-30.077385,-13.843075,True
2018-08-29 05:20:00,-23.16,91,-34,-19.93,-21.463102,-31.327343,-15.516069,True,-19.8,-19.702547,-30.24701,-13.368687,True
2018-08-29 05:25:00,-23.32,91,-34,-19.66,-21.765997,-31.650227,-15.647892,True,-19.51,-20.156086,-30.701721,-13.638138,True
2018-08-29 05:30:00,-24.17,91,-34,-18.41,-22.760996,-32.661263,-16.349958,True,-19.71,-21.311754,-31.84777,-14.49173,True
2018-08-29 05:35:00,-25.22,91,-33,-17.6,-23.71712,-33.903107,-16.92367,True,-19.75,-22.172365,-33.016315,-14.982348,True
2018-08-29 05:40:00,-25.2,91,-32,-17.29,-23.617516,-34.05586,-16.565008,True,-19.78,-21.98447,-33.11133,-14.543887,True
2018-08-29 05:45:00,-24.43,91,-33,-17.24,-22.840141,-33.574543,-15.64123,True,-19.16,-21.19256,-32.64308,-13.609434,True
2018-08-29 05:50:00,-23.88,91,-33,-16.31,-22.290142,-32.97705,-15.272039,True,-18.85,-20.63455,-32.032196,-13.225071,True
2018-08-29 05:55:00,-23.11,91,-33,-16.79,-21.517193,-32.265717,-14.560427,True,-18.96,-19.849684,-31.315668,-12.497974,True
2018-08-29 06:00:00,-22.64,91,-32,-17.95,-21.041897,-31.95274,-13.99741,True,-19.44,-19.364782,-31.011063,-11.922739,True
2018-08-29 06:05:00,-21.97,91,-32,-17.68,-20.18566,-31.413242,-13.115999,True,-20.05,-18.300842,-30.316963,-10.851177,True
2018-08-29 06:10:00,-21.3,91,-33,-19.14,-19.371767,-30.864754,-12.260378,True,-20.21,-17.326176,-29.646711,-9.853534,True
2018-08-29 06:15:00,-21.01,91,-33,-19.56,-19.183039,-30.495045,-12.1892,True,-21.37,-17.241335,-29.351784,-9.866408,True
2018-08-29 06:20:00,-19.93,91,-34,-19.8,-18.121668,-29.405775,-11.315329,True,-21.71,-16.18874,-28.27099,-8.994757,True
2018-08-29 06:25:00,-19.66,91,-34,-19.51,-17.801252,-29.13569,-10.969357,True,-21.81,-15.809728,-27.9536,-8.594117,True
2018-08-29 06:30:00,-18.41,91,-33,-19.71,-16.452515,-28.072826,-9.57854,True,-21.04,-14.34748,-26.828802,-7.1026397,True
2018-08-29 06:35:00,-17.6,91,-32,-19.75,-15.182688,-27.357546,-8.2378645,True,-20.97,-12.572613,-25.748976,-5.3044696,True
2018-08-29 06:40:00,-17.29,91,-33,-19.78,-14.63943,-27.256649,-7.548901,True,-21.27,-11.776415,-25.479147,-4.389316,True
2018-08-29 06:45:00,-17.24,91,-33,-19.16,-14.742425,-27.157658,-7.7523074,True,-21.53,-12.041076,-25.482224,-4.741856,True
2018-08-29 06:50:00,-16.31,91,-33,-18.85,-13.755795,-26.290024,-6.8465333,True,-21.74,-10.985818,-24.579393,-3.7700074,True
2018-08-29 06:55:00,-16.79,91,-32,-18.96,-14.246012,-26.811455,-7.2391515,True,-22.34,-11.489359,-25.09784,-4.1793838,True
2018-08-29 07:00:00,-17.95,91,-33,-19.44,-15.419151,-27.965279,-8.228821,True,-22.92,-12.678868,-26.236677,-5.190106,True
2018-08-29 07:05:00,-17.68,91,-33,-20.05,-14.965571,-27.882673,-7.6893106,True,-23.48,-12.021348,-26.01096,-4.4751887,True
2018-08-29 07:10:00,-19.14,91,-33,-20.21,-16.675194,-29.407087,-9.247564,True,-23.66,-14.005047,-27.716316,-6.286102,True
2018-08-29 07:15:00,-19.56,91,-34,-21.37,-17.308174,-29.875484,-9.82507,True,-24.36,-14.871149,-28.348057,-7.0863786,True
2018-08-29 07:20:00,-19.8,91,-32,-21.71,-17.609476,-30.056698,-10.09313,True,-24.95,-15.241281,-28.573517,-7.4161496,True
2018-08-29 07:25:00,-19.51,91,-32,-21.81,-17.199142,-29.78708,-9.637965,True,-24.84,-14.700631,-28.202652,-6.8531194,True
2018-08-29 07:30:00,-19.71,91,-32,-21.04,-17.464684,-29.959429,-9.883053,True,-24.64,-15.037969,-28.42168,-7.163655,True
2018-08-29 07:35:00,-19.75,91,-32,-20.97,-17.400002,-29.840488,-9.869298,True,-24.46,-14.856737,-28.191557,-7.042872,True
2018-08-29 07:40:00,-19.78,91,-32,-21.27,-17.406652,-29.887636,-9.849265,True,-24.26,-14.840808,-28.210358,-7.0089707,True
2018-08-29 07:45:00,-19.16,91,-33,-21.53,-16.69293,-29.26729,-9.180354,True,-24.18,-14.02404,-27.51014,-6.2511306,True
2018-08-29 07:50:00,-18.85,91,-33,-21.74,-16.303804,-29.143911,-8.676115,True,-24.18,-13.551747,-27.332111,-5.6851306,True
2018-08-29 07:55:00,-18.96,91,-33,-22.34,-16.460629,-29.472034,-8.630606,True,-23.21,-13.762242,-27.70563,-5.7039447,True
2018-08-29 08:00:00,-19.44,91,-33,-22.92,-17.122377,-30.129528,-9.147906,True,-22.65,-14.622303,-28.505768,-6.416967,True
2018-08-29 08:05:00,-20.05,91,-33,-23.48,-17.792181,-30.697607,-9.75792,True,-21.94,-15.357432,-29.105791,-7.094414,True
2018-08-29 08:10:00,-20.21,91,-33,-23.66,-18.052437,-30.96757,-9.890056,True,-21.06,-15.731248,-29.459078,-7.3472657,True
2018-08-29 08:15:00,-21.37,91,-33,-24.36,-19.359167,-31.963942,-11.040575,True,-20.8,-17.20445,-30.557781,-8.653456,True
2018-08-29 08:20:00,-21.71,91,-32,-24.95,-19.745478,-32.365578,-11.296984,True,-18.77,-17.64681,-30.990164,-8.977198,True
2018-08-29 08:25:00,-21.81,91,-32,-24.84,-19.86195,-32.575756,-11.267966,True,-18.99,-17.78801,-31.221214,-8.98135,True
2018-08-29 08:30:00,-21.04,91,-31,-24.64,-19.025505,-31.906246,-10.403779,True,-19.63,-16.886082,-30.503817,-8.07382,True
2018-08-29 08:35:00,-20.97,91,-31,-24.46,-19.012257,-32.13943,-10.2715645,True,-19.26,-16.937634,-30.794931,-8.01895,True
2018-08-29 08:40:00,-21.27,91,-31,-24.26,-19.38345,-32.75131,-10.46299,True,-18.55,-17.391201,-31.474234,-8.305775,True
2018-08-29 08:45:00,-21.53,91,-33,-24.18,-19.525558,-32.9716,-10.529631,True,-18.7,-17.41269,-31.593052,-8.272769,True
2018-08-29 08:50:00,-21.74,91,-33,-24.18,-19.617462,-33.083805,-10.467149,True,-17.62,-17.388828,-31.603691,-8.119345,True
2018-08-29 08:55:00,-22.34,91,-34,-23.21,-20.243631,-33.658066,-11.0805645,True,-17.9,-18.038681,-32.174778,-8.76389,True
2018-08-29 09:00:00,-22.92,91,-33,-22.65,-20.765345,-34.101532,-11.551685,True,-18.15,-18.493088,-32.53564,-9.183769,True
2018-08-29 09:05:00,-23.48,91,-31,-21.94,-21.188267,-34.229935,-12.025633,True,-18.27,-18.771715,-32.5148,-9.525541,True
2018-08-29 09:10:00,-23.66,91,-31,-21.06,-21.340586,-34.30544,-12.115425,True,-18.37,-18.896404,-32.551758,-9.599295,True
2018-08-29 09:15:00,-24.36,91,-32,-20.8,-22.119665,-35.068386,-12.705325,True,-18.89,-19.764042,-33.361816,-10.2873,True
2018-08-29 09:20:00,-24.95,91,-32,-18.77,-22.877897,-35.920635,-13.23226,True,-18.28,-20.708279,-34.355087,-11.002961,True
2018-08-29 09:25:00,-24.84,91,-31,-18.99,-22.804333,-35.87071,-13.174391,True,-19.01,-20.675665,-34.329193,-10.99818,True
2018-08-29 09:30:00,-24.64,91,-31,-19.63,-22.761513,-36.08648,-12.942086,True,-19.94,-20.807878,-34.695873,-10.947055,True
2018-08-29 09:35:00,-24.46,91,-31,-19.26,-22.79512,-36.096104,-12.920938,True,-21.11,-21.070648,-34.887794,-11.150487,True
2018-08-29 09:40:00,-24.26,91,-31,-18.55,-22.593458,-36.374886,-12.493447,True,-20.19,-20.874825,-35.180508,-10.751843,True
2018-08-29 09:45:00,-24.18,91,-30,-18.7,-22.486431,-36.79368,-12.130672,True,-21.04,-20.745392,-35.588882,-10.389122,True
2018-08-29 09:50:00,-24.18,91,-29,-17.62,-22.317192,-35.805576,-12.468626,True,-21.1,-20.384966,-34.40141,-10.544051,True
2018-08-29 09:55:00,-23.21,91,-30,-17.9,-21.068491,-34.337162,-11.562174,True,-21.99,-18.844456,-32.685627,-9.373731,True
2018-08-29 10:00:00,-22.65,91,-30,-18.15,-20.362251,-33.336273,-11.074786,True,-22.19,-17.986668,-31.544237,-8.75055,True
2018-08-29 10:05:00,-21.94,91,-30,-18.27,-19.653887,-32.691593,-10.425316,True,-21.28,-17.280657,-30.899017,-8.1177025,True
2018-08-29 10:10:00,-21.06,91,-28,-18.37,-18.773926,-32.04568,-9.591187,True,-21.18,-16.403713,-30.263597,-7.3025107,True
2018-08-29 10:15:00,-20.8,91,-27,-18.89,-18.543352,-32.04546,-9.30033,True,-19.11,-16.210705,-30.296816,-7.0637393,True
2018-08-29 10:20:00,-18.77,91,-27,-18.28,-16.41097,-30.320543,-7.271048,True,-19.72,-13.987828,-28.539482,-4.9710746,True
2018-08-29 10:25:00,-18.99,91,-28,-19.01,-16.496294,-30.565742,-7.315062,True,-21.03,-13.939189,-28.674719,-4.9061074,True
2018-08-29 10:30:00,-19.63,91,-29,-19.94,-17.032515,-30.837343,-7.9317365,True,-21.32,-14.374339,-28.837275,-5.4348044,True
2018-08-29 10:35:00,-19.26,91,-29,-21.11,-16.561785,-30.401506,-7.56949,True,-21.73,-13.807655,-28.324633,-4.995971,True
2018-08-29 10:40:00,-18.55,91,-29,-20.19,-15.641584,-29.581806,-6.799577,True,-20.73,-12.67299,-27.341022,-4.0404534,True
2018-08-29 10:45:00,-18.7,91,-28,-21.04,-15.674954,-29.524204,-6.9357934,True,-20.69,-12.581965,-27.164465,-4.070233,True
2018-08-29 10:50:00,-17.62,91,-28,-21.1,-14.398447,-28.323008,-5.845471,True,-20.58,-11.106285,-25.81507,-2.807257,True
2018-08-29 10:55:00,-17.9,91,-28,-21.99,-14.591503,-28.432758,-6.112553,True,-19.1,-11.21687,-25.84505,-3.0073454,True
2018-08-29 11:00:00,-18.15,91,-28,-22.19,-14.891036,-28.628418,-6.4185386,True,-21.17,-11.577213,-26.073875,-3.378607,True
2018-08-29 11:05:00,-18.27,91,-28,-21.28,-15.041702,-28.750496,-6.5754285,True,-21.77,-11.762937,-26.208574,-3.579096,True
2018-08-29 11:10:00,-18.37,91,-28,-21.18,-15.172651,-28.92603,-6.68547,True,-22.03,-11.928713,-26.40318,-3.7330143,True
2018-08-29 11:15:00,-18.89,91,-28,-19.11,-15.763452,-29.593786,-7.208196,True,-20.85,-12.593956,-27.116077,-4.336678,True
2018-08-29 11:20:00,-18.28,91,-29,-19.72,-15.139208,-29.141317,-6.620395,True,-21.45,-11.960544,-26.662916,-3.754823,True
2018-08-29 11:25:00,-19.01,91,-29,-21.03,-15.98154,-29.857357,-7.4014935,True,-22.3,-12.917136,-27.440441,-4.648478,True
2018-08-29 11:30:00,-19.94,91,-29,-21.32,-17.057594,-30.80506,-8.379502,True,-22.83,-14.144885,-28.482395,-5.7739167,True
2018-08-29 11:35:00,-21.11,91,-28,-21.73,-18.341843,-31.90263,-9.562296,True,-23.25,-15.546541,-29.642067,-7.0707726,True
2018-08-29 11:40:00,-20.19,91,-29,-20.73,-17.221027,-31.158373,-8.414609,True,-23.12,-14.23163,-28.762123,-5.761623,True
2018-08-29 11:45:00,-21.04,91,-30,-20.69,-18.019318,-32.07831,-9.043334,True,-23.86,-14.980421,-29.622364,-6.355452,True
2018-08-29 11:50:00,-21.1,91,-31,-20.58,-18.163265,-32.21852,-9.143434,True,-25.26,-15.219033,-29.831385,-6.551393,True
2018-08-29 11:55:00,-21.99,91,-31,-19.1,-19.317719,-32.92313,-10.290442,True,-23.87,-16.647467,-30.721876,-7.9523177,True
2018-08-29 12:00:00,-22.19,91,-30,-21.17,-19.63479,-32.906452,-10.669683,True,-24.64,-17.088074,-30.786028,-8.44816,True
2018-08-29 12:05:00,-21.28,91,-29,-21.77,-18.702978,-31.843508,-9.940955,True,-23.55,-16.136372,-29.699215,-7.706941,True
2018-08-29 12:10:00,-21.18,91,-27,-22.03,-18.68797,-31.561375,-10.089616,True,-23.64,-16.205944,-29.464872,-7.9363894,True
2018-08-29 12:15:00,-19.11,91,-28,-20.85,-16.694103,-29.914034,-8.211,True,-23.98,-14.311227,-27.939415,-6.163978,True
2018-08-29 12:20:00,-19.72,91,-28,-21.45,-17.488976,-30.75287,-8.925424,True,-23.97,-15.296333,-28.918621,-7.0643344,True
2018-08-29 12:25:00,-21.03,91,-27,-22.3,-18.890339,-31.955004,-10.264139,True,-23.22,-16.787169,-30.163012,-8.492859,True
2018-08-29 12:30:00,-21.32,91,-28,-22.83,-19.20981,-32.094616,-10.6501045,True,-23.95,-17.137068,-30.311642,-8.91149,True
2018-08-29 12:35:00,-21.73,91,-28,-23.25,-19.487038,-32.328693,-11.014389,True,-24.01,-17.276978,-30.413338,-9.157305,True
2018-08-29 12:40:00,-20.73,91,-28,-23.12,-18.29088,-31.148218,-10.095867,True,-23.56,-15.886747,-29.072556,-8.066606,True
2018-08-29 12:45:00,-20.69,91,-27,-23.86,-18.073078,-30.945347,-10.018179,True,-23.48,-15.487904,-28.706757,-7.830443,True
2018-08-29 12:50:00,-20.58,91,-26,-25.26,-17.846478,-30.7282,-9.883982,True,-23.04,-15.146108,-28.387093,-7.596482,True
2018-08-29 12:55:00,-19.1,91,-27,-23.87,-16.329653,-29.213837,-8.547519,True,-22.79,-13.607005,-26.87169,-6.2472987,True
2018-08-29 13:00:00,-21.17,91,-27,-24.64,-18.582523,-31.095692,-10.731868,True,-20.91,-16.039362,-28.85029,-8.605655,True
2018-08-29 13:05:00,-21.77,91,-27,-23.55,-19.2498,-31.528217,-11.433522,True,-21.26,-16.77665,-29.320633,-9.376815,True
2018-08-29 13:10:00,-22.03,91,-27,-23.64,-19.474756,-31.742996,-11.700768,True,-19.98,-16.970078,-29.495024,-9.62462,True
2018-08-29 13:15:00,-20.85,91,-27,-23.98,-18.432714,-30.838007,-10.722283,True,-18.73,-16.0805,-28.731226,-8.799585,True
2018-08-29 13:20:00,-21.45,91,-27,-23.97,-19.107847,-31.603025,-11.287234,True,-17.35,-16.830105,-29.541166,-9.446472,True
2018-08-29 13:25:00,-22.3,91,-27,-23.22,-20.152227,-32.529682,-12.271582,True,-17.98,-18.06463,-30.604479,-10.616246,True
2018-08-29 13:30:00,-22.83,91,-27,-23.95,-20.761637,-33.13352,-12.847943,True,-17.44,-18.749916,-31.255655,-11.272656,True
2018-08-29 13:35:00,-23.25,91,-26,-24.01,-21.25862,-33.54505,-13.3474655,True,-17.78,-19.32385,-31.719236,-11.85343,True
2018-08-29 13:40:00,-23.12,91,-27,-23.56,-21.178305,-33.597687,-13.191834,True,-16.55,-19.298859,-31.815977,-11.76227,True
2018-08-29 13:45:00,-23.86,91,-27,-23.48,-22.000067,-34.371815,-13.886077,True,-15.41,-20.202673,-32.644234,-12.543279,True
2018-08-29 13:50:00,-25.26,91,-27,-23.04,-23.504824,-35.848465,-15.190513,True,-18.02,-21.804985,-34.178413,-13.950984,True
2018-08-29 13:55:00,-23.87,91,-28,-22.79,-22.010082,-34.709908,-13.741482,True,-16.31,-20.215403,-32.96347,-12.428597,True
2018-08-29 14:00:00,-24.64,91,-28,-20.91,-22.799564,-35.34648,-14.497532,True,-16.85,-21.019434,-33.59304,-13.203517,True
2018-08-29 14:05:00,-23.55,91,-28,-21.26,-21.68164,-34.463215,-13.37813,True,-16.23,-19.885887,-32.695747,-12.085839,True
2018-08-29 14:10:00,-23.64,91,-28,-19.98,-21.81673,-34.60064,-13.404051,True,-16.92,-20.07187,-32.86646,-12.16895,True
2018-08-29 14:15:00,-23.98,91,-29,-18.73,-22.31826,-34.963844,-13.794339,True,-17.76,-20.737946,-33.35202,-12.722298,True
2018-08-29 14:20:00,-23.97,91,-29,-17.35,-22.44556,-35.10241,-13.807022,True,-19.0,-21.006927,-33.601955,-12.869685,True
2018-08-29 14:25:00,-23.22,91,-30,-17.98,-21.846878,-34.43218,-13.250181,True,-20.8,-20.567974,-33.061314,-12.46654,True
2018-08-29 14:30:00,-23.95,91,-30,-17.44,-22.722677,-35.001114,-14.070578,True,-21.11,-21.584965,-33.730633,-13.425138,True
2018-08-29 14:35:00,-24.01,91,-31,-17.78,-22.921255,-35.307083,-14.100588,True,-19.6,-21.921034,-34.14152,-13.585022,True
2018-08-29 14:40:00,-23.56,91,-31,-16.55,-22.705572,-35.06608,-13.74236,True,-21.63,-21.939487,-34.08701,-13.449095,True
2018-08-29 14:45:00,-23.48,91,-32,-15.41,-22.80418,-34.87907,-13.842,True,-24.58,-22.211493,-34.036594,-13.712193,True
2018-08-29 14:50:00,-23.04,91,-32,-18.02,-22.4731,-34.47204,-13.569495,True,-25.34,-21.986965,-33.70926,-13.542183,True
2018-08-29 14:55:00,-22.79,91,-32,-16.31,-22.363997,-34.326996,-13.463708,True,-26.1,-22.014336,-33.667656,-13.566712,True
2018-08-29 15:00:00,-20.91,91,-33,-16.85,-20.534203,-32.67276,-11.8329115,True,-26.94,-20.248459,-32.05832,-12.001982,True
2018-08-29 15:05:00,-21.26,91,-33,-16.23,-20.790407,-32.921066,-12.129069,True,-24.98,-20.411892,-32.225056,-12.211502,True
2018-08-29 15:10:00,-19.98,91,-34,-16.92,-19.401182,-31.609587,-11.030099,True,-23.75,-18.928335,-30.830614,-11.033842,True
2018-08-29 15:15:00,-18.73,91,-34,-17.76,-18.098291,-30.264847,-10.075677,True,-22.04,-17.582531,-29.451094,-10.043535,True
2018-08-29 15:20:00,-17.35,91,-35,-19.0,-16.608225,-28.8722,-8.891173,True,-20.96,-15.997086,-27.977104,-8.778795,True
2018-08-29 15:25:00,-17.98,91,-35,-20.8,-17.267736,-29.418114,-9.564438,True,-21.17,-16.678526,-28.531958,-9.474048,True
2018-08-29 15:30:00,-17.44,91,-36,-21.11,-16.822039,-28.938541,-9.22388,True,-25.05,-16.323637,-28.12524,-9.214893,True
2018-08-29 15:35:00,-17.78,91,-37,-19.6,-17.230745,-29.428776,-9.54758,True,-24.8,-16.794779,-28.651402,-9.599781,True
2018-08-29 15:40:00,-16.55,91,-37,-21.63,-16.065958,-28.649347,-8.382598,True,-24.71,-15.702009,-27.918734,-8.501902,True
2018-08-29 15:45:00,-15.41,91,-39,-24.58,-15.037277,-28.035849,-7.3334575,True,-26.29,-14.78857,-27.387335,-7.553661,True
2018-08-29 15:50:00,-18.02,91,-39,-25.34,-17.880943,-30.428928,-9.859267,True,-25.43,-17.834204,-29.934124,-10.2613735,True
2018-08-29 15:55:00,-16.31,91,-39,-26.1,-16.303356,-28.721561,-8.500274,True,-24.96,-16.390015,-28.336113,-9.021502,True
2018-08-29 16:00:00,-16.85,91,-40,-26.94,-16.891638,-28.671032,-9.219811,True,-24.77,-17.011696,-28.32263,-9.772418,True
2018-08-29 16:05:00,-16.23,91,-40,-24.98,-16.317095,-27.923002,-8.783807,True,-23.65,-16.477907,-27.607826,-9.372446,True
2018-08-29 16:10:00,-16.92,91,-41,-23.75,-17.002876,-28.34196,-9.4964695,True,-22.95,-17.147627,-28.019718,-10.06434,True
2018-08-29 16:15:00,-17.76,91,-42,-22.04,-17.798098,-28.901802,-10.321603,True,-21.51,-17.88883,-28.5377,-10.837275,True
2018-08-29 16:20:00,-19.0,91,-43,-20.96,-19.042843,-29.861578,-11.560511,True,-19.75,-19.1245,-29.496483,-12.061668,True
2018-08-29 16:25:00,-20.8,91,-44,-21.17,-20.760632,-31.303032,-13.253869,True,-18.97,-20.751108,-30.868568,-13.665574,True
2018-08-29 16:30:00,-21.11,91,-44,-25.05,-21.050638,-31.573088,-13.565418,True,-17.64,-21.018284,-31.116302,-13.954565,True
2018-08-29 16:35:00,-19.6,91,-45,-24.8,-19.404581,-30.032642,-12.263057,True,-16.7,-19.251616,-29.47757,-12.536634,True
2018-08-29 16:40:00,-21.63,91,-46,-24.71,-21.201899,-31.45094,-14.173286,True,-16.09,-20.818998,-30.71177,-14.231901,True
2018-08-29 16:45:00,-24.58,91,-46,-26.29,-23.860516,-33.82641,-16.79247,True,-18.53,-23.190886,-32.838745,-16.587921,True
2018-08-29 16:50:00,-25.34,91,-46,-25.43,-24.438143,-34.15441,-17.540304,True,-18.89,-23.594452,-33.025356,-17.169798,True
2018-08-29 16:55:00,-26.1,91,-46,-24.96,-25.144825,-34.715744,-18.29309,True,-18.48,-24.24562,-33.536747,-17.87164,True
2018-08-29 17:00:00,-26.94,91,-46,-24.77,-25.998396,-35.36788,-19.189018,True,-18.84,-25.105843,-34.1974,-18.768251,True
2018-08-29 17:05:00,-24.98,91,-45,-23.65,-24.139044,-33.62352,-17.59039,True,-20.65,-23.343819,-32.543102,-17.255178,True
2018-08-29 17:10:00,-23.75,91,-45,-22.95,-22.930178,-32.511787,-16.560385,True,-21.01,-22.156279,-31.454956,-16.237694,True
2018-08-29 17:15:00,-22.04,91,-44,-21.51,-21.249542,-31.289352,-14.843895,True,-20.06,-20.506824,-30.256836,-14.541612,True
2018-08-29 17:20:00,-20.96,91,-42,-19.75,-20.288347,-30.365437,-13.951251,True,-20.52,-19.6574,-29.43288,-13.744003,True
2018-08-29 17:25:00,-21.17,91,-43,-18.97,-20.496761,-30.60125,-14.14382,True,-19.66,-19.860027,-29.660324,-13.9276285,True
2018-08-29 17:30:00,-25.05,91,-44,-17.64,-24.295916,-33.97311,-17.5378,True,-19.97,-23.569588,-32.952522,-17.235468,True
2018-08-29 17:35:00,-24.8,91,-43,-16.7,-24.244669,-34.08736,-17.246494,False,-21.48,-23.700275,-33.216343,-17.104763,True
2018-08-29 17:40:00,-24.71,91,-44,-16.09,-24.219082,-34.046284,-17.101036,False,-23.16,-23.732687,-33.226585,-17.004925,True
2018-08-29 17:45:00,-26.29,91,-43,-18.53,-25.74766,-35.207123,-18.426983,True,-23.61,-25.207695,-34.345093,-18.281946,True
2018-08-29 17:50:00,-25.43,91,-43,-18.89,-24.99852,-34.51237,-17.707977,True,-22.63,-24.558968,-33.73625,-17.650194,True
2018-08-29 17:55:00,-24.96,91,-42,-18.48,-24.469986,-34.047928,-17.236937,True,-22.49,-23.974085,-33.223583,-17.123922,True
2018-08-29 18:00:00,-24.77,91,-41,-18.84,-24.196766,-33.60924,-17.108707,True,-22.86,-23.62148,-32.726578,-16.9171,True
2018-08-29 18:05:00,-23.65,91,-41,-20.65,-23.052443,-32.42514,-16.161201,True,-24.02,-22.45376,-31.531532,-15.940559,True
2018-08-29 18:10:00,-22.95,91,-40,-21.01,-22.422209,-31.676712,-15.654523,True,-23.64,-21.884626,-30.8365,-15.487563,True
2018-08-29 18:15:00,-21.51,91,-39,-20.06,-21.071106,-30.449896,-14.370361,True,-25.22,-20.614347,-29.681849,-14.268065,True
2018-08-29 18:20:00,-19.75,91,-38,-20.52,-19.420685,-28.97847,-12.803688,True,-24.26,-19.06321,-28.29224,-12.785565,True
2018-08-29 18:25:00,-18.97,91,-38,-19.66,-18.718435,-28.414124,-12.054446,True,-24.71,-18.428242,-27.780285,-12.091092,True
2018-08-29 18:30:00,-17.64,91,-37,-19.97,-17.498075,-27.36741,-10.864034,True,-23.96,-17.305422,-26.809914,-10.98371,True
2018-08-29 18:35:00,-16.7,91,-36,-21.48,-16.571577,-26.406967,-10.067699,True,-24.06,-16.388178,-25.864992,-10.188897,True
2018-08-29 18:40:00,-16.09,91,-35,-23.16,-15.935354,-25.658386,-9.62067,True,-23.91,-15.724435,-25.101013,-9.713908,True
2018-08-29 18:45:00,-18.53,91,-36,-23.61,-18.19882,-27.389158,-11.876559,True,-24.46,-17.818457,-26.707071,-11.814725,True
2018-08-29 18:50:00,-18.89,91,-36,-22.63,-18.463812,-27.577118,-12.226203,True,-25.2,-17.992775,-26.82432,-12.079329,True
2018-08-29 18:55:00,-18.48,91,-35,-22.49,-17.980112,-27.199203,-11.871444,True,-23.97,-17.439175,-26.393368,-11.654541,True
2018-08-29 19:00:00,-18.84,91,-34,-22.86,-18.220654,-27.373743,-12.170623,True,-23.37,-17.566595,-26.477652,-11.847956,True
2018-08-29 19:05:00,-20.65,91,-35,-24.02,-19.821161,-28.732946,-13.706124,True,-22.98,-18.97067,-27.67139,-13.20557,True
2018-08-29 19:10:00,-21.01,91,-34,-23.64,-20.078352,-28.975674,-13.927344,True,-22.7,-19.131573,-27.837826,-13.333159,True
2018-08-29 19:15:00,-20.06,91,-34,-25.22,-19.129246,-28.117,-13.046826,True,-22.41,-18.18017,-26.98225,-12.445675,True
2018-08-29 19:20:00,-20.52,91,-34,-24.26,-19.552427,-28.426868,-13.422863,True,-18.98,-18.566399,-27.264183,-12.784911,True
2018-08-29 19:25:00,-19.66,91,-33,-24.71,-18.760532,-27.657719,-12.707706,True,-18.12,-17.832087,-26.550093,-12.117125,True
2018-08-29 19:30:00,-19.97,91,-34,-23.96,-19.056873,-27.85566,-13.00448,True,-17.14,-18.112085,-26.738724,-12.3959675,True
2018-08-29 19:35:00,-21.48,91,-35,-24.06,-20.501652,-29.208889,-14.228712,True,-17.46,-19.494432,-28.038338,-13.561048,True
2018-08-29 19:40:00,-23.16,91,-37,-23.91,-22.076618,-30.599083,-15.633168,True,-17.36,-20.972063,-29.345356,-14.875666,True
2018-08-29 19:45:00,-23.61,91,-37,-24.46,-22.471138,-30.934631,-15.977224,True,-16.67,-21.3144,-29.642107,-15.166881,True
2018-08-29 19:50:00,-22.63,91,-37,-25.2,-21.515345,-30.117641,-15.019128,True,-17.26,-20.376354,-28.846657,-14.219488,True
2018-08-29 19:55:00,-22.49,91,-37,-23.97,-21.378332,-29.899656,-14.938755,True,-18.14,-20.236963,-28.63067,-14.1355095,True
2018-08-29 20:00:00,-22.86,91,-37,-23.37,-21.592115,-30.183357,-15.099129,True,-16.52,-20.305532,-28.79261,-14.16218,True
2018-08-29 20:05:00,-24.02,91,-38,-22.98,-22.698044,-31.33412,-15.811049,True,-13.4,-21.363163,-29.903172,-14.8251705,False
2018-08-29 20:10:00,-23.64,91,-37,-22.7,-22.420845,-30.97524,-15.553378,True,-13.65,-21.177261,-29.630442,-14.644224,False
2018-08-29 20:15:00,-25.22,91,-39,-22.41,-23.983484,-32.25135,-16.844427,True,-16.39,-22.727114,-30.896605,-15.920883,True
2018-08-29 20:20:00,-24.26,91,-39,-18.98,-23.176424,-31.407377,-15.964998,True,-19.96,-22.052723,-30.172787,-15.156512,True
2018-08-29 20:25:00,-24.71,91,-38,-18.12,-23.68884,-31.723244,-16.302298,True,-20.75,-22.622879,-30.546715,-15.538963,True
2018-08-29 20:30:00,-23.96,91,-38,-17.14,-22.995058,-30.983545,-15.609589,True,-18.91,-21.976643,-29.856405,-14.884004,True
2018-08-29 20:35:00,-24.06,91,-39,-17.46,-23.070364,-31.03581,-15.567363,True,-18.61,-22.028847,-29.894712,-14.816584,True
2018-08-29 20:40:00,-23.91,91,-38,-17.36,-22.945095,-30.839533,-15.444316,True,-18.87,-21.924238,-29.723972,-14.7074585,True
2018-08-29 20:45:00,-24.46,91,-38,-16.67,-23.41701,-31.151012,-16.009375,True,-18.94,-22.326832,-29.983852,-15.2067795,True
2018-08-29 20:50:00,-25.2,91,-38,-17.26,-23.90978,-31.540257,-16.720795,True,-18.84,-22.596983,-30.186697,-15.717853,True
2018-08-29 20:55:00,-23.97,91,-38,-18.14,-22.572426,-30.51583,-15.550044,True,-19.22,-21.157766,-29.087114,-14.450056,True
2018-08-29 21:00:00,-23.37,91,-37,-16.52,-21.905247,-29.722412,-15.309555,True,-19.63,-20.42654,-28.250652,-14.147698,True
2018-08-29 21:05:00,-22.98,91,-36,-13.4,-21.298887,-29.211226,-15.009411,False,-19.95,-19.618876,-27.574715,-13.663107,True
2018-08-29 21:10:00,-22.7,91,-37,-13.65,-20.835135,-29.089798,-14.526068,False,-20.5,-18.980844,-27.310562,-13.021281,True
2018-08-29 21:15:00,-22.41,91,-37,-16.39,-20.374214,-28.971674,-13.868909,True,-21.33,-18.355433,-27.057585,-12.21682,True
2018-08-29 21:20:00,-18.98,91,-37,-19.96,-17.152718,-26.31009,-10.755869,True,-22.37,-15.309906,-24.57874,-9.253006,True
2018-08-29 21:25:00,-18.12,91,-37,-20.75,-16.412785,-25.478367,-10.177005,True,-22.93,-14.677177,-23.84816,-8.764744,True
2018-08-29 21:30:00,-17.14,91,-35,-18.91,-15.426947,-24.490131,-9.400105,True,-22.5,-13.683187,-22.866823,-7.974771,True
2018-08-29 21:35:00,-17.46,91,-35,-18.61,-15.864854,-24.813755,-9.659422,True,-21.75,-14.2300415,-23.286213,-8.328863,True
2018-08-29 21:40:00,-17.36,91,-35,-18.87,-15.927859,-24.661903,-9.706852,True,-20.69,-14.441336,-23.264399,-8.505791,True
2018-08-29 21:45:00,-16.67,91,-33,-18.94,-15.412699,-24.121502,-9.049742,True,-18.39,-14.085386,-22.866568,-7.98681,True
2018-08-29 21:50:00,-17.26,91,-33,-18.84,-16.108805,-24.565588,-9.565978,True,-18.95,-14.88364,-23.404299,-8.589321,True
2018-08-29 21:55:00,-18.14,91,-33,-19.22,-16.96539,-25.366213,-10.060467,True,-20.42,-15.722167,-24.195938,-9.063957,True
2018-08-29 22:00:00,-16.52,91,-34,-19.63,-15.446948,-24.206362,-8.42569,True,-21.9,-14.290442,-23.120993,-7.5010448,True
2018-08-29 22:05:00,-13.4,91,-34,-19.95,-12.521139,-21.83118,-5.6393046,True,-22.09,-11.531586,-20.896315,-4.8566976,False
2018-08-29 22:10:00,-13.65,91,-35,-20.5,-12.745279,-21.98177,-5.8555036,True,-21.96,-11.733182,-21.03862,-5.0482917,False
2018-08-29 22:15:00,-16.39,91,-35,-21.33,-15.262527,-23.911901,-8.300113,True,-21.02,-14.05901,-22.819477,-7.318724,True
2018-08-29 22:20:00,-19.96,91,-35,-22.37,-18.618944,-26.56403,-11.604204,True,-21.02,-17.238989,-25.321428,-10.462908,True
2018-08-29 22:25:00,-20.75,91,-36,-22.93,-19.363953,-27.011757,-12.5804405,True,-20.81,-17.9488,-25.744297,-11.403167,True
2018-08-29 22:30:00,-18.91,91,-33,-22.5,-17.538754,-25.434032,-11.026197,True,-20.83,-16.128637,-24.187613,-9.846711,True
2018-08-29 22:35:00,-18.61,91,-33,-21.75,-17.347904,-25.12148,-11.100317,True,-21.23,-16.03581,-23.96684,-10.003121,True
2018-08-29 22:40:00,-18.87,91,-34,-20.69,-17.571358,-25.262417,-11.3425455,True,-21.28,-16.229565,-24.091537,-10.212772,True
2018-08-29 22:45:00,-18.94,91,-34,-18.39,-17.52055,-25.20654,-11.37891,True,-21.08,-16.070398,-23.951834,-10.146755,True
2018-08-29 22:50:00,-18.84,91,-35,-18.95,-17.285791,-24.961761,-11.367658,True,-20.45,-15.71094,-23.608986,-10.017807,True
2018-08-29 22:55:00,-19.22,91,-35,-20.42,-17.513573,-25.098349,-11.793777,True,-20.79,-15.802207,-23.632273,-10.315181,True
2018-08-29 23:00:00,-19.63,91,-37,-21.9,-17.724598,-25.32001,-12.063589,True,-21.56,-15.8336315,-23.703678,-10.41775,True
2018-08-29 23:05:00,-19.95,91,-37,-22.09,-17.953638,-25.42797,-12.512974,True,-22.22,-15.982366,-23.744085,-10.787307,True
2018-08-29 23:10:00,-20.5,91,-37,-21.96,-18.438356,-25.79429,-13.12348,True,-22.88,-16.411877,-24.06351,-11.341649,True
2018-08-29 23:15:00,-21.33,91,-36,-21.02,-19.173765,-26.428186,-13.899685,True,-22.89,-17.06832,-24.628077,-12.040288,True
2018-08-29 23:20:00,-22.37,91,-36,-21.02,-20.140734,-27.341503,-14.823644,True,-21.57,-17.97436,-25.487429,-12.905345,True
2018-08-29 23:25:00,-22.93,91,-36,-20.81,-20.743975,-27.868462,-15.328014,True,-19.13,-18.622503,-26.059727,-13.446428,True
2018-08-29 23:30:00,-22.5,91,-35,-20.83,-20.351917,-27.528566,-14.908418,True,-16.97,-18.264376,-25.762848,-13.051456,True
2018-08-29 23:35:00,-21.75,91,-33,-21.23,-19.59018,-26.913845,-14.098816,True,-18.45,-17.4876,-25.152576,-12.221951,True
2018-08-29 23:40:00,-20.69,91,-32,-21.28,-18.509493,-26.017761,-13.116476,True,-18.62,-16.379377,-24.253456,-11.206699,True
2018-08-29 23:45:00,-18.39,91,-32,-21.08,-16.333117,-24.163883,-11.122257,True,-18.86,-14.300984,-22.518534,-9.290954,True
2018-08-29 23:50:00,-18.95,91,-31,-20.45,-16.908749,-24.652697,-11.668928,True,-18.31,-14.895276,-23.0281,-9.847356,True
2018-08-29 23:55:00,-20.42,91,-31,-20.79,-18.284624,-25.818985,-13.082653,True,-18.04,-16.19193,-24.11842,-11.183145,True
2018-08-30 00:00:00,-21.9,91,-31,-21.56,-19.669956,-27.007536,-14.521172,True,-18.52,-17.500845,-25.228567,-12.546852,True
2018-08-30 00:05:00,-22.09,91,-30,-22.22,-19.838678,-27.128553,-14.753066,True,-18.33,-17.653786,-25.336859,-12.756883,True
2018-08-30 00:10:00,-21.96,91,-30,-22.88,-19.689583,-27.007196,-14.638005,True,-17.21,-17.48852,-25.208065,-12.619703,True
2018-08-30 00:15:00,-21.02,91,-29,-22.89,-18.76474,-26.210966,-13.750234,True,-17.86,-16.574173,-24.438927,-11.733256,True
2018-08-30 00:20:00,-21.02,91,-29,-21.57,-18.748928,-26.181156,-13.785805,True,-18.0,-16.54599,-24.40565,-11.749434,True
2018-08-30 00:25:00,-20.81,91,-30,-19.13,-18.559637,-26.066784,-13.59837,True,-17.64,-16.375025,-24.31758,-11.570815,True
2018-08-30 00:30:00,-20.83,91,-30,-16.97,-18.558905,-26.056519,-13.628157,True,-17.12,-16.356667,-24.296228,-11.576115,True
2018-08-30 00:35:00,-21.23,91,-31,-18.45,-18.978172,-26.417433,-14.041189,True,-16.37,-16.801533,-24.679653,-12.005683,True
2018-08-30 00:40:00,-21.28,91,-30,-18.62,-19.064014,-26.455095,-14.176797,True,-16.12,-16.925287,-24.75345,-12.167552,True
2018-08-30 00:45:00,-21.08,91,-30,-18.86,-18.934603,-26.296444,-14.10429,True,-15.89,-16.864368,-24.66275,-12.147476,True
2018-08-30 00:50:00,-20.45,91,-31,-18.31,-18.390228,-25.787859,-13.626423,True,-16.21,-16.398937,-24.234472,-11.73203,True
2018-08-30 00:55:00,-20.79,91,-31,-18.04,-18.728811,-26.066597,-14.001224,True,-16.23,-16.742281,-24.514767,-12.102604,True
2018-08-30 01:00:00,-21.56,91,-32,-18.52,-19.46892,-26.704351,-14.797433,True,-16.04,-17.46377,-25.12798,-12.87332,True
2018-08-30 01:05:00,-22.22,91,-31,-18.33,-20.121151,-27.32598,-15.476256,True,-15.85,-18.114622,-25.747812,-13.54188,True
2018-08-30 01:10:00,-22.88,91,-31,-17.21,-20.703419,-27.981176,-16.008444,True,-15.93,-18.629202,-26.343353,-14.006569,True
2018-08-30 01:15:00,-22.89,91,-31,-17.86,-20.686682,-27.95659,-16.09946,True,-15.82,-18.58937,-26.29729,-14.065569,True
2018-08-30 01:20:00,-21.57,91,-30,-18.0,-19.079893,-26.631813,-14.801287,True,-16.07,-16.692331,-24.72455,-12.484903,True
2018-08-30 01:25:00,-19.13,91,-29,-17.64,-16.485218,-24.315935,-12.685651,True,-16.17,-13.921916,-22.276217,-10.187113,True
2018-08-30 01:30:00,-16.97,91,-29,-17.12,-14.240122,-22.36486,-10.676201,True,-15.32,-11.57418,-20.26621,-8.067084,True
2018-08-30 01:35:00,-18.45,91,-30,-16.37,-15.669378,-23.673615,-12.108759,True,-15.39,-12.960703,-21.51614,-9.451964,True
2018-08-30 01:40:00,-18.62,91,-30,-16.12,-15.869109,-23.881912,-12.265521,True,-16.72,-13.188722,-21.75699,-9.624327,True
2018-08-30 01:45:00,-18.86,91,-29,-15.89,-16.204832,-24.1822,-12.5383005,True,-17.41,-13.6179695,-22.141861,-9.975172,True
2018-08-30 01:50:00,-18.31,91,-28,-16.21,-15.760464,-23.76284,-12.035988,True,-18.01,-13.27329,-21.827297,-9.554194,True
2018-08-30 01:55:00,-18.04,91,-28,-16.23,-15.656463,-23.610033,-11.9416485,True,-17.86,-13.3254385,-21.823603,-9.591848,True
2018-08-30 02:00:00,-18.52,91,-29,-16.04,-16.33047,-24.188953,-12.483232,True,-17.33,-14.194452,-22.576775,-10.305889,True
2018-08-30 02:05:00,-18.33,91,-28,-15.85,-16.2482,-24.198856,-12.189965,True,-16.82,-14.218651,-22.699102,-10.103699,True
2018-08-30 02:10:00,-17.21,91,-28,-15.93,-15.189124,-23.298553,-11.155548,True,-16.52,-13.209597,-21.863644,-9.104325,True
2018-08-30 02:15:00,-17.86,91,-28,-15.82,-15.884197,-23.96317,-11.797366,True,-16.97,-13.953776,-22.56882,-9.782911,True
2018-08-30 02:20:00,-18.0,91,-27,-16.07,-15.964394,-24.10596,-11.942712,True,-17.14,-13.973284,-22.656797,-9.862817,True
2018-08-30 02:25:00,-17.64,91,-25,-16.17,-15.49014,-23.744839,-11.615897,True,-16.72,-13.379301,-22.197588,-9.408791,True
2018-08-30 02:30:00,-17.12,91,-25,-15.32,-14.887885,-23.236263,-11.171907,True,-15.87,-12.686811,-21.614498,-8.866552,True
2018-08-30 02:35:00,-16.37,91,-25,-15.39,-14.02809,-22.4981,-10.48128,True,-15.93,-11.70754,-20.778522,-8.049778,True
2018-08-30 02:40:00,-16.12,91,-26,-16.72,-13.7209425,-22.271778,-10.228162,True,-15.81,-11.339631,-20.499395,-7.7304797,True
2018-08-30 02:45:00,-15.89,91,-26,-17.41,-13.443407,-22.077724,-9.960655,True,-16.29,-11.010463,-20.26928,-7.4008985,True
2018-08-30 02:50:00,-16.21,91,-26,-18.01,-13.817907,-22.40888,-10.306483,True,-16.04,-11.440346,-20.643621,-7.7875247,True
2018-08-30 02:55:00,-16.23,91,-25,-17.86,-13.894037,-22.516207,-10.294818,True,-16.03,-11.568819,-20.805862,-7.8153996,True
2018-08-30 03:00:00,-16.04,91,-24,-17.33,-13.782009,-22.454107,-10.071187,True,-16.36,-11.531656,-20.822046,-7.652723,True
2018-08-30 03:05:00,-15.85,91,-23,-16.82,-13.668648,-22.429428,-9.826029,True,-16.34,-11.490483,-20.871937,-7.4694047,True
2018-08-30 03:10:00,-15.93,91,-23,-16.52,-13.811827,-22.565899,-9.900797,True,-16.38,-11.697925,-21.068598,-7.590471,True
2018-08-30 03:15:00,-15.82,91,-23,-16.97,-13.695866,-22.504229,-9.759603,True,-15.59,-11.574612,-21.00355,-7.432594,True
2018-08-30 03:20:00,-16.07,91,-22,-17.14,-13.970894,-22.760883,-10.026858,True,-15.24,-11.877379,-21.276325,-7.7151866,True
2018-08-30 03:25:00,-16.17,91,-22,-16.72,-14.02398,-22.861683,-10.092704,True,-14.63,-11.882408,-21.32782,-7.7286687,True
2018-08-30 03:30:00,-15.32,91,-22,-15.87,-13.0855,-22.115034,-9.188553,True,-13.19,-10.840911,-20.514507,-6.7133193,True
2018-08-30 03:35:00,-15.39,91,-22,-15.93,-13.110109,-22.197437,-9.210883,True,-12.36,-10.814824,-20.554308,-6.677789,True
2018-08-30 03:40:00,-16.72,91,-22,-15.81,-14.445447,-23.463139,-10.447826,True,-11.64,-12.163203,-21.811321,-7.919334,True
2018-08-30 03:45:00,-17.41,91,-22,-16.29,-15.194727,-24.188559,-11.09346,True,-11.06,-12.97422,-22.581057,-8.618051,True
2018-08-30 03:50:00,-18.01,91,-22,-16.04,-15.811659,-24.774979,-11.679872,True,-11.44,-13.611595,-23.17285,-9.213869,True
2018-08-30 03:55:00,-17.86,91,-22,-16.03,-15.645646,-24.726028,-11.44046,True,-11.61,-13.421541,-23.120686,-8.940431,True
2018-08-30 04:00:00,-17.33,91,-23,-16.36,-15.094273,-24.358437,-10.7768955,True,-11.71,-12.832753,-22.754131,-8.23645,True
2018-08-30 04:05:00,-16.82,91,-23,-16.34,-14.543227,-23.89973,-10.206946,True,-10.69,-12.229034,-22.265646,-7.6064887,True
2018-08-30 04:10:00,-16.52,91,-24,-16.38,-14.272027,-23.71831,-9.868184,True,-10.11,-11.977243,-22.113216,-7.2817435,True
2018-08-30 04:15:00,-16.97,91,-25,-15.59,-14.80459,-24.21612,-10.32556,True,-9.8,-12.595526,-22.682865,-7.8062825,True
2018-08-30 04:20:00,-17.14,91,-25,-15.24,-14.98231,-24.409273,-10.493403,True,-9.32,-12.778081,-22.873947,-7.968965,True
2018-08-30 04:25:00,-16.72,91,-24,-14.63,-14.528421,-24.06341,-10.042735,True,-9.26,-12.280632,-22.495686,-7.467978,True
2018-08-30 04:30:00,-15.87,91,-24,-13.19,-13.636467,-23.33982,-9.153588,True,-9.71,-11.331181,-21.734724,-6.520369,True
2018-08-30 04:35:00,-15.93,91,-24,-12.36,-13.716933,-23.443604,-9.202585,True,-10.95,-11.430323,-21.852394,-6.5726523,True
2018-08-30 04:40:00,-15.81,91,-24,-11.64,-13.63165,-23.328955,-9.180159,True,-11.99,-11.377605,-21.750828,-6.568091,True
2018-08-30 04:45:00,-16.29,91,-24,-11.06,-14.226133,-23.802574,-9.862731,True,-12.54,-12.093762,-22.299126,-7.352141,True
2018-08-30 04:50:00,-16.04,91,-24,-11.44,-13.8747635,-23.68341,-9.450426,True,-13.29,-11.624255,-22.094059,-6.825602,True
2018-08-30 04:55:00,-16.03,91,-25,-11.61,-13.821318,-23.61213,-9.411494,True,-15.02,-11.52232,-21.967724,-6.72881,True
2018-08-30 05:00:00,-16.36,91,-24,-11.71,-14.158329,-23.948606,-9.733167,True,-15.08,-11.870029,-22.297176,-7.054541,True
2018-08-30 05:05:00,-16.34,91,-24,-10.69,-14.131316,-24.049818,-9.592801,True,-16.06,-11.829683,-22.39852,-6.9008946,True
2018-08-30 05:10:00,-16.38,91,-24,-10.11,-14.13379,-24.123207,-9.589362,True,-17.02,-11.778886,-22.428907,-6.841246,True
2018-08-30 05:15:00,-15.59,91,-23,-9.8,-12.99668,-23.322144,-8.43401,True,-17.39,-10.250534,-21.31472,-5.313355,True
2018-08-30 05:20:00,-15.24,91,-21,-9.32,-12.40513,-23.070946,-7.6726127,True,-17.85,-9.38936,-20.863674,-4.300406,True
2018-08-30 05:25:00,-14.63,91,-20,-9.26,-11.592165,-22.44636,-6.8861003,True,-18.44,-8.349088,-20.058708,-3.2959445,True
2018-08-30 05:30:00,-13.19,91,-19,-9.71,-10.030064,-21.177319,-5.2829337,True,-18.83,-6.631808,-18.71696,-1.5476993,False
2018-08-30 05:35:00,-12.36,91,-19,-10.95,-9.089304,-20.46746,-4.251716,True,-19.44,-5.5632014,-17.937738,-0.39727625,False
2018-08-30 05:40:00,-11.64,91,-20,-11.99,-8.259683,-19.893946,-3.326813,True,-19.65,-4.6029735,-17.2954,0.6464574,False
2018-08-30 05:45:00,-11.06,91,-21,-12.54,-7.682467,-19.508581,-2.5754435,True,-20.18,-4.0250907,-16.948757,1.3934113,False
2018-08-30 05:50:00,-11.44,91,-22,-13.29,-8.190513,-20.088207,-2.8589556,True,-20.61,-4.6699386,-17.657257,0.98140115,False
2018-08-30 05:55:00,-11.61,91,-22,-15.02,-8.507901,-20.446917,-2.9748728,True,-21.06,-5.1418357,-18.149609,0.7134244,False
2018-08-30 06:00:00,-11.71,91,-23,-15.08,-8.678061,-20.64878,-2.9799273,True,-21.39,-5.3851695,-18.417456,0.63923615,False
2018-08-30 06:05:00,-10.69,91,-23,-16.06,-7.7292886,-19.861483,-1.8908123,True,-21.72,-4.5071015,-17.731997,1.6644932,False
2018-08-30 06:10:00,-10.11,91,-23,-17.02,-7.1967044,-19.474812,-1.20797,True,-21.66,-4.0217338,-17.4054,2.3001878,False
2018-08-30 06:15:00,-9.8,91,-20,-17.39,-6.8232045,-19.31485,-0.6771186,True,-21.9,-3.5779517,-17.20063,2.886028,False
2018-08-30 06:20:00,-9.32,91,-23,-17.85,-6.3675303,-18.96978,-0.10501702,True,-22.15,-3.1478808,-16.894587,3.436426,False
2018-08-30 06:25:00,-9.26,91,-24,-18.44,-6.303509,-18.991291,0.058112785,True,-22.73,-3.0793574,-16.914364,3.600601,False
2018-08-30 06:30:00,-9.71,91,-24,-18.83,-6.6576686,-19.410097,-0.18585809,True,-22.58,-3.3289855,-17.23259,3.452747,False
2018-08-30 06:35:00,-10.95,91,-25,-19.44,-7.913798,-20.904556,-1.1231331,True,-22.75,-4.606076,-18.739613,2.4811857,False
2018-08-30 06:40:00,-11.99,91,-24,-19.65,-9.050069,-22.069456,-2.038336,True,-22.96,-5.8516107,-19.97366,1.4583851,False
2018-08-30 06:45:00,-12.54,91,-24,-20.18,-9.7838955,-22.549095,-2.7424452,True,-22.63,-6.7857976,-20.582077,0.5788247,False
2018-08-30 06:50:00,-13.29,91,-24,-20.61,-10.645171,-23.260721,-3.5404475,True,-22.44,-7.7671676,-21.355476,-0.33467135,False
2018-08-30 06:55:00,-15.02,91,-24,-21.06,-12.609971,-25.066582,-5.2628903,True,-21.78,-9.99426,-23.3425,-2.299946,True
2018-08-30 07:00:00,-15.08,91,-24,-21.39,-12.729497,-25.10966,-5.330219,True,-21.71,-10.179219,-23.428019,-2.4289896,True
2018-08-30 07:05:00,-16.06,91,-23,-21.72,-13.859401,-26.165365,-6.2624316,True,-21.03,-11.477296,-24.599905,-3.5235941,True
2018-08-30 07:10:00,-17.02,91,-22,-21.66,-15.044566,-27.25028,-7.235124,True,-20.52,-12.912086,-25.871626,-4.734821,True
2018-08-30 07:15:00,-17.39,91,-24,-21.9,-15.553652,-27.73227,-7.5999875,True,-20.54,-13.57458,-26.476856,-5.2452817,True
2018-08-30 07:20:00,-17.85,91,-24,-22.15,-16.02364,-28.291061,-7.9328322,True,-20.4,-14.054753,-27.036064,-5.601217,True
2018-08-30 07:25:00,-18.44,91,-24,-22.73,-16.726229,-28.967367,-8.508634,True,-19.98,-14.879784,-27.806654,-6.2933574,True
2018-08-30 07:30:00,-18.83,91,-25,-22.58,-17.140924,-29.461088,-8.816385,True,-19.41,-15.320514,-28.315643,-6.633372,True
2018-08-30 07:35:00,-19.44,91,-26,-22.75,-17.772121,-30.10809,-9.349907,True,-18.86,-15.97488,-28.967241,-7.1955113,True
2018-08-30 07:40:00,-19.65,91,-26,-22.96,-17.977282,-30.394861,-9.459594,True,-18.86,-16.174608,-29.245882,-7.308887,True
2018-08-30 07:45:00,-20.18,91,-26,-22.63,-18.628181,-30.946327,-10.028792,True,-18.87,-16.956161,-29.88935,-8.006066,True
2018-08-30 07:50:00,-20.61,91,-27,-22.44,-19.07946,-31.292671,-10.469932,True,-18.62,-17.430452,-30.232092,-8.471905,True
2018-08-30 07:55:00,-21.06,91,-27,-21.78,-19.577175,-31.718538,-10.915128,True,-18.31,-17.979904,-30.684866,-8.972564,True
2018-08-30 08:00:00,-21.39,91,-27,-21.71,-19.896442,-32.090183,-11.153226,True,-18.09,-18.287489,-31.038738,-9.209036,True
2018-08-30 08:05:00,-21.72,91,-27,-21.03,-20.207907,-32.44853,-11.394029,True,-17.92,-18.578217,-31.366247,-9.444077,True
2018-08-30 08:10:00,-21.66,91,-27,-20.52,-20.10002,-32.4156,-11.240704,True,-17.8,-18.416937,-31.287695,-9.247253,True
2018-08-30 08:15:00,-21.9,91,-27,-20.54,-20.266037,-32.557323,-11.4336195,True,-18.61,-18.500814,-31.337805,-9.3736315,True
2018-08-30 08:20:00,-22.15,91,-27,-20.4,-20.465996,-32.776814,-11.604474,True,-17.82,-18.645895,-31.501219,-9.498714,True
2018-08-30 08:25:00,-22.73,91,-27,-19.98,-21.029491,-33.361633,-12.100185,True,-18.09,-19.1913,-32.052376,-9.991513,True
2018-08-30 08:30:00,-22.58,91,-27,-19.41,-20.609627,-33.166084,-11.721195,True,-16.97,-18.472492,-31.595999,-9.343848,True
2018-08-30 08:35:00,-22.75,91,-27,-18.86,-20.567709,-33.318413,-11.643529,True,-16.77,-18.196825,-31.538246,-9.061167,True
2018-08-30 08:40:00,-22.96,91,-27,-18.86,-20.680435,-33.540977,-11.7266865,True,-16.77,-18.200144,-31.655384,-9.053257,True
2018-08-30 08:45:00,-22.63,91,-26,-18.87,-20.187904,-33.215416,-11.227387,True,-16.72,-17.528103,-31.169708,-8.403362,True
2018-08-30 08:50:00,-22.44,91,-26,-18.62,-19.929808,-33.003376,-10.967645,True,-16.38,-17.194468,-30.885511,-8.081217,True
2018-08-30 08:55:00,-21.78,91,-27,-18.31,-19.18433,-32.39621,-10.19159,True,-15.7,-16.356808,-30.202736,-7.237745,True
2018-08-30 09:00:00,-21.71,91,-27,-18.09,-19.081533,-32.370613,-10.042837,True,-14.97,-16.2201,-30.142946,-7.0707335,True
2018-08-30 09:05:00,-21.03,91,-27,-17.92,-18.317303,-31.840054,-9.175098,True,-14.62,-15.369249,-29.55813,-6.142244,True
2018-08-30 09:10:00,-20.52,91,-27,-17.8,-17.810097,-31.445738,-8.565293,True,-14.13,-14.871853,-29.177263,-5.561254,True
2018-08-30 09:15:00,-20.54,91,-26,-18.61,-17.974115,-31.452406,-8.7045,True,-14.19,-15.202084,-29.305258,-5.863198,True
2018-08-30 09:20:00,-20.4,91,-26,-17.82,-17.870758,-31.353575,-8.521384,True,-13.23,-15.145888,-29.243332,-5.741037,True
2018-08-30 09:25:00,-19.98,91,-27,-18.09,-17.519415,-31.041569,-8.149131,True,-13.01,-14.871185,-29.003786,-5.455006,True
2018-08-30 09:30:00,-19.41,91,-27,-16.97,-16.918976,-30.414001,-7.6363444,True,-12.09,-14.241564,-28.351515,-4.9264817,True
2018-08-30 09:35:00,-18.86,91,-26,-16.77,-16.303684,-29.87996,-7.054752,True,-13.34,-13.557878,-27.765856,-4.2988715,True
2018-08-30 09:40:00,-18.86,91,-26,-16.77,-16.287033,-29.839195,-7.05461,True,-13.85,-13.52593,-27.702728,-4.296039,True
2018-08-30 09:45:00,-18.87,91,-26,-16.72,-16.312088,-29.875637,-7.053249,True,-13.77,-13.57103,-27.749594,-4.3267074,True
2018-08-30 09:50:00,-18.62,91,-27,-16.38,-16.055534,-29.523424,-6.853085,True,-12.9,-13.31101,-27.380215,-4.135575,True
2018-08-30 09:55:00,-18.31,91,-26,-15.7,-15.779653,-29.395498,-6.5154424,True,-13.33,-13.074912,-27.291462,-3.852443,True
2018-08-30 10:00:00,-18.09,91,-26,-14.97,-15.6718,-29.41502,-6.317883,True,-12.92,-13.091204,-27.421097,-3.788071,True
2018-08-30 10:05:00,-17.92,91,-26,-14.62,-15.546318,-29.320309,-6.16303,True,-12.38,-13.019465,-27.367819,-3.6972773,True
2018-08-30 10:10:00,-17.8,91,-26,-14.13,-15.479686,-29.362534,-6.0161185,True,-12.48,-13.016387,-27.462437,-3.6258337,True
2018-08-30 10:15:00,-18.61,91,-26,-14.19,-16.1155,-30.08598,-6.637449,True,-12.05,-13.463434,-27.999275,-4.082351,True
2018-08-30 10:20:00,-17.82,91,-27,-13.23,-15.119551,-29.247389,-5.7270875,True,-13.37,-12.2516365,-26.987318,-2.986853,True
2018-08-30 10:25:00,-18.09,91,-26,-13.01,-15.247619,-29.421255,-5.878902,True,-13.66,-12.229072,-27.018242,-3.010771,True
2018-08-30 10:30:00,-16.97,91,-26,-12.09,-13.935424,-28.265125,-4.6643405,True,-12.639999,-10.719896,-25.71509,-1.6297821,True
2018-08-30 10:35:00,-16.77,91,-25,-13.34,-13.670156,-28.068352,-4.3724217,True,-13.35,-10.391886,-25.465914,-1.2943119,True
2018-08-30 10:40:00,-16.77,91,-25,-13.85,-13.677723,-28.134758,-4.334265,True,-13.3,-10.414574,-25.538584,-1.2839416,True
2018-08-30 10:45:00,-16.72,91,-26,-13.77,-13.503094,-28.092016,-4.148539,True,-14.08,-10.111626,-25.381199,-0.9938262,True
2018-08-30 10:50:00,-16.38,91,-26,-12.9,-13.10909,-27.80855,-3.7614443,True,-13.74,-9.666524,-25.05676,-0.5738166,True
2018-08-30 10:55:00,-15.7,91,-26,-13.33,-12.388427,-27.242613,-3.0457938,True,-14.29,-8.913225,-24.47888,0.15602843,True
2018-08-30 11:00:00,-14.97,91,-25,-12.92,-11.659276,-26.610456,-2.3412402,True,-15.48,-8.197677,-23.870993,0.83299416,True
2018-08-30 11:05:00,-14.62,91,-24,-12.38,-11.275985,-26.337633,-1.965979,True,-15.4,-7.790437,-23.582537,1.217218,True
2018-08-30 11:10:00,-14.13,91,-24,-12.48,-10.859686,-25.950405,-1.5563492,True,-16.81,-7.4654193,-23.27531,1.5301415,True
2018-08-30 11:15:00,-14.19,91,-24,-12.05,-11.04178,-26.050915,-1.7205356,True,-17.03,-7.783767,-23.47379,1.2319714,True
2018-08-30 11:20:00,-13.23,91,-24,-13.37,-10.162915,-25.244766,-0.8874801,True,-17.52,-7.0049205,-22.764404,1.9601723,True
2018-08-30 11:25:00,-13.01,91,-24,-13.66,-10.038814,-25.152388,-0.7473071,True,-17.63,-6.9931283,-22.7612,1.9846741,True
2018-08-30 11:30:00,-12.09,91,-23,-12.639999,-9.186885,-24.387665,0.07292716,True,-18.99,-6.2269835,-22.079529,2.7137105,True
2018-08-30 11:35:00,-13.34,91,-24,-13.35,-10.664204,-25.554955,-1.320887,True,-18.63,-7.938783,-23.392876,1.1017376,True
2018-08-30 11:40:00,-13.85,91,-25,-13.3,-11.347187,-26.096907,-1.9493164,True,-19.24,-8.806861,-24.065138,0.2937676,True
2018-08-30 11:45:00,-13.77,91,-25,-14.08,-11.24221,-25.998169,-1.8911175,True,-20.59,-8.679741,-23.93988,0.3645722,True
2018-08-30 11:50:00,-12.9,91,-25,-13.74,-10.383945,-25.202091,-1.108107,True,-20.38,-7.845428,-23.173328,1.114473,True
2018-08-30 11:55:00,-13.33,91,-25,-14.29,-10.849807,-25.516953,-1.6146339,True,-19.26,-8.350797,-23.499016,0.5640866,True
2018-08-30 12:00:00,-12.92,91,-24,-15.48,-10.402232,-25.089294,-1.2547363,True,-18.78,-7.8706117,-23.043816,0.9461152,True
2018-08-30 12:05:00,-12.38,91,-24,-15.4,-9.853828,-24.537985,-0.7916587,True,-18.34,-7.3228374,-22.494213,1.4000221,True
2018-08-30 12:10:00,-12.48,91,-24,-16.81,-9.914597,-24.531963,-0.9149669,True,-18.08,-7.346293,-22.442501,1.3041855,True
2018-08-30 12:15:00,-12.05,91,-24,-17.03,-9.4833555,-24.02674,-0.5823558,True,-17.69,-6.920507,-21.936243,1.6251522,True
2018-08-30 12:20:00,-13.37,91,-24,-17.52,-10.947496,-25.178846,-2.0187342,True,-17.38,-8.527937,-23.165283,0.051782295,True
2018-08-30 12:25:00,-13.66,91,-24,-17.63,-11.308815,-25.443075,-2.409365,True,-16.52,-8.965131,-23.47535,-0.41652521,True
2018-08-30 12:30:00,-12.639999,91,-24,-18.99,-10.230385,-24.482203,-1.4536289,True,-16.18,-7.8378444,-22.487251,0.5737855,True
2018-08-30 12:35:00,-13.35,91,-24,-18.63,-10.83489,-24.923437,-2.1371157,True,-16.61,-8.330156,-22.808884,-0.011677103,True
2018-08-30 12:40:00,-13.3,91,-24,-19.24,-10.627146,-24.692945,-2.032387,True,-16.37,-7.9618506,-22.432865,0.23511474,True
2018-08-30 12:45:00,-14.08,91,-24,-20.59,-11.40492,-25.327503,-2.8410075,True,-16.17,-8.733248,-23.032585,-0.5740817,True
2018-08-30 12:50:00,-13.74,91,-24,-20.38,-10.964585,-24.936176,-2.4959757,True,-16.13,-8.195684,-22.556377,-0.14949258,True
2018-08-30 12:55:00,-14.29,91,-24,-19.26,-11.439678,-25.30903,-3.0435946,True,-15.37,-8.591348,-22.836266,-0.62801963,True
2018-08-30 13:00:00,-15.48,91,-24,-18.78,-12.672974,-26.309425,-4.2949996,True,-15.36,-9.861742,-23.823067,-1.9172729,True
2018-08-30 13:05:00,-15.4,91,-24,-18.34,-12.567786,-25.992733,-4.3518863,True,-14.74,-9.731723,-23.45652,-1.9535564,True
2018-08-30 13:10:00,-16.81,91,-24,-18.08,-14.082045,-27.293518,-5.8590703,True,-14.6,-11.343068,-24.794828,-3.5521338,True
2018-08-30 13:15:00,-17.03,91,-25,-17.69,-14.316045,-27.611269,-6.050526,True,-14.46,-11.5949,-25.116968,-3.7751591,True
2018-08-30 13:20:00,-17.52,91,-25,-17.38,-14.864172,-28.005596,-6.6311126,True,-14.99,-12.205464,-25.546602,-4.418614,True
2018-08-30 13:25:00,-17.63,91,-25,-16.52,-15.088769,-28.08928,-6.885739,True,-15.289999,-12.553541,-25.727127,-4.797361,True
2018-08-30 13:30:00,-18.99,91,-25,-16.18,-16.718174,-29.473522,-8.3875885,True,-14.74,-14.452028,-27.316938,-6.5561833,True
2018-08-30 13:35:00,-18.63,91,-26,-16.61,-16.359528,-29.044052,-8.122157,True,-14.75,-14.10335,-26.891949,-6.309894,True
2018-08-30 13:40:00,-19.24,91,-26,-16.37,-16.991276,-29.6652,-8.716846,True,-14.71,-14.760456,-27.522581,-6.939339,True
2018-08-30 13:45:00,-20.59,91,-27,-16.17,-18.310102,-30.876194,-10.011174,True,-14.7,-16.04417,-28.673782,-8.208738,True
2018-08-30 13:50:00,-20.38,91,-27,-16.13,-18.085127,-30.56946,-9.884883,True,-15.33,-15.811542,-28.354284,-8.085101,True
2018-08-30 13:55:00,-19.26,91,-27,-15.37,-16.775446,-29.357601,-8.765516,True,-14.46,-14.32417,-26.990948,-6.8107085,True
2018-08-30 14:00:00,-18.78,91,-27,-15.36,-16.187027,-28.825146,-8.289007,True,-14.7,-13.635055,-26.36534,-6.254823,True
2018-08-30 14:05:00,-18.34,91,-27,-14.74,-15.619235,-28.32428,-7.83643,True,-13.61,-12.945302,-25.752604,-5.6985307,True
2018-08-30 14:10:00,-18.08,91,-27,-14.6,-15.256581,-27.984344,-7.5925574,True,-13.64,-12.485104,-25.32074,-5.373715,True
2018-08-30 14:15:00,-17.69,91,-27,-14.46,-14.959092,-27.619045,-7.381452,True,-14.07,-12.289215,-25.043901,-5.268475,True
2018-08-30 14:20:00,-17.38,91,-27,-14.99,-14.75672,-27.324347,-7.288234,True,-13.97,-12.201765,-24.846115,-5.29106,True
2018-08-30 14:25:00,-16.52,91,-26,-15.289999,-13.917343,-26.55194,-6.5746417,True,-13.83,-11.396075,-24.108013,-4.6192746,True
2018-08-30 14:30:00,-16.18,91,-27,-14.74,-13.53013,-26.386694,-6.1874223,True,-13.83,-10.972314,-23.910912,-4.2145915,True
2018-08-30 14:35:00,-16.61,91,-27,-14.75,-13.972663,-26.83424,-6.600844,True,-12.62,-11.431586,-24.366096,-4.650971,True
2018-08-30 14:40:00,-16.37,91,-27,-14.71,-13.711467,-26.567417,-6.4237285,True,-13.14,-11.159175,-24.087975,-4.473965,True
2018-08-30 14:45:00,-16.17,91,-26,-14.7,-13.632747,-26.367184,-6.41678,True,-13.17,-11.208859,-23.991663,-4.5940013,True
2018-08-30 14:50:00,-16.13,91,-26,-15.33,-13.611202,-26.341318,-6.4082837,True,-14.58,-11.210287,-23.976484,-4.6150937,True
2018-08-30 14:55:00,-15.37,91,-26,-14.46,-12.727559,-25.551805,-5.662128,True,-14.9,-10.214925,-23.092495,-3.7740252,True
2018-08-30 15:00:00,-15.36,91,-26,-14.7,-12.543065,-25.487013,-5.5726466,True,-14.13,-9.861,-22.8793,-3.5282824,True
2018-08-30 15:05:00,-14.74,91,-26,-13.61,-11.763036,-24.915947,-4.888473,True,-13.32,-8.932709,-22.1833,-2.7165682,True
2018-08-30 15:10:00,-14.6,91,-26,-13.64,-11.650824,-24.739183,-4.8265414,True,-13.16,-8.853352,-22.02496,-2.691086,True
2018-08-30 15:15:00,-14.46,91,-26,-14.07,-11.630486,-24.494976,-4.908693,True,-13.059999,-8.954963,-21.876415,-2.885853,True
2018-08-30 15:20:00,-14.99,91,-26,-13.97,-12.315243,-25.010017,-5.608606,True,-13.22,-9.79025,-22.502888,-3.7309172,True
2018-08-30 15:25:00,-15.289999,91,-26,-13.83,-12.668959,-25.291594,-5.975329,True,-13.21,-10.194592,-22.819574,-4.142546,True
2018-08-30 15:30:00,-14.74,91,-26,-13.83,-12.114009,-24.807964,-5.4858336,True,-13.35,-9.642725,-22.342146,-3.658953,True
2018-08-30 15:35:00,-14.75,91,-26,-12.62,-12.242432,-24.847418,-5.6280446,True,-14.11,-9.890451,-22.475374,-3.9172757,True
2018-08-30 15:40:00,-14.71,91,-25,-13.14,-12.235904,-24.728205,-5.663196,True,-13.9,-9.919181,-22.38476,-3.9812615,True
2018-08-30 15:45:00,-14.7,91,-26,-13.17,-12.197314,-24.658384,-5.7184854,True,-14.58,-9.854255,-22.285667,-4.0122523,True
2018-08-30 15:50:00,-15.33,91,-26,-14.58,-13.018997,-25.224155,-6.5522923,True,-14.12,-10.857386,-22.995773,-5.0096784,True
2018-08-30 15:55:00,-14.46,91,-26,-14.9,-12.213042,-24.451765,-5.8851247,True,-15.33,-10.120064,-22.286453,-4.4059997,True
2018-08-30 16:00:00,-14.7,91,-25,-14.13,-12.424707,-24.63939,-6.1289153,True,-15.59,-10.3021965,-22.440739,-4.6222816,True
2018-08-30 16:05:00,-13.61,91,-25,-13.32,-11.321117,-23.638908,-5.1620393,True,-16.76,-9.192004,-21.441809,-3.6496375,True
2018-08-30 16:10:00,-13.64,91,-25,-13.16,-11.299443,-23.556675,-5.266726,True,-16.0,-9.11678,-21.310307,-3.699484,True
2018-08-30 16:15:00,-14.07,91,-26,-13.059999,-11.613959,-23.900972,-5.596227,True,-15.24,-9.315789,-21.550005,-3.9172776,True
2018-08-30 16:20:00,-13.97,91,-26,-13.22,-11.478318,-23.690664,-5.484759,True,-14.96,-9.144288,-21.306686,-3.7662861,True
2018-08-30 16:25:00,-13.83,91,-26,-13.21,-11.171816,-23.373957,-5.2582126,True,-14.59,-8.677978,-20.846655,-3.3883345,True
2018-08-30 16:30:00,-13.83,91,-26,-13.35,-11.185286,-23.33754,-5.290343,True,-14.77,-8.7031555,-20.82017,-3.426327,True
2018-08-30 16:35:00,-12.62,91,-26,-14.11,-10.12262,-22.194675,-4.3487945,True,-13.94,-7.7887225,-19.81945,-2.6150782,True
2018-08-30 16:40:00,-13.14,91,-26,-13.9,-10.920305,-22.668005,-5.139445,True,-14.71,-8.847896,-20.508451,-3.6456244,True
2018-08-30 16:45:00,-13.17,91,-25,-14.58,-11.204737,-22.724836,-5.451777,True,-13.6,-9.372981,-20.772554,-4.1752143,True
2018-08-30 16:50:00,-14.58,91,-25,-14.12,-12.740768,-23.95536,-6.909144,True,-14.07,-11.018964,-22.084314,-5.7331424,True
2018-08-30 16:55:00,-14.9,91,-26,-15.33,-13.193595,-24.20795,-7.3650994,True,-13.85,-11.594527,-22.442528,-6.2959266,True
2018-08-30 17:00:00,-14.13,91,-25,-15.59,-12.748151,-23.705683,-6.9386725,True,-14.01,-11.459581,-22.214699,-6.1511464,True
2018-08-30 17:05:00,-13.32,91,-26,-16.76,-12.185366,-23.265537,-6.3538756,True,-14.38,-11.1320095,-21.97766,-5.7780375,True
2018-08-30 17:10:00,-13.16,91,-25,-16.0,-12.123057,-23.523401,-6.1301436,True,-15.76,-11.159577,-22.306253,-5.631682,True
2018-08-30 17:15:00,-13.059999,91,-26,-15.24,-12.128652,-23.676462,-6.0233817,True,-16.26,-11.261633,-22.534103,-5.612107,True
2018-08-30 17:20:00,-13.22,91,-27,-14.96,-12.2702265,-23.798977,-6.1381545,True,-16.14,-11.37892,-22.63273,-5.7027745,True
2018-08-30 17:25:00,-13.21,91,-27,-14.59,-12.141098,-23.66488,-6.076675,True,-16.33,-11.13157,-22.402847,-5.526611,True
2018-08-30 17:30:00,-13.35,91,-27,-14.77,-12.143595,-23.584919,-6.1850753,True,-15.84,-10.997696,-22.209133,-5.507093,True
2018-08-30 17:35:00,-14.11,91,-28,-13.94,-12.909241,-24.24472,-6.9081483,True,-15.95,-11.761486,-22.868076,-6.223126,True
2018-08-30 17:40:00,-13.9,91,-28,-14.71,-12.928751,-24.175488,-6.8628764,True,-15.96,-11.99703,-22.981432,-6.373587,True
2018-08-30 17:45:00,-14.58,91,-29,-13.6,-13.895688,-24.919579,-7.6569905,True,-16.3,-13.231109,-23.953075,-7.4072948,True
2018-08-30 17:50:00,-14.12,91,-29,-14.07,-13.649408,-24.771545,-7.2303853,True,-16.86,-13.186338,-23.972912,-7.1580014,True
2018-08-30 17:55:00,-15.33,91,-30,-13.85,-15.220521,-25.90423,-8.549651,True,-16.97,-15.090826,-25.390125,-8.7802725,True
2018-08-30 18:00:00,-15.59,91,-32,-14.01,-15.750487,-26.267065,-8.907345,True,-15.98,-15.871007,-25.963793,-9.36378,True
2018-08-30 18:05:00,-16.76,91,-32,-14.38,-17.139404,-27.34339,-10.111917,True,-15.24,-17.457172,-27.218369,-10.743327,True
2018-08-30 18:10:00,-16.0,91,-32,-15.76,-16.441006,-26.662542,-9.436043,True,-16.47,-16.815048,-26.581549,-10.119694,True
2018-08-30 18:15:00,-15.24,91,-32,-16.26,-15.676004,-25.95803,-8.701533,True,-17.59,-16.043453,-25.87115,-9.370877,True
2018-08-30 18:20:00,-14.96,91,-31,-16.14,-15.344815,-25.604021,-8.43856,True,-17.81,-15.660582,-25.478949,-9.053172,True
2018-08-30 18:25:00,-14.59,91,-33,-16.33,-14.807398,-25.17,-8.012126,True,-17.91,-14.961769,-24.904211,-8.476961,True
2018-08-30 18:30:00,-14.77,91,-33,-15.84,-14.978167,-25.238855,-8.248852,True,-18.63,-15.119481,-24.969576,-8.694411,True
2018-08-30 18:35:00,-13.94,91,-34,-15.95,-14.043691,-24.567913,-7.346226,True,-19.84,-14.085396,-24.208069,-7.6945605,True
2018-08-30 18:40:00,-14.71,91,-34,-15.96,-14.791619,-25.046124,-8.111762,True,-20.25,-14.80594,-24.678791,-8.430389,True
2018-08-30 18:45:00,-13.6,91,-35,-16.3,-13.610095,-23.987911,-7.072183,True,-19.77,-13.555257,-23.557323,-7.325604,True
2018-08-30 18:50:00,-14.07,91,-35,-16.86,-14.022235,-24.334627,-7.457289,True,-19.76,-13.906998,-23.857342,-7.6514926,True
2018-08-30 18:55:00,-13.85,91,-36,-16.97,-13.783382,-24.184044,-7.195128,True,-20.87,-13.647256,-23.691305,-7.361544,True
2018-08-30 19:00:00,-14.01,91,-36,-15.98,-13.94517,-24.34397,-7.295858,True,-22.39,-13.804779,-23.84463,-7.455979,True
2018-08-30 19:05:00,-14.38,91,-36,-15.24,-14.231109,-24.735853,-7.442571,True,-22.5,-14.006273,-24.164312,-7.5199866,True
2018-08-30 19:10:00,-15.76,91,-38,-16.47,-15.721211,-25.783218,-8.839489,True,-20.21,-15.593175,-25.309214,-8.999967,True
2018-08-30 19:15:00,-16.26,91,-38,-17.59,-16.232716,-26.112427,-9.329475,True,-18.89,-16.110243,-25.650362,-9.491268,True
2018-08-30 19:20:00,-16.14,91,-38,-17.81,-16.11228,-25.949055,-9.215558,True,-18.4,-15.985365,-25.486845,-9.36873,True
2018-08-30 19:25:00,-16.33,91,-38,-17.91,-16.261292,-26.020601,-9.345236,True,-18.11,-16.091084,-25.527748,-9.454232,True
2018-08-30 19:30:00,-15.84,91,-37,-18.63,-15.773377,-25.621584,-8.793213,True,-17.61,-15.601163,-25.12639,-8.894284,True
2018-08-30 19:35:00,-15.95,91,-38,-19.84,-15.791609,-25.59501,-8.774204,True,-17.11,-15.529414,-25.029213,-8.788688,True
2018-08-30 19:40:00,-15.96,91,-38,-20.25,-15.649739,-25.417746,-8.61469,True,-17.02,-15.242432,-24.735882,-8.492521,True
2018-08-30 19:45:00,-16.3,91,-38,-19.77,-15.880829,-25.502413,-8.8941345,True,-17.03,-15.370171,-24.745409,-8.671391,True
2018-08-30 19:50:00,-16.86,91,-39,-19.76,-16.22755,-25.872217,-9.11493,True,-17.23,-15.514771,-24.945175,-8.70584,True
2018-08-30 19:55:00,-16.97,91,-40,-20.87,-16.13813,-25.815058,-9.016174,True,-16.83,-15.238556,-24.734472,-8.432947,True
2018-08-30 20:00:00,-15.98,91,-39,-22.39,-14.923672,-24.833721,-7.8430533,True,-16.43,-13.815539,-23.585789,-7.062178,True
2018-08-30 20:05:00,-15.24,91,-39,-22.5,-14.343537,-23.934391,-7.5909534,True,-16.02,-13.380595,-22.821995,-6.938126,True
2018-08-30 20:10:00,-16.47,91,-39,-20.21,-15.555188,-24.780077,-8.925837,True,-15.11,-14.57329,-23.660252,-8.254074,True
2018-08-30 20:15:00,-17.59,91,-38,-18.89,-16.890324,-25.718882,-10.242215,True,-15.81,-16.104963,-24.7754,-9.74793,True
2018-08-30 20:20:00,-17.81,91,-37,-18.4,-17.337343,-25.838305,-10.779408,True,-17.01,-16.75786,-25.079815,-10.472959,True
2018-08-30 20:25:00,-17.91,91,-36,-18.11,-17.430103,-25.765352,-10.975452,True,-16.72,-16.843481,-25.013762,-10.657582,True
2018-08-30 20:30:00,-18.63,91,-35,-17.61,-18.064987,-26.26188,-11.624082,True,-16.03,-17.398623,-25.45017,-11.231046,True
2018-08-30 20:35:00,-19.84,91,-35,-17.11,-19.05574,-27.222012,-12.537527,True,-14.11,-18.18656,-26.237833,-11.955805,True
2018-08-30 20:40:00,-20.25,91,-34,-17.02,-19.290596,-27.49033,-12.785957,True,-10.98,-18.257944,-26.367214,-12.051417,False
2018-08-30 20:45:00,-19.77,91,-34,-17.03,-18.640333,-27.027693,-12.165638,True,-10.27,-17.444147,-25.76394,-11.279374,False
2018-08-30 20:50:00,-19.76,91,-33,-17.23,-18.419485,-26.952492,-11.912968,True,-12.58,-17.025702,-25.522083,-10.8404455,True
2018-08-30 20:55:00,-20.87,91,-33,-16.83,-19.31597,-27.892094,-12.640334,True,-13.38,-17.723665,-26.28784,-11.385236,True
2018-08-30 21:00:00,-22.39,91,-34,-16.43,-20.567142,-29.144123,-13.698252,True,-11.71,-18.727713,-27.31913,-12.217594,False
2018-08-30 21:05:00,-22.5,91,-34,-16.02,-20.55325,-29.198875,-13.595948,True,-10.72,-18.59689,-27.276125,-12.006235,False
2018-08-30 21:10:00,-20.21,91,-33,-15.11,-18.31147,-27.125923,-11.554119,True,-8.919999,-16.388157,-25.253159,-9.988239,False
2018-08-30 21:15:00,-18.89,91,-32,-15.81,-17.172558,-25.94204,-10.539503,True,-8.52,-15.413965,-24.22986,-9.115928,False
2018-08-30 21:20:00,-18.4,91,-32,-17.01,-16.702824,-25.488647,-9.9749155,True,-7.82,-14.964536,-23.807486,-8.5622,False
2018-08-30 21:25:00,-18.11,91,-32,-16.72,-16.367352,-25.16911,-9.550916,True,-6.8000007,-14.587187,-23.462051,-8.094616,False
2018-08-30 21:30:00,-17.61,91,-31,-16.03,-15.486867,-24.649658,-8.421761,True,-5.61,-13.353183,-22.651323,-6.6418166,False
2018-08-30 21:35:00,-17.11,91,-30,-14.11,-14.422664,-24.293718,-7.0375113,True,-5.0100007,-11.761059,-21.861853,-4.7860093,True
2018-08-30 21:40:00,-17.02,91,-30,-10.98,-13.941413,-24.25333,-6.322333,True,-4.8000007,-10.911788,-21.52227,-3.7464287,True
2018-08-30 21:45:00,-17.03,91,-29,-10.27,-13.6710615,-24.303621,-5.8432145,True,-6.0900006,-10.381264,-21.372074,-3.0377543,True
2018-08-30 21:50:00,-17.23,91,-29,-12.58,-13.320113,-24.447178,-5.189303,True,-9.19,-9.515091,-21.098505,-1.9367126,True
2018-08-30 21:55:00,-16.83,91,-28,-13.38,-12.2219925,-24.00006,-3.9318068,True,-11.5,-7.7658057,-20.138657,-0.118467644,True
2018-08-30 22:00:00,-16.43,91,-28,-11.71,-11.296455,-23.522682,-2.947121,True,-13.41,-6.3513074,-19.286999,1.286018,True
2018-08-30 22:05:00,-16.02,91,-27,-10.72,-11.059066,-23.15747,-2.7940333,True,-15.12,-6.27434,-19.072578,1.3063561,True
2018-08-30 22:10:00,-15.11,91,-26,-8.919999,-10.466999,-22.581314,-2.1655028,True,-15.13,-5.9792085,-18.784128,1.67831,True
2018-08-30 22:15:00,-15.81,91,-26,-8.52,-11.303714,-23.441633,-2.5295146,True,-14.42,-6.942158,-19.757044,1.1966816,True
2018-08-30 22:20:00,-17.01,91,-27,-7.82,-12.711043,-24.795109,-3.3134673,True,-13.9,-8.544498,-21.273808,0.23624961,True
2018-08-30 22:25:00,-16.72,91,-27,-6.8000007,-12.607433,-24.8118,-2.8391497,True,-14.0,-8.619954,-21.475592,0.55324143,True
2018-08-30 22:30:00,-16.03,91,-26,-5.61,-12.2508335,-24.436258,-2.2741187,True,-12.79,-8.580933,-21.391912,0.8472287,True
2018-08-30 22:35:00,-14.11,91,-24,-5.0100007,-10.8676195,-23.106007,-0.90888244,True,-14.07,-7.6987815,-20.513014,1.7856499,True
2018-08-30 22:40:00,-10.98,91,-22,-4.8000007,-8.323953,-20.941582,1.5138489,True,-16.47,-5.698725,-18.839169,3.7438524,True
2018-08-30 22:45:00,-10.27,91,-22,-6.0900006,-8.165665,-20.491102,1.7296501,True,-16.77,-6.046557,-18.79028,3.5278108,True
2018-08-30 22:50:00,-12.58,91,-23,-9.19,-10.781465,-22.314985,-0.51665145,True,-16.65,-8.953697,-20.825891,1.0335118,True
2018-08-30 22:55:00,-13.38,91,-23,-11.5,-11.574785,-22.916357,-1.0876945,True,-16.34,-9.750236,-21.436811,0.46438566,True
2018-08-30 23:00:00,-11.71,91,-24,-13.41,-9.934364,-21.60538,0.3916146,True,-15.52,-8.135319,-20.174112,1.9262673,True
2018-08-30 23:05:00,-10.72,91,-25,-15.12,-8.983007,-20.765974,1.1781422,True,-13.8,-7.220012,-19.38334,2.6873357,True
2018-08-30 23:10:00,-8.919999,91,-26,-15.13,-7.491506,-19.262886,2.2904985,True,-11.57,-6.0088573,-18.11284,3.5614622,True
2018-08-30 23:15:00,-8.52,91,-26,-14.42,-6.852966,-18.697735,2.7442777,True,-12.25,-5.157519,-17.40211,4.2075763,True
2018-08-30 23:20:00,-7.82,91,-26,-13.9,-5.7884994,-17.760197,3.513296,True,-12.23,-3.7638896,-16.2323,5.272968,True
2018-08-30 23:25:00,-6.8000007,91,-26,-14.0,-4.8808036,-16.685135,3.9452093,True,-12.71,-2.956467,-15.2428665,5.626882,True
2018-08-30 23:30:00,-5.61,91,-26,-12.79,-3.866875,-15.513849,4.5051513,True,-13.6,-2.0997927,-14.201355,6.058553,True
2018-08-30 23:35:00,-5.0100007,91,-26,-14.07,-3.404383,-14.845594,4.699943,True,-14.09,-1.7614712,-13.634984,6.1522937,False
2018-08-30 23:40:00,-4.8000007,91,-26,-16.47,-3.2618563,-14.524685,4.589582,False,-14.16,-1.6816009,-13.368063,5.993608,False
2018-08-30 23:45:00,-6.0900006,91,-25,-16.77,-4.552625,-15.387561,3.2423742,False,-14.839999,-2.9803126,-14.234603,4.645839,False
2018-08-30 23:50:00,-9.19,91,-24,-16.65,-7.532559,-17.718704,0.41660085,True,-14.839999,-5.8628926,-16.474642,1.910997,True
2018-08-30 23:55:00,-11.5,91,-23,-16.34,-9.650568,-19.46656,-1.575272,True,-14.809999,-7.8201127,-18.081419,0.067435905,True
2018-08-31 00:00:00,-13.41,91,-23,-15.52,-11.116387,-20.878761,-2.8836882,True,-15.18,-8.892803,-19.163605,-0.8851283,True
2018-08-31 00:05:00,-15.12,91,-23,-13.8,-12.528122,-22.146397,-4.3246093,True,-15.38,-10.04128,-20.196579,-2.08478,True
2018-08-31 00:10:00,-15.13,91,-22,-11.57,-12.23595,-21.91173,-4.3057485,True,-14.86,-9.467174,-19.725662,-1.8043731,True
2018-08-31 00:15:00,-14.42,91,-23,-12.25,-11.158567,-20.936842,-3.7323468,True,-14.03,-8.037063,-18.451471,-0.8989604,True
2018-08-31 00:20:00,-13.9,91,-22,-12.23,-10.200245,-20.088745,-3.3084567,True,-14.42,-6.6621737,-17.237473,-0.0822223,True
2018-08-31 00:25:00,-14.0,91,-22,-12.71,-9.954596,-19.842525,-3.5161078,True,-14.41,-6.0868974,-16.68279,0.027892752,True
2018-08-31 00:30:00,-12.79,91,-21,-13.6,-8.561768,-18.55721,-2.5781825,True,-14.29,-4.515556,-15.250076,1.1497132,True
2018-08-31 00:35:00,-14.07,91,-23,-14.09,-9.914113,-19.676125,-3.9884865,True,-13.89,-5.933533,-16.39402,-0.30928263,True
2018-08-31 00:40:00,-16.47,91,-24,-14.16,-12.288872,-21.813347,-6.1691384,True,-13.57,-8.296095,-18.469694,-2.4754908,True
2018-08-31 00:45:00,-16.77,91,-24,-14.839999,-12.549,-22.072842,-6.389135,True,-14.35,-8.525045,-18.697037,-2.6594718,True
2018-08-31 00:50:00,-16.65,91,-23,-14.839999,-12.442743,-21.970112,-6.4079127,True,-14.55,-8.432532,-18.607752,-2.6796038,True
2018-08-31 00:55:00,-16.34,91,-23,-14.809999,-12.185631,-21.80142,-6.1948047,True,-14.55,-8.225274,-18.508009,-2.5076373,True
2018-08-31 01:00:00,-15.52,91,-22,-15.18,-11.466866,-21.208872,-5.432444,True,-14.14,-7.6004157,-18.031631,-1.828133,True
2018-08-31 01:05:00,-13.8,91,-20,-15.38,-9.7034,-19.744833,-3.5843852,True,-13.23,-5.7962565,-16.587715,0.059552833,True
2018-08-31 01:10:00,-11.57,91,-20,-14.86,-7.4898562,-17.852022,-1.4444813,True,-11.93,-3.594332,-14.769957,2.1994226,True
2018-08-31 01:15:00,-12.25,91,-21,-14.03,-8.042684,-18.451307,-1.8210167,True,-10.13,-4.0281367,-15.265398,1.9347149,True
2018-08-31 01:20:00,-12.23,91,-21,-14.42,-8.230048,-18.51493,-1.9327453,True,-9.24,-4.4122243,-15.501877,1.654575,True
2018-08-31 01:25:00,-12.71,91,-22,-14.41,-8.608599,-18.963377,-2.1710322,True,-8.26,-4.700542,-15.876223,1.5019337,True
2018-08-31 01:30:00,-13.6,91,-22,-14.29,-9.432504,-19.712826,-2.9821837,True,-8.16,-5.4566293,-16.557333,0.76324815,True
2018-08-31 01:35:00,-14.09,91,-23,-13.89,-9.974641,-20.213097,-3.451666,True,-8.07,-6.0466332,-17.098568,0.2582623,True
2018-08-31 01:40:00,-14.16,91,-23,-13.57,-10.393456,-20.460302,-3.8507931,True,-7.9100003,-6.7948384,-17.631914,-0.42812762,True
2018-08-31 01:45:00,-14.839999,91,-23,-14.35,-11.42753,-21.274656,-4.8552766,True,-7.44,-8.165567,-18.725163,-1.7270588,True
2018-08-31 01:50:00,-14.839999,91,-23,-14.55,-11.560919,-21.43038,-4.8818183,True,-7.7500005,-8.428933,-19.007696,-1.8616337,True
2018-08-31 01:55:00,-14.809999,91,-23,-14.55,-11.411953,-21.420464,-4.695871,True,-7.3700004,-8.166703,-18.90363,-1.5660518,True
2018-08-31 02:00:00,-15.18,91,-23,-14.14,-11.5115595,-21.61424,-4.9036593,True,-7.11,-8.009642,-18.856466,-1.5274395,True
2018-08-31 02:05:00,-15.38,91,-23,-13.23,-11.940541,-21.888199,-5.446318,True,-6.769999,-8.654258,-19.306652,-2.2513525,True
2018-08-31 02:10:00,-14.86,91,-22,-11.93,-11.432304,-21.399626,-5.1423297,True,-6.81,-8.149764,-18.819912,-1.9320759,True
2018-08-31 02:15:00,-14.03,91,-22,-10.13,-10.644657,-20.652815,-4.4887233,True,-6.56,-7.3983893,-18.112785,-1.2966408,True
2018-08-31 02:20:00,-14.42,91,-23,-9.24,-10.74266,-20.906456,-4.525369,True,-6.72,-7.218883,-18.118979,-1.0715889,True
2018-08-31 02:25:00,-14.41,91,-22,-8.26,-10.472765,-20.778637,-4.376118,True,-6.3800006,-6.6948867,-17.76246,-0.67596084,True
2018-08-31 02:30:00,-14.29,91,-22,-8.16,-10.189348,-20.630768,-4.1336064,True,-6.35,-6.248551,-17.47219,-0.2745746,True
2018-08-31 02:35:00,-13.89,91,-22,-8.07,-9.944198,-20.27743,-4.088033,True,-6.85,-6.140822,-17.239656,-0.33033213,True
2018-08-31 02:40:00,-13.57,91,-22,-7.9100003,-9.7723255,-20.088629,-3.93837,True,-7.1300006,-6.1052184,-17.181488,-0.2935985,True
2018-08-31 02:45:00,-14.35,91,-23,-7.44,-10.565849,-20.96342,-4.5438066,True,-8.29,-6.913098,-18.07085,-0.9095195,True
2018-08-31 02:50:00,-14.55,91,-24,-7.7500005,-10.9233885,-21.285717,-4.8851647,True,-8.450001,-7.41653,-18.519379,-1.376572,True
2018-08-31 02:55:00,-14.55,91,-24,-7.3700004,-10.841032,-21.273718,-4.913771,True,-8.01,-7.2447925,-18.427605,-1.3046077,True
2018-08-31 03:00:00,-14.14,91,-24,-7.11,-10.459027,-20.927315,-4.689224,True,-7.4900002,-6.8722234,-18.096966,-1.0725063,True
2018-08-31 03:05:00,-13.23,91,-24,-6.769999,-9.430078,-20.0289,-3.9001486,True,-6.44,-5.713885,-17.091862,-0.14287217,True
2018-08-31 03:10:00,-11.93,91,-24,-6.81,-8.0952,-18.84303,-2.7429106,True,-7.0900006,-4.3254247,-15.881417,1.0785862,True
2018-08-31 03:15:00,-10.13,91,-23,-6.56,-6.2275662,-17.186863,-1.0624393,True,-6.9100003,-2.3706381,-14.195327,2.8564355,True
2018-08-31 03:20:00,-9.24,91,-22,-6.72,-5.2330346,-16.40368,-0.13881333,True,-6.1600003,-1.2558502,-13.346896,3.9069479,True
2018-08-31 03:25:00,-8.26,91,-22,-6.3800006,-4.1749234,-15.628125,0.9384019,True,-6.319999,-0.10270341,-12.546252,5.0779624,True
2018-08-31 03:30:00,-8.16,91,-22,-6.35,-4.204183,-15.685329,0.9647309,True,-5.97,-0.24666817,-12.713748,5.00851,True
2018-08-31 03:35:00,-8.07,91,-22,-6.85,-4.199531,-15.719855,1.001062,True,-5.7500005,-0.31146082,-12.816892,4.987661,True
2018-08-31 03:40:00,-7.9100003,91,-22,-7.1300006,-4.0907283,-15.66992,1.1342579,True,-5.9600005,-0.24199517,-12.816717,5.0983024,True
2018-08-31 03:45:00,-7.44,91,-22,-8.29,-3.7494862,-15.382404,1.4886185,True,-6.0000005,-0.009363489,-12.646421,5.3622394,True
2018-08-31 03:50:00,-7.7500005,91,-21,-8.450001,-4.147266,-15.675778,1.1048771,True,-4.559999,-0.48872027,-12.985776,4.91925,True
2018-08-31 03:55:00,-7.3700004,91,-21,-8.01,-3.7834656,-15.3352375,1.4772717,True,-3.7999995,-0.13609155,-12.652814,5.2926116,True
2018-08-31 04:00:00,-7.11,91,-20,-7.4900002,-3.6038153,-15.198803,1.797012,True,-4.0400004,-0.042328194,-12.596334,5.5408435,True
2018-08-31 04:05:00,-6.769999,91,-20,-6.44,-3.4990885,-15.038126,1.9373509,True,-3.6700003,-0.16177018,-12.641417,5.485145,True
2018-08-31 04:10:00,-6.81,91,-19,-7.0900006,-3.6097376,-15.0852785,1.8207356,True,-3.3500006,-0.3450702,-12.734822,5.314058,True
2018-08-31 04:15:00,-6.56,91,-19,-6.9100003,-3.1971133,-14.798985,2.209932,True,-3.7299998,0.2227246,-12.305729,5.859636,True
2018-08-31 04:20:00,-6.72,91,-18,-6.1600003,-2.985924,-14.919645,2.5073564,True,-4.28,0.8077008,-12.114549,6.5009723,True
2018-08-31 04:25:00,-6.3800006,91,-18,-6.319999,-2.3220408,-14.603376,3.1987817,True,-4.4900002,1.8045822,-11.547583,7.5083404,True
2018-08-31 04:30:00,-6.35,91,-17,-5.97,-1.8485397,-14.502938,3.6777303,True,-4.43,2.7274148,-11.083691,8.405117,True
2018-08-31 04:35:00,-6.85,91,-16,-5.7500005,-1.952021,-14.846939,3.6045244,True,-4.77,3.0255907,-11.069142,8.707741,True
2018-08-31 04:40:00,-7.1300006,91,-17,-5.9600005,-2.1164324,-15.069747,3.4581792,True,-5.3800015,2.9978502,-11.1613245,8.6905,True
2018-08-31 04:45:00,-8.29,91,-19,-6.0000005,-3.2001135,-16.118412,2.459091,True,-5.97,2.011604,-12.083004,7.794372,True
2018-08-31 04:50:00,-8.450001,91,-19,-4.559999,-3.3727362,-16.32802,2.4019468,True,-5.8800006,1.8485237,-12.294114,7.750152,True
2018-08-31 04:55:00,-8.01,91,-17,-3.7999995,-3.1072657,-16.110533,2.8357103,True,-7.8300004,1.9480263,-12.256349,8.03125,True
2018-08-31 05:00:00,-7.4900002,91,-16,-4.0400004,-2.509596,-15.771749,3.6602724,True,-9.2,2.6242979,-11.905204,8.92033,True
2018-08-31 05:05:00,-6.44,91,-13,-3.6700003,-1.0256542,-14.759264,5.298713,True,-10.45,4.5282645,-10.617464,10.939716,True
2018-08-31 05:10:00,-7.0900006,91,-13,-3.3500006,-2.050833,-15.548019,4.3459773,True,-11.02,3.1598375,-11.662664,9.684706,True
2018-08-31 05:15:00,-6.9100003,91,-13,-3.7299998,-2.2102282,-15.664259,4.301952,True,-11.82,2.6730535,-12.077318,9.341343,True
2018-08-31 05:20:00,-6.1600003,91,-11,-4.28,-1.4808105,-15.025045,5.026935,True,-11.86,3.381622,-11.474309,10.054995,False
2018-08-31 05:25:00,-6.319999,91,-11,-4.4900002,-1.7120613,-15.264906,4.826959,True,-11.94,3.0903146,-11.748247,9.805483,False
2018-08-31 05:30:00,-5.97,91,-10,-4.43,-1.5930218,-15.164738,5.0082736,True,-13.32,2.9915311,-11.848353,9.78426,False
2018-08-31 05:35:00,-5.7500005,91,-10,-4.77,-1.6027073,-15.111829,5.0166698,True,-14.09,2.757118,-11.984667,9.5927105,False
2018-08-31 05:40:00,-5.9600005,91,-10,-5.3800015,-1.9590095,-15.433507,4.7261996,True,-14.54,2.262266,-12.417479,9.184422,False
2018-08-31 05:45:00,-6.0000005,91,-11,-5.97,-2.1017554,-15.601771,4.709728,True,-15.09,2.0182893,-12.664384,9.071051,False
2018-08-31 05:50:00,-4.559999,91,-8,-5.8800006,-0.6311763,-14.284085,6.158912,True,-15.259999,3.5254552,-11.365134,10.556641,False
2018-08-31 05:55:00,-3.7999995,91,-7,-7.8300004,0.119094536,-13.616542,6.8949447,True,-15.43,4.271297,-10.733323,11.296669,False
2018-08-31 06:00:00,-4.0400004,91,-7,-9.2,-0.17830689,-13.985978,6.7115684,True,-15.23,3.9218595,-11.149266,11.062668,False
2018-08-31 06:05:00,-3.6700003,91,-7,-10.45,0.7373578,-13.605265,7.7483096,True,-14.97,5.3880744,-10.358556,12.588043,False
2018-08-31 06:10:00,-3.3500006,91,-7,-11.02,1.651981,-13.250238,8.777483,True,-15.03,6.8957343,-9.571432,14.153866,False
2018-08-31 06:15:00,-3.7299998,91,-8,-11.82,1.503986,-13.592693,8.724377,True,-15.63,6.9897876,-9.708339,14.320091,False
2018-08-31 06:20:00,-4.28,91,-10,-11.86,1.1354061,-13.958922,8.357773,True,-15.36,6.812986,-9.869657,14.13789,False
2018-08-31 06:25:00,-4.4900002,91,-10,-11.94,0.6909444,-14.324193,7.9978557,True,-15.35,6.1541247,-10.403893,13.580997,False
2018-08-31 06:30:00,-4.43,91,-10,-13.32,0.44716612,-14.490224,7.8864036,True,-15.32,5.6199718,-10.825264,13.199539,False
2018-08-31 06:35:00,-4.77,91,-8,-14.09,-0.1931289,-15.042389,7.429239,True,-15.51,4.686836,-11.613682,12.47036,False
2018-08-31 06:40:00,-5.3800015,91,-8,-14.54,-1.0321239,-15.725472,6.7343383,True,-15.04,3.6186864,-12.448882,11.569269,False
2018-08-31 06:45:00,-5.97,91,-9,-15.09,-1.8964733,-16.48771,6.0483184,True,-14.68,2.4768388,-13.416089,10.62726,False
2018-08-31 06:50:00,-5.8800006,91,-9,-15.259999,-1.9772266,-16.543388,6.0736346,True,-14.0,2.2194326,-13.616184,10.494118,False
2018-08-31 06:55:00,-7.8300004,91,-10,-15.43,-4.4133782,-18.620327,3.8716428,True,-13.78,-0.7215732,-16.024538,7.828735,True
2018-08-31 07:00:00,-9.2,91,-12,-15.23,-6.0567803,-20.060131,2.3931463,True,-12.74,-2.6528094,-17.662346,6.0926547,True
2018-08-31 07:05:00,-10.45,91,-13,-14.97,-7.4476066,-21.358288,1.1493908,True,-12.52,-4.196035,-19.050257,4.7087626,True
2018-08-31 07:10:00,-11.02,91,-13,-15.03,-8.0489025,-21.969334,0.6203992,True,-12.09,-4.8279176,-19.663979,4.150478,True
2018-08-31 07:15:00,-11.82,91,-12,-15.63,-8.757079,-22.640083,-0.13681443,True,-11.35,-5.4366546,-20.205029,3.4913976,True
2018-08-31 07:20:00,-11.86,91,-12,-15.36,-8.5704775,-22.544628,-0.030067759,True,-11.4,-5.003752,-19.886114,3.832445,True
2018-08-31 07:25:00,-11.94,91,-12,-15.35,-8.247744,-22.353342,0.14063995,True,-12.98,-4.247187,-19.279938,4.406671,True
2018-08-31 07:30:00,-13.32,91,-12,-15.32,-9.433623,-23.540037,-1.0996956,True,-14.5,-5.2228417,-20.210659,3.3741071,True
2018-08-31 07:35:00,-14.09,91,-14,-15.51,-10.0703945,-24.25267,-1.758057,True,-14.15,-5.7119336,-20.748074,2.8525445,True
2018-08-31 07:40:00,-14.54,91,-14,-15.04,-10.386534,-24.776539,-1.9470505,True,-13.59,-5.877666,-21.135374,2.7878263,True
2018-08-31 07:45:00,-15.09,91,-13,-14.68,-10.945816,-25.506966,-2.3360713,True,-12.66,-6.439382,-21.869495,2.3785017,True
2018-08-31 07:50:00,-15.259999,91,-14,-14.0,-11.122928,-25.869305,-2.3440058,True,-12.93,-6.609286,-22.240135,2.356756,True
2018-08-31 07:55:00,-15.43,91,-14,-13.78,-11.490557,-26.306995,-2.4937308,True,-12.33,-7.183905,-22.8835,1.9958321,True
2018-08-31 08:00:00,-15.23,91,-13,-12.74,-11.5862,-26.380688,-2.3767474,True,-10.68,-7.603501,-23.253553,1.7938935,True
2018-08-31 08:05:00,-14.97,91,-13,-12.52,-11.588432,-26.348375,-2.205681,True,-9.38,-7.8944087,-23.483192,1.6903473,True
2018-08-31 08:10:00,-15.03,91,-13,-12.09,-11.435463,-26.342869,-1.9767784,True,-10.47,-7.522862,-23.25864,2.1096895,True
2018-08-31 08:15:00,-15.63,91,-13,-11.35,-12.04125,-27.004816,-2.5470068,True,-10.9,-8.143643,-23.900381,1.5239731,True
2018-08-31 08:20:00,-15.36,91,-13,-11.4,-11.525681,-26.65962,-2.05011,True,-10.67,-7.360601,-23.31023,2.2537935,True
2018-08-31 08:25:00,-15.35,91,-14,-12.98,-11.247007,-26.49298,-1.8410724,True,-9.98,-6.786285,-22.86506,2.733343,True
2018-08-31 08:30:00,-15.32,91,-14,-14.5,-11.227774,-26.515886,-1.87229,True,-10.38,-6.7725616,-22.885492,2.6828115,True
2018-08-31 08:35:00,-15.51,91,-14,-14.15,-11.467406,-26.778366,-2.0996535,True,-9.759999,-7.0619664,-23.180317,2.3990133,True
2018-08-31 08:40:00,-15.04,91,-14,-13.59,-11.164972,-26.383335,-1.8218426,True,-11.52,-6.9378324,-22.943624,2.4987142,True
2018-08-31 08:45:00,-14.68,91,-13,-12.66,-10.760543,-25.949717,-1.4370903,True,-11.21,-6.4887776,-22.467133,2.9189622,True
2018-08-31 08:50:00,-14.0,91,-13,-12.93,-9.986406,-25.382484,-0.5904239,True,-9.270001,-5.6127057,-21.83961,3.833059,True
2018-08-31 08:55:00,-13.78,91,-12,-12.33,-9.89175,-25.355276,-0.39558253,True,-9.780001,-5.65334,-21.952011,3.8830087,True
2018-08-31 09:00:00,-12.74,91,-13,-10.68,-8.874288,-24.515528,0.7509667,True,-11.14,-4.663837,-21.186152,4.978168,True
2018-08-31 09:05:00,-12.52,91,-12,-9.38,-8.68721,-24.394243,0.95419854,True,-10.92,-4.5194736,-21.099243,5.1276565,True
2018-08-31 09:10:00,-12.09,91,-11,-10.47,-8.227493,-24.021101,1.3155228,True,-11.01,-4.0342507,-20.713326,5.5001082,True
2018-08-31 09:15:00,-11.35,91,-12,-10.9,-7.3972163,-23.22874,2.070402,True,-10.63,-3.1124938,-19.851906,6.3244395,True
2018-08-31 09:20:00,-11.4,91,-12,-10.67,-7.372806,-23.264183,2.1076276,True,-11.18,-3.0104392,-19.808395,6.421201,True
2018-08-31 09:25:00,-12.98,91,-14,-9.98,-8.908808,-24.577675,0.53640336,True,-12.62,-4.505759,-20.98475,4.891826,True
2018-08-31 09:30:00,-14.5,91,-14,-10.38,-10.474136,-26.184256,-0.8687251,True,-12.63,-6.1175256,-22.576406,3.4323175,True
2018-08-31 09:35:00,-14.15,91,-13,-9.759999,-9.980299,-25.93759,-0.28227648,True,-13.25,-5.4769645,-22.21531,4.1319594,True
2018-08-31 09:40:00,-13.59,91,-13,-11.52,-9.366104,-25.649595,0.5162465,True,-13.13,-4.8142676,-21.91942,4.945728,True
2018-08-31 09:45:00,-12.66,91,-13,-11.21,-8.338219,-24.971212,1.672422,True,-13.03,-3.681002,-21.201677,6.163944,True
2018-08-31 09:50:00,-12.93,91,-12,-9.270001,-8.758035,-25.2929,1.505716,True,-12.32,-4.263202,-21.638721,5.835111,True
2018-08-31 09:55:00,-12.33,91,-11,-9.780001,-8.245264,-24.66123,2.081888,True,-11.73,-3.8547614,-21.099995,6.3033786,True
2018-08-31 10:00:00,-10.68,91,-9,-11.14,-6.7086263,-23.222176,3.7064226,True,-11.18,-2.4584582,-19.850761,7.771606,True
2018-08-31 10:05:00,-9.38,91,-10,-10.92,-5.6366954,-22.241583,4.9313426,True,-10.209999,-1.6457657,-19.131367,8.73275,True
2018-08-31 10:10:00,-10.47,91,-10,-11.01,-7.112185,-23.57182,3.7102392,True,-9.68,-3.5305998,-20.766556,7.125261,True
2018-08-31 10:15:00,-10.9,91,-11,-10.63,-8.268286,-24.373838,2.7908723,True,-8.6,-5.4672084,-22.200043,5.4786906,True
2018-08-31 10:20:00,-10.67,91,-11,-11.18,-8.273363,-24.059422,2.6431196,True,-7.8300004,-5.7344575,-22.074442,5.0859065,True
2018-08-31 10:25:00,-9.98,91,-10,-12.62,-7.271152,-23.174116,3.47352,True,-5.9600005,-4.4118304,-20.91613,6.2027946,True
2018-08-31 10:30:00,-10.38,91,-11,-12.63,-7.1987967,-23.005926,3.2304075,True,-5.03,-3.847767,-20.283745,6.4176936,True
2018-08-31 10:35:00,-9.759999,91,-10,-13.25,-6.4561286,-22.401356,3.883291,True,-6.0000005,-2.9786532,-19.585182,7.171762,True
2018-08-31 10:40:00,-11.52,91,-11,-13.13,-8.129972,-23.932404,2.16308,True,-5.8699994,-4.5496707,-20.960754,5.5453124,True
2018-08-31 10:45:00,-11.21,91,-11,-13.03,-7.532868,-23.237524,2.489683,True,-6.280001,-3.6592066,-19.983803,6.143516,True
2018-08-31 10:50:00,-9.270001,91,-12,-12.32,-5.064983,-20.967432,4.6343513,True,-6.5400004,-0.663174,-17.289417,8.766897,True
2018-08-31 10:55:00,-9.780001,91,-12,-11.73,-5.4909167,-21.245062,4.036567,True,-6.15,-1.0046867,-17.444569,8.247648,True
2018-08-31 11:00:00,-11.14,91,-13,-11.18,-6.9242578,-22.637033,2.6124094,True,-6.06,-2.5043108,-18.83966,6.754211,True
2018-08-31 11:05:00,-10.92,91,-13,-10.209999,-6.749018,-22.450516,2.718519,True,-6.6600003,-2.3863814,-18.705107,6.794481,True
2018-08-31 11:10:00,-11.01,91,-11,-9.68,-6.800342,-22.63405,2.6252573,True,-7.0000005,-2.4044497,-18.859364,6.716665,True
2018-08-31 11:15:00,-10.63,91,-12,-8.6,-6.3989167,-22.328938,3.053724,True,-7.2400002,-1.9922317,-18.558582,7.1373897,True
2018-08-31 11:20:00,-11.18,91,-12,-7.8300004,-6.966518,-22.91406,2.5332048,True,-7.86,-2.576485,-19.142038,6.589025,True
2018-08-31 11:25:00,-12.62,91,-13,-5.9600005,-8.45785,-24.32566,1.1212326,True,-8.29,-4.114351,-20.542244,5.126117,True
2018-08-31 11:30:00,-12.63,91,-14,-5.03,-8.344042,-24.183247,1.1583363,True,-8.000001,-3.8797305,-20.276367,5.269319,True
2018-08-31 11:35:00,-13.25,91,-14,-6.0000005,-8.806061,-24.63553,0.6940629,True,-7.68,-4.1840863,-20.552845,4.946302,True
2018-08-31 11:40:00,-13.13,91,-14,-5.8699994,-8.886315,-24.562634,0.69699067,True,-7.89,-4.4815927,-20.67144,4.7354674,True
2018-08-31 11:45:00,-13.03,91,-14,-6.280001,-9.1944475,-24.598042,0.521795,True,-7.5500016,-5.217421,-21.085173,4.1526446,True
2018-08-31 11:50:00,-12.32,91,-14,-6.5400004,-8.729563,-24.0521,1.0986096,True,-8.95,-5.015846,-20.794355,4.469461,True
2018-08-31 11:55:00,-11.73,91,-13,-6.15,-8.624114,-23.863497,1.2840286,True,-9.11,-5.419885,-21.072979,4.1629844,True
2018-08-31 12:00:00,-11.18,91,-13,-6.06,-8.0718975,-23.275938,1.5029808,True,-9.92,-4.8745627,-20.479044,4.37388,True
2018-08-31 12:05:00,-10.209999,91,-13,-6.6600003,-7.267405,-22.68655,2.3727663,True,-10.72,-4.2472987,-20.06577,5.0609183,True
2018-08-31 12:10:00,-9.68,91,-12,-7.0000005,-6.8574634,-22.40384,2.8457906,True,-11.67,-3.9670832,-19.908575,5.395921,True
2018-08-31 12:15:00,-8.6,91,-11,-7.2400002,-5.471353,-21.11597,4.00341,True,-12.41,-2.2803538,-18.382076,6.8258433,True
2018-08-31 12:20:00,-7.8300004,91,-11,-7.86,-4.2468314,-20.159374,5.0539565,True,-13.42,-0.6040576,-17.054789,8.28376,True
2018-08-31 12:25:00,-5.9600005,91,-10,-8.29,-1.8334392,-18.14982,7.3454165,True,-14.61,2.3246534,-14.666448,11.035896,True
2018-08-31 12:30:00,-5.03,91,-10,-8.000001,-0.75224334,-17.086325,8.42627,True,-14.87,3.5341775,-13.517919,12.225941,False
2018-08-31 12:35:00,-6.0000005,91,-10,-7.68,-1.6106247,-17.586416,7.238851,True,-15.22,2.7873323,-13.854782,11.151825,False
2018-08-31 12:40:00,-5.8699994,91,-10,-7.89,-1.3914913,-17.392855,7.4905086,True,-15.52,3.078924,-13.592975,11.462164,False
2018-08-31 12:45:00,-6.280001,91,-10,-7.5500016,-2.2342455,-17.942265,6.6878943,True,-15.88,1.8036495,-14.480073,10.250029,False
2018-08-31 12:50:00,-6.5400004,91,-10,-8.95,-2.9487898,-18.528759,6.1369033,True,-15.43,0.6329934,-15.439879,9.260633,True
2018-08-31 12:55:00,-6.15,91,-10,-9.11,-2.612757,-18.268164,6.3745227,True,-14.71,0.9001519,-15.235885,9.426479,True
2018-08-31 13:00:00,-6.06,91,-10,-9.92,-2.6836169,-18.279354,6.200708,True,-15.19,0.658817,-15.379403,9.084555,True
2018-08-31 13:05:00,-6.6600003,91,-10,-10.72,-3.3243697,-18.710108,5.493425,True,-15.44,-0.02737649,-15.816918,8.330744,True
2018-08-31 13:10:00,-7.0000005,91,-10,-11.67,-3.567549,-19.17743,5.2864413,True,-16.0,-0.1762565,-16.205698,8.198599,True
2018-08-31 13:15:00,-7.2400002,91,-9,-12.41,-3.812034,-19.31508,4.8946204,True,-16.86,-0.42657885,-16.324678,7.7915797,False
2018-08-31 13:20:00,-7.86,91,-10,-13.42,-4.3179765,-19.692587,4.293901,True,-16.63,-0.81965476,-16.577715,7.293672,False
2018-08-31 13:25:00,-8.29,91,-10,-14.61,-4.5551667,-19.920818,3.947666,True,-16.31,-0.8718379,-16.62769,7.1119647,True
2018-08-31 13:30:00,-8.000001,91,-10,-14.87,-4.242025,-19.676598,4.1965365,True,-16.0,-0.5438865,-16.37638,7.3616443,True
2018-08-31 13:35:00,-7.68,91,-10,-15.22,-3.7530854,-19.26119,4.606893,True,-15.83,0.098275825,-15.824096,7.9054713,False
2018-08-31 13:40:00,-7.89,91,-11,-15.52,-3.898578,-19.395458,4.388845,True,-15.62,0.010396643,-15.893364,7.731313,True
2018-08-31 13:45:00,-7.5500016,91,-11,-15.88,-3.6011736,-19.08236,4.641769,True,-15.66,0.24977653,-15.626745,7.920566,False
2018-08-31 13:50:00,-8.95,91,-12,-15.43,-5.1750455,-20.539024,3.224342,True,-13.82,-1.4833797,-17.174763,6.3446403,True
2018-08-31 13:55:00,-9.11,91,-13,-14.71,-5.4882874,-20.860489,2.9787061,True,-13.19,-1.9511703,-17.62093,5.941314,True
2018-08-31 14:00:00,-9.92,91,-14,-15.19,-6.3459687,-21.65097,2.115713,True,-12.14,-2.8535635,-18.417072,5.0245147,True
2018-08-31 14:05:00,-10.72,91,-14,-15.44,-7.344383,-22.4896,1.1357323,True,-10.75,-4.0447783,-19.396336,3.8560197,True
2018-08-31 14:10:00,-11.67,91,-14,-16.0,-8.764009,-23.620943,-0.17308839,True,-11.49,-5.9253764,-20.902718,2.1089628,True
2018-08-31 14:15:00,-12.41,91,-15,-16.86,-10.207132,-24.601236,-1.3678554,True,-12.29,-8.065742,-22.467577,0.25560918,True
2018-08-31 14:20:00,-13.42,91,-16,-16.63,-11.792339,-25.845043,-2.6820223,True,-12.14,-10.22015,-24.187628,-1.5975631,True
2018-08-31 14:25:00,-14.61,91,-17,-16.31,-13.352031,-27.045761,-4.0601535,True,-11.59,-12.141032,-25.68291,-3.3194048,True
2018-08-31 14:30:00,-14.87,91,-17,-16.0,-13.903916,-27.312653,-4.567822,True,-10.48,-12.979808,-26.185862,-4.106875,True
2018-08-31 14:35:00,-15.22,91,-18,-15.83,-14.519757,-27.631054,-5.1742415,True,-10.38,-13.8536,-26.72263,-4.958197,True
2018-08-31 14:40:00,-15.52,91,-18,-15.62,-14.752133,-27.728008,-5.479132,True,-10.83,-14.01903,-26.751541,-5.206432,True
2018-08-31 14:45:00,-15.88,91,-18,-15.66,-14.6923275,-27.741156,-5.791511,True,-11.6,-13.548553,-26.39314,-5.1408725,True
2018-08-31 14:50:00,-15.43,91,-19,-13.82,-13.8870125,-27.110384,-5.235435,True,-13.03,-12.404366,-25.45561,-4.2753186,True
2018-08-31 14:55:00,-14.71,91,-19,-13.19,-12.722512,-26.146126,-4.392904,True,-12.49,-10.814594,-24.109419,-3.04192,True
2018-08-31 15:00:00,-15.19,91,-20,-12.14,-12.837183,-26.394733,-4.6113257,True,-10.05,-10.573786,-24.029802,-2.9259627,True
2018-08-31 15:05:00,-15.44,91,-20,-10.75,-12.758589,-26.420805,-4.543344,True,-8.21,-10.180365,-23.757666,-2.5694163,True
2018-08-31 15:10:00,-16.0,91,-20,-11.49,-12.906047,-26.647373,-4.800341,True,-8.13,-9.930125,-23.601158,-2.459019,True
2018-08-31 15:15:00,-16.86,91,-19,-12.29,-13.662298,-27.287994,-5.579783,True,-8.71,-10.583594,-24.123714,-3.144255,True
2018-08-31 15:20:00,-16.63,91,-19,-12.14,-13.422009,-26.911566,-5.4586587,True,-9.6,-10.337419,-23.733706,-3.0177119,True
2018-08-31 15:25:00,-16.31,91,-20,-11.59,-13.0951,-26.54577,-5.117803,True,-11.31,-10.018783,-23.376207,-2.687216,True
2018-08-31 15:30:00,-16.0,91,-20,-10.48,-13.112483,-26.44112,-4.8230042,True,-12.93,-10.364693,-23.579657,-2.7056162,True
2018-08-31 15:35:00,-15.83,91,-20,-10.38,-13.139419,-26.381025,-4.656141,True,-14.54,-10.594787,-23.711294,-2.731644,True
2018-08-31 15:40:00,-15.62,91,-20,-10.83,-12.724673,-25.984982,-4.4429317,True,-14.21,-9.997816,-23.150522,-2.3474696,True
2018-08-31 15:45:00,-15.66,91,-20,-11.6,-12.433307,-25.77977,-4.4555964,True,-14.83,-9.398981,-22.66363,-2.0687582,True
2018-08-31 15:50:00,-13.82,91,-21,-13.03,-10.354539,-24.152987,-2.8499644,True,-15.39,-7.104838,-20.874147,-0.26866755,True
2018-08-31 15:55:00,-13.19,91,-21,-12.49,-9.337722,-23.667376,-1.9582256,True,-15.17,-5.7292676,-20.08867,0.9497449,True
2018-08-31 16:00:00,-12.14,91,-20,-10.05,-8.145735,-22.806509,-0.8408435,True,-14.69,-4.411901,-19.137291,2.1705186,True
2018-08-31 16:05:00,-10.75,91,-20,-8.21,-6.9170213,-21.575678,0.19550101,True,-14.22,-3.3418715,-18.074427,3.0618455,True
2018-08-31 16:10:00,-11.49,91,-22,-8.13,-7.6737924,-22.302101,-0.53689224,True,-14.38,-4.103103,-18.791664,2.3244302,True
2018-08-31 16:15:00,-12.29,91,-22,-8.71,-8.568577,-22.840694,-1.3960708,True,-14.389999,-5.082312,-19.382166,1.3940254,True
2018-08-31 16:20:00,-12.14,91,-21,-9.6,-8.719738,-22.534931,-1.3571991,True,-13.32,-5.524136,-19.323412,1.1648518,True
2018-08-31 16:25:00,-11.59,91,-21,-11.31,-8.655211,-22.092556,-1.1538566,True,-11.71,-5.9231143,-19.29803,0.94693345,True
2018-08-31 16:30:00,-10.48,91,-22,-12.93,-8.238892,-21.366915,-0.5421813,True,-10.209999,-6.167135,-19.159742,0.95550317,True
2018-08-31 16:35:00,-10.38,91,-22,-14.54,-8.761813,-21.669195,-0.6985019,True,-8.78,-7.2755675,-19.959244,0.26166883,True
2018-08-31 16:40:00,-10.83,91,-21,-14.21,-9.6490555,-22.324286,-1.3172935,True,-6.35,-8.566328,-20.957294,-0.7167304,True
2018-08-31 16:45:00,-11.6,91,-22,-14.83,-10.7718725,-23.247204,-2.1604464,True,-5.7600007,-10.009159,-22.14283,-1.8498443,True
2018-08-31 16:50:00,-13.03,91,-22,-15.39,-12.150323,-24.424803,-3.407305,True,-2.5000002,-11.332033,-23.272932,-3.0370314,False
2018-08-31 16:55:00,-12.49,91,-22,-15.17,-11.410995,-23.66582,-2.93487,True,-1.2400001,-10.409556,-22.362087,-2.3933814,False
2018-08-31 17:00:00,-10.05,91,-21,-14.69,-8.528448,-21.054808,-0.63672477,True,0.13999908,-7.1292024,-19.432112,0.282478,True
2018-08-31 17:05:00,-8.21,91,-20,-14.22,-6.14362,-18.949478,1.2280995,True,2.3999994,-4.2542453,-16.924765,2.6049898,True
2018-08-31 17:10:00,-8.13,91,-20,-14.38,-5.5681605,-18.2611,1.2490345,True,2.76,-3.225674,-15.851754,3.0523927,True
2018-08-31 17:15:00,-8.71,91,-21,-14.389999,-6.0054,-18.593927,0.73744935,True,3.1599996,-3.5241168,-16.061855,2.6749303,False
2018-08-31 17:20:00,-9.6,91,-21,-13.32,-6.639935,-19.07579,-0.07908471,True,2.5300004,-3.9176085,-16.325958,2.0895956,False
2018-08-31 17:25:00,-11.31,91,-22,-11.71,-7.9682136,-20.28866,-1.4803604,True,1.5599991,-4.888907,-17.203289,1.0260674,False
2018-08-31 17:30:00,-12.93,91,-22,-10.209999,-8.533998,-21.315765,-2.087664,True,-1.65,-4.4974008,-17.352932,1.3042008,True
2018-08-31 17:35:00,-14.54,91,-23,-8.78,-9.86586,-22.70298,-3.4339335,True,-5.3000007,-5.560098,-18.471792,0.20405357,True
2018-08-31 17:40:00,-14.21,91,-22,-6.35,-8.969262,-22.177067,-2.470648,True,-8.14,-4.1579556,-17.501827,1.6238343,True
2018-08-31 17:45:00,-14.83,91,-21,-5.7600007,-8.598454,-22.259,-2.1275198,True,-11.46,-2.9033759,-16.783659,2.7745817,True
2018-08-31 17:50:00,-15.39,91,-21,-2.5000002,-8.210142,-22.39667,-1.7265266,True,-12.98,-1.6679653,-16.154978,3.936178,True
2018-08-31 17:55:00,-15.17,91,-20,-1.2400001,-7.686671,-22.091585,-1.249699,False,-12.84,-0.87028915,-15.623647,4.6515517,True
2018-08-31 18:00:00,-14.69,91,-20,0.13999908,-6.9347425,-21.552841,-0.5699695,False,-12.63,0.13171355,-14.8989525,5.546594,True
2018-08-31 18:05:00,-14.22,91,-21,2.3999994,-6.5115333,-21.138308,-0.24494012,False,-12.2,0.5238816,-14.538601,5.8403354,True
2018-08-31 18:10:00,-14.38,91,-21,2.76,-6.9068294,-21.36446,-0.7114032,False,-12.37,-0.0504535,-14.9299965,5.2124934,True
2018-08-31 18:15:00,-14.389999,91,-21,3.1599996,-7.2911916,-21.64731,-0.95280486,False,-12.53,-0.7411044,-15.502101,4.6794353,True
2018-08-31 18:20:00,-13.32,91,-20,2.5300004,-6.8250365,-20.865335,-0.60783607,False,-10.25,-0.8192237,-15.236922,4.547317,True
2018-08-31 18:25:00,-11.71,91,-20,1.5599991,-5.7683864,-19.622244,0.29822698,False,-13.61,-0.27413973,-14.495399,4.995538,True
2018-08-31 18:30:00,-10.209999,91,-20,-1.65,-4.767797,-18.467518,1.1442925,True,-14.53,0.26253667,-13.802534,5.4313903,False
2018-08-31 18:35:00,-8.78,91,-19,-5.3000007,-3.9682267,-17.481531,1.8945385,True,-16.14,0.4858071,-13.356097,5.6628184,False
2018-08-31 18:40:00,-6.35,91,-19,-8.14,-2.7675402,-15.95394,3.0953119,True,-17.52,0.5601823,-12.827446,5.8439994,False
2018-08-31 18:45:00,-5.7600007,91,-17,-11.46,-3.3517573,-15.938035,2.6428754,True,-17.82,-1.085091,-13.691172,4.426416,False
2018-08-31 18:50:00,-2.5000002,91,-15,-12.98,-1.2260307,-13.924752,4.865604,True,-18.06,-0.009374933,-12.546486,5.6942706,False
2018-08-31 18:55:00,-1.2400001,91,-14,-12.84,-0.6359275,-13.392826,5.6659617,True,-17.7,-0.030813532,-12.495364,5.9438167,False
2018-08-31 19:00:00,0.13999908,91,-13,-12.63,0.4693791,-12.685781,6.896913,True,-16.86,0.8246762,-11.967422,6.9518332,False
2018-08-31 19:05:00,2.3999994,91,-12,-12.2,2.5651357,-11.21465,8.990919,False,-16.14,2.767534,-10.602934,8.918213,False
2018-08-31 19:10:00,2.76,91,-12,-12.37,3.0404718,-10.88717,9.433783,False,-15.24,3.3504713,-10.198466,9.463631,False
2018-08-31 19:15:00,3.1599996,91,-10,-12.53,3.5576532,-10.510026,9.882912,False,-13.8,3.9758317,-9.743994,10.015823,False
2018-08-31 19:20:00,2.5300004,91,-10,-10.25,3.2349222,-10.783611,9.534109,True,-12.36,3.9360979,-9.815514,9.927559,False
2018-08-31 19:25:00,1.5599991,91,-10,-13.61,2.2030828,-11.351445,8.531582,False,-11.23,2.859844,-10.423782,8.886446,False
2018-08-31 19:30:00,-1.65,91,-11,-14.53,-0.9456065,-13.519502,5.597818,False,-11.88,-0.21282418,-12.545839,6.020305,True
2018-08-31 19:35:00,-5.3000007,91,-13,-16.14,-4.3770747,-16.123587,2.4411542,False,-13.1,-3.427048,-14.986528,3.0612943,True
2018-08-31 19:40:00,-8.14,91,-14,-17.52,-7.0861115,-18.23168,0.005916281,True,-14.12,-6.005793,-16.9957,0.7487981,True
2018-08-31 19:45:00,-11.46,91,-16,-17.82,-10.439053,-20.97688,-2.9505637,True,-14.12,-9.378922,-19.75717,-2.2256339,True
2018-08-31 19:50:00,-12.98,91,-17,-18.06,-11.995598,-22.37948,-4.164926,True,-14.61,-10.962376,-21.17893,-3.4638655,True
2018-08-31 19:55:00,-12.84,91,-17,-17.7,-12.028911,-22.453194,-3.9541647,True,-14.41,-11.150019,-21.384485,-3.388632,True
2018-08-31 20:00:00,-12.63,91,-17,-16.86,-11.892955,-22.234926,-3.8039124,True,-13.87,-11.080179,-21.232405,-3.291733,True
2018-08-31 20:05:00,-12.2,91,-16,-16.14,-11.259772,-21.609007,-3.3296893,True,-13.34,-10.260416,-20.45778,-2.644148,True
2018-08-31 20:10:00,-12.37,91,-16,-15.24,-11.171921,-21.40094,-3.5497763,True,-13.79,-9.9356365,-20.05844,-2.645674,True
2018-08-31 20:15:00,-12.53,91,-15,-13.8,-10.962846,-21.1931,-3.6433947,True,-14.45,-9.387172,-19.56543,-2.4284174,True
2018-08-31 20:20:00,-10.25,91,-14,-12.36,-8.578802,-19.040003,-1.482138,True,-14.05,-6.909081,-17.350721,-0.17378838,True
2018-08-31 20:25:00,-13.61,91,-16,-11.23,-11.628212,-21.655964,-4.2407765,True,-13.17,-9.673524,-19.713715,-2.6694396,True
2018-08-31 20:30:00,-14.53,91,-16,-11.88,-12.340743,-22.293701,-4.9015107,True,-13.61,-10.195504,-20.186657,-3.1552508,True
2018-08-31 20:35:00,-16.14,91,-19,-13.1,-13.8076515,-23.532984,-6.235909,True,-14.45,-11.533317,-21.308857,-4.369699,True
2018-08-31 20:40:00,-17.52,91,-19,-14.12,-15.114967,-24.689928,-7.436421,True,-15.58,-12.775163,-22.406738,-5.510015,True
2018-08-31 20:45:00,-17.82,91,-21,-14.12,-15.516509,-24.943558,-7.786858,True,-16.22,-13.266792,-22.744417,-5.9412494,True
2018-08-31 20:50:00,-18.06,91,-21,-14.61,-15.77302,-25.126183,-8.025458,True,-16.01,-13.538219,-22.948889,-6.1889424,True
2018-08-31 20:55:00,-17.7,91,-21,-14.41,-15.458417,-24.717293,-7.866793,True,-14.74,-13.261235,-22.582375,-6.0595555,True
2018-08-31 21:00:00,-16.86,91,-21,-13.87,-14.50289,-23.794027,-7.1838107,True,-14.17,-12.195906,-21.574476,-5.2705455,True
2018-08-31 21:05:00,-16.14,91,-22,-13.34,-13.643743,-22.994936,-6.6010137,True,-13.88,-11.204402,-20.669153,-4.5616126,True
2018-08-31 21:10:00,-15.24,91,-21,-13.79,-12.506569,-22.016403,-5.7584205,True,-13.83,-9.843338,-19.505232,-3.5115454,True
2018-08-31 21:15:00,-13.8,91,-21,-14.45,-10.762958,-20.514534,-4.3345103,True,-13.62,-7.8185916,-17.776981,-1.8212303,True
2018-08-31 21:20:00,-12.36,91,-20,-14.05,-9.11206,-19.085087,-2.957823,True,-13.59,-5.972512,-16.197786,-0.2592319,True
2018-08-31 21:25:00,-11.23,91,-20,-13.17,-7.9431844,-17.987547,-2.0037997,True,-13.509999,-4.7681584,-15.086738,0.73505944,True
2018-08-31 21:30:00,-11.88,91,-21,-13.61,-8.393995,-18.421385,-2.472298,True,-13.47,-5.0326037,-15.353935,0.43967023,True
2018-08-31 21:35:00,-13.1,91,-22,-14.45,-9.538327,-19.391941,-3.664656,True,-13.37,-6.09954,-16.240303,-0.68060523,True
2018-08-31 21:40:00,-14.12,91,-22,-15.58,-10.644175,-20.284008,-4.781323,True,-13.25,-7.277965,-17.189743,-1.8611225,True
2018-08-31 21:45:00,-14.12,91,-23,-16.22,-10.8425665,-20.330318,-4.932386,True,-12.689999,-7.657828,-17.40855,-2.172043,True
2018-08-31 21:50:00,-14.61,91,-23,-16.01,-11.479873,-20.772448,-5.5122466,True,-12.639999,-8.429344,-17.971237,-2.8707373,True
2018-08-31 21:55:00,-14.41,91,-23,-14.74,-11.336474,-20.562777,-5.3589416,True,-11.6,-8.337972,-17.81821,-2.7600787,True
2018-08-31 22:00:00,-13.87,91,-22,-14.17,-10.845379,-20.073843,-4.8884444,True,-10.08,-7.8904843,-17.386288,-2.324385,True
2018-08-31 22:05:00,-13.34,91,-21,-13.88,-10.555957,-19.743776,-4.5167174,True,-9.720001,-7.818667,-17.272333,-2.148966,True
2018-08-31 22:10:00,-13.79,91,-23,-13.83,-11.217343,-20.218958,-5.0208716,True,-10.09,-8.676177,-17.929344,-2.826195,True
2018-08-31 22:15:00,-14.45,91,-23,-13.62,-11.864656,-20.78883,-5.5154586,True,-10.88,-9.313215,-18.492321,-3.308636,True
2018-08-31 22:20:00,-14.05,91,-21,-13.59,-11.422285,-20.392113,-5.048743,True,-12.17,-8.832699,-18.07232,-2.8015444,True
2018-08-31 22:25:00,-13.17,91,-22,-13.509999,-10.465328,-19.509752,-4.2369847,True,-13.27,-7.805445,-17.141367,-1.9170669,True
2018-08-31 22:30:00,-13.61,91,-22,-13.47,-10.841115,-19.8188,-4.6811824,True,-13.67,-8.122944,-17.398699,-2.3013842,True
2018-08-31 22:35:00,-14.45,91,-22,-13.37,-11.40192,-20.383896,-5.155849,True,-13.67,-8.432179,-17.738062,-2.541714,True
2018-08-31 22:40:00,-15.58,91,-23,-13.25,-12.25331,-21.217934,-5.9927897,True,-12.77,-9.031027,-18.33846,-3.1457865,True
2018-08-31 22:45:00,-16.22,91,-23,-12.689999,-12.9103365,-21.700407,-6.793967,True,-11.75,-9.706218,-18.829998,-3.9542763,True
2018-08-31 22:50:00,-16.01,91,-22,-12.639999,-12.832885,-21.476711,-6.967129,True,-11.35,-9.748279,-18.71912,-4.2255282,True
2018-08-31 22:55:00,-14.74,91,-22,-11.6,-11.766747,-20.38006,-6.124371,True,-10.84,-8.865656,-17.806778,-3.5392306,True
2018-08-31 23:00:00,-14.17,91,-23,-10.08,-11.353875,-19.893995,-5.852858,True,-10.73,-8.595556,-17.459888,-3.388096,True
2018-08-31 23:05:00,-13.88,91,-22,-9.720001,-10.984819,-19.52145,-5.68885,True,-10.620001,-8.153895,-17.02619,-3.1450408,True
2018-08-31 23:10:00,-13.83,91,-21,-10.09,-10.760984,-19.3616,-5.581527,True,-11.1,-7.76718,-16.724625,-2.8793814,True
2018-08-31 23:15:00,-13.62,91,-22,-10.88,-10.257551,-18.9927,-5.4186053,True,-11.3,-6.9862313,-16.10144,-2.4468634,True
2018-08-31 23:20:00,-13.59,91,-22,-12.17,-9.786478,-18.840424,-5.254519,True,-11.0,-6.0975595,-15.565136,-1.8859733,True
2018-08-31 23:25:00,-13.509999,91,-22,-13.27,-9.420324,-18.732323,-4.960754,True,-10.48,-5.4594035,-15.213662,-1.334042,True
2018-08-31 23:30:00,-13.47,91,-22,-13.67,-8.995808,-18.535305,-4.6769643,True,-10.37,-4.677467,-14.686108,-0.7102321,True
2018-08-31 23:35:00,-13.37,91,-22,-13.67,-8.786935,-18.372215,-4.560471,True,-10.26,-4.376367,-14.435758,-0.50032836,True
2018-08-31 23:40:00,-13.25,91,-21,-12.77,-8.535562,-18.163671,-4.360289,True,-10.36,-4.012502,-14.124033,-0.18921693,True
2018-08-31 23:45:00,-12.689999,91,-21,-11.75,-7.8573775,-17.56503,-3.7019942,True,-10.45,-3.2348711,-13.451047,0.5666711,True
2018-08-31 23:50:00,-12.639999,91,-20,-11.35,-7.986796,-17.603596,-3.6587012,True,-10.73,-3.5287611,-13.655247,0.45984617,True
2018-08-31 23:55:00,-11.6,91,-20,-10.84,-7.2254176,-16.790369,-2.7202284,True,-10.42,-3.0292895,-13.118987,1.1612946,True
2018-09-01 00:00:00,-10.08,91,-12,-10.73,-5.64801,-15.439993,-0.944424,True,-9.9,-1.4082893,-11.787374,2.9808004,True
2018-09-01 00:05:00,-9.720001,91,-11,-10.620001,-5.578626,-15.332329,-0.5748237,True,-9.59,-1.5997986,-11.951195,3.1091058,True
2018-09-01 00:10:00,-10.09,91,-11,-11.1,-6.2129855,-15.831247,-0.9168075,True,-10.08,-2.4734137,-12.673333,2.5510328,True
2018-09-01 00:15:00,-10.88,91,-11,-11.3,-7.1364408,-16.640982,-1.5163502,True,-10.37,-3.5160582,-13.593282,1.844009,True
2018-09-01 00:20:00,-12.17,91,-11,-11.0,-8.467273,-17.85128,-2.6739523,True,-10.37,-4.88689,-14.826307,0.6524903,True
2018-09-01 00:25:00,-13.27,91,-12,-10.48,-9.684664,-18.894562,-3.8507397,True,-10.36,-6.2179713,-15.95689,-0.6213878,True
2018-09-01 00:30:00,-13.67,91,-12,-10.37,-10.171722,-19.308712,-4.3020644,True,-10.35,-6.793014,-16.447668,-1.1462349,True
2018-09-01 00:35:00,-13.67,91,-12,-10.26,-10.237976,-19.372263,-4.3523183,True,-10.44,-6.9236045,-16.578249,-1.2485679,True
2018-09-01 00:40:00,-12.77,91,-12,-10.36,-9.417674,-18.582253,-3.616749,True,-10.43,-6.1793265,-15.872588,-0.57006484,True
2018-09-01 00:45:00,-11.75,91,-11,-10.45,-8.465556,-17.665754,-2.806637,True,-10.12,-5.2917476,-15.031387,0.19499938,True
2018-09-01 00:50:00,-11.35,91,-10,-10.73,-8.01586,-17.284641,-2.485945,True,-9.0,-4.7968287,-14.617353,0.56941956,True
2018-09-01 00:55:00,-10.84,91,-10,-10.42,-7.435989,-16.783905,-2.0788043,True,-8.61,-4.152682,-14.06493,1.0493733,True
2018-09-01 01:00:00,-10.73,91,-9,-9.9,-7.406504,-16.718815,-2.1094382,True,-9.21,-4.1982827,-14.071589,0.9602315,True
2018-09-01 01:05:00,-10.620001,91,-10,-9.59,-7.200892,-16.569466,-2.0435278,True,-10.52,-3.9009354,-13.844705,1.1240631,True
2018-09-01 01:10:00,-11.1,91,-10,-10.08,-7.6633554,-17.013817,-2.5545428,True,-11.12,-4.3395295,-14.265533,0.64567345,True
2018-09-01 01:15:00,-11.3,91,-10,-10.37,-7.8066325,-17.206776,-2.7206137,True,-12.03,-4.4316716,-14.410021,0.53570336,True
2018-09-01 01:20:00,-11.0,91,-10,-10.37,-7.4788947,-16.964478,-2.4257967,True,-12.03,-4.078118,-14.15436,0.86486024,True
2018-09-01 01:25:00,-10.48,91,-10,-10.36,-6.9455924,-16.572851,-1.8646969,True,-11.43,-3.5348265,-13.764821,1.4408432,True
2018-09-01 01:30:00,-10.37,91,-10,-10.35,-6.8723454,-16.569376,-1.7867206,True,-11.04,-3.4989607,-13.802593,1.491964,True
2018-09-01 01:35:00,-10.26,91,-10,-10.44,-6.838387,-16.544487,-1.722155,True,-10.25,-3.5368617,-13.844602,1.499374,True
2018-09-01 01:40:00,-10.36,91,-10,-10.43,-6.7921157,-16.596523,-1.7505134,True,-10.37,-3.3543246,-13.769603,1.6102787,True
2018-09-01 01:45:00,-10.45,91,-9,-10.12,-6.6939797,-16.588789,-1.8594097,True,-10.18,-3.0794451,-13.583376,1.6809403,True
2018-09-01 01:50:00,-10.73,91,-10,-9.0,-6.730202,-16.802223,-1.9883407,True,-10.11,-2.8848612,-13.582177,1.7765538,True
2018-09-01 01:55:00,-10.42,91,-10,-8.61,-6.3495755,-16.54292,-1.5843433,True,-10.34,-2.4425719,-13.275549,2.2463205,True
2018-09-01 02:00:00,-9.9,91,-10,-9.21,-5.821758,-16.018305,-1.2043365,True,-10.67,-1.9056362,-12.747419,2.655319,True
2018-09-01 02:05:00,-9.59,91,-9,-10.52,-5.1734395,-15.571416,-0.6449817,True,-11.1,-0.93880874,-12.014678,3.5241125,True
2018-09-01 02:10:00,-10.08,91,-10,-11.12,-5.4432616,-16.047644,-0.82333213,True,-11.1,-0.99806243,-12.301286,3.54479,True
2018-09-01 02:15:00,-10.37,91,-10,-12.03,-5.45828,-16.201773,-0.95721084,True,-10.65,-0.7517417,-12.200661,3.6703107,True
2018-09-01 02:20:00,-10.37,91,-9,-12.03,-5.444485,-16.21554,-0.9719184,True,-10.57,-0.71775466,-12.198709,3.6883504,True
2018-09-01 02:25:00,-10.36,91,-9,-11.43,-5.484551,-16.20746,-1.0653976,True,-9.91,-0.7936614,-12.225588,3.576227,True
2018-09-01 02:30:00,-10.35,91,-9,-11.04,-5.8155065,-16.35006,-1.381575,True,-9.34,-1.4322628,-12.660604,2.9846113,True
2018-09-01 02:35:00,-10.44,91,-9,-10.25,-6.6243834,-16.809185,-2.019646,True,-8.69,-2.9109404,-13.75703,1.7262379,True
2018-09-01 02:40:00,-10.43,91,-8,-10.37,-7.0471416,-17.07067,-2.1767333,True,-7.85,-3.7488072,-14.419788,1.1803375,True
2018-09-01 02:45:00,-10.12,91,-7,-10.18,-7.1216846,-17.079935,-1.9535545,True,-7.0800004,-4.1956124,-14.798362,1.060228,True
2018-09-01 02:50:00,-9.0,91,-6,-10.11,-6.0968204,-16.212952,-0.76680595,True,-9.07,-3.2597106,-14.048545,2.1691206,True
2018-09-01 02:55:00,-8.61,91,-6,-10.34,-5.710299,-15.977688,-0.3289722,True,-10.620001,-2.8744013,-13.830728,2.61252,True
2018-09-01 03:00:00,-9.21,91,-6,-10.67,-6.6714635,-16.750397,-1.201794,True,-10.95,-4.1862607,-14.901802,1.4215847,True
2018-09-01 03:05:00,-10.52,91,-8,-11.1,-8.127147,-18.062487,-2.5955527,True,-10.79,-5.794125,-16.327236,-0.104215935,True
2018-09-01 03:10:00,-11.12,91,-9,-11.1,-8.730044,-18.603588,-3.3424723,True,-10.44,-6.399753,-16.856287,-0.8340648,True
2018-09-01 03:15:00,-12.03,91,-9,-10.65,-9.561608,-19.424692,-4.3114867,True,-10.11,-7.1527123,-17.586954,-1.7140487,True
2018-09-01 03:20:00,-12.03,91,-9,-10.57,-9.446081,-19.396563,-4.3413587,True,-9.95,-6.9095206,-17.438366,-1.6088012,True
2018-09-01 03:25:00,-11.43,91,-8,-9.91,-8.723641,-18.781834,-3.7359679,True,-8.99,-6.051024,-16.706295,-0.85839874,True
2018-09-01 03:30:00,-11.04,91,-8,-9.34,-8.257361,-18.390985,-3.3724825,True,-7.7400002,-5.498836,-16.243559,-0.39567026,True
2018-09-01 03:35:00,-10.25,91,-7,-8.69,-7.2890315,-17.6052,-2.493357,True,-7.7100005,-4.341705,-15.302369,0.6731164,True
2018-09-01 03:40:00,-10.37,91,-8,-7.85,-7.2662683,-17.667795,-2.5738604,True,-7.72,-4.1692777,-15.222003,0.74653596,True
2018-09-01 03:45:00,-10.18,91,-8,-7.0800004,-6.8415227,-17.391806,-2.3219988,True,-7.89,-3.4949381,-14.712071,1.2462975,True
2018-09-01 03:50:00,-10.11,91,-7,-9.07,-6.3802876,-17.167917,-2.0177748,True,-7.8000007,-2.6302092,-14.1210575,1.9504143,True
2018-09-01 03:55:00,-10.34,91,-8,-10.620001,-6.2419486,-17.293318,-1.9800552,True,-8.35,-2.1135314,-13.89204,2.357124,True
2018-09-01 04:00:00,-10.67,91,-8,-10.95,-6.7408347,-17.77489,-2.4254725,True,-8.46,-2.7704737,-14.510534,1.772699,True
2018-09-01 04:05:00,-11.1,91,-8,-10.79,-7.178656,-18.397696,-2.4707358,True,-7.8000007,-3.2124217,-15.170321,1.7140251,True
2018-09-01 04:10:00,-11.1,91,-8,-10.44,-7.338536,-18.61841,-2.387318,True,-7.6200004,-3.5119803,-15.560161,1.66526,True
2018-09-01 04:15:00,-10.65,91,-7,-10.11,-7.2515216,-18.390547,-2.1414702,True,-7.219999,-3.776787,-15.685155,1.586639,True
2018-09-01 04:20:00,-10.57,91,-7,-9.95,-7.4592357,-18.425026,-2.3006213,True,-7.219999,-4.271239,-15.970611,1.1732842,True
2018-09-01 04:25:00,-9.91,91,-6,-8.99,-6.964789,-17.86373,-1.820084,True,-7.609999,-3.9346058,-15.560464,1.5184265,True
2018-09-01 04:30:00,-9.34,91,-6,-7.7400002,-6.4251075,-17.369873,-1.2255481,True,-7.4100003,-3.4144576,-15.103673,2.1041372,True
2018-09-01 04:35:00,-8.69,91,-6,-7.7100005,-5.599028,-16.755194,-0.33999667,True,-8.06,-2.398287,-14.348009,3.1734655,True
2018-09-01 04:40:00,-7.85,91,-5,-7.72,-4.50479,-15.874145,0.71253365,True,-8.16,-1.0269035,-13.250954,4.495504,True
2018-09-01 04:45:00,-7.0800004,91,-4,-7.89,-3.4809287,-15.045695,1.6864125,True,-8.48,0.26904836,-12.205094,5.7357974,True
2018-09-01 04:50:00,-9.07,91,-7,-7.8000007,-5.345982,-16.871586,-0.16332276,True,-8.95,-1.4664024,-13.842223,4.021011,True
2018-09-01 04:55:00,-10.620001,91,-9,-8.35,-6.9730506,-18.40463,-1.8049167,True,-9.56,-3.170359,-15.380013,2.3201654,True
2018-09-01 05:00:00,-10.95,91,-8,-8.46,-7.316067,-18.735685,-2.2249491,True,-9.83,-3.514765,-15.690936,1.9117676,True
2018-09-01 05:05:00,-10.79,91,-7,-7.8000007,-7.0601115,-18.531471,-2.1219237,True,-9.67,-3.144068,-15.371569,2.137367,True
2018-09-01 05:10:00,-10.44,91,-7,-7.6200004,-6.880361,-18.31661,-1.949715,True,-8.91,-3.128857,-15.311944,2.1637056,True
2018-09-01 05:15:00,-10.11,91,-7,-7.219999,-6.4066577,-17.967283,-1.4971088,True,-9.02,-2.4894297,-14.827613,2.779188,True
2018-09-01 05:20:00,-9.95,91,-7,-7.219999,-6.097236,-17.84878,-1.1393913,True,-8.98,-2.0135577,-14.578316,3.2954385,True
2018-09-01 05:25:00,-8.99,91,-6,-7.609999,-5.344834,-17.110428,-0.2872661,True,-8.77,-1.4604896,-14.062059,3.9612215,True
2018-09-01 05:30:00,-7.7400002,91,-5,-7.4100003,-4.0713725,-15.948221,1.0021988,True,-9.29,-0.15119584,-12.910737,5.288404,True
2018-09-01 05:35:00,-7.7100005,91,-5,-8.06,-4.126289,-16.019056,1.0059716,True,-10.02,-0.2841991,-13.0636215,5.2197986,True
2018-09-01 05:40:00,-7.72,91,-6,-8.16,-4.2252927,-16.090048,0.9379174,True,-11.34,-0.46450266,-13.206125,5.0807204,True
2018-09-01 05:45:00,-7.89,91,-5,-8.48,-4.4448676,-16.283394,0.7597882,True,-12.09,-0.730141,-13.430778,4.864658,True
2018-09-01 05:50:00,-7.8000007,91,-6,-8.95,-4.285086,-16.242043,1.0016743,True,-12.35,-0.4905952,-13.33369,5.1806655,True
2018-09-01 05:55:00,-8.35,91,-6,-9.56,-4.9149384,-16.882942,0.49988142,True,-12.57,-1.1980461,-14.040573,4.604345,True
2018-09-01 06:00:00,-8.46,91,-7,-9.83,-5.0532937,-17.075743,0.48512998,True,-12.17,-1.3530735,-14.269896,4.570274,True
2018-09-01 06:05:00,-7.8000007,91,-6,-9.67,-4.311376,-16.479038,1.3000542,True,-11.89,-0.51340705,-13.627075,5.4789786,True
2018-09-01 06:10:00,-7.6200004,91,-5,-8.91,-3.8851979,-16.285286,1.7783257,True,-12.34,0.18357246,-13.213113,6.202152,True
2018-09-01 06:15:00,-7.219999,91,-5,-9.02,-3.3629305,-15.9481125,2.3808458,True,-12.63,0.8441598,-12.780849,6.93123,True
2018-09-01 06:20:00,-7.219999,91,-6,-8.98,-3.3456461,-16.02414,2.4916856,True,-12.88,0.8855035,-12.848347,7.0675883,False
2018-09-01 06:25:00,-7.609999,91,-5,-8.77,-3.747988,-16.496645,2.19264,True,-13.34,0.47909704,-13.322331,6.7617564,False
2018-09-01 06:30:00,-7.4100003,91,-5,-9.29,-3.5400069,-16.414385,2.5040338,True,-13.43,0.7065465,-13.246642,7.085361,False
2018-09-01 06:35:00,-8.06,91,-6,-10.02,-4.2830195,-17.117151,1.8723484,True,-13.41,-0.13220246,-14.003647,6.3643336,True
2018-09-01 06:40:00,-8.16,91,-7,-11.34,-4.3619657,-17.179577,1.8223988,True,-14.04,-0.19044717,-14.017705,6.3393855,False
2018-09-01 06:45:00,-8.48,91,-7,-12.09,-4.7284026,-17.53697,1.5329663,True,-14.82,-0.60812026,-14.396189,6.007667,False
2018-09-01 06:50:00,-8.95,91,-8,-12.35,-5.29975,-18.149662,1.1009537,True,-15.37,-1.2833599,-15.080857,5.4663806,False
2018-09-01 06:55:00,-9.56,91,-7,-12.57,-5.8290772,-18.699871,0.60053223,True,-15.05,-1.7263931,-15.5146475,5.055879,True
2018-09-01 07:00:00,-9.83,91,-8,-12.17,-5.767897,-18.820591,0.65641755,True,-14.04,-1.3070797,-15.28332,5.449632,True
2018-09-01 07:05:00,-9.67,91,-7,-11.89,-5.439305,-18.65544,1.0638348,True,-13.61,-0.7854827,-14.943874,6.031366,True
2018-09-01 07:10:00,-8.91,91,-6,-12.34,-4.465795,-17.811304,2.0397108,True,-13.4,0.40909734,-13.890104,7.21516,True
2018-09-01 07:15:00,-9.02,91,-6,-12.63,-4.4795327,-18.04554,2.1734502,True,-13.59,0.5107152,-14.039555,7.443403,True
2018-09-01 07:20:00,-8.98,91,-6,-12.88,-4.3812222,-18.125237,2.4166486,True,-13.76,0.68709725,-14.082133,7.735996,True
2018-09-01 07:25:00,-8.77,91,-6,-13.34,-4.1596446,-17.954786,2.70804,True,-13.93,0.9244153,-13.916615,8.039158,False
2018-09-01 07:30:00,-9.29,91,-6,-13.43,-4.8119493,-18.662365,2.2390745,True,-14.42,0.14555328,-14.741971,7.4318023,True
2018-09-01 07:35:00,-10.02,91,-7,-13.41,-5.5858245,-19.44778,1.552507,True,-14.83,-0.66983825,-15.530208,6.7076926,True
2018-09-01 07:40:00,-11.34,91,-7,-14.04,-7.2122655,-20.952673,0.071866676,True,-15.11,-2.62163,-17.265678,4.9212966,True
2018-09-01 07:45:00,-12.09,91,-8,-14.82,-8.118885,-21.801119,-0.7501243,True,-15.07,-3.6987803,-18.22603,3.9365861,True
2018-09-01 07:50:00,-12.35,91,-8,-15.37,-8.521026,-22.161793,-1.0677246,True,-15.21,-4.2577147,-18.708618,3.4662168,True
2018-09-01 07:55:00,-12.57,91,-8,-15.05,-8.80373,-22.407877,-1.2984375,True,-15.44,-4.61235,-18.991503,3.1584337,True
2018-09-01 08:00:00,-12.17,91,-7,-14.04,-8.327416,-21.991915,-0.77721816,True,-15.66,-4.05092,-18.516766,3.7527826,True
2018-09-01 08:05:00,-11.89,91,-6,-13.61,-8.047522,-21.75289,-0.41396365,True,-15.18,-3.7698758,-18.281662,4.10057,True
2018-09-01 08:10:00,-12.34,91,-6,-13.4,-8.621509,-22.29793,-0.8801349,True,-14.06,-4.477143,-18.930267,3.5043447,True
2018-09-01 08:15:00,-12.63,91,-6,-13.59,-8.956873,-22.681992,-1.0954174,True,-13.8,-4.861652,-19.350735,3.224758,True
2018-09-01 08:20:00,-12.88,91,-6,-13.76,-9.226644,-23.002098,-1.2747597,True,-14.58,-5.1550946,-19.687336,3.0147836,True
2018-09-01 08:25:00,-13.34,91,-6,-13.93,-9.769646,-23.60333,-1.6914219,True,-14.58,-5.7869124,-20.360985,2.4947584,True
2018-09-01 08:30:00,-13.43,91,-6,-14.42,-9.882644,-23.751455,-1.7427772,True,-13.76,-5.9267287,-20.527185,2.4065073,True
2018-09-01 08:35:00,-13.41,91,-6,-14.83,-9.882356,-23.741705,-1.7039036,True,-13.13,-5.9495673,-20.524958,2.4132135,True
2018-09-01 08:40:00,-14.04,91,-7,-15.11,-10.558299,-24.415932,-2.3246253,True,-12.67,-6.676831,-21.215277,1.7358128,True
2018-09-01 08:45:00,-14.82,91,-8,-15.07,-11.435269,-25.256046,-3.1428206,True,-11.09,-7.6603,-22.11249,0.80628556,True
2018-09-01 08:50:00,-15.37,91,-9,-15.21,-11.878897,-25.74654,-3.5824263,True,-10.73,-7.9867587,-22.469732,0.4714524,True
2018-09-01 08:55:00,-15.05,91,-7,-15.44,-11.347611,-25.334133,-3.1107543,True,-10.56,-7.223389,-21.8543,1.1473423,True
2018-09-01 09:00:00,-14.04,91,-7,-15.66,-10.087316,-24.158821,-1.9381508,True,-10.659999,-5.6925025,-20.444506,2.5580652,True
2018-09-01 09:05:00,-13.61,91,-7,-15.18,-9.569273,-23.66107,-1.4521164,True,-10.52,-5.08036,-19.863825,3.1207044,True
2018-09-01 09:10:00,-13.4,91,-7,-14.06,-9.325766,-23.51675,-1.1355366,True,-7.3000007,-4.7972064,-19.692053,3.4509122,True
2018-09-01 09:15:00,-13.59,91,-6,-13.8,-9.606088,-23.807507,-1.3267959,True,-7.1700006,-5.1760716,-20.06481,3.1510713,True
2018-09-01 09:20:00,-13.76,91,-6,-14.58,-9.966437,-24.264444,-1.4680008,True,-6.769999,-5.7440133,-20.721136,2.7855794,True
2018-09-01 09:25:00,-13.93,91,-6,-14.58,-10.236315,-24.567715,-1.5928425,True,-6.07,-6.1242166,-21.118032,2.5423334,True
2018-09-01 09:30:00,-14.42,91,-6,-13.76,-10.916812,-25.159042,-2.1436331,True,-4.5800004,-7.017776,-21.87101,1.7817074,True
2018-09-01 09:35:00,-14.83,91,-7,-13.13,-11.585659,-25.728216,-2.664469,True,-4.85,-7.979878,-22.675955,0.97117585,True
2018-09-01 09:40:00,-15.11,91,-7,-12.67,-11.795186,-25.956905,-2.883711,True,-5.1200004,-8.118621,-22.810183,0.8097989,True
2018-09-01 09:45:00,-15.07,91,-6,-11.09,-11.634844,-25.958914,-2.679026,True,-5.2100005,-7.825376,-22.69084,1.1196095,True
2018-09-01 09:50:00,-15.21,91,-7,-10.73,-11.718593,-26.117624,-2.7423003,True,-5.0000005,-7.8484035,-22.788084,1.0947834,True
2018-09-01 09:55:00,-15.44,91,-7,-10.56,-11.921474,-26.211546,-3.035475,True,-4.6,-8.032582,-22.83042,0.81607217,True
2018-09-01 10:00:00,-15.66,91,-6,-10.659999,-12.074172,-26.412594,-3.1792624,True,-4.53,-8.117633,-22.946327,0.7246224,True
2018-09-01 10:05:00,-15.18,91,-6,-10.52,-11.424741,-25.957457,-2.4952471,True,-4.9500012,-7.2843614,-22.335848,1.5600315,True
2018-09-01 10:10:00,-14.06,91,-5,-7.3000007,-9.997429,-24.544924,-1.2881874,True,-5.28,-5.540501,-20.639566,3.0566328,True
2018-09-01 10:15:00,-13.8,91,-6,-7.1700006,-9.595247,-24.239876,-0.9526618,True,-5.11,-4.993896,-20.215815,3.5098188,True
2018-09-01 10:20:00,-14.58,91,-7,-6.769999,-11.0250845,-25.33474,-2.1605208,True,-6.5400004,-7.1335835,-21.938423,1.6215817,True
2018-09-01 10:25:00,-14.58,91,-5,-6.07,-11.453262,-25.555717,-2.3944933,True,-8.05,-8.038484,-22.603415,0.9174611,True
2018-09-01 10:30:00,-13.76,91,-6,-4.5800004,-10.673439,-24.783361,-1.5558285,True,-10.36,-7.315266,-21.915745,1.6809155,True
2018-09-01 10:35:00,-13.13,91,-5,-4.85,-9.879107,-24.05814,-0.8292888,True,-13.33,-6.3508344,-21.045626,2.5529459,True
2018-09-01 10:40:00,-12.67,91,-5,-5.1200004,-9.391679,-23.708994,-0.2812198,True,-16.06,-5.845245,-20.697365,3.097862,True
2018-09-01 10:45:00,-11.09,91,-5,-5.2100005,-8.0049,-22.410042,1.2185398,True,-16.24,-4.6900525,-19.652246,4.356664,True
2018-09-01 10:50:00,-10.73,91,-5,-5.0000005,-7.668775,-22.10927,1.5786206,True,-16.22,-4.3934016,-19.396235,4.662563,True
2018-09-01 10:55:00,-10.56,91,-6,-4.6,-7.377086,-21.88667,1.8401028,True,-15.37,-3.9850333,-19.086155,5.0179267,True
2018-09-01 11:00:00,-10.659999,91,-6,-4.53,-7.4428096,-21.978712,1.7504574,True,-14.48,-4.0155606,-19.13887,4.949577,True
2018-09-01 11:05:00,-10.52,91,-5,-4.9500012,-7.19566,-21.620813,1.847675,True,-13.64,-3.661116,-18.668756,5.1416144,True
2018-09-01 11:10:00,-7.3000007,91,-4,-5.28,-3.5162814,-18.370398,5.308597,True,-14.02,0.46544996,-15.134408,8.994793,True
2018-09-01 11:15:00,-7.1700006,91,-4,-5.11,-2.9741976,-17.99694,5.6923594,True,-13.84,1.428989,-14.396691,9.762592,True
2018-09-01 11:20:00,-6.769999,91,-4,-6.5400004,-2.204962,-17.431976,6.3166366,True,-13.69,2.5688245,-13.522359,10.721226,False
2018-09-01 11:25:00,-6.07,91,-3,-8.05,-1.064732,-16.547735,7.27782,True,-12.67,4.1375155,-12.295856,12.070076,False
2018-09-01 11:30:00,-4.5800004,91,-2,-10.36,0.94514626,-15.010806,9.106127,True,-11.11,6.6239123,-10.431825,14.319038,False
2018-09-01 11:35:00,-4.85,91,-3,-13.33,0.84993523,-15.06578,8.886158,True,-10.92,6.695583,-10.308647,14.252926,False
2018-09-01 11:40:00,-5.1200004,91,-3,-16.06,0.55386704,-15.135527,8.515503,False,-10.07,6.3697486,-10.356298,13.85643,True
2018-09-01 11:45:00,-5.2100005,91,-3,-16.24,0.5535142,-15.155898,8.45137,False,-11.3,6.442966,-10.307423,13.849075,False
2018-09-01 11:50:00,-5.0000005,91,-3,-16.22,0.6494424,-15.237342,8.580055,False,-10.0,6.4110827,-10.536578,13.833218,True
2018-09-01 11:55:00,-4.6,91,-3,-15.37,1.1271569,-15.59201,9.208588,True,-9.06,6.941543,-10.967369,14.454926,True
2018-09-01 12:00:00,-4.53,91,-2,-14.48,0.85282487,-16.263792,9.161354,True,-9.35,6.327558,-11.97113,14.057034,True
2018-09-01 12:05:00,-4.9500012,91,-1,-13.64,0.11900298,-16.94645,8.517452,True,-10.7,5.2765803,-12.889776,13.113064,True
2018-09-01 12:10:00,-5.28,91,-1,-14.02,-0.4271339,-17.374954,8.036856,True,-12.34,4.507873,-13.465853,12.420258,True
2018-09-01 12:15:00,-5.11,91,0,-13.84,-0.524483,-17.000816,7.8881164,True,-12.74,4.126905,-13.280474,12.019663,True
2018-09-01 12:20:00,-6.5400004,91,-1,-13.69,-2.2844946,-18.020985,6.1068873,True,-12.47,2.047428,-14.458597,9.956116,True
2018-09-01 12:25:00,-8.05,91,-2,-12.67,-4.156159,-19.410578,4.292024,True,-12.1,-0.18150552,-16.065916,7.812526,True
2018-09-01 12:30:00,-10.36,91,-3,-11.11,-7.2068534,-21.842606,1.4704643,True,-12.49,-3.976701,-19.041748,4.302501,True
2018-09-01 12:35:00,-13.33,91,-5,-10.92,-10.9312525,-24.770538,-2.0507567,True,-13.03,-8.470235,-22.543894,0.06668632,True
2018-09-01 12:40:00,-16.06,91,-7,-10.07,-14.299069,-27.602194,-5.1352134,True,-13.64,-12.491432,-25.90153,-3.634987,True
2018-09-01 12:45:00,-16.24,91,-7,-11.3,-14.713588,-27.834698,-5.4574428,True,-13.34,-13.154047,-26.344507,-4.1981387,True
2018-09-01 12:50:00,-16.22,91,-8,-10.0,-14.756364,-27.809853,-5.50022,True,-12.91,-13.267189,-26.374414,-4.3172364,True
2018-09-01 12:55:00,-15.37,91,-7,-9.06,-13.84964,-26.834627,-4.719911,True,-11.63,-12.312557,-25.356358,-3.4998114,True
2018-09-01 13:00:00,-14.48,91,-6,-9.35,-12.773137,-25.735962,-3.8535511,True,-11.78,-11.054597,-24.095512,-2.471081,True
2018-09-01 13:05:00,-13.64,91,-7,-10.7,-11.794202,-24.83775,-3.0238535,True,-11.03,-9.942453,-23.084856,-1.5281166,True
2018-09-01 13:10:00,-14.02,91,-7,-12.34,-11.938104,-24.860476,-3.4538462,True,-11.4,-9.843017,-22.872477,-1.7299064,True
2018-09-01 13:15:00,-13.84,91,-7,-12.74,-11.393089,-24.514734,-3.208975,True,-11.48,-8.926091,-22.187067,-1.1472381,True
2018-09-01 13:20:00,-13.69,91,-7,-12.47,-10.925398,-24.266188,-2.944897,True,-12.16,-8.136418,-21.650635,-0.58968,True
2018-09-01 13:25:00,-12.67,91,-6,-12.1,-9.788524,-23.132858,-1.9633888,True,-11.71,-6.8916,-20.428497,0.48156896,True
2018-09-01 13:30:00,-11.11,91,-5,-12.49,-7.89442,-21.382898,-0.27995905,True,-10.84,-4.678766,-18.416662,2.4505804,True
2018-09-01 13:35:00,-10.92,91,-4,-13.03,-7.3559747,-20.936716,0.10458343,True,-10.63,-3.7983172,-17.66159,3.1529386,True
2018-09-01 13:40:00,-10.07,91,-6,-13.64,-6.2582173,-20.013521,1.0529038,True,-10.57,-2.4683344,-16.548994,4.3062205,True
2018-09-01 13:45:00,-11.3,91,-6,-13.34,-7.40935,-21.23788,-0.12642892,True,-11.42,-3.5298235,-17.656757,3.1993654,True
2018-09-01 13:50:00,-10.0,91,-6,-12.91,-6.1088595,-20.029718,1.0871865,True,-11.25,-2.2526095,-16.498285,4.3751636,True
2018-09-01 13:55:00,-9.06,91,-6,-11.63,-5.4019628,-19.149168,1.6881062,True,-11.15,-1.7956604,-15.845305,4.7257876,True
2018-09-01 14:00:00,-9.35,91,-5,-11.78,-5.9141593,-19.376537,1.1068207,True,-11.1,-2.528906,-16.23989,3.9303892,True
2018-09-01 14:05:00,-10.7,91,-7,-11.03,-7.45488,-20.643871,-0.4664882,True,-11.07,-4.248668,-17.621483,2.1826952,True
2018-09-01 14:10:00,-12.34,91,-8,-11.4,-9.278909,-22.357407,-2.2223094,True,-12.25,-6.243605,-19.44903,0.24996154,True
2018-09-01 14:15:00,-12.74,91,-8,-11.48,-9.774179,-22.880142,-2.6883013,True,-11.45,-6.8347926,-20.04866,-0.31634364,True
2018-09-01 14:20:00,-12.47,91,-8,-12.16,-9.515923,-22.669806,-2.4529307,True,-11.72,-6.596395,-19.8506,-0.11539872,True
2018-09-01 14:25:00,-12.1,91,-8,-11.71,-9.16763,-22.443138,-2.0968401,True,-11.32,-6.27854,-19.655684,0.20173423,True
2018-09-01 14:30:00,-12.49,91,-8,-10.84,-9.600555,-22.93378,-2.5052817,True,-11.19,-6.7548804,-20.171524,-0.26015124,True
2018-09-01 14:35:00,-13.03,91,-9,-10.63,-10.260644,-23.605839,-3.092049,True,-10.82,-7.5319915,-20.929502,-0.9681285,True
2018-09-01 14:40:00,-13.64,91,-10,-10.57,-11.088222,-24.434288,-3.7900918,True,-9.93,-8.57651,-21.934643,-1.8823837,True
2018-09-01 14:45:00,-13.34,91,-10,-11.42,-10.908418,-24.280651,-3.5766108,True,-9.270001,-8.525729,-21.890692,-1.8002895,True
2018-09-01 14:50:00,-12.91,91,-10,-11.25,-10.675511,-23.94285,-3.3505366,True,-9.25,-8.499607,-21.729025,-1.7760319,True
2018-09-01 14:55:00,-11.63,91,-11,-11.15,-9.527621,-22.811737,-2.2456076,True,-8.29,-7.5022454,-20.7416,-0.81253654,True
2018-09-01 15:00:00,-11.78,91,-11,-11.1,-9.818918,-23.050304,-2.4918005,True,-7.68,-7.937796,-21.093637,-1.2024254,True
2018-09-01 15:05:00,-11.03,91,-10,-11.07,-9.304509,-22.569565,-1.9095367,True,-8.82,-7.670298,-20.823124,-0.86024696,True
2018-09-01 15:10:00,-11.4,91,-10,-12.25,-9.908337,-23.111137,-2.3888018,True,-9.26,-8.50657,-21.551424,-1.5594982,True
2018-09-01 15:15:00,-11.48,91,-10,-11.45,-10.177645,-23.302164,-2.5772822,True,-8.489999,-8.964903,-21.895144,-1.9260257,True
2018-09-01 15:20:00,-12.16,91,-11,-11.72,-11.0172205,-24.008081,-3.340071,True,-9.38,-9.957947,-22.720203,-2.8328974,True
2018-09-01 15:25:00,-11.71,91,-11,-11.32,-10.629812,-23.613256,-2.974024,True,-10.620001,-9.637945,-22.375101,-2.5352767,True
2018-09-01 15:30:00,-10.84,91,-11,-11.19,-9.858717,-22.853859,-2.2448714,True,-10.63,-8.972227,-21.705639,-1.901215,True
2018-09-01 15:35:00,-10.63,91,-10,-10.82,-9.705062,-22.746239,-2.0728133,True,-11.21,-8.877809,-21.6379,-1.7888511,True
2018-09-01 15:40:00,-10.57,91,-11,-9.93,-9.591393,-22.69956,-1.9756874,True,-11.43,-8.710383,-21.53865,-1.6415638,True
2018-09-01 15:45:00,-11.42,91,-11,-9.270001,-10.447822,-23.450445,-2.8113616,True,-11.52,-9.565261,-22.283234,-2.4705489,True
2018-09-01 15:50:00,-11.25,91,-11,-9.25,-10.235558,-23.230995,-2.6737921,True,-11.55,-9.312521,-22.02557,-2.2945807,True
2018-09-01 15:55:00,-11.15,91,-11,-8.29,-10.152916,-23.090055,-2.6408865,True,-12.04,-9.247205,-21.895716,-2.2767642,True
2018-09-01 16:00:00,-11.1,91,-12,-7.68,-10.256721,-23.02857,-2.7813284,True,-11.23,-9.500743,-21.961283,-2.5512393,True
2018-09-01 16:05:00,-11.07,91,-12,-8.82,-10.29589,-22.922522,-2.899399,True,-11.22,-9.605774,-21.908321,-2.7293131,True
2018-09-01 16:10:00,-12.25,91,-12,-9.26,-11.553411,-23.862278,-4.1856093,True,-11.56,-10.927095,-22.903172,-4.0691066,True
2018-09-01 16:15:00,-11.45,91,-12,-8.489999,-10.791742,-23.00898,-3.5531619,True,-11.38,-10.206496,-22.085325,-3.4729254,True
2018-09-01 16:20:00,-11.72,91,-12,-9.38,-11.152006,-23.197437,-3.9474633,True,-11.31,-10.649817,-22.34631,-3.9380887,True
2018-09-01 16:25:00,-11.32,91,-12,-10.620001,-10.876381,-22.820704,-3.7196105,True,-11.3,-10.494457,-22.073683,-3.8158696,True
2018-09-01 16:30:00,-11.19,91,-13,-10.63,-10.825385,-22.705296,-3.6892169,True,-10.71,-10.518101,-22.01896,-3.8525069,True
2018-09-01 16:35:00,-10.82,91,-12,-11.21,-10.452103,-22.326382,-3.3975394,True,-10.3,-10.140068,-21.637362,-3.5499957,True
2018-09-01 16:40:00,-9.93,91,-12,-11.43,-9.5161,-21.446762,-2.5947077,True,-11.12,-9.161607,-20.723269,-2.7009203,True
2018-09-01 16:45:00,-9.270001,91,-12,-11.52,-8.73078,-20.666533,-1.9696544,True,-11.44,-8.255217,-19.842018,-1.9608749,True
2018-09-01 16:50:00,-9.25,91,-12,-11.55,-8.582978,-20.473312,-1.9809173,True,-12.05,-7.9806895,-19.549423,-1.8433956,True
2018-09-01 16:55:00,-8.29,91,-12,-12.04,-7.5579123,-19.474442,-1.1156219,True,-12.28,-6.8970056,-18.50274,-0.92054206,True
2018-09-01 17:00:00,-7.68,91,-12,-11.23,-6.7830625,-18.85282,-0.45008883,True,-12.93,-5.965595,-17.748549,-0.10591157,True
2018-09-01 17:05:00,-8.82,91,-13,-11.22,-7.8425164,-19.781178,-1.5057491,True,-13.88,-6.9369025,-18.60696,-1.0696186,True
2018-09-01 17:10:00,-9.26,91,-13,-11.56,-8.287578,-20.20339,-1.9190773,True,-13.55,-7.3821445,-19.02623,-1.4802517,True
2018-09-01 17:15:00,-8.489999,91,-13,-11.38,-7.5329175,-19.642046,-1.1498626,True,-14.2,-6.6443725,-18.476667,-0.72308,True
2018-09-01 17:20:00,-9.38,91,-13,-11.31,-8.41693,-20.335365,-2.000643,True,-14.9,-7.513016,-19.159111,-1.5542072,True
2018-09-01 17:25:00,-10.620001,91,-13,-11.3,-9.654198,-21.422182,-3.1434653,True,-14.71,-8.737145,-20.2308,-2.682955,True
2018-09-01 17:30:00,-10.63,91,-13,-10.71,-9.706122,-21.45766,-3.1431067,True,-13.31,-8.825344,-20.298967,-2.7093165,True
2018-09-01 17:35:00,-11.21,91,-13,-10.3,-10.288708,-21.842865,-3.6854136,True,-10.24,-9.402063,-20.682692,-3.2396624,True
2018-09-01 17:40:00,-11.43,91,-13,-11.12,-10.523566,-22.043026,-3.8729126,True,-10.53,-9.646375,-20.889528,-3.432463,True
2018-09-01 17:45:00,-11.52,91,-12,-11.44,-10.623918,-22.162271,-3.9185812,True,-9.35,-9.753247,-21.016457,-3.47707,True
2018-09-01 17:50:00,-11.55,91,-12,-12.05,-10.683905,-22.243757,-3.8904974,True,-8.36,-9.838107,-21.113575,-3.4719393,True
2018-09-01 17:55:00,-12.04,91,-12,-12.28,-11.151012,-22.688465,-4.2600064,True,-9.74,-10.278839,-21.538233,-3.8099205,True
2018-09-01 18:00:00,-11.23,91,-11,-12.93,-10.355776,-21.960798,-3.4710333,True,-11.1,-9.4983635,-20.828333,-3.0261157,True
2018-09-01 18:05:00,-11.22,91,-11,-13.88,-10.315671,-21.993013,-3.4014094,True,-12.95,-9.427077,-20.829609,-2.9268763,True
2018-09-01 18:10:00,-11.56,91,-11,-13.55,-10.727274,-22.475542,-3.7058718,True,-14.19,-9.903959,-21.368505,-3.2830832,True
2018-09-01 18:15:00,-11.38,91,-11,-14.2,-10.685703,-22.503052,-3.5824358,True,-15.79,-9.992054,-21.506481,-3.2702696,True
2018-09-01 18:20:00,-11.31,91,-10,-14.9,-10.795514,-22.542667,-3.5825198,True,-17.49,-10.267244,-21.678858,-3.4196455,True
2018-09-01 18:25:00,-11.3,91,-11,-14.71,-10.875346,-22.475786,-3.559868,True,-18.28,-10.42679,-21.685019,-3.4612124,True
2018-09-01 18:30:00,-10.71,91,-10,-13.31,-10.396762,-21.930246,-3.0797713,True,-19.03,-10.049852,-21.225979,-3.0686705,True
2018-09-01 18:35:00,-10.3,91,-9,-10.24,-10.00245,-21.630787,-2.7329047,True,-19.34,-9.668024,-20.935148,-2.72798,True
2018-09-01 18:40:00,-11.12,91,-9,-10.53,-10.781245,-22.387522,-3.4377692,True,-20.46,-10.4016285,-21.654758,-3.386698,True
2018-09-01 18:45:00,-11.44,91,-9,-9.35,-11.155152,-22.594894,-3.7468789,True,-20.49,-10.820036,-21.902908,-3.731971,True
2018-09-01 18:50:00,-12.05,91,-10,-8.36,-11.703138,-23.002703,-4.245731,True,-20.3,-11.30442,-22.26782,-4.1660924,True
2018-09-01 18:55:00,-12.28,91,-9,-9.74,-11.907593,-23.05589,-4.435907,True,-19.13,-11.480001,-22.30272,-4.326059,True
2018-09-01 19:00:00,-12.93,91,-10,-11.1,-12.401863,-23.39834,-4.94027,True,-18.27,-11.823281,-22.52322,-4.6923423,True
2018-09-01 19:05:00,-13.88,91,-10,-12.95,-13.257293,-24.04373,-5.7559114,True,-17.41,-12.586259,-23.101763,-5.4175553,True
2018-09-01 19:10:00,-13.55,91,-9,-14.19,-12.975977,-23.60554,-5.5225606,True,-16.21,-12.346512,-22.70567,-5.217838,True
2018-09-01 19:15:00,-14.2,91,-8,-15.79,-13.565699,-24.03407,-6.0327086,True,-16.15,-12.876342,-23.089266,-5.669313,True
2018-09-01 19:20:00,-14.9,91,-8,-17.49,-14.320821,-24.553802,-6.611297,True,-16.06,-13.677031,-23.653326,-6.284452,True
2018-09-01 19:25:00,-14.71,91,-8,-18.28,-14.119186,-24.216085,-6.412516,True,-16.36,-13.461836,-23.310902,-6.0687633,True
2018-09-01 19:30:00,-13.31,91,-7,-19.03,-12.7488165,-22.811125,-5.248052,True,-16.36,-12.117082,-21.935978,-4.9228787,True
2018-09-01 19:35:00,-10.24,91,-7,-19.34,-9.582426,-19.969114,-2.5044234,True,-16.31,-8.864896,-19.029213,-2.0947707,True
2018-09-01 19:40:00,-10.53,91,-7,-20.46,-9.518101,-19.927404,-2.6408732,False,-16.51,-8.476617,-18.72865,-1.9294704,True
2018-09-01 19:45:00,-9.35,91,-7,-20.49,-7.9728856,-18.729858,-1.3547462,False,-16.61,-6.5979457,-17.25759,-0.33701357,True
2018-09-01 19:50:00,-8.36,91,-7,-20.3,-6.572088,-17.814342,-0.15384705,False,-16.49,-4.8234086,-16.04053,1.2065216,False
2018-09-01 19:55:00,-9.74,91,-7,-19.13,-7.4857717,-18.75241,-1.1205143,False,-16.59,-5.306065,-16.617273,0.6313645,True
2018-09-01 20:00:00,-11.1,91,-7,-18.27,-8.357098,-19.673304,-2.0465777,True,-16.65,-5.7237973,-17.154964,0.11829536,True
2018-09-01 20:05:00,-12.95,91,-7,-17.41,-9.700731,-21.03514,-3.360676,True,-16.9,-6.593496,-18.097662,-0.7685798,True
2018-09-01 20:10:00,-14.19,91,-7,-16.21,-10.704309,-21.865524,-4.368068,True,-17.05,-7.3713727,-18.721207,-1.5688556,True
2018-09-01 20:15:00,-15.79,91,-7,-16.15,-12.14549,-23.095451,-5.7235312,True,-16.73,-8.657237,-19.794052,-2.7849925,True
2018-09-01 20:20:00,-17.49,91,-7,-16.06,-13.871121,-24.543255,-7.266722,True,-15.77,-10.401119,-21.242352,-4.3423953,True
2018-09-01 20:25:00,-18.28,91,-9,-16.36,-14.776615,-25.318327,-7.958732,True,-15.41,-11.409744,-22.107506,-5.1278853,True
2018-09-01 20:30:00,-19.03,91,-8,-16.36,-15.663401,-26.116701,-8.552355,True,-14.83,-12.420904,-23.0141,-5.8340917,True
2018-09-01 20:35:00,-19.34,91,-9,-16.31,-16.370659,-26.483355,-9.025816,True,-13.44,-13.496539,-23.713583,-6.6342015,True
2018-09-01 20:40:00,-20.46,91,-9,-16.51,-17.661211,-27.522974,-10.035607,True,-13.059999,-14.9474125,-24.89098,-7.7880197,True
2018-09-01 20:45:00,-20.49,91,-9,-16.61,-17.833542,-27.61379,-10.02675,True,-12.07,-15.253485,-25.112993,-7.893516,True
2018-09-01 20:50:00,-20.3,91,-9,-16.49,-17.705254,-27.45736,-9.7918415,True,-11.03,-15.182828,-25.018494,-7.706223,True
2018-09-01 20:55:00,-19.13,91,-8,-16.59,-16.626202,-26.509026,-8.688935,True,-10.9,-14.183794,-24.159517,-6.6715817,True
2018-09-01 21:00:00,-18.27,91,-7,-16.65,-15.784126,-25.829994,-7.777571,True,-8.81,-13.354892,-23.507477,-5.769716,True
2018-09-01 21:05:00,-17.41,91,-7,-16.9,-14.908778,-25.136517,-6.8428607,True,-7.219999,-12.459984,-22.810617,-4.817431,True
2018-09-01 21:10:00,-16.21,91,-6,-17.05,-13.54741,-24.081223,-5.516813,True,-5.93,-10.947649,-21.646439,-3.355282,True
2018-09-01 21:15:00,-16.15,91,-6,-16.73,-13.384871,-23.824951,-5.402924,True,-5.5000005,-10.694969,-21.324272,-3.1532023,True
2018-09-01 21:20:00,-16.06,91,-5,-15.77,-13.205644,-23.43029,-5.4687867,True,-5.889999,-10.435554,-20.868828,-3.1379168,True
2018-09-01 21:25:00,-16.36,91,-5,-15.41,-13.381205,-23.479797,-5.73797,True,-5.8699994,-10.499489,-20.824383,-3.3015883,True
2018-09-01 21:30:00,-16.36,91,-5,-14.83,-13.447497,-23.434355,-5.7923255,True,-5.28,-10.625329,-20.835579,-3.4062483,True
2018-09-01 21:35:00,-16.31,91,-5,-13.44,-13.341111,-23.344065,-5.5757136,True,-5.8300014,-10.467756,-20.712477,-3.1410697,True
2018-09-01 21:40:00,-16.51,91,-5,-13.059999,-13.605714,-23.528841,-5.6448236,True,-7.7500005,-10.794512,-20.962933,-3.2605708,True
2018-09-01 21:45:00,-16.61,91,-5,-12.07,-13.762405,-23.577936,-5.7053075,True,-9.09,-11.006261,-21.067717,-3.365389,True
2018-09-01 21:50:00,-16.49,91,-5,-11.03,-13.630225,-23.382286,-5.54439,True,-9.720001,-10.867281,-20.874416,-3.1932566,True
2018-09-01 21:55:00,-16.59,91,-5,-10.9,-13.653176,-23.337305,-5.6069293,True,-11.16,-10.82449,-20.777119,-3.1916106,True
2018-09-01 22:00:00,-16.65,91,-5,-8.81,-13.569173,-23.234818,-5.636336,True,-11.24,-10.609978,-20.566399,-3.1003249,True
2018-09-01 22:05:00,-16.9,91,-5,-7.219999,-13.678169,-23.297562,-5.8923116,True,,,,,False
2018-09-01 22:10:00,-17.05,91,-6,-5.93,-13.4330845,-23.184443,-5.8021655,True,,,,,False
2018-09-01 22:15:00,-16.73,91,-5,-5.5000005,-12.924137,-22.691038,-5.563293,False,,,,,False
2018-09-01 22:20:00,-15.77,91,-5,-5.889999,-11.87905,-21.705912,-4.8600135,True,,,,,False
2018-09-01 22:25:00,-15.41,91,-5,-5.8699994,-11.591574,-21.337725,-4.753177,True,,,,,False
2018-09-01 22:30:00,-14.83,91,-5,-5.28,-10.9960165,-20.774885,-4.2833934,True,,,,,False
2018-09-01 22:35:00,-13.44,91,-5,-5.8300014,-9.656656,-19.534065,-3.1235602,True,,,,,False
2018-09-01 22:40:00,-13.059999,91,-5,-7.7500005,-9.436572,-19.221006,-2.945099,True,,,,,False
2018-09-01 22:45:00,-12.07,91,-5,-9.09,-8.445534,-18.349838,-2.0397627,True,,,,,False
2018-09-01 22:50:00,-11.03,91,-6,-9.720001,-7.2704015,-17.455763,-0.83504325,True,,,,,False
2018-09-01 22:55:00,-10.9,91,-6,-11.16,-6.9929214,-17.272558,-0.5372947,True,,,,,False
2018-09-01 23:00:00,-8.81,91,-6,-11.24,-4.9400973,-15.510032,1.3665138,True,,,,,False
2018-09-01 23:05:00,-7.219999,91,-6,,,,,False,,,,,False
2018-09-01 23:10:00,-5.93,91,-7,,,,,False,,,,,False
2018-09-01 23:15:00,-5.5000005,91,-7,,,,,False,,,,,False
2018-09-01 23:20:00,-5.889999,91,-7,,,,,False,,,,,False
2018-09-01 23:25:00,-5.8699994,91,-7,,,,,False,,,,,False
2018-09-01 23:30:00,-5.28,91,-6,,,,,False,,,,,False
2018-09-01 23:35:00,-5.8300014,91,-6,,,,,False,,,,,False
2018-09-01 23:40:00,-7.7500005,91,-7,,,,,False,,,,,False
2018-09-01 23:45:00,-9.09,91,-7,,,,,False,,,,,False
2018-09-01 23:50:00,-9.720001,91,-7,,,,,False,,,,,False
2018-09-01 23:55:00,-11.16,91,-8,,,,,False,,,,,False
