DATETIME,DATETIME_UT,H_VALUE,SPLINE,BASELINE,LDi,LCi
2024-05-20 00:00:00,2024-05-19 14:23:00,26220.999005806396,0.0,26231.338438146435,-10.339432340038911,-0.7145578389013343
2024-05-20 00:01:00,2024-05-19 14:24:00,26220.391575369347,-0.00025814286449326094,26231.33840471908,-10.946571206869395,-0.4997198947596333
2024-05-20 00:02:00,2024-05-19 14:25:00,26219.998470911476,-0.0010282510753022577,26231.33837129211,-11.338872129558178,-0.3475645245027046
2024-05-20 00:03:00,2024-05-19 14:26:00,26219.6943337656,-0.0023038440584229936,26231.338337865534,-11.641700255874804,-0.40141369069494903
2024-05-20 00:04:00,2024-05-19 14:27:00,26219.192526487157,-0.0040784412398514715,26231.338304439345,-12.141699510948076,-0.4454012599585102
2024-05-20 00:05:00,2024-05-19 14:28:00,26218.799422675707,-0.006345562045583696,26231.338271013545,-12.532502775791825,-0.39356711770580866
2024-05-20 00:06:00,2024-05-19 14:29:00,26218.400305115872,-0.009098725901615668,26231.338237588134,-12.928833746359693,-0.4501330578492828
2024-05-20 00:07:00,2024-05-19 14:30:00,26217.893103819384,-0.012331452233943392,26231.33820416311,-13.43276889149039,-0.5496440942133249
2024-05-20 00:08:00,2024-05-19 14:31:00,26217.29401154322,-0.01603726046856287,26231.338170738476,-14.028121934786343,-0.2955736047431259
2024-05-20 00:09:00,2024-05-19 14:32:00,26217.29401154322,-0.02020967003147011,26231.33813731423,-14.023916100976642,-0.14230800936819055
2024-05-20 00:10:00,2024-05-19 14:33:00,26217.0005237365,-0.024842200348661112,26231.33810389037,-14.312737953522724,-0.046032985768489354
2024-05-20 00:11:00,2024-05-19 14:34:00,26217.192160023544,-0.029928370846131872,26231.338070466903,-14.11598207251362,-0.045240929573895805
2024-05-20 00:12:00,2024-05-19 14:35:00,26216.899355530204,-0.03546170094987841,26231.338037043824,-14.403219812670516,-0.1903784350420734
2024-05-20 00:13:00,2024-05-19 14:36:00,26216.799828968447,-0.04143571008589672,26231.33800362113,-14.496738942597768,0.15601917317717895
2024-05-20 00:14:00,2024-05-19 14:37:00,26217.198944814834,-0.0478439176801828,26231.33797019883,-14.091181466316158,0.30466252679316064
2024-05-20 00:15:00,2024-05-19 14:38:00,26217.395843044746,-0.05467984315873266,26231.337936776916,-13.887413889011446,0.05611159957390299
2024-05-20 00:16:00,2024-05-19 14:39:00,26217.297008082278,-0.0619370059475423,26231.337903355394,-13.978958267168352,-0.08979477421956705
2024-05-20 00:17:00,2024-05-19 14:40:00,26217.201257571334,-0.06960892547260772,26231.337869934257,-14.06700343745058,-0.24183455284670252
2024-05-20 00:18:00,2024-05-19 14:41:00,26216.79752001949,-0.07768912115992493,26231.33783651351,-14.462627372861757,-0.29696788410224606
2024-05-20 00:19:00,2024-05-19 14:42:00,26216.590692775062,-0.08617111243548994,26231.337803093153,-14.660939205655072,-0.3414006653005561
2024-05-20 00:20:00,2024-05-19 14:43:00,26216.097292551,-0.09504841872529873,26231.337769673188,-15.14542870346287,-0.48776056870598516
2024-05-20 00:21:00,2024-05-19 14:44:00,26215.596961351082,-0.10431455945534734,26231.337736253605,-15.636460343067043,-0.2923685483235898
2024-05-20 00:22:00,2024-05-19 14:45:00,26215.493573980253,-0.11396305405163173,26231.337702834415,-15.730165800110049,-0.0889607379550954
2024-05-20 00:23:00,2024-05-19 14:46:00,26215.399300174697,-0.12398742194014795,26231.337669415614,-15.814381818977234,-0.19124157201715075
2024-05-20 00:24:00,2024-05-19 14:47:00,26215.090605870508,-0.13438118254689196,26231.3376359972,-16.11264894414435,-0.2414576539571014
2024-05-20 00:25:00,2024-05-19 14:48:00,26214.89516759699,-0.14513785529785977,26231.33760257918,-16.297297126891436,-0.23616331036296145
2024-05-20 00:26:00,2024-05-19 14:49:00,26214.596342637054,-0.1562509596190474,26231.337569161544,-16.584975564870273,-0.14074709673461427
2024-05-20 00:27:00,2024-05-19 14:50:00,26214.591030409,-0.16771401493645088,26231.337535744296,-16.578791320360665,-0.03774748244283366
2024-05-20 00:28:00,2024-05-19 14:51:00,26214.49751125701,-0.17952054067606615,26231.337502327442,-16.66047052975594,-0.084140945350903
2024-05-20 00:29:00,2024-05-19 14:52:00,26214.398731643647,-0.19166405626388924,26231.337468910973,-16.74707321106247,0.11347814363391784
2024-05-20 00:30:00,2024-05-19 14:53:00,26214.699783171276,-0.20413808112591614,26231.33743549489,-16.433514242488105,0.2133450154294838
2024-05-20 00:31:00,2024-05-19 14:54:00,26214.800082764315,-0.21693613468814288,26231.337402079207,-16.320383180203503,0.008408555287255481
2024-05-20 00:32:00,2024-05-19 14:55:00,26214.690619795612,-0.23005173637656548,26231.337368663902,-16.416697131913594,-0.14099270021231192
2024-05-20 00:33:00,2024-05-19 14:56:00,26214.49148826275,-0.2434784056171799,26231.337335248994,-16.602368580628127,-0.03352620183209076
2024-05-20 00:34:00,2024-05-19 14:57:00,26214.596342637054,-0.2572096618359822,26231.33730183447,-16.483749535577775,0.06634091090145589
2024-05-20 00:35:00,2024-05-19 14:58:00,26214.596342637054,-0.2712390244589683,26231.33726842034,-16.469686758825215,-0.035207100545557424
2024-05-20 00:36:00,2024-05-19 14:59:00,26214.49751125701,-0.28556001291213423,26231.33723500659,-16.55416373666889,-0.18883344475044694
2024-05-20 00:37:00,2024-05-19 15:00:00,26214.189681798292,-0.3001661466214761,26231.33720159324,-16.84735364832611,-0.13612272760527055
2024-05-20 00:38:00,2024-05-19 15:01:00,26214.19570804338,-0.31505094501298975,26231.33716818027,-16.82640919187943,-0.03245732111419386
2024-05-20 00:39:00,2024-05-19 15:02:00,26214.094658549628,-0.33020792751267125,26231.337134767695,-16.912268290554497,-0.08616098650138504
2024-05-20 00:40:00,2024-05-19 15:03:00,26213.99273957708,-0.34563061354651664,26231.337101355508,-16.9987311648822,0.017865817614795887
2024-05-20 00:41:00,2024-05-19 15:04:00,26214.099218765845,-0.3613125225405218,26231.33706794371,-16.876536655324905,0.11620586859575077
2024-05-20 00:42:00,2024-05-19 15:05:00,26214.19346793069,-0.37724717392068297,26231.337034532302,-16.7663194276907,-0.03406535888278839
2024-05-20 00:43:00,2024-05-19 15:06:00,26213.998905661076,-0.393428087112996,26231.33700112128,-16.944667373090482,-0.18021411375710628
2024-05-20 00:44:00,2024-05-19 15:07:00,26213.800371273905,-0.4098487815434567,26231.336967710653,-17.126747655204912,-0.18719349359621873
2024-05-20 00:45:00,2024-05-19 15:08:00,26213.591377163488,-0.4265027766380616,26231.33693430041,-17.31905436028292,-0.13637348253114112
2024-05-20 00:46:00,2024-05-19 15:09:00,26213.49402267847,-0.4433835918228061,26231.33690089056,-17.399494620267195,-0.18217513247874173
2024-05-20 00:47:00,2024-05-19 15:10:00,26213.192978109328,-0.46048474652368665,26231.33686748109,-17.683404625240403,-0.08047983559044525
2024-05-20 00:48:00,2024-05-19 15:11:00,26213.298580020408,-0.4777997601666991,26231.336834072023,-17.560454291448085,0.12121260974813097
2024-05-20 00:49:00,2024-05-19 15:12:00,26213.400499105413,-0.49532215217783926,26231.336800663335,-17.44097940574414,0.017287748459251517
2024-05-20 00:50:00,2024-05-19 15:13:00,26213.297843018532,-0.5130454419831034,26231.336767255045,-17.525878794529582,-0.1334027638545976
2024-05-20 00:51:00,2024-05-19 15:14:00,26213.097985764674,-0.5309631490084875,26231.336733847136,-17.707784933453336,0.015838832430143057
2024-05-20 00:52:00,2024-05-19 15:15:00,26213.293430517275,-0.5490687926799874,26231.336700439624,-17.494201129669296,0.41663002851218245
2024-05-20 00:53:00,2024-05-19 15:16:00,26213.89478626364,-0.5673558924235993,26231.336667032494,-16.87452487642897,0.5688772113860754
2024-05-20 00:54:00,2024-05-19 15:17:00,26214.394368951194,-0.5858179676653191,26231.336633625757,-16.356446706897145,0.2189591984490864
2024-05-20 00:55:00,2024-05-19 15:18:00,26214.29554520205,-0.6044485378311426,26231.336600219413,-16.4366064795308,0.017644417301490023
2024-05-20 00:56:00,2024-05-19 15:19:00,26214.39216781881,-0.6232411223470663,26231.33656681345,-16.321157872294165,0.01780353396396528
2024-05-20 00:57:00,2024-05-19 15:20:00,26214.293344755642,-0.6421892406390857,26231.336533407884,-16.400999411602868,-0.08057717163230471
2024-05-20 00:58:00,2024-05-19 15:21:00,26214.19290137501,-0.6612864121331972,26231.3365000027,-16.482312215558775,-0.1271949170672073
2024-05-20 00:59:00,2024-05-19 15:22:00,26214.00055119592,-0.6805261562553966,26231.336466597913,-16.655389245737283,-0.17949109636924732
2024-05-20 01:00:00,2024-05-19 15:23:00,26213.795236792783,-0.6999019924316797,26231.33643319351,-16.84129440829727,-0.2827530681948449
2024-05-20 01:01:00,2024-05-19 15:24:00,26213.39609696729,-0.719407440088043,26231.336399789507,-17.220895382126972,-0.38263412398498
2024-05-20 01:02:00,2024-05-19 15:25:00,26212.990767710962,-0.7390360186504821,26231.33636638588,-17.60656265626723,-0.23044432939390092
2024-05-20 01:03:00,2024-05-19 15:26:00,26212.89576769419,-0.7587812475449931,26231.33633298265,-17.681784040914774,0.12359219035681868
2024-05-20 01:04:00,2024-05-19 15:27:00,26213.198284658054,-0.7786366461975722,26231.336299579805,-17.359378275553592,0.36819148880787544
2024-05-20 01:05:00,2024-05-19 15:28:00,26213.59226938002,-0.7985957340342151,26231.336266177354,-16.945401063299023,0.320065364618797
2024-05-20 01:06:00,2024-05-19 15:29:00,26213.79833319849,-0.818652030480918,26231.336232775287,-16.719247546315998,0.07110845384575093
2024-05-20 01:07:00,2024-05-19 15:30:00,26213.694216163047,-0.8387990549636768,26231.336199373618,-16.80318415560752,0.021410832221544496
2024-05-20 01:08:00,2024-05-19 15:31:00,26213.800709763553,-0.8590303269084876,26231.336165972334,-16.67642588187291,0.1678178912633026
2024-05-20 01:09:00,2024-05-19 15:32:00,26213.989244832614,-0.8793393657413464,26231.336132571436,-16.467548373080916,0.21885321760899146
2024-05-20 01:10:00,2024-05-19 15:33:00,26214.19766003339,-0.899719690888249,26231.336099170934,-16.238719446654926,0.1748030000010079
2024-05-20 01:11:00,2024-05-19 15:34:00,26214.297958575964,-0.9201648217751919,26231.336065770818,-16.1179423730789,0.17102695761124842
2024-05-20 01:12:00,2024-05-19 15:35:00,26214.498698561834,-0.9406682778281702,26231.336032371095,-15.89666553143243,0.2197537234567175
2024-05-20 01:13:00,2024-05-19 15:36:00,26214.696340467115,-0.9612235784731809,26231.335998971754,-15.678434926165465,0.2182537398278086
2024-05-20 01:14:00,2024-05-19 15:37:00,26214.8939832779,-0.9818242431362194,26231.335965572813,-15.460158051776812,0.06777680053195745
2024-05-20 01:15:00,2024-05-19 15:38:00,26214.79058705791,-1.002463791243282,26231.335932174254,-15.54288132510155,-0.1781437002392181
2024-05-20 01:16:00,2024-05-19 15:39:00,26214.496317581612,-1.0231357422203644,26231.335898776088,-15.816445452255248,-0.32598741217856464
2024-05-20 01:17:00,2024-05-19 15:40:00,26214.097175613355,-1.0438336154934629,26231.335865378307,-16.19485614945868,-0.22788014269307233
2024-05-20 01:18:00,2024-05-19 15:41:00,26213.999075312793,-1.0645509304885734,26231.335831980923,-16.272205737641393,0.4191453278525792
2024-05-20 01:19:00,2024-05-19 15:42:00,26214.893951883536,-1.085281206631692,26231.33579858392,-15.356565493753521,1.067349523005399
2024-05-20 01:20:00,2024-05-19 15:43:00,26216.09224053234,-1.1060179633488145,26231.33576518732,-14.137506691630595,0.970815189936582
2024-05-20 01:21:00,2024-05-19 15:44:00,26216.79404195715,-1.1267547200659367,26231.335731791096,-13.414935113880357,0.7194723847493165
2024-05-20 01:22:00,2024-05-19 15:45:00,26217.48965147693,-1.1474849962090552,26231.335698395273,-12.698561922131962,0.5700423474189797
2024-05-20 01:23:00,2024-05-19 15:46:00,26217.89261226958,-1.168202311204166,26231.335664999828,-12.274850419042398,0.4237018930723151
2024-05-20 01:24:00,2024-05-19 15:47:00,26218.29557328432,-1.1889001844772642,26231.335631604783,-11.851158135987331,0.42103066255827937
2024-05-20 01:25:00,2024-05-19 15:48:00,26218.693236980747,-1.2095721354543465,26231.335598210128,-11.43278909392584,0.022600915737655214
2024-05-20 01:26:00,2024-05-19 15:49:00,26218.29939682778,-1.2302116835614092,26231.335564815854,-11.805956304512021,-0.37966568251946065
2024-05-20 01:27:00,2024-05-19 15:50:00,26217.892598614788,-1.2508123482244475,26231.335531421977,-12.19212045896476,-0.282792495648871
2024-05-20 01:28:00,2024-05-19 15:51:00,26217.692589083807,-1.2713676488694579,26231.335498028486,-12.371541295809763,-0.226576663899567
2024-05-20 01:29:00,2024-05-19 15:52:00,26217.3983197437,-1.2918711049224365,26231.335464635387,-12.645273786763894,-0.2802419285501676
2024-05-20 01:30:00,2024-05-19 15:53:00,26217.09108985396,-1.312316235809379,26231.335431242678,-12.932025152910098,-0.3300832134143681
2024-05-20 01:31:00,2024-05-19 15:54:00,26216.69726107581,-1.3326965609562815,26231.33539785036,-13.30544021359263,-0.428234081694173
2024-05-20 01:32:00,2024-05-19 15:55:00,26216.19386554234,-1.3530055997891406,26231.335364458428,-13.788493316298444,-0.3804331583879952
2024-05-20 01:33:00,2024-05-19 15:56:00,26215.895787664784,-1.3732368717339507,26231.335331066886,-14.066306530368621,-0.27896379647613756
2024-05-20 01:34:00,2024-05-19 15:57:00,26215.59549287027,-1.3933838962167098,26231.335297675738,-14.34642090925072,-0.3805340024168107
2024-05-20 01:35:00,2024-05-19 15:58:00,26215.094449557113,-1.4134401926634126,26231.33526428498,-14.827374535202242,-0.4304716441522656
2024-05-20 01:36:00,2024-05-19 15:59:00,26214.694467416553,-1.4333992805000553,26231.33523089461,-15.20736419755525,-0.1272427629806634
2024-05-20 01:37:00,2024-05-19 16:00:00,26214.800082764315,-1.453254679152634,26231.33519750463,-15.08186006116357,0.17190228879701497
2024-05-20 01:38:00,2024-05-19 16:01:00,26214.998604587032,-1.472999908047145,26231.33516411504,-14.86355961996122,0.11898120448164651
2024-05-20 01:39:00,2024-05-19 16:02:00,26214.998604587032,-1.4926284866095836,26231.33513072584,-14.843897652200276,-0.033635136065066185
2024-05-20 01:40:00,2024-05-19 16:03:00,26214.892133510675,-1.5121339342659466,26231.335097337032,-14.930829892091353,0.01831373669158598
2024-05-20 01:41:00,2024-05-19 16:04:00,26214.996283999353,-1.5315097704422294,26231.335063948613,-14.807270178817104,0.22194265964731041
2024-05-20 01:42:00,2024-05-19 16:05:00,26215.29733647322,-1.5507495145644288,26231.33503056058,-14.486944572796732,0.21957126474499145
2024-05-20 01:43:00,2024-05-19 16:06:00,26215.397022837555,-1.5698466860585396,26231.33499717294,-14.368127649327121,0.11639090873266422
2024-05-20 01:44:00,2024-05-19 16:07:00,26215.492006226013,-1.5887948043505589,26231.334963785695,-14.254162755331404,0.11808814276708812
2024-05-20 01:45:00,2024-05-19 16:08:00,26215.595391646173,-1.607587388866482,26231.334930398833,-14.131951363792945,0.16815588486344524
2024-05-20 01:46:00,2024-05-19 16:09:00,26215.79082806773,-1.626217959032306,26231.334897012366,-13.917850985604513,0.06688167382097365
2024-05-20 01:47:00,2024-05-19 16:10:00,26215.691995575857,-1.644680034274025,26231.33486362628,-13.998188016150998,-0.08080349748727489
2024-05-20 01:48:00,2024-05-19 16:11:00,26215.592405126,-1.6629671340176368,26231.334830240598,-14.079457980579063,-0.17907740356550494
2024-05-20 01:49:00,2024-05-19 16:12:00,26215.297381254328,-1.681072777689136,26231.3347968553,-14.356342823282008,-0.12946687538411616
2024-05-20 01:50:00,2024-05-19 16:13:00,26215.297381254328,-1.6989904847145196,26231.33476347039,-14.338391731347295,0.11749423657639646
2024-05-20 01:51:00,2024-05-19 16:14:00,26215.49666196122,-1.7167137745197838,26231.33473008587,-14.121354350129215,0.4149557800146928
2024-05-20 01:52:00,2024-05-19 16:15:00,26216.091980363894,-1.7342361665309234,26231.334696701742,-13.50848017131791,0.6154269231057192
2024-05-20 01:53:00,2024-05-19 16:16:00,26216.692611633913,-1.7515511801739354,26231.334663318004,-12.890500503917776,0.5201554208077166
2024-05-20 01:54:00,2024-05-19 16:17:00,26217.097808270082,-1.7686523348748155,26231.33462993466,-12.468169329702476,0.2694212538790355
2024-05-20 01:55:00,2024-05-19 16:18:00,26217.19740540548,-1.7855331500595595,26231.3345965517,-12.351657996159705,0.16736005120465336
2024-05-20 01:56:00,2024-05-19 16:19:00,26217.398926796686,-1.8021871451541642,26231.334563169134,-12.13344922729317,0.11733142273528241
2024-05-20 01:57:00,2024-05-19 16:20:00,26217.398926796686,-1.8186078395846244,26231.33452978696,-12.11699515068914,-0.03423899029920463
2024-05-20 01:58:00,2024-05-19 16:21:00,26217.2977804445,-1.8347887527769369,26231.33449640517,-12.201927207891579,-0.13520331716971423
2024-05-20 01:59:00,2024-05-19 16:22:00,26217.09633783459,-1.8507234041570977,26231.334463023777,-12.387401785028569,-0.13657052704471617
2024-05-20 02:00:00,2024-05-19 16:23:00,26216.992956067636,-1.8664053131511025,26231.334429642768,-12.475068261981011,-0.13269959470454307
2024-05-20 02:01:00,2024-05-19 16:24:00,26216.799767288532,-1.8818279991849471,26231.334396262155,-12.652800974437655,-0.33178622689677084
2024-05-20 02:02:00,2024-05-19 16:25:00,26216.29873718447,-1.8969849816846283,26231.334362881928,-13.138640715774553,-0.38826018557621556
2024-05-20 02:03:00,2024-05-19 16:26:00,26215.99313837643,-1.9118697800761413,26231.334329502097,-13.429321345590086,-0.2341957665835972
2024-05-20 02:04:00,2024-05-19 16:27:00,26215.80078795992,-1.9264759137854823,26231.334296122648,-13.607032248941747,-0.2831659771874122
2024-05-20 02:05:00,2024-05-19 16:28:00,26215.397812541392,-1.940796902238648,26231.334262743596,-13.99565329996491,-0.4864821997181208
2024-05-20 02:06:00,2024-05-19 16:29:00,26214.79940645169,-1.9548262648616337,26231.33422936493,-14.579996648377989,-0.38793875721657933
2024-05-20 02:07:00,2024-05-19 16:30:00,26214.59410765118,-1.9685575210804354,26231.33419598666,-14.77153081439807,-0.1373328799868876
2024-05-20 02:08:00,2024-05-19 16:31:00,26214.497516010106,-1.9819841903210493,26231.33416260878,-14.854662408351764,-0.13416703864729396
2024-05-20 02:09:00,2024-05-19 16:32:00,26214.29916454758,-1.9950997920094715,26231.334129231283,-15.039864891692657,-0.3386330450856505
2024-05-20 02:10:00,2024-05-19 16:33:00,26213.79426951009,-2.0078978455716974,26231.334095854185,-15.531928498523065,-0.48689683527412253
2024-05-20 02:11:00,2024-05-19 16:34:00,26213.3000320448,-2.020371870433723,26231.334062477476,-16.013658562240902,-0.6376901441509037
2024-05-20 02:12:00,2024-05-19 16:35:00,26212.494204928305,-2.032515386021546,26231.334029101152,-16.807308786824873,-0.7413967675796673
2024-05-20 02:13:00,2024-05-19 16:36:00,26211.79322171606,-2.044321911761161,26231.33399572522,-17.496452097400237,-0.5859370982172258
2024-05-20 02:14:00,2024-05-19 16:37:00,26211.298994399345,-2.0557849670785635,26231.333962349683,-17.979182983259324,-0.5889483409822969
2024-05-20 02:15:00,2024-05-19 16:38:00,26210.59268212377,-2.066898071399751,26231.333928974535,-18.67434877936483,-0.5904316522575286
2024-05-20 02:16:00,2024-05-19 16:39:00,26210.09619456785,-2.0776547441507174,26231.333895599775,-19.16004628777438,-0.28972548155193145
2024-05-20 02:17:00,2024-05-19 16:40:00,26209.99201397818,-2.0880485047574604,26231.333862225405,-19.253799742468694,0.2584919001483126
2024-05-20 02:18:00,2024-05-19 16:41:00,26210.592693491308,-2.098072872645977,26231.33382885143,-18.643062487477756,0.6100763424300002
2024-05-20 02:19:00,2024-05-19 16:42:00,26211.192427052993,-2.1077213672422603,26231.333795477844,-18.033647057608693,0.31165062948113764
2024-05-20 02:20:00,2024-05-19 16:43:00,26211.19701336816,-2.1169875079723086,26231.33376210465,-18.01976122851548,0.011739685464940308
2024-05-20 02:21:00,2024-05-19 16:44:00,26211.197696230898,-2.125864814262116,26231.33372873184,-18.010167686678813,0.057352553519718796
2024-05-20 02:22:00,2024-05-19 16:45:00,26211.294292432412,-2.1343468055376804,26231.333695359426,-17.905056121476044,0.05507139390424065
2024-05-20 02:23:00,2024-05-19 16:46:00,26211.291210087307,-2.142427001224997,26231.333661987403,-17.90002489887033,0.2603554665193215
2024-05-20 02:24:00,2024-05-19 16:47:00,26211.799184506584,-2.150098920750061,26231.333628615772,-17.3843451884374,0.5614199820539074
2024-05-20 02:25:00,2024-05-19 16:48:00,26212.39905422623,-2.1573560835388705,26231.33359524453,-16.777184934762516,0.6529750223950188
2024-05-20 02:26:00,2024-05-19 16:49:00,26213.09097472101,-2.16419200901742,26231.333561873675,-16.078395143647363,0.45561269738272614
2024-05-20 02:27:00,2024-05-19 16:50:00,26213.296968746607,-2.170600216611704,26231.333528503215,-15.865959539997064,0.11076360658835682
2024-05-20 02:28:00,2024-05-19 16:51:00,26213.300052976923,-2.1765742257477223,26231.33349513314,-15.85686793047065,0.254030795623696
2024-05-20 02:29:00,2024-05-19 16:52:00,26213.793456258863,-2.1821075558514678,26231.333461763465,-15.357897948749672,0.2520447607549672
2024-05-20 02:30:00,2024-05-19 16:53:00,26213.793456258863,-2.1871937263489385,26231.333428394173,-15.352778408960715,0.1037275652090992
2024-05-20 02:31:00,2024-05-19 16:54:00,26213.991125950277,-2.191826256666128,26231.333395025275,-15.150442818331474,0.4557075335869891
2024-05-20 02:32:00,2024-05-19 16:55:00,26214.69599964875,-2.1959986662290336,26231.333361656765,-14.441363341786737,1.1030323458137579
2024-05-20 02:33:00,2024-05-19 16:56:00,26216.189245687485,-2.1997044744636525,26231.333328288652,-12.944378126703958,1.4507813499676931
2024-05-20 02:34:00,2024-05-19 16:57:00,26217.590557078278,-2.2029372007959793,26231.333294920925,-11.53980064185135,0.908615083992431
2024-05-20 02:35:00,2024-05-19 16:58:00,26218.00042323022,-2.2056903646520105,26231.33326155359,-11.127147958719096,0.30630559951730607
2024-05-20 02:36:00,2024-05-19 16:59:00,26218.198081258368,-2.207957485457742,26231.333228186642,-10.927189442816738,0.051843336275430474
2024-05-20 02:37:00,2024-05-19 17:00:00,26218.100001451287,-2.20973208263917,26231.333194820094,-11.023461286168235,-0.10071990557623955
2024-05-20 02:38:00,2024-05-19 17:01:00,26217.993524524336,-2.211007675622289,26231.333161453927,-11.128629253969217,-0.0529166948209987
2024-05-20 02:39:00,2024-05-19 17:02:00,26217.992055628514,-2.2117777838330968,26231.333128088158,-11.129294675810232,-0.05003462655733237
2024-05-20 02:40:00,2024-05-19 17:03:00,26217.892360288995,-2.21203592669759,26231.333094722777,-11.228698507083882,-0.19996146677271476
2024-05-20 02:41:00,2024-05-19 17:04:00,26217.592068124788,-2.2117756236417625,26231.333061357785,-11.529217609355662,-0.24835404476902667
2024-05-20 02:42:00,2024-05-19 17:05:00,26217.396631002473,-2.2109903940916116,26231.333027993187,-11.725406596621935,-0.2481474960352159
2024-05-20 02:43:00,2024-05-19 17:06:00,26217.097808270082,-2.2096737574731327,26231.33299462898,-12.025512601426094,-0.15058182317094548
2024-05-20 02:44:00,2024-05-19 17:07:00,26217.098571788985,-2.207819233212321,26231.33296126516,-12.026570242963826,0.34579285501005774
2024-05-20 02:45:00,2024-05-19 17:08:00,26217.793580669597,-2.2054203407351753,26231.332927901738,-11.333926891405978,0.4440485393411393
2024-05-20 02:46:00,2024-05-19 17:09:00,26217.99195077495,-2.2024705994676896,26231.3328945387,-11.138473164281548,-0.0534211297788989
2024-05-20 02:47:00,2024-05-19 17:10:00,26217.69312849626,-2.1989635288358595,26231.33286117606,-11.440769150963776,-0.299109531694433
2024-05-20 02:48:00,2024-05-19 17:11:00,26217.401242937867,-2.1948926482656823,26231.332827813803,-11.736692227670414,-0.2525327313478263
2024-05-20 02:49:00,2024-05-19 17:12:00,26217.196708361098,-2.1902514771831525,26231.33279445194,-11.945834613659429,-0.15700459807862543
2024-05-20 02:50:00,2024-05-19 17:13:00,26217.09702613163,-2.1850335350142664,26231.33276109047,-12.050701423827665,0.042786561786674504
2024-05-20 02:51:00,2024-05-19 17:14:00,26217.29323389812,-2.1792323411850223,26231.33272772939,-11.86026149008608,0.39463714784259096
2024-05-20 02:52:00,2024-05-19 17:15:00,26217.89842582544,-2.1728414151214146,26231.332694368703,-11.261427128142483,0.44573624776884735
2024-05-20 02:53:00,2024-05-19 17:16:00,26218.198017737603,-2.165854276249439,26231.3326610084,-10.968788994548385,0.03989075393694819
2024-05-20 02:54:00,2024-05-19 17:17:00,26217.992717584235,-2.1582644439950904,26231.3326276485,-11.181645620268586,-0.4100545265361797
2024-05-20 02:55:00,2024-05-19 17:18:00,26217.393630803577,-2.1500654377843667,26231.332594288982,-11.788898047620744,-0.6562465881346018
2024-05-20 02:56:00,2024-05-19 17:19:00,26216.697171356274,-2.141250777043262,26231.332560929855,-12.49413879653779,-0.5595406737051256
2024-05-20 02:57:00,2024-05-19 17:20:00,26216.292734194896,-2.1318139811977765,26231.332527571125,-12.907979395030996,-0.4084901792256961
2024-05-20 02:58:00,2024-05-19 17:21:00,26215.89962648812,-2.121748569673901,26231.332494212784,-13.311119154989182,-0.30882199385085407
2024-05-20 02:59:00,2024-05-19 17:22:00,26215.695789410205,-2.111048061897634,26231.332460854836,-13.525623382732704,-0.36227323600130923
2024-05-20 03:00:00,2024-05-19 17:23:00,26215.197055892982,-2.099705977294974,26231.33242749727,-14.0356656269918,-0.4617558541608089
2024-05-20 03:01:00,2024-05-19 17:24:00,26214.795543213757,-2.0877158352919114,26231.332394140103,-14.449135091054321,-0.3620276636537625
2024-05-20 03:02:00,2024-05-19 17:25:00,26214.49756867371,-2.075071155314447,26231.332360783323,-14.759720954299326,-0.2136197718871733
2024-05-20 03:03:00,2024-05-19 17:26:00,26214.39418733532,-2.0617654567885735,26231.33232742694,-14.876374634828668,0.03581250097869049
2024-05-20 03:04:00,2024-05-19 17:27:00,26214.59640585946,-2.047792259140289,26231.332294070944,-14.688095952341945,0.28793000224318543
2024-05-20 03:05:00,2024-05-19 17:28:00,26214.998601003204,-2.03314508179559,26231.332260715342,-14.300514630342297,0.4849586839260356
2024-05-20 03:06:00,2024-05-19 17:29:00,26215.596231331456,-2.0178174441804684,26231.332227360126,-13.718178584489873,0.681561714393701
2024-05-20 03:07:00,2024-05-19 17:30:00,26216.392999938034,-2.0018028657209266,26231.33219400531,-12.937391201554895,0.6341166079487675
2024-05-20 03:08:00,2024-05-19 17:31:00,26216.89712041644,-1.985094865842954,26231.332160650876,-12.449945368592338,0.132384317164723
2024-05-20 03:09:00,2024-05-19 17:32:00,26216.69181776564,-1.9676869639725503,26231.33212729684,-12.67262256722545,-0.26712787027865303
2024-05-20 03:10:00,2024-05-19 17:33:00,26216.398320154505,-1.949572679535713,26231.33209394319,-12.984201109149645,-0.1180416247617444
2024-05-20 03:11:00,2024-05-19 17:34:00,26216.492609241228,-1.9307455319584328,26231.332060589935,-12.908705816748938,0.03219335564220138
2024-05-20 03:12:00,2024-05-19 17:35:00,26216.50101379854,-1.9111990406667134,26231.332027237073,-12.919814397865242,-0.01567377210986276
2024-05-20 03:13:00,2024-05-19 17:36:00,26216.50101379854,-1.8909267250865422,26231.331993884596,-12.940053360968664,-0.07195193775079467
2024-05-20 03:14:00,2024-05-19 17:37:00,26216.398320154505,-1.86992210464392,26231.331960532516,-13.063718273366831,-0.1228373713116433
2024-05-20 03:15:00,2024-05-19 17:38:00,26216.29802037847,-1.8481786987648459,26231.331927180825,-13.18572810359195,0.12844436226110645
2024-05-20 03:16:00,2024-05-19 17:39:00,26216.699374253807,-1.8256900268753071,26231.331893829527,-12.806829548844618,0.47859036594385174
2024-05-20 03:17:00,2024-05-19 17:40:00,26217.300863498513,-1.802449608401309,26231.33186047862,-12.228547371704247,0.4242929695236324
2024-05-20 03:18:00,2024-05-19 17:41:00,26217.59513255554,-1.77845096276884,26231.331827128106,-11.958243609797353,0.1706632730896427
2024-05-20 03:19:00,2024-05-19 17:42:00,26217.690885343047,-1.7536876094038991,26231.331793777976,-11.887220825524961,0.17482936572872454
2024-05-20 03:20:00,2024-05-19 17:43:00,26217.995022482173,-1.7281530677324852,26231.331760428246,-11.608584878339904,0.4261136126679279
2024-05-20 03:21:00,2024-05-19 17:44:00,26218.594892621535,-1.7018408571805903,26231.331727078905,-11.034993600189106,0.5253233597651548
2024-05-20 03:22:00,2024-05-19 17:45:00,26219.09901107397,-1.6747444971742134,26231.331693729953,-10.557938158809595,0.3717354353464426
2024-05-20 03:23:00,2024-05-19 17:46:00,26219.393280144755,-1.6468575071393463,26231.33166038139,-10.29152272949622,0.07058309215877756
2024-05-20 03:24:00,2024-05-19 17:47:00,26219.296681652235,-1.6181734065019917,26231.33162703323,-10.41677197449204,-0.22675981240748921
2024-05-20 03:25:00,2024-05-19 17:48:00,26218.99786561645,-1.5886857146881361,26231.33159368545,-10.745042354311199,-0.23249977231909025
2024-05-20 03:26:00,2024-05-19 17:49:00,26218.89140086781,-1.5583879511237821,26231.331560338065,-10.88177151913022,-0.032945745861391984
2024-05-20 03:27:00,2024-05-19 17:50:00,26218.99331950981,-1.527273635234927,26231.331526991078,-10.810933846033983,0.06888509751746152
2024-05-20 03:28:00,2024-05-19 17:51:00,26219.09215603393,-1.4953362864475643,26231.331493644473,-10.744001324095297,0.019761168055761225
2024-05-20 03:29:00,2024-05-19 17:52:00,26219.097479364158,-1.4625694241876896,26231.33146029827,-10.77141150992246,0.01819749341128407
2024-05-20 03:30:00,2024-05-19 17:53:00,26219.19485404729,-1.4289665678812966,26231.331426952445,-10.707606337272729,0.06257505493154181
2024-05-20 03:31:00,2024-05-19 17:54:00,26219.29061097001,-1.394521236954386,26231.331393607023,-10.646261400059377,0.06400128307846131
2024-05-20 03:32:00,2024-05-19 17:55:00,26219.392529540037,-1.359226950832955,26231.331360261986,-10.579603771115806,0.2657859089415746
2024-05-20 03:33:00,2024-05-19 17:56:00,26219.893560106226,-1.3230772289429904,26231.331326917345,-10.114689582176227,0.3656468047745207
2024-05-20 03:34:00,2024-05-19 17:57:00,26220.196917820813,-1.2860655907104999,26231.33129357309,-9.848310161566765,0.3142460148689743
2024-05-20 03:35:00,2024-05-19 17:58:00,26220.596877121236,-1.2481855555614683,26231.331260229235,-9.486197552438279,0.20918550945517822
2024-05-20 03:36:00,2024-05-19 17:59:00,26220.691857100188,-1.2094306429219017,26231.331226885766,-9.429939142656409,0.007943326157375807
2024-05-20 03:37:00,2024-05-19 18:00:00,26220.69108827035,-1.1697943722177886,26231.33119354269,-9.470310900123527,0.010528115730098264
2024-05-20 03:38:00,2024-05-19 18:01:00,26220.79300702593,-1.1292702628751279,26231.331160200003,-9.408882911196212,0.16282293126997338
2024-05-20 03:39:00,2024-05-19 18:02:00,26221.098609985813,-1.0878518343199186,26231.331126857716,-9.14466503758358,0.25810054957721906
2024-05-20 03:40:00,2024-05-19 18:03:00,26221.392879097788,-1.045532605978151,26231.331093515808,-8.892681812041774,0.2047713273229208
2024-05-20 03:41:00,2024-05-19 18:04:00,26221.59363169409,-1.0023060972758273,26231.331060174303,-8.735122382937739,0.05672625029124223
2024-05-20 03:42:00,2024-05-19 18:05:00,26221.59363169409,-0.9581658276389362,26231.331026833188,-8.77922931145929,0.10861840869215911
2024-05-20 03:43:00,2024-05-19 18:06:00,26221.900002610415,-0.9131053164934784,26231.330993492462,-8.51788556555342,0.4559310041998179
2024-05-20 03:44:00,2024-05-19 18:07:00,26222.596474765804,-0.867118083265451,26231.33096015213,-7.867367303059654,0.75078053862903
2024-05-20 03:45:00,2024-05-19 18:08:00,26223.49440467651,-0.8201976473808443,26231.330926812185,-7.016324488295361,0.7019753936177358
2024-05-20 03:46:00,2024-05-19 18:09:00,26224.095139428548,-0.7723375282656626,26231.330893472637,-6.463416515824182,0.45162993193448653
2024-05-20 03:47:00,2024-05-19 18:10:00,26224.494264263703,-0.7235312453458942,26231.330860133476,-6.1130646244263875,0.14957891227776887
2024-05-20 03:48:00,2024-05-19 18:11:00,26224.492795785394,-0.6737723180475381,26231.33082679471,-6.164258691268644,-0.04982693133127558
2024-05-20 03:49:00,2024-05-19 18:12:00,26224.49502070345,-0.6230542657965934,26231.330793456335,-6.212718487088939,-0.0006391460049002262
2024-05-20 03:50:00,2024-05-19 18:13:00,26224.593852527058,-0.5713706080190502,26231.330760118355,-6.165536983278445,0.10185537667911682
2024-05-20 03:51:00,2024-05-19 18:14:00,26224.80300418289,-0.518714864140911,26231.33072678076,-6.009007733730705,0.0959463643740941
2024-05-20 03:52:00,2024-05-19 18:15:00,26224.89196863545,-0.4650805535881659,26231.330693443568,-5.973644254530257,-0.10659607579543184
2024-05-20 03:53:00,2024-05-19 18:16:00,26224.697999025648,-0.4104611957868123,26231.330660106756,-6.222199885321569,-0.20221635874200583
2024-05-20 03:54:00,2024-05-19 18:17:00,26224.597699488168,-0.3548503101628473,26231.330626770345,-6.378076972014268,-0.2066019765450786
2024-05-20 03:55:00,2024-05-19 18:18:00,26224.396948179765,-0.2982414161422682,26231.33059343432,-6.635403838411726,-0.1064940427993406
2024-05-20 03:56:00,2024-05-19 18:19:00,26224.498867007926,-0.2406280331510704,26231.33056009869,-6.5910650576129495,-0.05881905541823951
2024-05-20 03:57:00,2024-05-19 18:20:00,26224.39548113359,-0.18200368061524763,26231.330526763453,-6.753041949248205,-0.310047495953798
2024-05-20 03:58:00,2024-05-19 18:21:00,26223.99697150112,-0.12236187796079712,26231.330493428602,-7.2111600495205455,-0.4585500493407215
2024-05-20 03:59:00,2024-05-19 18:22:00,26223.59862190161,-0.061696144613716086,26231.330460094152,-7.670142047929648,-0.4135456733485645
2024-05-20 04:00:00,2024-05-19 18:23:00,26223.29217536387,0.0,26231.330426760087,-8.038251396217674,-0.3655415522518579
2024-05-20 04:01:00,2024-05-19 18:24:00,26222.991897542892,0.06272926890658945,26231.33039342642,-8.401225152433364,-0.2643045403855915
2024-05-20 04:02:00,2024-05-19 18:25:00,26222.88997892109,0.12647930494122048,26231.330360093136,-8.566860476988857,-0.21250374138615857
2024-05-20 04:03:00,2024-05-19 18:26:00,26222.695328108435,0.1912339833912952,26231.33032676025,-8.826232635205681,-0.4107283955882153
2024-05-20 04:04:00,2024-05-19 18:27:00,26222.198953339135,0.2569771795442157,26231.330293427756,-9.388317268165288,-0.468323912763541
2024-05-20 04:05:00,2024-05-19 18:28:00,26221.89107240361,0.323692768687384,26231.330260095656,-9.762880460732763,-0.3176861634457193
2024-05-20 04:06:00,2024-05-19 18:29:00,26221.697901794993,0.39136462610820233,26231.33022676394,-10.023689595056727,-0.2152522978014222
2024-05-20 04:07:00,2024-05-19 18:30:00,26221.596785003385,0.4599766270940727,26231.330193432626,-10.193385056335607,-0.11919652047729112
2024-05-20 04:08:00,2024-05-19 18:31:00,26221.59759011262,0.5295126469323972,26231.330160101697,-10.262082636011309,-0.2223507812298351
2024-05-20 04:09:00,2024-05-19 18:32:00,26221.29199671328,0.599956560910578,26231.330126771165,-10.638086618795278,-0.4236059614143821
2024-05-20 04:10:00,2024-05-19 18:33:00,26220.892091126498,0.6712922443160172,26231.33009344102,-11.109294558840073,-0.3678682305602825
2024-05-20 04:11:00,2024-05-19 18:34:00,26220.699740603795,0.743503572436117,26231.330060111275,-11.373823079915843,-0.42082641564364565
2024-05-20 04:12:00,2024-05-19 18:35:00,26220.19565381235,0.816574420558279,26231.330026781918,-11.950947390127364,-0.7751460535869779
2024-05-20 04:13:00,2024-05-19 18:36:00,26219.296366929833,0.8904886639699059,26231.329993452953,-12.924115187089798,-0.8755329764250206
2024-05-20 04:14:00,2024-05-19 18:37:00,26218.593176959363,0.9652301779583994,26231.32996012438,-13.702013342977406,-0.5240006865067004
2024-05-20 04:15:00,2024-05-19 18:38:00,26218.398593073907,1.0407828378111619,26231.3299267962,-13.9721165601032,-0.02679929144670634
2024-05-20 04:16:00,2024-05-19 18:39:00,26218.69141206136,1.117130518815595,26231.329893468414,-13.755611925870818,0.2198230788836515
2024-05-20 04:17:00,2024-05-19 18:40:00,26218.991646834937,1.1942570962591013,26231.329860141013,-13.532470402335896,0.17570336948392562
2024-05-20 04:18:00,2024-05-19 18:41:00,26219.19776807254,1.272146445429083,26231.329826814013,-13.404205186902967,0.27154197289464577
2024-05-20 04:19:00,2024-05-19 18:42:00,26219.691189472465,1.3507824416129417,26231.3297934874,-12.989386456546605,0.5691705921106358
2024-05-20 04:20:00,2024-05-19 18:43:00,26220.494045118598,1.4301489600980797,26231.32976016118,-12.265864002681695,0.5707064149370922
2024-05-20 04:21:00,2024-05-19 18:44:00,26220.991983084852,1.510229876171899,26231.329726835353,-11.84797362667242,0.32259121387376055
2024-05-20 04:22:00,2024-05-19 18:45:00,26221.300021000105,1.5910090651218023,26231.329693509917,-11.620681574934174,0.17250820722661686
2024-05-20 04:23:00,2024-05-19 18:46:00,26221.49917337489,1.6724704022351908,26231.329660184874,-11.502957212219187,0.01709038407110519
2024-05-20 04:24:00,2024-05-19 18:47:00,26221.497723816236,1.7545977627994669,26231.329626860228,-11.586500806791964,0.06624861918609248
2024-05-20 04:25:00,2024-05-19 18:48:00,26221.796508584226,1.837375022102033,26231.32959353597,-11.370459973847002,0.11606538437270864
2024-05-20 04:26:00,2024-05-19 18:49:00,26221.895976229487,1.9207860554302911,26231.329560212103,-11.354370038046547,0.016591364968873812
2024-05-20 04:27:00,2024-05-19 18:50:00,26221.997064382795,2.004814738071643,26231.329526888632,-11.337277243909254,-0.03447775253442664
2024-05-20 04:28:00,2024-05-19 18:51:00,26221.995612967752,2.0894449453134913,26231.329493565554,-11.4233255431154,-0.08561529182527572
2024-05-20 04:29:00,2024-05-19 18:52:00,26221.995612967752,2.1746605524432376,26231.32946024287,-11.508507827559805,-0.08474121470541895
2024-05-20 04:30:00,2024-05-19 18:53:00,26221.997064382795,2.2604454347482843,26231.329426920573,-11.592807972526238,-0.08756228363619822
2024-05-20 04:31:00,2024-05-19 18:54:00,26221.992544671353,2.3467834675160333,26231.32939359867,-11.683632394832202,-0.2351339889953783
2024-05-20 04:32:00,2024-05-19 18:55:00,26221.699942852676,2.4336585260338865,26231.32936027716,-12.063075950516994,-0.33677028113918794
2024-05-20 04:33:00,2024-05-19 18:56:00,26221.49320848452,2.521054485589247,26231.32932695604,-12.357172957110578,-0.3419063228821786
2024-05-20 04:34:00,2024-05-19 18:57:00,26221.191360260502,2.6089552214695155,26231.329293635314,-12.746888596281352,-0.33746772372183553
2024-05-20 04:35:00,2024-05-19 18:58:00,26220.99449651939,2.6973446089620956,26231.329260314982,-13.032108404554249,-0.33599123965216293
2024-05-20 04:36:00,2024-05-19 18:59:00,26220.69656244281,2.786206523354388,26231.32922699504,-13.418871075585677,-0.24027863416685946
2024-05-20 04:37:00,2024-05-19 19:00:00,26220.69205284254,2.8755248399337945,26231.329193675494,-13.512665672887968,-0.14076185788669715
2024-05-20 04:38:00,2024-05-19 19:01:00,26220.594048998966,2.96528343398772,26231.329160356338,-13.700394791359072,-0.18989814911215763
2024-05-20 04:39:00,2024-05-19 19:02:00,26220.492131247272,3.055466180803563,26231.32912703758,-13.892461971112283,-0.1873369383803425
2024-05-20 04:40:00,2024-05-19 19:03:00,26220.40008200676,3.1460569556687275,26231.32909371921,-14.075068668119757,-0.18918244433674047
2024-05-20 04:41:00,2024-05-19 19:04:00,26220.295273175318,3.237039633870616,26231.329060401233,-14.270826859785764,-0.19450053082303054
2024-05-20 04:42:00,2024-05-19 19:05:00,26220.19335544458,3.3283980906966297,26231.329027083648,-14.464069729765818,-0.04250371047667034
2024-05-20 04:43:00,2024-05-19 19:06:00,26220.39327568715,3.420116201434171,26231.328993766456,-14.355834280739105,0.2574539533325835
2024-05-20 04:44:00,2024-05-19 19:07:00,26220.891976467927,3.512177841370642,26231.328960449657,-13.949161823100651,0.20730902372440063
2024-05-20 04:45:00,2024-05-19 19:08:00,26220.99227778575,3.6045668857934445,26231.328927133247,-13.941216233290303,0.15913498721843933
2024-05-20 04:46:00,2024-05-19 19:09:00,26221.395269178563,3.6972672099899815,26231.328893817237,-13.630891848663772,0.20796189596007508
2024-05-20 04:47:00,2024-05-19 19:10:00,26221.593830749494,3.790262689247653,26231.328860501617,-13.525292441370153,0.10771647895237724
2024-05-20 04:48:00,2024-05-19 19:11:00,26221.79690549448,3.883537198853864,26231.328827186386,-13.415458890759018,0.059123574642403476
2024-05-20 04:49:00,2024-05-19 19:12:00,26221.898823193562,3.977074614096015,26231.32879387155,-13.407045292085346,0.15767744980601428
2024-05-20 04:50:00,2024-05-19 19:13:00,26222.299515376224,4.070858810261507,26231.32876055711,-13.10010399114699,0.15169636031127887
2024-05-20 04:51:00,2024-05-19 19:14:00,26222.389948334232,4.164873662637745,26231.328727243057,-13.103652571462789,-0.047341577206393204
2024-05-20 04:52:00,2024-05-19 19:15:00,26222.393009830357,4.259103046512128,26231.328693929405,-13.194787145559776,-0.14176480197777241
2024-05-20 04:53:00,2024-05-19 19:16:00,26222.29500927789,4.353530837172061,26231.328660616135,-13.387182175418333,-0.19554516387976584
2024-05-20 04:54:00,2024-05-19 19:17:00,26222.19089073985,4.448140909904943,26231.328627303265,-13.585877473319307,0.10573717796668358
2024-05-20 04:55:00,2024-05-19 19:18:00,26222.695803311297,4.5429171399981785,26231.328593990784,-13.175707819484966,0.6057973973487041
2024-05-20 04:56:00,2024-05-19 19:19:00,26223.592121402817,4.637843402739169,26231.3285606787,-12.3742826786219,0.9553028715445935
2024-05-20 04:57:00,2024-05-19 19:20:00,26224.796328864024,4.7329035734153155,26231.328527367004,-11.26510207639578,1.5546136598257583
2024-05-20 04:58:00,2024-05-19 19:21:00,26226.89152022405,4.828081527314022,26231.328494055706,-9.265055358970383,1.7042929376835327
2024-05-20 04:59:00,2024-05-19 19:22:00,26228.395305683494,4.923361139722689,26231.3284607448,-7.856516201028714,1.0059569591651742
2024-05-20 05:00:00,2024-05-19 19:23:00,26229.094012279573,5.01872628592872,26231.328427434284,-7.253141440640034,0.35478972996681923
2024-05-20 05:01:00,2024-05-19 19:24:00,26229.29561822429,5.114160841219515,26231.328394124164,-7.146936741095075,0.3045778375987993
2024-05-20 05:02:00,2024-05-19 19:25:00,26229.89402372987,5.209648680882479,26231.32836081443,-6.6439857654424355,0.45732785816878385
2024-05-20 05:03:00,2024-05-19 19:26:00,26230.401220160547,5.305173680205011,26231.3283275051,-6.232281024757508,0.15698605130018084
2024-05-20 05:04:00,2024-05-19 19:27:00,26230.399000247788,5.400719714474516,26231.328294196155,-6.330013662842074,0.0037608768424450822
2024-05-20 05:05:00,2024-05-19 19:28:00,26230.59977227551,5.496270658978393,26231.328260887603,-6.224759271072617,-0.298361867300982
2024-05-20 05:06:00,2024-05-19 19:29:00,26229.993300571008,5.591810389004047,26231.328227579448,-6.926737397444038,-0.49628845780961006
2024-05-20 05:07:00,2024-05-19 19:30:00,26229.798180864833,5.687322779838879,26231.328194271686,-7.2173361866918375,-0.09299954496962881
2024-05-20 05:08:00,2024-05-19 19:31:00,26229.9982161837,5.782791706770291,26231.328160964313,-7.1127364873832954,-0.09714646133605731
2024-05-20 05:09:00,2024-05-19 19:32:00,26229.794699593058,5.878201045085683,26231.328127657336,-7.411629109363952,-0.29660112533892447
2024-05-20 05:10:00,2024-05-19 19:33:00,26229.59569028276,5.973534670072462,26231.32809435075,-7.705938738061144,-0.3953680349804065
2024-05-20 05:11:00,2024-05-19 19:34:00,26229.19447232225,6.068776457018026,26231.328061044558,-8.202365179324765,-0.3952572548580253
2024-05-20 05:12:00,2024-05-19 19:35:00,26228.995484772193,6.163910281209779,26231.32802773876,-8.496453247777195,-0.5968953646766213
2024-05-20 05:13:00,2024-05-19 19:36:00,26228.190758542612,6.258920017935122,26231.327994433355,-9.396155908678008,-0.7431678115689131
2024-05-20 05:14:00,2024-05-19 19:37:00,26227.69896179991,6.353789542481456,26231.327961128343,-9.982788870915021,-0.543477723094103
2024-05-20 05:15:00,2024-05-19 19:38:00,26227.29331919899,6.448502730136187,26231.32792782372,-10.483111354866214,-0.29695181417857697
2024-05-20 05:16:00,2024-05-19 19:39:00,26227.29424547641,6.543043456186714,26231.327894519494,-10.576692499272175,0.25376430356767976
2024-05-20 05:17:00,2024-05-19 19:40:00,26227.98967406385,6.637395595920439,26231.32786121566,-9.975582747730854,0.506216025279902
2024-05-20 05:18:00,2024-05-19 19:41:00,26228.495110488137,6.731543024624766,26231.327827912224,-9.564260448712371,0.20743557093142684
2024-05-20 05:19:00,2024-05-19 19:42:00,26228.592552620892,6.825469617587096,26231.327794609173,-9.560711605868,-0.1954842344474752
2024-05-20 05:20:00,2024-05-19 19:43:00,26228.29169163901,6.919159250094829,26231.327761306522,-9.955228917607322,-0.39357837140982266
2024-05-20 05:21:00,2024-05-19 19:44:00,26227.992455453008,7.012595797435372,26231.32772800426,-10.347868348687646,-0.3917865348645124
2024-05-20 05:22:00,2024-05-19 19:45:00,26227.69465584995,7.105763134896124,26231.32769470239,-10.738801987336346,-0.3418187511506021
2024-05-20 05:23:00,2024-05-19 19:46:00,26227.49480068769,7.198645137764486,26231.327661400916,-11.03150585098885,-0.14095444073365915
2024-05-20 05:24:00,2024-05-19 19:47:00,26227.59814291236,7.291225681327863,26231.327628099836,-11.020710868803665,0.008252189676850819
2024-05-20 05:25:00,2024-05-19 19:48:00,26227.696081968388,7.383488640873654,26231.32759479915,-11.015001471635149,-0.09358229866217016
2024-05-20 05:26:00,2024-05-19 19:49:00,26227.595103924417,7.475417891689264,26231.327561498856,-11.207875466128005,-0.09243409321373974
2024-05-20 05:27:00,2024-05-19 19:50:00,26227.69465584995,7.566997309062093,26231.32752819895,-11.199869658062628,-0.1430341368093817
2024-05-20 05:28:00,2024-05-19 19:51:00,26227.49176192798,7.658210768279546,26231.327494899448,-11.493943739746769,-0.29155560729232466
2024-05-20 05:29:00,2024-05-19 19:52:00,26227.293522872314,7.749042144629021,26231.327461600333,-11.782980872647277,-0.28893171007129403
2024-05-20 05:30:00,2024-05-19 19:53:00,26227.095096455116,7.839475313397923,26231.327428301607,-12.071807159889357,-0.3882100884520545
2024-05-20 05:31:00,2024-05-19 19:54:00,26226.697488103608,7.929494149873652,26231.327395003285,-12.559401049551386,-0.4364202317159478
2024-05-20 05:32:00,2024-05-19 19:55:00,26226.401796611368,8.019082529343613,26231.327361705346,-12.944647623321252,-0.3409914426672742
2024-05-20 05:33:00,2024-05-19 19:56:00,26226.194168800015,8.108224327095204,26231.327328407806,-13.241383934885935,0.05731272888243932
2024-05-20 05:34:00,2024-05-19 19:57:00,26226.69417636352,8.19690341841583,26231.32729511066,-12.830022165556374,-0.08711574840217029
2024-05-20 05:35:00,2024-05-19 19:58:00,26226.196750060808,8.285103678592895,26231.327261813905,-13.415615431690275,-0.7354248355441158
2024-05-20 05:36:00,2024-05-19 19:59:00,26225.39916566381,8.372808982913797,26231.32722851754,-14.300871836644605,-0.8398917622184161
2024-05-20 05:37:00,2024-05-19 20:00:00,26224.691799472115,8.46000320666594,26231.327195221576,-15.095398956127108,0.06236041607203724
2024-05-20 05:38:00,2024-05-19 20:01:00,26225.697681146634,8.546670225136728,26231.327161925998,-14.17615100450053,1.063724167215451
2024-05-20 05:39:00,2024-05-19 20:02:00,26226.99197192274,8.632793913613556,26231.327128630823,-12.967950621696206,0.9102218136015852
2024-05-20 05:40:00,2024-05-19 20:03:00,26227.689746106116,8.718358147383835,26231.32709533603,-12.35570737729736,0.365919239464227
2024-05-20 05:41:00,2024-05-19 20:04:00,26227.894296700608,8.80334680173496,26231.32706204164,-12.236112142767752,0.31862907301586496
2024-05-20 05:42:00,2024-05-19 20:05:00,26228.496323268326,8.88774375195434,26231.327028747637,-11.71844923126563,0.3172870484340713
2024-05-20 05:43:00,2024-05-19 20:06:00,26228.696990281464,8.971532873329373,26231.326995454034,-11.60153804589961,-0.1859034876392398
2024-05-20 05:44:00,2024-05-19 20:07:00,26228.29140399542,9.054698041147459,26231.326962160816,-12.09025620654411,-0.4829033833756551
2024-05-20 05:45:00,2024-05-19 20:08:00,26227.896807186044,9.137223130696004,26231.326928868,-12.56734481265092,-0.28113592296482093
2024-05-20 05:46:00,2024-05-19 20:09:00,26227.89345954036,9.219092017262408,26231.32689557557,-12.652528052473752,0.01624539021775817
2024-05-20 05:47:00,2024-05-19 20:10:00,26228.092296827457,9.300288576134076,26231.32686228354,-12.534854032215403,-0.1791518100392544
2024-05-20 05:48:00,2024-05-19 20:11:00,26227.69679400195,9.380796682598405,26231.326828991903,-13.01083167255226,-0.32732600245775956
2024-05-20 05:49:00,2024-05-19 20:12:00,26227.597889875466,9.4606002119428,26231.326795700654,-13.189506037130922,-0.030479662361551974
2024-05-20 05:50:00,2024-05-19 20:13:00,26227.794654451984,9.539683039454665,26231.326762409804,-13.071790997275365,0.0718813677852399
2024-05-20 05:51:00,2024-05-19 20:14:00,26227.899014858205,9.618029040421398,26231.326729119344,-13.045743301560442,0.023696147899350706
2024-05-20 05:52:00,2024-05-19 20:15:00,26227.99791921793,9.695622090130406,26231.326695829277,-13.024398701476663,0.17223548544493816
2024-05-20 05:53:00,2024-05-19 20:16:00,26228.397836272805,9.772446063869086,26231.326662539606,-12.701272330670566,0.4212160704345198
2024-05-20 05:54:00,2024-05-19 20:17:00,26228.99314752665,9.848484836924843,26231.326629250332,-12.181966560607624,0.32194614688558243
2024-05-20 05:55:00,2024-05-19 20:18:00,26229.192938209133,9.92372228458508,26231.326595961447,-12.057380036899401,-0.02483169736944113
2024-05-20 05:56:00,2024-05-19 20:19:00,26229.09307499975,9.998142282137195,26231.32656267296,-12.231629955346506,-0.22106846952157344
2024-05-20 05:57:00,2024-05-19 20:20:00,26228.898741113782,10.071728704868598,26231.326529384856,-12.499516975942548,-0.12357031390557971
2024-05-20 05:58:00,2024-05-19 20:21:00,26228.992190942066,10.144465428066678,26231.326496097157,-12.478770583157665,0.2281112270524126
2024-05-20 05:59:00,2024-05-19 20:22:00,26229.499504615025,10.216336327018851,26231.326462809844,-12.043294521837723,0.18053473909173334
2024-05-20 06:00:00,2024-05-19 20:23:00,26229.49605369497,10.28732527701251,26231.32642952293,-12.117701104974199,-0.1733424049013097
2024-05-20 06:01:00,2024-05-19 20:24:00,26229.293833058106,10.35741615333506,26231.32639623641,-12.389979331640342,-0.4209479004613641
2024-05-20 06:02:00,2024-05-19 20:25:00,26228.79335887566,10.426592831273904,26231.326362950284,-12.959596905896927,-0.36733458565839694
2024-05-20 06:03:00,2024-05-19 20:26:00,26228.69652034771,10.494839186116444,26231.32632966455,-13.124648502957136,0.5825143203644858
2024-05-20 06:04:00,2024-05-19 20:27:00,26230.09386720719,10.562139093150082,26231.326296379208,-11.794568265167955,1.3852701031685282
2024-05-20 06:05:00,2024-05-19 20:28:00,26231.600631225305,10.628476427662218,26231.326263094263,-10.35410829662008,0.8873804931015199
2024-05-20 06:06:00,2024-05-19 20:29:00,26232.000257595682,10.693835064940256,26231.326229809707,-10.019807278964915,-0.06704986430651516
2024-05-20 06:07:00,2024-05-19 20:30:00,26231.59618738059,10.758198880271596,26231.32619652555,-10.48820802523311,-0.46483044085594827
2024-05-20 06:08:00,2024-05-19 20:31:00,26231.198246830052,10.821551748943644,26231.326163241785,-10.949468160676812,-0.7131846737501348
2024-05-20 06:09:00,2024-05-19 20:32:00,26230.29543013193,10.883877546243799,26231.32612995842,-11.91457737273338,-1.2604895804228882
2024-05-20 06:10:00,2024-05-19 20:33:00,26228.800809501376,10.945160147459465,26231.32609667544,-13.470447321522588,-1.0631448232889058
2024-05-20 06:11:00,2024-05-19 20:34:00,26228.29057980142,11.005383427878042,26231.326063392855,-14.040867019311191,-0.2594104015184442
2024-05-20 06:12:00,2024-05-19 20:35:00,26228.40129324889,11.064531262786932,26231.326030110664,-13.989268124559477,0.04297497484901047
2024-05-20 06:13:00,2024-05-19 20:36:00,26228.49366728673,11.122587527473538,26231.32599682887,-13.95491706961317,-0.10965870804075362
2024-05-20 06:14:00,2024-05-19 20:37:00,26228.29691410405,11.179536097225268,26231.325963547464,-14.208585540640984,-0.10650627759084585
2024-05-20 06:15:00,2024-05-19 20:38:00,26228.393361488997,11.235360847329513,26231.325930266463,-14.167929624794862,0.09207769049876635
2024-05-20 06:16:00,2024-05-19 20:39:00,26228.59151247928,11.290045653073683,26231.32589698585,-14.024430159643451,0.14638691077341015
2024-05-20 06:17:00,2024-05-19 20:40:00,26228.794282292125,11.343574389745179,26231.325863705628,-13.875155803248042,-0.002482106297984288
2024-05-20 06:18:00,2024-05-19 20:41:00,26228.692366986197,11.395930932631398,26231.325830425805,-14.02939437223942,-0.15010723856957853
2024-05-20 06:19:00,2024-05-19 20:42:00,26228.597526023004,11.44709915701975,26231.32579714637,-14.175370280387199,-0.10165843237536087
2024-05-20 06:20:00,2024-05-19 20:43:00,26228.590115568542,11.49706293819763,26231.325763867335,-14.232711236990141,-0.10194773565925352
2024-05-20 06:21:00,2024-05-19 20:44:00,26228.492270988438,11.545806151452442,26231.32573058869,-14.379265751705706,-0.09481275430187797
2024-05-20 06:22:00,2024-05-19 20:45:00,26228.49667323692,11.593312672071592,26231.325697310444,-14.422336745593897,-0.096301583612318
2024-05-20 06:23:00,2024-05-19 20:46:00,26228.393361488997,11.639566375342476,26231.325664032585,-14.571868918930342,-0.047787078822325135
2024-05-20 06:24:00,2024-05-19 20:47:00,26228.492270988438,11.684551136552503,26231.325630755124,-14.517910903238548,-0.04377550672798591
2024-05-20 06:25:00,2024-05-19 20:48:00,26228.39442837666,11.728250830989069,26231.32559747806,-14.659419932386314,-0.19181502846260834
2024-05-20 06:26:00,2024-05-19 20:49:00,26228.194672575162,11.77064933393958,26231.325564201386,-14.901540960163764,-0.2896827611197681
2024-05-20 06:27:00,2024-05-19 20:50:00,26227.898475991173,11.811730520691436,26231.325530925107,-15.23878545462585,-0.33781098997229986
2024-05-20 06:28:00,2024-05-19 20:51:00,26227.599812975644,11.85147826653204,26231.32549764922,-15.577162940108364,-0.3426371068469001
2024-05-20 06:29:00,2024-05-19 20:52:00,26227.29128115216,11.889876446748794,26231.32546437373,-15.92405966831965,-0.2888201935268855
2024-05-20 06:30:00,2024-05-19 20:53:00,26227.0975367081,11.926908936629099,26231.325431098634,-16.154803327162135,-0.13318052948667258
2024-05-20 06:31:00,2024-05-19 20:54:00,26227.0975367081,11.962559611460355,26231.325397823934,-16.190420727292995,-0.037655681775142114
2024-05-20 06:32:00,2024-05-19 20:55:00,26227.092062205444,11.996812346529973,26231.325364549626,-16.23011469071242,-0.08296896958222177
2024-05-20 06:33:00,2024-05-19 20:56:00,26226.99862362638,12.029651017125346,26231.32533127571,-16.35635866645744,-0.22964097007924877
2024-05-20 06:34:00,2024-05-19 20:57:00,26226.696960869853,12.061059498533877,26231.32529800219,-16.689396630870917,-0.282052144476026
2024-05-20 06:35:00,2024-05-19 20:58:00,26226.4958234397,12.091021666042975,26231.32526472907,-16.92046295540949,-0.27855091967303736
2024-05-20 06:36:00,2024-05-19 20:59:00,26226.19825438106,12.119521394940039,26231.325231456336,-17.24649847021699,-0.37844285125799004
2024-05-20 06:37:00,2024-05-19 21:00:00,26225.794392086584,12.146542560512463,26231.325198183997,-17.67734865792547,-0.37749760894487494
2024-05-20 06:38:00,2024-05-19 21:01:00,26225.495740261995,12.172069038047661,26231.325164912054,-18.00149368810674,-0.12584845249075016
2024-05-20 06:39:00,2024-05-19 21:02:00,26225.592170780434,12.196084702833025,26231.325131640508,-17.92904556290697,-0.07541987119736326
2024-05-20 06:40:00,2024-05-19 21:03:00,26225.391338369005,12.218573430155967,26231.32509836935,-18.152333430501468,-0.3210292463095783
2024-05-20 06:41:00,2024-05-19 21:04:00,26224.99348013837,12.239519095303883,26231.325065098594,-18.571104055526128,-0.36783380599556637
2024-05-20 06:42:00,2024-05-19 21:05:00,26224.695936359298,12.258905573564174,26231.325031828226,-18.8880010424926,-0.3154126315511441
2024-05-20 06:43:00,2024-05-19 21:06:00,26224.39978597985,12.276716740224243,26231.324998558255,-19.201929318628416,-0.3660295034802399
2024-05-20 06:44:00,2024-05-19 21:07:00,26223.997841709795,12.2929364705715,26231.324965288677,-19.62006004945308,-0.2680045191575964
2024-05-20 06:45:00,2024-05-19 21:08:00,26223.894542302445,12.307548639893332,26231.324932019495,-19.73793835694361,-0.26489163059158116
2024-05-20 06:46:00,2024-05-19 21:09:00,26223.49559256355,12.320537123477154,26231.32489875071,-20.149843310636243,-0.36093118250818534
2024-05-20 06:47:00,2024-05-19 21:10:00,26223.196950556965,12.331885796610363,26231.324865482315,-20.45980072195998,-0.15911646172789773
2024-05-20 06:48:00,2024-05-19 21:11:00,26223.198334514807,12.341578534580362,26231.32483221432,-20.468076234092038,-0.05978073194374112
2024-05-20 06:49:00,2024-05-19 21:12:00,26223.095035973536,12.349599212674551,26231.32479894671,-20.57936218584746,-0.10700237976636195
2024-05-20 06:50:00,2024-05-19 21:13:00,26222.99861639206,12.355931706180339,26231.324765679503,-20.682080993624762,-0.1554592833413455
2024-05-20 06:51:00,2024-05-19 21:14:00,26222.79501155054,12.360559890385113,26231.324732412686,-20.890280752530153,-0.20664787430110287
2024-05-20 06:52:00,2024-05-19 21:15:00,26222.59279004462,12.363467640576296,26231.32469914627,-21.095376742226968,-0.15407423350551142
2024-05-20 06:53:00,2024-05-19 21:16:00,26222.49087549274,12.364638832041273,26231.324665880238,-21.198429219541175,0.0026175656533169445
2024-05-20 06:54:00,2024-05-19 21:17:00,26222.598548343754,12.364057340067454,26231.324632614607,-21.090141610920334,0.005874118898240965
2024-05-20 06:55:00,2024-05-19 21:18:00,26222.499625407567,12.361707039942237,26231.32459934937,-21.186680981744693,-0.09714273330990508
2024-05-20 06:56:00,2024-05-19 21:19:00,26222.397710813937,12.35757180695303,26231.324566084524,-21.284427077540144,-0.2942636196684578
2024-05-20 06:57:00,2024-05-19 21:20:00,26221.90096011538,12.35163551638723,26231.324532820076,-21.77520822108161,-0.39300301748577837
2024-05-20 06:58:00,2024-05-19 21:21:00,26221.597948487044,12.343882043532238,26231.324499556024,-22.0704331125117,-0.29636521556805384
2024-05-20 06:59:00,2024-05-19 21:22:00,26221.29082290382,12.33429526367546,26231.32446629236,-22.367938652217717,-0.2902771390264878
2024-05-20 07:00:00,2024-05-19 21:23:00,26220.996304690638,12.322859052104302,26231.324433029098,-22.650987390564676,-0.23321705599294873
2024-05-20 07:01:00,2024-05-19 21:24:00,26220.799584286135,12.309557284106157,26231.324399766232,-22.834372764203614,-0.28504851955921495
2024-05-20 07:02:00,2024-05-19 21:25:00,26220.397655909037,12.294373834968429,26231.32436650375,-23.221084429683106,-0.38794441654359524
2024-05-20 07:03:00,2024-05-19 21:26:00,26219.99136422436,12.277292579978525,26231.32433324167,-23.610261597290805,-0.28205367053872443
2024-05-20 07:04:00,2024-05-19 21:27:00,26219.79740560365,12.258297394423842,26231.324299979988,-23.785191770760555,-0.029349470049966797
2024-05-20 07:05:00,2024-05-19 21:28:00,26219.892678334898,12.237372153591785,26231.324266718697,-23.66896053739074,0.022288649404089256
2024-05-20 07:06:00,2024-05-19 21:29:00,26219.798119718616,12.214500732769757,26231.3242334578,-23.740614471952377,-0.1739674147843875
2024-05-20 07:07:00,2024-05-19 21:30:00,26219.496971837583,12.18966700724516,26231.324200197298,-24.016895366959513,-0.22513799258863365
2024-05-20 07:08:00,2024-05-19 21:31:00,26219.29613133236,12.16285485230539,26231.324166937186,-24.190890457129644,-0.22258552077813754
2024-05-20 07:09:00,2024-05-19 21:32:00,26218.9961154122,12.134048143237855,26231.324133677477,-24.46206640851579,-0.273156506778772
2024-05-20 07:10:00,2024-05-19 21:33:00,26218.690127702797,12.103230755329957,26231.324100418155,-24.737203470687188,-0.1168845115505377
2024-05-20 07:11:00,2024-05-19 21:34:00,26218.698618291484,12.0703865638691,26231.324067159232,-24.695835431616864,-0.3112104230063206
2024-05-20 07:12:00,2024-05-19 21:35:00,26217.99990902815,12.03549944414268,26231.324033900706,-25.35962431669983,-0.41807101801108715
2024-05-20 07:13:00,2024-05-19 21:36:00,26217.79057644637,11.998553271438098,26231.32400064257,-25.531977467639038,-0.06297204939542134
2024-05-20 07:14:00,2024-05-19 21:37:00,26217.79793089038,11.959531921042764,26231.32396738483,-25.485568415490672,0.042520734616148914
2024-05-20 07:15:00,2024-05-19 21:38:00,26217.795417397323,11.918419268244076,26231.323934127486,-25.44693599840674,0.04312772582690094
2024-05-20 07:16:00,2024-05-19 21:39:00,26217.799787095028,11.87519918832944,26231.323900870535,-25.39931296383687,-0.05666956045625504
2024-05-20 07:17:00,2024-05-19 21:40:00,26217.59344805125,11.829855556586246,26231.323867613984,-25.56027511931925,-0.1543932441640532
2024-05-20 07:18:00,2024-05-19 21:41:00,26217.39810715396,11.782372248301915,26231.323834357823,-25.708099452164976,-0.14869210367511876
2024-05-20 07:19:00,2024-05-19 21:42:00,26217.198874914153,11.73273313876383,26231.32380110206,-25.857659326669488,-0.10256407603910667
2024-05-20 07:20:00,2024-05-19 21:43:00,26217.091462345707,11.680922103259405,26231.32376784669,-25.91322760424319,-0.2002404782232965
2024-05-20 07:21:00,2024-05-19 21:44:00,26216.692517325675,11.626923017076042,26231.323734591715,-26.25814028311608,-0.14364702357104875
2024-05-20 07:22:00,2024-05-19 21:45:00,26216.693899441252,11.57071975550113,26231.323701337136,-26.200521651385287,0.0567840330508016
2024-05-20 07:23:00,2024-05-19 21:46:00,26216.691392059754,11.512296193822088,26231.323668082947,-26.144572217014478,0.01229904469757237
2024-05-20 07:24:00,2024-05-19 21:47:00,26216.599347474494,11.451636207326313,26231.323634829158,-26.175923561990142,-0.08587442297479164
2024-05-20 07:25:00,2024-05-19 21:48:00,26216.3960041841,11.388723671301204,26231.32360157576,-26.31632106296406,-0.0876117696090617
2024-05-20 07:26:00,2024-05-19 21:49:00,26216.29596368259,11.323542461034162,26231.323568322765,-26.351147101208266,-0.033680869839429306
2024-05-20 07:27:00,2024-05-19 21:50:00,26216.195928719328,11.2560764518126,26231.323535070158,-26.38368280264292,-0.13343580650137454
2024-05-20 07:28:00,2024-05-19 21:51:00,26215.89179262266,11.186309518923903,26231.323501817948,-26.618018714211015,-0.18152714419629312
2024-05-20 07:29:00,2024-05-19 21:52:00,26215.69095701275,11.114225537655479,26231.32346856613,-26.746737091035506,0.0764174688914192
2024-05-20 07:30:00,2024-05-19 21:53:00,26215.89805992158,11.039808383294739,26231.323435314713,-26.465183776428177,0.17931538971820515
2024-05-20 07:31:00,2024-05-19 21:54:00,26215.89834479261,10.96304904052564,26231.323402063685,-26.388106311599095,-0.025756630526467816
2024-05-20 07:32:00,2024-05-19 21:55:00,26215.690638707194,10.883966931618392,26231.323368813057,-26.516697037481112,-0.07374280865110094
2024-05-20 07:33:00,2024-05-19 21:56:00,26215.59033222216,10.802588588239773,26231.32333556282,-26.535591928901297,-0.06473024602331456
2024-05-20 07:34:00,2024-05-19 21:57:00,26215.39608532551,10.718940542056556,26231.32330231298,-26.64615752952774,-0.1136828233195466
2024-05-20 07:35:00,2024-05-19 21:58:00,26215.193360812733,10.633049324735516,26231.323269063538,-26.76295757554039,-0.015022783699510711
2024-05-20 07:36:00,2024-05-19 21:59:00,26215.1919741855,10.544941467943422,26231.323235814485,-26.676203096926763,-0.10968570889256668
2024-05-20 07:37:00,2024-05-19 22:00:00,26214.79551707585,10.454643503347055,26231.32320256583,-26.982328993325524,-0.25464135879101946
2024-05-20 07:38:00,2024-05-19 22:01:00,26214.499865465674,10.362181962613187,26231.32316931757,-27.1854858145088,-0.3061916411758858
2024-05-20 07:39:00,2024-05-19 22:02:00,26213.996007171438,10.267583377408586,26231.323136069706,-27.594712275677296,-0.4066742340183964
2024-05-20 07:40:00,2024-05-19 22:03:00,26213.49514281909,10.170874279400033,26231.323102822236,-27.998834282545594,-0.2530663878912236
2024-05-20 07:41:00,2024-05-19 22:04:00,26213.294305723957,10.072081200254301,26231.323069575163,-28.100845051459743,-0.19934606697037083
2024-05-20 07:42:00,2024-05-19 22:05:00,26212.896740583634,9.97123067163816,26231.323036328482,-28.397526416486336,-0.19924436494795472
2024-05-20 07:43:00,2024-05-19 22:06:00,26212.692018526064,9.868349225218386,26231.3230030822,-28.499333781355652,-0.09611621989191121
2024-05-20 07:44:00,2024-05-19 22:07:00,26212.4966743727,9.763463392661755,26231.32296983631,-28.58975885627016,-0.0928747983171565
2024-05-20 07:45:00,2024-05-19 22:08:00,26212.29445291846,9.656599705635042,26231.322936590816,-28.685083377989965,-0.09515275942359835
2024-05-20 07:46:00,2024-05-19 22:09:00,26212.0906236664,9.547784695805012,26231.322903345714,-28.780064375117355,-0.09116018892881961
2024-05-20 07:47:00,2024-05-19 22:10:00,26211.892511240007,9.43704489483845,26231.322870101016,-28.867403755847604,0.012665962007400111
2024-05-20 07:48:00,2024-05-19 22:11:00,26211.892511240007,9.324406834402124,26231.322836856707,-28.754732451102555,0.01443984647774954
2024-05-20 07:49:00,2024-05-19 22:12:00,26211.694176596066,9.20989704616281,26231.322803612795,-28.838524062892105,-0.13246020037973416
2024-05-20 07:50:00,2024-05-19 22:13:00,26211.396659579204,9.093542061787279,26231.32277036928,-29.019652851862023,-0.18296539731620598
2024-05-20 07:51:00,2024-05-19 22:14:00,26211.093650681574,8.97536841294231,26231.322737126156,-29.204454857524517,-0.18115332752014446
2024-05-20 07:52:00,2024-05-19 22:15:00,26210.796147007823,8.855402631294673,26231.32270388343,-29.381959506902312,-0.17581433403731594
2024-05-20 07:53:00,2024-05-19 22:16:00,26210.500258364013,8.733671248511142,26231.3226706411,-29.55608352559915,-0.02680318134376236
2024-05-20 07:54:00,2024-05-19 22:17:00,26210.497272325832,8.610200796258495,26231.322637399164,-29.435565869589837,-0.028057144434669112
2024-05-20 07:55:00,2024-05-19 22:18:00,26210.19542414936,8.4850178062035,26231.322604157624,-29.612197814468487,-0.22455982717427503
2024-05-20 07:56:00,2024-05-19 22:19:00,26209.796034202554,8.358148810012935,26231.32257091648,-29.884685523938387,-0.06989481446088064
2024-05-20 07:57:00,2024-05-19 22:20:00,26209.800170571692,8.229620339353572,26231.32253767573,-29.75198744339025,0.07740011781006118
2024-05-20 07:58:00,2024-05-19 22:21:00,26209.69207807295,8.099458925892186,26231.322504435375,-29.729885288318265,0.0775333173256989
2024-05-20 07:59:00,2024-05-19 22:22:00,26209.69324148797,7.967691101295552,26231.322471195414,-29.59692080873885,0.13375618369699005
2024-05-20 08:00:00,2024-05-19 22:23:00,26209.69440843216,7.834343397230444,26231.322437955852,-29.462372920924285,0.03787911375347264
2024-05-20 08:01:00,2024-05-19 22:24:00,26209.500684480812,7.699442345363634,26231.32240471668,-29.521162581231906,0.036076019468678666
2024-05-20 08:02:00,2024-05-19 22:25:00,26209.495165073287,7.563014477361897,26231.322371477912,-29.390220881986927,0.23566621701270662
2024-05-20 08:03:00,2024-05-19 22:26:00,26209.697594417223,7.425086324892007,26231.322338239537,-29.049830147206492,0.3901334535667935
2024-05-20 08:04:00,2024-05-19 22:27:00,26209.998035446322,7.285684419620735,26231.322305001555,-28.60995397485334,0.4398019948554257
2024-05-20 08:05:00,2024-05-19 22:28:00,26210.29688089969,7.144835293214861,26231.32227176397,-28.17022615749564,0.13883610749873831
2024-05-20 08:06:00,2024-05-19 22:29:00,26209.99252224426,7.002565477341153,26231.322238526776,-28.332281759855864,-0.156999766581702
2024-05-20 08:07:00,2024-05-19 22:30:00,26209.69688110299,6.858901503666389,26231.322205289984,-28.484225690659045,-0.10328419566535096
2024-05-20 08:08:00,2024-05-19 22:31:00,26209.497191806255,6.7138699038573435,26231.322172053584,-28.538850151186566,-0.005753566320446879
2024-05-20 08:09:00,2024-05-19 22:32:00,26209.393903203865,6.567497209580788,26231.322138817584,-28.49573282329994,0.045042664746143046
2024-05-20 08:10:00,2024-05-19 22:33:00,26209.293150712783,6.4198099525034955,26231.322105581974,-28.44876482169428,-0.2489279047211408
2024-05-20 08:11:00,2024-05-19 22:34:00,26208.59931837831,6.2708346642922415,26231.32207234676,-28.99358863274222,-0.5497052792690216
2024-05-20 08:12:00,2024-05-19 22:35:00,26207.89446160832,6.1205978766138,26231.32203911194,-29.548175380232323,-0.4031723581207167
2024-05-20 08:13:00,2024-05-19 22:36:00,26207.491198649674,5.969126121134946,26231.322005877522,-29.799933348983654,-0.09681947095775811
2024-05-20 08:14:00,2024-05-19 22:37:00,26207.39660425087,5.816445929522451,26231.321972643495,-29.74181432214784,0.20594154900129347
2024-05-20 08:15:00,2024-05-19 22:38:00,26207.59647299233,5.662583833443092,26231.321939409867,-29.388050250981067,0.35434875819855804
2024-05-20 08:16:00,2024-05-19 22:39:00,26207.79635573544,5.507566364563642,26231.32190617663,-29.033116805750723,0.3075290199006844
2024-05-20 08:17:00,2024-05-19 22:40:00,26207.900300787165,5.351420054550871,26231.321872943794,-28.772992211179698,0.25850664910585053
2024-05-20 08:18:00,2024-05-19 22:41:00,26207.99990763889,5.194171435071559,26231.321839711356,-28.51610350753902,0.2530710884430878
2024-05-20 08:19:00,2024-05-19 22:42:00,26208.090803482806,5.035847037792476,26231.321806479307,-28.266850034293522,0.10884314549074858
2024-05-20 08:20:00,2024-05-19 22:43:00,26207.899829425478,4.876473394380398,26231.321773247655,-28.298417216557525,-0.08832557355312254
2024-05-20 08:21:00,2024-05-19 22:44:00,26207.594315871498,4.7160770365020985,26231.321740016396,-28.443501181399768,-0.2422535703137303
2024-05-20 08:22:00,2024-05-19 22:45:00,26207.09346692418,4.554684495824351,26231.32170678554,-28.782924357184985,-0.4857204731750926
2024-05-20 08:23:00,2024-05-19 22:46:00,26206.299053731334,4.39232230401393,26231.32167355507,-29.414942127749953,-0.48418103564624815
2024-05-20 08:24:00,2024-05-19 22:47:00,26205.799370889265,4.229016992737608,26231.321640325004,-29.75128642847748,-0.2876843130930844
2024-05-20 08:25:00,2024-05-19 22:48:00,26205.39609143506,4.064795093662161,26231.321607095335,-29.99031075393612,-0.08513730307062417
2024-05-20 08:26:00,2024-05-19 22:49:00,26205.299695969894,3.8996831384543618,26231.32157386606,-29.92156103461873,0.21297203737885084
2024-05-20 08:27:00,2024-05-19 22:50:00,26205.490881616777,3.7337076587809843,26231.321540637175,-29.56436667917842,0.31388612435503305
2024-05-20 08:28:00,2024-05-19 22:51:00,26205.59461380909,3.5668951863088023,26231.32150740869,-29.293788785908664,0.2192256750827184
2024-05-20 08:29:00,2024-05-19 22:52:00,26205.594831104292,3.3992722527045918,26231.3214741806,-29.125915329012983,0.1699889015462368
2024-05-20 08:30:00,2024-05-19 22:53:00,26205.598495359725,3.2308653896351243,26231.321440952906,-28.95381098281619,0.017090855145671213
2024-05-20 08:31:00,2024-05-19 22:54:00,26205.291375235654,3.061701128767175,26231.32140772561,-29.09173361872164,-0.17944500882411063
2024-05-20 08:32:00,2024-05-19 22:55:00,26204.90047950001,2.891806001767517,26231.321374498708,-29.31270100046441,-0.2288802603601443
2024-05-20 08:33:00,2024-05-19 22:56:00,26204.493053673064,2.7212065403029255,26231.321341272203,-29.54949413944193,0.018215753959884395
2024-05-20 08:34:00,2024-05-19 22:57:00,26204.59496782959,2.5499292760401735,26231.321308046096,-29.276269492544643,0.32152541477030994
2024-05-20 08:35:00,2024-05-19 22:58:00,26204.792832251125,2.378000740646035,26231.32127482038,-28.90644330990131,0.3216991886139926
2024-05-20 08:36:00,2024-05-19 22:59:00,26204.893817945533,2.2054474657872842,26231.321241595062,-28.632871115316657,0.2759438305263746
2024-05-20 08:37:00,2024-05-19 23:00:00,26204.998948704422,2.0322959831306955,26231.32120837014,-28.35455564884856,0.17381861687525735
2024-05-20 08:38:00,2024-05-19 23:01:00,26204.89451408839,1.8585728243430428,26231.321175145615,-28.285233881566143,0.12055252657560445
2024-05-20 08:39:00,2024-05-19 23:02:00,26204.89199584688,1.6843045210910987,26231.321141921486,-28.11345059569735,0.12521785553771814
2024-05-20 08:40:00,2024-05-19 23:03:00,26204.7958281323,1.5095176050416395,26231.32110869775,-28.034798170490706,-0.023591968903911464
2024-05-20 08:41:00,2024-05-19 23:04:00,26204.494679548774,1.334238607861436,26231.321075474418,-28.160634533505174,0.022219877201695937
2024-05-20 08:42:00,2024-05-19 23:05:00,26204.4891778966,1.1584940612172656,26231.32104225147,-27.990358416087314,0.17324645220096002
2024-05-20 08:43:00,2024-05-19 23:06:00,26204.4891778966,0.9823104967759004,26231.32100902893,-27.814141629103254,0.2812127311705357
2024-05-20 08:44:00,2024-05-19 23:07:00,26204.698757299233,0.8057144462041141,26231.320975806775,-27.427932953746243,0.3799730188341375
2024-05-20 08:45:00,2024-05-19 23:08:00,26204.895479434756,0.6287324411686823,26231.320942585022,-27.05419559143498,0.3237639818887992
2024-05-20 08:46:00,2024-05-19 23:09:00,26204.991895387033,0.45139101333637655,26231.320909363665,-26.780404989968645,0.2279352293627941
2024-05-20 08:47:00,2024-05-19 23:10:00,26204.99626770437,0.27371669437397284,26231.320876142705,-26.59832513270939,0.027978854190630287
2024-05-20 08:48:00,2024-05-19 23:11:00,26204.6921316565,0.09573601594824499,26231.320842922138,-26.724447281587384,-0.2701249194937265
2024-05-20 08:49:00,2024-05-19 23:12:00,26204.09971024,-0.08252449027403452,26231.32080970197,-27.138574971696844,-0.3213760918000741
2024-05-20 08:50:00,2024-05-19 23:13:00,26203.692538724386,-0.2610382926260897,26231.3207764822,-27.367199465187532,-0.1249620184603284
2024-05-20 08:51:00,2024-05-19 23:14:00,26203.492465394764,-0.4397788594411489,26231.320743262822,-27.3884990086175,0.28239794976642507
2024-05-20 08:52:00,2024-05-19 23:15:00,26203.899586819134,-0.6187196590524353,26231.32071004384,-26.802403565654682,0.7790991806359155
2024-05-20 08:53:00,2024-05-19 23:16:00,26204.692542018118,-0.7978341597931782,26231.320676825257,-25.83030064734567,1.2290650813806447
2024-05-20 08:54:00,2024-05-19 23:17:00,26205.99927437418,-0.9770958299966015,26231.32064360707,-24.344273402893393,1.1815378758191262
2024-05-20 08:55:00,2024-05-19 23:18:00,26206.69690735557,-1.1564781379959315,26231.320610389273,-23.467224895707417,0.679113520675104
2024-05-20 08:56:00,2024-05-19 23:19:00,26206.99857625821,-1.3359545521243943,26231.32057717188,-22.986046361543185,0.18158265669566198
2024-05-20 08:57:00,2024-05-19 23:20:00,26206.70098583185,-1.5154985407152162,26231.32054395488,-23.104059582316093,-0.6735226219312782
2024-05-20 08:58:00,2024-05-19 23:21:00,26205.29233556077,-1.6950835721016224,26231.32051073828,-24.33309160540574,-1.1254463323154589
2024-05-20 08:59:00,2024-05-19 23:22:00,26204.090842160505,-1.8746831146168397,26231.32047752207,-25.35495224694701,-0.669910086815344
2024-05-20 09:00:00,2024-05-19 23:23:00,26203.59326189063,-2.054270636594094,26231.32044430626,-25.67291177903643,-0.26606180865494267
2024-05-20 09:01:00,2024-05-19 23:24:00,26203.19951562022,-2.233819606366614,26231.320411090845,-25.887075864256897,0.18151439157312055
2024-05-20 09:02:00,2024-05-19 23:25:00,26203.59719138767,-2.4133034922676186,26231.32037787583,-25.309882995890188,0.9253169892979383
2024-05-20 09:03:00,2024-05-19 23:26:00,26204.691207012915,-2.5926957626303424,26231.320344661206,-24.03644188566102,1.177072274507804
2024-05-20 09:04:00,2024-05-19 23:27:00,26205.59260311432,-2.7719698857880055,26231.320311446983,-22.95573844687458,0.8795535135816497
2024-05-20 09:05:00,2024-05-19 23:28:00,26206.091844044586,-2.951099330073835,26231.320278233157,-22.27733485849772,0.5318133508520297
2024-05-20 09:06:00,2024-05-19 23:29:00,26206.29807571073,-3.130057563821059,26231.32024501972,-21.89211174517052,0.18039431345120605
2024-05-20 09:07:00,2024-05-19 23:30:00,26206.094847519726,-3.3088180553629023,26231.320211806684,-21.91654623159531,-0.12172910383188373
2024-05-20 09:08:00,2024-05-19 23:31:00,26205.697254368177,-3.487354273032592,26231.320178594044,-22.135569952834288,-0.17242077852298365
2024-05-20 09:09:00,2024-05-19 23:32:00,26205.393117908,-3.6656396851633515,26231.320145381804,-22.261387788641276,-0.1754037635115644
2024-05-20 09:10:00,2024-05-19 23:33:00,26204.990086930007,-3.843647760088408,26231.320112169953,-22.486377479857417,-0.1687455033235743
2024-05-20 09:11:00,2024-05-19 23:34:00,26204.699848197077,-4.021351966140988,26231.320078958506,-22.598878795288424,-0.07238254466015093
2024-05-20 09:12:00,2024-05-19 23:35:00,26204.49017740662,-4.198725771654317,26231.320045747452,-22.63114256917772,0.025665472102772924
2024-05-20 09:13:00,2024-05-19 23:36:00,26204.39672204075,-4.3757426449616235,26231.320012536795,-22.54754785108288,0.17756287420020023
2024-05-20 09:14:00,2024-05-19 23:37:00,26204.491586451357,-4.55237605439613,26231.31997932653,-22.27601682077732,0.223893827030599
2024-05-20 09:15:00,2024-05-19 23:38:00,26204.491586451357,-4.728599468291066,26231.31994611667,-22.09976019702168,0.17603835995783257
2024-05-20 09:16:00,2024-05-19 23:39:00,26204.491586451357,-4.904386354979653,26231.319912907198,-21.923940100861653,0.17558856652337873
2024-05-20 09:17:00,2024-05-19 23:40:00,26204.491586451357,-5.079710182795121,26231.319879698127,-21.748583063974923,0.0767221029523828
2024-05-20 09:18:00,2024-05-19 23:41:00,26204.294806174425,-5.254544420070693,26231.319846489452,-21.770495894956888,0.024556998487286208
2024-05-20 09:19:00,2024-05-19 23:42:00,26204.191481679034,-5.428862535139599,26231.319813281174,-21.69946906700035,0.27297619771925596
2024-05-20 09:20:00,2024-05-19 23:43:00,26204.492598577443,-5.602637996335062,26231.319780073296,-21.224543499518376,0.3757446601890777
2024-05-20 09:21:00,2024-05-19 23:44:00,26204.595922847195,-5.775844271990308,26231.319746865807,-20.947979746622195,0.2748574696131456
2024-05-20 09:22:00,2024-05-19 23:45:00,26204.69643026799,-5.948454830438564,26231.319713658722,-20.674828560292084,0.27203461082420155
2024-05-20 09:23:00,2024-05-19 23:46:00,26204.79532678704,-6.120443140013056,26231.319680452027,-20.403910524973792,0.16918665476495676
2024-05-20 09:24:00,2024-05-19 23:47:00,26204.691409325926,-6.291782669047009,26231.319647245735,-20.33645525076217,0.320593498903996
2024-05-20 09:25:00,2024-05-19 23:48:00,26205.094443626796,-6.46244688587365,26231.319614039836,-19.7627235271658,0.6223200283420347
2024-05-20 09:26:00,2024-05-19 23:49:00,26205.59535638143,-6.6324092588262085,26231.319580834333,-19.0918151940781,0.42040685423440216
2024-05-20 09:27:00,2024-05-19 23:50:00,26205.595994554293,-6.801643256237903,26231.319547629228,-18.921909818696996,0.06762111431710771
2024-05-20 09:28:00,2024-05-19 23:51:00,26205.392819112636,-6.970122346441964,26231.319514424522,-18.956572965443886,0.01882107791614729
2024-05-20 09:29:00,2024-05-19 23:52:00,26205.29739355957,-7.137819997771615,26231.319481220205,-18.8842676628647,0.06679380527494949
2024-05-20 09:30:00,2024-05-19 23:53:00,26205.191752982842,-7.304709678560088,26231.319448016297,-18.822985354893987,0.16436359971905645
2024-05-20 09:31:00,2024-05-19 23:54:00,26205.29310949221,-7.470764857140603,26231.319414812777,-18.55554046342659,0.36990889018044015
2024-05-20 09:32:00,2024-05-19 23:55:00,26205.600255033274,-7.635959001846389,26231.319381609654,-18.083167574533107,0.5141378561219199
2024-05-20 09:33:00,2024-05-19 23:56:00,26205.991818074734,-7.8002655810106685,26231.319348406927,-17.52726475118275,0.6131223009347355
2024-05-20 09:34:00,2024-05-19 23:57:00,26206.49873416897,-7.963658062966676,26231.3193152046,-16.856922972663636,0.5125890877616577
2024-05-20 09:35:00,2024-05-19 23:58:00,26206.691085510967,-8.126109916047623,26231.319282002674,-16.502086575659433,0.41192776680639476
2024-05-20 09:36:00,2024-05-19 23:59:00,26206.9985867535,-8.28759460858675,26231.319248801137,-16.033067439050846,0.5662084124630473
2024-05-20 09:37:00,2024-05-20 00:00:00,26207.50146024035,-8.44808560891728,26231.3192156,-15.369669750733339,0.7597708619285752
2024-05-20 09:38:00,2024-05-20 00:01:00,26208.198100298694,-8.607556385372432,26231.31918239926,-14.513525715193696,0.7565380227732845
2024-05-20 09:39:00,2024-05-20 00:02:00,26208.69657508744,-8.765980406285435,26231.319149198913,-13.85659370518677,0.5572054703550746
2024-05-20 09:40:00,2024-05-20 00:03:00,26208.996670084493,-8.923331139989518,26231.319115998966,-13.399114774483547,0.45843881335675984
2024-05-20 09:41:00,2024-05-20 00:04:00,26209.299784666127,-9.079582054817909,26231.31908279942,-12.93971607847325,0.45239330616391626
2024-05-20 09:42:00,2024-05-20 00:05:00,26209.590014819,-9.234706619103829,26231.31904960026,-12.494328162155714,0.5007050529482422
2024-05-20 09:43:00,2024-05-20 00:06:00,26209.99203212775,-9.388678301180496,26231.319016401507,-11.938305972576766,0.5064920448532675
2024-05-20 09:44:00,2024-05-20 00:07:00,26210.296168561315,-9.541470569381158,26231.318983203146,-11.481344072449179,0.40620654512487153
2024-05-20 09:45:00,2024-05-20 00:08:00,26210.500000230822,-9.693056892039024,26231.31895000519,-11.125892882327022,0.3008580647717132
2024-05-20 09:46:00,2024-05-20 00:09:00,26210.595878127227,-9.843410737487321,26231.31891680762,-10.879627942905753,0.1954834892037418
2024-05-20 09:47:00,2024-05-20 00:10:00,26210.591452132474,-9.992505574059287,26231.318883610453,-10.734925903919539,0.2983404768498694
2024-05-20 09:48:00,2024-05-20 00:11:00,26210.895588554387,-10.14031487008813,26231.31885041368,-10.282946989206014,0.49875359272070874
2024-05-20 09:49:00,2024-05-20 00:12:00,26211.29458640492,-10.286812093907091,26231.318817217307,-9.737418718478121,0.39702185371621734
2024-05-20 09:50:00,2024-05-20 00:13:00,26211.397910025706,-10.43197071384939,26231.31878402133,-9.48890328177358,0.14400185693987222
2024-05-20 09:51:00,2024-05-20 00:14:00,26211.2935716229,-10.575764198248253,26231.318750825747,-9.449415004598377,0.09317594868950252
2024-05-20 09:52:00,2024-05-20 00:15:00,26211.298000230738,-10.718166015436909,26231.31871763057,-9.302551384394574,0.09398808932336156
2024-05-20 09:53:00,2024-05-20 00:16:00,26211.198095976077,-10.859149633748576,26231.318684435777,-9.261438825951654,0.1870262363879016
2024-05-20 09:54:00,2024-05-20 00:17:00,26211.391463808253,-10.998688521516488,26231.31865124139,-8.928498911618771,0.48921618551663304
2024-05-20 09:55:00,2024-05-20 00:18:00,26211.8988554454,-11.136756147073873,26231.318618047393,-8.283006454918388,0.4902490721612711
2024-05-20 09:56:00,2024-05-20 00:19:00,26212.097258107755,-11.273325978753952,26231.318584853805,-7.948000767296229,0.3828829368190245
2024-05-20 09:57:00,2024-05-20 00:20:00,26212.392939594432,-11.40837148488995,26231.318551660603,-7.517240581280339,0.282144013871628
2024-05-20 09:58:00,2024-05-20 00:21:00,26212.392939594432,-11.541866133815095,26231.3185184678,-7.383712739552973,0.0822760636700286
2024-05-20 09:59:00,2024-05-20 00:22:00,26212.292013427596,-11.673783393862614,26231.3184852754,-7.3526884539402815,-0.019928050641922823
2024-05-20 10:00:00,2024-05-20 00:23:00,26212.09078650919,-11.804096733365729,26231.318452083393,-7.423568840836818,-0.221335310261896
2024-05-20 10:01:00,2024-05-20 00:24:00,26211.590280196662,-11.93277962065767,26231.318418891784,-7.7953590744640735,-0.07239660199151565
2024-05-20 10:02:00,2024-05-20 00:25:00,26211.69021813168,-12.059805524071663,26231.31838570057,-7.56836204481985,0.23060864878785292
2024-05-20 10:03:00,2024-05-20 00:26:00,26211.799062820926,-12.185147911940936,26231.318352509756,-7.334141776888368,0.42844084259098025
2024-05-20 10:04:00,2024-05-20 00:27:00,26212.2980587071,-12.308780252598709,26231.318319319336,-6.711480359637889,0.46950509128308315
2024-05-20 10:05:00,2024-05-20 00:28:00,26212.49247852062,-12.430676014378214,26231.31828612932,-6.395131594322201,0.2182573030882029
2024-05-20 10:06:00,2024-05-20 00:29:00,26212.49247852062,-12.550808665612667,26231.318252939695,-6.274965753461483,0.020388027790538388
2024-05-20 10:07:00,2024-05-20 00:30:00,26212.294712537092,-12.669151674635309,26231.31821975047,-6.354355538741125,-0.03014561993622422
2024-05-20 10:08:00,2024-05-20 00:31:00,26212.197251058522,-12.785678509779355,26231.318186561635,-6.335256993333932,0.014760456962875423
2024-05-20 10:09:00,2024-05-20 00:32:00,26212.092956109016,-12.900362639378038,26231.31815337321,-6.324834624815374,0.01442327802233656
2024-05-20 10:10:00,2024-05-20 00:33:00,26211.99853221612,-13.013177531764569,26231.318120185173,-6.306410437289259,0.11222987567482434
2024-05-20 10:11:00,2024-05-20 00:34:00,26212.0936154688,-13.124096655272197,26231.318086997537,-6.100374873465725,0.10657449591083079
2024-05-20 10:12:00,2024-05-20 00:35:00,26211.991698886595,-13.233093478234132,26231.318053810297,-6.093261445467597,0.009886707621440394
2024-05-20 10:13:00,2024-05-20 00:36:00,26211.89727769625,-13.340141468983603,26231.318020623457,-6.080601458222844,0.1071368690099419
2024-05-20 10:14:00,2024-05-20 00:37:00,26211.993785633706,-13.445214095853835,26231.317987437007,-5.878987707447713,0.3036205332915216
2024-05-20 10:15:00,2024-05-20 00:38:00,26212.296309032143,-13.548284827178065,26231.31795425096,-5.473360391639801,0.25335140278465396
2024-05-20 10:16:00,2024-05-20 00:39:00,26212.296309032143,-13.649327131289507,26231.31792106531,-5.372284901878405,0.04989631891882773
2024-05-20 10:17:00,2024-05-20 00:40:00,26212.196005649734,-13.74831447652139,26231.317887880057,-5.373567753802146,0.047355236625419295
2024-05-20 10:18:00,2024-05-20 00:41:00,26212.195059935366,-13.845220331206939,26231.3178546952,-5.277574428627567,0.14438005410090682
2024-05-20 10:19:00,2024-05-20 00:42:00,26212.292995701464,-13.940018163679387,26231.317821510744,-5.084807645600332,0.2426588598444983
2024-05-20 10:20:00,2024-05-20 00:43:00,26212.49285017547,-14.032681442271947,26231.31778832668,-4.79225670893857,0.14328692115922337
2024-05-20 10:21:00,2024-05-20 00:44:00,26212.39633770442,-14.123183635317861,26231.31775514302,-4.798233803281885,0.08944156790090751
2024-05-20 10:22:00,2024-05-20 00:45:00,26212.49285017547,-14.211498211150342,26231.317721959756,-4.613373573136755,0.23812662340261426
2024-05-20 10:23:00,2024-05-20 00:46:00,26212.698109582307,-14.297598638102617,26231.317688776886,-4.321980556476657,0.18612323881711212
2024-05-20 10:24:00,2024-05-20 00:47:00,26212.695070114405,-14.381458384507926,26231.317655594416,-4.241127095502531,0.13266815315469316
2024-05-20 10:25:00,2024-05-20 00:48:00,26212.797927243475,-14.463050918699476,26231.31762241234,-4.05664425016727,-0.26745905815602633
2024-05-20 10:26:00,2024-05-20 00:49:00,26211.999194309843,-14.542349709010502,26231.317589230668,-4.7760452118145835,-0.5723739654880795
2024-05-20 10:27:00,2024-05-20 00:50:00,26211.49683564447,-14.619328223774236,26231.317556049387,-5.201392181143429,-0.2246587335724719
2024-05-20 10:28:00,2024-05-20 00:51:00,26211.398200258223,-14.693959931323889,26231.317522868507,-5.225362678959527,0.07221369251197274
2024-05-20 10:29:00,2024-05-20 00:52:00,26211.49430659191,-14.766218299992705,26231.317489688023,-5.056964796119484,0.2695830900350771
2024-05-20 10:30:00,2024-05-20 00:53:00,26211.795183210936,-14.836076798113893,26231.31745650794,-4.686196498889373,0.2201896584934877
2024-05-20 10:31:00,2024-05-20 00:54:00,26211.797321439062,-14.903516410053244,26231.317423328248,-4.6165854791325085,0.11631976325162796
2024-05-20 10:32:00,2024-05-20 00:55:00,26211.895284992268,-14.968548184306734,26231.31739014896,-4.453556972386117,0.060725048480356314
2024-05-20 10:33:00,2024-05-20 00:56:00,26211.79103090249,-15.031190685402905,26231.317356970063,-4.495135382171796,0.011874257176259562
2024-05-20 10:34:00,2024-05-20 00:57:00,26211.79605285567,-15.091462477870287,26231.317323791573,-4.429808458033598,0.15844986679310225
2024-05-20 10:35:00,2024-05-20 00:58:00,26211.989672838652,-15.14938212623742,26231.317290613475,-4.178235648585591,0.20635836243640426
2024-05-20 10:36:00,2024-05-20 00:59:00,26212.09519750758,-15.20496819503284,26231.317257435774,-4.01709173316079,0.10606409056135302
2024-05-20 10:37:00,2024-05-20 01:00:00,26212.092877542225,-15.25823924878508,26231.317224258473,-3.9661074674628853,0.003812662475627171
2024-05-20 10:38:00,2024-05-20 01:01:00,26211.998510821337,-15.309213852022678,26231.31719108157,-4.009466408209535,-0.04871073680008298
2024-05-20 10:39:00,2024-05-20 01:02:00,26211.895718394728,-15.357910569274171,26231.317157905065,-4.063528941063051,0.04897704593876817
2024-05-20 10:40:00,2024-05-20 01:03:00,26212.00126444755,-15.404347965068093,26231.31712472895,-3.911512316331999,0.144436287964532
2024-05-20 10:41:00,2024-05-20 01:04:00,26212.093890584172,-15.448544603932978,26231.31709155324,-3.7746563651339873,0.08900094050914742
2024-05-20 10:42:00,2024-05-20 01:05:00,26212.093028892217,-15.490519050397367,26231.31705837793,-3.733510435313704,0.09172725184798747
2024-05-20 10:43:00,2024-05-20 01:06:00,26212.195533472583,-15.530289868989794,26231.31702520301,-3.5912018614380123,0.18877474260787608
2024-05-20 10:44:00,2024-05-20 01:07:00,26212.393155454156,-15.567875624238795,26231.316992028493,-3.355960950097952,0.18660504287777258
2024-05-20 10:45:00,2024-05-20 01:08:00,26212.49567219802,-15.603294880672902,26231.316958854375,-3.217991775682467,0.18517966001919373
2024-05-20 10:46:00,2024-05-20 01:09:00,26212.69475784777,-15.636566202820658,26231.31692568065,-2.9856016300595645,0.13208862003981192
2024-05-20 10:47:00,2024-05-20 01:10:00,26212.695369816513,-15.667708155210592,26231.316892507326,-2.9538145356028433,0.1786771906314213
2024-05-20 10:48:00,2024-05-20 01:11:00,26212.991872783234,-15.696739302371245,26231.3168593344,-2.628247248796722,0.3263893318958493
2024-05-20 10:49:00,2024-05-20 01:12:00,26213.292112081228,-15.723678208831153,26231.31682616187,-2.3010358718111448,0.3277102210399274
2024-05-20 10:50:00,2024-05-20 01:13:00,26213.595422743903,-15.748543439118848,26231.31679298974,-1.972826806716867,0.32419535148105716
2024-05-20 10:51:00,2024-05-20 01:14:00,26213.892761091396,-15.771353557762868,26231.316759818008,-1.6526451688490305,0.2244411843378158
2024-05-20 10:52:00,2024-05-20 01:15:00,26214.00065507934,-15.792127129291748,26231.316726646673,-1.5239444380412355,0.07179946791723602
2024-05-20 10:53:00,2024-05-20 01:16:00,26213.996764524483,-15.810882718234026,26231.316693475732,-1.5090462330145584,0.014708212835109258
2024-05-20 10:54:00,2024-05-20 01:17:00,26213.99449340371,-15.827638889118237,26231.316660305198,-1.494528012371017,0.06594316363213881
2024-05-20 10:55:00,2024-05-20 01:18:00,26214.09705302283,-15.842414206472919,26231.316627135053,-1.3771599057502808,0.06397431622711025
2024-05-20 10:56:00,2024-05-20 01:19:00,26214.094787350565,-15.855227234826604,26231.316593965308,-1.3665793799167965,0.0590316513849487
2024-05-20 10:57:00,2024-05-20 01:20:00,26214.191367654275,-15.866096538707831,26231.316560795964,-1.2590966029803834,0.06122411842389219
2024-05-20 10:58:00,2024-05-20 01:21:00,26214.197355801305,-15.875040682645135,26231.31652762702,-1.244131143069012,0.11253523330853987
2024-05-20 10:59:00,2024-05-20 01:22:00,26214.400390090937,-15.882078231167048,26231.316494458468,-1.0340261363633036,0.20414907139460148
2024-05-20 11:00:00,2024-05-20 01:23:00,26214.593400541235,-15.887227748802115,26231.316461290317,-0.8358330002798091,0.15131516027562597
2024-05-20 11:01:00,2024-05-20 01:24:00,26214.69452450667,-15.890507800078863,26231.31642812256,-0.7313958158120517,0.15593355678959586
2024-05-20 11:02:00,2024-05-20 01:25:00,26214.90049211898,-15.891936949525833,26231.316394955207,-0.5239658867006174,0.2023929100018096
2024-05-20 11:03:00,2024-05-20 01:26:00,26215.09821803077,-15.89153376167156,26231.31636178825,-0.32660999580843253,0.19984610082717946
2024-05-20 11:04:00,2024-05-20 01:27:00,26215.3027381356,-15.889316801044576,26231.31632862169,-0.12427368504625846,0.09458876154252582
2024-05-20 11:05:00,2024-05-20 01:28:00,26215.29355835063,-15.885304632173424,26231.316295455526,-0.13743247272338088,0.09053376686614634
2024-05-20 11:06:00,2024-05-20 01:29:00,26215.49354031886,-15.879515819586636,26231.31626228976,0.05679384868603421,0.09563089018359072
2024-05-20 11:07:00,2024-05-20 01:30:00,26215.49808950423,-15.87196892781275,26231.3162291244,0.05382930764380056,0.040266054409726415
2024-05-20 11:08:00,2024-05-20 01:31:00,26215.590839395554,-15.862682521380298,26231.31619595943,0.13732595750548704,0.0910398092854603
2024-05-20 11:09:00,2024-05-20 01:32:00,26215.70039655626,-15.851675164817822,26231.316162794865,0.23590892621472115,0.04029599162147868
2024-05-20 11:10:00,2024-05-20 01:33:00,26215.695082148784,-15.838965422653851,26231.31612963069,0.2179179407484444,-0.16523310848581474
2024-05-20 11:11:00,2024-05-20 01:34:00,26215.396967316745,-15.824571859416922,26231.31609646692,-0.09455729075690833,-0.16647366052806323
2024-05-20 11:12:00,2024-05-20 01:35:00,26215.3925208836,-15.808513039635578,26231.316063303544,-0.11502938030768206,-0.0171671915844529
2024-05-20 11:13:00,2024-05-20 01:36:00,26215.39633093881,-15.790807527838346,26231.316030140573,-0.12889167392581413,-0.066367711570547
2024-05-20 11:14:00,2024-05-20 01:37:00,26215.29675828599,-15.77147388855377,26231.31599697799,-0.24776480344877605,-0.020112282883060217
2024-05-20 11:15:00,2024-05-20 01:38:00,26215.39631688981,-15.75053068631038,26231.315963815814,-0.16911623969193457,0.12579509170754832
2024-05-20 11:16:00,2024-05-20 01:39:00,26215.59175954836,-15.727996485636714,26231.31593065403,0.0038253799663205967,0.026567303614894122
2024-05-20 11:17:00,2024-05-20 01:40:00,26215.49602600912,-15.70388985106131,26231.315897492645,-0.11598163246214632,-0.17235312773495703
2024-05-20 11:18:00,2024-05-20 01:41:00,26215.29675410904,-15.678229347112698,26231.315864331656,-0.3408808755035935,-0.27537121017534183
2024-05-20 11:19:00,2024-05-20 01:42:00,26214.99807357994,-15.65103353831942,26231.315831171072,-0.66672405281283,-0.2296843919902427
2024-05-20 11:20:00,2024-05-20 01:43:00,26214.89322736219,-15.622320989210012,26231.315798010884,-0.8002496594840789,-0.032062755555982037
2024-05-20 11:21:00,2024-05-20 01:44:00,26214.992805022855,-15.592110264313005,26231.315764851093,-0.730849563924794,0.2227337579645221
2024-05-20 11:22:00,2024-05-20 01:45:00,26215.40052961999,-15.56041992815694,26231.315731691702,-0.3547821435550347,0.41745991072257826
2024-05-20 11:23:00,2024-05-20 01:46:00,26215.89250024496,-15.527268545270346,26231.31569853271,0.10407025752036247,0.5642491391466731
2024-05-20 11:24:00,2024-05-20 01:47:00,26216.596706828674,-15.492674680181768,26231.315665374117,0.7737161347383115,0.6156851067006901
2024-05-20 11:25:00,2024-05-20 01:48:00,26217.194415789418,-15.456656897419737,26231.315632215916,1.3354404709217427,0.36063529458301957
2024-05-20 11:26:00,2024-05-20 01:49:00,26217.391352020513,-15.419233761512789,26231.31559905812,1.4949867239043506,0.11437960613328002
2024-05-20 11:27:00,2024-05-20 01:50:00,26217.499341746916,-15.380423836989461,26231.315565900717,1.5641996831883027,0.11455582655662333
2024-05-20 11:28:00,2024-05-20 01:51:00,26217.699385432355,-15.340245688378289,26231.315532743716,1.7240983770175973,0.15922487809075836
2024-05-20 11:29:00,2024-05-20 01:52:00,26217.899431146274,-15.298717880207809,26231.315499587112,1.8826494393698194,0.057520281845881094
2024-05-20 11:30:00,2024-05-20 01:53:00,26217.89874639461,-15.255858977006552,26231.315466430908,1.8391389407093595,0.052010003908420366
2024-05-20 11:31:00,2024-05-20 01:54:00,26218.090415178984,-15.21168754330306,26231.3154332751,1.9866694471866602,0.10322471887635398
2024-05-20 11:32:00,2024-05-20 01:55:00,26218.19476635453,-15.16622214362587,26231.315400119693,2.0455883784620674,0.004214036236522389
2024-05-20 11:33:00,2024-05-20 01:56:00,26218.190983141838,-15.119481342503516,26231.31536696468,1.995097519659705,-0.14837182855228104
2024-05-20 11:34:00,2024-05-20 01:57:00,26217.992694826964,-15.071483704464532,26231.31533381007,1.7488447213575053,-0.2476129699390901
2024-05-20 11:35:00,2024-05-20 01:58:00,26217.7929244416,-15.022247794037453,26231.315300655857,1.4998715797815247,-0.2009882075851639
2024-05-20 11:36:00,2024-05-20 01:59:00,26217.690343632483,-14.971792175750823,26231.315267502046,1.3468683061871776,0.04786950307759685
2024-05-20 11:37:00,2024-05-20 02:00:00,26217.990709520436,-14.920135414133163,26231.315234348633,1.5956105859367185,-0.0008376705281207819
2024-05-20 11:38:00,2024-05-20 02:01:00,26217.793098087033,-14.867296073713023,26231.315201195615,1.345192965130936,-0.05060027448645066
2024-05-20 11:39:00,2024-05-20 02:02:00,26217.99628536094,-14.813292719018936,26231.315168042995,1.4944100369638171,0.1983079904201812
2024-05-20 11:40:00,2024-05-20 02:03:00,26218.298799922166,-14.758143914579433,26231.315134890774,1.7418089459712984,0.19256456666449662
2024-05-20 11:41:00,2024-05-20 02:04:00,26218.492772684323,-14.701868224923055,26231.315101738954,1.8795391702928104,0.09033829808652527
2024-05-20 11:42:00,2024-05-20 02:05:00,26218.593069915096,-14.644484214578332,26231.31506858753,1.922485542144349,0.1926522284147607
2024-05-20 11:43:00,2024-05-20 02:06:00,26218.993868615555,-14.586010448073807,26231.315035436506,2.264843627122332,0.24022749982699487
2024-05-20 11:44:00,2024-05-20 02:07:00,26219.19147733774,-14.526465489938014,26231.31500228588,2.4029405417983387,0.13912863486136828
2024-05-20 11:45:00,2024-05-20 02:08:00,26219.3922021278,-14.465867904699486,26231.314969135656,2.5431008968450683,0.04002719866821547
2024-05-20 11:46:00,2024-05-20 02:09:00,26219.393694668073,-14.404236256886762,26231.314935985825,2.4829949391347697,0.03793071674619597
2024-05-20 11:47:00,2024-05-20 02:10:00,26219.592276055708,-14.341589111028377,26231.3149028364,2.6189623303374603,0.08863155747588003
2024-05-20 11:48:00,2024-05-20 02:11:00,26219.697182709795,-14.277945031652866,26231.31486968736,2.6602580540865297,0.03824327659815019
2024-05-20 11:49:00,2024-05-20 02:12:00,26219.796962838976,-14.213322583288761,26231.31483653873,2.6954488835337607,-0.06539213209707206
2024-05-20 11:50:00,2024-05-20 02:13:00,26219.696536849926,-14.147740330464607,26231.314803390498,2.5294737898923856,-0.21841000559881518
2024-05-20 11:51:00,2024-05-20 02:14:00,26219.492182277292,-14.081216837708935,26231.314770242665,2.2586288723361303,-0.01769806361176407
2024-05-20 11:52:00,2024-05-20 02:15:00,26219.795044088347,-14.013770669550283,26231.31473709523,2.4940776626688574,0.33642687080373523
2024-05-20 11:53:00,2024-05-20 02:16:00,26220.30076617162,-13.945420390517185,26231.314703948192,2.9314826139436008,0.3795720859263749
2024-05-20 11:54:00,2024-05-20 02:17:00,26220.69170807094,-13.876184565138171,26231.314670801556,3.2532218345216073,0.22925314248684536
2024-05-20 11:55:00,2024-05-20 02:18:00,26220.898544796288,-13.806081757941794,26231.314637655312,3.3899888989172915,0.2819172768728979
2024-05-20 11:56:00,2024-05-20 02:19:00,26221.396530364284,-13.73513053345657,26231.314604509473,3.817056388267403,0.32510894416182623
2024-05-20 11:57:00,2024-05-20 02:20:00,26221.69142869506,-13.663349456211048,26231.31457136403,4.040206787240944,0.4254595741186771
2024-05-20 11:58:00,2024-05-20 02:21:00,26222.391756664758,-13.590757090733762,26231.314538218987,4.667975536504757,0.5791581262831649
2024-05-20 11:59:00,2024-05-20 02:22:00,26222.9956561126,-13.517372001553245,26231.314505074344,5.198523039807274,0.4286171360358644
2024-05-20 12:00:00,2024-05-20 02:23:00,26223.39646898548,-13.443212753198035,26231.3144719301,5.525209808576486,0.32549750405691835
2024-05-20 12:01:00,2024-05-20 02:24:00,26223.795658923977,-13.368297910196661,26231.314438786252,5.84951804792111,0.07650847268160366
2024-05-20 12:02:00,2024-05-20 02:25:00,26223.699986359665,-13.29264603707767,26231.314405642803,5.678226753939693,-0.22866337060081054
2024-05-20 12:03:00,2024-05-20 02:26:00,26223.490288108103,-13.216275698369593,26231.314372499754,5.392191306719489,-0.17871519968312555
2024-05-20 12:04:00,2024-05-20 02:27:00,26223.49593025308,-13.139205458600966,26231.314339357108,5.320796354573442,-0.12320191739197828
2024-05-20 12:05:00,2024-05-20 02:28:00,26223.398639804487,-13.061453882300325,26231.314306214852,5.145787471935533,-0.22966974915349425
2024-05-20 12:06:00,2024-05-20 02:29:00,26223.192690395274,-12.983039533996202,26231.314273073003,4.861456856266454,-0.2807702050627592
2024-05-20 12:07:00,2024-05-20 02:30:00,26222.994506015137,-12.903980978217145,26231.314239931544,4.584247061810014,-0.08098844611182265
2024-05-20 12:08:00,2024-05-20 02:31:00,26223.189389975047,-12.824296779491675,26231.314206790496,4.699479964042808,0.468464223218346
2024-05-20 12:09:00,2024-05-20 02:32:00,26224.09134365574,-12.744005502348337,26231.31417364984,5.521175508246706,0.3730389641202221
2024-05-20 12:10:00,2024-05-20 02:33:00,26224.09657269055,-12.663125711315663,26231.31414050958,5.445557892283253,-0.47621452117640395
2024-05-20 12:11:00,2024-05-20 02:34:00,26223.301177864698,-12.581675970922195,26231.314107369726,4.5687464658938985,-0.8815637848667235
2024-05-20 12:12:00,2024-05-20 02:35:00,26222.49682970712,-12.499674845696461,26231.314074230268,3.6824303225498056,-0.685353576098481
2024-05-20 12:13:00,2024-05-20 02:36:00,26222.09493950474,-12.417140900166997,26231.31404109121,3.1980393136969365,-0.5831994305336687
2024-05-20 12:14:00,2024-05-20 02:37:00,26221.495946715168,-12.334092698862348,26231.314007952547,2.516031461482468,-0.6354723312334372
2024-05-20 12:15:00,2024-05-20 02:38:00,26220.99052065921,-12.250548806311043,26231.31397481429,1.9270946512300622,-0.23668466704937163
2024-05-20 12:16:00,2024-05-20 02:39:00,26221.190076016766,-12.16652778704162,26231.313941676424,2.042662127383725,-0.03150765900688768
2024-05-20 12:17:00,2024-05-20 02:40:00,26221.095939666597,-12.082048205582614,26231.313908538963,1.8640793332162868,-0.27991006584678324
2024-05-20 12:18:00,2024-05-20 02:41:00,26220.799588771126,-11.997128626462562,26231.3138754019,1.4828419956901584,-0.33698916077546937
2024-05-20 12:19:00,2024-05-20 02:42:00,26220.592155662693,-11.911787614209999,26231.313842265237,1.190101011665348,-0.33896902417394603
2024-05-20 12:20:00,2024-05-20 02:43:00,26220.292669342954,-11.826043733353456,26231.313809128966,0.8049039473422663,-0.23435705512763771
2024-05-20 12:21:00,2024-05-20 02:44:00,26220.29524734609,-11.73991554842148,26231.3137759931,0.7213869014100727,-0.03354948987382844
2024-05-20 12:22:00,2024-05-20 02:45:00,26220.398126201286,-11.653421623942602,26231.313742857634,0.7378049675946095,0.11166395397113593
2024-05-20 12:23:00,2024-05-20 02:46:00,26220.691844007473,-11.566580524445353,26231.313709722566,0.9447148093523445,0.16489526588760306
2024-05-20 12:24:00,2024-05-20 02:47:00,26220.90186127281,-11.479410814458276,26231.3136765879,1.0675954993698156,0.11622158544519223
2024-05-20 12:25:00,2024-05-20 02:48:00,26221.09887037536,-11.3919310585099,26231.313643453628,1.177157980242729,0.05926966667126088
2024-05-20 12:26:00,2024-05-20 02:49:00,26221.195585331345,-11.304159821128774,26231.31361031976,1.1861348327123373,0.012202291886165284
2024-05-20 12:27:00,2024-05-20 02:50:00,26221.29902408346,-11.216115666843418,26231.313577186287,1.2015625640150596,-0.08813819720104643
2024-05-20 12:28:00,2024-05-20 02:51:00,26221.195585331345,-11.127817160182373,26231.313544053217,1.0098584383102445,0.00779145643274326
2024-05-20 12:29:00,2024-05-20 02:52:00,26221.49137353175,-11.039282865674181,26231.313510920543,1.217145476880546,0.16196447419404425
2024-05-20 12:30:00,2024-05-20 02:53:00,26221.696733827124,-10.950531347847374,26231.313477788273,1.333787386698333,0.163328968763226
2024-05-20 12:31:00,2024-05-20 02:54:00,26221.995666899573,-10.861581171230487,26231.313444656396,1.543803414406998,0.2616464520303179
2024-05-20 12:32:00,2024-05-20 02:55:00,26222.39804091533,-10.772450900352052,26231.313411524923,1.8570802907589687,0.35998413979769417
2024-05-20 12:33:00,2024-05-20 02:56:00,26222.893990988105,-10.683159099740621,26231.313378393843,2.2637716940023864,0.35983419594079
2024-05-20 12:34:00,2024-05-20 02:57:00,26223.296369611886,-10.593724333924705,26231.31334526317,2.576748682640549,0.3095562490826831
2024-05-20 12:35:00,2024-05-20 02:58:00,26223.692031157625,-10.50416516743286,26231.31331213289,2.8828841921677526,0.2584826974279517
2024-05-20 12:36:00,2024-05-20 02:59:00,26223.99249291572,-10.414500164793617,26231.313279003018,3.093714077496452,0.10967914832847558
2024-05-20 12:37:00,2024-05-20 03:00:00,26224.090740471824,-10.324747890535509,26231.313245873534,3.1022424888247038,0.009308584123124852
2024-05-20 12:38:00,2024-05-20 03:01:00,26224.190617081014,-10.234926909187074,26231.31321274446,3.112331245742702,0.11269649277735372
2024-05-20 12:39:00,2024-05-20 03:02:00,26224.495759304886,-10.145055785276844,26231.313179615783,3.327635474379411,0.16438155256403952
2024-05-20 12:40:00,2024-05-20 03:03:00,26224.699087755038,-10.055153083333362,26231.3131464875,3.441094350870781,0.058578057346298174
2024-05-20 12:41:00,2024-05-20 03:04:00,26224.79266758081,-9.965237367885162,26231.31311335962,3.4447915890720076,0.05618631616245651
2024-05-20 12:42:00,2024-05-20 03:05:00,26224.991220011878,-9.875327203460774,26231.313080232143,3.553466983195694,0.013327507627076685
2024-05-20 12:43:00,2024-05-20 03:06:00,26224.9990525548,-9.785441154588739,26231.31304710506,3.471446604326161,-0.03754760385803735
2024-05-20 12:44:00,2024-05-20 03:07:00,26225.09578796806,-9.695597785797592,26231.31301397838,3.4783717754796193,-0.03907131298031352
2024-05-20 12:45:00,2024-05-20 03:08:00,26225.100469168847,-9.605815661615875,26231.312980852097,3.393303978365534,-0.08736849313630479
2024-05-20 12:46:00,2024-05-20 03:09:00,26225.100469168847,-9.516113346572112,26231.312947726212,3.3036347892070097,-0.09378978225682033
2024-05-20 12:47:00,2024-05-20 03:10:00,26225.092129609384,-9.426509405194846,26231.312914600727,3.205724413851893,-0.18985676120089767
2024-05-20 12:48:00,2024-05-20 03:11:00,26224.899780340438,-9.337022402012613,26231.312881475646,2.9239212668052144,-0.28926077557627217
2024-05-20 12:49:00,2024-05-20 03:12:00,26224.692380312106,-9.247670901553946,26231.31284835096,2.627202862699349,-0.49290950644350406
2024-05-20 12:50:00,2024-05-20 03:13:00,26224.092444012244,-9.158473468347385,26231.312815226673,1.9381022539182062,-0.6898280362486897
2024-05-20 12:51:00,2024-05-20 03:14:00,26223.490880226072,-9.069448666921463,26231.312782102792,1.2475467902019695,-0.6847125804121648
2024-05-20 12:52:00,2024-05-20 03:15:00,26222.900811010593,-8.980615061804722,26231.312748979304,0.5686770930938767,-0.5851825816853902
2024-05-20 12:53:00,2024-05-20 03:16:00,26222.497906265526,-8.891991217525684,26231.31271585622,0.07718162683118912,-0.49138119189179363
2024-05-20 12:54:00,2024-05-20 03:17:00,26222.095001744234,-8.803595698612897,26231.312682733536,-0.41408529068971056,-0.48855129729131797
2024-05-20 12:55:00,2024-05-20 03:18:00,26221.6972815739,-8.715447069594896,26231.312649611245,-0.8999209677514468,-0.43967526698658244
2024-05-20 12:56:00,2024-05-20 03:19:00,26221.391616769695,-8.627563895000211,26231.31261648936,-1.2934358246628754,-0.43940031618757036
2024-05-20 12:57:00,2024-05-20 03:20:00,26220.993897028387,-8.539964739357387,26231.31258336787,-1.7787216001265875,-0.3840264048477522
2024-05-20 12:58:00,2024-05-20 03:21:00,26220.79839344523,-8.452668167194947,26231.312550246785,-2.06148863435838,-0.2859626369614121
2024-05-20 12:59:00,2024-05-20 03:22:00,26220.596177509007,-8.365692743041441,26231.312517126098,-2.3506468740494117,-0.38831698126069547
2024-05-20 13:00:00,2024-05-20 03:23:00,26220.195304377503,-8.279057031425396,26231.312484005808,-2.8381225968797708,-0.4373519545247051
2024-05-20 13:01:00,2024-05-20 03:24:00,26219.894320505944,-8.19277959687535,26231.31245088592,-3.225350783098822,-0.6335037613525358
2024-05-20 13:02:00,2024-05-20 03:25:00,26219.10040864293,-8.106879003919843,26231.312417766436,-4.105130119584842,-1.135097822751443
2024-05-20 13:03:00,2024-05-20 03:26:00,26217.795464401654,-8.0213738170874,26231.312384647343,-5.495546428601708,-1.0366858574570177
2024-05-20 13:04:00,2024-05-20 03:27:00,26217.197567093248,-7.936282600906576,26231.312351528653,-6.178501834498878,-0.08509058671409342
2024-05-20 13:05:00,2024-05-20 03:28:00,26217.794966888425,-7.851623919905885,26231.31231841036,-5.665727602029895,1.1630811844252555
2024-05-20 13:06:00,2024-05-20 03:29:00,26219.692529488213,-7.767416338613874,26231.312285292475,-3.8523394656483667,1.4159092651493923
2024-05-20 13:07:00,2024-05-20 03:30:00,26220.794664681693,-7.683678421559083,26231.312252174983,-2.83390907173111,1.2188454137622013
2024-05-20 13:08:00,2024-05-20 03:31:00,26222.2971416865,-7.600428733270036,26231.312219057894,-1.414648638123964,0.8169854783749937
2024-05-20 13:09:00,2024-05-20 03:32:00,26222.59456198795,-7.517685838275284,26231.312185941206,-1.1999381149811228,0.019213505339291892
2024-05-20 13:10:00,2024-05-20 03:33:00,26222.500462896365,-7.43546830110335,26231.312152824914,-1.3762216274453802,-0.6296208045356995
2024-05-20 13:11:00,2024-05-20 03:34:00,26221.49914529869,-7.353794686282779,26231.312119709026,-2.4591797240525217,-1.083697188470305
2024-05-20 13:12:00,2024-05-20 03:35:00,26220.495787030803,-7.2726835583421,26231.31208659353,-3.5436160043859903,-1.2354502811439039
2024-05-20 13:13:00,2024-05-20 03:36:00,26219.189819710293,-7.192153481809852,26231.312053478443,-4.9300802863403295,-1.2782896184648482
2024-05-20 13:14:00,2024-05-20 03:37:00,26218.099602101218,-7.112223021214577,26231.312020363748,-6.100195241315687,-0.8762973357088972
2024-05-20 13:15:00,2024-05-20 03:38:00,26217.596401550618,-7.032910741084791,26231.31198724946,-6.682674957758124,-0.3791822189083911
2024-05-20 13:16:00,2024-05-20 03:39:00,26217.49915925049,-6.954235205949061,26231.31195413557,-6.858559679132469,-0.27742785436140505
2024-05-20 13:17:00,2024-05-20 03:40:00,26217.198175375263,-6.87621498033589,26231.31192102208,-7.237530666480934,-0.27752596030218957
2024-05-20 13:18:00,2024-05-20 03:41:00,26217.099407680475,-6.798868628773837,26231.311887908985,-7.413611599736848,-0.17731175212211703
2024-05-20 13:19:00,2024-05-20 03:42:00,26216.997485909782,-6.722214715791436,26231.3118547963,-7.592154170725168,-0.22991118456254256
2024-05-20 13:20:00,2024-05-20 03:43:00,26216.792115909226,-6.646271805917207,26231.311821684005,-7.873433968861933,-0.2767445948483749
2024-05-20 13:21:00,2024-05-20 03:44:00,26216.595086748013,-6.571058463679702,26231.311788572115,-8.145643360421918,-0.2736656939620188
2024-05-20 13:22:00,2024-05-20 03:45:00,26216.394396850228,-6.49659325360745,26231.31175546062,-8.42076535678597,-0.17205354840399956
2024-05-20 13:23:00,2024-05-20 03:46:00,26216.399077152073,-6.4228947402289975,26231.311722349532,-8.489750457229917,-0.17361761732993486
2024-05-20 13:24:00,2024-05-20 03:47:00,26216.19370715932,-6.3499814880728565,26231.31168923884,-8.76800059144584,-0.07324146482892147
2024-05-20 13:25:00,2024-05-20 03:48:00,26216.397550679994,-6.277872061667587,26231.31165612855,-8.63623338688776,-0.01836386777492116
2024-05-20 13:26:00,2024-05-20 03:49:00,26216.300309666123,-6.206585025541717,26231.31162301866,-8.804728326995683,-0.3700378241967055
2024-05-20 13:27:00,2024-05-20 03:50:00,26215.799141929663,-6.13613894422377,26231.311589909168,-9.37630903528117,-0.6205345892248761
2024-05-20 13:28:00,2024-05-20 03:51:00,26215.199206912388,-6.066552382242307,26231.311556800076,-10.045797505445435,-0.8177615243455065
2024-05-20 13:29:00,2024-05-20 03:52:00,26214.301847703286,-5.9978439041258405,26231.311523691384,-11.011832083972184,-0.6195911982763214
2024-05-20 13:30:00,2024-05-20 03:53:00,26214.096478606698,-5.9300320744029245,26231.3114905831,-11.284979901998078,-0.32207657830673675
2024-05-20 13:31:00,2024-05-20 03:54:00,26213.792340907105,-5.863131327516959,26231.311457475207,-11.655985240585657,-0.3146566403697868
2024-05-20 13:32:00,2024-05-20 03:55:00,26213.599991607407,-5.797139577570875,26231.311424367716,-11.914293182737651,-0.21106620308169433
2024-05-20 13:33:00,2024-05-20 03:56:00,26213.501223005293,-5.732050608582472,26231.311391260624,-12.078117646749046,-0.16571556930548503
2024-05-20 13:34:00,2024-05-20 03:57:00,26213.39777562802,-5.667858204569551,26231.311358153936,-12.245724321348622,0.0810821053276829
2024-05-20 13:35:00,2024-05-20 03:58:00,26213.790815462,-5.604556149549914,26231.311325047645,-11.91595343609368,0.18801089952547745
2024-05-20 13:36:00,2024-05-20 03:59:00,26213.89945119192,-5.542138227541363,26231.311291941758,-11.869702522297667,0.14052625572433008
2024-05-20 13:37:00,2024-05-20 04:00:00,26214.19575968906,-5.480598222561699,26231.311258836267,-11.63490092464502,0.33430795652917045
2024-05-20 13:38:00,2024-05-20 04:01:00,26214.690209203312,-5.419929918628725,26231.31122573118,-11.201086609239326,0.08693303780481365
2024-05-20 13:39:00,2024-05-20 04:02:00,26214.49003067769,-5.36012709976024,26231.311192626486,-11.461034849035393,0.6905803345362109
2024-05-20 13:40:00,2024-05-20 04:03:00,26216.190050032063,-5.301183549974048,26231.311159522204,-9.819925940166904,1.743962743202263
2024-05-20 13:41:00,2024-05-20 04:04:00,26218.094924002395,-5.243093053287948,26231.311126418314,-7.973109362630867,1.1950261176637733
2024-05-20 13:42:00,2024-05-20 04:05:00,26218.69537021627,-5.185849393719744,26231.311093314827,-7.429873704839357,0.3422509278124699
2024-05-20 13:43:00,2024-05-20 04:06:00,26218.893006349444,-5.129446355287237,26231.311060211738,-7.288607507005927,-0.2037846721451988
2024-05-20 13:44:00,2024-05-20 04:07:00,26218.399706337914,-5.073877722008225,26231.31102710905,-7.837443049129755,-0.7538094103856303
2024-05-20 13:45:00,2024-05-20 04:08:00,26217.49563040109,-5.019137277900515,26231.310994006766,-8.796226327777187,-0.6558129038717029
2024-05-20 13:46:00,2024-05-20 04:09:00,26217.196673241022,-4.965218806981905,26231.310960904877,-9.14906885687316,-0.604346851330499
2024-05-20 13:47:00,2024-05-20 04:10:00,26216.393891679687,-4.912116093270199,26231.310927803395,-10.004920030438186,-0.6042949751241569
2024-05-20 13:48:00,2024-05-20 04:11:00,26216.093412974402,-4.859822920783196,26231.310894702307,-10.357658807121474,-0.3021890367383513
2024-05-20 13:49:00,2024-05-20 04:12:00,26215.89323042417,-4.808333073538698,26231.310861601625,-10.609298103914888,-0.04846480255362273
2024-05-20 13:50:00,2024-05-20 04:13:00,26216.09859975355,-4.757640335554508,26231.310828501333,-10.45458841222872,0.3004109582074168
2024-05-20 13:51:00,2024-05-20 04:14:00,26216.594580723104,-4.707738490848425,26231.310795401452,-10.008476187500055,0.597561526342945
2024-05-20 13:52:00,2024-05-20 04:15:00,26217.392675618987,-4.658621323438254,26231.310762301968,-9.25946535954283,0.6009384577357162
2024-05-20 13:53:00,2024-05-20 04:16:00,26217.893847313517,-4.6102826173417935,26231.310729202887,-8.806599272028622,0.2520490913193889
2024-05-20 13:54:00,2024-05-20 04:17:00,26217.99261277072,-4.5627161565768475,26231.3106961042,-8.755367176904052,-0.2977361948713364
2024-05-20 13:55:00,2024-05-20 04:18:00,26217.392675618987,-4.515915725161215,26231.31066300592,-9.402071661771295,-0.297221631998017
2024-05-20 13:56:00,2024-05-20 04:19:00,26217.490944360026,-4.469875107112699,26231.31062990804,-9.349810440900086,0.10619000854362959
2024-05-20 13:57:00,2024-05-20 04:20:00,26217.696317079422,-4.424588086449101,26231.310596810556,-9.189691644684036,-0.04177253959607885
2024-05-20 13:58:00,2024-05-20 04:21:00,26217.4971597462,-4.380048447188221,26231.31056371348,-9.433355520092244,-0.44210505574055947
2024-05-20 13:59:00,2024-05-20 04:22:00,26216.90037888728,-4.336249973347863,26231.310530616793,-10.073901756165155,-0.6433360023708561
2024-05-20 14:00:00,2024-05-20 04:23:00,26216.297283546737,-4.293186448945828,26231.310497520517,-10.720027524833956,-0.5973905106718806
2024-05-20 14:01:00,2024-05-20 04:24:00,26215.790929989125,-4.250851657999915,26231.310464424634,-11.268682777508916,-0.39052725693233725
2024-05-20 14:02:00,2024-05-20 04:25:00,26215.600109905932,-4.209239384527929,26231.31043132916,-11.50108203869863,-0.14079969352230393
2024-05-20 14:03:00,2024-05-20 04:26:00,26215.591772656975,-4.168343412547669,26231.310398234076,-11.550282164553524,-0.04151876584935721
2024-05-20 14:04:00,2024-05-20 04:27:00,26215.598088042927,-4.128157526076937,26231.3103651394,-11.584119570397345,-0.18612242297257353
2024-05-20 14:05:00,2024-05-20 04:28:00,26215.29912952549,-4.088675509133536,26231.310332045123,-11.922527010498671,-0.34222689046037225
2024-05-20 14:06:00,2024-05-20 04:29:00,26214.991834454195,-4.049891145735266,26231.310298951248,-12.26857335131809,-0.2427663008148775
2024-05-20 14:07:00,2024-05-20 04:30:00,26214.89040802574,-4.011798219899929,26231.31026585777,-12.408059612128426,0.01216326627750064
2024-05-20 14:08:00,2024-05-20 04:31:00,26215.09159543029,-3.974390515645326,26231.3102327647,-12.244246818763088,-0.2359034480040325
2024-05-20 14:09:00,2024-05-20 04:32:00,26214.492671346896,-3.9376618169892597,26231.31019967202,-12.879866508136491,-0.23705232486128835
2024-05-20 14:10:00,2024-05-20 04:33:00,26214.690209203312,-3.9016059079495307,26231.310166579748,-12.718351468485665,-0.08303734772786164
2024-05-20 14:11:00,2024-05-20 04:34:00,26214.397975711745,-3.8662165725439412,26231.31013348788,-13.045941203592214,0.06633849076632803
2024-05-20 14:12:00,2024-05-20 04:35:00,26214.892938314664,-3.8314875947902913,26231.310100396408,-12.585674486953009,0.664385667830298
2024-05-20 14:13:00,2024-05-20 04:36:00,26215.7954846787,-3.797412758706384,26231.310067305338,-11.717169867931618,0.9179566903975482
2024-05-20 14:14:00,2024-05-20 04:37:00,26216.796287260197,-3.7639858483100204,26231.310034214664,-10.749761106157912,1.0176238506045712
2024-05-20 14:15:00,2024-05-20 04:38:00,26217.896878310054,-3.731200647619002,26231.310001124395,-9.681922166722476,1.2675877315834843
2024-05-20 14:16:00,2024-05-20 04:39:00,26219.396331450884,-3.6990509406511305,26231.309968034526,-8.214585642990944,1.2162644342623672
2024-05-20 14:17:00,2024-05-20 04:40:00,26220.39301113544,-3.6675305114242067,26231.30993494506,-7.249393298197742,0.2659575159330334
2024-05-20 14:18:00,2024-05-20 04:41:00,26219.990598100907,-3.636633143956033,26231.309901855988,-7.682670611124877,-0.9804158148444859
2024-05-20 14:19:00,2024-05-20 04:42:00,26218.493291217175,-3.60635262226441,26231.309868767326,-9.210224927886713,-1.3260434718590517
2024-05-20 14:20:00,2024-05-20 04:43:00,26217.398395393848,-3.57668273036714,26231.309835679058,-10.33475755484298,-1.4775038022368596
2024-05-20 14:21:00,2024-05-20 04:44:00,26215.59695280655,-3.547617252282025,26231.309802591193,-12.165232532360433,-1.3799138979762384
2024-05-20 14:22:00,2024-05-20 04:45:00,26214.696034180906,-3.519149972026865,26231.30976950373,-13.094585350795457,-0.8786617198213076
2024-05-20 14:23:00,2024-05-20 04:46:00,26213.895905771045,-3.491274673619463,26231.309736416668,-13.922555972003048,-0.7258042792368515
2024-05-20 14:24:00,2024-05-20 04:47:00,26213.299524279657,-3.4639851410776186,26231.309703330004,-14.54619390926916,-0.27755208456302416
2024-05-20 14:25:00,2024-05-20 04:48:00,26213.394734944195,-3.437275158419136,26231.309670243743,-14.477660141129096,-0.02949501943406574
2024-05-20 14:26:00,2024-05-20 04:49:00,26213.293314700084,-3.4111385096618148,26231.309637157883,-14.605183948137292,-0.07526052233575875
2024-05-20 14:27:00,2024-05-20 04:50:00,26213.2958539078,-3.385568978823457,26231.309604072423,-14.628181185800614,-0.3226776020754123
2024-05-20 14:28:00,2024-05-20 04:51:00,26212.698471485153,-3.3605603499218644,26231.309570987363,-15.250539152288116,-0.47286218305419503
2024-05-20 14:29:00,2024-05-20 04:52:00,26212.399525943823,-3.336106406974838,26231.309537902707,-15.573905551909004,-0.17361939417166905
2024-05-20 14:30:00,2024-05-20 04:53:00,26212.399525943823,-3.3122009340001792,26231.309504818455,-15.597777940631454,-0.02669960034602159
2024-05-20 14:31:00,2024-05-20 04:54:00,26212.39332926698,-3.28883771501569,26231.309471734596,-15.627304752601047,0.12433346055661332
2024-05-20 14:32:00,2024-05-20 04:55:00,26212.694317097586,-3.2660105340391734,26231.309438651144,-15.349111019518228,0.3780445679967359
2024-05-20 14:33:00,2024-05-20 04:56:00,26213.19447677639,-3.243713175088428,26231.309405568085,-14.871215616607575,0.5784527972988158
2024-05-20 14:34:00,2024-05-20 04:57:00,26213.895227638335,-3.221939422181256,26231.309372485437,-14.192205424920596,0.5779504218612903
2024-05-20 14:35:00,2024-05-20 04:58:00,26214.39334157096,-3.2006830593354603,26231.309339403182,-13.715314772884994,0.5303896504926877
2024-05-20 14:36:00,2024-05-20 04:59:00,26214.99794232683,-3.179937870568842,26231.309306321335,-13.13142612393522,0.6309308902184778
2024-05-20 14:37:00,2024-05-20 05:00:00,26215.696122607536,-3.159697639899203,26231.309273239884,-12.453452992448039,0.5779297959553276
2024-05-20 14:38:00,2024-05-20 05:01:00,26216.193717475468,-3.1399561513443435,26231.309240158836,-11.975566532024565,0.3327808363093965
2024-05-20 14:39:00,2024-05-20 05:02:00,26216.40060856944,-3.1207071889220654,26231.30920707819,-11.787891319829246,0.032749994150989004
2024-05-20 14:40:00,2024-05-20 05:03:00,26216.297162917574,-3.1019445366501706,26231.309173997946,-11.910066543722587,-0.22126040683059944
2024-05-20 14:41:00,2024-05-20 05:04:00,26215.995066806063,-3.0836619785464605,26231.3091409181,-12.230412133490445,-0.2659968582708627
2024-05-20 14:42:00,2024-05-20 05:05:00,26215.80119427976,-3.065853298628738,26231.309107838653,-12.442060260264313,-0.3190827088650714
2024-05-20 14:43:00,2024-05-20 05:06:00,26215.39198492748,-3.0485122809148018,26231.309074759614,-12.868577551220588,-0.21984587904883224
2024-05-20 14:44:00,2024-05-20 05:07:00,26215.395656953187,-3.031632709422455,26231.309041680972,-12.881752018361977,0.1370249983784122
2024-05-20 14:45:00,2024-05-20 05:08:00,26215.6992726801,-3.015208368169499,26231.309008602733,-12.594527554463763,0.23441273719638467
2024-05-20 14:46:00,2024-05-20 05:09:00,26215.896815939752,-2.9992330411737362,26231.308975524895,-12.412926543969208,0.18080037741737431
2024-05-20 14:47:00,2024-05-20 05:10:00,26216.092315135375,-2.983700512452968,26231.308942447457,-12.232926799629015,0.33538566396824
2024-05-20 14:48:00,2024-05-20 05:11:00,26216.59814958836,-2.9686045660249936,26231.30890937042,-11.742155216032728,0.18736840453812942
2024-05-20 14:49:00,2024-05-20 05:12:00,26216.496747317327,-2.9539389859076164,26231.308876293788,-11.858189990552756,0.08694727599673868
2024-05-20 14:50:00,2024-05-20 05:13:00,26216.800884997392,-2.939697556118638,26231.30884321755,-11.56826066403925,0.4838034555791726
2024-05-20 14:51:00,2024-05-20 05:14:00,26217.49235300165,-2.9258740606758593,26231.30881014172,-10.89058307939441,0.5843065319954359
2024-05-20 14:52:00,2024-05-20 05:15:00,26217.99666718264,-2.912462283597083,26231.308777066286,-10.399647600048379,0.3884550349000051
2024-05-20 14:53:00,2024-05-20 05:16:00,26218.29561497276,-2.899456008900109,26231.308743991256,-10.1136730095944,0.23445120700145416
2024-05-20 14:54:00,2024-05-20 05:17:00,26218.491116709978,-2.886849020602739,26231.308710916626,-9.93074518604547,0.035988971284534266
2024-05-20 14:55:00,2024-05-20 05:18:00,26218.392347672652,-2.8746351027227752,26231.3086778424,-10.041695067025332,-0.26048568155859986
2024-05-20 14:56:00,2024-05-20 05:19:00,26217.994120180134,-2.8628080392780197,26231.308644768575,-10.45171654916267,-0.3102992319067397
2024-05-20 14:57:00,2024-05-20 05:20:00,26217.794956550028,-2.851361614286274,26231.308611695153,-10.662293530838811,0.09064486778996717
2024-05-20 14:58:00,2024-05-20 05:21:00,26218.197862196783,-2.840289611765338,26231.30857862213,-10.270426813582736,1.0408615989083874
2024-05-20 14:59:00,2024-05-20 05:22:00,26219.89838940075,-2.829585815733014,26231.308545549506,-8.580570333022036,0.9876843857060438
2024-05-20 15:00:00,2024-05-20 05:23:00,26220.19421042491,-2.8192440102071035,26231.308512477288,-8.295058042170648,0.48946763452766806
2024-05-20 15:01:00,2024-05-20 05:24:00,26220.897586362295,-2.8092579792054084,26231.308479405467,-7.6016350639667,0.6894783945381939
2024-05-20 15:02:00,2024-05-20 05:25:00,26221.592723574213,-2.799621506745731,26231.308446334053,-6.9161012530942605,1.2892551542393047
2024-05-20 15:03:00,2024-05-20 05:26:00,26223.494960130698,-2.790328376845871,26231.308413263032,-5.023124755488091,1.793353522140691
2024-05-20 15:04:00,2024-05-20 05:27:00,26225.197613610086,-2.7813723735236313,26231.308380192422,-3.3293942088128783,1.5932975110031355
2024-05-20 15:05:00,2024-05-20 05:28:00,26226.699070107927,-2.7727472807968123,26231.308347122205,-1.8365297334818198,1.4402973437277744
2024-05-20 15:06:00,2024-05-20 05:29:00,26228.095067648355,-2.764446882683217,26231.308314052396,-0.4487995213573295,1.1884727256710323
2024-05-20 15:07:00,2024-05-20 05:30:00,26229.092231737643,-2.7564649632006453,26231.308280982983,0.5404157178602449,0.644191933267932
2024-05-20 15:08:00,2024-05-20 05:31:00,26229.39903695279,-2.748795306366899,26231.308247913978,0.8395843451785345,-0.25439329501155594
2024-05-20 15:09:00,2024-05-20 05:32:00,26228.598412277006,-2.7414316961997804,26231.30821484537,0.03162912783713301,-0.7118739837325931
2024-05-20 15:10:00,2024-05-20 05:33:00,26227.98965023816,-2.7343679167170913,26231.308181777164,-0.5841636222866518,-0.6088895484078127
2024-05-20 15:11:00,2024-05-20 05:34:00,26227.394400988444,-2.7275977519366332,26231.30814870936,-1.1861499689784925,-0.801276217537481
2024-05-20 15:12:00,2024-05-20 05:35:00,26226.40028459872,-2.7211149858762065,26231.308115641958,-2.186716057361614,-0.6546220813131209
2024-05-20 15:13:00,2024-05-20 05:36:00,26226.097775040802,-2.714913402553612,26231.30808257496,-2.4953941316047343,-0.05718647965411705
2024-05-20 15:14:00,2024-05-20 05:37:00,26226.297973705703,-2.708986785986654,26231.30804950836,-2.301089016669848,0.0415574550801856
2024-05-20 15:15:00,2024-05-20 05:38:00,26226.192408300525,-2.7033289201931314,26231.308016442163,-2.412279221444363,-0.3582466170706011
2024-05-20 15:16:00,2024-05-20 05:39:00,26225.592467536364,-2.697933589190849,26231.307983376366,-3.01758225081105,-0.10423496879705696
2024-05-20 15:17:00,2024-05-20 05:40:00,26225.994406574937,-2.692794576997604,26231.307950310973,-2.620749159038477,0.44557587975520674
2024-05-20 15:18:00,2024-05-20 05:41:00,26226.493581087045,-2.6879056676312008,26231.307917245977,-2.1264304913006367,0.843561521892543
2024-05-20 15:19:00,2024-05-20 05:42:00,26227.69099742103,-2.6832606451094403,26231.30788418139,-0.9336261152533911,1.7490237851675041
2024-05-20 15:20:00,2024-05-20 05:43:00,26230.00061490278,-2.678853293450124,26231.307851117195,1.3716170790343716,2.096652716224482
2024-05-20 15:21:00,2024-05-20 05:44:00,26231.892819973935,-2.6746773966710538,26231.30781805341,3.2596793171955727,1.9942406110719593
2024-05-20 15:22:00,2024-05-20 05:45:00,26233.997156552414,-2.67072673879003,26231.307784990026,5.36009830117829,1.8475830786190384
2024-05-20 15:23:00,2024-05-20 05:46:00,26235.595602297653,-2.6669951038248554,26231.307751927045,6.954845474433649,1.4479342215965376
2024-05-20 15:24:00,2024-05-20 05:47:00,26236.90020933304,-2.6634762757933306,26231.30771886446,8.255966744371365,0.5442679775932011
2024-05-20 15:25:00,2024-05-20 05:48:00,26236.690903193186,-2.6601640387132575,26231.30768580228,8.043381429620052,-0.25516873568375154
2024-05-20 15:26:00,2024-05-20 05:49:00,26236.3962298369,-2.657052176602439,26231.3076527405,7.745629273003862,-0.6000010551442116
2024-05-20 15:27:00,2024-05-20 05:50:00,26235.496864524976,-2.6541344734786745,26231.307619679123,6.843379319331628,-1.1533806749934032
2024-05-20 15:28:00,2024-05-20 05:51:00,26234.095049827807,-2.6514047133597662,26231.30758661815,5.438867923017056,-1.204932925475561
2024-05-20 15:29:00,2024-05-20 05:52:00,26233.092210345694,-2.648856680263516,26231.307553557577,4.433513468380506,-0.9031819073938019
2024-05-20 15:30:00,2024-05-20 05:53:00,26232.29354044743,-2.6464841582077243,26231.30752049741,3.632504108229452,-0.7015693061011512
2024-05-20 15:31:00,2024-05-20 05:54:00,26231.693581362604,-2.6442809312101954,26231.307487437636,3.030374856178204,-0.699811959424756
2024-05-20 15:32:00,2024-05-20 05:55:00,26230.89809378436,-2.6422407832887265,26231.307454378268,2.23288018937994,-0.6009080979622019
2024-05-20 15:33:00,2024-05-20 05:56:00,26230.495622481096,-2.6403574984611238,26231.307421319303,1.8285586602538002,-0.30334382002991345
2024-05-20 15:34:00,2024-05-20 05:57:00,26230.294955949314,-2.638624860745186,26231.30738826074,1.626192549320113,-0.1021649878459967
2024-05-20 15:35:00,2024-05-20 05:58:00,26230.294547232977,-2.637036654158713,26231.307355202574,1.6242286845618068,0.2503070892322674
2024-05-20 15:36:00,2024-05-20 05:59:00,26230.798542209883,-2.635586662719512,26231.307322144818,2.126806727784648,0.6013892703802837
2024-05-20 15:37:00,2024-05-20 06:00:00,26231.500027642334,-2.634268670445378,26231.307289087457,2.827007225322374,0.6969252759639355
2024-05-20 15:38:00,2024-05-20 06:01:00,26232.19483684886,-2.6330764613541175,26231.3072560305,3.520657279712519,0.3468876457510661
2024-05-20 15:39:00,2024-05-20 06:02:00,26232.196001671306,-2.63200381946353,26231.307222973945,3.5207825168245064,-0.05330075525832734
2024-05-20 15:40:00,2024-05-20 06:03:00,26232.0902011582,-2.6310445287914157,26231.307189917796,3.414055769195864,-0.6529603389584651
2024-05-20 15:41:00,2024-05-20 06:04:00,26230.891826327595,-2.6301923733555794,26231.307156862043,2.2148618389075763,-1.3962713517155072
2024-05-20 15:42:00,2024-05-20 06:05:00,26229.29919573529,-2.629441137173819,26231.3071238067,0.6215130657648498,-1.495493794446466
2024-05-20 15:43:00,2024-05-20 06:06:00,26227.9021803975,-2.6287846042639402,26231.30709075175,-0.7761257499853556,-1.15195308123882
2024-05-20 15:44:00,2024-05-20 06:07:00,26226.996448041853,-2.6282165586437394,26231.30705769721,-1.68239309671279,-0.6547981332250064
2024-05-20 15:45:00,2024-05-20 06:08:00,26226.593571842302,-2.627730784331022,26231.30702464307,-2.0857220164353683,-0.3523292347381859
2024-05-20 15:46:00,2024-05-20 06:09:00,26226.292618957792,-2.6273210653435894,26231.306991589325,-2.387051566189162,-0.30211021858659026
2024-05-20 15:47:00,2024-05-20 06:10:00,26225.99003489668,-2.6269811856992393,26231.306958535988,-2.689942453608549,-0.049059368317520224
2024-05-20 15:48:00,2024-05-20 06:11:00,26226.19505025081,-2.626704929415779,26231.30692548305,-2.4851703028242023,0.15228626134219914
2024-05-20 15:49:00,2024-05-20 06:12:00,26226.295036419084,-2.626486080511006,26231.30689243052,-2.3853699309241505,0.00027611383876946505
2024-05-20 15:50:00,2024-05-20 06:13:00,26226.195922880237,-2.626318423002722,26231.306859378386,-2.4846180751466633,-0.250138739215211
2024-05-20 15:51:00,2024-05-20 06:14:00,26225.794983176394,-2.6261957409087304,26231.306826326658,-2.8856474093545725,-0.0980262907903382
2024-05-20 15:52:00,2024-05-20 06:15:00,26226.00001080035,-2.6261118182468306,26231.306793275326,-2.6806706567273397,0.0037452745747863503
2024-05-20 15:53:00,2024-05-20 06:16:00,26225.802542925165,-2.6260604390348266,26231.306760224405,-2.878156860205,-0.6509336403456412
2024-05-20 15:54:00,2024-05-20 06:17:00,26224.698153849167,-2.626035387290519,26231.306727173876,-3.982537937418622,-1.0024838764421344
2024-05-20 15:55:00,2024-05-20 06:18:00,26223.79753906364,-2.6260304470317064,26231.30669412376,-4.883124613089269,-0.8035884795392871
2024-05-20 15:56:00,2024-05-20 06:19:00,26223.09090677527,-2.626039402276194,26231.306661074042,-5.589714896497196,-0.2999370966619459
2024-05-20 15:57:00,2024-05-20 06:20:00,26223.19757318127,-2.626056037041781,26231.306628024726,-5.4829988064131605,-0.19882484927874433
2024-05-20 15:58:00,2024-05-20 06:21:00,26222.693156245412,-2.626074135346273,26231.306594975813,-5.987364595054685,-0.29993406855201243
2024-05-20 15:59:00,2024-05-20 06:22:00,26222.597607502576,-2.6260874812074673,26231.3065619273,-6.082866943517185,0.4993387823650477
2024-05-20 16:00:00,2024-05-20 06:23:00,26223.691751990224,-2.6260898586431645,26231.30652887919,-4.98868703032459,1.1500730345198074
2024-05-20 16:01:00,2024-05-20 06:24:00,26224.897699905334,-2.6260750516711706,26231.306495831483,-3.7827208744775707,1.0005542340984268
2024-05-20 16:02:00,2024-05-20 06:25:00,26225.69284737774,-2.6260368443092843,26231.306462784178,-2.987578562127736,0.3481884270828195
2024-05-20 16:03:00,2024-05-20 06:26:00,26225.594116696386,-2.625969020575307,26231.306429737273,-3.0863440203119317,-0.049418033887597135
2024-05-20 16:04:00,2024-05-20 06:27:00,26225.594116696386,-2.6258653644870433,26231.306396690776,-3.0864146299029303,-0.05105334300950326
2024-05-20 16:05:00,2024-05-20 06:28:00,26225.49219327828,-2.6257196600622894,26231.306363644675,-3.188450706330938,-0.19901471998221987
2024-05-20 16:06:00,2024-05-20 06:29:00,26225.196360837796,-2.625525691318851,26231.30633059898,-3.48444406986737,-0.19810538295040647
2024-05-20 16:07:00,2024-05-20 06:30:00,26225.09635883918,-2.625277242274528,26231.306297553685,-3.584661472231751,-0.19894223022824842
2024-05-20 16:08:00,2024-05-20 06:31:00,26224.79896788153,-2.6249680969471223,26231.3062645088,-3.882328530323867,-0.19996671498939866
2024-05-20 16:09:00,2024-05-20 06:32:00,26224.69704452274,-2.624592039354437,26231.306231464307,-3.9845949022105485,0.04642884560136373
2024-05-20 16:10:00,2024-05-20 06:33:00,26224.892584727586,-2.624142853514269,26231.30619842022,-3.7894708391211394,0.0998718772263052
2024-05-20 16:11:00,2024-05-20 06:34:00,26224.897699905334,-2.623614323444424,26231.306165376536,-3.784851147757938,-0.048942352193389826
2024-05-20 16:12:00,2024-05-20 06:35:00,26224.795776556584,-2.6230002331627027,26231.306132333255,-3.887355543507919,-0.15013785325893547
2024-05-20 16:13:00,2024-05-20 06:36:00,26224.598678069415,-2.622294366686906,26231.306099290377,-4.085126854275809,-0.20197366460198918
2024-05-20 16:14:00,2024-05-20 06:37:00,26224.393272867153,-2.621490508034837,26231.3060662479,-4.291302872711897,-0.25303576525767646
2024-05-20 16:15:00,2024-05-20 06:38:00,26224.094252379815,-2.620582441224294,26231.30603320583,-4.591198384791162,-0.4010575866762478
2024-05-20 16:16:00,2024-05-20 06:39:00,26223.59301816782,-2.6195639502730828,26231.306000164157,-5.093418046064393,-0.5014988902797297
2024-05-20 16:17:00,2024-05-20 06:40:00,26223.093342138338,-2.618428819198999,26231.305967122888,-5.594196165350621,-0.4012891117627406
2024-05-20 16:18:00,2024-05-20 06:41:00,26222.79276698041,-2.61717083201985,26231.30593408202,-5.895996269589874,-0.1482383367105755
2024-05-20 16:19:00,2024-05-20 06:42:00,26222.79944443003,-2.6157837727534368,26231.305901041556,-5.890672838771772,0.001138813414785389
2024-05-20 16:20:00,2024-05-20 06:43:00,26222.797887933317,-2.6142614254175545,26231.305868001495,-5.893718642760303,-0.1026673918189811
2024-05-20 16:21:00,2024-05-20 06:44:00,26222.597229765397,-2.612597574030014,26231.305834961837,-6.096007622409735,-0.053632392527048545
2024-05-20 16:22:00,2024-05-20 06:45:00,26222.69403249216,-2.6107860026086094,26231.305801922583,-6.0009834278144005,-0.2500987976601903
2024-05-20 16:23:00,2024-05-20 06:46:00,26222.100743170828,-2.6088204951711456,26231.30576888373,-6.596205217730115,-0.4507261525178543
2024-05-20 16:24:00,2024-05-20 06:47:00,26221.79660527669,-2.606694835735424,26231.305735845275,-6.902435732850109,-0.3063136993121316
2024-05-20 16:25:00,2024-05-20 06:48:00,26221.492467382555,-2.604402808319243,26231.30570280723,-7.208832616354378,-0.20300313664677017
2024-05-20 16:26:00,2024-05-20 06:49:00,26221.395289566495,-2.6019381969404103,26231.30566976958,-7.3084420061436495,-0.24839155165517024
2024-05-20 16:27:00,2024-05-20 06:50:00,26221.00072622706,-2.5992947856167223,26231.30563673234,-7.705615719664719,-0.4030151247488445
2024-05-20 16:28:00,2024-05-20 06:51:00,26220.59466508149,-2.596466358365981,26231.3056036955,-8.114472255641338,-0.15674101354708814
2024-05-20 16:29:00,2024-05-20 06:52:00,26220.693026213095,-2.593446699205992,26231.30557065906,-8.019097746758895,-0.10022479178277877
2024-05-20 16:30:00,2024-05-20 06:53:00,26220.400386191664,-2.5902295921545497,26231.305537623026,-8.314921839206896,-0.3500762452593804
2024-05-20 16:31:00,2024-05-20 06:54:00,26219.99944421243,-2.5868101376841612,26231.30550458739,-8.719250237277656,-0.15459125905005155
2024-05-20 16:32:00,2024-05-20 06:55:00,26220.09817849277,-2.583188702086124,26231.305471552165,-8.624104357306999,0.09170723790602331
2024-05-20 16:33:00,2024-05-20 06:56:00,26220.190235787766,-2.579366968106439,26231.30543851734,-8.53583576146561,-0.15417493151049655
2024-05-20 16:34:00,2024-05-20 06:57:00,26219.797604644093,-2.575346618491102,26231.30540548291,-8.932454220327992,-0.5035721068314318
2024-05-20 16:35:00,2024-05-20 06:58:00,26219.191263137775,-2.5711293359861163,26231.30537244889,-9.542979975128473,-0.3542590597912598
2024-05-20 16:36:00,2024-05-20 06:59:00,26219.097650272026,-2.5667168033374788,26231.305339415274,-9.640972339910512,-0.10224430551839436
2024-05-20 16:37:00,2024-05-20 07:00:00,26218.9957270926,-2.56211070329119,26231.305306382055,-9.747468586165262,0.2449790921178323
2024-05-20 16:38:00,2024-05-20 07:01:00,26219.596946474976,-2.557312718593248,26231.305273349244,-9.151014155674847,0.34255662518014685
2024-05-20 16:39:00,2024-05-20 07:02:00,26219.690560449035,-2.5523245319896533,26231.30524031683,-9.062355335804968,-0.007609676691771483
2024-05-20 16:40:00,2024-05-20 07:03:00,26219.59182594954,-2.5471478262264045,26231.305207284826,-9.16623350905839,0.0488761283350696
2024-05-20 16:41:00,2024-05-20 07:04:00,26219.798786890035,-2.541784284049501,26231.30517425322,-8.964603079134829,0.1974212869146612
2024-05-20 16:42:00,2024-05-20 07:05:00,26219.997514698585,-2.5362355882049417,26231.30514122202,-8.771390935229068,0.14134322703471724
2024-05-20 16:43:00,2024-05-20 07:06:00,26220.092688144716,-2.530503421438727,26231.30510819122,-8.681916625065394,-0.20722566438804968
2024-05-20 16:44:00,2024-05-20 07:07:00,26219.594643430322,-2.524589466496856,26231.305075160824,-9.185842264005167,-0.45386993907941076
2024-05-20 16:45:00,2024-05-20 07:08:00,26219.196890221483,-2.5184954061253277,26231.305042130833,-9.589656503224216,-0.5066053818195861
2024-05-20 16:46:00,2024-05-20 07:09:00,26218.593733150527,-2.5122229230701407,26231.30500910124,-10.19905302764434,-1.0088305679696354
2024-05-20 16:47:00,2024-05-20 07:10:00,26217.191884732812,-2.5057737000772953,26231.304976072053,-11.607317639163487,-1.307203757001509
2024-05-20 16:48:00,2024-05-20 07:11:00,26215.99233308173,-2.4991494198927904,26231.30494304327,-12.813460541647357,-1.8567977278362298
2024-05-20 16:49:00,2024-05-20 07:12:00,26213.49164515479,-2.4923517652626246,26231.30491001489,-15.320913094835946,-2.657013266259633
2024-05-20 16:50:00,2024-05-20 07:13:00,26210.692007493813,-2.485382418932799,26231.304876986913,-18.127487074166623,-2.8032384522633302
2024-05-20 16:51:00,2024-05-20 07:14:00,26207.89921089632,-2.478243063649312,26231.304843959333,-20.927389999362607,-2.803887548591147
2024-05-20 16:52:00,2024-05-20 07:15:00,26205.098613378654,-2.4709353821581623,26231.30481093216,-23.735262171348918,-2.611850845323259
2024-05-20 16:53:00,2024-05-20 07:16:00,26202.69022515818,-2.46346105720535,26231.304777905396,-26.151091690009125,-2.111217602454319
2024-05-20 16:54:00,2024-05-20 07:17:00,26200.891225731233,-2.455821771536874,26231.304744879028,-27.957697376257556,-2.006544349949303
2024-05-20 16:55:00,2024-05-20 07:18:00,26198.69251225526,-2.448019207898734,26231.304711853067,-30.16418038990773,-2.1036268123610213
2024-05-20 16:56:00,2024-05-20 07:19:00,26196.699672777486,-2.440055049036929,26231.304678827502,-32.1649510009796,-2.0083607827403487
2024-05-20 16:57:00,2024-05-20 07:20:00,26194.691812869263,-2.431930977697458,26231.30464580235,-34.18090195538843,-1.5089038220790307
2024-05-20 16:58:00,2024-05-20 07:21:00,26193.69820545583,-2.4236486766263208,26231.304612777592,-35.18275864513766,-1.1048153209157796
2024-05-20 16:59:00,2024-05-20 07:22:00,26192.498837327454,-2.4152098285695165,26231.304579753243,-36.39053259721999,-1.311345416122652
2024-05-20 17:00:00,2024-05-20 07:23:00,26191.09248113564,-2.406616116273045,26231.304546729298,-37.805449477382965,-1.1092748705072673
2024-05-20 17:01:00,2024-05-20 07:24:00,26190.297562145035,-2.3978692224829046,26231.304513705752,-38.60908233823452,-0.356603580085455
2024-05-20 17:02:00,2024-05-20 07:25:00,26190.396853215112,-2.3889708299450954,26231.30448068261,-38.518656637553875,0.4927397848716595
2024-05-20 17:03:00,2024-05-20 07:26:00,26191.300922269973,-2.379922621405617,26231.30444765987,-37.6236027684912,0.9425824941024672
2024-05-20 17:04:00,2024-05-20 07:27:00,26192.300196708577,-2.3707262796104676,26231.304414637536,-36.63349164934894,1.0877369553473635
2024-05-20 17:05:00,2024-05-20 07:28:00,26193.4948692705,-2.3613834873056465,26231.304381615602,-35.448128857796476,0.8892402928242618
2024-05-20 17:06:00,2024-05-20 07:29:00,26194.09744160314,-2.351895927237154,26231.304348594076,-34.85501106370042,0.24395223490785156
2024-05-20 17:07:00,2024-05-20 07:30:00,26194.001825902815,-2.342265282150989,26231.304315572947,-34.96022438798077,-0.30989007947952985
2024-05-20 17:08:00,2024-05-20 07:31:00,26193.49699809477,-2.3324932347931506,26231.304282552224,-35.474791222659476,-0.3116068653713917
2024-05-20 17:09:00,2024-05-20 07:32:00,26193.398229945273,-2.3225814679096386,26231.304249531906,-35.583438118723556,0.13952769367244144
2024-05-20 17:10:00,2024-05-20 07:33:00,26193.79594901243,-2.3125316642464524,26231.30421651199,-35.19573583531459,0.49031933482065426
2024-05-20 17:11:00,2024-05-20 07:34:00,26194.399038536845,-2.30234550654959,26231.304183492477,-34.60279944908225,0.39243225207117405
2024-05-20 17:12:00,2024-05-20 07:35:00,26194.60125446463,-2.292024677565052,26231.304150473366,-34.410871331172245,0.38812919189626527
2024-05-20 17:13:00,2024-05-20 07:36:00,26195.196005529335,-2.2815708600388374,26231.304117454663,-33.82654106528972,0.3872333880487595
2024-05-20 17:14:00,2024-05-20 07:37:00,26195.39669414457,-2.2709857367169457,26231.30408443636,-33.636404555074726,0.08815001153103452
2024-05-20 17:15:00,2024-05-20 07:38:00,26195.39353938589,-2.2602709903453757,26231.30405141846,-33.65024104222765,0.1363898359413831
2024-05-20 17:16:00,2024-05-20 07:39:00,26195.690965214104,-2.2494283036701272,26231.304018400966,-33.36362488319196,0.34005602679267355
2024-05-20 17:17:00,2024-05-20 07:40:00,26196.095397035795,-2.238459359437199,26231.303985383875,-32.9701289886423,0.3900777771818724
2024-05-20 17:18:00,2024-05-20 07:41:00,26196.493117197962,-2.2273658403925904,26231.303952367183,-32.583469328828215,0.4401512974144772
2024-05-20 17:19:00,2024-05-20 07:42:00,26196.997943527804,-2.216149429282302,26231.3039193509,-32.08982639381335,0.5427148170421123
2024-05-20 17:20:00,2024-05-20 07:43:00,26197.601034831416,-2.204811808852331,26231.303886335012,-31.49803969474399,0.3346312554559887
2024-05-20 17:21:00,2024-05-20 07:44:00,26197.689934774786,-2.1933546618486783,26231.303853319536,-31.42056388290137,0.18503577449423148
2024-05-20 17:22:00,2024-05-20 07:45:00,26197.994072487687,-2.181779671017343,26231.30382030446,-31.127968145755528,0.39130456960223725
2024-05-20 17:23:00,2024-05-20 07:46:00,26198.495744026986,-2.1700885191043238,26231.303787289788,-30.637954743696895,0.4389957284792523
2024-05-20 17:24:00,2024-05-20 07:47:00,26198.895494697863,-2.1582828888556205,26231.303754275516,-30.249976688797023,0.13891560852527185
2024-05-20 17:25:00,2024-05-20 07:48:00,26198.79723327199,-2.1463644630172323,26231.303721261655,-30.36012352664635,0.1864088886851203
2024-05-20 17:26:00,2024-05-20 07:49:00,26199.292194412432,-2.1343349243351586,26231.303688248194,-29.877158911426783,0.3367925442906756
2024-05-20 17:27:00,2024-05-20 07:50:00,26199.494920841513,-2.1221959555553984,26231.303655235133,-29.686538438065,0.23735797291776528
2024-05-20 17:28:00,2024-05-20 07:51:00,26199.791230017465,-2.1099492394239507,26231.30362222248,-29.402442965591252,0.23725422172881494
2024-05-20 17:29:00,2024-05-20 07:52:00,26199.993962756937,-2.097596458686816,26231.30358921023,-29.21202999460737,0.23872640570145798
2024-05-20 17:30:00,2024-05-20 07:53:00,26200.293426748103,-2.0851392960899924,26231.30355619838,-28.924990154188336,0.19081424760849153
2024-05-20 17:31:00,2024-05-20 07:54:00,26200.400542253166,-2.07257943437948,26231.303523186936,-28.830401499390387,0.13741693960637136
2024-05-20 17:32:00,2024-05-20 07:55:00,26200.59341534462,-2.0599185563012785,26231.3034901759,-28.650156274975593,0.1334095258563348
2024-05-20 17:33:00,2024-05-20 07:56:00,26200.692716372978,-2.0471583446013857,26231.303457165257,-28.563582447677717,0.18920916378960406
2024-05-20 17:34:00,2024-05-20 07:57:00,26200.997385725605,-2.034300482025802,26231.303424155027,-28.271737947396385,0.2902254628284524
2024-05-20 17:35:00,2024-05-20 07:58:00,26201.298912971855,-2.0213466513205263,26231.303391145197,-27.983131522020813,0.2875324717146732
2024-05-20 17:36:00,2024-05-20 07:59:00,26201.59838659657,-2.008298535231558,26231.30335813577,-27.69667300396704,0.3342289921721697
2024-05-20 17:37:00,2024-05-20 08:00:00,26201.993493772567,-1.995157816504897,26231.303325126748,-27.314673537676473,0.28502269239438327
2024-05-20 17:38:00,2024-05-20 08:01:00,26202.194738321065,-1.981926177886542,26231.30329211813,-27.126627619178272,0.1903329651130914
2024-05-20 17:39:00,2024-05-20 08:02:00,26202.400646200338,-1.9686053021224923,26231.30325910991,-26.93400760745029,0.23779134314191097
2024-05-20 17:40:00,2024-05-20 08:03:00,26202.696984297247,-1.9551968719587474,26231.3032261021,-26.65104493289445,0.33388135685515685
2024-05-20 17:41:00,2024-05-20 08:04:00,26203.09524563081,-1.9417025701413064,26231.303193094693,-26.266244893739977,0.23453978005776044
2024-05-20 17:42:00,2024-05-20 08:05:00,26203.193070635494,-1.928124079416169,26231.30316008769,-26.18196537277893,0.2887841173778618
2024-05-20 17:43:00,2024-05-20 08:06:00,26203.699987339573,-1.9144630825293336,26231.303127081086,-25.688676658984253,0.3890045163727649
2024-05-20 17:44:00,2024-05-20 08:07:00,26203.99841647263,-1.9007212622268008,26231.30309407489,-25.4039563400334,0.4365241583666606
2024-05-20 17:45:00,2024-05-20 08:08:00,26204.600532425597,-1.8869003012545689,26231.303061069102,-24.815628342250932,0.4364519367519346
2024-05-20 17:46:00,2024-05-20 08:09:00,26204.898973714822,-1.8730018823586378,26231.30302806371,-24.53105246652953,0.2827423475007276
2024-05-20 17:47:00,2024-05-20 08:10:00,26205.19382372319,-1.8590276882850068,26231.302995058726,-24.250143647249477,0.33595497377077876
2024-05-20 17:48:00,2024-05-20 08:11:00,26205.598840133378,-1.8449794017796748,26231.302962054146,-23.859142518987973,0.38684565777781543
2024-05-20 17:49:00,2024-05-20 08:12:00,26205.995618012686,-1.8308587055886416,26231.30292904997,-23.476452331693846,0.43355777689190944
2024-05-20 17:50:00,2024-05-20 08:13:00,26206.49420179853,-1.8166672824579055,26231.302896046192,-22.992026965204154,0.5361646365019279
2024-05-20 17:51:00,2024-05-20 08:14:00,26207.096333169,-1.802406815133467,26231.302863042823,-22.40412305868999,0.4349900591421392
2024-05-20 17:52:00,2024-05-20 08:15:00,26207.392704206573,-1.788078986361325,26231.302830039855,-22.122046846919876,0.3363737130677116
2024-05-20 17:53:00,2024-05-20 08:16:00,26207.79773592585,-1.7736854788874787,26231.302797037293,-21.731375632554567,0.33712348575619444
2024-05-20 17:54:00,2024-05-20 08:17:00,26208.09573618427,-1.7592279754579276,26231.302764035136,-21.447799875407487,0.3336936678927298
2024-05-20 17:55:00,2024-05-20 08:18:00,26208.494034577794,-1.7447081588186706,26231.302731033382,-21.063988296769107,0.23664709514927296
2024-05-20 17:56:00,2024-05-20 08:19:00,26208.598064635204,-1.7301277117157077,26231.30269803203,-20.97450568510894,0.23658929397024053
2024-05-20 17:57:00,2024-05-20 08:20:00,26208.99636700536,-1.7154883168950374,26231.302665031082,-20.590809708828626,0.3828562814396186
2024-05-20 17:58:00,2024-05-20 08:21:00,26209.393047251207,-1.7007916571026593,26231.30263203054,-20.208793122229704,0.23647875913509786
2024-05-20 17:59:00,2024-05-20 08:22:00,26209.49870742476,-1.6860394150845732,26231.3025990304,-20.11785219055843,0.23798823771450195
2024-05-20 18:00:00,2024-05-20 08:23:00,26209.89851611028,-1.6712332735867779,26231.302566030667,-19.7328166468007,0.2831514177666925
2024-05-20 18:01:00,2024-05-20 08:24:00,26210.094608760955,-1.656374915355273,26231.302533031336,-19.551549355025045,0.28310118569721077
2024-05-20 18:02:00,2024-05-20 08:25:00,26210.494419733866,-1.6414660231360576,26231.30250003241,-19.16661427540628,0.4374327779874587
2024-05-20 18:03:00,2024-05-20 08:26:00,26210.999274955164,-1.6265082796751311,26231.30246703389,-18.676683799050128,0.3339664559249922
2024-05-20 18:04:00,2024-05-20 08:27:00,26211.192249304495,-1.6115033677184927,26231.30243403577,-18.498681363556294,0.18185191491153674
2024-05-20 18:05:00,2024-05-20 08:28:00,26211.392968098815,-1.5964529700121415,26231.302401038054,-18.312979969227055,0.23426722866430083
2024-05-20 18:06:00,2024-05-20 08:29:00,26211.690862365213,-1.5813587693020774,26231.302368040742,-18.030146906227692,0.18588896343566397
2024-05-20 18:07:00,2024-05-20 08:30:00,26211.794910553148,-1.5662224483342992,26231.302335043838,-17.941202042355727,0.13651216898052887
2024-05-20 18:08:00,2024-05-20 08:31:00,26211.994133789212,-1.5510456898548068,26231.302302047334,-17.757122568266634,0.13228865823483105
2024-05-20 18:09:00,2024-05-20 08:32:00,26212.089814148738,-1.535830176609599,26231.302269051233,-17.676624725886064,0.18889341263451875
2024-05-20 18:10:00,2024-05-20 08:33:00,26212.402322721202,-1.5205775913446753,26231.302236055544,-17.379335742997597,0.3393671508571021
2024-05-20 18:11:00,2024-05-20 08:34:00,26212.79902301927,-1.5052896168060348,26231.302203060248,-16.99789042417186,0.280385110194441
2024-05-20 18:12:00,2024-05-20 08:35:00,26212.993636607018,-1.4899679357396771,26231.302170065366,-16.818565522608715,0.2819132897641623
2024-05-20 18:13:00,2024-05-20 08:36:00,26213.393458995346,-1.4746142308916008,26231.30213707088,-16.434063844643536,0.43807559235330107
2024-05-20 18:14:00,2024-05-20 08:37:00,26213.900459553894,-1.4592301850078064,26231.302104076804,-15.942414337902113,0.4388589421461253
2024-05-20 18:15:00,2024-05-20 08:38:00,26214.301907641944,-1.4438174808342925,26231.30207108313,-15.556345960351285,0.3818679673947889
2024-05-20 18:16:00,2024-05-20 08:39:00,26214.694981885634,-1.4283778011170587,26231.302038089863,-15.178678403112535,0.4327373505395071
2024-05-20 18:17:00,2024-05-20 08:40:00,26215.198221009123,-1.4129128286021038,26231.302005096997,-14.69087125927227,0.38594063606921836
2024-05-20 18:18:00,2024-05-20 08:41:00,26215.497750727525,-1.3974242460354276,26231.301972104535,-14.406797130974098,0.28480955755036774
2024-05-20 18:19:00,2024-05-20 08:42:00,26215.798773232145,-1.3819137361630291,26231.30193911248,-14.121252144171535,0.23464047183020398
2024-05-20 18:20:00,2024-05-20 08:43:00,26215.998006951784,-1.3663829817309077,26231.30190612083,-13.93751618731369,0.08410981592964006
2024-05-20 18:21:00,2024-05-20 08:44:00,26215.998006951784,-1.3508336654850628,26231.30187312958,-13.953032512312255,-0.0144506830255402
2024-05-20 18:22:00,2024-05-20 08:45:00,26216.000155115198,-1.3352674701714937,26231.301840138734,-13.96641755336477,0.03263464918953218
2024-05-20 18:23:00,2024-05-20 08:46:00,26216.094357855825,-1.3196860785362,26231.301807148295,-13.88776321393319,0.08250620581860879
2024-05-20 18:24:00,2024-05-20 08:47:00,26216.196277843206,-1.30409117332518,26231.30177415826,-13.801405141727553,0.08479574038664772
2024-05-20 18:25:00,2024-05-20 08:48:00,26216.295084998183,-1.2884844372844344,26231.301741168627,-13.718171733159895,0.08322844756143333
2024-05-20 18:26:00,2024-05-20 08:49:00,26216.393892379634,-1.2728675531599616,26231.3017081794,-13.634948246604687,0.1820273145102682
2024-05-20 18:27:00,2024-05-20 08:50:00,26216.69031588274,-1.257242203697761,26231.301675190578,-13.354117104139359,0.23298010603412944
2024-05-20 18:28:00,2024-05-20 08:51:00,26216.89104409598,-1.241610071643832,26231.30164220216,-13.168988034536428,0.09003013022441841
2024-05-20 18:29:00,2024-05-20 08:52:00,26216.901579530713,-1.2259728397441738,26231.301609214148,-13.174056843690522,0.13787620745065698
2024-05-20 18:30:00,2024-05-20 08:53:00,26217.198008416155,-1.2103321907447862,26231.301576226535,-12.893235619635114,0.13030733573410913
2024-05-20 18:31:00,2024-05-20 08:54:00,26217.19341125972,-1.194689807391668,26231.301543239333,-12.913442172222304,0.0314972625669423
2024-05-20 18:32:00,2024-05-20 08:55:00,26217.292221785607,-1.1790473724308188,26231.30151025254,-12.830241094501229,0.13416191309039505
2024-05-20 18:33:00,2024-05-20 08:56:00,26217.49295235149,-1.1634065686082375,26231.30147726614,-12.645118346041514,0.13416460646517514
2024-05-20 18:34:00,2024-05-20 08:57:00,26217.59176331991,-1.1477690786699242,26231.30144428015,-12.561911881570879,0.08584560638531258
2024-05-20 18:35:00,2024-05-20 08:58:00,26217.695847575927,-1.1321365853618768,26231.30141129456,-12.473427133270889,0.08585189505047985
2024-05-20 18:36:00,2024-05-20 08:59:00,26217.794659446477,-1.1165107714300961,26231.301378309377,-12.390208091469919,0.03226345999416935
2024-05-20 18:37:00,2024-05-20 09:00:00,26217.791551791695,-1.1008933196205812,26231.3013453246,-12.40890021328255,-0.015238402582386179
2024-05-20 18:38:00,2024-05-20 09:01:00,26217.795341530913,-1.0852859126793306,26231.301312340227,-12.420684896634691,0.03728617152117941
2024-05-20 18:39:00,2024-05-20 09:02:00,26217.897261252663,-1.0696902333523441,26231.301279356256,-12.334327870240191,0.08251485038311746
2024-05-20 18:40:00,2024-05-20 09:03:00,26217.991483212438,-1.0541079643856213,26231.301246372692,-12.255655195868457,0.08590988123330412
2024-05-20 18:41:00,2024-05-20 09:04:00,26218.10016449323,-1.0385407885251607,26231.301213389528,-12.162508107773583,0.08822177664851871
2024-05-20 18:42:00,2024-05-20 09:05:00,26218.19897837569,-1.0229903885169624,26231.30118040678,-12.079211642571419,0.13426563768018962
2024-05-20 18:43:00,2024-05-20 09:06:00,26218.399712144903,-1.0074584471070251,26231.301147424423,-11.893976832413204,0.1350270087159018
2024-05-20 18:44:00,2024-05-20 09:07:00,26218.5000101703,-0.9919466470413484,26231.30111444248,-11.809157625139616,0.03393925617870597
2024-05-20 18:45:00,2024-05-20 09:08:00,26218.498526469815,-0.9764566710659316,26231.301081460937,-11.826098320055792,-0.016187091458998104
2024-05-20 18:46:00,2024-05-20 09:09:00,26218.498526469815,-0.9609902019267742,26231.3010484798,-11.841531808057612,-0.0648280558724279
2024-05-20 18:47:00,2024-05-20 09:10:00,26218.399712144903,-0.9455489223698753,26231.301015499073,-11.955754431800647,-0.06899388842963017
2024-05-20 18:48:00,2024-05-20 09:11:00,26218.391328418682,-0.9301345151412344,26231.30098251874,-11.979519584916872,0.08154982610806094
2024-05-20 18:49:00,2024-05-20 09:12:00,26218.59354609625,-0.9147486629868505,26231.30094953882,-11.792654779584526,0.13443629700895876
2024-05-20 18:50:00,2024-05-20 09:13:00,26218.690876519748,-0.8993930486527228,26231.3009165593,-11.710646990898955,-0.013409212296333628
2024-05-20 18:51:00,2024-05-20 09:14:00,26218.597341021126,-0.884069354884851,26231.30088358019,-11.819473204177193,-0.014186581114677743
2024-05-20 18:52:00,2024-05-20 09:15:00,26218.69305118392,-0.8687792644292347,26231.300850601478,-11.73902015312831,0.03032209883165482
2024-05-20 18:53:00,2024-05-20 09:16:00,26218.68846415663,-0.8535244600318724,26231.300817623174,-11.758829006513883,-0.014856094421044297
2024-05-20 18:54:00,2024-05-20 09:17:00,26218.693745678866,-0.838306624438764,26231.300784645275,-11.768732341970399,0.08784308015152575
2024-05-20 18:55:00,2024-05-20 09:18:00,26218.894481381172,-0.8231274403959088,26231.30075166778,-11.583142846210832,0.08788323272400866
2024-05-20 18:56:00,2024-05-20 09:19:00,26218.89976422352,-0.8079885906493056,26231.30071869069,-11.592965876522381,-0.06569518993481704
2024-05-20 18:57:00,2024-05-20 09:20:00,26218.79326072998,-0.7928917579449541,26231.300685714006,-11.714533226080466,-0.06565143495423964
2024-05-20 18:58:00,2024-05-20 09:21:00,26218.798545366262,-0.7778386250288538,26231.300652737722,-11.72426874643086,-0.06560598606998358
2024-05-20 18:59:00,2024-05-20 09:22:00,26218.69204368898,-0.7628308746470029,26231.30061976185,-11.845745198220433,-0.017242337908242256
2024-05-20 19:00:00,2024-05-20 09:23:00,26218.793963174587,-0.7478701895454023,26231.30058678638,-11.758753422247345,0.03531630236115291
2024-05-20 19:01:00,2024-05-20 09:24:00,26218.792482965342,-0.7329582524700506,26231.30055381131,-11.775112593498127,0.03874919077063943
2024-05-20 19:02:00,2024-05-20 09:25:00,26218.90116904978,-0.7180967461669469,26231.300520836652,-11.681255040706066,0.03799013307353594
2024-05-20 19:03:00,2024-05-20 09:26:00,26218.89806818166,-0.7032873533820911,26231.300487862394,-11.699132327351055,-0.01703974931134855
2024-05-20 19:04:00,2024-05-20 09:27:00,26218.896588592357,-0.6885317568614815,26231.300454888547,-11.715334539328763,0.03471452851522372
2024-05-20 19:05:00,2024-05-20 09:28:00,26218.996887005425,-0.6738316393511181,26231.300421915097,-11.629703270320608,0.08492016820447112
2024-05-20 19:06:00,2024-05-20 09:29:00,26219.09570605554,-0.6591886835970004,26231.300388942058,-11.545494202919821,0.08349911955571088
2024-05-20 19:07:00,2024-05-20 09:30:00,26219.193046365865,-0.6446045723451275,26231.30035596942,-11.462705031209186,0.03753331197950338
2024-05-20 19:08:00,2024-05-20 09:31:00,26219.199814429885,-0.6300809883414988,26231.300322997187,-11.470427578960814,-0.011814751936030099
2024-05-20 19:09:00,2024-05-20 09:32:00,26219.198335875946,-0.6156196143321131,26231.30029002536,-11.486334535081246,-0.016685344716755424
2024-05-20 19:10:00,2024-05-20 09:33:00,26219.195236652482,-0.6012221330629703,26231.30025705394,-11.503798268394325,-0.064934441680907
2024-05-20 19:11:00,2024-05-20 09:34:00,26219.097130437196,-0.5868902272800691,26231.30022408292,-11.61620341844306,-0.06405718037447805
2024-05-20 19:12:00,2024-05-20 09:35:00,26219.095652903437,-0.5726255797294098,26231.30019111231,-11.631912629143281,-0.014935973531895463
2024-05-20 19:13:00,2024-05-20 09:36:00,26219.095652903437,-0.5584298731569908,26231.3001581421,-11.646075365506851,-0.012291464296024124
2024-05-20 19:14:00,2024-05-20 09:37:00,26219.09932482426,-0.5443047903088114,26231.300125172304,-11.65649555773533,-0.06391810738066539
2024-05-20 19:15:00,2024-05-20 09:38:00,26218.995928608707,-0.5302520139308715,26231.300092202906,-11.773911580268182,-0.06568092035221351
2024-05-20 19:16:00,2024-05-20 09:39:00,26218.995928608707,-0.5162732267691703,26231.300059233916,-11.787857398439757,0.08801132908110265
2024-05-20 19:17:00,2024-05-20 09:40:00,26219.19976723165,-0.502370111569707,26231.300026265326,-11.597888922105977,0.13595025658875404
2024-05-20 19:18:00,2024-05-20 09:41:00,26219.295492060806,-0.4885443510784804,26231.299993297147,-11.515956885262248,0.034109140790889114
2024-05-20 19:19:00,2024-05-20 09:42:00,26219.295492060806,-0.4747976280414905,26231.299960329372,-11.529670640524198,0.03728625011935094
2024-05-20 19:20:00,2024-05-20 09:43:00,26219.39741135177,-0.46113162520473616,26231.299927361997,-11.441384385023547,0.08677901106652275
2024-05-20 19:21:00,2024-05-20 09:44:00,26219.496233751328,-0.447548025314217,26231.299894395033,-11.356112618391153,-0.06182080219742758
2024-05-20 19:22:00,2024-05-20 09:45:00,26219.300786927935,-0.4340485111159329,26231.29986142847,-11.565025989418402,-0.16549229851514102
2024-05-20 19:23:00,2024-05-20 09:46:00,26219.19209648154,-0.42063476535588173,26231.299828462317,-11.687097215421435,-0.0642966891666612
2024-05-20 19:24:00,2024-05-20 09:47:00,26219.19886765803,-0.40730847078006427,26231.29979549656,-11.693619367751724,-0.009863173817320714
2024-05-20 19:25:00,2024-05-20 09:48:00,26219.19886765803,-0.3940713101344786,26231.29976253122,-11.706823563056076,-0.01389672544683318
2024-05-20 19:26:00,2024-05-20 09:49:00,26219.197391781465,-0.38092496616512483,26231.299729566275,-11.72141281864539,-0.06476469775761373
2024-05-20 19:27:00,2024-05-20 09:50:00,26219.095472521552,-0.3678711216180022,26231.29969660174,-11.836352958571304,-0.06393341908751005
2024-05-20 19:28:00,2024-05-20 09:51:00,26219.095472521552,-0.3549114592391094,26231.299663637612,-11.84927965682041,0.03653277777111885
2024-05-20 19:29:00,2024-05-20 09:52:00,26219.194295609086,-0.34204766177444634,26231.29963067389,-11.763287403029066,0.03662948365453289
2024-05-20 19:30:00,2024-05-20 09:53:00,26219.194295609086,-0.32928141197001204,26231.299597710567,-11.776020689511345,-0.013421405843773826
2024-05-20 19:31:00,2024-05-20 09:54:00,26219.192820140364,-0.3166143925718061,26231.299564747653,-11.790130214716614,-0.01332133447199979
2024-05-20 19:32:00,2024-05-20 09:55:00,26219.192820140364,-0.3040482863258276,26231.299531785146,-11.802663358455344,-0.014029699799530171
2024-05-20 19:33:00,2024-05-20 09:56:00,26219.18972443275,-0.2915847759780761,26231.299498823042,-11.818189614315674,-0.060689481958735136
2024-05-20 19:34:00,2024-05-20 09:57:00,26219.0961979947,-0.2792255442745506,26231.299465861346,-11.924042322372815,-0.10808433215432167
2024-05-20 19:35:00,2024-05-20 09:58:00,26218.998102347465,-0.26697227396125034,26231.29943290005,-12.034358278624318,-0.11217390471396005
2024-05-20 19:36:00,2024-05-20 09:59:00,26218.89618315958,-0.2548266477841752,26231.299399939166,-12.148390131800735,-0.06375471323844817
2024-05-20 19:37:00,2024-05-20 10:00:00,26218.894708925087,-0.2427903484893239,26231.299366978677,-12.161867705101214,-0.012684951446833459
2024-05-20 19:38:00,2024-05-20 10:01:00,26218.894708925087,-0.23086505882269592,26231.299334018604,-12.173760034694402,-0.10955824089900901
2024-05-20 19:39:00,2024-05-20 10:02:00,26218.699264410505,-0.2190524615302909,26231.299301058934,-12.380984186899232,-0.16040429114575883
2024-05-20 19:40:00,2024-05-20 10:03:00,26218.59734524332,-0.2073542393581076,26231.299268099665,-12.49456861698592,-0.01389106906564841
2024-05-20 19:41:00,2024-05-20 10:04:00,26218.69469674072,-0.19577207505214567,26231.299235140803,-12.408766325030529,-0.01112360615945196
2024-05-20 19:42:00,2024-05-20 10:05:00,26218.59807870169,-0.18430765135840455,26231.299202182352,-12.516815829304823,-0.06306803339023048
2024-05-20 19:43:00,2024-05-20 10:06:00,26218.591304181464,-0.172962651022883,26231.299169224298,-12.53490239181099,-0.11309704919507269
2024-05-20 19:44:00,2024-05-20 10:07:00,26218.394387582168,-0.1617387567915809,26231.299136266654,-12.743009927694969,-0.06172107373636848
2024-05-20 19:45:00,2024-05-20 10:08:00,26218.49012111872,-0.15063765141049723,26231.299103309415,-12.658344539283727,0.038407188963916816
2024-05-20 19:46:00,2024-05-20 10:09:00,26218.49321378519,-0.13966101762563188,26231.299070352583,-12.666195549767135,-0.006682844622644346
2024-05-20 19:47:00,2024-05-20 10:10:00,26218.49851662944,-0.12881053818298316,26231.29903739615,-12.671710228529015,-0.01229993790698991
2024-05-20 19:48:00,2024-05-20 10:11:00,26218.49012111872,-0.11808789582855095,26231.29900444013,-12.690795425581115,-0.060038252705733264
2024-05-20 19:49:00,2024-05-20 10:12:00,26218.39968997727,-0.10749477330833423,26231.298971484517,-12.791786733940482,-0.0104945658169191
2024-05-20 19:50:00,2024-05-20 10:13:00,26218.49012111872,-0.09703285336833423,26231.298938529304,-12.711784557214953,0.13596211651363266
2024-05-20 19:51:00,2024-05-20 10:14:00,26218.69233925483,-0.0867038187545468,26231.2989055745,-12.519862500913217,0.04338239862090898
2024-05-20 19:52:00,2024-05-20 10:15:00,26218.59734350791,-0.07650935221297317,26231.298872620097,-12.625019759973135,-0.010829579277900514
2024-05-20 19:53:00,2024-05-20 10:16:00,26218.690866870144,-0.0664511364896132,26231.298839666102,-12.541521659469018,0.03680538596776639
2024-05-20 19:54:00,2024-05-20 10:17:00,26218.690866870144,-0.056530854330465896,26231.29880671251,-12.551408988037602,0.09512051297993018
2024-05-20 19:55:00,2024-05-20 10:18:00,26218.900742937338,-0.046750188481529786,26231.29877375933,-12.351280633509157,0.044301412113192384
2024-05-20 19:56:00,2024-05-20 10:19:00,26218.79882382105,-0.03711082168880431,26231.29874080655,-12.462806163811218,-0.011081371727372336
2024-05-20 19:57:00,2024-05-20 10:20:00,26218.897650040515,-0.027614436698290667,26231.298707854177,-12.373443376963902,0.08906718308165473
2024-05-20 19:58:00,2024-05-20 10:21:00,26218.995740388305,-0.018262716255984746,26231.29867490221,-12.284671797647908,0.041346376194099754
2024-05-20 19:59:00,2024-05-20 10:22:00,26218.998833982965,-0.009057343107888638,26231.29864195065,-12.290750624575702,-0.058511182890574
2024-05-20 20:00:00,2024-05-20 10:23:00,26218.896914836063,0.0,26231.298608999492,-12.401694163429056,-0.05836241174197454
2024-05-20 20:01:00,2024-05-20 10:24:00,26218.900008667413,0.008908066730166126,26231.298576048743,-12.407475448059651,-0.007253811966990931
2024-05-20 20:02:00,2024-05-20 10:25:00,26218.900008667413,0.017667356379038532,26231.298543098397,-12.416201787363038,-0.06034880852693725
2024-05-20 20:03:00,2024-05-20 10:26:00,26218.796615888,0.02627880465153102,26231.298510148463,-12.528173065113526,-0.1088771741584571
2024-05-20 20:04:00,2024-05-20 10:27:00,26218.699264410505,0.03474334725255738,26231.298477198932,-12.633956135679952,-0.0079871886917946
2024-05-20 20:05:00,2024-05-20 10:28:00,26218.79735872719,0.04306191988703142,26231.298444249802,-12.544147442497115,-0.061822357356099644
2024-05-20 20:06:00,2024-05-20 10:29:00,26218.59204590895,0.051235458259866924,26231.298411301083,-12.757600850392151,-0.10917756788119082
2024-05-20 20:07:00,2024-05-20 10:30:00,26218.595140672584,0.05926489807597769,26231.298378352767,-12.762502578259497,-0.057337127544292876
2024-05-20 20:08:00,2024-05-20 10:31:00,26218.49322147442,0.06715117504027752,26231.29834540486,-12.872275105480737,-0.05719431459984747
2024-05-20 20:09:00,2024-05-20 10:32:00,26218.49631647475,0.07489522485768023,26231.29831245735,-12.876891207459192,-0.05550494238616732
2024-05-20 20:10:00,2024-05-20 10:33:00,26218.397492503238,0.08249798323309956,26231.298279510258,-12.983284990253072,-0.11015616112170257
2024-05-20 20:11:00,2024-05-20 10:34:00,26218.29100341973,0.08996038587144937,26231.29824656356,-13.097203529702597,-0.1084687650498033
2024-05-20 20:12:00,2024-05-20 10:35:00,26218.1952744654,0.09728336847764343,26231.298213617276,-13.200222520352678,-0.05508527152367382
2024-05-20 20:13:00,2024-05-20 10:36:00,26218.1952744654,0.10446786675659554,26231.298180671394,-13.207374072749944,-0.05804238793700911
2024-05-20 20:14:00,2024-05-20 10:37:00,26218.093355246107,0.11151481641321949,26231.29814772592,-13.316307296226697,-0.057905307574592335
2024-05-20 20:15:00,2024-05-20 10:38:00,26218.093355246107,0.11842515315242909,26231.298114780853,-13.32318468789913,-0.05776916267880061
2024-05-20 20:16:00,2024-05-20 10:39:00,26217.991436027285,0.12519981267913813,26231.29808183619,-13.431845621584298,-0.05763395372257207
2024-05-20 20:17:00,2024-05-20 10:40:00,26217.991436027285,0.13183973069826038,26231.29804889193,-13.438452595344273,-0.0566894806102507
2024-05-20 20:18:00,2024-05-20 10:41:00,26217.891137208193,0.1383458429147097,26231.298015948083,-13.5452245828048,-0.004121367005487819
2024-05-20 20:19:00,2024-05-20 10:42:00,26217.996006760317,0.14471908503339984,26231.29798300464,-13.446695329355249,0.04770841252810598
2024-05-20 20:20:00,2024-05-20 10:43:00,26217.99910269661,0.15096039275924458,26231.2979500616,-13.449807757748587,-0.004594897399140763
2024-05-20 20:21:00,2024-05-20 10:44:00,26217.99910269661,0.15707070179715776,26231.297917118965,-13.45588512415353,0.040751217790417016
2024-05-20 20:22:00,2024-05-20 10:45:00,26218.09262980242,0.16305094785205318,26231.297884176736,-13.368305322167753,0.04088081251352449
2024-05-20 20:23:00,2024-05-20 10:46:00,26218.09262980242,0.16890206662884458,26231.29785123492,-13.374123499126481,-0.0057540813722223305
2024-05-20 20:24:00,2024-05-20 10:47:00,26218.09262980242,0.1746249938324458,26231.2978182935,-13.379813484912198,-0.0029782595100540377
2024-05-20 20:25:00,2024-05-20 10:48:00,26218.097925999515,0.1802206651677707,26231.297785352494,-13.38008001814659,-0.0054995704469389395
2024-05-20 20:26:00,2024-05-20 10:49:00,26218.09262980242,0.18569001633973295,26231.297752411887,-13.390812625806076,-0.00802181709055727
2024-05-20 20:27:00,2024-05-20 10:50:00,26218.09262980242,0.19103398305324643,26231.297719471695,-13.396123652327704,0.04416273768568413
2024-05-20 20:28:00,2024-05-20 10:51:00,26218.191452882482,0.19625350101322486,26231.297686531903,-13.302487150434708,0.04657274999971239
2024-05-20 20:29:00,2024-05-20 10:52:00,26218.19602494611,0.20134950592458217,26231.297653592515,-13.30297815232828,0.04934379247434961
2024-05-20 20:30:00,2024-05-20 10:53:00,26218.30014402154,0.20632293349223202,26231.297620653535,-13.203799565486008,0.09320557316241818
2024-05-20 20:31:00,2024-05-20 10:54:00,26218.392195428383,0.21117471942108823,26231.297587714966,-13.116567006003443,-0.005496126338891294
2024-05-20 20:32:00,2024-05-20 10:55:00,26218.29866875805,0.2159057994160647,26231.297554776796,-13.214791818163791,-0.054049904926351644
2024-05-20 20:33:00,2024-05-20 10:56:00,26218.293372132364,0.2205171091820752,26231.29752183904,-13.224666815856146,0.04224438021763799
2024-05-20 20:34:00,2024-05-20 10:57:00,26218.392195428383,0.22500958442403338,26231.297488901688,-13.130303057728515,0.09670841808587571
2024-05-20 20:35:00,2024-05-20 10:58:00,26218.4955901459,0.22938416084685315,26231.297455964737,-13.031249979684395,0.09911166446415365
2024-05-20 20:36:00,2024-05-20 10:59:00,26218.598985073553,0.23364177415544835,26231.297423028198,-12.932079728800208,0.09355651907341311
2024-05-20 20:37:00,2024-05-20 11:00:00,26218.691036510576,0.23778336005473277,26231.29739009206,-12.844136941537569,0.04271255548876596
2024-05-20 20:38:00,2024-05-20 11:01:00,26218.692512392758,0.24180985424962004,26231.29735715633,-12.846654617822676,0.048499136679270194
2024-05-20 20:39:00,2024-05-20 11:02:00,26218.79590774527,0.2457221924450241,26231.297324221003,-12.747138668179028,0.0988345234177821
2024-05-20 20:40:00,2024-05-20 11:03:00,26218.897827025452,0.2495213103458588,26231.297291286093,-12.648985570987112,0.09820923952676264
2024-05-20 20:41:00,2024-05-20 11:04:00,26218.99974630611,0.25320814365703787,26231.29725835158,-12.550720189125503,0.04736141576854003
2024-05-20 20:42:00,2024-05-20 11:05:00,26218.99974630611,0.25678362808347505,26231.29722541748,-12.554262739450031,-0.0034873439347027357
2024-05-20 20:43:00,2024-05-20 11:06:00,26218.99974630611,0.26024869933008415,26231.297192483777,-12.557694876994908,-0.005663663965965071
2024-05-20 20:44:00,2024-05-20 11:07:00,26218.995173776206,0.26360429310177913,26231.297159550486,-12.565590067381962,0.044594717922369576
2024-05-20 20:45:00,2024-05-20 11:08:00,26219.095472521552,0.2668513451034736,26231.2971266176,-12.46850544115017,0.046989056387277905
2024-05-20 20:46:00,2024-05-20 11:09:00,26219.095472521552,0.2699907910400814,26231.29709368512,-12.471611954607406,-0.10416218129957944
2024-05-20 20:47:00,2024-05-20 11:10:00,26218.89325451591,0.2730235666165163,26231.297060753044,-12.676829803749328,-0.10140788142349955
2024-05-20 20:48:00,2024-05-20 11:11:00,26218.898550711467,0.2759506075376922,26231.297027821383,-12.674427717454405,-0.00019361220580993432
2024-05-20 20:49:00,2024-05-20 11:12:00,26218.898550711467,0.2787728495085228,26231.29699489012,-12.677217028160948,-0.003475015175626872
2024-05-20 20:50:00,2024-05-20 11:13:00,26218.897075439694,0.281491228233922,26231.296961959266,-12.681377747805659,0.04832563554967528
2024-05-20 20:51:00,2024-05-20 11:14:00,26219.000469951177,0.28410667941880346,26231.29692902882,-12.580565757061597,-0.0025315250232464948
2024-05-20 20:52:00,2024-05-20 11:15:00,26218.897075439694,0.2866201387680811,26231.29689609878,-12.686440797852152,-0.054127257189154676
2024-05-20 20:53:00,2024-05-20 11:16:00,26218.897075439694,0.2890325419866687,26231.296863169147,-12.688820271439907,-0.0023294135731362076
2024-05-20 20:54:00,2024-05-20 11:17:00,26218.897075439694,0.2913448247794799,26231.296830239913,-12.691099624998424,-0.0037775029963622586
2024-05-20 20:55:00,2024-05-20 11:18:00,26218.893979956516,0.2935579228514287,26231.296797311097,-12.696375277432631,-0.053090659803082474
2024-05-20 20:56:00,2024-05-20 11:19:00,26218.79515620998,0.2956727719074289,26231.296764382678,-12.797280944604589,-0.10204069407659766
2024-05-20 20:57:00,2024-05-20 11:20:00,26218.693965096736,0.2976903076523941,26231.29673145467,-12.900456665585827,-0.053269096782742054
2024-05-20 20:58:00,2024-05-20 11:21:00,26218.69249085469,0.2996114657912383,26231.29669852707,-12.903819138170073,-0.05015043649689588
2024-05-20 20:59:00,2024-05-20 11:22:00,26218.59734524332,0.30143718202887504,26231.29666559987,-13.000757538579618,-0.00064259313097903
2024-05-20 21:00:00,2024-05-20 11:23:00,26218.69469674072,0.30316839207021845,26231.296632673082,-12.905104324432031,0.04628753949970399
2024-05-20 21:01:00,2024-05-20 11:24:00,26218.69322331874,0.30480603162018216,26231.2965997467,-12.90818245958021,-0.002295106968506211
2024-05-20 21:02:00,2024-05-20 11:25:00,26218.69322331874,0.30635103638367983,26231.296566820725,-12.909694538369044,0.0003744637986313748
2024-05-20 21:03:00,2024-05-20 11:26:00,26218.696904705237,0.3078043420656255,26231.296533895154,-12.907433531982948,-0.05123025454851593
2024-05-20 21:04:00,2024-05-20 11:27:00,26218.593512806896,0.3091668843709329,26231.29650096999,-13.012155047466075,-0.002021099778398039
2024-05-20 21:05:00,2024-05-20 11:28:00,26218.695431912703,0.3104395990045158,26231.29646804524,-12.911475731539744,0.050500605072645754
2024-05-20 21:06:00,2024-05-20 11:29:00,26218.696904705237,0.3116234216712879,26231.296435120887,-12.911153837320784,0.04985263275103069
2024-05-20 21:07:00,2024-05-20 11:30:00,26218.797351018984,0.3127192880761631,26231.296402196946,-12.811770466037682,0.04765739011643699
2024-05-20 21:08:00,2024-05-20 11:31:00,26218.794258350248,0.31372813392405524,26231.296369273412,-12.81583905708791,0.04619802420668062
2024-05-20 21:09:00,2024-05-20 11:32:00,26218.89161282757,0.314650894919878,26231.296336350275,-12.719374417624321,0.09952561118382697
2024-05-20 21:10:00,2024-05-20 11:33:00,26218.995004099605,0.31548850676854523,26231.296303427556,-12.616787834720256,0.05358492251826341
2024-05-20 21:11:00,2024-05-20 11:34:00,26219.000307837825,0.31624190517497075,26231.296270505238,-12.612204572587794,0.049840951665874655
2024-05-20 21:12:00,2024-05-20 11:35:00,26219.096043677782,0.31691202584406836,26231.296237583327,-12.517105931388507,0.04881763650097248
2024-05-20 21:13:00,2024-05-20 11:36:00,26219.099135166718,0.3174998044807519,26231.296204661823,-12.51456929958585,0.04624718864055399
2024-05-20 21:14:00,2024-05-20 11:37:00,26219.189566363413,0.31800617678993504,26231.29617174073,-12.424611554107399,0.09913012791428955
2024-05-20 21:15:00,2024-05-20 11:38:00,26219.298261854758,0.31843207847653154,26231.29613882004,-12.31630904375727,0.10156584084206344
2024-05-20 21:16:00,2024-05-20 11:39:00,26219.39340447258,0.3187784452454554,26231.296105899757,-12.221479872423272,0.04994969431961582
2024-05-20 21:17:00,2024-05-20 11:40:00,26219.398709537563,0.3190462128016203,26231.29607297988,-12.216409655118039,-0.04776732504122272
2024-05-20 21:18:00,2024-05-20 11:41:00,26219.298261854758,0.31923631684994,26231.296040060413,-12.317014522505717,-0.05181391836946769
2024-05-20 21:19:00,2024-05-20 11:42:00,26219.295319342586,0.31934969309532846,26231.296007141347,-12.320037491856974,0.09959527874745078
2024-05-20 21:20:00,2024-05-20 11:43:00,26219.497537534924,0.31938727724269933,26231.295974222692,-12.117823965010816,0.19805256432688179
2024-05-20 21:21:00,2024-05-20 11:44:00,26219.69135894624,0.3193500049969664,26231.295941304445,-11.92393236320321,0.09701785629265558
2024-05-20 21:22:00,2024-05-20 11:45:00,26219.69135894624,0.31923881206304355,26231.2959083866,-11.923788252425505,0.05268575079449622
2024-05-20 21:23:00,2024-05-20 11:46:00,26219.7963692417,0.31905463414584445,26231.295875469168,-11.818560861614218,0.051212636618589435
2024-05-20 21:24:00,2024-05-20 11:47:00,26219.7932779799,0.31879840695028316,26231.29584255214,-11.821362979188326,0.048193074416596815
2024-05-20 21:25:00,2024-05-20 11:48:00,26219.892105988918,0.31847106618127313,26231.295809635518,-11.722174712781024,0.052090543075796525
2024-05-20 21:26:00,2024-05-20 11:49:00,26219.89666837381,0.31807354754372835,26231.295776719304,-11.717181893036733,0.051424567602457394
2024-05-20 21:27:00,2024-05-20 11:50:00,26219.994025012664,0.3176067867425626,26231.295743803497,-11.61932557757611,0.14877585546953132
2024-05-20 21:28:00,2024-05-20 11:51:00,26220.19315242548,0.3170717194826898,26231.295710888095,-11.41963018209767,0.15001751995937962
2024-05-20 21:29:00,2024-05-20 11:52:00,26220.292856716915,0.3164692814690235,26231.295677973103,-11.31929053765735,0.10258758354703623
2024-05-20 21:30:00,2024-05-20 11:53:00,26220.396990451918,0.3158004084064776,26231.295645058515,-11.214455015003598,0.10295099848456335
2024-05-20 21:31:00,2024-05-20 11:54:00,26220.497289639647,0.3150660359999659,26231.295612144335,-11.113388540688224,0.05021379269966175
2024-05-20 21:32:00,2024-05-20 11:55:00,26220.49581890091,0.3142670999544023,26231.29557923056,-11.114027429604274,-0.0010426295387659934
2024-05-20 21:33:00,2024-05-20 11:56:00,26220.493477053406,0.3134045359747005,26231.295546317197,-11.115473799765756,-0.05076794757325409
2024-05-20 21:34:00,2024-05-20 11:57:00,26220.39242935925,0.3124792797657742,26231.295513404235,-11.215563324750782,-0.04577119443941058
2024-05-20 21:35:00,2024-05-20 11:58:00,26220.399956570072,0.31149226703253735,26231.295480491684,-11.207016188644577,0.10025443361885333
2024-05-20 21:36:00,2024-05-20 11:59:00,26220.590837555512,0.31044443347990375,26231.295447579545,-11.015054457513076,0.2010499665511336
2024-05-20 21:37:00,2024-05-20 12:00:00,26220.799835127076,0.3093367148127872,26231.295414667806,-10.80491625554231,0.15323870339255752
2024-05-20 21:38:00,2024-05-20 12:01:00,26220.894974752482,0.30817004673610127,26231.295381756474,-10.70857705072796,0.09821351729032379
2024-05-20 21:39:00,2024-05-20 12:02:00,26220.993804989543,0.30694536495476,26231.29534884555,-10.608489220961662,0.050701250032137324
2024-05-20 21:40:00,2024-05-20 12:03:00,26220.993804989543,0.30566360517367713,26231.295315935033,-10.607174550663686,-0.00020148235462080777
2024-05-20 21:41:00,2024-05-20 12:04:00,26220.99071654235,0.3043257030977664,26231.295283024923,-10.608892185670904,0.15574601960093748
2024-05-20 21:42:00,2024-05-20 12:05:00,26221.30250019819,0.30293259443194165,26231.29525011522,-10.295682511461811,0.30447959665378566
2024-05-20 21:43:00,2024-05-20 12:06:00,26221.59676942844,0.3014852148811167,26231.295217205923,-9.999932992363332,0.1949680151476736
2024-05-20 21:44:00,2024-05-20 12:07:00,26221.689422316023,0.2999845001502054,26231.29518429704,-9.905746481166464,0.05097482806261944
2024-05-20 21:45:00,2024-05-20 12:08:00,26221.695599438262,0.29843138594412133,26231.295151388556,-9.897983336238093,0.0031559730466668157
2024-05-20 21:46:00,2024-05-20 12:09:00,26221.69251075338,0.2968268079677786,26231.295118480484,-9.89943453507313,0.1506427849475136
2024-05-20 21:47:00,2024-05-20 12:10:00,26221.9935595084,0.29517170192609066,26231.295085572816,-9.596697766343066,0.4004809328621466
2024-05-20 21:48:00,2024-05-20 12:11:00,26222.490046999734,0.2934670035239716,26231.29505266556,-9.098472669348837,0.5507531041550795
2024-05-20 21:49:00,2024-05-20 12:12:00,26223.09154184914,0.2917136484663351,26231.295019758705,-8.495191558032907,0.4546261442806374
2024-05-20 21:50:00,2024-05-20 12:13:00,26223.39567904393,0.28991257245809465,26231.29498685226,-8.189220380787562,0.25349088822112265
2024-05-20 21:51:00,2024-05-20 12:14:00,26223.59480887584,0.28806471120416466,26231.294953946228,-7.988209781590662,0.15088396038010465
2024-05-20 21:52:00,2024-05-20 12:15:00,26223.69363958098,0.28617100040945864,26231.294921040597,-7.887452460027353,0.10158963217765038
2024-05-20 21:53:00,2024-05-20 12:16:00,26223.794089993917,0.2842323757788903,26231.294888135373,-7.785030517235361,0.0536873074109967
2024-05-20 21:54:00,2024-05-20 12:17:00,26223.797027158365,0.2822497730173735,26231.294855230553,-7.780077845205359,0.0540890585466558
2024-05-20 21:55:00,2024-05-20 12:18:00,26223.898194053836,0.28022412782982203,26231.29482232615,-7.6768524001420495,0.15038288057640026
2024-05-20 21:56:00,2024-05-20 12:19:00,26224.093633714016,0.2781563759211497,26231.294789422147,-7.479312084052559,0.10366599035520707
2024-05-20 21:57:00,2024-05-20 12:20:00,26224.101283552118,0.2760474529962701,26231.294756518553,-7.469520419431635,0.0033334391285237963
2024-05-20 21:58:00,2024-05-20 12:21:00,26224.095976704328,0.2738982947600974,26231.294723615363,-7.472645205795511,0.09837684675375646
2024-05-20 21:59:00,2024-05-20 12:22:00,26224.29363382358,0.2717098369175454,26231.294690712588,-7.272766725924122,0.10489504051898413
2024-05-20 22:00:00,2024-05-20 12:23:00,26224.301285700632,0.2694830151735275,26231.294657810216,-7.262855124757543,-0.04713589836211218
2024-05-20 22:01:00,2024-05-20 12:24:00,26224.194805150837,0.26721876523295784,26231.294624908252,-7.367038522648347,-0.053205203598473805
2024-05-20 22:02:00,2024-05-20 12:25:00,26224.190244497542,0.26491802280075005,26231.294592006696,-7.369265531954491,-0.04896915673184177
2024-05-20 22:03:00,2024-05-20 12:26:00,26224.092163993017,0.2625817235818182,26231.294559105547,-7.46497683611203,-0.0949584559910468
2024-05-20 22:04:00,2024-05-20 12:27:00,26223.995554564146,0.2602108032810753,26231.2945262048,-7.559182443936584,-0.14661633602100776
2024-05-20 22:05:00,2024-05-20 12:28:00,26223.794089993917,0.2578061976034361,26231.294493304467,-7.758209508154046,-0.1488592177889987
2024-05-20 22:06:00,2024-05-20 12:29:00,26223.69292836728,0.255368842253814,26231.29446040454,-7.856900879514582,0.004712090725015994
2024-05-20 22:07:00,2024-05-20 12:30:00,26223.798541851254,0.25289967293712273,26231.29442750502,-7.748785326704014,0.1534235515125988
2024-05-20 22:08:00,2024-05-20 12:31:00,26223.994740454782,0.2503996253582763,26231.294394605913,-7.550053776489384,0.20102319297244442
2024-05-20 22:09:00,2024-05-20 12:32:00,26224.195492401668,0.24786963522218836,26231.294361707205,-7.346738940759125,0.20178685432301524
2024-05-20 22:10:00,2024-05-20 12:33:00,26224.393159379302,0.24531063823377264,26231.29432880891,-7.1464800678433535,0.20254861715029637
2024-05-20 22:11:00,2024-05-20 12:34:00,26224.595377774658,0.24272357009794293,26231.29429591102,-6.941641706458532,0.20523590245326906
2024-05-20 22:12:00,2024-05-20 12:35:00,26224.79836411712,0.24010936651961312,26231.294263013537,-6.736008262936815,0.10531197757318989
2024-05-20 22:13:00,2024-05-20 12:36:00,26224.800681328354,0.23746896320369693,26231.294230116462,-6.7310177513121525,0.10306265819300453
2024-05-20 22:14:00,2024-05-20 12:37:00,26224.9991175691,0.23480329585510834,26231.294197219795,-6.529882946550806,0.05058507116990185
2024-05-20 22:15:00,2024-05-20 12:38:00,26224.89643001474,0.23211330017876103,26231.294164323535,-6.629847608972349,0.0027345880418780943
2024-05-20 22:16:00,2024-05-20 12:39:00,26224.9991175691,0.22939991187956893,26231.294131427687,-6.52441377046705,0.10351876628813228
2024-05-20 22:17:00,2024-05-20 12:40:00,26225.097952522505,0.22666406666244543,26231.29409853224,-6.422810076396084,0.04953731726709609
2024-05-20 22:18:00,2024-05-20 12:41:00,26225.092633201504,0.2239067002323048,26231.294065637205,-6.425339135932858,-0.046616922684969975
2024-05-20 22:19:00,2024-05-20 12:42:00,26224.9991175691,0.22112874829406054,26231.29403274257,-6.516043921766024,-0.09489650211158063
2024-05-20 22:20:00,2024-05-20 12:43:00,26224.897198854753,0.21833114655262653,26231.293999848356,-6.615132140156019,-0.046577510803288646
2024-05-20 22:21:00,2024-05-20 12:44:00,26224.900282841878,0.2155148307129165,26231.293966954538,-6.6091989433726015,0.00019865230057192207
2024-05-20 22:22:00,2024-05-20 12:45:00,26224.89187996206,0.21268073647984453,26231.293934061134,-6.614734835554875,0.05117557020218699
2024-05-20 22:23:00,2024-05-20 12:46:00,26224.99688316473,0.20982979955832415,26231.29390116814,-6.5068478029682275,0.05612618728077656
2024-05-20 22:24:00,2024-05-20 12:47:00,26224.998348770205,0.20696295565326916,26231.293868275545,-6.502482460993322,-0.04577689234239202
2024-05-20 22:25:00,2024-05-20 12:48:00,26224.899514936184,0.20408114046959358,26231.293835383367,-6.5984015876530115,0.002921724948282023
2024-05-20 22:26:00,2024-05-20 12:49:00,26224.998348770205,0.201185289712211,26231.29380249159,-6.496639011096758,0.10331158724427603
2024-05-20 22:27:00,2024-05-20 12:50:00,26225.100267526148,0.1982763390860352,26231.293769600226,-6.3917784131644595,0.15347415992066127
2024-05-20 22:28:00,2024-05-20 12:51:00,26225.299401242304,0.19535522429597996,26231.293736709264,-6.189690691255436,0.20062839793566312
2024-05-20 22:29:00,2024-05-20 12:52:00,26225.49560508247,0.19242288104695893,26231.293703818716,-5.990521617293133,0.2538733638451136
2024-05-20 22:30:00,2024-05-20 12:53:00,26225.801207210046,0.1894802450438866,26231.293670928568,-5.6819439635652085,0.2512239611586251
2024-05-20 22:31:00,2024-05-20 12:54:00,26225.99209259585,0.1865282519916761,26231.293638038835,-5.488073694975883,0.0007147287987825379
2024-05-20 22:32:00,2024-05-20 12:55:00,26225.79665848113,0.18356783759524142,26231.2936051495,-5.680514505967643,-0.04715281397180027
2024-05-20 22:33:00,2024-05-20 12:56:00,26225.891792875223,0.18059993755949666,26231.293572260583,-5.582379322919484,0.0045459395731937136
2024-05-20 22:34:00,2024-05-20 12:57:00,26225.79974223284,0.17762548758935492,26231.293539372073,-5.671422626821256,-0.04455705165336665
2024-05-20 22:35:00,2024-05-20 12:58:00,26225.79665848113,0.17464542338973055,26231.293506483966,-5.671493426226217,0.0007411307752480667
2024-05-20 22:36:00,2024-05-20 12:59:00,26225.795193911665,0.17166068066553697,26231.29347359627,-5.66994036527076,0.05170491512584352
2024-05-20 22:37:00,2024-05-20 13:00:00,26225.894029308132,0.16867219512168863,26231.293440708985,-5.56808359597453,0.052440474419701566
2024-05-20 22:38:00,2024-05-20 13:01:00,26225.894029308132,0.16568090246309852,26231.2934078221,-5.565059416431357,0.006417635746978068
2024-05-20 22:39:00,2024-05-20 13:02:00,26225.90081434954,0.1626877383946811,26231.293374935627,-5.555248324480574,0.05244432951102018
2024-05-20 22:40:00,2024-05-20 13:03:00,26225.992864930777,0.15969363862134978,26231.293342049565,-5.460170757409316,0.04905227625158615
2024-05-20 22:41:00,2024-05-20 13:04:00,26225.992864930777,0.15669953884801835,26231.293309163906,-5.457143771977401,0.003026517373912352
2024-05-20 22:42:00,2024-05-20 13:05:00,26225.992864930777,0.15370637477960092,26231.29327627866,-5.454117722661492,-0.04527344250288179
2024-05-20 22:43:00,2024-05-20 13:06:00,26225.896267818953,0.15071508212101103,26231.293243393815,-5.547690656983165,0.003410704705448797
2024-05-20 22:44:00,2024-05-20 13:07:00,26225.993640792713,0.14772659657716236,26231.293210509386,-5.447296313250594,0.10493815102930659
2024-05-20 22:45:00,2024-05-20 13:08:00,26226.100105124286,0.14474185385296867,26231.293177625357,-5.337814354924552,0.15315451888735732
2024-05-20 22:46:00,2024-05-20 13:09:00,26226.29391925592,0.14176178965334452,26231.293144741743,-5.140987275475879,0.20183586934918551
2024-05-20 22:47:00,2024-05-20 13:10:00,26226.49775658199,0.13878733968320323,26231.293111858533,-4.934142616226181,0.2060319589762849
2024-05-20 22:48:00,2024-05-20 13:11:00,26226.699975057858,0.13581943964745824,26231.293078975734,-4.72892335752331,0.2029424612516295
2024-05-20 22:49:00,2024-05-20 13:12:00,26226.897647424867,0.13285902525102333,26231.29304609334,-4.528257693722922,0.1512435307858757
2024-05-20 22:50:00,2024-05-20 13:13:00,26226.996483947605,0.12990703219881283,26231.293013211358,-4.426436295951558,0.20446702384092985
2024-05-20 22:51:00,2024-05-20 13:14:00,26227.300621079932,0.1269643961957404,26231.292980329777,-4.119323646041062,0.15503893716259842
2024-05-20 22:52:00,2024-05-20 13:15:00,26227.300621079932,0.1240320529467197,26231.29294744861,-4.116358421626361,0.04898487099338267
2024-05-20 22:53:00,2024-05-20 13:16:00,26227.392671601956,0.12111093815666452,26231.292914567854,-4.021353904054297,0.10139593963132976
2024-05-20 22:54:00,2024-05-20 13:17:00,26227.497517132666,0.1182019875304885,26231.2928816875,-3.913566542363702,0.10365660447048519
2024-05-20 22:55:00,2024-05-20 13:18:00,26227.594114249216,0.11530613677310608,26231.292848807556,-3.8140406951133263,0.09909690436488683
2024-05-20 22:56:00,2024-05-20 13:19:00,26227.689867515972,0.1124243215894305,26231.292815928016,-3.715372733633928,0.2522705641041192
2024-05-20 22:57:00,2024-05-20 13:20:00,26228.09284095967,0.10955747768437529,26231.29278304889,-3.309499566905088,0.30702890611241607
2024-05-20 22:58:00,2024-05-20 13:21:00,26228.298141789524,0.1067065407628549,26231.29275017017,-3.101314921409096,0.10286503184340434
2024-05-20 22:59:00,2024-05-20 13:22:00,26228.292820235172,0.103872446529783,26231.29271729186,-3.1037695032182793,-0.04767886350749606
2024-05-20 23:00:00,2024-05-20 13:23:00,26228.19706789622,0.10105613069007291,26231.292684413955,-3.196672648424088,0.05568760918224336
2024-05-20 23:01:00,2024-05-20 13:24:00,26228.39851578056,0.09825852894863873,26231.292651536463,-2.9923942848537926,0.051468685675943204
2024-05-20 23:02:00,2024-05-20 13:25:00,26228.294363959314,0.0954805770103947,26231.292618659376,-3.0937352770722018,0.00014154196173010725
2024-05-20 23:03:00,2024-05-20 13:26:00,26228.39319779235,0.0927232105802539,26231.2925857827,-2.9921112009303323,0.15292295054314375
2024-05-20 23:04:00,2024-05-20 13:27:00,26228.594650895804,0.08998736536313068,26231.292552906427,-2.7878893759859142,0.2555526286003693
2024-05-20 23:05:00,2024-05-20 13:28:00,26228.898788063903,0.08727397706393869,26231.29252003057,-2.4810059437295937,0.5547346076266167
2024-05-20 23:06:00,2024-05-20 13:29:00,26229.698650975766,0.08458398138759127,26231.29248715511,-1.6784201607326807,1.148916808645648
2024-05-20 23:07:00,2024-05-20 13:30:00,26231.19120026767,0.08191831403900252,26231.29245428007,-0.1831723264382974,1.5526255407464413
2024-05-20 23:08:00,2024-05-20 13:31:00,26232.798530236916,0.07927791072308654,26231.292421405433,1.4268309207602021,1.4066220056154703
2024-05-20 23:09:00,2024-05-20 13:32:00,26233.99912392314,0.07666370714475668,26231.2923885312,2.630071684792643,1.1496476941924543
2024-05-20 23:10:00,2024-05-20 13:33:00,26235.092558605542,0.07407663900892691,26231.292355657388,3.7261263091451107,1.4495188478001184
2024-05-20 23:11:00,2024-05-20 13:34:00,26236.892949806384,0.07151764202051103,26231.29232278397,5.52910938039288,1.9052873975456321
2024-05-20 23:12:00,2024-05-20 13:35:00,26238.897978667093,0.06898765188442324,26231.292289910973,7.536701104236375,1.7053063718247916
2024-05-20 23:13:00,2024-05-20 13:36:00,26240.298466766722,0.06648760430557688,26231.292257038374,8.939722124042463,0.8027417883957177
2024-05-20 23:14:00,2024-05-20 13:37:00,26240.498427282208,0.06401843498888571,26231.29222416619,9.14218468102781,-0.24807703344659693
2024-05-20 23:15:00,2024-05-20 13:38:00,26239.797340431196,0.06158107963926329,26231.292191294408,8.44356805714927,-0.9004913492268716
2024-05-20 23:16:00,2024-05-20 13:39:00,26238.69253687958,0.05917647396162384,26231.292158423043,7.341201982574067,-1.1475666420146915
2024-05-20 23:17:00,2024-05-20 13:40:00,26237.49736587886,0.056805553660881136,26231.292125552078,6.148434773119886,-1.2471642776252447
2024-05-20 23:18:00,2024-05-20 13:41:00,26236.193435363293,0.05446925444194939,26231.292092681528,4.846873427323578,-1.1004495978659588
2024-05-20 23:19:00,2024-05-20 13:42:00,26235.29176390078,0.052168512009741486,26231.29205981138,3.947535577387969,-0.8971385609645144
2024-05-20 23:20:00,2024-05-20 13:43:00,26234.39452750911,0.04990426206917209,26231.292026941646,3.052596305394549,-0.7474473453719934
2024-05-20 23:21:00,2024-05-20 13:44:00,26233.792312399288,0.047677440325154086,26231.29199407232,2.452640886643982,-0.5456206790689447
2024-05-20 23:22:00,2024-05-20 13:45:00,26233.29880513314,0.045488982482601914,26231.291961203402,1.9613549472566596,-0.44793282745950547
2024-05-20 23:23:00,2024-05-20 13:46:00,26232.892043390868,0.04333982424642957,26231.291928334897,1.556775231724971,-0.3996630642738679
2024-05-20 23:24:00,2024-05-20 13:47:00,26232.49515518682,0.04123090132154972,26231.29189546679,1.1620288187089238,-0.3974241124138054
2024-05-20 23:25:00,2024-05-20 13:48:00,26232.09295275541,0.039163149412877685,26231.2918625991,0.7619270068973603,-0.4962970619561008
2024-05-20 23:26:00,2024-05-20 13:49:00,26231.498401930836,0.03713750422532591,26231.291829731814,0.16943469479672224,-0.7465100933554776
2024-05-20 23:27:00,2024-05-20 13:50:00,26230.595858586592,0.03515490146380906,26231.29179686494,-0.7310931798135949,-0.9499675693674584
2024-05-20 23:28:00,2024-05-20 13:51:00,26229.59447983137,0.03321627683324091,26231.291763998473,-1.7305004439381946,-1.199720038984366
2024-05-20 23:29:00,2024-05-20 13:52:00,26228.192520440673,0.03132256603853478,26231.291731132416,-3.130533257782327,-1.4989686213440847
2024-05-20 23:30:00,2024-05-20 13:53:00,26226.592735284925,0.029474704784604677,26231.291698266767,-4.728437686626364,-1.3952851178288341
2024-05-20 23:31:00,2024-05-20 13:54:00,26225.39823553686,0.02767362877636481,26231.291665401524,-5.921103493439995,-0.9953260912720636
2024-05-20 23:32:00,2024-05-20 13:55:00,26224.598462941238,0.02592027371872807,26231.29163253669,-6.7190898691704914,-0.5486919471220641
2024-05-20 23:33:00,2024-05-20 13:56:00,26224.297327859902,0.024215575316608895,26231.29159967227,-7.018487387684123,-0.4001363218335343
2024-05-20 23:34:00,2024-05-20 13:57:00,26223.79476476469,0.022560469274921058,26231.291566808253,-7.51936251283756,-0.5977921908976445
2024-05-20 23:35:00,2024-05-20 13:58:00,26223.098418066467,0.02095589129857811,26231.291533944648,-8.214071769479412,-0.5974857393559816
2024-05-20 23:36:00,2024-05-20 13:59:00,26222.59656986699,0.019402777092494272,26231.291501081447,-8.714333991549523,-0.30105282376213527
2024-05-20 23:37:00,2024-05-20 14:00:00,26222.49319286402,0.01790206236158287,26231.291468218664,-8.816177417003683,0.099619608708303
2024-05-20 23:38:00,2024-05-20 14:01:00,26222.792795264962,0.016454682810758126,26231.291435356285,-8.515094774132917,0.40216529743464235
2024-05-20 23:39:00,2024-05-20 14:02:00,26223.294617246323,0.015061574144933143,26231.291402494313,-8.011846822134398,0.4021114294746986
2024-05-20 23:40:00,2024-05-20 14:03:00,26223.594221389638,0.013723672069022141,26231.291369632752,-7.71087191518352,0.4023838932283099
2024-05-20 23:41:00,2024-05-20 14:04:00,26224.096699648206,0.01244191228793956,26231.291336771596,-7.207079035677778,0.40419428629603615
2024-05-20 23:42:00,2024-05-20 14:05:00,26224.40003779877,0.011217230506598064,26231.291303910853,-6.902483342591448,0.1989227058888816
2024-05-20 23:43:00,2024-05-20 14:06:00,26224.492087989045,0.010050562429912313,26231.291271050515,-6.809233623900015,0.047195148641035356
2024-05-20 23:44:00,2024-05-20 14:07:00,26224.492087989045,0.00894284376279586,26231.29123819059,-6.808093045309377,0.10448796356190249
2024-05-20 23:45:00,2024-05-20 14:08:00,26224.698842644506,0.007895010210162257,26231.291205331072,-6.60025769677621,0.1040308039082678
2024-05-20 23:46:00,2024-05-20 14:09:00,26224.698049031947,0.006907997476925498,26231.291172471963,-6.6000314374928415,-0.0028027237379579795
2024-05-20 23:47:00,2024-05-20 14:10:00,26224.691259210278,0.0059827412679991365,26231.291139613262,-6.605863144252126,0.0009267685899292388
2024-05-20 23:48:00,2024-05-20 14:11:00,26224.698049031947,0.0051201772882971675,26231.291106754972,-6.598177900312983,0.00425851893548046
2024-05-20 23:49:00,2024-05-20 14:12:00,26224.698049031947,0.004321241242733809,26231.291073897086,-6.597346106381165,-0.09804049245211699
2024-05-20 23:50:00,2024-05-20 14:13:00,26224.500369023237,0.003586868836221946,26231.291041039618,-6.794258885217217,-0.2995939082384882
2024-05-20 23:51:00,2024-05-20 14:14:00,26224.097392255466,0.0029179957736762407,26231.29100818255,-7.1965339228581415,-0.4023081445980936
2024-05-20 23:52:00,2024-05-20 14:15:00,26223.69441570924,0.002315557760009801,26231.290975325894,-7.598875174413404,-0.348751461504929
2024-05-20 23:53:00,2024-05-20 14:16:00,26223.39868611428,0.0017804905001368443,26231.290942469648,-7.8940368458679995,-0.24844032982303155
2024-05-20 23:54:00,2024-05-20 14:17:00,26223.19646750945,0.0013137296989707004,26231.29090961381,-8.095755834059467,-0.10064430706529048
2024-05-20 23:55:00,2024-05-20 14:18:00,26223.19646750945,0.000916211061425809,26231.290876758387,-8.09532545999858,0.09923504818380469
2024-05-20 23:56:00,2024-05-20 14:19:00,26223.394147035964,0.0005888702924159439,26231.290843903364,-7.897285737691858,0.14898123015093212
2024-05-20 23:57:00,2024-05-20 14:20:00,26223.493780692155,0.00033264309685465676,26231.290811048755,-7.797362999696716,0.153116021055399
2024-05-20 23:58:00,2024-05-20 14:21:00,26223.69987296415,0.0001484651796559433,26231.29077819455,-7.59105369558106,0.19940190860930418
2024-05-20 23:59:00,2024-05-20 14:22:00,26223.89222343053,3.72722457329111e-05,26231.29074534076,-7.398559182478108,0.24908016468878103
2024-05-21 00:00:00,2024-05-20 14:23:00,26224.197819121175,0.0,26231.29071248738,-7.092893366203498,0.36225146786043894
