DATETIME,DATETIME_UT,H_VALUE,SPLINE,BASELINE,LDi,LCi
2004-11-02 00:00:00,2004-11-02 10:32:00,27564.38143474292,0.0,27567.40943242928,-3.0279976863639604,0.0581399472981489
2004-11-02 00:01:00,2004-11-02 10:33:00,27564.38143474292,-0.000222329665088,27567.409371044723,-3.027713972140224,-0.0575725188506757
2004-11-02 00:02:00,2004-11-02 10:34:00,27564.265281338445,-0.0008855976617796,27567.40930966017,-3.143142724065312,-0.0660039194361563
2004-11-02 00:03:00,2004-11-02 10:35:00,27564.247542242105,-0.0019842224922064,27567.40924827561,-3.1597218110125365,0.0417123906092238
2004-11-02 00:04:00,2004-11-02 10:36:00,27564.34595632554,-0.0035126226584998,27567.409186891044,-3.059717942846864,0.0913466616397178
2004-11-02 00:05:00,2004-11-02 10:37:00,27564.42663180208,-0.0054652166627915,27567.40912550648,-2.977028487733101,0.2305203896519707
2004-11-02 00:06:00,2004-11-02 10:38:00,27564.80255053535,-0.0078364230072132,27567.4090641219,-2.5986771635429227,-0.0150989848967619
2004-11-02 00:07:00,2004-11-02 10:39:00,27564.3911556196,-0.0106206601938964,27567.40900273732,-3.0072264575266248,0.2628187573292866
2004-11-02 00:08:00,2004-11-02 10:40:00,27565.322089357127,-0.0138123467249727,27567.408941352736,-2.073039648884349,0.4108456092564447
2004-11-02 00:09:00,2004-11-02 10:41:00,27565.20593882803,-0.0174059011025737,27567.408879968145,-2.1855352390137357,0.0619284647594721
2004-11-02 00:10:00,2004-11-02 10:42:00,27565.43824012236,-0.021395741828831,27567.408818583557,-1.9491827193654048,0.0623218422940492
2004-11-02 00:11:00,2004-11-02 10:43:00,27565.322089357127,-0.0257762874058763,27567.40875719896,-2.0608915544256368,0.0627099925298312
2004-11-02 00:12:00,2004-11-02 10:44:00,27565.554391123715,-0.0305419563358411,27567.40869581436,-1.8237627343057428,0.3002607111357567
2004-11-02 00:13:00,2004-11-02 10:45:00,27565.912577130475,-0.035687167120857,27567.40863442975,-1.4603701321541234,0.0053935755731875
2004-11-02 00:14:00,2004-11-02 10:46:00,27565.554391123715,-0.0412063382630556,27567.408573045137,-1.812975583159368,0.126784332144011
2004-11-02 00:15:00,2004-11-02 10:47:00,27566.154616304397,-0.0470938882645686,27567.408511660524,-1.2068014678661012,0.3377163562404296
2004-11-02 00:16:00,2004-11-02 10:48:00,27566.2175631696,-0.0533442356275275,27567.408450275903,-1.1375428706785085,0.1097792959217505
2004-11-02 00:17:00,2004-11-02 10:49:00,27566.361194216403,-0.0599517988540639,27567.40838889128,-0.9872428760226,0.1682094481418547
2004-11-02 00:18:00,2004-11-02 10:50:00,27566.540292535807,-0.0669109964463095,27567.408327506648,-0.801123974394799,0.0386691633454327
2004-11-02 00:19:00,2004-11-02 10:51:00,27566.42414532578,-0.0742162469063958,27567.408266122016,-0.9099045493317346,0.0793551809909199
2004-11-02 00:20:00,2004-11-02 10:52:00,27566.683929156225,-0.0818619687364545,27567.40820473737,-0.642413612412959,0.1781089458118837
2004-11-02 00:21:00,2004-11-02 10:53:00,27566.764614114585,-0.089842580438617,27567.40814335273,-0.5536866577079672,-0.018388793781386
2004-11-02 00:22:00,2004-11-02 10:54:00,27566.6307382676,-0.0981525005150151,27567.40808196809,-0.6791911999757312,0.0311462494339899
2004-11-02 00:23:00,2004-11-02 10:55:00,27566.80984027713,-0.1067861474677804,27567.40802058344,-0.4913941588399872,0.1387484922417293
2004-11-02 00:24:00,2004-11-02 10:56:00,27566.890527043488,-0.1157379397990444,27567.40795919878,-0.4016942154922726,0.0898564699602945
2004-11-02 00:25:00,2004-11-02 10:57:00,27566.971214299185,-0.1250022960109388,27567.407897814115,-0.3116812189193981,0.0498228599158403
2004-11-02 00:26:00,2004-11-02 10:58:00,27566.971214299185,-0.134573634605595,27567.40783642945,-0.3020484956605919,0.0904714134076011
2004-11-02 00:27:00,2004-11-02 10:59:00,27567.13259027859,-0.1444463740851449,27567.40777504478,-0.1307383921041958,0.0415619705542177
2004-11-02 00:28:00,2004-11-02 11:00:00,27567.0341741726,-0.1546149329517199,27567.407713660104,-0.2189245545521565,0.0103750624880362
2004-11-02 00:29:00,2004-11-02 11:01:00,27567.13259027859,-0.1650737297074516,27567.407652275426,-0.1099882671281233,0.0687344667926882
2004-11-02 00:30:00,2004-11-02 11:02:00,27567.15031808692,-0.1758171828544717,27567.407590890743,-0.0814556209667799,0.1182243392493392
2004-11-02 00:31:00,2004-11-02 11:03:00,27567.34715020653,-0.1868397108949117,27567.40752950605,0.1264604113705551,0.1411173148919399
2004-11-02 00:32:00,2004-11-02 11:04:00,27567.410111397843,-0.1981357323309034,27567.40746812136,0.2007790088170999,0.1413881783135737
2004-11-02 00:33:00,2004-11-02 11:05:00,27567.606943839,-0.2096996656645781,27567.407406736664,0.4092367679977026,0.1013093092075537
2004-11-02 00:34:00,2004-11-02 11:06:00,27567.589217049797,-0.2215259293980676,27567.40734535196,0.4033976272322075,0.0612241417272086
2004-11-02 00:35:00,2004-11-02 11:07:00,27567.70536007667,-0.2336089420335035,27567.40728396725,0.53168505145212,0.1284131260125623
2004-11-02 00:36:00,2004-11-02 11:08:00,27567.821503339725,-0.2459431220730173,27567.40722258254,0.6602238792573323,0.1375255655332473
2004-11-02 00:37:00,2004-11-02 11:09:00,27567.95537449232,-0.2585228880187407,27567.40716119782,0.8067361825186146,0.1377687408884119
2004-11-02 00:38:00,2004-11-02 11:10:00,27568.071518515764,-0.2713426583728053,27567.407099813103,0.9357613610341562,-0.0588249744363083
2004-11-02 00:39:00,2004-11-02 11:11:00,27567.811727810385,-0.2843968516373426,27567.407038428377,0.6890862336459979,0.0083446361592282
2004-11-02 00:40:00,2004-11-02 11:12:00,27568.061747790685,-0.2976798863144843,27567.406977043647,0.9524506333526126,0.1965389153718237
2004-11-02 00:41:00,2004-11-02 11:13:00,27568.1778935424,-0.3111861809063619,27567.40691565892,1.0821640643896453,0.1790301875709414
2004-11-02 00:42:00,2004-11-02 11:14:00,27568.392455128756,-0.3249101539151071,27567.406854274173,1.3105110084944955,0.2373184895738875
2004-11-02 00:43:00,2004-11-02 11:15:00,27568.624747709124,-0.3388462238428515,27567.40679288943,1.5568010435374204,0.2867357846830406
2004-11-02 00:44:00,2004-11-02 11:16:00,27568.937725273347,-0.3529888091917267,27567.40673150468,1.8839825778605768,0.2288666075441356
2004-11-02 00:45:00,2004-11-02 11:17:00,27569.053872050088,-0.3673323284638642,27567.406670119926,2.014534258625692,0.2467968421083803
2004-11-02 00:46:00,2004-11-02 11:18:00,27569.402313797083,-0.3818712001613957,27567.406608735168,2.377576262077337,0.2558562775965523
2004-11-02 00:47:00,2004-11-02 11:19:00,27569.53619432144,-0.3965998427864528,27567.40654735041,2.5262468138187963,0.2068376129349582
2004-11-02 00:48:00,2004-11-02 11:20:00,27569.786224778745,-0.4115126748411671,27567.40648596564,2.791251487947254,0.1578130068484247
2004-11-02 00:49:00,2004-11-02 11:21:00,27569.821693293557,-0.4266041148276702,27567.406424580862,2.8418728275156457,0.0999159223711538
2004-11-02 00:50:00,2004-11-02 11:22:00,27569.95557794753,-0.4418685812480935,27567.40636319609,2.991083332689562,0.1089555631152983
2004-11-02 00:51:00,2004-11-02 11:23:00,27570.00878527245,-0.4573004926045689,27567.40630181131,3.0597839537462423,0.1091217579409662
2004-11-02 00:52:00,2004-11-02 11:24:00,27570.142673007696,-0.4728942673992279,27567.406240426524,3.2093268485714943,0.1004144606967583
2004-11-02 00:53:00,2004-11-02 11:25:00,27570.17814759273,-0.4886443241342021,27567.40617904173,3.260612875139759,0.1497762720251798
2004-11-02 00:54:00,2004-11-02 11:26:00,27570.410451968248,-0.5045450813116231,27567.406117656938,3.508879392621854,0.2394702390615788
2004-11-02 00:55:00,2004-11-02 11:27:00,27570.625018667968,-0.5205909574336225,27567.40605627214,3.7395533532629166,0.1637983614023828
2004-11-02 00:56:00,2004-11-02 11:28:00,27570.70569463176,-0.5367763710023318,27567.405994887333,3.83647611542662,0.1147279513214378
2004-11-02 00:57:00,2004-11-02 11:29:00,27570.82184701791,-0.5530957405198828,27567.405933502523,3.969009255905792,0.1414668364516709
2004-11-02 00:58:00,2004-11-02 11:30:00,27570.955738421548,-0.5695434844884069,27567.405872117703,4.119409788329961,0.1504625105407728
2004-11-02 00:59:00,2004-11-02 11:31:00,27571.08963098847,-0.5861140214100359,27567.405810732893,4.269934276987338,0.0925066969091794
2004-11-02 01:00:00,2004-11-02 11:32:00,27571.107370760423,-0.6028017697869013,27567.405749348065,4.30442318214832,-0.0235321092897442
2004-11-02 01:01:00,2004-11-02 11:33:00,27571.008956873524,-0.6196011481211343,27567.40568796324,4.22287005840785,0.0257838490134068
2004-11-02 01:02:00,2004-11-02 11:34:00,27571.125110883662,-0.6365065749148673,27567.40562657841,4.355990880175134,0.1331711732805032
2004-11-02 01:03:00,2004-11-02 11:35:00,27571.24126512987,-0.6535124686702314,27567.40556519357,4.489212404968856,0.1332690855507308
2004-11-02 01:04:00,2004-11-02 11:36:00,27571.357419612115,-0.6706132478893584,27567.405503808728,4.622529051276596,0.1333614163176331
2004-11-02 01:05:00,2004-11-02 11:37:00,27571.473574330408,-0.6878033310743796,27567.40544242388,4.755935237604122,0.035034555345117
2004-11-02 01:06:00,2004-11-02 11:38:00,27571.392902064268,-0.7050771367274269,27567.40538103903,4.6925981619668296,0.0843225513273098
2004-11-02 01:07:00,2004-11-02 11:39:00,27571.607470911084,-0.722429083350632,27567.40531965417,4.924580340258742,0.182811773790041
2004-11-02 01:08:00,2004-11-02 11:40:00,27571.72362638941,-0.739853589446126,27567.40525826931,5.058221709546912,0.1740106369425933
2004-11-02 01:09:00,2004-11-02 11:41:00,27571.920453425075,-0.7573450735160407,27567.405196884447,5.2726016141439285,0.2232816317990611
2004-11-02 01:10:00,2004-11-02 11:42:00,27572.135022518654,-0.7748979540625083,27567.40513549957,5.504784973145034,0.1741334669303231
2004-11-02 01:11:00,2004-11-02 11:43:00,27572.23343601312,-0.7925066495876596,27567.405074114704,5.620868548004575,0.1653154559644476
2004-11-02 01:12:00,2004-11-02 11:44:00,27572.4302630363,-0.8101655785936266,27567.40501272982,5.835415885073929,0.058078450022875
2004-11-02 01:13:00,2004-11-02 11:45:00,27572.314107633407,-0.8278691595825409,27567.40495134494,5.737025448050325,0.0089135899806103
2004-11-02 01:14:00,2004-11-02 11:46:00,27572.412521214028,-0.8456118110565338,27567.40488996005,5.85324306503515,0.0758984823084141
2004-11-02 01:15:00,2004-11-02 11:47:00,27572.4302630363,-0.8633879515177372,27567.404828575152,5.888822412667153,0.0267223902379458
2004-11-02 01:16:00,2004-11-02 11:48:00,27572.4302630363,-0.8811919994682827,27567.40476719026,5.906687845511041,0.0178765958487199
2004-11-02 01:17:00,2004-11-02 11:49:00,27572.4302630363,-0.8990183734103019,27567.404705805347,5.924575604364593,-0.0224395091181182
2004-11-02 01:18:00,2004-11-02 11:50:00,27572.349591755872,-0.916861491845926,27567.404644420443,5.861808827274805,-0.0135542613101642
2004-11-02 01:19:00,2004-11-02 11:51:00,27572.367334344,-0.9347157732772868,27567.40458303553,5.8974670817442645,-0.0224169384543806
2004-11-02 01:20:00,2004-11-02 11:52:00,27572.26892096477,-0.9525756362065164,27567.404521650613,5.816974950366044,-0.0401567674933418
2004-11-02 01:21:00,2004-11-02 11:53:00,27572.25117831332,-0.9704354991357462,27567.40446026569,5.817153546757581,0.0090471313763105
2004-11-02 01:22:00,2004-11-02 11:54:00,27572.25117831332,-0.9882897805671076,27567.404398880764,5.835069213118665,-0.0224252733118555
2004-11-02 01:23:00,2004-11-02 11:55:00,27572.17050759697,-1.0061328990027318,27567.404337495835,5.77230300013387,-0.0716459052464024
2004-11-02 01:24:00,2004-11-02 11:56:00,27572.07209424057,-1.0239592729447509,27567.40427611089,5.69177740262586,-0.1208717935453753
2004-11-02 01:25:00,2004-11-02 11:57:00,27571.893010818105,-1.0417633208952968,27567.40421472596,5.530559413043119,-0.0716902320849932
2004-11-02 01:26:00,2004-11-02 11:58:00,27571.893010818105,-1.0595394613565006,27567.404153341005,5.548396938455873,0.0758991880199144
2004-11-02 01:27:00,2004-11-02 11:59:00,27572.009167632303,-1.0772821128304937,27567.40409195605,5.682357789082948,-0.0225502928961676
2004-11-02 01:28:00,2004-11-02 12:00:00,27571.812341229943,-1.0949856938194085,27567.404030571102,5.503296352663538,-0.0806705612254892
2004-11-02 01:29:00,2004-11-02 12:01:00,27571.812341229943,-1.112644622825376,27567.40396918614,5.5210166666319695,-0.0315113947981426
2004-11-02 01:30:00,2004-11-02 12:02:00,27571.71392804589,-1.1302533183505274,27567.403907801177,5.440273563067253,-0.0226923763940809
2004-11-02 01:31:00,2004-11-02 12:03:00,27571.73167213115,-1.1478061988969954,27567.403846416204,5.475631913843808,-0.0138786948083473
2004-11-02 01:32:00,2004-11-02 12:04:00,27571.651003521714,-1.165297682966911,27567.40378503123,5.412516173450558,-0.0808937235259779
2004-11-02 01:33:00,2004-11-02 12:05:00,27571.534845923976,-1.1827221890624058,27567.403723646246,5.313844466791852,-0.0809634174888684
2004-11-02 01:34:00,2004-11-02 12:06:00,27571.454177464053,-1.2000741356856115,27567.403662261266,5.250589338472821,-0.121372974828668
2004-11-02 01:35:00,2004-11-02 12:07:00,27571.257351452077,-1.2173479413386592,27567.40360087628,5.071098517134516,-0.0811196765790382
2004-11-02 01:36:00,2004-11-02 12:08:00,27571.257351452077,-1.2345380245236817,27567.403539491283,5.0883499853147445,-0.0231270943168828
2004-11-02 01:37:00,2004-11-02 12:09:00,27571.17668363104,-1.251638803742809,27567.403478106284,5.02484432850075,-0.0724256460761312
2004-11-02 01:38:00,2004-11-02 12:10:00,27571.078270716946,-1.2686446974981744,27567.40341672128,4.943498693162482,-0.041062027351939
2004-11-02 01:39:00,2004-11-02 12:11:00,27571.060525485776,-1.285550124291908,27567.40335533627,4.942720273796872,-0.0322926637645082
2004-11-02 01:40:00,2004-11-02 12:12:00,27570.97985781427,-1.3023495026261425,27567.40329395126,4.878913365633466,-0.0324015346379096
2004-11-02 01:41:00,2004-11-02 12:13:00,27570.96211251976,-1.3190372510030088,27567.40323256624,4.877917204521053,-0.0413885968821032
2004-11-02 01:42:00,2004-11-02 12:14:00,27570.86369956516,-1.3356077879246389,27567.403171181217,4.796136171869259,-0.0907149583691078
2004-11-02 01:43:00,2004-11-02 12:15:00,27570.74754155208,-1.3520555318931642,27567.40310979619,4.696487287782837,0.0075724384872035
2004-11-02 01:44:00,2004-11-02 12:16:00,27570.845954558597,-1.3683749014107165,27567.40304841116,4.811281048843666,0.0074414172657646
2004-11-02 01:45:00,2004-11-02 12:17:00,27570.729796833453,-1.3845603149794272,27567.40298702612,4.711370122314366,-0.0596460243863683
2004-11-02 01:46:00,2004-11-02 12:18:00,27570.69430845005,-1.4006061911014278,27567.40292564108,4.6919890000709294,-0.0017094900099383
2004-11-02 01:47:00,2004-11-02 12:19:00,27570.69430845005,-1.4165069482788502,27567.402864256037,4.7079511422944895,0.0650933902730939
2004-11-02 01:48:00,2004-11-02 12:20:00,27570.79272164658,-1.4322570050138257,27567.402802870976,4.822175780617117,0.0560680983662162
2004-11-02 01:49:00,2004-11-02 12:21:00,27570.77497804514,-1.447850779808486,27567.402741485923,4.820087339026922,0.0962441426631377
2004-11-02 01:50:00,2004-11-02 12:22:00,27570.95406147564,-1.4632826911649632,27567.40268010086,5.014664065943393,0.1541579679270892
2004-11-02 01:51:00,2004-11-02 12:23:00,27571.05247483309,-1.478547157585388,27567.402618715794,5.128403274881101,0.0555746625623667
2004-11-02 01:52:00,2004-11-02 12:24:00,27571.03473212422,-1.4936385975718929,27567.402557330723,5.125813391068126,0.0642702055321371
2004-11-02 01:53:00,2004-11-02 12:25:00,27571.15088820197,-1.5085514296266092,27567.402495945647,5.256943685945375,0.1132955603292611
2004-11-02 01:54:00,2004-11-02 12:26:00,27571.231559000043,-1.523280072251668,27567.40243456057,5.3524045117266486,0.0639018323899067
2004-11-02 01:55:00,2004-11-02 12:27:00,27571.24930158225,-1.5378189439492014,27567.40237317548,5.384747350725188,0.0233738716802363
2004-11-02 01:56:00,2004-11-02 12:28:00,27571.24930158225,-1.5521624632213402,27567.40231179039,5.399152255087121,0.0143044374021203
2004-11-02 01:57:00,2004-11-02 12:29:00,27571.24930158225,-1.5663050485702172,27567.402250405292,5.413356225529429,0.0229721794807855
2004-11-02 01:58:00,2004-11-02 12:30:00,27571.267044515746,-1.580241118497964,27567.402189020195,5.445096614048692,0.080841148223707
2004-11-02 01:59:00,2004-11-02 12:31:00,27571.38320106556,-1.593965091506711,27567.402127635087,5.575038521976843,-0.017786615829054
2004-11-02 02:00:00,2004-11-02 12:32:00,27571.20411824627,-1.6074713860985907,27567.40206624998,5.409523382390584,-0.067213334568982
2004-11-02 02:01:00,2004-11-02 12:33:00,27571.221862296927,-1.6207544207757345,27567.402004864864,5.440611852838879,0.0713085878929939
2004-11-02 02:02:00,2004-11-02 12:34:00,27571.32027542388,-1.633808614040274,27567.401943479745,5.552140558176572,0.1025395376033482
2004-11-02 02:03:00,2004-11-02 12:35:00,27571.40094463827,-1.6466283843943408,27567.40188209462,5.645690928045576,0.0934306123461921
2004-11-02 02:04:00,2004-11-02 12:36:00,27571.481614342018,-1.6592081503400664,27567.40182070949,5.739001782868956,0.0125183581242511
2004-11-02 02:05:00,2004-11-02 12:37:00,27571.40094463827,-1.6715423303795829,27567.401759324355,5.670727644294078,-0.0280648703993575
2004-11-02 02:06:00,2004-11-02 12:38:00,27571.40094463827,-1.6836253430150208,27567.40169793921,5.682872042070241,0.0120160233270092
2004-11-02 02:07:00,2004-11-02 12:39:00,27571.40094463827,-1.6954516067485126,27567.40163655407,5.694759690948096,0.0520913355536887
2004-11-02 02:08:00,2004-11-02 12:40:00,27571.481614342018,-1.70701554008219,27567.40157516892,5.787054713177619,0.1010328583523398
2004-11-02 02:09:00,2004-11-02 12:41:00,27571.580027629898,-1.718311561518184,27567.401513783763,5.896825407652776,0.0515557564505964
2004-11-02 02:10:00,2004-11-02 12:42:00,27571.562284535128,-1.7293340895586269,27567.401452398608,5.890166226078812,0.0512795096863429
2004-11-02 02:11:00,2004-11-02 12:43:00,27571.66069789776,-1.7400775427056496,27567.40139101344,5.999384427025462,0.0598691914342879
2004-11-02 02:12:00,2004-11-02 12:44:00,27571.66069789776,-1.7505363394613842,27567.40132962828,6.009904608947387,0.0103750629809851
2004-11-02 02:13:00,2004-11-02 12:45:00,27571.66069789776,-1.7607048983279618,27567.401268243106,6.020134552987432,0.0681602054261469
2004-11-02 02:14:00,2004-11-02 12:46:00,27571.77685423992,-1.7705776378075146,27567.401206857925,6.146225019799681,0.0589901112407371
2004-11-02 02:15:00,2004-11-02 12:47:00,27571.759111271807,-1.7801489764021734,27567.40114547274,6.138114775468907,-0.0485989384883174
2004-11-02 02:16:00,2004-11-02 12:48:00,27571.66069789776,-1.7894133326140709,27567.401084087556,6.049027142823046,-0.1384505844814598
2004-11-02 02:17:00,2004-11-02 12:49:00,27571.46387118392,-1.7983651249453372,27567.40102270236,5.861213606505987,-0.1791009437855133
2004-11-02 02:18:00,2004-11-02 12:50:00,27571.284787800512,-1.806998771898105,27567.40096131716,5.69082525525202,-0.1705498895459758
2004-11-02 02:19:00,2004-11-02 12:51:00,27571.105705067395,-1.815308691974507,27567.40089993196,5.520113827414035,-0.03212812602706
2004-11-02 02:20:00,2004-11-02 12:52:00,27571.20411824627,-1.823289303676673,27567.40083854675,5.6265690031979,0.1062877365594388
2004-11-02 02:21:00,2004-11-02 12:53:00,27571.30253143656,-1.8309350255067347,27567.40077716153,5.732689300532913,0.1551566739251839
2004-11-02 02:22:00,2004-11-02 12:54:00,27571.4993578514,-1.8382402759668244,27567.400715776315,5.936882351048268,0.2128919139128595
2004-11-02 02:23:00,2004-11-02 12:55:00,27571.71392804589,-1.8451994735590729,27567.40065439109,6.158473128358632,0.261749656088575
2004-11-02 02:24:00,2004-11-02 12:56:00,27572.009167632303,-1.8518070367856128,27567.400593005867,6.460381663225418,0.2613952420443008
2004-11-02 02:25:00,2004-11-02 12:57:00,27572.22373784893,-1.8580573841485748,27567.40053162063,6.681263612447234,0.2699071910033108
2004-11-02 02:26:00,2004-11-02 12:58:00,27572.53672134648,-1.863944934150092,27567.4004702354,7.000196045232039,0.2695417262549733
2004-11-02 02:27:00,2004-11-02 12:59:00,27572.75129180982,-1.8694641052922936,27567.400408850157,7.22034706495718,0.2602984873719935
2004-11-02 02:28:00,2004-11-02 13:00:00,27573.0465311688,-1.8746093160773123,27567.400347464903,7.520793019976026,0.2018430758490095
2004-11-02 02:29:00,2004-11-02 13:01:00,27573.1449443113,-1.879374985007281,27567.400286079654,7.624033216655199,0.1699985247235411
2004-11-02 02:30:00,2004-11-02 13:02:00,27573.377259233228,-1.8837555305843288,27567.40022469439,7.860790069423109,0.1204040393756558
2004-11-02 02:31:00,2004-11-02 13:03:00,27573.377259233228,-1.887745371310591,27567.40016330913,7.864841295406511,0.0530596078618694
2004-11-02 02:32:00,2004-11-02 13:04:00,27573.47567228332,-1.891338925688196,27567.40010192386,7.966909285146848,0.0034540057242158
2004-11-02 02:33:00,2004-11-02 13:05:00,27573.377259233228,-1.894530612219276,27567.400040538592,7.871749306854943,-0.0461571779131251
2004-11-02 02:34:00,2004-11-02 13:06:00,27573.377259233228,-1.8973148494059624,27567.399979153317,7.874594929320597,0.011511521150533
2004-11-02 02:35:00,2004-11-02 13:07:00,27573.395004061436,-1.8996860557503887,27567.399917768027,7.894772349156009,-0.0469832338787448
2004-11-02 02:36:00,2004-11-02 13:08:00,27573.278846194557,-1.901638649754684,27567.399856382744,7.780628461563108,-0.0877384341934939
2004-11-02 02:37:00,2004-11-02 13:09:00,27573.2159234283,-1.9031670499209816,27567.39979499745,7.719295480769021,-0.0212136566431762
2004-11-02 02:38:00,2004-11-02 13:10:00,27573.23366908568,-1.904265674751412,27567.39973361215,7.738201148276755,-0.0885976597099573
2004-11-02 02:39:00,2004-11-02 13:11:00,27573.036843445447,-1.9049289427481084,27567.39967222685,7.542100161349106,-0.13824193815041
2004-11-02 02:40:00,2004-11-02 13:12:00,27572.956176841104,-1.9051512724132,27567.39961084154,7.461717271975935,-0.031399572168357
2004-11-02 02:41:00,2004-11-02 13:13:00,27572.973923391,-1.904927082248821,27567.399549456237,7.479301017012392,0.0173578700071268
2004-11-02 02:42:00,2004-11-02 13:14:00,27572.991670292144,-1.904250790757101,27567.39948807091,7.496433011990189,0.0080297029899272
2004-11-02 02:43:00,2004-11-02 13:15:00,27572.991670292144,-1.903116816440172,27567.39942668559,7.495360422992246,-0.0101776717274701
2004-11-02 02:44:00,2004-11-02 13:16:00,27572.973923391,-1.9015195778001672,27567.39936530026,7.476077668535249,-0.0106437267940244
2004-11-02 02:45:00,2004-11-02 13:17:00,27572.973923391,-1.899453493339216,27567.39930391493,7.474072969404197,0.0469644253666334
2004-11-02 02:46:00,2004-11-02 13:18:00,27573.072336067304,-1.896912981559451,27567.399242529595,7.5700065192685155,0.0464872073061619
2004-11-02 02:47:00,2004-11-02 13:19:00,27573.072336067304,-1.8938924609630048,27567.39918114425,7.567047384016521,-0.0524082685609053
2004-11-02 02:48:00,2004-11-02 13:20:00,27572.973923391,-1.8903863500520053,27567.399119758906,7.465189982146705,-0.0036903114654798
2004-11-02 02:49:00,2004-11-02 13:21:00,27573.072336067304,-1.8863890673285888,27567.399058373547,7.559666761085562,0.0942284079935205
2004-11-02 02:50:00,2004-11-02 13:22:00,27573.17074875503,-1.881895031294885,27567.39899698819,7.653646798133746,0.0848556954224437
2004-11-02 02:51:00,2004-11-02 13:23:00,27573.251415094303,-1.8768986604530244,27567.398935602825,7.729378151930449,0.0440174059426574
2004-11-02 02:52:00,2004-11-02 13:24:00,27573.269161454176,-1.87139437330514,27567.398874217462,7.741681610019061,0.0612532084316392
2004-11-02 02:53:00,2004-11-02 13:25:00,27573.38532081253,-1.8653765883533628,27567.39881283209,7.851884568793728,0.0026574163348902
2004-11-02 02:54:00,2004-11-02 13:26:00,27573.286908165297,-1.858839724099825,27567.398751446708,7.746996442688841,-0.0470706017030111
2004-11-02 02:55:00,2004-11-02 13:27:00,27573.30465522767,-1.8517781990466575,27567.398690061327,7.7577433653877055,0.0016082703699722
2004-11-02 02:56:00,2004-11-02 13:28:00,27573.30465522767,-1.8441864316959924,27567.398628675932,7.750212983428786,0.0817408278997855
2004-11-02 02:57:00,2004-11-02 13:29:00,27573.483733471185,-1.8360588405499607,27567.398567290547,7.921225021187277,0.0723289211377995
2004-11-02 02:58:00,2004-11-02 13:30:00,27573.465986886746,-1.8273898441106955,27567.39850590515,7.894870825704385,0.0314519700508291
2004-11-02 02:59:00,2004-11-02 13:31:00,27573.564399620154,-1.818173860880325,27567.398444519746,7.984128961288935,0.0397754847375728
2004-11-02 03:00:00,2004-11-02 13:32:00,27573.564399620154,-1.808405309360985,27567.398383134336,7.974421795179531,0.0303470781560655
2004-11-02 03:01:00,2004-11-02 13:33:00,27573.64506625847,-1.798078608054805,27567.39832174892,8.044823117601066,0.0297861376239296
2004-11-02 03:02:00,2004-11-02 13:34:00,27573.64506625847,-1.7871881754639167,27567.398260363505,8.03399407042739,0.0380927062348419
2004-11-02 03:03:00,2004-11-02 13:35:00,27573.74347907806,-1.7757284300904503,27567.39819897808,8.12100853007075,0.0375206027087884
2004-11-02 03:04:00,2004-11-02 13:36:00,27573.74347907806,-1.763693790436541,27567.39813759265,8.109035275844967,0.0369429233983122
2004-11-02 03:05:00,2004-11-02 13:37:00,27573.84189190908,-1.751078675004316,27567.398076207217,8.194894376867374,0.0855660780923068
2004-11-02 03:06:00,2004-11-02 13:38:00,27573.94030475151,-1.7378775022959108,27567.398014821774,8.28016743202958,0.0357708145593953
2004-11-02 03:07:00,2004-11-02 13:39:00,27573.94030475151,-1.7240846908134548,27567.39795343634,8.266436005986165,0.0440493173433962
2004-11-02 03:08:00,2004-11-02 13:40:00,27574.056463458543,-1.709694659059081,27567.39789205089,8.368266066716373,0.0926557073002527
2004-11-02 03:09:00,2004-11-02 13:41:00,27574.154876260487,-1.6947018255349198,27567.397830665435,8.45174742058667,0.0428438318089394
2004-11-02 03:10:00,2004-11-02 13:42:00,27574.17262240157,-1.6791006087431013,27567.39776927997,8.453953730334252,0.0422326318371899
2004-11-02 03:11:00,2004-11-02 13:43:00,27574.27103515159,-1.6628854271857616,27567.397707894517,8.53621268426105,0.0908223693322121
2004-11-02 03:12:00,2004-11-02 13:44:00,27574.38719427868,-1.6460506993650306,27567.397646509045,8.635598468998676,0.0095342640902194
2004-11-02 03:13:00,2004-11-02 13:45:00,27574.32427549223,-1.6285908437830343,27567.39758512357,8.55528121244149,0.0089067774281179
2004-11-02 03:14:00,2004-11-02 13:46:00,27574.440435483004,-1.6105002789419125,27567.39752373809,8.653412023854912,0.0486065559372654
2004-11-02 03:15:00,2004-11-02 13:47:00,27574.458183253573,-1.5917734233437928,27567.3974623526,8.65249432431602,-0.001238460051991
2004-11-02 03:16:00,2004-11-02 13:48:00,27574.47593137538,-1.5724046954908086,27567.39740096712,8.65093510375093,-0.1002950841706251
2004-11-02 03:17:00,2004-11-02 13:49:00,27574.296855223707,-1.552388513885088,27567.397339581617,8.45190415597477,-0.0920702629981482
2004-11-02 03:18:00,2004-11-02 13:50:00,27574.33235347685,-1.531719297028764,27567.39727819612,8.466794577754634,-0.0346442050423743
2004-11-02 03:19:00,2004-11-02 13:51:00,27574.269441093085,-1.5103914634239717,27567.39721681062,8.382615745890021,-0.093385513012655
2004-11-02 03:20:00,2004-11-02 13:52:00,27574.188779545264,-1.488399431572839,27567.397155425107,8.280023551729323,-0.0940512151529615
2004-11-02 03:21:00,2004-11-02 13:53:00,27574.1258697352,-1.4657376199774976,27567.397094039592,8.194513315584098,0.0528945593570346
2004-11-02 03:22:00,2004-11-02 13:54:00,27574.340444877373,-1.4424004471400806,27567.39703265407,8.385812670443393,0.1506291430120034
2004-11-02 03:23:00,2004-11-02 13:55:00,27574.47436053859,-1.4183823315627189,27567.396971268543,8.495771601608105,0.1499456855493104
2004-11-02 03:24:00,2004-11-02 13:56:00,27574.688936232807,-1.3936776917475455,27567.396909883013,8.685704041542014,0.0734223716946713
2004-11-02 03:25:00,2004-11-02 13:57:00,27574.67118389628,-1.3682809461966894,27567.39684849748,8.642616344997448,-0.0434363645433713
2004-11-02 03:26:00,2004-11-02 13:58:00,27574.65343191098,-1.3421865134122832,27567.39678711194,8.598831312455271,-0.0352606742549106
2004-11-02 03:27:00,2004-11-02 13:59:00,27574.65343191098,-1.3153888118964598,27567.39672572639,8.572094996487627,-0.1343783636794295
2004-11-02 03:28:00,2004-11-02 14:00:00,27574.438856665787,-1.287882260151349,27567.39666434084,8.330074585096412,-0.2335017873550899
2004-11-02 03:29:00,2004-11-02 14:01:00,27574.24203310038,-1.2596612766790845,27567.396602955283,8.105091421777447,-0.1761372700071319
2004-11-02 03:30:00,2004-11-02 14:02:00,27574.143621334824,-1.2307202799817958,27567.396541569724,7.977800045082148,-0.1857359028577159
2004-11-02 03:31:00,2004-11-02 14:03:00,27573.92904611165,-1.2010536885616148,27567.396480184158,7.733619616062015,-0.2356701944620987
2004-11-02 03:32:00,2004-11-02 14:04:00,27573.73222253382,-1.170655920920673,27567.396418798584,7.506459656157951,-0.169446477527245
2004-11-02 03:33:00,2004-11-02 14:05:00,27573.651562678457,-1.139521395561104,27567.39635741301,7.394726661007525,-0.1209800855670248
2004-11-02 03:34:00,2004-11-02 14:06:00,27573.553150981465,-1.1076445309850378,27567.396296027426,7.264499485023901,-0.0813952878429296
2004-11-02 03:35:00,2004-11-02 14:07:00,27573.553150981465,-1.0750197456946058,27567.39623464184,7.231936085321665,-0.0014860430969552
2004-11-02 03:36:00,2004-11-02 14:08:00,27573.61605919688,-1.0416414581919398,27567.39617325624,7.26152739882999,0.029212606551221
2004-11-02 03:37:00,2004-11-02 14:09:00,27573.67896908209,-1.0075040869791732,27567.396111870647,7.2903612984241075,-0.0030033756101177
2004-11-02 03:38:00,2004-11-02 14:10:00,27573.67896908209,-0.972602050558434,27567.39605048504,7.255520647609755,-0.0529760466527715
2004-11-02 03:39:00,2004-11-02 14:11:00,27573.643468537124,-0.9369297674318576,27567.39598909944,7.184409205118564,-0.0714986541084323
2004-11-02 03:40:00,2004-11-02 14:12:00,27573.607969397115,-0.9004816561015723,27567.395927713824,7.11252333939289,0.0035537782836474
2004-11-02 03:41:00,2004-11-02 14:13:00,27573.72413095482,-0.8632521350697129,27567.395866328203,7.191516761685859,-0.0198120610061183
2004-11-02 03:42:00,2004-11-02 14:14:00,27573.643468537124,-0.8252356228384077,27567.395804942586,7.0728992173806535,-0.0294765718154712
2004-11-02 03:43:00,2004-11-02 14:15:00,27573.74188063709,-0.7864265379097901,27567.39574355695,7.132563618054917,0.0011844324530638
2004-11-02 03:44:00,2004-11-02 14:16:00,27573.72413095482,-0.7468192987859918,27567.39568217132,7.075268082286781,-0.0488225624747453
2004-11-02 03:45:00,2004-11-02 14:17:00,27573.72413095482,-0.7064083239691463,27567.395620785683,7.034918493105426,-0.0092972524688521
2004-11-02 03:46:00,2004-11-02 14:18:00,27573.787044945424,-0.6651880319613817,27567.39555940004,7.056673577349077,-0.1351441671238271
2004-11-02 03:47:00,2004-11-02 14:19:00,27573.53697533198,-0.6231528412648277,27567.395498014383,6.764630158857772,-0.2166250861695822
2004-11-02 03:48:00,2004-11-02 14:20:00,27573.43856286336,-0.5802971703816233,27567.39543662873,6.623423405009913,-0.2085736544576519
2004-11-02 03:49:00,2004-11-02 14:21:00,27573.206242655204,-0.5366154378138948,27567.395375243075,6.347482849942468,-0.1916548371648048
2004-11-02 03:50:00,2004-11-02 14:22:00,27573.14332552602,-0.4921020620637755,27567.395313857403,6.240113730680303,-0.1166612254058439
2004-11-02 03:51:00,2004-11-02 14:23:00,27573.062661409236,-0.4467514616333954,27567.39525247173,6.11416039913078,-0.1174999539564245
2004-11-02 03:52:00,2004-11-02 14:24:00,27572.99974685381,-0.4005580550248862,27567.395191086063,6.005113822767454,-0.1675509218384379
2004-11-02 03:53:00,2004-11-02 14:25:00,27572.82067199509,-0.3535162607403812,27567.39512970038,5.779058555453904,-0.1950256911054317
2004-11-02 03:54:00,2004-11-02 14:26:00,27572.70451025797,-0.3056204972820122,27567.39506831469,5.61506244055659,-0.0393892025083939
2004-11-02 03:55:00,2004-11-02 14:27:00,27572.83842189629,-0.2568651831519091,27567.395006929,5.700280150437116,0.0089543740432969
2004-11-02 03:56:00,2004-11-02 14:28:00,27572.82067199509,-0.2072447368522052,27567.394945543303,5.632971188643184,0.0484176601886394
2004-11-02 03:57:00,2004-11-02 14:29:00,27573.03524605153,-0.1567535768850287,27567.3948841576,5.797115470814395,0.1056251537523769
2004-11-02 03:58:00,2004-11-02 14:30:00,27573.133658146293,-0.1053861217525167,27567.394822771897,5.844221496147938,0.0377902688285844
2004-11-02 03:59:00,2004-11-02 14:31:00,27573.2143206047,-0.0531367899567953,27567.394761386186,5.872696008471564,0.0369056445246727
2004-11-02 04:00:00,2004-11-02 14:32:00,27573.312732785664,0.0,27567.394700000463,5.918032785197283,0.0537660539893223
2004-11-02 04:01:00,2004-11-02 14:33:00,27573.42889449913,0.0540277679374665,27567.394638614747,5.980228116450209,0.0125462851449205
2004-11-02 04:02:00,2004-11-02 14:34:00,27573.446644371463,0.1089417869621081,27567.394577229014,5.943125355487124,0.0116636902799229
2004-11-02 04:03:00,2004-11-02 14:35:00,27573.5628066088,0.1647352685021558,27567.394515843283,6.003555497010055,0.1091999091699729
2004-11-02 04:04:00,2004-11-02 14:36:00,27573.77738105536,0.221401423985841,27567.394454457542,6.16152517382707,0.0591248788468692
2004-11-02 04:05:00,2004-11-02 14:37:00,27573.795131791343,0.2789334648413949,27567.3943930718,6.121805254703793,-0.1296853501652664
2004-11-02 04:06:00,2004-11-02 14:38:00,27573.633810762047,0.3373246024970486,27567.394331686053,5.902154473496537,-0.1216643286399721
2004-11-02 04:07:00,2004-11-02 14:39:00,27573.6693149461,0.3965680483810336,27567.39427030029,5.878476597423849,-0.1225114346270053
2004-11-02 04:08:00,2004-11-02 14:40:00,27573.507997532703,0.4566570139215808,27567.39420891454,5.657131604242527,-0.2306403429493158
2004-11-02 04:09:00,2004-11-02 14:41:00,27573.32892815084,0.5175847105469218,27567.39414752877,5.4171959115252175,-0.1330628713899631
2004-11-02 04:10:00,2004-11-02 14:42:00,27573.364436354157,0.5793443496852876,27567.39408614301,5.391005861462601,-0.0354794144245178
2004-11-02 04:11:00,2004-11-02 14:43:00,27573.382190982666,0.6419291427649094,27567.394024757225,5.346237082676182,-0.1032608795874323
2004-11-02 04:12:00,2004-11-02 14:44:00,27573.283779774945,0.7053323012140186,27567.393963371444,5.184484102287736,-0.1307076811876704
2004-11-02 04:13:00,2004-11-02 14:45:00,27573.248270742424,0.7695470364608462,27567.393901985663,5.084821720300841,-0.0331045926073865
2004-11-02 04:14:00,2004-11-02 14:46:00,27573.34668207688,0.8345665599336237,27567.39384059987,5.118274917072963,-0.0653571375043067
2004-11-02 04:15:00,2004-11-02 14:47:00,27573.248270742424,0.9003840830605822,27567.39377921407,4.954107445292228,-0.0572746042290193
2004-11-02 04:16:00,2004-11-02 14:48:00,27573.364436354157,0.9669928172699528,27567.39371782827,5.003725708614924,-0.0669395596618551
2004-11-02 04:17:00,2004-11-02 14:49:00,27573.248270742424,1.034385973989967,27567.393656442466,4.820228325968517,-0.1838860816434673
2004-11-02 04:18:00,2004-11-02 14:50:00,27573.13210536663,1.102556764648856,27567.39359505665,4.63595354532799,-0.2249888846657151
2004-11-02 04:19:00,2004-11-02 14:51:00,27572.935282628147,1.171498400674851,27567.393533670835,4.370250556637087,-0.2660849942256931
2004-11-02 04:20:00,2004-11-02 14:52:00,27572.738459935383,1.241204093496183,27567.393472285014,4.103783556876604,-0.1910078708277214
2004-11-02 04:21:00,2004-11-02 14:53:00,27572.693312768704,1.3116670545410836,27567.39341089918,3.988234814981644,-0.1651276683589246
2004-11-02 04:22:00,2004-11-02 14:54:00,27572.549758228743,1.3828804952377836,27567.39334951335,3.773528220158754,-0.0763389912453402
2004-11-02 04:23:00,2004-11-02 14:55:00,27572.68368258701,1.4548376270145147,27567.393288127507,3.835556832490964,0.1689503213764407
2004-11-02 04:24:00,2004-11-02 14:56:00,27573.032187265875,1.5275316612995078,27567.393226741664,4.111428862911636,0.1238239505367482
2004-11-02 04:25:00,2004-11-02 14:57:00,27573.077325898903,1.600955809520994,27567.393165355817,4.08320473356446,0.0294994179224312
2004-11-02 04:26:00,2004-11-02 14:58:00,27573.238634951824,1.6751032831072057,27567.39310396996,4.170427698756498,-0.0026677341448206
2004-11-02 04:27:00,2004-11-02 14:59:00,27573.22087914286,1.7499672934863724,27567.3930425841,4.077869265274819,-0.0259519955369174
2004-11-02 04:28:00,2004-11-02 15:00:00,27573.337045958004,1.825541052086726,27567.392981198234,4.118523707682663,0.0403030805464172
2004-11-02 04:29:00,2004-11-02 15:01:00,27573.453213009067,1.9018177703364985,27567.39291981236,4.158475426367653,-0.0184798923815985
2004-11-02 04:30:00,2004-11-02 15:02:00,27573.453213009067,1.97879065966392,27567.392858426483,4.081563922919466,-0.0861342114291041
2004-11-02 04:31:00,2004-11-02 15:03:00,27573.43545697561,2.056452931497223,27567.392797040604,3.986207003509445,-0.0376146851213157
2004-11-02 04:32:00,2004-11-02 15:04:00,27573.53386800466,2.1347977972646373,27567.39273565472,4.006334552676835,0.0601174321065383
2004-11-02 04:33:00,2004-11-02 15:05:00,27573.71293460494,2.213818468394395,27567.392674268824,4.106441867722522,0.0997731318747909
2004-11-02 04:34:00,2004-11-02 15:06:00,27573.892001855667,2.293508156314727,27567.392612882926,4.205880816426417,0.0006968777800877
2004-11-02 04:35:00,2004-11-02 15:07:00,27573.87424719276,2.3738600724538648,27567.39255149702,4.107835623282697,0.0177929686090689
2004-11-02 04:36:00,2004-11-02 15:08:00,27574.088824293,2.45486742824004,27567.392490111117,4.241466753644555,0.0260182547080147
2004-11-02 04:37:00,2004-11-02 15:09:00,27574.088824293,2.536523435101483,27567.3924287252,4.159872132698727,-0.0504642314908134
2004-11-02 04:38:00,2004-11-02 15:10:00,27574.15172693441,2.618821304466425,27567.39236733928,4.140538290662928,-0.1672677780008253
2004-11-02 04:39:00,2004-11-02 15:11:00,27573.91939677782,2.7017542477630982,27567.39230595336,3.825336576697076,-0.1904740054176719
2004-11-02 04:40:00,2004-11-02 15:12:00,27573.937150323676,2.785315476419733,27567.392244567425,3.759590279827584,-0.0660568696474375
2004-11-02 04:41:00,2004-11-02 15:13:00,27573.95490422076,2.869498201864561,27567.39218318149,3.693222837402201,0.000285734749662
2004-11-02 04:42:00,2004-11-02 15:14:00,27574.106579180403,2.954295635525813,27567.39212179555,3.760161749326908,-0.1076136830153127
2004-11-02 04:43:00,2004-11-02 15:15:00,27573.90975686981,3.039700988831721,27567.39206040961,3.4779954713715755,-0.1751780055077612
2004-11-02 04:44:00,2004-11-02 15:16:00,27573.927512235176,3.1257074732105163,27567.391999023654,3.409805738311386,-0.05960869477899
2004-11-02 04:45:00,2004-11-02 15:17:00,27573.9630240196,3.2123083000904287,27567.39193763769,3.3587780818135955,-0.0601991161494086
2004-11-02 04:46:00,2004-11-02 15:18:00,27573.980780438647,3.299496680899691,27567.39187625173,3.2894075060125685,-0.0785391679988425
2004-11-02 04:47:00,2004-11-02 15:19:00,27573.980780438647,3.387265827066533,27567.391814865765,3.2016997458159104,-0.0387893005385662
2004-11-02 04:48:00,2004-11-02 15:20:00,27574.07919133475,3.475608950019188,27567.391753479795,3.211828904935436,0.0098455707350448
2004-11-02 04:49:00,2004-11-02 15:21:00,27574.17760224229,3.5645192611858847,27567.391692093814,3.221390887286,-0.0399236712386545
2004-11-02 04:50:00,2004-11-02 15:22:00,27574.17760224229,3.653989971994856,27567.391630707836,3.131981562458127,-0.0582367242009158
2004-11-02 04:51:00,2004-11-02 15:23:00,27574.240501054603,3.744014293874333,27567.391569321844,3.1049174388841685,0.0396241218814072
2004-11-02 04:52:00,2004-11-02 15:24:00,27574.43732318032,3.8345854382525455,27567.39150793585,3.211229806220941,0.06571467132392
2004-11-02 04:53:00,2004-11-02 15:25:00,27574.55348994794,3.925696616557728,27567.39144654985,3.2363467815320086,0.0248504705931107
2004-11-02 04:54:00,2004-11-02 15:26:00,27574.669656951468,4.017341040218109,27567.391385163843,3.260930747407163,-0.1096017780390592
2004-11-02 04:55:00,2004-11-02 15:27:00,27574.51797892395,4.109511920661919,27567.391323777832,3.01714322545389,-0.1682083422938149
2004-11-02 04:56:00,2004-11-02 15:28:00,27574.51797892395,4.202202469317392,27567.39126239181,2.924514062819533,-0.075130090460775
2004-11-02 04:57:00,2004-11-02 15:29:00,27574.55348994794,4.295405897612756,27567.391201005797,2.86688304453234,-0.1248450841343569
2004-11-02 04:58:00,2004-11-02 15:30:00,27574.455078931296,4.389115416976246,27567.39113961977,2.674823894550819,0.0311476441659421
2004-11-02 04:59:00,2004-11-02 15:31:00,27574.80358080543,4.483324238836091,27567.39107823373,2.9291783328642245,0.0621008053681726
2004-11-02 05:00:00,2004-11-02 15:32:00,27574.768067927605,4.578025574620523,27567.391016847698,2.7990255052871644,-0.0723116819058904
2004-11-02 05:01:00,2004-11-02 15:33:00,27574.84872306646,4.673212635757771,27567.39095546165,2.784554969052444,0.0119239180911825
2004-11-02 05:02:00,2004-11-02 15:34:00,27574.98264605075,4.768878633676069,27567.390894075605,2.822873341469529,0.0292044919142138
2004-11-02 05:03:00,2004-11-02 15:35:00,27575.09881342223,4.865016779803647,27567.390832689547,2.8429639528808712,0.0021015128983239
2004-11-02 05:04:00,2004-11-02 15:36:00,27575.179467956325,4.9616202855687375,27567.39077130349,2.8270763672661774,0.0419668374633008
2004-11-02 05:05:00,2004-11-02 15:37:00,27575.376289907632,5.05868236239957,27567.390709917425,2.926897627807473,0.0503898900458232
2004-11-02 05:06:00,2004-11-02 15:38:00,27575.474700900435,5.156196221724377,27567.390648531356,2.927856147357824,0.04106368964784
2004-11-02 05:07:00,2004-11-02 15:39:00,27575.65376722735,5.254155074971388,27567.39058714528,3.009025007103153,-0.0174610772753758
2004-11-02 05:08:00,2004-11-02 15:40:00,27575.636011885566,5.352552133568836,27567.39052575919,2.8929339928070723,-0.000140284716628
2004-11-02 05:09:00,2004-11-02 15:41:00,27575.85058941972,5.451380608944952,27567.390464373108,3.008744437669897,0.1067204827369123
2004-11-02 05:10:00,2004-11-02 15:42:00,27576.047411657823,5.550633712527967,27567.390402987014,3.106374958280897,0.0570937379279112
2004-11-02 05:11:00,2004-11-02 15:43:00,27576.163578170188,5.650304655746111,27567.39034160092,3.1229319135257194,0.0074737156650015
2004-11-02 05:12:00,2004-11-02 15:44:00,27576.261989254454,5.750386650027617,27567.39028021481,3.1213223896109,0.0651496170006633
2004-11-02 05:13:00,2004-11-02 15:45:00,27576.49432288303,5.850872906800717,27567.390218828703,3.253231147527046,0.1228322606875749
2004-11-02 05:14:00,2004-11-02 15:46:00,27576.708900991067,5.951756637493638,27567.390157442587,3.36698691098605,0.2030933037387656
2004-11-02 05:15:00,2004-11-02 15:47:00,27577.102544865007,6.053031053534616,27567.390096056468,3.6594177550045774,0.1849500950666196
2004-11-02 05:16:00,2004-11-02 15:48:00,27577.281611137816,6.154689366351879,27567.390034670345,3.736887101119289,0.0861587446210525
2004-11-02 05:17:00,2004-11-02 15:49:00,27577.478433315835,6.256724787373661,27567.38997328421,3.8317352442466825,0.0454574473864624
2004-11-02 05:18:00,2004-11-02 15:50:00,27577.576844421998,6.359130528028191,27567.389911898077,3.827801995892214,0.0539682643111776
2004-11-02 05:19:00,2004-11-02 15:51:00,27577.79142208455,6.4618997997437,27567.389850511936,3.939671772869038,0.0221585171777589
2004-11-02 05:20:00,2004-11-02 15:52:00,27577.82693396998,6.565025813948423,27567.389789125784,3.872119030247732,0.030683812129618
2004-11-02 05:21:00,2004-11-02 15:53:00,27578.059268918834,6.668501782070585,27567.389727739635,4.001039397128274,0.0214598323367622
2004-11-02 05:22:00,2004-11-02 15:54:00,27578.077025963936,6.772320915538423,27567.38966635348,3.915038694921257,0.0033633757169564
2004-11-02 05:23:00,2004-11-02 15:55:00,27578.27384754165,6.876476425780165,27567.389604967317,4.007766148562187,0.0836842865846385
2004-11-02 05:24:00,2004-11-02 15:56:00,27578.452912373457,6.980961524224044,27567.389543581143,4.082407268090534,0.0833582017713707
2004-11-02 05:25:00,2004-11-02 15:57:00,27578.64973416937,7.08576942229829,27567.389482194965,4.174482552104928,0.074161289894516
2004-11-02 05:26:00,2004-11-02 15:58:00,27578.8110439881,7.190893331431134,27567.389420808788,4.230729847879566,0.0560936631675303
2004-11-02 05:27:00,2004-11-02 15:59:00,27578.972355764094,7.296326463050809,27567.389359422603,4.286669878439989,0.0332160044728961
2004-11-02 05:28:00,2004-11-02 16:00:00,27579.08852192182,7.402062028585544,27567.38929803641,4.297161856825358,0.0103442736588141
2004-11-02 05:29:00,2004-11-02 16:01:00,27579.204688315436,7.508093239463572,27567.38923665021,4.307358425757617,0.0100522584879514
2004-11-02 05:30:00,2004-11-02 16:02:00,27579.320854944923,7.614413307113124,27567.38917526401,4.317266373801261,0.0678505825004864
2004-11-02 05:31:00,2004-11-02 16:03:00,27579.553188911526,7.721015442962429,27567.389113877805,4.44305959075859,0.067572262403702
2004-11-02 05:32:00,2004-11-02 16:04:00,27579.66935624864,7.827892858439721,27567.389052491588,4.452410898608665,0.0406661743081149
2004-11-02 05:33:00,2004-11-02 16:05:00,27579.84842180972,7.935038764973231,27567.38899110537,4.52439193937482,0.0807284036286279
2004-11-02 05:34:00,2004-11-02 16:06:00,27580.045243799,8.04244637399119,27567.388929719145,4.613867705865921,0.1071045103031802
2004-11-02 05:35:00,2004-11-02 16:07:00,27580.277578189816,8.150108896921825,27567.388868332917,4.738600959981181,0.0979747963149986
2004-11-02 05:36:00,2004-11-02 16:08:00,27580.456643790363,8.258019545193374,27567.388806946678,4.809817298495918,0.071095995274522
2004-11-02 05:37:00,2004-11-02 16:09:00,27580.6357100412,8.366171530234066,27567.38874556044,4.880792950530225,0.0886141497099384
2004-11-02 05:38:00,2004-11-02 16:10:00,27580.85028783558,8.47455806347213,27567.38868417419,4.987045597915795,0.1061388393009785
2004-11-02 05:39:00,2004-11-02 16:11:00,27581.0648657734,8.583172356335798,27567.38862278793,5.093070629132182,0.0389531848342645
2004-11-02 05:40:00,2004-11-02 16:12:00,27581.14552098952,8.692007620253303,27567.38856140168,5.064951967584324,0.0298577190441244
2004-11-02 05:41:00,2004-11-02 16:13:00,27581.34234314929,8.801057066652875,27567.38850001541,5.152786067220431,0.1191810456759263
2004-11-02 05:42:00,2004-11-02 16:14:00,27581.602066595045,8.910313906962745,27567.388438629147,5.303314058936177,0.118977229905866
2004-11-02 05:43:00,2004-11-02 16:15:00,27581.798889122518,9.019771352611146,27567.38837724287,5.390740527032163,-0.002204385241777
2004-11-02 05:44:00,2004-11-02 16:16:00,27581.816643760067,9.129422615026307,27567.388315856588,5.298905288452623,-0.069354861330197
2004-11-02 05:45:00,2004-11-02 16:17:00,27581.87954618032,9.239260905636458,27567.38825447031,5.252030804371769,0.0288725955509452
2004-11-02 05:46:00,2004-11-02 16:18:00,27582.094122999435,9.349279435869835,27567.38819308401,5.356650479554514,0.0464501976781459
2004-11-02 05:47:00,2004-11-02 16:19:00,27582.1925343146,9.459471417154663,27567.38813169772,5.344931199728061,0.0059518910334093
2004-11-02 05:48:00,2004-11-02 16:20:00,27582.326454633952,9.569830060919182,27567.38807031141,5.368554261621332,0.0461169096788198
2004-11-02 05:49:00,2004-11-02 16:21:00,27582.505522522784,9.680348578591616,27567.388008925107,5.4371650190857,0.0282059191513548
2004-11-02 05:50:00,2004-11-02 16:22:00,27582.60393382032,9.791020181600196,27567.387947538795,5.424966099924042,0.0369335983638707
2004-11-02 05:51:00,2004-11-02 16:23:00,27582.80075644966,9.90183808137316,27567.38788615247,5.511032215813442,0.0190369478386305
2004-11-02 05:52:00,2004-11-02 16:24:00,27582.86366025109,10.012795489338732,27567.38782476615,5.463039995601303,0.0100244389894159
2004-11-02 05:53:00,2004-11-02 16:25:00,27583.04273009053,10.123885616925143,27567.38776337981,5.531081093792274,0.0591023162862649
2004-11-02 05:54:00,2004-11-02 16:26:00,27583.20404829721,10.23510167556063,27567.38770199348,5.581244628173833,0.0097747783904971
2004-11-02 05:55:00,2004-11-02 16:27:00,27583.284708134383,10.346436876673422,27567.387640607136,5.550630650573268,-0.0395454614145593
2004-11-02 05:56:00,2004-11-02 16:28:00,27583.34761735783,10.457884431691747,27567.387579220795,5.502153705344714,-0.0396537246013757
2004-11-02 05:57:00,2004-11-02 16:29:00,27583.428278587853,10.569437552043844,27567.38751783444,5.471323201370517,-0.0712105073644195
2004-11-02 05:58:00,2004-11-02 16:30:00,27583.428278587853,10.681089449157934,27567.38745644808,5.359732690615875,-0.0132245058890294
2004-11-02 05:59:00,2004-11-02 16:31:00,27583.62510258577,10.792833334462255,27567.38739506172,5.444874189592458,0.0358929082607941
2004-11-02 06:00:00,2004-11-02 16:32:00,27583.72351460187,10.90466241938504,27567.387333675342,5.431518507137463,-0.004519664686942
2004-11-02 06:01:00,2004-11-02 16:33:00,27583.83967706454,11.016569915354513,27567.38727228897,5.4358348602185735,0.1026925891949526
2004-11-02 06:02:00,2004-11-02 16:34:00,27584.152663621917,11.128549033798908,27567.387210902587,5.636903685527368,0.134079847125653
2004-11-02 06:03:00,2004-11-02 16:35:00,27584.33173705682,11.24059298614646,27567.3871495162,5.70399455446988,0.084812338743621
2004-11-02 06:04:00,2004-11-02 16:36:00,27584.54631147665,11.352694983825398,27567.38708812981,5.8065283630146105,0.1025082519076843
2004-11-02 06:05:00,2004-11-02 16:37:00,27584.76088603996,11.46484823826395,27567.38702674341,5.909011058285248,0.0443791554017378
2004-11-02 06:06:00,2004-11-02 16:38:00,27584.85929799172,11.57704596089035,27567.386965357007,5.895286673818086,-0.0226184389354955
2004-11-02 06:07:00,2004-11-02 16:39:00,27584.939959514144,11.689281363132832,27567.3869039706,5.863774180414257,0.0176783619927558
2004-11-02 06:08:00,2004-11-02 16:40:00,27585.11903363841,11.801547656419624,27567.386842584187,5.930643397803598,0.1563952033988727
2004-11-02 06:09:00,2004-11-02 16:41:00,27585.477183837156,11.913838052178956,27567.38678119776,6.1765645872120025,0.1652497352164887
2004-11-02 06:10:00,2004-11-02 16:42:00,27585.67400844141,12.02614576183906,27567.386719811337,6.261142868236576,0.0442412846523536
2004-11-02 06:11:00,2004-11-02 16:43:00,27585.79016957825,12.13846399682817,27567.386658424904,6.26504715651671,-0.0049720148325089
2004-11-02 06:12:00,2004-11-02 16:44:00,27585.88858184561,12.250785968574515,27567.386597038465,6.251198838571558,0.0353593587705729
2004-11-02 06:13:00,2004-11-02 16:45:00,27586.08540641459,12.363104888506328,27567.386535652025,6.335765874057856,-0.0541719528907265
2004-11-02 06:14:00,2004-11-02 16:46:00,27586.004743166417,12.475413968051836,27567.38647426557,6.1428549327901045,-0.0049526452500945
2004-11-02 06:15:00,2004-11-02 16:47:00,27586.29997988132,12.587706418639277,27567.38641287912,6.325860583557667,0.0442736036610078
2004-11-02 06:16:00,2004-11-02 16:48:00,27586.31772908447,12.699975451696876,27567.38635149266,6.23140214011212,0.0039689753557237
2004-11-02 06:17:00,2004-11-02 16:49:00,27586.53230291912,12.812214278652869,27567.386290106195,6.333798534269114,0.1693711369796107
2004-11-02 06:18:00,2004-11-02 16:50:00,27586.88078924473,12.924416110935477,27567.386228719723,6.570144414071342,0.2097426282171586
2004-11-02 06:19:00,2004-11-02 16:51:00,27587.17602528392,13.036574159972949,27567.386167333243,6.753283790703431,0.1831647139379137
2004-11-02 06:20:00,2004-11-02 16:52:00,27587.471261425904,13.148681637193498,27567.386105946764,6.936473841947169,0.1340127363296543
2004-11-02 06:21:00,2004-11-02 16:53:00,27587.668085577658,13.26073175402537,27567.38604456027,7.02130926336274,0.0356614665212537
2004-11-02 06:22:00,2004-11-02 16:54:00,27587.766497670666,13.372717721896786,27567.38598317378,7.007796774989677,0.0446040167302195
2004-11-02 06:23:00,2004-11-02 16:55:00,27587.98107183634,13.484632752235978,27567.38592178728,7.110517296823179,0.0535534505931645
2004-11-02 06:24:00,2004-11-02 16:56:00,27588.09723413342,13.596470056471183,27567.385860400773,7.114903676176006,-0.0044465058248306
2004-11-02 06:25:00,2004-11-02 16:57:00,27588.19564614547,13.708222846030631,27567.385799014264,7.101624285173518,0.0359722837876113
2004-11-02 06:26:00,2004-11-02 16:58:00,27588.39247020384,13.819884332342554,27567.385737627745,7.186848243751228,-0.0042638275815578
2004-11-02 06:27:00,2004-11-02 16:59:00,27588.410220598067,13.93144772683518,27567.38567624122,7.093096630010402,-0.0936989980164533
2004-11-02 06:28:00,2004-11-02 17:00:00,27588.427971343343,14.042906240936738,27567.38561485469,6.999450247718322,0.0136971501490288
2004-11-02 06:29:00,2004-11-02 17:01:00,27588.660297484545,14.15425308607546,27567.38555346816,7.12049093030846,0.1791823309978513
2004-11-02 06:30:00,2004-11-02 17:02:00,27589.008788465017,14.265481473679584,27567.385492081623,7.357814909714024,0.0720173796995684
2004-11-02 06:31:00,2004-11-02 17:03:00,27589.02654099996,14.376584615177336,27567.38543069507,7.264525689707597,-0.0440172603842077
2004-11-02 06:32:00,2004-11-02 17:04:00,27589.142705419465,14.487555721996952,27567.38536930852,7.269780388945609,-0.0930872471440995
2004-11-02 06:33:00,2004-11-02 17:05:00,27589.06204712295,14.598388005566653,27567.385307921963,7.078351195419398,-0.1018215042534542
2004-11-02 06:34:00,2004-11-02 17:06:00,27589.16045859316,14.709074677314678,27567.385246535403,7.0661373804387,-0.0121376090687093
2004-11-02 06:35:00,2004-11-02 17:07:00,27589.25887007478,14.81960894866926,27567.38518514883,7.054075977281979,-0.0119818029624854
2004-11-02 06:36:00,2004-11-02 17:08:00,27589.35728156783,14.929984031058622,27567.38512376226,7.04217377451373,-0.0118192082808565
2004-11-02 06:37:00,2004-11-02 17:09:00,27589.45569307231,15.040193135911004,27567.38506237568,7.030437560720266,0.0149806086526513
2004-11-02 06:38:00,2004-11-02 17:10:00,27589.60736545557,15.150229474654632,27567.38500098909,7.072134991819032,-0.0251718209301454
2004-11-02 06:39:00,2004-11-02 17:11:00,27589.62511978008,15.260086258717738,27567.3849396025,6.980093918859975,-0.0338646388473877
2004-11-02 06:40:00,2004-11-02 17:12:00,27589.759040629557,15.369756699528557,27567.3848782159,7.004405714124257,0.0647366947326286
2004-11-02 06:41:00,2004-11-02 17:13:00,27589.97361814614,15.479234008515313,27567.3848168293,7.109567308325232,0.0471783552596711
2004-11-02 06:42:00,2004-11-02 17:14:00,27590.07202926444,15.588511397106242,27567.38475544269,7.098762424643599,-0.0510293506959032
2004-11-02 06:43:00,2004-11-02 17:15:00,27590.08978473974,15.697582076729576,27567.38469405608,7.007508606933426,-0.1403523892456828
2004-11-02 06:44:00,2004-11-02 17:16:00,27590.009129574424,15.806439258813548,27567.38463266946,6.8180576461522335,-0.0731729467024147
2004-11-02 06:45:00,2004-11-02 17:17:00,27590.160810151145,15.91507615478638,27567.38457128283,6.861162713528596,0.0432200000100131
2004-11-02 06:46:00,2004-11-02 17:18:00,27590.31249351845,16.023485976076316,27567.3845098962,6.90449764617226,-0.0638366719299394
2004-11-02 06:47:00,2004-11-02 17:19:00,27590.249599813334,16.131661934111577,27567.38444850956,6.7334893696687175,-0.0991151354254427
2004-11-02 06:48:00,2004-11-02 17:20:00,27590.33025173856,16.239597240320393,27567.38438712292,6.706267375321374,-0.098870706621394
2004-11-02 06:49:00,2004-11-02 17:21:00,27590.267358798825,16.347285106131004,27567.384325736268,6.535747956425929,-0.0719811693660137
2004-11-02 06:50:00,2004-11-02 17:22:00,27590.40128812917,16.45471874297164,27567.384264349614,6.562305036589347,-0.0313970886431356
2004-11-02 06:51:00,2004-11-02 17:23:00,27590.41904810436,16.56189136227053,27567.384202962952,6.472953779139658,0.0180732931490279
2004-11-02 06:52:00,2004-11-02 17:24:00,27590.651389374627,16.668796175455903,27567.384141576284,6.598451622887403,0.0764305949234405
2004-11-02 06:53:00,2004-11-02 17:25:00,27590.78532155256,16.77542639395599,27567.38408018961,6.625814968986539,-0.0128192144435601
2004-11-02 06:54:00,2004-11-02 17:26:00,27590.83860722613,16.88177522919903,27567.38401880293,6.5728131940002825,0.0544353110964426
2004-11-02 06:55:00,2004-11-02 17:27:00,27591.106478900045,16.987835892613237,27567.38395741625,6.734685591179424,0.0144081594949305
2004-11-02 06:56:00,2004-11-02 17:28:00,27591.07912713818,17.093601595626865,27567.38389602956,6.601629512990144,-0.0522591978765323
2004-11-02 06:57:00,2004-11-02 17:29:00,27591.21306738796,17.199065549668127,27567.383834642864,6.63016719542636,0.0286925321880371
2004-11-02 06:58:00,2004-11-02 17:30:00,27591.347008799698,17.304220966165264,27567.38377325617,6.659014577366218,-0.0113152117380597
2004-11-02 06:59:00,2004-11-02 17:31:00,27591.40030969795,17.409061056546502,27567.383711869454,6.60753677195024,-0.0109949524457793
2004-11-02 07:00:00,2004-11-02 17:32:00,27591.53425418746,17.51357903224008,27567.383650482745,6.637024672474659,-0.0195514104303722
2004-11-02 07:01:00,2004-11-02 17:33:00,27591.56979115179,17.61776810467422,27567.383589096025,6.568433951089496,-0.0595373181846792
2004-11-02 07:02:00,2004-11-02 17:34:00,27591.62309923068,17.721621485277158,27567.3835277093,6.517950036105301,-0.0995152430406047
2004-11-02 07:03:00,2004-11-02 17:35:00,27591.578002173057,17.825132385477122,27567.38346632257,6.369403465008286,-0.3540723900404838
2004-11-02 07:04:00,2004-11-02 17:36:00,27591.12150420856,17.928294016702353,27567.383404935837,5.809805256024333,-0.4070325852791985
2004-11-02 07:05:00,2004-11-02 17:37:00,27590.969781433923,18.031099590381068,27567.38334354909,5.555338294449889,-0.2139648107230254
2004-11-02 07:06:00,2004-11-02 17:38:00,27590.898700114863,18.1335423179415,27567.383282162344,5.381875634578282,-0.2224794274097092
2004-11-02 07:07:00,2004-11-02 17:39:00,27590.729215626037,18.235615410811896,27567.38322077559,5.110379439630471,-0.1148083983984076
2004-11-02 07:08:00,2004-11-02 17:40:00,27590.87273030703,18.337312080420467,27567.383159388828,5.152258837781467,-0.1772998001135945
2004-11-02 07:09:00,2004-11-02 17:41:00,27590.577503379664,18.43862553819546,27567.383098002065,4.7557798394032815,-0.3470794816744593
2004-11-02 07:10:00,2004-11-02 17:42:00,27590.380685485296,18.5395489955651,27567.383036615294,4.458099874432548,-0.3022647713480317
2004-11-02 07:11:00,2004-11-02 17:43:00,27590.17430118918,18.640075663957617,27567.38297522852,4.151250296707218,-0.3244133628098069
2004-11-02 07:12:00,2004-11-02 17:44:00,27589.932385745346,18.74019875480124,27567.38291384173,3.809273148812935,-0.3998597000816382
2004-11-02 07:13:00,2004-11-02 17:45:00,27589.57429483101,18.83991147952421,27567.382852454943,3.3515308965439417,-0.283261035971627
2004-11-02 07:14:00,2004-11-02 17:46:00,27589.56474919457,18.939207049554756,27567.38279106815,3.242751076869681,-0.0771341601784776
2004-11-02 07:15:00,2004-11-02 17:47:00,27589.61807093385,19.03807867632109,27567.382729681347,3.1972625761869864,-0.0049554398880644
2004-11-02 07:16:00,2004-11-02 17:48:00,27589.752028062885,19.13651957125147,27567.38266829454,3.232840197093552,-0.0270573734803996
2004-11-02 07:17:00,2004-11-02 17:49:00,27589.760277682733,19.23452294577411,27567.382606907733,3.143147829226187,-0.0716837412185533
2004-11-02 07:18:00,2004-11-02 17:50:00,27589.80410024689,19.332082011317247,27567.382545520915,3.089472714656445,0.0763889419047707
2004-11-02 07:19:00,2004-11-02 17:51:00,27590.10759982643,19.429189979309115,27567.382484134087,3.2959257130357287,0.0679708768216009
2004-11-02 07:20:00,2004-11-02 17:52:00,27590.13367727673,19.525840061177945,27567.382422747258,3.225414468299647,-0.021067168477419
2004-11-02 07:21:00,2004-11-02 17:53:00,27590.25817820485,19.62202546835196,27567.38236136042,3.2537913760808905,0.028621238417724
2004-11-02 07:22:00,2004-11-02 17:54:00,27590.38269633098,19.7177394122594,27567.382299973586,3.282656945135095,0.0605239709567335
2004-11-02 07:23:00,2004-11-02 17:55:00,27590.57005300905,19.812975104328487,27567.38223858673,3.3748393179943577,0.0568445426326178
2004-11-02 07:24:00,2004-11-02 17:56:00,27590.68624898627,19.907725755987464,27567.38217719988,3.3963460304003306,-0.0499630978503482
2004-11-02 07:25:00,2004-11-02 17:57:00,27590.659013513978,20.001984578664555,27567.38211581302,3.274913122293661,-0.0049817975022143
2004-11-02 07:26:00,2004-11-02 17:58:00,27590.864181645346,20.095744783787996,27567.38205442616,3.386382435395902,-0.0358773856824505
2004-11-02 07:27:00,2004-11-02 17:59:00,27590.774150973,20.18899958278601,27567.38199303929,3.20315835092876,-0.084557732017501
2004-11-02 07:28:00,2004-11-02 18:00:00,27590.880940810857,20.281742187086834,27567.38193165241,3.2172669713609,0.059376369274501
2004-11-02 07:29:00,2004-11-02 18:01:00,27591.077747163123,20.3739658081187,27567.381870265526,3.321911089477762,0.082404967333856
2004-11-02 07:30:00,2004-11-02 18:02:00,27591.22954944197,20.46566365730984,27567.38180887864,3.382076906028612,0.0604332110003813
2004-11-02 07:31:00,2004-11-02 18:03:00,27591.38135450996,20.556829506742037,27567.38174749174,3.442777511478525,0.0698711804159089
2004-11-02 07:32:00,2004-11-02 18:04:00,27591.55096474281,20.6474593711113,27567.38168610484,3.5218192668604296,0.1866183457716186
2004-11-02 07:33:00,2004-11-02 18:05:00,27591.935188746727,20.737549825767207,27567.38162471794,3.816014203021762,0.2541717909040724
2004-11-02 07:34:00,2004-11-02 18:06:00,27592.238823625747,20.82709744605932,27567.38156333102,4.030162848668574,0.3039250674192857
2004-11-02 07:35:00,2004-11-02 18:07:00,27592.721465089304,20.91609880733721,27567.381501944103,4.4238643378603335,0.4385044706791756
2004-11-02 07:36:00,2004-11-02 18:08:00,27593.29316283216,21.00455048495044,27567.38144055718,4.907171790026926,0.398771924945219
2004-11-02 07:37:00,2004-11-02 18:09:00,27593.695236412248,21.092449054248583,27567.38137917025,5.221408187750772,0.24750530343338
2004-11-02 07:38:00,2004-11-02 18:10:00,27593.96329127079,21.17979109058121,27567.381317783314,5.402182396893686,0.2705492905020445
2004-11-02 07:39:00,2004-11-02 18:11:00,27594.410336334426,21.266573169297885,27567.38125639637,5.762506768754861,0.2397312025321589
2004-11-02 07:40:00,2004-11-02 18:12:00,27594.61563167713,21.352791865748173,27567.381195009424,5.881644801958004,0.1508086829954571
2004-11-02 07:41:00,2004-11-02 18:13:00,27594.883701512492,21.438443755281646,27567.381133622468,6.064124134745775,0.2094967115720631
2004-11-02 07:42:00,2004-11-02 18:14:00,27595.20523587386,21.52352541324787,27567.38107223551,6.30063822510213,0.1876091917297504
2004-11-02 07:43:00,2004-11-02 18:15:00,27595.428386781747,21.608033414996417,27567.381010848545,6.439342518205276,0.1525512167369793
2004-11-02 07:44:00,2004-11-02 18:16:00,27595.678654456027,21.69196433587685,27567.38094946157,6.605740658576089,0.0682910531975942
2004-11-02 07:45:00,2004-11-02 18:17:00,27595.732127450432,21.77531475123875,27567.380888074596,6.575924624600464,0.0018511961033595
2004-11-02 07:46:00,2004-11-02 18:18:00,27595.848350974826,21.858081236431666,27567.38082668761,6.609443050782808,-0.0824114207980333
2004-11-02 07:47:00,2004-11-02 18:19:00,27595.732127450432,21.940260366805177,27567.380765300622,6.411101783004398,-0.1352946310889162
2004-11-02 07:48:00,2004-11-02 18:20:00,27595.74140641994,22.021848717708853,27567.380703913623,6.338853788604975,-0.0808567063212688
2004-11-02 07:49:00,2004-11-02 18:21:00,27595.73287376148,22.102842864492256,27567.380642526627,6.24938837036186,0.0270587003115831
2004-11-02 07:50:00,2004-11-02 18:22:00,27595.956791711356,22.18323938250496,27567.38058113962,6.392971189228142,-0.0350943961047445
2004-11-02 07:51:00,2004-11-02 18:23:00,27595.82275417785,22.263034847096527,27567.3805197526,6.179199578152371,-0.1642688932934159
2004-11-02 07:52:00,2004-11-02 18:24:00,27595.787117601845,22.342225833616528,27567.380458365587,6.06443340264131,-0.1322784069235236
2004-11-02 07:53:00,2004-11-02 18:25:00,27595.71584866028,22.420808917414536,27567.38039697856,5.914642764305324,-0.1986823201252452
2004-11-02 07:54:00,2004-11-02 18:26:00,27595.54618502776,22.49878067384011,27567.38033559153,5.667068762390819,-0.1802496524463723
2004-11-02 07:55:00,2004-11-02 18:27:00,27595.51055534215,22.576137678242823,27567.380274204494,5.554143459412579,-0.1885357776832759
2004-11-02 07:56:00,2004-11-02 18:28:00,27595.323086530443,22.652876505972248,27567.380212817447,5.289997207024268,-0.1968194579610642
2004-11-02 07:57:00,2004-11-02 18:29:00,27595.269649706268,22.72899373237794,27567.3801514304,5.16050454349045,-0.1024617384537105
2004-11-02 07:58:00,2004-11-02 18:30:00,27595.269649706268,22.804485932809484,27567.38009004334,5.085073730116847,-0.0573044887771754
2004-11-02 07:59:00,2004-11-02 18:31:00,27595.305273904836,22.87934968261643,27567.38002865628,5.0458955659361,-0.0566743258219126
2004-11-02 08:00:00,2004-11-02 18:32:00,27595.305273904836,22.95358155714836,27567.37996726921,4.971725078473021,-0.1408653953348118
2004-11-02 08:01:00,2004-11-02 18:33:00,27595.171248789164,23.02717813175484,27567.379905882142,4.764164775266476,-0.1491342013152845
2004-11-02 08:02:00,2004-11-02 18:34:00,27595.15343715269,23.100135981785435,27567.379844495063,4.673456675842452,-0.1128698157041299
2004-11-02 08:03:00,2004-11-02 18:35:00,27595.090659934423,23.172451682589717,27567.379783107976,4.538425143858216,-0.1436143185719967
2004-11-02 08:04:00,2004-11-02 18:36:00,27595.0100715691,23.24412180951724,27567.379721720885,4.386228038698459,-0.3083798999009381
2004-11-02 08:05:00,2004-11-02 18:37:00,27594.61646861576,23.3151429379176,27567.379660333783,3.92166534405634,-0.298822051973687
2004-11-02 08:06:00,2004-11-02 18:38:00,27594.553694524577,23.385511643140337,27567.379598946685,3.788583934751085,-0.1730455348710631
2004-11-02 08:07:00,2004-11-02 18:39:00,27594.410336334426,23.45522450053503,27567.379537559573,3.5755742743142136,-0.1231857384109229
2004-11-02 08:08:00,2004-11-02 18:40:00,27594.44596671584,23.524278085451257,27567.37947617246,3.5422124579292387,0.016170291388752
2004-11-02 08:09:00,2004-11-02 18:41:00,27594.57999861567,23.59266897323857,27567.37941478534,3.6079148570917177,0.0346532733755076
2004-11-02 08:10:00,2004-11-02 18:42:00,27594.651266142137,23.66039373924655,27567.37935339821,3.611519004680254,0.0353229644226811
2004-11-02 08:11:00,2004-11-02 18:43:00,27594.78530175584,23.727448958824752,27567.379292011075,3.67856078593708,-0.0132014387885543
2004-11-02 08:12:00,2004-11-02 18:44:00,27594.75817795836,23.79383120732276,27567.37923062393,3.585116127103145,-0.0528142397252544
2004-11-02 08:13:00,2004-11-02 18:45:00,27594.81163860337,23.85953706009013,27567.379169236792,3.572932306486571,-0.1191522967253781
2004-11-02 08:14:00,2004-11-02 18:46:00,27594.65048247577,23.92456309247643,27567.37910784964,3.3468115336523887,-0.1362902137084383
2004-11-02 08:15:00,2004-11-02 18:47:00,27594.66830422138,23.98890587983124,27567.37904646248,3.3003518790696944,-0.0953156501202681
2004-11-02 08:16:00,2004-11-02 18:48:00,27594.58772730624,24.052561997504107,27567.37898507532,3.1561802334118525,-0.0946268854505039
2004-11-02 08:17:00,2004-11-02 18:49:00,27594.60554981716,24.115528020844625,27567.378923688146,3.1110981081686866,-0.1117573767377315
2004-11-02 08:18:00,2004-11-02 18:50:00,27594.489328306117,24.177800525202343,27567.37886230097,2.9326654799363894,-0.2005495067184952
2004-11-02 08:19:00,2004-11-02 18:51:00,27594.32817609445,24.23937608592684,27567.37880091379,2.709999094731696,-0.2401389279526551
2004-11-02 08:20:00,2004-11-02 18:52:00,27594.131378429,24.30025127836768,27567.3787395266,2.452387624031079,-0.2572595512069853
2004-11-02 08:21:00,2004-11-02 18:53:00,27593.9345808096,24.36042267787443,27567.37867813941,2.195479992317725,-0.256553999890869
2004-11-02 08:22:00,2004-11-02 18:54:00,27593.73778323625,24.41988685979666,27567.37861675221,1.939279624249341,-0.3050443971145959
2004-11-02 08:23:00,2004-11-02 18:55:00,27593.442586962577,24.478640399483933,27567.378555365005,1.5853911980885336,-0.1478219267768619
2004-11-02 08:24:00,2004-11-02 18:56:00,27593.55880962077,24.536679872285823,27567.378493977787,1.6436357706956173,0.0450544004812041
2004-11-02 08:25:00,2004-11-02 18:57:00,27593.647934443172,24.5940018535519,27567.378432590573,1.6754999990509418,0.1128000188614404
2004-11-02 08:26:00,2004-11-02 18:58:00,27593.8982099304,24.65060291863173,27567.378371203347,1.869235808418498,0.0375883191831469
2004-11-02 08:27:00,2004-11-02 18:59:00,27593.83546609641,24.706479642874875,27567.37830981612,1.7506766374172358,-0.0197965163058029
2004-11-02 08:28:00,2004-11-02 19:00:00,27593.96951980632,24.761628601630918,27567.37824842888,1.8296427758068925,0.1196169483384181
2004-11-02 08:29:00,2004-11-02 19:01:00,27594.184143945982,24.816046370249403,27567.37818704164,1.989910534094072,0.1203506346346365
2004-11-02 08:30:00,2004-11-02 19:02:00,27594.318199223548,24.86972952407992,27567.37812565439,2.070344045076165,0.0808031110625968
2004-11-02 08:31:00,2004-11-02 19:03:00,27594.452255661825,24.92267463847203,27567.378064267134,2.151516756219266,0.0637140654285506
2004-11-02 08:32:00,2004-11-02 19:04:00,27594.550653344584,24.9748782887753,27567.37800287988,2.1977721759332667,-0.0114856931901918
2004-11-02 08:33:00,2004-11-02 19:05:00,27594.532823912785,25.0263370503393,27567.377941492607,2.128545369838882,-0.0018243704598468
2004-11-02 08:34:00,2004-11-02 19:06:00,27594.64905103886,25.0770474985136,27567.37788010533,2.194123435013573,0.0167552307054528
2004-11-02 08:35:00,2004-11-02 19:07:00,27594.666880757955,25.12700620864776,27567.377818718054,2.162055831249788,0.0175089423431646
2004-11-02 08:36:00,2004-11-02 19:08:00,27594.78310840656,25.17620975609136,27567.377757330767,2.2291413196999024,0.1569473603458338
2004-11-02 08:37:00,2004-11-02 19:09:00,27595.07830121161,25.22465471619395,27567.37769594348,2.4759505519414557,0.3142192073561016
2004-11-02 08:38:00,2004-11-02 19:10:00,27595.5075519549,25.27233766430512,27567.377634556186,2.8575797344121057,0.211964818226221
2004-11-02 08:39:00,2004-11-02 19:11:00,27595.59670853305,25.319255175774423,27567.37757316888,2.8998801883938974,-0.0154260954362168
2004-11-02 08:40:00,2004-11-02 19:12:00,27595.56964315105,25.36540382595144,27567.377511781564,2.826727543539672,0.0077986160769842
2004-11-02 08:41:00,2004-11-02 19:13:00,27595.703708004985,25.41078019018573,27567.37745039425,2.915477420547866,-0.0092583986909762
2004-11-02 08:42:00,2004-11-02 19:14:00,27595.64098059692,25.45538084382685,27567.37738900693,2.8082107461577195,-0.1068762721123324
2004-11-02 08:43:00,2004-11-02 19:15:00,27595.57825485815,25.49920236222439,27567.3773276196,2.701724876323201,0.0906991355027972
2004-11-02 08:44:00,2004-11-02 19:16:00,27595.90911657016,25.542241320727918,27567.377266232263,2.989609017163314,0.2077184691033391
2004-11-02 08:45:00,2004-11-02 19:17:00,27596.07886095414,25.584494294686976,27567.377204844925,3.1171618145298794,-0.0642397195076078
2004-11-02 08:46:00,2004-11-02 19:18:00,27595.86423089518,25.62595785945116,27567.37714345758,2.8611295781480983,-0.0588430887831705
2004-11-02 08:47:00,2004-11-02 19:19:00,27596.04318629756,25.666628590370024,27567.377082070227,2.9994756369635382,0.1073832107685621
2004-11-02 08:48:00,2004-11-02 19:20:00,27596.15941974535,25.70650306279314,27567.37702068287,3.075895999685222,0.1170997926203494
2004-11-02 08:49:00,2004-11-02 19:21:00,27596.356212369777,25.745577852070078,27567.376959295503,3.233675222204237,-0.1683684667573466
2004-11-02 08:50:00,2004-11-02 19:22:00,27595.89990650785,25.783849533550395,27567.37689790813,2.7391590661705294,-0.7892991662213742
2004-11-02 08:51:00,2004-11-02 19:23:00,27594.8532280931,25.82131468258368,27567.376836520754,1.6550768897614887,-1.2445095254635028
2004-11-02 08:52:00,2004-11-02 19:24:00,27593.48488502313,25.85796987451948,27567.37677513337,0.2501400152435238,-1.1404026005283932
2004-11-02 08:53:00,2004-11-02 19:25:00,27592.644797119392,25.89381168470738,27567.37671374598,-0.6257283112952976,0.1217520381325574
2004-11-02 08:54:00,2004-11-02 19:26:00,27593.79913313859,25.928836688496933,27567.376652358584,0.4936440915086386,1.0838009377987703
2004-11-02 08:55:00,2004-11-02 19:27:00,27594.881505996724,25.963041461237715,27567.376590971184,1.541873564302243,0.9053387757388478
2004-11-02 08:56:00,2004-11-02 19:28:00,27595.67727380504,25.996422578279297,27567.376529583777,2.3043216429863342,0.7717823529286694
2004-11-02 08:57:00,2004-11-02 19:29:00,27596.490883081493,26.02897661497125,27567.37646819636,3.0854382701595817,0.830735927824577
2004-11-02 08:58:00,2004-11-02 19:30:00,27597.40290045424,26.060700146663127,27567.37640680894,3.965793498635488,0.7553425563568386
2004-11-02 08:59:00,2004-11-02 19:31:00,27598.064058553093,26.091589748704507,27567.376345421515,4.596123382873259,0.5548189916783919
2004-11-02 09:00:00,2004-11-02 19:32:00,27598.57335751252,26.12164199644496,27567.37628403408,5.075431481992272,0.287539976570109
2004-11-02 09:01:00,2004-11-02 19:33:00,27598.69827944789,26.15085346523405,27567.37622264664,5.171203336013477,-0.2703741076400785
2004-11-02 09:02:00,2004-11-02 19:34:00,27598.09006525633,26.179220730421346,27567.376161259195,4.534683266712115,-0.85073236085187
2004-11-02 09:03:00,2004-11-02 19:35:00,27597.05257885341,26.206740367356414,27567.376099871748,3.469738614309737,-0.7290603922275487
2004-11-02 09:04:00,2004-11-02 19:36:00,27596.68600991793,26.233408951388824,27567.376038484286,3.076562482257017,-0.3881579624915598
2004-11-02 09:05:00,2004-11-02 19:37:00,27596.32862284402,26.259223057868148,27567.375977096824,2.693422689326617,-0.4094563066523999
2004-11-02 09:06:00,2004-11-02 19:38:00,27595.917744840448,26.284179262143947,27567.375915709352,2.257649868952217,-0.3772027207985715
2004-11-02 09:07:00,2004-11-02 19:39:00,27595.62314570917,26.30827413956579,27567.37585432188,1.939017247729474,-0.090016260370298
2004-11-02 09:08:00,2004-11-02 19:40:00,27595.78491454809,26.331504265483257,27567.3757929344,2.0776173482116214,0.1208892805604033
2004-11-02 09:09:00,2004-11-02 19:41:00,27595.910393571,26.353866215245898,27567.375731546905,2.180795808850281,0.0230467341028131
2004-11-02 09:10:00,2004-11-02 19:42:00,27595.87473754003,26.375356564203297,27567.37567015941,2.123710816417248,0.0239249162240788
2004-11-02 09:11:00,2004-11-02 19:43:00,27596.000226300912,26.39597188770501,27567.37560877191,2.2286456412984386,0.0069788047717764
2004-11-02 09:12:00,2004-11-02 19:44:00,27595.928924571464,26.41570876110061,27567.375547384403,2.1376684259608005,-0.1397328813289977
2004-11-02 09:13:00,2004-11-02 19:45:00,27595.759229635267,26.434563759739667,27567.375485996887,1.949179878640443,-0.0896442702299538
2004-11-02 09:14:00,2004-11-02 19:46:00,27595.786337953843,26.452533458971757,27567.37542460937,1.958379885500893,0.0185577518461173
2004-11-02 09:15:00,2004-11-02 19:47:00,27595.83127303833,26.46961443414643,27567.375363221847,1.9862953823326777,0.0283633464702521
2004-11-02 09:16:00,2004-11-02 19:48:00,27595.876211673367,26.48580326061326,27567.375301834312,2.0151065784413973,0.064899312195978
2004-11-02 09:17:00,2004-11-02 19:49:00,27595.992430967217,26.501096513721823,27567.37524044677,2.1160940067246337,0.0925269995937654
2004-11-02 09:18:00,2004-11-02 19:50:00,27596.09083040568,26.515490768821685,27567.375179059225,2.200160577628928,0.0845177879836907
2004-11-02 09:19:00,2004-11-02 19:51:00,27596.18922985563,26.52898260126241,27567.37511767168,2.285129582692015,0.0586930416523951
2004-11-02 09:20:00,2004-11-02 19:52:00,27596.234171531447,26.541568586393563,27567.37505628412,2.3175466609337185,0.0104008763170799
2004-11-02 09:21:00,2004-11-02 19:53:00,27596.234171531447,26.553245299564725,27567.37499489656,2.305931335326175,0.1275313505630091
2004-11-02 09:22:00,2004-11-02 19:54:00,27596.51155218717,26.56400931612545,27567.37493350899,2.572609362059737,0.2179365810800799
2004-11-02 09:23:00,2004-11-02 19:55:00,27596.69053383032,26.573857211425317,27567.374872121407,2.741804497486335,0.2010383773445472
2004-11-02 09:24:00,2004-11-02 19:56:00,27596.93228241139,26.582785560813885,27567.37481073383,2.974686116748831,0.2600689411763373
2004-11-02 09:25:00,2004-11-02 19:57:00,27597.22748266572,26.59079093964073,27567.37474934624,3.261942379839009,0.2788115542252658
2004-11-02 09:26:00,2004-11-02 19:58:00,27597.504867107094,26.59786992325541,27567.374687958643,3.532309225199363,0.0023555428580461
2004-11-02 09:27:00,2004-11-02 19:59:00,27597.24529912361,26.604019087007508,27567.374626571043,3.266653465555102,-0.4216965626671616
2004-11-02 09:28:00,2004-11-02 20:00:00,27596.672716289548,26.60923500624658,27567.37456518344,2.68891609986504,-0.6039946240767708
2004-11-02 09:29:00,2004-11-02 20:01:00,27596.046682269545,26.6135142563222,27567.37450379582,2.05866421740156,-0.3926896777125161
2004-11-02 09:30:00,2004-11-02 20:02:00,27595.894832565227,26.61685341258393,27567.374442408203,1.9035367444400075,-0.2530546303018752
2004-11-02 09:31:00,2004-11-02 20:03:00,27595.54618502776,26.619249050381352,27567.374381020574,1.5525549567978096,-0.26992064407154
2004-11-02 09:32:00,2004-11-02 20:04:00,27595.358712834302,26.620697745064017,27567.37431963294,1.3636954562969272,-0.0899793196062557
2004-11-02 09:33:00,2004-11-02 20:05:00,27595.368050634872,26.621196071981508,27567.374258245305,1.3725963175852982,-0.02200788062372
2004-11-02 09:34:00,2004-11-02 20:06:00,27595.314617159194,26.62074060648338,27567.37419685766,1.3196796950494871,0.0637746953384095
2004-11-02 09:35:00,2004-11-02 20:07:00,27595.493609102192,26.619327923919208,27567.37413547001,1.5001457082621172,0.2479572751457084
2004-11-02 09:36:00,2004-11-02 20:08:00,27595.80662292733,26.61695459963856,27567.374074082352,1.815594245340904,0.2353404179950615
2004-11-02 09:37:00,2004-11-02 20:09:00,27595.95845644793,26.61361720899101,27567.374012694687,1.9708265442522404,0.1379054965301165
2004-11-02 09:38:00,2004-11-02 20:10:00,27596.074668872745,26.60931232732611,27567.373951307018,2.091405238401137,0.2016537798153059
2004-11-02 09:39:00,2004-11-02 20:11:00,27596.352060553218,26.60403652999344,27567.37388991934,2.3741341038828523,0.3905228905384277
2004-11-02 09:40:00,2004-11-02 20:12:00,27596.84406594348,26.59778639234257,27567.373828531658,2.8724510194779924,0.310909081298135
2004-11-02 09:41:00,2004-11-02 20:13:00,27596.960277900173,26.590558489723065,27567.37376714397,2.9959522664791223,0.1553815711724304
2004-11-02 09:42:00,2004-11-02 20:14:00,27597.13926931558,26.582349397484485,27567.373705756272,3.1832141618228533,0.2191454951906948
2004-11-02 09:43:00,2004-11-02 20:15:00,27597.38104331641,26.573155690976407,27567.37364436857,3.434243256860512,0.1306361140873981
2004-11-02 09:44:00,2004-11-02 20:16:00,27597.38104331641,26.562973945548407,27567.373582980865,3.4444863899976497,-0.0473664086773961
2004-11-02 09:45:00,2004-11-02 20:17:00,27597.264832769204,26.55180073655003,27567.37352159315,3.33951043950572,-0.0641818931664346
2004-11-02 09:46:00,2004-11-02 20:18:00,27597.22921544842,26.539632639330875,27567.373460205425,3.3161226036647804,-0.0317916938607467
2004-11-02 09:47:00,2004-11-02 20:19:00,27597.17579209873,26.52646622924048,27567.3733988177,3.275927051784226,-0.0396931042223762
2004-11-02 09:48:00,2004-11-02 20:20:00,27597.12237190682,26.51229808162844,27567.37333742997,3.236736395220028,-0.0878875520452293
2004-11-02 09:49:00,2004-11-02 20:21:00,27596.97055276177,26.49712477184429,27567.373276042228,3.100151947693768,0.0607258544050655
2004-11-02 09:50:00,2004-11-02 20:22:00,27597.21234563375,26.480942875237638,27567.373214654483,3.358188104030159,0.1690433362286683
2004-11-02 09:51:00,2004-11-02 20:23:00,27597.275140854035,26.46374896715802,27567.37315326673,3.438238620151104,0.0313577679816372
2004-11-02 09:52:00,2004-11-02 20:24:00,27597.23953514192,26.445539622955017,27567.37309187897,3.4209036399934334,-0.0168248480246582
2004-11-02 09:53:00,2004-11-02 20:25:00,27597.20393083328,26.4263114179782,27567.3730304912,3.4045889241017875,-0.114205709392344
2004-11-02 09:54:00,2004-11-02 20:26:00,27596.97152225222,26.406060927577123,27567.372969103435,3.192492221208745,-0.1220806108166812
2004-11-02 09:55:00,2004-11-02 20:27:00,27596.918120145227,26.384784727101376,27567.372907715657,3.160427702468425,-0.0807499732014722
2004-11-02 09:56:00,2004-11-02 20:28:00,27596.766317994578,26.36247939190052,27567.37284632787,3.0309922748058007,-0.1467156004467327
2004-11-02 09:57:00,2004-11-02 20:29:00,27596.57892293898,26.339141497324107,27567.37278494008,2.86699650157496,-0.1053738416504064
2004-11-02 09:58:00,2004-11-02 20:30:00,27596.50773576251,26.31476761872172,27567.37272355228,2.820244591504988,-0.1446333964702848
2004-11-02 09:59:00,2004-11-02 20:31:00,27596.23974620456,26.28935433144293,27567.37266216448,2.57772970863439,-0.1435869150324027
2004-11-02 10:00:00,2004-11-02 20:32:00,27596.168569748952,26.262898210837296,27567.372600776675,2.5330707614401824,-0.0263406516082156
2004-11-02 10:01:00,2004-11-02 20:33:00,27596.13298362653,26.235395832254387,27567.372539388856,2.5250484054179587,0.0909076925260929
2004-11-02 10:02:00,2004-11-02 20:34:00,27596.29420791857,26.20684377104377,27567.372478001034,2.7148861464923684,0.1500585886486458
2004-11-02 10:03:00,2004-11-02 20:35:00,27596.37482079847,26.17723860255503,27567.3724166132,2.8251655827152504,0.0527101458409866
2004-11-02 10:04:00,2004-11-02 20:36:00,27596.33923856568,26.14657690213771,27567.37235522537,2.8203064381743417,0.0448739612074824
2004-11-02 10:05:00,2004-11-02 20:37:00,27596.4020625878,26.1148552451414,27567.372293837525,2.9149135051302157,-0.070256949739786
2004-11-02 10:06:00,2004-11-02 20:38:00,27596.13409519529,26.082070206915645,27567.37223244968,2.6797925386947696,-0.1675948443562127
2004-11-02 10:07:00,2004-11-02 20:39:00,27596.00011324105,26.04821836281004,27567.372171061823,2.57972381641779,-0.1084266619891352
2004-11-02 10:08:00,2004-11-02 20:40:00,27595.84834517685,26.01329628817413,27567.37210967396,2.4629392147164992,-0.0848292884875689
2004-11-02 10:09:00,2004-11-02 20:41:00,27595.759414083896,25.977300558357506,27567.37204828609,2.410065239442652,-0.092642141423429
2004-11-02 10:10:00,2004-11-02 20:42:00,27595.5898695788,25.94022774870971,27567.37198689822,2.277654931869641,-0.0067867103127721
2004-11-02 10:11:00,2004-11-02 20:43:00,27595.67049176374,25.90207443458033,27567.371925510342,2.396491818817108,0.1282707700589682
2004-11-02 10:12:00,2004-11-02 20:44:00,27595.76889778576,25.862837191318924,27567.37186412245,2.5341964719875776,0.147140153481315
2004-11-02 10:13:00,2004-11-02 20:45:00,27595.88508745461,25.82251259427506,27567.37180273456,2.6907721257797377,0.1885404415718294
2004-11-02 10:14:00,2004-11-02 20:46:00,27596.06411592059,25.78109721879832,27567.371741346666,2.9112773551312365,0.0645520241178161
2004-11-02 10:15:00,2004-11-02 20:47:00,27595.93014377301,25.738587640238254,27567.37167995876,2.81987617401537,-0.059430279148037
2004-11-02 10:16:00,2004-11-02 20:48:00,27595.859015801627,25.694980433944444,27567.371618570847,2.7924167968351625,0.0311873012910623
2004-11-02 10:17:00,2004-11-02 20:49:00,27595.90408013479,25.650272175266444,27567.371557182927,2.8822507765974947,0.0500742277555747
2004-11-02 10:18:00,2004-11-02 20:50:00,27595.868520486903,25.60445943955384,27567.371495795003,2.892565252346312,0.0511833083408497
2004-11-02 10:19:00,2004-11-02 20:51:00,27595.913590602504,25.557538802156188,27567.37143440707,2.984617393279194,0.1507018398655759
2004-11-02 10:20:00,2004-11-02 20:52:00,27596.074848789634,25.509506838423054,27567.37137301913,3.193968932077464,0.2768905129551395
2004-11-02 10:21:00,2004-11-02 20:53:00,27596.37007017408,25.46036012370401,27567.37131163119,3.5383984191894733,0.278008179125754
2004-11-02 10:22:00,2004-11-02 20:54:00,27596.53133076692,25.410095233348635,27567.37125024324,3.749985290328972,0.2032608968758165
2004-11-02 10:23:00,2004-11-02 20:55:00,27596.67481781093,25.35870874270648,27567.371188855283,3.9449202129411054,0.1551827543404655
2004-11-02 10:24:00,2004-11-02 20:56:00,27596.737675493456,25.30619722712712,27567.37112746732,4.060350799009903,0.1248826326710776
2004-11-02 10:25:00,2004-11-02 20:57:00,27596.81830881959,25.25255726196012,27567.371066079348,4.194685478283262,0.0768101538120209
2004-11-02 10:26:00,2004-11-02 20:58:00,27596.78276122056,25.19778542255506,27567.37100469137,4.213971106633945,0.060171715834258
2004-11-02 10:27:00,2004-11-02 20:59:00,27596.8278504976,25.14187828426149,27567.370943303387,4.315028909951778,0.0524248174055124
2004-11-02 10:28:00,2004-11-02 21:00:00,27596.77453507928,25.084832422429,27567.3708819154,4.31882074144497,0.0535687024246325
2004-11-02 10:29:00,2004-11-02 21:01:00,27596.81963125461,25.02664441240714,27567.3708205274,4.422166314801043,0.103920134733098
2004-11-02 10:30:00,2004-11-02 21:02:00,27596.864730979854,24.96731082954549,27567.3707591394,4.526661010911166,0.1139538395993415
2004-11-02 10:31:00,2004-11-02 21:03:00,27596.927602361822,24.90683061643223,27567.37069775139,4.650073993999726,0.1909551937343039
2004-11-02 10:32:00,2004-11-02 21:04:00,27597.124419946365,24.84521218461008,27567.370636363376,4.908571398379774,0.1428845274229111
2004-11-02 10:33:00,2004-11-02 21:05:00,27597.08888433706,24.78246631286036,27567.370574975357,4.935843048845548,0.077035214303617
2004-11-02 10:34:00,2004-11-02 21:06:00,27597.15175919428,24.718603779964408,27567.370513587328,5.062641826987008,0.1765571598151911
2004-11-02 10:35:00,2004-11-02 21:07:00,27597.31304493247,24.65363536470355,27567.37045219929,5.288957368475931,0.2268640713986034
2004-11-02 10:36:00,2004-11-02 21:08:00,27597.47433262689,24.587571845859124,27567.370390811247,5.516369969784215,0.2860426608362321
2004-11-02 10:37:00,2004-11-02 21:09:00,27597.751796115565,24.52042400221245,27567.370329423204,5.861042690148395,0.2871232129510392
2004-11-02 10:38:00,2004-11-02 21:10:00,27597.913087043376,24.45220261254487,27567.370268035145,6.090616395686293,0.2389875716920055
2004-11-02 10:39:00,2004-11-02 21:11:00,27598.092142936257,24.38291845563771,27567.370206647087,6.339017833532406,0.2400464914018325
2004-11-02 10:40:00,2004-11-02 21:12:00,27598.253436947783,24.312582310272298,27567.37014525902,6.570709378489958,0.1741274229276115
2004-11-02 10:41:00,2004-11-02 21:13:00,27598.29856150556,24.241204955229964,27567.370083870945,6.687272679387629,0.0767553485244185
2004-11-02 10:42:00,2004-11-02 21:14:00,27598.2630397277,24.16879716929205,27567.370022482868,6.724220075538796,0.0866630796192211
2004-11-02 10:43:00,2004-11-02 21:15:00,27598.325929664647,24.095369731239877,27567.36996109478,6.860598838626071,0.2530537323113258
2004-11-02 10:44:00,2004-11-02 21:16:00,27598.621160666706,24.020933419854774,27567.36989970669,7.230327540161447,0.195973663009882
2004-11-02 10:45:00,2004-11-02 21:17:00,27598.567883497148,23.94549901391808,27567.369838318584,7.252546164645835,0.13000336710558
2004-11-02 10:46:00,2004-11-02 21:18:00,27598.729188497065,23.869077292211124,27567.36977693048,7.490334274372607,0.1890719389781239
2004-11-02 10:47:00,2004-11-02 21:19:00,27598.79208461849,23.79167903351524,27567.36971554237,7.630690042602083,0.0916340009836726
2004-11-02 10:48:00,2004-11-02 21:20:00,27598.7565714472,23.71331501661174,27567.36965415425,7.673602276339952,0.092595969107025
2004-11-02 10:49:00,2004-11-02 21:21:00,27598.819470767223,23.63399602028198,27567.369592766125,7.815881980816133,0.0354640911538162
2004-11-02 10:50:00,2004-11-02 21:22:00,27598.667794659945,23.553732823307275,27567.36953137799,7.744530458647585,-0.0039239099510322
2004-11-02 10:51:00,2004-11-02 21:23:00,27598.650040355235,23.47253620446896,27567.36946998985,7.808034160914069,0.1534998710571447
2004-11-02 10:52:00,2004-11-02 21:24:00,27598.811355745016,23.39041694254837,27567.369408601706,8.051530200761874,0.1455413272151364
2004-11-02 10:53:00,2004-11-02 21:25:00,27598.775849845228,23.307385816326832,27567.36934721356,8.099116815344342,0.0480378591775103
2004-11-02 10:54:00,2004-11-02 21:26:00,27598.7403453491,23.223453604585675,27567.3692858254,8.147605919116895,0.1562224569350974
2004-11-02 10:55:00,2004-11-02 21:27:00,27598.91941725255,23.138631086106237,27567.36922443723,8.411561729214537,0.2151899467618943
2004-11-02 10:56:00,2004-11-02 21:28:00,27599.00007790137,23.05292903966984,27567.36916304906,8.577985812640684,0.1176527186281628
2004-11-02 10:57:00,2004-11-02 21:29:00,27598.98232707141,22.966358244057822,27567.369101660883,8.646867166470862,-0.0468515786509282
2004-11-02 10:58:00,2004-11-02 21:30:00,27598.732252406087,22.878929478051507,27567.369040272697,8.484282655338827,-0.1129535422035115
2004-11-02 10:59:00,2004-11-02 21:31:00,27598.580592487,22.790653520432237,27567.368978884504,8.42096008206384,-0.0048227952552668
2004-11-02 11:00:00,2004-11-02 21:32:00,27598.54509571112,22.70154114998133,27567.368917496307,8.474637064828293,0.0540905016412107
2004-11-02 11:01:00,2004-11-02 21:33:00,27598.50960033893,22.611603145480125,27567.368856108104,8.52914108534626,0.0549121500113312
2004-11-02 11:02:00,2004-11-02 21:34:00,27598.47410637045,22.52085028570995,27567.36879471989,8.584461364850956,-0.0426897827718484
2004-11-02 11:03:00,2004-11-02 21:35:00,27598.24178820093,22.429293349452134,27567.368733331678,8.443761519802564,-0.1088413429268282
2004-11-02 11:04:00,2004-11-02 21:36:00,27598.072393737933,22.33694311548802,27567.368671943448,8.3667786789973,-0.1169238476687812
2004-11-02 11:05:00,2004-11-02 21:37:00,27597.822334742286,22.243810362598925,27567.368610555222,8.209913824465001,-0.2056844425468345
2004-11-02 11:06:00,2004-11-02 21:38:00,27597.473864830456,22.14990586956618,27567.368549166986,7.95540979390363,-0.1065021967797399
2004-11-02 11:07:00,2004-11-02 21:39:00,27597.42063762481,22.055240415171124,27567.36848777874,7.9969094309055215,0.0507468066002161
2004-11-02 11:08:00,2004-11-02 21:40:00,27597.385154575783,21.95982477819508,27567.368426390487,8.056903407104063,0.1765188856338504
2004-11-02 11:09:00,2004-11-02 21:41:00,27597.581981941825,21.86366973741939,27567.368365002232,8.349947202173222,0.1369171127881738
2004-11-02 11:10:00,2004-11-02 21:42:00,27597.46582731828,21.766786071625376,27567.36830361397,8.33073763268041,-0.0188505284565092
2004-11-02 11:11:00,2004-11-02 21:43:00,27597.349672930548,21.66918455959437,27567.368242225693,8.312246145260204,0.0714060846377577
2004-11-02 11:12:00,2004-11-02 21:44:00,27597.412606619484,21.5708759801077,27567.36818083742,8.473549801955926,0.1705221935686385
2004-11-02 11:13:00,2004-11-02 21:45:00,27597.493281093484,21.471871111946708,27567.36811944914,8.653290532397481,-0.0167443953500008
2004-11-02 11:14:00,2004-11-02 21:46:00,27597.180299805997,21.37218073389272,27567.368058060845,8.440061011255924,-0.2217615158122505
2004-11-02 11:15:00,2004-11-02 21:47:00,27596.84957979805,21.271815624727054,27567.367996672558,8.20976750077298,-0.131546924825308
2004-11-02 11:16:00,2004-11-02 21:48:00,27596.71568900908,21.170786563231054,27567.367935284245,8.176967161605308,-0.1889633670833159
2004-11-02 11:17:00,2004-11-02 21:49:00,27596.26881899073,21.069104328186057,27567.36787389594,7.831840766606348,-0.2867287690946138
2004-11-02 11:18:00,2004-11-02 21:50:00,27595.938101829408,20.96677969837338,27567.36781250762,7.60350962341608,-0.2860902685483317
2004-11-02 11:19:00,2004-11-02 21:51:00,27595.491234801382,20.86382345257436,27567.3677511193,7.259660229509684,-0.3435380637246261
2004-11-02 11:20:00,2004-11-02 21:52:00,27595.044369596508,20.760246369570325,27567.36768973097,6.916433495966828,-0.177563963127536
2004-11-02 11:21:00,2004-11-02 21:53:00,27594.92821987403,20.65605922814261,27567.367628342632,6.904532303254612,0.0868134521515848
2004-11-02 11:22:00,2004-11-02 21:54:00,27595.00890016164,20.551272807072543,27567.367566954294,7.090060400269998,0.2438971135465113
2004-11-02 11:23:00,2004-11-02 21:55:00,27595.20572998143,20.44589788514146,27567.36750556594,7.392326530347635,0.3340287895728924
2004-11-02 11:24:00,2004-11-02 21:56:00,27595.46550739813,20.33994524113068,27567.367444177584,7.758117979415783,0.2765272014474966
2004-11-02 11:25:00,2004-11-02 21:57:00,27595.546189376284,20.233425653821545,27567.36738278922,7.945380933242628,0.2859565231601735
2004-11-02 11:26:00,2004-11-02 21:58:00,27595.82370232858,20.126349901995383,27567.36732140085,8.33003102573613,0.1880925445081906
2004-11-02 11:27:00,2004-11-02 21:59:00,27595.70755479917,20.01872876443353,27567.36726001248,8.32156602225901,-0.0259290489002079
2004-11-02 11:28:00,2004-11-02 22:00:00,27595.555944571945,19.910573019917308,27567.36719862409,8.278172927935714,0.0238084631873451
2004-11-02 11:29:00,2004-11-02 22:01:00,27595.538213631564,19.801893447228046,27567.367137235706,8.3691829486337,0.0331937675850593
2004-11-02 11:30:00,2004-11-02 22:02:00,27595.40433713556,19.69270082514709,27567.367075847305,8.344560463105832,-0.0243707690155474
2004-11-02 11:31:00,2004-11-02 22:03:00,27595.270461801963,19.583005932455755,27567.367014458905,8.320441410602605,0.0253352237998623
2004-11-02 11:32:00,2004-11-02 22:04:00,27595.23500352914,19.47281954793538,27567.366953070497,8.395230910705557,0.2226546299803349
2004-11-02 11:33:00,2004-11-02 22:05:00,27595.49479480301,19.362152450367294,27567.36689168208,8.765750670563275,0.3304113701937421
2004-11-02 11:34:00,2004-11-02 22:06:00,27595.673899363283,19.251015418532827,27567.366830293657,9.05605365109304,0.2728062950808567
2004-11-02 11:35:00,2004-11-02 22:07:00,27595.81755139717,19.13941923121331,27567.366768905227,9.311363260724988,0.2466733384926165
2004-11-02 11:36:00,2004-11-02 22:08:00,27595.943482512062,19.02737466719008,27567.366707516798,9.549400328078274,0.224498631082147
2004-11-02 11:37:00,2004-11-02 22:09:00,27596.04189915648,18.914892505244456,27567.366646128343,9.760360522889282,0.3007281438502733
2004-11-02 11:38:00,2004-11-02 22:10:00,27596.319424879835,18.801983524157777,27567.3665847399,10.15085661577882,0.332634384936421
2004-11-02 11:39:00,2004-11-02 22:11:00,27596.48081114692,18.688658502711377,27567.366523351444,10.425629292762125,0.1676980524508984
2004-11-02 11:40:00,2004-11-02 22:12:00,27596.427642903345,18.574928219686576,27567.366461962974,10.486252720680618,0.060822248749158
2004-11-02 11:41:00,2004-11-02 22:13:00,27596.37447781864,18.46080345386472,27567.366400574512,10.54727379026044,0.1015632982269476
2004-11-02 11:42:00,2004-11-02 22:14:00,27596.402013487197,18.34629498402712,27567.366339186032,10.689379317134511,0.061595974558287
2004-11-02 11:43:00,2004-11-02 22:15:00,27596.268157125884,18.231413588955128,27567.36627779755,10.670465739377017,-0.1171496819144159
2004-11-02 11:44:00,2004-11-02 22:16:00,27595.9374664098,18.116170047430064,27567.36621640906,10.45507995330568,-0.2644186451241257
2004-11-02 11:45:00,2004-11-02 22:17:00,27595.508358607927,18.000575138233256,27567.366155020565,10.141628449128763,-0.2640719648732119
2004-11-02 11:46:00,2004-11-02 22:18:00,27595.17766929577,17.88463964014604,27567.366093632063,9.926936023559255,-0.3621541398644332
2004-11-02 11:47:00,2004-11-02 22:19:00,27594.5517267449,17.768374331949747,27567.36603224355,9.417320169399895,-0.4513886413278438
2004-11-02 11:48:00,2004-11-02 22:20:00,27594.04191958837,17.65178999242571,27567.36597085504,9.02415874090357,-0.4737076074608879
2004-11-02 11:49:00,2004-11-02 22:21:00,27593.370711821342,17.534897400355252,27567.365909466516,8.469904954478121,-0.6702404333553371
2004-11-02 11:50:00,2004-11-02 22:22:00,27592.467233286698,17.417707334519704,27567.365848077985,7.683677874192895,-0.7368747805956932
2004-11-02 11:51:00,2004-11-02 22:23:00,27591.662172656437,17.30023057370041,27567.365786689446,6.996155393286735,-0.6785251256745113
2004-11-02 11:52:00,2004-11-02 22:24:00,27590.874830820427,17.18247789667869,27567.365725300904,6.326627622843873,-0.660535046139687
2004-11-02 11:53:00,2004-11-02 22:25:00,27590.1052092956,17.06446008223588,27567.365663912355,5.6750853010073605,-0.5933450427768516
2004-11-02 11:54:00,2004-11-02 22:26:00,27589.45172797024,16.946187909153306,27567.365602523794,5.1399375372901694,-0.4051199128735359
2004-11-02 11:55:00,2004-11-02 22:27:00,27589.058058766703,16.827672156212294,27567.365541135237,4.864845475260289,-0.1184889985898909
2004-11-02 11:56:00,2004-11-02 22:28:00,27588.977362888967,16.70892360219419,27567.365479746662,4.902959540110388,0.0874338877569265
2004-11-02 11:57:00,2004-11-02 22:29:00,27588.995084634746,16.58995302588032,27567.365418358087,5.039713250774142,0.1279984595389809
2004-11-02 11:58:00,2004-11-02 22:30:00,27588.995084634746,16.470771206052003,27567.3653569695,5.158956459188349,0.1685520137809746
2004-11-02 11:59:00,2004-11-02 22:31:00,27589.09350178074,16.35138892149058,27567.365295580912,5.376817278336091,0.2760252057928909
2004-11-02 12:00:00,2004-11-02 22:32:00,27589.308058014067,16.231816950977386,27567.365234192315,5.711006870774131,0.2673485658382972
2004-11-02 12:01:00,2004-11-02 22:33:00,27589.388753287018,16.112066073293747,27567.36517280371,5.9115144100126855,0.2498004809394292
2004-11-02 12:02:00,2004-11-02 22:34:00,27589.567866314977,15.99214706722099,27567.365111415103,6.21060783265299,0.2411034455763268
2004-11-02 12:03:00,2004-11-02 22:35:00,27589.630842039187,15.872070711540449,27567.36505002648,6.393721301165339,0.1339788173206297
2004-11-02 12:04:00,2004-11-02 22:36:00,27589.595401890187,15.751847785033458,27567.36498863786,6.478565467294249,0.0357039359150634
2004-11-02 12:05:00,2004-11-02 22:37:00,27589.461545488703,15.631489066481343,27567.36492724923,6.465129172995466,-0.0222323412318941
2004-11-02 12:06:00,2004-11-02 22:38:00,27589.30997198009,15.511005334665445,27567.364865860596,6.434100784830461,0.0270977400162433
2004-11-02 12:07:00,2004-11-02 22:39:00,27589.274536493343,15.390407368367075,27567.36480447195,6.519324653027953,0.0449257244293823
2004-11-02 12:08:00,2004-11-02 22:40:00,27589.15840126335,15.269705946367583,27567.364743083293,6.523952233689226,0.0273087296363998
2004-11-02 12:09:00,2004-11-02 22:41:00,27589.087535654384,15.148911847448291,27567.364681694635,6.573942112300752,0.0766058699048288
2004-11-02 12:10:00,2004-11-02 22:42:00,27589.06982012986,15.028035850390532,27567.36462030597,6.677163973498884,0.0944001852440949
2004-11-02 12:11:00,2004-11-02 22:43:00,27589.034390134064,14.907088733975636,27567.3645589173,6.762742482788942,0.1928849663531933
2004-11-02 12:12:00,2004-11-02 22:44:00,27589.213512711813,14.786081276984934,27567.364497528622,7.06293390620527,0.1929410971966145
2004-11-02 12:13:00,2004-11-02 22:45:00,27589.17808507532,14.665024258199765,27567.36443613993,7.148624677182172,0.0542146524432158
2004-11-02 12:14:00,2004-11-02 22:46:00,27589.07966641874,14.543928456401446,27567.364374751247,7.171363211091702,0.1034580765366266
2004-11-02 12:15:00,2004-11-02 22:47:00,27589.14265884317,14.422804650371315,27567.364313362545,7.355540830255425,0.2245406517123811
2004-11-02 12:16:00,2004-11-02 22:48:00,27589.28636010725,14.3016636188907,27567.36425197384,7.620444514516464,0.2649088893390932
2004-11-02 12:17:00,2004-11-02 22:49:00,27589.430065334804,14.180516140740938,27567.36419058513,7.885358608933611,0.2245589325844292
2004-11-02 12:18:00,2004-11-02 22:50:00,27589.4930645708,14.059372994703352,27567.36412919641,8.069562379685323,0.1438418648996302
2004-11-02 12:19:00,2004-11-02 22:51:00,27589.475355105977,13.938244959559285,27567.364067807684,8.173042338732872,0.1034671897589776
2004-11-02 12:20:00,2004-11-02 22:52:00,27589.457645992246,13.817142814090053,27567.364006418957,8.276496759203278,0.1034362617911686
2004-11-02 12:21:00,2004-11-02 22:53:00,27589.439937229607,13.696077337076996,27567.36394503021,8.379914862315209,0.1526043596981567
2004-11-02 12:22:00,2004-11-02 22:54:00,27589.52064842737,13.57505930730144,27567.363883641465,8.581705478599591,0.0944882148309167
2004-11-02 12:23:00,2004-11-02 22:55:00,27589.38681304824,13.454099503544722,27567.363822252715,8.568891291977042,0.036361817825254
2004-11-02 12:24:00,2004-11-02 22:56:00,27589.35139868279,13.333208704588166,27567.36376086395,8.6544291142501,0.0451418282737723
2004-11-02 12:25:00,2004-11-02 22:57:00,27589.235272112925,13.212397689213113,27567.363699475187,8.659174948524587,0.0942676654820529
2004-11-02 12:26:00,2004-11-02 22:58:00,27589.298279767827,13.091677236200882,27567.36363808641,8.842964445214205,0.0853194882057737
2004-11-02 12:27:00,2004-11-02 22:59:00,27589.164448746906,12.971058124332812,27567.363576697637,8.829813924936134,0.0360041420154333
2004-11-02 12:28:00,2004-11-02 23:00:00,27589.12903917048,12.85055113239023,27567.363515308847,8.914972729245072,0.0358878533121105
2004-11-02 12:29:00,2004-11-02 23:01:00,27588.99521059076,12.730167039154466,27567.363453920047,8.901589631560356,0.0446125421764858
2004-11-02 12:30:00,2004-11-02 23:02:00,27588.97750696825,12.609916623406855,27567.36339253125,9.004197813598044,0.0444743764013706
2004-11-02 12:31:00,2004-11-02 23:03:00,27588.84368019073,12.489810663928733,27567.36333114244,8.990538384363097,-0.013736465171231
2004-11-02 12:32:00,2004-11-02 23:04:00,27588.709854576384,12.369859939501412,27567.363269753627,8.976724883255581,-0.0138959264235554
2004-11-02 12:33:00,2004-11-02 23:05:00,27588.576030125227,12.250075228906244,27567.363208364804,8.962746531515986,-0.0052156333167072
2004-11-02 12:34:00,2004-11-02 23:06:00,27588.45990790352,12.130467310924544,27567.36314697597,8.966293616622167,0.0526638771354015
2004-11-02 12:35:00,2004-11-02 23:07:00,27588.442206837262,12.011046964337655,27567.36308558714,9.068074285786787,0.052471178431741
2004-11-02 12:36:00,2004-11-02 23:08:00,27588.32608513971,11.8918249679269,27567.363024198297,9.07123597348565,0.0030572413071014
2004-11-02 12:37:00,2004-11-02 23:09:00,27588.209963678324,11.77281210047361,27567.36296280945,9.074188768400992,0.0116930603143661
2004-11-02 12:38:00,2004-11-02 23:10:00,27588.11154265547,11.654019140759122,27567.3629014206,9.09462209411438,0.0026178982064983
2004-11-02 12:39:00,2004-11-02 23:11:00,27587.97772146411,11.535456867564765,27567.36284003173,9.079424564813989,-0.0468287870249497
2004-11-02 12:40:00,2004-11-02 23:12:00,27587.7808792226,11.417136059671863,27567.362778642862,9.000964520064482,-0.0470751750135072
2004-11-02 12:41:00,2004-11-02 23:13:00,27587.647058964634,11.299067495861758,27567.362717253985,8.985274214786974,-0.0069718538404313
2004-11-02 12:42:00,2004-11-02 23:14:00,27587.5309386324,11.181261954915769,27567.3626558651,8.98702081238362,0.0104592276749055
2004-11-02 12:43:00,2004-11-02 23:15:00,27587.43251736196,11.063730215615236,27567.36259447621,9.006192670136786,-0.0213313991466481
2004-11-02 12:44:00,2004-11-02 23:16:00,27587.253374158143,10.946483056741489,27567.362533087315,8.944358014090323,0.0098901388169378
2004-11-02 12:45:00,2004-11-02 23:17:00,27587.21797590326,10.82953125707585,27567.36247169841,9.02597294777066,0.0499503423763094
2004-11-02 12:46:00,2004-11-02 23:18:00,27587.119554603734,10.712885595399666,27567.36241030949,9.044258698842942,-0.0487819546494021
2004-11-02 12:47:00,2004-11-02 23:19:00,27586.887314809548,10.59655685049425,27567.362348920586,8.928409038471857,-0.0175915233784191
2004-11-02 12:48:00,2004-11-02 23:20:00,27586.851918984885,10.480555801140945,27567.362287531658,9.009075652086104,0.0893465959702703
2004-11-02 12:49:00,2004-11-02 23:21:00,27586.83422159926,10.36489322612108,27567.362226142726,9.107102230412398,0.1067006445869029
2004-11-02 12:50:00,2004-11-02 23:22:00,27586.83422159926,10.24957990421598,27567.362164753784,9.22247694125991,0.1151946948994604
2004-11-02 12:51:00,2004-11-02 23:23:00,27586.83422159926,10.134626614206985,27567.36210336484,9.33749162021132,0.1148292736181506
2004-11-02 12:52:00,2004-11-02 23:24:00,27586.83422159926,10.02004413487542,27567.362041975888,9.45213548849621,0.1056045563154715
2004-11-02 12:53:00,2004-11-02 23:25:00,27586.81652456477,9.905843245002616,27567.361980586928,9.548700732842262,0.1052175774715014
2004-11-02 12:54:00,2004-11-02 23:26:00,27586.81652456477,9.792034723369904,27567.361919197963,9.662570643439214,0.0467609440259222
2004-11-02 12:55:00,2004-11-02 23:27:00,27586.682709778644,9.678629348758616,27567.36185780899,9.642222620894106,-0.0028584719886382
2004-11-02 12:56:00,2004-11-02 23:28:00,27586.58428801942,9.565637899950088,27567.36179642001,9.656853699461935,-0.0436402531068331
2004-11-02 12:57:00,2004-11-02 23:29:00,27586.369748301426,9.453071155725642,27567.36173503102,9.55494211468044,-0.1021292544576883
2004-11-02 12:58:00,2004-11-02 23:30:00,27586.15520872744,9.340939894866608,27567.361673642023,9.45259519054656,0.0450628546077442
2004-11-02 12:59:00,2004-11-02 23:31:00,27586.23593497308,9.22925489615433,27567.36161225303,9.645067823895928,0.1922443572738359
2004-11-02 13:00:00,2004-11-02 23:32:00,27586.31666170749,9.118026938370122,27567.36155086402,9.837083905094232,0.1425713896354974
2004-11-02 13:01:00,2004-11-02 23:33:00,27586.29896687847,9.00726680029533,27567.361489475006,9.930210603166923,0.0525237929218818
2004-11-02 13:02:00,2004-11-02 23:34:00,27586.200544837637,8.896985260711276,27567.361428085984,9.942131490937996,-0.0463821378878481
2004-11-02 13:03:00,2004-11-02 23:35:00,27585.98600612275,8.787193098399293,27567.36136669696,9.837446327391229,-0.0557241087058297
2004-11-02 13:04:00,2004-11-02 23:36:00,27585.869889673588,8.677901092140711,27567.36130530792,9.830683273526336,-0.0650763914887972
2004-11-02 13:05:00,2004-11-02 23:37:00,27585.63765748401,8.569120020716865,27567.36124391888,9.707293544413632,-0.0567456037598859
2004-11-02 13:06:00,2004-11-02 23:38:00,27585.539235258748,8.46086066290908,27567.361182529832,9.717192066006564,0.0499966304540997
2004-11-02 13:07:00,2004-11-02 23:39:00,27585.521541743597,8.35313379749869,27567.361121140773,9.807286805321832,0.0406121092251492
2004-11-02 13:08:00,2004-11-02 23:40:00,27585.405426239435,8.245950203267029,27567.36105975171,9.798416284456865,-0.0495121169062136
2004-11-02 13:09:00,2004-11-02 23:41:00,27585.208581593142,8.13932065899542,27567.36099836264,9.708262571509405,-0.0412249572303533
2004-11-02 13:10:00,2004-11-02 23:42:00,27585.11015928702,8.033255943465203,27567.36093697356,9.715966369996156,0.0074160004006404
2004-11-02 13:11:00,2004-11-02 23:43:00,27585.011736992245,7.927766835457702,27567.36087558448,9.723094572310686,-0.0423761211949287
2004-11-02 13:12:00,2004-11-02 23:44:00,27584.814892436745,7.82286411375425,27567.360814195385,9.6312141276063,-0.0429678798602646
2004-11-02 13:13:00,2004-11-02 23:45:00,27584.716470176016,7.718558557136179,27567.36075280629,9.637158812590156,-0.043570400281192
2004-11-02 13:14:00,2004-11-02 23:46:00,27584.51962568861,7.61486094438482,27567.36069141718,9.544073327043916,-0.044183716507371
2004-11-02 13:15:00,2004-11-02 23:47:00,27584.421203461927,7.511782054281502,27567.36063002807,9.548791379575414,0.0447676615369276
2004-11-02 13:16:00,2004-11-02 23:48:00,27584.40350995468,7.409332665607559,27567.360568638956,9.63360865011777,0.0756509035774728
2004-11-02 13:17:00,2004-11-02 23:49:00,27584.368123993703,7.307523557144318,27567.36050724983,9.70009318673036,-0.0057239458576203
2004-11-02 13:18:00,2004-11-02 23:50:00,27584.18897212677,7.206365507673112,27567.360445860693,9.62216075840253,-0.0871097269673795
2004-11-02 13:19:00,2004-11-02 23:51:00,27583.992127500325,7.105869295975269,27567.360384471554,9.5258737327956,-0.1054699030212278
2004-11-02 13:20:00,2004-11-02 23:52:00,27583.7775897356,7.006045700832127,27567.36032308241,9.411220952360074,-0.0973012717194032
2004-11-02 13:21:00,2004-11-02 23:53:00,27583.598438383637,6.906905501025012,27567.36026169325,9.331271189356794,-0.0399322994771047
2004-11-02 13:22:00,2004-11-02 23:54:00,27583.50001613283,6.8084594753352565,27567.36020030409,9.331356353405864,-0.0494784207715834
2004-11-02 13:23:00,2004-11-02 23:55:00,27583.30317166528,6.710718402544188,27567.360138914923,9.232314347813627,-0.0993998487276215
2004-11-02 13:24:00,2004-11-02 23:56:00,27583.10632724313,6.613693061433141,27567.360077525747,9.13255665595062,-0.1089678003313103
2004-11-02 13:25:00,2004-11-02 23:57:00,27582.8917891145,6.517394230783445,27567.360016136565,9.014378747151008,-0.0516416988385648
2004-11-02 13:26:00,2004-11-02 23:58:00,27582.811060695025,6.42183268937643,27567.35995474737,9.029273258273491,-0.0346903212286413
2004-11-02 13:27:00,2004-11-02 23:59:00,27582.63191067887,6.327019215993431,27567.35989335818,8.944998104693724,0.0049204311011195
2004-11-02 13:28:00,2004-11-03 00:00:00,27582.63191067887,6.232964589415772,27567.359831968977,9.03911412047573,-0.013538074874785
2004-11-02 13:29:00,2004-11-03 00:01:00,27582.41737212313,6.1396795884247926,27567.35977057977,8.917921954944154,-0.1127351987668721
2004-11-02 13:30:00,2004-11-03 00:02:00,27582.22052790529,6.047174991801815,27567.359709190547,8.813643722941986,-0.1046726195363847
2004-11-02 13:31:00,2004-11-03 00:03:00,27582.02368373285,5.9554592156565205,27567.359647801324,8.708576715871384,-0.1054608773145222
2004-11-02 13:32:00,2004-11-03 00:04:00,27581.82683960582,5.86453122541196,27567.35958641209,8.602721968312942,-0.146610437553738
2004-11-02 13:33:00,2004-11-03 00:05:00,27581.54926848744,5.774387623819535,27567.359525022854,8.415355840763908,-0.1562405643291722
2004-11-02 13:34:00,2004-11-03 00:06:00,27581.33472948689,5.68502501363064,27567.35946363361,8.290240839654597,-0.0762927053969306
2004-11-02 13:35:00,2004-11-03 00:07:00,27581.21861267192,5.5964399975966765,27567.359402244358,8.262770429970047,-0.0770684366528104
2004-11-02 13:36:00,2004-11-03 00:08:00,27581.00407399992,5.508629178469043,27567.3593408551,8.136103966348976,-0.1358988035006496
2004-11-02 13:37:00,2004-11-03 00:09:00,27580.7718414478,5.421589158999136,27567.359279465836,7.990972822968748,-0.1278207483837801
2004-11-02 13:38:00,2004-11-03 00:10:00,27580.57499708808,5.335316541938355,27567.35921807656,7.880462469581416,-0.0705281887056514
2004-11-02 13:39:00,2004-11-03 00:11:00,27580.458881062877,5.249807930038098,27567.35915668728,7.849916445557445,0.0182849290555613
2004-11-02 13:40:00,2004-11-03 00:12:00,27580.44118755173,5.165059926049764,27567.359095297987,7.917032327692539,-0.1212604891011492
2004-11-02 13:41:00,2004-11-03 00:13:00,27580.04749850877,5.081069132724751,27567.35903390869,7.607395467355146,-0.2115914722492977
2004-11-02 13:42:00,2004-11-03 00:14:00,27579.8506540554,4.997832152814457,27567.358972519392,7.493849383193943,-0.0154990655554083
2004-11-02 13:43:00,2004-11-03 00:15:00,27579.8506540554,4.915345589070282,27567.358911130086,7.576397336244329,0.0733276742166868
2004-11-02 13:44:00,2004-11-03 00:16:00,27579.83296051664,4.833606044243624,27567.35884974077,7.640504731627317,-0.043533051384466
2004-11-02 13:45:00,2004-11-03 00:17:00,27579.60072970601,4.75261012108588,27567.358788351445,7.489331233475397,-0.1338505757487462
2004-11-02 13:46:00,2004-11-03 00:18:00,27579.40388496459,4.67235442234845,27567.358726962117,7.372803580129824,-0.1257424761755716
2004-11-02 13:47:00,2004-11-03 00:19:00,27579.189347404685,4.592835550782732,27567.358665572778,7.237846281124254,-0.1353239419205931
2004-11-02 13:48:00,2004-11-03 00:20:00,27578.97480998886,4.514050109140125,27567.35860418343,7.102155696288638,-0.095690285746627
2004-11-02 13:49:00,2004-11-03 00:21:00,27578.841003203885,4.435994700172025,27567.35854279408,7.046465709631,-0.0472070423572708
2004-11-02 13:50:00,2004-11-03 00:22:00,27578.724888942925,4.3586659266298335,27567.35848140472,7.0077416115740965,-0.0479311350386555
2004-11-02 13:51:00,2004-11-03 00:23:00,27578.59108384618,4.282060391264949,27567.35842001536,6.950603439553689,-0.0486522942009579
2004-11-02 13:52:00,2004-11-03 00:24:00,27578.474970345986,4.206174696828766,27567.358358625985,6.910437023172181,-0.0897359299451827
2004-11-02 13:53:00,2004-11-03 00:25:00,27578.260434262345,4.131005446072687,27567.35829723661,6.771131579663323,-0.0412390287708799
2004-11-02 13:54:00,2004-11-03 00:26:00,27578.2427440546,4.05654924174811,27567.35823584722,6.827958965630421,-0.0507950077691758
2004-11-02 13:55:00,2004-11-03 00:27:00,27578.01051870856,3.982802686606431,27567.358174457822,6.669541564124971,-0.1587700547736408
2004-11-02 13:56:00,2004-11-03 00:28:00,27577.778294307904,3.909762383399051,27567.35811306842,6.510418856083139,-0.1014178579616604
2004-11-02 13:57:00,2004-11-03 00:29:00,27577.66218246209,3.837424934877367,27567.358051679013,6.46670584820165,-0.0844299385074651
2004-11-02 13:58:00,2004-11-03 00:30:00,27577.465336212463,3.7657869437927776,27567.3579902896,6.341558979068209,-0.1343392107077496
2004-11-02 13:59:00,2004-11-03 00:31:00,27577.250801339866,3.694845012896682,27567.35792890018,6.198027426786151,-0.0454546059874081
2004-11-02 14:00:00,2004-11-03 00:32:00,27577.23311302278,3.624595744940478,27567.357867510746,6.2506497670933925,-0.0461453857246869
2004-11-02 14:01:00,2004-11-03 00:33:00,27577.018578519324,3.555035742675564,27567.357806121312,6.105736655336777,-0.0960443221079296
2004-11-02 14:02:00,2004-11-03 00:34:00,27576.9024674636,3.486161608853339,27567.357744731868,6.058561122877533,-0.0475166498674513
2004-11-02 14:03:00,2004-11-03 00:35:00,27576.786356644243,3.4179699462252007,27567.357683342416,6.0107033556018745,-0.1062523593705688
2004-11-02 14:04:00,2004-11-03 00:36:00,27576.55413571464,3.350457357542548,27567.35762195296,5.846056404136395,-0.1472977782728648
2004-11-02 14:05:00,2004-11-03 00:37:00,27576.357288808107,3.2836204455567795,27567.35756056349,5.716107799056145,-0.0495478303221328
2004-11-02 14:06:00,2004-11-03 00:38:00,27576.32191573053,3.2174558130192943,27567.35749917402,5.74696074349213,-0.0590615837569101
2004-11-02 14:07:00,2004-11-03 00:39:00,27576.107382478767,3.1519600626814888,27567.357437784543,5.5979846315423245,-0.1404658258039308
2004-11-02 14:08:00,2004-11-03 00:40:00,27575.910535284234,3.087129797294763,27567.35737639505,5.466029091884268,-0.0742316126263467
2004-11-02 14:09:00,2004-11-03 00:41:00,27575.829798031464,3.022961619610516,27567.357315005564,5.449521406289631,0.0058454437334654
2004-11-02 14:10:00,2004-11-03 00:42:00,27575.794425727792,2.959452132380144,27567.35725361606,5.477719979351199,-0.012497581728454
2004-11-02 14:11:00,2004-11-03 00:43:00,27575.67831640774,2.896597938355047,27567.35719222655,5.424526242832723,-0.0219925026077802
2004-11-02 14:12:00,2004-11-03 00:44:00,27575.62526145146,2.8343956402866235,27567.35713083704,5.433734974135638,-0.0226421494703039
2004-11-02 14:13:00,2004-11-03 00:45:00,27575.50915323233,2.772841840926272,27567.357069447517,5.379241943892115,-0.1040274511409671
2004-11-02 14:14:00,2004-11-03 00:46:00,27575.294621272864,2.711933143025389,27567.357008057985,5.225680071853704,-0.095828727105987
2004-11-02 14:15:00,2004-11-03 00:47:00,27575.19619730746,2.6516661493353766,27567.35694666845,5.187584489680141,-0.0472566778901448
2004-11-02 14:16:00,2004-11-03 00:48:00,27575.080089457584,2.59203746260763,27567.356885278903,5.131166716073414,-0.0655767384216341
2004-11-02 14:17:00,2004-11-03 00:49:00,27574.946298587784,2.533043685593549,27567.356823889357,5.056431012836873,0.0322146205182392
2004-11-02 14:18:00,2004-11-03 00:50:00,27575.027039877947,2.474681421044532,27567.356762499792,5.195595957109893,5.605206655845407e-05
2004-11-02 14:19:00,2004-11-03 00:51:00,27574.830191498917,2.416947271711977,27567.35670111023,5.05654311696999,-0.1885772513523731
2004-11-02 14:20:00,2004-11-03 00:52:00,27574.53491901541,2.3598378403472826,27567.356639720656,4.818441454405146,-0.1665119273789472
2004-11-02 14:21:00,2004-11-03 00:53:00,27574.38344732299,2.303349729701848,27567.35657833108,4.723519262212095,-0.1179196185464928
2004-11-02 14:22:00,2004-11-03 00:54:00,27574.18659870133,2.247479542527071,27567.35651694149,4.582602217312161,-0.1412242853263459
2004-11-02 14:23:00,2004-11-03 00:55:00,27573.989750125027,2.1922238815743498,27567.356455551893,4.441070691559403,-0.1014660031180274
2004-11-02 14:24:00,2004-11-03 00:56:00,27573.873643722967,2.1375793495950832,27567.356394162296,4.379670211076106,-0.070544973815632
2004-11-02 14:25:00,2004-11-03 00:57:00,27573.739856065957,2.0835425493406694,27567.356332772684,4.299980743928139,-0.0130978058771829
2004-11-02 14:26:00,2004-11-03 00:58:00,27573.739856065957,2.030110083562508,27567.35627138307,4.35347459932174,0.0039811678772365
2004-11-02 14:27:00,2004-11-03 00:59:00,27573.64143162814,1.9772785550119951,27567.35620999345,4.307943079682612,0.0033819292811632
2004-11-02 14:28:00,2004-11-03 01:00:00,27573.64143162814,1.925044566440533,27567.356148603816,4.3602384578840665,0.0923699557180044
2004-11-02 14:29:00,2004-11-03 01:01:00,27573.722174925897,1.873404720599516,27567.35608721418,4.492682991118621,0.1409897677527491
2004-11-02 14:30:00,2004-11-03 01:02:00,27573.82059943816,1.822355620240344,27567.35602582453,4.642217993389565,0.1984536012863924
2004-11-02 14:31:00,2004-11-03 01:03:00,27574.01744849669,1.7718938681144163,27567.35596443489,4.889590193691406,0.1801876080640569
2004-11-02 14:32:00,2004-11-03 01:04:00,27574.08051232171,1.7220160669731306,27567.35590304522,5.002593209517679,0.1619259841782696
2004-11-02 14:33:00,2004-11-03 01:05:00,27574.242002637173,1.6727188195678857,27567.35584165556,5.213442162047945,0.1878672794163547
2004-11-02 14:34:00,2004-11-03 01:06:00,27574.358106762884,1.6239987286500797,27567.355780265883,5.378327768350388,0.2453443004024924
2004-11-02 14:35:00,2004-11-03 01:07:00,27574.635702036023,1.5758523969711111,27567.3557188762,5.70413076285293,0.1286683358481535
2004-11-02 14:36:00,2004-11-03 01:08:00,27574.51959835384,1.528276427282379,27567.35565748651,5.635664440046695,-0.0599104233256211
2004-11-02 14:37:00,2004-11-03 01:09:00,27574.421173435352,1.4812674223352806,27567.35559609681,5.584309916201688,-0.0604755971001389
2004-11-02 14:38:00,2004-11-03 01:10:00,27574.305069937847,1.4348219848812156,27567.35553470712,5.514713245846417,-0.0206641262345836
2004-11-02 14:39:00,2004-11-03 01:11:00,27574.28739169881,1.388936717671582,27567.35547331741,5.542981663732521,-0.0615958654460628
2004-11-02 14:40:00,2004-11-03 01:12:00,27574.0905416661,1.3436082234577778,27567.35541192769,5.391521514954292,-0.1921100250480312
2004-11-02 14:41:00,2004-11-03 01:13:00,27573.81294525659,1.2988331049912027,27567.355350537964,5.158761613636458,-0.0942366858090149
2004-11-02 14:42:00,2004-11-03 01:14:00,27573.81294525659,1.2546079650232536,27567.355289148232,5.203048143336262,-0.0228776540326931
2004-11-02 14:43:00,2004-11-03 01:15:00,27573.679163470373,1.2109294063053295,27567.355227758497,5.113006305571072,-0.0145834034883041
2004-11-02 14:44:00,2004-11-03 01:16:00,27573.69684173669,1.167794031588829,27567.355166368747,5.173881336359654,0.051766004251152
2004-11-02 14:45:00,2004-11-03 01:17:00,27573.69684173669,1.1251984436251508,27567.355104979,5.216538314073376,0.0423887829688882
2004-11-02 14:46:00,2004-11-03 01:18:00,27573.69684173669,1.0831392451656927,27567.355043589232,5.25865890229743,-0.0477314843248417
2004-11-02 14:47:00,2004-11-03 01:19:00,27573.517670583853,1.0416130389618536,27567.354982199467,5.121075345423693,-0.1063146155571019
2004-11-02 14:48:00,2004-11-03 01:20:00,27573.40156690864,1.000616427765032,27567.35492080969,5.046029671183226,-0.0753086548835444
2004-11-02 14:49:00,2004-11-03 01:21:00,27573.28546346989,0.9601460143266264,27567.35485941991,4.970458035656604,-0.0442980405035493
2004-11-02 14:50:00,2004-11-03 01:22:00,27573.232430021693,0.9201984013980348,27567.35479803012,4.957433590176128,-0.0713333025175622
2004-11-02 14:51:00,2004-11-03 01:23:00,27573.063298262678,0.8807701917306561,27567.35473664032,4.827791430621479,-0.0718474127313681
2004-11-02 14:52:00,2004-11-03 01:24:00,27573.01027200331,0.8418579880758882,27567.35467525052,4.813738764713391,-0.1038960939890412
2004-11-02 14:53:00,2004-11-03 01:25:00,27572.778071496534,0.8034583931851302,27567.354613860705,4.619999242643397,-0.1447807499342333
2004-11-02 14:54:00,2004-11-03 01:26:00,27572.644297745544,0.7655680098097811,27567.35455247089,4.5241772648449246,-0.3017626749495661
2004-11-02 14:55:00,2004-11-03 01:27:00,27572.099148414505,0.728183440701238,27567.35449108106,4.016473892744265,-0.6732649371301846
2004-11-02 14:56:00,2004-11-03 01:28:00,27571.223378370425,0.6913012886108996,27567.35442969123,3.1776473905845557,-0.5084529698004681
2004-11-02 14:57:00,2004-11-03 01:29:00,27571.008854410826,0.6549181562901636,27567.35436830139,2.9995679531433286,-0.1871627064436807
2004-11-02 14:58:00,2004-11-03 01:30:00,27570.776659535728,0.6190306464904306,27567.35430691154,2.803321977697194,-0.3352958838718343
2004-11-02 14:59:00,2004-11-03 01:31:00,27570.266857069048,0.5836353619630978,27567.354245521685,2.32897618539966,-0.4745902044649787
2004-11-02 15:00:00,2004-11-03 01:32:00,27569.75705460605,0.5487289054595654,27567.354184131826,1.8541415687672365,-0.2782246123868508
2004-11-02 15:01:00,2004-11-03 01:33:00,27569.64095758231,0.5143078797312288,27567.354122741952,1.7725269606259584,-0.162611215427616
2004-11-02 15:02:00,2004-11-03 01:34:00,27569.363349377512,0.4803688875294877,27567.35406135207,1.5289191379120044,-0.1138784828924613
2004-11-02 15:03:00,2004-11-03 01:35:00,27569.34567848864,0.4469085316057406,27567.35399996219,1.5447699948410356,0.0736618584708488
2004-11-02 15:04:00,2004-11-03 01:36:00,27569.444104841867,0.4139234147113864,27567.3539385723,1.676242854853702,0.1892854825443173
2004-11-02 15:05:00,2004-11-03 01:37:00,27569.658628281926,0.381410139597823,27567.3538771824,1.9233409599296705,0.2468639549855541
2004-11-02 15:06:00,2004-11-03 01:38:00,27569.873151866334,0.349365309016449,27567.35381579249,2.1699707648248103,0.1971842374663969
2004-11-02 15:07:00,2004-11-03 01:39:00,27569.98924936316,0.3177855257186631,27567.35375440257,2.317709434862464,0.2055569482398336
2004-11-02 15:08:00,2004-11-03 01:40:00,27570.22144506641,0.2866673924558636,27567.35369301265,2.5810846613044776,0.289656176720733
2004-11-02 15:09:00,2004-11-03 01:41:00,27570.50666092301,0.2560075119794486,27567.35363162273,2.89702178830393,0.1996129557370887
2004-11-02 15:10:00,2004-11-03 01:42:00,27570.559683292613,0.2258024870408173,27567.353570232797,2.980310572778655,0.1234396322325515
2004-11-02 15:11:00,2004-11-03 01:43:00,27570.69345881601,0.196048920391368,27567.35350884285,3.143901052769033,0.1229924132338444
2004-11-02 15:12:00,2004-11-03 01:44:00,27570.74648626693,0.1667434147824977,27567.353447452897,3.226295399246344,0.1137091885047458
2004-11-02 15:13:00,2004-11-03 01:45:00,27570.862588065684,0.1378825729656073,27567.35338606294,3.371319429778525,0.1624807874389982
2004-11-02 15:14:00,2004-11-03 01:46:00,27571.014044644788,0.1094629976920934,27567.35332467297,3.5512569741243403,0.2289324743898375
2004-11-02 15:15:00,2004-11-03 01:47:00,27571.263928953274,0.0814812917133553,27567.353263283003,3.8291843785582,0.2511929655841196
2004-11-02 15:16:00,2004-11-03 01:48:00,27571.460778856097,0.0539340577807907,27567.353201893024,4.05364290529258,0.1927092353287063
2004-11-02 15:17:00,2004-11-03 01:49:00,27571.59456125089,0.0268178986457987,27567.353140503037,4.214602849215613,0.1519069230767233
2004-11-02 15:18:00,2004-11-03 01:50:00,27571.710665281546,0.0001294170597778,27567.35307911304,4.357456751446026,0.1249625906308846
2004-11-02 15:19:00,2004-11-03 01:51:00,27571.79141096929,-0.0261347842258741,27567.35301772304,4.464528030477382,0.1245399571845586
2004-11-02 15:20:00,2004-11-03 01:52:00,27571.907514896386,-0.0519781024597582,27567.35295633303,4.606536665815144,0.0256959653460984
2004-11-02 15:21:00,2004-11-03 01:53:00,27571.79141096929,-0.0774039348904757,27567.35289494301,4.515919961169579,-0.1223570244573042
2004-11-02 15:22:00,2004-11-03 01:54:00,27571.61224049112,-0.1024156787666281,27567.352833552988,4.361822616900535,-0.1227694920438637
2004-11-02 15:23:00,2004-11-03 01:55:00,27571.496136408703,-0.1270167313368181,27567.35277216296,4.270380977081851,0.0244587955771349
2004-11-02 15:24:00,2004-11-03 01:56:00,27571.61224049112,-0.1512104898496471,27567.35271077292,4.410740208054805,0.148997340722083
2004-11-02 15:25:00,2004-11-03 01:57:00,27571.746024689844,-0.1750003515537149,27567.352649382872,4.568375658526017,0.1397554390979607
2004-11-02 15:26:00,2004-11-03 01:58:00,27571.84444936537,-0.198389713697623,27567.352587992817,4.690251086250727,0.023252201047403
2004-11-02 15:27:00,2004-11-03 01:59:00,27571.746024689844,-0.2213819735299758,27567.352526602757,4.614880060620823,-0.0263555403969784
2004-11-02 15:28:00,2004-11-03 02:00:00,27571.746024689844,-0.2439805282993736,27567.352465212687,4.63754000545677,0.062837220340715
2004-11-02 15:29:00,2004-11-03 02:01:00,27571.826769548657,-0.2661887752544174,27567.35240382261,4.740554501302253,0.0536088784780206
2004-11-02 15:30:00,2004-11-03 02:02:00,27571.809090083298,-0.2880101116437087,27567.35234243253,4.744757762412811,0.0216909698190916
2004-11-02 15:31:00,2004-11-03 02:03:00,27571.826769548657,-0.3094479347158487,27567.352281042437,4.783936440940437,0.0301488878116162
2004-11-02 15:32:00,2004-11-03 02:04:00,27571.826769548657,-0.3305056417194405,27567.35221965234,4.805055538036044,0.0789829894850138
2004-11-02 15:33:00,2004-11-03 02:05:00,27571.94287405224,-0.3511866299030841,27567.35215826223,4.941902419910464,0.1278203184024433
2004-11-02 15:34:00,2004-11-03 02:06:00,27572.04129875045,-0.3714942965153824,27567.35209687212,5.06069617484093,0.1678211588806268
2004-11-02 15:35:00,2004-11-03 02:07:00,27572.238148180862,-0.3914320388049357,27567.352035482,5.277544737671718,0.1586131996145994
2004-11-02 15:36:00,2004-11-03 02:08:00,27572.31889341192,-0.4110032540203459,27567.35197409187,5.377922574070129,0.1090360592918497
2004-11-02 15:37:00,2004-11-03 02:09:00,27572.41731821858,-0.4302113394102143,27567.35191270173,5.495616856255418,0.1175144215684276
2004-11-02 15:38:00,2004-11-03 02:10:00,27572.51574303658,-0.4490596922231433,27567.3518513116,5.612951417206984,0.1171563989608257
2004-11-02 15:39:00,2004-11-03 02:11:00,27572.61416786591,-0.4675517097077337,27567.35178992144,5.729929654177069,0.0675893532680378
2004-11-02 15:40:00,2004-11-03 02:12:00,27572.61416786591,-0.4856907891125881,27567.35172853128,5.74813012374306,0.1341299067650481
2004-11-02 15:41:00,2004-11-03 02:13:00,27572.84637628114,-0.503480327686306,27567.35166714112,5.998189467707165,0.2233671019890923
2004-11-02 15:42:00,2004-11-03 02:14:00,27573.02554635599,-0.5209237226774908,27567.351605750948,6.194864327721245,0.1472913627321119
2004-11-02 15:43:00,2004-11-03 02:15:00,27573.106292182605,-0.5380243713347441,27567.35154436077,6.292772193171389,0.106577726276158
2004-11-02 15:44:00,2004-11-03 02:16:00,27573.20471707995,-0.5547856709066665,27567.351482970585,6.408019780273561,0.05702787159729
2004-11-02 15:45:00,2004-11-03 02:17:00,27573.18703849811,-0.5712110186418595,27567.351421580384,6.4068279363659695,-0.0013579455327539
2004-11-02 15:46:00,2004-11-03 02:18:00,27573.1693602676,-0.5873038117889249,27567.351360190183,6.405303889208053,0.0071504894290268
2004-11-02 15:47:00,2004-11-03 02:19:00,27573.1693602676,-0.6030674475964648,27567.35129879997,6.421128915224023,0.0156621459741455
2004-11-02 15:48:00,2004-11-03 02:20:00,27573.1693602676,-0.6185053233130802,27567.35123740976,6.436628181156344,0.0153380845166162
2004-11-02 15:49:00,2004-11-03 02:21:00,27573.1693602676,-0.6336208361873723,27567.35117601953,6.451805084257256,0.0150174203076893
2004-11-02 15:50:00,2004-11-03 02:22:00,27573.1693602676,-0.6484173834679439,27567.3511146293,6.466663021771723,0.1131251938982278
2004-11-02 15:51:00,2004-11-03 02:23:00,27573.36621034871,-0.6628983624033935,27567.35105323906,6.678055472053711,0.2200753764535594
2004-11-02 15:52:00,2004-11-03 02:24:00,27573.58073845325,-0.6770671702423274,27567.350991848813,6.906813774678842,0.1617134145004115
2004-11-02 15:53:00,2004-11-03 02:25:00,27573.66148555538,-0.6909272042333445,27567.35093045856,7.001482301054534,0.054142287015197
2004-11-02 15:54:00,2004-11-03 02:26:00,27573.66148555538,-0.7044818616250461,27567.350869068297,7.015098348709236,0.013465057982982
2004-11-02 15:55:00,2004-11-03 02:27:00,27573.66148555538,-0.7177345396660337,27567.350807678027,7.0284124170204985,0.0712162489823446
2004-11-02 15:56:00,2004-11-03 02:28:00,27573.777588498822,-0.7306886356049094,27567.350746287757,7.157530846673925,0.1693444109703081
2004-11-02 15:57:00,2004-11-03 02:29:00,27573.974438589736,-0.7433475466902759,27567.350684897465,7.367101238961115,0.0214135091838421
2004-11-02 15:58:00,2004-11-03 02:30:00,27573.795266702044,-0.7557146701707316,27567.350623507173,7.200357865041609,-0.175726584932041
2004-11-02 15:59:00,2004-11-03 02:31:00,27573.598416782675,-0.7677934032948812,27567.350562116877,7.015648069097033,-0.1356398041544468
2004-11-02 16:00:00,2004-11-03 02:32:00,27573.49999183999,-0.7795871433113251,27567.35050072657,6.929078256732716,-0.0778712011357689
2004-11-02 16:01:00,2004-11-03 02:33:00,27573.41924571561,-0.791099287468666,27567.350439336253,6.859905666825495,-0.1185238360029967
2004-11-02 16:02:00,2004-11-03 02:34:00,27573.240075297643,-0.8023332330155022,27567.35037794593,6.692030584726722,-0.1680121582192635
2004-11-02 16:03:00,2004-11-03 02:35:00,27573.06090552879,-0.8132923772004359,27567.350316555603,6.523881350386968,-0.1279123946400329
2004-11-02 16:04:00,2004-11-03 02:36:00,27572.96248084344,-0.8239801172720744,27567.350255165264,6.436205795446656,-0.0789694328874408
2004-11-02 16:05:00,2004-11-03 02:37:00,27572.881736409054,-0.8343998504790111,27567.35019377492,6.365942484612086,-0.0703953711868119
2004-11-02 16:06:00,2004-11-03 02:38:00,27572.80099246357,-0.8445549740698546,27567.350132384567,6.295415053073032,-0.0794983275355276
2004-11-02 16:07:00,2004-11-03 02:39:00,27572.702567938457,-0.8544488852931988,27567.35007099421,6.206945829541031,-0.070916818100402
2004-11-02 16:08:00,2004-11-03 02:40:00,27572.639506039315,-0.8640849813976534,27567.35000960384,6.153581416872228,-0.1115440622853709
2004-11-02 16:09:00,2004-11-03 02:41:00,27572.460339258807,-0.8734666596318141,27567.34994821347,5.983857704970289,-0.0625833443788597
2004-11-02 16:10:00,2004-11-03 02:42:00,27572.49570423396,-0.882597317244286,27567.349886823085,6.028414728114509,0.0444339141423757
2004-11-02 16:11:00,2004-11-03 02:43:00,27572.531070614463,-0.8914803514836667,27567.34982543269,6.07272553325504,-0.0542345112423454
2004-11-02 16:12:00,2004-11-03 02:44:00,27572.36959058833,-0.9001191595985638,27567.349764042297,5.919945705629818,-0.054475507129807
2004-11-02 16:13:00,2004-11-03 02:45:00,27572.40496003205,-0.9085171388375716,27567.349702651893,5.963774518995426,0.0348680001276195
2004-11-02 16:14:00,2004-11-03 02:46:00,27572.42264528092,-0.9166776864493,27567.34964126148,5.989681705885057,0.0346333211453218
2004-11-02 16:15:00,2004-11-03 02:47:00,27572.458016832665,-0.9246041996823404,27567.34957987106,6.03304116128607,0.0432448395134001
2004-11-02 16:16:00,2004-11-03 02:48:00,27572.49338978976,-0.9323000757853048,27567.34951848063,6.0761713849118575,0.0922289724268377
2004-11-02 16:17:00,2004-11-03 02:49:00,27572.62718748433,-0.939768712006786,27567.3494570902,6.217499106139745,0.1412163819771437
2004-11-02 16:18:00,2004-11-03 02:50:00,27572.760986343023,-0.9470135055953888,27567.349395699755,6.358604148866145,0.100628344583908
2004-11-02 16:19:00,2004-11-03 02:51:00,27572.81405225081,-0.954037853799719,27567.349334309307,6.418755795307561,0.0511996827369558
2004-11-02 16:20:00,2004-11-03 02:52:00,27572.849431279315,-0.96084515386837,27567.349272918844,6.461003514340057,0.1494096972655221
2004-11-02 16:21:00,2004-11-03 02:53:00,27573.09934791517,-0.9674388030499514,27567.34921152838,6.717575189838605,0.2072564894428818
2004-11-02 16:22:00,2004-11-03 02:54:00,27573.250844432543,-0.9738221985930592,27567.34915013791,6.87551649322582,0.0997817518976909
2004-11-02 16:23:00,2004-11-03 02:55:00,27573.28622870332,-0.9799987377462998,27567.34908874743,6.917138693633987,0.0995789820941359
2004-11-02 16:24:00,2004-11-03 02:56:00,27573.4377299966,-0.9859718177582716,27567.349027356944,7.074674457414092,0.0905319127779566
2004-11-02 16:25:00,2004-11-03 02:57:00,27573.45542364976,-0.9917448358775728,27567.348965966445,7.0982025191899005,0.0903354420280027
2004-11-02 16:26:00,2004-11-03 02:58:00,27573.60692872806,-0.9973211893528112,27567.34890457594,7.255345341470098,0.1481997683297975
2004-11-02 16:27:00,2004-11-03 02:59:00,27573.740740965848,-1.002704275432584,27567.34884318543,7.394602055849496,0.0899514707679451
2004-11-02 16:28:00,2004-11-03 03:00:00,27573.776132586558,-1.0078974913654957,27567.348781794917,7.435248283005988,0.0405536933211219
2004-11-02 16:29:00,2004-11-03 03:01:00,27573.811525612484,-1.0129042344001449,27567.348720404392,7.475709442491739,0.0403703242819597
2004-11-02 16:30:00,2004-11-03 03:02:00,27573.84692004364,-1.0177279017851355,27567.348659013853,7.5159889315699075,-0.0178695991626662
2004-11-02 16:31:00,2004-11-03 03:03:00,27573.76619633234,-1.0223715351425289,27567.34859762332,7.439970244166407,0.0400123554178128
2004-11-02 16:32:00,2004-11-03 03:04:00,27573.91771312158,-1.0268367535882237,27567.348536232763,7.596013642405533,0.0890460017774161
2004-11-02 16:33:00,2004-11-03 03:05:00,27573.93541226932,-1.0311248206115793,27567.34847484221,7.618062247721239,-0.0183997752163898
2004-11-02 16:34:00,2004-11-03 03:06:00,27573.872390543915,-1.0352369997019566,27567.348413451644,7.559214091972754,-0.0097241647997723
2004-11-02 16:35:00,2004-11-03 03:07:00,27573.90779142485,-1.039174554348714,27567.348352061075,7.5986139181216945,0.0885242593072765
2004-11-02 16:36:00,2004-11-03 03:08:00,27574.04161453304,-1.0429387480412122,27567.348290670496,7.736262610587307,0.1198615063551358
2004-11-02 16:37:00,2004-11-03 03:09:00,27574.140035366472,-1.0465308442688095,27567.34822927991,7.838336930831966,0.0124188732434689
2004-11-02 16:38:00,2004-11-03 03:10:00,27574.05931613987,-1.0499521065208663,27567.348167889315,7.761100357074245,0.0210995869012236
2004-11-02 16:39:00,2004-11-03 03:11:00,27574.175438805058,-1.0532037982867422,27567.34810649871,7.880536104634413,0.1193517122051193
2004-11-02 16:40:00,2004-11-03 03:12:00,27574.29156170653,-1.0562871830557965,27567.3480451081,7.999803781484483,0.1772459602680851
2004-11-02 16:41:00,2004-11-03 03:13:00,27574.52380821834,-1.0592035243173883,27567.347983717485,8.235028025170584,0.0875111713566227
2004-11-02 16:42:00,2004-11-03 03:14:00,27574.4607943655,-1.0619540855608782,27567.347922326862,8.174826124197729,-0.0199252946549952
2004-11-02 16:43:00,2004-11-03 03:15:00,27574.478498241813,-1.064540130275625,27567.34786093623,8.195177435860593,0.0202698607902469
2004-11-02 16:44:00,2004-11-03 03:16:00,27574.49620246941,-1.0669629219509884,27567.347799545587,8.215365845778223,0.0604654507622646
2004-11-02 16:45:00,2004-11-03 03:17:00,27574.59462276825,-1.0692237240763285,27567.347738154946,8.316108337385122,0.1006621342736417
2004-11-02 16:46:00,2004-11-03 03:18:00,27574.693043078467,-1.071323800141004,27567.34767676428,8.416690114325506,0.1585643808672578
2004-11-02 16:47:00,2004-11-03 03:19:00,27574.90758805911,-1.0732644136343752,27567.347615373623,8.633237099119638,0.176110325353811
2004-11-02 16:48:00,2004-11-03 03:20:00,27575.04141791994,-1.0750468280458014,27567.347553982952,8.768910765033128,0.0686802677050302
2004-11-02 16:49:00,2004-11-03 03:21:00,27575.04141791994,-1.0766723068646422,27567.347492592275,8.770597634529699,0.068524545715455
2004-11-02 16:50:00,2004-11-03 03:22:00,27575.175248944477,-1.0781421135802571,27567.34743120159,8.905959856464039,0.1175795309111107
2004-11-02 16:51:00,2004-11-03 03:23:00,27575.273668995564,-1.0794575116820058,27567.347369810894,9.00575669635192,0.0505102417823408
2004-11-02 16:52:00,2004-11-03 03:24:00,27575.273668995564,-1.080619764659248,27567.347308420198,9.00698034002872,0.01885377143567
2004-11-02 16:53:00,2004-11-03 03:25:00,27575.309081132706,-1.0816301360013427,27567.347247029484,9.04346423922326,0.1171224633050593
2004-11-02 16:54:00,2004-11-03 03:26:00,27575.505921016207,-1.08248988919765,27567.34718563877,9.24122526663884,0.1661829692726817
2004-11-02 16:55:00,2004-11-03 03:27:00,27575.63975413808,-1.0832002877375295,27567.347124248045,9.375830177768623,0.0184043884099729
2004-11-02 16:56:00,2004-11-03 03:28:00,27575.54133430566,-1.0837625951103405,27567.347062857312,9.278034043458783,0.0586137287730981
2004-11-02 16:57:00,2004-11-03 03:29:00,27575.75588102709,-1.0841780748054428,27567.347001466576,9.49305763531482,0.1165311473078247
2004-11-02 16:58:00,2004-11-03 03:30:00,27575.773588423588,-1.084447990312196,27567.346940075822,9.511096338074434,0.0583227185379415
2004-11-02 16:59:00,2004-11-03 03:31:00,27575.872008152342,-1.084573605119959,27567.34687868507,9.609703072390705,0.0985352214048909
2004-11-02 17:00:00,2004-11-03 03:32:00,27575.970427892476,-1.0845561827180925,27567.346817294307,9.708166780884216,0.0983928273159007
2004-11-02 17:01:00,2004-11-03 03:33:00,27576.068847643965,-1.0843969865959548,27567.346755903534,9.806488727022504,0.1159593673166989
2004-11-02 17:02:00,2004-11-03 03:34:00,27576.20268274804,-1.0840972802429063,27567.34669451276,9.940085515517614,0.1335277469335523
2004-11-02 17:03:00,2004-11-03 03:35:00,27576.33651901572,-1.083658327148307,27567.34663312197,10.073544220889609,0.1333902955496597
2004-11-02 17:04:00,2004-11-03 03:36:00,27576.470356447,-1.083081390801515,27567.34657173118,10.206866106616934,0.1824637590086473
2004-11-02 17:05:00,2004-11-03 03:37:00,27576.702614344595,-1.0823677346918916,27567.34651034038,10.438471738906903,0.2807479818069316
2004-11-02 17:06:00,2004-11-03 03:38:00,27577.033292397497,-1.0815186223087951,27567.34644894957,10.768362070230795,0.2402600990974397
2004-11-02 17:07:00,2004-11-03 03:39:00,27577.18484417871,-1.0805353171415857,27567.34638755875,10.918991937101785,0.2489836698808849
2004-11-02 17:08:00,2004-11-03 03:40:00,27577.533236495245,-1.0794190826796228,27567.34632616793,11.266329409992569,0.2488539873572719
2004-11-02 17:09:00,2004-11-03 03:41:00,27577.684793506505,-1.078171182412266,27567.3462647771,11.416699911816329,0.1906589699250176
2004-11-02 17:10:00,2004-11-03 03:42:00,27577.917057856277,-1.0767928798288746,27567.34620338626,11.647647349842602,0.1905314081670477
2004-11-02 17:11:00,2004-11-03 03:43:00,27578.068619285143,-1.0752854384188086,27567.34614199541,11.797762728150422,0.1411950292343133
2004-11-02 17:12:00,2004-11-03 03:44:00,27578.202467891195,-1.0736501216714274,27567.346080604555,11.930037408311229,0.1233540039680853
2004-11-02 17:13:00,2004-11-03 03:45:00,27578.318601756702,-1.0718881930760904,27567.34601921369,12.044470736086591,0.1635798762410711
2004-11-02 17:14:00,2004-11-03 03:46:00,27578.53315406749,-1.0700009161221573,27567.34595782282,12.257197160793371,0.065037218291799
2004-11-02 17:15:00,2004-11-03 03:47:00,27578.452452050315,-1.067989554298988,27567.345896431943,12.174545172670191,-0.0335041186443927
2004-11-02 17:16:00,2004-11-03 03:48:00,27578.47016859347,-1.0658553710959415,27567.345835041066,12.190188923504586,0.0067247003184194
2004-11-02 17:17:00,2004-11-03 03:49:00,27578.47016859347,-1.0635996300023782,27567.34577365017,12.18799457330703,0.064671550699094
2004-11-02 17:18:00,2004-11-03 03:50:00,27578.60402068966,-1.0612235945076565,27567.345712259263,12.319532024902774,0.0734106548441113
2004-11-02 17:19:00,2004-11-03 03:51:00,27578.62173822325,-1.058728528101137,27567.34565086836,12.334815882995253,0.0152251499937721
2004-11-02 17:20:00,2004-11-03 03:52:00,27578.639456108056,-1.0561156942721783,27567.34558947744,12.349982324890318,0.0731765164992461
2004-11-02 17:21:00,2004-11-03 03:53:00,27578.773310646,-1.0533863565101411,27567.34552808652,12.481168915993743,0.0730611395270735
2004-11-02 17:22:00,2004-11-03 03:54:00,27578.79102952122,-1.0505417783043842,27567.34546669558,12.496104603944463,0.0148788750824158
2004-11-02 17:23:00,2004-11-03 03:55:00,27578.80874874765,-1.0475832231442674,27567.34540530464,12.510926666158577,0.0236258455200619
2004-11-02 17:24:00,2004-11-03 03:56:00,27578.84418825416,-1.0445119545191504,27567.34534391369,12.543356294984587,-0.02569440863354
2004-11-02 17:25:00,2004-11-03 03:57:00,27578.76349113571,-1.0413292359183923,27567.345282522736,12.459537848891497,-0.0346646328497781
2004-11-02 17:26:00,2004-11-03 03:58:00,27578.781211830228,-1.0380363308313536,27567.34522113177,12.474027029285033,0.0232955929739668
2004-11-02 17:27:00,2004-11-03 03:59:00,27578.81665427289,-1.0346345027473929,27567.3451597408,12.50612903483943,-0.0348816442348942
2004-11-02 17:28:00,2004-11-03 04:00:00,27578.718237075485,-1.0311250151558702,27567.345098349822,12.404263740815244,-0.0930575490165175
2004-11-02 17:29:00,2004-11-03 04:01:00,27578.637541764096,-1.0275091315461449,27567.345036958835,12.320013936806395,-0.1335106441079352
2004-11-02 17:30:00,2004-11-03 04:02:00,27578.45842990504,-1.023788115407577,27567.344975567845,12.137242452599374,-0.1336146184802027
2004-11-02 17:31:00,2004-11-03 04:03:00,27578.37773564645,-1.0199632302295256,27567.34491417684,12.05278469984599,-0.0933704016041634
2004-11-02 17:32:00,2004-11-03 04:04:00,27578.27931869572,-1.0160357395013508,27567.344852785827,11.950501649391049,-0.1023337157864325
2004-11-02 17:33:00,2004-11-03 04:05:00,27578.18090175637,-1.0120069067124111,27567.34479139481,11.848117268273125,-0.1605043828733681
2004-11-02 17:34:00,2004-11-03 04:06:00,27577.96634489208,-1.0078779953520676,27567.344730003784,11.62949288364431,-0.1517423027204207
2004-11-02 17:35:00,2004-11-03 04:07:00,27577.88565100668,-1.003650268909679,27567.344668612757,11.544632662832283,-0.0445620539027871
2004-11-02 17:36:00,2004-11-03 04:08:00,27577.88565100668,-0.9993249908746044,27567.344607221712,11.540368775838736,-0.0446587291858486
2004-11-02 17:37:00,2004-11-03 04:09:00,27577.804957610388,-0.9949034247362042,27567.344545830663,11.455315204460586,-0.0270303612125122
2004-11-02 17:38:00,2004-11-03 04:10:00,27577.840405659037,-0.9903868339838378,27567.344484439604,11.486308053413712,0.0309466708299606
2004-11-02 17:39:00,2004-11-03 04:11:00,27577.875855112557,-0.9857764821068644,27567.34442304854,11.517208546120507,0.0712004010623612
2004-11-02 17:40:00,2004-11-03 04:12:00,27577.99199688041,-0.9810736325946442,27567.344361657462,11.628708855538434,0.120317725147748
2004-11-02 17:41:00,2004-11-03 04:13:00,27578.125864713867,-0.976279548936536,27567.344300266388,11.757843996416003,0.0218111612374505
2004-11-02 17:42:00,2004-11-03 04:14:00,27578.04517455869,-0.9713954946219002,27567.3442388753,11.672331178013335,-0.0452120943941878
2004-11-02 17:43:00,2004-11-03 04:15:00,27578.04517455869,-0.9664227331400956,27567.344177484203,11.667419807627628,-0.0945080501657358
2004-11-02 17:44:00,2004-11-03 04:16:00,27577.8660686428,-0.9613625279804826,27567.3441160931,11.483315077681864,-0.0453867371666714
2004-11-02 17:45:00,2004-11-03 04:17:00,27577.964484892647,-0.95621614263242,27567.344054701985,11.576646333294285,-0.0051274525815019
2004-11-02 17:46:00,2004-11-03 04:18:00,27577.8660686428,-0.9509848405852678,27567.343993310868,11.47306017251886,-0.0140750667557334
2004-11-02 17:47:00,2004-11-03 04:19:00,27577.9467582342,-0.9456698853283854,27567.343931919742,11.548496199782818,-0.0141581198402755
2004-11-02 17:48:00,2004-11-03 04:20:00,27577.848341921093,-0.9402725403511324,27567.343870528606,11.444743932838309,-0.0545846735065111
2004-11-02 17:49:00,2004-11-03 04:21:00,27577.848341921093,-0.9347940691428684,27567.343809137463,11.439326852769796,-0.0635283791620695
2004-11-02 17:50:00,2004-11-03 04:22:00,27577.732199185637,-0.9292357351929532,27567.343747746312,11.31768717451417,-0.0547443932745483
2004-11-02 17:51:00,2004-11-03 04:23:00,27577.749925619384,-0.923598801990746,27567.343686355154,11.3298380662207,-0.0370957140859147
2004-11-02 17:52:00,2004-11-03 04:24:00,27577.669236177306,-0.9178845330256064,27567.343624963985,11.24349574634234,-0.0952437428005241
2004-11-02 17:53:00,2004-11-03 04:25:00,27577.57081996164,-0.9120941917868944,27567.34356357281,11.13935058061965,0.0030972452706867
2004-11-02 17:54:00,2004-11-03 04:26:00,27577.686963376756,-0.9062290417639692,27567.343502181637,11.249690236883714,0.110303001663591
2004-11-02 17:55:00,2004-11-03 04:27:00,27577.803107027943,-0.9002903464461905,27567.34344079044,11.359956583946833,0.0610222998761624
2004-11-02 17:56:00,2004-11-03 04:28:00,27577.82083486656,-0.8942793693229176,27567.343379399244,11.37173483663604,0.052086848556863
2004-11-02 17:57:00,2004-11-03 04:29:00,27577.919250915213,-0.8881973738835105,27567.34331800804,11.46413028106056,0.1012246043617093
2004-11-02 17:58:00,2004-11-03 04:30:00,27578.035395038565,-0.8820456236173284,27567.343256616823,11.574184045359456,0.0519474569593638
2004-11-02 17:59:00,2004-11-03 04:31:00,27578.035395038565,-0.8758253820137311,27567.3431952256,11.568025194979286,-0.0465362238074291
2004-11-02 18:00:00,2004-11-03 04:32:00,27577.954707519555,-0.8695379125620781,27567.343133834373,11.4811115977446,-0.0554670587926757
2004-11-02 18:01:00,2004-11-03 04:33:00,27577.936979041777,-0.8631844787517291,27567.34307244313,11.457091077393937,-0.0555323540664769
2004-11-02 18:02:00,2004-11-03 04:34:00,27577.85629159743,-0.8567663440720434,27567.34301105189,11.370046889611643,0.0024757767683638
2004-11-02 18:03:00,2004-11-03 04:35:00,27577.954707519555,-0.8502847720123808,27567.34294966064,11.462042630930664,-0.0467947453486941
2004-11-02 18:04:00,2004-11-03 04:36:00,27577.77560464223,-0.843741026062101,27567.342888269377,11.276457398914255,0.0023516046069174
2004-11-02 18:05:00,2004-11-03 04:37:00,27577.97243634854,-0.8371363697105632,27567.342826878103,11.466745840144496,0.1587799922848924
2004-11-02 18:06:00,2004-11-03 04:38:00,27578.106310803865,-0.8304720664471272,27567.34276548683,11.594017383484042,0.1675857311846371
2004-11-02 18:07:00,2004-11-03 04:39:00,27578.320872018296,-0.8237493797611526,27567.342704095543,11.801917302513772,0.1094557738556627
2004-11-02 18:08:00,2004-11-03 04:40:00,27578.338602062307,-0.8169695731419987,27567.34264270425,11.812928931195367,0.0021186784592233
2004-11-02 18:09:00,2004-11-03 04:41:00,27578.338602062307,-0.8101339100790257,27567.342581312954,11.806154659432218,0.0601367649947777
2004-11-02 18:10:00,2004-11-03 04:42:00,27578.472478728767,-0.8032436540615924,27567.342519921644,11.933202461184925,0.118156057439581
2004-11-02 18:11:00,2004-11-03 04:43:00,27578.58862523606,-0.7963000685790589,27567.34245853033,12.04246677431138,0.1003727686717219
2004-11-02 18:12:00,2004-11-03 04:44:00,27578.68704072041,-0.7893044171207846,27567.342397139004,12.133947998528368,0.0914558286781455
2004-11-02 18:13:00,2004-11-03 04:45:00,27578.78545621616,-0.7822579631761288,27567.342335747668,12.225378431667671,-0.0650830598191207
2004-11-02 18:14:00,2004-11-03 04:46:00,27578.570894264987,-0.7751619702344517,27567.34227435633,12.003781878890123,-0.1143397149398843
2004-11-02 18:15:00,2004-11-03 04:47:00,27578.570894264987,-0.7680177017851122,27567.342212964984,11.996699001787904,-0.0071063831077351
2004-11-02 18:16:00,2004-11-03 04:48:00,27578.570894264987,-0.7608264213174705,27567.34215157363,11.989569112674657,0.0509204643398932
2004-11-02 18:17:00,2004-11-03 04:49:00,27578.68704072041,-0.7535893923208856,27567.342090182265,12.09853993046769,0.0686067821630427
2004-11-02 18:18:00,2004-11-03 04:50:00,27578.722503589608,-0.7463078782847176,27567.34202879089,12.12678267700074,0.0193556818620876
2004-11-02 18:19:00,2004-11-03 04:51:00,27578.74023555101,-0.7389831426983258,27567.341967399512,12.137251294191865,-0.0387598018601442
2004-11-02 18:20:00,2004-11-03 04:52:00,27578.659552632354,-0.7316164490510695,27567.341906008125,12.049263073280452,-0.088008323610393
2004-11-02 18:21:00,2004-11-03 04:53:00,27578.578870202866,-0.7242090608323088,27567.341844616727,11.96123464697108,-0.0388403563325807
2004-11-02 18:22:00,2004-11-03 04:54:00,27578.596603344413,-0.7167622415314029,27567.34178322533,11.97158236061529,0.0684032107825913
2004-11-02 18:23:00,2004-11-03 04:55:00,27578.73048564781,-0.7092772546377117,27567.341721833916,12.09804106853626,0.019158718381024
2004-11-02 18:24:00,2004-11-03 04:56:00,27578.649804876237,-0.7017553636405945,27567.341660442497,12.009899797377338,-0.0389514325024604
2004-11-02 18:25:00,2004-11-03 04:57:00,27578.667539422568,-0.694197832029411,27567.341599051066,12.02013820353134,0.0102213931877903
2004-11-02 18:26:00,2004-11-03 04:58:00,27578.68527432009,-0.6866059232935207,27567.341537659635,12.03034258375292,0.0101879990091431
2004-11-02 18:27:00,2004-11-03 04:59:00,27578.703009568817,-0.678980900922283,27567.34147626819,12.040514201549628,0.0012880683660503
2004-11-02 18:28:00,2004-11-03 05:00:00,27578.703009568817,-0.6713240284050579,27567.341414876737,12.03291872048502,0.0012570255645218
2004-11-02 18:29:00,2004-11-03 05:01:00,27578.720745168728,-0.6636365692312047,27567.34135348528,12.04302825267867,0.0012270706598496
2004-11-02 18:30:00,2004-11-03 05:02:00,27578.720745168728,-0.6559197868900832,27567.341292093814,12.03537286180472,-0.0480087329434777
2004-11-02 18:31:00,2004-11-03 05:03:00,27578.640066544256,-0.6481749448710525,27567.34123070233,11.947010786791717,-0.0076968486334019
2004-11-02 18:32:00,2004-11-03 05:04:00,27578.720745168728,-0.6404033066634727,27567.341169310854,12.019979164537917,0.0326162991642142
2004-11-02 18:33:00,2004-11-03 05:05:00,27578.720745168728,-0.6326061357567031,27567.341107919365,12.012243385120144,-0.0077479140190481
2004-11-02 18:34:00,2004-11-03 05:06:00,27578.720745168728,-0.6247846956401035,27567.34104652787,12.00448333649982,-0.0077715514732847
2004-11-02 18:35:00,2004-11-03 05:07:00,27578.720745168728,-0.6169402498030332,27567.34098513636,11.996700282173574,0.0414133996989418
2004-11-02 18:36:00,2004-11-03 05:08:00,27578.81915981901,-0.6090740617348517,27567.340923744843,12.087310135897702,0.0502602331284132
2004-11-02 18:37:00,2004-11-03 05:09:00,27578.836895706823,-0.6011873949249189,27567.34086235332,12.0972207484304,0.0010330609996946
2004-11-02 18:38:00,2004-11-03 05:10:00,27578.836895706823,-0.5932815128625941,27567.34080096179,12.089376257897092,0.0010146530935815
2004-11-02 18:39:00,2004-11-03 05:11:00,27578.85463194583,-0.585357679037237,27567.34073957025,12.099250054617563,0.0009973330825046
2004-11-02 18:40:00,2004-11-03 05:12:00,27578.85463194583,-0.5774171569382072,27567.340678178705,12.0913709240621,-0.0482257780452979
2004-11-02 18:41:00,2004-11-03 05:13:00,27578.773954075623,-0.5694612100548642,27567.34061678715,12.002798498526968,-0.0974477955718944
2004-11-02 18:42:00,2004-11-03 05:14:00,27578.675539626627,-0.5614911018765676,27567.340555395585,11.896475332918312,-0.1063296088071013
2004-11-02 18:43:00,2004-11-03 05:15:00,27578.57712518904,-0.5535080958926774,27567.340494004016,11.790139280912763,-0.1063418634520383
2004-11-02 18:44:00,2004-11-03 05:16:00,27578.47871076285,-0.5455134555925523,27567.340432612436,11.683791606014235,-0.0974842256784933
2004-11-02 18:45:00,2004-11-03 05:17:00,27578.39803360594,-0.5375084444655525,27567.34037122085,11.595170829555778,-0.0974939216997521
2004-11-02 18:46:00,2004-11-03 05:18:00,27578.29961926587,-0.5294943260010373,27567.34030982925,11.488803762614731,-0.0571638188241525
2004-11-02 18:47:00,2004-11-03 05:19:00,27578.29961926587,-0.5214723636883664,27567.34024843765,11.480843191907471,-0.0571710252160011
2004-11-02 18:48:00,2004-11-03 05:20:00,27578.20120493721,-0.5134438210168992,27567.34018704604,11.374461712182727,-0.106384132449655
2004-11-02 18:49:00,2004-11-03 05:21:00,27578.102790619952,-0.5054099614759957,27567.34012565442,11.268074927008165,-0.0571816532341529
2004-11-02 18:50:00,2004-11-03 05:22:00,27578.102790619952,-0.4973720485550151,27567.340064262797,11.260098405714425,-0.0571850691579234
2004-11-02 18:51:00,2004-11-03 05:23:00,27578.004376314108,-0.4893313457433169,27567.34000287116,11.153704788692316,-0.0483182961733961
2004-11-02 18:52:00,2004-11-03 05:24:00,27578.022114176358,-0.4812891165302612,27567.33994147952,11.16346181336763,-0.0571881162435552
2004-11-02 18:53:00,2004-11-03 05:25:00,27577.905962019668,-0.4732466244052069,27567.339880087868,11.039328556205206,-0.0660566785232479
2004-11-02 18:54:00,2004-11-03 05:26:00,27577.905962019668,-0.4652051328575139,27567.339818696204,11.031348456321137,-0.0079789678507111
2004-11-02 18:55:00,2004-11-03 05:27:00,27577.905962019668,-0.457165905376542,27567.33975730454,11.023370620503783,-0.0571832135457963
2004-11-02 18:56:00,2004-11-03 05:28:00,27577.80754773664,-0.4491302054516504,27567.339695912862,10.916982029229542,-0.0571790542359407
2004-11-02 18:57:00,2004-11-03 05:29:00,27577.80754773664,-0.4410992965721989,27567.33963452118,10.909012512031902,-0.0079664899247839
2004-11-02 18:58:00,2004-11-03 05:30:00,27577.80754773664,-0.433074442227547,27567.339573129488,10.901049049379974,-0.0079598036380286
2004-11-02 18:59:00,2004-11-03 05:31:00,27577.80754773664,-0.4250569059070541,27567.33951173779,10.893092904755845,-0.066027840142441
2004-11-02 19:00:00,2004-11-03 05:32:00,27577.69139576408,-0.4170479511000802,27567.339450346084,10.768993369095092,-0.1152257886306236
2004-11-02 19:01:00,2004-11-03 05:33:00,27577.592981440564,-0.4090488412959845,27567.33938895437,10.662641327494596,0.0009366866331497
2004-11-02 19:02:00,2004-11-03 05:34:00,27577.70913346502,-0.4010608399841264,27567.339327562644,10.770866742361392,0.0590246147091741
2004-11-02 19:03:00,2004-11-03 05:35:00,27577.726871517167,-0.3930852106538662,27567.339266170908,10.780690556912946,0.0590378803972102
2004-11-02 19:04:00,2004-11-03 05:36:00,27577.843024065533,-0.3851232167945626,27567.33920477917,10.888942503155812,0.0501831215474064
2004-11-02 19:05:00,2004-11-03 05:37:00,27577.843024065533,-0.3771761218955761,27567.33914338742,10.88105680000776,0.0009917237022829
2004-11-02 19:06:00,2004-11-03 05:38:00,27577.86076275678,-0.3692451894462654,27567.339081995666,10.890925950560378,0.0010085179020951
2004-11-02 19:07:00,2004-11-03 05:39:00,27577.86076275678,-0.3613316829359905,27567.339020603904,10.883073835811947,0.0502337661049656
2004-11-02 19:08:00,2004-11-03 05:40:00,27577.976915829047,-0.3534368658541108,27567.33895921213,10.99139348277031,0.0591227524581414
2004-11-02 19:09:00,2004-11-03 05:41:00,27577.99465515939,-0.3455620016899862,27567.33889782035,11.001319340728232,0.0010668009941126
2004-11-02 19:10:00,2004-11-03 05:42:00,27577.99465515939,-0.3377083539329762,27567.338836428564,10.993527084758536,-0.1061949768277434
2004-11-02 19:11:00,2004-11-03 05:43:00,27577.79782723777,-0.3298771860724402,27567.33877503677,10.788929387072743,-0.1061718651774947
2004-11-02 19:12:00,2004-11-03 05:44:00,27577.79782723777,-0.3220697615977377,27567.33871364496,10.781183354403543,-0.0658102612050184
2004-11-02 19:13:00,2004-11-03 05:45:00,27577.68167377381,-0.3142873439982284,27567.338652253147,10.657308864662708,-0.0657846225796889
2004-11-02 19:14:00,2004-11-03 05:46:00,27577.68167377381,-0.3065311967632721,27567.33859086133,10.649614109244167,-0.0076809884843083
2004-11-02 19:15:00,2004-11-03 05:47:00,27577.68167377381,-0.298802583382228,27567.3385294695,10.641946887694091,0.0415541806249573
2004-11-02 19:16:00,2004-11-03 05:48:00,27577.78008778081,-0.2911027673444559,27567.338468077665,10.732722470494082,0.090790618927933
2004-11-02 19:17:00,2004-11-03 05:49:00,27577.878501799227,-0.2834330121393148,27567.338406685816,10.823528125549958,0.041614308012762
2004-11-02 19:18:00,2004-11-03 05:50:00,27577.878501799227,-0.2757945812561654,27567.338345293963,10.815951086519606,0.0327767802180147
2004-11-02 19:19:00,2004-11-03 05:51:00,27577.959176849905,-0.2681887381843661,27567.338283902103,10.889081685985987,0.0416794893543652
2004-11-02 19:20:00,2004-11-03 05:52:00,27577.976915829047,-0.2606167464132778,27567.338222510232,10.899310065228336,0.0594531012050163
2004-11-02 19:21:00,2004-11-03 05:53:00,27578.09306913732,-0.2530798694322584,27567.33816111836,11.00798788839602,0.0506193581776344
2004-11-02 19:22:00,2004-11-03 05:54:00,27578.09306913732,-0.2455793707306686,27567.33809972647,11.000548781583603,0.0014495231887119
2004-11-02 19:23:00,2004-11-03 05:55:00,27578.110808755555,-0.2381165137978678,27567.33803833458,11.010886934773444,-0.0477191606043421
2004-11-02 19:24:00,2004-11-03 05:56:00,27578.012394840927,-0.2306925621232158,27567.33797694268,10.90511046037492,-0.0476794163385863
2004-11-02 19:25:00,2004-11-03 05:57:00,27578.030134873665,-0.2233087791960715,27567.337915550765,10.915528102096271,0.0015683414746767
2004-11-02 19:26:00,2004-11-03 05:58:00,27578.030134873665,-0.2159664285057949,27567.337854158846,10.908247143324274,0.0016105810596434
2004-11-02 19:27:00,2004-11-03 05:59:00,27578.047875257595,-0.2086667735417458,27567.33779276692,10.918749264215558,-0.0564232033806382
2004-11-02 19:28:00,2004-11-03 06:00:00,27577.93172103376,-0.2014110777932827,27567.337731374988,10.795400736562998,-0.1144557186217527
2004-11-02 19:29:00,2004-11-03 06:01:00,27577.833307205263,-0.1942006047497666,27567.337669983044,10.689837826972052,-0.0652028319196018
2004-11-02 19:30:00,2004-11-03 06:02:00,27577.81556704592,-0.1870366179005567,27567.337608591093,10.664995072723794,-0.0651557399230426
2004-11-02 19:31:00,2004-11-03 06:03:00,27577.71715316552,-0.179920380735012,27567.33754719913,10.559526347125969,-0.1054442132996884
2004-11-02 19:32:00,2004-11-03 06:04:00,27577.618739296548,-0.1728531567424922,27567.33748580717,10.454106646124416,-0.0561876281794173
2004-11-02 19:33:00,2004-11-03 06:05:00,27577.618739296548,-0.1658362094123573,27567.337424415196,10.447151090767132,-0.0069297852759566
2004-11-02 19:34:00,2004-11-03 06:06:00,27577.618739296548,-0.1588708022339664,27567.33736302321,10.440247075572504,-0.056084542157027
2004-11-02 19:35:00,2004-11-03 06:07:00,27577.52032543897,-0.1519581986966798,27567.337301631214,10.334982006453078,-0.0560311067621475
2004-11-02 19:36:00,2004-11-03 06:08:00,27577.52032543897,-0.1450996622898561,27567.337240239216,10.328184862048207,-0.0737162879439834
2004-11-02 19:37:00,2004-11-03 06:09:00,27577.386431821276,-0.1382964565028555,27567.33717884721,10.187549430565111,-0.1228673062491045
2004-11-02 19:38:00,2004-11-03 06:10:00,27577.288017859915,-0.1315498448250378,27567.33711745519,10.08245024955,-0.0647329826721705
2004-11-02 19:39:00,2004-11-03 06:11:00,27577.27027843764,-0.1248610907457619,27567.337056063167,10.05808346522077,-0.0154675126447738
2004-11-02 19:40:00,2004-11-03 06:12:00,27577.27027843764,-0.1182314577543877,27567.336994671132,10.051515224260452,-0.00653804866623
2004-11-02 19:41:00,2004-11-03 06:13:00,27577.27027843764,-0.1116622093402746,27567.336933279094,10.04500736788831,0.0515996594803924
2004-11-02 19:42:00,2004-11-03 06:14:00,27577.386431821276,-0.1051546089927826,27567.336871887044,10.154714543221235,0.0516619392989694
2004-11-02 19:43:00,2004-11-03 06:15:00,27577.386431821276,-0.0987099202012709,27567.336810494988,10.148331246486247,-0.0555581898873986
2004-11-02 19:44:00,2004-11-03 06:16:00,27577.288017859915,-0.0923294064550992,27567.336749102924,10.04359816344644,-0.0062864024077473
2004-11-02 19:45:00,2004-11-03 06:17:00,27577.386431821276,-0.0860143312436272,27567.33668771085,10.135758441670754,0.0429866485558072
2004-11-02 19:46:00,2004-11-03 06:18:00,27577.386431821276,-0.0797659580562137,27567.33662631877,10.129571460558054,0.0430539880361733
2004-11-02 19:47:00,2004-11-03 06:19:00,27577.48484579404,-0.0735855503822198,27567.33656492668,10.2218664177431,0.0431225853051859
2004-11-02 19:48:00,2004-11-03 06:20:00,27577.48484579404,-0.0674743717110033,27567.33650353458,10.215816631168426,-0.0060145403231492
2004-11-02 19:49:00,2004-11-03 06:21:00,27577.48484579404,-0.0614336855319253,27567.336442142478,10.209837337096802,0.0432635760138211
2004-11-02 19:50:00,2004-11-03 06:22:00,27577.58325977822,-0.0554647553343443,27567.33638075036,10.302343783196068,0.1328804121703859
2004-11-02 19:51:00,2004-11-03 06:23:00,27577.762348675067,-0.0495688446076207,27567.33631935824,10.475598161437574,0.1329541121584858
2004-11-02 19:52:00,2004-11-03 06:24:00,27577.86076275678,-0.0437472168411132,27567.336257966108,10.56825200751304,0.0926916250118798
2004-11-02 19:53:00,2004-11-03 06:25:00,27577.959176849905,-0.038001135524182,27567.336196573968,10.660981411461334,0.0435607623588856
2004-11-02 19:54:00,2004-11-03 06:26:00,27577.959176849905,-0.0323318641461869,27567.33613518182,10.655373532230811,-0.0459063678499731
2004-11-02 19:55:00,2004-11-03 06:27:00,27577.878501799227,-0.0267406661964868,27567.336073789666,10.569168675761388,0.0033793522405574
2004-11-02 19:56:00,2004-11-03 06:28:00,27577.976915829047,-0.0212288051644415,27567.3360123975,10.662132236711926,0.1018735003880815
2004-11-02 19:57:00,2004-11-03 06:29:00,27578.09306913732,-0.0157975445394107,27567.335951005323,10.77291567653755,0.0527477176367723
2004-11-02 19:58:00,2004-11-03 06:30:00,27578.09306913732,-0.010448147810754,27567.335889613147,10.76762767198547,-0.0544534298216099
2004-11-02 19:59:00,2004-11-03 06:31:00,27577.99465515939,-0.0051818784678303,27567.335828220963,10.66400881689433,-0.1035766539365097
2004-11-02 20:00:00,2004-11-03 06:32:00,27577.896241192877,0.0,27567.33576682876,10.560474364112451,-0.0542847922440357
2004-11-02 20:01:00,2004-11-03 06:33:00,27577.896241192877,0.0050965239082336,27567.33570543656,10.55543923240626,-0.0138622690098175
2004-11-02 20:02:00,2004-11-03 06:34:00,27577.878501799227,0.0101079287917923,27567.335644044342,10.532749826092816,-0.062984426853685
2004-11-02 20:03:00,2004-11-03 06:35:00,27577.78008778081,0.0150347499904539,27567.33558265213,10.42947037869889,-0.054030414006343
2004-11-02 20:04:00,2004-11-03 06:36:00,27577.78008778081,0.0198775228439963,27567.33552125989,10.42468899808013,-0.0047396241142685
2004-11-02 20:05:00,2004-11-03 06:37:00,27577.78008778081,0.0246367826921973,27567.33545986765,10.419991130470352,-0.0046563787751781
2004-11-02 20:06:00,2004-11-03 06:38:00,27577.78008778081,0.0293130648748347,27567.33539847541,10.415376240529774,-0.0045736687704094
2004-11-02 20:07:00,2004-11-03 06:39:00,27577.78008778081,0.0339069047316864,27567.335337083157,10.410843792929532,0.0447155151023315
2004-11-02 20:08:00,2004-11-03 06:40:00,27577.878501799227,0.0384188376025302,27567.33527569089,10.504807270734435,0.0536668512507851
2004-11-02 20:09:00,2004-11-03 06:41:00,27577.896241192877,0.0428493988271438,27567.33521429861,10.518177495431104,0.0537479292846994
2004-11-02 20:10:00,2004-11-03 06:42:00,27577.99465515939,0.0471991237453052,27567.33515290634,10.612303129303836,0.0449588011052988
2004-11-02 20:11:00,2004-11-03 06:43:00,27577.99465515939,0.0514685476967922,27567.33509151405,10.6080950976417,-0.0041681488450473
2004-11-02 20:12:00,2004-11-03 06:44:00,27577.99465515939,0.0556582060213825,27567.335030121754,10.60396683161374,-0.0040886508825819
2004-11-02 20:13:00,2004-11-03 06:45:00,27577.99465515939,0.0597686340588541,27567.33496872945,10.599917795876538,0.0048601525127081
2004-11-02 20:14:00,2004-11-03 06:46:00,27578.012394840927,0.0638003671489847,27567.33490733714,10.613687136639156,-0.0442683718065559
2004-11-02 20:15:00,2004-11-03 06:47:00,27577.91398093772,0.0677539406315523,27567.33484594482,10.511381052263426,-0.0530603206287523
2004-11-02 20:16:00,2004-11-03 06:48:00,27577.91398093772,0.0716298898463345,27567.334784552488,10.507566495381653,0.0454309391898606
2004-11-02 20:17:00,2004-11-03 06:49:00,27578.012394840927,0.0754287501331093,27567.33472316015,10.602242930643149,-0.0036991911505559
2004-11-02 20:18:00,2004-11-03 06:50:00,27577.91398093772,0.0791510568316544,27567.334661767803,10.50016811308054,-0.0036229052231195
2004-11-02 20:19:00,2004-11-03 06:51:00,27578.012394840927,0.0827973452817478,27567.33460037545,10.594997120196908,0.0456597969685299
2004-11-02 20:20:00,2004-11-03 06:52:00,27578.012394840927,0.0863681508231672,27567.334538983087,10.5914877070176,-0.052678890997031
2004-11-02 20:21:00,2004-11-03 06:53:00,27577.91398093772,0.0898640087956905,27567.33447759072,10.489639338202846,-0.1018111569903892
2004-11-02 20:22:00,2004-11-03 06:54:00,27577.81556704592,0.0932854545390954,27567.33441619834,10.387865393036822,-0.0928668896824564
2004-11-02 20:23:00,2004-11-03 06:55:00,27577.73489338818,0.0966330233931599,27567.33435480595,10.303905558837933,-0.0927932373893352
2004-11-02 20:24:00,2004-11-03 06:56:00,27577.63647958251,0.0999072506976617,27567.334293413554,10.202278918258152,-0.1596673294790571
2004-11-02 20:25:00,2004-11-03 06:57:00,27577.421911592824,0.1031086717923787,27567.334232021152,9.984570899879818,-0.1595948054637919
2004-11-02 20:26:00,2004-11-03 06:58:00,27577.323497758083,0.1062378220170887,27567.334170628736,9.883089307330568,-0.1014457190797841
2004-11-02 20:27:00,2004-11-03 06:59:00,27577.22508393475,0.1092952367115696,27567.33410923632,9.78167946172025,-0.0610374278411329
2004-11-02 20:28:00,2004-11-03 07:00:00,27577.207343746755,0.1122814512155991,27567.33404784389,9.761014451648302,-0.0609665212557217
2004-11-02 20:29:00,2004-11-03 07:01:00,27577.10892987153,0.1151970008689552,27567.333986451453,9.659746419208808,-0.1012329619742402
2004-11-02 20:30:00,2004-11-03 07:02:00,27577.010516007715,0.1180424210114155,27567.333925059003,9.558548527699822,-0.1100331020737561
2004-11-02 20:31:00,2004-11-03 07:03:00,27576.8943621286,0.120818246982758,27567.333863666558,9.439680215061294,-0.1099637958069656
2004-11-02 20:32:00,2004-11-03 07:04:00,27576.7959482243,0.1235250141227605,27567.33380227409,9.33862093608589,-0.1010250115198152
2004-11-02 20:33:00,2004-11-03 07:05:00,27576.697534331408,0.1261632577712009,27567.33374088161,9.237630192021664,-0.1009567442803449
2004-11-02 20:34:00,2004-11-03 07:06:00,27576.599120449933,0.1287335132678568,27567.33367948914,9.1367074475252,-0.1008890123788335
2004-11-02 20:35:00,2004-11-03 07:07:00,27576.500706579867,0.1312363159525063,27567.33361809665,9.035852167263997,-0.1008218158134628
2004-11-02 20:36:00,2004-11-03 07:08:00,27576.402292721217,0.1336722011649271,27567.333556704158,8.935063815898275,-0.0426780593386242
2004-11-02 20:37:00,2004-11-03 07:09:00,27576.42003306448,0.1360417042448969,27567.33349531165,8.950496048586748,0.0065949844562238
2004-11-02 20:38:00,2004-11-03 07:10:00,27576.42003306448,0.1383453605321938,27567.33343391914,8.948253784810722,0.0558676052066049
2004-11-02 20:39:00,2004-11-03 07:11:00,27576.536187490987,0.1405837053665954,27567.33337252662,9.062231258999958,0.0067257829872602
2004-11-02 20:40:00,2004-11-03 07:12:00,27576.43777375896,0.1427572740878797,27567.333311134087,8.961705350785243,-0.1004937821218758
2004-11-02 20:41:00,2004-11-03 07:13:00,27576.339360038342,0.1448666020358244,27567.333249741558,8.861243694756206,-0.0600933218930386
2004-11-02 20:42:00,2004-11-03 07:14:00,27576.321619280552,0.1469122245502075,27567.333188349003,8.841518706999166,-0.0600299100699732
2004-11-02 20:43:00,2004-11-03 07:15:00,27576.22320550804,0.1488946769708066,27567.33312695645,8.74118387461626,-0.0510966287418295
2004-11-02 20:44:00,2004-11-03 07:16:00,27576.22320550804,0.1508144946373996,27567.33306556389,8.739325449515507,-0.0018273753918203
2004-11-02 20:45:00,2004-11-03 07:17:00,27576.22320550804,0.1526722128897645,27567.33300417132,8.73752912383262,-0.0017655436420236
2004-11-02 20:46:00,2004-11-03 07:18:00,27576.22320550804,0.1544683670676789,27567.33294277874,8.73579436223146,0.0475026390302497
2004-11-02 20:47:00,2004-11-03 07:19:00,27576.321619280552,0.1562034925109208,27567.332881386148,8.832534401893119,0.0475634001041278
2004-11-02 20:48:00,2004-11-03 07:20:00,27576.321619280552,0.1578781245592679,27567.332819993557,8.830921162439715,-0.0104534637066668
2004-11-02 20:49:00,2004-11-03 07:21:00,27576.30387887398,0.1594927985524982,27567.332758600947,8.811627474479785,-0.0103937733123435
2004-11-02 20:50:00,2004-11-03 07:22:00,27576.30387887398,0.1610480498303893,27567.33269720833,8.810133615815028,0.0477425086473202
2004-11-02 20:51:00,2004-11-03 07:23:00,27576.402292721217,0.1625444137327192,27567.33263581571,8.907112491774425,0.0478011283602688
2004-11-02 20:52:00,2004-11-03 07:24:00,27576.402292721217,0.1639824255992657,27567.33257442308,8.905735872535566,0.0389892540721312
2004-11-02 20:53:00,2004-11-03 07:25:00,27576.48296665113,0.1653626207698066,27567.332513030444,8.985090999918688,0.1285910167353021
2004-11-02 20:54:00,2004-11-03 07:26:00,27576.662055078385,0.1666855345841197,27567.332451637794,9.16291790600617,0.0794415156243086
2004-11-02 20:55:00,2004-11-03 07:27:00,27576.64431597869,0.1679517023819829,27567.332390245145,9.143974031167303,0.0391608217595029
2004-11-02 20:56:00,2004-11-03 07:28:00,27576.742730061505,0.1691616595031739,27567.33232885248,9.241239549525176,0.097293361732488
2004-11-02 20:57:00,2004-11-03 07:29:00,27576.841144155725,0.1703159412874708,27567.33226745981,9.33856075463228,0.0481417279992717
2004-11-02 20:58:00,2004-11-03 07:30:00,27576.841144155725,0.1714150830746511,27567.332206067127,9.33752300552372,0.0570660609284994
2004-11-02 20:59:00,2004-11-03 07:31:00,27576.957297171128,0.1724596202044929,27567.332144674438,9.45269287648928,-0.0501631568879226
2004-11-02 21:00:00,2004-11-03 07:32:00,27576.742730061505,0.1734500880167739,27567.33208328174,9.237196691747874,-0.1751314772091197
2004-11-02 21:01:00,2004-11-03 07:33:00,27576.608838832955,0.1743870218512719,27567.332021889037,9.10242992207104,-0.1750779347095123
2004-11-02 21:02:00,2004-11-03 07:34:00,27576.3942722757,0.1752709570477647,27567.33196049632,8.88704082232885,-0.1258172352786717
2004-11-02 21:03:00,2004-11-03 07:35:00,27576.358796984056,0.1761024289460304,27567.3318991036,8.850795451513697,-0.0854259502386876
2004-11-02 21:04:00,2004-11-03 07:36:00,27576.224908605604,0.1768819728858465,27567.331837710863,8.716188921851474,-0.125712155838559
2004-11-02 21:05:00,2004-11-03 07:37:00,27576.10875758217,0.177610124206991,27567.33177631813,8.59937113983658,-0.009509569859464
2004-11-02 21:06:00,2004-11-03 07:38:00,27576.20717212576,0.1782874182492417,27567.33171492537,8.697169782132546,0.0397484671627506
2004-11-02 21:07:00,2004-11-03 07:39:00,27576.18943599713,0.1789143903523763,27567.33165353262,8.67886807416208,0.0486665914547783
2004-11-02 21:08:00,2004-11-03 07:40:00,27576.30558668075,0.1794915758561729,27567.331592139853,8.794502965042103,0.0979234568908182
2004-11-02 21:09:00,2004-11-03 07:41:00,27576.386265245124,0.1800195101004092,27567.33153074708,8.874714987943717,0.0979723885974541
2004-11-02 21:10:00,2004-11-03 07:42:00,27576.50241582496,0.1804987284248629,27567.3314693543,8.990447742237011,0.0576815546701201
2004-11-02 21:11:00,2004-11-03 07:43:00,27576.50241582496,0.180929766169312,27567.33140796151,8.990078097283957,-0.0584211122479363
2004-11-02 21:12:00,2004-11-03 07:44:00,27576.386265245124,0.1813131586735343,27567.33134656871,8.873605517741138,-0.0987130168566468
2004-11-02 21:13:00,2004-11-03 07:45:00,27576.30558668075,0.1816494412773075,27567.331285175904,8.792652063570664,-0.040590884698358
2004-11-02 21:14:00,2004-11-03 07:46:00,27576.30558668075,0.1819391493204096,27567.331223783087,8.792423748344422,-0.0671485261179416
2004-11-02 21:15:00,2004-11-03 07:47:00,27576.17170021974,0.1821828181426184,27567.331162390263,8.65835501133478,-0.067102754559662
2004-11-02 21:16:00,2004-11-03 07:48:00,27576.17170021974,0.1823809830837116,27567.33110099743,8.658218239225098,-0.04932162292235
2004-11-02 21:17:00,2004-11-03 07:49:00,27576.07328554956,0.1825341794834672,27567.331039604585,8.55971176549008,-0.0404090016981877
2004-11-02 21:18:00,2004-11-03 07:50:00,27576.09102139025,0.1826429426816629,27567.33097821174,8.577400235828723,0.0088424989295541
2004-11-02 21:19:00,2004-11-03 07:51:00,27576.09102139025,0.1827078080180765,27567.330916818883,8.577396763349189,0.008886304748513
2004-11-02 21:20:00,2004-11-03 07:52:00,27576.10875758217,0.182729310832486,27567.33085542601,8.595172845325749,0.0177976711801859
2004-11-02 21:21:00,2004-11-03 07:53:00,27576.126494125318,0.1827079864646691,27567.33079403314,8.61299210570956,0.0581793748848538
2004-11-02 21:22:00,2004-11-03 07:54:00,27576.224908605604,0.1826443702544037,27567.330732640254,8.711531595095456,0.1162973167202041
2004-11-02 21:23:00,2004-11-03 07:55:00,27576.358796984056,0.1825389975414676,27567.330671247364,8.845586739149969,0.1163387536717701
2004-11-02 21:24:00,2004-11-03 07:56:00,27576.457211360565,0.1823924036656387,27567.33060985446,8.944209102438997,0.0986427119049357
2004-11-02 21:25:00,2004-11-03 07:57:00,27576.55562574848,0.1822051239666946,27567.330548461552,9.04287216295984,0.0494759418091055
2004-11-02 21:26:00,2004-11-03 07:58:00,27576.55562574848,0.1819776937844133,27567.33048706864,9.043160986057208,0.0495158303396374
2004-11-02 21:27:00,2004-11-03 07:59:00,27576.654040147805,0.1817106484585727,27567.330425675707,9.141903823639115,0.0987623831863304
2004-11-02 21:28:00,2004-11-03 08:00:00,27576.752454558533,0.1814045233289505,27567.33036428277,9.240685752429869,0.0407255627694693
2004-11-02 21:29:00,2004-11-03 08:01:00,27576.73471769274,0.1810598537353246,27567.330302889823,9.223354949178054,0.0004250671035661
2004-11-02 21:30:00,2004-11-03 08:02:00,27576.752454558533,0.1806771750174728,27567.33024149688,9.241535886637,-0.039875963903933
2004-11-02 21:31:00,2004-11-03 08:03:00,27576.654040147805,0.1802570225151729,27567.33018010392,9.143603021370188,-0.0398385505191694
2004-11-02 21:32:00,2004-11-03 08:04:00,27576.671777428117,0.1797999315682028,27567.330118710943,9.161858785598662,-0.0398018423841648
2004-11-02 21:33:00,2004-11-03 08:05:00,27576.573363092088,0.1793064375163402,27567.33005731797,9.063999336601858,-0.147048666008537
2004-11-02 21:34:00,2004-11-03 08:06:00,27576.376534454263,0.1787770756993631,27567.329995924985,8.867761453581588,-0.2050889923872869
2004-11-02 21:35:00,2004-11-03 08:07:00,27576.161968265274,0.1782123814570492,27567.32993453199,8.653821351827284,-0.1961850835744778
2004-11-02 21:36:00,2004-11-03 08:08:00,27575.982877315542,0.1776128901291764,27567.329873138984,8.475391286432632,-0.1469434810972556
2004-11-02 21:37:00,2004-11-03 08:09:00,27575.866725272663,0.1769791370555225,27567.32981174597,8.359934389632773,-0.0977022411630947
2004-11-02 21:38:00,2004-11-03 08:10:00,27575.78604881464,0.1763116575758654,27567.32975035296,8.279986804106443,-0.0395927609726536
2004-11-02 21:39:00,2004-11-03 08:11:00,27575.78604881464,0.1756109870299828,27567.32968895992,8.280748867687466,0.0007783914424264
2004-11-02 21:40:00,2004-11-03 08:12:00,27575.78604881464,0.1748776607576526,27567.32962756689,8.281543586991296,0.0588869708523782
2004-11-02 21:41:00,2004-11-03 08:13:00,27575.90220119733,0.1741122140986527,27567.32956617384,8.398522809392222,0.1169951329422236
2004-11-02 21:42:00,2004-11-03 08:14:00,27576.018353816056,0.1733151823927608,27567.329504780788,8.515533852875743,0.1081573294589723
2004-11-02 21:43:00,2004-11-03 08:15:00,27576.116767957014,0.1724871009797549,27567.329443387724,8.614837468310167,0.0501118021431423
2004-11-02 21:44:00,2004-11-03 08:16:00,27576.116767957014,0.1716285051994125,27567.32938199465,8.615757457162028,0.0501420545540352
2004-11-02 21:45:00,2004-11-03 08:17:00,27576.215182109383,0.1707399303915117,27567.329320601573,8.715121577418238,0.0993788478099082
2004-11-02 21:46:00,2004-11-03 08:18:00,27576.31359627316,0.1698219118958304,27567.329259208484,8.814515152781844,0.0502009476521383
2004-11-02 21:47:00,2004-11-03 08:19:00,27576.31359627316,0.1688749850521462,27567.329197815387,8.815523472722514,0.067968293521984
2004-11-02 21:48:00,2004-11-03 08:20:00,27576.447487847305,0.1678996852002371,27567.32913642228,8.950451739825812,0.0679963988675949
2004-11-02 21:49:00,2004-11-03 08:21:00,27576.447487847305,0.1668965476798808,27567.329075029167,8.951516270457704,0.0414158059082261
2004-11-02 21:50:00,2004-11-03 08:22:00,27576.528163095518,0.1658661078308552,27567.32901363604,9.033283351642265,0.139856980985761
2004-11-02 21:51:00,2004-11-03 08:23:00,27576.724991376333,0.1648089009929382,27567.32895224291,9.231230232429226,0.0995458562073166
2004-11-02 21:52:00,2004-11-03 08:24:00,27576.724991376333,0.1637254625059074,27567.32889084977,9.232375064056898,0.1084411222981751
2004-11-02 21:53:00,2004-11-03 08:25:00,27576.939558261354,0.162616327709541,27567.32882945662,9.448112477025576,0.1576736094672677
2004-11-02 21:54:00,2004-11-03 08:26:00,27577.0379723784,0.1614820319436165,27567.328768063464,9.547722282991431,0.0996221244887358
2004-11-02 21:55:00,2004-11-03 08:27:00,27577.13638650685,0.1603231105479118,27567.328706670294,9.647356726003048,0.0415702079583235
2004-11-02 21:56:00,2004-11-03 08:28:00,27577.11864807489,0.1591400988622048,27567.32864527712,9.63086269890808,0.0415940679441169
2004-11-02 21:57:00,2004-11-03 08:29:00,27577.217062278058,0.1579335322262732,27567.32858388394,9.730544861891282,0.1489007914884217
2004-11-02 21:58:00,2004-11-03 08:30:00,27577.413890718613,0.1567039459798951,27567.32852249075,9.928664281884924,0.1981306849518365
2004-11-02 21:59:00,2004-11-03 08:31:00,27577.610719204808,0.155451875462848,27567.32846109755,10.126806231794957,0.1489458113925641
2004-11-02 22:00:00,2004-11-03 08:32:00,27577.70913346502,0.1541778560149101,27567.328399704336,10.226555904670052,0.0997603853750037
2004-11-02 22:01:00,2004-11-03 08:33:00,27577.80754773664,0.1528824229758588,27567.32833831112,10.326327002544962,0.1578576210554247
2004-11-02 22:02:00,2004-11-03 08:34:00,27578.022114176358,0.1515661116854724,27567.328276917888,10.542271146780902,0.2070853440868205
2004-11-02 22:03:00,2004-11-03 08:35:00,27578.21894267286,0.1502294574835282,27567.328215524656,10.740497690718604,0.1982364705428132
2004-11-02 22:04:00,2004-11-03 08:36:00,27578.415771214997,0.1488729957098044,27567.328154131417,10.938744087866528,0.1490489062984421
2004-11-02 22:05:00,2004-11-03 08:37:00,27578.51418550318,0.1474972617040789,27567.32809273816,11.038595503315488,0.0506536398038015
2004-11-02 22:06:00,2004-11-03 08:38:00,27578.51418550318,0.1461027908061292,27567.3280313449,11.040051367474131,-0.0074038079399816
2004-11-02 22:07:00,2004-11-03 08:39:00,27578.49644795742,0.1446901183557333,27567.327969951628,11.023787887435525,-0.007385874050148
2004-11-02 22:08:00,2004-11-03 08:40:00,27578.49644795742,0.143259779692669,27567.327908558356,11.025279619373835,0.0595762200561376
2004-11-02 22:09:00,2004-11-03 08:41:00,27578.612599802767,0.1418123101567142,27567.327847165063,11.1429403275478,0.050724342036525
2004-11-02 22:10:00,2004-11-03 08:42:00,27578.594862320304,0.1403482450876468,27567.32778577177,11.126728303446884,0.0418719343796682
2004-11-02 22:11:00,2004-11-03 08:43:00,27578.6932766946,0.1388681198252443,27567.32772437847,11.226684196307136,0.0507564681457362
2004-11-02 22:12:00,2004-11-03 08:44:00,27578.6932766946,0.1373724697092849,27567.327662985157,11.228241239738358,-0.0476426489568178
2004-11-02 22:13:00,2004-11-03 08:45:00,27578.594862320304,0.1358618300795462,27567.32760159183,11.1313988983935,-0.1057037058285734
2004-11-02 22:14:00,2004-11-03 08:46:00,27578.47871076285,0.134336736275806,27567.327540198497,11.01683382808121,-0.1056895395552617
2004-11-02 22:15:00,2004-11-03 08:47:00,27578.38029634808,0.1327977236378424,27567.32747880516,10.920019819282976,-0.0564685629918884
2004-11-02 22:16:00,2004-11-03 08:48:00,27578.36255944141,0.1312453275054331,27567.32741741181,10.903896702097434,-0.0072482397734114
2004-11-02 22:17:00,2004-11-03 08:49:00,27578.36255944141,0.1296800832183558,27567.327356018457,10.905523339736154,0.050840033090501
2004-11-02 22:18:00,2004-11-03 08:50:00,27578.46097391949,0.1281025261163884,27567.32729462509,11.005576768278436,0.1000593229823696
2004-11-02 22:19:00,2004-11-03 08:51:00,27578.55938840896,0.1265131915393088,27567.32723323172,11.105641985700894,0.0419953793181644
2004-11-02 22:20:00,2004-11-03 08:52:00,27578.54165198008,0.1249126148268947,27567.327171838337,11.089567526914765,0.0912136789370849
2004-11-02 22:21:00,2004-11-03 08:53:00,27578.738481119835,0.1233013313189241,27567.32711044494,11.288069343575064,0.0508850447200597
2004-11-02 22:22:00,2004-11-03 08:54:00,27578.640066544256,0.1216798763551746,27567.327049051542,11.191337616354884,-0.0967269034523701
2004-11-02 22:23:00,2004-11-03 08:55:00,27578.54165198008,0.1200487852754243,27567.326987658133,11.094615536670323,-0.1055855940823793
2004-11-02 22:24:00,2004-11-03 08:56:00,27578.42550128633,0.1184085934194509,27567.32692626472,10.980166428190126,-0.212859358585856
2004-11-02 22:25:00,2004-11-03 08:57:00,27578.11252152692,0.1167598361270322,27567.32686487129,10.668896819498611,-0.2128508766702692
2004-11-02 22:26:00,2004-11-03 08:58:00,27577.996371201443,0.115103048737946,27567.326803477856,10.554464674849587,-0.0160135246485637
2004-11-02 22:27:00,2004-11-03 08:59:00,27578.077050621207,0.1134387665919703,27567.326742084413,10.636869770201484,0.0824088196545007
2004-11-02 22:28:00,2004-11-03 09:00:00,27578.15773053015,0.1117675250288827,27567.326680690963,10.719282314158589,0.1404906536402457
2004-11-02 22:29:00,2004-11-03 09:01:00,27578.354560234373,0.1100898593884612,27567.326619297502,10.917851077481975,0.1404971293385388
2004-11-02 22:30:00,2004-11-03 09:02:00,27578.43524078188,0.1084063050104837,27567.326557904034,11.000276572835666,0.0912953702574048
2004-11-02 22:31:00,2004-11-03 09:03:00,27578.533655725787,0.1067173972347277,27567.326496510555,11.100441817996783,-0.0071142749665504
2004-11-02 22:32:00,2004-11-03 09:04:00,27578.417506811373,0.1050236714009714,27567.32643511707,10.986048022902564,-0.0966576775192855
2004-11-02 22:33:00,2004-11-03 09:05:00,27578.33682584938,0.1033256628489922,27567.32637372357,10.907126462958214,-0.0877866658046961
2004-11-02 22:34:00,2004-11-03 09:06:00,27578.23841092828,0.1016239069185684,27567.326312330068,10.810474691293171,-0.1458576090844241
2004-11-02 22:35:00,2004-11-03 09:07:00,27578.04158112029,0.0999189389494776,27567.32625093656,10.615411244789366,-0.1055143159812566
2004-11-02 22:36:00,2004-11-03 09:08:00,27578.023846896645,0.0982112942814977,27567.326189543037,10.59944605933066,-0.1143789469304694
2004-11-02 22:37:00,2004-11-03 09:09:00,27577.80928300869,0.0965015082544064,27567.326128149503,10.386653350928428,-0.1547174567347049
2004-11-02 22:38:00,2004-11-03 09:10:00,27577.71086801803,0.0947901162079816,27567.326066755963,10.29001114586125,-0.0966416640194101
2004-11-02 22:39:00,2004-11-03 09:11:00,27577.612453038782,0.0930776534820013,27567.32600536241,10.193370022889606,-0.1055077684291028
2004-11-02 22:40:00,2004-11-03 09:12:00,27577.49630423328,0.0913646554162429,27567.32594396886,10.078995609003044,-0.1635818316647972
2004-11-02 22:41:00,2004-11-03 09:13:00,27577.281740592203,0.0896516573504847,27567.325882575293,9.866206359560012,-0.2039227510745114
2004-11-02 22:42:00,2004-11-03 09:14:00,27577.084910483198,0.0879391946245042,27567.32582118172,9.671150106854022,-0.302338594886316
2004-11-02 22:43:00,2004-11-03 09:15:00,27576.6735167605,0.0862278025780796,27567.32575978813,9.26152916978738,-0.2039248787239005
2004-11-02 22:44:00,2004-11-03 09:16:00,27576.6735167605,0.0845180165509883,27567.325698394543,9.26330034940622,-0.0474374185913122
2004-11-02 22:45:00,2004-11-03 09:17:00,27576.57510170543,0.0828103718830082,27567.325637000944,9.166654332604756,-0.1950623760041914
2004-11-02 22:46:00,2004-11-03 09:18:00,27576.27985660865,0.0811054039139174,27567.325575607338,8.873175597397838,-0.2620062909954237
2004-11-02 22:47:00,2004-11-03 09:19:00,27576.04755961231,0.0794036479834937,27567.325514213717,8.642641750613908,-0.2128023298245791
2004-11-02 22:48:00,2004-11-03 09:20:00,27575.85072939727,0.0777056394315147,27567.32545282009,8.44757093774868,-0.154731970622632
2004-11-02 22:49:00,2004-11-03 09:21:00,27575.73458114942,0.0760119135977583,27567.325391426453,8.333177809368644,-0.0651878165798898
2004-11-02 22:50:00,2004-11-03 09:22:00,27575.716848343214,0.0743230058220023,27567.325330032807,8.3171953045889,0.0332226342762922
2004-11-02 22:51:00,2004-11-03 09:23:00,27575.79753116852,0.0726394514440248,27567.32526863916,8.399623077921229,0.0509496121602488
2004-11-02 22:52:00,2004-11-03 09:24:00,27575.815263560205,0.0709617858036031,27567.32520724549,8.419094528909397,-0.0474717928688734
2004-11-02 22:53:00,2004-11-03 09:25:00,27575.69911588825,0.0692905442405157,27567.325145851824,8.304679492183482,-0.016003060535314
2004-11-02 22:54:00,2004-11-03 09:26:00,27575.779799128075,0.0676262620945398,27567.32508445814,8.38708840783877,0.0509295685908242
2004-11-02 22:55:00,2004-11-03 09:27:00,27575.79753116852,0.0659694747054537,27567.32502306445,8.40653862936513,-0.0386274538807596
2004-11-02 22:56:00,2004-11-03 09:28:00,27575.69911588825,0.0643207174130351,27567.32496167076,8.30983350007725,-0.1547831501830741
2004-11-02 22:57:00,2004-11-03 09:29:00,27575.48455313161,0.0626805255570617,27567.324900277054,8.096972328998982,-0.1636579689904582
2004-11-02 22:58:00,2004-11-03 09:30:00,27575.36840587991,0.0610494344773112,27567.324838883334,7.982517562096334,-0.1548013146390512
2004-11-02 22:59:00,2004-11-03 09:31:00,27575.17157516885,0.0594279795135618,27567.32477748961,7.787369699720879,-0.2040188474169486
2004-11-02 23:00:00,2004-11-03 09:32:00,27574.95701265915,0.0578166960055913,27567.32471609588,7.574479867262436,-0.2128951139934067
2004-11-02 23:01:00,2004-11-03 09:33:00,27574.742450293164,0.0562161192931772,27567.324654702137,7.361579471734066,-0.2129059447332233
2004-11-02 23:02:00,2004-11-03 09:34:00,27574.5278880709,0.0546267847160976,27567.32459330839,7.14866797779599,-0.2129173108091802
2004-11-02 23:03:00,2004-11-03 09:35:00,27574.313325992363,0.0530492276141303,27567.324531914637,6.9357448501157055,-0.204063739462506
2004-11-02 23:04:00,2004-11-03 09:36:00,27574.11649500306,0.0514839833270529,27567.324470520864,6.740540498870978,-0.1460030194409913
2004-11-02 23:05:00,2004-11-03 09:37:00,27574.018079525515,0.0499315871946436,27567.324409127086,6.643738811233723,-0.1548816687330902
2004-11-02 23:06:00,2004-11-03 09:38:00,27573.80351746926,0.0483925745566798,27567.324347733294,6.430777161404797,-0.1548953344311496
2004-11-02 23:07:00,2004-11-03 09:39:00,27573.70510196263,0.0468674807529397,27567.324286339503,6.333948142371424,-0.0968362404123861
2004-11-02 23:08:00,2004-11-03 09:40:00,27573.606686467407,0.045356841123201,27567.324224945703,6.237104680580025,-0.0387775779618739
2004-11-02 23:09:00,2004-11-03 09:41:00,27573.624417729345,0.0438611910072415,27567.32416355189,6.256392986447676,-0.0476584604083845
2004-11-02 23:10:00,2004-11-03 09:42:00,27573.50827098358,0.0423810657448393,27567.324102158072,6.141787759763256,-0.1638209008798017
2004-11-02 23:11:00,2004-11-03 09:43:00,27573.293708949608,0.0409170006757717,27567.324040764244,5.928751184688072,-0.2848633181306947
2004-11-02 23:12:00,2004-11-03 09:44:00,27572.935510025043,0.0394695311398169,27567.3239793704,5.572061123501866,-0.4817111433124728
2004-11-02 23:13:00,2004-11-03 09:45:00,27572.32728606709,0.0380391924767528,27567.323917976555,4.965328898063127,-0.4679838134956546
2004-11-02 23:14:00,2004-11-03 09:46:00,27571.996576599235,0.0366265200263568,27567.323856582698,4.636093496510557,-0.2623051906519591
2004-11-02 23:15:00,2004-11-03 09:47:00,27571.79974575472,0.035232049128407,27567.323795188837,4.440718516759208,-0.0969689259368746
2004-11-02 23:16:00,2004-11-03 09:48:00,27571.79974575472,0.0338563151226816,27567.32373379496,4.442155644636808,-0.146195598861202
2004-11-02 23:17:00,2004-11-03 09:49:00,27571.504499573468,0.0324998533489575,27567.32367240108,4.148327319036804,-0.4414611660512508
2004-11-02 23:18:00,2004-11-03 09:50:00,27570.914007518862,0.0311631991470137,27567.323611007185,3.559233312534306,-0.5084207159584797
2004-11-02 23:19:00,2004-11-03 09:51:00,27570.484882388264,0.0298468878566272,27567.323549613287,3.1314858871198448,-0.3608183573637711
2004-11-02 23:20:00,2004-11-03 09:52:00,27570.189636272,0.0285514548175758,27567.323488219376,2.837596597806764,-0.2132161576617077
2004-11-02 23:21:00,2004-11-03 09:53:00,27570.055757832622,0.0272774353696378,27567.32342682546,2.705053571796429,-0.0656147807816027
2004-11-02 23:22:00,2004-11-03 09:54:00,27570.055757832622,0.0260253648525909,27567.32336543153,2.706367036243558,0.0013022223136136
2004-11-02 23:23:00,2004-11-03 09:55:00,27570.055757832622,0.0247957786062127,27567.3233040376,2.707658016423657,0.0908295062041086
2004-11-02 23:24:00,2004-11-03 09:56:00,27570.23485790428,0.0235892119702811,27567.32324264365,2.8880260486517755,0.1714915486509756
2004-11-02 23:25:00,2004-11-03 09:57:00,27570.396228563703,0.0224062002845742,27567.323181249696,3.050641113725608,0.2787491471310592
2004-11-02 23:26:00,2004-11-03 09:58:00,27570.78989147754,0.0212472788888696,27567.323119855737,3.445524342913894,0.3860064052361063
2004-11-02 23:27:00,2004-11-03 09:59:00,27571.165825369084,0.020112983122945,27567.323058461763,3.822653924197821,0.3367738709009005
2004-11-02 23:28:00,2004-11-03 10:00:00,27571.461073000828,0.0190038483265786,27567.322997067786,4.119072084715695,0.206853922309095
2004-11-02 23:29:00,2004-11-03 10:01:00,27571.57721785245,0.0179204098395477,27567.32293567379,4.2363617688160105,0.0592041424650799
2004-11-02 23:30:00,2004-11-03 10:02:00,27571.57721785245,0.0168632030016305,27567.3228742798,4.237480369645855,-0.0077592584407373
2004-11-02 23:31:00,2004-11-03 10:03:00,27571.559488900875,0.0158327631526052,27567.322812885788,4.220843251934536,-0.1062021874351479
2004-11-02 23:32:00,2004-11-03 10:04:00,27571.36265711218,0.0148296256322489,27567.32275149177,4.025075994775559,-0.1957811531903495
2004-11-02 23:33:00,2004-11-03 10:05:00,27571.165825369084,0.0138543257803399,27567.32269009775,3.829280945553837,-0.2450171287441542
2004-11-02 23:34:00,2004-11-03 10:06:00,27570.870577839934,0.0129073989366556,27567.322628703718,3.5350417372872505,-0.3434615041561304
2004-11-02 23:35:00,2004-11-03 10:07:00,27570.47691462736,0.0119893804409741,27567.322567309675,3.142357937241576,-0.2539394827599832
2004-11-02 23:36:00,2004-11-03 10:08:00,27570.36076949302,0.0111008056330734,27567.32250591562,3.027162771767284,-0.1152100369138309
2004-11-02 23:37:00,2004-11-03 10:09:00,27570.244624594827,0.0102422098527311,27567.32244452156,2.911937863413914,-0.0571677164360193
2004-11-02 23:38:00,2004-11-03 10:10:00,27570.244624594827,0.0094141284397252,27567.32238312749,2.9128273388952453,0.0500818955418613
2004-11-02 23:39:00,2004-11-03 10:11:00,27570.34304048464,0.0086170967338332,27567.32232173341,3.012101654497637,0.2065388563598147
2004-11-02 23:40:00,2004-11-03 10:12:00,27570.656017041016,0.0078516500748333,27567.32226033933,3.3259050516148747,0.2153715480842009
2004-11-02 23:41:00,2004-11-03 10:13:00,27570.772162019693,0.0071183238025033,27567.322198945225,3.4428447506660387,0.0677156107721288
2004-11-02 23:42:00,2004-11-03 10:14:00,27570.78989147754,0.0064176532566206,27567.322137551124,3.4613362731591324,0.0096101980441849
2004-11-02 23:43:00,2004-11-03 10:15:00,27570.78989147754,0.0057501737769635,27567.32207615701,3.462065146754409,-0.1557764146951712
2004-11-02 23:44:00,2004-11-03 10:16:00,27570.47691462736,0.0051164207033094,27567.322014762885,3.14978344376879,-0.4018497883647032
2004-11-02 23:45:00,2004-11-03 10:17:00,27569.98483586816,0.004516929375437,27567.321953368755,2.658365570025002,-0.3438116046148436
2004-11-02 23:46:00,2004-11-03 10:18:00,27569.788004444286,0.0039522351331229,27567.32189197461,2.4621602345391027,-0.1962229788902598
2004-11-02 23:47:00,2004-11-03 10:19:00,27569.591173066023,0.0034228733161456,27567.321830580466,2.2659196122444825,-0.1470507030529335
2004-11-02 23:48:00,2004-11-03 10:20:00,27569.492757394,0.0029293792642834,27567.3217691863,2.168058828433236,-0.0978789796629799
2004-11-02 23:49:00,2004-11-03 10:21:00,27569.39434173337,0.0024722883173131,27567.321707792133,2.0701616529185225,0.3046120679213631
2004-11-02 23:50:00,2004-11-03 10:22:00,27570.100981498053,0.0020521358150131,27567.32164639796,2.7772829642759618,-0.1697720318508352
2004-11-02 23:51:00,2004-11-03 10:23:00,27569.053872050088,0.0016694570971613,27567.32158500377,1.730617589216852,0.5594413378630239
2004-11-02 23:52:00,2004-11-03 10:24:00,27571.219014037084,0.0013247875035353,27567.32152360958,3.8961656400020095,1.020003950400454
2004-11-02 23:53:00,2004-11-03 10:25:00,27571.093106367764,0.0010186623739134,27567.32146221537,3.77062549001776,0.7561956328793165
2004-11-02 23:54:00,2004-11-03 10:26:00,27572.73070934397,0.0007516170480725,27567.32140082116,5.408556905760642,1.0957318323320715
2004-11-02 23:55:00,2004-11-03 10:27:00,27573.283952768485,0.0005241868657914,27567.321339426937,5.962089154681903,1.1222863288787996
2004-11-02 23:56:00,2004-11-03 10:28:00,27574.974744503397,0.0003369071668473,27567.32127803271,7.653129563518242,1.0464458573158804
2004-11-02 23:57:00,2004-11-03 10:29:00,27575.376387821078,0.0001903132910185,27567.32121663847,8.054980869313663,1.01492975018762
2004-11-02 23:58:00,2004-11-03 10:30:00,27577.00422924869,8.494057808206001e-05,27567.32115524422,9.682989063893482,1.260930236091565
2004-11-02 23:59:00,2004-11-03 10:31:00,27577.89795651583,2.1324367817099343e-05,27567.321093849965,10.576841341496792,0.7776834446837126
2004-11-03 00:00:00,2004-11-03 10:32:00,27578.55938840896,0.0,27567.321032455697,11.238355953260909,0.5453457788445144
