,LDi_CLF,storm_index,SYM_H,Observed_LDi_CLF-1h,Predicted_LDi_CLF-1h,Quantile_05_LDi_CLF-1h,Quantile_95_LDi_CLF-1h,inside_90%_LDi_CLF-1h,Observed_LDi_CLF-2h,Predicted_LDi_CLF-2h,Quantile_05_LDi_CLF-2h,Quantile_95_LDi_CLF-2h,inside_90%_LDi_CLF-2h
2024-09-09 08:00:00,18.220001,107,11,11.060001,22.484303,-0.77880126,32.492733,True,14.84,26.272629,0.9856507,36.162415,True
2024-09-09 08:05:00,18.59,107,13,9.939999,22.951916,-0.5196803,32.942898,True,15.110001,26.79557,1.2803322,36.6567,True
2024-09-09 08:10:00,19.14,107,15,9.430002,24.514286,0.86213464,34.303955,True,16.3,29.043827,3.0898702,38.681538,True
2024-09-09 08:15:00,19.91,107,18,9.130001,25.832645,2.3564928,35.06739,True,15.439999,30.633492,4.7683005,39.75677,True
2024-09-09 08:20:00,21.55,107,17,9.120001,27.404076,3.5965116,36.362263,True,14.510002,31.990498,5.84567,40.88104,True
2024-09-09 08:25:00,22.199997,107,14,9.82,27.810108,4.1945777,36.64449,True,13.639999,32.189877,6.3192134,40.96605,True
2024-09-09 08:30:00,19.420002,107,11,11.58,25.363468,2.6996934,34.203266,True,13.25,30.246155,5.24587,38.939075,True
2024-09-09 08:35:00,16.8,107,9,11.370001,22.875652,1.3672348,31.729668,True,13.939999,28.110497,4.279012,36.758423,True
2024-09-09 08:40:00,15.23,107,8,11.98,21.182873,0.44403997,30.033394,True,14.110001,26.473595,3.4984205,35.08919,True
2024-09-09 08:45:00,14.75,107,10,11.68,20.461048,0.18222015,29.340199,True,15.459999,25.606846,3.1966493,34.25423,True
2024-09-09 08:50:00,13.260002,107,9,13.299999,18.71769,-1.0895523,27.753967,True,15.900002,23.77501,1.9518677,32.557228,True
2024-09-09 08:55:00,12.110001,107,6,13.889999,17.312935,-2.4572089,26.591606,True,15.34,22.23626,0.5241944,31.23565,True
2024-09-09 09:00:00,11.060001,107,3,14.84,16.230042,-3.2112353,25.594177,True,14.75,21.181683,-0.14463075,30.254948,True
2024-09-09 09:05:00,9.939999,107,2,15.110001,15.230755,-4.0068326,24.647034,True,14.029999,20.341717,-0.7587417,29.439617,True
2024-09-09 09:10:00,9.430002,107,1,16.3,14.9460945,-4.235274,24.309376,True,13.920002,20.271885,-0.79333335,29.288372,True
2024-09-09 09:15:00,9.130001,107,1,15.439999,14.964943,-4.311915,24.268402,True,14.02,20.573116,-0.6402934,29.490623,True
2024-09-09 09:20:00,9.120001,107,2,14.510002,15.2782135,-4.03593,24.44347,True,14.459999,21.143108,-0.15498765,29.899754,True
2024-09-09 09:25:00,9.82,107,5,13.639999,16.211384,-3.5559676,25.283577,True,14.389999,22.203182,0.36413923,30.839005,True
2024-09-09 09:30:00,11.58,107,7,13.25,17.703259,-2.270079,26.647446,True,14.630001,23.341686,1.3276345,31.880032,True
2024-09-09 09:35:00,11.370001,107,7,13.939999,16.990421,-2.6822703,26.04581,True,15.630001,22.24821,0.67954797,30.906712,True
2024-09-09 09:40:00,11.98,107,6,14.110001,17.389786,-2.5667536,26.612995,True,16.920002,22.439087,0.6138627,31.256565,True
2024-09-09 09:45:00,11.68,107,5,15.459999,16.817436,-3.278826,26.20359,True,17.940002,21.658134,-0.24640305,30.62342,True
2024-09-09 09:50:00,13.299999,107,5,15.900002,18.295082,-2.1000388,27.601189,True,18.650002,22.900337,0.7233617,31.803452,True
2024-09-09 09:55:00,13.889999,107,4,15.34,18.97934,-2.2256186,28.379128,True,20.84,23.608616,0.5658013,32.57153,True
2024-09-09 10:00:00,14.84,107,5,14.75,19.98645,-2.1293128,29.43058,True,22.170002,24.580582,0.5828492,33.564735,True
2024-09-09 10:05:00,15.110001,107,5,14.029999,20.249748,-1.9539512,29.63374,True,20.61,24.808807,0.7382695,33.72799,True
2024-09-09 10:10:00,16.3,107,6,13.920002,21.485046,-0.7124389,30.688587,True,17.880001,25.978832,1.9323555,34.73944,True
2024-09-09 10:15:00,15.439999,107,6,14.02,20.894821,-0.7728713,29.872948,True,17.48,25.65187,2.0978677,34.169586,True
2024-09-09 10:20:00,14.510002,107,5,14.459999,20.30959,-1.0860943,29.083858,True,18.169998,25.388794,2.0439203,33.672825,True
2024-09-09 10:25:00,13.639999,107,5,14.389999,19.699955,-1.5833915,28.388348,True,17.96,25.037731,1.7602345,33.20035,True
2024-09-09 10:30:00,13.25,107,5,14.630001,19.548439,-2.022753,28.220715,True,17.91,25.078335,1.4524494,33.18851,True
2024-09-09 10:35:00,13.939999,107,4,15.630001,20.32566,-1.7469925,28.91766,True,15.740002,25.836555,1.674316,33.863052,True
2024-09-09 10:40:00,14.110001,107,4,16.920002,20.773506,-2.0353205,29.326935,True,14.209999,26.450397,1.4549309,34.407413,True
2024-09-09 10:45:00,15.459999,107,4,17.940002,21.922123,-1.3649219,30.452393,True,14.220001,27.290005,1.8807503,35.265347,True
2024-09-09 10:50:00,15.900002,107,4,18.650002,21.634254,-1.2781643,30.163525,True,14.170002,26.440006,1.6318508,34.4455,True
2024-09-09 10:55:00,15.34,107,5,20.84,20.38264,-2.0055888,29.390285,True,14.439999,24.73824,0.6663243,33.226112,True
2024-09-09 11:00:00,14.75,107,4,22.170002,19.450596,-2.316561,28.649075,True,14.439999,23.571823,0.24523322,32.25949,True
2024-09-09 11:05:00,14.029999,107,4,20.61,18.470146,-2.8662894,27.961071,True,14.130001,22.416035,-0.3781303,31.39986,True
2024-09-09 11:10:00,13.920002,107,3,17.880001,18.085918,-4.5064445,27.86444,True,14.18,21.793827,-2.209675,31.041737,True
2024-09-09 11:15:00,14.02,107,3,17.48,17.888275,-4.509503,27.849785,True,14.260002,21.31842,-2.3766558,30.77182,True
2024-09-09 11:20:00,14.459999,107,3,18.169998,18.034363,-4.366635,28.15385,True,14.119999,21.18451,-2.398945,30.81847,True
2024-09-09 11:25:00,14.389999,107,2,17.96,17.980972,-4.397021,28.076355,True,15.549999,21.144512,-2.4066489,30.746304,True
2024-09-09 11:30:00,14.630001,107,2,17.91,18.462475,-3.748688,28.339264,True,15.68,21.82499,-1.6204017,31.191898,True
2024-09-09 11:35:00,15.630001,107,2,15.740002,19.880856,-1.7737659,29.376766,True,15.630001,23.542152,0.561155,32.52398,True
2024-09-09 11:40:00,16.920002,107,2,14.209999,21.713795,-0.18633492,30.780682,True,16.39,25.716717,2.343168,34.26054,True
2024-09-09 11:45:00,17.940002,107,2,14.220001,23.038807,1.0839077,31.82045,True,15.450001,27.17627,3.6841104,35.447094,True
2024-09-09 11:50:00,18.650002,107,3,14.170002,24.064606,1.8260456,32.613,True,13.420002,28.348927,4.495601,36.394512,True
2024-09-09 11:55:00,20.84,107,5,14.439999,26.209324,2.9453695,34.584755,True,13.09,30.2443,5.3870444,38.15217,True
2024-09-09 12:00:00,22.170002,107,4,14.439999,27.420506,3.794418,35.768566,True,13.720001,31.24794,6.0820994,39.160557,True
2024-09-09 12:05:00,20.61,107,3,14.130001,26.120125,2.8356435,34.46318,True,15.0,30.247692,5.3511252,38.109783,True
2024-09-09 12:10:00,17.880001,107,3,14.18,23.734528,1.0961167,32.041702,True,15.749996,28.32949,3.9874494,36.076626,True
2024-09-09 12:15:00,17.48,107,3,14.260002,23.464237,0.44353262,31.639122,True,14.540001,28.171589,3.4009073,35.75778,True
2024-09-09 12:20:00,18.169998,107,4,14.119999,24.232079,1.3093449,32.23115,True,14.23,28.911171,4.239391,36.34287,True
2024-09-09 12:25:00,17.96,107,4,15.549999,24.07658,2.4800298,31.996273,True,14.299999,28.80056,5.492969,36.18651,True
2024-09-09 12:30:00,17.91,107,4,15.68,24.012802,2.8674715,31.968006,True,14.139999,28.72704,5.893068,36.154255,True
2024-09-09 12:35:00,15.740002,107,4,15.630001,21.903294,1.3416382,29.945728,True,13.470001,26.857265,4.613399,34.311813,True
2024-09-09 12:40:00,14.209999,107,3,16.39,20.46634,0.091499016,28.626968,True,12.779999,25.61681,3.553579,33.13803,True
2024-09-09 12:45:00,14.220001,107,2,15.450001,20.657871,-0.3755935,28.94899,True,13.810001,25.932766,3.1411817,33.551693,True
2024-09-09 12:50:00,14.170002,107,3,13.420002,20.62888,-1.5217918,29.045132,True,14.970001,25.914852,1.9674507,33.609455,True
2024-09-09 12:55:00,14.439999,107,3,13.09,20.752651,-2.9842093,29.204975,True,15.100002,25.906868,0.37160078,33.586506,True
2024-09-09 13:00:00,14.439999,107,2,13.720001,20.779995,-2.6666167,29.12159,True,15.09,25.939178,0.70923394,33.516216,True
2024-09-09 13:05:00,14.130001,107,2,15.0,20.606617,-2.495602,28.856205,True,16.29,25.876694,0.9727914,33.35917,True
2024-09-09 13:10:00,14.18,107,1,15.749996,20.446575,-2.3047545,28.515106,True,17.3,25.548252,1.0731941,32.868553,True
2024-09-09 13:15:00,14.260002,107,1,14.540001,20.4642,-2.3078272,28.471409,True,16.32,25.504066,1.040342,32.757328,True
2024-09-09 13:20:00,14.119999,107,2,14.23,20.280224,-2.1217444,28.128078,True,13.799999,25.293964,1.233091,32.394886,True
2024-09-09 13:25:00,15.549999,107,2,14.299999,21.528038,-0.5591319,29.118439,True,13.200001,26.276962,2.6140382,33.176582,True
2024-09-09 13:30:00,15.68,107,1,14.139999,21.593021,0.1183068,29.144356,True,12.66,26.280018,3.2800882,33.15857,True
2024-09-09 13:35:00,15.630001,107,1,13.470001,21.362915,0.45112196,28.77789,True,11.5,25.919506,3.5597227,32.673347,True
2024-09-09 13:40:00,16.39,107,1,12.779999,22.220425,1.0219914,29.322445,True,13.420002,26.765415,4.096185,33.22622,True
2024-09-09 13:45:00,15.450001,107,1,13.810001,21.495636,0.34231153,28.867447,True,15.369999,26.280949,3.6071432,32.968918,True
2024-09-09 13:50:00,13.420002,107,0,14.970001,19.952255,-0.9165004,27.307892,True,14.670002,25.245365,2.748968,31.852802,True
2024-09-09 13:55:00,13.09,107,-1,15.100002,19.745136,-1.3399357,26.980446,True,14.41,25.133636,2.3952806,31.60001,True
2024-09-09 14:00:00,13.720001,107,-1,15.09,20.17268,-0.98275787,27.296139,True,14.100002,25.36169,2.621538,31.730732,True
2024-09-09 14:05:00,15.0,107,0,16.29,21.101746,0.14206664,28.145504,True,14.02,25.937351,3.5084302,32.26954,True
2024-09-09 14:10:00,15.749996,107,0,17.3,21.63572,0.85725945,28.602291,True,15.299999,26.256935,4.093639,32.532215,True
2024-09-09 14:15:00,14.540001,107,-1,16.32,20.3695,0.17227142,27.17759,True,15.560001,25.04329,3.516712,31.143192,True
2024-09-09 14:20:00,14.23,107,-1,13.799999,19.747711,-0.42217287,26.40982,True,16.620003,24.211384,2.8054311,30.155598,True
2024-09-09 14:25:00,14.299999,107,0,13.200001,19.519474,-0.3993114,25.932446,True,15.350006,23.745785,2.6876867,29.46014,True
2024-09-09 14:30:00,14.139999,107,0,12.66,18.901909,-0.568476,25.173203,True,13.73,22.778809,2.3291452,28.37038,True
2024-09-09 14:35:00,13.470001,107,1,11.5,18.515343,-2.4083884,24.924976,True,13.119999,22.642624,0.6227681,28.31163,True
2024-09-09 14:40:00,12.779999,107,1,13.420002,18.324253,-2.670376,25.02531,True,12.470001,22.876152,0.6756608,28.789608,True
2024-09-09 14:45:00,13.810001,107,2,15.369999,19.38031,-2.10207,25.986073,True,14.68,23.863945,1.1548268,29.694466,True
2024-09-09 14:50:00,14.970001,107,3,14.670002,19.832878,-1.4211868,26.22044,True,17.52,23.691193,1.430658,29.364674,True
2024-09-09 14:55:00,15.100002,107,3,14.41,20.375648,-0.9965976,26.70332,True,21.46,24.520344,2.0294893,30.129055,True
2024-09-09 15:00:00,15.09,107,3,14.100002,21.19719,-2.77833,27.925282,True,22.89,25.88335,0.51462716,31.804947,True
2024-09-09 15:05:00,16.29,107,4,14.02,21.900593,-5.9099374,29.383514,True,24.429996,26.092709,-2.9533064,32.740273,True
2024-09-09 15:10:00,17.3,107,4,15.299999,22.322308,-5.710611,29.783192,True,24.130001,26.035103,-3.0382807,32.716064,True
2024-09-09 15:15:00,16.32,107,4,15.560001,21.12389,-5.726934,28.520641,True,21.54,24.765865,-3.0650866,31.385735,True
2024-09-09 15:20:00,13.799999,107,4,16.620003,18.570946,-5.6021686,25.642384,True,21.05,22.386639,-2.7634757,28.657581,True
2024-09-09 15:25:00,13.200001,107,4,15.350006,17.842098,-3.3254511,24.46875,True,20.470001,21.609821,-0.44904932,27.495388,True
2024-09-09 15:30:00,12.66,107,4,13.73,17.098907,-2.367386,23.31392,True,19.64,20.717361,0.4589211,26.244133,True
2024-09-09 15:35:00,11.5,107,3,13.119999,15.488754,-4.9081807,22.301102,True,15.950001,18.777016,-2.2766516,24.883453,True
2024-09-09 15:40:00,13.420002,107,4,12.470001,16.65128,-8.739989,25.077816,True,12.190001,19.215405,-6.5905175,26.949863,True
2024-09-09 15:45:00,15.369999,107,5,14.68,17.575378,-11.413059,26.849987,True,11.230001,19.223858,-9.779938,27.90065,True
2024-09-09 15:50:00,14.670002,107,4,17.52,15.755226,-16.99633,26.46658,True,10.85,16.47401,-15.821283,26.71167,True
2024-09-09 15:55:00,14.41,107,4,21.46,14.051521,-21.60132,25.714817,True,10.940001,13.510292,-21.088682,24.925331,True
2024-09-09 16:00:00,14.100002,107,4,22.89,12.41526,-24.84986,24.95443,True,12.110001,10.680649,-24.972403,23.20987,True
2024-09-09 16:05:00,14.02,107,5,24.429996,11.274355,-24.871393,23.832245,False,12.740002,8.548084,-25.525135,21.2766,True
2024-09-09 16:10:00,15.299999,107,5,24.130001,12.724785,-18.590685,23.726257,False,13.549999,10.154192,-19.213743,21.239952,True
2024-09-09 16:15:00,15.560001,107,6,21.54,13.0561905,-14.524249,23.278679,True,12.330002,10.553173,-15.182847,20.795689,True
2024-09-09 16:20:00,16.620003,107,7,21.05,13.643124,-11.618109,23.650654,True,11.390001,10.712692,-12.56178,20.75875,True
2024-09-09 16:25:00,15.350006,107,8,20.470001,11.624153,-13.663628,22.669113,True,12.26,7.9777827,-14.982077,19.177677,True
2024-09-09 16:30:00,13.73,107,6,19.64,9.018108,-16.571783,21.327568,True,13.650002,4.4030128,-18.37672,17.035446,True
2024-09-09 16:35:00,13.119999,107,6,15.950001,7.8065104,-18.746326,21.089779,True,11.890001,2.629522,-20.805355,16.361435,True
2024-09-09 16:40:00,12.470001,107,5,12.190001,7.031791,-18.722862,20.446365,True,10.42,1.7294575,-20.858246,15.604378,True
2024-09-09 16:45:00,14.68,107,6,11.230001,9.357313,-17.796642,22.682045,True,9.73,4.2444377,-19.772497,18.028759,True
2024-09-09 16:50:00,17.52,107,8,10.85,12.679966,-14.594323,25.132732,True,11.01,8.124777,-16.285223,20.945366,True
2024-09-09 16:55:00,21.46,107,7,10.940001,16.990013,-10.628446,28.376587,True,10.890001,12.9398575,-12.048746,24.590042,True
2024-09-09 17:00:00,22.89,107,5,12.110001,18.414192,-11.468321,29.851902,True,9.91,14.500122,-12.794848,26.216393,True
2024-09-09 17:05:00,24.429996,107,3,12.740002,19.884914,-8.5128975,30.528767,True,9.610001,15.943378,-9.853292,26.825165,True
2024-09-09 17:10:00,24.130001,107,2,13.549999,19.98333,-6.4467406,30.170727,True,9.380001,16.36845,-7.6509757,26.72099,True
2024-09-09 17:15:00,21.54,107,1,12.330002,18.027592,-6.0377793,28.009193,True,9.27,14.8909645,-7.0476346,24.966282,True
2024-09-09 17:20:00,21.05,107,0,11.390001,18.263,-4.5390983,27.760437,True,9.469999,15.788406,-5.257605,25.287228,True
2024-09-09 17:25:00,20.470001,107,0,12.26,18.05767,-4.5779853,27.466858,True,10.560001,15.925179,-5.120974,25.300682,True
2024-09-09 17:30:00,19.64,107,-1,13.650002,17.657104,-5.2434354,27.123055,True,11.15,15.905018,-5.572388,25.305435,True
2024-09-09 17:35:00,15.950001,107,-2,11.890001,14.539967,-6.8086715,23.97483,True,11.57,13.252243,-6.9166884,22.572517,True
2024-09-09 17:40:00,12.190001,107,-4,10.42,11.441214,-7.5338073,20.579014,True,11.18,10.725925,-7.3731723,19.677834,True
2024-09-09 17:45:00,11.230001,107,-6,9.73,11.082144,-7.4672523,20.018768,True,10.970001,10.910566,-6.9916654,19.604153,True
2024-09-09 17:50:00,10.85,107,-6,11.01,10.996826,-7.7705207,19.856441,True,12.15,11.093531,-7.1180797,19.68153,True
2024-09-09 17:55:00,10.940001,107,-6,10.890001,11.091656,-7.100578,19.54633,True,12.760002,11.197586,-6.4608855,19.384644,True
2024-09-09 18:00:00,12.110001,107,-5,9.91,12.251339,-6.7932286,20.741867,True,10.74,12.348984,-6.1457276,20.580902,True
2024-09-09 18:05:00,12.740002,107,-3,9.610001,12.768658,-7.193311,21.600254,True,9.34,12.775028,-6.5818324,21.367794,True
2024-09-09 18:10:00,13.549999,107,-2,9.380001,13.052456,-7.57474,22.125988,True,6.0400004,12.609097,-7.2131696,21.508183,True
2024-09-09 18:15:00,12.330002,107,-1,9.27,11.659849,-9.261178,21.321514,True,5.5500007,11.076015,-8.972719,20.595009,True
2024-09-09 18:20:00,11.390001,107,-2,9.469999,10.728544,-11.199263,21.25319,True,3.839998,10.165504,-10.868784,20.56017,True
2024-09-09 18:25:00,12.26,107,0,10.560001,11.004845,-13.14933,22.369724,True,0.9899995,9.940727,-13.050688,21.273746,True
2024-09-09 18:30:00,13.650002,107,1,11.15,11.749304,-13.468398,23.229946,True,1.6699997,10.142614,-13.643148,21.69004,True
2024-09-09 18:35:00,11.890001,107,1,11.57,9.869772,-14.049318,21.32653,True,3.5200002,8.141472,-14.330743,19.68547,True
2024-09-09 18:40:00,10.42,107,1,11.18,8.380697,-15.837733,20.25455,True,7.7399993,6.640823,-16.114119,18.617043,True
2024-09-09 18:45:00,9.73,107,0,10.970001,7.8175197,-16.239883,20.066204,True,9.83,6.2035193,-16.453754,18.540234,True
2024-09-09 18:50:00,11.01,107,2,12.15,9.131453,-14.1514015,21.407803,True,11.48,7.574331,-14.362332,19.925198,True
2024-09-09 18:55:00,10.890001,107,3,12.760002,8.7143,-13.395283,21.063301,True,11.0,6.9047065,-13.767621,19.359837,True
2024-09-09 19:00:00,9.91,107,2,10.74,7.476829,-13.207328,20.030468,True,9.24,5.4456553,-13.730684,18.126343,True
2024-09-09 19:05:00,9.610001,107,2,9.34,6.806865,-13.017412,19.56908,True,9.469999,4.468757,-13.73933,17.396011,True
2024-09-09 19:10:00,9.380001,107,2,6.0400004,6.1472907,-13.117249,19.131401,True,7.18,3.4533498,-14.046122,16.644012,True
2024-09-09 19:15:00,9.27,107,1,5.5500007,5.9963527,-12.77324,19.051853,True,6.3000026,3.2920148,-13.727496,16.549175,True
2024-09-09 19:20:00,9.469999,107,1,3.839998,6.4207225,-12.055901,19.308212,True,6.219999,3.9319513,-12.903264,16.98806,True
2024-09-09 19:25:00,10.560001,107,2,0.9899995,7.366403,-11.503445,19.99347,True,6.7599998,4.7672496,-12.383554,17.581234,True
2024-09-09 19:30:00,11.15,107,3,1.6699997,9.848904,-8.325399,21.383163,True,7.3399997,8.880163,-8.347542,20.383484,True
2024-09-09 19:35:00,11.57,107,3,3.5200002,12.016815,-6.6693244,22.684368,True,8.68,12.497162,-5.864737,22.955162,True
2024-09-09 19:40:00,11.18,107,3,7.7399993,12.589077,-5.7135215,22.325329,True,9.84,13.841843,-4.4631276,23.281155,True
2024-09-09 19:45:00,10.970001,107,2,9.83,12.411957,-4.300964,21.029781,True,7.979999,13.704689,-3.0344317,22.029804,True
2024-09-09 19:50:00,12.15,107,3,11.48,13.663433,-1.9707836,21.13329,True,7.639999,14.996391,-0.69742996,22.187504,True
2024-09-09 19:55:00,12.760002,107,3,11.0,14.420456,-0.45590815,21.139523,True,8.280001,15.860485,0.87459344,22.306198,True
2024-09-09 20:00:00,10.74,107,2,9.24,12.73991,-1.074118,19.171337,True,12.869999,14.484539,0.46367803,20.619377,True
2024-09-09 20:05:00,9.34,107,1,9.469999,11.539358,-1.6235412,17.835712,True,13.450001,13.466835,0.047240898,19.45205,True
2024-09-09 20:10:00,6.0400004,107,1,7.18,8.590042,-4.048533,15.424194,True,14.279999,10.859825,-2.112614,17.33403,True
2024-09-09 20:15:00,5.5500007,107,1,6.3000026,8.0077095,-4.6233516,15.194714,True,15.150002,10.213869,-2.7401698,17.041729,True
2024-09-09 20:20:00,3.839998,107,3,6.219999,6.620664,-5.691238,13.949772,True,15.010002,9.117895,-3.5912898,16.057388,True
2024-09-09 20:25:00,0.9899995,107,0,6.7599998,4.7005725,-7.488793,12.1914215,True,13.740002,8.003046,-4.762647,15.0117,True
2024-09-09 20:30:00,1.6699997,107,-1,7.3399997,6.066318,-7.1412435,13.675083,True,10.870001,9.900679,-4.068255,16.963375,True
2024-09-09 20:35:00,3.5200002,107,1,8.68,7.9201503,-5.6132483,15.092781,True,10.82,11.726091,-2.610861,18.373718,True
2024-09-09 20:40:00,7.7399993,107,3,9.84,12.021662,-2.3871024,18.535854,True,11.68,15.595425,0.3523976,21.654663,True
2024-09-09 20:45:00,9.83,107,4,7.979999,14.296555,-1.2124561,20.714878,True,13.510002,17.905598,1.4703614,23.885303,True
2024-09-09 20:50:00,11.48,107,5,7.639999,15.904209,-0.908438,22.603016,True,17.04,19.401527,1.618858,25.671303,True
2024-09-09 20:55:00,11.0,107,5,8.280001,15.619801,-2.1850073,22.985874,True,19.57,19.263744,0.3950459,26.151737,True
2024-09-09 21:00:00,9.24,107,5,12.869999,14.210339,-4.1382413,22.415874,True,21.220001,18.168987,-1.3664478,25.808506,True
2024-09-09 21:05:00,9.469999,107,5,13.450001,14.527859,-5.283911,23.626698,True,25.52,18.51727,-2.5609915,27.006245,True
2024-09-09 21:10:00,7.18,107,4,14.279999,12.644791,-7.4045186,22.794765,True,29.150002,17.018116,-4.445166,26.444454,False
2024-09-09 21:15:00,6.3000026,107,3,15.150002,11.602978,-8.486773,22.423138,True,28.75,15.901619,-5.575955,25.974873,False
2024-09-09 21:20:00,6.219999,107,2,15.010002,11.556837,-9.001984,23.050331,True,29.720001,15.865742,-6.1167274,26.58612,False
2024-09-09 21:25:00,6.7599998,107,2,13.740002,11.524366,-9.235742,23.541634,True,29.160004,15.392658,-6.6457,26.6959,False
2024-09-09 21:30:00,7.3399997,107,3,10.870001,11.430798,-8.850774,23.51685,True,27.8,14.794876,-6.572722,26.254604,False
2024-09-09 21:35:00,8.68,107,6,10.82,11.824755,-8.504519,24.139637,True,27.02,14.457451,-6.689255,26.268692,False
2024-09-09 21:40:00,9.84,107,7,11.68,12.16293,-9.05957,25.23899,True,26.229996,14.160011,-7.6433234,26.83134,True
2024-09-09 21:45:00,7.979999,107,5,13.510002,10.388062,-11.436612,24.777752,True,24.23,12.488625,-9.971557,26.427761,True
2024-09-09 21:50:00,7.639999,107,3,17.04,10.06414,-12.555733,25.402874,True,23.25,12.176275,-11.106708,27.047184,True
2024-09-09 21:55:00,8.280001,107,5,19.57,10.801256,-12.592235,26.57111,True,24.57,12.965843,-11.143178,28.253426,True
2024-09-09 22:00:00,12.869999,107,7,21.220001,14.662914,-11.284764,30.47062,True,21.670002,16.200844,-10.223265,31.656338,True
2024-09-09 22:05:00,13.450001,107,7,25.52,15.164734,-11.328819,31.195038,True,21.190002,16.635677,-10.322159,32.323475,True
2024-09-09 22:10:00,14.279999,107,8,29.150002,15.40863,-9.899211,30.815731,True,20.750004,16.454628,-9.125488,31.60516,True
2024-09-09 22:15:00,15.150002,107,9,28.75,15.845131,-8.1716175,30.597565,True,19.75,16.573792,-7.5787854,31.131546,True
2024-09-09 22:20:00,15.010002,107,8,29.720001,15.221188,-7.008845,29.570305,False,17.71,15.59248,-6.62627,29.808743,True
2024-09-09 22:25:00,13.740002,107,6,29.160004,13.856041,-7.0812488,28.1105,False,15.639999,14.15873,-6.7566257,28.290169,True
2024-09-09 22:30:00,10.870001,107,4,27.8,11.572283,-8.932131,26.518444,False,12.310001,12.328743,-8.379138,27.071682,True
2024-09-09 22:35:00,10.82,107,3,27.02,11.734585,-9.928736,27.479904,True,10.790001,12.652443,-9.308144,28.163406,True
2024-09-09 22:40:00,11.68,107,3,26.229996,12.649536,-9.456938,28.43372,True,9.42,13.59808,-8.841991,29.142132,True
2024-09-09 22:45:00,13.510002,107,3,24.23,14.470341,-7.548615,29.473274,True,4.77,15.391071,-6.970487,30.168083,True
2024-09-09 22:50:00,17.04,107,3,23.25,17.181004,-5.425833,31.32491,True,2.93,17.492386,-5.182512,31.519596,True
2024-09-09 22:55:00,19.57,107,3,24.57,19.146584,-3.5062716,32.251793,True,3.0799997,19.05357,-3.481539,32.107468,True
2024-09-09 23:00:00,21.220001,107,3,21.670002,20.583698,-2.035023,32.812008,True,2.5799997,20.346066,-2.0967124,32.546448,True
2024-09-09 23:05:00,25.52,107,3,21.190002,23.42548,0.19598739,34.75763,True,2.3999994,22.204987,-0.3482364,33.629623,True
2024-09-09 23:10:00,29.150002,107,2,20.750004,25.704819,2.1427648,36.424778,True,1.43,23.61282,1.1873299,34.503273,True
2024-09-09 23:15:00,28.75,107,1,19.75,25.006195,2.43239,35.599552,True,1.1200005,22.649246,1.3113171,33.44728,False
2024-09-09 23:20:00,29.720001,107,0,17.71,25.485878,3.6310117,35.887726,True,1.3299996,22.794495,2.3239458,33.41605,False
2024-09-09 23:25:00,29.160004,107,0,15.639999,24.990414,4.351379,34.88239,True,2.509998,22.297344,2.9951494,32.39411,False
2024-09-09 23:30:00,27.8,107,-1,12.310001,24.23151,4.4993854,33.725876,True,2.6499994,21.927273,3.289932,31.588467,False
2024-09-09 23:35:00,27.02,107,-1,10.790001,23.530617,4.076696,32.556416,True,0.9899995,21.223515,2.839506,30.436314,False
2024-09-09 23:40:00,26.229996,107,-1,9.42,23.442047,4.4690013,32.194237,True,-0.32000002,21.633118,3.4567945,30.523693,False
2024-09-09 23:45:00,24.23,107,-1,4.77,23.041016,4.6732287,31.425877,True,-0.36999926,22.381927,4.237657,30.804146,False
2024-09-09 23:50:00,23.25,107,-1,2.93,23.239044,4.9409804,31.23769,False,1.7000004,23.414284,4.949714,31.388077,False
2024-09-09 23:55:00,24.57,107,0,3.0799997,24.550129,5.9721103,32.06059,False,3.3600004,24.723076,5.9725432,32.218742,False
2024-09-10 00:00:00,21.670002,107,-2,2.5799997,22.768318,5.6396575,29.858097,False,4.219999,23.716022,6.089784,30.745079,False
2024-09-10 00:05:00,21.190002,107,-3,2.3999994,22.478992,6.022821,29.25158,False,3.550001,23.555866,6.5586543,30.27287,False
2024-09-10 00:10:00,20.750004,107,-3,1.43,22.435104,6.2698855,28.87579,False,2.890001,23.784851,6.9790053,30.16671,False
2024-09-10 00:15:00,19.75,107,-3,1.1200005,21.470757,5.7740607,27.715641,False,2.59,22.863384,6.51852,29.048393,False
2024-09-10 00:20:00,17.71,107,-4,1.3299996,19.985313,4.657291,26.116478,False,3.3099992,21.802784,5.687698,27.841518,False
2024-09-10 00:25:00,15.639999,107,-5,2.509998,18.042099,3.201492,24.326946,False,2.7100008,19.996101,4.3350463,26.165401,False
2024-09-10 00:30:00,12.310001,107,-6,2.6499994,14.911156,1.288385,21.088268,True,2.1599996,17.086548,2.6328638,23.120628,False
2024-09-10 00:35:00,10.790001,107,-6,0.9899995,13.5204315,0.62524575,19.363422,True,3.0200002,15.839134,2.1118982,21.53849,True
2024-09-10 00:40:00,9.42,107,-5,-0.32000002,13.3172,0.018941564,19.210491,False,3.0400007,16.531742,2.1722715,22.213394,True
2024-09-10 00:45:00,4.77,107,-5,-0.36999926,9.985649,-3.2474577,16.376549,True,2.4099996,14.314354,-0.15997346,20.356998,True
2024-09-10 00:50:00,2.93,107,-6,1.7000004,8.119585,-4.7630954,14.457619,True,1.93,12.507435,-1.5648788,18.482544,True
2024-09-10 00:55:00,3.0799997,107,-7,3.3600004,8.636484,-4.780845,15.05909,True,4.11,13.31905,-1.4219192,19.340214,True
2024-09-10 01:00:00,2.5799997,107,-8,4.219999,8.23889,-5.508842,15.104225,True,3.2499998,13.020241,-2.1180632,19.46053,True
2024-09-10 01:05:00,2.3999994,107,-8,3.550001,8.213676,-5.65066,15.190392,True,3.8999994,13.117901,-2.1676772,19.661282,True
2024-09-10 01:10:00,1.43,107,-7,2.890001,7.247625,-5.9686866,13.768749,True,3.6699998,12.197613,-2.3301795,18.316021,True
2024-09-10 01:15:00,1.1200005,107,-7,2.59,6.979198,-5.88882,13.054829,True,4.309997,11.962765,-2.147175,17.670567,True
2024-09-10 01:20:00,1.3299996,107,-7,3.3099992,7.254331,-5.8320413,13.457302,True,5.819999,12.28009,-2.0930197,18.110714,True
2024-09-10 01:25:00,2.509998,107,-7,2.7100008,8.071217,-5.4737935,14.817177,True,6.7000003,12.774197,-2.1172621,19.162155,True
2024-09-10 01:30:00,2.6499994,107,-6,2.1599996,8.09424,-5.4687037,15.021797,True,5.9099994,12.702404,-2.217602,19.28471,True
2024-09-10 01:35:00,0.9899995,107,-4,3.0200002,5.6300635,-7.0895133,12.788681,True,7.809999,9.658316,-4.2174134,16.527218,True
2024-09-10 01:40:00,-0.32000002,107,-5,3.0400007,3.8732088,-8.412392,11.337685,True,7.8000007,7.5778747,-5.8005223,14.777164,True
2024-09-10 01:45:00,-0.36999926,107,-6,2.4099996,3.1217363,-8.92056,10.841476,True,8.440001,6.253614,-6.8090453,13.769558,True
2024-09-10 01:50:00,1.7000004,107,-7,1.93,5.3642955,-7.152881,12.838379,True,8.179998,8.625093,-5.0057425,15.900753,True
2024-09-10 01:55:00,3.3600004,107,-6,4.11,6.956287,-6.556295,14.9314,True,7.8299994,10.124182,-4.5955987,17.903725,True
2024-09-10 02:00:00,4.219999,107,-4,3.2499998,6.8659606,-6.4010053,14.764271,True,7.4899993,9.251696,-5.057338,17.044987,True
2024-09-10 02:05:00,3.550001,107,-3,3.8999994,5.527757,-6.5544114,12.676929,True,6.93,7.3595138,-5.5458245,14.493298,True
2024-09-10 02:10:00,2.890001,107,-3,3.6699998,4.7849097,-6.7797503,11.522194,True,7.809999,6.5470195,-5.7825103,13.298748,True
2024-09-10 02:15:00,2.59,107,-3,4.309997,4.3108745,-6.9855485,10.707344,True,7.69,5.9292445,-6.081513,12.368927,True
2024-09-10 02:20:00,3.3099992,107,-5,5.819999,5.0937724,-6.432937,11.325178,True,7.649999,6.7864604,-5.50452,13.063538,True
2024-09-10 02:25:00,2.7100008,107,-5,6.7000003,4.686691,-7.030338,11.064959,True,8.360001,6.5645423,-5.9832444,12.975254,True
2024-09-10 02:30:00,2.1599996,107,-6,5.9099994,4.102554,-7.785443,10.603001,True,8.52,5.972194,-6.7826056,12.509155,True
2024-09-10 02:35:00,3.0200002,107,-6,7.809999,5.242021,-7.3501287,11.8203125,True,8.73,7.381105,-6.208627,13.969719,True
2024-09-10 02:40:00,3.0400007,107,-6,7.8000007,5.7344985,-7.6472726,12.526585,True,8.16,8.327162,-6.2475696,15.076065,True
2024-09-10 02:45:00,2.4099996,107,-6,8.440001,5.138246,-8.149883,11.910196,True,8.35,7.766542,-6.7063727,14.503971,True
2024-09-10 02:50:00,1.93,107,-6,8.179998,4.6957164,-8.345849,11.142868,True,9.140001,7.3839927,-6.826244,13.80983,True
2024-09-10 02:55:00,4.11,107,-5,7.8299994,6.9324546,-6.2930255,12.717369,True,8.43,9.676271,-4.751841,15.471752,True
2024-09-10 03:00:00,3.2499998,107,-6,7.4899993,6.0205626,-6.6055875,11.272749,True,8.15,8.7411995,-5.005425,14.039322,True
2024-09-10 03:05:00,3.8999994,107,-6,6.93,6.7401175,-5.778456,11.484554,True,9.469999,9.544203,-4.099875,14.357731,True
2024-09-10 03:10:00,3.6699998,107,-7,7.809999,6.5443587,-5.6324115,10.756767,True,8.08,9.394993,-3.851887,13.702068,True
2024-09-10 03:15:00,4.309997,107,-9,7.69,7.2555213,-4.7511106,10.970043,True,8.220001,10.179323,-2.8775122,14.020992,True
2024-09-10 03:20:00,5.819999,107,-9,7.649999,8.9225235,-3.049248,12.28722,True,9.09,11.982697,-1.0567898,15.501568,True
2024-09-10 03:25:00,6.7000003,107,-9,8.360001,9.88838,-2.24074,12.909603,True,8.91,13.034111,-0.18271478,16.221008,True
2024-09-10 03:30:00,5.9099994,107,-8,8.52,9.542601,-2.9073126,12.444878,True,8.57,13.135853,-0.5127242,16.172192,True
2024-09-10 03:35:00,7.809999,107,-8,8.73,11.686989,-1.1073536,14.356438,True,9.280001,15.470993,1.3815914,18.30471,True
2024-09-10 03:40:00,7.8000007,107,-7,8.16,12.356602,-0.4367164,14.842262,True,8.73,16.70551,2.5388582,19.37181,True
2024-09-10 03:45:00,8.440001,107,-6,8.35,13.094269,0.20537154,15.461731,True,8.390001,17.511986,3.2361848,20.081726,True
2024-09-10 03:50:00,8.179998,107,-5,9.140001,12.866341,0.10381095,15.174938,True,9.530001,17.316303,3.2100847,19.84399,True
2024-09-10 03:55:00,7.8299994,107,-5,8.43,12.477257,-0.13861497,14.749023,True,9.360001,16.913673,3.0023782,19.419441,True
2024-09-10 04:00:00,7.4899993,107,-6,8.15,11.982285,-0.57525474,14.2450905,True,9.190001,16.295822,2.511871,18.801601,True
2024-09-10 04:05:00,6.93,107,-5,9.469999,11.810566,-1.4056095,14.392181,True,9.35,16.48751,1.8877426,19.262901,True
2024-09-10 04:10:00,7.809999,107,-5,8.08,12.753593,-0.9765304,15.664688,True,9.880001,17.458294,2.242647,20.555428,True
2024-09-10 04:15:00,7.69,107,-5,8.220001,12.5283165,-1.272467,15.555325,True,10.66,17.156055,1.8926312,20.364582,True
2024-09-10 04:20:00,7.649999,107,-5,9.09,11.983124,-1.2396148,14.788761,True,11.380001,16.207043,1.684137,19.235916,True
2024-09-10 04:25:00,8.360001,107,-4,8.91,12.6364975,-0.4695514,15.359276,True,10.58,16.790085,2.4000204,19.760368,True
2024-09-10 04:30:00,8.52,107,-3,8.57,12.773869,-0.107193306,15.591049,True,11.360001,16.87944,2.7533948,19.973461,True
2024-09-10 04:35:00,8.73,107,-4,9.280001,13.054089,-0.26191363,16.174286,True,10.91,17.20739,2.5777566,20.577267,True
2024-09-10 04:40:00,8.16,107,-4,8.73,12.587784,-0.9763301,15.89286,True,10.780001,16.855694,1.9313351,20.382038,True
2024-09-10 04:45:00,8.35,107,-5,8.390001,13.203003,-1.1846794,16.989376,True,10.700001,17.823257,1.86997,21.781258,True
2024-09-10 04:50:00,9.140001,107,-5,9.530001,14.8398285,-1.2280468,19.328571,True,11.810001,20.111378,2.059078,24.674255,True
2024-09-10 04:55:00,8.43,107,-4,9.360001,14.373066,-3.083691,19.76638,True,11.860001,19.891228,0.18539397,25.243347,True
2024-09-10 05:00:00,8.15,107,-4,9.190001,12.694546,-3.654156,18.014168,True,12.190001,17.119164,-1.0816997,22.494247,True
2024-09-10 05:05:00,9.469999,107,-5,9.35,13.284813,-1.8227085,17.928669,True,12.169998,17.068241,0.38721433,21.88234,True
2024-09-10 05:10:00,8.08,107,-4,9.880001,11.784922,-2.492226,16.29459,True,12.670002,15.516781,-0.20090325,20.219898,True
2024-09-10 05:15:00,8.220001,107,-3,10.66,11.562742,-2.5266879,16.173512,True,12.5,14.971882,-0.4835647,19.801506,True
2024-09-10 05:20:00,9.09,107,-1,11.380001,12.111095,-2.1278746,17.021984,True,11.870001,15.2174835,-0.36875185,20.362732,True
2024-09-10 05:25:00,8.91,107,-1,10.58,11.499588,-2.7568724,16.847488,True,11.49,14.212208,-1.32486,19.81792,True
2024-09-10 05:30:00,8.57,107,-1,11.360001,11.074688,-3.8391306,17.068771,True,11.950001,13.701813,-2.5423777,19.928368,True
2024-09-10 05:35:00,9.280001,107,-1,10.91,11.7158165,-4.178062,18.138752,True,12.77,14.281055,-3.0357745,20.913021,True
2024-09-10 05:40:00,8.73,107,0,10.780001,11.734232,-4.248484,18.026436,True,12.32,14.8593025,-2.71007,21.315495,True
2024-09-10 05:45:00,8.390001,107,2,10.700001,12.338516,-3.6813586,18.321796,True,12.57,16.327572,-1.4477066,22.415585,True
2024-09-10 05:50:00,9.530001,107,3,11.810001,13.968945,-3.5288126,20.266933,True,13.700001,18.334053,-1.1681503,24.675037,True
2024-09-10 05:55:00,9.360001,107,4,11.860001,14.024109,-3.2047293,19.934216,True,14.07,18.661026,-0.63536674,24.60001,True
2024-09-10 06:00:00,9.190001,107,4,12.190001,14.184811,-2.401209,19.612907,True,14.380001,19.118294,0.48434988,24.599747,True
2024-09-10 06:05:00,9.35,107,3,12.169998,14.600212,-1.7305435,19.74157,True,14.66,19.730389,1.3703667,24.940765,True
2024-09-10 06:10:00,9.880001,107,2,12.670002,15.692688,-0.9086879,20.640614,True,13.41,21.243801,2.4873006,26.256363,True
2024-09-10 06:15:00,10.66,107,1,12.5,17.325657,-0.48154673,22.458218,True,12.369999,23.46577,3.1877325,28.616268,True
2024-09-10 06:20:00,11.380001,107,1,11.870001,17.971378,-1.7077564,23.910023,True,11.950001,23.985939,1.6372448,29.859737,True
2024-09-10 06:25:00,10.58,107,3,11.49,17.734356,-3.1773074,24.098495,True,11.370001,24.224216,0.4011475,30.407486,True
2024-09-10 06:30:00,11.360001,107,2,11.950001,18.655972,-4.278979,25.609615,True,10.43,25.160912,-0.9070094,31.849262,True
2024-09-10 06:35:00,10.91,107,1,12.77,17.659801,-4.9558797,24.750484,True,9.380001,23.81874,-1.7654995,30.654778,True
2024-09-10 06:40:00,10.780001,107,1,12.32,17.190903,-4.3723884,24.173874,True,9.810001,23.11156,-1.2195457,29.891808,True
2024-09-10 06:45:00,10.700001,107,2,12.57,16.843655,-3.6454833,23.641006,True,9.83,22.56625,-0.51714164,29.21991,True
2024-09-10 06:50:00,11.810001,107,2,13.700001,17.407898,-3.5299456,24.517185,True,9.48,22.597183,-0.8145831,29.596306,True
2024-09-10 06:55:00,11.860001,107,3,14.07,16.680496,-2.8582366,23.745087,True,10.17,21.258587,-0.44830164,28.29322,True
2024-09-10 07:00:00,12.190001,107,4,14.380001,16.193054,-2.8508666,23.651642,True,10.620001,20.076946,-0.9019397,27.55783,True
2024-09-10 07:05:00,12.169998,107,5,14.66,15.375729,-4.051291,23.542679,True,10.99,18.541325,-2.6169627,26.760727,True
2024-09-10 07:10:00,12.670002,107,4,13.41,15.180332,-5.635978,24.17598,True,11.17,17.661903,-4.716374,26.734936,True
2024-09-10 07:15:00,12.5,107,5,12.369999,14.430405,-8.022637,24.11087,True,11.58,16.345615,-7.499089,26.116867,True
2024-09-10 07:20:00,11.870001,107,5,11.950001,13.796753,-8.07205,23.520363,True,11.6,15.7175255,-7.5114837,25.531662,True
2024-09-10 07:25:00,11.49,107,5,11.370001,13.657406,-7.304129,23.045551,True,11.41,15.822838,-6.5472198,25.287422,True
2024-09-10 07:30:00,11.950001,107,5,10.43,14.4825325,-5.406836,23.284573,True,11.73,16.993275,-4.3675704,25.855762,True
2024-09-10 07:35:00,12.77,107,5,9.380001,15.818687,-3.801904,23.933994,True,12.24,18.799347,-2.4418204,26.94286,True
2024-09-10 07:40:00,12.32,107,7,9.810001,16.018822,-3.1092398,23.504032,True,12.959999,19.621387,-1.2927746,27.090946,True
2024-09-10 07:45:00,12.57,107,10,9.83,16.904224,-1.7531761,23.792461,True,12.52,21.071995,0.4851891,27.918346,True
2024-09-10 07:50:00,13.700001,107,11,9.48,18.3993,0.5869977,24.781452,True,12.549999,22.80906,3.0494554,29.184616,True
2024-09-10 07:55:00,14.07,107,11,10.17,18.9473,1.1170765,25.0919,True,14.59,23.482647,3.6705682,29.613903,True
2024-09-10 08:00:00,14.380001,107,10,10.620001,19.25449,1.2906166,25.361477,True,15.459999,23.7636,3.8278654,29.84351,True
2024-09-10 08:05:00,14.66,107,10,10.99,19.696285,1.7214104,25.77158,True,16.32,24.306705,4.33439,30.349297,True
2024-09-10 08:10:00,13.41,107,10,11.17,18.731346,0.54078263,24.895802,True,15.23,23.642597,3.3772142,29.720116,True
2024-09-10 08:15:00,12.369999,107,9,11.58,17.992641,-0.41673884,24.222366,True,15.509998,23.206326,2.63578,29.298584,True
2024-09-10 08:20:00,11.950001,107,8,11.6,17.697216,-0.99128944,23.986858,True,15.319996,23.029007,2.1290205,29.145634,True
2024-09-10 08:25:00,11.370001,107,8,11.41,17.210098,-1.0552086,23.490776,True,14.34,22.643028,2.2067049,28.748886,True
2024-09-10 08:30:00,10.43,107,8,11.73,16.307411,-1.5475734,22.707573,True,13.700001,21.83149,1.8637558,28.049435,True
2024-09-10 08:35:00,9.380001,107,8,12.24,15.268124,-2.9060118,21.76849,True,12.290001,20.896877,0.59758157,27.150452,True
2024-09-10 08:40:00,9.810001,107,8,12.959999,16.271362,-2.3652365,22.677895,True,11.200001,22.321774,1.4092366,28.438904,True
2024-09-10 08:45:00,9.83,107,9,12.52,16.820034,-2.536116,23.383469,True,10.02,23.250751,1.4673611,29.471733,True
2024-09-10 08:50:00,9.48,107,8,12.549999,17.116848,-4.061744,24.099632,True,10.030001,24.040432,0.13349502,30.54943,True
2024-09-10 08:55:00,10.17,107,9,14.59,17.709614,-5.2517,25.121662,True,8.91,24.467876,-1.3139385,31.329094,True
2024-09-10 09:00:00,10.620001,107,10,15.459999,18.15525,-4.9440074,25.587135,True,6.9999995,24.842663,-1.0627483,31.73172,True
2024-09-10 09:05:00,10.99,107,10,16.32,18.311752,-5.1067157,25.931404,True,8.98,24.778324,-1.3842758,31.861706,True
2024-09-10 09:10:00,11.17,107,10,15.23,18.27666,-5.378965,26.004608,True,10.210001,24.554264,-1.7778629,31.738163,True
2024-09-10 09:15:00,11.58,107,10,15.509998,18.395676,-4.9208293,26.065792,True,11.09,24.41174,-1.4638542,31.563347,True
2024-09-10 09:20:00,11.6,107,10,15.319996,18.024967,-5.482552,25.858448,True,7.7099986,23.714066,-2.2338393,31.028679,True
2024-09-10 09:25:00,11.41,107,11,14.34,16.925972,-5.2434583,24.82877,True,7.5799994,21.90026,-2.3741152,29.367977,True
2024-09-10 09:30:00,11.73,107,11,13.700001,16.610935,-5.4589276,24.796234,True,7.69,21.017307,-2.9439528,28.805214,True
2024-09-10 09:35:00,12.24,107,11,12.290001,16.383877,-5.603356,24.833317,True,8.649998,20.120724,-3.5185168,28.224174,True
2024-09-10 09:40:00,12.959999,107,10,11.200001,16.349586,-5.772572,25.194939,True,7.4199996,19.382954,-4.130811,27.93504,True
2024-09-10 09:45:00,12.52,107,10,10.02,15.300873,-6.099318,24.452618,True,5.649999,17.813328,-4.740641,26.714302,True
2024-09-10 09:50:00,12.549999,107,11,10.030001,15.158257,-7.667274,24.685497,True,5.1,17.488628,-6.442867,26.751556,True
2024-09-10 09:55:00,14.59,107,13,8.91,17.772728,-5.761293,27.238968,True,4.230001,20.527546,-4.2955813,29.689884,True
2024-09-10 10:00:00,15.459999,107,12,6.9999995,19.336864,-3.587498,28.596657,True,3.8999994,22.62843,-1.7543873,31.558605,True
2024-09-10 10:05:00,16.32,107,13,8.98,20.151161,-4.441381,29.473942,True,3.6499994,23.313522,-2.719496,32.290485,True
2024-09-10 10:10:00,15.23,107,12,10.210001,19.448433,-4.0678935,28.276676,True,4.6699996,22.988297,-2.0828135,31.437565,True
2024-09-10 10:15:00,15.509998,107,12,11.09,20.65717,-3.2083342,29.011696,True,8.07,24.870548,-0.8327144,32.802628,True
2024-09-10 10:20:00,15.319996,107,12,7.7099986,20.819569,-4.3725915,29.237686,True,7.2399993,25.254932,-1.8920654,33.20242,True
2024-09-10 10:25:00,14.34,107,10,7.5799994,19.180855,-3.9214566,27.446224,True,6.5799994,23.206379,-1.6068748,31.037758,True
2024-09-10 10:30:00,13.700001,107,11,7.69,17.867104,-4.0392756,26.02295,True,6.399999,21.405083,-1.9744629,29.15715,True
2024-09-10 10:35:00,12.290001,107,11,8.649998,16.30965,-4.16116,24.357159,True,6.7100005,19.784706,-2.0683482,27.44075,True
2024-09-10 10:40:00,11.200001,107,11,7.4199996,14.858311,-5.474259,23.193924,True,6.9099994,18.058567,-3.5276606,26.003033,True
2024-09-10 10:45:00,10.02,107,9,5.649999,13.403072,-5.7732797,21.847286,True,7.4500003,16.387276,-3.9021237,24.461243,True
2024-09-10 10:50:00,10.030001,107,9,5.1,13.289345,-5.689201,21.759384,True,7.559999,16.154243,-3.8771918,24.257969,True
2024-09-10 10:55:00,8.91,107,7,4.230001,12.195116,-6.2481675,20.668903,True,7.4099994,15.112625,-4.360105,23.213001,True
2024-09-10 11:00:00,6.9999995,107,8,3.8999994,10.40967,-7.1757684,18.849106,True,7.1599994,13.492973,-5.111296,21.544743,True
2024-09-10 11:05:00,8.98,107,9,3.6499994,12.763824,-5.3158584,20.912994,True,7.229999,16.12775,-3.09108,23.866241,True
2024-09-10 11:10:00,10.210001,107,8,4.6699996,14.518257,-3.569914,22.241386,True,7.7399993,18.285389,-1.0738491,25.580914,True
2024-09-10 11:15:00,11.09,107,8,8.07,15.878601,-2.3451712,23.328655,True,8.880001,19.997326,0.38213125,27.005882,True
2024-09-10 11:20:00,7.7099986,107,8,7.2399993,12.937782,-4.285006,20.314854,True,10.630001,17.592396,-1.0438179,24.48201,True
2024-09-10 11:25:00,7.5799994,107,8,6.5799994,12.919678,-4.0219626,20.128456,True,13.560001,17.669712,-0.66921073,24.388054,True
2024-09-10 11:30:00,7.69,107,7,6.399999,12.930351,-3.8659375,20.03656,True,13.43,17.591518,-0.5492442,24.212978,True
2024-09-10 11:35:00,8.649998,107,6,6.7100005,13.63586,-3.1763194,20.615768,True,13.330002,18.038902,-0.049974754,24.547028,True
2024-09-10 11:40:00,7.4199996,107,5,6.9099994,12.247957,-4.1368537,19.193233,True,12.290001,16.583675,-0.98862296,23.05072,True
2024-09-10 11:45:00,5.649999,107,5,7.4500003,10.571295,-5.623112,17.423695,True,11.9,15.066986,-2.2821505,21.414883,True
2024-09-10 11:50:00,5.1,107,4,7.559999,9.620691,-6.015639,16.474724,True,10.760002,13.807972,-2.8275816,20.177948,True
2024-09-10 11:55:00,4.230001,107,4,7.4099994,8.894274,-6.4156165,15.426731,True,10.85,13.247852,-3.0085928,19.290024,True
2024-09-10 12:00:00,3.8999994,107,5,7.1599994,8.714388,-7.0528007,15.120197,True,12.140001,13.215721,-3.5557806,19.090755,True
2024-09-10 12:05:00,3.6499994,107,5,7.229999,8.7327,-7.4148145,15.110596,True,12.140001,13.471958,-3.757479,19.281845,True
2024-09-10 12:10:00,4.6699996,107,7,7.7399993,9.948185,-6.5327163,16.262276,True,11.26,14.788429,-2.848099,20.525803,True
2024-09-10 12:15:00,8.07,107,8,8.880001,12.977386,-3.3513625,19.221596,True,11.02,17.32938,-0.103309944,23.066471,True
2024-09-10 12:20:00,7.2399993,107,8,10.630001,12.050253,-4.0653605,18.20528,True,11.390001,16.361595,-0.800463,21.998596,True
2024-09-10 12:25:00,6.5799994,107,9,13.560001,11.326803,-4.8022437,17.49466,True,11.140001,15.615219,-1.528149,21.249062,True
2024-09-10 12:30:00,6.399999,107,9,13.43,11.0993,-5.111031,17.256382,True,11.1,15.347797,-1.8602298,20.962044,True
2024-09-10 12:35:00,6.7100005,107,9,13.330002,11.269213,-4.9132895,17.48476,True,10.93,15.369698,-1.7703594,21.05172,True
2024-09-10 12:40:00,6.9099994,107,8,12.290001,11.253067,-5.0435863,17.506882,True,11.41,15.149387,-2.0586836,20.869526,True
2024-09-10 12:45:00,7.4500003,107,8,11.9,11.605028,-4.999389,17.909325,True,11.940001,15.3081665,-2.1880248,21.078236,True
2024-09-10 12:50:00,7.559999,107,8,10.760002,11.820559,-5.0303273,18.205563,True,12.07,15.604431,-2.170849,21.43214,True
2024-09-10 12:55:00,7.4099994,107,8,10.85,11.901058,-4.5787654,18.114304,True,13.010002,15.86739,-1.5527405,21.52388,True
2024-09-10 13:00:00,7.1599994,107,7,12.140001,11.622179,-3.9887707,17.629128,True,11.02,15.553562,-0.9221118,21.035984,True
2024-09-10 13:05:00,7.229999,107,6,12.140001,11.739851,-3.922108,17.621643,True,9.41,15.699875,-0.8377269,21.04771,True
2024-09-10 13:10:00,7.7399993,107,6,11.26,12.510433,-3.429188,18.222576,True,8.98,16.654388,-0.22669442,21.816822,True
2024-09-10 13:15:00,8.880001,107,6,11.02,13.859581,-2.56658,19.434807,True,9.710001,18.099197,0.6498124,23.118694,True
2024-09-10 13:20:00,10.630001,107,7,11.390001,15.668827,-1.5714935,21.179554,True,11.110001,19.84555,1.5086552,24.803856,True
2024-09-10 13:25:00,13.560001,107,7,11.140001,18.279766,-0.101641014,23.755505,True,12.66,22.030712,2.5665987,26.980072,True
2024-09-10 13:30:00,13.43,107,7,11.1,18.643482,0.49934927,24.100475,True,11.530001,22.760914,3.4482954,27.69262,True
2024-09-10 13:35:00,13.330002,107,7,10.93,18.53614,0.11738174,24.013794,True,10.75,22.639694,3.0715024,27.58115,True
2024-09-10 13:40:00,12.290001,107,7,11.41,17.538673,-1.5605282,23.10765,True,10.440001,21.731438,1.4589134,26.705482,True
2024-09-10 13:45:00,11.9,107,7,11.940001,16.934418,-2.6483557,22.59314,True,10.780001,20.973774,0.24818961,26.008995,True
2024-09-10 13:50:00,10.760002,107,6,12.07,15.690502,-1.8628467,21.232136,True,10.49,19.70554,1.1519696,24.669914,True
2024-09-10 13:55:00,10.85,107,5,13.010002,15.227909,-1.8123382,20.632065,True,11.58,18.812359,0.94304055,23.661625,True
2024-09-10 14:00:00,12.140001,107,5,11.02,16.06015,-1.0171646,21.323544,True,10.6,19.219833,1.430801,23.957989,True
2024-09-10 14:05:00,12.140001,107,5,9.41,15.626823,-1.2059883,20.876839,True,9.460001,18.436169,1.0241295,23.17194,True
2024-09-10 14:10:00,11.26,107,5,8.98,14.314171,-2.3116515,19.681877,True,8.720001,16.8017,-0.27622637,21.66058,True
2024-09-10 14:15:00,11.02,107,5,9.710001,13.956127,-2.9068415,19.499023,True,8.040001,16.352863,-0.9266742,21.374985,True
2024-09-10 14:20:00,11.390001,107,5,11.110001,14.065514,-2.7400362,19.605831,True,6.7599998,16.222073,-0.9226287,21.256401,True
2024-09-10 14:25:00,11.140001,107,5,12.66,13.535606,-3.4186194,19.335556,True,6.36,15.452686,-1.7555202,20.751144,True
2024-09-10 14:30:00,11.1,107,5,11.530001,13.212311,-3.598717,19.259197,True,6.11,14.885429,-2.0900252,20.441189,True
2024-09-10 14:35:00,10.93,107,5,10.75,12.95385,-3.5118887,19.032444,True,5.9999995,14.551064,-2.0453951,20.145458,True
2024-09-10 14:40:00,11.41,107,5,10.440001,13.301735,-3.1302245,19.443317,True,5.8399997,14.767296,-1.7493671,20.431263,True
2024-09-10 14:45:00,11.940001,107,6,10.780001,13.768139,-3.017258,19.967999,True,5.8800006,15.158928,-1.6883434,20.883606,True
2024-09-10 14:50:00,12.07,107,6,10.49,13.8997345,-1.7948307,19.79879,True,6.11,15.2771,-0.46761164,20.702648,True
2024-09-10 14:55:00,13.010002,107,6,11.58,14.767178,-0.7029212,20.597584,True,7.0799994,16.057808,0.55781335,21.424248,True
2024-09-10 15:00:00,11.02,107,6,10.6,12.929153,-2.117411,18.710033,True,7.4500003,14.387745,-0.7127784,19.685055,True
2024-09-10 15:05:00,9.41,107,6,9.460001,11.486761,-3.0838149,17.07994,True,8.450001,13.125446,-1.5343021,18.225883,True
2024-09-10 15:10:00,8.98,107,6,8.720001,11.57259,-2.4098856,16.787518,True,8.57,13.667873,-0.5064433,18.370564,True
2024-09-10 15:15:00,9.710001,107,7,8.040001,12.755943,-1.4285206,17.511608,True,9.079998,15.217762,0.74577683,19.455318,True
2024-09-10 15:20:00,11.110001,107,8,6.7599998,14.557232,-0.3314422,18.999584,True,9.130001,17.293453,2.0090673,21.215412,True
2024-09-10 15:25:00,12.66,107,9,6.36,16.298588,0.4457833,20.609669,True,9.640001,19.114765,2.7893598,22.907578,True
2024-09-10 15:30:00,11.530001,107,8,6.11,15.495865,-0.5794299,19.82861,True,9.67,18.605759,1.9835888,22.391464,True
2024-09-10 15:35:00,10.75,107,8,5.9999995,14.873596,-1.1103195,19.238365,True,9.360001,18.134014,1.5836617,21.934711,True
2024-09-10 15:40:00,10.440001,107,8,5.8399997,14.677349,-0.75040466,18.939,True,9.32,18.037544,2.0478895,21.748718,True
2024-09-10 15:45:00,10.780001,107,7,5.8800006,14.99435,-0.33734736,19.139736,True,9.039999,18.318218,2.4405057,21.925976,True
2024-09-10 15:50:00,10.49,107,7,6.11,14.627506,-0.43877634,18.71342,True,8.460001,17.903763,2.323057,21.460896,True
2024-09-10 15:55:00,11.58,107,7,7.0799994,15.292812,0.10234229,19.389034,True,8.550001,18.196095,2.5706174,21.78542,True
2024-09-10 16:00:00,10.6,107,7,7.4500003,13.988243,-0.8092559,18.176281,True,8.5,16.679768,1.5307556,20.363167,True
2024-09-10 16:05:00,9.460001,107,7,8.450001,12.573139,-1.7113746,16.815113,True,7.729999,15.085251,0.5306298,18.825653,True
2024-09-10 16:10:00,8.720001,107,6,8.57,11.667477,-2.2797682,15.939659,True,8.16,14.069984,-0.099899605,17.848763,True
2024-09-10 16:15:00,8.040001,107,6,9.079998,10.862808,-2.7301524,15.11142,True,8.440001,13.184402,-0.5875781,16.945011,True
2024-09-10 16:20:00,6.7599998,107,6,9.130001,9.349142,-3.9725935,13.725956,True,9.1,11.512754,-1.9271473,15.401211,True
2024-09-10 16:25:00,6.36,107,6,9.640001,8.678476,-4.4621005,13.084976,True,10.130001,10.626001,-2.5776122,14.558327,True
2024-09-10 16:30:00,6.11,107,6,9.67,8.300741,-4.251572,12.581272,True,10.110001,10.148375,-2.4302542,13.970898,True
2024-09-10 16:35:00,5.9999995,107,6,9.360001,7.9274325,-4.137549,12.033838,True,11.040001,9.557383,-2.4798758,13.2314,True
2024-09-10 16:40:00,5.8399997,107,6,9.32,7.620401,-4.432115,11.6590805,True,12.0,9.1316185,-2.866976,12.749073,True
2024-09-10 16:45:00,5.8800006,107,5,9.039999,7.521299,-4.54446,11.511368,True,12.0,8.913889,-3.07247,12.490929,True
2024-09-10 16:50:00,6.11,107,5,8.460001,7.832832,-4.203151,11.782688,True,11.130001,9.297342,-2.6747077,12.832783,True
2024-09-10 16:55:00,7.0799994,107,5,8.550001,8.905186,-3.1951163,12.650391,True,10.630001,10.445063,-1.6201538,13.783287,True
2024-09-10 17:00:00,7.4500003,107,6,8.5,9.661005,-2.7054484,13.196266,True,10.75,11.523506,-0.88352233,14.639114,True
2024-09-10 17:05:00,8.450001,107,6,7.729999,10.978905,-1.7306255,14.292881,True,10.839998,13.084621,0.26110616,15.978989,True
2024-09-10 17:10:00,8.57,107,5,8.16,11.314943,-1.5230659,14.517254,True,11.290001,13.595493,0.59910744,16.374115,True
2024-09-10 17:15:00,9.079998,107,6,8.440001,12.061441,-1.0520023,15.19796,True,11.76,14.52248,1.1913735,17.233131,True
2024-09-10 17:20:00,9.130001,107,6,9.1,11.999992,-0.99472076,15.088398,True,11.620003,14.372292,1.1764504,17.041119,True
2024-09-10 17:25:00,9.640001,107,6,10.130001,12.117981,-0.70295745,15.217831,True,11.310001,14.163208,1.206926,16.865715,True
2024-09-10 17:30:00,9.67,107,6,10.110001,12.165096,-0.5461276,15.30114,True,12.330002,14.222713,1.3653103,16.969517,True
2024-09-10 17:35:00,9.360001,107,5,11.040001,12.062988,-0.80262023,15.4003105,True,13.080002,14.294254,1.2375427,17.233513,True
2024-09-10 17:40:00,9.32,107,5,12.0,11.712572,-0.8424762,15.162472,True,13.450001,13.695377,1.0137726,16.762646,True
2024-09-10 17:45:00,9.039999,107,5,12.0,10.914227,-1.443848,14.517933,True,14.57,12.483009,0.097354576,15.72567,True
2024-09-10 17:50:00,8.460001,107,5,11.130001,9.921299,-1.852404,13.4893875,True,15.639999,11.160479,-0.5562728,14.388996,False
2024-09-10 17:55:00,8.550001,107,5,10.630001,9.992582,-1.7738422,13.342281,True,16.280003,11.219122,-0.48640093,14.232922,False
2024-09-10 18:00:00,8.5,107,5,10.75,10.338169,-1.6870083,13.503216,True,16.8,11.901901,-0.14861138,14.716488,False
2024-09-10 18:05:00,7.729999,107,5,10.839998,10.181759,-1.4565815,12.972725,True,16.850002,12.267614,0.49633947,14.693077,False
2024-09-10 18:10:00,8.16,107,5,11.290001,11.187319,-1.0809196,13.792667,True,17.190002,13.7349205,1.2089802,15.958317,False
2024-09-10 18:15:00,8.440001,107,5,11.76,12.067848,-1.0064739,14.597889,True,16.080002,15.084785,1.6050297,17.203896,True
2024-09-10 18:20:00,9.1,107,5,11.620003,13.237675,0.056537315,15.66991,True,16.190002,16.612823,2.9233625,18.647465,True
2024-09-10 18:25:00,10.130001,107,6,11.310001,14.658424,1.2637974,17.08355,True,18.2,18.26936,4.2870173,20.320835,True
2024-09-10 18:30:00,10.110001,107,7,12.330002,14.814362,0.9018857,17.409817,True,21.350002,18.55442,3.9890306,20.755207,False
2024-09-10 18:35:00,11.040001,107,8,13.080002,16.189804,1.3676811,19.04636,True,26.89,20.187534,4.573341,22.644665,False
2024-09-10 18:40:00,12.0,107,9,13.450001,17.61802,0.94555634,21.10025,True,23.52,21.856537,4.201984,24.894505,True
2024-09-10 18:45:00,12.0,107,9,14.57,17.66718,-0.6776393,22.004581,True,21.470001,21.926922,2.5155618,25.749825,True
2024-09-10 18:50:00,11.130001,107,9,15.639999,16.684597,-2.3035166,21.579144,True,19.900002,20.925816,0.8603055,25.251461,True
2024-09-10 18:55:00,10.630001,107,9,16.280003,15.91275,-3.580397,21.348248,True,17.280003,20.00383,-0.51766807,24.841179,True
2024-09-10 19:00:00,10.75,107,9,16.8,15.398846,-3.8663714,21.117897,True,16.670002,19.04646,-1.0817684,24.20359,True
2024-09-10 19:05:00,10.839998,107,9,16.850002,14.92783,-4.675628,21.08464,True,12.880001,18.177994,-2.1627696,23.796871,True
2024-09-10 19:10:00,11.290001,107,9,17.190002,14.501762,-5.9406886,21.416569,True,11.92,17.099693,-3.8399355,23.527412,True
2024-09-10 19:15:00,11.76,107,10,16.080002,14.450825,-5.8852944,21.670898,True,11.32,16.651192,-4.027621,23.43217,True
2024-09-10 19:20:00,11.620003,107,10,16.190002,13.294575,-5.7671065,20.62498,True,11.67,14.728275,-4.3730607,21.717632,True
2024-09-10 19:25:00,11.310001,107,10,18.2,12.1756115,-5.7926936,19.725319,True,11.630001,12.974529,-4.7945666,20.263275,True
2024-09-10 19:30:00,12.330002,107,11,21.350002,12.665398,-4.8412137,20.382511,False,11.76,13.02829,-4.1227117,20.542622,True
2024-09-10 19:35:00,13.080002,107,12,26.89,12.801632,-4.3072257,20.764294,False,14.170002,12.662609,-3.9054434,20.484901,True
2024-09-10 19:40:00,13.450001,107,12,23.52,12.658241,-4.228996,20.914234,False,13.73,12.100233,-4.0872226,20.268944,True
2024-09-10 19:45:00,14.57,107,14,21.470001,13.301846,-2.8183997,21.44484,False,9.67,12.349361,-2.9421103,20.444084,True
2024-09-10 19:50:00,15.639999,107,14,19.900002,14.074669,-1.7081817,21.873795,True,9.870001,12.885223,-1.9959148,20.65792,True
2024-09-10 19:55:00,16.280003,107,15,17.280003,14.66613,-1.0505451,22.197044,True,12.84,13.446514,-1.3707584,20.955544,True
2024-09-10 20:00:00,16.8,107,15,16.670002,15.427048,-0.16647561,22.457695,True,14.630001,14.416664,-0.3754829,21.402126,True
2024-09-10 20:05:00,16.850002,107,15,12.880001,15.950413,0.5180966,22.433487,True,14.549999,15.333336,0.53567666,21.732254,True
2024-09-10 20:10:00,17.190002,107,14,11.92,16.99715,2.2739694,22.730469,True,15.100002,16.94632,2.6053598,22.545494,True
2024-09-10 20:15:00,16.080002,107,14,11.32,16.647243,2.4571607,21.738205,True,14.91,17.197426,3.1548173,22.113533,True
2024-09-10 20:20:00,16.190002,107,14,11.67,17.15942,3.220125,21.646053,True,17.02,18.018108,4.1038184,22.319859,True
2024-09-10 20:25:00,18.2,107,17,11.630001,19.179523,4.9029994,23.101215,True,16.170002,20.021282,5.759214,23.775375,True
2024-09-10 20:30:00,21.350002,107,21,11.76,22.027817,6.929483,25.693321,True,15.350006,22.61501,7.6083083,26.141567,True
2024-09-10 20:35:00,26.89,107,26,14.170002,26.495934,9.929985,30.133331,True,15.18,26.311474,10.138706,29.847889,True
2024-09-10 20:40:00,23.52,107,25,13.73,24.180016,8.783405,27.67202,True,15.66,24.734108,9.409166,28.108406,True
2024-09-10 20:45:00,21.470001,107,22,9.67,22.66187,7.96561,26.153534,True,15.170002,23.611801,8.83703,26.971481,True
2024-09-10 20:50:00,19.900002,107,23,9.870001,21.466015,7.2100863,24.965237,True,13.59,22.705166,8.271645,26.058594,True
2024-09-10 20:55:00,17.280003,107,21,12.84,19.457237,5.8133826,23.018532,True,9.110001,21.185081,7.222944,24.570465,True
2024-09-10 21:00:00,16.670002,107,20,14.630001,19.105854,5.695461,22.750591,True,8.780001,21.029205,7.24353,24.493069,True
2024-09-10 21:05:00,12.880001,107,19,14.549999,16.09338,3.3986452,19.874657,True,9.220001,18.675034,5.4723754,22.222206,True
2024-09-10 21:10:00,11.92,107,17,15.100002,15.32523,2.7178495,19.21154,True,8.550001,18.072151,4.9244323,21.70774,True
2024-09-10 21:15:00,11.32,107,17,14.91,14.6209755,2.1504247,18.621105,True,9.290001,17.311726,4.3178573,21.055305,True
2024-09-10 21:20:00,11.67,107,17,17.02,14.644093,2.2989576,18.74401,True,8.950001,17.09032,4.2730403,20.947636,True
2024-09-10 21:25:00,11.630001,107,17,16.170002,14.272644,2.150934,18.5155,True,9.079998,16.48011,3.9420946,20.490612,True
2024-09-10 21:30:00,11.76,107,17,15.350006,14.134705,2.1635644,18.315735,True,8.59,16.141151,3.7945879,20.10376,True
2024-09-10 21:35:00,14.170002,107,17,15.18,15.950001,3.688709,20.138748,True,8.940001,17.467808,4.9276958,21.481876,True
2024-09-10 21:40:00,13.73,107,17,15.66,15.339207,3.435867,19.522305,True,9.060001,16.739468,4.5880923,20.756573,True
2024-09-10 21:45:00,9.67,107,14,15.170002,11.537554,0.6584622,15.891071,True,8.52,13.204632,2.0389688,17.358727,True
2024-09-10 21:50:00,9.870001,107,13,13.59,11.410236,0.79442567,15.791313,True,9.079998,12.816963,1.9686543,17.01936,True
2024-09-10 21:55:00,12.84,107,14,9.110001,13.762344,2.7051427,18.10152,True,9.370001,14.649883,3.464504,18.855694,True
2024-09-10 22:00:00,14.630001,107,15,8.780001,15.291943,3.911453,19.548237,True,9.34,15.962513,4.500835,20.107887,True
2024-09-10 22:05:00,14.549999,107,15,9.220001,15.217812,3.8160741,19.435776,True,9.5,15.895889,4.4038177,20.006592,True
2024-09-10 22:10:00,15.100002,107,15,8.550001,15.773739,4.384893,19.819221,True,10.030001,16.455063,4.9667754,20.400887,True
2024-09-10 22:15:00,14.91,107,15,9.290001,15.765629,4.297727,19.554722,True,10.02,16.593166,4.9788833,20.280457,True
2024-09-10 22:20:00,17.02,107,14,8.950001,17.66201,5.632528,21.26381,True,9.73,18.311024,6.173536,21.833961,True
2024-09-10 22:25:00,16.170002,107,13,9.079998,17.05967,5.4532695,20.54588,True,10.130001,17.904476,6.1271167,21.309414,True
2024-09-10 22:30:00,15.350006,107,13,8.59,16.593346,5.191234,19.917763,True,10.92,17.719791,6.0659556,20.955727,True
2024-09-10 22:35:00,15.18,107,13,8.940001,16.637589,5.3146358,19.926731,True,11.220001,17.926205,6.303642,21.128757,True
2024-09-10 22:40:00,15.66,107,13,9.060001,17.108593,5.842342,20.289982,True,11.310001,18.38306,6.8143535,21.488766,True
2024-09-10 22:45:00,15.170002,107,12,8.52,16.863731,5.529548,20.090279,True,11.610001,18.325989,6.63532,21.47271,True
2024-09-10 22:50:00,13.59,107,12,9.079998,15.290581,4.5386634,18.432808,True,10.890001,16.786373,5.683809,19.845665,True
2024-09-10 22:55:00,9.110001,107,8,9.370001,11.505953,1.6191612,14.527142,True,10.470001,13.60936,3.304592,16.51559,True
2024-09-10 23:00:00,8.780001,107,6,9.34,11.207403,1.4503418,14.130531,True,9.49,13.340168,3.168884,16.153858,True
2024-09-10 23:05:00,9.220001,107,5,9.5,11.827194,1.9541088,14.635902,True,9.220001,14.087887,3.7783506,16.795288,True
2024-09-10 23:10:00,8.550001,107,4,10.030001,11.2392235,1.4382035,14.0284195,True,8.91,13.571968,3.3328779,16.260014,True
2024-09-10 23:15:00,9.290001,107,4,10.02,11.923006,2.0230272,14.617519,True,8.360001,14.198521,3.855684,16.80407,True
2024-09-10 23:20:00,8.950001,107,4,9.73,11.781551,1.8695046,14.304092,True,7.4500003,14.217335,3.841726,16.654034,True
2024-09-10 23:25:00,9.079998,107,4,10.130001,12.022495,2.012552,14.445526,True,7.4099994,14.540504,4.049274,16.88519,True
2024-09-10 23:30:00,8.59,107,4,10.92,11.601002,1.6302868,13.952141,True,7.4099994,14.185307,3.727039,16.461449,True
2024-09-10 23:35:00,8.940001,107,5,11.220001,12.072607,1.9579674,14.428429,True,7.1,14.741634,4.1144443,17.030003,True
2024-09-10 23:40:00,9.060001,107,5,11.310001,12.429462,2.1496103,14.634766,True,7.35,15.275551,4.454,17.420517,True
2024-09-10 23:45:00,8.52,107,5,11.610001,11.858587,1.6820389,14.023685,True,7.8399997,14.698685,3.9875543,16.806866,True
2024-09-10 23:50:00,9.079998,107,4,10.890001,12.339897,2.137901,14.429516,True,8.25,15.1096,4.371101,17.156578,True
2024-09-10 23:55:00,9.370001,107,4,10.470001,12.677349,2.41407,14.712013,True,7.4999995,15.476353,4.6656985,17.47982,True
2024-09-11 00:00:00,9.34,107,4,9.49,12.660919,2.3879297,14.679138,True,7.0099998,15.474106,4.6464686,17.46828,True
2024-09-11 00:05:00,9.5,107,4,9.220001,12.777809,2.5340383,14.704498,True,6.7900004,15.559441,4.762979,17.473007,True
2024-09-11 00:10:00,10.030001,107,4,8.91,13.269917,2.9613035,15.130341,True,7.0799994,16.013294,5.1445518,17.874374,True
2024-09-11 00:15:00,10.02,107,4,8.360001,13.192657,2.8893468,15.129032,True,7.85,15.889786,5.0197635,17.833473,True
2024-09-11 00:20:00,9.73,107,3,7.4500003,12.753704,2.5886724,14.779045,True,8.280001,15.345631,4.628263,17.382404,True
2024-09-11 00:25:00,10.130001,107,2,7.4099994,12.970169,2.8502824,15.049412,True,8.41,15.4164505,4.7536616,17.517235,True
2024-09-11 00:30:00,10.92,107,2,7.4099994,13.6405525,3.4387186,15.737114,True,8.57,15.982933,5.233278,18.114468,True
2024-09-11 00:35:00,11.220001,107,2,7.1,14.0042305,3.73291,16.031075,True,8.310001,16.392403,5.5609145,18.465244,True
2024-09-11 00:40:00,11.310001,107,2,7.35,14.2006,3.8431852,16.200207,True,8.98,16.669128,5.7343726,18.724762,True
2024-09-11 00:45:00,11.610001,107,1,7.8399997,14.503948,4.0723453,16.527077,True,10.360001,16.96722,5.954574,19.055737,True
2024-09-11 00:50:00,10.890001,107,2,8.25,14.015659,3.5732305,15.974003,True,9.66,16.6684,5.634397,18.694454,True
2024-09-11 00:55:00,10.470001,107,2,7.4999995,13.650238,3.2307603,15.524143,True,10.310001,16.355286,5.3479342,18.303272,True
2024-09-11 01:00:00,9.49,107,2,7.0099998,12.810616,2.4857728,14.537449,True,10.42,15.646618,4.742471,17.45028,True
2024-09-11 01:05:00,9.220001,107,1,6.7900004,12.438007,2.1862485,14.080368,True,10.140001,15.21064,4.3836226,16.936142,True
2024-09-11 01:10:00,8.91,107,2,7.0799994,12.107361,1.93885,13.630161,True,9.35,14.881809,4.1340632,16.4985,True
2024-09-11 01:15:00,8.360001,107,2,7.85,11.719721,1.4985825,13.184284,True,9.8600025,14.646416,3.8167722,16.20803,True
2024-09-11 01:20:00,7.4500003,107,2,8.280001,10.890793,0.6661164,12.4369545,True,9.870001,13.923447,3.0597131,15.561153,True
2024-09-11 01:25:00,7.4099994,107,2,8.41,10.850828,0.5115449,12.552021,True,9.370001,13.903423,2.8834512,15.693466,True
2024-09-11 01:30:00,7.4099994,107,2,8.57,11.203938,0.58489007,12.985622,True,8.720001,14.542496,3.1829221,16.408783,True
2024-09-11 01:35:00,7.1,107,2,8.310001,11.244049,0.32990423,13.234264,True,8.690001,14.854328,3.1593492,16.925247,True
2024-09-11 01:40:00,7.35,107,2,8.98,11.615431,0.54849976,13.681282,True,8.550001,15.306564,3.4494112,17.463535,True
2024-09-11 01:45:00,7.8399997,107,3,10.360001,12.16774,0.99341935,14.213264,True,8.609999,15.882534,3.926399,18.03735,True
2024-09-11 01:50:00,8.25,107,3,9.66,12.657166,1.3798901,14.684372,True,7.52,16.410568,4.357013,18.564056,True
2024-09-11 01:55:00,7.4999995,107,3,10.310001,12.01874,0.7636754,14.093311,True,7.309999,15.876385,3.8654058,18.076267,True
2024-09-11 02:00:00,7.0099998,107,3,10.42,11.325001,0.20514266,13.469894,True,7.7599998,15.041733,3.1991441,17.31438,True
2024-09-11 02:05:00,6.7900004,107,3,10.140001,11.952349,0.3198754,14.135006,True,7.94,16.316673,3.8629816,18.62363,True
2024-09-11 02:10:00,7.0799994,107,3,9.35,12.485298,0.36411825,15.091679,True,9.039999,17.022194,3.9710577,19.73096,True
2024-09-11 02:15:00,7.85,107,3,9.8600025,12.766258,0.70934457,15.641251,True,11.190002,16.912292,3.94186,19.897602,True
2024-09-11 02:20:00,8.280001,107,4,9.870001,12.9128685,0.8479516,15.964081,True,11.660002,16.83728,3.858568,20.005146,True
2024-09-11 02:25:00,8.41,107,4,9.370001,12.737625,0.7548501,15.928547,True,12.75,16.433891,3.5586908,19.744919,True
2024-09-11 02:30:00,8.57,107,4,8.720001,12.271536,0.7012517,15.384888,True,14.420002,15.500198,3.118759,18.753445,True
2024-09-11 02:35:00,8.310001,107,4,8.690001,11.739553,0.39287534,14.760582,True,15.650002,14.7825165,2.6493661,17.950665,True
2024-09-11 02:40:00,8.98,107,5,8.550001,12.223658,0.7864987,15.348717,True,15.639999,15.118259,2.879007,18.401089,True
2024-09-11 02:45:00,10.360001,107,7,8.609999,13.28009,1.7349297,16.55146,True,16.470001,15.900055,3.5528162,19.348927,True
2024-09-11 02:50:00,9.66,107,7,7.52,12.718933,1.08102,16.235443,True,16.580002,15.47863,2.9943101,19.163975,True
2024-09-11 02:55:00,10.310001,107,7,7.309999,13.459526,1.4607807,17.163406,True,17.190002,16.290161,3.38084,20.162525,True
2024-09-11 03:00:00,10.42,107,7,7.7599998,13.612583,1.2571331,17.598606,True,16.670002,16.48928,3.160961,20.633457,True
2024-09-11 03:05:00,10.140001,107,7,7.94,13.885841,1.1860996,17.86316,True,15.310001,17.219883,3.4396684,21.344456,True
2024-09-11 03:10:00,9.35,107,7,9.039999,13.105522,0.6443593,16.972862,True,15.549999,16.469719,2.9826963,20.499119,True
2024-09-11 03:15:00,9.8600025,107,7,11.190002,13.56736,1.2989002,17.018208,True,15.630001,16.893555,3.6482084,20.542591,True
2024-09-11 03:20:00,9.870001,107,8,11.660002,13.561226,1.1751477,17.06034,True,15.749996,16.884388,3.513561,20.587196,True
2024-09-11 03:25:00,9.370001,107,6,12.75,12.873592,0.7772042,16.311863,True,15.580002,16.061256,3.0436094,19.725113,True
2024-09-11 03:30:00,8.720001,107,6,14.420002,12.112101,0.21613662,15.514118,True,16.34,15.228828,2.449787,18.86761,True
2024-09-11 03:35:00,8.690001,107,6,15.650002,12.103046,0.3039948,15.465988,False,16.060001,15.233894,2.5725782,18.848251,True
2024-09-11 03:40:00,8.550001,107,6,15.639999,11.942461,0.19169776,15.388912,False,16.760002,15.057648,2.456638,18.767506,True
2024-09-11 03:45:00,8.609999,107,6,16.470001,11.890125,0.053983375,15.4786415,False,17.600002,14.917522,2.2245157,18.770874,True
2024-09-11 03:50:00,7.52,107,4,16.580002,10.830635,-0.8881381,14.516598,False,17.940002,13.907158,1.3545052,17.859306,False
2024-09-11 03:55:00,7.309999,107,4,17.190002,10.649767,-1.1684536,14.514488,False,18.679996,13.759357,1.0913025,17.8889,False
2024-09-11 04:00:00,7.7599998,107,5,16.670002,11.00091,-0.9676841,15.096691,False,18.54,14.028481,1.1811787,18.394566,False
2024-09-11 04:05:00,7.94,107,5,15.310001,11.19165,-0.86382896,15.393826,True,19.18,14.229328,1.286596,18.701775,False
2024-09-11 04:10:00,9.039999,107,7,15.549999,12.309341,0.0110031795,16.583591,True,20.440002,15.3479,2.1217325,19.898891,False
2024-09-11 04:15:00,11.190002,107,10,15.630001,14.5153885,1.7903744,18.81258,True,20.61,17.56467,3.83172,22.152515,True
2024-09-11 04:20:00,11.660002,107,11,15.749996,15.18301,2.1040723,19.554142,True,21.600002,18.387424,4.230865,23.044556,True
2024-09-11 04:25:00,12.75,107,11,15.580002,16.331947,2.7628934,20.8465,True,21.440002,19.569065,4.8424335,24.363716,True
2024-09-11 04:30:00,14.420002,107,11,16.34,17.962196,3.9121034,22.583271,True,21.370003,21.129314,5.8595157,26.040215,True
2024-09-11 04:35:00,15.650002,107,11,16.060001,19.301716,4.7982497,23.95398,True,22.3,22.519367,6.721683,27.473015,True
2024-09-11 04:40:00,15.639999,107,11,16.760002,19.659626,4.7631774,24.382366,True,21.41,23.157818,6.8684936,28.171371,True
2024-09-11 04:45:00,16.470001,107,10,17.600002,20.50483,5.055778,25.43259,True,21.600002,23.984493,7.0762305,29.200283,True
2024-09-11 04:50:00,16.580002,107,10,17.940002,20.731495,4.9793277,25.761166,True,22.27,24.294361,7.0273757,29.610676,True
2024-09-11 04:55:00,17.190002,107,9,18.679996,21.425602,5.2086787,26.576218,True,22.09,25.025398,7.228435,30.461033,True
2024-09-11 05:00:00,16.670002,107,9,18.54,20.952301,4.602344,26.231663,True,21.760002,24.620491,6.6595054,30.165379,True
2024-09-11 05:05:00,15.310001,107,8,19.18,19.540157,3.657709,24.827297,True,20.96,23.248646,5.798513,28.7891,True
2024-09-11 05:10:00,15.549999,107,7,20.440002,19.413368,3.5384023,24.814991,True,19.98,22.85553,5.458118,28.51752,True
2024-09-11 05:15:00,15.630001,107,8,20.61,18.90097,3.0960062,24.600159,True,19.7,21.900612,4.673761,27.862663,True
2024-09-11 05:20:00,15.749996,107,7,21.600002,18.35865,2.6261213,24.404491,True,19.029999,20.8443,3.8019598,27.16629,True
2024-09-11 05:25:00,15.580002,107,7,21.440002,17.812908,2.308067,24.057629,True,18.77,19.998314,3.2714365,26.534222,True
2024-09-11 05:30:00,16.34,107,7,21.370003,18.296413,2.4956377,24.775635,True,18.77,20.24223,3.2495744,27.025295,True
2024-09-11 05:35:00,16.060001,107,8,22.3,17.982372,2.2458875,24.560566,True,19.940002,19.905144,2.9922693,26.783722,True
2024-09-11 05:40:00,16.760002,107,8,21.41,18.959408,2.9629686,25.442085,True,21.54,21.103458,3.8586118,27.87733,True
2024-09-11 05:45:00,17.600002,107,8,21.600002,19.735931,3.217655,26.398441,True,20.760002,21.811615,4.0256305,28.768047,True
2024-09-11 05:50:00,17.940002,107,8,22.27,20.101433,3.7774465,26.606552,True,20.98,22.202724,4.620973,29.001713,True
2024-09-11 05:55:00,18.679996,107,8,22.09,21.238914,5.1726413,27.310871,True,20.04,23.647106,6.266317,30.017895,True
2024-09-11 06:00:00,18.54,107,8,21.760002,21.394905,5.274627,27.293667,True,19.46,24.039497,6.5487857,30.233055,True
2024-09-11 06:05:00,19.18,107,8,20.96,22.191875,6.093473,27.85355,True,21.180004,24.935349,7.4467235,30.904404,True
2024-09-11 06:10:00,20.440002,107,8,19.98,23.62635,7.0965476,29.172195,True,23.68,26.444885,8.480642,32.301422,True
2024-09-11 06:15:00,20.61,107,10,19.7,23.95691,7.2149463,29.45425,True,22.96,26.887383,8.663307,32.69143,True
2024-09-11 06:20:00,21.600002,107,10,19.029999,25.050194,7.928991,30.517948,True,24.5,28.005367,9.36059,33.788876,True
2024-09-11 06:25:00,21.440002,107,10,18.77,25.406963,7.964498,30.85159,True,24.3,28.720947,9.634493,34.480114,True
2024-09-11 06:30:00,21.370003,107,10,18.77,25.682865,7.5865226,31.284946,True,23.620003,29.234684,9.372488,35.12798,True
2024-09-11 06:35:00,22.3,107,10,19.940002,26.413181,8.275053,32.10839,True,22.550003,29.769733,9.920448,35.771336,True
2024-09-11 06:40:00,21.41,107,10,21.54,25.517868,7.2844367,31.376709,True,21.41,28.922031,8.965355,35.057636,True
2024-09-11 06:45:00,21.600002,107,10,20.760002,25.451057,7.5997157,31.456902,True,20.190002,28.657085,9.190207,34.9443,True
2024-09-11 06:50:00,22.27,107,10,20.98,25.909927,7.8286433,32.03724,True,19.86,28.929485,9.271858,35.33652,True
2024-09-11 06:55:00,22.09,107,10,20.04,25.806889,7.5886207,32.029346,True,18.440006,28.881989,9.067539,35.373024,True
2024-09-11 07:00:00,21.760002,107,9,19.46,25.853794,7.1755767,32.132664,True,17.900002,29.19828,8.814577,35.728462,True
2024-09-11 07:05:00,20.96,107,9,21.180004,25.231586,6.4294868,31.60456,True,16.21,28.749252,8.181265,35.34484,True
2024-09-11 07:10:00,19.98,107,9,23.68,24.495438,5.932573,30.884182,True,16.3,28.238869,7.875074,34.834816,True
2024-09-11 07:15:00,19.7,107,9,22.96,24.250069,5.867769,30.653687,True,16.3,28.031506,7.8637233,34.6409,True
2024-09-11 07:20:00,19.029999,107,11,24.5,23.62674,5.365022,30.045696,True,15.580002,27.486588,7.444814,34.08797,True
2024-09-11 07:25:00,18.77,107,13,24.3,23.439037,5.3071227,29.862114,True,15.66,27.367714,7.45495,33.965157,True
2024-09-11 07:30:00,18.77,107,15,23.620003,23.502045,5.2611213,29.976582,True,15.290001,27.47337,7.43325,34.11364,True
2024-09-11 07:35:00,19.940002,107,16,22.550003,24.400337,6.0019755,31.023842,True,15.23,28.0937,7.9729133,34.890575,True
2024-09-11 07:40:00,21.54,107,16,21.41,25.740017,6.539581,32.56054,True,15.0,29.14175,8.240835,36.13536,True
2024-09-11 07:45:00,20.760002,107,15,20.190002,24.847118,5.7726035,31.809826,True,15.560001,28.212887,7.4758887,35.32401,True
2024-09-11 07:50:00,20.98,107,15,19.86,24.839497,5.700273,31.930588,True,16.5,28.026722,7.2881103,35.25541,True
2024-09-11 07:55:00,20.04,107,17,18.440006,24.000824,5.206472,31.090828,True,17.150005,27.312286,6.9168105,34.5227,True
2024-09-11 08:00:00,19.46,107,19,17.900002,23.466183,5.1395583,30.533321,True,18.530003,26.840069,6.936317,34.02467,True
2024-09-11 08:05:00,21.180004,107,21,16.21,24.972473,6.186361,32.07851,True,19.720001,28.087875,7.771692,35.3174,True
2024-09-11 08:10:00,23.68,107,20,16.3,27.188618,7.4136615,34.360092,True,19.630001,29.951912,8.699867,37.2577,True
2024-09-11 08:15:00,22.96,107,22,16.3,26.60767,7.061773,33.78979,True,19.75,29.502354,8.458841,36.8017,True
2024-09-11 08:20:00,24.5,107,22,15.580002,27.885387,8.060402,35.14817,True,20.010002,30.504272,9.267927,37.896023,True
2024-09-11 08:25:00,24.3,107,22,15.66,27.627674,7.9783454,34.940636,True,18.620003,30.210781,9.1821,37.643887,True
2024-09-11 08:30:00,23.620003,107,21,15.290001,27.042377,7.7438006,34.370274,True,17.990002,29.721394,9.04845,37.155537,True
2024-09-11 08:35:00,22.550003,107,20,15.23,26.241909,7.00864,33.538055,True,16.68,29.15923,8.488659,36.5384,True
2024-09-11 08:40:00,21.41,107,19,15.0,25.39141,6.220718,32.646446,True,16.810001,28.570015,7.9021945,35.87933,True
2024-09-11 08:45:00,20.190002,107,19,15.560001,24.355381,5.599178,31.54998,True,17.650002,27.731934,7.461963,34.95992,True
2024-09-11 08:50:00,19.86,107,18,16.5,24.240017,5.5863967,31.32806,True,15.380001,27.779125,7.581493,34.89141,True
2024-09-11 08:55:00,18.440006,107,18,17.150005,23.071358,4.812494,30.068756,True,15.590004,26.870087,7.047975,33.8695,True
2024-09-11 09:00:00,17.900002,107,18,18.530003,22.790352,4.488956,29.741821,True,16.080002,26.798954,6.891992,33.7332,True
2024-09-11 09:05:00,16.21,107,18,19.720001,21.481728,3.5148199,28.356144,True,15.990002,25.862068,6.262573,32.694393,True
2024-09-11 09:10:00,16.3,107,18,19.630001,21.400467,3.494375,28.291348,True,15.010002,25.644466,6.159263,32.48438,True
2024-09-11 09:15:00,16.3,107,18,19.75,21.233814,3.2476938,28.144154,True,15.02,25.346806,5.829265,32.190117,True
2024-09-11 09:20:00,15.580002,107,17,20.010002,20.28379,2.330671,27.336937,True,16.05,24.267303,4.846992,31.22324,True
2024-09-11 09:25:00,15.66,107,16,18.620003,20.098492,2.1735303,27.236774,True,14.310001,23.87101,4.5543323,30.901066,True
2024-09-11 09:30:00,15.290001,107,16,17.990002,19.787544,1.4503495,26.989845,True,12.720001,23.618824,3.8573015,30.679115,True
2024-09-11 09:35:00,15.23,107,16,16.68,19.665699,1.224384,26.936172,True,11.59,23.442028,3.599491,30.555954,True
2024-09-11 09:40:00,15.0,107,15,16.810001,19.365345,0.9324605,26.709793,True,11.84,23.090485,3.2896898,30.265915,True
2024-09-11 09:45:00,15.560001,107,16,17.650002,19.909744,1.5031887,27.22097,True,11.530001,23.585888,3.8274133,30.730663,True
2024-09-11 09:50:00,16.5,107,17,15.380001,20.766579,2.1577108,28.088825,True,11.25,24.320713,4.377176,31.477333,True
2024-09-11 09:55:00,17.150005,107,19,15.590004,21.261444,2.5079534,28.671047,True,11.060001,24.65551,4.6070285,31.8983,True
2024-09-11 10:00:00,18.530003,107,21,16.080002,22.442215,3.7871358,29.814728,True,12.25,25.603909,5.7252345,32.833076,True
2024-09-11 10:05:00,19.720001,107,23,15.990002,23.629711,4.196714,31.074581,True,11.230001,26.715576,6.0343184,34.00863,True
2024-09-11 10:10:00,19.630001,107,25,15.010002,23.919334,4.179786,31.401512,True,10.880001,27.272354,6.1901736,34.58932,True
2024-09-11 10:15:00,19.75,107,24,15.02,24.123585,4.2902865,31.586315,True,8.83,27.516346,6.3333945,34.81016,True
2024-09-11 10:20:00,20.010002,107,25,16.05,24.39597,4.5541987,31.837727,True,7.3700004,27.771961,6.5910563,35.043648,True
2024-09-11 10:25:00,18.620003,107,23,14.310001,23.110577,4.0989547,30.499119,True,4.8700004,26.637878,6.321611,33.84384,False
2024-09-11 10:30:00,17.990002,107,22,12.720001,22.200108,3.873823,29.59306,True,4.6600013,25.560371,6.044208,32.764473,False
2024-09-11 10:35:00,16.68,107,21,11.59,20.795326,2.8353937,28.059872,True,2.9999998,24.14611,5.060077,31.201054,False
2024-09-11 10:40:00,16.810001,107,18,11.84,20.647953,2.6002176,27.931309,True,-0.79999954,23.77285,4.6670833,30.8376,False
2024-09-11 10:45:00,17.650002,107,18,11.530001,21.177864,3.0014532,28.465366,True,-3.1199992,24.018314,4.8584304,31.090328,False
2024-09-11 10:50:00,15.380001,107,17,11.25,18.954273,1.4441468,26.239391,True,-2.3799994,21.933613,3.4818819,28.977169,False
2024-09-11 10:55:00,15.590004,107,17,11.060001,19.107891,1.3943592,26.384274,True,-1.4200004,22.028145,3.38002,29.051472,False
2024-09-11 11:00:00,16.080002,107,18,12.25,19.474789,2.161249,26.657982,True,-0.6800006,22.270504,4.0837016,29.213127,False
2024-09-11 11:05:00,15.990002,107,18,11.230001,19.340649,2.1265657,26.567451,True,-0.97999984,22.102455,4.038875,29.082325,False
2024-09-11 11:10:00,15.010002,107,18,10.880001,18.352318,1.8173023,25.517277,True,-0.38999972,21.14162,3.8147314,28.059418,False
2024-09-11 11:15:00,15.02,107,17,8.83,18.419975,1.5822293,25.613693,True,0.13000076,21.253273,3.60087,28.1805,False
2024-09-11 11:20:00,16.05,107,18,7.3700004,19.289265,2.3984544,26.493992,True,0.9899995,21.949345,4.276344,28.893642,False
2024-09-11 11:25:00,14.310001,107,18,4.8700004,17.651123,1.2875401,24.784664,True,-0.2099994,20.455177,3.3374498,27.31366,False
2024-09-11 11:30:00,12.720001,107,16,4.6600013,16.11398,0.17397277,23.217567,True,0.2900006,19.016731,2.3605592,25.832691,False
2024-09-11 11:35:00,11.59,107,16,2.9999998,15.07893,-0.74124175,22.180374,True,2.140001,18.098167,1.5700413,24.89293,True
2024-09-11 11:40:00,11.84,107,16,-0.79999954,15.575161,-0.3946708,22.528206,False,7.93,18.779873,2.058624,25.42035,True
2024-09-11 11:45:00,11.530001,107,17,-3.1199992,15.517105,-0.47044596,22.407104,False,4.1300006,18.932308,2.1639555,25.49757,True
2024-09-11 11:50:00,11.25,107,18,-2.3799994,15.534565,-0.55267364,22.30101,False,2.6900003,19.188278,2.2807252,25.616688,True
2024-09-11 11:55:00,11.060001,107,18,-1.4200004,15.647182,-0.5960601,22.322418,False,-1.32,19.537113,2.4302194,25.86504,False
2024-09-11 12:00:00,12.25,107,18,-0.6800006,16.742546,0.48659292,23.34909,False,-4.06,20.487137,3.38191,26.763279,False
2024-09-11 12:05:00,11.230001,107,18,-0.97999984,15.7744255,-0.11123116,22.328846,False,-7.1599994,19.599453,2.9131753,25.818035,False
2024-09-11 12:10:00,10.880001,107,17,-0.38999972,15.302254,-0.2142051,21.768135,False,-7.43,19.036034,2.784685,25.172054,False
2024-09-11 12:15:00,8.83,107,17,0.13000076,13.34882,-1.7928432,19.787827,True,-4.85,17.241016,1.4251419,23.33096,False
2024-09-11 12:20:00,7.3700004,107,16,0.9899995,11.96814,-2.9891264,18.338512,True,-4.69,15.976997,0.3872086,21.983982,False
2024-09-11 12:25:00,4.8700004,107,15,-0.2099994,9.506388,-5.130277,15.841965,True,-5.4900002,13.635258,-1.5478767,19.589058,False
2024-09-11 12:30:00,4.6600013,107,15,0.2900006,9.289179,-5.268618,15.53233,True,-6.4,13.405972,-1.6729206,19.266193,False
2024-09-11 12:35:00,2.9999998,107,15,2.140001,7.7751346,-6.6991153,13.97208,True,-8.7,12.064611,-2.8888247,17.861794,False
2024-09-11 12:40:00,-0.79999954,107,13,7.93,4.0683036,-10.209565,10.342028,True,-7.65,8.564995,-6.0937304,14.406261,False
2024-09-11 12:45:00,-3.1199992,107,11,4.1300006,1.7753865,-12.308353,8.061689,True,-7.180001,6.3566756,-8.031545,12.19898,True
2024-09-11 12:50:00,-2.3799994,107,11,2.6900003,2.472078,-11.559339,8.668581,True,-8.11,6.990087,-7.358544,12.742294,False
2024-09-11 12:55:00,-1.4200004,107,11,-1.32,3.373842,-10.613707,9.457806,True,-7.19,7.8087153,-6.516155,13.447067,False
2024-09-11 13:00:00,-0.6800006,107,11,-4.06,4.029844,-9.778828,9.99119,True,-5.439999,8.363062,-5.7804666,13.887402,True
2024-09-11 13:05:00,-0.97999984,107,11,-7.1599994,3.7977674,-10.05115,9.680811,True,-3.7599995,8.196487,-5.990659,13.622738,True
2024-09-11 13:10:00,-0.38999972,107,12,-7.43,4.537414,-9.533805,10.40111,True,-4.82,9.046078,-5.4195113,14.430168,True
2024-09-11 13:15:00,0.13000076,107,13,-4.85,5.30998,-8.882301,11.022619,True,-4.61,9.99931,-4.6251216,15.226543,True
2024-09-11 13:20:00,0.9899995,107,12,-4.69,6.243837,-7.9475713,11.815371,True,-5.77,10.948486,-3.6748183,16.041248,False
2024-09-11 13:25:00,-0.2099994,107,11,-5.4900002,5.2283893,-8.979666,10.774202,True,10.719999,10.120323,-4.4879994,15.172512,True
2024-09-11 13:30:00,0.2900006,107,12,-6.4,5.938514,-8.42551,11.40283,True,8.42,10.970398,-3.8137887,15.935944,True
2024-09-11 13:35:00,2.140001,107,13,-8.7,7.8848376,-6.808842,13.276775,False,7.35,12.910667,-2.2825148,17.802818,True
2024-09-11 13:40:00,7.93,107,13,-7.65,13.618553,-2.1805995,18.992916,False,6.5500007,18.31491,1.7648121,23.209473,True
2024-09-11 13:45:00,4.1300006,107,12,-7.180001,10.522026,-4.902264,15.852303,False,6.979999,15.923336,-0.15697892,20.73542,True
2024-09-11 13:50:00,2.6900003,107,12,-8.11,8.968889,-6.2739387,14.386246,False,6.3399997,14.345734,-1.4632667,19.22263,True
2024-09-11 13:55:00,-1.32,107,12,-7.19,4.550506,-10.18644,10.29545,True,8.050001,9.79318,-5.3391337,14.943119,True
2024-09-11 14:00:00,-4.06,107,11,-5.439999,1.7626053,-12.645053,7.745254,True,11.380001,7.04524,-7.63201,12.418583,True
2024-09-11 14:05:00,-7.1599994,107,10,-3.7599995,-1.5154308,-15.653904,4.942714,True,13.23,3.6999586,-10.599923,9.526386,False
2024-09-11 14:10:00,-7.43,107,10,-4.82,-2.014147,-15.973243,4.6532836,True,14.220001,2.9923303,-11.100414,9.031336,False
2024-09-11 14:15:00,-4.85,107,12,-4.61,0.30952802,-13.612725,6.928106,True,14.600002,4.999719,-9.094974,11.015858,False
2024-09-11 14:20:00,-4.69,107,11,-5.77,0.91368836,-13.392768,7.622541,True,17.440002,5.9463496,-8.579176,12.020447,False
2024-09-11 14:25:00,-5.4900002,107,11,10.719999,2.2613237,-13.510982,9.293873,False,19.0,9.027399,-7.159632,15.253731,False
2024-09-11 14:30:00,-6.4,107,10,8.42,3.2577245,-13.896984,10.849901,True,20.64,11.502472,-6.2675815,18.091377,False
2024-09-11 14:35:00,-8.7,107,9,7.35,3.0555723,-15.741925,11.52243,True,18.61,12.966797,-6.69375,20.095512,True
2024-09-11 14:40:00,-7.65,107,7,6.5500007,5.7339225,-14.373619,14.206474,True,19.14,16.59031,-4.6871905,23.593216,True
2024-09-11 14:45:00,-7.180001,107,7,6.979999,7.467132,-13.723211,15.904011,True,24.39,18.988201,-3.6032164,25.862755,True
2024-09-11 14:50:00,-8.11,107,7,6.3399997,7.5212607,-14.554018,15.8871765,True,23.18,19.661354,-3.913585,26.328114,True
2024-09-11 14:55:00,-7.19,107,7,8.050001,8.748871,-13.94475,16.885933,True,23.75,20.899223,-3.4486697,27.3423,True
2024-09-11 15:00:00,-5.439999,107,8,11.380001,10.256283,-12.6391115,18.053112,True,16.400002,22.031963,-2.6375716,28.241192,True
2024-09-11 15:05:00,-3.7599995,107,9,13.23,11.461897,-11.575879,19.047348,True,0.27999845,22.755402,-2.161095,28.843803,True
2024-09-11 15:10:00,-4.82,107,10,14.220001,9.919453,-12.824449,17.5728,True,-0.18000062,21.094578,-3.4000056,27.177631,True
2024-09-11 15:15:00,-4.61,107,10,14.600002,9.310537,-13.1204815,16.977238,True,1.2499996,20.012398,-4.077104,26.132961,True
2024-09-11 15:20:00,-5.77,107,11,17.440002,8.032167,-14.36864,15.965164,False,2.1100004,18.815704,-5.1732287,25.11404,True
2024-09-11 15:25:00,10.719999,107,21,19.0,20.839916,-3.982403,27.68005,True,2.4600008,27.649212,0.9120328,33.707436,True
2024-09-11 15:30:00,8.42,107,22,20.64,18.633026,-5.845902,25.847496,True,3.0799997,25.758827,-0.60422355,32.04245,True
2024-09-11 15:35:00,7.35,107,21,18.61,16.986229,-6.94657,24.516243,True,3.0699995,23.924126,-1.7375778,30.457779,True
2024-09-11 15:40:00,6.5500007,107,21,19.14,14.995815,-8.470172,22.929192,True,3.2100008,21.323566,-3.606005,28.229607,True
2024-09-11 15:45:00,6.979999,107,21,24.39,13.61137,-8.657637,21.981857,False,1.889999,18.748215,-4.562054,26.195698,True
2024-09-11 15:50:00,6.3399997,107,22,23.18,11.87911,-9.545511,20.896114,False,3.6000001,16.291573,-5.892102,24.446308,True
2024-09-11 15:55:00,8.050001,107,23,23.75,11.026497,-9.686701,20.78965,False,5.219999,13.416702,-7.4417377,22.565952,True
2024-09-11 16:00:00,11.380001,107,24,16.400002,11.543335,-9.902022,22.235313,True,5.319999,11.549351,-9.237356,21.949242,True
2024-09-11 16:05:00,13.23,107,25,0.27999845,10.412573,-12.005503,22.833157,True,5.479999,7.7851977,-12.887009,20.319443,True
2024-09-11 16:10:00,14.220001,107,25,-0.18000062,9.302704,-13.829811,23.142048,True,5.639997,4.7784324,-15.717833,19.041363,True
2024-09-11 16:15:00,14.600002,107,25,1.2499996,8.567135,-14.638649,23.25056,True,5.9600005,3.049526,-17.02535,18.301628,True
2024-09-11 16:20:00,17.440002,107,28,2.1100004,10.982544,-13.19754,25.655056,True,5.7000003,5.175676,-15.633011,20.451519,True
2024-09-11 16:25:00,19.0,107,30,2.4600008,12.611355,-11.526978,27.011295,True,5.219999,6.9400325,-13.8745985,21.898071,True
2024-09-11 16:30:00,20.64,107,31,3.0799997,14.964172,-8.838716,28.564312,True,4.68,10.019796,-10.82332,24.039547,True
2024-09-11 16:35:00,18.61,107,31,3.0699995,14.419983,-7.5222545,27.270535,True,3.4400003,10.777304,-8.920604,23.843197,True
2024-09-11 16:40:00,19.14,107,30,3.2100008,16.12946,-5.040953,27.97306,True,3.2399995,13.547367,-5.888716,25.443733,True
2024-09-11 16:45:00,24.39,107,33,1.889999,21.225685,-1.1164783,32.089775,True,1.9899994,18.637257,-1.9206299,29.523716,True
2024-09-11 16:50:00,23.18,107,33,3.6000001,21.249504,0.9449269,30.643085,True,1.1000019,19.662128,0.5937497,28.9432,True
2024-09-11 16:55:00,23.75,107,33,5.219999,22.732552,2.7785928,31.230598,True,1.4099995,21.880676,2.8168447,30.195114,False
2024-09-11 17:00:00,16.400002,107,32,5.319999,17.79544,-0.29955134,26.174267,True,-0.119999245,18.810627,0.88767785,26.864288,False
2024-09-11 17:05:00,0.27999845,107,23,5.479999,5.885553,-10.113424,15.215107,True,-0.72999984,10.452444,-6.0237412,19.044624,True
2024-09-11 17:10:00,-0.18000062,107,19,5.639997,6.3817534,-10.587763,16.50816,True,0.3700005,11.673954,-6.0087085,20.922848,True
2024-09-11 17:15:00,1.2499996,107,17,5.9600005,8.570862,-9.148027,18.468994,True,4.2900004,14.32621,-4.316299,23.29977,True
2024-09-11 17:20:00,2.1100004,107,19,5.7000003,9.706963,-8.299763,19.482773,True,5.6599994,15.600891,-3.4169238,24.443974,True
2024-09-11 17:25:00,2.4600008,107,19,5.219999,9.759096,-7.9488873,19.360207,True,5.6,15.429363,-3.2393057,24.137238,True
2024-09-11 17:30:00,3.0799997,107,18,4.68,9.781076,-7.6932282,19.345352,True,4.2599998,15.017914,-3.331381,23.738873,True
2024-09-11 17:35:00,3.0699995,107,17,3.4400003,9.534573,-7.731461,19.075474,True,5.35,14.6058235,-3.4994261,23.3251,True
2024-09-11 17:40:00,3.2100008,107,16,3.2399995,9.352644,-7.495958,18.755947,True,3.800001,14.193184,-3.4266608,22.818058,True
2024-09-11 17:45:00,1.889999,107,14,1.9899994,7.7249026,-8.359059,16.995682,True,2.890001,12.407345,-4.341743,20.917027,True
2024-09-11 17:50:00,3.6000001,107,13,1.1000019,8.929483,-6.8863826,17.566612,True,3.7000005,13.185963,-3.2279665,21.148693,True
2024-09-11 17:55:00,5.219999,107,12,1.4099995,10.705954,-5.260445,18.851505,True,8.380001,15.011734,-1.6017479,22.514347,True
2024-09-11 18:00:00,5.319999,107,12,-0.119999245,11.242397,-4.824903,19.091557,True,9.380001,15.850094,-0.9423831,23.043339,True
2024-09-11 18:05:00,5.479999,107,12,-0.72999984,11.301668,-4.4569173,18.906128,True,10.870001,15.841164,-0.6188968,22.814686,True
2024-09-11 18:10:00,5.639997,107,11,0.3700005,11.562227,-4.567578,19.602665,True,12.049999,16.179604,-0.7227443,23.55534,True
2024-09-11 18:15:00,5.9600005,107,11,4.2900004,11.941286,-4.7165227,20.666187,True,11.99,16.603886,-0.9002593,24.625263,True
2024-09-11 18:20:00,5.7000003,107,11,5.6599994,12.222031,-4.713021,20.961735,True,10.98,17.243793,-0.6504634,25.246273,True
2024-09-11 18:25:00,5.219999,107,10,5.6,12.224901,-4.221515,19.907516,True,10.690001,17.565506,0.16280715,24.537544,True
2024-09-11 18:30:00,4.68,107,10,4.2599998,11.49848,-5.5501685,20.480324,True,12.25,16.791008,-1.2967323,24.969067,True
2024-09-11 18:35:00,3.4400003,107,10,5.35,9.840736,-6.378306,18.763283,True,10.93,14.92905,-2.2045062,23.062698,True
2024-09-11 18:40:00,3.2399995,107,9,3.800001,9.100285,-6.3764205,17.62804,True,11.41,13.823471,-2.4312003,21.624832,True
2024-09-11 18:45:00,1.9899994,107,8,2.890001,7.905477,-6.952851,16.131893,True,12.26,12.726479,-2.867798,20.230137,True
2024-09-11 18:50:00,1.1000019,107,8,3.7000005,6.2272353,-7.654592,14.203033,True,12.760002,10.512283,-3.9281275,17.833244,True
2024-09-11 18:55:00,1.4099995,107,7,8.380001,6.883016,-6.784765,13.860138,True,12.529999,11.403046,-2.8338435,17.745857,True
2024-09-11 19:00:00,-0.119999245,107,7,9.380001,5.241054,-7.9252667,11.962896,True,12.68,9.7375965,-3.931453,15.833202,True
2024-09-11 19:05:00,-0.72999984,107,6,10.870001,4.2313247,-8.463529,10.62582,False,12.330002,8.446774,-4.6672063,14.25185,True
2024-09-11 19:10:00,0.3700005,107,6,12.049999,4.880258,-7.933579,11.142529,False,12.91,8.720385,-4.485208,14.428684,True
2024-09-11 19:15:00,4.2900004,107,9,11.99,8.256334,-5.5176854,14.413326,True,12.799999,11.57481,-2.6115344,17.232609,True
2024-09-11 19:20:00,5.6599994,107,10,10.98,10.139681,-4.2702355,16.06948,True,14.580002,13.805462,-1.1471637,19.218605,True
2024-09-11 19:25:00,5.6,107,11,10.690001,10.500393,-3.920006,16.77058,True,18.370003,14.4964905,-0.56131774,20.217636,True
2024-09-11 19:30:00,4.2599998,107,10,12.25,9.550665,-4.4084945,16.002586,True,16.04,13.902615,-0.7392829,19.770897,True
2024-09-11 19:35:00,5.35,107,10,10.93,10.91304,-3.1295855,17.225296,True,15.900002,15.408447,0.6111409,21.154854,True
2024-09-11 19:40:00,3.800001,107,10,11.41,9.866411,-4.074162,16.54784,True,14.389999,14.790001,0.032481834,20.848118,True
2024-09-11 19:45:00,2.890001,107,10,12.26,9.348976,-4.8787303,16.599995,True,14.619999,14.591114,-0.54836303,21.151249,True
2024-09-11 19:50:00,3.7000005,107,13,12.760002,9.979265,-4.69587,17.696846,True,15.110001,15.045826,-0.5822776,22.06778,True
2024-09-11 19:55:00,8.380001,107,16,12.529999,12.16383,-2.5190241,19.776756,True,15.93,15.246185,0.010749502,22.390244,True
2024-09-11 20:00:00,9.380001,107,18,12.68,12.688023,-2.6486208,20.496315,True,15.720001,15.383476,-0.4244121,22.752583,True
2024-09-11 20:05:00,10.870001,107,21,12.330002,13.606167,-1.9633945,21.349716,True,13.860001,15.848034,-0.08166154,23.205372,True
2024-09-11 20:10:00,12.049999,107,22,12.91,15.456051,-1.041901,23.057575,True,12.75,18.13792,1.0977875,25.323772,True
2024-09-11 20:15:00,11.99,107,22,12.799999,16.116325,-0.6523345,23.683193,True,13.48,19.302189,1.8042732,26.414368,True
2024-09-11 20:20:00,10.98,107,22,14.580002,15.773521,-0.627436,23.20903,True,14.939999,19.462856,2.1906374,26.404724,True
2024-09-11 20:25:00,10.690001,107,20,18.370003,16.069176,-0.19255288,23.3028,True,14.450001,20.157722,2.9078176,26.88248,True
2024-09-11 20:30:00,12.25,107,19,16.04,17.24968,0.9665467,24.25763,True,13.720001,21.005814,3.7959917,27.566216,True
2024-09-11 20:35:00,10.93,107,17,15.900002,15.843594,0.083291695,22.952473,True,13.350002,19.60308,2.9543607,26.244804,True
2024-09-11 20:40:00,11.41,107,16,14.389999,15.930302,0.04751174,23.303463,True,13.580002,19.40025,2.6873891,26.326591,True
2024-09-11 20:45:00,12.26,107,17,14.619999,15.933285,0.05252616,23.72089,True,13.25,18.802391,2.2540662,26.187546,True
2024-09-11 20:50:00,12.760002,107,17,15.110001,15.847694,0.039287254,23.918545,True,14.799999,18.299942,1.9480778,26.002842,True
2024-09-11 20:55:00,12.529999,107,17,15.93,15.175125,-0.24040635,23.417522,True,17.18,17.324665,1.4681603,25.224892,True
2024-09-11 21:00:00,12.68,107,17,15.720001,15.24831,0.074550316,23.321228,True,15.5,17.338028,1.7369953,25.083012,True
2024-09-11 21:05:00,12.330002,107,17,13.860001,15.381969,0.19002883,23.404068,True,15.189999,17.823673,2.0892808,25.48954,True
2024-09-11 21:10:00,12.91,107,17,12.75,16.033104,0.7196023,24.020397,True,15.150002,18.51123,2.626209,26.14824,True
2024-09-11 21:15:00,12.799999,107,17,13.48,15.765083,0.88448876,23.575161,True,15.010002,18.14452,2.7301576,25.620152,True
2024-09-11 21:20:00,14.580002,107,18,14.939999,16.664593,1.9723011,24.233162,True,14.459999,18.378838,3.3439806,25.68702,True
2024-09-11 21:25:00,18.370003,107,19,14.450001,19.403706,4.102493,26.77808,True,14.290001,20.302887,4.8968616,27.504364,True
2024-09-11 21:30:00,16.04,107,16,13.720001,17.631096,2.9343145,25.038212,True,16.07,18.963314,4.019483,26.157104,True
2024-09-11 21:35:00,15.900002,107,14,13.350002,17.443096,2.945585,24.871681,True,20.32,18.745804,4.00542,25.965488,True
2024-09-11 21:40:00,14.389999,107,13,13.580002,16.067554,2.0730665,23.614067,True,23.45,17.496353,3.22591,24.817955,True
2024-09-11 21:45:00,14.619999,107,12,13.25,16.36259,2.284496,23.866154,True,23.190002,17.837173,3.4585454,25.117985,True
2024-09-11 21:50:00,15.110001,107,11,14.799999,16.848122,2.6476953,24.409218,True,22.620003,18.31371,3.800018,25.660454,True
2024-09-11 21:55:00,15.93,107,11,17.18,17.573921,3.1828973,25.225471,True,22.420002,18.962685,4.2662063,26.413517,True
2024-09-11 22:00:00,15.720001,107,10,15.5,17.72313,3.3127706,25.49707,True,21.850002,19.376026,4.566961,26.934235,True
2024-09-11 22:05:00,13.860001,107,9,15.189999,16.289478,2.373615,24.230488,True,20.59,18.292274,3.8860223,25.983265,True
2024-09-11 22:10:00,12.75,107,8,15.150002,15.251606,1.7337223,23.352089,True,20.560001,17.332504,3.3105924,25.171642,True
2024-09-11 22:15:00,13.48,107,7,15.010002,15.698086,2.1863363,23.959454,True,19.560001,17.557556,3.5865533,25.581673,True
2024-09-11 22:20:00,14.939999,107,7,14.459999,16.579464,2.9339406,25.074135,True,16.960003,17.992588,3.9957178,26.291752,True
2024-09-11 22:25:00,14.450001,107,7,14.290001,15.893948,2.5597837,24.497967,True,14.760002,17.17035,3.5215547,25.590057,True
2024-09-11 22:30:00,13.720001,107,5,16.07,15.428192,2.4270666,23.892822,True,16.350002,16.912548,3.537008,25.180054,True
2024-09-11 22:35:00,13.350002,107,4,20.32,15.23037,2.4255464,23.516865,True,17.36,16.849365,3.6309583,24.933796,True
2024-09-11 22:40:00,13.580002,107,3,23.45,15.922359,3.0686243,23.83395,True,17.240002,17.876457,4.5135303,25.57676,True
2024-09-11 22:45:00,13.25,107,3,23.190002,15.864635,3.2059495,23.433617,True,16.010002,18.027405,4.812013,25.382023,True
2024-09-11 22:50:00,14.799999,107,3,22.620003,16.848984,4.42378,23.961067,True,16.190002,18.568245,5.6951118,25.517178,True
2024-09-11 22:55:00,17.18,107,3,22.420002,19.220463,6.4151073,25.82859,True,15.98,20.883667,7.6246963,27.363728,True
2024-09-11 23:00:00,15.5,107,2,21.850002,18.150414,5.6505866,24.497887,True,14.34,20.283882,7.233806,26.484615,True
2024-09-11 23:05:00,15.189999,107,2,20.59,18.191982,5.7353854,24.19112,True,13.57,20.579872,7.5214953,26.43668,True
2024-09-11 23:10:00,15.150002,107,1,20.560001,18.419521,5.9238276,24.169628,True,13.490002,20.997597,7.8581824,26.613735,True
2024-09-11 23:15:00,15.010002,107,2,19.560001,18.284363,5.823755,23.984241,True,14.720001,20.871521,7.762239,26.44286,True
2024-09-11 23:20:00,14.459999,107,1,16.960003,17.618744,5.231012,23.27586,True,14.080002,20.131737,7.1219077,25.660183,True
2024-09-11 23:25:00,14.290001,107,1,14.760002,18.190315,5.0487113,23.846157,True,13.490002,21.21508,7.309009,26.725994,True
2024-09-11 23:30:00,16.07,107,2,16.350002,20.254719,6.6321616,25.512619,True,13.990002,23.41024,8.94692,28.570217,True
2024-09-11 23:35:00,20.32,107,3,17.36,23.762371,9.477993,28.755737,True,13.52,26.289951,11.216351,31.265495,True
2024-09-11 23:40:00,23.45,107,3,17.240002,26.547672,11.532501,31.410309,True,12.970001,28.753681,12.974632,33.659336,False
2024-09-11 23:45:00,23.190002,107,3,16.010002,26.426205,11.527336,31.067665,True,11.85,28.732574,13.040722,33.428547,False
2024-09-11 23:50:00,22.620003,107,4,16.190002,25.679508,11.137903,30.090485,True,10.890001,27.902443,12.604168,32.36302,False
2024-09-11 23:55:00,22.420002,107,6,15.98,24.61599,10.617052,29.112526,True,10.630001,26.300259,11.705479,30.826073,False
2024-09-12 00:00:00,21.850002,107,7,14.34,23.664642,9.811535,28.527504,True,10.43,25.104893,10.724781,29.988312,False
2024-09-12 00:05:00,20.59,107,7,13.57,22.139214,8.801977,27.205517,True,10.200001,23.417564,9.609528,28.496906,True
2024-09-12 00:10:00,20.560001,107,7,13.490002,21.818005,8.623346,26.956055,True,9.76,22.889507,9.276365,28.047367,True
2024-09-12 00:15:00,19.560001,107,8,14.720001,20.89774,8.184683,25.881123,True,7.9099994,22.039467,8.899265,27.045334,False
2024-09-12 00:20:00,16.960003,107,8,14.080002,18.73919,6.491674,23.718464,True,8.139999,20.243416,7.4941554,25.23048,True
2024-09-12 00:25:00,14.760002,107,7,13.490002,16.908333,5.0066543,21.871288,True,8.41,18.724716,6.2737823,23.681324,True
2024-09-12 00:30:00,16.350002,107,7,13.990002,18.36483,5.7752013,23.60429,True,7.9500003,20.057697,6.893186,25.301235,True
2024-09-12 00:35:00,17.36,107,7,13.52,19.823364,6.4709926,25.151203,True,7.69,21.821495,7.7765384,27.156574,False
2024-09-12 00:40:00,17.240002,107,9,12.970001,20.01783,6.8357024,25.083809,True,7.5899997,22.24569,8.328602,27.33139,False
2024-09-12 00:45:00,16.010002,107,9,11.85,18.748077,6.0791354,23.740726,True,7.819999,20.984901,7.604835,25.996227,True
2024-09-12 00:50:00,16.190002,107,8,10.890001,18.674526,5.7675166,24.084858,True,8.860001,20.72736,7.1155753,26.155594,True
2024-09-12 00:55:00,15.98,107,9,10.630001,18.453453,4.7663817,24.610592,True,9.23,20.51181,6.0460124,26.664207,True
2024-09-12 01:00:00,14.34,107,9,10.43,17.03801,3.4576929,23.41124,True,8.810001,19.307133,4.8925586,25.65263,True
2024-09-12 01:05:00,13.57,107,9,10.200001,16.26294,3.0198896,22.677055,True,9.280001,18.549774,4.4831157,24.939888,True
2024-09-12 01:10:00,13.490002,107,9,9.76,16.237045,3.1138017,22.543072,True,9.280001,18.561924,4.6190257,24.853786,True
2024-09-12 01:15:00,14.720001,107,10,7.9099994,17.172619,4.271009,23.108177,True,10.75,19.25365,5.5974917,25.21743,True
2024-09-12 01:20:00,14.080002,107,10,8.139999,16.667477,4.285297,22.15305,True,12.59,18.864273,5.751695,24.394691,True
2024-09-12 01:25:00,13.490002,107,10,8.41,15.945377,4.0076594,21.284805,True,13.59,18.061016,5.4340644,23.460579,True
2024-09-12 01:30:00,13.990002,107,11,7.9500003,16.480946,4.4828105,21.806786,True,14.23,18.616127,5.912971,24.016972,True
2024-09-12 01:35:00,13.52,107,12,7.69,16.09592,4.130258,21.467571,True,14.439999,18.305264,5.6255107,23.755188,True
2024-09-12 01:40:00,12.970001,107,11,7.5899997,15.608292,3.5930421,21.074558,True,14.549999,17.87738,5.1301303,23.420948,True
2024-09-12 01:45:00,11.85,107,12,7.819999,14.323349,2.4933584,19.97847,True,15.380001,16.492523,3.9472978,22.223755,True
2024-09-12 01:50:00,10.890001,107,11,8.860001,13.52372,1.7453457,19.21159,True,28.920006,15.83585,3.3279378,21.596405,False
2024-09-12 01:55:00,10.630001,107,10,9.23,13.647034,1.8209454,19.03875,True,29.77,16.283394,3.6749246,21.749233,False
2024-09-12 02:00:00,10.43,107,9,8.810001,13.830475,1.9255387,18.941536,True,32.4,16.78643,4.055982,21.97871,False
2024-09-12 02:05:00,10.200001,107,9,9.280001,14.596485,2.2232301,19.534554,True,31.8,18.353542,4.979696,23.365921,False
2024-09-12 02:10:00,9.76,107,10,9.280001,14.759331,2.1311166,19.614674,True,33.56,19.005302,5.274902,23.932362,False
2024-09-12 02:15:00,7.9099994,107,10,10.75,13.512119,0.90016717,18.052288,True,33.44,18.28254,4.573322,22.884491,False
2024-09-12 02:20:00,8.139999,107,8,12.59,14.018803,1.2755295,18.403793,True,35.45,18.962303,5.1345477,23.44115,False
2024-09-12 02:25:00,8.41,107,9,13.59,14.141552,1.498983,18.727242,True,36.040005,18.994038,5.238979,23.687195,False
2024-09-12 02:30:00,7.9500003,107,8,14.23,13.230782,0.966356,17.494972,True,36.42,17.76577,4.5201354,22.163235,False
2024-09-12 02:35:00,7.69,107,6,14.439999,12.903725,0.7211701,16.907318,True,37.72,17.39149,4.2767196,21.547798,False
2024-09-12 02:40:00,7.5899997,107,5,14.549999,12.862461,0.6444413,16.747566,True,35.94,17.399014,4.254152,21.448486,False
2024-09-12 02:45:00,7.819999,107,6,15.380001,12.986027,0.7556378,16.735817,True,35.51,17.447163,4.28737,21.370373,False
2024-09-12 02:50:00,8.860001,107,6,28.920006,14.364151,1.6622387,17.91401,False,32.94,19.03587,5.317283,22.776363,False
2024-09-12 02:55:00,9.23,107,7,29.77,18.911858,2.54376,23.24897,False,32.72,26.296375,7.8697104,30.797054,False
2024-09-12 03:00:00,8.810001,107,8,32.4,21.970901,1.8287235,27.950645,False,32.760002,31.224506,7.6897254,37.338547,True
2024-09-12 03:05:00,9.280001,107,6,31.8,25.21796,1.1617562,32.515327,True,33.41,35.50967,6.82744,43.057484,True
2024-09-12 03:10:00,9.280001,107,6,33.56,27.197578,0.32360426,35.3913,True,32.69,38.133224,5.8072658,46.732166,True
2024-09-12 03:15:00,10.75,107,10,33.44,28.709908,0.8936936,37.24047,True,33.13,39.34991,5.9617743,48.46204,True
2024-09-12 03:20:00,12.59,107,12,35.45,30.035355,1.2499214,39.049763,True,30.600002,40.103477,5.7086596,49.78494,True
2024-09-12 03:25:00,13.59,107,10,36.040005,30.391891,1.3339535,39.62382,True,30.560001,40.037292,5.462507,49.927288,True
2024-09-12 03:30:00,14.23,107,10,36.42,29.8106,1.6840588,38.850807,True,29.240002,38.94313,5.6501174,48.547466,True
2024-09-12 03:35:00,14.439999,107,11,37.72,27.330223,2.6161802,35.5596,False,29.14,35.503155,6.545982,44.06209,True
2024-09-12 03:40:00,14.549999,107,11,35.94,23.348236,3.5251234,30.313362,False,28.11,29.725231,7.0533233,36.834194,True
2024-09-12 03:45:00,15.380001,107,19,35.51,20.936531,-0.84651405,29.87358,False,30.64,25.418488,1.143066,34.28606,True
2024-09-12 03:50:00,28.920006,107,42,32.94,30.334518,1.0503632,40.216183,True,29.810001,31.476322,0.8487908,41.56083,True
2024-09-12 03:55:00,29.77,107,39,32.72,30.75629,2.0495508,40.29611,True,30.970001,31.614552,1.7376343,41.37964,True
2024-09-12 04:00:00,32.4,107,38,32.760002,32.25442,3.834543,41.58873,True,34.35,32.37908,3.2023523,41.98222,True
2024-09-12 04:05:00,31.8,107,37,33.41,31.81031,2.7921712,41.45852,True,35.5,32.030586,2.1687944,41.95006,True
2024-09-12 04:10:00,33.56,107,35,32.69,33.41088,5.232103,42.58738,True,39.19,33.531708,4.6208167,42.99216,True
2024-09-12 04:15:00,33.44,107,37,33.13,33.56343,6.0258937,42.62145,True,41.39,33.85323,5.5158877,43.200047,True
2024-09-12 04:20:00,35.45,107,39,30.600002,34.590874,4.6851726,44.49708,True,43.61,34.274323,3.8443582,44.473316,True
2024-09-12 04:25:00,36.040005,107,38,30.560001,34.72542,1.3303047,46.07178,True,40.78,34.134098,0.2947022,45.773785,True
2024-09-12 04:30:00,36.42,107,36,29.240002,34.616734,0.4799992,46.486004,True,34.69,33.729195,-0.702185,45.900433,True
2024-09-12 04:35:00,37.72,107,35,29.14,35.121014,1.2264916,47.2067,True,31.0,33.77685,-0.1500972,46.173336,True
2024-09-12 04:40:00,35.94,107,35,28.11,34.200726,0.71367234,46.69772,True,28.720001,33.33944,-0.47000918,46.143154,True
2024-09-12 04:45:00,35.51,107,36,30.64,33.955032,-0.4120086,47.248257,True,29.060001,33.203068,-1.5708793,46.795467,True
2024-09-12 04:50:00,32.94,107,38,29.810001,32.987164,-3.8309557,47.805653,True,20.920002,33.15951,-4.621142,48.224873,True
2024-09-12 04:55:00,32.72,107,40,30.970001,33.74939,-6.735639,49.93201,True,15.279999,34.464687,-7.3626857,50.843906,True
2024-09-12 05:00:00,32.760002,107,39,34.35,34.14622,-7.369103,51.270405,True,10.43,35.027355,-7.934548,52.33933,True
2024-09-12 05:05:00,33.41,107,38,35.5,35.34021,-10.170221,53.97607,True,7.5899997,36.428253,-10.689268,55.241177,True
2024-09-12 05:10:00,32.69,107,36,39.19,35.30869,-13.673232,55.160343,True,4.1,36.693535,-14.123425,56.693905,True
2024-09-12 05:15:00,33.13,107,36,41.39,34.81344,-12.177692,54.18143,True,-5.2100005,35.77233,-12.773172,55.301678,True
2024-09-12 05:20:00,30.600002,107,38,43.61,31.135864,-11.339868,49.678158,True,-14.66,31.543114,-12.134272,50.272488,False
2024-09-12 05:25:00,30.560001,107,37,40.78,29.50616,-13.192338,47.874485,True,-18.04,28.909618,-14.444385,47.56647,False
2024-09-12 05:30:00,29.240002,107,36,34.69,28.506649,-14.797612,46.83286,True,-16.61,28.08347,-15.99815,46.698185,False
2024-09-12 05:35:00,29.14,107,35,31.0,29.68552,-13.374625,47.290554,True,-14.26,30.096088,-14.187106,47.910213,False
2024-09-12 05:40:00,28.11,107,32,28.720001,29.336418,-12.399575,46.235325,True,-18.13,30.196571,-12.967373,47.25816,False
2024-09-12 05:45:00,30.64,107,32,29.060001,31.186367,-12.440438,48.07221,True,-26.63,31.59048,-13.207175,48.688435,False
2024-09-12 05:50:00,29.810001,107,28,20.920002,30.460262,-12.692541,47.23022,True,-34.41,30.932255,-13.424273,47.906063,False
2024-09-12 05:55:00,30.970001,107,27,15.279999,31.037186,-13.987247,48.286472,True,-33.95,31.130917,-14.887216,48.61572,False
2024-09-12 06:00:00,34.35,107,24,10.43,32.710735,-14.846044,50.535404,True,-32.95,31.809101,-16.214354,49.960667,False
2024-09-12 06:05:00,35.5,107,21,7.5899997,32.579346,-16.576355,51.14311,True,-38.42,30.942497,-18.326874,49.912098,False
2024-09-12 06:10:00,39.19,107,21,4.1,32.630653,-20.132698,52.555676,True,-39.6,28.97136,-23.003283,49.547497,False
2024-09-12 06:15:00,41.39,107,22,-5.2100005,32.32248,-24.004951,53.559277,True,-39.42,27.331501,-27.706087,49.42013,False
2024-09-12 06:20:00,43.61,107,20,-14.66,32.866512,-25.017794,54.464237,True,-40.310005,27.10754,-29.270819,49.66023,False
2024-09-12 06:25:00,40.78,107,21,-18.04,31.810688,-24.01113,52.965084,True,-46.020004,26.731083,-27.84364,48.821888,False
2024-09-12 06:30:00,34.69,107,24,-16.61,28.562824,-24.929096,49.855236,True,-49.15,24.682922,-28.01295,46.83173,False
2024-09-12 06:35:00,31.0,107,26,-14.26,25.985596,-26.420826,47.828487,True,-53.8,22.569523,-29.203663,45.236286,False
2024-09-12 06:40:00,28.720001,107,26,-18.13,23.981083,-27.390667,46.12707,True,-57.74,20.565117,-30.142666,43.56068,False
2024-09-12 06:45:00,29.060001,107,20,-26.63,24.118114,-28.99198,46.699978,True,-62.25,20.586754,-31.820774,44.047016,False
2024-09-12 06:50:00,20.920002,107,14,-34.41,18.31147,-30.91002,41.489094,False,-62.2,16.143147,-32.9498,39.9689,False
2024-09-12 06:55:00,15.279999,107,9,-33.95,11.967812,-34.13447,36.054977,True,-59.76,8.9481735,-36.51042,33.86854,False
2024-09-12 07:00:00,10.43,107,3,-32.95,5.082269,-41.89449,31.400402,True,-62.2,0.060359642,-45.02544,27.632587,False
2024-09-12 07:05:00,7.5899997,107,-4,-38.42,0.3698441,-47.15242,27.920364,True,-60.2,-6.4251113,-50.858078,22.73066,False
2024-09-12 07:10:00,4.1,107,-9,-39.6,-4.5505366,-51.496918,23.75666,True,-60.27,-12.678526,-55.587257,17.471695,False
2024-09-12 07:15:00,-5.2100005,107,-12,-39.42,-14.591336,-57.087593,15.364601,True,-62.94,-23.34024,-61.51934,8.488903,False
2024-09-12 07:20:00,-14.66,107,-16,-40.310005,-24.566357,-61.76978,7.0402827,True,-64.15,-33.514805,-66.73794,-0.088043526,True
2024-09-12 07:25:00,-18.04,107,-19,-46.020004,-28.315351,-63.80857,3.9968908,True,-76.37,-37.443924,-69.089874,-3.2815764,False
2024-09-12 07:30:00,-16.61,107,-24,-49.15,-27.692932,-63.79459,4.4164367,True,-75.67,-37.51498,-69.28397,-3.446358,False
2024-09-12 07:35:00,-14.26,107,-30,-53.8,-26.735119,-64.46465,5.3547378,True,-80.6,-37.69276,-70.21157,-3.468075,False
2024-09-12 07:40:00,-18.13,107,-35,-57.74,-31.004208,-67.74203,1.9351345,True,-78.67,-42.0933,-73.79419,-6.967055,False
2024-09-12 07:45:00,-26.63,107,-41,-62.25,-38.066666,-69.90711,-4.8164496,True,-87.14,-47.747875,-76.08108,-12.553214,False
2024-09-12 07:50:00,-34.41,107,-46,-62.2,-44.236656,-72.749664,-10.540529,True,-86.26,-52.325947,-78.5961,-16.940979,False
2024-09-12 07:55:00,-33.95,107,-51,-59.76,-43.762844,-72.32246,-10.132785,True,-73.59,-51.742958,-78.06089,-16.50882,True
2024-09-12 08:00:00,-32.95,107,-55,-62.2,-42.44643,-71.111275,-8.94613,True,-69.21,-50.1097,-76.58791,-15.134188,True
2024-09-12 08:05:00,-38.42,107,-54,-60.2,-45.99189,-72.874695,-12.086927,True,-70.5,-51.91997,-77.50836,-16.799314,True
2024-09-12 08:10:00,-39.6,107,-57,-60.27,-46.2829,-72.53832,-12.547541,True,-74.51,-51.392433,-76.6483,-16.604149,True
2024-09-12 08:15:00,-39.42,107,-60,-62.94,-44.927406,-71.6849,-11.292419,True,-75.24,-49.151226,-75.134834,-14.63418,False
2024-09-12 08:20:00,-40.310005,107,-66,-64.15,-41.595715,-74.01672,-5.2104,True,-78.49,-42.656223,-75.15017,-5.930488,False
2024-09-12 08:25:00,-46.020004,107,-71,-76.37,-43.058765,-81.43601,-2.5191748,True,-85.33,-40.833984,-80.4283,-0.56814414,False
2024-09-12 08:30:00,-49.15,107,-73,-75.67,-44.582024,-86.85008,-1.7917198,True,-85.24,-41.064182,-85.0003,1.1149288,False
2024-09-12 08:35:00,-53.8,107,-78,-80.6,-48.600994,-97.03331,-2.6316817,True,-79.39,-44.63994,-94.91534,0.41742483,True
2024-09-12 08:40:00,-57.74,107,-81,-78.67,-52.074352,-97.49909,-6.9766784,True,-77.840004,-47.651337,-94.72272,-3.6556628,True
2024-09-12 08:45:00,-62.25,107,-80,-87.14,-54.906757,-97.25578,-10.529339,True,-72.08,-49.01229,-93.00863,-6.130775,True
2024-09-12 08:50:00,-62.2,107,-80,-86.26,-54.947575,-97.33419,-10.755625,True,-70.59,-49.047585,-93.014404,-6.3435445,True
2024-09-12 08:55:00,-59.76,107,-84,-73.59,-53.464558,-93.84494,-10.7427435,True,-72.6,-48.3108,-90.06017,-6.7954793,True
2024-09-12 09:00:00,-62.2,107,-65,-69.21,-56.637184,-97.61041,-12.918438,True,-79.85,-52.124073,-94.244705,-9.51865,True
2024-09-12 09:05:00,-60.2,107,-56,-70.5,-55.745167,-97.2783,-11.823108,True,-81.65,-52.122543,-94.67133,-9.060758,True
2024-09-12 09:10:00,-60.27,107,-66,-74.51,-56.22262,-96.22692,-12.333969,True,-81.17,-52.98866,-93.93668,-9.81536,True
2024-09-12 09:15:00,-62.94,107,-66,-75.24,-59.249554,-98.46955,-14.574674,True,-76.12,-56.31121,-96.28427,-12.289095,True
2024-09-12 09:20:00,-64.15,107,-68,-78.49,-62.04244,-103.10201,-15.663368,True,-74.81,-60.37465,-101.93635,-14.3325405,True
2024-09-12 09:25:00,-76.37,107,-73,-85.33,-73.321754,-115.266846,-22.612963,True,-66.79,-70.86246,-113.26899,-20.833395,True
2024-09-12 09:30:00,-75.67,107,-81,-85.24,-73.2564,-113.317085,-23.765285,True,-67.96,-71.30333,-111.71273,-22.304401,True
2024-09-12 09:35:00,-80.6,107,-88,-79.39,-76.80263,-116.13591,-26.07717,True,-67.23001,-73.85304,-113.60886,-23.972258,True
2024-09-12 09:40:00,-78.67,107,-93,-77.840004,-74.13198,-113.30927,-23.934132,True,-64.37,-70.83105,-110.55207,-21.567013,True
2024-09-12 09:45:00,-87.14,107,-90,-72.08,-79.26776,-119.040215,-26.893848,True,-61.22,-73.72108,-114.16045,-23.116972,True
2024-09-12 09:50:00,-86.26,107,-85,-70.59,-76.92304,-115.80793,-25.72003,True,-56.989998,-70.46414,-110.06416,-21.269522,True
2024-09-12 09:55:00,-73.59,107,-82,-72.6,-66.9609,-107.26932,-17.934677,True,-47.43,-62.426674,-103.64948,-14.628622,True
2024-09-12 10:00:00,-69.21,107,-85,-79.85,-61.97599,-102.40884,-14.484991,True,-40.41,-56.93791,-98.47836,-10.760569,True
2024-09-12 10:05:00,-70.5,107,-90,-81.65,-60.881363,-100.203064,-14.940345,True,-48.23,-53.962345,-94.499275,-9.876979,True
2024-09-12 10:10:00,-74.51,107,-91,-81.17,-62.34606,-100.02823,-17.466501,True,-59.81,-53.624866,-92.38875,-11.124294,True
2024-09-12 10:15:00,-75.24,107,-90,-76.12,-61.481453,-97.47372,-18.746983,True,-53.36,-51.53439,-88.33769,-11.425275,True
2024-09-12 10:20:00,-78.49,107,-90,-74.81,-61.43396,-98.33459,-18.396524,True,-60.01,-49.49845,-87.27336,-9.598609,True
2024-09-12 10:25:00,-85.33,107,-96,-66.79,-69.74742,-101.61416,-28.44903,True,-59.25,-58.63031,-90.29261,-20.457033,True
2024-09-12 10:30:00,-85.24,107,-95,-67.96,-70.103134,-99.84623,-30.251049,True,-57.48,-59.423695,-88.78533,-22.550812,True
2024-09-12 10:35:00,-79.39,107,-93,-67.23001,-64.81919,-93.63056,-26.899872,True,-62.95,-54.84933,-83.595436,-19.526485,True
2024-09-12 10:40:00,-77.840004,107,-94,-64.37,-62.54634,-90.902306,-25.800795,True,-64.69,-52.260506,-80.65267,-18.07148,True
2024-09-12 10:45:00,-72.08,107,-94,-61.22,-57.72507,-84.7057,-23.206247,True,-62.48,-48.22713,-75.516174,-15.824758,True
2024-09-12 10:50:00,-70.59,107,-96,-56.989998,-56.62034,-81.81969,-23.85345,True,-64.39,-47.37743,-72.84522,-16.541983,True
2024-09-12 10:55:00,-72.6,107,-97,-47.43,-58.2784,-82.19011,-26.425207,True,-71.46,-48.689445,-72.63603,-18.827244,True
2024-09-12 11:00:00,-79.85,107,-95,-40.41,-60.981007,-86.64597,-28.939308,True,-67.85,-48.39708,-73.64862,-19.051119,True
2024-09-12 11:05:00,-81.65,107,-95,-48.23,-60.56455,-88.95712,-29.237976,True,-69.48,-46.456917,-74.236404,-18.167475,True
2024-09-12 11:10:00,-81.17,107,-94,-59.81,-61.420887,-91.099945,-30.248913,True,-75.75,-47.970123,-77.08751,-19.797953,True
2024-09-12 11:15:00,-76.12,107,-91,-53.36,-58.48198,-88.523224,-28.19207,True,-85.9,-46.26426,-76.018845,-18.63661,False
2024-09-12 11:20:00,-74.81,107,-89,-60.01,-55.40433,-85.45634,-23.912586,True,-89.48,-41.857433,-71.62625,-13.194894,False
2024-09-12 11:25:00,-66.79,107,-89,-59.25,-48.547356,-78.79509,-19.20161,True,-94.87,-35.835316,-66.217476,-8.864703,False
2024-09-12 11:30:00,-67.96,107,-88,-57.48,-50.26448,-80.36692,-21.117731,True,-102.19,-38.118847,-68.2793,-11.311945,False
2024-09-12 11:35:00,-67.23001,107,-85,-62.95,-52.96826,-88.15242,-21.666662,True,-106.46,-43.618176,-79.42927,-14.4932165,False
2024-09-12 11:40:00,-64.37,107,-82,-64.69,-56.40533,-97.35099,-21.714977,True,-115.92,-51.19423,-92.76241,-17.939636,False
2024-09-12 11:45:00,-61.22,107,-80,-62.48,-54.25604,-91.58873,-20.628088,True,-122.84,-49.52762,-87.44424,-17.102417,False
2024-09-12 11:50:00,-56.989998,107,-78,-64.39,-50.144344,-85.48254,-17.328197,True,-120.27,-45.404957,-81.43657,-13.672607,False
2024-09-12 11:55:00,-47.43,107,-72,-71.46,-43.39171,-78.9314,-11.674773,True,-110.34,-40.544704,-76.60834,-9.36059,False
2024-09-12 12:00:00,-40.41,107,-80,-67.85,-40.505234,-78.34246,-8.990237,True,-104.670006,-40.520554,-78.00492,-8.932787,False
2024-09-12 12:05:00,-48.23,107,-81,-69.48,-49.25624,-85.27432,-15.950219,True,-101.1,-49.871475,-85.371124,-16.342886,False
2024-09-12 12:10:00,-59.81,107,-81,-75.75,-58.521404,-91.32415,-22.821203,True,-99.97,-57.570843,-90.21999,-22.060686,False
2024-09-12 12:15:00,-53.36,107,-79,-85.9,-54.96691,-87.5787,-20.109005,True,-96.65,-55.94883,-87.96562,-20.763409,False
2024-09-12 12:20:00,-60.01,107,-84,-89.48,-61.44804,-91.88792,-25.077065,True,-96.78,-62.30236,-92.23548,-25.620188,False
2024-09-12 12:25:00,-59.25,107,-91,-94.87,-63.19164,-95.41542,-25.159298,True,-102.64,-65.70659,-97.09361,-26.85163,False
2024-09-12 12:30:00,-57.48,107,-91,-102.19,-64.340164,-97.21803,-25.481468,False,-108.04,-68.83198,-100.4607,-28.535631,False
2024-09-12 12:35:00,-62.95,107,-90,-106.46,-67.83267,-93.53908,-29.738747,False,-119.87,-70.897285,-95.84567,-31.825956,False
2024-09-12 12:40:00,-64.69,107,-88,-115.92,-68.94291,-92.26011,-31.48961,False,-135.71,-71.57036,-94.252785,-33.293076,False
2024-09-12 12:45:00,-62.48,107,-88,-122.84,-67.43064,-89.10408,-30.413652,False,-135.03,-70.37103,-91.32528,-32.485847,False
2024-09-12 12:50:00,-64.39,107,-92,-120.27,-67.22772,-86.784615,-31.113895,False,-135.43,-68.89394,-87.90987,-32.309093,False
2024-09-12 12:55:00,-71.46,107,-101,-110.34,-70.660286,-90.061966,-33.995686,False,-141.69,-70.02671,-89.0416,-33.507107,False
2024-09-12 13:00:00,-67.85,107,-100,-104.670006,-67.48755,-86.482086,-32.169167,False,-145.48,-67.12818,-85.730736,-31.88084,False
2024-09-12 13:05:00,-69.48,107,-106,-101.1,-70.17378,-91.87011,-33.503387,False,-143.48,-70.48451,-91.75911,-33.71043,False
2024-09-12 13:10:00,-75.75,107,-109,-99.97,-75.54733,-97.79408,-37.797623,False,-136.09,-75.22942,-97.085014,-37.56196,False
2024-09-12 13:15:00,-85.9,107,-116,-96.65,-83.525856,-106.8688,-43.74094,True,-122.25,-81.58758,-104.50503,-42.42318,False
2024-09-12 13:20:00,-89.48,107,-121,-96.78,-86.61586,-110.72299,-46.142807,True,-121.64,-84.21547,-107.8679,-44.54564,False
2024-09-12 13:25:00,-94.87,107,-121,-102.64,-90.593666,-114.4013,-49.443077,True,-125.94999,-87.04084,-110.300415,-47.087685,False
2024-09-12 13:30:00,-102.19,107,-122,-108.04,-95.26836,-118.51362,-53.481937,True,-125.62,-89.63957,-112.09647,-49.715443,False
2024-09-12 13:35:00,-106.46,107,-121,-119.87,-96.60683,-120.12255,-54.18722,True,-116.63,-88.8711,-111.32145,-48.99121,False
2024-09-12 13:40:00,-115.92,107,-121,-135.71,-101.95289,-127.95325,-56.14333,False,-107.86,-91.373055,-115.9707,-49.080643,True
2024-09-12 13:45:00,-122.84,107,-125,-135.03,-103.933784,-133.02374,-55.92437,False,-102.37,-90.60506,-117.966774,-46.951008,True
2024-09-12 13:50:00,-120.27,107,-126,-135.43,-98.20836,-130.44225,-50.336452,False,-96.88,-84.16775,-114.71396,-40.869526,True
2024-09-12 13:55:00,-110.34,107,-124,-141.69,-88.075226,-122.36438,-41.97785,False,-91.35,-75.31762,-108.374016,-33.409477,True
2024-09-12 14:00:00,-104.670006,107,-122,-145.48,-81.12088,-117.6467,-36.328182,False,-89.77,-68.41207,-103.996925,-27.778404,True
2024-09-12 14:05:00,-101.1,107,-121,-143.48,-76.52074,-114.89978,-32.68163,False,-86.81,-63.43027,-101.116714,-23.833443,True
2024-09-12 14:10:00,-99.97,107,-122,-136.09,-73.81108,-111.89598,-31.617327,False,-79.19,-59.800667,-97.142815,-21.987656,True
2024-09-12 14:15:00,-96.65,107,-122,-122.25,-70.082596,-105.722275,-30.902304,False,-71.48,-55.76637,-90.59549,-20.760935,True
2024-09-12 14:20:00,-96.78,107,-121,-121.64,-69.49242,-101.682,-33.81051,False,-68.6,-54.29172,-85.148506,-22.736208,True
2024-09-12 14:25:00,-102.64,107,-121,-125.94999,-69.94807,-105.150055,-33.437973,False,-64.37,-51.47301,-84.601944,-20.041353,True
2024-09-12 14:30:00,-108.04,107,-119,-125.62,-74.995224,-111.60054,-35.8776,False,-52.31,-55.065483,-89.23745,-21.67117,True
2024-09-12 14:35:00,-119.87,107,-116,-116.63,-85.62302,-121.45578,-46.035007,True,-38.61,-63.306328,-95.59836,-29.91591,True
2024-09-12 14:40:00,-135.71,107,-113,-107.86,-98.78059,-135.72572,-57.57613,True,-41.33,-73.01167,-105.318985,-38.560852,True
2024-09-12 14:45:00,-135.03,107,-109,-102.37,-98.0152,-135.57388,-56.45802,True,-44.44,-71.9747,-104.87606,-37.29181,True
2024-09-12 14:50:00,-135.43,107,-105,-96.88,-100.83067,-137.39389,-58.980095,True,-45.44,-75.57783,-107.87256,-40.52055,True
2024-09-12 14:55:00,-141.69,107,-103,-91.35,-108.00598,-144.86012,-64.56366,True,-41.84,-82.4109,-115.1751,-45.99598,False
2024-09-12 15:00:00,-145.48,107,-102,-89.77,-112.206856,-148.46455,-68.10888,True,-40.53,-86.583145,-118.78133,-49.542995,False
2024-09-12 15:05:00,-143.48,107,-100,-86.81,-110.82024,-146.25276,-67.30798,True,-40.66,-85.629684,-117.0502,-49.061314,False
2024-09-12 15:10:00,-136.09,107,-97,-79.19,-106.38456,-138.92259,-65.02759,True,-51.32,-83.29773,-112.21698,-48.406822,True
2024-09-12 15:15:00,-122.25,107,-93,-71.48,-96.51607,-125.52311,-58.574886,True,-49.28,-76.673454,-102.71211,-44.427288,True
2024-09-12 15:20:00,-121.64,107,-93,-68.6,-96.878944,-124.73721,-59.120914,True,-48.22,-77.67176,-102.66445,-45.50955,True
2024-09-12 15:25:00,-125.94999,107,-91,-64.37,-101.49046,-128.38771,-63.15316,True,-44.62,-82.295586,-106.2821,-49.596382,False
2024-09-12 15:30:00,-125.62,107,-88,-52.31,-102.26451,-127.70354,-64.4425,False,-43.3,-83.89899,-106.57342,-51.51477,False
2024-09-12 15:35:00,-116.63,107,-84,-38.61,-94.72497,-118.35638,-59.35926,False,-44.67,-77.934944,-99.08431,-47.45811,False
2024-09-12 15:40:00,-107.86,107,-81,-41.33,-87.24095,-109.18611,-54.33603,False,-48.01,-71.89111,-91.6634,-43.316063,True
2024-09-12 15:45:00,-102.37,107,-78,-44.44,-83.031204,-104.286415,-50.56977,False,-46.33,-68.90378,-88.29993,-40.438927,True
2024-09-12 15:50:00,-96.88,107,-75,-45.44,-78.76815,-100.153,-46.6473,False,-38.65,-65.724945,-85.64201,-37.318253,True
2024-09-12 15:55:00,-91.35,107,-72,-41.84,-74.78637,-95.36156,-43.86854,False,-33.1,-62.98526,-82.415726,-35.366154,False
2024-09-12 16:00:00,-89.77,107,-73,-40.53,-73.38343,-93.808556,-42.914665,False,-20.71,-61.742054,-81.108246,-34.476322,False
2024-09-12 16:05:00,-86.81,107,-72,-40.66,-70.70328,-91.45963,-40.84283,False,-15.46,-59.278675,-79.14478,-32.51514,False
2024-09-12 16:10:00,-79.19,107,-71,-51.32,-64.98629,-85.20439,-36.74574,True,-33.91,-54.927273,-74.62895,-29.279175,True
2024-09-12 16:15:00,-71.48,107,-70,-49.28,-59.906094,-79.21913,-33.332767,True,-47.61,-51.69689,-70.80844,-27.129885,True
2024-09-12 16:20:00,-68.6,107,-69,-48.22,-59.473885,-78.43218,-33.41064,True,-49.03,-52.957634,-71.76284,-28.55147,True
2024-09-12 16:25:00,-64.37,107,-67,-44.62,-58.37555,-77.19445,-32.976196,True,-49.13,-54.03588,-72.621376,-29.831217,True
2024-09-12 16:30:00,-52.31,107,-61,-43.3,-51.20519,-71.170166,-27.392862,True,-48.58,-50.3147,-69.717316,-26.9104,True
2024-09-12 16:35:00,-38.61,107,-53,-44.67,-42.94208,-63.042408,-20.413704,True,-55.65,-45.86341,-64.36143,-23.055428,True
2024-09-12 16:40:00,-41.33,107,-54,-48.01,-46.929768,-63.80182,-24.092802,True,-64.79,-50.551258,-65.80806,-27.303082,True
2024-09-12 16:45:00,-44.44,107,-56,-46.33,-49.663094,-65.470726,-26.584005,True,-75.9,-53.003838,-67.38554,-29.523897,False
2024-09-12 16:50:00,-45.44,107,-58,-38.65,-46.82566,-64.97913,-23.174889,True,-84.6,-47.653706,-64.89745,-24.060535,False
2024-09-12 16:55:00,-41.84,107,-57,-33.1,-45.89629,-71.863106,-20.185667,True,-122.01,-48.593914,-72.92377,-22.543406,False
2024-09-12 17:00:00,-40.53,107,-58,-20.71,-50.922146,-87.809845,-19.24034,True,-141.8,-57.542088,-91.10744,-24.445148,False
2024-09-12 17:05:00,-40.66,107,-59,-15.46,-55.300636,-98.31723,-19.466103,False,-142.59,-64.42388,-103.427055,-26.200068,False
2024-09-12 17:10:00,-51.32,107,-69,-33.91,-66.72616,-114.96365,-24.591578,True,-124.46,-76.283646,-121.35282,-30.90894,False
2024-09-12 17:15:00,-49.28,107,-70,-47.61,-71.97202,-127.42129,-24.71092,True,-89.5,-85.86466,-137.634,-33.382927,True
2024-09-12 17:20:00,-48.22,107,-74,-49.03,-77.92652,-133.302,-27.595798,True,-74.06,-96.123024,-147.86586,-38.792656,True
2024-09-12 17:25:00,-44.62,107,-75,-49.13,-82.36637,-137.0213,-29.625803,True,-66.19,-105.60353,-156.59482,-44.058994,True
2024-09-12 17:30:00,-43.3,107,-73,-48.58,-87.96985,-140.73587,-32.784332,True,-59.28,-115.997604,-165.49245,-50.324917,True
2024-09-12 17:35:00,-44.67,107,-73,-55.65,-96.64378,-148.67828,-36.89032,True,-52.8,-129.84799,-179.42773,-57.677685,False
2024-09-12 17:40:00,-48.01,107,-75,-64.79,-108.04549,-159.6855,-42.000134,True,-39.66,-146.7052,-196.86697,-66.29215,False
2024-09-12 17:45:00,-46.33,107,-76,-75.9,-114.03887,-164.4576,-44.171825,True,-44.59,-157.37553,-205.93271,-72.1522,False
2024-09-12 17:50:00,-38.65,107,-76,-84.6,-116.81497,-167.5846,-43.358093,True,-54.91,-165.38467,-212.76,-75.93484,False
2024-09-12 17:55:00,-33.1,107,-71,-122.01,-121.13723,-169.95381,-44.16135,True,-60.99,-174.2412,-218.77321,-80.88605,False
2024-09-12 18:00:00,-20.71,107,-69,-141.8,-122.32274,-173.51323,-40.985233,True,-61.54,-180.3446,-225.01508,-82.3612,False
2024-09-12 18:05:00,-15.46,107,-71,-142.59,-125.08818,-176.24574,-40.137478,True,-49.72,-184.80284,-228.35059,-83.43334,False
2024-09-12 18:10:00,-33.91,107,-82,-124.46,-134.19514,-178.47008,-46.90477,True,-60.22,-189.49452,-229.80785,-85.97078,False
2024-09-12 18:15:00,-47.61,107,-93,-89.5,-138.78377,-178.3606,-51.42822,True,-68.34,-190.5523,-227.82016,-86.92346,False
2024-09-12 18:20:00,-49.03,107,-97,-74.06,-135.85426,-174.0335,-49.743134,True,-85.77,-183.40782,-218.87749,-82.65422,True
2024-09-12 18:25:00,-49.13,107,-102,-66.19,-134.42462,-172.14375,-48.171684,True,-91.76999,-179.86172,-214.78772,-79.66087,True
2024-09-12 18:30:00,-48.58,107,-103,-59.28,-132.99045,-171.16963,-46.278374,True,-92.79,-177.08107,-212.39131,-76.78793,True
2024-09-12 18:35:00,-55.65,107,-115,-52.8,-132.05795,-168.10555,-46.932068,True,-83.1,-171.94292,-205.53432,-74.24252,True
2024-09-12 18:40:00,-64.79,107,-125,-39.66,-132.21248,-165.78865,-48.70309,False,-80.02,-167.61075,-199.24532,-72.60079,True
2024-09-12 18:45:00,-75.9,107,-125,-44.59,-131.24112,-160.52011,-51.07486,False,-80.34,-159.8394,-187.74376,-70.281845,True
2024-09-12 18:50:00,-84.6,107,-115,-54.91,-126.109474,-150.1267,-52.072533,True,-75.64,-146.75952,-170.07999,-66.08242,True
2024-09-12 18:55:00,-122.01,107,-119,-60.99,-142.29922,-165.75343,-65.98414,False,-74.06,-154.1164,-177.42111,-73.38677,True
2024-09-12 19:00:00,-141.8,107,-127,-61.54,-149.1421,-173.25511,-72.26164,False,-70.56,-153.35735,-177.39398,-74.84582,False
2024-09-12 19:05:00,-142.59,107,-125,-49.72,-145.57222,-169.87848,-70.19128,False,-67.41,-147.0128,-171.16821,-71.07139,False
2024-09-12 19:10:00,-124.46,107,-116,-60.22,-131.52014,-153.76779,-60.775517,False,-65.9,-135.05348,-157.32391,-63.01104,True
2024-09-12 19:15:00,-89.5,107,-109,-68.34,-111.622185,-129.91284,-47.201656,True,-71.8,-121.694824,-140.2573,-54.08283,True
2024-09-12 19:20:00,-74.06,107,-107,-85.77,-101.10774,-119.412346,-39.699432,True,-73.56,-112.06273,-130.30907,-47.603218,True
2024-09-12 19:25:00,-66.19,107,-108,-91.76999,-92.532745,-110.30284,-34.738422,True,-73.4,-102.523964,-119.90491,-42.236515,True
2024-09-12 19:30:00,-59.28,107,-113,-92.79,-85.62382,-104.73103,-29.898756,True,-74.63,-95.02795,-113.24332,-37.18869,True
2024-09-12 19:35:00,-52.8,107,-112,-83.1,-81.23377,-100.54633,-26.546318,True,-78.06,-90.97418,-109.1589,-34.141544,True
2024-09-12 19:40:00,-39.66,107,-106,-80.02,-75.04082,-94.09792,-21.71903,True,-77.77,-86.67225,-103.2646,-31.35361,True
2024-09-12 19:45:00,-44.59,107,-111,-80.34,-74.53376,-91.81775,-23.164549,True,-78.32,-84.56041,-100.11386,-31.242647,True
2024-09-12 19:50:00,-54.91,107,-108,-75.64,-74.92339,-92.00463,-24.880098,True,-74.6,-82.209595,-98.269035,-30.423326,True
2024-09-12 19:55:00,-60.99,107,-108,-74.06,-75.44599,-91.98602,-26.675837,True,-76.75,-80.89988,-96.84758,-30.670015,True
2024-09-12 20:00:00,-61.54,107,-109,-70.56,-74.56684,-91.284004,-26.470089,True,-76.58001,-79.5793,-95.73563,-30.09505,True
2024-09-12 20:05:00,-49.72,107,-111,-67.41,-68.40599,-85.21238,-21.950314,True,-72.99,-75.52845,-90.95171,-27.461166,True
2024-09-12 20:10:00,-60.22,107,-111,-65.9,-70.87429,-87.03506,-24.986872,True,-72.71,-75.198044,-90.70342,-28.142506,True
2024-09-12 20:15:00,-68.34,107,-113,-71.8,-73.412056,-89.39669,-27.80155,True,-82.38,-75.466644,-91.10188,-29.247639,True
2024-09-12 20:20:00,-85.77,107,-116,-73.56,-82.40247,-99.64822,-34.447887,True,-83.63,-80.390594,-97.26068,-33.184437,True
2024-09-12 20:25:00,-91.76999,107,-121,-73.4,-86.40046,-104.500496,-36.68965,True,-72.84,-83.288994,-100.88385,-34.79405,True
2024-09-12 20:30:00,-92.79,107,-128,-74.63,-88.54256,-104.5798,-39.12897,True,-69.73,-85.94698,-101.55524,-37.521263,True
2024-09-12 20:35:00,-83.1,107,-123,-78.06,-81.51913,-96.287674,-35.48716,True,-70.01,-80.41202,-94.921646,-34.787315,True
2024-09-12 20:40:00,-80.02,107,-122,-77.77,-78.938644,-92.89054,-34.946472,True,-66.91,-78.08981,-91.82032,-34.39998,True
2024-09-12 20:45:00,-80.34,107,-120,-78.32,-77.41062,-90.78113,-35.19177,True,-67.18,-75.56278,-88.681564,-33.96857,True
2024-09-12 20:50:00,-75.64,107,-119,-74.6,-73.334526,-85.97138,-33.645416,True,-65.53,-71.82519,-84.25478,-32.626633,True
2024-09-12 20:55:00,-74.06,107,-113,-76.75,-71.57595,-84.09378,-33.327816,True,-65.62,-69.96386,-82.291794,-32.22635,True
2024-09-12 21:00:00,-70.56,107,-110,-76.58001,-68.63593,-82.00582,-31.019459,True,-68.53,-67.33375,-80.54263,-30.135328,True
2024-09-12 21:05:00,-67.41,107,-108,-72.99,-66.931114,-80.54629,-28.43927,True,-68.24,-66.42016,-79.87653,-28.114983,True
2024-09-12 21:10:00,-65.9,107,-106,-72.71,-66.238495,-80.685814,-26.78191,True,-67.21,-66.15947,-80.44097,-26.755001,True
2024-09-12 21:15:00,-71.8,107,-106,-82.38,-69.93627,-85.40184,-28.570189,True,-66.9,-68.66623,-84.024445,-27.777075,True
2024-09-12 21:20:00,-73.56,107,-109,-83.63,-71.38836,-87.362144,-29.293785,True,-68.490005,-69.9364,-85.82271,-28.39974,True
2024-09-12 21:25:00,-73.4,107,-107,-72.84,-72.355484,-88.100395,-30.192724,True,-66.92,-71.52024,-87.18301,-29.68605,True
2024-09-12 21:30:00,-74.63,107,-106,-69.73,-74.12851,-89.26981,-32.095634,True,-68.51,-73.596695,-88.66478,-31.775145,True
2024-09-12 21:35:00,-78.06,107,-106,-70.01,-77.01857,-91.67342,-34.717247,True,-69.01,-76.17163,-90.76648,-34.192432,True
2024-09-12 21:40:00,-77.77,107,-107,-66.91,-77.01399,-91.7795,-34.618336,True,-69.8,-76.336586,-91.062935,-34.19532,True
2024-09-12 21:45:00,-78.32,107,-107,-67.18,-77.567665,-92.42921,-34.956566,True,-55.63,-76.8975,-91.735725,-34.53679,True
2024-09-12 21:50:00,-74.6,107,-105,-65.53,-74.97755,-89.529434,-33.512325,True,-43.85,-74.98167,-89.51735,-33.521343,True
2024-09-12 21:55:00,-76.75,107,-106,-65.62,-76.42216,-91.04196,-34.447605,True,-35.45,-76.01443,-90.64096,-34.191734,True
2024-09-12 22:00:00,-76.58001,107,-104,-68.53,-76.35681,-91.39503,-34.1261,True,-34.77,-76.014786,-91.07596,-33.91028,True
2024-09-12 22:05:00,-72.99,107,-99,-68.24,-73.830246,-89.137726,-32.021526,True,-36.31,-74.11711,-89.43966,-32.21287,True
2024-09-12 22:10:00,-72.71,107,-100,-67.21,-73.51507,-90.217445,-30.634514,True,-31.99,-73.778206,-90.50564,-30.811687,True
2024-09-12 22:15:00,-82.38,107,-104,-66.9,-79.80791,-97.572174,-34.016586,True,-20.12,-78.08144,-95.92685,-32.95955,False
2024-09-12 22:20:00,-83.63,107,-109,-68.490005,-81.80474,-99.1105,-35.92461,True,-35.39,-80.49469,-97.888885,-35.108604,True
2024-09-12 22:25:00,-72.84,107,-106,-66.92,-74.75554,-91.53327,-31.674414,True,-45.61,-75.7636,-92.56298,-32.3295,True
2024-09-12 22:30:00,-69.73,107,-106,-68.51,-72.32506,-89.10979,-29.790667,True,-45.31,-73.72547,-90.50016,-30.711306,True
2024-09-12 22:35:00,-70.01,107,-109,-69.01,-72.61045,-88.57464,-30.213696,True,-39.93,-74.02184,-90.01066,-31.1416,True
2024-09-12 22:40:00,-66.91,107,-108,-69.8,-71.17052,-86.56631,-29.598352,True,-31.82,-73.60401,-88.94704,-31.214575,True
2024-09-12 22:45:00,-67.18,107,-108,-55.63,-71.657135,-87.194725,-29.452477,True,-34.67,-74.21893,-89.71668,-31.1531,True
2024-09-12 22:50:00,-65.53,107,-107,-43.85,-70.710236,-86.08907,-28.646141,True,-39.37,-73.67145,-88.98392,-30.625736,True
2024-09-12 22:55:00,-65.62,107,-110,-35.45,-70.811264,-85.60845,-28.877663,True,-40.6,-73.77115,-88.5467,-30.85868,True
2024-09-12 23:00:00,-68.53,107,-113,-34.77,-72.87547,-87.32483,-30.252377,True,-40.820004,-75.326065,-89.865814,-31.876331,True
2024-09-12 23:05:00,-68.24,107,-111,-36.31,-72.55056,-86.74217,-30.067589,True,-42.24,-74.93971,-89.25371,-31.6598,True
2024-09-12 23:10:00,-67.21,107,-111,-31.99,-71.68267,-85.760635,-29.6058,True,-43.78,-74.164505,-88.36423,-31.27365,True
2024-09-12 23:15:00,-66.9,107,-111,-20.12,-71.316086,-85.27271,-29.421404,False,-44.79,-73.76442,-87.85436,-31.077902,True
2024-09-12 23:20:00,-68.490005,107,-114,-35.39,-71.86482,-86.16744,-29.641685,True,-47.48,-73.731285,-88.21595,-30.9101,True
2024-09-12 23:25:00,-66.92,107,-115,-45.61,-70.37679,-84.15831,-29.324736,True,-52.03,-72.29385,-86.255615,-30.643625,True
2024-09-12 23:30:00,-68.51,107,-117,-45.31,-71.22586,-84.66747,-30.344559,True,-56.799995,-72.73361,-86.401505,-31.392399,True
2024-09-12 23:35:00,-69.01,107,-119,-39.93,-71.31045,-84.412704,-30.895456,True,-58.03,-72.59809,-85.94754,-31.806793,True
2024-09-12 23:40:00,-69.8,107,-120,-31.82,-72.244644,-84.9611,-32.06581,False,-58.23,-73.675674,-86.64153,-33.073063,True
2024-09-12 23:45:00,-55.63,107,-117,-34.67,-62.45586,-75.50816,-25.571552,True,-58.359997,-66.47338,-79.27805,-28.525629,True
2024-09-12 23:50:00,-43.85,107,-112,-39.37,-54.078228,-68.397156,-19.500063,True,-58.12,-60.073826,-73.28739,-24.170837,True
2024-09-12 23:55:00,-35.45,107,-107,-40.6,-48.147026,-63.859306,-15.08365,True,-60.32,-55.609283,-69.27656,-21.148504,True
2024-09-13 00:00:00,-34.77,107,-105,-40.820004,-47.067307,-62.967075,-14.5367,True,-59.7,-54.34461,-68.20505,-20.498974,True
2024-09-13 00:05:00,-36.31,107,-103,-42.24,-47.480556,-62.97266,-15.378142,True,-52.43,-54.122482,-67.88028,-20.821672,True
2024-09-13 00:10:00,-31.99,107,-102,-43.78,-43.697086,-59.425365,-13.310285,True,-45.3,-50.877945,-64.48374,-19.295322,True
2024-09-13 00:15:00,-20.12,107,-101,-44.79,-35.032875,-53.977734,-6.7558227,True,-40.49,-44.465137,-59.50891,-14.896408,True
2024-09-13 00:20:00,-35.39,107,-103,-47.48,-45.15781,-59.483162,-16.124958,True,-40.56,-51.246265,-64.13438,-21.155144,True
2024-09-13 00:25:00,-45.61,107,-103,-52.03,-51.533657,-63.74303,-22.021446,True,-39.21,-55.228207,-67.094635,-24.989492,True
2024-09-13 00:30:00,-45.31,107,-104,-56.799995,-50.635006,-62.64744,-21.955593,True,-38.11,-54.086975,-65.83552,-24.737581,True
2024-09-13 00:35:00,-39.93,107,-103,-58.03,-46.19091,-57.86941,-19.245031,False,-36.03,-50.358356,-61.48401,-22.698841,True
2024-09-13 00:40:00,-31.82,107,-102,-58.23,-39.31527,-50.214928,-14.954415,False,-33.15,-44.47419,-54.347336,-19.417875,True
2024-09-13 00:45:00,-34.67,107,-102,-58.359997,-40.27003,-47.67072,-18.144695,False,-35.42,-44.26563,-51.241207,-21.69192,True
2024-09-13 00:50:00,-39.37,107,-102,-58.12,-42.112633,-48.98676,-22.138884,False,-36.88,-44.206184,-51.16937,-24.02593,True
2024-09-13 00:55:00,-40.6,107,-103,-60.32,-42.491917,-50.19579,-22.87953,False,-36.65,-44.036087,-51.933983,-24.256243,True
2024-09-13 01:00:00,-40.820004,107,-103,-59.7,-42.4284,-50.237534,-23.322592,False,-35.95,-43.80397,-51.843533,-24.539503,True
2024-09-13 01:05:00,-42.24,107,-104,-52.43,-43.395058,-51.55503,-24.280176,False,-35.29,-44.454605,-52.90314,-25.203363,True
2024-09-13 01:10:00,-43.78,107,-104,-45.3,-44.7663,-53.35284,-25.543968,True,-32.47,-45.71803,-54.62208,-26.355087,True
2024-09-13 01:15:00,-44.79,107,-103,-40.49,-45.52854,-54.048115,-26.439419,True,-29.66,-46.29982,-55.1641,-27.0849,True
2024-09-13 01:20:00,-47.48,107,-102,-40.56,-47.931232,-55.995167,-28.912758,True,-26.93,-48.489883,-56.93272,-29.367199,False
2024-09-13 01:25:00,-52.03,107,-103,-39.21,-51.721153,-59.429367,-32.299347,True,-26.5,-51.69315,-59.819363,-32.24719,False
2024-09-13 01:30:00,-56.799995,107,-103,-38.11,-55.76646,-63.259743,-35.896626,True,-27.16,-55.185394,-63.102367,-35.376137,False
2024-09-13 01:35:00,-58.03,107,-103,-36.03,-56.870583,-63.99336,-37.255135,False,-26.17,-56.20618,-63.755455,-36.660835,False
2024-09-13 01:40:00,-58.23,107,-102,-33.15,-56.939022,-64.324776,-37.257957,False,-24.48,-56.169666,-63.98995,-36.56899,False
2024-09-13 01:45:00,-58.359997,107,-101,-35.42,-56.973644,-64.757385,-36.984882,False,-25.72,-56.12835,-64.365105,-36.22731,False
2024-09-13 01:50:00,-58.12,107,-102,-36.88,-56.54718,-65.167435,-35.8407,True,-26.13,-55.549004,-64.65628,-34.94667,False
2024-09-13 01:55:00,-60.32,107,-99,-36.65,-58.338234,-67.47333,-36.94952,False,-31.14,-57.017105,-66.6577,-35.785595,False
2024-09-13 02:00:00,-59.7,107,-97,-35.95,-57.676212,-67.00018,-36.55728,False,-33.35,-56.31083,-66.15473,-35.34523,False
2024-09-13 02:05:00,-52.43,107,-96,-35.29,-51.576252,-60.51073,-32.518505,True,-35.05,-51.11922,-60.560143,-32.055466,True
2024-09-13 02:10:00,-45.3,107,-93,-32.47,-45.38506,-54.384117,-27.974226,True,-34.83,-45.680317,-55.13954,-28.146458,True
2024-09-13 02:15:00,-40.49,107,-91,-29.66,-41.17522,-50.189594,-24.971045,True,-33.04,-41.981293,-51.401512,-25.57852,True
2024-09-13 02:20:00,-40.56,107,-90,-26.93,-41.201317,-50.334473,-24.86365,True,-28.32,-41.97207,-51.51736,-25.433807,True
2024-09-13 02:25:00,-39.21,107,-89,-26.5,-40.13716,-49.200256,-24.061937,True,-18.94,-41.156136,-50.601448,-24.845413,False
2024-09-13 02:30:00,-38.11,107,-89,-27.16,-39.254017,-48.464355,-23.150484,True,-12.92,-40.454884,-50.025223,-24.094387,False
2024-09-13 02:35:00,-36.03,107,-90,-26.17,-37.650223,-46.766403,-21.75647,True,-11.05,-39.25159,-48.655098,-23.059774,False
2024-09-13 02:40:00,-33.15,107,-90,-24.48,-35.57571,-44.560017,-20.12678,True,-11.8,-37.859566,-46.98127,-22.044823,False
2024-09-13 02:45:00,-35.42,107,-90,-25.72,-37.660378,-46.771492,-21.823418,True,-13.91,-39.775352,-49.079647,-23.585026,False
2024-09-13 02:50:00,-36.88,107,-92,-26.13,-38.568638,-48.227646,-22.075695,True,-16.93,-40.222893,-50.178787,-23.413465,False
2024-09-13 02:55:00,-36.65,107,-96,-31.14,-38.418625,-48.014507,-21.94088,True,-18.42,-40.13658,-50.011147,-23.33145,False
2024-09-13 03:00:00,-35.95,107,-96,-33.35,-37.858944,-47.90278,-21.125961,True,-17.84,-39.6979,-49.997944,-22.616522,False
2024-09-13 03:05:00,-35.29,107,-96,-35.05,-37.455658,-47.235516,-20.980934,True,-17.6,-39.519253,-49.505898,-22.662762,False
2024-09-13 03:10:00,-32.47,107,-99,-34.83,-34.937138,-45.053017,-18.894056,True,-18.69,-37.274292,-47.510822,-20.814285,False
2024-09-13 03:15:00,-29.66,107,-101,-33.04,-32.37273,-42.92109,-16.933088,True,-18.86,-34.939957,-45.514637,-19.052197,False
2024-09-13 03:20:00,-26.93,107,-103,-28.32,-29.970327,-41.10126,-15.038063,True,-17.27,-32.84009,-43.877243,-17.416672,False
2024-09-13 03:25:00,-26.5,107,-104,-18.94,-29.738129,-41.749516,-14.680985,True,-16.94,-32.769238,-44.603764,-17.195822,False
2024-09-13 03:30:00,-27.16,107,-105,-12.92,-30.759705,-43.47819,-15.282105,False,-18.65,-34.070004,-46.496067,-18.03887,True
2024-09-13 03:35:00,-26.17,107,-106,-11.05,-30.210697,-44.15893,-14.576737,False,-19.91,-33.89224,-47.373367,-17.6542,True
2024-09-13 03:40:00,-24.48,107,-105,-11.8,-28.795214,-43.709656,-13.200684,False,-19.86,-32.726517,-47.030437,-16.493967,True
2024-09-13 03:45:00,-25.72,107,-102,-13.91,-29.85613,-45.291134,-13.745625,True,-18.62,-33.612083,-48.522186,-16.877586,True
2024-09-13 03:50:00,-26.13,107,-99,-16.93,-30.238815,-45.366814,-14.17447,True,-16.53,-33.9703,-48.590336,-17.276745,False
2024-09-13 03:55:00,-31.14,107,-98,-18.42,-34.864983,-48.42428,-18.43196,False,-13.88,-38.224102,-51.524277,-21.193615,False
2024-09-13 04:00:00,-33.35,107,-97,-17.84,-36.85347,-50.344234,-19.846785,False,-13.64,-39.995934,-53.311832,-22.412125,False
2024-09-13 04:05:00,-35.05,107,-95,-17.6,-38.371777,-52.919712,-20.356615,False,-14.04,-41.33042,-55.75448,-22.751703,False
2024-09-13 04:10:00,-34.83,107,-94,-18.69,-38.232975,-53.519596,-19.801208,False,-16.01,-41.254314,-56.38065,-22.239927,False
2024-09-13 04:15:00,-33.04,107,-91,-18.86,-36.713657,-53.401665,-18.057653,True,-18.73,-39.96253,-56.360638,-20.68474,False
2024-09-13 04:20:00,-28.32,107,-90,-17.27,-32.44775,-50.017097,-14.642024,True,-21.15,-36.123856,-53.155807,-17.64241,True
2024-09-13 04:25:00,-18.94,107,-90,-16.94,-23.83424,-43.984863,-7.3393188,True,-24.64,-28.289495,-47.363117,-11.0163765,True
2024-09-13 04:30:00,-12.92,107,-91,-18.65,-18.183105,-40.447678,-2.5080912,True,-30.55,-23.056017,-43.88922,-6.5349393,True
2024-09-13 04:35:00,-11.05,107,-92,-19.91,-16.445087,-39.958363,-0.8459037,True,-33.09,-21.459902,-43.40212,-4.9881577,True
2024-09-13 04:40:00,-11.8,107,-92,-19.86,-17.196129,-40.631332,-1.4243568,True,-38.1,-22.201601,-44.086834,-5.558247,True
2024-09-13 04:45:00,-13.91,107,-94,-18.62,-19.192959,-41.899796,-3.0967429,True,-44.31,-24.072191,-45.36175,-7.1240134,True
2024-09-13 04:50:00,-16.93,107,-96,-16.53,-22.137794,-43.21805,-5.749761,True,-49.26,-26.910795,-46.72552,-9.697032,False
2024-09-13 04:55:00,-18.42,107,-97,-13.88,-23.610947,-43.379337,-7.275871,True,-52.0,-28.358313,-46.947483,-11.20944,False
2024-09-13 05:00:00,-17.84,107,-98,-13.64,-23.167448,-42.458206,-7.1619325,True,-51.47,-28.056183,-46.126427,-11.225014,False
2024-09-13 05:05:00,-17.6,107,-99,-14.04,-22.802294,-41.841614,-7.109942,True,-49.76,-27.597618,-45.460587,-11.097025,False
2024-09-13 05:10:00,-18.69,107,-100,-16.01,-23.679842,-42.018883,-8.165241,True,-46.58,-28.284801,-45.569553,-11.9866905,False
2024-09-13 05:15:00,-18.86,107,-101,-18.73,-23.354391,-42.663334,-7.7044015,True,-44.77,-27.53185,-45.941074,-11.140183,True
2024-09-13 05:20:00,-17.27,107,-101,-21.15,-21.509901,-41.897793,-6.1811347,True,-41.82,-25.504658,-45.02943,-9.441597,True
2024-09-13 05:25:00,-16.94,107,-102,-24.64,-20.882427,-41.009415,-5.9163632,True,-43.99,-24.63889,-44.00256,-8.962482,True
2024-09-13 05:30:00,-18.65,107,-103,-30.55,-22.272905,-41.514435,-7.4571195,True,-43.56,-25.745045,-44.39274,-10.248562,True
2024-09-13 05:35:00,-19.91,107,-104,-33.09,-23.31047,-42.74473,-8.260532,True,-43.49,-26.580257,-45.51876,-10.870307,True
2024-09-13 05:40:00,-19.86,107,-105,-38.1,-23.310247,-42.87762,-8.209675,True,-43.99,-26.638859,-45.689697,-10.862529,True
2024-09-13 05:45:00,-18.62,107,-105,-44.31,-21.869518,-41.117664,-7.3055987,False,-44.02,-25.052341,-43.82845,-9.826359,False
2024-09-13 05:50:00,-16.53,107,-105,-49.26,-19.612768,-39.01994,-5.683377,False,-42.46,-22.682758,-41.64231,-8.100212,False
2024-09-13 05:55:00,-13.88,107,-105,-52.0,-16.802038,-36.829964,-3.419882,False,-40.81,-19.760347,-39.354855,-5.733229,False
2024-09-13 06:00:00,-13.64,107,-105,-51.47,-16.780746,-37.158802,-3.083069,False,-44.49,-19.954733,-39.802578,-5.5880017,False
2024-09-13 06:05:00,-14.04,107,-105,-49.76,-17.54065,-38.674835,-3.1721022,False,-46.37,-21.05272,-41.49508,-5.9789586,False
2024-09-13 06:10:00,-16.01,107,-105,-46.58,-19.80829,-40.83536,-4.6088443,False,-50.11,-23.56546,-43.81231,-7.636637,False
2024-09-13 06:15:00,-18.73,107,-105,-44.77,-22.834322,-43.219135,-6.9810853,False,-53.75,-26.823383,-46.38076,-10.216036,False
2024-09-13 06:20:00,-21.15,107,-103,-41.82,-25.660652,-46.22884,-8.895939,True,-55.83,-29.9445,-49.564507,-12.395048,False
2024-09-13 06:25:00,-24.64,107,-102,-43.99,-29.063465,-49.170067,-11.509437,True,-56.640003,-33.20308,-52.48304,-14.872762,False
2024-09-13 06:30:00,-30.55,107,-101,-43.56,-34.558517,-55.565628,-15.173057,True,-57.21,-38.225456,-58.633892,-18.091166,True
2024-09-13 06:35:00,-33.09,107,-102,-43.49,-36.87762,-56.581963,-17.592121,True,-58.1,-40.339767,-59.58733,-20.32187,True
2024-09-13 06:40:00,-38.1,107,-100,-43.99,-41.87461,-60.1431,-22.149467,True,-59.48,-45.274773,-63.208626,-24.802607,True
2024-09-13 06:45:00,-44.31,107,-97,-44.02,-47.426258,-65.12696,-26.444628,True,-60.56,-50.232788,-67.85467,-28.548002,True
2024-09-13 06:50:00,-49.26,107,-93,-42.46,-51.727375,-67.8717,-30.59854,True,-60.52,-53.98175,-70.238266,-32.213943,True
2024-09-13 06:55:00,-52.0,107,-88,-40.81,-54.20052,-69.0153,-33.410336,True,-62.43,-56.22769,-71.22315,-34.826794,True
2024-09-13 07:00:00,-51.47,107,-84,-44.49,-53.651283,-68.31284,-33.24114,True,-63.12,-55.659763,-70.49506,-34.645836,True
2024-09-13 07:05:00,-49.76,107,-81,-46.37,-52.059795,-66.592064,-32.265594,True,-63.56,-54.165707,-68.84002,-33.76306,True
2024-09-13 07:10:00,-46.58,107,-80,-50.11,-49.017426,-63.971413,-29.844648,True,-65.99,-51.238346,-66.273506,-31.458754,True
2024-09-13 07:15:00,-44.77,107,-82,-53.75,-47.26203,-62.68665,-28.312153,True,-65.68,-49.52634,-64.99155,-29.973799,False
2024-09-13 07:20:00,-41.82,107,-83,-55.83,-44.551285,-60.691463,-25.843563,True,-64.98,-47.022015,-63.101635,-27.697773,False
2024-09-13 07:25:00,-43.99,107,-83,-56.640003,-46.569263,-62.833626,-27.392654,True,-64.85,-48.89591,-65.14404,-29.109846,True
2024-09-13 07:30:00,-43.56,107,-84,-57.21,-46.201557,-62.659496,-27.07145,True,-68.53,-48.578518,-64.98735,-28.83609,False
2024-09-13 07:35:00,-43.49,107,-86,-58.1,-46.17248,-62.680954,-27.033325,True,-70.98,-48.582836,-65.02188,-28.826286,False
2024-09-13 07:40:00,-43.99,107,-88,-59.48,-46.693966,-63.41521,-27.319172,True,-72.19,-49.118076,-65.75789,-29.118414,False
2024-09-13 07:45:00,-44.02,107,-89,-60.56,-46.808872,-63.846294,-27.264536,True,-72.61,-49.302254,-66.22131,-29.123854,False
2024-09-13 07:50:00,-42.46,107,-90,-60.52,-45.325844,-62.783493,-25.989012,True,-74.51,-47.89674,-65.184,-27.921839,False
2024-09-13 07:55:00,-40.81,107,-91,-62.43,-43.717396,-62.00643,-24.423868,False,-74.79,-46.33585,-64.39674,-26.405647,False
2024-09-13 08:00:00,-44.49,107,-92,-63.12,-47.018112,-65.07208,-26.976358,True,-74.77,-49.291973,-67.23169,-28.648598,False
2024-09-13 08:05:00,-46.37,107,-91,-63.56,-48.694366,-66.7422,-28.065125,True,-75.12,-50.7913,-68.77767,-29.579023,False
2024-09-13 08:10:00,-50.11,107,-91,-65.99,-52.118206,-69.29724,-31.032057,True,-75.47,-53.932858,-71.14099,-32.294636,False
2024-09-13 08:15:00,-53.75,107,-91,-65.68,-55.370064,-71.96889,-33.86481,True,-75.24,-56.837643,-73.53966,-34.831585,False
2024-09-13 08:20:00,-55.83,107,-90,-64.98,-57.0951,-73.265594,-35.52593,True,-74.00001,-58.24395,-74.566345,-36.228313,True
2024-09-13 08:25:00,-56.640003,107,-89,-64.85,-57.647923,-73.72912,-36.01334,True,-71.82,-58.562305,-74.81794,-36.525726,True
2024-09-13 08:30:00,-57.21,107,-88,-68.53,-58.08391,-74.28427,-36.239883,True,-71.19,-58.873287,-75.25138,-36.65432,True
2024-09-13 08:35:00,-58.1,107,-87,-70.98,-58.875946,-74.92429,-36.950977,True,-71.41,-59.571213,-75.79893,-37.290188,True
2024-09-13 08:40:00,-59.48,107,-88,-72.19,-60.181786,-77.06955,-37.378,True,-72.49,-60.805027,-77.86483,-37.667,True
2024-09-13 08:45:00,-60.56,107,-89,-72.61,-60.803566,-78.3324,-37.487816,True,-72.74,-61.02556,-78.759315,-37.462242,True
2024-09-13 08:50:00,-60.52,107,-89,-74.51,-60.78954,-77.53564,-37.949028,True,-74.81,-61.025547,-77.96183,-37.93701,True
2024-09-13 08:55:00,-62.43,107,-89,-74.79,-62.518456,-79.13191,-39.41705,True,-74.82,-62.588985,-79.39599,-39.27222,True
2024-09-13 09:00:00,-63.12,107,-90,-74.77,-63.06243,-79.17474,-40.225075,True,-74.86001,-62.996933,-79.29834,-39.975304,True
2024-09-13 09:05:00,-63.56,107,-89,-75.12,-63.392426,-79.21295,-40.788757,True,-74.2,-63.21968,-79.22483,-40.45359,True
2024-09-13 09:10:00,-65.99,107,-89,-75.47,-65.53932,-80.99581,-42.77091,True,-73.09,-65.10398,-80.741844,-42.230354,True
2024-09-13 09:15:00,-65.68,107,-90,-75.24,-65.24252,-80.5047,-42.76878,True,-71.11,-64.81077,-80.2428,-42.23592,True
2024-09-13 09:20:00,-64.98,107,-91,-74.00001,-64.536316,-80.0615,-42.23764,True,-70.2,-64.09058,-79.7782,-41.69948,True
2024-09-13 09:25:00,-64.85,107,-91,-71.82,-64.24658,-79.68737,-42.20899,True,-71.1,-63.64569,-79.24264,-41.553036,True
2024-09-13 09:30:00,-68.53,107,-91,-71.19,-67.82162,-82.71354,-45.49202,True,-71.2,-67.09847,-82.12547,-44.739384,True
2024-09-13 09:35:00,-70.98,107,-89,-71.41,-70.2226,-84.9221,-47.767467,True,-74.66,-69.43611,-84.251305,-46.969738,True
2024-09-13 09:40:00,-72.19,107,-88,-72.49,-71.47631,-86.40571,-48.709698,True,-80.3,-70.71744,-85.74997,-47.941685,True
2024-09-13 09:45:00,-72.61,107,-89,-72.74,-72.058495,-87.482834,-48.69744,True,-80.07,-71.44284,-86.96022,-48.05383,True
2024-09-13 09:50:00,-74.51,107,-91,-74.81,-74.10359,-89.92146,-49.596455,True,-79.9,-73.61589,-89.51104,-49.067978,True
2024-09-13 09:55:00,-74.79,107,-92,-74.82,-74.432,-90.824104,-49.125793,True,-79.97,-73.98715,-90.44515,-48.64255,True
2024-09-13 10:00:00,-74.77,107,-93,-74.86001,-74.28939,-91.092354,-48.50992,True,-77.26,-73.73272,-90.59438,-47.951283,True
2024-09-13 10:05:00,-75.12,107,-91,-74.2,-74.34272,-91.60354,-48.18001,True,-73.06,-73.51662,-90.83412,-47.425632,True
2024-09-13 10:10:00,-75.47,107,-90,-73.09,-74.56363,-92.20774,-48.052364,True,-70.47,-73.6201,-91.31532,-47.218674,True
2024-09-13 10:15:00,-75.24,107,-89,-71.11,-74.69802,-91.34506,-48.814323,True,-64.29,-74.06757,-90.742455,-48.220642,True
2024-09-13 10:20:00,-74.00001,107,-88,-70.2,-73.47851,-89.81147,-48.064026,True,-65.3,-72.86632,-89.21585,-47.49105,True
2024-09-13 10:25:00,-71.82,107,-86,-71.1,-71.29049,-87.90476,-46.21751,True,-65.95,-70.67863,-87.301765,-45.65269,True
2024-09-13 10:30:00,-71.19,107,-84,-71.2,-70.696655,-87.3206,-45.727566,True,-66.1,-70.116806,-86.73811,-45.1946,True
2024-09-13 10:35:00,-71.41,107,-83,-74.66,-71.18985,-88.13852,-45.80696,True,-61.27,-70.847755,-87.77124,-45.46679,True
2024-09-13 10:40:00,-72.49,107,-81,-80.3,-72.8392,-89.560394,-46.91486,True,-57.67,-72.99127,-89.65304,-46.960316,True
2024-09-13 10:45:00,-72.74,107,-79,-80.07,-73.51653,-90.0187,-47.314022,True,-57.4,-74.03931,-90.45595,-47.649437,True
2024-09-13 10:50:00,-74.81,107,-78,-79.9,-75.364494,-91.22644,-49.073742,True,-55.75,-75.67927,-91.46289,-49.252502,True
2024-09-13 10:55:00,-74.82,107,-79,-79.97,-75.36695,-91.25202,-49.097153,True,-55.46,-75.669716,-91.46823,-49.272793,True
2024-09-13 11:00:00,-74.86001,107,-80,-77.26,-75.08692,-90.435844,-49.29245,True,-54.2,-75.10316,-90.368675,-49.25643,True
2024-09-13 11:05:00,-74.2,107,-80,-73.06,-74.14224,-89.11003,-48.954315,True,-55.14,-73.90865,-88.79342,-48.73284,True
2024-09-13 11:10:00,-73.09,107,-80,-70.47,-72.76194,-87.30855,-48.378883,True,-55.13,-72.28846,-86.75007,-47.976513,True
2024-09-13 11:15:00,-71.11,107,-79,-64.29,-70.56382,-84.9861,-46.99337,True,-55.72,-69.90621,-84.24102,-46.45196,True
2024-09-13 11:20:00,-70.2,107,-78,-65.3,-69.420906,-83.87414,-46.30166,True,-57.6,-68.566444,-82.93206,-45.61019,True
2024-09-13 11:25:00,-71.1,107,-79,-65.95,-69.75644,-84.67867,-46.395336,True,-57.7,-68.41665,-83.25384,-45.329243,True
2024-09-13 11:30:00,-71.2,107,-79,-66.1,-69.25524,-84.92622,-45.58198,True,-56.88,-67.41676,-83.0114,-44.13181,True
2024-09-13 11:35:00,-74.66,107,-79,-61.27,-71.90741,-88.97619,-46.74498,True,-58.77,-69.37452,-86.36192,-44.78345,True
2024-09-13 11:40:00,-80.3,107,-78,-57.67,-76.80691,-95.02446,-49.725777,True,-61.42,-73.59539,-91.69482,-47.29213,True
2024-09-13 11:45:00,-80.07,107,-76,-57.4,-76.95034,-95.24764,-49.67706,True,-61.85,-74.05149,-92.22423,-47.49345,True
2024-09-13 11:50:00,-79.9,107,-73,-55.75,-77.41871,-95.257095,-50.191322,True,-60.96,-75.05532,-92.75731,-48.422195,True
2024-09-13 11:55:00,-79.97,107,-72,-55.46,-78.15025,-95.23077,-51.127,True,-60.2,-76.34517,-93.27576,-49.783653,True
2024-09-13 12:00:00,-77.26,107,-70,-54.2,-76.39689,-92.67894,-50.138226,True,-57.42,-75.42986,-91.54717,-49.430523,True
2024-09-13 12:05:00,-73.06,107,-69,-55.14,-73.242905,-88.695274,-48.016567,True,-55.3,-73.19524,-88.44882,-48.01739,True
2024-09-13 12:10:00,-70.47,107,-68,-55.13,-71.21706,-86.459946,-46.39444,True,-55.57,-71.667595,-86.67829,-46.788292,True
2024-09-13 12:15:00,-64.29,107,-68,-55.72,-65.78153,-80.92548,-42.172295,True,-56.17,-66.88604,-81.71853,-43.099636,True
2024-09-13 12:20:00,-65.3,107,-69,-57.6,-66.551544,-81.854576,-42.603516,True,-58.54,-67.444565,-82.44276,-43.366917,True
2024-09-13 12:25:00,-65.95,107,-69,-57.7,-66.89595,-82.239006,-42.79979,True,-60.77,-67.526855,-82.57998,-43.360226,True
2024-09-13 12:30:00,-66.1,107,-68,-56.88,-66.649536,-81.84834,-42.662075,True,-60.95,-66.94152,-81.8646,-42.962036,True
2024-09-13 12:35:00,-61.27,107,-67,-58.77,-62.006584,-77.178795,-39.116035,True,-60.62,-62.47379,-77.33255,-39.566845,True
2024-09-13 12:40:00,-57.67,107,-67,-61.42,-58.563526,-73.82583,-36.438362,True,-59.14,-59.17325,-74.0839,-37.015625,True
2024-09-13 12:45:00,-57.4,107,-68,-61.85,-57.926506,-72.89428,-36.03544,True,-59.12,-58.233414,-72.8719,-36.37305,True
2024-09-13 12:50:00,-55.75,107,-68,-60.96,-56.20415,-71.12024,-34.681797,True,-58.010002,-56.456696,-71.03715,-34.98094,True
2024-09-13 12:55:00,-55.46,107,-68,-60.2,-55.680706,-71.24347,-33.99658,True,-56.44,-55.744812,-70.97843,-34.145775,True
2024-09-13 13:00:00,-54.2,107,-67,-57.42,-54.84157,-70.57419,-33.198616,True,-55.43,-55.241703,-70.59072,-33.624706,True
2024-09-13 13:05:00,-55.14,107,-68,-55.3,-56.37673,-72.17618,-34.207737,True,-55.89,-57.237713,-72.589005,-35.00624,True
2024-09-13 13:10:00,-55.13,107,-68,-55.57,-56.929447,-72.89601,-34.518368,True,-56.75,-58.230312,-73.67682,-35.675438,True
2024-09-13 13:15:00,-55.72,107,-68,-56.17,-57.810787,-73.72475,-35.154854,True,-60.25,-59.33858,-74.69893,-36.495834,True
2024-09-13 13:20:00,-57.6,107,-69,-58.54,-59.31168,-74.82619,-36.607826,True,-59.25,-60.535595,-75.54864,-37.707096,True
2024-09-13 13:25:00,-57.7,107,-68,-60.77,-58.857605,-73.699066,-36.83229,True,-55.09,-59.638912,-74.025925,-37.589706,True
2024-09-13 13:30:00,-56.88,107,-68,-60.95,-57.532074,-71.97744,-36.29942,True,-44.01,-57.915607,-71.94545,-36.744946,True
2024-09-13 13:35:00,-58.77,107,-67,-60.62,-58.744545,-73.09959,-37.525032,True,-41.84,-58.576954,-72.563835,-37.53311,True
2024-09-13 13:40:00,-61.42,107,-66,-59.14,-60.597813,-74.38721,-39.445972,True,-40.86,-59.772278,-73.23482,-38.931343,True
2024-09-13 13:45:00,-61.85,107,-66,-59.12,-60.522793,-73.95588,-39.8386,True,-39.79,-59.287575,-72.41336,-38.99597,True
2024-09-13 13:50:00,-60.96,107,-66,-58.010002,-59.79774,-73.78708,-39.305176,True,-38.8,-58.68805,-72.354004,-38.577053,True
2024-09-13 13:55:00,-60.2,107,-67,-56.44,-59.341873,-73.51924,-38.970257,True,-38.18,-58.476185,-72.30424,-38.450443,False
2024-09-13 14:00:00,-57.42,107,-67,-55.43,-57.119225,-70.79283,-37.56883,True,-38.38,-56.71917,-70.00479,-37.432606,True
2024-09-13 14:05:00,-55.3,107,-69,-55.89,-54.970184,-69.49031,-35.44661,True,-42.46,-54.56407,-68.67721,-35.310596,True
2024-09-13 14:10:00,-55.57,107,-70,-56.75,-54.84627,-69.45245,-35.296494,True,-45.23,-54.12024,-68.34121,-34.90277,True
2024-09-13 14:15:00,-56.17,107,-71,-60.25,-55.259445,-69.92306,-35.57591,True,-45.75,-54.38038,-68.65521,-35.064823,True
2024-09-13 14:20:00,-58.54,107,-71,-59.25,-57.498405,-72.06064,-37.184288,True,-47.61,-56.500687,-70.66555,-36.5872,True
2024-09-13 14:25:00,-60.77,107,-70,-55.09,-59.47502,-73.83385,-38.583767,True,-48.73,-58.274063,-72.23732,-37.828266,True
2024-09-13 14:30:00,-60.95,107,-69,-44.01,-59.63427,-74.059135,-38.352905,True,-47.85,-58.425945,-72.442245,-37.598297,True
2024-09-13 14:35:00,-60.62,107,-69,-41.84,-59.529476,-74.165665,-37.81264,True,-49.01,-58.520866,-72.718346,-37.219822,True
2024-09-13 14:40:00,-59.14,107,-69,-40.86,-58.221706,-72.5643,-36.61376,True,-49.22,-57.362816,-71.24887,-36.135807,True
2024-09-13 14:45:00,-59.12,107,-70,-39.79,-57.9665,-71.596825,-36.574726,True,-49.31,-56.934353,-70.11683,-35.956303,True
2024-09-13 14:50:00,-58.010002,107,-70,-38.8,-56.788322,-70.30834,-35.656517,True,-51.88,-55.717346,-68.7858,-35.005306,True
2024-09-13 14:55:00,-56.44,107,-70,-38.18,-55.22444,-68.841896,-34.418613,True,-51.54,-54.16917,-67.33245,-33.776134,True
2024-09-13 15:00:00,-55.43,107,-70,-38.38,-54.255028,-68.10445,-33.61848,True,-49.78,-53.237194,-66.62047,-33.009254,True
2024-09-13 15:05:00,-55.89,107,-72,-42.46,-54.44553,-68.59734,-33.74502,True,-48.55,-53.222187,-66.91888,-32.97143,True
2024-09-13 15:10:00,-56.75,107,-72,-45.23,-54.94807,-69.35238,-34.157932,True,-46.92,-53.452778,-67.41734,-33.168213,True
2024-09-13 15:15:00,-60.25,107,-71,-45.75,-56.888542,-72.03747,-35.367413,True,-44.71,-54.226357,-68.99912,-33.448757,True
2024-09-13 15:20:00,-59.25,107,-70,-47.61,-55.13565,-71.50016,-33.420025,True,-41.47,-51.941914,-67.9877,-31.072096,True
2024-09-13 15:25:00,-55.09,107,-69,-48.73,-50.84777,-68.4644,-29.39832,True,-38.38,-47.59112,-64.965004,-26.972075,True
2024-09-13 15:30:00,-44.01,107,-68,-47.85,-42.805874,-58.506622,-24.288725,True,-42.58,-41.81468,-57.04894,-23.675068,True
2024-09-13 15:35:00,-41.84,107,-67,-49.01,-41.41069,-55.887314,-24.074282,True,-41.97,-41.006252,-54.928795,-23.96076,True
2024-09-13 15:40:00,-40.86,107,-66,-49.22,-40.99308,-54.73583,-24.160389,True,-40.06,-41.02165,-54.142998,-24.421192,True
2024-09-13 15:45:00,-39.79,107,-64,-49.31,-40.578228,-53.862408,-23.958704,True,-37.67,-41.11696,-53.692738,-24.6601,True
2024-09-13 15:50:00,-38.8,107,-64,-51.88,-40.293007,-53.347866,-23.763466,True,-35.53,-41.388084,-53.63094,-24.942154,True
2024-09-13 15:55:00,-38.18,107,-64,-51.54,-40.089165,-53.009117,-23.64797,True,-40.32,-41.51879,-53.554676,-25.116278,True
2024-09-13 16:00:00,-38.38,107,-64,-49.78,-40.26652,-52.973316,-23.871058,True,-42.85,-41.684105,-53.517776,-25.330183,True
2024-09-13 16:05:00,-42.46,107,-61,-48.55,-43.405403,-55.173996,-26.80525,True,-48.33,-44.060944,-55.136013,-27.616125,True
2024-09-13 16:10:00,-45.23,107,-61,-46.92,-45.511417,-56.46395,-28.935127,True,-49.74,-45.63443,-55.99598,-29.299097,True
2024-09-13 16:15:00,-45.75,107,-61,-44.71,-45.904144,-56.33159,-29.559378,True,-49.59,-45.925014,-55.79031,-29.838982,True
2024-09-13 16:20:00,-47.61,107,-61,-41.47,-47.28977,-58.05379,-30.402952,True,-44.27,-46.934166,-57.17697,-30.361135,True
2024-09-13 16:25:00,-48.73,107,-60,-38.38,-47.942333,-59.658955,-30.177956,True,-35.81,-47.22652,-58.454372,-29.82526,True
2024-09-13 16:30:00,-47.85,107,-60,-42.58,-47.113384,-59.177917,-29.080393,True,-31.28,-46.44506,-58.008526,-28.760597,True
2024-09-13 16:35:00,-49.01,107,-60,-41.97,-48.432625,-60.538784,-29.844007,True,-31.06,-47.889427,-59.47606,-29.622858,True
2024-09-13 16:40:00,-49.22,107,-59,-40.06,-49.602264,-61.60782,-30.341717,True,-30.36,-49.7857,-61.17139,-30.719484,False
2024-09-13 16:45:00,-49.31,107,-59,-37.67,-49.963398,-62.613274,-30.125036,True,-30.05,-50.352093,-62.343792,-30.670286,False
2024-09-13 16:50:00,-51.88,107,-60,-35.53,-52.492542,-65.41763,-31.706802,True,-31.96,-52.84156,-65.11754,-32.21455,False
2024-09-13 16:55:00,-51.54,107,-61,-40.32,-52.00307,-66.001305,-30.584541,True,-34.98,-52.239674,-65.58793,-30.994043,True
2024-09-13 17:00:00,-49.78,107,-61,-42.85,-50.4993,-63.164356,-30.149075,True,-34.76,-50.931534,-62.93544,-30.722452,True
2024-09-13 17:05:00,-48.55,107,-62,-48.33,-49.56595,-63.029194,-29.027658,True,-36.17,-50.232815,-62.986877,-29.78786,True
2024-09-13 17:10:00,-46.92,107,-61,-49.74,-48.1746,-61.089607,-28.396458,True,-37.03,-49.033394,-61.21694,-29.320292,True
2024-09-13 17:15:00,-44.71,107,-61,-49.59,-46.329372,-59.616776,-26.653399,True,-37.07,-47.47824,-59.967224,-27.813414,True
2024-09-13 17:20:00,-41.47,107,-60,-44.27,-44.007225,-56.79418,-24.980331,True,-37.39,-45.880093,-57.721066,-26.750732,True
2024-09-13 17:25:00,-38.38,107,-59,-35.81,-41.64055,-54.861206,-22.809353,True,-34.01,-44.089664,-56.18146,-25.06758,True
2024-09-13 17:30:00,-42.58,107,-60,-31.28,-45.358852,-57.11173,-26.153934,True,-34.16,-47.383476,-58.20015,-28.046782,True
2024-09-13 17:35:00,-41.97,107,-62,-31.06,-44.895477,-56.18777,-25.818325,True,-32.41,-47.001865,-57.34599,-27.781616,True
2024-09-13 17:40:00,-40.06,107,-61,-30.36,-43.277767,-54.974052,-24.187206,True,-35.01,-45.585434,-56.244175,-26.322226,True
2024-09-13 17:45:00,-37.67,107,-60,-30.05,-41.24592,-53.563942,-22.176823,True,-35.34,-43.82154,-54.992073,-24.538189,True
2024-09-13 17:50:00,-35.53,107,-58,-31.96,-39.561768,-52.31733,-20.550432,True,-41.5,-42.499672,-53.986164,-23.219547,True
2024-09-13 17:55:00,-40.32,107,-61,-34.98,-43.908283,-56.279327,-23.75699,True,-47.11,-46.462376,-57.738754,-26.06978,True
2024-09-13 18:00:00,-42.85,107,-61,-34.76,-46.593807,-58.681858,-25.656782,True,-46.880005,-49.24143,-60.26793,-28.023746,True
2024-09-13 18:05:00,-48.33,107,-60,-36.17,-51.743694,-63.31753,-29.307241,True,-43.01,-54.106564,-64.7675,-31.399208,True
2024-09-13 18:10:00,-49.74,107,-61,-37.03,-53.54521,-65.391754,-30.012302,True,-38.5,-56.18645,-67.08831,-32.30582,True
2024-09-13 18:15:00,-49.59,107,-62,-37.07,-54.07569,-66.30014,-29.889994,True,-37.09,-57.210632,-68.385414,-32.56512,True
2024-09-13 18:20:00,-44.27,107,-62,-37.39,-50.244957,-63.070812,-26.6135,True,-37.78,-54.499836,-65.90871,-30.226799,True
2024-09-13 18:25:00,-35.81,107,-60,-34.01,-43.63081,-57.4545,-21.301065,True,-39.63,-49.338963,-61.077564,-26.189667,True
2024-09-13 18:30:00,-31.28,107,-59,-34.16,-39.950706,-54.692295,-18.245258,True,-42.53,-46.380737,-58.593697,-23.772778,True
2024-09-13 18:35:00,-31.06,107,-59,-32.41,-39.930904,-54.82582,-18.095299,True,-45.87,-46.503117,-58.78956,-23.731417,True
2024-09-13 18:40:00,-30.36,107,-57,-35.01,-39.494495,-54.44245,-17.420511,True,-48.85,-46.268444,-58.507133,-23.220333,True
2024-09-13 18:45:00,-30.05,107,-55,-35.34,-39.001507,-53.384953,-17.146616,True,-48.96,-45.658657,-57.39035,-22.859356,True
2024-09-13 18:50:00,-31.96,107,-52,-41.5,-40.217518,-53.34765,-18.44569,True,-48.02,-46.30999,-57.11611,-23.690228,True
2024-09-13 18:55:00,-34.98,107,-50,-47.11,-42.552055,-54.477047,-20.511202,True,-40.73,-48.08241,-58.031906,-25.269703,True
2024-09-13 19:00:00,-34.76,107,-50,-46.880005,-42.32005,-54.593304,-19.90653,True,-32.94,-47.850567,-58.133366,-24.652443,True
2024-09-13 19:05:00,-36.17,107,-51,-43.01,-43.291924,-55.30402,-20.625868,True,-29.24,-48.4979,-58.683784,-25.081951,True
2024-09-13 19:10:00,-37.03,107,-54,-38.5,-43.805653,-55.581676,-21.143959,True,-40.99,-48.755577,-58.821106,-25.3781,True
2024-09-13 19:15:00,-37.07,107,-56,-37.09,-43.64783,-55.63199,-20.999334,True,-51.38,-48.46042,-58.76687,-25.112217,True
2024-09-13 19:20:00,-37.39,107,-56,-37.78,-43.690327,-55.900818,-21.072096,True,-57.75,-48.305927,-58.891914,-25.012333,True
2024-09-13 19:25:00,-34.01,107,-54,-39.63,-40.910046,-54.916626,-18.172094,True,-60.09,-46.011887,-58.052696,-22.513868,False
2024-09-13 19:30:00,-34.16,107,-54,-42.53,-41.188854,-56.869396,-17.340986,True,-59.42,-46.390884,-59.98912,-21.717096,True
2024-09-13 19:35:00,-32.41,107,-54,-45.87,-40.014442,-57.553047,-15.409863,True,-59.68,-45.67687,-60.82092,-20.128918,True
2024-09-13 19:40:00,-35.01,107,-53,-48.85,-42.440754,-61.12057,-16.38786,True,-43.86,-47.92803,-64.303,-20.882103,True
2024-09-13 19:45:00,-35.34,107,-55,-48.96,-43.0845,-63.720196,-15.755435,True,-29.64,-48.790066,-66.972404,-20.350704,True
2024-09-13 19:50:00,-41.5,107,-56,-48.02,-48.875626,-69.43805,-19.372875,True,-10.88,-54.198944,-72.67585,-23.54502,False
2024-09-13 19:55:00,-47.11,107,-59,-40.73,-54.19511,-74.397804,-22.704731,True,-18.36,-59.22424,-77.65132,-26.543283,False
2024-09-13 20:00:00,-46.880005,107,-58,-32.94,-54.879333,-75.40282,-22.549019,True,-32.15,-60.51198,-79.083916,-26.815975,True
2024-09-13 20:05:00,-43.01,107,-57,-29.24,-52.640106,-73.95273,-20.195547,True,-48.95,-59.380127,-78.21775,-25.3383,True
2024-09-13 20:10:00,-38.5,107,-54,-40.99,-49.995285,-72.12788,-17.66124,True,-52.77,-57.984035,-76.953026,-23.832254,True
2024-09-13 20:15:00,-37.09,107,-54,-51.38,-49.95491,-71.79698,-17.293701,True,-53.11,-58.759274,-77.07204,-24.136196,True
2024-09-13 20:20:00,-37.78,107,-54,-57.75,-51.661266,-72.95424,-18.15768,True,-47.940002,-60.966003,-78.6292,-25.375017,True
2024-09-13 20:25:00,-39.63,107,-55,-60.09,-54.335377,-75.068924,-19.568083,True,-37.28,-63.968513,-81.13771,-26.986336,True
2024-09-13 20:30:00,-42.53,107,-54,-59.42,-56.701893,-75.66151,-21.562397,True,-28.59,-65.84752,-81.68828,-28.589203,True
2024-09-13 20:35:00,-45.87,107,-56,-59.68,-59.23162,-77.28146,-23.318447,True,-10.39,-67.7574,-83.14002,-29.8177,False
2024-09-13 20:40:00,-48.85,107,-58,-43.86,-61.32031,-78.32677,-24.994339,True,-9.79,-69.22012,-83.96439,-30.987206,False
2024-09-13 20:45:00,-48.96,107,-58,-29.64,-61.31829,-78.47114,-24.774162,True,-9.75,-69.02509,-83.94859,-30.659399,False
2024-09-13 20:50:00,-48.02,107,-59,-10.88,-60.120262,-77.80879,-23.703321,False,-3.5499995,-67.53297,-82.95622,-29.444769,False
2024-09-13 20:55:00,-40.73,107,-61,-18.36,-54.926502,-75.06828,-19.09734,False,-2.41,-63.47921,-80.39315,-25.954317,False
2024-09-13 21:00:00,-32.94,107,-62,-32.15,-49.308235,-72.14146,-14.148442,True,-12.84,-59.065327,-77.42335,-22.261837,False
2024-09-13 21:05:00,-29.24,107,-62,-48.95,-46.305233,-71.15116,-11.048338,True,-29.19,-56.431072,-76.16284,-19.597754,True
2024-09-13 21:10:00,-40.99,107,-60,-52.77,-53.77039,-75.971725,-16.866528,True,-42.6,-61.21583,-80.43949,-22.899097,True
2024-09-13 21:15:00,-51.38,107,-61,-53.11,-59.92418,-79.8336,-21.939133,True,-43.04,-64.86519,-83.23275,-25.788465,True
2024-09-13 21:20:00,-57.75,107,-62,-47.940002,-63.5653,-82.641365,-24.672739,True,-35.02,-66.89082,-85.06387,-27.208818,True
2024-09-13 21:25:00,-60.09,107,-63,-37.28,-64.39397,-82.86833,-25.450485,True,-28.42,-66.80635,-84.64032,-27.297123,True
2024-09-13 21:30:00,-59.42,107,-64,-28.59,-63.26203,-81.42903,-24.690895,True,-35.42,-65.3771,-82.96477,-26.336367,True
2024-09-13 21:35:00,-59.68,107,-68,-10.39,-62.834354,-80.38837,-24.554716,False,-39.35,-64.53451,-81.61884,-25.894651,True
2024-09-13 21:40:00,-43.86,107,-69,-9.79,-50.79835,-69.266335,-15.657712,False,-40.04,-54.804504,-71.81219,-18.985434,True
2024-09-13 21:45:00,-29.64,107,-69,-9.75,-40.56988,-61.367947,-7.42973,True,-39.29,-47.01368,-64.65804,-13.076471,True
2024-09-13 21:50:00,-10.88,107,-69,-3.5499995,-28.18011,-56.07795,3.8472383,True,-36.74,-38.700424,-59.538635,-5.7552123,True
2024-09-13 21:55:00,-18.36,107,-68,-2.41,-33.189514,-57.32333,-0.7088664,True,-35.07,-41.925907,-60.83052,-8.655615,True
2024-09-13 22:00:00,-32.15,107,-70,-12.84,-42.013233,-61.080677,-8.623416,True,-34.12,-47.563423,-64.07616,-13.545671,True
2024-09-13 22:05:00,-48.95,107,-69,-29.19,-52.36655,-68.22141,-17.510132,True,-33.55,-54.13521,-69.4435,-19.02731,True
2024-09-13 22:10:00,-52.77,107,-70,-42.6,-54.460308,-69.840355,-19.345345,True,-34.29,-55.21967,-70.377716,-20.026413,True
2024-09-13 22:15:00,-53.11,107,-68,-43.04,-53.91017,-69.438705,-19.008894,True,-33.58,-54.158592,-69.6023,-19.278326,True
2024-09-13 22:20:00,-47.940002,107,-59,-35.02,-49.89076,-66.20619,-15.776049,True,-34.57,-50.793144,-66.82163,-16.600077,True
2024-09-13 22:25:00,-37.28,107,-54,-28.42,-42.253265,-60.80041,-9.249202,True,-37.51,-44.907883,-62.343178,-11.637625,True
2024-09-13 22:30:00,-28.59,107,-52,-35.42,-35.741524,-57.145657,-3.367739,True,-36.74,-39.735317,-59.092865,-7.024383,True
2024-09-13 22:35:00,-10.39,107,-52,-39.35,-23.544691,-51.204556,7.1713614,True,-33.04,-31.44766,-53.68313,-0.20411523,True
2024-09-13 22:40:00,-9.79,107,-51,-40.04,-22.264885,-49.136566,7.682079,True,-24.08,-29.858624,-51.584454,0.58947724,True
2024-09-13 22:45:00,-9.75,107,-50,-39.29,-21.62436,-47.6901,7.738052,True,-12.72,-28.920982,-50.148594,0.9312398,True
2024-09-13 22:50:00,-3.5499995,107,-51,-36.74,-16.519068,-45.654747,12.270662,True,-4.0800004,-24.755112,-48.056236,4.610252,True
2024-09-13 22:55:00,-2.41,107,-52,-35.07,-15.333582,-44.50151,12.841835,True,-7.609999,-23.666718,-46.97487,5.1360106,True
2024-09-13 23:00:00,-12.84,107,-54,-34.12,-22.52183,-46.396133,5.87581,True,-9.51,-28.568684,-48.787754,0.28550306,True
2024-09-13 23:05:00,-29.19,107,-57,-33.55,-33.43515,-51.09169,-4.4608474,True,-9.98,-35.907978,-52.57683,-6.7378316,True
2024-09-13 23:10:00,-42.6,107,-60,-34.29,-42.00218,-56.735157,-12.312278,True,-13.509999,-41.49771,-56.5328,-11.957855,True
2024-09-13 23:15:00,-43.04,107,-60,-33.58,-41.886387,-57.346607,-11.894743,True,-17.06,-41.034374,-56.91777,-11.246194,True
2024-09-13 23:20:00,-35.02,107,-61,-34.57,-35.31716,-52.003223,-6.66686,True,-19.4,-35.38889,-52.22528,-6.8000236,True
2024-09-13 23:25:00,-28.42,107,-61,-37.51,-29.610067,-47.054276,-2.3455718,True,-23.75,-30.304962,-47.659733,-3.022095,True
2024-09-13 23:30:00,-35.42,107,-64,-36.74,-34.589073,-49.479458,-7.2633023,True,-29.49,-33.924236,-49.23954,-6.761889,True
2024-09-13 23:35:00,-39.35,107,-65,-33.04,-37.680004,-51.02802,-10.487429,True,-32.36,-36.46829,-50.374474,-9.5198765,True
2024-09-13 23:40:00,-40.04,107,-66,-24.08,-38.15146,-51.619915,-10.778325,True,-32.66,-36.79614,-50.86503,-9.690721,True
2024-09-13 23:45:00,-39.29,107,-64,-12.72,-38.09596,-51.596306,-10.680834,True,-36.46,-37.222942,-51.22968,-10.0079775,True
2024-09-13 23:50:00,-36.74,107,-62,-4.0800004,-37.16043,-50.582,-9.996337,False,-38.78,-37.386402,-51.03243,-10.267171,True
2024-09-13 23:55:00,-35.07,107,-63,-7.609999,-36.8082,-49.943886,-9.973156,False,-38.97,-37.9201,-51.025723,-11.014009,True
2024-09-14 00:00:00,-34.12,107,-62,-9.51,-36.827328,-49.707752,-10.230206,False,-40.28,-38.58169,-51.227654,-11.836091,True
2024-09-14 00:05:00,-33.55,107,-63,-9.98,-36.399532,-49.334465,-9.901506,True,-40.44,-38.250275,-50.9294,-11.598702,True
2024-09-14 00:10:00,-34.29,107,-64,-13.509999,-36.833523,-49.448406,-10.547198,True,-40.25,-38.489037,-50.94975,-12.075045,True
2024-09-14 00:15:00,-33.58,107,-65,-17.06,-36.07636,-48.45504,-10.270314,True,-38.49,-37.720814,-49.95993,-11.790924,True
2024-09-14 00:20:00,-34.57,107,-66,-19.4,-36.62819,-48.36093,-11.392085,True,-36.43,-38.003487,-49.71848,-12.675831,True
2024-09-14 00:25:00,-37.51,107,-68,-23.75,-38.43953,-49.38391,-13.608165,True,-35.57,-39.08033,-50.258,-14.243048,True
2024-09-14 00:30:00,-36.74,107,-69,-29.49,-37.201813,-48.606003,-12.801406,True,-35.36,-37.54079,-49.26909,-13.171952,True
2024-09-14 00:35:00,-33.04,107,-69,-32.36,-34.152176,-46.4349,-10.190331,True,-35.58,-34.95162,-47.438652,-10.967862,True
2024-09-14 00:40:00,-24.08,107,-68,-32.66,-27.316605,-41.089962,-4.412188,True,-34.48,-29.666525,-43.02968,-6.5701175,True
2024-09-14 00:45:00,-12.72,107,-68,-36.46,-18.456585,-35.7361,3.052616,False,-32.83,-22.804756,-38.518333,-0.8673499,True
2024-09-14 00:50:00,-4.0800004,107,-69,-38.78,-11.313218,-31.64355,8.890533,False,-32.47,-17.008904,-34.78655,3.8273675,True
2024-09-14 00:55:00,-7.609999,107,-69,-38.97,-14.256559,-32.330902,5.5997195,False,-31.35,-19.488209,-35.484608,0.92751855,True
2024-09-14 01:00:00,-9.51,107,-69,-40.28,-15.395487,-32.69389,4.458755,False,-30.16,-20.03717,-35.668865,0.30392995,True
2024-09-14 01:05:00,-9.98,107,-69,-40.44,-15.296571,-31.757242,3.7522771,False,-28.03,-19.5649,-34.6381,-0.057924584,True
2024-09-14 01:10:00,-13.509999,107,-68,-40.25,-17.76375,-32.456345,0.8112466,False,-25.2,-21.21016,-35.05704,-2.2687037,True
2024-09-14 01:15:00,-17.06,107,-68,-38.49,-19.952942,-33.177826,-1.9755691,False,-23.82,-22.346117,-35.271427,-4.1118093,True
2024-09-14 01:20:00,-19.4,107,-67,-36.43,-20.808647,-33.14613,-3.4518797,False,-21.56,-22.032263,-34.51914,-4.537763,True
2024-09-14 01:25:00,-23.75,107,-66,-35.57,-23.643425,-35.01007,-6.7372327,False,-20.29,-23.64937,-35.51999,-6.734072,True
2024-09-14 01:30:00,-29.49,107,-67,-35.36,-28.15561,-38.12349,-11.891636,True,-15.73,-27.176598,-37.78592,-11.007838,True
2024-09-14 01:35:00,-32.36,107,-68,-35.58,-30.278173,-39.590355,-15.1394205,True,-15.51,-28.677368,-38.63825,-13.692042,True
2024-09-14 01:40:00,-32.66,107,-67,-34.48,-29.998821,-39.226204,-16.133652,True,-11.31,-27.877356,-37.75513,-14.2088375,False
2024-09-14 01:45:00,-36.46,107,-66,-32.83,-32.981953,-42.28757,-19.47735,True,-10.53,-30.16027,-40.101425,-16.932291,False
2024-09-14 01:50:00,-38.78,107,-66,-32.47,-35.240784,-44.560608,-21.89462,True,-13.72,-32.356304,-42.287563,-19.294191,False
2024-09-14 01:55:00,-38.97,107,-67,-31.35,-35.31627,-45.10012,-21.77308,True,-12.04,-32.295994,-42.73098,-19.058086,False
2024-09-14 02:00:00,-40.28,107,-66,-30.16,-36.825127,-46.88192,-22.65055,True,-13.989999,-33.978344,-44.70192,-20.094679,False
2024-09-14 02:05:00,-40.44,107,-65,-28.03,-37.143997,-47.263645,-22.667164,True,-14.42,-34.433197,-45.224472,-20.226137,False
2024-09-14 02:10:00,-40.25,107,-65,-25.2,-36.933155,-47.291645,-22.13418,True,-13.22,-34.194588,-45.245358,-19.666683,False
2024-09-14 02:15:00,-38.49,107,-65,-23.82,-35.452026,-46.057335,-20.553976,True,-14.69,-32.941475,-44.267345,-18.276245,False
2024-09-14 02:20:00,-36.43,107,-65,-21.56,-33.67141,-44.430527,-18.980892,True,-14.14,-31.38592,-42.89554,-16.885225,False
2024-09-14 02:25:00,-35.57,107,-65,-20.29,-33.048298,-43.76573,-18.567318,True,-15.37,-30.967798,-42.421024,-16.639969,False
2024-09-14 02:30:00,-35.36,107,-66,-15.73,-33.350956,-43.805965,-18.994778,False,-15.92,-31.739565,-42.88764,-17.465595,False
2024-09-14 02:35:00,-35.58,107,-66,-15.51,-33.031155,-44.115494,-18.227285,False,-15.72,-30.917776,-42.78542,-16.25977,False
2024-09-14 02:40:00,-34.48,107,-65,-11.31,-32.39951,-43.956196,-16.86651,False,-15.68,-30.719059,-43.059914,-15.275557,True
2024-09-14 02:45:00,-32.83,107,-65,-10.53,-31.850485,-42.462234,-17.404495,False,-16.27,-31.161615,-42.409786,-16.658295,False
2024-09-14 02:50:00,-32.47,107,-65,-13.72,-32.17041,-42.16298,-18.312452,False,-16.53,-32.09585,-42.632812,-18.096228,False
2024-09-14 02:55:00,-31.35,107,-65,-12.04,-31.101057,-41.41828,-17.19396,False,-17.44,-31.066133,-41.939716,-17.007444,True
2024-09-14 03:00:00,-30.16,107,-65,-13.989999,-29.646389,-40.639465,-15.464052,False,-17.65,-29.36733,-40.965786,-15.056416,True
2024-09-14 03:05:00,-28.03,107,-66,-14.42,-27.082102,-38.816788,-13.095089,True,-16.29,-26.387558,-38.82789,-12.309229,True
2024-09-14 03:10:00,-25.2,107,-67,-13.22,-24.176132,-36.62403,-10.416516,True,-16.32,-23.382732,-36.590225,-9.534039,True
2024-09-14 03:15:00,-23.82,107,-69,-14.69,-22.608065,-35.24617,-9.211269,True,-16.28,-21.618763,-35.06112,-8.144354,True
2024-09-14 03:20:00,-21.56,107,-69,-14.14,-20.868761,-32.874966,-8.671339,True,-14.6,-20.358725,-33.03664,-8.00393,True
2024-09-14 03:25:00,-20.29,107,-69,-15.37,-19.920084,-31.536442,-8.596116,True,-11.68,-19.706573,-31.929234,-8.168758,True
2024-09-14 03:30:00,-15.73,107,-68,-15.92,-15.200414,-27.174866,-4.8702884,True,-10.67,-14.792982,-27.41548,-4.248245,True
2024-09-14 03:35:00,-15.51,107,-68,-15.72,-15.035977,-26.729733,-5.006965,True,-8.34,-14.683972,-26.995655,-4.4196086,True
2024-09-14 03:40:00,-11.31,107,-69,-15.68,-10.782908,-23.226583,-1.1246208,True,-8.23,-10.33648,-23.467497,-0.44056162,True
2024-09-14 03:45:00,-10.53,107,-69,-16.27,-10.20991,-22.941917,-0.47769198,True,-8.73,-9.9602995,-23.351768,0.033149406,True
2024-09-14 03:50:00,-13.72,107,-69,-16.53,-13.589963,-25.802069,-3.4371798,True,-9.04,-13.558273,-26.36439,-3.1170466,True
2024-09-14 03:55:00,-12.04,107,-67,-17.44,-11.672676,-24.432188,-1.6795658,True,-9.9,-11.380367,-24.8173,-1.119141,True
2024-09-14 04:00:00,-13.989999,107,-66,-17.65,-13.187945,-25.839104,-3.127947,True,-10.67,-12.466764,-25.87793,-2.1714785,True
2024-09-14 04:05:00,-14.42,107,-67,-16.29,-13.038774,-25.92448,-3.1841109,True,-11.53,-11.720105,-25.47354,-1.6867527,True
2024-09-14 04:10:00,-13.22,107,-66,-16.32,-11.6246195,-24.965773,-2.117283,True,-11.62,-10.057106,-24.34,-0.39081988,True
2024-09-14 04:15:00,-14.69,107,-65,-16.28,-13.103717,-26.280365,-3.6994536,True,-11.28,-11.543349,-25.637327,-1.9658455,True
2024-09-14 04:20:00,-14.14,107,-64,-14.6,-12.431516,-25.772993,-3.3301127,True,-11.13,-10.725253,-25.01393,-1.4566921,True
2024-09-14 04:25:00,-15.37,107,-64,-11.68,-13.681876,-26.48349,-4.9019732,True,-10.98,-12.004936,-25.664572,-3.0340655,True
2024-09-14 04:30:00,-15.92,107,-64,-10.67,-14.22409,-27.008192,-5.4945006,True,-10.67,-12.528852,-26.166533,-3.5972712,True
2024-09-14 04:35:00,-15.72,107,-65,-8.34,-13.999991,-26.779005,-5.4467587,True,-10.34,-12.2672,-25.894928,-3.5044959,True
2024-09-14 04:40:00,-15.68,107,-64,-8.23,-13.803564,-26.53482,-5.50378,True,-10.61,-11.895482,-25.47587,-3.3947585,True
2024-09-14 04:45:00,-16.27,107,-63,-8.73,-14.436413,-26.942894,-6.235822,True,-10.08,-12.573908,-25.88426,-4.152308,True
2024-09-14 04:50:00,-16.53,107,-63,-9.04,-14.909177,-27.28021,-6.6687856,True,-10.58,-13.268144,-26.402985,-4.7705617,True
2024-09-14 04:55:00,-17.44,107,-62,-9.9,-15.954662,-28.095215,-7.6182466,True,-11.12,-14.466092,-27.316603,-5.847546,True
2024-09-14 05:00:00,-17.65,107,-62,-10.67,-16.085047,-28.426308,-7.4323697,True,-12.61,-14.506579,-27.574926,-5.58575,True
2024-09-14 05:05:00,-16.29,107,-61,-11.53,-14.646505,-27.349752,-5.9130664,True,-12.7,-12.9608555,-26.455769,-3.9676135,True
2024-09-14 05:10:00,-16.32,107,-61,-11.62,-14.7203865,-27.440948,-5.831842,True,-12.66,-13.089716,-26.582628,-3.9323332,True
2024-09-14 05:15:00,-16.28,107,-59,-11.28,-14.520098,-27.75576,-5.286061,True,-12.73,-12.704959,-26.775333,-3.2343905,True
2024-09-14 05:20:00,-14.6,107,-58,-11.13,-12.60994,-26.41188,-3.4436839,True,-12.72,-10.510978,-25.259024,-1.1425575,True
2024-09-14 05:25:00,-11.68,107,-58,-10.98,-9.227625,-23.899096,-0.23460801,True,-11.78,-6.592791,-22.413744,2.538181,True
2024-09-14 05:30:00,-10.67,107,-58,-10.67,-8.019627,-22.991789,0.9632489,True,-13.36,-5.154283,-21.330809,3.9435384,True
2024-09-14 05:35:00,-8.34,107,-59,-10.34,-5.567349,-20.319906,3.0166414,True,-14.22,-2.5723078,-18.517586,6.145122,True
2024-09-14 05:40:00,-8.23,107,-59,-10.61,-5.461062,-20.234211,3.0998514,True,-17.17,-2.472109,-18.426334,6.2324977,True
2024-09-14 05:45:00,-8.73,107,-59,-10.08,-6.149904,-20.615385,2.3503873,True,-17.48,-3.3556921,-18.927357,5.323461,True
2024-09-14 05:50:00,-9.04,107,-59,-10.58,-6.5951667,-21.020077,2.0650976,True,-17.72,-3.9370692,-19.43589,4.9087577,True
2024-09-14 05:55:00,-9.9,107,-59,-11.12,-7.8042083,-22.127693,1.1692196,True,-18.49,-5.5293097,-20.84852,3.665632,True
2024-09-14 06:00:00,-10.67,107,-59,-12.61,-8.809654,-23.18112,0.5384423,True,-20.32,-6.7959895,-22.118443,2.793781,True
2024-09-14 06:05:00,-11.53,107,-59,-12.7,-9.936815,-24.229813,-0.2455085,True,-21.94,-8.225629,-23.39559,1.7375427,True
2024-09-14 06:10:00,-11.62,107,-58,-12.66,-10.0829735,-24.59981,-0.043642357,True,-22.94,-8.438871,-23.827038,1.8711964,True
2024-09-14 06:15:00,-11.28,107,-57,-12.73,-9.756585,-24.635506,0.5016572,True,-23.84,-8.126393,-23.897942,2.393175,True
2024-09-14 06:20:00,-11.13,107,-57,-12.72,-9.589816,-24.867538,0.856033,True,-25.21,-7.9376426,-24.140642,2.760965,False
2024-09-14 06:25:00,-10.98,107,-57,-11.78,-9.430564,-24.666908,0.9251496,True,-25.1,-7.761749,-23.912506,2.8439481,False
2024-09-14 06:30:00,-10.67,107,-57,-13.36,-8.9178295,-23.55971,1.0191056,True,-25.63,-7.027942,-22.56924,3.156881,False
2024-09-14 06:35:00,-10.34,107,-57,-14.22,-8.509381,-23.245667,1.2725064,True,-27.54,-6.5240197,-22.173998,3.497646,False
2024-09-14 06:40:00,-10.61,107,-57,-17.17,-8.523695,-24.079306,1.6335579,True,-28.76,-6.263286,-22.82893,4.0793223,False
2024-09-14 06:45:00,-10.08,107,-57,-17.48,-8.413798,-25.821054,2.9775007,True,-30.36,-6.625256,-25.068375,4.9430327,False
2024-09-14 06:50:00,-10.58,107,-57,-17.72,-8.999955,-27.298548,2.993408,True,-32.01,-7.3159957,-26.663748,4.8458476,False
2024-09-14 06:55:00,-11.12,107,-57,-18.49,-9.732155,-28.576675,2.6793592,True,-33.86,-8.2602005,-28.109432,4.329101,False
2024-09-14 07:00:00,-12.61,107,-57,-20.32,-11.183667,-30.979506,1.8983628,True,-32.78,-9.67292,-30.503923,3.556833,False
2024-09-14 07:05:00,-12.7,107,-56,-21.94,-10.807766,-32.113476,2.805868,True,-34.88,-8.785423,-31.330801,4.8713565,False
2024-09-14 07:10:00,-12.66,107,-56,-22.94,-10.740844,-32.878685,3.1890867,True,-36.36,-8.68508,-32.102123,5.2622104,False
2024-09-14 07:15:00,-12.73,107,-56,-23.84,-11.203272,-33.559906,3.1436746,True,-36.17,-9.583427,-33.074234,4.8381705,False
2024-09-14 07:20:00,-12.72,107,-55,-25.21,-11.693396,-34.15337,2.996351,True,-35.18,-10.627864,-34.027718,4.2098346,False
2024-09-14 07:25:00,-11.78,107,-54,-25.1,-10.664819,-34.407963,4.559358,True,-33.49,-9.512912,-34.25314,5.8272166,True
2024-09-14 07:30:00,-13.36,107,-53,-25.63,-13.104758,-37.505768,3.2906797,True,-32.38,-12.88913,-37.950283,3.746353,True
2024-09-14 07:35:00,-14.22,107,-52,-27.54,-14.825941,-40.71766,2.8401964,True,-31.86,-15.530116,-41.720325,2.4916131,True
2024-09-14 07:40:00,-17.17,107,-52,-28.76,-19.283274,-44.454803,-0.46582446,True,-31.41,-21.515589,-46.371647,-2.1317542,True
2024-09-14 07:45:00,-17.48,107,-52,-30.36,-20.780924,-46.175827,-1.1651577,True,-31.99,-24.169527,-48.75944,-3.8361619,True
2024-09-14 07:50:00,-17.72,107,-51,-32.01,-22.075556,-47.349167,-1.8072551,True,-32.9,-26.45404,-50.492615,-5.3507447,True
2024-09-14 07:55:00,-18.49,107,-52,-33.86,-23.79087,-48.862324,-2.8979495,True,-34.1,-29.011345,-52.493015,-7.182796,True
2024-09-14 08:00:00,-20.32,107,-52,-32.78,-26.66187,-51.46933,-5.025289,True,-34.36,-32.732563,-55.61253,-10.059908,True
2024-09-14 08:05:00,-21.94,107,-53,-34.88,-28.429611,-52.077785,-6.6782813,True,-34.05,-34.569263,-56.353626,-11.797277,True
2024-09-14 08:10:00,-22.94,107,-53,-36.36,-29.92328,-53.69181,-7.5933957,True,-34.32,-36.416977,-58.180683,-13.026195,True
2024-09-14 08:15:00,-23.84,107,-54,-36.17,-30.576075,-52.999928,-8.54612,True,-35.44,-36.820354,-57.444485,-13.784885,True
2024-09-14 08:20:00,-25.21,107,-56,-35.18,-31.217611,-51.61086,-10.0235815,True,-35.62,-36.79944,-55.795124,-14.716806,True
2024-09-14 08:25:00,-25.1,107,-57,-33.49,-30.322556,-49.242317,-10.146193,True,-37.31,-35.20849,-53.04897,-14.262972,True
2024-09-14 08:30:00,-25.63,107,-58,-32.38,-29.966724,-48.177834,-10.320696,True,-38.22,-34.04828,-51.479424,-13.73914,True
2024-09-14 08:35:00,-27.54,107,-59,-31.86,-31.074215,-48.1833,-11.785448,True,-38.91,-34.39385,-51.010227,-14.532178,True
2024-09-14 08:40:00,-28.76,107,-59,-31.41,-31.739338,-48.103363,-12.879119,True,-40.02,-34.535294,-50.576385,-15.161863,True
2024-09-14 08:45:00,-30.36,107,-59,-31.99,-32.9301,-49.50481,-13.96271,True,-40.78,-35.334435,-51.67977,-15.893636,True
2024-09-14 08:50:00,-32.01,107,-60,-32.9,-34.168037,-50.52309,-15.351702,True,-42.23,-36.17614,-52.394955,-16.929567,True
2024-09-14 08:55:00,-33.86,107,-62,-34.1,-35.4955,-51.59404,-16.82055,True,-43.01,-37.007355,-53.06789,-17.95785,True
2024-09-14 09:00:00,-32.78,107,-63,-34.36,-33.7263,-50.015747,-15.551393,True,-44.39,-34.60249,-50.947037,-16.13172,True
2024-09-14 09:05:00,-34.88,107,-65,-34.05,-35.58483,-51.398476,-17.678612,True,-40.18,-36.218807,-52.117466,-18.04524,True
2024-09-14 09:10:00,-36.36,107,-67,-34.32,-36.854496,-52.21804,-19.309193,True,-43.94,-37.278313,-52.74636,-19.48831,True
2024-09-14 09:15:00,-36.17,107,-68,-35.44,-36.53437,-52.321297,-19.03769,True,-44.81,-36.83422,-52.728752,-19.117067,True
2024-09-14 09:20:00,-35.18,107,-68,-35.62,-35.715256,-51.943157,-18.147081,True,-45.45,-36.180576,-52.484413,-18.383757,True
2024-09-14 09:25:00,-33.49,107,-69,-37.31,-33.894978,-50.314163,-16.59503,True,-45.61,-34.24174,-50.738907,-16.740637,True
2024-09-14 09:30:00,-32.38,107,-68,-38.22,-32.82161,-49.66757,-15.418616,True,-44.15,-33.207375,-50.110302,-15.612734,True
2024-09-14 09:35:00,-31.86,107,-67,-38.91,-32.45359,-50.03949,-14.644457,True,-47.5,-32.988888,-50.592625,-14.980798,True
2024-09-14 09:40:00,-31.41,107,-67,-40.02,-32.17732,-50.518898,-13.944373,True,-50.55,-32.883305,-51.192814,-14.440858,True
2024-09-14 09:45:00,-31.99,107,-65,-40.78,-32.810207,-51.64951,-14.116514,True,-58.599995,-33.56341,-52.346634,-14.660242,False
2024-09-14 09:50:00,-32.9,107,-65,-42.23,-34.66231,-54.25136,-14.950499,True,-62.11,-36.304638,-55.630745,-16.265587,False
2024-09-14 09:55:00,-34.1,107,-64,-43.01,-36.573696,-56.95139,-15.799145,True,-67.04001,-38.86212,-58.799362,-17.663614,False
2024-09-14 10:00:00,-34.36,107,-63,-44.39,-37.818672,-58.81336,-16.10716,True,-67.26,-40.98557,-61.28047,-18.712917,False
2024-09-14 10:05:00,-34.05,107,-63,-40.18,-38.74656,-59.999355,-16.348118,True,-65.58,-42.991543,-63.207794,-19.86515,False
2024-09-14 10:10:00,-34.32,107,-64,-43.94,-39.71139,-61.62798,-16.46108,True,-64.56,-44.525887,-65.19334,-20.443403,True
2024-09-14 10:15:00,-35.44,107,-64,-44.81,-40.92363,-61.75104,-17.621027,True,-63.63,-45.781452,-65.41616,-21.654516,True
2024-09-14 10:20:00,-35.62,107,-64,-45.45,-41.34261,-61.548496,-17.965681,True,-61.879997,-46.38209,-65.37324,-22.174818,True
2024-09-14 10:25:00,-37.31,107,-64,-45.61,-43.001038,-62.62312,-19.3556,True,-58.92,-47.961803,-66.45153,-23.49508,True
2024-09-14 10:30:00,-38.22,107,-65,-44.15,-43.988083,-63.235508,-20.288834,True,-54.13,-48.975086,-67.11018,-24.451616,True
2024-09-14 10:35:00,-38.91,107,-67,-47.5,-44.693985,-64.346146,-20.782131,True,-50.72,-49.673267,-68.19387,-24.929901,True
2024-09-14 10:40:00,-40.02,107,-68,-50.55,-45.19006,-63.77248,-21.518585,True,-48.51,-49.649544,-67.325264,-25.261744,True
2024-09-14 10:45:00,-40.78,107,-70,-58.599995,-45.727573,-63.69113,-22.212479,True,-49.17,-49.98263,-67.13404,-25.795704,True
2024-09-14 10:50:00,-42.23,107,-69,-62.11,-47.208363,-64.680984,-23.692873,True,-49.63,-51.429028,-68.12813,-27.236956,True
2024-09-14 10:55:00,-43.01,107,-68,-67.04001,-47.735344,-65.13471,-24.23187,False,-49.42,-51.697224,-68.37203,-27.552105,True
2024-09-14 11:00:00,-44.39,107,-66,-67.26,-48.77537,-65.64743,-25.409191,False,-48.49,-52.41726,-68.656395,-28.463066,True
2024-09-14 11:05:00,-40.18,107,-63,-65.58,-44.707527,-62.2975,-21.981327,False,-47.5,-48.505814,-65.31346,-25.21114,True
2024-09-14 11:10:00,-43.94,107,-64,-64.56,-47.55619,-63.977497,-24.804575,False,-48.51,-50.5159,-66.40165,-27.31218,True
2024-09-14 11:15:00,-44.81,107,-65,-63.63,-47.511,-63.364,-24.657503,False,-50.68,-49.636417,-65.07496,-26.465363,True
2024-09-14 11:20:00,-45.45,107,-65,-61.879997,-47.386585,-62.514263,-24.845417,True,-53.16,-48.85225,-63.662796,-26.103186,True
2024-09-14 11:25:00,-45.61,107,-64,-58.92,-47.05068,-62.31771,-24.501377,True,-54.4,-48.093445,-63.078865,-25.397451,True
2024-09-14 11:30:00,-44.15,107,-63,-54.13,-45.204506,-60.800945,-22.67621,True,-56.43,-45.935196,-61.261063,-23.309961,True
2024-09-14 11:35:00,-47.5,107,-62,-50.72,-47.21402,-62.363003,-24.951967,True,-56.2,-46.873383,-61.88102,-24.669397,True
2024-09-14 11:40:00,-50.55,107,-63,-48.51,-48.958412,-63.890602,-27.135983,True,-55.9,-47.57378,-62.429153,-25.969198,True
2024-09-14 11:45:00,-58.599995,107,-63,-49.17,-54.597675,-69.68809,-32.451168,True,-55.42,-51.280945,-66.27363,-29.677773,True
2024-09-14 11:50:00,-62.11,107,-63,-49.63,-56.76542,-72.04206,-34.889385,True,-54.5,-52.347237,-67.45614,-31.208296,True
2024-09-14 11:55:00,-67.04001,107,-63,-49.42,-60.462097,-76.35448,-38.720757,True,-53.88,-54.95255,-70.54704,-34.168156,True
2024-09-14 12:00:00,-67.26,107,-63,-48.49,-60.525658,-76.93887,-39.091316,True,-52.45,-54.807648,-70.897064,-34.37841,True
2024-09-14 12:05:00,-65.58,107,-63,-47.5,-58.99361,-75.8591,-37.999176,True,-51.58,-53.322678,-69.88244,-33.326355,True
2024-09-14 12:10:00,-64.56,107,-63,-48.51,-58.266224,-75.24114,-37.727722,True,-49.74,-52.757103,-69.43182,-33.194523,True
2024-09-14 12:15:00,-63.63,107,-62,-50.68,-57.747154,-74.980576,-37.24083,True,-48.22,-52.528717,-69.483986,-32.968998,True
2024-09-14 12:20:00,-61.879997,107,-62,-53.16,-56.13044,-73.254776,-35.846096,True,-47.84,-51.003838,-67.86324,-31.645142,True
2024-09-14 12:25:00,-58.92,107,-62,-54.4,-53.60214,-70.48565,-33.767544,True,-47.47,-48.827045,-65.49233,-29.84804,True
2024-09-14 12:30:00,-54.13,107,-60,-56.43,-49.565563,-66.19595,-30.4448,True,-46.55,-45.417526,-61.897617,-27.02883,True
2024-09-14 12:35:00,-50.72,107,-59,-56.2,-47.185707,-63.179016,-28.623178,True,-46.28,-43.923466,-59.791603,-25.948004,True
2024-09-14 12:40:00,-48.51,107,-60,-55.9,-45.64164,-60.91584,-27.224567,True,-46.49,-42.98125,-58.128353,-25.0568,True
2024-09-14 12:45:00,-49.17,107,-60,-55.42,-46.52627,-61.248222,-27.951855,True,-44.98,-44.076054,-58.646152,-25.969994,True
2024-09-14 12:50:00,-49.63,107,-59,-54.5,-46.97072,-61.493973,-28.124163,True,-43.76,-44.53391,-58.896065,-26.15599,True
2024-09-14 12:55:00,-49.42,107,-57,-53.88,-46.987213,-61.616646,-27.344986,True,-43.73,-44.790897,-59.2551,-25.58511,True
2024-09-14 13:00:00,-48.49,107,-55,-52.45,-46.259533,-60.959,-26.246773,True,-42.03,-44.27539,-58.806812,-24.665447,True
2024-09-14 13:05:00,-47.5,107,-54,-51.58,-45.33471,-60.124283,-25.33079,True,-40.48,-43.428696,-58.045094,-23.815075,True
2024-09-14 13:10:00,-48.51,107,-54,-49.74,-46.041065,-60.72986,-25.999756,True,-38.98,-43.90164,-58.415005,-24.286049,True
2024-09-14 13:15:00,-50.68,107,-55,-48.22,-47.193363,-61.94772,-27.235596,True,-37.420002,-44.232758,-58.822903,-24.82262,True
2024-09-14 13:20:00,-53.16,107,-57,-47.84,-48.860695,-63.85706,-28.842846,True,-37.2,-45.235092,-60.046867,-25.878996,True
2024-09-14 13:25:00,-54.4,107,-57,-47.47,-49.54318,-64.61721,-29.830492,True,-35.76,-45.439304,-60.30482,-26.470264,True
2024-09-14 13:30:00,-56.43,107,-56,-46.55,-50.633114,-66.13544,-30.987799,True,-34.15,-45.731922,-60.979145,-26.97238,True
2024-09-14 13:35:00,-56.2,107,-55,-46.28,-49.726273,-65.80384,-30.42227,True,-33.67,-44.206097,-60.01389,-25.888456,True
2024-09-14 13:40:00,-55.9,107,-54,-46.49,-49.314617,-65.204445,-30.658411,True,-33.89,-43.6317,-59.222023,-25.98957,True
2024-09-14 13:45:00,-55.42,107,-54,-44.98,-49.088017,-64.63338,-30.974123,True,-33.14,-43.55973,-58.787476,-26.442438,True
2024-09-14 13:50:00,-54.5,107,-54,-43.76,-48.396053,-63.864624,-30.517668,True,-33.11,-43.030834,-58.18586,-26.131186,True
2024-09-14 13:55:00,-53.88,107,-54,-43.73,-48.11107,-63.26097,-30.447474,True,-32.82,-43.011234,-57.846954,-26.293308,True
2024-09-14 14:00:00,-52.45,107,-54,-42.03,-47.120026,-62.025146,-29.801529,True,-31.96,-42.36689,-56.973637,-25.944813,True
2024-09-14 14:05:00,-51.58,107,-53,-40.48,-46.41714,-61.267487,-29.126509,True,-31.61,-41.796562,-56.355473,-25.391146,True
2024-09-14 14:10:00,-49.74,107,-53,-38.98,-44.964928,-59.57297,-27.931908,True,-31.27,-40.663746,-54.999363,-24.469269,True
2024-09-14 14:15:00,-48.22,107,-53,-37.420002,-43.66171,-58.084194,-26.901848,True,-31.42,-39.540966,-53.701946,-23.593288,True
2024-09-14 14:20:00,-47.84,107,-53,-37.2,-43.362965,-57.46304,-26.883389,True,-31.57,-39.316296,-53.150375,-23.63735,True
2024-09-14 14:25:00,-47.47,107,-53,-35.76,-43.083252,-56.960457,-26.90897,True,-32.0,-39.11528,-52.714855,-23.731108,True
2024-09-14 14:30:00,-46.55,107,-53,-34.15,-42.175694,-56.06929,-26.17915,True,-31.27,-38.22598,-51.84352,-23.011042,True
2024-09-14 14:35:00,-46.28,107,-53,-33.67,-42.215107,-56.26619,-25.961094,True,-31.13,-38.530083,-52.29365,-23.03856,True
2024-09-14 14:40:00,-46.49,107,-53,-33.89,-42.43994,-56.74987,-25.9621,True,-31.07,-38.768044,-52.794044,-23.068521,True
2024-09-14 14:45:00,-44.98,107,-52,-33.14,-40.994118,-55.149384,-24.878267,True,-31.09,-37.371487,-51.24454,-22.01742,True
2024-09-14 14:50:00,-43.76,107,-52,-33.11,-39.90918,-53.989838,-24.03793,True,-31.4,-36.39297,-50.18624,-21.270538,True
2024-09-14 14:55:00,-43.73,107,-52,-32.82,-39.94894,-53.86078,-24.235395,True,-31.75,-36.48969,-50.105278,-21.52245,True
2024-09-14 15:00:00,-42.03,107,-51,-31.96,-38.50373,-52.22059,-23.22795,True,-32.45,-35.25343,-48.67613,-20.697079,True
2024-09-14 15:05:00,-40.48,107,-51,-31.61,-37.132175,-50.69674,-22.261562,True,-32.24,-34.03397,-47.312016,-19.862375,True
2024-09-14 15:10:00,-38.98,107,-51,-31.27,-35.804775,-49.327076,-21.222427,True,-32.08,-32.852074,-46.093773,-18.951313,True
2024-09-14 15:15:00,-37.420002,107,-52,-31.42,-34.529366,-47.864838,-20.244745,True,-31.54,-31.828796,-44.88094,-18.192112,True
2024-09-14 15:20:00,-37.2,107,-57,-31.57,-34.40894,-47.544727,-20.250051,True,-32.19,-31.8023,-44.64563,-18.283812,True
2024-09-14 15:25:00,-35.76,107,-60,-32.0,-33.094017,-46.180252,-19.270222,True,-31.600002,-30.59781,-43.398663,-17.401539,True
2024-09-14 15:30:00,-34.15,107,-61,-31.27,-31.81022,-44.794586,-18.312595,True,-31.54,-29.605436,-42.294292,-16.70043,True
2024-09-14 15:35:00,-33.67,107,-61,-31.13,-31.568518,-44.408188,-18.268835,True,-30.97,-29.582485,-42.11524,-16.848787,True
2024-09-14 15:40:00,-33.89,107,-61,-31.07,-31.895454,-44.626667,-18.659712,True,-30.13,-30.007742,-42.41675,-17.333004,True
2024-09-14 15:45:00,-33.14,107,-60,-31.09,-31.245394,-44.02947,-18.175024,True,-30.19,-29.4482,-41.90623,-16.930376,True
2024-09-14 15:50:00,-33.11,107,-59,-31.4,-31.190033,-44.138245,-18.058191,True,-29.72,-29.374828,-42.003994,-16.797518,True
2024-09-14 15:55:00,-32.82,107,-59,-31.75,-30.940727,-43.874073,-17.711678,True,-30.03,-29.169607,-41.782806,-16.489708,True
2024-09-14 16:00:00,-31.96,107,-58,-32.45,-30.116379,-42.850998,-17.07673,True,-30.27,-28.378265,-40.795532,-15.881667,True
2024-09-14 16:05:00,-31.61,107,-58,-32.24,-29.801292,-42.708996,-16.692184,True,-29.69,-28.09676,-40.68981,-15.526552,True
2024-09-14 16:10:00,-31.27,107,-58,-32.08,-29.45631,-42.146534,-16.497261,True,-29.8,-27.744656,-40.12336,-15.326676,True
2024-09-14 16:15:00,-31.42,107,-58,-31.54,-29.49095,-41.889458,-16.707731,True,-30.01,-27.67699,-39.78306,-15.44384,True
2024-09-14 16:20:00,-31.57,107,-58,-32.19,-29.736362,-41.78683,-17.082493,True,-29.28,-28.014935,-39.7693,-15.894425,True
2024-09-14 16:25:00,-32.0,107,-58,-31.600002,-30.232792,-42.15398,-17.503046,True,-28.64,-28.574148,-40.189705,-16.36866,True
2024-09-14 16:30:00,-31.27,107,-57,-31.54,-29.697683,-41.50058,-16.8936,True,-28.43,-28.219156,-39.699482,-15.913129,True
2024-09-14 16:35:00,-31.13,107,-57,-30.97,-29.710396,-41.276928,-16.965157,True,-26.71,-28.371185,-39.60429,-16.10119,True
2024-09-14 16:40:00,-31.07,107,-56,-30.13,-29.575373,-41.287357,-16.865118,True,-25.31,-28.164669,-39.55477,-15.935658,True
2024-09-14 16:45:00,-31.09,107,-56,-30.19,-29.670876,-41.186394,-17.203606,True,-23.59,-28.325838,-39.520527,-16.329523,True
2024-09-14 16:50:00,-31.4,107,-56,-29.72,-29.969843,-41.578697,-17.501007,True,-22.19,-28.611464,-39.899723,-16.616335,True
2024-09-14 16:55:00,-31.75,107,-56,-30.03,-30.391958,-41.77954,-18.006115,True,-21.0,-29.097052,-40.16243,-17.174437,True
2024-09-14 17:00:00,-32.45,107,-56,-30.27,-30.656446,-42.06962,-18.363428,True,-20.92,-28.96841,-40.101715,-17.18682,True
2024-09-14 17:05:00,-32.24,107,-56,-29.69,-30.308771,-41.571167,-18.12828,True,-22.83,-28.500175,-39.505108,-16.837591,True
2024-09-14 17:10:00,-32.08,107,-55,-29.8,-30.25799,-41.321762,-18.351522,True,-24.4,-28.540056,-39.340652,-17.140581,True
2024-09-14 17:15:00,-31.54,107,-55,-30.01,-29.761992,-40.854076,-18.014854,True,-24.02,-28.07744,-38.90789,-16.832075,True
2024-09-14 17:20:00,-32.19,107,-55,-29.28,-30.860327,-41.406723,-18.78603,True,-24.11,-29.589792,-39.829304,-17.959808,True
2024-09-14 17:25:00,-31.600002,107,-55,-28.64,-30.461405,-40.817513,-18.562508,True,-24.48,-29.359514,-39.40015,-17.879068,True
2024-09-14 17:30:00,-31.54,107,-56,-28.43,-30.810236,-40.855732,-18.956463,True,-25.17,-30.070375,-39.766758,-18.586643,True
2024-09-14 17:35:00,-30.97,107,-56,-26.71,-30.510597,-40.78151,-18.63871,True,-26.99,-30.005323,-39.892704,-18.477297,True
2024-09-14 17:40:00,-30.13,107,-56,-25.31,-29.964308,-40.75544,-17.788532,True,-28.16,-29.720518,-40.086475,-17.847912,True
2024-09-14 17:45:00,-30.19,107,-56,-23.59,-30.011524,-41.023647,-17.743523,True,-29.000002,-29.756071,-40.339336,-17.78718,True
2024-09-14 17:50:00,-29.72,107,-56,-22.19,-29.43473,-41.267017,-16.777355,True,-28.34,-29.083622,-40.485813,-16.732828,True
2024-09-14 17:55:00,-30.03,107,-56,-21.0,-29.841345,-42.91075,-16.311356,True,-26.37,-29.577873,-42.174385,-16.335106,True
2024-09-14 18:00:00,-30.27,107,-57,-20.92,-30.338947,-43.775593,-16.424627,True,-25.42,-30.308748,-43.22602,-16.641346,True
2024-09-14 18:05:00,-29.69,107,-57,-22.83,-30.02491,-44.130196,-15.59641,True,-25.53,-30.236084,-43.751366,-16.014559,True
2024-09-14 18:10:00,-29.8,107,-57,-24.4,-30.485638,-44.73615,-15.593334,True,-27.47,-31.013634,-44.60855,-16.273169,True
2024-09-14 18:15:00,-30.01,107,-58,-24.02,-31.098944,-45.481102,-15.768326,True,-30.28,-31.986712,-45.628273,-16.745522,True
2024-09-14 18:20:00,-29.28,107,-58,-24.11,-31.014477,-45.702366,-15.136684,True,-33.08,-32.47963,-46.278442,-16.589552,True
2024-09-14 18:25:00,-28.64,107,-58,-24.48,-31.236185,-45.605278,-15.043473,True,-36.56,-33.454586,-46.739517,-17.131914,True
2024-09-14 18:30:00,-28.43,107,-57,-25.17,-31.927937,-46.101936,-15.203473,True,-37.45,-34.913105,-47.791435,-17.934729,True
2024-09-14 18:35:00,-26.71,107,-55,-26.99,-31.196413,-45.67955,-14.033916,True,-36.68,-35.02495,-47.911354,-17.471474,True
2024-09-14 18:40:00,-25.31,107,-53,-28.16,-30.65837,-45.491413,-13.079955,True,-34.17,-35.205105,-48.14688,-17.119886,True
2024-09-14 18:45:00,-23.59,107,-53,-29.000002,-29.719109,-44.62546,-12.081968,True,-31.88,-34.907864,-47.635727,-16.676403,True
2024-09-14 18:50:00,-22.19,107,-53,-28.34,-28.916279,-43.665867,-11.30103,True,-32.33,-34.586792,-46.949776,-16.32063,True
2024-09-14 18:55:00,-21.0,107,-52,-26.37,-28.099686,-44.08444,-10.021534,True,-32.39,-34.070515,-47.419113,-15.270769,True
2024-09-14 19:00:00,-20.92,107,-53,-25.42,-28.293661,-44.834835,-9.756438,True,-32.61,-34.458244,-48.2324,-15.158557,True
2024-09-14 19:05:00,-22.83,107,-53,-25.53,-30.145498,-46.628464,-11.046846,True,-33.24,-36.20389,-50.02098,-16.34323,True
2024-09-14 19:10:00,-24.4,107,-54,-27.47,-31.552708,-47.048927,-12.294918,True,-35.17,-37.453644,-50.466995,-17.461653,True
2024-09-14 19:15:00,-24.02,107,-54,-30.28,-31.137833,-46.513058,-12.085189,True,-36.65,-36.991108,-49.882526,-17.213877,True
2024-09-14 19:20:00,-24.11,107,-55,-33.08,-30.994272,-45.489826,-12.299215,True,-37.94,-36.63657,-48.782516,-17.27041,True
2024-09-14 19:25:00,-24.48,107,-56,-36.56,-31.061552,-44.873447,-12.488953,True,-38.57,-36.437897,-48.058197,-17.245155,True
2024-09-14 19:30:00,-25.17,107,-57,-37.45,-31.699383,-45.28401,-12.889059,True,-39.47,-36.98351,-48.442196,-17.559162,True
2024-09-14 19:35:00,-26.99,107,-57,-36.68,-33.325523,-46.11098,-14.2883215,True,-40.02,-38.377502,-49.207153,-18.757088,True
2024-09-14 19:40:00,-28.16,107,-57,-34.17,-34.51117,-46.845425,-15.136258,True,-40.62,-39.51623,-49.961956,-19.556808,True
2024-09-14 19:45:00,-29.000002,107,-57,-31.88,-35.59866,-48.258415,-15.44639,True,-39.98,-40.754436,-51.479954,-19.964407,True
2024-09-14 19:50:00,-28.34,107,-56,-32.33,-35.08415,-48.00596,-14.714419,True,-38.6,-40.356754,-51.276882,-19.324562,True
2024-09-14 19:55:00,-26.37,107,-54,-32.39,-33.34459,-46.859386,-13.069453,True,-39.43,-38.82851,-50.181164,-17.863344,True
2024-09-14 20:00:00,-25.42,107,-53,-32.61,-32.269566,-46.48359,-11.830367,True,-40.02,-37.679966,-49.691875,-16.550863,True
2024-09-14 20:05:00,-25.53,107,-52,-33.24,-32.03779,-46.484005,-11.349575,True,-40.56,-37.189598,-49.52806,-15.838948,True
2024-09-14 20:10:00,-27.47,107,-52,-35.17,-33.540367,-47.518803,-12.554438,True,-39.89,-38.3094,-50.38928,-16.704912,True
2024-09-14 20:15:00,-30.28,107,-52,-36.65,-35.986805,-48.500137,-15.045318,True,-33.62,-40.40776,-51.277637,-18.902946,True
2024-09-14 20:20:00,-33.08,107,-52,-37.94,-38.342354,-50.346794,-16.939056,True,-25.04,-42.35609,-52.92042,-20.429924,True
2024-09-14 20:25:00,-36.56,107,-53,-38.57,-41.375675,-52.782204,-19.287731,True,-18.05,-44.97849,-55.15429,-22.402788,False
2024-09-14 20:30:00,-37.45,107,-53,-39.47,-42.203224,-53.537525,-19.702816,True,-17.78,-45.719597,-55.85917,-22.73211,False
2024-09-14 20:35:00,-36.68,107,-53,-40.02,-41.663345,-53.281097,-18.861965,True,-20.45,-45.345894,-55.694653,-22.028122,False
2024-09-14 20:40:00,-34.17,107,-53,-40.62,-39.58342,-52.32222,-16.446304,True,-18.68,-43.598312,-54.864113,-19.89177,False
2024-09-14 20:45:00,-31.88,107,-52,-39.98,-37.635857,-51.364372,-14.313446,True,-13.7,-41.92922,-53.997654,-17.991789,False
2024-09-14 20:50:00,-32.33,107,-52,-38.6,-37.789364,-51.01076,-14.606374,True,-9.52,-41.879566,-53.56326,-18.112967,False
2024-09-14 20:55:00,-32.39,107,-51,-39.43,-37.50857,-49.396393,-15.254943,True,-10.94,-41.352894,-51.861435,-18.579166,False
2024-09-14 21:00:00,-32.61,107,-50,-40.02,-37.387905,-48.23365,-15.732874,True,-12.11,-40.94169,-50.550755,-18.83406,False
2024-09-14 21:05:00,-33.24,107,-51,-40.56,-37.36141,-47.980415,-15.758531,True,-12.29,-40.408474,-49.973507,-18.427694,False
2024-09-14 21:10:00,-35.17,107,-51,-39.89,-38.614037,-48.27984,-17.27341,True,-13.16,-41.13222,-49.97099,-19.492203,False
2024-09-14 21:15:00,-36.65,107,-51,-33.62,-39.581497,-48.52833,-18.518381,True,-14.59,-41.69699,-49.974255,-20.393692,False
2024-09-14 21:20:00,-37.94,107,-51,-25.04,-40.425846,-49.087776,-19.338903,True,-16.87,-42.18331,-50.287113,-20.90462,False
2024-09-14 21:25:00,-38.57,107,-51,-18.05,-40.684807,-48.977722,-19.849012,False,-17.86,-42.156418,-49.979874,-21.169655,False
2024-09-14 21:30:00,-39.47,107,-51,-17.78,-41.04447,-48.880756,-20.544758,False,-20.38,-42.09971,-49.57942,-21.509834,False
2024-09-14 21:35:00,-40.02,107,-51,-20.45,-40.84709,-48.928448,-20.33875,True,-21.67,-41.326385,-49.17167,-20.807095,True
2024-09-14 21:40:00,-40.62,107,-51,-18.68,-41.13802,-49.005524,-20.95158,False,-21.99,-41.377083,-49.06753,-21.211843,True
2024-09-14 21:45:00,-39.98,107,-51,-13.7,-40.25337,-48.268166,-20.25511,False,-23.26,-40.305363,-48.18712,-20.35254,True
2024-09-14 21:50:00,-38.6,107,-52,-9.52,-38.88737,-46.761906,-19.3745,False,-23.67,-38.951435,-46.702366,-19.483606,True
2024-09-14 21:55:00,-39.43,107,-53,-10.94,-38.84689,-46.692287,-19.389069,False,-23.56,-38.254726,-46.115063,-18.929226,True
2024-09-14 22:00:00,-40.02,107,-54,-12.11,-38.837486,-46.93398,-19.271164,False,-22.55,-37.784584,-45.986713,-18.412577,True
2024-09-14 22:05:00,-40.56,107,-54,-12.29,-38.88043,-46.996628,-19.450594,False,-23.12,-37.44468,-45.741432,-18.25992,True
2024-09-14 22:10:00,-39.89,107,-54,-13.16,-38.12731,-46.185837,-19.288546,False,-23.24,-36.61958,-44.885937,-18.030563,True
2024-09-14 22:15:00,-33.62,107,-55,-14.59,-32.520584,-40.99343,-15.208579,False,-23.31,-31.493956,-40.126057,-14.362242,True
2024-09-14 22:20:00,-25.04,107,-54,-16.87,-24.39254,-33.851223,-8.986742,True,-21.13,-23.686546,-33.26235,-8.423409,True
2024-09-14 22:25:00,-18.05,107,-54,-17.86,-17.462519,-28.11934,-3.554251,True,-21.35,-16.769182,-27.557835,-3.0041068,True
2024-09-14 22:30:00,-17.78,107,-54,-20.38,-16.708364,-27.217337,-3.3301528,True,-21.09,-15.586941,-26.353077,-2.4058478,True
2024-09-14 22:35:00,-20.45,107,-53,-21.67,-18.843962,-28.738419,-5.5552316,True,-20.66,-17.26201,-27.517817,-4.2296395,True
2024-09-14 22:40:00,-18.68,107,-52,-21.99,-17.048223,-27.185675,-4.30862,True,-20.57,-15.425817,-25.953257,-2.9468958,True
2024-09-14 22:45:00,-13.7,107,-52,-23.26,-12.299815,-23.390749,-0.46766886,True,-19.87,-10.849541,-22.331482,0.74785966,True
2024-09-14 22:50:00,-9.52,107,-50,-23.67,-7.908323,-19.886295,3.097822,False,-18.55,-6.2440066,-18.709164,4.50069,True
2024-09-14 22:55:00,-10.94,107,-48,-23.56,-8.729734,-20.46146,2.1829717,False,-19.97,-6.5185905,-18.881897,4.058328,False
2024-09-14 23:00:00,-12.11,107,-47,-22.55,-9.366216,-21.02677,1.4510437,False,-20.38,-6.6608443,-19.073044,3.7526433,False
2024-09-14 23:05:00,-12.29,107,-45,-23.12,-9.127595,-21.187214,1.789869,False,-19.61,-6.029344,-18.958315,4.4222293,False
2024-09-14 23:10:00,-13.16,107,-44,-23.24,-10.249487,-21.329132,-0.00869401,False,-19.05,-7.3829446,-19.221947,2.4419343,True
2024-09-14 23:15:00,-14.59,107,-43,-23.31,-11.633299,-22.10362,-1.6222252,False,-20.1,-8.731693,-19.92856,0.8691632,False
2024-09-14 23:20:00,-16.87,107,-42,-21.13,-14.015465,-23.637442,-4.310534,True,-21.19,-11.224026,-21.493212,-1.9015583,True
2024-09-14 23:25:00,-17.86,107,-41,-21.35,-15.484566,-24.296902,-6.2885604,True,-21.0,-13.160742,-22.501478,-4.2732043,True
2024-09-14 23:30:00,-20.38,107,-41,-21.09,-18.298437,-26.427794,-9.087702,True,-19.24,-16.283297,-24.86087,-7.3379865,True
2024-09-14 23:35:00,-21.67,107,-41,-20.66,-19.581728,-27.594032,-10.072604,True,-20.27,-17.57951,-26.041842,-8.331321,True
2024-09-14 23:40:00,-21.99,107,-40,-20.57,-19.78375,-28.011938,-9.861905,True,-20.24,-17.67749,-26.3999,-8.027296,True
2024-09-14 23:45:00,-23.26,107,-40,-19.87,-20.875486,-29.370182,-10.270332,True,-21.0,-18.611317,-27.655684,-8.2948065,True
2024-09-14 23:50:00,-23.67,107,-40,-18.55,-21.621655,-29.888239,-10.857283,True,-21.72,-19.677887,-28.458332,-9.151615,True
2024-09-14 23:55:00,-23.56,107,-39,-19.97,-21.795383,-29.787443,-11.2781725,True,-22.34,-20.125463,-28.585197,-9.804483,True
2024-09-15 00:00:00,-22.55,107,-39,-20.38,-20.742765,-28.990398,-10.262768,True,-22.42,-19.02772,-27.772501,-8.7441025,True
2024-09-15 00:05:00,-23.12,107,-40,-19.61,-21.056835,-29.521168,-10.312706,True,-21.46,-19.110176,-28.126421,-8.587885,True
2024-09-15 00:10:00,-23.24,107,-41,-19.05,-20.93054,-29.70526,-10.015504,True,-20.53,-18.752024,-28.138256,-8.084633,True
2024-09-15 00:15:00,-23.31,107,-41,-20.1,-20.923265,-29.765928,-10.248101,True,-19.47,-18.666817,-28.140608,-8.24011,True
2024-09-15 00:20:00,-21.13,107,-40,-21.19,-18.614353,-27.62735,-8.64533,True,-17.82,-16.212072,-25.891298,-6.4975734,True
2024-09-15 00:25:00,-21.35,107,-39,-21.0,-18.76799,-27.538734,-9.384495,True,-17.73,-16.292938,-25.714195,-7.156755,True
2024-09-15 00:30:00,-21.09,107,-39,-19.24,-18.49563,-27.163074,-9.911343,True,-17.5,-15.999094,-25.299742,-7.648909,True
2024-09-15 00:35:00,-20.66,107,-40,-20.27,-17.965607,-26.554289,-10.129716,True,-16.04,-15.373197,-24.579414,-7.768248,True
2024-09-15 00:40:00,-20.57,107,-40,-20.24,-17.781519,-26.381603,-10.429757,True,-13.81,-15.098697,-24.313808,-7.9758916,True
2024-09-15 00:45:00,-19.87,107,-40,-21.0,-17.008595,-25.79562,-9.848142,True,-14.06,-14.246469,-23.672829,-7.316485,True
2024-09-15 00:50:00,-18.55,107,-39,-21.72,-15.747168,-24.603199,-9.024408,True,-13.84,-13.018284,-22.526182,-6.5021367,True
2024-09-15 00:55:00,-19.97,107,-40,-22.34,-17.253576,-25.851904,-10.591782,True,-13.4,-14.618216,-23.833685,-8.14248,True
2024-09-15 01:00:00,-20.38,107,-41,-22.42,-17.705978,-26.206436,-11.187466,True,-11.78,-15.109996,-24.21594,-8.760912,True
2024-09-15 01:05:00,-19.61,107,-41,-21.46,-16.89814,-25.497087,-10.66245,True,-12.57,-14.260458,-23.477312,-8.184979,True
2024-09-15 01:10:00,-19.05,107,-41,-20.53,-16.363815,-24.967726,-10.413036,True,-13.37,-13.741925,-22.963219,-7.9324594,True
2024-09-15 01:15:00,-20.1,107,-42,-19.47,-17.511833,-25.913752,-11.628408,True,-16.85,-14.9835005,-23.969091,-9.216462,True
2024-09-15 01:20:00,-21.19,107,-43,-17.82,-18.582556,-27.123747,-12.507642,True,-18.55,-16.06398,-25.17874,-10.104909,True
2024-09-15 01:25:00,-21.0,107,-43,-17.73,-18.233904,-27.097597,-12.013211,True,-18.96,-15.565428,-25.033066,-9.474004,True
2024-09-15 01:30:00,-19.24,107,-42,-17.5,-16.280825,-25.61149,-10.123554,True,-19.04,-13.409755,-23.404049,-7.3974643,True
2024-09-15 01:35:00,-20.27,107,-42,-16.04,-17.366312,-26.84118,-10.740432,True,-17.97,-14.555875,-24.709515,-8.070049,True
2024-09-15 01:40:00,-20.24,107,-43,-13.81,-17.397074,-27.203815,-10.040807,True,-16.61,-14.647249,-25.174025,-7.4307475,True
2024-09-15 01:45:00,-21.0,107,-44,-14.06,-18.142517,-28.213573,-10.118354,True,-14.18,-15.393927,-26.213007,-7.5163054,True
2024-09-15 01:50:00,-21.72,107,-44,-13.84,-18.837175,-29.24054,-10.035352,True,-10.65,-16.071915,-27.267128,-7.425774,True
2024-09-15 01:55:00,-22.34,107,-45,-13.4,-19.6801,-29.615164,-11.246174,True,-7.68,-17.14714,-27.802498,-8.82342,False
2024-09-15 02:00:00,-22.42,107,-45,-11.78,-19.484642,-30.512634,-9.323966,True,-6.5100007,-16.67475,-28.594698,-6.683518,False
2024-09-15 02:05:00,-21.46,107,-42,-12.57,-18.781982,-30.38149,-7.7760396,True,-6.280001,-16.221436,-28.75799,-5.363955,True
2024-09-15 02:10:00,-20.53,107,-41,-13.37,-18.144796,-30.079252,-6.601311,True,-3.6299994,-15.87433,-28.756962,-4.4423957,False
2024-09-15 02:15:00,-19.47,107,-41,-16.85,-17.35856,-29.134823,-6.040979,True,-1.5800003,-15.355856,-28.032808,-4.104276,False
2024-09-15 02:20:00,-17.82,107,-41,-18.55,-16.078913,-27.217049,-5.729875,True,-1.5000004,-14.433883,-26.363962,-4.0827966,False
2024-09-15 02:25:00,-17.73,107,-42,-18.96,-16.463375,-26.69132,-6.9542165,True,-5.1200004,-15.297234,-26.174349,-5.707085,False
2024-09-15 02:30:00,-17.5,107,-43,-19.04,-15.936851,-26.268105,-6.4732842,True,-9.11,-14.474362,-25.520206,-4.949533,True
2024-09-15 02:35:00,-16.04,107,-43,-17.97,-14.470761,-25.242249,-4.9485774,True,-13.98,-12.976321,-24.52746,-3.3919356,True
2024-09-15 02:40:00,-13.81,107,-41,-16.61,-12.409683,-23.837502,-2.6053278,True,-17.97,-11.064855,-23.320408,-1.1825317,True
2024-09-15 02:45:00,-14.06,107,-43,-14.18,-13.048658,-24.699974,-2.5919363,True,-19.6,-12.105028,-24.528336,-1.5315212,True
2024-09-15 02:50:00,-13.84,107,-44,-10.65,-13.0702505,-25.319746,-1.7255291,True,-21.89,-12.37976,-25.376623,-0.9000514,True
2024-09-15 02:55:00,-13.4,107,-46,-7.68,-12.070212,-25.955505,0.32479253,True,-22.2,-10.835494,-25.70181,1.6233803,True
2024-09-15 03:00:00,-11.78,107,-49,-6.5100007,-9.74759,-24.995886,2.7863595,True,-19.66,-7.8038335,-24.31088,4.701713,True
2024-09-15 03:05:00,-12.57,107,-52,-6.280001,-9.924677,-25.407799,2.569616,True,-16.63,-7.367293,-24.269073,5.025745,True
2024-09-15 03:10:00,-13.37,107,-53,-3.6299994,-9.92554,-25.692354,2.3859956,True,-16.42,-6.5456996,-23.932474,5.5579886,True
2024-09-15 03:15:00,-16.85,107,-53,-1.5800003,-13.891587,-27.983335,-2.0360625,False,-15.73,-11.012554,-26.39194,0.7474839,True
2024-09-15 03:20:00,-18.55,107,-54,-1.5000004,-15.838295,-29.403158,-4.0886483,False,-13.44,-13.217401,-27.936474,-1.5133327,True
2024-09-15 03:25:00,-18.96,107,-54,-5.1200004,-16.427647,-29.588423,-5.092837,True,-12.91,-13.980155,-28.213556,-2.651234,True
2024-09-15 03:30:00,-19.04,107,-54,-9.11,-17.13499,-29.809898,-5.8001904,True,-11.51,-15.327522,-28.936026,-3.9063227,True
2024-09-15 03:35:00,-17.97,107,-53,-13.98,-16.742786,-30.608131,-3.8902514,True,-11.49,-15.623068,-30.4042,-2.624943,True
2024-09-15 03:40:00,-16.61,107,-52,-17.97,-16.106258,-31.00227,-2.2744925,True,-11.52,-15.70837,-31.415665,-1.6578888,True
2024-09-15 03:45:00,-14.18,107,-51,-19.6,-14.418174,-30.542116,0.12869994,True,-11.33,-14.746622,-31.515816,0.09970443,True
2024-09-15 03:50:00,-10.65,107,-52,-21.89,-11.281529,-28.417187,3.0270765,True,-10.82,-11.981094,-29.657492,2.67786,True
2024-09-15 03:55:00,-7.68,107,-54,-22.2,-8.347983,-25.0404,4.581903,True,-10.91,-9.062985,-26.260172,4.230182,True
2024-09-15 04:00:00,-6.5100007,107,-53,-19.66,-6.9791923,-23.30993,5.175363,True,-11.81,-7.4840817,-24.380194,5.020387,True
2024-09-15 04:05:00,-6.280001,107,-51,-16.63,-6.496223,-22.285793,4.9889827,True,-15.58,-6.7406735,-23.177914,5.0802226,True
2024-09-15 04:10:00,-3.6299994,107,-49,-16.42,-3.5363162,-19.905209,7.126718,True,-17.97,-3.436621,-20.582888,7.532869,True
2024-09-15 04:15:00,-1.5800003,107,-50,-15.73,-0.92459327,-18.098028,9.376144,True,-18.19,-0.23413117,-18.41362,10.307137,True
2024-09-15 04:20:00,-1.5000004,107,-51,-13.44,-1.6673187,-19.57797,9.12702,True,-16.09,-1.8219608,-20.449984,9.303535,True
2024-09-15 04:25:00,-5.1200004,107,-52,-12.91,-4.6551795,-21.860006,6.6912856,True,-14.36,-4.201017,-22.335184,7.4115386,True
2024-09-15 04:30:00,-9.11,107,-53,-11.51,-8.612441,-25.716372,3.6704023,True,-7.9500003,-8.158605,-26.17578,4.383674,True
2024-09-15 04:35:00,-13.98,107,-57,-11.49,-13.259403,-30.385063,0.120727226,True,-9.47,-12.614073,-30.712946,0.99929017,True
2024-09-15 04:40:00,-17.97,107,-60,-11.52,-16.395805,-34.266315,-1.9969143,True,-9.89,-14.898618,-34.009968,-0.38597712,True
2024-09-15 04:45:00,-19.6,107,-63,-11.33,-17.311811,-34.811646,-3.2701132,True,-6.7900004,-15.060717,-33.947327,-0.9932311,True
2024-09-15 04:50:00,-21.89,107,-64,-10.82,-19.625668,-35.833344,-6.170261,True,-6.98,-17.39028,-34.83404,-3.878854,True
2024-09-15 04:55:00,-22.2,107,-64,-10.91,-20.24478,-35.672005,-7.380484,True,-6.7600007,-18.31921,-34.854107,-5.3332334,True
2024-09-15 05:00:00,-19.66,107,-65,-11.81,-17.55179,-32.818756,-5.602611,True,-5.400001,-15.427459,-31.844328,-3.3634322,True
2024-09-15 05:05:00,-16.63,107,-65,-15.58,-14.419989,-29.58892,-3.350981,True,-3.5000002,-12.147095,-28.515821,-0.96575576,True
2024-09-15 05:10:00,-16.42,107,-62,-17.97,-14.484015,-29.80739,-3.03743,True,-3.0000002,-12.509342,-28.996702,-0.9172252,True
2024-09-15 05:15:00,-15.73,107,-60,-18.19,-14.422001,-30.847958,-1.8566078,True,-0.7600005,-13.127377,-30.624998,-0.36373553,True
2024-09-15 05:20:00,-13.44,107,-59,-16.09,-12.454052,-30.857542,1.0925518,True,-1.8799995,-11.5030575,-30.96824,2.2499425,True
2024-09-15 05:25:00,-12.91,107,-60,-14.36,-12.475355,-32.077885,1.9464546,True,-1.4499992,-12.102895,-32.604424,2.5819833,True
2024-09-15 05:30:00,-11.51,107,-62,-7.9500003,-11.262321,-31.159376,2.9452226,True,-4.44,-11.076318,-31.810131,3.4227693,True
2024-09-15 05:35:00,-11.49,107,-63,-9.47,-11.223473,-30.162077,2.5146444,True,-5.9600005,-11.012141,-30.755482,3.0261552,True
2024-09-15 05:40:00,-11.52,107,-67,-9.89,-11.309965,-30.127846,2.2738454,True,-7.5100007,-11.155349,-30.745655,2.7395475,True
2024-09-15 05:45:00,-11.33,107,-68,-6.7900004,-10.973947,-29.527044,2.2021348,True,-7.85,-10.665822,-30.030731,2.8090284,True
2024-09-15 05:50:00,-10.82,107,-70,-6.98,-10.327351,-29.461737,2.780895,True,-8.450001,-9.878199,-29.88767,3.5096738,True
2024-09-15 05:55:00,-10.91,107,-72,-6.7600007,-9.964479,-29.944052,3.3337457,True,-7.11,-9.053372,-30.07959,4.45104,True
2024-09-15 06:00:00,-11.81,107,-73,-5.400001,-10.741801,-30.127789,2.471151,True,-5.4500003,-9.704437,-30.151531,3.7055967,True
2024-09-15 06:05:00,-15.58,107,-73,-3.5000002,-14.6052475,-32.026165,-1.2896599,True,-4.64,-13.671672,-32.025154,-0.12583955,True
2024-09-15 06:10:00,-17.97,107,-67,-3.0000002,-17.166296,-33.520935,-3.7865975,False,-4.7100005,-16.4118,-33.58921,-2.7696211,True
2024-09-15 06:15:00,-18.19,107,-62,-0.7600005,-17.556602,-34.0949,-3.967603,False,-4.8800006,-16.980124,-34.28591,-3.1126635,True
2024-09-15 06:20:00,-16.09,107,-60,-1.8799995,-15.428323,-32.80865,-1.9187721,False,-6.769999,-14.817758,-32.998585,-1.0425705,True
2024-09-15 06:25:00,-14.36,107,-60,-1.4499992,-13.581941,-30.94172,-0.6746333,True,-9.81,-12.839275,-31.040133,0.32632986,True
2024-09-15 06:30:00,-7.9500003,107,-63,-4.44,-6.679231,-25.702036,5.211427,True,-11.5,-5.402675,-25.503136,6.6692615,True
2024-09-15 06:35:00,-9.47,107,-66,-5.9600005,-8.129011,-26.301458,3.6226976,True,-13.77,-6.775886,-25.999979,5.157991,True
2024-09-15 06:40:00,-9.89,107,-66,-7.5100007,-8.3753605,-26.697502,3.4751966,True,-18.43,-6.8459477,-26.26977,5.1631293,True
2024-09-15 06:45:00,-6.7900004,107,-66,-7.85,-4.785312,-24.283237,6.4928794,True,-19.68,-2.731928,-23.563808,8.624636,True
2024-09-15 06:50:00,-6.98,107,-65,-8.450001,-4.555553,-24.374249,6.639951,True,-20.76,-2.054825,-23.351652,9.148577,True
2024-09-15 06:55:00,-6.7600007,107,-65,-7.11,-3.7587044,-24.113203,7.3879027,True,-22.26,-0.65026313,-22.708805,10.413239,True
2024-09-15 07:00:00,-5.400001,107,-63,-5.4500003,-1.9017471,-23.200165,9.161217,True,-21.75,1.7195603,-21.508493,12.6087,False
2024-09-15 07:05:00,-3.5000002,107,-60,-4.64,0.4042088,-22.015635,11.521612,True,-24.15,4.4000125,-20.141867,15.270023,False
2024-09-15 07:10:00,-3.0000002,107,-59,-4.7100005,1.064447,-22.676712,12.548927,True,-26.91,5.1838336,-20.779226,16.365993,False
2024-09-15 07:15:00,-0.7600005,107,-59,-4.8800006,3.7088602,-21.743927,15.215694,True,-27.18,8.155493,-19.730394,19.279655,False
2024-09-15 07:20:00,-1.8799995,107,-60,-6.769999,2.0262182,-22.664322,13.645435,True,-28.09,5.935718,-20.917185,17.258514,False
2024-09-15 07:25:00,-1.4499992,107,-62,-9.81,2.4380796,-22.46773,13.945805,True,-29.34,6.318851,-20.735447,17.526794,False
2024-09-15 07:30:00,-4.44,107,-63,-11.5,-1.6747459,-25.14987,10.293844,True,-28.93,1.0951172,-24.014822,12.9386635,False
2024-09-15 07:35:00,-5.9600005,107,-61,-13.77,-3.6867316,-27.068878,8.812664,True,-27.89,-1.4326233,-26.227966,11.009962,False
2024-09-15 07:40:00,-7.5100007,107,-60,-18.43,-5.167396,-26.979593,7.1814666,True,-28.9,-2.82469,-25.994164,9.47028,False
2024-09-15 07:45:00,-7.85,107,-58,-19.68,-5.4629207,-27.10511,7.0827937,True,-28.73,-3.0773184,-26.063248,9.404369,False
2024-09-15 07:50:00,-8.450001,107,-55,-20.76,-6.247107,-27.294031,6.280586,True,-28.64,-4.042876,-26.333603,8.45056,False
2024-09-15 07:55:00,-7.11,107,-53,-22.26,-4.5470223,-26.833332,8.122408,True,-28.16,-1.9903644,-25.683727,10.567356,False
2024-09-15 08:00:00,-5.4500003,107,-52,-21.75,-2.58585,-25.170116,9.7977085,True,-28.57,0.27270856,-23.848534,12.496681,False
2024-09-15 08:05:00,-4.64,107,-51,-24.15,-1.5486454,-24.289532,10.802185,True,-29.11,1.5287396,-22.827286,13.681381,False
2024-09-15 08:10:00,-4.7100005,107,-51,-26.91,-1.6714348,-24.599089,10.94413,False,-28.99,1.3406388,-23.162169,13.754566,False
2024-09-15 08:15:00,-4.8800006,107,-52,-27.18,-1.3970932,-26.259916,12.002121,False,-28.58,2.03602,-24.61286,15.127258,False
2024-09-15 08:20:00,-6.769999,107,-53,-28.09,-4.2275853,-27.42223,9.32613,False,-30.54,-1.729237,-26.275059,11.672878,False
2024-09-15 08:25:00,-9.81,107,-54,-29.34,-8.145463,-29.015272,5.440347,False,-31.01,-6.5223765,-28.319107,7.052713,False
2024-09-15 08:30:00,-11.5,107,-55,-28.93,-10.348094,-29.97217,3.1671484,True,-34.78,-9.239256,-29.567265,4.3385425,False
2024-09-15 08:35:00,-13.77,107,-57,-27.89,-12.906421,-31.384605,0.5531346,True,-35.79,-12.084024,-31.124552,1.477657,False
2024-09-15 08:40:00,-18.43,107,-58,-28.9,-17.735378,-34.68818,-4.174166,True,-37.56,-17.072905,-34.472424,-3.3797286,False
2024-09-15 08:45:00,-19.68,107,-56,-28.73,-18.756956,-34.912918,-5.535809,True,-38.26,-17.855164,-34.47398,-4.525147,False
2024-09-15 08:50:00,-20.76,107,-56,-28.64,-19.674873,-35.39114,-6.710325,True,-38.38,-18.600182,-34.777145,-5.548762,False
2024-09-15 08:55:00,-22.26,107,-54,-28.16,-20.995962,-36.302753,-8.228324,True,-38.52,-19.73,-35.492226,-6.896109,False
2024-09-15 09:00:00,-21.75,107,-53,-28.57,-20.173874,-35.46903,-7.829432,True,-39.27,-18.578398,-34.368183,-6.209498,False
2024-09-15 09:05:00,-24.15,107,-53,-29.11,-22.386423,-37.253147,-10.152972,True,-39.69,-20.58793,-35.91616,-8.349341,False
2024-09-15 09:10:00,-26.91,107,-54,-28.99,-25.088097,-39.63052,-12.837408,True,-38.97,-23.218414,-38.1632,-10.972233,False
2024-09-15 09:15:00,-27.18,107,-53,-28.58,-25.333193,-40.02745,-13.194161,True,-38.36,-23.422663,-38.505714,-11.299941,True
2024-09-15 09:20:00,-28.09,107,-53,-30.54,-26.138502,-40.905075,-13.992167,True,-39.020004,-24.11114,-39.252155,-12.005919,True
2024-09-15 09:25:00,-29.34,107,-53,-31.01,-27.291267,-42.15349,-15.028871,True,-36.18,-25.16044,-40.383698,-12.962685,True
2024-09-15 09:30:00,-28.93,107,-53,-34.78,-26.722889,-41.895718,-14.455795,True,-33.76,-24.420353,-39.975613,-12.253393,True
2024-09-15 09:35:00,-27.89,107,-53,-35.79,-25.609983,-41.32136,-13.234367,True,-32.54,-23.223394,-39.349266,-10.982679,True
2024-09-15 09:40:00,-28.9,107,-53,-37.56,-26.727839,-42.554207,-14.026055,True,-33.25,-24.452902,-40.6663,-11.886369,True
2024-09-15 09:45:00,-28.73,107,-53,-38.26,-26.625061,-42.4513,-13.875626,True,-30.52,-24.421381,-40.61846,-11.811646,True
2024-09-15 09:50:00,-28.64,107,-52,-38.38,-26.63591,-42.252556,-13.960931,True,-22.25,-24.543169,-40.502407,-12.000735,True
2024-09-15 09:55:00,-28.16,107,-52,-38.52,-26.26211,-42.452038,-13.158851,True,-23.08,-24.27255,-40.80923,-11.310973,True
2024-09-15 10:00:00,-28.57,107,-51,-39.27,-26.64736,-42.93935,-13.135862,True,-23.07,-24.637884,-41.27416,-11.285004,True
2024-09-15 10:05:00,-29.11,107,-50,-39.69,-27.114197,-43.484478,-13.217721,True,-33.06,-25.039354,-41.75522,-11.321851,True
2024-09-15 10:10:00,-28.99,107,-50,-38.97,-26.845232,-43.173653,-12.78546,True,-39.08,-24.632847,-41.320755,-10.778686,True
2024-09-15 10:15:00,-28.58,107,-50,-38.36,-25.889576,-42.275856,-11.836839,True,-38.42,-23.134212,-39.94524,-9.365982,True
2024-09-15 10:20:00,-30.54,107,-50,-39.020004,-27.553295,-43.5965,-13.3353405,True,-33.07,-24.511946,-40.952717,-10.617004,True
2024-09-15 10:25:00,-31.01,107,-50,-36.18,-27.805653,-43.604282,-13.777198,True,-30.8,-24.558311,-40.744858,-10.881815,True
2024-09-15 10:30:00,-34.78,107,-49,-33.76,-31.23522,-46.61152,-16.949217,True,-35.95,-27.65791,-43.35595,-13.770212,True
2024-09-15 10:35:00,-35.79,107,-49,-32.54,-32.08146,-47.564167,-17.88288,True,-38.86,-28.337656,-44.117184,-14.568897,True
2024-09-15 10:40:00,-37.56,107,-47,-33.25,-34.391697,-49.52571,-20.225908,True,-41.33,-31.183561,-46.523045,-17.384789,True
2024-09-15 10:45:00,-38.26,107,-46,-30.52,-35.917786,-50.63509,-21.985981,True,-42.79,-33.52345,-48.362957,-19.859045,True
2024-09-15 10:50:00,-38.38,107,-47,-22.25,-35.090965,-51.328785,-20.735415,True,-44.26,-31.742264,-48.16395,-17.810556,True
2024-09-15 10:55:00,-38.52,107,-47,-23.08,-35.960793,-51.495766,-21.708895,True,-50.3,-33.350754,-49.014427,-19.425482,False
2024-09-15 11:00:00,-39.27,107,-47,-23.07,-36.570152,-52.69416,-22.082338,True,-55.4,-33.81458,-50.06875,-19.694672,False
2024-09-15 11:05:00,-39.69,107,-46,-33.06,-36.638966,-52.71373,-22.00832,True,-53.17,-33.532017,-49.75047,-19.32782,False
2024-09-15 11:10:00,-38.97,107,-44,-39.08,-35.4765,-51.792343,-20.909737,True,-49.9,-31.913172,-48.407978,-17.849651,False
2024-09-15 11:15:00,-38.36,107,-45,-38.42,-35.115273,-51.59412,-20.661985,True,-48.22,-31.79837,-48.444138,-17.828442,True
2024-09-15 11:20:00,-39.020004,107,-45,-33.07,-36.752552,-54.44477,-20.83131,True,-50.92,-34.435974,-52.25465,-18.895306,True
2024-09-15 11:25:00,-36.18,107,-43,-30.8,-34.177998,-50.848804,-19.540747,True,-51.14,-32.125214,-48.907494,-17.822596,False
2024-09-15 11:30:00,-33.76,107,-42,-35.95,-32.0048,-48.147457,-17.858416,True,-47.58,-30.196688,-46.43893,-16.352524,False
2024-09-15 11:35:00,-32.54,107,-43,-38.86,-30.713058,-46.6011,-16.832676,True,-43.98,-28.84458,-44.847237,-15.280298,True
2024-09-15 11:40:00,-33.25,107,-42,-41.33,-31.28303,-47.102833,-17.199936,True,-41.59,-29.283024,-45.22011,-15.541637,True
2024-09-15 11:45:00,-30.52,107,-42,-42.79,-28.119843,-44.816555,-14.093676,True,-43.42,-25.713167,-42.623825,-12.0958805,False
2024-09-15 11:50:00,-22.25,107,-39,-44.26,-19.817223,-37.86437,-6.645984,False,-44.15,-17.415148,-35.81419,-4.671119,False
2024-09-15 11:55:00,-23.08,107,-38,-50.3,-20.511473,-39.53446,-6.555245,False,-46.53,-17.975441,-37.371994,-4.485314,False
2024-09-15 12:00:00,-23.07,107,-39,-55.4,-20.559155,-39.680725,-6.379605,False,-46.09,-18.081528,-37.55133,-4.369887,False
2024-09-15 12:05:00,-33.06,107,-40,-53.17,-31.007963,-48.712357,-15.182709,False,-43.81,-28.959515,-46.76584,-13.544072,True
2024-09-15 12:10:00,-39.08,107,-41,-49.9,-37.386486,-54.03952,-20.922447,True,-41.58,-35.668354,-52.301033,-19.569544,True
2024-09-15 12:15:00,-38.42,107,-40,-48.22,-36.99288,-53.4909,-20.823614,True,-39.91,-35.534615,-51.98298,-19.693394,True
2024-09-15 12:20:00,-33.07,107,-41,-50.92,-32.325386,-49.13711,-16.827965,False,-38.09,-31.531466,-48.217243,-16.271912,True
2024-09-15 12:25:00,-30.8,107,-41,-51.14,-30.689285,-46.72546,-15.719948,False,-37.17,-30.524416,-46.34233,-15.7090435,True
2024-09-15 12:30:00,-35.95,107,-42,-47.58,-36.13076,-51.10557,-20.333225,True,-36.99,-36.204662,-50.92304,-20.524885,True
2024-09-15 12:35:00,-38.86,107,-43,-43.98,-39.219353,-53.456146,-22.765978,True,-35.87,-39.433865,-53.395313,-23.07696,True
2024-09-15 12:40:00,-41.33,107,-44,-41.59,-41.80361,-55.716576,-24.654558,True,-36.71,-42.10006,-55.725307,-25.03624,True
2024-09-15 12:45:00,-42.79,107,-45,-43.42,-43.889328,-58.805,-25.20734,True,-33.95,-44.737526,-59.27877,-26.056921,True
2024-09-15 12:50:00,-44.26,107,-47,-44.15,-45.364937,-60.399567,-26.070755,True,-33.65,-46.200523,-60.848938,-26.910385,True
2024-09-15 12:55:00,-50.3,107,-49,-46.53,-50.520695,-65.27084,-30.32666,True,-31.53,-50.542046,-64.99611,-30.479202,True
2024-09-15 13:00:00,-55.4,107,-51,-46.09,-53.95675,-68.12274,-33.70306,True,-27.02,-52.52411,-66.46347,-32.64635,False
2024-09-15 13:05:00,-53.17,107,-52,-43.81,-51.30443,-65.64754,-31.98577,True,-24.79,-49.508854,-63.638775,-30.621672,False
2024-09-15 13:10:00,-49.9,107,-51,-41.58,-48.08488,-62.616146,-29.743399,True,-24.69,-46.32582,-60.649746,-28.407362,False
2024-09-15 13:15:00,-48.22,107,-51,-39.91,-46.226315,-60.5441,-28.647783,True,-24.23,-44.30972,-58.424618,-27.17857,False
2024-09-15 13:20:00,-50.92,107,-50,-38.09,-48.630375,-62.641567,-30.976196,True,-23.25,-46.445965,-60.239223,-29.290369,False
2024-09-15 13:25:00,-51.14,107,-48,-37.17,-48.939384,-62.4032,-31.605995,True,-20.55,-46.835854,-60.072075,-29.99133,False
2024-09-15 13:30:00,-47.58,107,-48,-36.99,-45.917374,-59.164314,-29.27138,True,-21.95,-44.290337,-57.303253,-28.06339,False
2024-09-15 13:35:00,-43.98,107,-46,-35.87,-42.5024,-56.099213,-26.131348,True,-23.16,-41.052887,-54.41292,-25.078094,False
2024-09-15 13:40:00,-41.59,107,-46,-36.71,-40.070747,-53.754272,-24.037548,True,-21.86,-38.6001,-52.055843,-22.966154,False
2024-09-15 13:45:00,-43.42,107,-46,-33.95,-41.503094,-55.290607,-25.22272,True,-25.5,-39.680508,-53.242718,-23.860527,True
2024-09-15 13:50:00,-44.15,107,-46,-33.65,-41.831112,-55.604637,-25.564363,True,-27.36,-39.66637,-53.229053,-23.91397,True
2024-09-15 13:55:00,-46.53,107,-44,-31.53,-43.504257,-57.13655,-27.038883,True,-27.63,-40.737244,-54.165115,-24.882269,True
2024-09-15 14:00:00,-46.09,107,-43,-27.02,-42.73621,-56.515156,-26.41521,True,-28.74,-39.679466,-53.256924,-24.014654,True
2024-09-15 14:05:00,-43.81,107,-43,-24.79,-40.55454,-54.761585,-24.440271,True,-28.74,-37.5724,-51.587627,-22.109007,True
2024-09-15 14:10:00,-41.58,107,-42,-24.69,-39.018993,-54.102505,-22.671906,True,-29.31,-36.62059,-51.483723,-20.861988,True
2024-09-15 14:15:00,-39.91,107,-42,-24.23,-38.131542,-53.37822,-21.665064,True,-30.93,-36.43134,-51.40479,-20.461376,True
2024-09-15 14:20:00,-38.09,107,-42,-23.25,-37.228573,-52.215527,-20.82702,True,-31.86,-36.353664,-50.977608,-20.337542,True
2024-09-15 14:25:00,-37.17,107,-42,-20.55,-37.020275,-50.92812,-21.09079,False,-31.98,-36.784927,-50.256123,-21.155293,True
2024-09-15 14:30:00,-36.99,107,-41,-21.95,-37.0226,-49.898727,-21.629757,True,-30.74,-36.94635,-49.371872,-21.83837,True
2024-09-15 14:35:00,-35.87,107,-41,-23.16,-36.051113,-48.851192,-20.895975,True,-27.89,-36.113445,-48.440456,-21.228704,True
2024-09-15 14:40:00,-36.71,107,-40,-21.86,-36.824146,-49.273617,-21.674408,True,-26.42,-36.821205,-48.803623,-21.959642,True
2024-09-15 14:45:00,-33.95,107,-39,-25.5,-34.29222,-46.728542,-19.55018,True,-27.48,-34.508343,-46.44149,-20.031359,True
2024-09-15 14:50:00,-33.65,107,-39,-27.36,-33.955723,-46.02626,-19.407166,True,-31.99,-34.137924,-45.7059,-19.864212,True
2024-09-15 14:55:00,-31.53,107,-38,-27.63,-31.86779,-43.833126,-17.737312,True,-37.16,-32.08975,-43.540092,-18.230194,True
2024-09-15 15:00:00,-27.02,107,-37,-28.74,-27.655886,-40.001156,-14.126957,True,-39.27,-28.171085,-39.928654,-14.876909,True
2024-09-15 15:05:00,-24.79,107,-37,-28.74,-25.363895,-37.95385,-12.393261,True,-39.61,-25.8409,-37.838127,-13.11613,False
2024-09-15 15:10:00,-24.69,107,-36,-29.31,-24.61894,-37.750813,-11.60369,True,-35.52,-24.51915,-37.14823,-11.815738,True
2024-09-15 15:15:00,-24.23,107,-36,-30.93,-23.646935,-37.240276,-10.374254,True,-32.45,-23.09436,-36.251896,-10.184132,True
2024-09-15 15:20:00,-23.25,107,-35,-31.86,-21.897928,-35.873333,-9.00583,True,-29.28,-20.658491,-34.322746,-8.216734,True
2024-09-15 15:25:00,-20.55,107,-35,-31.98,-19.29481,-33.694042,-6.9366384,True,-29.75,-18.14792,-32.227524,-6.2308364,True
2024-09-15 15:30:00,-21.95,107,-35,-30.74,-20.097866,-34.89892,-7.528703,True,-28.85,-18.391167,-32.96402,-6.3378186,True
2024-09-15 15:35:00,-23.16,107,-35,-27.89,-20.808786,-36.39538,-7.72866,True,-27.96,-18.643919,-34.07233,-6.15041,True
2024-09-15 15:40:00,-21.86,107,-34,-26.42,-20.163193,-35.807037,-7.209454,True,-27.5,-18.597923,-33.978203,-6.1517615,True
2024-09-15 15:45:00,-25.5,107,-35,-27.48,-23.931425,-40.88375,-9.296908,True,-27.51,-22.478539,-39.101448,-8.349822,True
2024-09-15 15:50:00,-27.36,107,-34,-31.99,-26.862822,-44.75057,-10.710855,True,-26.96,-26.387472,-43.71214,-10.592298,True
2024-09-15 15:55:00,-27.63,107,-34,-37.16,-28.172876,-47.3076,-10.860817,True,-26.14,-28.638803,-46.945633,-11.528644,True
2024-09-15 16:00:00,-28.74,107,-33,-39.27,-29.647442,-47.79548,-12.338512,True,-26.59,-30.427301,-47.684002,-13.271564,True
2024-09-15 16:05:00,-28.74,107,-32,-39.61,-29.906796,-45.78449,-13.596649,True,-27.66,-30.900911,-45.89395,-14.721888,True
2024-09-15 16:10:00,-29.31,107,-31,-35.52,-30.36318,-45.14367,-14.308464,True,-27.36,-31.235975,-45.184082,-15.334277,True
2024-09-15 16:15:00,-30.93,107,-31,-32.45,-32.075333,-45.30505,-16.252419,True,-27.78,-33.004215,-45.440334,-17.337448,True
2024-09-15 16:20:00,-31.86,107,-31,-29.28,-33.138687,-45.217552,-17.286053,True,-26.99,-34.150043,-45.451115,-18.443323,True
2024-09-15 16:25:00,-31.98,107,-31,-29.75,-32.96195,-44.999523,-16.6026,True,-27.66,-33.702377,-45.012043,-17.512869,True
2024-09-15 16:30:00,-30.74,107,-30,-28.85,-31.790129,-44.038406,-15.206287,True,-28.88,-32.577232,-44.072056,-16.147705,True
2024-09-15 16:35:00,-27.89,107,-30,-27.96,-29.308115,-41.955692,-12.791973,True,-30.32,-30.39212,-42.181812,-13.983747,True
2024-09-15 16:40:00,-26.42,107,-32,-27.5,-27.422037,-40.21194,-11.493499,True,-30.71,-28.174534,-40.199165,-12.396662,True
2024-09-15 16:45:00,-27.48,107,-35,-27.51,-27.950747,-40.83468,-12.287672,True,-29.78,-28.263084,-40.496155,-12.809905,True
2024-09-15 16:50:00,-31.99,107,-37,-26.96,-31.655672,-43.773197,-16.186455,True,-27.74,-31.286541,-42.9137,-16.122742,True
2024-09-15 16:55:00,-37.16,107,-38,-26.14,-35.745724,-47.058006,-20.566769,True,-23.85,-34.465096,-45.41811,-19.726364,True
2024-09-15 17:00:00,-39.27,107,-40,-26.59,-37.218994,-48.096554,-22.55209,True,-23.93,-35.393467,-45.970592,-21.247065,True
2024-09-15 17:05:00,-39.61,107,-42,-27.66,-37.260605,-47.60267,-23.14086,True,-24.33,-35.179916,-45.250763,-21.613268,True
2024-09-15 17:10:00,-35.52,107,-42,-27.36,-33.382446,-43.636223,-20.167072,True,-23.33,-31.4634,-41.470783,-18.765503,True
2024-09-15 17:15:00,-32.45,107,-41,-27.78,-30.046133,-40.87072,-17.115269,True,-24.17,-27.880606,-38.51282,-15.492926,True
2024-09-15 17:20:00,-29.28,107,-40,-26.99,-27.00262,-38.382828,-14.261139,True,-21.55,-24.929085,-36.13674,-12.713459,True
2024-09-15 17:25:00,-29.75,107,-40,-27.66,-27.716991,-39.7099,-13.967085,True,-21.28,-25.862896,-37.64481,-12.611203,True
2024-09-15 17:30:00,-28.85,107,-40,-28.88,-27.687466,-41.01202,-12.5820875,True,-21.97,-26.58664,-39.565666,-11.873066,True
2024-09-15 17:35:00,-27.96,107,-41,-30.32,-27.55099,-42.83544,-10.862106,True,-23.29,-27.103739,-41.88717,-10.699533,True
2024-09-15 17:40:00,-27.5,107,-42,-30.71,-28.061628,-44.715084,-10.139612,True,-24.5,-28.453943,-44.37111,-10.670197,True
2024-09-15 17:45:00,-27.51,107,-43,-29.78,-28.871122,-45.599827,-10.471873,True,-24.07,-29.944948,-45.746548,-11.564721,True
2024-09-15 17:50:00,-26.96,107,-43,-27.74,-28.811596,-44.25813,-10.960555,True,-24.56,-30.293467,-44.728592,-12.406314,True
2024-09-15 17:55:00,-26.14,107,-43,-23.85,-28.358395,-42.44057,-11.134902,True,-26.32,-30.139732,-43.17157,-12.848873,True
2024-09-15 18:00:00,-26.59,107,-43,-23.93,-29.12152,-41.97596,-12.066908,True,-28.28,-31.136665,-42.925457,-13.991761,True
2024-09-15 18:05:00,-27.66,107,-42,-24.33,-30.79515,-43.72916,-12.641544,True,-27.66,-33.28026,-45.02889,-14.952143,True
2024-09-15 18:10:00,-27.36,107,-42,-23.33,-31.837572,-46.585182,-11.653208,True,-26.99,-35.39338,-48.54321,-14.825566,True
2024-09-15 18:15:00,-27.78,107,-42,-24.17,-33.234325,-48.953114,-11.730397,True,-23.45,-37.557396,-51.390163,-15.504651,True
2024-09-15 18:20:00,-26.99,107,-41,-21.55,-33.44369,-50.302937,-11.04004,True,-23.67,-38.560097,-53.163265,-15.442676,True
2024-09-15 18:25:00,-27.66,107,-40,-21.28,-33.76593,-49.33581,-12.077181,True,-22.79,-38.631863,-52.122334,-16.289976,True
2024-09-15 18:30:00,-28.88,107,-42,-21.97,-34.182194,-47.726185,-13.770606,True,-21.89,-38.392677,-50.211033,-17.477915,True
2024-09-15 18:35:00,-30.32,107,-44,-23.29,-34.621162,-46.69874,-15.215496,True,-21.16,-38.01271,-48.714455,-18.259113,True
2024-09-15 18:40:00,-30.71,107,-45,-24.5,-34.27883,-46.92291,-14.750192,True,-20.14,-37.07607,-48.484188,-17.277428,True
2024-09-15 18:45:00,-29.78,107,-46,-24.07,-33.446365,-46.469124,-13.866414,True,-20.38,-36.323254,-48.06809,-16.45014,True
2024-09-15 18:50:00,-27.74,107,-45,-24.56,-31.697662,-45.23567,-12.113952,True,-20.52,-34.804024,-46.925564,-14.886552,True
2024-09-15 18:55:00,-23.85,107,-43,-26.32,-27.99289,-42.01159,-8.698943,True,-20.44,-31.245409,-43.707443,-11.607258,True
2024-09-15 19:00:00,-23.93,107,-44,-28.28,-27.739063,-41.675133,-8.0749445,True,-20.35,-30.677832,-43.142616,-10.715824,True
2024-09-15 19:05:00,-24.33,107,-43,-27.66,-27.614407,-41.930096,-7.461824,True,-19.57,-30.092234,-43.076996,-9.698943,True
2024-09-15 19:10:00,-23.33,107,-45,-26.99,-26.028845,-40.864033,-5.9742236,True,-18.94,-28.041039,-41.685875,-7.8072705,True
2024-09-15 19:15:00,-24.17,107,-47,-23.45,-26.395554,-40.238483,-6.87429,True,-18.51,-28.015858,-40.85164,-8.380593,True
2024-09-15 19:20:00,-21.55,107,-47,-23.67,-23.781858,-37.10051,-5.337501,True,-17.19,-25.417116,-37.738903,-6.8670783,True
2024-09-15 19:25:00,-21.28,107,-48,-22.79,-23.127954,-35.5622,-5.4001927,True,-17.94,-24.448807,-36.017246,-6.671161,True
2024-09-15 19:30:00,-21.97,107,-50,-21.89,-23.102926,-34.803017,-6.014396,True,-19.07,-23.842125,-34.887867,-6.7883,True
2024-09-15 19:35:00,-23.29,107,-52,-21.16,-23.718208,-34.760212,-7.1527543,True,-17.97,-23.882713,-34.45502,-7.432183,True
2024-09-15 19:40:00,-24.5,107,-52,-20.14,-23.80454,-34.754154,-7.628217,True,-18.3,-23.050257,-33.76142,-7.1116147,True
2024-09-15 19:45:00,-24.07,107,-53,-20.38,-23.16712,-34.000656,-7.444821,True,-17.61,-22.235394,-32.87648,-6.7754073,True
2024-09-15 19:50:00,-24.56,107,-54,-20.52,-23.278429,-33.762314,-8.001805,True,-17.19,-22.029564,-32.39708,-7.0612674,True
2024-09-15 19:55:00,-26.32,107,-54,-20.44,-24.803726,-34.792534,-9.729361,True,-16.27,-23.363317,-33.274303,-8.624881,True
2024-09-15 20:00:00,-28.28,107,-54,-20.35,-26.045586,-36.157497,-10.660434,True,-15.75,-24.010693,-34.147537,-9.0442295,True
2024-09-15 20:05:00,-27.66,107,-53,-19.57,-25.058432,-35.671993,-9.474987,True,-16.67,-22.704153,-33.42033,-7.5844283,True
2024-09-15 20:10:00,-26.99,107,-51,-18.94,-24.29288,-34.9746,-8.952956,True,-17.82,-21.841516,-32.659782,-6.978433,True
2024-09-15 20:15:00,-23.45,107,-49,-18.51,-20.9427,-31.918041,-6.4979997,True,-18.18,-18.614183,-29.746347,-4.630957,True
2024-09-15 20:20:00,-23.67,107,-47,-17.19,-20.946188,-31.755774,-6.8557286,True,-16.98,-18.42027,-29.425783,-4.8233237,True
2024-09-15 20:25:00,-22.79,107,-47,-17.94,-20.087448,-30.6781,-6.5857434,True,-15.95,-17.564568,-28.361553,-4.554749,True
2024-09-15 20:30:00,-21.89,107,-45,-19.07,-19.16075,-29.919119,-5.9992375,True,-14.96,-16.5934,-27.578379,-3.935528,True
2024-09-15 20:35:00,-21.16,107,-45,-17.97,-18.498224,-29.261911,-5.728729,True,-12.98,-15.969582,-26.96032,-3.7014544,True
2024-09-15 20:40:00,-20.14,107,-45,-18.3,-17.084896,-28.55763,-4.147699,True,-13.21,-14.184166,-25.984774,-1.8144573,True
2024-09-15 20:45:00,-20.38,107,-45,-17.61,-17.166382,-29.008278,-3.6975176,True,-12.92,-14.122339,-26.350988,-1.244963,True
2024-09-15 20:50:00,-20.52,107,-45,-17.19,-17.805258,-28.909855,-4.731404,True,-11.29,-15.206037,-26.608135,-2.6413043,True
2024-09-15 20:55:00,-20.44,107,-45,-16.27,-18.253065,-28.593733,-5.5870967,True,-12.03,-16.126507,-26.677147,-3.887379,True
2024-09-15 21:00:00,-20.35,107,-45,-15.75,-18.224749,-28.283838,-5.6827044,True,-12.3,-16.154427,-26.417238,-4.029575,True
2024-09-15 21:05:00,-19.57,107,-43,-16.67,-17.63532,-27.754732,-4.9549956,True,-10.82,-15.734907,-26.041153,-3.4450705,True
2024-09-15 21:10:00,-18.94,107,-42,-17.82,-17.32496,-27.482246,-4.366633,True,-11.77,-15.71156,-26.01638,-3.0970824,True
2024-09-15 21:15:00,-18.51,107,-41,-18.18,-17.29984,-27.291471,-4.2742,True,-11.92,-16.047178,-26.122461,-3.3079684,True
2024-09-15 21:20:00,-17.19,107,-39,-16.98,-16.120106,-26.21417,-3.1893008,True,-11.39,-14.989366,-25.155563,-2.3256037,True
2024-09-15 21:25:00,-17.94,107,-41,-15.95,-16.630959,-26.636099,-3.6322005,True,-11.12,-15.292639,-25.422771,-2.590092,True
2024-09-15 21:30:00,-19.07,107,-42,-14.96,-17.568415,-27.37341,-4.623817,True,-10.77,-16.064617,-26.035152,-3.4374049,True
2024-09-15 21:35:00,-17.97,107,-41,-12.98,-16.285725,-26.294151,-3.757723,True,-9.04,-14.613815,-24.841337,-2.425608,True
2024-09-15 21:40:00,-18.3,107,-42,-13.21,-16.286615,-26.35328,-3.9289343,True,-6.2400002,-14.318965,-24.672342,-2.3435843,True
2024-09-15 21:45:00,-17.61,107,-42,-12.92,-15.462185,-25.707624,-3.3331053,True,-5.8699994,-13.365768,-23.939718,-1.6372856,True
2024-09-15 21:50:00,-17.19,107,-43,-11.29,-14.95861,-25.393682,-2.849583,True,-5.7400002,-12.778356,-23.573267,-1.0837635,True
2024-09-15 21:55:00,-16.27,107,-43,-12.03,-13.74142,-23.982155,-2.499756,True,-5.93,-11.283812,-21.943996,-0.49093089,True
2024-09-15 22:00:00,-15.75,107,-43,-12.3,-12.855584,-22.934166,-2.267197,True,-5.889999,-10.061506,-20.628445,0.041328117,True
2024-09-15 22:05:00,-16.67,107,-43,-10.82,-13.363577,-23.297844,-2.7944949,True,-7.28,-10.194982,-20.67772,-0.15906937,True
2024-09-15 22:10:00,-17.82,107,-43,-11.77,-14.443665,-24.50159,-3.3655417,True,-7.72,-11.208997,-21.84057,-0.67721397,True
2024-09-15 22:15:00,-18.18,107,-43,-11.92,-14.803486,-25.126421,-3.213528,True,-7.6200004,-11.567344,-22.496977,-0.52503616,True
2024-09-15 22:20:00,-16.98,107,-43,-11.39,-14.111373,-24.54506,-2.3779109,True,-5.7400002,-11.336668,-22.333252,-0.07543786,True
2024-09-15 22:25:00,-15.95,107,-41,-11.12,-13.322663,-23.826157,-1.3840832,True,-2.16,-10.776757,-21.825632,0.7266881,True
2024-09-15 22:30:00,-14.96,107,-38,-10.77,-12.496532,-23.184198,-0.40625414,True,-2.5399992,-10.10368,-21.331,1.5736176,True
2024-09-15 22:35:00,-12.98,107,-37,-9.04,-10.643944,-21.863976,1.4654022,True,-3.0000002,-8.362694,-20.144258,3.3508298,True
2024-09-15 22:40:00,-13.21,107,-38,-6.2400002,-10.647012,-22.04188,1.7300068,True,-0.82,-8.1654625,-20.191154,3.787443,True
2024-09-15 22:45:00,-12.92,107,-37,-5.8699994,-10.2254925,-21.87822,2.275997,True,-1.6199993,-7.625344,-19.96746,4.436504,True
2024-09-15 22:50:00,-11.29,107,-37,-5.7400002,-8.396622,-20.579052,3.8127553,True,-1.6299995,-5.6080623,-18.576857,6.1361156,True
2024-09-15 22:55:00,-12.03,107,-37,-5.93,-9.647989,-20.672323,1.8170391,True,-3.529999,-7.329927,-18.975391,3.7571275,True
2024-09-15 23:00:00,-12.3,107,-38,-5.889999,-9.42319,-20.405775,1.6523949,True,-4.0400004,-6.6592193,-18.361494,3.9798124,True
2024-09-15 23:05:00,-10.82,107,-38,-7.28,-8.34807,-19.048203,1.8126236,True,-4.0500016,-5.9371953,-17.281204,3.8530138,True
2024-09-15 23:10:00,-11.77,107,-38,-7.72,-8.978847,-19.221432,0.7145745,True,-0.22999795,-6.2771106,-17.199617,3.0214956,True
2024-09-15 23:15:00,-11.92,107,-39,-7.6200004,-8.611543,-18.834507,0.5296971,True,8.560001,-5.439695,-16.419006,3.2557561,False
2024-09-15 23:20:00,-11.39,107,-39,-5.7400002,-7.7839932,-18.148682,0.8788411,True,16.940002,-4.3449807,-15.515636,3.8469808,False
2024-09-15 23:25:00,-11.12,107,-38,-2.16,-7.1781974,-17.787292,1.1810185,True,22.550003,-3.4302409,-14.907249,4.4220176,False
2024-09-15 23:30:00,-10.77,107,-38,-2.5399992,-6.232701,-17.613573,2.4261568,True,24.73,-1.9354767,-14.358153,6.128299,False
2024-09-15 23:35:00,-9.04,107,-37,-3.0000002,-3.930178,-16.007038,4.3163676,True,19.41,0.89486474,-12.424864,8.479277,False
2024-09-15 23:40:00,-6.2400002,107,-35,-0.82,-0.88313705,-14.084141,7.5167975,True,13.350002,4.1177,-10.523029,11.80842,False
2024-09-15 23:45:00,-5.8699994,107,-35,-1.6199993,-0.77046806,-14.117612,7.725435,True,8.060003,4.011863,-10.76022,11.823288,True
2024-09-15 23:50:00,-5.7400002,107,-34,-1.6299995,-0.6478446,-14.300672,8.492313,True,3.4400003,4.105123,-11.018467,12.547913,True
2024-09-15 23:55:00,-5.93,107,-34,-3.529999,-1.703442,-14.753335,7.539787,True,-1.4900001,2.2863252,-12.016694,10.958572,True
2024-09-16 00:00:00,-5.889999,107,-33,-4.0400004,-2.4405959,-14.866501,6.773748,True,-4.03,0.84814805,-12.641697,9.610607,True
2024-09-16 00:05:00,-7.28,107,-32,-4.0500016,-4.339127,-16.509369,5.591253,True,-5.0100007,-1.5151485,-14.634144,8.025309,True
2024-09-16 00:10:00,-7.72,107,-32,-0.22999795,-5.60057,-17.037756,4.3739142,True,-7.4500003,-3.5413554,-15.722436,6.166099,True
2024-09-16 00:15:00,-7.6200004,107,-32,8.560001,-5.420696,-17.391853,5.2158923,False,-8.939999,-3.2919543,-16.069809,7.0636744,True
2024-09-16 00:20:00,-5.7400002,107,-32,16.940002,-3.3204482,-15.679908,6.871761,False,-9.9,-0.98678046,-14.242252,8.905113,True
2024-09-16 00:25:00,-2.16,107,-30,22.550003,0.34431997,-12.852132,10.045746,False,-10.98,2.7467897,-11.439989,12.152254,True
2024-09-16 00:30:00,-2.5399992,107,-30,24.73,-0.14927132,-12.83787,9.39633,False,-11.95,2.1524274,-11.485498,11.430666,False
2024-09-16 00:35:00,-3.0000002,107,-32,19.41,-0.45354685,-13.089238,9.204599,False,-12.06,1.9771267,-11.649234,11.353544,False
2024-09-16 00:40:00,-0.82,107,-33,13.350002,1.1308914,-11.801551,10.6287,False,-13.5,3.0188768,-10.787679,12.315769,False
2024-09-16 00:45:00,-1.6199993,107,-34,8.060003,0.30520406,-12.800114,10.495462,True,-13.76,2.1568353,-11.833699,12.14823,False
2024-09-16 00:50:00,-1.6299995,107,-35,3.4400003,-0.0053180023,-13.179404,10.497591,True,-15.9,1.5692822,-12.42743,11.913904,False
2024-09-16 00:55:00,-3.529999,107,-36,-1.4900001,-1.808268,-14.644595,8.98452,True,-15.95,-0.15227158,-13.8340435,10.47666,False
2024-09-16 01:00:00,-4.0400004,107,-37,-4.03,-2.120354,-14.936699,8.633785,True,-17.94,-0.28476748,-14.000185,10.290226,False
2024-09-16 01:05:00,-4.0500016,107,-38,-5.0100007,-1.86455,-14.454944,8.333811,True,-17.99,0.21260802,-13.323212,10.216248,False
2024-09-16 01:10:00,-0.22999795,107,-38,-7.4500003,1.5704228,-11.590209,10.928629,True,-15.99,3.3008115,-10.75213,12.529308,False
2024-09-16 01:15:00,8.560001,107,-38,-8.939999,9.193865,-6.2965217,17.67889,False,-13.71,9.897255,-6.2381835,18.399475,False
2024-09-16 01:20:00,16.940002,107,-39,-9.9,16.298183,-2.3060343,24.103485,False,-16.11,15.965652,-2.8884947,23.91732,False
2024-09-16 01:25:00,22.550003,107,-41,-10.98,20.898346,-0.2906135,28.677582,False,-19.54,19.839066,-1.2623256,27.838764,False
2024-09-16 01:30:00,24.73,107,-42,-11.95,22.593826,-0.33099017,30.718884,False,-16.29,21.2131,-1.4706043,29.590515,False
2024-09-16 01:35:00,19.41,107,-43,-12.06,18.21051,-2.3484995,26.245369,False,-13.01,17.447239,-3.2130053,25.691853,False
2024-09-16 01:40:00,13.350002,107,-44,-13.5,12.81686,-4.718695,20.673283,False,-13.05,12.530228,-5.347605,20.557747,False
2024-09-16 01:45:00,8.060003,107,-43,-13.76,7.976936,-7.2866282,15.891075,False,-11.06,8.03631,-7.7047086,16.08928,False
2024-09-16 01:50:00,3.4400003,107,-43,-15.9,3.664562,-9.726376,11.415911,False,-10.69,3.9706151,-9.967521,11.841175,False
2024-09-16 01:55:00,-1.4900001,107,-42,-15.95,-0.68730384,-12.752794,7.192901,False,-9.67,0.124555275,-12.607051,8.075449,True
2024-09-16 02:00:00,-4.03,107,-42,-17.94,-2.6209261,-14.417412,5.322141,False,-10.659999,-1.2462486,-13.833702,6.7099757,True
2024-09-16 02:05:00,-5.0100007,107,-40,-17.99,-3.1077063,-14.912205,4.841888,False,-11.25,-1.2623619,-13.959894,6.654081,True
2024-09-16 02:10:00,-7.4500003,107,-40,-15.99,-4.776875,-16.296797,3.1032712,True,-11.34,-2.2010825,-14.696099,5.5752196,True
2024-09-16 02:15:00,-8.939999,107,-40,-13.71,-5.638164,-16.879885,1.6678597,True,-6.9100003,-2.4491694,-14.700123,4.7131,True
2024-09-16 02:20:00,-9.9,107,-41,-16.11,-5.8817935,-16.97798,0.82603997,True,-4.02,-1.9989094,-14.115801,4.5301414,True
2024-09-16 02:25:00,-10.98,107,-41,-19.54,-6.330134,-17.54295,-0.07049401,False,0.36000028,-1.8095077,-14.0743685,4.23023,True
2024-09-16 02:30:00,-11.95,107,-40,-16.29,-6.585421,-18.099165,-0.5285304,True,3.2499998,-1.3422302,-13.970097,4.432363,True
2024-09-16 02:35:00,-12.06,107,-38,-13.01,-5.9803424,-18.005129,0.08863799,True,6.479999,-0.017238932,-13.27668,5.6886344,False
2024-09-16 02:40:00,-13.5,107,-36,-13.05,-6.8473105,-19.270918,-0.43751177,True,7.35,-0.30193743,-14.012807,5.6659427,False
2024-09-16 02:45:00,-13.76,107,-35,-11.06,-7.432628,-19.602114,-1.0854992,True,8.200001,-1.1447719,-14.540443,4.8169723,False
2024-09-16 02:50:00,-15.9,107,-36,-10.69,-10.053587,-21.813072,-3.4900458,True,10.760002,-4.1734967,-17.030336,2.0635011,False
2024-09-16 02:55:00,-15.95,107,-38,-9.67,-10.848524,-22.194044,-4.4568753,True,13.420002,-5.701821,-18.027584,0.46443525,False
2024-09-16 03:00:00,-17.94,107,-37,-10.659999,-14.827576,-24.953793,-8.596343,True,12.490002,-11.733743,-22.53239,-5.488507,False
2024-09-16 03:05:00,-17.99,107,-37,-11.25,-15.270974,-25.312567,-8.866407,True,12.810001,-12.624184,-23.282452,-6.1583915,False
2024-09-16 03:10:00,-15.99,107,-36,-11.34,-13.086043,-23.787071,-5.984491,True,11.370001,-10.235266,-21.68733,-3.1052287,False
2024-09-16 03:15:00,-13.71,107,-35,-6.9100003,-9.674954,-22.160854,-1.440329,True,8.84,-5.653788,-19.280561,2.4275167,False
2024-09-16 03:20:00,-16.11,107,-34,-4.02,-13.398928,-25.06026,-4.617843,False,5.5899997,-10.745862,-23.287376,-1.9465908,False
2024-09-16 03:25:00,-19.54,107,-32,0.36000028,-16.558405,-29.397097,-5.6198735,False,4.149999,-13.667019,-27.517303,-2.7897723,False
2024-09-16 03:30:00,-16.29,107,-32,3.2499998,-13.195742,-26.679342,-2.5676272,False,1.8600003,-10.153945,-24.772343,0.39472738,False
2024-09-16 03:35:00,-13.01,107,-31,6.479999,-9.515061,-23.820772,0.7290322,False,-1.6000007,-6.0422206,-21.676615,4.0674644,True
2024-09-16 03:40:00,-13.05,107,-31,7.35,-9.41749,-23.285522,0.17676894,False,-1.5599998,-5.791435,-20.935173,3.6771677,True
2024-09-16 03:45:00,-11.06,107,-31,8.200001,-7.1470714,-21.386637,2.0781,False,1.4799992,-3.2287104,-18.857267,5.8393035,True
2024-09-16 03:50:00,-10.69,107,-31,10.760002,-6.5495963,-21.203787,2.989906,False,2.6000001,-2.3986819,-18.553404,6.9417243,True
2024-09-16 03:55:00,-9.67,107,-34,13.420002,-5.3077807,-21.131811,5.183704,False,0.93,-0.94212943,-18.507236,9.277306,True
2024-09-16 04:00:00,-10.659999,107,-34,12.490002,-6.5645585,-21.50661,3.7276838,False,-0.090000466,-2.4014113,-18.965397,7.6863666,True
2024-09-16 04:05:00,-11.25,107,-31,12.810001,-6.918382,-22.308928,4.2923675,False,-0.72999984,-2.512623,-19.67083,8.440655,True
2024-09-16 04:10:00,-11.34,107,-24,11.370001,-7.011785,-23.307312,5.367086,False,1.3399998,-2.6371272,-20.834778,9.451368,True
2024-09-16 04:15:00,-6.9100003,107,-25,8.84,-3.6148875,-20.114763,8.184286,False,1.0099999,-0.30707964,-18.518787,11.368662,True
2024-09-16 04:20:00,-4.02,107,-24,5.5899997,-1.8130649,-18.518429,9.581579,True,0.3299996,0.41624227,-17.745047,11.840549,True
2024-09-16 04:25:00,0.36000028,107,-25,4.149999,2.166952,-15.947893,13.113956,True,-3.0599997,4.0064845,-15.556379,15.0331955,True
2024-09-16 04:30:00,3.2499998,107,-28,1.8600003,4.5088935,-13.753449,14.939674,True,-4.39,5.8029227,-13.707746,16.403214,True
2024-09-16 04:35:00,6.479999,107,-29,-1.6000007,7.607694,-11.314874,17.291126,True,-3.699999,8.781742,-11.346949,18.662426,True
2024-09-16 04:40:00,7.35,107,-31,-1.5599998,9.072332,-9.557474,17.821129,True,-3.95,10.836752,-9.191444,19.740479,True
2024-09-16 04:45:00,8.200001,107,-33,1.4799992,10.727386,-6.837877,18.275337,True,-3.6499999,13.279186,-5.868611,20.947678,True
2024-09-16 04:50:00,10.760002,107,-34,2.6000001,13.942787,-3.652775,20.491669,True,-3.74,17.085041,-2.2848608,23.741062,False
2024-09-16 04:55:00,13.420002,107,-36,0.93,17.103539,-0.7807391,22.936169,True,-4.43,20.605934,0.8350255,26.554829,False
2024-09-16 05:00:00,12.490002,107,-38,-0.090000466,16.706825,-0.85656005,22.291882,True,-2.7199996,20.685017,1.138187,26.36874,False
2024-09-16 05:05:00,12.810001,107,-41,-0.72999984,17.516891,-1.2304767,23.482056,True,-4.02,21.845951,0.91295403,27.859108,False
2024-09-16 05:10:00,11.370001,107,-42,1.3399998,16.79596,-4.714,24.235107,True,-2.2899992,21.69786,-2.4046004,29.011452,True
2024-09-16 05:15:00,8.84,107,-42,1.0099999,13.979652,-9.580336,23.098278,True,-4.73,18.733795,-7.526377,27.605434,True
2024-09-16 05:20:00,5.5899997,107,-41,0.3299996,11.119633,-14.769287,22.0938,True,-4.3800006,16.289658,-12.605244,26.816448,True
2024-09-16 05:25:00,4.149999,107,-40,-3.0599997,10.401764,-16.517061,22.139313,True,-1.1299976,16.227684,-13.982624,27.347466,True
2024-09-16 05:30:00,1.8600003,107,-37,-4.39,6.648765,-17.554733,18.402813,True,0.030000372,11.324503,-15.535538,22.680641,True
2024-09-16 05:35:00,-1.6000007,107,-35,-3.699999,2.993389,-19.33095,14.995781,True,-0.66000015,7.5865474,-17.172937,19.224232,True
2024-09-16 05:40:00,-1.5599998,107,-32,-3.95,4.0800376,-19.003532,16.367584,True,-0.86999923,9.656441,-16.218933,21.393288,True
2024-09-16 05:45:00,1.4799992,107,-28,-3.6499999,7.2653823,-16.269812,19.198772,True,-1.2899994,12.867634,-13.541227,24.27464,True
2024-09-16 05:50:00,2.6000001,107,-25,-3.74,8.785961,-15.715154,21.032207,True,-1.0299991,14.727043,-12.889823,26.391922,True
2024-09-16 05:55:00,0.93,107,-22,-4.43,8.484407,-19.16822,22.75885,True,-0.55999976,15.612473,-15.844575,28.976013,True
2024-09-16 06:00:00,-0.090000466,107,-22,-2.7199996,7.2473807,-22.569963,23.407753,True,1.0400006,14.137047,-19.537031,29.320488,True
2024-09-16 06:05:00,-0.72999984,107,-20,-4.02,6.1205916,-24.179663,22.903671,True,0.88000077,12.59861,-21.428082,28.448223,True
2024-09-16 06:10:00,1.3399998,107,-21,-2.2899992,6.9580474,-21.877125,22.578197,True,-0.97999984,12.274237,-19.734964,27.246567,True
2024-09-16 06:15:00,1.0099999,107,-22,-4.73,6.743934,-21.550009,21.849548,True,0.21000068,12.2092705,-19.268719,26.658115,True
2024-09-16 06:20:00,0.3299996,107,-26,-4.3800006,5.459968,-20.859842,19.869087,True,2.0599992,10.386801,-18.717476,24.292347,True
2024-09-16 06:25:00,-3.0599997,107,-28,-1.1299976,1.8147408,-20.93953,15.009701,True,-0.7600005,6.6491637,-18.500538,19.437542,True
2024-09-16 06:30:00,-4.39,107,-29,0.030000372,1.2332264,-20.902124,13.829189,True,-4.1300006,6.814674,-17.801525,18.918781,True
2024-09-16 06:35:00,-3.699999,107,-30,-0.66000015,0.5320489,-20.214058,12.1964,True,-4.47,4.7903056,-17.921343,16.21553,True
2024-09-16 06:40:00,-3.95,107,-31,-0.86999923,0.20931785,-18.893673,10.772827,True,-6.7400002,4.4413657,-16.449547,14.83115,True
2024-09-16 06:45:00,-3.6499999,107,-33,-1.2899994,-0.19317086,-19.206694,10.4992485,True,-9.62,3.3375318,-17.282389,13.953136,True
2024-09-16 06:50:00,-3.74,107,-36,-1.0299991,-0.45528254,-18.755932,9.856224,True,-11.7,2.9230058,-16.858295,13.200325,True
2024-09-16 06:55:00,-4.43,107,-35,-0.55999976,-1.4229263,-18.316374,8.435446,True,-11.72,1.704786,-16.47046,11.595182,True
2024-09-16 07:00:00,-2.7199996,107,-36,1.0400006,0.4295632,-16.135172,10.006706,True,-11.71,3.71508,-14.179339,13.323559,True
2024-09-16 07:05:00,-4.02,107,-35,0.88000077,-1.0372146,-17.311615,8.786888,True,-15.27,2.0872648,-15.4335165,11.954617,True
2024-09-16 07:10:00,-2.2899992,107,-37,-0.97999984,0.6571576,-16.198914,10.610197,True,-16.04,3.7303922,-14.429123,13.708847,False
2024-09-16 07:15:00,-4.73,107,-34,0.21000068,-1.5349754,-19.227295,9.444645,True,-15.84,1.7876984,-17.287666,12.717583,True
2024-09-16 07:20:00,-4.3800006,107,-33,2.0599992,-0.6714309,-20.052906,11.138405,True,-16.24,3.1701753,-17.884382,14.802063,True
2024-09-16 07:25:00,-1.1299976,107,-36,-0.7600005,3.0577638,-18.781286,15.107639,True,-15.65,7.3399196,-16.55995,19.085472,True
2024-09-16 07:30:00,0.030000372,107,-39,-4.1300006,5.1438594,-17.602203,17.225357,True,-16.63,10.250504,-14.857154,21.89502,False
2024-09-16 07:35:00,-0.66000015,107,-41,-4.47,4.6980166,-18.067902,16.671867,True,-18.1,10.096649,-15.084536,21.576393,False
2024-09-16 07:40:00,-0.86999923,107,-43,-6.7400002,4.4904113,-16.700983,15.562511,True,-20.94,9.919647,-13.508435,20.552635,False
2024-09-16 07:45:00,-1.2899994,107,-44,-9.62,4.2872996,-16.01229,14.654213,True,-24.29,9.948711,-12.495133,19.878017,False
2024-09-16 07:50:00,-1.0299991,107,-44,-11.7,4.534717,-15.317053,14.387611,True,-25.97,10.164766,-11.70823,19.61663,False
2024-09-16 07:55:00,-0.55999976,107,-44,-11.72,4.874391,-14.913916,14.406212,True,-27.03,10.3766575,-11.381078,19.526936,False
2024-09-16 08:00:00,1.0400006,107,-45,-11.71,6.511295,-13.405535,15.648144,True,-31.22,12.015429,-9.910614,20.766914,False
2024-09-16 08:05:00,0.88000077,107,-43,-15.27,5.5559745,-13.7357025,14.615143,False,-37.93,10.3216,-10.738695,19.096687,False
2024-09-16 08:10:00,-0.97999984,107,-42,-16.04,3.531328,-15.198568,12.730091,False,-38.58,8.186741,-12.177609,17.116158,False
2024-09-16 08:15:00,0.21000068,107,-40,-15.84,5.1839423,-13.557144,14.116169,False,-39.01,10.235559,-10.245336,18.864784,False
2024-09-16 08:20:00,2.0599992,107,-42,-16.24,7.627708,-11.518229,16.37202,False,-45.09,13.158665,-7.928022,21.546814,False
2024-09-16 08:25:00,-0.7600005,107,-43,-15.65,4.603004,-13.642204,13.647686,False,-51.03,10.033068,-9.934731,18.738426,False
2024-09-16 08:30:00,-4.1300006,107,-43,-16.63,1.287584,-17.496614,11.240976,True,-51.13,6.8463626,-13.610447,16.38189,False
2024-09-16 08:35:00,-4.47,107,-45,-18.1,1.8266674,-17.84548,12.240271,False,-51.27,8.2305355,-13.334271,18.067387,False
2024-09-16 08:40:00,-6.7400002,107,-45,-20.94,-0.20507653,-21.004944,11.241325,True,-51.37,6.507091,-16.276947,17.231739,False
2024-09-16 08:45:00,-9.62,107,-44,-24.29,-3.1175501,-23.8201,9.056578,False,-51.61,3.6558893,-18.918648,15.063904,False
2024-09-16 08:50:00,-11.7,107,-42,-25.97,-5.0731473,-25.756626,7.6107306,False,-53.61,1.8757168,-20.616999,13.737225,False
2024-09-16 08:55:00,-11.72,107,-40,-27.03,-5.266974,-25.883417,7.407453,False,-53.63,1.4920155,-20.897429,13.3616295,False
2024-09-16 09:00:00,-11.71,107,-40,-31.22,-5.3746476,-26.12979,7.332563,False,-49.75,1.2483937,-21.275126,13.151173,False
2024-09-16 09:05:00,-15.27,107,-38,-37.93,-10.10445,-30.63697,3.377073,False,-51.41,-4.658159,-26.633633,8.180372,False
2024-09-16 09:10:00,-16.04,107,-36,-38.58,-11.307214,-33.072033,2.9969537,False,-53.31,-6.338597,-29.55323,7.3378253,False
2024-09-16 09:15:00,-15.84,107,-36,-39.01,-11.227025,-34.51697,3.8803117,False,-54.02,-6.4074836,-31.219242,8.037754,False
2024-09-16 09:20:00,-16.24,107,-37,-45.09,-12.674055,-36.5229,3.1473558,False,-54.9,-8.969361,-34.08597,6.3581347,False
2024-09-16 09:25:00,-15.65,107,-36,-51.03,-12.7987995,-39.402035,4.3339953,False,-57.29,-9.884576,-37.64353,6.8337283,False
2024-09-16 09:30:00,-16.63,107,-35,-51.13,-15.417084,-42.495964,2.7196214,False,-57.24,-14.235796,-41.89671,3.7854898,False
2024-09-16 09:35:00,-18.1,107,-35,-51.27,-18.369812,-45.502487,0.6951253,False,-55.33,-18.706436,-45.868816,0.49925962,False
2024-09-16 09:40:00,-20.94,107,-36,-51.37,-23.756819,-50.541546,-3.1954958,False,-54.54,-26.56454,-52.458927,-5.4530425,False
2024-09-16 09:45:00,-24.29,107,-35,-51.61,-28.641823,-54.49511,-6.837808,True,-56.68,-32.81682,-57.3206,-10.23328,True
2024-09-16 09:50:00,-25.97,107,-32,-53.61,-32.380157,-58.765068,-8.968149,True,-58.31,-38.30874,-62.653736,-13.8002,True
2024-09-16 09:55:00,-27.03,107,-29,-53.63,-34.5786,-60.40526,-10.410453,True,-55.46,-41.41502,-64.88452,-15.996405,True
2024-09-16 10:00:00,-31.22,107,-26,-49.75,-38.98549,-63.45417,-13.703585,True,-54.840004,-45.868217,-68.16555,-19.297062,True
2024-09-16 10:05:00,-37.93,107,-25,-51.41,-45.529945,-69.05742,-18.28334,True,-53.58,-52.13163,-73.88827,-23.54081,True
2024-09-16 10:10:00,-38.58,107,-24,-53.31,-45.81295,-68.75483,-18.30388,True,-54.29,-52.073536,-73.40076,-23.310617,True
2024-09-16 10:15:00,-39.01,107,-23,-54.02,-45.568264,-67.98461,-17.903652,True,-55.23,-51.20759,-72.218475,-22.4434,True
2024-09-16 10:20:00,-45.09,107,-24,-54.9,-50.412243,-71.58686,-21.747025,True,-53.77,-54.89383,-75.18351,-25.301071,True
2024-09-16 10:25:00,-51.03,107,-26,-57.29,-56.042255,-76.53226,-26.251205,True,-57.06,-60.207184,-80.05149,-29.488691,True
2024-09-16 10:30:00,-51.13,107,-28,-57.24,-56.320152,-76.797455,-26.519611,True,-60.23,-60.629562,-80.44634,-29.879313,True
2024-09-16 10:35:00,-51.27,107,-29,-55.33,-56.32531,-75.91102,-27.115507,True,-64.93,-60.497402,-79.48075,-30.397524,True
2024-09-16 10:40:00,-51.37,107,-31,-54.54,-56.358356,-75.15375,-27.481041,True,-65.42,-60.464756,-78.69876,-30.735004,True
2024-09-16 10:45:00,-51.61,107,-32,-56.68,-56.506096,-74.42266,-28.026564,True,-62.12,-60.497986,-77.89686,-31.211723,True
2024-09-16 10:50:00,-53.61,107,-35,-58.31,-59.170094,-76.901886,-30.077606,True,-57.66,-63.680645,-80.86707,-33.651024,True
2024-09-16 10:55:00,-53.63,107,-38,-55.46,-59.796352,-77.51149,-30.55058,True,-55.33,-64.777695,-81.88191,-34.494476,True
2024-09-16 11:00:00,-49.75,107,-38,-54.840004,-55.94853,-72.68208,-28.330723,True,-57.51,-60.849354,-76.89613,-32.29846,True
2024-09-16 11:05:00,-51.41,107,-38,-53.58,-58.000336,-75.49286,-29.598915,True,-56.62,-63.212296,-79.969925,-33.767677,True
2024-09-16 11:10:00,-53.31,107,-41,-54.29,-60.02883,-77.652016,-31.079775,True,-53.93,-65.324615,-82.23066,-35.272923,True
2024-09-16 11:15:00,-54.02,107,-42,-55.23,-60.650723,-78.32572,-31.669413,True,-52.85,-65.88457,-82.85793,-35.8068,True
2024-09-16 11:20:00,-54.9,107,-45,-53.77,-61.696457,-80.01725,-31.998747,True,-52.63,-67.09154,-84.687675,-36.23304,True
2024-09-16 11:25:00,-57.29,107,-47,-57.06,-63.379272,-81.18207,-33.656166,True,-54.88,-68.18851,-85.40635,-37.41859,True
2024-09-16 11:30:00,-57.24,107,-48,-60.23,-63.04165,-81.02353,-33.36999,True,-60.91,-67.623535,-85.03349,-36.967834,True
2024-09-16 11:35:00,-55.33,107,-49,-64.93,-60.0058,-77.46999,-31.64237,True,-59.43,-63.642475,-80.606674,-34.553547,True
2024-09-16 11:40:00,-54.54,107,-49,-65.42,-57.226524,-74.42889,-30.024265,True,-58.27,-59.226543,-76.076416,-31.655895,True
2024-09-16 11:45:00,-56.68,107,-50,-62.12,-56.182873,-73.72726,-29.040318,True,-54.28,-55.62253,-72.99987,-28.585684,True
2024-09-16 11:50:00,-58.31,107,-51,-57.66,-55.793804,-73.49899,-28.617931,True,-51.39,-53.713573,-71.336876,-26.920544,True
2024-09-16 11:55:00,-55.46,107,-51,-55.33,-52.583942,-69.050026,-27.387203,True,-54.91,-50.21115,-66.58882,-25.422003,True
2024-09-16 12:00:00,-54.840004,107,-50,-57.51,-52.31782,-68.306015,-27.637928,True,-53.87,-50.23457,-66.11391,-25.913496,True
2024-09-16 12:05:00,-53.58,107,-50,-56.62,-51.774303,-68.0528,-27.432537,True,-50.28,-50.223656,-66.3623,-26.160635,True
2024-09-16 12:10:00,-54.29,107,-51,-53.93,-52.229424,-69.015144,-28.143223,True,-49.540005,-50.44529,-67.07792,-26.687355,True
2024-09-16 12:15:00,-55.23,107,-52,-52.85,-52.47527,-68.57456,-29.261555,True,-54.43,-50.133835,-66.072784,-27.340889,True
2024-09-16 12:20:00,-53.77,107,-53,-52.63,-50.78284,-66.687515,-28.78102,True,-54.66,-48.23373,-63.98111,-26.676807,True
2024-09-16 12:25:00,-57.06,107,-54,-54.88,-53.170444,-69.40115,-31.29608,True,-52.69,-49.871845,-65.911224,-28.581528,True
2024-09-16 12:30:00,-60.23,107,-55,-60.91,-55.441162,-71.92255,-33.786324,True,-51.0,-51.36904,-67.60035,-30.447819,True
2024-09-16 12:35:00,-64.93,107,-54,-59.43,-59.38364,-76.27684,-37.425762,True,-43.93,-54.619698,-71.16928,-33.556263,True
2024-09-16 12:40:00,-65.42,107,-54,-58.27,-59.719852,-76.454666,-38.015034,True,-40.83,-54.787075,-71.14733,-34.01146,True
2024-09-16 12:45:00,-62.12,107,-53,-54.28,-56.704704,-72.760796,-35.778122,True,-39.880005,-52.012035,-67.73213,-31.943583,True
2024-09-16 12:50:00,-57.66,107,-52,-51.39,-53.252934,-68.9891,-32.92781,True,-38.56,-49.387104,-64.854385,-29.764885,True
2024-09-16 12:55:00,-55.33,107,-51,-54.91,-51.718685,-67.27171,-31.51631,True,-37.71,-48.51474,-63.824368,-28.909365,True
2024-09-16 13:00:00,-57.51,107,-51,-53.87,-54.025307,-69.57853,-33.149593,True,-36.95,-50.936737,-66.225494,-30.664295,True
2024-09-16 13:05:00,-56.62,107,-50,-50.28,-53.495148,-69.12647,-32.29798,True,-37.5,-50.713387,-66.089325,-30.079803,True
2024-09-16 13:10:00,-53.93,107,-50,-49.540005,-50.758976,-66.69429,-29.647379,True,-37.05,-47.954422,-63.65846,-27.409716,True
2024-09-16 13:15:00,-52.85,107,-49,-54.43,-49.160023,-65.45947,-27.871101,True,-35.68,-45.95073,-62.04095,-25.292788,True
2024-09-16 13:20:00,-52.63,107,-49,-54.66,-47.904034,-64.6928,-26.233189,True,-33.62,-43.902958,-60.52576,-22.990337,True
2024-09-16 13:25:00,-54.88,107,-50,-52.69,-48.742504,-66.284676,-26.128181,True,-32.84,-43.694263,-61.110073,-22.03562,True
2024-09-16 13:30:00,-60.91,107,-51,-51.0,-52.61422,-70.45396,-29.348934,True,-31.83,-45.93571,-63.504868,-23.946337,True
2024-09-16 13:35:00,-59.43,107,-51,-43.93,-50.227947,-68.23292,-27.769918,True,-31.05,-42.853863,-60.59911,-21.758224,True
2024-09-16 13:40:00,-58.27,107,-49,-40.83,-48.51033,-66.57281,-27.17687,True,-33.37,-40.62171,-58.375874,-20.709665,True
2024-09-16 13:45:00,-54.28,107,-49,-39.880005,-44.540806,-62.200092,-24.103367,True,-32.04,-36.60869,-54.04532,-17.539213,True
2024-09-16 13:50:00,-51.39,107,-47,-38.56,-42.19199,-59.59506,-22.70247,True,-30.06,-34.66106,-51.918396,-16.45398,True
2024-09-16 13:55:00,-54.91,107,-46,-37.71,-45.52737,-63.00134,-25.66675,True,-30.0,-37.866955,-55.07574,-19.36408,True
2024-09-16 14:00:00,-53.87,107,-45,-36.95,-44.787315,-61.907505,-25.993296,True,-25.33,-37.248653,-54.067223,-19.783276,True
2024-09-16 14:05:00,-50.28,107,-44,-37.5,-42.07608,-58.865032,-24.32099,True,-24.23,-35.136856,-51.67777,-18.594341,True
2024-09-16 14:10:00,-49.540005,107,-43,-37.05,-41.83524,-58.068775,-24.144829,True,-27.14,-35.31458,-51.31245,-18.770657,True
2024-09-16 14:15:00,-54.43,107,-42,-35.68,-46.907104,-63.046173,-28.091095,True,-28.65,-40.594757,-56.386578,-22.95838,True
2024-09-16 14:20:00,-54.66,107,-41,-33.62,-47.25476,-63.034836,-28.507956,True,-28.35,-41.043247,-56.461216,-23.464233,True
2024-09-16 14:25:00,-52.69,107,-39,-32.84,-46.06715,-61.686035,-27.480854,True,-28.25,-40.477913,-55.769962,-22.961168,True
2024-09-16 14:30:00,-51.0,107,-38,-31.83,-44.785957,-61.139248,-26.049637,True,-29.31,-39.458355,-55.50433,-21.77383,True
2024-09-16 14:35:00,-43.93,107,-38,-31.05,-39.637585,-56.185005,-21.393797,True,-28.47,-35.88218,-52.206066,-18.428476,True
2024-09-16 14:40:00,-40.83,107,-37,-33.37,-38.722298,-56.035416,-19.604822,True,-26.89,-36.81136,-53.79538,-18.21919,True
2024-09-16 14:45:00,-39.880005,107,-37,-32.04,-39.42645,-56.713066,-19.560213,True,-24.24,-38.930153,-55.699802,-19.37948,True
2024-09-16 14:50:00,-38.56,107,-36,-30.06,-39.65632,-56.739716,-19.29281,True,-25.57,-40.47421,-56.81878,-20.223635,True
2024-09-16 14:55:00,-37.71,107,-37,-30.0,-39.243454,-55.447594,-19.058193,True,-25.13,-40.428097,-55.83211,-20.310678,True
2024-09-16 15:00:00,-36.95,107,-35,-25.33,-37.96619,-54.096676,-17.72124,True,-25.01,-38.71398,-54.098354,-18.602978,True
2024-09-16 15:05:00,-37.5,107,-34,-24.23,-38.160698,-53.14725,-18.088217,True,-24.45,-38.59601,-52.891754,-18.708738,True
2024-09-16 15:10:00,-37.05,107,-34,-27.14,-37.064907,-51.928432,-16.951378,True,-23.14,-36.979115,-51.229546,-17.118784,True
2024-09-16 15:15:00,-35.68,107,-33,-28.65,-35.200825,-49.94816,-15.1228895,True,-22.13,-34.728962,-48.929504,-14.9513035,True
2024-09-16 15:20:00,-33.62,107,-32,-28.35,-33.358265,-48.14363,-13.22675,True,-21.1,-33.06746,-47.26633,-13.198178,True
2024-09-16 15:25:00,-32.84,107,-32,-28.25,-32.93545,-48.358624,-12.338643,True,-20.31,-32.92204,-47.67402,-12.526551,True
2024-09-16 15:30:00,-31.83,107,-32,-29.31,-31.539997,-47.04353,-10.969368,True,-19.28,-31.239126,-46.133263,-10.899427,True
2024-09-16 15:35:00,-31.05,107,-32,-28.47,-29.610228,-45.87155,-9.187523,True,-18.73,-28.455648,-44.29864,-8.357726,True
2024-09-16 15:40:00,-33.37,107,-34,-26.89,-30.427738,-46.429817,-10.507332,True,-18.37,-28.157768,-43.946144,-8.700355,True
2024-09-16 15:45:00,-32.04,107,-34,-24.24,-28.671692,-44.90058,-9.45081,True,-17.64,-26.051558,-42.139515,-7.336284,True
2024-09-16 15:50:00,-30.06,107,-35,-25.57,-25.57437,-42.50795,-7.13001,True,-16.46,-22.040743,-39.02199,-4.2260804,True
2024-09-16 15:55:00,-30.0,107,-34,-25.13,-23.673992,-41.638313,-5.4497,True,-15.99,-18.645855,-36.913937,-1.2711853,True
2024-09-16 16:00:00,-25.33,107,-35,-25.01,-19.334234,-37.710762,-2.5239375,True,-15.42,-14.418649,-33.162678,1.5328556,True
2024-09-16 16:05:00,-24.23,107,-34,-24.45,-18.363317,-36.482597,-2.5184424,True,-15.06,-13.486195,-31.953646,1.4955193,True
2024-09-16 16:10:00,-27.14,107,-35,-23.14,-20.586246,-38.408695,-4.802133,True,-14.34,-15.127477,-33.27361,-0.30237994,True
2024-09-16 16:15:00,-28.65,107,-36,-22.13,-22.640322,-39.522903,-7.2133965,True,-13.9,-17.588661,-34.656464,-3.0680754,True
2024-09-16 16:20:00,-28.35,107,-36,-21.1,-23.240301,-39.23106,-7.8294854,True,-13.15,-18.906158,-34.983356,-4.306765,True
2024-09-16 16:25:00,-28.25,107,-36,-20.31,-24.1762,-39.52725,-8.421164,True,-13.539999,-20.699749,-36.037003,-5.640536,True
2024-09-16 16:30:00,-29.31,107,-36,-19.28,-25.807892,-40.27597,-9.922364,True,-13.4,-22.826097,-37.20483,-7.5643945,True
2024-09-16 16:35:00,-28.47,107,-36,-18.73,-25.697927,-39.876663,-9.805582,True,-13.059999,-23.319899,-37.33111,-7.9712033,True
2024-09-16 16:40:00,-26.89,107,-36,-18.37,-24.771063,-38.636295,-9.087494,True,-12.18,-22.936308,-36.560173,-7.7221284,True
2024-09-16 16:45:00,-24.24,107,-34,-17.64,-22.86048,-36.73409,-7.4578023,True,-11.28,-21.636187,-35.173668,-6.6188016,True
2024-09-16 16:50:00,-25.57,107,-35,-16.46,-24.275398,-37.743675,-8.687237,True,-11.41,-23.123838,-36.23694,-7.907665,True
2024-09-16 16:55:00,-25.13,107,-35,-15.99,-24.008883,-37.3099,-8.58884,True,-11.39,-22.997711,-35.924397,-7.9274106,True
2024-09-16 17:00:00,-25.01,107,-35,-15.42,-23.43278,-36.748024,-8.449919,True,-10.93,-22.03483,-35.052185,-7.4515452,True
2024-09-16 17:05:00,-24.45,107,-36,-15.06,-22.515625,-35.793552,-8.1210575,True,-10.94,-20.803497,-33.85199,-6.8498397,True
2024-09-16 17:10:00,-23.14,107,-35,-14.34,-20.711084,-34.16391,-7.078671,True,-11.15,-18.551414,-31.87108,-5.4215264,True
2024-09-16 17:15:00,-22.13,107,-35,-13.9,-19.158194,-32.89893,-6.163442,True,-9.9,-16.49057,-30.192314,-4.07663,True
2024-09-16 17:20:00,-21.1,107,-36,-13.15,-18.12459,-31.89123,-5.7348676,True,-10.27,-15.408074,-29.156881,-3.6149237,True
2024-09-16 17:25:00,-20.31,107,-36,-13.539999,-17.12815,-30.999908,-5.398977,True,-10.68,-14.195452,-28.09929,-3.1010878,True
2024-09-16 17:30:00,-19.28,107,-36,-13.4,-16.157175,-30.225014,-4.6513743,True,-10.7,-13.249758,-27.363503,-2.3837912,True
2024-09-16 17:35:00,-18.73,107,-37,-13.059999,-15.79693,-30.028128,-4.4074264,True,-10.4,-13.043127,-27.317293,-2.2757113,True
2024-09-16 17:40:00,-18.37,107,-37,-12.18,-15.477733,-29.467743,-4.2528377,True,-10.9,-12.748035,-26.779026,-2.1430724,True
2024-09-16 17:45:00,-17.64,107,-36,-11.28,-15.025285,-28.936106,-4.0358996,True,-11.06,-12.541051,-26.457998,-2.1377566,True
2024-09-16 17:50:00,-16.46,107,-36,-11.41,-14.082712,-27.661322,-3.28986,True,-12.209999,-11.813025,-25.371202,-1.5698227,True
2024-09-16 17:55:00,-15.99,107,-36,-11.39,-13.651795,-26.772707,-3.1530936,True,-12.18,-11.416597,-24.512909,-1.458237,True
2024-09-16 18:00:00,-15.42,107,-36,-10.93,-12.808542,-26.157202,-2.3044379,True,-13.37,-10.312951,-23.700584,-0.3857883,True
2024-09-16 18:05:00,-15.06,107,-36,-10.94,-12.735909,-25.770695,-2.4442828,True,-12.38,-10.50423,-23.535412,-0.7486232,True
2024-09-16 18:10:00,-14.34,107,-36,-11.15,-12.378339,-25.164204,-2.3602164,True,-12.36,-10.478581,-23.206562,-0.94737273,True
2024-09-16 18:15:00,-13.9,107,-36,-9.9,-12.159219,-24.641207,-2.561968,True,-12.05,-10.45651,-22.845806,-1.3174766,True
2024-09-16 18:20:00,-13.15,107,-35,-10.27,-10.83329,-23.76372,-1.4953941,True,-10.31,-8.585435,-21.54579,0.21995132,True
2024-09-16 18:25:00,-13.539999,107,-35,-10.68,-10.963045,-23.958141,-1.5256885,True,-8.78,-8.4674015,-21.553701,0.40717283,True
2024-09-16 18:30:00,-13.4,107,-35,-10.7,-11.15819,-23.985413,-1.8366321,True,-7.3400006,-8.970918,-21.836432,-0.16553147,True
2024-09-16 18:35:00,-13.059999,107,-35,-10.4,-11.15963,-23.909096,-2.0518572,True,-7.570001,-9.2845125,-22.00995,-0.64993316,True
2024-09-16 18:40:00,-12.18,107,-34,-10.9,-10.734513,-23.51929,-1.8065342,True,-8.65,-9.283015,-21.962254,-0.76457435,True
2024-09-16 18:45:00,-11.28,107,-33,-11.06,-9.740443,-22.948833,-1.0409569,True,-10.620001,-8.1952915,-21.328535,0.08379333,True
2024-09-16 18:50:00,-11.41,107,-33,-12.209999,-9.884028,-22.850096,-1.2281574,True,-11.17,-8.348416,-21.243143,-0.10793717,True
2024-09-16 18:55:00,-11.39,107,-33,-12.18,-10.027861,-22.704569,-1.4549621,True,-8.08,-8.643115,-21.217453,-0.4617904,True
2024-09-16 19:00:00,-10.93,107,-33,-13.37,-9.133875,-22.395552,-0.56321365,True,-6.64,-7.332313,-20.601976,0.7919919,True
2024-09-16 19:05:00,-10.94,107,-33,-12.38,-8.73405,-22.233093,-0.3434566,True,-7.44,-6.5408015,-20.14737,1.3462197,True
2024-09-16 19:10:00,-11.15,107,-33,-12.36,-9.404037,-22.269611,-1.2059292,True,-9.29,-7.6374297,-20.50863,0.121923134,True
2024-09-16 19:15:00,-9.9,107,-32,-12.05,-7.848538,-20.767735,-0.046476677,True,-11.4,-5.790153,-18.804201,1.5384499,True
2024-09-16 19:20:00,-10.27,107,-32,-10.31,-8.205746,-20.773724,-0.55608207,True,-12.3,-6.130058,-18.796053,1.0459114,True
2024-09-16 19:25:00,-10.68,107,-33,-8.78,-8.692893,-20.83918,-1.0760845,True,-11.8,-6.6855035,-18.913828,0.4708077,True
2024-09-16 19:30:00,-10.7,107,-33,-7.3400006,-8.821433,-20.707756,-1.1182312,True,-11.73,-6.917708,-18.868486,0.34366003,True
2024-09-16 19:35:00,-10.4,107,-32,-7.570001,-8.503365,-20.540127,-0.6223758,True,-11.73,-6.5830274,-18.703657,0.86042374,True
2024-09-16 19:40:00,-10.9,107,-32,-8.65,-9.245353,-21.617758,-0.84280425,True,-9.81,-7.547486,-19.960855,0.4470822,True
2024-09-16 19:45:00,-11.06,107,-32,-10.620001,-9.682015,-22.734928,-0.84212714,True,-11.44,-8.235125,-21.267845,0.22928016,True
2024-09-16 19:50:00,-12.209999,107,-33,-11.17,-10.694191,-24.542116,-1.1446747,True,-11.43,-9.10524,-22.961885,0.043609306,True
2024-09-16 19:55:00,-12.18,107,-33,-8.08,-10.709588,-24.475435,-1.0336784,True,-7.53,-9.1605835,-22.936974,0.1259362,True
2024-09-16 20:00:00,-13.37,107,-33,-6.64,-11.711762,-25.321278,-1.5014004,True,-7.2100005,-9.980025,-23.645823,-0.18623574,True
2024-09-16 20:05:00,-12.38,107,-33,-7.44,-10.818625,-24.27707,-0.5792964,True,-8.41,-9.179014,-22.68684,0.6636655,True
2024-09-16 20:10:00,-12.36,107,-33,-9.29,-11.035817,-24.048708,-0.73075134,True,-8.57,-9.620406,-22.634293,0.3280026,True
2024-09-16 20:15:00,-12.05,107,-32,-11.4,-10.924833,-23.766045,-0.347401,True,-6.68,-9.696607,-22.501322,0.5591027,True
2024-09-16 20:20:00,-10.31,107,-31,-12.3,-9.465864,-22.886772,1.5333973,True,-5.98,-8.498488,-21.826231,2.2269456,True
2024-09-16 20:25:00,-8.78,107,-28,-11.8,-7.9340205,-22.225918,3.5814283,True,-5.5500007,-6.9615483,-21.170164,4.285188,True
2024-09-16 20:30:00,-7.3400006,107,-27,-11.73,-6.90045,-21.842154,4.98772,True,-5.2100005,-6.2968774,-21.04015,5.3840213,True
2024-09-16 20:35:00,-7.570001,107,-29,-11.73,-7.302523,-22.185902,4.805387,True,-6.72,-6.8504567,-21.491146,5.076738,True
2024-09-16 20:40:00,-8.65,107,-32,-9.81,-8.128196,-22.273764,3.8185918,True,-5.8800006,-7.4457774,-21.44456,4.287542,True
2024-09-16 20:45:00,-10.620001,107,-34,-11.44,-9.411333,-22.610954,2.2360437,True,-6.14,-8.106765,-21.36572,3.2371118,True
2024-09-16 20:50:00,-11.17,107,-35,-11.43,-9.670617,-22.064026,1.1666008,True,-8.23,-8.098329,-20.630527,2.4003484,True
2024-09-16 20:55:00,-8.08,107,-33,-7.53,-6.130178,-18.601505,3.3613813,True,-7.82,-4.135941,-16.879166,4.962621,True
2024-09-16 21:00:00,-6.64,107,-30,-7.2100005,-4.094648,-17.162485,5.088041,True,-5.48,-1.5535091,-15.05819,7.1571136,True
2024-09-16 21:05:00,-7.44,107,-29,-8.41,-4.541411,-17.012735,4.2207885,True,-7.4500003,-1.6586422,-14.643915,6.5979953,True
2024-09-16 21:10:00,-9.29,107,-30,-8.57,-5.807321,-17.627361,2.689945,True,-7.0800004,-2.36743,-14.800787,5.5619483,True
2024-09-16 21:15:00,-11.4,107,-31,-6.68,-7.72333,-18.845837,0.70379037,True,-6.9,-4.085769,-15.816949,3.7571752,True
2024-09-16 21:20:00,-12.3,107,-32,-5.98,-8.460928,-19.450478,0.07930152,True,-6.0900006,-4.6641326,-16.279373,3.2671716,True
2024-09-16 21:25:00,-11.8,107,-32,-5.5500007,-8.124974,-18.968264,0.035371467,True,-4.9899993,-4.4787126,-15.926938,3.101467,True
2024-09-16 21:30:00,-11.73,107,-31,-5.2100005,-8.236435,-18.84187,-0.36101183,True,17.64,-4.7570662,-15.938224,2.568281,False
2024-09-16 21:35:00,-11.73,107,-31,-6.72,-8.472354,-18.830156,-0.7107261,True,17.830002,-5.21847,-16.110365,2.0310953,False
2024-09-16 21:40:00,-9.81,107,-31,-5.8800006,-6.7206607,-17.156647,0.80220574,True,11.4,-3.6323645,-14.601793,3.4110582,False
2024-09-16 21:45:00,-11.44,107,-31,-6.14,-8.226859,-18.364182,-0.5662883,True,7.4899993,-5.0243382,-15.683617,2.1426408,False
2024-09-16 21:50:00,-11.43,107,-30,-8.23,-8.120611,-18.289852,-0.5042899,True,11.32,-4.8315654,-15.534962,2.2834737,False
2024-09-16 21:55:00,-7.53,107,-28,-7.82,-4.017505,-14.777793,2.848625,True,18.679996,-0.5649455,-11.956246,5.801452,False
2024-09-16 22:00:00,-7.2100005,107,-28,-5.48,-3.623253,-14.658889,3.4003007,True,22.400002,-0.10865243,-11.807421,6.404529,False
2024-09-16 22:05:00,-8.41,107,-29,-7.4500003,-4.8204026,-15.319341,1.8599755,True,13.279999,-1.2821506,-12.414344,4.902719,False
2024-09-16 22:10:00,-8.57,107,-29,-7.0800004,-4.943316,-15.039312,1.1259686,True,7.7099986,-1.3605675,-12.079004,4.234981,False
2024-09-16 22:15:00,-6.68,107,-29,-6.9,-2.7467177,-12.995696,2.6685903,True,8.27,1.0943981,-9.841018,6.0361075,False
2024-09-16 22:20:00,-5.98,107,-28,-6.0900006,-2.0773547,-12.485234,3.2782228,True,7.2499995,1.7131859,-9.393249,6.602329,False
2024-09-16 22:25:00,-5.5500007,107,-27,-4.9899993,-1.575312,-12.144848,3.7483613,True,9.780001,2.2710626,-9.036432,7.122144,False
2024-09-16 22:30:00,-5.2100005,107,-28,17.64,-1.3180794,-12.134859,4.233045,False,9.35,2.4523427,-9.134609,7.527824,False
2024-09-16 22:35:00,-6.72,107,-28,17.830002,-2.7024539,-13.622264,3.4072702,False,6.569999,1.208366,-10.523988,6.806642,True
2024-09-16 22:40:00,-5.8800006,107,-28,11.4,-2.100485,-13.493929,4.556024,False,3.7499998,1.587711,-10.644603,7.7436614,True
2024-09-16 22:45:00,-6.14,107,-27,7.4899993,-2.3418658,-13.721028,4.540149,False,-5.1200004,1.3694378,-10.863261,7.750587,True
2024-09-16 22:50:00,-8.23,107,-27,11.32,-0.9304145,-16.162481,9.354431,False,-15.75,5.933109,-11.210002,15.0952835,False
2024-09-16 22:55:00,-7.82,107,-27,18.679996,2.922014,-19.037035,17.855495,False,-17.16,12.502861,-12.985866,25.394966,False
2024-09-16 23:00:00,-5.48,107,-26,22.400002,7.7773223,-18.073618,23.836727,True,-6.18,18.719128,-11.694798,32.33611,True
2024-09-16 23:05:00,-7.4500003,107,-27,13.279999,5.7545924,-27.402597,27.406849,True,14.860001,16.71777,-21.406519,35.332848,True
2024-09-16 23:10:00,-7.0800004,107,-28,7.7099986,6.306112,-30.241838,29.838951,True,29.18,17.194954,-24.485209,37.540356,True
2024-09-16 23:15:00,-6.9,107,-28,8.27,6.8086333,-31.143602,31.29089,True,26.57,17.761395,-25.507149,38.986866,True
2024-09-16 23:20:00,-6.0900006,107,-27,7.2499995,5.554643,-29.413752,28.378437,True,24.05,15.25716,-24.543144,35.44262,True
2024-09-16 23:25:00,-4.9899993,107,-26,9.780001,2.7759492,-32.358658,27.554226,True,18.900002,9.429468,-29.268541,32.444756,True
2024-09-16 23:30:00,17.64,107,-1,9.35,17.540993,-24.448704,38.49731,True,9.370001,17.764683,-24.402603,38.61252,True
2024-09-16 23:35:00,17.830002,107,1,6.569999,16.804749,-22.158937,37.25758,True,1.6699997,16.373016,-22.408579,36.853134,True
2024-09-16 23:40:00,11.4,107,-4,3.7499998,12.508125,-21.200165,32.48609,True,-5.22,13.592148,-20.854837,33.299686,True
2024-09-16 23:45:00,7.4899993,107,-9,-5.1200004,10.02495,-21.07167,29.588009,True,-22.22,12.243654,-20.231903,31.302586,False
2024-09-16 23:50:00,11.32,107,-10,-15.75,13.345715,-21.581429,32.80265,True,-38.63,15.113422,-21.012217,34.171364,False
2024-09-16 23:55:00,18.679996,107,-8,-17.16,18.047462,-20.96614,36.97172,True,-41.79,17.911934,-21.190823,36.803093,False
2024-09-17 00:00:00,22.400002,107,-12,-6.18,19.394611,-19.277998,37.83057,True,-39.56,17.668972,-20.116331,36.322666,False
2024-09-17 00:05:00,13.279999,107,-18,14.860001,12.2944145,-23.177532,33.90911,True,-38.82,11.824011,-23.606256,33.448753,False
2024-09-17 00:10:00,7.7099986,107,-23,29.18,10.298714,-26.576012,34.43645,True,-36.57,12.468887,-26.01164,36.095406,False
2024-09-17 00:15:00,8.27,107,-22,26.57,13.943748,-28.017902,39.022835,True,-32.63,18.158512,-26.646883,42.23083,False
2024-09-17 00:20:00,7.2499995,107,-21,24.05,13.678219,-30.944994,40.465996,True,-36.09,18.399445,-29.369581,43.98925,False
2024-09-17 00:25:00,9.780001,107,-22,18.900002,16.136684,-30.936497,43.082733,True,-30.31,20.608372,-29.488047,46.409267,False
2024-09-17 00:30:00,9.35,107,-29,9.370001,16.002975,-28.371952,41.469166,True,-26.26,20.714981,-26.803339,44.988956,True
2024-09-17 00:35:00,6.569999,107,-34,1.6699997,13.376659,-30.930965,40.459423,True,-24.96,18.355145,-29.272785,44.113888,True
2024-09-17 00:40:00,3.7499998,107,-37,-5.22,9.909185,-34.731068,39.560364,True,-23.49,14.624237,-33.238586,42.95179,True
2024-09-17 00:45:00,-5.1200004,107,-38,-22.22,2.0871866,-38.461407,34.35235,True,-19.26,8.067778,-36.27031,38.569862,True
2024-09-17 00:50:00,-15.75,107,-41,-38.63,-7.436319,-43.33811,27.41906,True,-23.32,-0.008243876,-40.129154,32.633865,True
2024-09-17 00:55:00,-17.16,107,-42,-41.79,-9.2108,-44.14189,26.107483,True,-29.7,-2.039778,-41.04174,31.163452,True
2024-09-17 01:00:00,-6.18,107,-43,-39.56,0.07211654,-37.725845,31.366032,False,-32.29,5.410909,-35.86032,35.1203,True
2024-09-17 01:05:00,14.860001,107,-47,-38.82,16.406563,-32.08185,45.10899,False,-32.17,17.604328,-32.2307,45.91016,True
2024-09-17 01:10:00,29.18,107,-48,-36.57,25.153698,-31.490858,54.251026,False,-38.93,23.21899,-32.92462,52.59724,False
2024-09-17 01:15:00,26.57,107,-48,-32.63,24.225475,-31.47426,53.705494,False,-53.78,23.137012,-32.61205,52.7468,False
2024-09-17 01:20:00,24.05,107,-47,-36.09,23.194431,-30.020195,51.41743,False,-63.71,22.903786,-30.85151,51.09206,False
2024-09-17 01:25:00,18.900002,107,-47,-30.31,19.632874,-31.481497,48.175694,True,-63.48,20.261337,-31.961956,48.55084,False
2024-09-17 01:30:00,9.370001,107,-49,-26.26,11.5477295,-36.2301,41.44745,True,-55.91,13.237408,-36.32431,42.579662,False
2024-09-17 01:35:00,1.6699997,107,-51,-24.96,1.7219044,-41.16036,33.443886,True,-48.2,1.8570648,-41.947075,33.393154,False
2024-09-17 01:40:00,-5.22,107,-54,-23.49,-4.888023,-47.04625,31.596245,True,-35.43,-4.6022563,-47.830338,31.664936,True
2024-09-17 01:45:00,-22.22,107,-59,-19.26,-19.060884,-54.74518,21.171234,True,-30.91,-16.442429,-54.450813,23.11547,True
2024-09-17 01:50:00,-38.63,107,-62,-23.32,-33.47932,-65.24063,10.277252,True,-29.08,-29.268147,-63.709385,13.563599,True
2024-09-17 01:55:00,-41.79,107,-65,-29.7,-35.773666,-69.298164,9.793453,True,-28.75,-30.84316,-67.3588,13.612736,True
2024-09-17 02:00:00,-39.56,107,-69,-32.29,-33.494102,-68.99108,12.194931,True,-29.25,-28.469065,-67.17227,16.045223,True
2024-09-17 02:05:00,-38.82,107,-76,-32.17,-33.06803,-69.009224,12.410107,True,-21.82,-28.3199,-67.39397,16.027695,True
2024-09-17 02:10:00,-36.57,107,-85,-38.93,-31.131771,-68.50971,14.354313,True,-9.67,-26.652668,-67.17993,17.74844,True
2024-09-17 02:15:00,-32.63,107,-87,-53.78,-27.629349,-66.425156,17.105263,True,2.4999998,-23.479254,-65.4026,20.212933,True
2024-09-17 02:20:00,-36.09,107,-91,-63.71,-30.745594,-68.45962,14.5860405,True,2.5300004,-26.32316,-67.16183,17.895958,True
2024-09-17 02:25:00,-30.31,107,-92,-63.48,-25.407696,-65.80336,19.089325,True,1.9700009,-21.287764,-64.88439,22.09756,True
2024-09-17 02:30:00,-26.26,107,-89,-55.91,-21.960709,-65.45521,22.673244,True,-1.4,-18.361855,-64.94953,25.248817,True
2024-09-17 02:35:00,-24.96,107,-91,-48.2,-20.899912,-67.46167,24.784954,True,-2.4300005,-17.515173,-67.17122,27.16969,True
2024-09-17 02:40:00,-23.49,107,-95,-35.43,-19.716644,-67.085754,25.841606,True,-1.0500015,-16.584307,-66.94782,28.024792,True
2024-09-17 02:45:00,-19.26,107,-100,-30.91,-16.107061,-65.0602,28.144386,True,-3.1700003,-13.50638,-65.19246,29.901257,True
2024-09-17 02:50:00,-23.32,107,-107,-29.08,-19.994415,-67.857635,25.463177,True,-3.0499995,-17.265064,-67.93508,27.335178,True
2024-09-17 02:55:00,-29.7,107,-110,-28.75,-25.6706,-70.99677,21.219227,True,2.7399995,-22.367512,-70.74079,23.566036,True
2024-09-17 03:00:00,-32.29,107,-116,-29.25,-28.230488,-71.68028,18.576454,True,5.139999,-24.955463,-71.39856,20.950989,True
2024-09-17 03:05:00,-32.17,107,-121,-21.82,-28.139935,-71.942726,18.472073,True,4.7900004,-24.896273,-71.66137,20.808472,True
2024-09-17 03:10:00,-38.93,107,-121,-9.67,-33.894398,-75.92273,13.956829,True,4.6199985,-29.883728,-75.166626,16.923016,True
2024-09-17 03:15:00,-53.78,107,-123,2.4999998,-47.34966,-84.38483,1.3311669,False,3.1699998,-42.53313,-82.59748,4.911142,True
2024-09-17 03:20:00,-63.71,107,-111,2.5300004,-56.06689,-90.26687,-6.983402,False,-1.3300003,-50.61434,-87.548996,-3.004223,False
2024-09-17 03:25:00,-63.48,107,-99,1.9700009,-56.350727,-91.221375,-7.8944325,False,-4.8400006,-51.52282,-89.03679,-4.3962836,True
2024-09-17 03:30:00,-55.91,107,-101,-1.4,-52.21122,-87.87313,-6.1605477,False,-10.1,-49.978424,-87.54688,-4.6197066,True
2024-09-17 03:35:00,-48.2,107,-110,-2.4300005,-48.535755,-82.02106,-5.400554,False,-11.1,-49.012676,-83.2571,-5.9880414,True
2024-09-17 03:40:00,-35.43,107,-117,-1.0500015,-40.867096,-75.23509,0.04810302,True,-11.17,-44.414917,-77.87382,-3.2015975,True
2024-09-17 03:45:00,-30.91,107,-121,-3.1700003,-39.172672,-72.30121,-0.12164338,True,-10.67,-44.22231,-75.58846,-4.6930394,True
2024-09-17 03:50:00,-29.08,107,-124,-3.0499995,-38.969925,-69.747185,-1.6596626,True,-12.35,-44.793972,-73.51809,-6.87649,True
2024-09-17 03:55:00,-28.75,107,-124,2.7399995,-38.80743,-67.74595,-2.7255557,False,-12.5,-44.686054,-71.72371,-7.952001,True
2024-09-17 04:00:00,-29.25,107,-124,5.139999,-38.20698,-65.761765,-3.439295,False,-15.3,-43.582237,-69.63672,-8.176889,True
2024-09-17 04:05:00,-21.82,107,-125,4.7900004,-31.954191,-61.395157,1.1391712,False,-14.62,-38.22925,-65.325005,-4.487079,True
2024-09-17 04:10:00,-9.67,107,-130,4.6199985,-22.396627,-56.515118,8.915613,True,-12.2,-30.672142,-60.45851,1.3768917,True
2024-09-17 04:15:00,2.4999998,107,-133,3.1699998,-12.322941,-53.191048,17.703075,True,-13.84,-22.55195,-56.924778,8.368206,True
2024-09-17 04:20:00,2.5300004,107,-141,-1.3300003,-11.131569,-52.043293,18.298649,True,-17.35,-20.85444,-55.74395,9.4882145,True
2024-09-17 04:25:00,1.9700009,107,-143,-4.8400006,-10.202106,-51.50918,19.07397,True,-18.73,-19.08916,-55.061726,11.054092,True
2024-09-17 04:30:00,-1.4,107,-140,-10.1,-11.661081,-51.56279,17.77494,True,-22.68,-19.270042,-54.982765,10.936924,True
2024-09-17 04:35:00,-2.4300005,107,-136,-11.1,-11.626553,-51.705887,18.002117,True,-24.55,-18.561836,-54.98566,11.790472,True
2024-09-17 04:40:00,-1.0500015,107,-136,-11.17,-10.378973,-51.74625,19.249844,True,-27.79,-17.486174,-55.025158,12.904774,True
2024-09-17 04:45:00,-3.1700003,107,-131,-10.67,-12.141234,-52.61498,17.595966,True,-32.68,-18.957718,-55.873634,11.523539,True
2024-09-17 04:50:00,-3.0499995,107,-125,-12.35,-13.078416,-53.279373,16.406487,True,-31.89,-20.614431,-56.69487,9.705322,True
2024-09-17 04:55:00,2.7399995,107,-123,-12.5,-9.36754,-52.822002,19.468052,True,-30.63,-18.526833,-56.399773,11.328873,True
2024-09-17 05:00:00,5.139999,107,-121,-15.3,-6.9385104,-51.089756,20.824429,True,-31.2,-16.21008,-54.655167,12.646362,True
2024-09-17 05:05:00,4.7900004,107,-122,-14.62,-6.8656974,-50.592907,20.43871,True,-28.4,-15.886891,-54.186092,12.512325,True
2024-09-17 05:10:00,4.6199985,107,-124,-12.2,-6.563976,-50.20622,20.076359,True,-24.22,-15.347887,-53.79124,12.409153,True
2024-09-17 05:15:00,3.1699998,107,-126,-13.84,-6.623793,-49.237232,19.536488,True,-21.87,-14.473667,-52.7257,12.722431,True
2024-09-17 05:20:00,-1.3300003,107,-127,-17.35,-8.531238,-48.09151,17.189236,True,-21.15,-14.455872,-51.26354,12.101973,True
2024-09-17 05:25:00,-4.8400006,107,-128,-18.73,-10.09975,-47.589565,15.143173,True,-19.6,-14.574216,-50.394848,11.353193,True
2024-09-17 05:30:00,-10.1,107,-129,-22.68,-13.224513,-48.241695,12.0431,True,-15.89,-16.00251,-50.503757,9.7354145,True
2024-09-17 05:35:00,-11.1,107,-132,-24.55,-12.86718,-47.55073,12.080736,True,-13.29,-14.5723915,-49.391136,10.714386,True
2024-09-17 05:40:00,-11.17,107,-132,-27.79,-12.381027,-47.27947,12.268978,True,-15.3,-13.640167,-48.942318,11.298101,True
2024-09-17 05:45:00,-10.67,107,-133,-32.68,-11.482714,-46.695583,12.813332,True,-19.79,-12.407834,-48.197308,12.138691,True
2024-09-17 05:50:00,-12.35,107,-134,-31.89,-12.648262,-47.19962,11.627398,True,-25.82,-13.129088,-48.482162,11.336884,True
2024-09-17 05:55:00,-12.5,107,-131,-30.63,-12.752316,-47.563072,11.467646,True,-32.91,-13.191671,-48.818363,11.21538,True
2024-09-17 06:00:00,-15.3,107,-127,-31.2,-14.823566,-47.943928,9.332575,True,-37.72,-14.623114,-48.850895,9.627672,True
2024-09-17 06:05:00,-14.62,107,-126,-28.4,-13.487632,-46.654613,10.241602,True,-40.59,-12.683515,-47.22344,11.04619,True
2024-09-17 06:10:00,-12.2,107,-125,-24.22,-10.721128,-45.73522,12.854134,True,-47.84,-9.580457,-46.156414,13.9286,False
2024-09-17 06:15:00,-13.84,107,-122,-21.87,-11.866427,-46.308624,11.751734,True,-48.250004,-10.250718,-46.444286,13.212185,False
2024-09-17 06:20:00,-17.35,107,-120,-21.15,-14.789229,-47.753456,9.153648,True,-44.74,-12.6380825,-47.492912,11.054369,True
2024-09-17 06:25:00,-18.73,107,-121,-19.6,-15.590618,-48.241833,8.564186,True,-49.82,-12.879779,-47.606842,10.911394,False
2024-09-17 06:30:00,-22.68,107,-118,-15.89,-19.331469,-50.22046,5.245134,True,-48.56,-16.439114,-49.323612,7.7442756,True
2024-09-17 06:35:00,-24.55,107,-118,-13.29,-21.072956,-51.44988,3.7247598,True,-52.08,-18.053885,-50.413208,6.3230453,False
2024-09-17 06:40:00,-27.79,107,-120,-15.3,-24.093292,-53.667873,1.2467076,True,-57.8,-20.881063,-52.395172,3.998594,False
2024-09-17 06:45:00,-32.68,107,-119,-19.79,-29.66281,-57.642838,-3.794697,True,-61.33,-27.1132,-56.677914,-1.5675777,False
2024-09-17 06:50:00,-31.89,107,-120,-25.82,-31.334038,-57.02726,-6.6116567,True,-60.23,-30.997677,-57.497845,-6.1632886,False
2024-09-17 06:55:00,-30.63,107,-121,-32.91,-29.792324,-61.768288,-2.3097193,True,-62.73,-29.213997,-62.17107,-1.7112907,False
2024-09-17 07:00:00,-31.2,107,-117,-37.72,-31.31347,-62.29146,-4.1103263,True,-62.02,-31.552275,-63.15359,-4.168484,True
2024-09-17 07:05:00,-28.4,107,-114,-40.59,-29.654415,-61.961063,-2.5152953,True,-54.91,-30.883175,-63.37229,-3.3764136,True
2024-09-17 07:10:00,-24.22,107,-112,-47.84,-26.015942,-63.07589,1.8380905,True,-52.37,-27.725775,-64.66028,0.58513993,True
2024-09-17 07:15:00,-21.87,107,-113,-48.250004,-23.233635,-63.56859,5.3233867,True,-56.2,-24.589905,-64.94955,4.359302,True
2024-09-17 07:20:00,-21.15,107,-112,-44.74,-24.533537,-67.19419,4.6567187,True,-57.02,-27.665407,-69.28513,2.2795732,True
2024-09-17 07:25:00,-19.6,107,-110,-49.82,-26.393124,-70.37839,3.3973138,True,-56.88,-32.26668,-73.48394,-1.1471027,True
2024-09-17 07:30:00,-15.89,107,-111,-48.56,-24.960634,-68.87746,4.2373557,True,-59.299995,-32.61405,-72.54716,-1.7867664,True
2024-09-17 07:35:00,-13.29,107,-114,-52.08,-24.130442,-67.547195,5.032087,True,-58.630005,-33.04598,-71.54807,-2.088959,True
2024-09-17 07:40:00,-15.3,107,-119,-57.8,-27.183302,-68.92207,3.0086324,True,-65.94001,-36.631348,-73.21075,-4.554315,True
2024-09-17 07:45:00,-19.79,107,-122,-61.33,-31.244328,-68.41435,-0.727053,True,-67.630005,-40.19941,-72.93892,-7.9048343,True
2024-09-17 07:50:00,-25.82,107,-124,-60.23,-36.9103,-71.608315,-4.899277,True,-68.23,-45.367638,-76.290726,-11.61139,True
2024-09-17 07:55:00,-32.91,107,-120,-62.73,-43.0244,-74.50116,-10.09277,True,-70.43,-50.58439,-79.193375,-16.035084,True
2024-09-17 08:00:00,-37.72,107,-122,-62.02,-47.325027,-76.5837,-14.218339,True,-74.38,-54.456486,-81.342834,-19.800282,True
2024-09-17 08:05:00,-40.59,107,-122,-54.91,-49.409943,-77.63834,-15.9641905,True,-73.72,-55.95492,-82.2112,-21.056982,True
2024-09-17 08:10:00,-47.84,107,-123,-52.37,-54.739857,-79.47291,-21.391489,True,-69.53,-59.79381,-83.49964,-25.233503,True
2024-09-17 08:15:00,-48.250004,107,-123,-56.2,-54.235413,-78.77413,-21.8006,True,-84.13,-58.606358,-82.304985,-25.135874,False
2024-09-17 08:20:00,-44.74,107,-122,-57.02,-50.710148,-75.21458,-19.518923,True,-92.21,-54.976204,-78.5292,-22.86137,False
2024-09-17 08:25:00,-49.82,107,-120,-56.88,-53.581,-75.4221,-23.331257,True,-92.41,-56.275253,-77.812096,-25.35567,False
2024-09-17 08:30:00,-48.56,107,-119,-59.299995,-51.854733,-74.287506,-22.589596,True,-89.51,-54.24166,-76.41937,-24.37231,False
2024-09-17 08:35:00,-52.08,107,-119,-58.630005,-53.60161,-76.42228,-24.180819,True,-88.73,-54.755283,-77.63737,-24.934494,False
2024-09-17 08:40:00,-57.8,107,-118,-65.94001,-56.061993,-79.34855,-25.965374,True,-90.43001,-54.868843,-78.631485,-24.844099,False
2024-09-17 08:45:00,-61.33,107,-115,-67.630005,-57.38297,-80.376076,-27.570845,True,-90.18,-54.601883,-78.21706,-25.207489,False
2024-09-17 08:50:00,-60.23,107,-115,-68.23,-55.584644,-78.38404,-26.963753,True,-85.44,-52.24765,-75.70019,-24.141226,False
2024-09-17 08:55:00,-62.73,107,-113,-70.43,-56.152393,-78.84078,-28.198006,True,-76.65,-51.333782,-74.673996,-24.18475,False
2024-09-17 09:00:00,-62.02,107,-114,-74.38,-56.10208,-79.041725,-28.726576,True,-79.3,-51.598156,-75.1272,-24.958626,False
2024-09-17 09:05:00,-54.91,107,-119,-73.72,-50.798294,-74.295074,-24.552168,True,-84.3,-47.556793,-71.666885,-21.753386,False
2024-09-17 09:10:00,-52.37,107,-122,-69.53,-48.94492,-72.39318,-23.175499,True,-85.39,-46.23461,-70.262184,-20.800367,False
2024-09-17 09:15:00,-56.2,107,-122,-84.13,-52.18817,-73.95454,-26.208569,False,-89.25,-49.02226,-71.309814,-23.474844,False
2024-09-17 09:20:00,-57.02,107,-121,-92.21,-53.598476,-74.00456,-28.365282,False,-91.14,-50.882397,-71.69211,-25.995733,False
2024-09-17 09:25:00,-56.88,107,-119,-92.41,-54.651203,-74.37594,-30.048574,False,-91.16,-52.864292,-72.87554,-28.434341,False
2024-09-17 09:30:00,-59.299995,107,-118,-89.51,-58.074085,-78.05455,-33.272835,False,-93.5,-57.05844,-77.23244,-32.29526,False
2024-09-17 09:35:00,-58.630005,107,-118,-88.73,-58.807114,-79.817696,-33.02359,False,-90.64,-58.894985,-79.995384,-32.936817,False
2024-09-17 09:40:00,-65.94001,107,-115,-90.43001,-65.92948,-86.82299,-38.312416,False,-82.46,-65.83774,-86.82123,-38.083073,True
2024-09-17 09:45:00,-67.630005,107,-115,-90.18,-67.96358,-88.06233,-40.093536,False,-79.67,-68.15122,-88.3099,-40.081303,True
2024-09-17 09:50:00,-68.23,107,-116,-85.44,-68.96325,-88.572464,-40.851032,True,-80.27,-69.48352,-89.12512,-41.096592,True
2024-09-17 09:55:00,-70.43,107,-118,-76.65,-70.684525,-89.16063,-42.68004,True,-79.02,-70.78575,-89.30312,-42.610645,True
2024-09-17 10:00:00,-74.38,107,-115,-79.3,-73.49691,-91.94425,-44.686043,True,-75.98,-72.62361,-91.11943,-43.87982,True
2024-09-17 10:05:00,-73.72,107,-115,-84.3,-72.64459,-90.89533,-44.260056,True,-81.83,-71.598656,-89.888374,-43.32583,True
2024-09-17 10:10:00,-69.53,107,-115,-85.39,-69.640305,-89.880066,-40.534225,True,-85.34,-69.6067,-89.85385,-40.385853,True
2024-09-17 10:15:00,-84.13,107,-114,-89.25,-83.310646,-105.29956,-49.19525,True,-86.9,-82.42906,-104.427376,-48.427513,True
2024-09-17 10:20:00,-92.21,107,-112,-91.14,-91.34051,-113.92831,-54.41412,True,-90.53,-90.36865,-112.944855,-53.59597,True
2024-09-17 10:25:00,-92.41,107,-115,-91.16,-92.333824,-114.83668,-54.933037,True,-85.56,-92.05331,-114.53676,-54.611324,True
2024-09-17 10:30:00,-89.51,107,-118,-93.5,-90.76044,-112.909996,-53.720055,True,-79.72,-91.67517,-113.77868,-54.246872,True
2024-09-17 10:35:00,-88.73,107,-119,-90.64,-90.519424,-111.48881,-54.043827,True,-78.270004,-91.90527,-112.81183,-54.911343,True
2024-09-17 10:40:00,-90.43001,107,-122,-82.46,-92.01725,-112.07305,-55.4442,True,-76.15001,-93.206825,-113.20461,-56.180363,True
2024-09-17 10:45:00,-90.18,107,-123,-79.67,-91.57784,-111.13874,-55.17237,True,-73.37,-92.58518,-112.080795,-55.787956,True
2024-09-17 10:50:00,-85.44,107,-123,-80.27,-87.57042,-107.21517,-51.690147,True,-72.04,-89.20231,-108.73816,-52.76016,True
2024-09-17 10:55:00,-76.65,107,-124,-79.02,-78.9943,-97.3726,-45.73686,True,-71.54,-80.741486,-98.95284,-46.932037,True
2024-09-17 11:00:00,-79.3,107,-123,-75.98,-81.14732,-99.62798,-46.751915,True,-68.81,-82.47411,-100.80868,-47.63566,True
2024-09-17 11:05:00,-84.3,107,-120,-81.83,-83.444405,-101.073006,-48.56169,True,-66.27,-82.59984,-100.10078,-47.872795,True
2024-09-17 11:10:00,-85.39,107,-120,-85.34,-82.46161,-99.86804,-47.84262,True,-67.69,-80.01946,-97.253494,-45.990932,True
2024-09-17 11:15:00,-89.25,107,-122,-86.9,-84.082695,-101.98507,-49.199284,True,-68.85,-79.87668,-97.502625,-46.063076,True
2024-09-17 11:20:00,-91.14,107,-124,-90.53,-84.60347,-102.950485,-50.006683,True,-72.7,-79.28008,-97.2628,-46.041546,True
2024-09-17 11:25:00,-91.16,107,-124,-85.56,-83.56586,-102.12964,-49.922764,True,-72.84,-77.41479,-95.54551,-45.320408,True
2024-09-17 11:30:00,-93.5,107,-120,-79.72,-84.32633,-103.521515,-51.116028,True,-69.45,-76.96777,-95.6091,-45.62182,True
2024-09-17 11:35:00,-90.64,107,-110,-78.270004,-81.01459,-100.502014,-49.356106,True,-70.97,-73.35489,-92.30235,-43.59133,True
2024-09-17 11:40:00,-82.46,107,-106,-76.15001,-73.78273,-92.71573,-45.001118,True,-70.64001,-66.926346,-85.48965,-39.729767,True
2024-09-17 11:45:00,-79.67,107,-105,-73.37,-70.34447,-89.9312,-42.307457,True,-68.27,-63.050247,-82.308556,-36.663883,True
2024-09-17 11:50:00,-80.27,107,-104,-72.04,-70.29919,-90.63067,-42.65197,True,-65.1,-62.42296,-82.360916,-36.546833,True
2024-09-17 11:55:00,-79.02,107,-101,-71.54,-68.950455,-88.98208,-41.805714,True,-66.85,-61.001858,-80.64032,-35.612213,True
2024-09-17 12:00:00,-75.98,107,-98,-68.81,-65.94002,-85.75481,-39.039207,True,-71.6,-58.10532,-77.63305,-32.899704,True
2024-09-17 12:05:00,-81.83,107,-96,-66.27,-71.03138,-90.44817,-43.602856,True,-74.48,-62.524483,-81.44796,-36.99901,True
2024-09-17 12:10:00,-85.34,107,-95,-67.69,-73.547874,-93.97308,-44.17069,True,-76.24,-64.36973,-84.27431,-37.16268,True
2024-09-17 12:15:00,-86.9,107,-94,-68.85,-74.16144,-94.98691,-44.687824,True,-75.44,-64.29139,-84.50877,-37.15767,True
2024-09-17 12:20:00,-90.53,107,-93,-72.7,-76.97797,-98.55919,-47.017086,True,-73.56,-66.40366,-87.209625,-39.012295,True
2024-09-17 12:25:00,-85.56,107,-90,-72.84,-72.80522,-94.90328,-43.770035,True,-75.03,-62.9125,-84.420906,-36.26875,True
2024-09-17 12:30:00,-79.72,107,-88,-69.45,-68.20353,-90.46482,-40.23772,True,-74.7,-59.28802,-81.17583,-33.444138,True
2024-09-17 12:35:00,-78.270004,107,-85,-70.97,-67.22749,-90.106964,-39.189743,True,-81.57,-58.615345,-81.18824,-32.66474,False
2024-09-17 12:40:00,-76.15001,107,-86,-70.64001,-67.07434,-91.11508,-38.44057,True,-90.22,-59.872604,-83.74857,-33.07952,False
2024-09-17 12:45:00,-73.37,107,-87,-68.27,-66.77157,-91.46375,-37.47156,True,-98.35,-61.45177,-86.0641,-33.59162,False
2024-09-17 12:50:00,-72.04,107,-88,-65.1,-67.8989,-92.9703,-37.687103,True,-98.94,-64.478134,-89.43066,-35.263645,False
2024-09-17 12:55:00,-71.54,107,-88,-66.85,-69.819336,-95.017654,-38.493786,True,-94.95,-68.29527,-93.25111,-37.47386,False
2024-09-17 13:00:00,-68.81,107,-83,-71.6,-70.39569,-94.91349,-38.593853,True,-84.63,-71.48945,-95.50493,-39.44045,True
2024-09-17 13:05:00,-66.27,107,-83,-74.48,-71.735725,-97.14495,-38.176804,True,-82.09,-75.87306,-100.33094,-41.129105,True
2024-09-17 13:10:00,-67.69,107,-85,-76.24,-76.01267,-101.68162,-39.92984,True,-81.51,-82.361534,-106.79615,-44.30389,True
2024-09-17 13:15:00,-68.85,107,-84,-75.44,-78.840675,-101.88789,-42.06386,True,-82.64,-86.4155,-108.16067,-47.296707,True
2024-09-17 13:20:00,-72.7,107,-85,-73.56,-84.13255,-105.70025,-45.163914,True,-82.65,-92.882774,-113.20882,-51.127857,True
2024-09-17 13:25:00,-72.84,107,-87,-75.03,-86.26253,-107.26005,-45.88296,True,-81.68,-96.44346,-116.0852,-52.79081,True
2024-09-17 13:30:00,-69.45,107,-89,-74.7,-84.60691,-104.663925,-44.43523,True,-81.22,-95.7694,-114.27302,-52.132942,True
2024-09-17 13:35:00,-70.97,107,-91,-81.57,-84.745155,-102.359314,-44.84645,True,-84.09,-94.38851,-110.76588,-51.61543,True
2024-09-17 13:40:00,-70.64001,107,-93,-90.22,-83.436646,-100.24493,-43.53034,True,-76.37,-92.04859,-107.742775,-49.63743,True
2024-09-17 13:45:00,-68.27,107,-94,-98.35,-80.748665,-97.38357,-41.13589,False,-74.38,-88.91816,-104.40218,-46.991947,True
2024-09-17 13:50:00,-65.1,107,-95,-98.94,-77.06647,-92.88472,-38.632103,False,-69.04,-84.69984,-99.33694,-44.214172,True
2024-09-17 13:55:00,-66.85,107,-97,-94.95,-76.71289,-92.06743,-38.665356,False,-64.98,-82.99248,-97.35999,-43.27035,True
2024-09-17 14:00:00,-71.6,107,-98,-84.63,-77.96655,-92.93749,-40.039864,True,-64.17,-81.98379,-96.24667,-42.985943,True
2024-09-17 14:05:00,-74.48,107,-100,-82.09,-77.30804,-91.9109,-40.188828,True,-65.23,-78.94975,-92.97628,-41.41759,True
2024-09-17 14:10:00,-76.24,107,-101,-81.51,-75.77212,-90.285286,-39.63363,True,-65.82,-75.307365,-89.28581,-39.33206,True
2024-09-17 14:15:00,-75.44,107,-102,-82.64,-72.270676,-87.745224,-37.52814,True,-66.47,-70.14034,-85.09774,-36.00198,True
2024-09-17 14:20:00,-73.56,107,-102,-82.65,-68.87625,-84.58767,-35.702446,True,-65.63,-65.89275,-81.11375,-33.511105,True
2024-09-17 14:25:00,-75.03,107,-100,-81.68,-67.37358,-84.008095,-35.23404,True,-62.72,-62.613228,-78.747925,-31.699024,True
2024-09-17 14:30:00,-74.7,107,-100,-81.22,-65.38785,-82.39162,-34.526516,True,-65.04,-59.66613,-76.177376,-30.22366,True
2024-09-17 14:35:00,-81.57,107,-99,-84.09,-69.17611,-87.11986,-38.571556,True,-66.99,-61.35818,-78.51762,-32.748028,True
2024-09-17 14:40:00,-90.22,107,-97,-76.37,-75.088295,-94.51365,-43.490486,True,-68.37,-65.259186,-83.44772,-36.274113,True
2024-09-17 14:45:00,-98.35,107,-96,-74.38,-81.61302,-102.8036,-48.68556,True,-67.34,-70.29081,-89.84848,-40.488464,True
2024-09-17 14:50:00,-98.94,107,-95,-69.04,-83.20585,-105.13538,-49.98443,True,-67.17,-72.2166,-92.5644,-42.106613,True
2024-09-17 14:55:00,-94.95,107,-94,-64.98,-80.97785,-101.87482,-48.93094,True,-66.71,-71.15215,-90.66187,-41.868828,True
2024-09-17 15:00:00,-84.63,107,-94,-64.17,-74.53492,-94.06275,-44.65215,True,-66.96,-67.37711,-85.98392,-39.488716,True
2024-09-17 15:05:00,-82.09,107,-94,-65.23,-73.988556,-92.84886,-44.3429,True,-66.48,-68.114914,-86.17966,-40.144653,True
2024-09-17 15:10:00,-81.51,107,-92,-65.82,-75.0684,-93.88096,-44.670147,True,-67.51,-70.303345,-88.39605,-41.335556,True
2024-09-17 15:15:00,-82.64,107,-91,-66.47,-77.782906,-96.73032,-45.753662,True,-68.72,-74.072914,-92.3425,-43.24767,True
2024-09-17 15:20:00,-82.65,107,-89,-65.63,-79.71961,-98.60389,-46.118374,True,-72.0,-77.35798,-95.60882,-44.616257,True
2024-09-17 15:25:00,-81.68,107,-88,-62.72,-80.78638,-98.57691,-46.234844,True,-75.62,-79.89587,-97.08254,-45.781155,True
2024-09-17 15:30:00,-81.22,107,-88,-65.04,-81.82478,-98.791725,-46.41241,True,-76.1,-82.011246,-98.37869,-46.720436,True
2024-09-17 15:35:00,-84.09,107,-89,-66.99,-85.347466,-102.20373,-48.096966,True,-74.01,-85.995964,-102.25412,-48.728016,True
2024-09-17 15:40:00,-76.37,107,-88,-68.37,-80.599754,-96.48825,-44.148163,True,-71.27,-83.33414,-98.53982,-46.253975,True
2024-09-17 15:45:00,-74.38,107,-89,-67.34,-79.96361,-95.67311,-43.07584,True,-69.26,-83.60185,-98.56131,-45.81889,True
2024-09-17 15:50:00,-69.04,107,-89,-67.17,-76.90944,-92.35422,-40.224205,True,-66.4,-82.00379,-96.495186,-44.035122,True
2024-09-17 15:55:00,-64.98,107,-90,-66.71,-74.670395,-89.97018,-38.06425,True,-65.3,-80.86921,-95.000465,-42.707558,True
2024-09-17 16:00:00,-64.17,107,-89,-66.96,-74.56461,-89.58948,-37.64985,True,-60.6,-81.155304,-94.94454,-42.585224,True
2024-09-17 16:05:00,-65.23,107,-90,-66.48,-75.48551,-89.97521,-38.143337,True,-58.89,-81.9661,-95.289444,-42.986763,True
2024-09-17 16:10:00,-65.82,107,-90,-67.51,-75.90187,-89.412704,-38.426273,True,-56.830006,-82.28041,-94.70041,-43.20534,True
2024-09-17 16:15:00,-66.47,107,-90,-68.72,-76.118004,-89.27858,-38.656693,True,-55.95,-82.150185,-94.28262,-43.188385,True
2024-09-17 16:20:00,-65.63,107,-90,-72.0,-75.19444,-88.456375,-37.938534,True,-56.2,-81.11451,-93.3334,-42.40207,True
2024-09-17 16:25:00,-62.72,107,-89,-75.62,-72.8155,-86.186646,-36.050625,True,-55.939995,-78.96866,-91.17033,-40.72799,True
2024-09-17 16:30:00,-65.04,107,-91,-76.1,-73.7552,-86.90422,-36.71984,True,-57.37,-78.98899,-91.125984,-40.6965,True
2024-09-17 16:35:00,-66.99,107,-91,-74.01,-74.4513,-87.25661,-37.274525,True,-57.340004,-78.86147,-90.785904,-40.632282,True
2024-09-17 16:40:00,-68.37,107,-92,-71.27,-74.804924,-87.51586,-37.501316,True,-56.67,-78.556244,-90.45743,-40.365475,True
2024-09-17 16:45:00,-67.34,107,-92,-69.26,-73.37696,-86.06698,-36.39431,True,-56.82,-76.838165,-88.716286,-39.055138,True
2024-09-17 16:50:00,-67.17,107,-92,-66.4,-72.438896,-85.09095,-35.75536,True,-57.91,-75.398254,-87.260635,-38.051205,True
2024-09-17 16:55:00,-66.71,107,-92,-65.3,-71.28818,-84.31532,-34.82647,True,-58.45,-73.81687,-86.05833,-36.804283,True
2024-09-17 17:00:00,-66.96,107,-94,-60.6,-70.881165,-84.24673,-34.43591,True,-57.1,-73.01205,-85.613205,-36.11417,True
2024-09-17 17:05:00,-66.48,107,-94,-58.89,-69.88683,-83.36168,-33.78465,True,-55.25,-71.70731,-84.435104,-35.23395,True
2024-09-17 17:10:00,-67.51,107,-93,-56.830006,-69.88565,-82.90283,-34.11997,True,-53.28,-71.09908,-83.432106,-35.123093,True
2024-09-17 17:15:00,-68.72,107,-93,-55.95,-69.88488,-83.15768,-34.40486,True,-52.29,-70.38032,-83.021164,-34.877556,True
2024-09-17 17:20:00,-72.0,107,-94,-56.2,-71.483475,-85.08013,-35.804295,True,-50.41,-70.9771,-83.98519,-35.541702,True
2024-09-17 17:25:00,-75.62,107,-94,-55.939995,-73.73429,-87.66012,-37.389225,True,-48.5,-72.40066,-85.747925,-36.533916,True
2024-09-17 17:30:00,-76.1,107,-94,-57.37,-73.87238,-87.07395,-37.69282,True,-47.55,-72.3417,-84.975395,-36.68925,True
2024-09-17 17:35:00,-74.01,107,-94,-57.340004,-72.01332,-85.444695,-36.324375,True,-45.96,-70.630974,-83.50571,-35.419197,True
2024-09-17 17:40:00,-71.27,107,-94,-56.67,-70.1363,-83.1326,-35.04723,True,-46.7,-69.271324,-81.716705,-34.508617,True
2024-09-17 17:45:00,-69.26,107,-94,-56.82,-68.55965,-81.43612,-34.02545,True,-46.52,-67.94951,-80.27469,-33.66902,True
2024-09-17 17:50:00,-66.4,107,-94,-57.91,-66.2928,-78.58132,-32.71472,True,-44.91,-66.029495,-77.76588,-32.61207,True
2024-09-17 17:55:00,-65.3,107,-94,-58.45,-64.88378,-76.84007,-31.98562,True,-43.35,-64.43793,-75.854576,-31.74456,True
2024-09-17 18:00:00,-60.6,107,-94,-57.1,-60.932953,-73.46544,-29.140501,True,-43.16,-60.92404,-72.88541,-29.232016,True
2024-09-17 18:05:00,-58.89,107,-93,-55.25,-59.253788,-73.02634,-27.583872,True,-42.42,-59.265488,-72.454094,-27.690912,True
2024-09-17 18:10:00,-56.830006,107,-93,-53.28,-57.7174,-71.4444,-26.376045,True,-40.820004,-58.035286,-71.14744,-26.721344,True
2024-09-17 18:15:00,-55.95,107,-92,-52.29,-56.86697,-70.601974,-25.720345,True,-40.14,-57.19955,-70.31337,-26.077019,True
2024-09-17 18:20:00,-56.2,107,-92,-50.41,-57.028046,-70.48608,-25.991877,True,-40.04,-57.307278,-70.16164,-26.304544,True
2024-09-17 18:25:00,-55.939995,107,-92,-48.5,-56.996044,-70.57386,-25.933693,True,-38.93,-57.41156,-70.37873,-26.35077,True
2024-09-17 18:30:00,-57.37,107,-92,-47.55,-58.14288,-71.880295,-26.512909,True,-37.91,-58.38819,-71.54838,-26.791492,True
2024-09-17 18:35:00,-57.340004,107,-92,-45.96,-58.12325,-71.56117,-26.381628,True,-37.88,-58.36731,-71.23049,-26.657341,True
2024-09-17 18:40:00,-56.67,107,-91,-46.7,-57.61892,-70.855705,-25.931322,True,-37.86,-57.95798,-70.61734,-26.278654,True
2024-09-17 18:45:00,-56.82,107,-91,-46.52,-57.871136,-71.12241,-25.993393,True,-37.87,-58.266315,-70.93972,-26.38163,True
2024-09-17 18:50:00,-57.91,107,-91,-44.91,-58.992172,-72.03464,-26.749739,True,-39.85,-59.403492,-71.88376,-27.146889,True
2024-09-17 18:55:00,-58.45,107,-91,-43.35,-59.3862,-72.85967,-26.78372,True,-41.370003,-59.711727,-72.64166,-27.11102,True
2024-09-17 19:00:00,-57.1,107,-90,-43.16,-58.755367,-71.57872,-26.433933,True,-40.86,-59.50641,-71.74136,-27.092577,True
2024-09-17 19:05:00,-55.25,107,-89,-42.42,-57.404842,-69.94198,-25.461422,True,-34.87,-58.44226,-70.34483,-26.349106,True
2024-09-17 19:10:00,-53.28,107,-88,-40.820004,-55.945126,-68.81238,-24.071253,True,-31.78,-57.278362,-69.44589,-25.196869,True
2024-09-17 19:15:00,-52.29,107,-87,-40.14,-55.06693,-68.59654,-22.99098,True,-31.41,-56.467155,-69.26874,-24.168093,True
2024-09-17 19:20:00,-50.41,107,-86,-40.04,-53.877018,-68.55262,-21.389597,True,-35.05,-55.69215,-69.520424,-22.893255,True
2024-09-17 19:25:00,-48.5,107,-84,-38.93,-52.504875,-67.0999,-20.232687,True,-39.94,-54.63733,-68.29269,-22.0005,True
2024-09-17 19:30:00,-47.55,107,-84,-37.91,-51.670868,-66.32459,-19.38936,True,-40.73,-53.868713,-67.55373,-21.216913,True
2024-09-17 19:35:00,-45.96,107,-83,-37.88,-50.484596,-65.5077,-18.164705,True,-32.79,-52.916748,-66.883545,-20.191488,True
2024-09-17 19:40:00,-46.7,107,-84,-37.86,-51.01572,-65.88259,-18.409842,True,-22.34,-53.317215,-67.18114,-20.325571,True
2024-09-17 19:45:00,-46.52,107,-83,-37.87,-50.795742,-65.88413,-17.902372,True,-18.12,-53.05813,-67.1493,-19.788063,False
2024-09-17 19:50:00,-44.91,107,-81,-39.85,-49.768364,-64.81436,-16.971514,True,-15.2,-52.37179,-66.3113,-19.150003,False
2024-09-17 19:55:00,-43.35,107,-81,-41.370003,-48.567795,-63.39376,-15.998638,True,-11.15,-51.39508,-65.0406,-18.379644,False
2024-09-17 20:00:00,-43.16,107,-82,-40.86,-48.232853,-62.559986,-15.902469,True,-2.5800002,-50.94475,-64.1321,-18.205334,False
2024-09-17 20:05:00,-42.42,107,-82,-34.87,-47.454197,-61.10447,-15.430811,True,-9.39,-50.143764,-62.66514,-17.73751,False
2024-09-17 20:10:00,-40.820004,107,-81,-31.78,-45.87178,-59.310917,-14.349158,True,-13.91,-48.542515,-60.82454,-16.678827,False
2024-09-17 20:15:00,-40.14,107,-80,-31.41,-44.63615,-57.874165,-13.603227,True,-14.74,-46.97922,-59.149597,-15.684193,False
2024-09-17 20:20:00,-40.04,107,-80,-35.05,-44.291054,-57.001774,-13.687985,True,-15.15,-46.487564,-58.197777,-15.66203,False
2024-09-17 20:25:00,-38.93,107,-79,-39.94,-44.020805,-55.449543,-14.369762,True,-17.72,-46.7135,-57.054897,-16.799427,True
2024-09-17 20:30:00,-37.91,107,-78,-40.73,-43.736763,-53.789467,-15.165237,True,-21.47,-46.878426,-55.784805,-18.015001,True
2024-09-17 20:35:00,-37.88,107,-78,-32.79,-43.589664,-53.102043,-15.6566,True,-26.85,-46.705563,-55.139668,-18.489365,True
2024-09-17 20:40:00,-37.86,107,-79,-22.34,-43.438114,-52.471535,-16.074663,True,-32.75,-46.522858,-54.53833,-18.87829,True
2024-09-17 20:45:00,-37.87,107,-79,-18.12,-43.037163,-51.801533,-16.14585,True,-34.97,-45.934628,-53.76762,-18.778656,True
2024-09-17 20:50:00,-39.85,107,-80,-15.2,-43.709053,-52.145924,-17.269096,False,-36.52,-45.875866,-53.623302,-19.23586,True
2024-09-17 20:55:00,-41.370003,107,-81,-11.15,-44.060104,-52.280457,-18.097511,False,-37.41,-45.53725,-53.24705,-19.449867,True
2024-09-17 21:00:00,-40.86,107,-81,-2.5800002,-42.82517,-51.144966,-17.542341,False,-37.08,-43.874,-51.765255,-18.519316,True
2024-09-17 21:05:00,-34.87,107,-79,-9.39,-37.902298,-46.733444,-13.943145,False,-35.38,-39.675297,-47.853416,-15.568641,True
2024-09-17 21:10:00,-31.78,107,-80,-13.91,-34.984505,-44.016903,-12.141498,True,-34.25,-36.921947,-45.220665,-13.920871,True
2024-09-17 21:15:00,-31.41,107,-79,-14.74,-33.848225,-42.913197,-11.885353,True,-30.86,-35.32401,-43.792667,-13.254041,True
2024-09-17 21:20:00,-35.05,107,-79,-15.15,-35.974533,-44.5541,-14.248559,True,-25.65,-36.42694,-44.705753,-14.713205,True
2024-09-17 21:25:00,-39.94,107,-78,-17.72,-39.494823,-47.55399,-17.476791,True,-27.15,-39.00627,-46.976456,-17.125963,True
2024-09-17 21:30:00,-40.73,107,-79,-21.47,-40.0798,-48.041527,-18.254356,True,-28.29,-39.451027,-47.364418,-17.783236,True
2024-09-17 21:35:00,-32.79,107,-78,-26.85,-33.77524,-42.6818,-13.230717,True,-27.58,-34.32109,-42.94203,-13.772858,True
2024-09-17 21:40:00,-22.34,107,-77,-32.75,-24.984016,-35.784454,-5.846688,True,-27.39,-26.833462,-36.901234,-7.5272384,True
2024-09-17 21:45:00,-18.12,107,-78,-34.97,-21.145725,-32.674538,-2.957888,False,-29.22,-23.35974,-34.00085,-4.9499583,True
2024-09-17 21:50:00,-15.2,107,-77,-36.52,-18.044058,-31.070642,0.15963523,False,-29.72,-20.153015,-32.26093,-1.7229961,True
2024-09-17 21:55:00,-11.15,107,-76,-37.41,-14.058354,-29.910511,4.518144,False,-29.26,-16.2631,-31.04119,2.5886877,True
2024-09-17 22:00:00,-2.5800002,107,-74,-37.08,-6.1318383,-26.381304,11.782869,False,-29.23,-8.924451,-27.631517,9.412954,False
2024-09-17 22:05:00,-9.39,107,-73,-35.38,-11.994882,-28.956114,6.3484893,False,-30.91,-13.997018,-29.959436,4.6177382,False
2024-09-17 22:10:00,-13.91,107,-73,-34.25,-15.8148985,-30.7099,2.738981,False,-30.65,-17.235077,-31.475416,1.4858166,True
2024-09-17 22:15:00,-14.74,107,-72,-30.86,-16.459112,-30.600986,1.7516724,False,-29.4,-17.741093,-31.325022,0.61328477,True
2024-09-17 22:20:00,-15.15,107,-71,-25.65,-16.560816,-30.028223,1.391832,True,-29.02,-17.597303,-30.631325,0.4549462,True
2024-09-17 22:25:00,-17.72,107,-71,-27.15,-18.801971,-30.610407,-1.1897281,True,-27.9,-19.572187,-31.098658,-1.9130367,True
2024-09-17 22:30:00,-21.47,107,-71,-28.29,-21.939928,-32.359188,-4.3114944,True,-30.06,-22.203125,-32.533504,-4.6099715,True
2024-09-17 22:35:00,-26.85,107,-71,-27.58,-26.914434,-36.405872,-8.3373995,True,-31.98,-26.854975,-36.364746,-8.356929,True
2024-09-17 22:40:00,-32.75,107,-72,-27.39,-32.085667,-40.850914,-12.482157,True,-30.87,-31.453077,-40.364895,-12.005989,True
2024-09-17 22:45:00,-34.97,107,-73,-29.22,-34.084984,-42.348446,-14.300489,True,-28.85,-33.293537,-41.738655,-13.684712,True
2024-09-17 22:50:00,-36.52,107,-72,-29.72,-35.250923,-43.260685,-15.452627,True,-30.06,-34.1647,-42.406013,-14.581883,True
2024-09-17 22:55:00,-37.41,107,-72,-29.26,-35.824272,-43.933323,-15.758945,True,-30.05,-34.49372,-42.88255,-14.674342,True
2024-09-17 23:00:00,-37.08,107,-72,-29.23,-35.623333,-43.356873,-16.23927,True,-28.45,-34.402397,-42.405437,-15.247648,True
2024-09-17 23:05:00,-35.38,107,-70,-30.91,-34.215088,-41.854008,-15.51603,True,-25.22,-33.22557,-41.116745,-14.720756,True
2024-09-17 23:10:00,-34.25,107,-68,-30.65,-33.146027,-41.15996,-14.311046,True,-22.41,-32.202633,-40.48806,-13.5513315,True
2024-09-17 23:15:00,-30.86,107,-64,-29.4,-29.944296,-38.881832,-11.079054,True,-26.16,-29.13304,-38.356087,-10.4326105,True
2024-09-17 23:20:00,-25.65,107,-61,-29.02,-25.288074,-35.173523,-7.004047,True,-32.29,-24.911043,-35.0204,-6.73282,True
2024-09-17 23:25:00,-27.15,107,-60,-27.9,-26.60235,-36.1196,-8.325816,True,-34.13,-26.085314,-35.869404,-7.931022,True
2024-09-17 23:30:00,-28.29,107,-60,-30.06,-27.416666,-36.765537,-9.274556,True,-29.79,-26.636919,-36.313446,-8.650785,True
2024-09-17 23:35:00,-27.58,107,-59,-31.98,-26.741093,-35.999596,-9.092834,True,-25.06,-25.991133,-35.58208,-8.492818,True
2024-09-17 23:40:00,-27.39,107,-59,-30.87,-26.469051,-35.800266,-8.958466,True,-20.57,-25.652891,-35.343796,-8.298698,True
2024-09-17 23:45:00,-29.22,107,-60,-28.85,-27.97592,-37.208252,-10.262091,True,-17.85,-26.899193,-36.5431,-9.374821,True
2024-09-17 23:50:00,-29.72,107,-60,-30.06,-28.340134,-37.386864,-10.975813,True,-18.92,-27.154144,-36.636417,-9.991874,True
2024-09-17 23:55:00,-29.26,107,-62,-30.05,-28.063974,-36.867012,-11.232912,True,-23.31,-27.038912,-36.255672,-10.38378,True
2024-09-18 00:00:00,-29.23,107,-64,-28.45,-28.243511,-36.742527,-11.807683,True,-25.95,-27.408134,-36.295322,-11.117593,True
2024-09-18 00:05:00,-30.91,107,-65,-25.22,-29.894194,-38.065666,-13.407259,True,-25.83,-29.053503,-37.61603,-12.708092,True
2024-09-18 00:10:00,-30.65,107,-65,-22.41,-29.778553,-37.89143,-13.411996,True,-25.66,-29.067564,-37.567257,-12.820931,True
2024-09-18 00:15:00,-29.4,107,-63,-26.16,-28.665174,-37.01776,-12.385238,True,-27.08,-28.068512,-36.806572,-11.889067,True
2024-09-18 00:20:00,-29.02,107,-61,-32.29,-28.509142,-36.747265,-12.467452,True,-28.26,-28.111147,-36.710815,-12.139394,True
2024-09-18 00:25:00,-27.9,107,-61,-34.13,-27.869465,-35.90967,-12.232493,True,-28.43,-27.889442,-36.22991,-12.263076,True
2024-09-18 00:30:00,-30.06,107,-62,-29.79,-29.918385,-37.679314,-14.029911,True,-30.07,-29.860716,-37.94462,-13.988792,True
2024-09-18 00:35:00,-31.98,107,-63,-25.06,-31.681604,-39.312817,-15.438127,True,-30.91,-31.507238,-39.493946,-15.291675,True
2024-09-18 00:40:00,-30.87,107,-60,-20.57,-30.671764,-38.522972,-14.516096,True,-32.21,-30.583763,-38.786633,-14.44008,True
2024-09-18 00:45:00,-28.85,107,-59,-17.85,-28.88516,-36.812855,-13.30771,True,-34.74,-28.998108,-37.2564,-13.401911,True
2024-09-18 00:50:00,-30.06,107,-62,-18.92,-30.063978,-37.54161,-14.941132,True,-36.61,-30.165003,-37.974617,-15.019633,True
2024-09-18 00:55:00,-30.05,107,-63,-23.31,-30.1667,-37.41361,-15.604864,True,-36.75,-30.374594,-37.94503,-15.7707815,True
2024-09-18 01:00:00,-28.45,107,-64,-25.95,-28.743633,-36.08439,-14.694284,True,-37.850002,-29.106363,-36.748966,-14.988572,False
2024-09-18 01:05:00,-25.22,107,-63,-25.83,-25.715631,-33.480286,-12.312435,True,-39.61,-26.25044,-34.291744,-12.749883,False
2024-09-18 01:10:00,-22.41,107,-62,-25.66,-22.93883,-31.201145,-10.028613,True,-39.85,-23.499208,-32.03707,-10.479354,False
2024-09-18 01:15:00,-26.16,107,-64,-27.08,-26.545668,-34.09705,-13.644223,True,-37.94,-27.002047,-34.85668,-13.998821,False
2024-09-18 01:20:00,-32.29,107,-66,-28.26,-32.14323,-39.18917,-18.632524,True,-36.86,-32.16691,-39.584778,-18.599867,True
2024-09-18 01:25:00,-34.13,107,-70,-28.43,-33.738567,-40.808453,-20.019077,True,-35.84,-33.56194,-41.026398,-19.803883,True
2024-09-18 01:30:00,-29.79,107,-68,-30.07,-29.46304,-37.12757,-16.500996,True,-35.08,-29.32032,-37.390217,-16.305101,True
2024-09-18 01:35:00,-25.06,107,-66,-30.91,-25.038065,-33.09028,-13.133748,True,-35.01,-25.147583,-33.578724,-13.147637,False
2024-09-18 01:40:00,-20.57,107,-66,-32.21,-20.64254,-29.250048,-9.573889,False,-34.52,-20.815735,-29.799526,-9.631656,False
2024-09-18 01:45:00,-17.85,107,-68,-34.74,-17.944992,-26.887619,-7.5455575,False,-34.23,-18.125109,-27.443382,-7.5975738,False
2024-09-18 01:50:00,-18.92,107,-70,-36.61,-18.698694,-27.69035,-8.293328,False,-34.31,-18.589628,-28.017675,-8.082014,False
2024-09-18 01:55:00,-23.31,107,-71,-36.75,-23.227741,-31.545843,-12.430981,False,-34.24,-23.28389,-32.006332,-12.362784,False
2024-09-18 02:00:00,-25.95,107,-70,-37.850002,-25.970655,-33.91713,-14.914156,False,-33.58,-26.143753,-34.475334,-14.9446335,True
2024-09-18 02:05:00,-25.83,107,-68,-39.61,-25.838917,-33.91973,-14.747604,False,-33.13,-26.005596,-34.477047,-14.764077,True
2024-09-18 02:10:00,-25.66,107,-67,-39.85,-25.584747,-33.78712,-14.71719,False,-32.75,-25.675085,-34.276188,-14.656897,True
2024-09-18 02:15:00,-27.08,107,-65,-37.94,-27.027006,-34.995636,-16.424908,False,-32.64,-27.153181,-35.51191,-16.384758,True
2024-09-18 02:20:00,-28.26,107,-64,-36.86,-28.0995,-35.97892,-17.852999,False,-31.95,-28.13585,-36.402344,-17.72239,True
2024-09-18 02:25:00,-28.43,107,-64,-35.84,-28.181652,-36.109104,-18.396313,True,-30.67,-28.138992,-36.455223,-18.181715,True
2024-09-18 02:30:00,-30.07,107,-64,-35.08,-29.66376,-37.48585,-20.194763,True,-29.36,-29.487238,-37.695847,-19.847162,True
2024-09-18 02:35:00,-30.91,107,-65,-35.01,-30.334198,-38.185055,-21.2445,True,-28.03,-30.00611,-38.244026,-20.74778,True
2024-09-18 02:40:00,-32.21,107,-65,-34.52,-31.661354,-39.430584,-22.759262,True,-27.07,-31.37112,-39.511444,-22.286396,True
2024-09-18 02:45:00,-34.74,107,-65,-34.23,-34.056583,-41.884426,-24.771835,True,-26.06,-33.65655,-41.862213,-24.197329,True
2024-09-18 02:50:00,-36.61,107,-64,-34.31,-35.506054,-43.650784,-25.885149,True,-25.3,-34.71795,-43.27161,-24.961693,True
2024-09-18 02:55:00,-36.75,107,-62,-34.24,-36.068764,-43.94706,-26.72582,True,-25.03,-35.682995,-43.935,-26.144857,False
2024-09-18 03:00:00,-37.850002,107,-61,-33.58,-37.34568,-45.08263,-27.989769,True,-24.85,-37.13736,-45.228516,-27.55721,False
2024-09-18 03:05:00,-39.61,107,-61,-33.13,-39.17015,-46.862892,-29.674963,True,-24.85,-39.03531,-47.0737,-29.301924,False
2024-09-18 03:10:00,-39.85,107,-59,-32.75,-39.481735,-47.207363,-29.876501,True,-25.01,-39.414238,-47.485207,-29.555998,False
2024-09-18 03:15:00,-37.94,107,-58,-32.64,-37.430634,-45.5847,-27.715084,True,-24.71,-37.20932,-45.738834,-27.248953,False
2024-09-18 03:20:00,-36.86,107,-58,-31.95,-36.833565,-44.670876,-27.332846,True,-24.72,-37.060585,-45.245197,-27.253082,False
2024-09-18 03:25:00,-35.84,107,-58,-30.67,-35.88304,-43.803093,-26.366726,True,-24.38,-36.16737,-44.436474,-26.329544,False
2024-09-18 03:30:00,-35.08,107,-58,-29.36,-34.599815,-43.162018,-24.666628,True,-24.16,-34.374416,-43.353355,-24.168081,False
2024-09-18 03:35:00,-35.01,107,-58,-28.03,-34.591797,-43.237778,-24.580877,True,-24.37,-34.417767,-43.48126,-24.123384,True
2024-09-18 03:40:00,-34.52,107,-58,-27.07,-34.508095,-42.95176,-24.617266,True,-24.17,-34.71955,-43.546776,-24.494043,False
2024-09-18 03:45:00,-34.23,107,-57,-26.06,-34.468662,-42.805447,-24.573465,True,-23.88,-34.9153,-43.617355,-24.65284,False
2024-09-18 03:50:00,-34.31,107,-56,-25.3,-34.668392,-43.017044,-24.594803,True,-25.72,-35.227478,-43.940823,-24.765106,True
2024-09-18 03:55:00,-34.24,107,-55,-25.03,-34.684208,-43.065517,-24.449093,True,-24.14,-35.317253,-44.057705,-24.682964,False
2024-09-18 04:00:00,-33.58,107,-55,-24.85,-33.983078,-42.558826,-23.729567,True,-23.58,-34.56831,-43.51416,-23.91533,False
2024-09-18 04:05:00,-33.13,107,-55,-24.85,-33.501007,-42.2068,-23.382877,True,-24.14,-34.049023,-43.137165,-23.52486,True
2024-09-18 04:10:00,-32.75,107,-56,-25.01,-33.36882,-41.981056,-23.455957,True,-24.48,-34.14907,-43.11629,-23.79841,True
2024-09-18 04:15:00,-32.64,107,-57,-24.71,-32.97402,-41.99414,-23.111498,True,-25.31,-33.46625,-42.880665,-23.191702,True
2024-09-18 04:20:00,-31.95,107,-56,-24.72,-31.759535,-41.505394,-21.89392,True,-25.65,-31.722248,-41.955616,-21.489182,True
2024-09-18 04:25:00,-30.67,107,-56,-24.38,-30.666056,-40.506954,-20.998854,True,-26.35,-30.80002,-41.112675,-20.73587,True
2024-09-18 04:30:00,-29.36,107,-54,-24.16,-29.000187,-39.267437,-19.530643,True,-26.62,-28.763325,-39.556767,-18.929869,True
2024-09-18 04:35:00,-28.03,107,-53,-24.37,-28.056269,-38.33053,-18.709713,True,-27.65,-28.200054,-38.953453,-18.439972,True
2024-09-18 04:40:00,-27.07,107,-53,-24.17,-27.171906,-37.694763,-17.754932,True,-27.71,-27.385292,-38.383408,-17.545784,True
2024-09-18 04:45:00,-26.06,107,-53,-23.88,-25.303738,-37.03385,-15.506244,True,-28.41,-24.630726,-37.027428,-14.511158,True
2024-09-18 04:50:00,-25.3,107,-52,-25.72,-24.261576,-36.32666,-14.576134,True,-28.17,-23.278368,-36.083057,-13.296849,True
2024-09-18 04:55:00,-25.03,107,-53,-24.14,-24.054134,-35.77239,-14.733404,True,-28.42,-23.124052,-35.548256,-13.482779,True
2024-09-18 05:00:00,-24.85,107,-53,-23.58,-24.039309,-35.373863,-15.066367,True,-28.5,-23.2744,-35.258156,-13.946943,True
2024-09-18 05:05:00,-24.85,107,-53,-24.14,-23.782488,-35.338318,-14.855329,True,-28.19,-22.743254,-34.985817,-13.489597,True
2024-09-18 05:10:00,-25.01,107,-53,-24.48,-23.009928,-35.53491,-13.864129,True,-29.48,-20.973436,-34.392574,-11.612354,True
2024-09-18 05:15:00,-24.71,107,-53,-25.31,-22.550606,-35.195446,-13.628995,True,-29.28,-20.31614,-33.87904,-11.189534,True
2024-09-18 05:20:00,-24.72,107,-52,-25.65,-23.314186,-35.36662,-14.644764,True,-29.35,-21.881937,-34.67464,-12.91062,True
2024-09-18 05:25:00,-24.38,107,-52,-26.35,-23.733576,-35.109825,-15.341996,True,-29.51,-23.116858,-35.066944,-14.3269205,True
2024-09-18 05:30:00,-24.16,107,-51,-26.62,-23.671974,-35.314655,-14.946366,True,-30.27,-23.225485,-35.425262,-14.093773,True
2024-09-18 05:35:00,-24.37,107,-51,-27.65,-24.107199,-35.709126,-15.34849,True,-30.46,-23.8964,-36.006615,-14.714835,True
2024-09-18 05:40:00,-24.17,107,-51,-27.71,-23.995434,-36.10392,-14.775124,True,-30.87,-23.875216,-36.4953,-14.23391,True
2024-09-18 05:45:00,-23.88,107,-51,-28.41,-23.886648,-36.27391,-14.615017,True,-30.78,-23.951479,-36.830723,-14.243061,True
2024-09-18 05:50:00,-25.72,107,-49,-28.17,-25.703632,-38.509457,-15.765328,True,-31.43,-25.748535,-39.056454,-15.391096,True
2024-09-18 05:55:00,-24.14,107,-49,-28.42,-24.07034,-37.088306,-14.298157,True,-31.57,-24.049673,-37.584198,-13.861077,True
2024-09-18 06:00:00,-23.58,107,-48,-28.5,-23.405806,-36.16407,-13.962028,True,-31.73,-23.269224,-36.550037,-13.412518,True
2024-09-18 06:05:00,-24.14,107,-50,-28.19,-23.85286,-36.629433,-14.308873,True,-33.1,-23.59705,-36.916008,-13.648989,True
2024-09-18 06:10:00,-24.48,107,-50,-29.48,-24.136658,-36.932022,-14.492273,True,-33.59,-23.819624,-37.158016,-13.783215,True
2024-09-18 06:15:00,-25.31,107,-50,-29.28,-25.012278,-37.772106,-15.101369,True,-33.47,-24.74507,-38.031933,-14.440723,True
2024-09-18 06:20:00,-25.65,107,-51,-29.35,-25.36796,-38.033665,-15.317747,True,-33.42,-25.117529,-38.298145,-14.675204,True
2024-09-18 06:25:00,-26.35,107,-50,-29.51,-26.193707,-38.93517,-15.787066,True,-32.41,-26.075985,-39.304688,-15.270381,True
2024-09-18 06:30:00,-26.62,107,-49,-30.27,-26.424015,-39.332687,-15.81719,True,-31.96,-26.264286,-39.667206,-15.269437,True
2024-09-18 06:35:00,-27.65,107,-48,-30.46,-27.556034,-40.280003,-16.790691,True,-31.98,-27.503242,-40.687668,-16.340551,True
2024-09-18 06:40:00,-27.71,107,-46,-30.87,-27.474396,-40.271175,-16.70056,True,-31.35,-27.271923,-40.553104,-16.11449,True
2024-09-18 06:45:00,-28.41,107,-45,-30.78,-28.24458,-40.98658,-17.328325,True,-30.88,-28.113184,-41.312054,-16.812521,True
2024-09-18 06:50:00,-28.17,107,-45,-31.43,-27.815958,-40.665527,-17.018505,True,-30.66,-27.484423,-40.820957,-16.327991,True
2024-09-18 06:55:00,-28.42,107,-44,-31.57,-28.085114,-41.11358,-17.070164,True,-30.23,-27.770645,-41.28106,-16.399837,True
2024-09-18 07:00:00,-28.5,107,-43,-31.73,-28.293901,-41.24841,-17.269447,True,-29.24,-28.112448,-41.51997,-16.72047,True
2024-09-18 07:05:00,-28.19,107,-43,-33.1,-28.08536,-41.04957,-17.184706,True,-29.1,-28.006771,-41.394253,-16.739195,True
2024-09-18 07:10:00,-29.48,107,-44,-33.59,-29.454363,-42.45756,-18.27802,True,-28.92,-29.457733,-42.86219,-17.907223,True
2024-09-18 07:15:00,-29.28,107,-43,-33.47,-29.15882,-42.25084,-18.033419,True,-27.9,-29.060282,-42.56192,-17.57578,True
2024-09-18 07:20:00,-29.35,107,-41,-33.42,-29.200533,-42.29232,-18.129923,True,-26.93,-29.069078,-42.566517,-17.646414,True
2024-09-18 07:25:00,-29.51,107,-41,-32.41,-29.199009,-42.453037,-18.103973,True,-26.54,-28.894188,-42.576557,-17.469793,True
2024-09-18 07:30:00,-30.27,107,-42,-31.96,-29.773745,-43.08842,-18.633532,True,-26.08,-29.269415,-43.033607,-17.823082,True
2024-09-18 07:35:00,-30.46,107,-42,-31.98,-29.916353,-43.401524,-18.65366,True,-26.04,-29.358007,-43.297752,-17.801798,True
2024-09-18 07:40:00,-30.87,107,-42,-31.35,-30.380823,-43.699936,-19.095825,True,-25.36,-29.87673,-43.623272,-18.296925,True
2024-09-18 07:45:00,-30.78,107,-42,-30.88,-30.309462,-43.521202,-19.033312,True,-23.47,-29.822918,-43.447174,-18.255512,True
2024-09-18 07:50:00,-31.43,107,-42,-30.66,-30.946814,-44.19102,-19.480871,True,-23.83,-30.446474,-44.098194,-18.69627,True
2024-09-18 07:55:00,-31.57,107,-42,-30.23,-31.065115,-44.41526,-19.45254,True,-22.9,-30.540844,-44.296413,-18.655977,True
2024-09-18 08:00:00,-31.73,107,-41,-29.24,-31.146526,-44.616196,-19.434576,True,-23.68,-30.538595,-44.418945,-18.57404,True
2024-09-18 08:05:00,-33.1,107,-41,-29.1,-32.479042,-45.94625,-20.535543,True,-22.85,-31.82986,-45.697174,-19.645359,True
2024-09-18 08:10:00,-33.59,107,-40,-28.92,-32.982807,-46.556587,-20.855104,True,-21.4,-32.34486,-46.303738,-19.98676,True
2024-09-18 08:15:00,-33.47,107,-39,-27.9,-32.86785,-46.53621,-20.641125,True,-24.05,-32.231903,-46.279507,-19.780352,True
2024-09-18 08:20:00,-33.42,107,-38,-26.93,-32.981976,-46.526516,-20.755053,True,-23.34,-32.515717,-46.402256,-20.05282,True
2024-09-18 08:25:00,-32.41,107,-38,-26.54,-31.93678,-45.752686,-19.725044,True,-23.09,-31.43596,-45.60035,-19.007849,True
2024-09-18 08:30:00,-31.96,107,-37,-26.08,-31.395555,-45.633507,-19.007517,True,-25.29,-30.80343,-45.408398,-18.225443,True
2024-09-18 08:35:00,-31.98,107,-36,-26.04,-31.467432,-45.818916,-18.885426,True,-24.57,-30.929398,-45.63169,-18.160204,True
2024-09-18 08:40:00,-31.35,107,-35,-25.36,-30.555765,-45.16042,-17.958834,True,-20.28,-29.72772,-44.72618,-16.992523,True
2024-09-18 08:45:00,-30.88,107,-35,-23.47,-29.746187,-44.717323,-17.08469,True,-19.26,-28.566029,-43.99245,-15.820258,True
2024-09-18 08:50:00,-30.66,107,-35,-23.83,-29.318333,-44.99931,-16.32346,True,-21.97,-27.925442,-44.10703,-14.892606,True
2024-09-18 08:55:00,-30.23,107,-34,-22.9,-28.816975,-45.241234,-15.474681,True,-21.17,-27.35335,-44.30555,-14.002181,True
2024-09-18 09:00:00,-29.24,107,-35,-23.68,-27.647205,-45.01908,-14.011023,True,-22.11,-26.005308,-43.96655,-12.408644,True
2024-09-18 09:05:00,-29.1,107,-34,-22.85,-27.552204,-45.44743,-13.612033,True,-22.66,-25.96927,-44.449497,-12.079084,True
2024-09-18 09:10:00,-28.92,107,-34,-21.4,-27.450274,-45.999554,-13.120512,True,-22.94,-25.962242,-45.083168,-11.689705,True
2024-09-18 09:15:00,-27.9,107,-34,-24.05,-26.64983,-46.81111,-11.722925,True,-22.67,-25.410059,-46.1087,-10.537344,True
2024-09-18 09:20:00,-26.93,107,-34,-23.34,-25.88544,-46.668694,-10.770941,True,-23.07,-24.870064,-46.133068,-9.793631,True
2024-09-18 09:25:00,-26.54,107,-33,-23.09,-25.8094,-45.687164,-10.927134,True,-22.38,-25.116339,-45.35584,-10.233608,True
2024-09-18 09:30:00,-26.08,107,-33,-25.29,-25.56062,-44.73737,-10.845105,True,-20.83,-25.084888,-44.543987,-10.347571,True
2024-09-18 09:35:00,-26.04,107,-33,-24.57,-25.780155,-44.204475,-11.163708,True,-20.31,-25.565622,-44.179337,-10.902578,True
2024-09-18 09:40:00,-25.36,107,-32,-20.28,-25.32686,-42.581142,-11.130357,True,-18.09,-25.337507,-42.704906,-11.074135,True
2024-09-18 09:45:00,-23.47,107,-30,-19.26,-23.304567,-40.049965,-9.725421,True,-18.19,-23.185322,-40.06985,-9.56415,True
2024-09-18 09:50:00,-23.83,107,-31,-21.97,-23.383617,-39.889725,-9.808253,True,-21.75,-22.9754,-39.683247,-9.397553,True
2024-09-18 09:55:00,-22.9,107,-32,-21.17,-22.341618,-39.33912,-8.764355,True,-25.53,-21.824785,-39.049236,-8.268525,True
2024-09-18 10:00:00,-23.68,107,-32,-22.11,-23.89181,-40.433636,-10.028335,True,-28.33,-24.150652,-40.69648,-10.227765,True
2024-09-18 10:05:00,-22.85,107,-32,-22.66,-23.094503,-39.524136,-9.436983,True,-29.27,-23.38959,-39.801094,-9.680345,True
2024-09-18 10:10:00,-21.4,107,-33,-22.94,-21.188566,-38.417305,-7.652559,True,-29.98,-21.035189,-38.358284,-7.5098586,True
2024-09-18 10:15:00,-24.05,107,-33,-22.67,-23.803146,-40.5254,-9.926657,True,-30.32,-23.598833,-40.408752,-9.74069,True
2024-09-18 10:20:00,-23.34,107,-32,-23.07,-22.605581,-39.200943,-9.188523,True,-30.81,-21.908667,-38.70562,-8.575091,True
2024-09-18 10:25:00,-23.09,107,-31,-22.38,-21.913708,-38.455208,-8.794557,True,-31.86,-20.761726,-37.604042,-7.7853084,True
2024-09-18 10:30:00,-25.29,107,-32,-20.83,-23.993605,-39.891365,-10.909717,True,-33.06,-22.70398,-38.89194,-9.780333,True
2024-09-18 10:35:00,-24.57,107,-29,-20.31,-22.739393,-39.113266,-9.849257,True,-33.36,-20.893068,-37.675903,-8.239948,True
2024-09-18 10:40:00,-20.28,107,-29,-18.09,-17.546486,-35.18793,-5.2025275,True,-34.97,-14.756572,-33.101612,-2.7876894,False
2024-09-18 10:45:00,-19.26,107,-29,-18.19,-16.54171,-33.858677,-4.5912766,True,-35.13,-13.773928,-31.776808,-2.2006114,False
2024-09-18 10:50:00,-21.97,107,-30,-21.75,-19.251719,-37.041737,-6.639483,True,-33.75,-16.497332,-34.930977,-4.2783504,True
2024-09-18 10:55:00,-21.17,107,-29,-25.53,-18.403198,-38.3042,-5.163462,True,-34.06,-15.617573,-36.238937,-2.8166335,True
2024-09-18 11:00:00,-22.11,107,-29,-28.33,-19.717169,-39.324768,-6.3355556,True,-33.57,-17.322609,-37.515728,-4.332173,True
2024-09-18 11:05:00,-22.66,107,-30,-29.27,-20.093351,-39.391735,-6.7978005,True,-31.85,-17.512653,-37.41481,-4.638023,True
2024-09-18 11:10:00,-22.94,107,-30,-29.98,-20.121958,-38.6295,-7.181747,True,-30.98,-17.26814,-36.40032,-4.782453,True
2024-09-18 11:15:00,-22.67,107,-29,-30.32,-19.418108,-37.449257,-6.8372836,True,-29.67,-16.106825,-34.84076,-4.040404,True
2024-09-18 11:20:00,-23.07,107,-30,-30.81,-20.208584,-37.634926,-7.704663,True,-28.41,-17.303623,-35.305443,-5.2604833,True
2024-09-18 11:25:00,-22.38,107,-30,-31.86,-20.177889,-36.83739,-7.975613,True,-27.24,-17.97008,-35.034153,-6.141628,True
2024-09-18 11:30:00,-20.83,107,-30,-33.06,-19.052662,-35.26516,-7.071877,True,-25.81,-17.300894,-33.81778,-5.6459193,True
2024-09-18 11:35:00,-20.31,107,-30,-33.36,-19.091282,-35.210075,-6.903177,True,-24.88,-17.921305,-34.203236,-5.9987826,True
2024-09-18 11:40:00,-18.09,107,-30,-34.97,-17.43042,-33.993782,-5.183889,False,-24.02,-16.849049,-33.432404,-4.8132834,True
2024-09-18 11:45:00,-18.19,107,-31,-35.13,-17.941044,-34.946854,-5.3422275,False,-22.49,-17.777086,-34.67628,-5.3470826,True
2024-09-18 11:50:00,-21.75,107,-31,-33.75,-21.836607,-37.845364,-8.853104,True,-21.48,-21.979074,-37.790386,-9.1263685,True
2024-09-18 11:55:00,-25.53,107,-31,-34.06,-25.609444,-40.715725,-12.336524,True,-20.7,-25.715057,-40.627987,-12.577122,True
2024-09-18 12:00:00,-28.33,107,-32,-33.57,-28.073563,-42.419197,-14.836711,True,-21.47,-27.828306,-42.043808,-14.770936,True
2024-09-18 12:05:00,-29.27,107,-33,-31.85,-28.634434,-42.528152,-15.60911,True,-21.07,-28.006895,-41.82858,-15.208626,True
2024-09-18 12:10:00,-29.98,107,-33,-30.98,-29.135216,-42.59938,-16.380135,True,-19.5,-28.293518,-41.710087,-15.791735,True
2024-09-18 12:15:00,-30.32,107,-33,-29.67,-29.26401,-42.05241,-16.942537,True,-16.74,-28.209183,-40.968525,-16.168974,True
2024-09-18 12:20:00,-30.81,107,-34,-28.41,-29.539373,-42.104908,-17.300335,True,-16.24,-28.271667,-40.823036,-16.344158,False
2024-09-18 12:25:00,-31.86,107,-35,-27.24,-30.662203,-43.282013,-18.149725,True,-17.27,-29.46646,-42.049385,-17.26201,True
2024-09-18 12:30:00,-33.06,107,-34,-25.81,-31.993484,-44.60787,-19.087587,True,-18.15,-30.926949,-43.473118,-18.321491,False
2024-09-18 12:35:00,-33.36,107,-35,-24.88,-32.636562,-45.3028,-19.50223,True,-17.52,-31.901184,-44.44291,-19.036146,False
2024-09-18 12:40:00,-34.97,107,-35,-24.02,-34.236748,-46.220463,-21.395844,True,-16.86,-33.481716,-45.33542,-20.912188,False
2024-09-18 12:45:00,-35.13,107,-35,-22.49,-34.055164,-45.460564,-21.747272,True,-16.76,-32.969315,-44.274265,-20.97733,False
2024-09-18 12:50:00,-33.75,107,-34,-21.48,-32.1968,-44.146717,-20.02446,True,-16.01,-30.662258,-42.558815,-18.865412,False
2024-09-18 12:55:00,-34.06,107,-34,-20.7,-32.53334,-45.107323,-20.059475,True,-15.88,-31.022476,-43.534763,-18.934412,False
2024-09-18 13:00:00,-33.57,107,-33,-21.47,-32.278793,-45.23376,-19.733427,True,-16.46,-30.998236,-43.862236,-18.819983,False
2024-09-18 13:05:00,-31.85,107,-33,-21.07,-30.523397,-43.269295,-18.549234,True,-16.38,-29.214916,-41.878254,-17.615934,False
2024-09-18 13:10:00,-30.98,107,-33,-19.5,-29.087933,-42.34083,-17.134104,True,-15.59,-27.23238,-40.475323,-15.728919,False
2024-09-18 13:15:00,-29.67,107,-32,-16.74,-27.774063,-42.409966,-15.175951,True,-15.13,-25.921392,-40.562862,-13.796158,True
2024-09-18 13:20:00,-28.41,107,-32,-16.24,-26.994453,-42.5417,-14.079213,True,-16.02,-25.624979,-41.10664,-13.132702,True
2024-09-18 13:25:00,-27.24,107,-32,-17.27,-26.145618,-42.14197,-13.301691,True,-15.75,-25.103804,-40.97497,-12.644007,True
2024-09-18 13:30:00,-25.81,107,-32,-18.15,-24.913305,-41.08994,-12.118698,True,-15.92,-24.078526,-40.08279,-11.648912,True
2024-09-18 13:35:00,-24.88,107,-31,-17.52,-24.358814,-40.421288,-11.686113,True,-15.25,-23.894735,-39.691032,-11.545158,True
2024-09-18 13:40:00,-24.02,107,-31,-16.86,-23.815552,-39.26941,-11.374027,True,-15.52,-23.663645,-38.776726,-11.514036,True
2024-09-18 13:45:00,-22.49,107,-31,-16.76,-22.586962,-38.789753,-9.862463,True,-16.21,-22.74468,-38.50971,-10.276302,True
2024-09-18 13:50:00,-21.48,107,-31,-16.01,-21.716003,-37.174362,-9.319693,True,-16.09,-22.008535,-36.99809,-9.861911,True
2024-09-18 13:55:00,-20.7,107,-30,-15.88,-21.261549,-37.29629,-8.425922,True,-16.48,-21.872456,-37.32957,-9.249259,True
2024-09-18 14:00:00,-21.47,107,-30,-16.46,-22.352701,-39.153175,-8.675921,True,-17.94,-23.264856,-39.370316,-9.757327,True
2024-09-18 14:05:00,-21.07,107,-29,-16.38,-22.207348,-38.95506,-8.41209,True,-19.77,-23.362024,-39.331505,-9.710685,True
2024-09-18 14:10:00,-19.5,107,-28,-15.59,-20.825678,-38.0387,-6.974419,True,-19.9,-22.16889,-38.512043,-8.44079,True
2024-09-18 14:15:00,-16.74,107,-27,-15.13,-18.264278,-36.53255,-4.450912,True,-21.07,-19.821136,-37.09512,-6.099919,True
2024-09-18 14:20:00,-16.24,107,-26,-16.02,-17.982092,-36.813667,-3.877332,True,-21.98,-19.748455,-37.481483,-5.7066197,True
2024-09-18 14:25:00,-17.27,107,-26,-15.75,-19.169462,-37.401955,-4.9578347,True,-21.85,-21.068848,-38.17032,-6.90992,True
2024-09-18 14:30:00,-18.15,107,-26,-15.92,-20.094147,-37.69734,-5.8931212,True,-22.65,-22.019981,-38.50456,-7.8745666,True
2024-09-18 14:35:00,-17.52,107,-27,-15.25,-19.550537,-36.781242,-5.6075273,True,-23.13,-21.555773,-37.641945,-7.666393,True
2024-09-18 14:40:00,-16.86,107,-27,-15.52,-18.94489,-35.99518,-5.1597886,True,-23.63,-21.005308,-36.884426,-7.276527,True
2024-09-18 14:45:00,-16.76,107,-27,-16.21,-18.853603,-35.23513,-5.3994737,True,-23.66,-20.914354,-36.13502,-7.528995,True
2024-09-18 14:50:00,-16.01,107,-28,-16.09,-17.907028,-33.608624,-5.0609155,True,-24.17,-19.786818,-34.400208,-7.0443473,True
2024-09-18 14:55:00,-15.88,107,-28,-16.48,-17.757435,-33.14418,-5.115866,True,-24.5,-19.615973,-33.926826,-7.085212,True
2024-09-18 15:00:00,-16.46,107,-29,-17.94,-18.208158,-32.906315,-5.9205356,True,-24.38,-19.93642,-33.62382,-7.78054,True
2024-09-18 15:05:00,-16.38,107,-29,-19.77,-17.9596,-31.89836,-6.30794,True,-25.69,-19.522726,-32.520473,-8.029916,True
2024-09-18 15:10:00,-15.59,107,-29,-19.9,-17.082825,-31.206171,-5.5260196,True,-29.07,-18.561657,-31.747602,-7.175612,True
2024-09-18 15:15:00,-15.13,107,-29,-21.07,-16.621847,-31.161562,-4.7772384,True,-32.36,-18.093233,-31.671352,-6.4147954,False
2024-09-18 15:20:00,-16.02,107,-30,-21.98,-17.364685,-31.489168,-5.5326514,True,-33.74,-18.689993,-31.912275,-7.043161,False
2024-09-18 15:25:00,-15.75,107,-31,-21.85,-16.965086,-30.507698,-5.507446,True,-33.14,-18.165495,-30.859274,-6.916041,False
2024-09-18 15:30:00,-15.92,107,-31,-22.65,-16.957712,-29.785492,-6.0159087,True,-31.81,-17.987305,-30.034338,-7.2803264,False
2024-09-18 15:35:00,-15.25,107,-32,-23.13,-16.174036,-28.621357,-5.697993,True,-29.54,-17.095125,-28.799204,-6.870272,False
2024-09-18 15:40:00,-15.52,107,-33,-23.63,-16.298716,-28.510372,-6.0192637,True,-26.61,-17.074713,-28.583937,-7.0612597,True
2024-09-18 15:45:00,-16.21,107,-33,-23.66,-16.869429,-28.681587,-6.737058,True,-23.32,-17.520084,-28.675877,-7.6638722,True
2024-09-18 15:50:00,-16.09,107,-34,-24.17,-16.556501,-28.162706,-6.646218,True,-21.72,-17.022743,-28.0225,-7.408645,True
2024-09-18 15:55:00,-16.48,107,-35,-24.5,-16.785053,-28.324583,-6.931783,True,-21.27,-17.09443,-28.064383,-7.551026,True
2024-09-18 16:00:00,-17.94,107,-36,-24.38,-17.988686,-29.310366,-8.0557995,True,-16.42,-18.047895,-28.85871,-8.449311,True
2024-09-18 16:05:00,-19.77,107,-37,-25.69,-19.62755,-30.668446,-9.517652,True,-15.87,-19.4968,-30.066763,-9.7409315,True
2024-09-18 16:10:00,-19.9,107,-37,-29.07,-19.396702,-30.53661,-9.413011,True,-16.9,-18.929089,-29.666624,-9.330841,True
2024-09-18 16:15:00,-21.07,107,-38,-32.36,-20.238148,-31.218979,-10.353642,False,-16.3,-19.458319,-30.098717,-9.989352,True
2024-09-18 16:20:00,-21.98,107,-38,-33.74,-20.933746,-31.914618,-11.113244,False,-15.08,-19.950472,-30.622177,-10.56615,True
2024-09-18 16:25:00,-21.85,107,-39,-33.14,-20.29678,-31.716457,-10.557614,False,-12.78,-18.84492,-30.03233,-9.591631,True
2024-09-18 16:30:00,-22.65,107,-40,-31.81,-19.973639,-32.07442,-10.119081,True,-12.71,-17.479033,-29.515007,-8.231079,True
2024-09-18 16:35:00,-23.13,107,-41,-29.54,-20.601448,-32.482883,-10.819167,True,-12.0,-18.245481,-30.035892,-9.050237,True
2024-09-18 16:40:00,-23.63,107,-42,-26.61,-21.087273,-32.581295,-11.752344,True,-12.89,-18.712263,-30.111006,-9.960614,True
2024-09-18 16:45:00,-23.66,107,-42,-23.32,-20.777868,-32.45946,-11.653942,True,-12.95,-18.079119,-29.704708,-9.578855,True
2024-09-18 16:50:00,-24.17,107,-43,-21.72,-21.112976,-33.05349,-11.721806,True,-11.57,-18.258783,-30.163311,-9.510519,True
2024-09-18 16:55:00,-24.5,107,-43,-21.27,-22.503567,-33.39856,-13.589613,True,-10.74,-20.61605,-31.335604,-12.224878,False
2024-09-18 17:00:00,-24.38,107,-42,-16.42,-22.722239,-33.41565,-13.921756,True,-10.39,-21.143875,-31.626413,-12.825508,False
2024-09-18 17:05:00,-25.69,107,-41,-15.87,-24.22085,-34.838676,-14.992224,True,-9.73,-22.815695,-33.1912,-14.0479145,False
2024-09-18 17:10:00,-29.07,107,-41,-16.9,-27.646877,-37.80205,-17.897655,False,-10.47,-26.283436,-36.18047,-16.99054,False
2024-09-18 17:15:00,-32.36,107,-41,-16.3,-30.952753,-40.456524,-20.960728,False,-10.07,-29.60427,-38.84079,-20.07168,False
2024-09-18 17:20:00,-33.74,107,-41,-15.08,-32.16726,-41.418297,-22.176352,False,-9.88,-30.669556,-39.667854,-21.158703,False
2024-09-18 17:25:00,-33.14,107,-40,-12.78,-31.549013,-40.6759,-21.640167,False,-10.18,-30.036966,-38.92428,-20.60307,False
2024-09-18 17:30:00,-31.81,107,-39,-12.71,-30.099058,-39.30271,-20.266836,False,-10.86,-28.477505,-37.46307,-19.12882,False
2024-09-18 17:35:00,-29.54,107,-38,-12.0,-27.638117,-37.039795,-17.935074,False,-10.61,-25.840225,-35.06065,-16.634085,False
2024-09-18 17:40:00,-26.61,107,-36,-12.89,-24.627987,-34.37641,-14.912883,False,-10.659999,-22.75501,-32.35493,-13.536406,False
2024-09-18 17:45:00,-23.32,107,-35,-12.95,-21.761337,-31.528563,-12.28802,True,-10.26,-20.267387,-29.862495,-11.238131,False
2024-09-18 17:50:00,-21.72,107,-36,-11.57,-20.13654,-30.784134,-10.175984,True,-9.93,-18.617619,-29.096212,-9.102418,True
2024-09-18 17:55:00,-21.27,107,-36,-10.74,-19.713816,-30.88962,-9.372496,True,-8.84,-18.213995,-29.22177,-8.312695,True
2024-09-18 18:00:00,-16.42,107,-33,-10.39,-15.073498,-27.079367,-5.2536674,True,-8.31,-13.761511,-25.586344,-4.351071,True
2024-09-18 18:05:00,-15.87,107,-35,-9.73,-14.351585,-25.93302,-4.838885,True,-10.08,-12.880073,-24.33161,-3.7903636,True
2024-09-18 18:10:00,-16.9,107,-35,-10.47,-15.001941,-26.053589,-5.7482905,True,-10.47,-13.174914,-24.164991,-4.3878026,True
2024-09-18 18:15:00,-16.3,107,-35,-10.07,-14.410287,-25.21113,-5.5752206,True,-10.65,-12.58809,-23.33513,-4.2140565,True
2024-09-18 18:20:00,-15.08,107,-34,-9.88,-12.805387,-23.647009,-4.4124904,True,-9.2,-10.6270075,-21.50405,-2.7289183,True
2024-09-18 18:25:00,-12.78,107,-33,-10.18,-10.292947,-21.544336,-2.2679694,True,-8.46,-7.9183736,-19.273046,-0.40615305,True
2024-09-18 18:30:00,-12.71,107,-34,-10.86,-10.228271,-21.290236,-2.3300154,True,-9.270001,-7.8550916,-19.018745,-0.46701464,True
2024-09-18 18:35:00,-12.0,107,-34,-10.61,-9.122039,-20.596039,-1.2705616,True,-9.55,-6.3862166,-18.060476,0.9160382,True
2024-09-18 18:40:00,-12.89,107,-34,-10.659999,-9.788738,-21.728577,-1.6442646,True,-9.15,-6.8350463,-19.024439,0.7255761,True
2024-09-18 18:45:00,-12.95,107,-34,-10.26,-9.359555,-21.873442,-0.97279006,True,-8.5,-5.9519076,-18.825712,1.7838799,True
2024-09-18 18:50:00,-11.57,107,-33,-9.93,-9.947145,-21.713223,-1.3985695,True,-7.07,-8.34979,-20.076845,-0.20934327,True
2024-09-18 18:55:00,-10.74,107,-32,-8.84,-9.662604,-21.235695,-1.0666393,True,-8.23,-8.565725,-19.988205,-0.31211123,True
2024-09-18 19:00:00,-10.39,107,-33,-8.31,-9.993977,-20.916756,-1.6504806,True,-8.29,-9.510918,-20.150314,-1.434893,True
2024-09-18 19:05:00,-9.73,107,-33,-10.08,-9.744355,-20.399786,-1.5540336,True,-8.430001,-9.630678,-19.923986,-1.6624206,True
2024-09-18 19:10:00,-10.47,107,-33,-10.47,-10.51275,-20.658207,-2.657265,True,-8.24,-10.4243355,-20.225271,-2.7878802,True
2024-09-18 19:15:00,-10.07,107,-33,-10.65,-10.020969,-19.734991,-2.9811041,True,-8.4,-9.848443,-19.253746,-3.0427344,True
2024-09-18 19:20:00,-9.88,107,-34,-9.2,-9.352049,-18.887144,-3.0989687,True,-8.13,-8.738995,-18.077543,-2.7681944,True
2024-09-18 19:25:00,-10.18,107,-34,-8.46,-9.316407,-18.575964,-3.6345713,True,-8.21,-8.390646,-17.531296,-3.0226042,True
2024-09-18 19:30:00,-10.86,107,-34,-9.270001,-8.976103,-18.52001,-3.585871,True,-8.23,-7.1031356,-16.718699,-2.1180174,True
2024-09-18 19:35:00,-10.61,107,-33,-9.55,-7.829601,-18.115593,-2.2758086,True,-8.21,-5.119041,-15.648435,-0.062111214,True
2024-09-18 19:40:00,-10.659999,107,-33,-9.15,-7.687713,-18.144262,-1.8795742,True,-7.36,-4.793609,-15.5391655,0.49512067,True
2024-09-18 19:45:00,-10.26,107,-32,-8.5,-7.243628,-17.977028,-1.0641083,True,-6.3700004,-4.3083987,-15.360619,1.3448426,True
2024-09-18 19:50:00,-9.93,107,-31,-7.07,-7.028955,-18.084923,-0.34832224,True,-7.56,-4.200579,-15.582424,1.9647995,True
2024-09-18 19:55:00,-8.84,107,-30,-8.23,-6.533693,-17.292137,0.12285392,True,-8.12,-4.2563405,-15.230689,1.958368,True
2024-09-18 20:00:00,-8.31,107,-30,-8.29,-6.45301,-16.906725,0.11032073,True,-7.2500005,-4.5849166,-15.167549,1.5887924,True
2024-09-18 20:05:00,-10.08,107,-31,-8.430001,-8.602243,-18.363651,-2.0809805,True,-6.02,-7.077519,-16.88454,-0.90636855,True
2024-09-18 20:10:00,-10.47,107,-32,-8.24,-9.05056,-18.376703,-2.8075259,True,-5.0900006,-7.5793433,-16.945318,-1.6767524,True
2024-09-18 20:15:00,-10.65,107,-32,-8.4,-9.2488575,-18.246193,-3.3069117,True,-5.3300004,-7.795119,-16.839024,-2.185261,True
2024-09-18 20:20:00,-9.2,107,-31,-8.13,-7.366917,-16.623018,-1.8649353,True,-7.36,-5.514733,-14.909812,-0.37718615,True
2024-09-18 20:25:00,-8.46,107,-31,-8.21,-4.884275,-15.391016,0.6383855,True,-7.7600007,-1.4378227,-12.428952,3.553045,True
2024-09-18 20:30:00,-9.270001,107,-31,-8.23,-5.755815,-16.00438,-0.39005694,True,-8.64,-2.3464987,-13.054536,2.4973333,True
2024-09-18 20:35:00,-9.55,107,-32,-8.21,-5.773228,-15.9632015,-0.77599555,True,-8.450001,-2.1321604,-12.816047,2.3278615,True
2024-09-18 20:40:00,-9.15,107,-32,-7.36,-5.701427,-16.00262,-0.72242576,True,-6.8300004,-2.3706458,-13.123027,2.100969,True
2024-09-18 20:45:00,-8.5,107,-31,-6.3700004,-5.5277696,-16.572239,0.23484771,True,-6.06,-2.6272566,-14.087979,2.6545942,True
2024-09-18 20:50:00,-7.07,107,-28,-7.56,-4.0332885,-15.593029,1.8673187,True,-2.6800005,-1.0852531,-13.101437,4.32501,True
2024-09-18 20:55:00,-8.23,107,-29,-8.12,-5.4956574,-16.807508,0.79909676,True,-1.0399994,-2.8105109,-14.517769,3.0226781,True
2024-09-18 21:00:00,-8.29,107,-30,-7.2500005,-5.9855285,-17.888746,1.1136547,True,-7.1,-3.6822913,-15.925791,2.9948518,True
2024-09-18 21:05:00,-8.430001,107,-30,-6.02,-6.5107617,-18.882748,1.0526329,True,-11.53,-4.547274,-17.194654,2.6344545,True
2024-09-18 21:10:00,-8.24,107,-29,-5.0900006,-6.3469586,-18.68975,1.2438313,True,-13.0,-4.4045224,-17.027416,2.810232,True
2024-09-18 21:15:00,-8.4,107,-29,-5.3300004,-6.4966054,-18.952442,1.4317833,True,-13.26,-4.540219,-17.287893,3.0087945,True
2024-09-18 21:20:00,-8.13,107,-29,-7.36,-6.3849998,-18.539516,1.4472862,True,-16.97,-4.576163,-16.994019,2.9019067,True
2024-09-18 21:25:00,-8.21,107,-29,-7.7600007,-6.660914,-18.87744,1.4329334,True,-17.17,-5.0300965,-17.479208,2.7379682,True
2024-09-18 21:30:00,-8.23,107,-30,-8.64,-6.906672,-18.90584,1.4836308,True,-19.74,-5.4873757,-17.673527,2.6093462,False
2024-09-18 21:35:00,-8.21,107,-29,-8.450001,-7.40544,-19.716328,1.5666157,True,-20.92,-6.4581532,-18.838236,2.2877882,False
2024-09-18 21:40:00,-7.36,107,-29,-6.8300004,-6.976501,-20.22266,2.6723459,True,-21.39,-6.4105496,-19.621063,3.0710065,False
2024-09-18 21:45:00,-6.3700004,107,-28,-6.06,-6.1885056,-19.497763,3.5469549,True,-20.26,-5.8084846,-19.035086,3.7896898,False
2024-09-18 21:50:00,-7.56,107,-28,-2.6800005,-7.874418,-21.363375,2.3396966,True,-19.46,-7.951492,-21.221022,2.1989934,True
2024-09-18 21:55:00,-8.12,107,-28,-1.0399994,-8.402491,-21.993755,2.2383916,True,-18.51,-8.450041,-21.842997,2.126394,True
2024-09-18 22:00:00,-7.2500005,107,-28,-7.1,-7.5764537,-21.164679,2.9818838,True,-15.04,-7.6611934,-21.04875,2.8405073,True
2024-09-18 22:05:00,-6.02,107,-28,-11.53,-5.6915126,-19.805056,4.4772487,True,-10.54,-5.16826,-19.295181,4.859636,True
2024-09-18 22:10:00,-5.0900006,107,-28,-13.0,-5.5462985,-18.38455,3.6798093,True,-6.7500005,-5.7511754,-18.378618,3.4373796,True
2024-09-18 22:15:00,-5.3300004,107,-29,-13.26,-4.7513604,-19.07059,5.493896,True,-3.6399996,-4.0025325,-18.444056,6.0771937,True
2024-09-18 22:20:00,-7.36,107,-30,-16.97,-6.1903567,-19.637236,3.8877351,True,-3.6499999,-4.901891,-18.655983,4.9353786,True
2024-09-18 22:25:00,-7.7600007,107,-32,-17.17,-7.1946406,-19.618258,2.5617387,True,-5.7400002,-6.471085,-19.032907,3.129976,True
2024-09-18 22:30:00,-8.64,107,-33,-19.74,-8.238412,-20.033604,1.446117,True,-8.74,-7.6753783,-19.573595,1.877628,True
2024-09-18 22:35:00,-8.450001,107,-34,-20.92,-8.1314,-19.467297,1.088205,False,-12.27,-7.653379,-19.081211,1.4494072,True
2024-09-18 22:40:00,-6.8300004,107,-35,-21.39,-6.616965,-17.429996,1.6070057,False,-14.13,-6.239184,-17.128101,1.8844658,True
2024-09-18 22:45:00,-6.06,107,-37,-20.26,-5.6763396,-16.933752,2.8530233,False,-17.93,-5.139092,-16.530489,3.274717,False
2024-09-18 22:50:00,-2.6800005,107,-38,-19.46,-2.098961,-14.963836,6.494779,False,-20.31,-1.3696312,-14.444267,7.090284,False
2024-09-18 22:55:00,-1.0399994,107,-40,-18.51,-0.119572,-13.88398,8.568926,False,-23.85,0.91944665,-13.177356,9.436703,False
2024-09-18 23:00:00,-7.1,107,-43,-15.04,-5.703567,-18.074282,3.7693956,True,-27.93,-4.237786,-17.058521,5.0034766,False
2024-09-18 23:05:00,-11.53,107,-44,-10.54,-9.963274,-22.180368,0.42229238,True,-33.19,-8.337126,-21.048088,1.7895828,False
2024-09-18 23:10:00,-13.0,107,-44,-6.7500005,-11.185528,-23.3677,-0.47088656,True,-38.63,-9.328756,-22.073635,1.0934426,False
2024-09-18 23:15:00,-13.26,107,-43,-3.6399996,-11.041573,-23.249044,-0.14486153,True,-40.08,-8.808315,-21.678234,1.7420193,False
2024-09-18 23:20:00,-16.97,107,-43,-3.6499999,-14.635565,-26.013348,-3.1313727,True,-39.76,-12.311106,-24.327765,-1.1617454,False
2024-09-18 23:25:00,-17.17,107,-45,-5.7400002,-14.784079,-25.997772,-3.0845854,True,-39.71,-12.419412,-24.281889,-1.076939,False
2024-09-18 23:30:00,-19.74,107,-45,-8.74,-17.54494,-28.506157,-4.988092,True,-36.23,-15.378759,-26.944517,-3.1502554,False
2024-09-18 23:35:00,-20.92,107,-46,-12.27,-18.96874,-29.786236,-5.885753,True,-26.48,-17.046806,-28.43027,-4.2541366,True
2024-09-18 23:40:00,-21.39,107,-47,-14.13,-19.691065,-30.600084,-6.080439,True,-20.08,-18.017233,-29.462048,-4.657841,True
2024-09-18 23:45:00,-20.26,107,-45,-17.93,-18.764595,-30.267384,-4.6343493,True,-23.81,-17.279938,-29.324324,-3.3739016,True
2024-09-18 23:50:00,-19.46,107,-46,-20.31,-18.21576,-30.011784,-3.726599,True,-24.25,-16.969753,-29.283295,-2.6680624,True
2024-09-18 23:55:00,-18.51,107,-49,-23.85,-17.516518,-29.573612,-2.79406,True,-21.21,-16.507055,-29.052084,-1.9340328,True
2024-09-19 00:00:00,-15.04,107,-50,-27.93,-14.26702,-27.264812,0.25255933,False,-15.96,-13.446643,-26.920143,0.9538781,True
2024-09-19 00:05:00,-10.54,107,-51,-33.19,-9.962999,-23.889263,3.8566034,False,-13.43,-9.305836,-23.692663,4.4230666,True
2024-09-19 00:10:00,-6.7500005,107,-52,-38.63,-6.420771,-21.136282,6.7704043,False,-6.3700004,-5.980575,-21.104137,7.1586375,True
2024-09-19 00:15:00,-3.6399996,107,-53,-40.08,-3.5514376,-19.28445,9.424427,False,-1.3899997,-3.3215811,-19.407076,9.639242,True
2024-09-19 00:20:00,-3.6499999,107,-55,-39.76,-3.7107222,-19.333204,9.386389,False,1.8700005,-3.6255248,-19.56514,9.48229,True
2024-09-19 00:25:00,-5.7400002,107,-56,-39.71,-5.73669,-20.400421,7.504749,False,-2.2299998,-5.6127057,-20.622387,7.6369853,True
2024-09-19 00:30:00,-8.74,107,-58,-36.23,-8.5346985,-22.345491,4.8967814,False,-8.18,-8.24485,-22.475702,5.1753116,True
2024-09-19 00:35:00,-12.27,107,-59,-26.48,-11.706856,-24.332863,1.7193371,False,-12.689999,-11.115703,-24.25071,2.2603757,True
2024-09-19 00:40:00,-14.13,107,-61,-20.08,-13.51019,-25.085604,-0.63627654,True,-12.42,-12.887033,-24.97093,-0.058332756,True
2024-09-19 00:45:00,-17.93,107,-61,-23.81,-17.187634,-28.568102,-3.4737437,True,-15.4,-16.481367,-28.401205,-2.8241389,True
2024-09-19 00:50:00,-20.31,107,-62,-24.25,-19.373758,-30.042725,-5.5609517,True,-17.34,-18.517017,-29.751629,-4.774509,True
2024-09-19 00:55:00,-23.85,107,-63,-21.21,-22.850672,-33.555958,-7.9379716,True,-17.28,-21.967783,-33.25294,-7.1299605,True
2024-09-19 01:00:00,-27.93,107,-65,-15.96,-26.845144,-37.10893,-11.145462,True,-16.35,-25.92381,-36.77082,-10.302228,True
2024-09-19 01:05:00,-33.19,107,-65,-13.43,-31.861984,-41.29774,-15.512869,False,-15.91,-30.773157,-40.781273,-14.521636,True
2024-09-19 01:10:00,-38.63,107,-65,-6.3700004,-36.792393,-45.585342,-19.91855,False,-16.31,-35.30485,-44.669655,-18.58044,False
2024-09-19 01:15:00,-40.08,107,-65,-1.3899997,-38.16462,-46.561516,-21.427706,False,-15.48,-36.63345,-45.59327,-20.045412,False
2024-09-19 01:20:00,-39.76,107,-64,1.8700005,-37.94231,-46.475586,-21.178787,False,-16.62,-36.493122,-45.594444,-19.861433,False
2024-09-19 01:25:00,-39.71,107,-63,-2.2299998,-37.91607,-46.50698,-21.447012,False,-17.63,-36.489803,-45.654427,-20.142017,False
2024-09-19 01:30:00,-36.23,107,-63,-8.18,-34.837357,-43.686466,-19.115585,False,-18.37,-33.740074,-43.158253,-18.086355,True
2024-09-19 01:35:00,-26.48,107,-63,-12.689999,-25.67001,-36.12444,-11.007365,True,-17.98,-25.023964,-36.073215,-10.36374,True
2024-09-19 01:40:00,-20.08,107,-63,-12.42,-19.54745,-30.906363,-5.983622,True,-17.05,-19.115074,-31.056019,-5.5161977,True
2024-09-19 01:45:00,-23.81,107,-66,-15.4,-22.964577,-33.727055,-9.157518,True,-18.48,-22.273392,-33.662285,-8.461941,True
2024-09-19 01:50:00,-24.25,107,-69,-17.34,-23.077545,-33.740005,-9.21096,True,-19.38,-22.093166,-33.437103,-8.256905,True
2024-09-19 01:55:00,-21.21,107,-70,-17.28,-20.008541,-30.935032,-6.7661557,True,-21.54,-18.97197,-30.6109,-5.753719,True
2024-09-19 02:00:00,-15.96,107,-70,-16.35,-14.88778,-27.190264,-1.7357334,True,-21.37,-13.932077,-27.01833,-0.79237586,True
2024-09-19 02:05:00,-13.43,107,-67,-15.91,-12.711823,-25.173737,0.025653524,True,-20.65,-12.079079,-25.255655,0.7005822,True
2024-09-19 02:10:00,-6.3700004,107,-66,-16.31,-5.903106,-20.23276,6.116636,True,-19.36,-5.453613,-20.507872,6.644468,True
2024-09-19 02:15:00,-1.3899997,107,-64,-15.48,-1.3918995,-16.975965,10.045296,True,-17.84,-1.3535141,-17.545464,10.228338,False
2024-09-19 02:20:00,1.8700005,107,-65,-16.62,1.7201248,-14.578867,12.54863,False,-16.5,1.6445366,-15.235867,12.64978,False
2024-09-19 02:25:00,-2.2299998,107,-64,-17.63,-2.2538664,-16.776564,8.564884,False,-16.04,-2.2486632,-17.359516,8.743765,True
2024-09-19 02:30:00,-8.18,107,-61,-18.37,-7.561336,-20.47413,3.5129583,True,-15.39,-6.9907117,-20.63387,4.1907363,True
2024-09-19 02:35:00,-12.689999,107,-59,-17.98,-12.363357,-23.956055,-1.1418804,True,-14.0,-12.110277,-24.312054,-0.73327667,True
2024-09-19 02:40:00,-12.42,107,-58,-17.05,-12.316956,-24.19822,-1.2049202,True,-13.61,-12.274597,-24.722971,-0.97364837,True
2024-09-19 02:45:00,-15.4,107,-58,-18.48,-14.9031725,-26.913551,-3.7135794,True,-13.65,-14.4978075,-27.171244,-3.156607,True
2024-09-19 02:50:00,-17.34,107,-58,-19.38,-17.228767,-28.539995,-6.3157744,True,-12.47,-17.222612,-29.083061,-6.1054463,True
2024-09-19 02:55:00,-17.28,107,-58,-21.54,-17.012383,-28.165493,-6.3046813,True,-9.94,-16.860266,-28.581013,-5.952109,True
2024-09-19 03:00:00,-16.35,107,-57,-21.37,-16.365448,-28.141998,-5.0257726,True,-9.07,-16.479147,-28.80156,-4.913648,True
2024-09-19 03:05:00,-15.91,107,-56,-20.65,-15.696629,-28.572517,-3.2476351,True,-7.78,-15.592305,-29.112621,-2.9494994,True
2024-09-19 03:10:00,-16.31,107,-57,-19.36,-15.932383,-29.251904,-2.823477,True,-6.56,-15.677434,-29.6964,-2.393307,True
2024-09-19 03:15:00,-15.48,107,-57,-17.84,-15.126503,-29.12677,-1.543095,True,-2.4599993,-14.890653,-29.62087,-1.1329616,True
2024-09-19 03:20:00,-16.62,107,-57,-16.5,-16.132797,-30.261288,-2.0722945,True,-0.19000085,-15.779076,-30.673603,-1.555178,False
2024-09-19 03:25:00,-17.63,107,-56,-16.04,-17.148073,-30.58231,-3.3681872,True,-0.05999978,-16.808105,-30.975985,-2.8479178,False
2024-09-19 03:30:00,-18.37,107,-56,-15.39,-17.869848,-30.459642,-4.7290254,True,-0.34000048,-17.513737,-30.800602,-4.169947,False
2024-09-19 03:35:00,-17.98,107,-56,-14.0,-17.458101,-29.710314,-5.0067363,True,-0.9300025,-17.074903,-30.014458,-4.399899,False
2024-09-19 03:40:00,-17.05,107,-56,-13.61,-16.590797,-28.670322,-4.8080983,True,-1.2899994,-16.257915,-29.00154,-4.2273316,False
2024-09-19 03:45:00,-18.48,107,-56,-13.65,-18.012827,-29.69025,-6.3770614,True,-1.9500011,-17.67951,-29.993725,-5.785908,False
2024-09-19 03:50:00,-19.38,107,-56,-12.47,-18.951723,-30.464914,-7.3069882,True,-3.0900004,-18.662212,-30.795816,-6.7468534,False
2024-09-19 03:55:00,-21.54,107,-55,-9.94,-21.14964,-32.43716,-9.217614,True,-4.3300004,-20.916647,-32.80727,-8.7016115,False
2024-09-19 04:00:00,-21.37,107,-54,-9.07,-21.03582,-32.56509,-8.859103,True,-5.4100003,-20.85725,-32.996246,-8.39267,False
2024-09-19 04:05:00,-20.65,107,-53,-7.78,-20.470146,-32.39466,-7.995028,False,-5.07,-20.437408,-32.959435,-7.66472,False
2024-09-19 04:10:00,-19.36,107,-52,-6.56,-19.248465,-31.760874,-6.5405326,True,-5.6700006,-19.275835,-32.40463,-6.2643285,False
2024-09-19 04:15:00,-17.84,107,-54,-2.4599993,-17.68881,-31.038431,-4.746444,False,-6.319999,-17.668953,-31.678469,-4.435783,True
2024-09-19 04:20:00,-16.5,107,-55,-0.19000085,-16.354124,-30.059328,-3.626734,False,-5.23,-16.328356,-30.696007,-3.3084662,True
2024-09-19 04:25:00,-16.04,107,-55,-0.05999978,-15.700957,-29.43935,-3.3069575,False,-5.03,-15.478081,-29.928892,-2.7972834,True
2024-09-19 04:30:00,-15.39,107,-55,-0.34000048,-15.352609,-28.79902,-3.7397206,False,-5.03,-15.422965,-29.489096,-3.4750178,True
2024-09-19 04:35:00,-14.0,107,-56,-0.9300025,-14.125293,-27.679523,-3.2504141,False,-2.9699996,-14.348133,-28.473766,-3.115206,False
2024-09-19 04:40:00,-13.61,107,-57,-1.2899994,-13.581596,-27.197857,-3.09882,False,-1.0500015,-13.647168,-27.872633,-2.8115294,False
2024-09-19 04:45:00,-13.65,107,-58,-1.9500011,-13.274607,-26.86707,-3.0339987,False,-0.66000015,-12.989433,-27.259968,-2.4250147,False
2024-09-19 04:50:00,-12.47,107,-58,-3.0900004,-12.153191,-25.88588,-2.3269637,True,-0.5399993,-11.911827,-26.313929,-1.7476219,False
2024-09-19 04:55:00,-9.94,107,-59,-4.3300004,-9.428011,-24.606436,0.6899678,True,1.5200001,-8.968558,-24.938208,1.4510285,False
2024-09-19 05:00:00,-9.07,107,-59,-5.4100003,-8.371696,-25.204004,2.5890443,True,3.43,-7.721435,-25.46972,3.49909,True
2024-09-19 05:05:00,-7.78,107,-60,-5.07,-7.1617627,-24.660454,3.830713,True,3.1300008,-6.5841804,-24.999842,4.675203,True
2024-09-19 05:10:00,-6.56,107,-60,-5.6700006,-5.9282575,-22.978975,4.3963847,True,2.1599996,-5.3137116,-23.268023,5.2926536,True
2024-09-19 05:15:00,-2.4599993,107,-60,-6.319999,-0.4783214,-19.23474,9.21088,True,-0.5299991,1.5517327,-18.64333,11.337151,True
2024-09-19 05:20:00,-0.19000085,107,-60,-5.23,2.9470117,-16.503002,11.936909,True,0.41999975,6.167766,-15.152588,15.105862,True
2024-09-19 05:25:00,-0.05999978,107,-60,-5.03,2.037439,-17.222197,11.108776,True,-0.46999964,4.2290797,-16.560616,13.3850975,True
2024-09-19 05:30:00,-0.34000048,107,-60,-5.03,1.2985684,-17.805431,10.650246,True,-0.44000086,2.9931982,-17.443764,12.5002365,True
2024-09-19 05:35:00,-0.9300025,107,-59,-2.9699996,0.30100027,-18.410213,9.741587,True,-0.8899997,1.5848233,-18.301432,11.234695,True
2024-09-19 05:40:00,-1.2899994,107,-59,-1.0500015,-0.32122263,-18.81562,9.289362,True,-2.199999,0.6940114,-18.865814,10.547054,True
2024-09-19 05:45:00,-1.9500011,107,-58,-0.66000015,-0.6208957,-19.239653,9.095171,True,-2.7199996,0.7656304,-19.039682,10.675587,True
2024-09-19 05:50:00,-3.0900004,107,-58,-0.5399993,-0.9142688,-19.916117,8.94619,True,-3.279999,1.3545319,-19.137682,11.293068,True
2024-09-19 05:55:00,-4.3300004,107,-58,1.5200001,-1.2824539,-20.507269,8.779806,True,-3.8300002,1.9003655,-19.092623,11.9141865,True
2024-09-19 06:00:00,-5.4100003,107,-57,3.43,-2.2045958,-20.114313,7.45322,True,-3.2700007,1.1689774,-18.430752,10.797344,True
2024-09-19 06:05:00,-5.07,107,-57,3.1300008,-1.2747482,-19.040714,7.9248652,True,-3.109999,2.7311285,-16.86717,11.842688,True
2024-09-19 06:10:00,-5.6700006,107,-55,2.1599996,-1.19356,-19.142792,7.9210677,True,-3.9200003,3.542917,-16.371254,12.472557,True
2024-09-19 06:15:00,-6.319999,107,-56,-0.5299991,-1.0421203,-19.0584,8.029175,True,-3.4799998,4.5226817,-15.626459,13.312317,True
2024-09-19 06:20:00,-5.23,107,-56,0.41999975,0.011508627,-18.489779,9.039284,True,-3.41,5.557323,-15.156232,14.294693,True
2024-09-19 06:25:00,-5.03,107,-54,-0.46999964,0.8782212,-18.508022,10.116558,True,-3.7199996,7.108398,-14.735974,15.932102,True
2024-09-19 06:30:00,-5.03,107,-52,-0.44000086,0.19055335,-18.515493,9.2873955,True,-3.199999,5.7442126,-15.1568165,14.544308,True
2024-09-19 06:35:00,-2.9699996,107,-51,-0.8899997,1.5347611,-16.887768,10.095278,True,-4.23,6.306726,-14.1159315,14.691376,True
2024-09-19 06:40:00,-1.0500015,107,-51,-2.199999,3.404476,-15.6806345,11.539022,True,-4.78,8.094248,-13.058155,16.04441,True
2024-09-19 06:45:00,-0.66000015,107,-50,-2.7199996,2.9864137,-16.255505,11.322817,True,-4.64,6.84654,-14.248092,15.089172,True
2024-09-19 06:50:00,-0.5399993,107,-48,-3.279999,1.9291569,-18.66143,11.29759,True,-5.4100003,4.516479,-17.595215,13.901627,True
2024-09-19 06:55:00,1.5200001,107,-47,-3.8300002,3.6436384,-19.057175,13.582504,True,-7.64,5.823034,-18.350018,15.79121,True
2024-09-19 07:00:00,3.43,107,-47,-3.2700007,5.5596175,-17.41874,15.204525,True,-6.5400004,7.728439,-16.72112,17.401512,True
2024-09-19 07:05:00,3.1300008,107,-47,-3.109999,5.3447795,-16.733894,14.635105,True,-6.769999,7.619745,-15.923627,16.937881,True
2024-09-19 07:10:00,2.1599996,107,-45,-3.9200003,4.5171676,-16.234549,13.445343,True,-5.9500003,6.96779,-15.224971,15.917042,True
2024-09-19 07:15:00,-0.5299991,107,-43,-3.4799998,1.7806927,-18.127026,10.960403,True,-4.9200006,4.205915,-17.060339,13.414425,True
2024-09-19 07:20:00,0.41999975,107,-43,-3.41,2.9841554,-17.393724,12.114174,True,-4.109999,5.6607585,-16.18219,14.778206,True
2024-09-19 07:25:00,-0.46999964,107,-42,-3.7199996,2.106756,-18.163324,11.394459,True,-10.01,4.8040195,-16.915247,14.0685425,True
2024-09-19 07:30:00,-0.44000086,107,-41,-3.199999,2.1942117,-18.714632,11.832657,True,-16.47,4.939565,-17.454357,14.525635,True
2024-09-19 07:35:00,-0.8899997,107,-42,-4.23,1.5937077,-19.763014,11.669231,True,-20.83,4.174398,-18.620974,14.199089,False
2024-09-19 07:40:00,-2.199999,107,-42,-4.78,0.03172271,-21.432928,10.623373,True,-21.54,2.3504255,-20.449718,12.911381,False
2024-09-19 07:45:00,-2.7199996,107,-44,-4.64,-0.7502311,-22.822178,10.36565,True,-21.51,1.2824513,-22.033096,12.38533,True
2024-09-19 07:50:00,-3.279999,107,-42,-5.4100003,-1.6978763,-25.005009,10.2382965,True,-20.8,-0.089950874,-24.505322,11.864738,True
2024-09-19 07:55:00,-3.8300002,107,-39,-7.64,-2.5959895,-27.227571,10.1178875,True,-19.49,-1.3690456,-26.98178,11.395515,True
2024-09-19 08:00:00,-3.2700007,107,-38,-6.5400004,-1.0709728,-26.477621,11.50425,True,-19.96,1.1751438,-25.614706,13.633148,True
2024-09-19 08:05:00,-3.109999,107,-37,-6.769999,-0.10156472,-22.554848,11.224455,True,-20.29,3.045759,-20.99626,14.171902,True
2024-09-19 08:10:00,-3.9200003,107,-37,-5.9500003,-0.24977715,-21.46264,10.673927,True,-19.95,3.6237905,-19.321869,14.27071,False
2024-09-19 08:15:00,-3.4799998,107,-38,-4.9200006,0.62927216,-20.16531,11.222607,True,-18.6,4.953031,-17.678099,15.217041,False
2024-09-19 08:20:00,-3.41,107,-37,-4.109999,0.8146474,-20.039135,11.449034,True,-18.66,5.2441993,-17.468002,15.524143,False
2024-09-19 08:25:00,-3.7199996,107,-35,-10.01,-0.38715205,-21.263977,10.635319,True,-18.32,3.0799482,-19.353779,13.863281,True
2024-09-19 08:30:00,-3.199999,107,-34,-16.47,-0.9539893,-23.007101,10.796568,True,-16.51,1.3239304,-21.928177,12.960545,True
2024-09-19 08:35:00,-4.23,107,-33,-20.83,-3.1736777,-26.397175,9.555517,True,-15.65,-2.1634943,-26.135618,10.598797,True
2024-09-19 08:40:00,-4.78,107,-34,-21.54,-3.4812205,-29.728481,10.087271,True,-14.75,-2.2424204,-29.357182,11.293642,True
2024-09-19 08:45:00,-4.64,107,-34,-21.51,-1.882933,-25.627975,10.322893,True,-13.24,0.9225938,-24.201584,12.88628,True
2024-09-19 08:50:00,-5.4100003,107,-35,-20.8,-1.3949989,-24.488745,10.451454,True,-13.07,2.7792184,-22.105782,14.185486,True
2024-09-19 08:55:00,-7.64,107,-34,-19.49,-2.5048163,-24.943352,9.30233,True,-12.44,2.913881,-21.593317,14.098358,True
2024-09-19 09:00:00,-6.5400004,107,-32,-19.96,-0.36014208,-22.646357,10.838438,True,-14.04,6.1320205,-18.518715,16.549416,True
2024-09-19 09:05:00,-6.769999,107,-33,-20.29,0.078731224,-22.490698,11.356163,True,-15.41,7.2617545,-17.846079,17.6251,True
2024-09-19 09:10:00,-5.9500003,107,-32,-19.95,1.1963478,-22.369747,12.696674,True,-16.48,8.588938,-17.681942,19.09668,True
2024-09-19 09:15:00,-4.9200006,107,-30,-18.6,2.5543058,-22.283707,14.330681,True,-16.11,10.192871,-17.527678,20.878971,True
2024-09-19 09:20:00,-4.109999,107,-28,-18.66,4.021814,-22.064371,16.138405,True,-13.64,12.206705,-17.0114,23.086433,True
2024-09-19 09:25:00,-10.01,107,-28,-18.32,-2.9151194,-26.893457,10.028343,True,-12.86,4.5441318,-21.968126,16.39206,True
2024-09-19 09:30:00,-16.47,107,-31,-16.51,-10.014152,-32.100044,3.6461103,True,-15.36,-3.0448763,-27.066738,9.644421,True
2024-09-19 09:35:00,-20.83,107,-31,-15.65,-15.030231,-35.051662,-1.5358566,True,-17.97,-8.723064,-30.111166,3.98822,True
2024-09-19 09:40:00,-21.54,107,-33,-14.75,-16.003117,-34.711945,-3.3207476,True,-20.78,-9.975158,-29.798775,2.0193994,True
2024-09-19 09:45:00,-21.51,107,-34,-13.24,-16.517712,-34.28608,-4.4926972,True,-22.1,-11.084818,-29.809992,0.3637921,True
2024-09-19 09:50:00,-20.8,107,-34,-13.07,-16.125362,-33.294964,-4.7092605,True,-22.78,-11.044426,-29.074366,-0.1422847,True
2024-09-19 09:55:00,-19.49,107,-33,-12.44,-14.984745,-32.31267,-3.6982195,True,-28.96,-10.09974,-28.344618,0.67178696,False
2024-09-19 10:00:00,-19.96,107,-33,-14.04,-15.261442,-32.600323,-3.9509423,True,-35.39,-10.155196,-28.38739,0.60529107,False
2024-09-19 10:05:00,-20.29,107,-33,-15.41,-15.738729,-32.929165,-4.376429,True,-40.26,-10.794254,-28.822775,0.0316426,False
2024-09-19 10:10:00,-19.95,107,-32,-16.48,-15.799815,-32.68076,-4.496775,True,-43.35,-11.312562,-28.963104,-0.4926208,False
2024-09-19 10:15:00,-18.6,107,-31,-16.11,-14.864109,-31.172346,-4.0003533,True,-46.75,-10.853002,-27.855154,-0.4065002,False
2024-09-19 10:20:00,-18.66,107,-31,-13.64,-16.262323,-31.801104,-5.2960973,True,-51.74,-13.72725,-29.725561,-3.0126822,False
2024-09-19 10:25:00,-18.32,107,-31,-12.86,-16.728426,-32.849037,-5.12581,True,-55.509995,-15.083758,-31.543861,-3.6624377,False
2024-09-19 10:30:00,-16.51,107,-30,-15.36,-15.357242,-33.087738,-3.0318663,True,-60.48,-14.207552,-32.221294,-2.038668,False
2024-09-19 10:35:00,-15.65,107,-29,-17.97,-14.809278,-33.780144,-1.9401134,True,-61.0,-13.998799,-33.17532,-1.2635292,False
2024-09-19 10:40:00,-14.75,107,-28,-20.78,-13.847318,-32.154045,-1.3077034,True,-61.47,-12.966118,-31.476606,-0.57699424,False
2024-09-19 10:45:00,-13.24,107,-28,-22.1,-12.167652,-30.485434,0.06809203,True,-59.64,-11.123922,-29.689552,0.9258935,False
2024-09-19 10:50:00,-13.07,107,-28,-22.78,-12.039697,-31.031874,0.25391164,True,-58.29,-11.046461,-30.274553,1.0527169,False
2024-09-19 10:55:00,-12.44,107,-27,-28.96,-11.419816,-31.705627,0.96375245,True,-58.97,-10.455476,-30.983381,1.7207047,False
2024-09-19 11:00:00,-14.04,107,-28,-35.39,-13.213207,-34.910263,0.030641241,False,-57.97,-12.446255,-34.31257,0.60723656,False
2024-09-19 11:05:00,-15.41,107,-28,-40.26,-14.644583,-36.588165,-0.8427165,False,-57.33,-13.932175,-36.005886,-0.31936106,False
2024-09-19 11:10:00,-16.48,107,-28,-43.35,-16.031086,-37.183628,-2.1229117,False,-58.98,-15.645334,-36.809757,-1.8827862,False
2024-09-19 11:15:00,-16.11,107,-27,-46.75,-15.883168,-37.297886,-1.5779041,False,-57.97,-15.731202,-37.071175,-1.5477508,False
2024-09-19 11:20:00,-13.64,107,-26,-51.74,-13.532287,-35.76864,0.8597638,False,-58.41,-13.523568,-35.629147,0.75509995,False
2024-09-19 11:25:00,-12.86,107,-25,-55.509995,-12.945006,-35.290863,1.6157337,False,-58.46,-13.143262,-35.275093,1.3247544,False
2024-09-19 11:30:00,-15.36,107,-25,-60.48,-15.900388,-36.903885,-0.98280746,False,-58.31,-16.550272,-37.19256,-1.6665024,False
2024-09-19 11:35:00,-17.97,107,-26,-61.0,-18.95462,-38.65151,-3.736334,False,-58.57,-20.035107,-39.25636,-4.79931,False
2024-09-19 11:40:00,-20.78,107,-28,-61.47,-22.105366,-40.80862,-6.566692,False,-57.45,-23.499384,-41.664513,-7.905541,False
2024-09-19 11:45:00,-22.1,107,-29,-59.64,-23.499214,-41.73871,-7.896951,False,-55.16,-24.948896,-42.643787,-9.289506,False
2024-09-19 11:50:00,-22.78,107,-29,-58.29,-24.268162,-41.982414,-8.802434,False,-54.32,-25.793459,-42.950512,-10.268954,False
2024-09-19 11:55:00,-28.96,107,-30,-58.97,-30.841072,-47.16778,-14.721483,False,-56.73,-32.66896,-48.43953,-16.443943,False
2024-09-19 12:00:00,-35.39,107,-31,-57.97,-37.55315,-53.230118,-20.336912,False,-57.3,-39.566727,-54.710274,-22.199951,False
2024-09-19 12:05:00,-40.26,107,-33,-57.33,-42.70798,-58.330833,-24.274883,True,-55.59,-44.928787,-60.014164,-26.290129,True
2024-09-19 12:10:00,-43.35,107,-33,-58.98,-45.977177,-61.487217,-26.76027,True,-55.83,-48.32261,-63.29468,-28.864937,True
2024-09-19 12:15:00,-46.75,107,-33,-57.97,-49.467487,-64.90878,-29.36639,True,-54.22,-51.861633,-66.79109,-31.493143,True
2024-09-19 12:20:00,-51.74,107,-33,-58.41,-54.364155,-69.47167,-33.258865,True,-55.34,-56.621555,-71.284424,-35.25041,True
2024-09-19 12:25:00,-55.509995,107,-34,-58.46,-57.96793,-72.72438,-36.294807,True,-55.13,-60.043514,-74.41371,-38.12732,True
2024-09-19 12:30:00,-60.48,107,-36,-58.31,-62.58859,-76.83726,-40.294533,True,-53.58,-64.29796,-78.22961,-41.816154,True
2024-09-19 12:35:00,-61.0,107,-37,-58.57,-63.056637,-76.994354,-40.949085,True,-50.65,-64.70983,-78.336845,-42.43276,True
2024-09-19 12:40:00,-61.47,107,-38,-57.45,-63.384598,-77.108696,-41.45587,True,-49.29,-64.897316,-78.31327,-42.832336,True
2024-09-19 12:45:00,-59.64,107,-39,-55.16,-61.524868,-75.232124,-40.048935,True,-51.96,-63.02025,-76.398735,-41.424194,True
2024-09-19 12:50:00,-58.29,107,-40,-54.32,-60.092815,-73.741455,-39.04258,True,-56.69,-61.517117,-74.818245,-40.364643,True
2024-09-19 12:55:00,-58.97,107,-40,-56.73,-60.416092,-73.91219,-39.532803,True,-57.05,-61.501083,-74.66708,-40.580647,True
2024-09-19 13:00:00,-57.97,107,-41,-57.3,-58.974277,-72.2404,-38.67194,True,-48.09,-59.657536,-72.61093,-39.404224,True
2024-09-19 13:05:00,-57.33,107,-43,-55.59,-57.870026,-70.7208,-38.23221,True,-42.6,-58.128532,-70.68947,-38.625584,True
2024-09-19 13:10:00,-58.98,107,-44,-55.83,-59.228054,-71.922585,-39.53112,True,-46.39,-59.209213,-71.62052,-39.701237,True
2024-09-19 13:15:00,-57.97,107,-45,-54.22,-58.142315,-70.696434,-38.798325,True,-55.45,-58.059654,-70.32431,-38.928013,True
2024-09-19 13:20:00,-58.41,107,-46,-55.34,-58.57857,-71.73272,-38.520916,True,-60.3,-58.50228,-71.34704,-38.662186,True
2024-09-19 13:25:00,-58.46,107,-46,-55.13,-59.15996,-73.42373,-37.90149,True,-63.23,-59.564503,-73.46398,-38.43588,True
2024-09-19 13:30:00,-58.31,107,-47,-53.58,-59.147213,-73.02508,-37.922733,True,-67.69,-59.67332,-73.17783,-38.56802,True
2024-09-19 13:35:00,-58.57,107,-47,-50.65,-59.61556,-73.524376,-38.015873,True,-66.17,-60.323696,-73.837074,-38.81704,True
2024-09-19 13:40:00,-57.45,107,-47,-49.29,-58.72959,-72.40982,-37.276115,True,-65.82,-59.648964,-72.90831,-38.25938,True
2024-09-19 13:45:00,-55.16,107,-46,-51.96,-56.661697,-70.12898,-35.709076,True,-64.11,-57.797043,-70.81591,-36.886204,True
2024-09-19 13:50:00,-54.32,107,-47,-56.69,-55.78148,-68.857574,-35.255,True,-60.74,-56.885464,-69.508804,-36.423466,True
2024-09-19 13:55:00,-56.73,107,-46,-57.05,-57.852238,-70.36325,-37.266804,True,-58.13,-58.627438,-70.72063,-38.171764,True
2024-09-19 14:00:00,-57.3,107,-46,-48.09,-58.251858,-70.40311,-37.869312,True,-54.23,-58.86129,-70.60116,-38.641685,True
2024-09-19 14:05:00,-55.59,107,-45,-42.6,-56.424515,-68.04475,-36.82334,True,-51.62,-56.935555,-68.14386,-37.525246,True
2024-09-19 14:10:00,-55.83,107,-46,-46.39,-56.36614,-67.63101,-37.099766,True,-48.370003,-56.610825,-67.47765,-37.584908,True
2024-09-19 14:15:00,-54.22,107,-47,-55.45,-54.581367,-65.59207,-35.91669,True,-46.9,-54.682022,-65.29353,-36.289143,True
2024-09-19 14:20:00,-55.34,107,-48,-60.3,-55.375446,-66.25386,-36.72273,True,-45.66,-55.184246,-65.66815,-36.850502,True
2024-09-19 14:25:00,-55.13,107,-49,-63.23,-54.866573,-65.52104,-36.57456,True,-44.79,-54.420734,-64.68724,-36.48818,True
2024-09-19 14:30:00,-53.58,107,-50,-67.69,-53.23668,-64.02397,-35.360878,False,-42.7,-52.738754,-63.128944,-35.22588,True
2024-09-19 14:35:00,-50.65,107,-51,-66.17,-50.226505,-61.04426,-33.22004,False,-41.79,-49.68114,-60.10303,-33.040012,True
2024-09-19 14:40:00,-49.29,107,-52,-65.82,-48.62374,-59.768078,-32.045124,False,-41.97,-47.89261,-58.64323,-31.701187,True
2024-09-19 14:45:00,-51.96,107,-54,-64.11,-50.73261,-62.706516,-33.59287,False,-41.73,-49.513145,-61.090908,-32.8449,True
2024-09-19 14:50:00,-56.69,107,-54,-60.74,-54.526173,-66.57038,-36.7722,True,-40.95,-52.501095,-64.154755,-35.363865,True
2024-09-19 14:55:00,-57.05,107,-52,-58.13,-54.57995,-66.49983,-37.102493,True,-41.33,-52.29505,-63.82599,-35.480453,True
2024-09-19 15:00:00,-48.09,107,-47,-54.23,-46.503056,-58.410477,-30.680351,True,-41.560005,-44.995106,-56.529358,-29.687757,True
2024-09-19 15:05:00,-42.6,107,-43,-51.62,-41.385643,-53.620884,-26.487257,True,-40.73,-40.21593,-52.071968,-25.777668,True
2024-09-19 15:10:00,-46.39,107,-41,-48.370003,-44.78127,-57.00217,-29.32799,True,-39.97,-43.265892,-55.114338,-28.334208,True
2024-09-19 15:15:00,-55.45,107,-40,-46.9,-52.863625,-64.59635,-36.283886,True,-39.44,-50.491863,-61.83368,-34.604046,True
2024-09-19 15:20:00,-60.3,107,-39,-45.66,-57.095608,-68.69707,-39.955788,True,-38.4,-54.184574,-65.36657,-37.854614,True
2024-09-19 15:25:00,-63.23,107,-37,-44.79,-59.598705,-71.12434,-41.987976,True,-38.02,-56.3299,-67.41025,-39.61102,False
2024-09-19 15:30:00,-67.69,107,-37,-42.7,-63.260796,-75.012665,-44.84468,False,-36.8,-59.313766,-70.57192,-41.947544,False
2024-09-19 15:35:00,-66.17,107,-36,-41.79,-61.9546,-73.70478,-43.771587,False,-35.58,-58.192013,-69.46413,-41.020405,False
2024-09-19 15:40:00,-65.82,107,-35,-41.97,-61.73541,-73.39866,-43.479065,False,-34.02,-58.097305,-69.28458,-40.831097,False
2024-09-19 15:45:00,-64.11,107,-34,-41.73,-60.215492,-71.989555,-41.806965,False,-33.84,-56.76654,-68.08273,-39.304855,False
2024-09-19 15:50:00,-60.74,107,-34,-40.95,-57.02877,-69.38331,-38.626774,True,-30.99,-53.74385,-65.67223,-36.24315,False
2024-09-19 15:55:00,-58.13,107,-34,-41.33,-54.694565,-66.20615,-37.13028,True,-28.4,-51.653885,-62.754913,-34.916798,False
2024-09-19 16:00:00,-54.23,107,-33,-41.560005,-50.697903,-61.741238,-34.470383,True,-33.35,-47.554947,-58.2272,-32.13615,True
2024-09-19 16:05:00,-51.62,107,-33,-40.73,-48.060795,-58.937695,-32.430267,True,-34.09,-44.899635,-55.431538,-30.060633,True
2024-09-19 16:10:00,-48.370003,107,-34,-39.97,-45.234097,-55.750996,-30.293344,True,-32.96,-42.44232,-52.6361,-28.218248,True
2024-09-19 16:15:00,-46.9,107,-34,-39.44,-44.300682,-54.708984,-29.627882,True,-34.34,-41.97041,-52.053432,-27.943262,True
2024-09-19 16:20:00,-45.66,107,-33,-38.4,-43.732212,-54.429573,-28.83189,True,-36.06,-41.987602,-52.33378,-27.645174,True
2024-09-19 16:25:00,-44.79,107,-34,-38.02,-42.955887,-54.74604,-27.195656,True,-35.6,-41.310425,-52.736404,-26.086592,True
2024-09-19 16:30:00,-42.7,107,-33,-36.8,-41.604816,-53.087105,-25.606424,True,-33.02,-40.596943,-51.649784,-25.027498,True
2024-09-19 16:35:00,-41.79,107,-33,-35.58,-40.71075,-51.57644,-24.959517,True,-32.55,-39.7158,-50.164154,-24.38747,True
2024-09-19 16:40:00,-41.97,107,-35,-34.02,-40.57022,-49.921043,-25.795574,True,-34.08,-39.302288,-48.290127,-24.994684,True
2024-09-19 16:45:00,-41.73,107,-35,-33.84,-39.757317,-49.16468,-25.215271,True,-35.46,-38.007515,-47.10543,-23.991209,True
2024-09-19 16:50:00,-40.95,107,-36,-30.99,-38.93334,-48.477493,-24.40207,True,-35.12,-37.14893,-46.3941,-23.143358,True
2024-09-19 16:55:00,-41.33,107,-36,-28.4,-39.015285,-48.866135,-24.433672,True,-34.9,-36.975082,-46.552216,-22.951483,True
2024-09-19 17:00:00,-41.560005,107,-36,-33.35,-39.07684,-48.9633,-24.427357,True,-32.86,-36.90384,-46.53154,-22.827063,True
2024-09-19 17:05:00,-40.73,107,-36,-34.09,-38.05557,-48.23633,-23.509861,True,-32.08,-35.71588,-45.663895,-21.762444,True
2024-09-19 17:10:00,-39.97,107,-37,-32.96,-37.56937,-47.81081,-23.162432,True,-29.27,-35.446545,-45.445637,-21.601019,True
2024-09-19 17:15:00,-39.44,107,-38,-34.34,-37.721947,-47.673,-23.228918,True,-28.58,-36.168518,-45.824894,-22.161707,True
2024-09-19 17:20:00,-38.4,107,-38,-36.06,-37.387886,-47.71156,-22.368807,True,-29.47,-36.431023,-46.390373,-21.813183,True
2024-09-19 17:25:00,-38.02,107,-38,-35.6,-37.742226,-48.11146,-22.265682,True,-30.15,-37.407703,-47.32974,-22.236418,True
2024-09-19 17:30:00,-36.8,107,-39,-33.02,-37.317165,-48.093662,-21.34457,True,-29.27,-37.64983,-47.85987,-21.877401,True
2024-09-19 17:35:00,-35.58,107,-40,-32.55,-36.809757,-47.952774,-20.363506,True,-27.36,-37.7381,-48.18859,-21.397243,True
2024-09-19 17:40:00,-34.02,107,-39,-34.08,-35.775658,-46.888893,-19.460125,True,-26.28,-37.151844,-47.48082,-20.873857,True
2024-09-19 17:45:00,-33.84,107,-39,-35.46,-35.84178,-45.60566,-20.26834,True,-26.15,-37.399876,-46.382698,-21.853443,True
2024-09-19 17:50:00,-30.99,107,-38,-35.12,-33.295403,-42.684475,-18.490173,True,-24.8,-35.11007,-43.658638,-20.310377,True
2024-09-19 17:55:00,-28.4,107,-38,-34.9,-30.95611,-40.260853,-16.674578,True,-23.94,-32.979443,-41.380814,-18.684416,True
2024-09-19 18:00:00,-33.35,107,-40,-32.86,-35.332405,-43.58041,-20.68167,True,-23.76,-36.834778,-44.361183,-22.228094,True
2024-09-19 18:05:00,-34.09,107,-43,-32.08,-35.534107,-44.05471,-20.807693,True,-23.67,-36.584084,-44.46265,-21.947084,True
2024-09-19 18:10:00,-32.96,107,-43,-29.27,-34.7731,-43.26371,-20.307905,True,-23.28,-36.10265,-43.886333,-21.686771,True
2024-09-19 18:15:00,-34.34,107,-43,-28.58,-35.70176,-44.33423,-21.426674,True,-21.6,-36.65812,-44.67057,-22.465572,False
2024-09-19 18:20:00,-36.06,107,-44,-29.47,-36.88619,-45.391426,-22.830696,True,-19.98,-37.414585,-45.40001,-23.492794,False
2024-09-19 18:25:00,-35.6,107,-44,-30.15,-35.90622,-44.72695,-22.244844,True,-19.94,-36.019688,-44.387638,-22.546476,False
2024-09-19 18:30:00,-33.02,107,-45,-29.27,-33.2468,-42.20152,-20.358763,True,-19.65,-33.299667,-41.821735,-20.607573,False
2024-09-19 18:35:00,-32.55,107,-46,-27.36,-32.454227,-41.214634,-20.289755,True,-18.27,-32.24196,-40.627758,-20.311281,False
2024-09-19 18:40:00,-34.08,107,-47,-26.28,-33.20492,-42.00415,-21.227734,True,-16.97,-32.343513,-40.8669,-20.68133,False
2024-09-19 18:45:00,-35.46,107,-48,-26.15,-34.544624,-42.716473,-22.966301,True,-15.65,-33.647114,-41.555607,-22.395247,False
2024-09-19 18:50:00,-35.12,107,-49,-24.8,-33.982506,-42.06825,-22.883423,True,-15.4,-32.89234,-40.75277,-22.143581,False
2024-09-19 18:55:00,-34.9,107,-49,-23.94,-33.63773,-41.78837,-22.62666,True,-14.67,-32.436398,-40.3802,-21.788233,False
2024-09-19 19:00:00,-32.86,107,-48,-23.76,-31.809738,-40.01855,-21.05594,True,-14.14,-30.779243,-38.7737,-20.362432,False
2024-09-19 19:05:00,-32.08,107,-47,-23.67,-31.071854,-39.34429,-20.349417,True,-14.49,-30.07532,-38.140236,-19.677156,False
2024-09-19 19:10:00,-29.27,107,-47,-23.28,-28.50532,-37.058838,-18.149696,True,-15.67,-27.704754,-36.029263,-17.647923,False
2024-09-19 19:15:00,-28.58,107,-48,-21.6,-27.811108,-36.348274,-17.696503,True,-15.97,-27.001776,-35.32067,-17.186508,False
2024-09-19 19:20:00,-29.47,107,-48,-19.98,-28.499632,-36.871143,-18.473795,True,-15.38,-27.514761,-35.702183,-17.809347,False
2024-09-19 19:25:00,-30.15,107,-47,-19.94,-28.831512,-37.247326,-18.83989,True,-15.09,-27.543356,-35.827114,-17.904661,False
2024-09-19 19:30:00,-29.27,107,-47,-19.65,-28.025076,-36.382515,-18.392227,True,-13.97,-26.793102,-35.022175,-17.504541,False
2024-09-19 19:35:00,-27.36,107,-47,-18.27,-26.174318,-34.58589,-17.080349,True,-13.16,-24.980236,-33.270832,-16.22566,False
2024-09-19 19:40:00,-26.28,107,-47,-16.97,-25.079216,-33.49699,-16.408325,True,-13.32,-23.862862,-32.175613,-15.532198,False
2024-09-19 19:45:00,-26.15,107,-47,-15.65,-24.86067,-33.2989,-16.447027,False,-13.53,-23.561626,-31.919468,-15.492771,False
2024-09-19 19:50:00,-24.8,107,-46,-15.4,-23.556976,-32.222607,-15.467984,False,-13.97,-22.288246,-30.879318,-14.537079,False
2024-09-19 19:55:00,-23.94,107,-46,-14.67,-22.73862,-31.575325,-14.791861,False,-14.45,-21.49952,-30.26427,-13.883761,True
2024-09-19 20:00:00,-23.76,107,-45,-14.14,-22.293068,-31.440903,-14.246609,False,-14.43,-20.80434,-29.925714,-13.116034,True
2024-09-19 20:05:00,-23.67,107,-45,-14.49,-21.999126,-31.35613,-13.837599,True,-14.97,-20.31855,-29.690723,-12.533751,True
2024-09-19 20:10:00,-23.28,107,-45,-15.67,-21.693605,-31.10488,-13.497851,True,-15.24,-20.087137,-29.51423,-12.252355,True
2024-09-19 20:15:00,-21.6,107,-44,-15.97,-20.253021,-29.689268,-12.358815,True,-14.69,-18.855755,-28.284245,-11.293036,True
2024-09-19 20:20:00,-19.98,107,-43,-15.38,-19.55717,-28.736765,-11.617957,True,-15.36,-19.00254,-28.01649,-11.290621,True
2024-09-19 20:25:00,-19.94,107,-43,-15.09,-19.415865,-29.618534,-10.471817,True,-15.46,-18.761992,-28.81316,-10.048232,True
2024-09-19 20:30:00,-19.65,107,-42,-13.97,-19.344582,-30.756353,-9.170878,True,-14.62,-18.881418,-30.087917,-8.90208,True
2024-09-19 20:35:00,-18.27,107,-42,-13.16,-18.27591,-30.418034,-7.6217456,True,-14.23,-18.088472,-29.95447,-7.5820317,True
2024-09-19 20:40:00,-16.97,107,-42,-13.32,-17.101658,-28.121601,-7.6924853,True,-13.71,-17.035175,-27.779087,-7.7652736,True
2024-09-19 20:45:00,-15.65,107,-41,-13.53,-15.744591,-26.101044,-7.2011256,True,-13.55,-15.644415,-25.755674,-7.249183,True
2024-09-19 20:50:00,-15.4,107,-41,-13.97,-15.235219,-25.440498,-6.8987813,True,-13.57,-14.896896,-24.930025,-6.736629,True
2024-09-19 20:55:00,-14.67,107,-41,-14.45,-14.381999,-24.012407,-6.9663997,True,-13.17,-13.933314,-23.43999,-6.709805,True
2024-09-19 21:00:00,-14.14,107,-41,-14.43,-13.940213,-22.657337,-7.731508,True,-13.43,-13.58211,-22.186636,-7.5581594,True
2024-09-19 21:05:00,-14.49,107,-41,-14.97,-14.366009,-22.59248,-8.492579,True,-13.76,-14.08208,-22.198442,-8.384448,True
2024-09-19 21:10:00,-15.67,107,-42,-15.24,-15.821582,-23.657898,-9.803203,True,-13.94,-15.794872,-23.481634,-9.922949,True
2024-09-19 21:15:00,-15.97,107,-42,-14.69,-16.252184,-24.063433,-9.954136,True,-13.32,-16.345388,-23.987051,-10.175016,True
2024-09-19 21:20:00,-15.38,107,-41,-15.36,-15.818464,-23.840809,-9.262492,True,-13.21,-16.05404,-23.87487,-9.601133,True
2024-09-19 21:25:00,-15.09,107,-40,-15.46,-15.594966,-23.8076,-8.800185,True,-13.61,-15.889352,-23.886213,-9.1845,True
2024-09-19 21:30:00,-13.97,107,-40,-14.62,-14.136603,-22.614616,-7.5047593,True,-14.9,-14.117105,-22.453766,-7.6044497,True
2024-09-19 21:35:00,-13.16,107,-39,-14.23,-13.159268,-21.759018,-6.7016387,True,-15.16,-12.982002,-21.482561,-6.6574416,True
2024-09-19 21:40:00,-13.32,107,-39,-13.71,-13.026792,-21.608593,-6.6906533,True,-14.85,-12.578442,-21.132212,-6.4015527,True
2024-09-19 21:45:00,-13.53,107,-40,-13.55,-12.865733,-21.46512,-6.6893086,True,-14.69,-12.072474,-20.729156,-6.0876336,True
2024-09-19 21:50:00,-13.97,107,-41,-13.57,-13.000435,-21.485706,-7.0153604,True,-14.27,-11.922218,-20.531986,-6.1562657,True
2024-09-19 21:55:00,-14.45,107,-41,-13.17,-13.07401,-21.474957,-7.291305,True,-14.03,-11.613497,-20.218906,-6.0883765,True
2024-09-19 22:00:00,-14.43,107,-42,-13.43,-12.665846,-21.213776,-7.0069985,True,-13.89,-10.834565,-19.664518,-5.468391,True
2024-09-19 22:05:00,-14.97,107,-43,-13.76,-12.349976,-21.316057,-6.5961366,True,-14.0,-9.697408,-19.10416,-4.3238835,True
2024-09-19 22:10:00,-15.24,107,-43,-13.94,-12.311267,-21.392849,-6.460588,True,-12.04,-9.355438,-18.944784,-3.911815,True
2024-09-19 22:15:00,-14.69,107,-43,-13.32,-11.445019,-20.774164,-5.6355386,True,-11.13,-8.172327,-18.090559,-2.8012545,True
2024-09-19 22:20:00,-15.36,107,-42,-13.21,-12.264371,-21.327112,-6.507893,True,-12.05,-9.132665,-18.753149,-3.7921612,True
2024-09-19 22:25:00,-15.46,107,-42,-13.61,-12.45755,-21.330858,-6.7883763,True,-11.46,-9.41849,-18.831444,-4.1483006,True
2024-09-19 22:30:00,-14.62,107,-41,-14.9,-12.278442,-20.75519,-6.8459687,True,-11.26,-9.87995,-18.790945,-4.766091,True
2024-09-19 22:35:00,-14.23,107,-40,-15.16,-12.756548,-20.645061,-7.4754853,True,-11.68,-11.204463,-19.382223,-6.14529,True
2024-09-19 22:40:00,-13.71,107,-41,-14.85,-12.492501,-20.245996,-7.3429465,True,-12.01,-11.191364,-19.197456,-6.232885,True
2024-09-19 22:45:00,-13.55,107,-40,-14.69,-12.531023,-20.17058,-7.514297,True,-12.02,-11.423656,-19.289213,-6.5734105,True
2024-09-19 22:50:00,-13.57,107,-40,-14.27,-12.550334,-20.124237,-7.6903625,True,-11.74,-11.445801,-19.252298,-6.746823,True
2024-09-19 22:55:00,-13.17,107,-40,-14.03,-12.012979,-19.594488,-7.4580884,True,-11.71,-10.779486,-18.620916,-6.3893733,True
2024-09-19 23:00:00,-13.43,107,-40,-13.89,-12.016422,-19.56559,-7.797259,True,-11.09,-10.539432,-18.388512,-6.500751,True
2024-09-19 23:05:00,-13.76,107,-39,-14.0,-12.008349,-19.635841,-8.005099,True,-11.24,-10.204302,-18.18623,-6.4035077,True
2024-09-19 23:10:00,-13.94,107,-40,-12.04,-11.776906,-19.547573,-7.969563,True,-11.15,-9.573598,-17.758966,-5.9961476,True
2024-09-19 23:15:00,-13.32,107,-39,-11.13,-10.756728,-18.762177,-7.1874614,True,-11.82,-8.159508,-16.641813,-4.842875,True
2024-09-19 23:20:00,-13.21,107,-38,-12.05,-10.336639,-18.467218,-6.8813815,True,-12.4,-7.430572,-16.086535,-4.2439485,True
2024-09-19 23:25:00,-13.61,107,-37,-11.46,-10.735269,-18.842644,-7.328426,True,-12.41,-7.8293567,-16.455656,-4.6855702,True
2024-09-19 23:30:00,-14.9,107,-38,-11.26,-11.863528,-19.949854,-8.393432,True,-12.03,-8.80624,-17.419327,-5.610128,True
2024-09-19 23:35:00,-15.16,107,-39,-11.68,-11.709534,-20.079939,-8.10139,True,-10.94,-8.24001,-17.206465,-4.9394536,True
2024-09-19 23:40:00,-14.85,107,-39,-12.01,-11.24508,-19.890774,-7.4307504,True,-11.26,-7.6053176,-16.913908,-4.1156383,True
2024-09-19 23:45:00,-14.69,107,-38,-12.02,-11.329371,-19.939222,-7.387115,True,-10.53,-7.9314466,-17.183283,-4.289268,True
2024-09-19 23:50:00,-14.27,107,-38,-11.74,-11.255865,-19.592968,-7.5524364,True,-10.68,-8.205052,-17.125677,-4.750918,True
2024-09-19 23:55:00,-14.03,107,-37,-11.71,-10.921759,-19.282547,-7.3631196,True,-10.59,-7.780889,-16.73257,-4.4660172,True
2024-09-20 00:00:00,-13.89,107,-36,-11.09,-10.819327,-19.102448,-7.4209247,True,-10.42,-7.712052,-16.578775,-4.537665,True
2024-09-20 00:05:00,-14.0,107,-36,-11.24,-11.211153,-19.308052,-7.9347157,True,-11.42,-8.388038,-17.02758,-5.298961,True
2024-09-20 00:10:00,-12.04,107,-35,-11.15,-9.260971,-17.617764,-6.179767,True,-11.2,-6.44647,-15.37416,-3.5401194,True
2024-09-20 00:15:00,-11.13,107,-34,-11.82,-8.55906,-16.89629,-5.5515532,True,-11.19,-5.949058,-14.846162,-3.086529,True
2024-09-20 00:20:00,-12.05,107,-34,-12.4,-9.508756,-17.69061,-6.52902,True,-11.29,-6.9261994,-15.656996,-4.078486,True
2024-09-20 00:25:00,-11.46,107,-35,-12.41,-9.166845,-17.130922,-6.4316564,True,-10.18,-6.8255963,-15.305744,-4.1807055,True
2024-09-20 00:30:00,-11.26,107,-35,-12.03,-8.922243,-17.012712,-6.347689,True,-11.0,-6.5427737,-15.151202,-4.0540757,True
2024-09-20 00:35:00,-11.68,107,-34,-10.94,-9.299092,-17.413654,-6.79715,True,-10.71,-6.8793416,-15.51259,-4.4554152,True
2024-09-20 00:40:00,-12.01,107,-34,-11.26,-9.421228,-17.702002,-6.8896594,True,-9.66,-6.795219,-15.621526,-4.351176,True
2024-09-20 00:45:00,-12.02,107,-34,-10.53,-8.65494,-17.482613,-6.168981,True,-9.52,-5.2430606,-14.735235,-2.895323,True
2024-09-20 00:50:00,-11.74,107,-34,-10.68,-8.16975,-17.214325,-5.663181,True,-9.67,-4.5461793,-14.290966,-2.1835063,True
2024-09-20 00:55:00,-11.71,107,-34,-10.59,-7.946098,-17.027626,-5.6872935,True,-9.12,-4.1242185,-13.912049,-2.0008852,True
2024-09-20 01:00:00,-11.09,107,-33,-10.42,-7.4889216,-16.625458,-5.318581,True,-8.63,-3.8238795,-13.659506,-1.7667907,True
2024-09-20 01:05:00,-11.24,107,-33,-11.42,-7.3666253,-16.799183,-5.1078086,True,-8.36,-3.433821,-13.612727,-1.3099178,True
2024-09-20 01:10:00,-11.15,107,-34,-11.2,-7.037454,-16.745209,-4.6603227,True,-8.07,-2.8460524,-13.373597,-0.62433463,True
2024-09-20 01:15:00,-11.82,107,-34,-11.19,-7.75423,-17.541162,-5.098435,True,-7.6600003,-3.5837443,-14.211229,-1.0900921,True
2024-09-20 01:20:00,-12.4,107,-34,-11.29,-8.354516,-18.093884,-5.6509023,True,-8.07,-4.1974854,-14.771573,-1.6455215,True
2024-09-20 01:25:00,-12.41,107,-34,-10.18,-8.772117,-18.398691,-5.8462396,True,-9.270001,-5.0232844,-15.45594,-2.216202,True
2024-09-20 01:30:00,-12.03,107,-33,-11.0,-8.246071,-18.010239,-5.2830157,True,-9.87,-4.3439164,-14.954953,-1.502335,True
2024-09-20 01:35:00,-10.94,107,-33,-10.71,-7.1630797,-16.969053,-4.1635604,True,-9.06,-3.2750514,-13.94774,-0.37465128,True
2024-09-20 01:40:00,-11.26,107,-33,-9.66,-7.644933,-17.260529,-4.6434903,True,-8.01,-3.9190905,-14.374985,-0.9836944,True
2024-09-20 01:45:00,-10.53,107,-33,-9.52,-6.754975,-16.652725,-3.643223,True,-7.8800006,-2.865269,-13.658764,0.17009704,True
2024-09-20 01:50:00,-10.68,107,-32,-9.67,-7.1639037,-16.788113,-4.2339435,True,-8.000001,-3.537533,-13.9810915,-0.6367,True
2024-09-20 01:55:00,-10.59,107,-33,-9.12,-7.1446557,-16.747688,-4.2062078,True,-8.430001,-3.5908568,-13.999847,-0.66420585,True
2024-09-20 02:00:00,-10.42,107,-33,-8.63,-7.0040536,-16.579298,-4.1113267,True,-8.09,-3.4840205,-13.845515,-0.5848754,True
2024-09-20 02:05:00,-11.42,107,-32,-8.36,-8.088683,-17.412321,-5.4093223,True,-8.03,-4.655215,-14.703511,-1.9428524,True
2024-09-20 02:10:00,-11.2,107,-33,-8.07,-7.779653,-17.347197,-5.014027,True,-7.7100005,-4.244784,-14.585189,-1.4520477,True
2024-09-20 02:15:00,-11.19,107,-33,-7.6600003,-7.739635,-17.406008,-4.8524165,True,-8.26,-4.175698,-14.624422,-1.2581466,True
2024-09-20 02:20:00,-11.29,107,-33,-8.07,-7.8660617,-17.521275,-4.885243,True,-7.14,-4.3229976,-14.753875,-1.3006824,True
2024-09-20 02:25:00,-10.18,107,-32,-9.270001,-6.53093,-16.30026,-3.6640494,True,-7.31,-2.746525,-13.339777,0.16939132,True
2024-09-20 02:30:00,-11.0,107,-33,-9.87,-7.5888963,-17.18838,-4.56852,True,-8.21,-4.0402303,-14.421672,-0.9391292,True
2024-09-20 02:35:00,-10.71,107,-32,-9.06,-7.4338994,-16.970034,-4.3323426,True,-8.11,-4.025555,-14.327309,-0.8237365,True
2024-09-20 02:40:00,-9.66,107,-32,-8.01,-6.287416,-16.001959,-3.1486075,True,-7.77,-2.7824976,-13.298956,0.462032,True
2024-09-20 02:45:00,-9.52,107,-32,-7.8800006,-6.235149,-16.033,-2.972706,True,-8.19,-2.8098204,-13.413888,0.56921166,True
2024-09-20 02:50:00,-9.67,107,-33,-8.000001,-6.5673757,-16.229183,-3.2724917,True,-7.5000005,-3.3263972,-13.758573,0.11369865,True
2024-09-20 02:55:00,-9.12,107,-32,-8.430001,-6.044166,-15.708022,-2.822447,True,-7.7600007,-2.8220599,-13.2617035,0.56204766,True
2024-09-20 03:00:00,-8.63,107,-33,-8.09,-5.5444055,-15.316775,-2.2695868,True,-8.86,-2.2987444,-12.882002,1.1458908,True
2024-09-20 03:05:00,-8.36,107,-33,-8.03,-5.276571,-15.320894,-1.7355484,True,-9.08,-2.0318358,-12.935867,1.6732842,True
2024-09-20 03:10:00,-8.07,107,-33,-7.7100005,-5.0038953,-15.369409,-1.2466778,True,-10.02,-1.7743477,-13.041025,2.1424024,True
2024-09-20 03:15:00,-7.6600003,107,-33,-8.26,-4.8077445,-15.22152,-0.96245414,True,-10.72,-1.7947067,-13.097235,2.2319925,True
2024-09-20 03:20:00,-8.07,107,-33,-7.14,-5.290376,-15.570582,-1.5055565,True,-10.43,-2.3540633,-13.486064,1.6309639,True
2024-09-20 03:25:00,-9.270001,107,-34,-7.31,-6.5804734,-16.574038,-2.9328349,True,-10.36,-3.7448943,-14.516688,0.13387458,True
2024-09-20 03:30:00,-9.87,107,-35,-8.21,-7.1615233,-17.091051,-3.6141112,True,-10.08,-4.306951,-14.984628,-0.5203555,True
2024-09-20 03:35:00,-9.06,107,-35,-8.11,-6.03182,-16.251583,-2.561743,True,-9.85,-2.8281596,-13.876845,0.86632127,True
2024-09-20 03:40:00,-8.01,107,-34,-7.77,-4.5768886,-15.047096,-1.307526,True,-9.84,-0.9281066,-12.322605,2.5556104,True
2024-09-20 03:45:00,-7.8800006,107,-33,-8.19,-4.482265,-14.945028,-1.2025341,True,-9.19,-0.85710174,-12.246652,2.6504438,True
2024-09-20 03:50:00,-8.000001,107,-33,-7.5000005,-4.604033,-15.013682,-1.3345207,True,-10.06,-0.98254234,-12.29549,2.5236661,True
2024-09-20 03:55:00,-8.430001,107,-33,-7.7600007,-5.063989,-15.374467,-1.809975,True,-9.66,-1.4639591,-12.659741,2.045881,True
2024-09-20 04:00:00,-8.09,107,-32,-8.86,-4.789394,-15.16206,-1.4017109,True,-10.0,-1.2490543,-12.534266,2.4023073,True
2024-09-20 04:05:00,-8.03,107,-32,-9.08,-4.7578597,-15.65332,-0.69545776,True,-9.89,-1.2505592,-13.165098,3.0486753,True
2024-09-20 04:10:00,-7.7100005,107,-32,-10.02,-4.381293,-15.741129,-0.13071854,True,-10.07,-0.8051761,-13.257812,3.6630743,True
2024-09-20 04:15:00,-8.26,107,-32,-10.72,-4.987452,-16.568483,-0.8854678,True,-10.5,-1.4205612,-14.1247425,2.8926504,True
2024-09-20 04:20:00,-7.14,107,-32,-10.43,-3.2722285,-16.112156,1.2104908,True,-10.7,0.9662892,-13.296074,5.550483,True
2024-09-20 04:25:00,-7.31,107,-31,-10.36,-3.2961695,-16.400871,1.3003422,True,-10.53,1.1383606,-13.473232,5.8127093,True
2024-09-20 04:30:00,-8.21,107,-31,-10.08,-4.256169,-16.974346,0.23122565,True,-10.47,0.12946098,-13.995573,4.725742,True
2024-09-20 04:35:00,-8.11,107,-31,-9.85,-4.003794,-16.44082,0.3403832,True,-10.51,0.53876275,-13.235094,5.017818,True
2024-09-20 04:40:00,-7.77,107,-30,-9.84,-3.677498,-16.419657,0.8844182,True,-10.84,0.8824288,-13.290392,5.5601954,True
2024-09-20 04:45:00,-8.19,107,-29,-9.19,-4.054753,-16.966345,0.7950513,True,-9.81,0.5691373,-13.792505,5.529577,True
2024-09-20 04:50:00,-7.5000005,107,-29,-10.06,-3.5570376,-15.981841,1.1543766,True,-10.1,0.83538216,-12.87505,5.726686,True
2024-09-20 04:55:00,-7.7600007,107,-29,-9.66,-4.1523223,-15.957992,0.40800253,True,-9.780001,-0.1497844,-13.019651,4.6658626,True
2024-09-20 05:00:00,-8.86,107,-28,-10.0,-5.6581388,-17.176243,-0.9950507,True,-9.98,-2.09668,-14.566881,2.8670995,True
2024-09-20 05:05:00,-9.08,107,-29,-9.89,-6.0301347,-17.428892,-1.3432583,True,-10.27,-2.6408827,-14.933104,2.3684213,True
2024-09-20 05:10:00,-10.02,107,-28,-10.07,-7.0322595,-18.298141,-2.370331,True,-10.3,-3.7232573,-15.806383,1.27202,True
2024-09-20 05:15:00,-10.72,107,-27,-10.5,-7.713822,-18.835546,-3.1760027,True,-9.98,-4.385546,-16.272306,0.50650185,True
2024-09-20 05:20:00,-10.43,107,-26,-10.7,-7.237553,-18.500353,-2.6985037,True,-10.58,-3.6944926,-15.758677,1.1867977,True
2024-09-20 05:25:00,-10.36,107,-24,-10.53,-7.0411963,-18.508537,-2.3897402,True,-10.49,-3.351988,-15.645028,1.6228215,True
2024-09-20 05:30:00,-10.08,107,-24,-10.47,-6.725674,-18.217886,-2.062977,True,-11.63,-2.9903738,-15.319509,1.995607,True
2024-09-20 05:35:00,-9.85,107,-24,-10.51,-6.4442487,-18.08679,-1.6493858,True,-11.03,-2.6455424,-15.163106,2.4664838,True
2024-09-20 05:40:00,-9.84,107,-24,-10.84,-6.417176,-18.142231,-1.5203117,True,-10.54,-2.6001456,-15.208138,2.6088789,True
2024-09-20 05:45:00,-9.19,107,-23,-9.81,-5.35115,-17.457308,-0.37936625,True,-9.8,-1.0720943,-14.16489,4.166467,True
2024-09-20 05:50:00,-10.06,107,-23,-10.1,-6.243074,-18.46723,-1.0577244,True,-9.58,-1.9775547,-15.175428,3.4673364,True
2024-09-20 05:55:00,-9.66,107,-22,-9.780001,-5.5906167,-17.975641,-0.3827823,True,-9.52,-1.042826,-14.4607525,4.4086165,True
2024-09-20 06:00:00,-10.0,107,-22,-9.98,-6.372082,-18.454268,-1.0578083,True,-9.75,-2.3100073,-15.322144,3.2840059,True
2024-09-20 06:05:00,-9.89,107,-21,-10.27,-6.619904,-18.316069,-1.288731,True,-9.48,-2.9706633,-15.509582,2.6772096,True
2024-09-20 06:10:00,-10.07,107,-21,-10.3,-6.933224,-18.64487,-1.4752563,True,-9.64,-3.437136,-15.971631,2.3398435,True
2024-09-20 06:15:00,-10.5,107,-20,-9.98,-7.5132403,-19.387495,-1.6934265,True,-9.94,-4.184095,-16.880411,1.9502217,True
2024-09-20 06:20:00,-10.7,107,-20,-10.58,-7.738751,-20.019812,-1.4338058,True,-9.819999,-4.438256,-17.600527,2.1560228,True
2024-09-20 06:25:00,-10.53,107,-19,-10.49,-7.3856664,-20.43464,-0.4597095,True,-10.12,-3.886162,-17.956497,3.2743165,True
2024-09-20 06:30:00,-10.47,107,-19,-11.63,-7.1484714,-21.122904,0.39980093,True,-10.41,-3.45068,-18.600948,4.269035,True
2024-09-20 06:35:00,-10.51,107,-18,-11.03,-7.1852527,-22.135921,1.0943428,True,-9.71,-3.4867709,-19.72371,4.9133143,True
2024-09-20 06:40:00,-10.84,107,-17,-10.54,-7.594047,-22.363878,0.671333,True,-9.67,-3.978614,-19.980705,4.4158072,True
2024-09-20 06:45:00,-9.81,107,-17,-9.8,-6.513515,-20.802847,1.2529713,True,-9.35,-2.8315547,-18.313852,5.0769362,True
2024-09-20 06:50:00,-10.1,107,-17,-9.58,-6.650499,-20.313133,0.6267087,True,-9.85,-2.7900794,-17.560213,4.645017,True
2024-09-20 06:55:00,-9.780001,107,-17,-9.52,-5.9364095,-19.47995,1.0924679,True,-9.6,-1.6385406,-16.313313,5.5259185,True
2024-09-20 07:00:00,-9.98,107,-17,-9.75,-6.029343,-19.453423,0.988733,True,-10.639999,-1.602404,-16.148209,5.544971,True
2024-09-20 07:05:00,-10.27,107,-17,-9.48,-6.320415,-19.548908,0.7329785,True,-9.93,-1.896643,-16.189209,5.294454,True
2024-09-20 07:10:00,-10.3,107,-17,-9.64,-6.4481807,-19.444056,0.65382737,True,-10.07,-2.14341,-16.14075,5.1154513,True
2024-09-20 07:15:00,-9.98,107,-18,-9.94,-6.137402,-19.313238,1.1842629,True,-9.57,-1.848719,-16.050863,5.606483,True
2024-09-20 07:20:00,-10.58,107,-17,-9.819999,-7.3150086,-20.256641,0.27714315,True,-10.05,-3.6716006,-17.509418,4.095079,True
2024-09-20 07:25:00,-10.49,107,-17,-10.12,-7.622601,-20.494019,0.1455342,True,-9.58,-4.4259105,-18.132793,3.5396707,True
2024-09-20 07:30:00,-11.63,107,-16,-10.41,-9.122227,-21.847076,-1.2175792,True,-9.45,-6.32692,-19.795603,1.7955433,True
2024-09-20 07:35:00,-11.03,107,-15,-9.71,-8.412735,-21.22082,-0.52957946,True,-9.97,-5.5005507,-19.08652,2.579027,True
2024-09-20 07:40:00,-10.54,107,-15,-9.67,-7.6133513,-20.709942,0.24223106,True,-10.0,-4.3639035,-18.30384,3.6501062,True
2024-09-20 07:45:00,-9.8,107,-15,-9.35,-6.6817975,-20.083559,1.1646878,True,-9.38,-3.2232268,-17.518496,4.750509,True
2024-09-20 07:50:00,-9.58,107,-14,-9.85,-6.269755,-19.644426,1.4163681,True,-8.39,-2.5995162,-16.8769,5.199657,True
2024-09-20 07:55:00,-9.52,107,-14,-9.6,-5.996367,-19.483204,1.6817871,True,-7.81,-2.0933058,-16.512674,5.6652064,True
2024-09-20 08:00:00,-9.75,107,-15,-10.639999,-6.169679,-19.673159,1.5462357,True,-7.82,-2.2041037,-16.637392,5.5801787,True
2024-09-20 08:05:00,-9.48,107,-15,-9.93,-5.8960605,-19.475273,1.8832337,True,-6.7400002,-1.9322819,-16.444395,5.900636,True
2024-09-20 08:10:00,-9.64,107,-15,-10.07,-6.0279956,-19.683245,1.8620049,True,-6.4900002,-2.0409987,-16.629261,5.88462,True
2024-09-20 08:15:00,-9.94,107,-14,-9.57,-6.157678,-19.91495,1.780708,True,-4.2000003,-1.9887661,-16.695944,5.958204,True
2024-09-20 08:20:00,-9.819999,107,-15,-10.05,-6.0009103,-19.853432,2.0810125,True,-4.4600005,-1.8025364,-16.619896,6.2689166,True
2024-09-20 08:25:00,-10.12,107,-15,-9.58,-6.4547105,-20.329552,1.7850033,True,-5.4500003,-2.4319994,-17.233612,5.792915,True
2024-09-20 08:30:00,-10.41,107,-15,-9.45,-6.7138143,-20.60387,1.5583664,True,-6.35,-2.6587183,-17.470013,5.5839458,True
2024-09-20 08:35:00,-9.71,107,-15,-9.97,-5.8962216,-19.956964,2.382095,True,-6.7600007,-1.7178406,-16.753159,6.49925,True
2024-09-20 08:40:00,-9.67,107,-14,-10.0,-5.6083665,-19.610437,2.5178888,True,-6.52,-1.1653751,-16.154886,6.875158,True
2024-09-20 08:45:00,-9.35,107,-14,-9.38,-4.751062,-18.957067,3.3064325,True,-5.94,0.25959173,-15.033307,8.174913,True
2024-09-20 08:50:00,-9.85,107,-14,-8.39,-4.9891334,-19.473207,3.1825845,True,-7.72,0.30815092,-15.291535,8.289335,True
2024-09-20 08:55:00,-9.6,107,-13,-7.81,-4.323087,-19.161987,3.94182,True,-8.72,1.4097878,-14.64517,9.420471,True
2024-09-20 09:00:00,-10.639999,107,-13,-7.82,-5.567838,-20.378038,2.8568323,True,-8.28,-0.0379432,-15.967747,8.133913,True
2024-09-20 09:05:00,-9.93,107,-13,-6.7400002,-4.807799,-19.478477,3.4741724,True,-9.720001,0.75006455,-15.044007,8.772909,True
2024-09-20 09:10:00,-10.07,107,-13,-6.4900002,-5.1225038,-19.53936,3.1222322,True,-9.25,0.23748939,-15.237387,8.233519,True
2024-09-20 09:15:00,-9.57,107,-13,-4.2000003,-4.7749457,-19.257275,3.4932,True,-8.58,0.4049584,-15.144693,8.4167,True
2024-09-20 09:20:00,-10.05,107,-13,-4.4600005,-5.64448,-20.262074,2.882179,True,-9.62,-0.8861125,-16.53754,7.3857665,True
2024-09-20 09:25:00,-9.58,107,-13,-5.4500003,-5.3295503,-20.379812,3.3832605,True,-9.36,-0.7577861,-16.87004,7.6773257,True
2024-09-20 09:30:00,-9.45,107,-13,-6.35,-5.3003287,-20.584126,3.4939935,True,-9.35,-0.8418525,-17.194954,7.6597533,True
2024-09-20 09:35:00,-9.97,107,-14,-6.7600007,-5.8943276,-21.345808,3.0331132,True,-8.77,-1.5052513,-18.003876,7.1126647,True
2024-09-20 09:40:00,-10.0,107,-13,-6.52,-5.8215766,-21.123737,3.0152395,True,-9.29,-1.3224701,-17.6487,7.192577,True
2024-09-20 09:45:00,-9.38,107,-12,-5.94,-4.7881627,-20.154459,3.9018953,True,-7.8400006,0.13431518,-16.336685,8.45336,True
2024-09-20 09:50:00,-8.39,107,-11,-7.72,-3.8108284,-19.563984,4.97804,True,-7.0900006,1.0794388,-15.844027,9.467012,True
2024-09-20 09:55:00,-7.81,107,-11,-8.72,-3.3466647,-19.125158,5.3984237,True,-8.64,1.395351,-15.528219,9.740999,True
2024-09-20 10:00:00,-7.82,107,-11,-8.28,-3.2687094,-18.96975,5.3884463,True,-8.75,1.5466172,-15.2792635,9.7935505,True
2024-09-20 10:05:00,-6.7400002,107,-11,-9.720001,-2.2375739,-17.94988,6.3512397,True,-9.0,2.4950426,-14.344086,10.67111,True
2024-09-20 10:10:00,-6.4900002,107,-10,-9.25,-1.8878826,-17.49723,6.583036,True,-8.93,2.9276998,-13.803173,10.974989,True
2024-09-20 10:15:00,-4.2000003,107,-9,-8.58,0.44697538,-15.120038,8.653488,True,-9.51,5.246694,-11.488433,13.02607,True
2024-09-20 10:20:00,-4.4600005,107,-9,-9.62,0.14975707,-15.120005,8.252544,True,-9.91,4.9056163,-11.476045,12.585594,True
2024-09-20 10:25:00,-5.4500003,107,-9,-9.36,-0.91402656,-15.81713,7.1540847,True,-9.88,3.7737863,-12.165079,11.424324,True
2024-09-20 10:30:00,-6.35,107,-9,-9.35,-2.142584,-17.05654,6.0852923,True,-10.67,2.2230642,-13.639685,10.038996,True
2024-09-20 10:35:00,-6.7600007,107,-9,-8.77,-2.5771372,-17.282696,5.542217,True,-10.170001,1.7582814,-13.847069,9.46582,True
2024-09-20 10:40:00,-6.52,107,-8,-9.29,-2.1748888,-16.62346,5.750814,True,-9.9,2.3013227,-13.052082,9.805744,True
2024-09-20 10:45:00,-5.94,107,-9,-7.8400006,-1.3747524,-16.136303,6.5556903,True,-10.01,3.3018777,-12.443016,10.772032,True
2024-09-20 10:50:00,-7.72,107,-9,-7.0900006,-3.0839884,-17.908562,5.0199428,True,-8.79,1.6898113,-14.094479,9.305332,True
2024-09-20 10:55:00,-8.72,107,-9,-8.64,-4.127872,-19.361427,4.284061,True,-8.53,0.6127469,-15.6043005,8.501169,True
2024-09-20 11:00:00,-8.28,107,-9,-8.75,-3.354706,-19.60143,5.2577376,True,-9.15,1.7162739,-15.673415,9.723604,True
2024-09-20 11:05:00,-9.720001,107,-9,-9.0,-4.684468,-20.99749,4.1278243,True,-9.48,0.52973336,-16.893885,8.70524,True
2024-09-20 11:10:00,-9.25,107,-7,-8.93,-4.1384892,-20.565067,4.609115,True,-9.369999,1.1299988,-16.441963,9.221109,True
2024-09-20 11:15:00,-8.58,107,-7,-9.51,-3.1792414,-19.738932,5.4387813,True,-8.99,2.3574388,-15.406871,10.28335,True
2024-09-20 11:20:00,-9.62,107,-7,-9.91,-4.1268516,-20.456408,4.581329,True,-8.86,1.519241,-15.965863,9.52343,True
2024-09-20 11:25:00,-9.36,107,-7,-9.88,-3.880853,-20.120768,4.79166,True,-8.95,1.7345196,-15.644859,9.700342,True
2024-09-20 11:30:00,-9.35,107,-6,-10.67,-3.9190533,-19.925909,4.647445,True,-8.76,1.6318318,-15.476527,9.498566,True
2024-09-20 11:35:00,-8.77,107,-6,-10.170001,-3.5459483,-18.966179,4.702926,True,-7.7900004,1.7534996,-14.68535,9.347305,True
2024-09-20 11:40:00,-9.29,107,-5,-9.9,-4.2822537,-19.643665,3.9832475,True,-7.31,0.79457444,-15.528119,8.418135,True
2024-09-20 11:45:00,-7.8400006,107,-4,-10.01,-2.9488986,-18.798248,5.2813544,True,-7.36,1.972099,-14.877198,9.551832,True
2024-09-20 11:50:00,-7.0900006,107,-4,-8.79,-2.3395598,-18.413124,5.8811164,True,-6.9100003,2.4099958,-14.674867,9.980749,True
2024-09-20 11:55:00,-8.64,107,-4,-8.53,-3.9717524,-20.613628,4.682916,True,-7.1300006,0.72600144,-16.920542,8.699127,True
2024-09-20 12:00:00,-8.75,107,-4,-9.15,-3.9914696,-21.526737,5.0196395,True,-7.0000005,0.81093377,-17.79678,9.088354,True
2024-09-20 12:05:00,-9.0,107,-4,-9.48,-4.028421,-20.700504,4.637386,True,-5.31,0.98620003,-16.689507,8.924454,True
2024-09-20 12:10:00,-8.93,107,-4,-9.369999,-3.4908507,-19.124134,4.5634437,True,-4.69,1.954847,-14.650955,9.2884445,True
2024-09-20 12:15:00,-9.51,107,-4,-8.99,-3.9560807,-19.156229,3.9068525,True,-3.2700007,1.5998741,-14.503958,8.748314,True
2024-09-20 12:20:00,-9.91,107,-4,-8.86,-4.2533946,-19.248121,3.5769308,True,-2.6399996,1.3935219,-14.469886,8.503452,True
2024-09-20 12:25:00,-9.88,107,-5,-8.95,-4.229976,-19.296867,3.6712167,True,-2.6700003,1.3999821,-14.521722,8.575487,True
2024-09-20 12:30:00,-10.67,107,-6,-8.76,-5.2268863,-19.974474,2.7333372,True,-3.8800004,0.2011296,-15.307106,7.4566054,True
2024-09-20 12:35:00,-10.170001,107,-5,-7.7900004,-5.257996,-19.515669,2.6132867,True,-3.3999999,-0.3785785,-15.302497,6.8442416,True
2024-09-20 12:40:00,-9.9,107,-6,-7.31,-5.437589,-19.268797,2.2753694,True,-3.0399992,-1.0213054,-15.428636,6.086763,True
2024-09-20 12:45:00,-10.01,107,-5,-7.36,-5.9230676,-19.500797,1.7307907,True,-3.78,-1.885651,-15.968929,5.1913543,True
2024-09-20 12:50:00,-8.79,107,-5,-6.9100003,-4.686566,-18.577131,2.8467748,True,-4.28,-0.66095,-15.097001,6.2842326,True
2024-09-20 12:55:00,-8.53,107,-4,-7.1300006,-4.61533,-18.624685,2.9533594,True,-4.282001,-0.7836688,-15.319531,6.200176,True
2024-09-20 13:00:00,-9.15,107,-5,-7.0000005,-5.245997,-19.160673,2.3320959,True,-4.284001,-1.4184192,-15.829571,5.568916,True
2024-09-20 13:05:00,-9.48,107,-5,-5.31,-5.3511186,-19.15352,2.0443552,True,-4.2860007,-1.303656,-15.602735,5.481855,True
2024-09-20 13:10:00,-9.369999,107,-5,-4.69,-5.335315,-18.77118,1.86017,True,-4.2879996,-1.3953346,-15.29232,5.2049155,True
2024-09-20 13:15:00,-8.99,107,-5,-3.2700007,-4.9309764,-18.311892,2.119457,True,-4.2900004,-0.9857257,-14.831475,5.4679084,True
2024-09-20 13:20:00,-8.86,107,-5,-2.6399996,-4.617007,-18.308918,2.4692304,True,-4.2920003,-0.5011104,-14.689084,5.958488,True
2024-09-20 13:25:00,-8.95,107,-5,-2.6700003,-4.5184855,-18.464352,2.6719053,True,-4.294,-0.22302659,-14.693335,6.3102736,True
2024-09-20 13:30:00,-8.76,107,-5,-3.8800004,-4.3271804,-18.312332,2.9011514,True,-4.296001,-0.038515404,-14.544933,6.522199,True
2024-09-20 13:35:00,-7.7900004,107,-5,-3.3999999,-3.230553,-17.420494,3.911085,True,-4.298001,1.1550843,-13.596188,7.6145473,True
2024-09-20 13:40:00,-7.31,107,-5,-3.0399992,-3.0836852,-16.917957,3.9008024,True,-4.3000007,0.9650113,-13.36062,7.2977347,True
2024-09-20 13:45:00,-7.36,107,-6,-3.78,-3.237717,-16.837803,3.5534399,True,-4.3020005,0.70142716,-13.352964,6.84926,True
2024-09-20 13:50:00,-6.9100003,107,-5,-4.28,-3.2103827,-16.709002,3.5419824,True,-4.3040004,0.31239668,-13.581481,6.4478164,True
2024-09-20 13:55:00,-7.1300006,107,-5,-4.282001,-3.1098006,-16.999992,3.6106088,True,-4.306,0.72844857,-13.618638,6.7873206,True
2024-09-20 14:00:00,-7.0000005,107,-5,-4.284001,-3.0503314,-17.2517,3.8915708,True,-4.308,0.7236764,-13.938261,6.986198,True
2024-09-20 14:05:00,-5.31,107,-5,-4.2860007,-1.1740097,-15.814667,5.563516,True,-4.310001,2.7376592,-12.449966,8.7744255,True
2024-09-20 14:10:00,-4.69,107,-5,-4.2879996,-0.7838138,-15.930505,6.1303782,True,-4.3120008,2.8948667,-12.797325,9.1043,True
2024-09-20 14:15:00,-3.2700007,107,-5,-4.2900004,0.6857907,-15.132146,7.438087,True,-4.3139997,4.3735957,-12.0479,10.404285,True
2024-09-20 14:20:00,-2.6399996,107,-5,-4.2920003,1.4739643,-14.965785,8.245478,True,-4.3160005,5.2918925,-11.815508,11.315073,True
2024-09-20 14:25:00,-2.6700003,107,-6,-4.294,1.5608174,-15.075204,8.38929,True,-4.3180003,5.4831386,-11.839067,11.543022,True
2024-09-20 14:30:00,-3.8800004,107,-6,-4.296001,0.28002897,-16.088348,7.310987,True,-4.32,4.169248,-12.825613,10.4294815,True
2024-09-20 14:35:00,-3.3999999,107,-6,-4.298001,0.6516091,-14.927873,7.4173255,True,-4.3700004,4.4213805,-11.705433,10.44874,True
2024-09-20 14:40:00,-3.0399992,107,-6,-4.3000007,0.7269055,-13.813276,7.11033,True,-4.47,4.210687,-10.757651,9.912804,True
2024-09-20 14:45:00,-3.78,107,-6,-4.3020005,-0.16116364,-13.793332,5.8987136,True,-5.2500005,3.1844041,-10.78312,8.593811,True
2024-09-20 14:50:00,-4.28,107,-7,-4.3040004,-0.834307,-13.937349,5.068525,True,-5.64,2.352249,-11.01983,7.623241,True
2024-09-20 14:55:00,-4.282001,107,-7,-4.306,-0.90294677,-13.649178,4.813661,True,-4.9100003,2.2145936,-10.773835,7.312383,True
2024-09-20 15:00:00,-4.284001,107,-6,-4.308,-0.86180717,-13.612201,4.7653003,True,-4.77,2.2945917,-10.700004,7.299213,True
2024-09-20 15:05:00,-4.2860007,107,-6,-4.310001,-0.95447,-13.631653,4.672796,True,-5.07,2.1182516,-10.785004,7.1270003,True
2024-09-20 15:10:00,-4.2879996,107,-6,-4.3120008,-1.075745,-13.711789,4.56475,True,-6.3800006,1.8856808,-10.95699,6.912269,True
2024-09-20 15:15:00,-4.2900004,107,-6,-4.3139997,-1.1117862,-13.8214655,4.5554423,True,-6.7900004,1.8154598,-11.09801,6.8660617,True
2024-09-20 15:20:00,-4.2920003,107,-6,-4.3160005,-1.0264095,-13.825756,4.546825,True,-7.180001,1.9799744,-11.037699,6.928552,True
2024-09-20 15:25:00,-4.294,107,-7,-4.3180003,-1.1714424,-13.908647,4.358045,True,-6.86,1.7015167,-11.221307,6.6123786,True
2024-09-20 15:30:00,-4.296001,107,-7,-4.32,-1.3034271,-14.083849,4.2602115,True,-6.39,1.4496266,-11.492542,6.4012866,True
2024-09-20 15:35:00,-4.298001,107,-7,-4.3700004,-1.4191326,-14.068079,4.0485682,True,-5.93,1.2261597,-11.555444,6.093721,True
2024-09-20 15:40:00,-4.3000007,107,-8,-4.47,-1.2739147,-13.91272,4.047918,True,-5.81,1.506311,-11.285328,6.2199206,True
2024-09-20 15:45:00,-4.3020005,107,-7,-5.2500005,-1.119675,-13.7865095,4.1238284,True,-5.850001,1.8053471,-11.04628,6.4372287,True
2024-09-20 15:50:00,-4.3040004,107,-8,-5.64,-0.64772063,-13.601075,4.5232406,True,-6.7400002,2.71409,-10.509841,7.2351127,True
2024-09-20 15:55:00,-4.306,107,-8,-4.9100003,-0.48174128,-13.36792,4.7229934,True,-6.9600005,3.0338285,-10.151662,7.5768085,True
2024-09-20 16:00:00,-4.308,107,-8,-4.77,-0.561066,-13.230511,4.5435443,True,-7.1700006,2.8861654,-10.064447,7.3378444,True
2024-09-20 16:05:00,-4.310001,107,-8,-5.07,-0.536259,-13.135173,4.422479,True,-7.6700006,2.9322107,-9.948121,7.2401214,True
2024-09-20 16:10:00,-4.3120008,107,-9,-6.3800006,-0.48134646,-13.056024,4.3957,True,-7.6300006,3.0359151,-9.826649,7.2652793,True
2024-09-20 16:15:00,-4.3139997,107,-11,-6.7900004,-0.62675124,-13.118692,4.3468356,True,-8.08,2.758558,-9.99693,7.0950065,True
2024-09-20 16:20:00,-4.3160005,107,-12,-7.180001,-0.79465705,-13.102157,4.210918,True,-8.11,2.439325,-10.097923,6.8229556,True
2024-09-20 16:25:00,-4.3180003,107,-12,-6.86,-0.81624824,-12.9263315,4.0632167,True,-8.919999,2.3954885,-9.938548,6.669973,True
2024-09-20 16:30:00,-4.32,107,-11,-6.39,-0.9229911,-12.944171,3.8901556,True,-9.58,2.1920316,-10.031964,6.4110236,True
2024-09-20 16:35:00,-4.3700004,107,-11,-5.93,-1.1051334,-13.061948,3.6660287,True,-9.11,1.893087,-10.241443,6.080566,True
2024-09-20 16:40:00,-4.47,107,-10,-5.81,-1.1508678,-13.062181,3.5245302,True,-8.57,1.9014736,-10.196504,5.9950004,True
2024-09-20 16:45:00,-5.2500005,107,-11,-5.850001,-1.8206657,-13.558509,2.7996995,True,-7.9,1.3460289,-10.582354,5.377216,True
2024-09-20 16:50:00,-5.64,107,-13,-6.7400002,-2.0134814,-13.618044,2.4611375,True,-6.03,1.33843,-10.476453,5.215265,True
2024-09-20 16:55:00,-4.9100003,107,-13,-6.9600005,-1.4035724,-12.903047,2.9205186,True,-5.57,1.8274933,-9.878543,5.5739894,True
2024-09-20 17:00:00,-4.77,107,-13,-7.1700006,-1.2814926,-12.766526,2.9598424,True,-5.2600007,1.9307305,-9.76181,5.598615,True
2024-09-20 17:05:00,-5.07,107,-13,-7.6700006,-1.7244552,-13.115787,2.571325,True,-3.7900002,1.3633362,-10.21653,5.0970035,True
2024-09-20 17:10:00,-6.3800006,107,-14,-7.6300006,-3.228186,-14.449352,1.2749802,True,-4.5399995,-0.29690394,-11.663241,3.6458013,True
2024-09-20 17:15:00,-6.7900004,107,-15,-8.08,-3.686516,-15.043353,1.022533,True,-2.949999,-0.7914527,-12.2944355,3.355892,True
2024-09-20 17:20:00,-7.180001,107,-16,-8.11,-3.979975,-15.391691,0.8464028,True,-3.8800004,-0.98817474,-12.561562,3.268379,True
2024-09-20 17:25:00,-6.86,107,-16,-8.919999,-3.7177584,-14.809335,1.0791432,True,-3.1199992,-0.7845729,-12.026506,3.4556577,True
2024-09-20 17:30:00,-6.39,107,-16,-9.58,-3.1841185,-14.109258,1.451059,True,-3.7500002,-0.20046456,-11.293368,3.8873441,True
2024-09-20 17:35:00,-5.93,107,-16,-9.11,-2.4831698,-13.448349,1.9615151,True,-5.18,0.7107045,-10.468334,4.6024165,True
2024-09-20 17:40:00,-5.81,107,-16,-8.57,-2.2963011,-13.274255,2.1299531,True,-5.69,0.9572217,-10.25223,4.8277698,True
2024-09-20 17:45:00,-5.850001,107,-17,-7.9,-2.5111353,-13.427661,1.9561573,True,-5.57,0.5892064,-10.536988,4.508762,True
2024-09-20 17:50:00,-6.7400002,107,-17,-6.03,-3.6559927,-14.443448,0.9730393,True,-5.06,-0.774689,-11.727999,3.3222578,True
2024-09-20 17:55:00,-6.9600005,107,-18,-5.57,-3.916814,-14.650786,0.6565072,True,-5.53,-1.0717663,-11.95893,2.9753435,True
2024-09-20 18:00:00,-7.1700006,107,-18,-5.2600007,-4.1563535,-14.788101,0.43394247,True,-5.28,-1.3326782,-12.116545,2.7388723,True
2024-09-20 18:05:00,-7.6700006,107,-19,-3.7900002,-4.9630704,-15.2537565,-0.39706835,True,-4.98,-2.4109175,-12.800761,1.6595894,True
2024-09-20 18:10:00,-7.6300006,107,-18,-4.5399995,-4.8694196,-15.097363,-0.4532512,True,-5.2400002,-2.2662985,-12.605703,1.6580502,True
2024-09-20 18:15:00,-8.08,107,-18,-2.949999,-5.305842,-15.433762,-0.9825404,True,-5.77,-2.6786616,-12.919133,1.152063,True
2024-09-20 18:20:00,-8.11,107,-19,-3.8800004,-5.210961,-15.365402,-0.9261592,True,-6.3700004,-2.4660456,-12.753411,1.3191372,True
2024-09-20 18:25:00,-8.919999,107,-19,-3.1199992,-5.802755,-15.965955,-1.4869426,True,-6.78,-2.8462183,-13.167186,0.9512326,True
2024-09-20 18:30:00,-9.58,107,-20,-3.7500002,-6.2841754,-16.445404,-1.9354805,True,-6.730001,-3.1530268,-13.490643,0.66163033,True
2024-09-20 18:35:00,-9.11,107,-20,-5.18,-5.412434,-15.829664,-1.1032966,True,-6.2000003,-1.9154705,-12.572474,1.8315331,True
2024-09-20 18:40:00,-8.57,107,-20,-5.69,-5.312079,-15.389085,-0.9476283,True,-5.7900004,-2.2172568,-12.488984,1.626844,True
2024-09-20 18:45:00,-7.9,107,-19,-5.57,-4.8415666,-14.796046,-0.5215133,True,-6.0100007,-1.9376587,-12.073503,1.8853222,True
2024-09-20 18:50:00,-6.03,107,-18,-5.06,-3.0390894,-13.339301,1.3154274,True,-4.5399995,-0.2142051,-10.7163925,3.6541364,True
2024-09-20 18:55:00,-5.57,107,-18,-5.53,-2.8739798,-13.089184,1.6015908,True,-4.3400006,-0.31642565,-10.695669,3.6983755,True
2024-09-20 19:00:00,-5.2600007,107,-17,-5.28,-2.6871016,-12.985686,2.0711038,True,-3.2299998,-0.24224122,-10.695048,4.064977,True
2024-09-20 19:05:00,-3.7900002,107,-16,-4.98,-1.4735359,-12.001402,3.3712957,True,-2.9799998,0.72979325,-9.930178,5.1489425,True
2024-09-20 19:10:00,-4.5399995,107,-17,-5.2400002,-2.2915366,-12.561168,2.640783,True,-2.82,-0.13871415,-10.528301,4.374042,True
2024-09-20 19:15:00,-2.949999,107,-15,-5.77,-0.7232688,-11.051458,3.9871652,True,-3.2999995,1.3983437,-9.061915,5.7036357,True
2024-09-20 19:20:00,-3.8800004,107,-16,-6.3700004,-1.4514049,-11.5537405,3.1329877,True,-4.070001,0.8639447,-9.401632,5.029985,True
2024-09-20 19:25:00,-3.1199992,107,-17,-6.78,-0.57559043,-10.739378,3.7748792,True,-5.2400002,1.8380867,-8.520404,5.772842,True
2024-09-20 19:30:00,-3.7500002,107,-17,-6.730001,-1.0384239,-11.189217,3.2600992,True,-5.15,1.5369602,-8.833656,5.403917,True
2024-09-20 19:35:00,-5.18,107,-18,-6.2000003,-2.4902956,-12.479528,1.9712445,True,-4.9,0.08340232,-10.114217,4.107097,True
2024-09-20 19:40:00,-5.69,107,-17,-5.7900004,-3.2286437,-13.136613,1.5769287,True,-4.0500016,-0.85494834,-10.939057,3.526367,True
2024-09-20 19:45:00,-5.57,107,-17,-6.0100007,-3.457825,-13.423922,1.842405,True,-3.3500006,-1.3995422,-11.498206,3.5043504,True
2024-09-20 19:50:00,-5.06,107,-16,-4.5399995,-3.3306983,-13.258699,2.2061021,True,-2.2500002,-1.6185478,-11.623177,3.5567834,True
2024-09-20 19:55:00,-5.53,107,-16,-4.3400006,-3.9708416,-13.705125,1.7739636,True,-1.4499992,-2.4061244,-12.190158,2.9911687,True
2024-09-20 20:00:00,-5.28,107,-16,-3.2299998,-3.8120863,-13.467037,1.9518753,True,-1.4499992,-2.3285315,-12.02519,3.1000593,True
2024-09-20 20:05:00,-4.98,107,-16,-2.9799998,-3.5147936,-13.019157,2.0298593,True,2.4400003,-2.033829,-11.590345,3.1838148,True
2024-09-20 20:10:00,-5.2400002,107,-17,-2.82,-3.6690333,-13.069869,1.7649723,True,6.3700004,-2.0888293,-11.566195,3.0128706,False
2024-09-20 20:15:00,-5.77,107,-18,-3.2999995,-4.050196,-13.369437,1.3977906,True,9.970001,-2.3304503,-11.755739,2.77503,False
2024-09-20 20:20:00,-6.3700004,107,-18,-4.070001,-4.3925986,-13.817659,1.253389,True,8.07,-2.4320624,-12.008961,2.846996,False
2024-09-20 20:25:00,-6.78,107,-19,-5.2400002,-4.6622796,-14.101192,1.1261345,True,4.7499995,-2.5698779,-12.189666,2.8399312,False
2024-09-20 20:30:00,-6.730001,107,-20,-5.15,-4.5498986,-14.033587,1.2815186,True,1.1900002,-2.400986,-12.087042,3.0505903,True
2024-09-20 20:35:00,-6.2000003,107,-20,-4.9,-4.058904,-13.753611,1.9523426,True,-0.80999976,-1.9472908,-11.851628,3.6879098,True
2024-09-20 20:40:00,-5.7900004,107,-19,-4.0500016,-3.683697,-13.61517,2.6024187,True,-1.4100002,-1.6044468,-11.752894,4.307544,True
2024-09-20 20:45:00,-6.0100007,107,-19,-3.3500006,-3.9078505,-14.061092,2.7950933,True,-3.9799998,-1.8270077,-12.207427,4.495956,True
2024-09-20 20:50:00,-4.5399995,107,-18,-2.2500002,-2.4662974,-13.006557,4.3699718,True,-5.4500003,-0.418753,-11.202415,6.04516,True
2024-09-20 20:55:00,-4.3400006,107,-17,-1.4499992,-2.1740878,-12.898068,4.7801127,True,-4.32,-0.043009117,-11.044419,6.5324073,True
2024-09-20 21:00:00,-3.2299998,107,-15,-1.4499992,-0.9118369,-11.684584,5.477081,True,-1.8899997,1.3485562,-9.746686,7.3563666,True
2024-09-20 21:05:00,-2.9799998,107,-15,2.4400003,-0.83319503,-11.253968,5.010097,True,-1.1299976,1.276363,-9.438137,6.766399,True
2024-09-20 21:10:00,-2.82,107,-15,6.3700004,-0.7381175,-10.983585,4.857736,False,0.48999944,1.3122746,-9.220463,6.5676894,True
2024-09-20 21:15:00,-3.2999995,107,-16,9.970001,-1.20019,-11.201724,4.387172,False,0.94000024,0.8685643,-9.423736,6.1176467,True
2024-09-20 21:20:00,-4.070001,107,-17,8.07,-1.8401111,-11.762164,4.0705085,False,0.95000046,0.34681287,-9.898154,5.9092345,True
2024-09-20 21:25:00,-5.2400002,107,-18,4.7499995,-2.8894446,-12.876373,3.570482,False,-0.4900001,-0.58745795,-10.926758,5.505979,True
2024-09-20 21:30:00,-5.15,107,-18,1.1900002,-2.9632113,-13.081987,3.841049,True,-3.7999995,-0.8051227,-11.26261,5.645103,True
2024-09-20 21:35:00,-4.9,107,-18,-0.80999976,-2.7827284,-13.073638,4.283241,True,-5.57,-0.68746597,-11.320293,6.031387,True
2024-09-20 21:40:00,-4.0500016,107,-18,-1.4100002,-2.0750144,-12.336344,4.8175464,True,-6.44,-0.11211045,-10.697296,6.454746,True
2024-09-20 21:45:00,-3.3500006,107,-18,-3.9799998,-1.2776741,-11.361498,5.2563186,True,-6.47,0.76469773,-9.665833,6.9781203,True
2024-09-20 21:50:00,-2.2500002,107,-18,-5.4500003,-0.24170907,-9.964863,5.8919406,True,-7.5400004,1.7321755,-8.325071,7.5701804,True
2024-09-20 21:55:00,-1.4499992,107,-19,-4.32,0.5318734,-9.075742,6.406259,True,-7.8700004,2.4788854,-7.466845,8.072542,False
2024-09-20 22:00:00,-1.4499992,107,-20,-1.8899997,0.4977471,-9.048713,6.3278365,True,-8.06,2.4129217,-7.472505,7.96985,False
2024-09-20 22:05:00,2.4400003,107,-21,-1.1299976,4.0968986,-6.237592,9.824364,True,-8.16,5.7275367,-4.924269,11.223604,False
2024-09-20 22:10:00,6.3700004,107,-21,0.48999944,7.7528434,-3.6863463,13.422916,True,-8.25,9.117012,-2.6068919,14.592354,False
2024-09-20 22:15:00,9.970001,107,-21,0.94000024,11.002756,-1.4702266,16.564522,True,-7.5000005,12.049324,-0.64040405,17.459057,False
2024-09-20 22:20:00,8.07,107,-20,0.95000046,9.501923,-2.594498,15.102928,True,-7.15,10.895441,-1.525822,16.31115,False
2024-09-20 22:25:00,4.7499995,107,-19,-0.4900001,6.6820617,-4.706593,12.394787,True,-6.85,8.527319,-3.2983649,14.006603,False
2024-09-20 22:30:00,1.1900002,107,-18,-3.7999995,3.4416406,-7.109012,9.171421,True,-6.9100003,5.595695,-5.4389176,11.058798,False
2024-09-20 22:35:00,-0.80999976,107,-18,-5.57,1.6409642,-8.447799,7.313188,True,-7.0000005,3.984741,-6.6089253,9.373848,False
2024-09-20 22:40:00,-1.4100002,107,-18,-6.44,1.0330158,-8.672285,6.4315925,True,-6.3800006,3.373041,-6.8218904,8.499203,True
2024-09-20 22:45:00,-3.9799998,107,-17,-6.47,-1.488438,-10.557401,3.9017198,True,-5.1200004,0.9110772,-8.626287,6.0258536,True
2024-09-20 22:50:00,-5.4500003,107,-16,-7.5400004,-3.024092,-11.702618,2.3711889,True,-2.7199996,-0.6770137,-9.800899,4.450807,True
2024-09-20 22:55:00,-4.32,107,-16,-7.8700004,-1.9846214,-10.762463,3.3936288,True,-3.9200003,0.27134672,-8.955005,5.400211,True
2024-09-20 23:00:00,-1.8899997,107,-18,-8.06,0.23651473,-8.828465,5.472406,True,-4.5399995,2.2969816,-7.2159104,7.314386,True
2024-09-20 23:05:00,-1.1299976,107,-19,-8.16,0.97470444,-8.194956,6.062473,True,-4.9,3.0140092,-6.6142936,7.894443,True
2024-09-20 23:10:00,0.48999944,107,-19,-8.25,2.389322,-6.994267,7.305797,False,-5.35,4.2435737,-5.587834,8.97912,True
2024-09-20 23:15:00,0.94000024,107,-18,-7.5000005,2.902187,-6.4974084,7.6019855,False,-5.3000007,4.805738,-5.0573545,9.331604,False
2024-09-20 23:20:00,0.95000046,107,-18,-7.15,3.0510957,-6.3096185,7.557529,False,-5.5000005,5.072286,-4.773581,9.405924,False
2024-09-20 23:25:00,-0.4900001,107,-17,-6.85,1.8548352,-7.3708196,6.313125,True,-5.5400004,4.097587,-5.6418147,8.3683605,True
2024-09-20 23:30:00,-3.7999995,107,-18,-6.9100003,-1.0958847,-10.040826,3.5384386,True,-5.0500007,1.4812084,-8.001327,5.893272,True
2024-09-20 23:35:00,-5.57,107,-18,-7.0000005,-2.5637171,-11.554562,2.3922193,True,-3.7999995,0.28946462,-9.277166,4.9919486,True
2024-09-20 23:40:00,-6.44,107,-18,-6.3800006,-3.276766,-12.242471,1.6282002,True,-2.359999,-0.27418932,-9.82556,4.3703074,True
2024-09-20 23:45:00,-6.47,107,-18,-5.1200004,-3.297394,-12.056699,1.1612602,True,-2.3300002,-0.28227267,-9.604493,3.9373853,True
2024-09-20 23:50:00,-7.5400004,107,-18,-2.7199996,-4.2346835,-12.769282,-0.116287544,True,-1.1999992,-1.0875934,-10.167848,2.8006208,True
2024-09-20 23:55:00,-7.8700004,107,-17,-3.9200003,-4.4353194,-12.890619,-0.77021056,True,-0.38999972,-1.1655239,-10.153183,2.2801263,True
2024-09-21 00:00:00,-8.06,107,-17,-4.5399995,-4.9844375,-13.200076,-1.6424755,True,-0.5799983,-2.0370562,-10.732996,1.1237942,True
2024-09-21 00:05:00,-8.16,107,-17,-4.9,-5.1894813,-13.310701,-2.0096705,True,-0.7600005,-2.3429682,-10.923417,0.67533845,True
2024-09-21 00:10:00,-8.25,107,-16,-5.35,-5.4510417,-13.47911,-2.2240908,True,0.13999908,-2.7619708,-11.238719,0.32254758,True
2024-09-21 00:15:00,-7.5000005,107,-15,-5.3000007,-4.6673894,-12.827687,-1.4007324,True,-0.090000466,-1.9512085,-10.577151,1.1792923,True
2024-09-21 00:20:00,-7.15,107,-15,-5.5000005,-4.4298854,-12.680045,-1.1261638,True,-0.100000694,-1.8177704,-10.5391655,1.3608814,True
2024-09-21 00:25:00,-6.85,107,-14,-5.5400004,-4.1610074,-12.492505,-0.89001495,True,-0.47999987,-1.5808471,-10.386222,1.5749508,True
2024-09-21 00:30:00,-6.9100003,107,-15,-5.0500007,-4.0031924,-12.496863,-0.7793792,True,-1.4100002,-1.2232002,-10.216115,1.8811775,True
2024-09-21 00:35:00,-7.0000005,107,-15,-3.7999995,-3.924394,-12.513489,-0.83180267,True,-2.199999,-0.9861167,-10.086506,1.988649,True
2024-09-21 00:40:00,-6.3800006,107,-14,-2.359999,-3.0813944,-11.832207,-0.25063166,True,-1.8899997,0.06531493,-9.220117,2.784189,True
2024-09-21 00:45:00,-5.1200004,107,-13,-2.3300002,-1.6578277,-10.638457,0.9935605,True,-2.5100005,1.6357228,-7.915673,4.183637,True
2024-09-21 00:50:00,-2.7199996,107,-12,-1.1999992,0.9511716,-8.530278,3.6346986,True,-2.24,4.4197574,-5.728847,7.001035,True
2024-09-21 00:55:00,-3.9200003,107,-13,-0.38999972,0.0026585294,-9.629022,2.8612325,True,-0.5100005,3.7082498,-6.6132293,6.4430976,True
2024-09-21 01:00:00,-4.5399995,107,-13,-0.5799983,-0.48254618,-10.2119465,2.4989564,True,-1.7099994,3.3561895,-7.0838675,6.205459,True
2024-09-21 01:05:00,-4.9,107,-14,-0.7600005,-0.69847137,-10.529316,2.3925493,True,-1.4900001,3.277664,-7.285647,6.229465,True
2024-09-21 01:10:00,-5.35,107,-14,0.13999908,-1.0788826,-10.911868,2.0910966,True,-0.80999976,2.964893,-7.5982327,5.9992557,True
2024-09-21 01:15:00,-5.3000007,107,-13,-0.090000466,-0.9843486,-10.801018,2.191944,True,-0.08000024,3.1011236,-7.4459453,6.1547904,True
2024-09-21 01:20:00,-5.5000005,107,-14,-0.100000694,-1.2332023,-10.962773,2.0020196,True,0.5799996,2.8182847,-7.636357,5.94437,True
2024-09-21 01:25:00,-5.5400004,107,-14,-0.47999987,-1.3332676,-11.023649,1.8376862,True,2.2299993,2.6629827,-7.7370076,5.744083,True
2024-09-21 01:30:00,-5.0500007,107,-14,-1.4100002,-1.0131439,-10.632833,2.0381258,True,2.7499998,2.8263147,-7.4839587,5.8144584,True
2024-09-21 01:35:00,-3.7999995,107,-13,-2.199999,-0.13207467,-9.60829,2.721954,True,2.6499994,3.3668993,-6.7727017,6.202501,True
2024-09-21 01:40:00,-2.359999,107,-12,-1.8899997,1.4197403,-8.284552,4.1590304,True,4.68,5.0184646,-5.407803,7.750488,True
2024-09-21 01:45:00,-2.3300002,107,-12,-2.5100005,0.87540215,-8.650761,3.7130907,True,5.8000007,3.9682653,-6.2392764,6.8296123,True
2024-09-21 01:50:00,-1.1999992,107,-13,-2.24,2.3412588,-7.6415515,5.2091823,True,4.7599998,5.72549,-5.016669,8.6041565,True
2024-09-21 01:55:00,-0.38999972,107,-13,-0.5100005,2.7178419,-7.20174,5.757135,True,2.4899995,5.7191787,-4.9530807,8.801073,True
2024-09-21 02:00:00,-0.5799983,107,-14,-1.7099994,2.4935338,-7.775847,6.088922,True,0.22000091,5.4615645,-5.615251,9.085697,True
2024-09-21 02:05:00,-0.7600005,107,-15,-1.4900001,2.3952558,-8.366772,6.6548514,True,0.33999982,5.432388,-6.219972,9.695631,True
2024-09-21 02:10:00,0.13999908,107,-15,-0.80999976,3.253658,-7.72432,7.591024,True,0.49999967,6.246755,-5.644751,10.595968,True
2024-09-21 02:15:00,-0.090000466,107,-16,-0.08000024,2.6203935,-7.9358983,6.624986,True,1.3800007,5.2574916,-6.1021037,9.325459,True
2024-09-21 02:20:00,-0.100000694,107,-17,0.5799996,2.8256795,-7.681806,6.562658,True,1.639999,5.6603694,-5.657555,9.465725,True
2024-09-21 02:25:00,-0.47999987,107,-18,2.2299993,2.854984,-7.64949,6.2321086,True,-0.6499999,6.0721393,-5.259769,9.514179,True
2024-09-21 02:30:00,-1.4100002,107,-19,2.7499998,1.990892,-8.156747,4.8028464,True,-0.24000008,5.2821403,-5.610595,8.191448,True
2024-09-21 02:35:00,-2.199999,107,-20,2.6499994,1.1522881,-8.674263,3.6665304,True,-1.57,4.425281,-6.096558,7.065162,True
2024-09-21 02:40:00,-1.8899997,107,-21,4.68,1.3984638,-8.510393,3.8836248,False,-2.2500002,4.624704,-5.9907556,7.245189,True
2024-09-21 02:45:00,-2.5100005,107,-21,5.8000007,0.73604363,-9.195602,3.3814046,False,-1.1600002,3.9267404,-6.7047753,6.7098403,True
2024-09-21 02:50:00,-2.24,107,-22,4.7599998,0.92362183,-9.13024,3.8178003,False,-1.9400009,4.0480266,-6.741696,7.0824904,True
2024-09-21 02:55:00,-0.5100005,107,-23,2.4899995,2.7838418,-7.8371644,6.0031676,True,-0.59000045,6.031402,-5.446076,9.3729725,True
2024-09-21 03:00:00,-1.7099994,107,-23,0.22000091,1.8322865,-8.949114,5.295675,True,-0.2700008,5.3241515,-6.35418,8.8939,True
2024-09-21 03:05:00,-1.4900001,107,-22,0.33999982,2.6009939,-8.586339,6.048389,True,-1.0500015,6.612203,-5.5786405,10.139158,True
2024-09-21 03:10:00,-0.80999976,107,-23,0.49999967,3.1861646,-7.97277,6.3904967,True,-2.6299994,7.115503,-5.0289607,10.429167,True
2024-09-21 03:15:00,-0.08000024,107,-23,1.3800007,4.1468406,-7.2356076,7.110704,True,-2.7199996,8.28042,-4.127871,11.363464,True
2024-09-21 03:20:00,0.5799996,107,-23,1.639999,4.7449355,-6.5880694,7.4556975,True,-1.5399994,8.836052,-3.5190413,11.692978,True
2024-09-21 03:25:00,2.2299993,107,-24,-0.6499999,6.4335914,-5.080215,8.890495,True,-3.1800005,10.543808,-2.0389636,13.17017,False
2024-09-21 03:30:00,2.7499998,107,-23,-0.24000008,6.778501,-4.7538705,9.102453,True,-2.3099997,10.744371,-1.8592247,13.260803,False
2024-09-21 03:35:00,2.6499994,107,-23,-1.57,6.7452083,-4.9745097,9.070919,True,-1.6199993,10.789898,-2.039221,13.303375,True
2024-09-21 03:40:00,4.68,107,-20,-2.2500002,8.625534,-3.342707,10.921524,True,-2.9200003,12.521046,-0.60975677,15.020824,False
2024-09-21 03:45:00,5.8000007,107,-17,-1.1600002,9.359604,-2.511696,11.745007,True,-2.4300005,12.897392,-0.095892265,15.522224,False
2024-09-21 03:50:00,4.7599998,107,-15,-1.9400009,8.174217,-3.5159647,10.749577,True,-3.1455318e-07,11.601496,-1.1682056,14.421272,True
2024-09-21 03:55:00,2.4899995,107,-15,-0.59000045,5.8297305,-5.490561,8.48568,True,0.030000372,9.219303,-3.0906775,12.127058,True
2024-09-21 04:00:00,0.22000091,107,-16,-0.2700008,3.370262,-7.57252,6.0967116,True,-0.5799983,6.6041846,-5.2182927,9.600948,True
2024-09-21 04:05:00,0.33999982,107,-16,-1.0500015,3.569475,-7.476435,6.302463,True,0.7399995,6.894855,-5.065787,9.897007,True
2024-09-21 04:10:00,0.49999967,107,-16,-2.6299994,3.7465227,-7.4395137,6.558101,True,0.21000068,7.1046557,-5.033855,10.184362,True
2024-09-21 04:15:00,1.3800007,107,-16,-2.7199996,4.848352,-6.659861,7.724918,True,-0.46999964,8.426397,-4.129436,11.558731,True
2024-09-21 04:20:00,1.639999,107,-16,-1.5399994,5.062164,-6.5175614,8.047663,True,-0.5299991,8.610994,-4.040219,11.857019,True
2024-09-21 04:25:00,-0.6499999,107,-17,-3.1800005,2.665592,-8.66189,5.817262,True,1.6,6.1383643,-6.182245,9.556185,True
2024-09-21 04:30:00,-0.24000008,107,-19,-2.3099997,3.4716756,-8.231593,6.6714454,True,-0.22999795,7.3507915,-5.4637704,10.788334,True
2024-09-21 04:35:00,-1.57,107,-19,-1.6199993,2.272926,-9.462133,5.5247817,True,-1.7400001,6.3105655,-6.527037,9.790518,True
2024-09-21 04:40:00,-2.2500002,107,-19,-2.9200003,1.6906487,-10.088192,4.9255424,True,-3.0599997,5.8442264,-7.033378,9.304064,True
2024-09-21 04:45:00,-1.1600002,107,-20,-2.4300005,2.9145525,-9.020559,6.07311,True,-3.95,7.1937613,-5.8746905,10.582352,True
2024-09-21 04:50:00,-1.9400009,107,-19,-3.1455318e-07,2.0153177,-9.7197275,5.199222,True,-3.86,6.1879706,-6.6013923,9.623096,True
2024-09-21 04:55:00,-0.59000045,107,-19,0.030000372,3.2503507,-8.323299,6.254625,True,-3.5000002,7.284652,-5.3037887,10.577221,True
2024-09-21 05:00:00,-0.2700008,107,-17,-0.5799983,3.481178,-8.087841,6.532781,True,-3.24,7.433021,-5.1592174,10.77828,True
2024-09-21 05:05:00,-1.0500015,107,-16,0.7399995,2.7034986,-8.94579,5.8951564,True,-3.2999995,6.676872,-6.0057607,10.158581,True
2024-09-21 05:10:00,-2.6299994,107,-15,0.21000068,1.1848713,-10.799331,4.72718,True,-4.35,5.237821,-7.813847,9.04051,True
2024-09-21 05:15:00,-2.7199996,107,-14,-0.46999964,1.137941,-11.035427,4.735145,True,-5.23,5.254873,-8.026048,9.094519,True
2024-09-21 05:20:00,-1.5399994,107,-14,-0.5299991,2.4405916,-10.034211,6.067146,True,-5.8800006,6.686731,-6.991717,10.54599,True
2024-09-21 05:25:00,-3.1800005,107,-13,1.6,0.7146298,-11.593704,4.468406,True,-5.31,4.8942885,-8.543781,8.887968,True
2024-09-21 05:30:00,-2.3099997,107,-13,-0.22999795,1.6883999,-10.79865,5.5240073,True,-5.82,5.9684806,-7.7019944,10.031845,True
2024-09-21 05:35:00,-1.6199993,107,-12,-1.7400001,2.4371583,-10.053719,6.3025584,True,-6.8400006,6.762525,-6.920234,10.862671,True
2024-09-21 05:40:00,-2.9200003,107,-12,-3.0599997,1.2376171,-11.13007,5.1604075,True,-7.94,5.6697974,-7.83293,9.833403,False
2024-09-21 05:45:00,-2.4300005,107,-12,-3.95,1.7559067,-10.665133,5.7558303,True,-7.73,6.213678,-7.36264,10.447889,False
2024-09-21 05:50:00,-3.1455318e-07,107,-12,-3.86,4.3776336,-8.451397,8.462971,True,-6.5800004,8.99777,-5.1425357,13.295307,False
2024-09-21 05:55:00,0.030000372,107,-13,-3.5000002,4.3166957,-8.680935,8.626621,True,-5.5000005,8.861967,-5.481912,13.369801,False
2024-09-21 06:00:00,-0.5799983,107,-13,-3.24,3.6123388,-9.569526,8.236134,True,-5.5100007,8.08555,-6.4651093,12.891415,True
2024-09-21 06:05:00,0.7399995,107,-11,-3.2999995,4.9540076,-8.665633,9.778509,True,-3.0000002,9.431423,-5.6558347,14.410946,True
2024-09-21 06:10:00,0.21000068,107,-10,-4.35,4.204662,-9.401971,9.258394,True,-0.8500007,8.476307,-6.553201,13.688492,True
2024-09-21 06:15:00,-0.46999964,107,-11,-5.23,3.34992,-10.329536,8.713409,True,0.27000013,7.4545093,-7.614033,12.973694,True
2024-09-21 06:20:00,-0.5299991,107,-11,-5.8800006,3.2019289,-10.85581,8.930452,True,2.469999,7.2185283,-8.261271,13.084816,True
2024-09-21 06:25:00,1.6,107,-13,-5.31,5.5920024,-9.201804,11.414928,True,2.970001,9.830006,-6.5580754,15.752689,True
2024-09-21 06:30:00,-0.22999795,107,-14,-5.82,3.5813482,-10.795774,9.568413,True,2.5699995,7.673824,-8.169605,13.777592,True
2024-09-21 06:35:00,-1.7400001,107,-15,-6.8400006,1.9395729,-11.900355,7.9007316,True,1.6699997,5.9187255,-9.249811,12.022089,True
2024-09-21 06:40:00,-3.0599997,107,-14,-7.94,0.5097844,-12.913341,6.4212737,True,2.1900003,4.3945556,-10.244904,10.467041,True
2024-09-21 06:45:00,-3.95,107,-14,-7.73,-0.43624339,-13.660913,5.477241,True,2.2900007,3.4012964,-10.974471,9.4832115,True
2024-09-21 06:50:00,-3.86,107,-13,-6.5800004,-0.22008546,-13.629583,5.7498946,True,2.1300008,3.751705,-10.843878,9.868488,True
2024-09-21 06:55:00,-3.5000002,107,-12,-5.5000005,0.34988943,-13.301282,6.4096484,True,1.7299992,4.532663,-10.366739,10.711317,True
2024-09-21 07:00:00,-3.24,107,-13,-5.5100007,0.6913678,-13.033274,6.812589,True,1.4099995,4.949741,-10.048822,11.175474,True
2024-09-21 07:05:00,-3.2999995,107,-13,-3.0000002,0.64720315,-13.074408,6.8444133,True,0.5799996,4.921058,-10.078256,11.214598,True
2024-09-21 07:10:00,-4.35,107,-12,-0.8500007,-0.5321925,-14.267776,5.8961406,True,0.06999938,3.6244295,-11.335975,10.145113,True
2024-09-21 07:15:00,-5.23,107,-13,0.27000013,-1.5356697,-15.32658,5.113996,True,-0.77000076,2.5062482,-12.470219,9.246452,True
2024-09-21 07:20:00,-5.8800006,107,-13,2.469999,-2.2822783,-16.141685,4.556337,True,-1.0900005,1.6705109,-13.340685,8.588699,True
2024-09-21 07:25:00,-5.31,107,-14,2.970001,-1.4961685,-15.643298,5.3617396,True,-0.33000025,2.6799467,-12.698903,9.581665,True
2024-09-21 07:30:00,-5.82,107,-15,2.5699995,-2.0451987,-16.204525,4.9022765,True,0.030000372,2.1074731,-13.2560625,9.097038,True
2024-09-21 07:35:00,-6.8400006,107,-15,1.6699997,-3.2146704,-16.904882,3.6940973,True,1.6200005,0.7783486,-13.971179,7.7612395,True
2024-09-21 07:40:00,-7.94,107,-14,2.1900003,-4.5683656,-17.667788,2.1994455,True,3.0799997,-0.854214,-14.854649,6.030311,True
2024-09-21 07:45:00,-7.73,107,-12,2.2900007,-4.3957458,-17.280104,2.2803667,False,3.1000001,-0.7340053,-14.479353,6.0651984,True
2024-09-21 07:50:00,-6.5800004,107,-12,2.1300008,-3.0765078,-15.81628,3.3770483,True,2.9000013,0.7417657,-12.880591,7.3098006,True
2024-09-21 07:55:00,-5.5000005,107,-10,1.7299992,-1.8346046,-14.58281,4.557115,True,1.7100006,2.14126,-11.53375,8.633612,True
2024-09-21 08:00:00,-5.5100007,107,-8,1.4099995,-1.8152469,-14.775449,4.6898685,True,-0.55999976,2.195974,-11.708781,8.774374,True
2024-09-21 08:05:00,-3.0000002,107,-6,0.5799996,1.0393196,-12.423506,7.517946,True,-4.070001,5.3777194,-9.197766,11.880566,True
2024-09-21 08:10:00,-0.8500007,107,-3,0.06999938,3.4629285,-10.373882,9.853806,True,-4.78,8.035767,-7.0450616,14.413208,True
2024-09-21 08:15:00,0.27000013,107,1,-0.77000076,4.8076186,-9.255532,11.153532,True,-4.61,9.57106,-5.8178782,15.874149,True
2024-09-21 08:20:00,2.469999,107,4,-1.0900005,7.264503,-7.3481116,13.596607,True,-4.89,12.207493,-3.884599,18.458603,False
2024-09-21 08:25:00,2.970001,107,5,-0.33000025,7.8635993,-6.999226,14.212387,True,-4.5100007,12.8781395,-3.5102828,19.120506,False
2024-09-21 08:30:00,2.5699995,107,5,0.030000372,7.480478,-7.3215604,13.86528,True,-4.27,12.517326,-3.7871907,18.781387,False
2024-09-21 08:35:00,1.6699997,107,4,1.6200005,6.4969573,-8.1590395,12.921505,True,-3.699999,11.477583,-4.6197457,17.77343,True
2024-09-21 08:40:00,2.1900003,107,2,3.0799997,7.115022,-8.027777,13.628548,True,-2.699999,12.17037,-4.502006,18.512592,True
2024-09-21 08:45:00,2.2900007,107,1,3.1000001,7.199083,-8.321422,13.828018,True,-2.4300005,12.236542,-4.8480477,18.661366,True
2024-09-21 08:50:00,2.1300008,107,1,2.9000013,6.994062,-8.462696,13.6299095,True,-1.9799999,11.982306,-4.9993587,18.409775,True
2024-09-21 08:55:00,1.7299992,107,1,1.7100006,6.556127,-8.783751,13.208675,True,-2.2899992,11.511908,-5.30866,17.94754,True
2024-09-21 09:00:00,1.4099995,107,1,-0.55999976,6.2351737,-9.042574,12.888599,True,-2.2099993,11.19083,-5.5391765,17.617775,True
2024-09-21 09:05:00,0.5799996,107,1,-4.070001,5.6111617,-9.624777,12.236631,True,-3.32,10.786644,-5.896605,17.15857,True
2024-09-21 09:10:00,0.06999938,107,0,-4.78,5.5432067,-10.104808,12.212307,True,-4.2500005,11.151651,-6.0323224,17.507717,True
2024-09-21 09:15:00,-0.77000076,107,1,-4.61,4.984739,-11.119193,11.887402,True,-2.6000006,10.885632,-6.814923,17.411442,True
2024-09-21 09:20:00,-1.0900005,107,1,-4.89,4.373218,-11.57689,11.459606,True,-2.1399996,9.991425,-7.456695,16.713512,True
2024-09-21 09:25:00,-0.33000025,107,1,-4.5100007,4.9789596,-10.611748,11.993065,True,-1.1399997,10.406569,-6.614262,17.081127,True
2024-09-21 09:30:00,0.030000372,107,3,-4.27,5.4018416,-9.999436,12.317871,True,-0.19999917,10.857771,-5.9491687,17.43393,True
2024-09-21 09:35:00,1.6200005,107,5,-3.699999,7.1768394,-8.396783,13.93058,True,-0.07000001,12.724239,-4.342216,19.124989,True
2024-09-21 09:40:00,3.0799997,107,7,-2.699999,8.740223,-7.416227,15.575222,True,-0.12999947,14.30188,-3.4629405,20.751461,True
2024-09-21 09:45:00,3.1000001,107,7,-2.4300005,8.632999,-7.874721,15.587673,True,0.13999908,14.07008,-4.0456347,20.614094,True
2024-09-21 09:50:00,2.9000013,107,7,-1.9799999,8.467157,-8.929552,15.739628,True,-1.3300003,13.929794,-5.175324,20.729961,True
2024-09-21 09:55:00,1.7100006,107,7,-2.2899992,6.9960628,-11.261772,14.761097,True,-0.80999976,12.257311,-7.69838,19.496685,True
2024-09-21 10:00:00,-0.55999976,107,4,-2.2099993,4.3161597,-13.650475,12.469265,True,1.8600003,9.263849,-10.22767,16.900707,True
2024-09-21 10:05:00,-4.070001,107,1,-3.32,0.36753812,-16.266209,8.735298,True,1.8700005,4.9709506,-12.876204,12.883099,True
2024-09-21 10:10:00,-4.78,107,-1,-4.2500005,-0.5022071,-16.526066,7.911304,True,-1.110001,3.9432638,-13.161631,11.930416,True
2024-09-21 10:15:00,-4.61,107,-2,-2.6000006,-0.60313636,-16.367527,7.855779,True,-4.22,3.5440252,-13.234934,11.599436,True
2024-09-21 10:20:00,-4.89,107,-3,-2.1399996,-1.1476463,-16.121986,7.194238,True,-4.6600003,2.7164514,-13.13493,10.6959915,True
2024-09-21 10:25:00,-4.5100007,107,-3,-1.1399997,-0.86029655,-15.248032,7.274919,True,-2.2199996,2.8799322,-12.306754,10.676077,True
2024-09-21 10:30:00,-4.27,107,-3,-0.19999917,-0.8501666,-14.95818,7.2868495,True,-1.2700008,2.633993,-12.211693,10.448191,True
2024-09-21 10:35:00,-3.699999,107,-2,-0.07000001,-0.36461863,-14.668022,7.832872,True,-1.3699993,3.0138185,-12.034364,10.877018,True
2024-09-21 10:40:00,-2.699999,107,0,-0.12999947,0.837383,-13.87154,8.921358,True,-1.9400009,4.3948627,-11.137464,12.109247,True
2024-09-21 10:45:00,-2.4300005,107,0,0.13999908,1.2367626,-13.650728,9.178307,True,-2.5599997,4.9112945,-10.839095,12.458313,True
2024-09-21 10:50:00,-1.9799999,107,0,-1.3300003,1.8171402,-13.414064,9.704134,True,-2.5599997,5.6116595,-10.535786,13.0725975,True
2024-09-21 10:55:00,-2.2899992,107,0,-0.80999976,1.6888806,-13.243439,9.301321,True,-2.9200003,5.656219,-10.193191,12.830296,True
2024-09-21 11:00:00,-2.2099993,107,1,1.8600003,2.1298025,-12.577669,9.350912,True,-3.3500006,6.435495,-9.222814,13.200581,True
2024-09-21 11:05:00,-3.32,107,1,1.8700005,1.3352982,-13.320648,8.423586,True,-2.82,5.9633803,-9.658051,12.564411,True
2024-09-21 11:10:00,-4.2500005,107,1,-1.110001,0.42181554,-14.282568,7.4986396,True,-1.6000007,5.0778747,-10.562316,11.65044,True
2024-09-21 11:15:00,-2.6000006,107,2,-4.22,2.2791765,-12.575814,9.17679,True,-1.0000004,7.0793796,-8.788908,13.456184,True
2024-09-21 11:20:00,-2.1399996,107,2,-4.6600003,2.5082471,-12.400827,9.431976,True,-0.66000015,7.072023,-8.804543,13.480152,True
2024-09-21 11:25:00,-1.1399997,107,3,-2.2199996,3.4999807,-11.552585,10.405323,True,-0.69000083,8.024275,-8.01535,14.408459,True
2024-09-21 11:30:00,-0.19999917,107,3,-1.2700008,4.667503,-10.693175,11.429348,True,-0.3500007,9.366684,-7.0451694,15.585045,True
2024-09-21 11:35:00,-0.07000001,107,4,-1.3699993,4.7276855,-10.626875,11.588903,True,0.5799996,9.347519,-7.040605,15.662716,True
2024-09-21 11:40:00,-0.12999947,107,5,-1.9400009,4.4853606,-11.127612,11.650906,True,0.58999985,8.94733,-7.683684,15.550934,True
2024-09-21 11:45:00,0.13999908,107,6,-2.5599997,4.7053103,-10.930076,11.838833,True,2.0799978,9.108742,-7.5363946,15.678379,True
2024-09-21 11:50:00,-1.3300003,107,5,-2.5599997,3.1615846,-11.943618,10.249811,True,0.4700009,7.524183,-8.492537,14.057873,True
2024-09-21 11:55:00,-0.80999976,107,6,-2.9200003,3.80537,-11.394568,10.831657,True,0.39999738,8.258413,-7.879913,14.717533,True
2024-09-21 12:00:00,1.8600003,107,8,-3.3500006,6.4068217,-9.1595745,13.278164,True,0.19000022,10.691828,-5.8612924,17.004173,True
2024-09-21 12:05:00,1.8700005,107,8,-2.82,6.329965,-9.293514,13.238991,True,-0.33000025,10.523212,-6.0725207,16.872215,True
2024-09-21 12:10:00,-1.110001,107,6,-1.6000007,3.4446523,-11.58207,10.40284,True,-0.7099994,7.811807,-8.105488,14.194366,True
2024-09-21 12:15:00,-4.22,107,4,-1.0000004,0.8045098,-14.220052,7.811826,True,-0.5000003,5.684383,-10.234764,12.059719,True
2024-09-21 12:20:00,-4.6600003,107,2,-0.66000015,0.20697753,-14.909865,7.367412,True,0.6499993,4.9391665,-11.026568,11.4646,True
2024-09-21 12:25:00,-2.2199996,107,2,-0.69000083,2.5004213,-12.177632,9.354439,True,0.6499993,7.0246997,-8.463933,13.284824,True
2024-09-21 12:30:00,-1.2700008,107,3,-0.3500007,3.5104005,-11.016406,10.058315,True,0.4700009,8.047688,-7.293321,14.009502,True
2024-09-21 12:35:00,-1.3699993,107,2,0.5799996,3.511007,-10.973377,9.921883,True,1.4700009,8.133318,-7.1665874,13.950375,True
2024-09-21 12:40:00,-1.9400009,107,3,0.58999985,2.990318,-11.5693445,9.390957,True,2.5400007,7.6664214,-7.704082,13.45731,True
2024-09-21 12:45:00,-2.5599997,107,3,2.0799978,2.001396,-12.51991,8.604683,True,3.2700002,6.34563,-8.917233,12.341892,True
2024-09-21 12:50:00,-2.5599997,107,3,0.4700009,1.6639534,-12.761567,8.394018,True,3.2399995,5.690864,-9.409067,11.829424,True
2024-09-21 12:55:00,-2.9200003,107,3,0.39999738,0.9218499,-13.456946,7.865192,True,2.9899995,4.5897574,-10.394293,10.956106,True
2024-09-21 13:00:00,-3.3500006,107,2,0.19000022,-0.007421808,-14.233512,7.1142592,True,2.7499998,3.1858938,-11.532417,9.761459,True
2024-09-21 13:05:00,-2.82,107,3,-0.33000025,0.54901284,-14.004221,7.6364627,True,2.2800004,3.7545202,-11.303362,10.281597,True
2024-09-21 13:10:00,-1.6000007,107,3,-0.7099994,1.7029778,-12.751784,8.615282,True,2.4999998,4.809627,-10.142509,11.171511,True
2024-09-21 13:15:00,-1.0000004,107,3,-0.5000003,2.14797,-12.373974,9.109034,True,2.550001,5.086452,-9.903413,11.501968,True
2024-09-21 13:20:00,-0.66000015,107,4,0.6499993,2.3616807,-12.355258,9.407291,True,1.7399994,5.1705794,-9.990021,11.67326,True
2024-09-21 13:25:00,-0.69000083,107,4,0.6499993,2.4430234,-12.301934,9.396519,True,1.7200009,5.3550296,-9.846817,11.749689,True
2024-09-21 13:30:00,-0.3500007,107,4,0.4700009,3.66584,-11.529106,10.278469,True,1.6699997,7.3928695,-8.446403,13.3786125,True
2024-09-21 13:35:00,0.5799996,107,3,1.4700009,5.0376983,-10.646454,11.48727,True,1.2599999,9.137823,-7.2945065,14.9202,True
2024-09-21 13:40:00,0.58999985,107,4,2.5400007,5.3209147,-10.514604,11.691244,True,0.7800004,9.663752,-6.9737983,15.340424,True
2024-09-21 13:45:00,2.0799978,107,5,3.2700002,7.087671,-9.227637,13.284401,True,-0.119999245,11.610958,-5.6040006,17.09478,True
2024-09-21 13:50:00,0.4700009,107,4,3.2399995,5.5695987,-10.557658,11.839952,True,-0.44999918,10.230473,-6.762666,15.759197,True
2024-09-21 13:55:00,0.39999738,107,4,2.9899995,5.4738364,-10.618107,11.690044,True,-0.69999725,10.111355,-6.8338876,15.583691,True
2024-09-21 14:00:00,0.19000022,107,4,2.7499998,5.096208,-10.76344,11.2480545,True,-1.1800007,9.585701,-7.066505,15.00375,True
2024-09-21 14:05:00,-0.33000025,107,3,2.2800004,4.9175963,-11.196266,11.064938,True,-1.4499992,9.722515,-7.2417283,15.096085,True
2024-09-21 14:10:00,-0.7099994,107,3,2.4999998,4.3821654,-12.024857,10.70635,True,-1.9,9.060741,-8.171529,14.596806,True
2024-09-21 14:15:00,-0.5000003,107,4,2.550001,4.2890162,-12.203624,10.703598,True,-2.5399992,8.684422,-8.575933,14.328014,True
2024-09-21 14:20:00,0.6499993,107,4,1.7399994,4.7164283,-11.628245,11.183537,True,-2.32,8.411667,-8.550848,14.172646,True
2024-09-21 14:25:00,0.6499993,107,4,1.7200009,4.395469,-11.606584,10.893108,True,-1.7600006,7.7952247,-8.728889,13.61816,True
2024-09-21 14:30:00,0.4700009,107,5,1.6699997,3.9004762,-11.650267,10.431761,True,-2.0100005,7.0122333,-8.9584255,12.896622,True
2024-09-21 14:35:00,1.4700009,107,5,1.2599999,4.5692496,-10.765743,11.033049,True,-1.7899994,7.348804,-8.331054,13.200668,True
2024-09-21 14:40:00,2.5400007,107,5,0.7800004,5.3628592,-9.964668,11.788542,True,-2.1800005,7.8599544,-7.750461,13.696911,True
2024-09-21 14:45:00,3.2700002,107,4,-0.119999245,5.942922,-9.400543,12.3025055,True,-2.0000002,8.282524,-7.303331,14.065849,True
2024-09-21 14:50:00,3.2399995,107,4,-0.44999918,5.798122,-9.536502,12.168993,True,-2.2199996,8.031143,-7.5112453,13.8336525,True
2024-09-21 14:55:00,2.9899995,107,4,-0.69999725,5.3342185,-9.674926,11.750181,True,-2.0499995,7.373216,-7.7746663,13.236252,True
2024-09-21 15:00:00,2.7499998,107,4,-1.1800007,4.956472,-9.740757,11.352583,True,-2.7999995,6.872537,-7.9194827,12.728054,True
2024-09-21 15:05:00,2.2800004,107,4,-1.4499992,4.4882865,-9.919804,10.825342,True,-3.279999,6.412908,-8.080091,12.210537,True
2024-09-21 15:10:00,2.4999998,107,4,-1.9,4.8887725,-9.356868,10.99682,True,-3.3799994,6.973396,-7.392946,12.53355,True
2024-09-21 15:15:00,2.550001,107,3,-2.5399992,5.170484,-8.910401,11.041771,True,-1.1000007,7.461559,-6.7843375,12.774216,True
2024-09-21 15:20:00,1.7399994,107,3,-2.32,4.395187,-9.398549,10.15797,True,0.030000372,6.7280917,-7.2237515,11.930279,True
2024-09-21 15:25:00,1.7200009,107,3,-1.7600006,4.3576407,-9.101321,10.032637,True,0.72999924,6.6710525,-6.9334636,11.792608,True
2024-09-21 15:30:00,1.6699997,107,3,-2.0100005,4.20379,-9.230939,9.916769,True,2.7399995,6.422109,-7.1336284,11.58799,True
2024-09-21 15:35:00,1.2599999,107,3,-1.7899994,3.6689985,-9.423663,9.393858,True,2.3999994,5.7799716,-7.3967214,10.96805,True
2024-09-21 15:40:00,0.7800004,107,3,-2.1800005,3.1508005,-9.703526,8.847052,True,0.15999953,5.2349334,-7.686628,10.398607,True
2024-09-21 15:45:00,-0.119999245,107,3,-2.0000002,2.242298,-10.465214,8.041901,True,0.42999998,4.3320403,-8.432688,9.602085,True
2024-09-21 15:50:00,-0.44999918,107,3,-2.2199996,1.9584118,-10.627591,7.7603927,True,-0.4900001,4.093839,-8.553396,9.364702,True
2024-09-21 15:55:00,-0.69999725,107,2,-2.0499995,1.7608086,-10.870469,7.651319,True,-1.9599994,3.9470613,-8.751289,9.30258,True
2024-09-21 16:00:00,-1.1800007,107,2,-2.7999995,1.2225052,-11.155299,7.1044707,True,-2.029997,3.3623312,-9.067883,8.718618,True
2024-09-21 16:05:00,-1.4499992,107,2,-3.279999,1.0442578,-11.160257,6.8200603,True,-1.7500004,3.2751253,-8.993578,8.520603,True
2024-09-21 16:10:00,-1.9,107,2,-3.3799994,0.96279496,-11.038257,6.308746,True,-1.8799995,3.53561,-8.583548,8.33256,True
2024-09-21 16:15:00,-2.5399992,107,1,-1.1000007,0.75270814,-11.166671,5.7665076,True,-0.7899993,3.7273061,-8.366226,8.167959,True
2024-09-21 16:20:00,-2.32,107,2,0.030000372,1.5711247,-10.568906,6.061689,True,0.059999153,5.07151,-7.3333097,8.966209,True
2024-09-21 16:25:00,-1.7600006,107,2,0.72999924,2.8217866,-10.056016,7.159633,True,0.42999998,6.910463,-6.363601,10.607763,True
2024-09-21 16:30:00,-2.0100005,107,2,2.7399995,3.2474802,-10.253942,7.677942,True,0.40999952,7.9267783,-6.097363,11.65954,True
2024-09-21 16:35:00,-1.7899994,107,3,2.3999994,3.9504316,-10.155882,8.481295,True,-1.15,9.0334,-5.7111173,12.815586,True
2024-09-21 16:40:00,-2.1800005,107,3,0.15999953,3.7731798,-10.764392,8.489679,True,-1.82,9.058115,-6.180527,12.983257,True
2024-09-21 16:45:00,-2.0000002,107,2,0.42999998,4.376592,-10.870007,9.329655,True,-0.66000015,10.008156,-6.05798,14.110012,True
2024-09-21 16:50:00,-2.2199996,107,3,-0.4900001,2.9102094,-11.476516,7.9090896,True,0.19000022,7.519592,-7.439009,11.77062,True
2024-09-21 16:55:00,-2.0499995,107,3,-1.9599994,2.693113,-10.959288,7.470535,True,2.0699995,6.9612994,-7.1494803,11.051971,True
2024-09-21 17:00:00,-2.7999995,107,3,-2.029997,1.2093407,-11.540699,5.9511924,True,0.9899995,4.8598666,-8.172468,8.984562,True
2024-09-21 17:05:00,-3.279999,107,2,-1.7500004,-0.092590645,-12.192874,4.839601,True,0.7200009,2.8420866,-9.396332,7.221542,True
2024-09-21 17:10:00,-3.3799994,107,2,-1.8799995,-0.45492014,-12.5223,4.8101497,True,1.2200009,2.247215,-9.924622,6.9746222,True
2024-09-21 17:15:00,-1.1000007,107,3,-0.7899993,1.427015,-11.293239,7.0293307,True,3.2900026,3.7404687,-9.059183,8.835979,True
2024-09-21 17:20:00,0.030000372,107,3,0.059999153,1.9419914,-10.693131,7.837114,True,3.1200006,3.6895673,-8.9154415,9.130516,True
2024-09-21 17:25:00,0.72999924,107,3,0.42999998,2.1811426,-10.503982,8.317135,True,1.5599991,3.5068777,-9.05712,9.228426,True
2024-09-21 17:30:00,2.7399995,107,3,0.40999952,4.067573,-8.924995,10.12219,True,2.0699995,5.264192,-7.587419,10.923655,True
2024-09-21 17:35:00,2.3999994,107,2,-1.15,3.6417253,-9.449852,9.857458,True,0.9199998,4.76786,-8.165926,10.598101,True
2024-09-21 17:40:00,0.15999953,107,0,-1.82,1.511705,-10.80686,7.7509494,True,-0.72999984,2.76601,-9.416698,8.605808,True
2024-09-21 17:45:00,0.42999998,107,-1,-0.66000015,2.7177007,-10.337123,8.821325,True,-1.6299995,4.814531,-8.304147,10.445187,True
2024-09-21 17:50:00,-0.4900001,107,-2,0.19000022,1.8553997,-11.397789,8.179781,True,-3.5499995,4.020593,-9.307335,9.858025,True
2024-09-21 17:55:00,-1.9599994,107,-3,2.0699995,0.09683578,-12.70152,6.5917983,True,-5.43,2.0226038,-10.791837,8.055809,True
2024-09-21 18:00:00,-2.029997,107,-3,0.9899995,-0.2943519,-12.77882,6.331714,True,-7.98,1.3386456,-11.0999775,7.5350738,True
2024-09-21 18:05:00,-1.7500004,107,-3,0.7200009,-0.40706667,-12.601163,6.2977405,True,-9.97,0.86341065,-11.211629,7.1812377,True
2024-09-21 18:10:00,-1.8799995,107,-3,1.2200009,-0.32620463,-12.379492,6.5150676,True,-9.8,1.1375519,-10.85186,7.5816836,True
2024-09-21 18:15:00,-0.7899993,107,-3,3.2900026,1.3596188,-11.742834,8.385241,True,-10.39,3.3460634,-9.8243685,9.921778,False
2024-09-21 18:20:00,0.059999153,107,-2,3.1200006,2.471752,-12.870326,10.458832,True,-10.56,4.6917415,-10.7907095,12.175257,True
2024-09-21 18:25:00,0.42999998,107,-3,1.5599991,2.5078542,-13.695274,10.977247,True,-10.03,4.4378505,-11.832997,12.431961,True
2024-09-21 18:30:00,0.40999952,107,-3,2.0699995,2.3669164,-14.282945,11.074781,True,-10.09,4.2002673,-12.487382,12.44067,True
2024-09-21 18:35:00,-1.15,107,-3,0.9199998,0.9671323,-15.3511,9.797293,True,-10.24,2.9730966,-13.422667,11.308702,True
2024-09-21 18:40:00,-1.82,107,-4,-0.72999984,0.37322202,-15.182016,8.822411,True,-6.8000007,2.4628332,-13.194925,10.414871,True
2024-09-21 18:45:00,-0.66000015,107,-3,-1.6299995,1.9216038,-13.816768,10.092983,True,-5.98,4.3470836,-11.609896,11.98518,True
2024-09-21 18:50:00,0.19000022,107,-3,-3.5499995,2.9818494,-12.612859,10.914125,True,-5.53,5.578155,-10.298893,12.966236,True
2024-09-21 18:55:00,2.0699995,107,-2,-5.43,4.1994376,-11.15456,11.941469,True,-4.43,6.184301,-9.292838,13.473831,True
2024-09-21 19:00:00,0.9899995,107,-1,-7.98,1.9324566,-11.806584,9.778725,True,-3.2899992,2.8730485,-10.688504,10.401724,True
2024-09-21 19:05:00,0.7200009,107,-2,-9.97,0.48494878,-12.066935,8.607843,True,-2.5800002,0.35858694,-11.726554,8.287708,True
2024-09-21 19:10:00,1.2200009,107,-1,-9.8,-0.046188667,-12.010247,8.507507,True,-2.2700007,-1.1112751,-12.347645,7.3551955,True
2024-09-21 19:15:00,3.2900026,107,2,-10.39,1.2804848,-10.959847,10.0790825,True,-2.1900008,-0.4514068,-11.727755,8.340134,True
2024-09-21 19:20:00,3.1200006,107,2,-10.56,0.5376012,-11.731819,9.948612,True,-1.5200008,-1.6922172,-12.824691,7.777345,True
2024-09-21 19:25:00,1.5599991,107,1,-10.03,-1.5186065,-13.835656,8.48917,True,-0.18000062,-4.1828036,-15.188402,5.942386,True
2024-09-21 19:30:00,2.0699995,107,0,-10.09,-0.8491252,-13.276815,8.938089,True,0.4700009,-3.352589,-14.511748,6.536489,True
2024-09-21 19:35:00,0.9199998,107,-1,-10.24,-1.1792969,-12.541595,8.1003685,True,0.36000028,-2.9419749,-13.375246,6.340469,True
2024-09-21 19:40:00,-0.72999984,107,-2,-6.8000007,-1.7335399,-12.186464,6.7315784,True,2.0000017,-2.50787,-12.408854,5.847917,True
2024-09-21 19:45:00,-1.6299995,107,-2,-5.98,-1.2930149,-11.173313,5.8987403,True,1.4700009,-0.86011916,-10.541124,6.0990367,True
2024-09-21 19:50:00,-3.5499995,107,-4,-5.53,-1.809811,-11.356117,4.3541446,True,0.33999982,-0.114221886,-9.721587,5.706289,True
2024-09-21 19:55:00,-5.43,107,-5,-4.43,-2.3668787,-12.015485,2.8939607,True,0.05000083,0.51542443,-9.358809,5.344051,True
2024-09-21 20:00:00,-7.98,107,-6,-3.2899992,-3.80697,-13.594627,0.89419526,True,-0.44999918,0.082198784,-10.00812,4.2778106,True
2024-09-21 20:05:00,-9.97,107,-8,-2.5800002,-5.174584,-15.163406,-0.6348117,True,-0.9699996,-0.70617706,-11.020633,3.277994,True
2024-09-21 20:10:00,-9.8,107,-8,-2.2700007,-4.7836957,-14.949963,-0.47617754,True,-1.1199993,-0.11088212,-10.63016,3.62228,True
2024-09-21 20:15:00,-10.39,107,-8,-2.1900008,-5.525517,-15.4749155,-1.2608246,True,-0.8500007,-0.96699363,-11.256032,2.734163,True
2024-09-21 20:20:00,-10.56,107,-8,-1.5200008,-5.2078223,-15.125304,-1.0577797,True,-0.2099994,-0.22119744,-10.494635,3.3619592,True
2024-09-21 20:25:00,-10.03,107,-8,-0.18000062,-4.8629594,-14.682017,-0.9543193,False,0.45000044,-0.055391625,-10.222034,3.3105772,True
2024-09-21 20:30:00,-10.09,107,-8,0.4700009,-5.110171,-14.812416,-1.1020683,False,1.6,-0.46205363,-10.508814,3.0113351,True
2024-09-21 20:35:00,-10.24,107,-7,0.36000028,-5.500405,-15.200183,-1.072842,False,2.1000001,-1.0558513,-11.112221,2.831209,True
2024-09-21 20:40:00,-6.8000007,107,-6,2.0000017,-2.488312,-12.408961,2.107248,True,1.3700005,1.5337902,-8.788145,5.628986,True
2024-09-21 20:45:00,-5.98,107,-5,1.4700009,-1.479195,-11.551497,3.2951028,True,1.1900002,2.6930883,-7.833942,6.961347,True
2024-09-21 20:50:00,-5.53,107,-5,0.33999982,-1.3814491,-11.499917,3.8526323,True,1.7000004,2.4738061,-8.094253,7.2193522,True
2024-09-21 20:55:00,-4.43,107,-4,0.05000083,-0.95469505,-10.566583,3.926315,True,2.3600004,2.3123949,-7.669863,6.777454,True
2024-09-21 21:00:00,-3.2899992,107,-4,-0.44999918,0.28318182,-9.27216,4.733438,True,1.8999993,3.612703,-6.3288207,7.664867,True
2024-09-21 21:05:00,-2.5800002,107,-4,-0.9699996,1.1223923,-8.583837,5.4649615,True,1.0200001,4.5503745,-5.574063,8.4956455,True
2024-09-21 21:10:00,-2.2700007,107,-4,-1.1199993,1.0394741,-8.5568075,5.5813727,True,0.38999906,4.1295657,-5.8539853,8.297476,True
2024-09-21 21:15:00,-2.1900008,107,-3,-0.8500007,0.6270177,-8.735091,5.4280677,True,0.50999993,3.2945383,-6.4021792,7.7534976,True
2024-09-21 21:20:00,-1.5200008,107,-3,-0.2099994,0.909496,-8.185579,5.672775,True,1.0699993,3.2288015,-6.150004,7.684608,True
2024-09-21 21:25:00,-0.18000062,107,-3,0.45000044,2.108648,-7.1154256,6.793157,True,1.7200009,4.290628,-5.2128587,8.683853,True
2024-09-21 21:30:00,0.4700009,107,-2,1.6,3.0037763,-6.348107,7.3653045,True,2.1900003,5.3938575,-4.2787375,9.460606,True
2024-09-21 21:35:00,0.36000028,107,-2,2.1000001,3.8607728,-5.9776073,7.957069,True,2.0300004,7.066009,-3.225567,10.821655,True
2024-09-21 21:40:00,2.0000017,107,-1,1.3700005,6.013559,-4.7101426,10.18326,True,2.7100008,9.6043415,-1.7022308,13.40781,True
2024-09-21 21:45:00,1.4700009,107,-2,1.1900002,5.6308513,-5.1106076,9.783258,True,2.4799993,9.357903,-1.9872421,13.134144,True
2024-09-21 21:50:00,0.33999982,107,-3,1.7000004,4.202848,-5.8638244,7.93642,True,2.5200002,7.7175746,-2.8609545,11.107491,True
2024-09-21 21:55:00,0.05000083,107,-4,2.3600004,3.9348867,-5.908382,7.3533034,True,2.5599992,7.4712653,-2.8641455,10.56262,True
2024-09-21 22:00:00,-0.44999918,107,-4,1.8999993,3.5160558,-6.1958413,6.8126597,True,2.550001,7.129621,-3.0708334,10.102327,True
2024-09-21 22:05:00,-0.9699996,107,-4,1.0200001,2.9915388,-6.598205,6.1894984,True,1.9099995,6.6084266,-3.4635623,9.48901,True
2024-09-21 22:10:00,-1.1199993,107,-5,0.38999906,2.4346368,-6.909146,5.7424026,True,1.9400002,5.717323,-4.078357,8.726742,True
2024-09-21 22:15:00,-0.8500007,107,-5,0.50999993,2.0714052,-7.0316663,5.6472793,True,1.9899994,4.8176093,-4.695376,8.124687,True
2024-09-21 22:20:00,-0.2099994,107,-4,1.0699993,2.1447885,-6.713301,5.8963847,True,2.2000005,4.399793,-4.812881,7.9192615,True
2024-09-21 22:25:00,0.45000044,107,-4,1.7200009,2.6787927,-6.26819,6.6220355,True,2.5599992,4.81356,-4.489186,8.536888,True
2024-09-21 22:30:00,1.6,107,-4,2.1900003,3.5713422,-5.530543,7.7290835,True,3.470001,5.4779983,-3.9697907,9.436239,True
2024-09-21 22:35:00,2.1000001,107,-4,2.0300004,4.0044837,-5.0479283,8.031736,True,3.9199998,5.8516154,-3.5419505,9.694164,True
2024-09-21 22:40:00,1.3700005,107,-4,2.7100008,3.6104753,-5.285538,7.261806,True,6.0500007,5.7514377,-3.5178645,9.212679,True
2024-09-21 22:45:00,1.1900002,107,-4,2.4799993,3.7491586,-5.17065,7.0165095,True,6.2599998,6.167022,-3.1596625,9.2423935,True
2024-09-21 22:50:00,1.7000004,107,-4,2.5200002,4.330173,-4.570619,7.1921344,True,5.8000007,6.804437,-2.5061858,9.492483,True
2024-09-21 22:55:00,2.3600004,107,-4,2.5599992,5.20664,-3.789451,7.6754966,True,5.4500003,7.855142,-1.5714229,10.163336,True
2024-09-21 23:00:00,1.8999993,107,-4,2.550001,5.0692725,-4.0108514,7.3088336,True,4.469999,7.99851,-1.539843,10.076199,True
2024-09-21 23:05:00,1.0200001,107,-5,1.9099995,4.2126,-4.719565,6.1721244,True,3.1100004,7.1771884,-2.193579,8.983107,True
2024-09-21 23:10:00,0.38999906,107,-5,1.9400002,3.924425,-5.0831246,5.6440787,True,1.6300007,7.1863055,-2.280659,8.752502,True
2024-09-21 23:15:00,0.50999993,107,-6,1.9899994,4.372144,-4.842633,5.951057,True,1.6599995,7.911531,-1.8083175,9.336063,True
2024-09-21 23:20:00,1.0699993,107,-6,2.2000005,4.966697,-4.3171554,6.4633346,True,2.18,8.53561,-1.2781929,9.889776,True
2024-09-21 23:25:00,1.7200009,107,-6,2.5599992,5.7840877,-3.7451708,7.324762,True,2.140001,9.483389,-0.62883025,10.883228,True
2024-09-21 23:30:00,2.1900003,107,-6,3.470001,6.3254905,-3.3561594,7.9060893,True,1.8999993,10.077225,-0.21980889,11.522947,True
2024-09-21 23:35:00,2.0300004,107,-5,3.9199998,6.44272,-3.4878943,8.138279,True,2.0599992,10.436529,-0.17318185,11.983532,True
2024-09-21 23:40:00,2.7100008,107,-6,6.0500007,7.953523,-2.8550036,9.983944,True,1.93,12.616028,0.9176423,14.454334,True
2024-09-21 23:45:00,2.4799993,107,-5,6.2599998,8.138285,-3.2747004,10.73683,True,2.1200006,13.146973,0.69166726,15.499126,True
2024-09-21 23:50:00,2.5200002,107,-5,5.8000007,8.238878,-3.3575099,11.056305,True,1.389999,13.304649,0.62169427,15.865498,True
2024-09-21 23:55:00,2.5599992,107,-4,5.4500003,7.329168,-3.5031054,10.087366,True,0.6499993,11.630068,-0.095482185,14.194778,True
2024-09-22 00:00:00,2.550001,107,-5,4.469999,6.6971087,-3.345547,9.2110615,True,0.41999975,10.475189,-0.2887195,12.85997,True
2024-09-22 00:05:00,1.9099995,107,-5,3.1100004,5.6660457,-3.904094,8.088789,True,0.58999985,9.114519,-1.0724376,11.437727,True
2024-09-22 00:10:00,1.9400002,107,-5,1.6300007,5.267463,-4.048944,7.8599296,True,1.5500008,8.33886,-1.5324825,10.852797,True
2024-09-22 00:15:00,1.9899994,107,-6,1.6599995,4.9435916,-4.3509717,7.898132,True,1.7900006,7.6888804,-2.1469405,10.56978,True
2024-09-22 00:20:00,2.2000005,107,-6,2.18,4.654979,-4.565536,8.089846,True,1.8800007,6.9738746,-2.7702506,10.34647,True
2024-09-22 00:25:00,2.5599992,107,-5,2.140001,4.6309657,-4.4995065,8.34137,True,2.0599992,6.614555,-3.0122035,10.284695,True
2024-09-22 00:30:00,3.470001,107,-5,1.8999993,5.523599,-3.7475016,9.146416,True,2.1000001,7.4912295,-2.2930644,11.085947,True
2024-09-22 00:35:00,3.9199998,107,-4,2.0599992,6.340053,-3.1598475,9.626671,True,1.7100006,8.629377,-1.441275,11.88866,True
2024-09-22 00:40:00,6.0500007,107,-4,1.93,8.790546,-1.1696247,11.6376095,True,1.6900002,11.33675,0.73633546,14.172031,True
2024-09-22 00:45:00,6.2599998,107,-4,2.1200006,9.61693,-0.69159156,12.056114,True,1.8700005,12.67411,1.6407601,15.106327,True
2024-09-22 00:50:00,5.8000007,107,-5,1.389999,9.7241,-0.7145713,11.922487,True,1.7800003,13.251076,2.05286,15.449265,False
2024-09-22 00:55:00,5.4500003,107,-5,0.6499993,9.475733,-0.9816001,11.435108,True,1.7900006,13.092651,1.88232,15.063992,False
2024-09-22 01:00:00,4.469999,107,-5,0.41999975,8.123922,-1.9412407,9.9230995,True,2.0399988,11.46483,0.7270009,13.292564,True
2024-09-22 01:05:00,3.1100004,107,-6,0.58999985,6.4641204,-3.1970065,8.129858,True,3.0200002,9.584518,-0.6785987,11.291258,True
2024-09-22 01:10:00,1.6300007,107,-8,1.5500008,4.9291377,-4.519981,6.4371886,True,3.390001,8.016287,-1.9935879,9.570478,True
2024-09-22 01:15:00,1.6599995,107,-8,1.7900006,4.6824584,-4.5810475,6.1218925,True,3.3199995,7.53017,-2.2618124,9.03582,True
2024-09-22 01:20:00,2.18,107,-7,1.8800007,4.979568,-4.2696185,6.522268,True,3.0599992,7.634149,-2.1521075,9.257441,True
2024-09-22 01:25:00,2.140001,107,-7,2.0599992,4.8170905,-4.4533076,6.5783973,True,3.26,7.370664,-2.4458811,9.216995,True
2024-09-22 01:30:00,1.8999993,107,-7,2.1000001,4.572641,-4.8176427,6.508487,True,3.050001,7.1356616,-2.8346446,9.156942,True
2024-09-22 01:35:00,2.0599992,107,-7,1.7100006,4.667043,-4.577639,6.5073657,True,2.3099992,7.1730304,-2.6237872,9.12005,True
2024-09-22 01:40:00,1.93,107,-7,1.6900002,4.8444247,-4.693131,6.5380626,True,2.1699998,7.6363864,-2.5047152,9.4275,True
2024-09-22 01:45:00,2.1200006,107,-6,1.8700005,5.3871074,-4.4009595,6.898891,True,3.2299993,8.508329,-1.9475616,10.119703,True
2024-09-22 01:50:00,1.389999,107,-6,1.7800003,4.860986,-4.9592767,6.2187877,True,2.4400003,8.190296,-2.3188002,9.653496,True
2024-09-22 01:55:00,0.6499993,107,-7,1.7900006,4.226249,-5.55858,5.4713683,True,2.1499994,7.671434,-2.7971861,9.029755,True
2024-09-22 02:00:00,0.41999975,107,-7,2.0399988,4.06027,-5.7734065,5.2825637,True,2.2000005,7.564447,-2.9470065,8.908318,True
2024-09-22 02:05:00,0.58999985,107,-7,3.0200002,4.1834483,-5.670961,5.3959365,True,2.1699998,7.637838,-2.865576,8.9864235,True
2024-09-22 02:10:00,1.5500008,107,-7,3.390001,5.2985187,-5.076265,6.7233424,True,2.1699998,8.890745,-2.2356455,10.427074,True
2024-09-22 02:15:00,1.7900006,107,-7,3.3199995,5.6513133,-4.9360633,7.3274837,True,2.4400003,9.350599,-2.042864,11.129768,True
2024-09-22 02:20:00,1.8800007,107,-7,3.0599992,5.9779944,-4.84001,7.734142,True,2.4999998,9.8950405,-1.7813972,11.74913,True
2024-09-22 02:25:00,2.0599992,107,-7,3.26,6.396356,-4.655726,8.278633,True,2.4600008,10.529121,-1.4464,12.506802,True
2024-09-22 02:30:00,2.1000001,107,-7,3.050001,6.422815,-4.697059,8.39851,True,2.5799997,10.562099,-1.5078338,12.6346245,True
2024-09-22 02:35:00,1.7100006,107,-7,2.3099992,5.991117,-5.1105914,8.025145,True,2.3600004,10.11858,-1.9392818,12.253796,True
2024-09-22 02:40:00,1.6900002,107,-7,2.1699998,5.9429965,-5.2327228,8.061886,True,1.9400002,10.074236,-2.0998175,12.293419,True
2024-09-22 02:45:00,1.8700005,107,-7,3.2299993,6.1154876,-5.0936227,8.278982,True,2.1699998,10.251329,-1.9830173,12.525356,True
2024-09-22 02:50:00,1.7800003,107,-7,2.4400003,6.3427672,-5.198013,8.729403,True,1.8299996,10.776192,-1.9061302,13.253201,True
2024-09-22 02:55:00,1.7900006,107,-7,2.1499994,6.4757724,-5.2231145,9.051279,True,1.7700001,11.029249,-1.8821396,13.693893,True
2024-09-22 03:00:00,2.0399988,107,-7,2.2000005,7.074247,-4.737512,9.624216,True,1.7499996,11.949623,-1.1684955,14.59243,True
2024-09-22 03:05:00,3.0200002,107,-7,2.1699998,7.777244,-3.9854662,10.311518,True,1.6200005,12.412533,-0.65865546,15.070274,True
2024-09-22 03:10:00,3.390001,107,-6,2.1699998,8.0061035,-3.7590668,10.611235,True,1.8199993,12.514435,-0.56059295,15.257839,True
2024-09-22 03:15:00,3.3199995,107,-5,2.4400003,7.922466,-4.0117955,10.717646,True,1.7200009,12.4403305,-0.8543952,15.367371,True
2024-09-22 03:20:00,3.0599992,107,-4,2.4999998,7.546308,-3.961281,10.2993965,True,1.8700005,11.963766,-0.8188785,14.889137,True
2024-09-22 03:25:00,3.26,107,-4,2.4600008,7.7211432,-3.9313977,10.631178,True,2.3800008,12.117731,-0.816418,15.199066,True
2024-09-22 03:30:00,3.050001,107,-4,2.5799997,7.358003,-4.360394,10.511084,True,1.6900002,11.620901,-1.3510326,14.948231,True
2024-09-22 03:35:00,2.3099992,107,-4,2.3600004,6.4545836,-5.097159,9.640242,True,1.8199993,10.589758,-2.1396792,13.96682,True
2024-09-22 03:40:00,2.1699998,107,-4,1.9400002,6.275699,-5.5433307,9.698973,True,2.1900003,10.377398,-2.6356719,13.98262,True
2024-09-22 03:45:00,3.2299993,107,-2,2.1699998,7.8162017,-4.745397,11.417213,True,2.5200002,12.338844,-1.5964454,16.083458,True
2024-09-22 03:50:00,2.4400003,107,-2,1.8299996,7.2021327,-5.6717963,11.072416,True,2.970001,11.906454,-2.3970683,15.895992,True
2024-09-22 03:55:00,2.1499994,107,-2,1.7700001,6.499368,-6.066788,10.306278,True,3.3800008,10.844372,-3.0349104,14.804348,True
2024-09-22 04:00:00,2.2000005,107,-2,1.7499996,6.3326545,-6.0895886,10.0245,True,3.09,10.5002575,-3.2006915,14.366852,True
2024-09-22 04:05:00,2.1699998,107,-2,1.6200005,6.112594,-6.08958,9.809259,True,3.1499994,10.116621,-3.3262331,14.015087,True
2024-09-22 04:10:00,2.1699998,107,-2,1.8199993,5.947868,-6.2355485,9.851624,True,2.9799974,9.809128,-3.613476,13.924915,True
2024-09-22 04:15:00,2.4400003,107,-1,1.7200009,5.822788,-5.920405,9.834291,True,3.0799997,9.296831,-3.5583003,13.563961,True
2024-09-22 04:20:00,2.4999998,107,0,1.8700005,5.514047,-6.449021,9.904415,True,3.01,8.644817,-4.423513,13.294155,True
2024-09-22 04:25:00,2.4600008,107,0,2.3800008,5.2201934,-6.73002,9.800138,True,3.0599992,8.115183,-4.9140096,12.967045,True
2024-09-22 04:30:00,2.5799997,107,1,1.6900002,5.2482867,-7.15912,10.128881,True,3.300001,8.067221,-5.4802213,13.207741,True
2024-09-22 04:35:00,2.3600004,107,1,1.8199993,5.0505614,-7.4582925,10.010437,True,3.140001,7.905685,-5.76936,13.125305,True
2024-09-22 04:40:00,1.9400002,107,2,2.1900003,4.7588553,-7.6884,9.636444,True,3.2399995,7.7466426,-5.8738723,12.88364,True
2024-09-22 04:45:00,2.1699998,107,2,2.5200002,5.3408256,-7.6683774,10.244982,True,3.3699987,8.6922455,-5.6313014,13.821293,True
2024-09-22 04:50:00,1.8299996,107,3,2.970001,5.2030597,-6.9582725,9.642126,True,3.4400003,8.739397,-4.622252,13.44614,True
2024-09-22 04:55:00,1.7700001,107,2,3.3800008,5.2920203,-7.0909057,9.686556,True,4.059999,8.980715,-4.632973,13.631336,True
2024-09-22 05:00:00,1.7499996,107,2,3.09,5.5432734,-7.057799,9.804459,True,4.3399997,9.512636,-4.3869786,14.01302,True
2024-09-22 05:05:00,1.6200005,107,2,3.1499994,5.7833323,-7.0336185,9.985447,True,3.760002,10.12261,-4.067946,14.539734,True
2024-09-22 05:10:00,1.8199993,107,2,2.9799974,6.2262588,-6.511123,10.30121,True,3.59,10.799425,-3.3273776,15.09956,True
2024-09-22 05:15:00,1.7200009,107,2,3.0799997,6.1423564,-6.537642,10.253277,True,4.0899997,10.737482,-3.2939932,15.08017,True
2024-09-22 05:20:00,1.8700005,107,2,3.01,6.330753,-6.5544467,10.566334,True,3.9099996,10.968863,-3.2937872,15.418316,True
2024-09-22 05:25:00,2.3800008,107,2,3.0599992,6.8625903,-6.030294,11.130541,True,4.139999,11.510845,-2.7591593,16.003681,True
2024-09-22 05:30:00,1.6900002,107,2,3.300001,6.0739646,-7.057139,10.583012,True,4.389999,10.659594,-3.8598416,15.370178,True
2024-09-22 05:35:00,1.8199993,107,2,3.140001,6.1477923,-7.5457826,11.017052,True,4.6199985,10.696314,-4.50271,15.726364,True
2024-09-22 05:40:00,2.1900003,107,2,3.2399995,6.5025916,-7.182118,11.347578,True,4.6600013,11.025784,-4.181338,16.040855,True
2024-09-22 05:45:00,2.5200002,107,3,3.3699987,7.0325637,-6.496963,11.751205,True,5.0400004,11.722216,-3.3343222,16.62685,True
2024-09-22 05:50:00,2.970001,107,3,3.4400003,7.34567,-6.4522786,12.264196,True,5.28,11.896759,-3.4598734,16.98853,True
2024-09-22 05:55:00,3.3800008,107,4,4.059999,7.8062167,-6.281162,12.813484,True,5.9999995,12.389385,-3.309172,17.556305,True
2024-09-22 06:00:00,3.09,107,4,4.3399997,7.6619353,-6.7919106,12.8437,True,6.9899993,12.389023,-3.749738,17.700775,True
2024-09-22 06:05:00,3.1499994,107,4,3.760002,7.7686,-6.526467,12.875393,True,7.2100005,12.566284,-3.4294264,17.810394,True
2024-09-22 06:10:00,2.9799974,107,4,3.59,7.7504573,-6.2087636,12.722153,True,6.4899993,12.69379,-2.9347289,17.80999,True
2024-09-22 06:15:00,3.0799997,107,4,4.0899997,7.9348083,-5.81708,12.790302,True,6.3000026,12.951103,-2.434809,17.962921,True
2024-09-22 06:20:00,3.01,107,5,3.9099996,8.121922,-6.3473725,13.178535,True,6.3399997,13.402111,-2.8562243,18.554665,True
2024-09-22 06:25:00,3.0599992,107,5,4.139999,8.450682,-5.9962974,13.478645,True,6.1200004,13.983356,-2.2928946,19.098106,True
2024-09-22 06:30:00,3.300001,107,6,4.389999,8.742609,-5.588856,13.798122,True,8.35,14.3055725,-1.8177437,19.457466,True
2024-09-22 06:35:00,3.140001,107,6,4.6199985,8.700491,-5.7477384,13.83514,True,9.060001,14.380199,-1.856337,19.596596,True
2024-09-22 06:40:00,3.2399995,107,6,4.6600013,8.953228,-5.843804,14.235802,True,8.530003,14.763874,-1.8794693,20.099941,True
2024-09-22 06:45:00,3.3699987,107,6,5.0400004,9.198168,-5.699303,14.537746,True,8.179998,15.107388,-1.6498817,20.489502,True
2024-09-22 06:50:00,3.4400003,107,7,5.28,9.301138,-5.7845187,14.721775,True,7.889999,15.243465,-1.7191967,20.688679,True
2024-09-22 06:55:00,4.059999,107,6,5.9999995,10.029087,-5.489467,15.571789,True,8.139999,16.0419,-1.440123,21.5811,True
2024-09-22 07:00:00,4.3399997,107,6,6.9899993,10.169613,-5.292336,15.827984,True,8.59,16.040081,-1.3375,21.703701,True
2024-09-22 07:05:00,3.760002,107,7,7.2100005,9.373861,-6.2627244,15.304417,True,8.700001,15.082199,-2.435387,20.993408,True
2024-09-22 07:10:00,3.59,107,7,6.4899993,8.751083,-6.5979495,14.840935,True,7.94,14.054844,-3.0468085,20.146568,True
2024-09-22 07:15:00,4.0899997,107,7,6.3000026,9.1663685,-6.0871053,15.31274,True,8.100002,14.375313,-2.6062472,20.528679,True
2024-09-22 07:20:00,3.9099996,107,7,6.3399997,8.637527,-6.6418366,15.047825,True,8.15,13.535217,-3.40782,19.953152,True
2024-09-22 07:25:00,4.139999,107,7,6.1200004,8.810034,-6.666613,15.379646,True,8.940001,13.628574,-3.506533,20.190327,True
2024-09-22 07:30:00,4.389999,107,7,8.35,9.042488,-6.703529,15.751389,True,11.310001,13.830822,-3.590933,20.512928,True
2024-09-22 07:35:00,4.6199985,107,7,9.060001,9.178041,-7.2758555,16.20588,True,14.740002,13.851486,-4.329622,20.821781,True
2024-09-22 07:40:00,4.6600013,107,7,8.530003,9.280439,-7.9565578,16.552757,True,15.150002,14.00116,-5.0556264,21.168507,True
2024-09-22 07:45:00,5.0400004,107,7,8.179998,9.734671,-7.3412004,16.879818,True,13.18,14.508877,-4.3946433,21.547836,True
2024-09-22 07:50:00,5.28,107,8,7.889999,10.159443,-6.7916474,17.2276,True,10.23,15.091312,-3.7229264,22.044052,True
2024-09-22 07:55:00,5.9999995,107,9,8.139999,11.140303,-5.277038,17.888924,True,7.4600005,16.262619,-2.0095427,22.91558,True
2024-09-22 08:00:00,6.9899993,107,9,8.59,12.260448,-4.370498,18.930962,True,6.0799994,17.443031,-1.0857128,24.011612,True
2024-09-22 08:05:00,7.2100005,107,7,8.700001,12.481781,-4.6010413,19.290657,True,4.309997,17.648087,-1.3703483,24.322018,True
2024-09-22 08:10:00,6.4899993,107,6,7.94,11.806915,-5.4986854,18.794266,True,2.5799997,17.039963,-2.2244456,23.859474,True
2024-09-22 08:15:00,6.3000026,107,6,8.100002,11.409792,-5.8868527,18.605919,True,2.1300008,16.44579,-2.7476656,23.473728,True
2024-09-22 08:20:00,6.3399997,107,7,8.15,11.20083,-6.0614705,18.603928,True,1.3800007,15.997261,-3.0809786,23.235806,True
2024-09-22 08:25:00,6.1200004,107,8,8.940001,10.9052105,-6.0299573,18.307072,True,1.2800003,15.636753,-3.0380995,22.880047,True
2024-09-22 08:30:00,8.35,107,8,11.310001,13.274036,-4.3463054,20.597733,True,1.0300003,18.014893,-1.4303058,25.169159,True
2024-09-22 08:35:00,9.060001,107,8,14.740002,14.150394,-4.181892,21.524338,True,1.9099995,18.990818,-1.242226,26.158184,True
2024-09-22 08:40:00,8.530003,107,6,15.150002,13.845638,-4.8994193,21.303383,True,2.2299993,18.893486,-1.8187126,26.100563,True
2024-09-22 08:45:00,8.179998,107,6,13.18,13.986519,-5.3823886,21.465347,True,3.6699998,19.452076,-2.0324328,26.61694,True
2024-09-22 08:50:00,7.889999,107,6,10.23,14.143677,-6.273991,21.799652,True,4.02,19.97477,-2.7431948,27.23766,True
2024-09-22 08:55:00,8.139999,107,7,7.4600005,14.507343,-6.6832805,22.356773,True,4.559999,20.38805,-3.1796,27.805542,True
2024-09-22 09:00:00,8.59,107,7,6.0799994,15.034702,-5.6137033,22.730587,True,4.190002,20.9422,-2.0416338,28.226723,True
2024-09-22 09:05:00,8.700001,107,7,4.309997,14.7832985,-5.375917,22.519745,True,4.1300006,20.386978,-1.9566635,27.739304,True
2024-09-22 09:10:00,7.94,107,7,2.5799997,13.684208,-5.6851134,21.45406,True,4.4500003,19.05693,-2.3281615,26.459942,True
2024-09-22 09:15:00,8.100002,107,7,2.1300008,13.301285,-6.0881877,21.344414,True,4.819999,18.188301,-3.0700743,25.880684,True
2024-09-22 09:20:00,8.15,107,8,1.3800007,12.894726,-6.5432525,21.184242,True,4.1699996,17.368778,-3.8030655,25.318657,True
2024-09-22 09:25:00,8.940001,107,10,1.2800003,13.204433,-6.46788,21.755913,True,3.51,17.193325,-4.078117,25.430134,True
2024-09-22 09:30:00,11.310001,107,12,1.0300003,15.209209,-5.128862,23.877327,True,3.3699987,18.754993,-3.0846446,27.134777,True
2024-09-22 09:35:00,14.740002,107,14,1.9099995,18.481262,-2.9091494,27.09349,True,3.6599996,21.721256,-1.1265415,30.06968,True
2024-09-22 09:40:00,15.150002,107,13,2.2299993,18.900532,-2.6121676,27.479137,True,4.6600013,22.120506,-0.8372901,30.428566,True
2024-09-22 09:45:00,13.18,107,10,3.6699998,17.001766,-3.773574,25.593533,True,6.1300006,20.382229,-1.8338951,28.673275,True
2024-09-22 09:50:00,10.23,107,8,4.02,14.377071,-5.145531,22.84761,True,5.5500007,18.183014,-2.814213,26.312977,True
2024-09-22 09:55:00,7.4600005,107,6,4.559999,12.157726,-6.51967,20.440266,True,5.9999995,16.576626,-3.6420882,24.465023,True
2024-09-22 10:00:00,6.0799994,107,5,4.190002,11.10615,-7.2175565,19.27958,True,4.569999,15.877663,-4.011601,23.621674,True
2024-09-22 10:05:00,4.309997,107,2,4.1300006,9.4533615,-8.515063,17.597027,True,3.5400007,14.403221,-5.086037,22.090462,True
2024-09-22 10:10:00,2.5799997,107,1,4.4500003,7.6979213,-10.000361,15.897343,True,3.7100008,12.692074,-6.447492,20.415932,True
2024-09-22 10:15:00,2.1300008,107,0,4.819999,7.1474547,-10.4452305,15.373943,True,2.970001,12.056236,-6.916616,19.804375,True
2024-09-22 10:20:00,1.3800007,107,1,4.1699996,6.20466,-11.32148,14.555092,True,2.9500005,10.942902,-7.8898406,18.814682,True
2024-09-22 10:25:00,1.2800003,107,1,3.51,5.7553306,-11.674712,14.236973,True,2.1599996,10.151773,-8.489296,18.17368,True
2024-09-22 10:30:00,1.0300003,107,1,3.3699987,4.969684,-12.057886,13.630489,True,3.8999994,8.852203,-9.228994,17.095085,True
2024-09-22 10:35:00,1.9099995,107,1,3.6599996,5.5156646,-11.441357,14.237789,True,3.390001,9.042273,-8.892193,17.370018,True
2024-09-22 10:40:00,2.2299993,107,2,4.6600013,5.5831046,-11.312336,14.358833,True,4.02,8.844364,-8.956858,17.240658,True
2024-09-22 10:45:00,3.6699998,107,3,6.1300006,6.8254066,-10.343729,15.565517,True,5.1699977,9.849667,-8.197113,18.217861,True
2024-09-22 10:50:00,4.02,107,4,5.5500007,7.0538764,-9.913384,15.7075,True,5.1699977,9.941528,-7.856052,18.23122,True
2024-09-22 10:55:00,4.559999,107,5,5.9999995,7.7243476,-8.657481,16.08405,True,6.2100005,10.715868,-6.4948735,18.711208,True
2024-09-22 11:00:00,4.190002,107,5,4.569999,7.9878573,-7.9040475,15.86417,True,4.8000007,11.580193,-5.222449,19.06414,True
2024-09-22 11:05:00,4.1300006,107,5,3.5400007,8.189632,-7.9799542,15.820778,True,4.3299994,12.020969,-5.10829,19.231777,True
2024-09-22 11:10:00,4.4500003,107,6,3.7100008,8.733459,-7.5298734,16.104885,True,5.1200004,12.7553215,-4.510781,19.687504,True
2024-09-22 11:15:00,4.819999,107,7,2.970001,9.341988,-6.8412843,16.45716,True,5.229999,13.563953,-3.6583254,20.226776,True
2024-09-22 11:20:00,4.1699996,107,7,2.9500005,8.660566,-7.2841363,15.67511,True,8.190001,12.87759,-4.066501,19.432255,True
2024-09-22 11:25:00,3.51,107,8,2.1599996,8.066391,-7.935291,15.103645,True,7.8800006,12.367626,-4.635772,18.923187,True
2024-09-22 11:30:00,3.3699987,107,7,3.8999994,7.8384643,-8.000947,14.773552,True,8.060003,12.051651,-4.7445045,18.508564,True
2024-09-22 11:35:00,3.6599996,107,6,3.390001,7.971313,-8.171244,15.00906,True,9.039999,12.025625,-5.0625997,18.575035,True
2024-09-22 11:40:00,4.6600013,107,7,4.02,8.738733,-7.599275,15.821026,True,9.310001,12.535503,-4.717587,19.137981,True
2024-09-22 11:45:00,6.1300006,107,8,5.1699977,10.029037,-6.725549,17.234875,True,9.950001,13.605629,-4.058891,20.333298,True
2024-09-22 11:50:00,5.5500007,107,9,5.1699977,9.230581,-7.1498103,16.60215,True,9.8600025,12.623596,-4.583202,19.52758,True
2024-09-22 11:55:00,5.9999995,107,10,6.2100005,9.624762,-6.5736594,16.89362,True,10.24,12.935871,-4.0607543,19.745617,True
2024-09-22 12:00:00,4.569999,107,11,4.8000007,8.194147,-7.7555404,15.481644,True,9.83,11.537504,-5.1748786,18.353054,True
2024-09-22 12:05:00,3.5400007,107,10,4.3299994,7.2424674,-8.499222,14.475628,True,8.85,10.681196,-5.810307,17.42871,True
2024-09-22 12:10:00,3.7100008,107,10,5.1200004,7.7594867,-8.026268,14.811584,True,8.77,11.505127,-5.100719,18.049881,True
2024-09-22 12:15:00,2.970001,107,10,5.229999,7.278238,-8.243771,14.168133,True,10.470001,11.270727,-5.081755,17.638657,True
2024-09-22 12:20:00,2.9500005,107,8,8.190001,7.459272,-7.904321,14.166447,True,10.210001,11.621227,-4.57972,17.800907,True
2024-09-22 12:25:00,2.1599996,107,7,7.8800006,6.625257,-8.632824,13.363594,True,11.700001,10.76609,-5.2876086,16.967052,True
2024-09-22 12:30:00,3.8999994,107,7,8.060003,8.093729,-7.350639,14.800022,True,11.73,11.924452,-4.3018413,18.109192,True
2024-09-22 12:35:00,3.390001,107,8,9.039999,7.503343,-7.854915,14.25602,True,13.130001,11.272566,-4.8322787,17.49913,True
2024-09-22 12:40:00,4.02,107,9,9.310001,8.054468,-7.37717,14.8064575,True,13.490002,11.724485,-4.4452777,17.952366,True
2024-09-22 12:45:00,5.1699977,107,9,9.950001,9.04035,-6.6609483,15.845676,True,13.400002,12.520496,-3.9114726,18.806458,True
2024-09-22 12:50:00,5.1699977,107,9,9.8600025,8.873001,-6.7555137,15.745884,True,12.779999,12.194019,-4.1142144,18.552265,True
2024-09-22 12:55:00,6.2100005,107,9,10.24,9.719362,-5.8653846,16.598934,True,12.790001,12.827938,-3.3892443,19.211655,True
2024-09-22 13:00:00,4.8000007,107,9,9.83,8.198509,-7.0007157,15.142246,True,11.130001,11.237364,-4.525724,17.68752,True
2024-09-22 13:05:00,4.3299994,107,9,8.85,7.703445,-7.283379,14.628162,True,10.58,10.720768,-4.800943,17.152882,True
2024-09-22 13:10:00,5.1200004,107,8,8.77,8.546192,-6.505814,15.335869,True,9.24,11.579014,-4.01901,17.869328,True
2024-09-22 13:15:00,5.229999,107,8,10.470001,8.898668,-6.1057076,15.422607,True,9.050001,12.134048,-3.4558222,18.14833,True
2024-09-22 13:20:00,8.190001,107,9,10.210001,12.32708,-3.4569304,18.439182,True,10.16,15.856758,-0.67328674,21.450405,True
2024-09-22 13:25:00,7.8800006,107,9,11.700001,13.3017235,-3.212744,18.963074,True,8.110001,17.858665,0.3219811,22.947502,True
2024-09-22 13:30:00,8.060003,107,9,11.73,14.528965,-3.8902075,20.356426,True,6.059999,19.85661,0.07680099,25.019836,True
2024-09-22 13:35:00,9.039999,107,9,13.130001,16.016537,-4.2287755,22.139545,True,5.5799994,21.625256,-0.19705231,27.018085,True
2024-09-22 13:40:00,9.310001,107,9,13.490002,16.435478,-4.6075807,22.713451,True,5.889999,22.11628,-0.56814986,27.624039,True
2024-09-22 13:45:00,9.950001,107,9,13.400002,17.149738,-5.067797,23.588684,True,4.9600005,22.819763,-1.1251568,28.452045,True
2024-09-22 13:50:00,9.8600025,107,9,12.779999,16.955456,-5.6939273,23.498184,True,4.3399997,22.546993,-1.8074821,28.258709,True
2024-09-22 13:55:00,10.24,107,9,12.790001,16.922268,-5.3733754,23.349567,True,4.85,22.175755,-1.6921085,27.811565,True
2024-09-22 14:00:00,9.83,107,9,11.130001,16.050983,-4.612345,22.283348,True,4.52,21.003365,-1.0199741,26.50557,True
2024-09-22 14:05:00,8.85,107,9,10.58,14.424618,-5.1780553,20.699451,True,5.7900004,18.96259,-1.7749084,24.534893,True
2024-09-22 14:10:00,8.77,107,9,9.24,13.539597,-5.4129367,20.023071,True,5.9999995,17.459614,-2.3887236,23.286407,True
2024-09-22 14:15:00,10.470001,107,10,9.050001,14.151131,-5.0117764,21.007309,True,6.86,17.12582,-2.6540797,23.394127,True
2024-09-22 14:20:00,10.210001,107,10,10.16,13.009663,-5.48434,20.285435,True,5.809999,15.273441,-3.5682623,22.013203,True
2024-09-22 14:25:00,11.700001,107,11,8.110001,13.8000145,-4.745032,21.349834,True,3.1599996,15.437687,-3.2542002,22.508682,True
2024-09-22 14:30:00,11.73,107,12,6.059999,13.278233,-5.1915727,21.253124,True,3.5699995,14.444557,-3.9932215,21.976513,True
2024-09-22 14:35:00,13.130001,107,13,5.5799994,13.836567,-5.935039,22.466549,True,2.3800008,14.244392,-5.2130475,22.503231,True
2024-09-22 14:40:00,13.490002,107,12,5.889999,13.334732,-6.3065143,22.351719,True,2.9099996,12.976501,-6.058287,21.70343,True
2024-09-22 14:45:00,13.400002,107,12,4.9600005,12.807014,-6.6428056,22.106441,True,5.399999,12.054573,-6.623242,21.103374,True
2024-09-22 14:50:00,12.779999,107,11,4.3399997,12.054029,-7.201939,21.390839,True,5.44,11.186518,-7.2488265,20.288479,True
2024-09-22 14:55:00,12.790001,107,10,4.85,12.016455,-7.079572,21.248543,True,4.6199985,11.110636,-7.1461167,20.111614,True
2024-09-22 15:00:00,11.130001,107,9,4.52,10.483803,-7.7392173,19.55896,True,5.2599998,9.704809,-7.741348,18.532742,True
2024-09-22 15:05:00,10.58,107,8,5.7900004,10.217861,-6.4482884,18.528606,True,5.309999,9.704706,-6.314195,17.723293,True
2024-09-22 15:10:00,9.24,107,8,5.9999995,9.788799,-5.5964274,17.371456,True,6.5899997,10.121119,-4.915671,17.331104,True
2024-09-22 15:15:00,9.050001,107,7,6.86,10.430712,-5.0552716,17.49062,True,5.729999,11.503153,-3.8469613,18.132034,True
2024-09-22 15:20:00,10.16,107,8,5.809999,11.860853,-4.1555705,18.57452,True,5.27,13.192234,-2.7680056,19.45987,True
2024-09-22 15:25:00,8.110001,107,7,3.1599996,10.20903,-5.367843,16.80634,True,5.8000007,11.9226,-3.6776297,18.041904,True
2024-09-22 15:30:00,6.059999,107,6,3.5699995,8.756435,-6.723063,15.385708,True,6.8800006,11.027704,-4.594252,17.127022,True
2024-09-22 15:35:00,5.5799994,107,6,2.3800008,8.607994,-6.3600497,14.927425,True,6.569999,11.164022,-4.001982,16.942047,True
2024-09-22 15:40:00,5.889999,107,6,2.9099996,8.479738,-5.686667,14.581757,True,7.4500003,10.651211,-3.6142085,16.253246,True
2024-09-22 15:45:00,4.9600005,107,6,5.399999,7.208755,-6.361977,13.523788,True,8.01,9.109087,-4.4811063,14.946125,True
2024-09-22 15:50:00,4.3399997,107,6,5.44,6.585914,-6.9566207,13.195324,True,8.68,8.494507,-5.0606,14.626732,True
2024-09-22 15:55:00,4.85,107,6,4.6199985,6.6204066,-6.9840465,13.497238,True,9.32,8.106804,-5.417049,14.537529,True
2024-09-22 16:00:00,4.52,107,6,5.2599998,6.304771,-7.5380588,13.550751,True,9.300001,7.808166,-5.9513288,14.604668,True
2024-09-22 16:05:00,5.7900004,107,7,5.309999,7.674957,-6.360307,14.605492,True,9.620001,9.2430725,-4.735562,15.726906,True
2024-09-22 16:10:00,5.9999995,107,7,6.5899997,7.2941184,-6.561235,14.167606,True,11.030001,8.351135,-5.324268,14.823284,True
2024-09-22 16:15:00,6.86,107,7,5.729999,7.709039,-6.061561,14.592339,True,13.560001,8.373468,-5.1164775,14.89061,True
2024-09-22 16:20:00,5.809999,107,6,5.27,7.0771346,-6.036163,13.582153,True,11.41,8.123728,-4.808871,14.23555,True
2024-09-22 16:25:00,3.1599996,107,5,5.8000007,4.9763236,-7.6202083,11.273668,True,9.34,6.539209,-5.9779944,12.405327,True
2024-09-22 16:30:00,3.5699995,107,4,6.8800006,5.751882,-6.8840013,11.735823,True,9.24,7.6292396,-4.9960265,13.163258,True
2024-09-22 16:35:00,2.3800008,107,4,6.569999,4.95762,-7.325496,10.53462,True,7.43,7.19609,-5.132501,12.305126,True
2024-09-22 16:40:00,2.9099996,107,4,7.4500003,6.02358,-6.2457395,10.994627,True,7.03,8.701035,-3.690575,13.192547,True
2024-09-22 16:45:00,5.399999,107,5,8.01,8.155231,-4.2281327,12.717232,True,6.93,10.483294,-2.0003817,14.604454,True
2024-09-22 16:50:00,5.44,107,5,8.68,8.352131,-4.0237803,12.70187,True,7.5899997,10.813971,-1.6885914,14.713802,True
2024-09-22 16:55:00,4.6199985,107,5,9.32,8.337736,-4.0730453,12.275759,True,8.060003,11.472918,-1.1712765,14.938759,True
2024-09-22 17:00:00,5.2599998,107,5,9.300001,9.699381,-3.4345381,13.398376,True,8.460001,13.381462,-0.13002236,16.58522,True
2024-09-22 17:05:00,5.309999,107,6,9.620001,10.480513,-3.288771,14.178757,True,7.719999,14.7155,0.4315373,17.88617,True
2024-09-22 17:10:00,6.5899997,107,6,11.030001,12.291992,-2.823704,16.193619,True,7.639999,16.859093,1.0300041,20.190872,True
2024-09-22 17:15:00,5.729999,107,5,13.560001,12.401028,-3.7963955,16.758163,True,7.6300025,17.696678,0.5635564,21.3928,True
2024-09-22 17:20:00,5.27,107,5,11.41,11.774771,-4.7633567,16.501183,True,7.8399997,16.991768,-0.4883674,21.014435,True
2024-09-22 17:25:00,5.8000007,107,5,9.34,10.472221,-4.584233,15.195694,True,8.02,14.3245735,-1.2822059,18.469177,True
2024-09-22 17:30:00,6.8800006,107,5,9.24,10.157665,-3.4057696,14.706028,True,8.41,12.897476,-0.933327,16.981152,True
2024-09-22 17:35:00,6.569999,107,5,7.43,9.220713,-3.3420584,13.683773,True,8.190001,11.463951,-1.2315162,15.504982,True
2024-09-22 17:40:00,7.4500003,107,5,7.03,9.166174,-2.9739707,13.965279,True,7.36,10.624939,-1.48358,15.059074,True
2024-09-22 17:45:00,8.01,107,6,6.93,8.822964,-3.078686,14.165985,True,7.9500003,9.515125,-2.1721613,14.547127,True
2024-09-22 17:50:00,8.68,107,6,7.5899997,9.010157,-2.9836905,14.776459,True,7.969999,9.288246,-2.3871386,14.782246,True
2024-09-22 17:55:00,9.32,107,6,8.060003,9.282444,-2.9790251,15.345684,True,6.6,9.244221,-2.5981028,15.062675,True
2024-09-22 18:00:00,9.300001,107,6,8.460001,9.605391,-2.7963889,15.519928,True,3.9999998,9.867947,-2.198788,15.517925,True
2024-09-22 18:05:00,9.620001,107,6,7.719999,10.691458,-1.9654297,16.117859,True,3.2499998,11.602724,-0.90530425,16.723225,True
2024-09-22 18:10:00,11.030001,107,8,7.639999,12.97205,-0.18961938,17.591782,True,3.2499998,14.571804,1.3562332,18.854294,True
2024-09-22 18:15:00,13.560001,107,8,7.6300025,16.570278,2.0393255,20.643719,True,3.2100008,18.918194,4.074125,22.637524,False
2024-09-22 18:20:00,11.41,107,8,7.8399997,14.436047,0.76187485,17.998516,True,3.5799997,16.86353,2.8884351,20.063488,True
2024-09-22 18:25:00,9.34,107,6,8.02,12.733379,-0.53124267,16.170849,True,4.11,15.505238,1.8809258,18.552734,True
2024-09-22 18:30:00,9.24,107,5,8.41,12.134073,-0.58553916,15.411285,True,4.4999995,14.528492,1.5541645,17.441677,True
2024-09-22 18:35:00,7.43,107,4,8.190001,10.223709,-1.9071926,13.496731,True,4.8800006,12.584496,0.23501174,15.48827,True
2024-09-22 18:40:00,7.03,107,3,7.36,9.546846,-2.2466376,12.94548,True,4.78,11.695612,-0.26365694,14.73756,True
2024-09-22 18:45:00,6.93,107,4,7.9500003,8.885965,-2.378443,12.386345,True,4.44,10.586557,-0.7435954,13.757828,True
2024-09-22 18:50:00,7.5899997,107,4,7.969999,9.225805,-1.7517017,12.791714,True,4.3700004,10.656124,-0.33478388,13.916504,True
2024-09-22 18:55:00,8.060003,107,5,6.6,9.46257,-1.4801754,13.112621,True,3.9199998,10.697567,-0.22440942,14.059303,True
2024-09-22 19:00:00,8.460001,107,6,3.9999998,9.688501,-1.365023,13.388546,True,4.059999,10.779743,-0.22159608,14.199757,True
2024-09-22 19:05:00,7.719999,107,6,3.2499998,9.145264,-1.6663383,12.787197,True,4.969999,10.411814,-0.38884196,13.765869,True
2024-09-22 19:10:00,7.639999,107,6,3.2499998,9.34605,-1.432402,12.863285,True,6.2499995,10.847013,0.02444045,14.069866,True
2024-09-22 19:15:00,7.6300025,107,6,3.2100008,9.434294,-1.4256748,12.910957,True,5.990001,11.02272,0.091989204,14.204239,True
2024-09-22 19:20:00,7.8399997,107,6,3.5799997,9.775274,-1.1475605,13.096996,True,5.649999,11.472328,0.44936338,14.498512,True
2024-09-22 19:25:00,8.02,107,6,4.11,10.360741,-0.7667602,13.496098,True,4.6600013,12.383526,1.0826966,15.212444,True
2024-09-22 19:30:00,8.41,107,7,4.4999995,10.827663,-0.37621722,13.843742,True,4.069999,12.908745,1.5110584,15.622646,True
2024-09-22 19:35:00,8.190001,107,6,4.8800006,11.524303,-0.08663209,14.380669,True,3.6599996,14.326206,2.3594606,16.857704,True
2024-09-22 19:40:00,7.36,107,6,4.78,10.729469,-0.7816871,13.552158,True,3.09,13.580914,1.7129437,16.072418,True
2024-09-22 19:45:00,7.9500003,107,6,4.44,10.952719,-0.38762507,13.938129,True,3.6699998,13.524403,1.8727871,16.19305,True
2024-09-22 19:50:00,7.969999,107,6,4.3700004,11.141966,-0.1435817,14.02026,True,3.8299997,13.852062,2.227226,16.412544,True
2024-09-22 19:55:00,6.6,107,5,3.9199998,9.7866,-1.0890564,12.660141,True,4.44,12.549969,1.3493592,15.100025,True
2024-09-22 20:00:00,3.9999998,107,4,4.059999,8.417936,-2.5659678,11.33251,True,5.520002,12.218025,0.7656762,14.754616,True
2024-09-22 20:05:00,3.2499998,107,3,4.969999,9.177984,-2.781504,12.325153,True,5.85,14.12225,1.4823586,16.82444,True
2024-09-22 20:10:00,3.2499998,107,3,6.2499995,8.067732,-3.2248976,11.08976,True,6.18,12.188244,0.37602773,14.8074875,True
2024-09-22 20:15:00,3.2100008,107,3,5.990001,7.395719,-3.3343585,10.22608,True,6.86,11.036503,-0.118603066,13.4981575,True
2024-09-22 20:20:00,3.5799997,107,4,5.649999,7.3190627,-3.1804564,9.961325,True,7.2599998,10.602953,-0.27897868,12.90078,True
2024-09-22 20:25:00,4.11,107,4,4.6600013,7.5982165,-2.7555697,10.088999,True,7.9999995,10.672178,-0.04466088,12.841915,True
2024-09-22 20:30:00,4.4999995,107,5,4.069999,7.9380984,-2.3883212,10.342737,True,8.210001,10.960554,0.2694222,13.05756,True
2024-09-22 20:35:00,4.8800006,107,6,3.6599996,7.9954715,-2.136824,10.416637,True,7.4999995,10.755766,0.2926518,12.887089,True
2024-09-22 20:40:00,4.78,107,6,3.09,7.7913566,-2.1922286,10.190931,True,6.8800006,10.472815,0.1670491,12.59074,True
2024-09-22 20:45:00,4.44,107,6,3.6699998,7.277271,-2.5789912,9.75721,True,6.8700004,9.828217,-0.33342394,12.029949,True
2024-09-22 20:50:00,4.3700004,107,6,3.8299997,6.8324733,-2.8601782,9.492844,True,7.68,9.080872,-0.87633544,11.476501,True
2024-09-22 20:55:00,3.9199998,107,6,4.44,6.755893,-3.1244395,9.467411,True,8.390001,9.32336,-0.881079,11.752422,True
2024-09-22 21:00:00,4.059999,107,6,5.520002,7.217769,-2.9292338,10.033812,True,9.620001,10.048981,-0.47786555,12.568962,True
2024-09-22 21:05:00,4.969999,107,8,5.85,8.549984,-2.016556,11.401665,True,10.360001,11.694122,0.67286843,14.243916,True
2024-09-22 21:10:00,6.2499995,107,8,6.18,9.939358,-0.94055206,12.818985,True,9.65,13.130745,1.7655884,15.719147,True
2024-09-22 21:15:00,5.990001,107,8,6.86,9.965075,-0.89738876,12.808472,True,9.450001,13.374496,2.0112836,15.928009,True
2024-09-22 21:20:00,5.649999,107,8,7.2599998,9.762569,-1.2363285,12.591263,True,9.440001,13.281494,1.7619072,15.80645,True
2024-09-22 21:25:00,4.6600013,107,7,7.9999995,9.033222,-2.0090601,11.856531,True,9.610001,12.788265,1.1907345,15.282249,True
2024-09-22 21:30:00,4.069999,107,7,8.210001,8.845215,-2.345404,11.723961,True,9.48,12.92749,1.1262184,15.456097,True
2024-09-22 21:35:00,3.6599996,107,6,7.4999995,8.298492,-2.776625,11.317125,True,9.25,12.289104,0.6184785,14.96006,True
2024-09-22 21:40:00,3.09,107,6,6.8800006,7.1874957,-3.3711226,10.326054,True,9.83,10.773743,-0.2942489,13.588146,True
2024-09-22 21:45:00,3.6699998,107,6,6.8700004,7.1113906,-3.1062071,10.367111,True,10.530001,10.164455,-0.49344096,13.131496,True
2024-09-22 21:50:00,3.8299997,107,6,7.68,6.655994,-3.107937,9.953106,True,10.890001,9.210381,-0.9159129,12.255108,True
2024-09-22 21:55:00,4.44,107,6,8.390001,6.802694,-2.7279704,10.112658,True,11.1,8.969839,-0.8750747,12.057028,True
2024-09-22 22:00:00,5.520002,107,6,9.620001,7.4856353,-2.0191023,10.840828,True,11.550001,9.312845,-0.47160563,12.472824,True
2024-09-22 22:05:00,5.85,107,6,10.360001,7.55467,-1.9301552,11.023022,True,11.780001,9.165592,-0.575455,12.453762,True
2024-09-22 22:10:00,6.18,107,6,9.65,7.8033195,-1.720961,11.25024,True,11.780001,9.34647,-0.4328693,12.622307,True
2024-09-22 22:15:00,6.86,107,7,9.450001,8.38266,-1.1935982,11.760361,True,10.52,9.836039,0.0107571315,13.057209,True
2024-09-22 22:20:00,7.2599998,107,7,9.440001,8.686909,-0.8452075,11.943998,True,8.380001,10.057795,0.28511205,13.1710205,True
2024-09-22 22:25:00,7.9999995,107,7,9.610001,9.453312,-0.21222909,12.515144,True,7.2900004,10.844471,0.9225995,13.770874,True
2024-09-22 22:30:00,8.210001,107,7,9.48,10.01231,0.06903617,12.869019,True,7.4199996,11.698599,1.4278275,14.412422,True
2024-09-22 22:35:00,7.4999995,107,7,9.25,10.538696,0.06480186,13.222706,True,9.060001,13.237961,2.2334707,15.739613,True
2024-09-22 22:40:00,6.8800006,107,6,9.83,10.64011,-0.3498691,13.489574,True,8.810001,13.925243,2.2748315,16.557774,True
2024-09-22 22:45:00,6.8700004,107,6,10.530001,11.656061,-0.26596674,14.715061,True,9.700001,15.722698,2.928604,18.515911,True
2024-09-22 22:50:00,7.68,107,5,10.890001,12.892567,0.22531287,16.234547,True,9.810001,17.242764,3.565235,20.299168,True
2024-09-22 22:55:00,8.390001,107,5,11.1,13.061359,0.71645707,16.358192,True,9.82,16.987698,3.7400339,20.04182,True
2024-09-22 23:00:00,9.620001,107,6,11.550001,13.436733,1.9691483,16.378498,True,9.58,16.669743,4.5093417,19.454716,True
2024-09-22 23:05:00,10.360001,107,6,11.780001,13.989651,2.7635496,16.733143,True,8.800001,17.05603,5.1816916,19.672848,True
2024-09-22 23:10:00,9.65,107,6,11.780001,13.256035,2.1564329,16.000328,True,8.720001,16.326797,4.5767817,18.939602,True
2024-09-22 23:15:00,9.450001,107,5,10.52,12.62022,1.8299786,15.490356,True,7.969999,15.372345,3.9865701,18.12268,True
2024-09-22 23:20:00,9.440001,107,5,8.380001,12.129902,1.4657894,15.307976,True,8.440001,14.518757,3.3026845,17.585995,True
2024-09-22 23:25:00,9.610001,107,5,7.2900004,11.74732,1.3603283,15.267929,True,8.550001,13.695332,2.8323686,17.127312,True
2024-09-22 23:30:00,9.48,107,4,7.4199996,11.443886,1.0665623,15.114822,True,8.33,13.258415,2.4155061,16.847862,True
2024-09-22 23:35:00,9.25,107,4,9.060001,11.258167,0.7861344,15.002628,True,7.94,13.118183,2.153875,16.781189,True
2024-09-22 23:40:00,9.83,107,4,8.810001,11.836424,1.2717568,15.568279,True,7.44,13.690647,2.6210306,17.353207,True
2024-09-22 23:45:00,10.530001,107,4,9.700001,12.676636,2.0037954,16.258583,True,6.69,14.635742,3.4284875,18.158455,True
2024-09-22 23:50:00,10.890001,107,4,9.810001,13.210556,2.4012697,16.64656,True,6.19,15.3042755,3.921806,18.688671,True
2024-09-22 23:55:00,11.1,107,4,9.82,13.530525,2.6792562,16.865799,True,5.85,15.708218,4.261909,18.999828,True
2024-09-23 00:00:00,11.550001,107,4,9.58,14.035728,2.9915807,17.178299,True,5.6,16.254871,4.586866,19.362705,True
2024-09-23 00:05:00,11.780001,107,4,8.800001,14.270943,3.088045,17.326073,True,5.5400004,16.500427,4.668262,19.529259,True
2024-09-23 00:10:00,11.780001,107,3,8.720001,14.271263,3.205303,17.363144,True,5.6599994,16.504742,4.7861514,19.582253,True
2024-09-23 00:15:00,10.52,107,2,7.969999,13.089767,2.3563402,16.259827,True,5.399999,15.408264,4.0278316,18.56136,True
2024-09-23 00:20:00,8.380001,107,1,8.440001,11.099768,0.77630013,14.401756,True,5.6599994,13.575722,2.610172,16.851898,True
2024-09-23 00:25:00,7.2900004,107,1,8.550001,9.961933,-0.034967735,13.304604,True,5.569999,12.4126625,1.8103081,15.736656,True
2024-09-23 00:30:00,7.4199996,107,0,8.33,9.915199,0.024501486,13.251877,True,5.309999,12.214495,1.7501217,15.549431,True
2024-09-23 00:35:00,9.060001,107,0,7.94,11.281101,1.2729794,14.584511,True,5.6300006,13.329399,2.7708032,16.655815,True
2024-09-23 00:40:00,8.810001,107,0,7.44,11.020817,1.052076,14.27969,True,6.3299994,13.065338,2.546993,16.35553,True
2024-09-23 00:45:00,9.700001,107,0,6.69,11.7188,1.7878891,15.012917,True,6.229999,13.588291,3.1388643,16.933361,True
2024-09-23 00:50:00,9.810001,107,0,6.19,11.787809,1.8599564,15.020786,True,6.139999,13.618065,3.182762,16.911335,True
2024-09-23 00:55:00,9.82,107,1,5.85,11.938236,1.8303734,15.1483,True,5.9499984,13.88707,3.2376993,17.157665,True
2024-09-23 01:00:00,9.58,107,1,5.6,12.090916,1.6322953,15.383202,True,5.86,14.372791,3.2864149,17.716064,True
2024-09-23 01:05:00,8.800001,107,1,5.5400004,11.446924,1.0088822,14.468727,True,5.69,13.8605,2.7832563,16.934292,True
2024-09-23 01:10:00,8.720001,107,2,5.6599994,11.490969,0.94991654,14.246433,True,5.7900004,14.025726,2.811445,16.839615,True
2024-09-23 01:15:00,7.969999,107,2,5.399999,11.130081,0.3529221,13.805752,True,6.1599994,14.018364,2.4814622,16.744392,True
2024-09-23 01:20:00,8.440001,107,2,5.6599994,11.647135,0.8026845,14.103649,True,6.059999,14.581089,2.9548872,17.110535,True
2024-09-23 01:25:00,8.550001,107,2,5.569999,11.825535,1.3928944,14.087776,True,6.389999,14.795063,3.6425016,17.173557,True
2024-09-23 01:30:00,8.33,107,2,5.309999,11.7694435,1.2965466,13.974178,True,6.719999,14.876492,3.6747835,17.2029,True
2024-09-23 01:35:00,7.94,107,2,5.6300006,11.359705,0.9744927,13.543652,True,6.149999,14.462532,3.366182,16.77985,True
2024-09-23 01:40:00,7.44,107,1,6.3299994,10.748587,0.48934904,12.913158,True,6.3700004,13.772434,2.8375642,16.077465,True
2024-09-23 01:45:00,6.69,107,1,6.229999,10.018364,-0.21920426,12.246216,True,6.6300006,13.074493,2.1695383,15.442646,True
2024-09-23 01:50:00,6.19,107,1,6.139999,9.463566,-0.71956855,11.800959,True,6.4099994,12.484852,1.6450115,14.96516,True
2024-09-23 01:55:00,5.85,107,0,5.9499984,9.066767,-1.097319,11.502079,True,6.6599994,12.051647,1.2324635,14.635681,True
2024-09-23 02:00:00,5.6,107,0,5.86,8.69544,-1.3764328,11.113146,True,6.849998,11.579515,0.885204,14.156872,True
2024-09-23 02:05:00,5.5400004,107,0,5.69,8.793518,-1.4850754,11.26511,True,7.2100005,11.819595,0.87553567,14.448208,True
2024-09-23 02:10:00,5.6599994,107,-1,5.7900004,8.930536,-1.4442047,11.343723,True,8.440001,11.978645,0.92466706,14.5538025,True
2024-09-23 02:15:00,5.399999,107,-1,6.1599994,8.944185,-1.6938442,11.3165245,True,8.450001,12.2418785,0.86247224,14.776791,True
2024-09-23 02:20:00,5.6599994,107,-1,6.059999,9.239515,-1.5237297,11.574627,True,8.5,12.585854,1.0423924,15.089474,True
2024-09-23 02:25:00,5.569999,107,-1,6.389999,9.252865,-1.7470306,11.688759,True,8.32,12.703442,0.8759381,15.302166,True
2024-09-23 02:30:00,5.309999,107,-1,6.719999,8.781471,-2.173834,11.241564,True,8.41,12.074837,0.3050305,14.7046585,True
2024-09-23 02:35:00,5.6300006,107,-1,6.149999,9.140549,-1.8675503,11.525795,True,8.09,12.473152,0.63028306,15.040844,True
2024-09-23 02:40:00,6.3299994,107,-1,6.3700004,10.038441,-1.0935692,12.38306,True,7.4500003,13.524769,1.52972,16.068325,True
2024-09-23 02:45:00,6.229999,107,-1,6.6300006,10.37623,-1.1789249,12.884075,True,8.300001,14.247875,1.7151619,16.935673,True
2024-09-23 02:50:00,6.139999,107,0,6.4099994,10.835159,-1.2350448,13.516529,True,6.399999,15.171734,2.0001447,18.010708,True
2024-09-23 02:55:00,5.9499984,107,-1,6.6599994,10.948753,-1.7087368,14.208656,True,6.719999,15.550915,1.6461064,18.931637,True
2024-09-23 03:00:00,5.86,107,-1,6.849998,10.955553,-1.7598404,14.271172,True,7.1599994,15.653355,1.6758419,19.090858,True
2024-09-23 03:05:00,5.69,107,-1,7.2100005,10.917713,-1.8055786,14.19651,True,5.649999,15.738571,1.7466027,19.144821,True
2024-09-23 03:10:00,5.7900004,107,-1,8.440001,11.04567,-1.8088192,14.467552,True,4.9500003,15.88678,1.7336937,19.442814,True
2024-09-23 03:15:00,6.1599994,107,0,8.450001,11.361021,-1.724419,14.950565,True,4.9999995,16.162003,1.733852,19.878933,True
2024-09-23 03:20:00,6.059999,107,0,8.5,11.356825,-2.020569,15.17691,True,3.9999998,16.254173,1.4615933,20.181358,True
2024-09-23 03:25:00,6.389999,107,0,8.32,11.715658,-1.8777679,15.766216,True,4.7000003,16.62814,1.576429,20.787579,True
2024-09-23 03:30:00,6.719999,107,0,8.41,11.679672,-1.8096069,15.944649,True,4.2399993,16.288414,1.388908,20.678268,True
2024-09-23 03:35:00,6.149999,107,0,8.09,10.926079,-2.6641753,15.497314,True,4.729999,15.415871,0.40616003,20.098083,True
2024-09-23 03:40:00,6.3700004,107,-1,7.4500003,11.134878,-1.9076217,15.561356,True,4.9199996,15.590416,1.2313668,20.185383,True
2024-09-23 03:45:00,6.6300006,107,0,8.300001,11.329824,-1.828833,15.794529,True,4.569999,15.730915,1.2584664,20.37022,True
2024-09-23 03:50:00,6.4099994,107,0,6.399999,11.389072,-2.0559618,15.958935,True,5.479999,16.033287,1.2208191,20.763306,True
2024-09-23 03:55:00,6.6599994,107,1,6.719999,11.536665,-2.2990534,16.498615,True,6.6300006,16.103539,0.847038,21.205303,True
2024-09-23 04:00:00,6.849998,107,1,7.1599994,11.674286,-2.5350783,16.815697,True,6.78,16.208805,0.52079743,21.47102,True
2024-09-23 04:05:00,7.2100005,107,2,5.649999,11.925106,-2.3210356,17.235455,True,6.9099994,16.348896,0.63695306,21.800056,True
2024-09-23 04:10:00,8.440001,107,2,4.9500003,12.828758,-1.3665394,18.219131,True,7.8299994,16.949997,1.3197094,22.51717,True
2024-09-23 04:15:00,8.450001,107,2,4.9999995,12.497181,-1.4557289,17.93594,True,8.540001,16.34998,1.0296513,21.985928,True
2024-09-23 04:20:00,8.5,107,2,3.9999998,12.136272,-1.6896213,17.804386,True,9.18,15.652771,0.5172383,21.536942,True
2024-09-23 04:25:00,8.32,107,2,4.7000003,11.745125,-2.1530306,17.602745,True,9.550001,15.106312,-0.10315545,21.18118,True
2024-09-23 04:30:00,8.41,107,2,4.2399993,11.829029,-2.1020129,17.875904,True,10.1,15.184837,-0.06256135,21.453766,True
2024-09-23 04:35:00,8.09,107,2,4.729999,11.294214,-2.7902281,17.792313,True,10.310001,14.462341,-0.9133132,21.184036,True
2024-09-23 04:40:00,7.4500003,107,3,4.9199996,10.348274,-3.6589549,17.135468,True,10.470001,13.260277,-1.9770225,20.283417,True
2024-09-23 04:45:00,8.300001,107,3,4.569999,11.042433,-3.0387995,17.875809,True,11.18,13.8133545,-1.4874862,20.896568,True
2024-09-23 04:50:00,6.399999,107,3,5.479999,9.1536255,-4.518972,16.023823,True,11.540001,11.955143,-2.8657362,19.078602,True
2024-09-23 04:55:00,6.719999,107,2,6.6300006,9.700705,-4.2049727,16.503872,True,12.560001,12.714039,-2.3951132,19.758392,True
2024-09-23 05:00:00,7.1599994,107,2,6.78,10.481525,-3.6618521,17.108974,True,12.08,13.805069,-1.6143192,20.657124,True
2024-09-23 05:05:00,5.649999,107,2,6.9099994,9.186375,-4.8542724,15.81094,True,13.810001,12.7312355,-2.5717738,19.570126,True
2024-09-23 05:10:00,4.9500003,107,2,7.8299994,8.505894,-5.440252,15.128254,True,14.150002,12.088215,-3.0931685,18.92815,True
2024-09-23 05:15:00,4.9999995,107,3,8.540001,8.546108,-5.509209,15.179661,True,14.150002,12.133932,-3.1749709,18.982746,True
2024-09-23 05:20:00,3.9999998,107,3,9.18,7.5256305,-6.2124715,14.076653,True,14.75,11.111807,-3.80386,17.892551,True
2024-09-23 05:25:00,4.7000003,107,2,9.550001,8.346748,-5.550341,14.842022,True,15.610001,12.044821,-3.0699713,18.76075,True
2024-09-23 05:30:00,4.2399993,107,2,10.1,7.8979907,-6.110513,14.451893,True,15.389999,11.630793,-3.6173499,18.402199,True
2024-09-23 05:35:00,4.729999,107,3,10.310001,8.541565,-5.7587457,15.131073,True,16.220001,12.412796,-3.1953356,19.207542,True
2024-09-23 05:40:00,4.9199996,107,3,10.470001,8.395748,-6.155503,15.395691,True,16.830002,11.965446,-3.8988535,19.169819,True
2024-09-23 05:45:00,4.569999,107,3,11.18,8.297064,-5.9922366,15.103737,True,17.940002,12.112253,-3.4776003,19.123451,True
2024-09-23 05:50:00,5.479999,107,3,11.540001,10.063639,-4.666536,16.617458,True,18.240002,14.630402,-1.5682396,21.353848,True
2024-09-23 05:55:00,6.6300006,107,3,12.560001,11.991871,-3.640957,18.499836,True,18.54,17.185982,-0.13957436,23.810112,True
2024-09-23 06:00:00,6.78,107,3,12.08,12.442581,-3.8010485,19.124481,True,18.39,17.885437,-0.17387421,24.644325,True
2024-09-23 06:05:00,6.9099994,107,3,13.810001,12.98951,-3.5334837,19.609184,True,18.86,18.769985,0.35266843,25.445564,True
2024-09-23 06:10:00,7.8299994,107,3,14.150002,14.227852,-2.6464903,20.779854,True,19.27,20.219627,1.3426167,26.81958,True
2024-09-23 06:15:00,8.540001,107,3,14.150002,14.010963,-2.4550936,20.751984,True,19.8,19.243744,0.937843,26.0741,True
2024-09-23 06:20:00,9.18,107,3,14.75,14.052448,-1.7919601,20.787846,True,20.209995,18.776428,1.2532364,25.647957,True
2024-09-23 06:25:00,9.550001,107,3,15.610001,14.0952,-1.5294403,20.917145,True,21.41,18.529514,1.3093754,25.50409,True
2024-09-23 06:30:00,10.1,107,3,15.389999,14.147442,-1.5925201,21.247753,True,22.66,18.142479,0.87400407,25.393753,True
2024-09-23 06:35:00,10.310001,107,4,16.220001,13.954826,-2.1707594,21.44278,True,23.82,17.59797,-0.03877671,25.231415,True
2024-09-23 06:40:00,10.470001,107,4,16.830002,13.801178,-2.5052168,21.583134,True,24.810001,17.157074,-0.61218673,25.088234,True
2024-09-23 06:45:00,11.18,107,5,17.940002,14.409355,-2.479067,22.417233,True,25.95,17.654102,-0.73345214,25.79924,False
2024-09-23 06:50:00,11.540001,107,6,18.240002,14.78484,-2.2425482,22.824326,True,27.7,18.036919,-0.5061515,26.208084,False
2024-09-23 06:55:00,12.560001,107,6,18.54,15.904053,-1.1765789,23.880718,True,29.850002,19.205708,0.5921437,27.317726,False
2024-09-23 07:00:00,12.08,107,6,18.39,15.811008,-0.86974174,23.513752,True,30.52,19.467022,1.22397,27.293835,False
2024-09-23 07:05:00,13.810001,107,5,18.86,17.982838,0.6189305,25.498299,True,29.810001,21.9408,2.8625677,29.559937,False
2024-09-23 07:10:00,14.150002,107,6,19.27,18.503662,1.1575333,25.907883,True,29.43,22.589558,3.5073278,30.095112,True
2024-09-23 07:15:00,14.150002,107,6,19.8,18.725014,1.1990696,26.098618,True,28.100002,22.985546,3.6718328,30.44387,True
2024-09-23 07:20:00,14.75,107,4,20.209995,19.394718,1.704393,26.751465,True,25.880001,23.675125,4.175283,31.112984,True
2024-09-23 07:25:00,15.610001,107,4,21.41,20.392124,2.4385602,27.690994,True,24.09,24.720688,4.9167724,32.102947,True
2024-09-23 07:30:00,15.389999,107,4,22.66,20.292706,2.1747491,27.61784,True,21.850002,24.720638,4.72376,32.110554,True
2024-09-23 07:35:00,16.220001,107,4,23.82,21.146324,2.5215604,28.574238,True,20.220001,25.531693,4.9962,33.010593,True
2024-09-23 07:40:00,16.830002,107,4,24.810001,21.708435,2.8446882,29.22073,True,17.280003,26.009502,5.2370906,33.5729,True
2024-09-23 07:45:00,17.940002,107,4,25.95,22.72123,3.4540803,30.30053,True,13.290001,26.869308,5.69922,34.50172,True
2024-09-23 07:50:00,18.240002,107,4,27.7,23.076176,3.6620271,30.680676,True,12.439999,27.231483,5.9100814,34.883953,True
2024-09-23 07:55:00,18.54,107,4,29.850002,23.392448,3.6977422,31.06123,True,12.090002,27.52409,5.9181743,35.233288,True
2024-09-23 08:00:00,18.39,107,5,30.52,23.559631,3.5636556,31.24113,True,11.290001,27.910862,5.9286456,35.61714,True
2024-09-23 08:05:00,18.86,107,3,29.810001,24.5598,3.8000562,32.215775,True,8.16,29.212486,6.3140807,36.886806,True
2024-09-23 08:10:00,19.27,107,4,29.43,25.187336,2.9236753,33.094666,True,5.3700004,29.92094,5.401445,37.80216,False
2024-09-23 08:15:00,19.8,107,4,28.100002,25.420315,2.2867696,33.584076,True,6.2000003,29.89635,4.5541987,38.00861,True
2024-09-23 08:20:00,20.209995,107,4,25.880001,25.668125,2.6658456,33.856983,True,6.68,29.994999,4.8537574,38.140606,True
2024-09-23 08:25:00,21.41,107,5,24.09,26.462772,2.9495847,34.84999,True,8.139999,30.406452,4.874826,38.7591,True
2024-09-23 08:30:00,22.66,107,6,21.850002,27.160175,4.104667,35.647884,True,9.110001,30.649704,5.7657924,39.130314,True
2024-09-23 08:35:00,23.82,107,8,20.220001,27.749851,4.941406,36.40377,True,9.060001,30.772308,6.3248515,39.4364,True
2024-09-23 08:40:00,24.810001,107,11,17.280003,28.281776,5.2498717,37.189476,True,9.15,30.91935,6.407045,39.83929,True
2024-09-23 08:45:00,25.95,107,13,13.290001,28.871723,5.2180324,38.069294,True,10.99,31.049068,6.099174,40.26241,True
2024-09-23 08:50:00,27.7,107,15,12.439999,29.992184,5.072206,39.497547,True,10.060001,31.630028,5.630502,41.15746,True
2024-09-23 08:55:00,29.850002,107,15,12.090002,31.545067,5.5465045,41.265945,True,9.640001,32.679543,5.8180327,42.438316,True
2024-09-23 09:00:00,30.52,107,15,11.290001,31.903831,6.332523,41.72879,True,10.560001,32.802883,6.4872813,42.670624,True
2024-09-23 09:05:00,29.810001,107,13,8.16,31.486847,5.95824,41.226368,True,10.9,32.607025,6.251182,42.36641,True
2024-09-23 09:10:00,29.43,107,12,5.3700004,31.56895,6.5054812,40.940132,False,10.810001,33.01924,6.993995,42.394543,True
2024-09-23 09:15:00,28.100002,107,11,6.2000003,30.861744,7.294618,39.779793,False,11.290001,32.79631,8.091791,41.707092,True
2024-09-23 09:20:00,25.880001,107,9,6.68,29.31242,6.975595,37.849144,False,10.57,31.81668,8.157108,40.322605,True
2024-09-23 09:25:00,24.09,107,8,8.139999,27.955425,6.510675,36.242268,True,11.620003,30.858799,7.990869,39.089703,True
2024-09-23 09:30:00,21.850002,107,6,9.110001,26.216187,5.640264,34.32042,True,13.400002,29.601353,7.493955,37.61642,True
2024-09-23 09:35:00,20.220001,107,5,9.060001,24.874023,4.836845,32.902637,True,12.26,28.563473,6.9515643,36.47029,True
2024-09-23 09:40:00,17.280003,107,3,9.15,22.344845,3.004789,30.31351,True,14.110001,26.52636,5.552707,34.314735,True
2024-09-23 09:45:00,13.290001,107,-1,10.99,18.656654,0.4095303,26.640095,True,13.98,23.324768,3.485895,31.066566,True
2024-09-23 09:50:00,12.439999,107,-7,10.060001,17.857155,0.05074279,25.742699,True,15.66,22.597599,3.2631528,30.237106,True
2024-09-23 09:55:00,12.090002,107,-7,9.640001,17.334602,-0.32257876,25.272606,True,15.470001,21.94828,2.8374765,29.632828,True
2024-09-23 10:00:00,11.290001,107,-6,10.560001,16.406502,-1.1752933,24.438686,True,14.139999,20.964691,1.9752003,28.71568,True
2024-09-23 10:05:00,8.16,107,-5,10.9,13.230022,-3.5575526,21.353615,True,13.220001,17.908413,-0.13955338,25.724861,True
2024-09-23 10:10:00,5.3700004,107,-6,10.810001,10.542301,-5.8346105,18.738796,True,13.970001,15.430534,-2.119715,23.28648,True
2024-09-23 10:15:00,6.2000003,107,-5,11.290001,11.435019,-5.2308497,19.715794,True,14.049999,16.340794,-1.5521034,24.259129,True
2024-09-23 10:20:00,6.68,107,-3,10.57,12.067789,-4.7201543,20.133423,True,13.450001,17.065224,-0.9815524,24.75816,True
2024-09-23 10:25:00,8.139999,107,0,11.620003,13.863251,-3.1046011,21.573578,True,14.369999,19.034756,0.73900384,26.382515,True
2024-09-23 10:30:00,9.110001,107,2,13.400002,14.957172,-2.570597,22.47689,True,15.139999,20.150204,1.2226864,27.296879,True
2024-09-23 10:35:00,9.060001,107,3,12.26,14.589413,-2.9772398,22.201523,True,18.760002,19.53072,0.6290681,26.758461,True
2024-09-23 10:40:00,9.15,107,5,14.110001,14.411457,-3.1208498,22.075409,True,19.370003,19.134594,0.31634107,26.40538,True
2024-09-23 10:45:00,10.99,107,6,13.98,16.12622,-1.6550735,23.698761,True,20.620003,20.64421,1.5535122,27.83421,True
2024-09-23 10:50:00,10.060001,107,6,15.66,15.264149,-2.5905306,22.831059,True,17.080002,19.892822,0.70396394,27.036766,True
2024-09-23 10:55:00,9.640001,107,6,15.470001,15.049805,-2.028519,22.312542,True,16.030003,19.833729,1.4932953,26.704475,True
2024-09-23 11:00:00,10.560001,107,6,14.139999,15.890034,-1.515921,23.092377,True,15.139999,20.536385,1.8691269,27.35345,True
2024-09-23 11:05:00,10.9,107,6,13.220001,15.8067665,-1.9217037,23.243061,True,10.24,20.094372,1.1639019,27.129906,True
2024-09-23 11:10:00,10.810001,107,6,13.970001,15.382446,-2.1607172,23.129993,True,6.53,19.4105,0.75380486,26.752995,True
2024-09-23 11:15:00,11.290001,107,6,14.049999,16.016777,-1.3579868,23.469296,True,2.93,20.127983,1.6327263,27.185902,True
2024-09-23 11:20:00,10.57,107,6,13.450001,15.339813,-2.0112784,22.69009,True,-3.529999,19.507042,1.0588146,26.450142,False
2024-09-23 11:25:00,11.620003,107,7,14.369999,16.18406,-1.4808544,23.591484,True,-7.23,20.129238,1.3800102,27.129704,False
2024-09-23 11:30:00,13.400002,107,8,15.139999,17.697681,-0.29295573,25.319008,True,-13.1,21.34811,2.2969701,28.572842,False
2024-09-23 11:35:00,12.26,107,10,18.760002,17.485367,-0.037308052,24.729595,True,-13.33,21.887447,3.1972425,28.734146,False
2024-09-23 11:40:00,14.110001,107,10,19.370003,21.29506,1.2337433,28.434475,True,-9.92,26.8703,5.0938888,33.610504,False
2024-09-23 11:45:00,13.98,107,13,20.620003,22.495125,-1.1878113,30.384727,True,-3.4799998,28.85667,2.947643,36.210026,False
2024-09-23 11:50:00,15.66,107,15,17.080002,25.72865,-1.7585243,34.18877,True,-0.72999984,32.645325,2.3660161,40.557583,False
2024-09-23 11:55:00,15.470001,107,16,16.030003,26.063519,-4.738375,35.26384,True,-3.609999,33.19572,-0.61745673,41.69092,False
2024-09-23 12:00:00,14.139999,107,16,15.139999,26.47123,-7.631458,36.367744,True,-7.4900002,34.488583,-3.0886405,43.511448,False
2024-09-23 12:05:00,13.220001,107,15,10.24,26.317219,-11.774289,37.18753,True,-8.48,34.701603,-6.975778,44.435925,False
2024-09-23 12:10:00,13.970001,107,16,6.53,26.068863,-15.591107,37.86365,True,-9.3,33.836506,-10.955926,44.340755,True
2024-09-23 12:15:00,14.049999,107,18,2.93,23.62997,-16.425598,35.578655,True,-5.6600003,30.272266,-12.306241,40.965088,True
2024-09-23 12:20:00,13.450001,107,17,-3.529999,19.131504,-14.378046,30.93843,True,-9.66,23.579582,-11.487978,34.478275,True
2024-09-23 12:25:00,14.369999,107,18,-7.23,16.58244,-12.965762,28.8488,True,-9.309999,18.314465,-11.67139,30.106781,True
2024-09-23 12:30:00,15.139999,107,22,-13.1,15.551258,-15.07994,29.437103,True,-6.9100003,15.6772995,-14.694964,29.33955,True
2024-09-23 12:35:00,18.760002,107,26,-13.33,18.759956,-11.10029,32.345276,False,-3.7299998,18.5122,-10.93647,31.921726,True
2024-09-23 12:40:00,19.370003,107,27,-9.92,18.393692,-13.14217,32.774044,True,-1.6700004,17.288181,-13.437027,31.61768,True
2024-09-23 12:45:00,20.620003,107,28,-3.4799998,19.483513,-12.312155,33.690018,True,-0.32000002,18.242386,-12.670755,32.41097,True
2024-09-23 12:50:00,17.080002,107,27,-0.72999984,16.493885,-13.877551,30.846756,True,-0.46999964,15.731709,-13.956459,29.976082,True
2024-09-23 12:55:00,16.030003,107,25,-3.609999,16.538212,-11.467859,29.968521,True,1.6,16.777203,-10.970331,29.941921,True
2024-09-23 13:00:00,15.139999,107,22,-7.4900002,17.01796,-10.820625,29.651165,True,1.5799996,18.46239,-9.58994,30.656593,True
2024-09-23 13:05:00,10.24,107,19,-8.48,13.310696,-13.227496,25.672245,True,-0.3099998,15.916992,-11.19668,27.669334,True
2024-09-23 13:10:00,6.53,107,17,-9.3,10.590771,-14.477615,22.720165,True,-2.3300002,14.173603,-11.702402,25.561226,True
2024-09-23 13:15:00,2.93,107,17,-5.6600003,7.3442225,-16.580685,19.469723,True,-1.4699997,11.358461,-13.369355,22.678165,True
2024-09-23 13:20:00,-3.529999,107,14,-9.66,0.5607678,-22.003122,13.759476,True,-2.6399996,4.468799,-18.638414,16.85408,True
2024-09-23 13:25:00,-7.23,107,12,-9.309999,-4.924598,-29.387701,10.754059,True,-2.57,-2.6616938,-27.224241,12.400349,True
2024-09-23 13:30:00,-13.1,107,13,-6.9100003,-13.301093,-38.326622,5.2703757,True,-0.12999947,-13.529919,-37.976345,4.8429217,True
2024-09-23 13:35:00,-13.33,107,14,-3.7299998,-15.912652,-41.935246,4.2797656,True,-4.3700004,-18.564608,-43.27868,1.8555218,True
2024-09-23 13:40:00,-9.92,107,16,-1.6700004,-13.925235,-38.9473,6.3962836,True,-6.280001,-18.016045,-41.238285,2.7453287,True
2024-09-23 13:45:00,-3.4799998,107,15,-0.32000002,-8.336427,-34.89114,11.6500435,True,-6.48,-13.360281,-37.533775,7.2308383,True
2024-09-23 13:50:00,-0.72999984,107,13,-0.46999964,-6.5935216,-34.78248,13.702732,True,-9.63,-12.662967,-37.865116,8.432837,True
2024-09-23 13:55:00,-3.609999,107,11,1.6,-10.591118,-38.33571,10.787655,True,-12.85,-17.703299,-42.0607,4.6129775,True
2024-09-23 14:00:00,-7.4900002,107,9,1.5799996,-15.293717,-41.67026,7.1983047,True,-13.84,-23.070467,-45.979668,0.40884367,True
2024-09-23 14:05:00,-8.48,107,8,-0.3099998,-16.702192,-43.011787,6.176145,True,-17.69,-24.826668,-47.53132,-0.92874557,True
2024-09-23 14:10:00,-9.3,107,7,-2.3300002,-17.865402,-44.591675,5.3094935,True,-20.68,-26.245054,-49.189377,-2.0181067,True
2024-09-23 14:15:00,-5.6600003,107,8,-1.4699997,-14.106682,-40.655685,8.284019,True,-26.32,-22.440634,-45.09928,0.95788926,True
2024-09-23 14:20:00,-9.66,107,6,-2.6399996,-18.23133,-41.77379,4.3532157,True,-31.07,-26.406185,-46.42336,-2.9292185,True
2024-09-23 14:25:00,-9.309999,107,6,-2.57,-17.608229,-41.112694,5.313169,True,-37.55,-25.363483,-45.381638,-1.6177315,True
2024-09-23 14:30:00,-6.9100003,107,5,-0.12999947,-14.469416,-39.34825,7.965116,True,-51.76,-21.726068,-43.23257,1.4985329,False
2024-09-23 14:35:00,-3.7299998,107,3,-4.3700004,-10.896827,-38.14905,11.647028,True,-53.51,-17.879335,-41.611324,5.483728,False
2024-09-23 14:40:00,-1.6700004,107,2,-6.280001,-8.221448,-37.733356,14.092819,True,-50.99,-14.7332,-40.79384,8.398075,False
2024-09-23 14:45:00,-0.32000002,107,2,-6.48,-6.44614,-37.17305,15.672657,True,-45.55,-12.602799,-39.97227,10.31196,False
2024-09-23 14:50:00,-0.46999964,107,1,-9.63,-6.456887,-37.550426,15.633442,True,-41.88,-12.470981,-40.22449,10.406303,False
2024-09-23 14:55:00,1.6,107,0,-12.85,-4.2268033,-35.113403,17.165573,True,-34.7,-10.103104,-37.692654,12.053904,True
2024-09-23 15:00:00,1.5799996,107,-1,-13.84,-4.293093,-34.50915,16.762604,True,-30.59,-10.195188,-37.10984,11.619307,True
2024-09-23 15:05:00,-0.3099998,107,-3,-17.69,-6.006944,-35.2826,15.379391,True,-25.33,-11.703065,-37.83921,10.396608,True
2024-09-23 15:10:00,-2.3300002,107,-4,-20.68,-8.291938,-37.090168,13.701878,True,-19.82,-14.1958275,-39.81017,8.541655,True
2024-09-23 15:15:00,-1.4699997,107,-4,-26.32,-8.18237,-37.600124,13.978512,True,-20.48,-14.8374815,-40.69944,8.198677,True
2024-09-23 15:20:00,-2.6399996,107,-4,-31.07,-10.421166,-38.474632,11.946543,True,-20.12,-18.045355,-42.199905,5.308149,True
2024-09-23 15:25:00,-2.57,107,-5,-37.55,-11.499747,-39.6529,11.408295,True,-18.34,-20.117922,-43.83058,3.921806,True
2024-09-23 15:30:00,-0.12999947,107,-4,-51.76,-10.281507,-38.632484,12.561497,False,-17.92,-19.962105,-43.168358,4.154262,True
2024-09-23 15:35:00,-4.3700004,107,-6,-53.51,-17.279602,-44.01219,8.209707,False,-16.7,-28.33815,-48.980145,-1.5511822,True
2024-09-23 15:40:00,-6.280001,107,-8,-50.99,-20.350405,-46.94126,7.36568,False,-14.8,-31.459713,-51.644817,-2.5810378,True
2024-09-23 15:45:00,-6.48,107,-8,-45.55,-19.622286,-45.034634,8.225475,False,-13.87,-29.8283,-49.422752,-1.0011333,True
2024-09-23 15:50:00,-9.63,107,-9,-41.88,-20.747667,-44.689873,7.5824924,True,-14.61,-29.201443,-48.49493,-0.09963067,True
2024-09-23 15:55:00,-12.85,107,-10,-34.7,-21.02805,-42.831806,6.5242057,True,-13.94,-27.260883,-45.87441,0.8343827,True
2024-09-23 16:00:00,-13.84,107,-10,-30.59,-20.071438,-39.569324,4.8570533,True,-10.8,-24.953455,-42.174202,0.36124387,True
2024-09-23 16:05:00,-17.69,107,-10,-25.33,-22.032297,-39.475506,0.6747224,True,-6.1,-25.447538,-41.359047,-2.539223,True
2024-09-23 16:10:00,-20.68,107,-11,-19.82,-23.349607,-39.359035,-1.813599,True,-7.9600005,-25.371618,-40.278416,-3.8048947,True
2024-09-23 16:15:00,-26.32,107,-11,-20.48,-26.899626,-41.55569,-5.8552175,True,-9.44,-27.223837,-41.191223,-6.344008,True
2024-09-23 16:20:00,-31.07,107,-10,-20.12,-30.3082,-44.836422,-8.459519,True,-9.61,-29.613523,-43.60807,-8.029978,True
2024-09-23 16:25:00,-37.55,107,-9,-18.34,-35.148193,-49.42096,-11.994581,True,-8.93,-33.311417,-47.20222,-10.549709,False
2024-09-23 16:30:00,-51.76,107,-9,-17.92,-45.8623,-59.60419,-20.821346,False,-7.7500005,-41.76423,-55.17255,-17.486076,False
2024-09-23 16:35:00,-53.51,107,-10,-16.7,-47.279106,-61.092785,-21.488865,False,-5.73,-43.06516,-56.543552,-18.06342,False
2024-09-23 16:40:00,-50.99,107,-9,-14.8,-45.094646,-58.93567,-19.668037,False,-3.4200003,-41.13181,-54.687134,-16.417063,False
2024-09-23 16:45:00,-45.55,107,-11,-13.87,-40.50321,-54.37037,-16.161072,False,-2.4400008,-37.066547,-50.711514,-13.30568,False
2024-09-23 16:50:00,-41.88,107,-13,-14.61,-36.754604,-50.806793,-13.543746,True,-1.8899997,-33.209396,-47.11646,-10.56614,False
2024-09-23 16:55:00,-34.7,107,-13,-13.94,-30.447947,-44.74791,-9.098997,True,-1.6999992,-27.364038,-41.56485,-6.507749,False
2024-09-23 17:00:00,-30.59,107,-12,-10.8,-27.249516,-41.34239,-7.051991,True,-2.2500002,-24.735678,-38.676422,-4.9714513,False
2024-09-23 17:05:00,-25.33,107,-13,-6.1,-23.740437,-38.3693,-4.1208854,True,-2.8500006,-22.44242,-36.728508,-3.1276133,False
2024-09-23 17:10:00,-19.82,107,-13,-7.9600005,-18.895456,-34.42323,-0.28473505,True,-4.1200004,-18.066946,-33.163433,0.27753988,True
2024-09-23 17:15:00,-20.48,107,-17,-9.44,-18.624075,-33.84547,-0.78957206,True,-4.0400004,-17.03642,-32.005993,0.42540708,True
2024-09-23 17:20:00,-20.12,107,-18,-9.61,-17.876375,-32.867596,-0.7185996,True,-3.6399996,-15.951482,-30.774961,0.78412217,True
2024-09-23 17:25:00,-18.34,107,-17,-8.93,-15.030282,-30.34646,1.4275357,True,-4.5399995,-12.187081,-27.560354,3.720514,True
2024-09-23 17:30:00,-17.92,107,-16,-7.7500005,-13.365429,-28.363174,1.7514931,True,-5.23,-9.443917,-24.694239,4.9713836,True
2024-09-23 17:35:00,-16.7,107,-16,-5.73,-12.794232,-27.314531,1.5356632,True,-5.0500007,-9.385631,-24.064638,4.308046,True
2024-09-23 17:40:00,-14.8,107,-15,-3.4200003,-11.240317,-25.916681,2.7084558,True,-4.8000007,-8.093637,-22.911804,5.2456527,True
2024-09-23 17:45:00,-13.87,107,-15,-2.4400008,-8.940557,-24.18074,4.4105563,True,-4.1700006,-4.586679,-20.236677,7.9795146,True
2024-09-23 17:50:00,-14.61,107,-16,-1.8899997,-9.065242,-24.150381,3.7819173,True,-5.02,-4.1435313,-19.709732,7.8380218,True
2024-09-23 17:55:00,-13.94,107,-16,-1.6999992,-7.8343034,-23.063562,4.702108,True,-5.7600007,-2.4073908,-18.216959,9.189789,True
2024-09-23 18:00:00,-10.8,107,-13,-2.2500002,-4.6992345,-20.204113,7.119407,True,-6.53,0.7098672,-15.468608,11.5951,True
2024-09-23 18:05:00,-6.1,107,-11,-2.8500006,-0.18697007,-16.498816,10.98348,True,-6.5400004,4.996654,-12.116835,15.261562,True
2024-09-23 18:10:00,-7.9600005,107,-12,-4.1200004,-1.8934196,-17.702429,9.328892,True,-6.8000007,3.4713266,-13.095168,13.757118,True
2024-09-23 18:15:00,-9.44,107,-14,-4.0400004,-4.1646466,-19.090061,6.9292216,True,-6.78,0.5792462,-14.898167,10.827036,True
2024-09-23 18:20:00,-9.61,107,-14,-3.6399996,-4.7184777,-19.04054,6.132707,True,-5.3700004,-0.28455004,-15.060272,9.769432,True
2024-09-23 18:25:00,-8.93,107,-14,-4.5399995,-4.315779,-18.675467,6.2539115,True,-4.9600005,-0.09779771,-14.902245,9.692722,True
2024-09-23 18:30:00,-7.7500005,107,-13,-5.23,-3.3500445,-17.850428,6.9074397,True,-4.98,0.68601006,-14.263777,10.187765,True
2024-09-23 18:35:00,-5.73,107,-12,-5.0500007,-2.2185862,-16.562038,7.6315417,True,-4.6600003,1.0297924,-13.6290455,10.236404,True
2024-09-23 18:40:00,-3.4200003,107,-11,-4.8000007,-0.2558559,-14.635985,9.253487,True,-4.68,2.6699197,-11.984766,11.587065,True
2024-09-23 18:45:00,-2.4400008,107,-11,-4.1700006,1.0829216,-13.425001,10.429979,True,-4.77,4.311687,-10.564924,13.034977,True
2024-09-23 18:50:00,-1.8899997,107,-11,-5.02,1.3567272,-12.960502,10.530964,True,-5.03,4.346412,-10.292333,12.933201,True
2024-09-23 18:55:00,-1.6999992,107,-10,-5.7600007,2.1095273,-12.70764,11.236937,True,-5.2000003,5.595493,-9.689394,14.063538,True
2024-09-23 19:00:00,-2.2500002,107,-11,-6.53,2.4590356,-12.862318,11.744232,True,-6.2400002,6.720571,-9.28891,15.239086,True
2024-09-23 19:05:00,-2.8500006,107,-11,-6.5400004,1.5638138,-12.968505,10.772581,True,-5.2600007,5.5807185,-9.529809,14.073578,True
2024-09-23 19:10:00,-4.1200004,107,-12,-6.8000007,0.35812154,-13.657159,9.501251,True,-4.1300006,4.4567695,-10.10704,12.876572,True
2024-09-23 19:15:00,-4.0400004,107,-13,-6.78,0.78165597,-13.460081,9.834463,True,-4.9,5.1876388,-9.685505,13.471313,True
2024-09-23 19:20:00,-3.6399996,107,-12,-5.3700004,1.1571804,-12.961117,10.10232,True,-4.78,5.5327525,-9.209473,13.72224,True
2024-09-23 19:25:00,-4.5399995,107,-13,-4.9600005,1.3050286,-12.746612,10.360647,True,-2.8400004,6.5518737,-8.260587,14.756557,True
2024-09-23 19:30:00,-5.23,107,-13,-4.98,1.5871311,-12.524506,10.658213,True,-0.9599994,7.631191,-7.3370576,15.750175,True
2024-09-23 19:35:00,-5.0500007,107,-13,-4.6600003,1.9765583,-12.192267,11.00486,True,-3.0800002,8.208086,-6.863726,16.247044,True
2024-09-23 19:40:00,-4.8000007,107,-12,-4.68,2.758516,-11.985108,11.707298,True,-3.24,9.444057,-6.3727183,17.303253,True
2024-09-23 19:45:00,-4.1700006,107,-12,-4.77,3.0585897,-11.679131,12.042786,True,-2.199999,9.452108,-6.3188157,17.388752,True
2024-09-23 19:50:00,-5.02,107,-12,-5.03,0.9664094,-12.853846,9.857304,True,-0.26000056,6.4269137,-8.192625,14.391941,True
2024-09-23 19:55:00,-5.7600007,107,-13,-5.2000003,-1.0051998,-13.783249,8.034681,True,-0.24000008,3.4355657,-9.912647,11.705538,True
2024-09-23 20:00:00,-6.53,107,-13,-6.2400002,-2.9027255,-15.083949,6.4658847,True,-2.3699992,0.57162446,-12.009179,9.297249,True
2024-09-23 20:05:00,-6.5400004,107,-13,-5.2600007,-4.2740016,-16.377056,5.6345305,True,-2.91,-2.0243704,-14.308907,7.4078994,True
2024-09-23 20:10:00,-6.8000007,107,-14,-4.1300006,-5.862077,-17.981668,4.7519393,True,-2.6199992,-4.8298516,-16.852074,5.479778,True
2024-09-23 20:15:00,-6.78,107,-13,-4.9,-7.2536187,-19.473846,4.1876807,True,-1.2700008,-7.50431,-19.275389,3.811424,True
2024-09-23 20:20:00,-5.3700004,107,-12,-4.78,-6.642842,-19.03572,5.384275,True,-0.87999946,-7.6045938,-19.328749,4.3929687,True
2024-09-23 20:25:00,-4.9600005,107,-11,-2.8400004,-6.4388843,-18.412132,5.932346,True,-0.54999954,-7.5813775,-18.859375,4.778318,True
2024-09-23 20:30:00,-4.98,107,-12,-0.9599994,-6.847203,-18.402916,5.3848968,True,-0.52000076,-8.334681,-19.117846,3.9251573,True
2024-09-23 20:35:00,-4.6600003,107,-11,-3.0800002,-4.907314,-17.573236,7.3177733,True,0.7900006,-4.938644,-17.241795,7.152305,True
2024-09-23 20:40:00,-4.68,107,-12,-3.24,-2.625233,-14.816836,8.13475,True,-0.07000001,-0.60217315,-13.016622,9.756798,True
2024-09-23 20:45:00,-4.77,107,-12,-2.199999,-1.0084499,-14.163381,9.083542,True,-0.109999016,2.538757,-11.196698,12.016727,True
2024-09-23 20:50:00,-5.03,107,-12,-0.26000056,-0.3869041,-13.257217,8.722464,True,-0.5100005,3.9434545,-9.617741,12.360649,True
2024-09-23 20:55:00,-5.2000003,107,-12,-0.24000008,-0.568188,-12.881458,7.643844,True,-0.44999918,3.786579,-9.189577,11.3293915,True
2024-09-23 21:00:00,-6.2400002,107,-12,-2.3699992,-2.5465395,-13.8906355,5.353864,True,-0.7199996,1.0198113,-10.8125725,8.367235,True
2024-09-23 21:05:00,-5.2600007,107,-11,-2.91,-2.323414,-13.056272,4.9309382,True,0.36000028,0.55722016,-10.550075,7.360002,True
2024-09-23 21:10:00,-4.1300006,107,-10,-2.6199992,-1.3706306,-11.818909,5.2736487,True,1.9899994,1.34082,-9.46654,7.5709224,True
2024-09-23 21:15:00,-4.9,107,-10,-1.2700008,-2.4517787,-12.562691,4.2195106,True,-0.8300002,-0.018862085,-10.443728,6.269771,True
2024-09-23 21:20:00,-4.78,107,-11,-0.87999946,-2.8277228,-13.084581,4.4146094,True,-0.86999923,-0.8414157,-11.358692,6.059831,True
2024-09-23 21:25:00,-2.8400004,107,-10,-0.54999954,-1.9038013,-12.573217,5.927238,True,1.8299996,-0.85891944,-11.604398,6.737783,True
2024-09-23 21:30:00,-0.9599994,107,-8,-0.52000076,-0.81938964,-12.032512,7.290872,True,-0.090000466,-0.5069831,-11.607449,7.45754,True
2024-09-23 21:35:00,-3.0800002,107,-10,0.7900006,-2.9991133,-13.369805,5.119291,True,0.36000028,-2.7509863,-13.021196,5.2280555,True
2024-09-23 21:40:00,-3.24,107,-13,-0.07000001,-2.2896616,-12.417087,5.027597,True,2.1300008,-1.2347454,-11.47096,5.865812,True
2024-09-23 21:45:00,-2.199999,107,-12,-0.109999016,-0.11877473,-10.35345,5.9918456,True,2.6499994,1.9864479,-8.583865,7.7949996,True
2024-09-23 21:50:00,-0.26000056,107,-10,-0.5100005,3.295862,-7.4503713,8.202225,True,3.4999998,6.7207828,-4.619345,11.243313,True
2024-09-23 21:55:00,-0.24000008,107,-10,-0.44999918,4.2430797,-6.7765546,8.522478,True,2.640001,8.485918,-3.2575,12.340313,True
2024-09-23 22:00:00,-2.3699992,107,-11,-0.7199996,2.3870065,-8.373713,6.3476806,True,2.5300004,6.9246,-4.5369906,10.444483,True
2024-09-23 22:05:00,-2.91,107,-13,0.36000028,1.9689862,-8.697416,5.6059356,True,,,,,False
2024-09-23 22:10:00,-2.6199992,107,-13,1.9899994,2.1516263,-8.402252,5.483112,True,,,,,False
2024-09-23 22:15:00,-1.2700008,107,-11,-0.8300002,3.4273355,-7.2342668,6.5777965,True,,,,,False
2024-09-23 22:20:00,-0.87999946,107,-11,-0.86999923,3.8305414,-6.872311,6.9658046,True,,,,,False
2024-09-23 22:25:00,-0.54999954,107,-10,1.8299996,5.4163337,-5.8516593,8.304958,True,,,,,False
2024-09-23 22:30:00,-0.52000076,107,-10,-0.090000466,4.96483,-6.228435,8.03055,True,,,,,False
2024-09-23 22:35:00,0.7900006,107,-8,0.36000028,6.0899997,-5.314097,9.281708,True,,,,,False
2024-09-23 22:40:00,-0.07000001,107,-9,2.1300008,5.533359,-5.729996,8.560295,True,,,,,False
2024-09-23 22:45:00,-0.109999016,107,-9,2.6499994,5.9980426,-5.596932,8.944542,True,,,,,False
2024-09-23 22:50:00,-0.5100005,107,-9,3.4999998,6.426872,-6.1515126,10.083591,True,,,,,False
2024-09-23 22:55:00,-0.44999918,107,-9,2.640001,6.099769,-6.4567504,9.978788,True,,,,,False
2024-09-23 23:00:00,-0.7199996,107,-8,2.5300004,5.050243,-6.8496833,8.739433,True,,,,,False
2024-09-23 23:05:00,0.36000028,107,-7,,,,,False,,,,,False
2024-09-23 23:10:00,1.9899994,107,-6,,,,,False,,,,,False
2024-09-23 23:15:00,-0.8300002,107,-7,,,,,False,,,,,False
2024-09-23 23:20:00,-0.86999923,107,-7,,,,,False,,,,,False
2024-09-23 23:25:00,1.8299996,107,-5,,,,,False,,,,,False
2024-09-23 23:30:00,-0.090000466,107,-6,,,,,False,,,,,False
2024-09-23 23:35:00,0.36000028,107,-8,,,,,False,,,,,False
2024-09-23 23:40:00,2.1300008,107,-8,,,,,False,,,,,False
2024-09-23 23:45:00,2.6499994,107,-7,,,,,False,,,,,False
2024-09-23 23:50:00,3.4999998,107,-3,,,,,False,,,,,False
2024-09-23 23:55:00,2.640001,107,-3,,,,,False,,,,,False
