,LDi_CLF,storm_index,SYM_H,Observed_LDi_CLF-1h,Predicted_LDi_CLF-1h,Quantile_05_LDi_CLF-1h,Quantile_95_LDi_CLF-1h,inside_90%_LDi_CLF-1h,Observed_LDi_CLF-2h,Predicted_LDi_CLF-2h,Quantile_05_LDi_CLF-2h,Quantile_95_LDi_CLF-2h,inside_90%_LDi_CLF-2h
2023-02-24 08:00:00,7.6200004,95,-6,4.230001,13.080467,-5.6780086,20.188564,True,11.269999,18.363209,-2.5021422,25.261951,True
2023-02-24 08:05:00,6.2599998,95,-7,5.139999,11.584486,-6.8206124,18.858727,True,11.33,16.815212,-3.6090777,23.87368,True
2023-02-24 08:10:00,6.2599998,95,-8,6.2499995,11.450556,-6.8099847,18.746536,True,11.140001,16.565868,-3.6540377,23.652073,True
2023-02-24 08:15:00,4.44,95,-8,7.5099998,9.500793,-8.296092,16.946293,True,11.18,14.581882,-5.0713973,21.809437,True
2023-02-24 08:20:00,4.3800006,95,-10,9.050001,9.457636,-8.181444,16.936127,True,10.190001,14.552166,-4.9188733,21.813328,True
2023-02-24 08:25:00,4.5099998,95,-10,9.17,9.717054,-7.9841094,17.257656,True,10.27,14.910873,-4.644277,22.218243,True
2023-02-24 08:30:00,4.5099998,95,-9,9.23,9.652788,-7.959496,17.236351,True,9.000002,14.782249,-4.641681,22.134518,True
2023-02-24 08:35:00,4.9199996,95,-8,9.27,10.144287,-7.5269513,17.723717,True,7.649999,15.323952,-4.1790204,22.662914,True
2023-02-24 08:40:00,3.4899995,95,-11,9.35,8.929417,-8.568449,16.48362,True,7.27,14.3693695,-4.940912,21.645092,True
2023-02-24 08:45:00,3.6300008,95,-11,10.300001,9.465864,-8.092311,16.88033,True,7.469999,15.253357,-4.180404,22.36089,True
2023-02-24 08:50:00,3.3500001,95,-12,10.409998,9.409342,-8.142624,16.809807,True,7.19,15.400215,-4.051002,22.469147,True
2023-02-24 08:55:00,3.68,95,-11,11.060001,10.150799,-7.4965844,17.452198,True,7.639999,16.481182,-3.143429,23.424759,True
2023-02-24 09:00:00,4.230001,95,-11,11.269999,11.22345,-6.580218,18.497189,True,7.309999,17.942627,-1.9495414,24.83154,True
2023-02-24 09:05:00,5.139999,95,-10,11.33,12.694237,-5.6889205,19.93388,True,8.940001,19.78297,-0.84950286,26.600632,True
2023-02-24 09:10:00,6.2499995,95,-9,11.140001,13.424362,-5.211867,20.716324,True,9.41,20.125893,-0.7305873,27.008633,True
2023-02-24 09:15:00,7.5099998,95,-7,11.18,14.908005,-4.1402793,22.121933,True,9.01,21.672398,0.3198525,28.475151,True
2023-02-24 09:20:00,9.050001,95,-6,10.190001,16.48151,-2.9818556,23.651863,True,7.069999,23.116917,1.305677,29.892498,True
2023-02-24 09:25:00,9.17,95,-6,10.27,16.517216,-3.0891707,23.721886,True,7.399997,23.070076,1.1397835,29.867203,True
2023-02-24 09:30:00,9.23,95,-6,9.000002,16.534927,-3.2438567,23.749332,True,8.130001,23.040005,0.94493836,29.82964,True
2023-02-24 09:35:00,9.27,95,-6,7.649999,16.815117,-3.354956,24.066849,True,7.7499976,23.477673,0.9298455,30.272224,True
2023-02-24 09:40:00,9.35,95,-5,7.27,16.570484,-4.0884824,24.00584,True,8.560001,22.971329,-0.027895289,29.92163,True
2023-02-24 09:45:00,10.300001,95,-4,7.469999,16.580982,-3.7166007,23.92569,True,8.77,22.204037,-0.18271478,29.117634,True
2023-02-24 09:50:00,10.409998,95,-5,7.19,16.590786,-3.326895,23.920929,True,10.060001,22.117004,0.17951934,29.029613,True
2023-02-24 09:55:00,11.060001,95,-5,7.639999,16.445824,-3.0289023,23.850792,True,10.940001,21.288319,0.023967428,28.325214,True
2023-02-24 10:00:00,11.269999,95,-5,7.309999,16.345558,-3.0806487,23.684181,True,8.91,20.92247,-0.20424493,27.898197,True
2023-02-24 10:05:00,11.33,95,-6,8.940001,16.205181,-3.2601683,23.595474,True,6.0500007,20.608845,-0.49553332,27.6324,True
2023-02-24 10:10:00,11.140001,95,-6,9.41,16.020008,-3.3996356,23.467842,True,6.4099994,20.421638,-0.6171954,27.491394,True
2023-02-24 10:15:00,11.18,95,-6,9.01,16.146404,-3.5082705,23.601768,True,6.5400004,20.607758,-0.6861556,27.663784,True
2023-02-24 10:20:00,10.190001,95,-6,7.069999,15.290691,-4.323546,22.875095,True,7.2900004,19.917133,-1.3490108,27.067379,True
2023-02-24 10:25:00,10.27,95,-7,7.399997,15.80526,-3.9677718,23.379295,True,5.6300006,20.762768,-0.7614139,27.874481,True
2023-02-24 10:30:00,9.000002,95,-8,8.130001,14.823185,-4.44505,22.459656,True,5.11,20.077095,-0.94457656,27.225761,True
2023-02-24 10:35:00,7.649999,95,-9,7.7499976,13.595577,-5.185927,21.229874,True,2.1100004,19.018806,-1.470589,26.142578,True
2023-02-24 10:40:00,7.27,95,-10,8.560001,13.249466,-5.4718184,20.79184,True,0.69000024,18.72197,-1.6873859,25.737415,True
2023-02-24 10:45:00,7.469999,95,-10,8.77,13.404957,-5.306607,20.922966,True,1.5899998,18.813152,-1.5618442,25.801899,True
2023-02-24 10:50:00,7.19,95,-10,10.060001,13.3381195,-5.5351157,20.838264,True,1.4400002,18.925217,-1.6392959,25.868443,True
2023-02-24 10:55:00,7.639999,95,-10,10.940001,13.425793,-5.440972,20.964363,True,1.43,18.674538,-1.7925743,25.672333,True
2023-02-24 11:00:00,7.309999,95,-10,8.91,13.288219,-5.4412646,20.848736,True,6.1200004,18.694702,-1.6323456,25.701931,True
2023-02-24 11:05:00,8.940001,95,-9,6.0500007,15.17971,-4.0111966,22.69175,True,5.399999,20.65456,-0.219086,27.622189,True
2023-02-24 11:10:00,9.41,95,-9,6.4099994,15.733898,-4.000509,23.243256,True,8.51,21.218979,-0.23865731,28.169987,True
2023-02-24 11:15:00,9.01,95,-9,6.5400004,15.39373,-4.3192496,22.885796,True,6.61,20.935219,-0.48448595,27.855934,True
2023-02-24 11:20:00,7.069999,95,-11,7.2900004,13.275139,-5.7193084,20.743912,True,7.219999,18.781715,-1.7737907,25.664669,True
2023-02-24 11:25:00,7.399997,95,-12,5.6300006,13.449982,-5.5309224,20.840221,True,7.4199996,18.795609,-1.6968521,25.609493,True
2023-02-24 11:30:00,8.130001,95,-13,5.11,13.665684,-5.2619452,21.068325,True,7.9999995,18.548302,-1.7706379,25.402374,True
2023-02-24 11:35:00,7.7499976,95,-14,2.1100004,12.78471,-5.56832,20.2775,True,6.5899997,17.258003,-2.3132517,24.231014,True
2023-02-24 11:40:00,8.560001,95,-13,0.69000024,13.404781,-4.826696,20.909634,True,6.8800006,17.66016,-1.7344974,24.667011,True
2023-02-24 11:45:00,8.77,95,-13,1.5899998,13.132454,-5.4932723,20.904835,True,7.5899997,16.958809,-2.7300017,24.242065,True
2023-02-24 11:50:00,10.060001,95,-13,1.4400002,14.018223,-5.8535886,22.21088,True,7.18,17.433594,-3.452017,25.138943,True
2023-02-24 11:55:00,10.940001,95,-13,1.43,14.124821,-6.2855086,22.580982,True,7.639999,16.841831,-4.3797793,24.851372,True
2023-02-24 12:00:00,8.91,95,-13,6.1200004,11.241049,-7.3765206,19.929367,True,10.01,13.267109,-5.861094,21.5737,True
2023-02-24 12:05:00,6.0500007,95,-14,5.399999,7.5669703,-9.79436,16.798912,True,8.51,8.885546,-8.720157,17.799389,True
2023-02-24 12:10:00,6.4099994,95,-14,8.51,7.6831107,-9.84507,17.173698,True,7.8000007,8.757395,-8.939146,17.94556,True
2023-02-24 12:15:00,6.5400004,95,-16,6.61,8.100634,-9.635937,17.660069,True,8.700001,9.441738,-8.537484,18.667328,True
2023-02-24 12:20:00,7.2900004,95,-16,7.219999,9.289988,-8.682821,18.665642,True,9.540001,11.026323,-7.3095927,20.027699,True
2023-02-24 12:25:00,5.6300006,95,-16,7.4199996,8.127308,-9.492084,17.36066,True,8.9,10.34778,-7.7405925,19.155357,True
2023-02-24 12:30:00,5.11,95,-17,7.9999995,7.847402,-9.690798,16.682,True,8.48,10.301537,-7.751079,18.683285,True
2023-02-24 12:35:00,2.1100004,95,-19,6.5899997,6.0464816,-10.784583,14.471336,True,8.710001,9.663614,-7.8848176,17.531902,True
2023-02-24 12:40:00,0.69000024,95,-23,6.8800006,6.159324,-10.932891,14.091438,True,9.130001,11.200378,-6.8727202,18.43328,True
2023-02-24 12:45:00,1.5899998,95,-24,7.5899997,7.9981074,-9.429807,15.3433075,True,10.67,13.814083,-4.7870555,20.395737,True
2023-02-24 12:50:00,1.4400002,95,-25,7.18,8.62458,-8.866715,15.536915,True,11.440001,15.092747,-3.6858332,21.19318,True
2023-02-24 12:55:00,1.43,95,-25,7.639999,8.290682,-8.683963,14.8209305,True,10.290003,14.505615,-3.658909,20.259003,True
2023-02-24 13:00:00,6.1200004,95,-21,10.01,12.722221,-4.8228297,18.811153,True,11.210001,18.434834,-0.41686472,23.829628,True
2023-02-24 13:05:00,5.399999,95,-20,8.51,11.868023,-5.2256627,17.832085,True,10.360001,17.51233,-0.7967437,22.789822,True
2023-02-24 13:10:00,8.51,95,-18,7.8000007,14.5672455,-2.7644904,20.280174,True,8.4,19.683495,1.1445652,24.782864,True
2023-02-24 13:15:00,6.61,95,-18,8.700001,12.72562,-4.095927,18.40562,True,8.58,17.997646,0.03869979,23.03844,True
2023-02-24 13:20:00,7.219999,95,-19,9.540001,13.078598,-3.7402165,18.650478,True,9.33,18.111382,0.18918578,23.056385,True
2023-02-24 13:25:00,7.4199996,95,-19,8.9,13.001141,-4.0229087,18.592083,True,8.690001,17.815681,-0.28735575,22.767673,True
2023-02-24 13:30:00,7.9999995,95,-19,8.48,13.591972,-3.969124,19.26815,True,8.890001,18.388248,-0.30485377,23.401554,True
2023-02-24 13:35:00,6.5899997,95,-20,8.710001,12.154211,-4.848164,17.79461,True,9.52,16.998638,-1.056744,21.973274,True
2023-02-24 13:40:00,6.8800006,95,-20,9.130001,12.090654,-4.6902843,17.717346,True,8.690001,16.62775,-1.1175369,21.614552,True
2023-02-24 13:45:00,7.5899997,95,-20,10.67,12.599239,-4.083669,18.128494,True,9.210001,16.925629,-0.6740287,21.837456,True
2023-02-24 13:50:00,7.18,95,-20,11.440001,12.052769,-4.486816,17.683132,True,8.49,16.286335,-1.1216987,21.297787,True
2023-02-24 13:55:00,7.639999,95,-20,10.290003,12.334927,-3.9935162,17.91848,True,8.800001,16.388748,-0.75256187,21.378624,True
2023-02-24 14:00:00,10.01,95,-18,11.210001,14.593834,-1.7563385,19.9777,True,8.58,18.426765,1.2726284,23.267685,True
2023-02-24 14:05:00,8.51,95,-18,10.360001,13.489105,-2.7892134,18.89291,True,8.5,17.70105,0.57268494,22.527828,True
2023-02-24 14:10:00,7.8000007,95,-19,8.4,13.259098,-3.175194,18.658401,True,8.440001,17.875282,0.51062936,22.668438,True
2023-02-24 14:15:00,8.700001,95,-19,8.58,14.216816,-2.3227484,19.546604,True,8.630001,18.814346,1.3271424,23.554836,True
2023-02-24 14:20:00,9.540001,95,-18,9.33,15.04512,-1.6625999,20.270306,True,7.44,19.574429,1.90966,24.225319,True
2023-02-24 14:25:00,8.9,95,-18,8.690001,14.499107,-2.1837409,19.728355,True,8.16,19.126076,1.4956547,23.763294,True
2023-02-24 14:30:00,8.48,95,-18,8.890001,14.137211,-2.4758475,19.391773,True,8.120001,18.825504,1.2802387,23.480698,True
2023-02-24 14:35:00,8.710001,95,-18,9.52,14.325378,-2.4186385,19.587215,True,6.649999,18.95869,1.2945763,23.623146,True
2023-02-24 14:40:00,9.130001,95,-18,8.690001,14.625813,-2.2392542,19.833271,True,6.2499995,19.134048,1.3622662,23.749619,True
2023-02-24 14:45:00,10.67,95,-17,9.210001,15.6168785,-1.3482765,20.722,True,6.4500003,19.621845,1.8282105,24.174023,True
2023-02-24 14:50:00,11.440001,95,-16,8.49,16.128902,-0.9491828,21.197727,True,6.569999,19.890083,2.0261896,24.422718,True
2023-02-24 14:55:00,10.290003,95,-16,8.800001,14.981892,-1.9715694,20.089397,True,6.9099994,18.797798,1.0784756,23.344074,True
2023-02-24 15:00:00,11.210001,95,-15,8.58,15.275261,-1.4216388,20.346287,True,7.44,18.56393,1.2351757,23.107952,True
2023-02-24 15:05:00,10.360001,95,-15,8.5,14.378574,-1.7513317,19.454689,True,6.61,17.66523,0.9455926,22.215202,True
2023-02-24 15:10:00,8.4,95,-17,8.440001,12.459904,-3.057564,17.54044,True,6.9199996,15.851574,-0.21872361,20.390568,True
2023-02-24 15:15:00,8.58,95,-18,8.630001,12.490242,-2.9511092,17.520515,True,6.61,15.74596,-0.21421273,20.239872,True
2023-02-24 15:20:00,9.33,95,-18,7.44,12.98402,-2.4029486,17.98439,True,5.979999,16.004532,0.1439225,20.486176,True
2023-02-24 15:25:00,8.690001,95,-17,8.16,12.284157,-2.8835356,17.279228,True,5.4899993,15.276455,-0.34038004,19.754353,True
2023-02-24 15:30:00,8.890001,95,-17,8.120001,12.581509,-2.7189963,17.532738,True,5.61,15.641617,-0.12920602,20.073708,True
2023-02-24 15:35:00,9.52,95,-16,6.649999,13.010628,-2.4316905,17.943134,True,5.6,15.884541,0.0077950195,20.30962,True
2023-02-24 15:40:00,8.690001,95,-16,6.2499995,12.157705,-3.0372088,17.091518,True,5.969999,15.038147,-0.5646861,19.456673,True
2023-02-24 15:45:00,9.210001,95,-16,6.4500003,12.595741,-2.6626742,17.477383,True,6.9099994,15.390205,-0.26356158,19.764679,True
2023-02-24 15:50:00,8.49,95,-16,6.569999,12.260548,-2.9638922,17.068428,True,5.1599994,15.386757,-0.30633196,19.66573,True
2023-02-24 15:55:00,8.800001,95,-16,6.9099994,12.92696,-2.5251067,17.640656,True,5.059999,16.325565,0.3189675,20.502003,True
2023-02-24 16:00:00,8.58,95,-16,7.44,12.773579,-2.768103,17.420612,True,7.2599998,16.23153,0.11968772,20.331753,True
2023-02-24 16:05:00,8.5,95,-15,6.61,13.098816,-2.591324,17.683548,True,6.36,16.873165,0.5325925,20.89198,True
2023-02-24 16:10:00,8.440001,95,-16,6.9199996,13.208923,-2.518431,17.75916,True,6.7100005,17.11591,0.70542496,21.09338,True
2023-02-24 16:15:00,8.630001,95,-15,6.61,13.4127655,-2.3423846,17.923168,True,7.36,17.322254,0.875076,21.265068,True
2023-02-24 16:20:00,7.44,95,-15,5.979999,12.175322,-3.2779543,16.736816,True,7.5899997,16.104069,-0.0030463503,20.083252,True
2023-02-24 16:25:00,8.16,95,-14,5.4899993,12.643833,-2.7814887,17.170319,True,6.8399997,16.344372,0.31073347,20.310284,True
2023-02-24 16:30:00,8.120001,95,-14,5.61,12.470985,-2.7056353,17.005695,True,7.3000007,16.069263,0.3302361,20.052052,True
2023-02-24 16:35:00,6.649999,95,-14,5.6,11.115337,-3.5841315,15.718597,True,8.51,14.858456,-0.379227,18.898174,True
2023-02-24 16:40:00,6.2499995,95,-15,5.969999,10.266144,-3.9613688,14.842934,True,8.32,13.660423,-1.0017666,17.700493,True
2023-02-24 16:45:00,6.4500003,95,-15,6.9099994,9.873682,-4.0178504,14.439102,True,8.66,12.777397,-1.4331096,16.839355,True
2023-02-24 16:50:00,6.569999,95,-15,5.1599994,9.699198,-3.8706496,14.235889,True,8.860001,12.354599,-1.4707683,16.410511,True
2023-02-24 16:55:00,6.9099994,95,-14,5.059999,10.093138,-3.581381,14.609467,True,8.530003,12.784779,-1.1592697,16.821667,True
2023-02-24 17:00:00,7.44,95,-13,7.2599998,10.780294,-3.1771243,15.2984085,True,8.99,13.588032,-0.6768554,17.618168,True
2023-02-24 17:05:00,6.61,95,-13,6.36,10.129303,-3.66095,14.576881,True,9.34,13.106167,-1.0163902,17.057251,True
2023-02-24 17:10:00,6.9199996,95,-13,6.7100005,10.361101,-3.3044703,14.758602,True,9.35,13.267212,-0.7162402,17.179665,True
2023-02-24 17:15:00,6.61,95,-13,7.36,10.195051,-3.521229,14.542213,True,8.620001,13.228844,-0.83202964,17.080906,True
2023-02-24 17:20:00,5.979999,95,-13,7.5899997,9.758772,-3.9489195,14.107117,True,8.540001,12.972,-1.1105884,16.809471,True
2023-02-24 17:25:00,5.4899993,95,-14,6.8399997,9.2705345,-4.3518577,13.630379,True,9.17,12.503902,-1.4908642,16.347328,True
2023-02-24 17:30:00,5.61,95,-14,7.3000007,9.354254,-4.304665,13.710339,True,8.5,12.559837,-1.4732555,16.400707,True
2023-02-24 17:35:00,5.6,95,-13,8.51,9.312273,-4.425031,13.664001,True,9.02,12.495914,-1.6179165,16.330177,True
2023-02-24 17:40:00,5.969999,95,-12,8.32,9.848537,-3.855364,14.081532,True,9.610001,13.152489,-0.9648288,16.872032,True
2023-02-24 17:45:00,6.9099994,95,-11,8.66,10.815397,-2.9756377,14.992352,True,9.540001,14.109371,-0.11479409,17.787056,True
2023-02-24 17:50:00,5.1599994,95,-13,8.860001,9.186611,-4.2088027,13.41827,True,9.430002,12.640465,-1.1805042,16.352081,True
2023-02-24 17:55:00,5.059999,95,-13,8.530003,9.049654,-4.1876626,13.241116,True,10.59,12.4779625,-1.1739696,16.155666,True
2023-02-24 18:00:00,7.2599998,95,-11,8.99,10.977444,-2.5500433,15.036133,True,10.17,14.116638,0.18564384,17.701126,True
2023-02-24 18:05:00,6.36,95,-11,9.34,10.4159355,-3.0850184,14.506607,True,10.450001,13.856625,-0.097971275,17.447437,True
2023-02-24 18:10:00,6.7100005,95,-10,9.35,10.817776,-2.8175433,14.918446,True,10.360001,14.28775,0.17824905,17.889797,True
2023-02-24 18:15:00,7.36,95,-10,8.620001,11.4025135,-2.269974,15.462883,True,10.75,14.799393,0.6524064,18.375004,True
2023-02-24 18:20:00,7.5899997,95,-10,8.540001,11.478943,-2.0898287,15.5189705,True,11.07,14.749874,0.7323167,18.317944,True
2023-02-24 18:25:00,6.8399997,95,-10,9.17,10.53252,-2.646395,14.546333,True,11.140001,13.674934,0.09748046,17.222939,True
2023-02-24 18:30:00,7.3000007,95,-9,8.5,10.704859,-2.324755,14.627899,True,11.67,13.604942,0.22289245,17.087082,True
2023-02-24 18:35:00,8.51,95,-8,9.02,11.60758,-1.451836,15.433472,True,12.02,14.228275,0.86299485,17.642117,True
2023-02-24 18:40:00,8.32,95,-7,9.610001,11.273214,-1.6393341,15.047558,True,11.6,13.787502,0.6004521,17.154652,True
2023-02-24 18:45:00,8.66,95,-7,9.540001,11.547462,-1.3919777,15.291611,True,12.23,14.004082,0.79784745,17.349205,True
2023-02-24 18:50:00,8.860001,95,-6,9.430002,11.70616,-1.2508835,15.421436,True,12.299999,14.128624,0.90693635,17.450233,True
2023-02-24 18:55:00,8.530003,95,-6,10.59,11.240385,-1.5226539,14.978916,True,11.739998,13.567707,0.5686528,16.918541,True
2023-02-24 19:00:00,8.99,95,-6,10.17,11.538898,-1.3730415,15.280624,True,11.4,13.728691,0.606384,17.09319,True
2023-02-24 19:05:00,9.34,95,-5,10.450001,11.94129,-1.0842975,15.62817,True,11.6,14.166718,0.9111611,17.482113,True
2023-02-24 19:10:00,9.35,95,-5,10.360001,11.961296,-0.9993022,15.566711,True,11.450001,14.196339,1.0007435,17.43512,True
2023-02-24 19:15:00,8.620001,95,-5,10.75,11.274578,-1.4790767,14.8335,True,11.460001,13.566074,0.5731179,16.752354,True
2023-02-24 19:20:00,8.540001,95,-5,11.07,11.568115,-1.406485,15.105267,True,9.68,14.16494,0.86631554,17.312687,True
2023-02-24 19:25:00,9.17,95,-4,11.140001,12.186783,-0.9044879,15.590149,True,9.039999,14.757507,1.3319813,17.782108,True
2023-02-24 19:30:00,8.5,95,-5,11.67,11.720974,-1.3189377,15.099804,True,8.98,14.474922,1.0576168,17.46186,True
2023-02-24 19:35:00,9.02,95,-4,12.02,12.19367,-1.0080761,15.558777,True,8.970001,14.898384,1.3133217,17.878353,True
2023-02-24 19:40:00,9.610001,95,-4,11.6,12.657032,-0.93343955,16.095093,True,9.16,15.247604,1.2756745,18.3068,True
2023-02-24 19:45:00,9.540001,95,-3,12.23,12.593399,-1.2226948,16.112976,True,9.440001,15.197205,0.9850499,18.330494,True
2023-02-24 19:50:00,9.430002,95,-4,12.299999,12.469681,-1.3567051,15.9955635,True,8.98,15.067757,0.83636254,18.21067,True
2023-02-24 19:55:00,10.59,95,-3,11.739998,13.090443,-0.414183,16.502388,True,9.25,15.231705,1.434959,18.312222,True
2023-02-24 20:00:00,10.17,95,-3,11.4,12.402374,-0.8427394,16.031696,True,9.000002,14.343239,0.8643357,17.65279,True
2023-02-24 20:05:00,10.450001,95,-3,11.6,12.3526535,-0.8569644,16.240314,True,8.9,14.026768,0.65756005,17.61428,True
2023-02-24 20:10:00,10.360001,95,-3,11.450001,11.900637,-1.0589336,15.995838,True,8.83,13.285015,0.25150266,17.101551,True
2023-02-24 20:15:00,10.75,95,-2,11.460001,12.026426,-0.9539855,16.269238,True,8.52,13.191967,0.19790237,17.175987,True
2023-02-24 20:20:00,11.07,95,-2,9.68,12.138662,-0.8561843,16.516834,True,7.899999,13.132107,0.17116515,17.267902,True
2023-02-24 20:25:00,11.140001,95,-2,9.039999,12.1791725,-0.87128097,16.677795,True,7.399997,13.151054,0.13583533,17.411598,True
2023-02-24 20:30:00,11.67,95,-1,8.98,12.68174,-0.28805384,17.205414,True,7.43,13.627636,0.6919648,17.921417,True
2023-02-24 20:35:00,12.02,95,-1,8.970001,13.295799,-0.008568125,17.926628,True,7.309999,14.455818,1.1106659,18.84489,True
2023-02-24 20:40:00,11.6,95,-1,9.16,12.866726,-0.27821764,17.515892,True,7.2900004,14.029095,0.84017915,18.436787,True
2023-02-24 20:45:00,12.23,95,-1,9.440001,13.487328,0.14175002,18.160965,True,7.03,14.635361,1.2372853,19.0764,True
2023-02-24 20:50:00,12.299999,95,-1,8.98,13.586121,0.15872733,18.324013,True,6.78,14.758987,1.263887,19.265541,True
2023-02-24 20:55:00,11.739998,95,-2,9.25,13.112892,-0.2097648,18.011715,True,7.03,14.366676,0.94608086,19.027103,True
2023-02-24 21:00:00,11.4,95,-3,9.000002,12.649502,-0.5525058,17.72511,True,6.6599994,13.8109665,0.535587,18.655582,True
2023-02-24 21:05:00,11.6,95,-3,8.9,12.636154,-0.6417449,17.912941,True,6.479999,13.626209,0.32572904,18.687378,True
2023-02-24 21:10:00,11.450001,95,-3,8.83,12.507629,-0.58093864,17.740818,True,6.2499995,13.520027,0.39392248,18.538948,True
2023-02-24 21:15:00,11.460001,95,-3,8.52,12.388462,-0.27461657,17.401653,True,6.03,13.296577,0.61629456,18.111443,True
2023-02-24 21:20:00,9.68,95,-4,7.899999,10.776884,-1.2036289,15.766777,True,6.059999,11.843855,-0.20739968,16.62051,True
2023-02-24 21:25:00,9.039999,95,-5,7.399997,10.30113,-1.540461,15.3378105,True,6.2900004,11.514908,-0.44435915,16.326355,True
2023-02-24 21:30:00,8.98,95,-5,7.43,10.274733,-1.6190628,15.401329,True,6.4600005,11.518955,-0.50969726,16.420345,True
2023-02-24 21:35:00,8.970001,95,-6,7.309999,10.395775,-1.6357387,15.586208,True,6.389999,11.750845,-0.45661768,16.70977,True
2023-02-24 21:40:00,9.16,95,-6,7.2900004,10.621706,-1.4451526,15.796055,True,7.0899997,12.00498,-0.2582496,16.951252,True
2023-02-24 21:45:00,9.440001,95,-6,7.03,11.048445,-1.086285,16.187553,True,7.0799994,12.549702,0.17412727,17.456806,True
2023-02-24 21:50:00,8.98,95,-6,6.78,10.688284,-1.3445152,15.887192,True,6.7100005,12.280209,-0.023111658,17.23991,True
2023-02-24 21:55:00,9.25,95,-6,7.03,10.987967,-1.1302017,16.206524,True,6.6,12.600407,0.19626968,17.582005,True
2023-02-24 22:00:00,9.000002,95,-7,6.6599994,10.862875,-1.1826729,16.056805,True,6.569999,12.581856,0.21459167,17.532879,True
2023-02-24 22:05:00,8.9,95,-7,6.479999,10.67205,-1.2167972,15.772949,True,6.8700004,12.320343,0.122361824,17.188637,True
2023-02-24 22:10:00,8.83,95,-7,6.2499995,10.659195,-1.103495,15.607086,True,7.52,12.355137,0.26434293,17.072422,True
2023-02-24 22:15:00,8.52,95,-7,6.03,10.4356785,-1.1911033,15.276638,True,7.69,12.206747,0.22786109,16.814785,True
2023-02-24 22:20:00,7.899999,95,-8,6.059999,9.936205,-1.5254864,14.78175,True,7.5500007,11.815062,-0.028696375,16.42091,True
2023-02-24 22:25:00,7.399997,95,-9,6.2900004,9.580742,-1.760651,14.4076,True,7.5500007,11.5863,-0.17311509,16.166649,True
2023-02-24 22:30:00,7.43,95,-9,6.4600005,9.650045,-1.724173,14.480957,True,7.389999,11.688581,-0.121761635,16.27415,True
2023-02-24 22:35:00,7.309999,95,-10,6.389999,9.530821,-1.7999424,14.360462,True,6.9500003,11.57542,-0.2004474,16.162193,True
2023-02-24 22:40:00,7.2900004,95,-10,7.0899997,9.5581875,-1.7870449,14.342186,True,6.7900004,11.643845,-0.16470177,16.185852,True
2023-02-24 22:45:00,7.03,95,-10,7.0799994,9.353466,-1.8781971,14.089428,True,6.8399997,11.4893055,-0.21940835,15.983322,True
2023-02-24 22:50:00,6.78,95,-10,6.7100005,9.276854,-1.8067974,13.86636,True,6.979999,11.556601,-0.036714867,15.902592,True
2023-02-24 22:55:00,7.03,95,-10,6.6,9.541037,-1.4639744,13.9901085,True,7.219999,11.828327,0.30545393,16.046448,True
2023-02-24 23:00:00,6.6599994,95,-10,6.569999,9.433895,-1.5356315,13.815678,True,7.2799983,11.940838,0.40375105,16.082005,True
2023-02-24 23:05:00,6.479999,95,-11,6.8700004,9.396254,-1.5923046,13.745312,True,7.3399997,12.018965,0.43064466,16.125427,True
2023-02-24 23:10:00,6.2499995,95,-11,7.52,9.414587,-1.6320385,13.728096,True,7.3800006,12.241804,0.54446,16.30381,True
2023-02-24 23:15:00,6.03,95,-11,7.69,9.264128,-1.7004455,13.548367,True,7.6700015,12.153606,0.52256936,16.187962,True
2023-02-24 23:20:00,6.059999,95,-11,7.5500007,9.135328,-1.7684997,13.52232,True,7.1200004,11.89691,0.34373823,16.044563,True
2023-02-24 23:25:00,6.2900004,95,-10,7.5500007,9.332743,-1.6382602,13.809608,True,7.069999,12.0634575,0.43368307,16.306427,True
2023-02-24 23:30:00,6.4600005,95,-10,7.389999,9.509636,-1.494656,14.032627,True,7.0899997,12.241056,0.5660226,16.535881,True
2023-02-24 23:35:00,6.389999,95,-9,6.9500003,9.469288,-1.4677585,13.994907,True,7.27,12.224918,0.6100041,16.528603,True
2023-02-24 23:40:00,7.0899997,95,-9,6.7900004,9.8103485,-1.0014251,14.305458,True,7.2799983,12.266809,0.8309724,16.57153,True
2023-02-24 23:45:00,7.0799994,95,-9,6.8399997,9.390709,-1.1406044,13.994564,True,7.3299994,11.514618,0.43118635,15.954594,True
2023-02-24 23:50:00,6.7100005,95,-9,6.979999,8.915312,-1.5126003,13.700401,True,8.09,10.954147,-0.011883097,15.582123,True
2023-02-24 23:55:00,6.6,95,-9,7.219999,8.654217,-1.6920875,13.474888,True,8.85,10.57033,-0.2938064,15.246937,True
2023-02-25 00:00:00,6.569999,95,-9,7.2799983,8.500093,-1.7965149,13.376472,True,10.01,10.312973,-0.48700938,15.057884,True
2023-02-25 00:05:00,6.8700004,95,-9,7.3399997,8.716982,-1.610268,13.566971,True,10.91,10.460989,-0.36751398,15.192341,True
2023-02-25 00:10:00,7.52,95,-9,7.3800006,9.371288,-1.1017517,14.081528,True,12.07,11.114426,0.12649314,15.716782,True
2023-02-25 00:15:00,7.69,95,-9,7.6700015,9.620007,-0.8897479,14.146671,True,12.869999,11.429632,0.38298956,15.854767,True
2023-02-25 00:20:00,7.5500007,95,-9,7.1200004,9.583054,-0.844744,13.891693,True,12.510002,11.482098,0.49947706,15.694756,True
2023-02-25 00:25:00,7.5500007,95,-9,7.069999,9.7161255,-0.66325027,13.76693,True,12.299999,11.727415,0.7725503,15.689117,True
2023-02-25 00:30:00,7.389999,95,-9,7.0899997,9.704731,-0.6482356,13.55455,True,12.110001,11.844282,0.89071053,15.609501,True
2023-02-25 00:35:00,6.9500003,95,-9,7.27,9.45034,-0.8384288,13.091106,True,11.620003,11.747732,0.8374345,15.305927,True
2023-02-25 00:40:00,6.7900004,95,-9,7.2799983,9.449976,-0.83639556,12.919075,True,11.07,11.879314,0.95279473,15.271275,True
2023-02-25 00:45:00,6.8399997,95,-9,7.3299994,9.5196495,-0.76600677,12.897781,True,10.530001,11.961063,1.0359837,15.273163,True
2023-02-25 00:50:00,6.979999,95,-9,8.09,9.738659,-0.58203346,13.04554,True,10.26,12.239584,1.2690884,15.48996,True
2023-02-25 00:55:00,7.219999,95,-9,8.85,10.077763,-0.2582706,13.226143,True,10.18,12.656223,1.6608788,15.761139,True
2023-02-25 01:00:00,7.2799983,95,-9,10.01,10.164597,-0.1999553,13.21022,True,9.26,12.7636795,1.7367436,15.775242,True
2023-02-25 01:05:00,7.3399997,95,-10,10.91,10.220497,-0.16454537,13.26601,True,9.01,12.818356,1.7632557,15.838894,True
2023-02-25 01:10:00,7.3800006,95,-10,12.07,10.299437,-0.12872536,13.337868,True,8.6,12.929592,1.8209034,15.950623,True
2023-02-25 01:15:00,7.6700015,95,-10,12.869999,10.566067,0.09096877,13.587955,True,8.630001,13.17551,2.0145032,16.191898,True
2023-02-25 01:20:00,7.1200004,95,-10,12.510002,10.020573,-0.3406299,12.985249,True,8.370001,12.642769,1.6090161,15.608631,True
2023-02-25 01:25:00,7.069999,95,-10,12.299999,10.004238,-0.33261523,12.949673,True,8.310001,12.6538925,1.6443802,15.6106415,True
2023-02-25 01:30:00,7.0899997,95,-10,12.110001,10.040939,-0.3401893,13.043804,True,8.16,12.704266,1.6434456,15.726334,True
2023-02-25 01:35:00,7.27,95,-10,11.620003,10.238552,-0.22955354,13.32819,True,8.32,12.9144745,1.7526299,16.028847,True
2023-02-25 01:40:00,7.2799983,95,-10,11.07,10.29847,-0.27676234,13.488674,True,8.52,13.017731,1.7262226,16.235718,True
2023-02-25 01:45:00,7.3299994,95,-10,10.530001,10.324505,-0.28369936,13.634605,True,8.640001,13.027103,1.6942345,16.371365,True
2023-02-25 01:50:00,8.09,95,-9,10.26,11.007126,0.24128883,14.390556,True,8.540001,13.637653,2.132013,17.067608,True
2023-02-25 01:55:00,8.85,95,-10,10.18,11.715626,0.7804696,15.134529,True,8.700001,14.293449,2.6072385,17.77021,True
2023-02-25 02:00:00,10.01,95,-10,9.26,12.786499,1.6354996,16.230602,True,8.42,15.278202,3.3572557,18.798214,True
2023-02-25 02:05:00,10.91,95,-9,9.01,13.641853,2.2632902,17.096401,True,8.040001,16.088066,3.9182832,19.629982,True
2023-02-25 02:10:00,12.07,95,-9,8.6,14.706436,3.1013315,18.17601,True,7.85,17.061806,4.650396,20.636608,True
2023-02-25 02:15:00,12.869999,95,-9,8.630001,15.427555,3.6334932,18.92738,True,7.6200004,17.711533,5.100902,21.328735,True
2023-02-25 02:20:00,12.510002,95,-8,8.370001,15.1172905,3.3251665,18.664959,True,7.27,17.450268,4.827823,21.118275,True
2023-02-25 02:25:00,12.299999,95,-8,8.310001,14.918907,3.1280172,18.527222,True,7.3299994,17.268528,4.638725,21.003143,True
2023-02-25 02:30:00,12.110001,95,-8,8.16,14.735184,2.9484937,18.394722,True,7.18,17.09607,4.466266,20.886013,True
2023-02-25 02:35:00,11.620003,95,-8,8.32,14.344688,2.5879343,17.994625,True,7.0899997,16.79715,4.1801734,20.582191,True
2023-02-25 02:40:00,11.07,95,-7,8.52,13.899403,2.1639879,17.556175,True,7.069999,16.449856,3.8402536,20.241264,True
2023-02-25 02:45:00,10.530001,95,-7,8.640001,13.392422,1.7167565,17.039265,True,6.9600005,15.984249,3.4304407,19.76942,True
2023-02-25 02:50:00,10.26,95,-8,8.540001,13.114071,1.4528862,16.72181,True,6.69,15.710125,3.169752,19.463917,True
2023-02-25 02:55:00,10.18,95,-8,8.700001,13.007076,1.3342816,16.57898,True,6.7900004,15.590412,3.0374162,19.317142,True
2023-02-25 03:00:00,9.26,95,-8,8.42,12.08675,0.5792138,15.6682205,True,6.649999,14.6889,2.320171,18.430958,True
2023-02-25 03:05:00,9.01,95,-9,8.040001,11.864941,0.35999647,15.418488,True,6.2499995,14.498352,2.1305254,18.218643,True
2023-02-25 03:10:00,8.6,95,-9,7.85,11.464178,-0.01036294,15.038517,True,5.93,14.116116,1.7839638,17.861275,True
2023-02-25 03:15:00,8.630001,95,-10,7.6200004,11.502464,-0.036917046,15.116753,True,5.93,14.168964,1.7578579,17.963596,True
2023-02-25 03:20:00,8.370001,95,-10,7.27,11.287817,-0.29255518,14.9351425,True,5.7399993,13.998505,1.5358311,17.829807,True
2023-02-25 03:25:00,8.310001,95,-11,7.3299994,11.201311,-0.41277155,14.902561,True,5.4999995,13.897026,1.3946568,17.789448,True
2023-02-25 03:30:00,8.16,95,-11,7.18,11.119646,-0.5078071,14.781887,True,5.309999,13.879715,1.3556648,17.739017,True
2023-02-25 03:35:00,8.32,95,-11,7.0899997,11.305275,-0.43730578,14.946323,True,5.0400004,14.0928955,1.4346558,17.937653,True
2023-02-25 03:40:00,8.52,95,-11,7.069999,11.575432,-0.22767861,15.154125,True,4.269998,14.425201,1.6906029,18.216179,True
2023-02-25 03:45:00,8.640001,95,-11,6.9600005,11.728046,-0.2012542,15.258747,True,2.8700006,14.619282,1.7255303,18.37025,True
2023-02-25 03:50:00,8.540001,95,-11,6.69,11.677137,-0.4033359,15.200615,True,2.6200006,14.62608,1.5496804,18.367031,True
2023-02-25 03:55:00,8.700001,95,-11,6.7900004,11.838602,-0.3818744,15.389942,True,2.84,14.799545,1.5540081,18.57483,True
2023-02-25 04:00:00,8.42,95,-11,6.649999,11.606508,-0.618666,15.161343,True,3.0699995,14.619301,1.3687817,18.399254,True
2023-02-25 04:05:00,8.040001,95,-11,6.2499995,11.299892,-0.92206603,14.859108,True,2.9199998,14.3852005,1.1328007,18.17614,True
2023-02-25 04:10:00,7.85,95,-11,5.93,11.185368,-1.1391319,14.798244,True,2.4999998,14.346912,0.9690148,18.190815,True
2023-02-25 04:15:00,7.6200004,95,-11,5.93,11.066856,-1.3656143,14.726231,True,2.4799993,14.338821,0.82346886,18.227734,True
2023-02-25 04:20:00,7.27,95,-10,5.7399993,10.808182,-1.6820377,14.515987,True,2.3299997,14.173607,0.5828492,18.10987,True
2023-02-25 04:25:00,7.3299994,95,-10,5.4999995,10.959322,-1.6087784,14.664345,True,1.9700009,14.41021,0.7217156,18.347797,True
2023-02-25 04:30:00,7.18,95,-11,5.309999,10.913149,-1.8209594,14.690876,True,2.1000001,14.470436,0.57390946,18.478443,True
2023-02-25 04:35:00,7.0899997,95,-10,5.0400004,10.727797,-2.0362647,14.618717,True,2.1699998,14.215519,0.29274908,18.338627,True
2023-02-25 04:40:00,7.069999,95,-10,4.269998,10.648518,-2.1107962,14.582176,True,2.0000017,14.098869,0.1773278,18.274773,True
2023-02-25 04:45:00,6.9600005,95,-11,2.8700006,10.495821,-2.3196852,14.541046,True,1.639999,13.920887,-0.059950188,18.206787,True
2023-02-25 04:50:00,6.69,95,-11,2.6200006,10.188059,-2.6614916,14.34552,True,1.2299992,13.595898,-0.4272922,17.998817,True
2023-02-25 04:55:00,6.7900004,95,-10,2.84,10.261026,-2.7764456,14.57328,True,0.23999946,13.655041,-0.5846465,18.205475,True
2023-02-25 05:00:00,6.649999,95,-10,3.0699995,10.098089,-3.0453722,14.561893,True,-0.26000056,13.485058,-0.8822158,18.188782,True
2023-02-25 05:05:00,6.2499995,95,-10,2.9199998,9.646862,-3.2845957,14.1464,True,-0.15000184,12.990734,-1.1119064,17.74057,True
2023-02-25 05:10:00,5.93,95,-10,2.4999998,9.342375,-3.521828,13.852982,True,-0.46999964,12.711643,-1.3194736,17.48257,True
2023-02-25 05:15:00,5.93,95,-11,2.4799993,9.426119,-3.618666,13.988628,True,-1.4200004,12.881363,-1.3631366,17.693188,False
2023-02-25 05:20:00,5.7399993,95,-11,2.3299997,9.307425,-3.9188216,13.960117,True,-1.3300003,12.839268,-1.6203808,17.731518,True
2023-02-25 05:25:00,5.4999995,95,-11,1.9700009,9.231304,-4.172296,13.913048,True,0.5699994,12.925095,-1.7526497,17.83384,True
2023-02-25 05:30:00,5.309999,95,-11,2.1000001,9.141981,-4.3993154,13.912994,True,1.7599999,12.936462,-1.9022373,17.921627,True
2023-02-25 05:35:00,5.0400004,95,-10,2.1699998,8.900423,-4.755792,13.81562,True,3.4600008,12.729637,-2.2404082,17.852219,True
2023-02-25 05:40:00,4.269998,95,-11,2.0000017,8.096514,-5.6117234,13.203777,True,4.8000007,11.918251,-3.0997946,17.224571,True
2023-02-25 05:45:00,2.8700006,95,-10,1.639999,6.632776,-7.082004,11.995476,True,5.2100005,10.426634,-4.576919,15.9772415,True
2023-02-25 05:50:00,2.6200006,95,-9,1.2299992,6.3685603,-7.4857326,11.907049,True,4.5099998,10.156193,-4.993281,15.870594,True
2023-02-25 05:55:00,2.84,95,-9,0.23999946,6.632644,-7.3756013,12.257189,True,3.0300004,10.464653,-4.875797,16.26234,True
2023-02-25 06:00:00,3.0699995,95,-9,-0.26000056,6.9649024,-7.24871,12.663307,True,2.2900007,10.894022,-4.691027,16.749569,True
2023-02-25 06:05:00,2.9199998,95,-10,-0.15000184,6.7066283,-7.5677075,12.605083,True,1.6200005,10.542643,-5.091681,16.599232,True
2023-02-25 06:10:00,2.4999998,95,-10,-0.46999964,6.1989093,-8.176062,12.333454,True,0.9600007,9.960073,-5.7568946,16.24511,True
2023-02-25 06:15:00,2.4799993,95,-10,-1.4200004,6.113031,-8.393822,12.410561,True,0.6399991,9.818295,-6.0379977,16.26656,True
2023-02-25 06:20:00,2.3299997,95,-10,-1.3300003,5.9337344,-8.666175,12.380684,True,1.0400006,9.613438,-6.333527,16.206764,True
2023-02-25 06:25:00,1.9700009,95,-10,0.5699994,5.5428004,-9.08983,12.102058,True,1.9099995,9.204296,-6.758941,15.902283,True
2023-02-25 06:30:00,2.1000001,95,-11,1.7599999,5.6726985,-9.14176,12.37664,True,1.7299992,9.332756,-6.828198,16.167446,True
2023-02-25 06:35:00,2.1699998,95,-11,3.4600008,5.7708163,-9.362501,12.730251,True,1.7299992,9.451921,-7.0595727,16.526302,True
2023-02-25 06:40:00,2.0000017,95,-11,4.8000007,5.520204,-9.7297125,12.715443,True,1.35,9.1304035,-7.485842,16.43325,True
2023-02-25 06:45:00,1.639999,95,-11,5.2100005,4.9839053,-10.373706,12.511387,True,2.050001,8.431311,-8.26249,16.069351,True
2023-02-25 06:50:00,1.2299992,95,-10,4.5099998,4.5251765,-11.085022,12.356113,True,2.0599992,7.930982,-9.017771,15.861084,True
2023-02-25 06:55:00,0.23999946,95,-9,3.0300004,3.5481832,-12.094409,11.628399,True,1.9500004,6.9769454,-9.974349,15.142082,True
2023-02-25 07:00:00,-0.26000056,95,-8,2.2900007,3.200874,-12.814419,11.544498,True,2.4099996,6.78688,-10.594337,15.186573,True
2023-02-25 07:05:00,-0.15000184,95,-7,1.6200005,3.4427354,-12.791785,11.884127,True,3.0699995,7.1618133,-10.480416,15.637619,True
2023-02-25 07:10:00,-0.46999964,95,-6,0.9600007,3.0845468,-13.21715,11.610956,True,2.6200006,6.7696013,-10.931287,15.325554,True
2023-02-25 07:15:00,-1.4200004,95,-6,0.6399991,1.8506447,-14.2647,10.514202,True,2.7499998,5.2669234,-12.146611,13.978157,True
2023-02-25 07:20:00,-1.3300003,95,-5,1.0400006,1.6353489,-14.015802,10.133154,True,2.68,4.745313,-12.08614,13.331322,True
2023-02-25 07:25:00,0.5699994,95,-5,1.9099995,3.516178,-12.043452,11.692854,True,1.0200001,6.5948195,-10.150081,14.8680725,True
2023-02-25 07:30:00,1.7599999,95,-5,1.7299992,4.833076,-10.725061,12.811272,True,1.2700001,8.023243,-8.74882,16.090027,True
2023-02-25 07:35:00,3.4600008,95,-6,1.7299992,6.5850596,-8.98759,14.330429,True,1.9099995,9.804623,-7.0165906,17.635468,True
2023-02-25 07:40:00,4.8000007,95,-7,1.35,7.932401,-7.6485505,15.503857,True,1.1499993,11.150013,-5.7125306,18.805553,True
2023-02-25 07:45:00,5.2100005,95,-8,2.050001,8.474091,-8.044954,16.437397,True,0.8999993,11.7884865,-6.0969253,19.795486,True
2023-02-25 07:50:00,4.5099998,95,-10,2.0599992,7.7859244,-9.075995,16.034134,True,0.83999985,11.1201725,-7.1158824,19.388378,True
2023-02-25 07:55:00,3.0300004,95,-11,1.9500004,6.348493,-10.866653,14.938431,True,0.83999985,9.743994,-8.8553705,18.32267,True
2023-02-25 08:00:00,2.2900007,95,-11,2.4099996,5.6807685,-11.614428,14.361843,True,0.72999924,9.158161,-9.520185,17.80405,True
2023-02-25 08:05:00,1.6200005,95,-12,3.0699995,5.1087813,-11.758585,13.607975,True,0.95000046,8.700249,-9.521258,17.1619,True
2023-02-25 08:10:00,0.9600007,95,-11,2.6200006,4.523641,-11.88279,12.849274,True,1.7900006,8.200726,-9.510743,16.48957,True
2023-02-25 08:15:00,0.6399991,95,-11,2.7499998,4.4055,-11.76814,12.5557785,True,1.4700009,8.281805,-9.188807,16.382183,True
2023-02-25 08:20:00,1.0400006,95,-11,2.68,5.066215,-10.935248,12.963177,True,0.23999946,9.184967,-8.133604,17.0201,True
2023-02-25 08:25:00,1.9099995,95,-12,1.0200001,6.9178615,-9.503215,14.529026,True,-0.020000773,11.937912,-6.002683,19.411953,True
2023-02-25 08:30:00,1.7299992,95,-12,1.2700001,7.101091,-9.317944,14.832901,True,-0.26000056,12.47353,-5.5125585,20.0326,True
2023-02-25 08:35:00,1.7299992,95,-14,1.9099995,6.5064673,-9.455197,14.294254,True,-0.62000114,11.324961,-6.0393834,18.989635,True
2023-02-25 08:40:00,1.35,95,-14,1.1499993,5.5053325,-10.473036,13.677238,True,-1.3899997,9.731562,-7.5142684,17.801556,True
2023-02-25 08:45:00,2.050001,95,-15,0.8999993,5.9806476,-10.522191,14.515987,True,-4.65,9.961859,-7.8011327,18.387543,True
2023-02-25 08:50:00,2.0599992,95,-14,0.83999985,5.796222,-10.660772,14.461494,True,-6.4100003,9.581808,-8.070349,18.144447,True
2023-02-25 08:55:00,1.9500004,95,-14,0.83999985,5.495975,-10.934213,14.242348,True,-6.4100003,9.097973,-8.477515,17.746223,True
2023-02-25 09:00:00,2.4099996,95,-13,0.72999924,5.917423,-10.648192,14.649578,True,-7.03,9.4680805,-8.240301,18.093033,True
2023-02-25 09:05:00,3.0699995,95,-12,0.95000046,6.5975738,-9.859145,15.17017,True,-6.2100005,10.150341,-7.436314,18.61113,True
2023-02-25 09:10:00,2.6200006,95,-13,1.7900006,6.276172,-9.8692875,14.654346,True,-5.82,9.958281,-7.2920146,18.218506,True
2023-02-25 09:15:00,2.7499998,95,-13,1.4700009,6.5859504,-9.3022785,14.730789,True,-4.9100003,10.43284,-6.554749,18.451134,True
2023-02-25 09:20:00,2.68,95,-14,0.23999946,6.70482,-9.077995,14.714787,True,-3.9600003,10.72378,-6.1620793,18.590366,True
2023-02-25 09:25:00,1.0200001,95,-13,-0.020000773,5.0475535,-10.401984,13.088108,True,-2.3400004,9.105265,-7.364862,16.997627,True
2023-02-25 09:30:00,1.2700001,95,-12,-0.26000056,5.3738036,-10.076302,13.408104,True,0.24999969,9.4869,-6.9837146,17.361473,True
2023-02-25 09:35:00,1.9099995,95,-11,-0.62000114,6.1526446,-9.384015,14.183212,True,1.2299992,10.371475,-6.2131705,18.222515,True
2023-02-25 09:40:00,1.1499993,95,-13,-1.3899997,5.4340987,-10.018952,13.503719,True,2.1699998,9.700527,-6.765594,17.578648,True
2023-02-25 09:45:00,0.8999993,95,-14,-4.65,5.141067,-10.291449,13.240856,True,3.93,9.361525,-7.0555186,17.260014,True
2023-02-25 09:50:00,0.83999985,95,-14,-6.4100003,5.0740733,-10.362668,13.177113,True,4.44,9.281166,-7.12258,17.172901,True
2023-02-25 09:55:00,0.83999985,95,-13,-6.4100003,5.154798,-10.394531,13.237396,True,6.11,9.429319,-7.093599,17.279846,True
2023-02-25 10:00:00,0.72999924,95,-12,-7.03,5.1563506,-10.576242,13.2380905,True,7.229999,9.530306,-7.1942725,17.355267,True
2023-02-25 10:05:00,0.95000046,95,-13,-6.2100005,5.389663,-10.500457,13.484962,True,6.5099998,9.764162,-7.1306424,17.58276,True
2023-02-25 10:10:00,1.7900006,95,-12,-5.82,6.2287154,-9.917712,14.326862,True,7.479999,10.573017,-6.6130795,18.374386,True
2023-02-25 10:15:00,1.4700009,95,-12,-4.9100003,6.009521,-10.223603,14.103039,True,8.35,10.449835,-6.8297105,18.223858,True
2023-02-25 10:20:00,0.23999946,95,-13,-3.9600003,4.7213874,-11.337076,12.872883,True,9.970001,9.13718,-7.9035993,16.959316,True
2023-02-25 10:25:00,-0.020000773,95,-13,-2.3400004,4.4031043,-11.684412,12.611122,True,10.450001,8.764412,-8.283279,16.631409,True
2023-02-25 10:30:00,-0.26000056,95,-13,0.24999969,4.1755443,-11.947924,12.434826,True,12.27,8.546898,-8.518151,16.45095,True
2023-02-25 10:35:00,-0.62000114,95,-12,1.2299992,3.556566,-12.246216,11.873096,True,13.360001,7.6874766,-8.976962,15.660019,True
2023-02-25 10:40:00,-1.3899997,95,-12,2.1699998,2.6397474,-13.23472,11.13575,True,14.200001,6.6418605,-10.050038,14.78529,True
2023-02-25 10:45:00,-4.65,95,-11,3.93,-0.9536193,-16.476645,7.886373,True,15.760002,2.7847307,-13.397577,11.284832,False
2023-02-25 10:50:00,-6.4100003,95,-11,4.44,-2.980448,-18.320618,6.111673,True,15.990002,0.51545304,-15.386976,9.279081,False
2023-02-25 10:55:00,-6.4100003,95,-10,6.11,-3.249554,-18.456825,5.965034,False,16.850002,-0.031322792,-15.754704,8.865248,False
2023-02-25 11:00:00,-7.03,95,-9,7.229999,-4.095594,-18.952261,5.133714,False,16.98,-1.1022495,-16.40277,7.825952,False
2023-02-25 11:05:00,-6.2100005,95,-8,6.5099998,-3.3771765,-18.154442,5.842611,False,17.48,-0.50087386,-15.7128935,8.415731,False
2023-02-25 11:10:00,-5.82,95,-7,7.479999,-3.018448,-17.754475,6.1644816,False,18.370003,-0.18789132,-15.350304,8.684315,False
2023-02-25 11:15:00,-4.9100003,95,-6,8.35,-2.0557215,-16.866259,7.0644507,False,19.25,0.8108079,-14.444804,9.604637,False
2023-02-25 11:20:00,-3.9600003,95,-5,9.970001,-1.1073536,-16.053726,8.073925,False,19.810005,1.7373043,-13.670164,10.579277,False
2023-02-25 11:25:00,-2.3400004,95,-5,10.450001,0.5936753,-14.50525,9.6273155,False,19.440002,3.484411,-12.108208,12.161924,False
2023-02-25 11:30:00,0.24999969,95,-5,12.27,3.3486116,-12.13707,12.155903,False,19.880001,6.3457046,-9.711123,14.773289,False
2023-02-25 11:35:00,1.2299992,95,-5,13.360001,4.4837203,-11.0898905,13.042049,False,20.440002,7.600574,-8.577434,15.764748,False
2023-02-25 11:40:00,2.1699998,95,-6,14.200001,5.8702197,-9.968328,14.065132,False,20.32,9.373995,-7.158829,17.13881,False
2023-02-25 11:45:00,3.93,95,-5,15.760002,7.879209,-8.421276,15.789345,True,21.170002,11.554218,-5.5304265,19.012531,False
2023-02-25 11:50:00,4.44,95,-6,15.990002,8.598412,-7.875487,16.295372,True,20.45,12.439056,-4.8664727,19.665554,False
2023-02-25 11:55:00,6.11,95,-6,16.850002,10.476662,-6.2387023,17.924122,True,19.830002,14.434986,-3.1814158,21.406254,True
2023-02-25 12:00:00,7.229999,95,-7,16.98,11.555174,-5.11113,18.86399,True,18.150002,15.428661,-2.1390212,22.269093,True
2023-02-25 12:05:00,6.5099998,95,-7,17.48,10.917223,-5.424991,18.070477,True,17.46,14.879063,-2.335829,21.556358,True
2023-02-25 12:10:00,7.479999,95,-7,18.370003,11.834179,-4.5033946,18.846748,True,17.400002,15.701298,-1.5021518,22.248276,True
2023-02-25 12:15:00,8.35,95,-7,19.25,12.696499,-3.724151,19.696617,True,15.41,16.512493,-0.7769664,23.050014,True
2023-02-25 12:20:00,9.970001,95,-7,19.810005,14.314568,-2.406916,21.270184,True,14.220001,18.04512,0.4318749,24.547901,True
2023-02-25 12:25:00,10.450001,95,-7,19.440002,14.870441,-2.1480715,21.871155,True,14.580002,18.628593,0.692867,25.170666,True
2023-02-25 12:30:00,12.27,95,-7,19.880001,16.522942,-1.1437649,23.587116,True,13.740002,20.046299,1.458141,26.661312,True
2023-02-25 12:35:00,13.360001,95,-7,20.440002,17.532341,-0.7711356,24.632645,True,12.850002,20.923035,1.6983582,27.576553,True
2023-02-25 12:40:00,14.200001,95,-6,20.32,18.216282,-0.5201953,25.298923,True,11.300001,21.439384,1.8063179,28.078136,True
2023-02-25 12:45:00,15.760002,95,-5,21.170002,19.650307,0.18491332,26.725945,True,10.710001,22.690754,2.3396509,29.331226,True
2023-02-25 12:50:00,15.990002,95,-5,20.45,19.911938,-0.030487375,27.032234,True,10.310001,22.955307,2.1156156,29.629288,True
2023-02-25 12:55:00,16.850002,95,-4,19.830002,20.676846,0.24446265,27.801823,True,9.210001,23.595982,2.288143,30.278728,True
2023-02-25 13:00:00,16.98,95,-4,18.150002,20.626545,0.039868996,27.789116,True,8.179998,23.396515,1.9913441,30.115536,True
2023-02-25 13:05:00,17.48,95,-4,17.46,20.887821,-0.057102516,28.128727,True,8.190001,23.447918,1.7541786,30.25301,True
2023-02-25 13:10:00,18.370003,95,-4,17.400002,21.301945,0.35594907,28.59293,True,6.719999,23.458424,1.9142433,30.334312,True
2023-02-25 13:15:00,19.25,95,-4,15.41,21.593777,0.46684423,29.024323,True,5.229999,23.261436,1.7220265,30.302315,True
2023-02-25 13:20:00,19.810005,95,-5,14.220001,21.697777,0.2345082,29.333698,True,3.970001,22.987873,1.2664753,30.253258,True
2023-02-25 13:25:00,19.440002,95,-5,14.580002,21.036816,-0.5113357,28.858936,True,4.2599998,22.103931,0.40185514,29.563194,True
2023-02-25 13:30:00,19.880001,95,-4,13.740002,21.18235,-0.8756297,29.148273,True,3.6000001,21.99892,-0.1043895,29.616966,True
2023-02-25 13:35:00,20.440002,95,-3,12.850002,21.449806,-1.1048683,29.539597,True,1.8299996,22.016285,-0.47277293,29.77586,True
2023-02-25 13:40:00,20.32,95,-4,11.300001,21.050694,-1.5359672,29.250431,True,-0.41000018,21.390003,-1.0248779,29.275425,True
2023-02-25 13:45:00,21.170002,95,-4,10.710001,21.62856,-0.9622634,29.825466,True,-1.9099983,21.737244,-0.581364,29.639309,False
2023-02-25 13:50:00,20.45,95,-3,10.310001,20.86621,-1.8602012,29.191788,True,-5.19,20.944916,-1.4807342,28.97739,False
2023-02-25 13:55:00,19.830002,95,-2,9.210001,20.175655,-2.638655,28.60957,True,-7.9200006,20.2002,-2.2755568,28.345161,False
2023-02-25 14:00:00,18.150002,95,-4,8.179998,18.547794,-4.355246,27.173897,True,-12.74,18.627945,-3.937734,26.95885,False
2023-02-25 14:05:00,17.46,95,-4,8.190001,17.813606,-5.190849,26.541138,True,-17.76,17.858242,-4.7742686,26.290642,False
2023-02-25 14:10:00,17.400002,95,-4,6.719999,17.63079,-5.6214604,26.446423,True,-23.77,17.572334,-5.2560296,26.106918,False
2023-02-25 14:15:00,15.41,95,-5,5.229999,15.795479,-7.0768933,24.77118,True,-26.9,15.888695,-6.604015,24.565723,False
2023-02-25 14:20:00,14.220001,95,-6,3.970001,14.74712,-7.794904,23.776497,True,-29.97,14.979088,-7.22582,23.692684,False
2023-02-25 14:25:00,14.580002,95,-7,4.2599998,15.10627,-7.780988,24.062595,True,-29.97,15.33308,-7.2068543,23.975063,False
2023-02-25 14:30:00,13.740002,95,-7,3.6000001,14.197468,-8.84601,23.296589,True,-29.15,14.370724,-8.289251,23.163193,False
2023-02-25 14:35:00,12.850002,95,-7,1.8299996,13.098309,-9.908288,22.444687,True,-28.73,13.090733,-9.440644,22.152325,False
2023-02-25 14:40:00,11.300001,95,-8,-0.41000018,11.51053,-11.568173,21.230919,True,-27.82,11.481831,-11.092108,20.92398,False
2023-02-25 14:45:00,10.710001,95,-9,-1.9099983,10.7930565,-12.427068,20.822124,True,-26.4,10.654617,-11.999586,20.424118,False
2023-02-25 14:50:00,10.310001,95,-9,-5.19,10.115322,-12.378749,20.232376,True,-24.75,9.728706,-12.101166,19.622028,False
2023-02-25 14:55:00,9.210001,95,-10,-7.9200006,8.610031,-12.860072,18.821583,True,-22.23,7.8521247,-12.812972,17.88758,False
2023-02-25 15:00:00,8.179998,95,-10,-12.74,7.3722777,-13.853084,17.822483,True,-20.71,6.424537,-13.9191265,16.727406,False
2023-02-25 15:05:00,8.190001,95,-11,-17.76,6.996576,-14.01377,17.52459,False,-20.02,5.689113,-14.303075,16.123062,False
2023-02-25 15:10:00,6.719999,95,-12,-23.77,5.286306,-15.279006,16.124405,False,-18.28,3.7529962,-15.712549,14.530281,False
2023-02-25 15:15:00,5.229999,95,-12,-26.9,3.595661,-16.46883,14.734119,False,-19.99,1.8721272,-17.026308,12.974121,False
2023-02-25 15:20:00,3.970001,95,-13,-29.97,2.0734136,-17.462252,13.485664,False,-20.93,0.104297325,-18.190657,11.514399,False
2023-02-25 15:25:00,4.2599998,95,-14,-29.97,2.3453805,-17.077244,13.690559,False,-24.07,0.36524168,-17.810871,11.709394,False
2023-02-25 15:30:00,3.6000001,95,-15,-29.15,1.8284851,-17.26645,13.1853485,False,-24.49,-0.0073226257,-17.920359,11.325682,False
2023-02-25 15:35:00,1.8299996,95,-15,-28.73,0.0706269,-18.171082,11.531776,False,-24.31,-1.7456192,-18.84938,9.683174,False
2023-02-25 15:40:00,-0.41000018,95,-17,-27.82,-2.218506,-20.57232,9.593,False,-26.55,-4.085139,-21.27976,7.7185607,False
2023-02-25 15:45:00,-1.9099983,95,-17,-26.4,-3.6719801,-21.88967,8.412935,False,-28.62,-5.4877687,-22.567013,6.5853896,False
2023-02-25 15:50:00,-5.19,95,-17,-24.75,-7.0502343,-24.798021,5.6589217,True,-28.79,-8.946426,-25.557713,3.76568,False
2023-02-25 15:55:00,-7.9200006,95,-17,-22.23,-9.979838,-27.231651,3.3168237,True,-30.04,-12.049413,-28.14127,1.27515,False
2023-02-25 16:00:00,-12.74,95,-16,-20.71,-15.099804,-31.344952,-0.8361133,True,-32.14,-17.4162,-32.5138,-3.0956442,True
2023-02-25 16:05:00,-17.76,95,-16,-20.02,-20.486214,-35.961506,-5.048576,True,-33.05,-23.096457,-37.43372,-7.5623145,True
2023-02-25 16:10:00,-23.77,95,-17,-18.28,-26.82281,-41.31952,-10.083009,True,-33.92,-29.653639,-43.08274,-12.787956,True
2023-02-25 16:15:00,-26.9,95,-17,-19.99,-30.063864,-44.23163,-12.407827,True,-33.99,-32.944736,-46.09528,-15.147223,True
2023-02-25 16:20:00,-29.97,95,-18,-20.93,-33.067287,-46.61899,-14.870559,True,-34.07,-35.834373,-48.456818,-17.51616,True
2023-02-25 16:25:00,-29.97,95,-19,-24.07,-33.06233,-46.912926,-14.409545,True,-36.13,-35.824894,-48.720516,-17.04176,True
2023-02-25 16:30:00,-29.15,95,-19,-24.49,-32.645756,-47.57091,-13.223484,True,-35.67,-35.774063,-49.57804,-16.133852,True
2023-02-25 16:35:00,-28.73,95,-19,-24.31,-32.648685,-48.479244,-12.437206,True,-34.37,-36.15149,-50.709965,-15.631616,True
2023-02-25 16:40:00,-27.82,95,-20,-26.55,-32.173668,-48.82832,-11.245488,True,-34.61,-36.06843,-51.282127,-14.744087,True
2023-02-25 16:45:00,-26.4,95,-20,-28.62,-31.243292,-49.395607,-9.317192,True,-37.98,-35.582317,-52.03887,-13.149247,True
2023-02-25 16:50:00,-24.75,95,-21,-28.79,-30.195368,-49.703186,-7.51395,True,-41.15,-35.07206,-52.58521,-11.755742,True
2023-02-25 16:55:00,-22.23,95,-21,-30.04,-28.663116,-49.065144,-5.6669955,True,-45.5,-34.420612,-52.401543,-10.617287,True
2023-02-25 17:00:00,-20.71,95,-22,-32.14,-28.165726,-49.335796,-4.642936,True,-45.590004,-34.80021,-53.118538,-10.297769,True
2023-02-25 17:05:00,-20.02,95,-22,-33.05,-28.401371,-49.618458,-4.459273,True,-45.33,-35.788155,-53.820747,-10.733963,True
2023-02-25 17:10:00,-18.28,95,-22,-33.92,-27.619972,-49.362194,-3.3603156,True,-46.38,-35.800625,-53.906933,-10.2911625,True
2023-02-25 17:15:00,-19.99,95,-23,-33.99,-30.065954,-51.64921,-4.690759,True,-51.11,-38.703514,-56.505726,-11.987123,True
2023-02-25 17:20:00,-20.93,95,-23,-34.07,-31.401129,-51.782112,-5.7534423,True,-53.8,-40.21378,-56.83653,-13.233781,True
2023-02-25 17:25:00,-24.07,95,-23,-36.13,-34.610264,-53.794353,-8.1620865,True,-54.55,-43.297585,-58.994297,-15.536223,True
2023-02-25 17:30:00,-24.49,95,-26,-35.67,-35.344658,-54.77599,-8.214768,True,-54.56,-44.24122,-60.122993,-15.737655,True
2023-02-25 17:35:00,-24.31,95,-26,-34.37,-35.43681,-55.112778,-8.007906,True,-53.27,-44.532597,-60.558537,-15.683937,True
2023-02-25 17:40:00,-26.55,95,-25,-34.61,-37.66842,-56.996044,-9.591239,True,-52.86,-46.66094,-62.51473,-17.144114,True
2023-02-25 17:45:00,-28.62,95,-25,-37.98,-39.593563,-58.23817,-11.132606,True,-52.72,-48.38112,-63.775032,-18.495934,True
2023-02-25 17:50:00,-28.79,95,-25,-41.15,-39.769466,-58.13799,-11.33123,True,-47.8,-48.538143,-63.686382,-18.68475,True
2023-02-25 17:55:00,-30.04,95,-25,-45.5,-40.715637,-58.147816,-12.45972,True,-44.24,-49.183533,-63.61421,-19.580715,True
2023-02-25 18:00:00,-32.14,95,-26,-45.590004,-42.430325,-58.985825,-14.127311,True,-42.56,-50.510857,-64.33215,-20.92175,True
2023-02-25 18:05:00,-33.05,95,-27,-45.33,-43.08332,-59.40148,-14.721843,True,-40.52,-50.919666,-64.61805,-21.307766,True
2023-02-25 18:10:00,-33.92,95,-28,-46.38,-43.665276,-59.53211,-15.280859,True,-37.1,-51.21751,-64.60628,-21.63479,True
2023-02-25 18:15:00,-33.99,95,-28,-51.11,-43.77433,-59.934704,-15.088063,True,-34.92,-51.313084,-64.961624,-21.41878,True
2023-02-25 18:20:00,-34.07,95,-29,-53.8,-43.90997,-60.18644,-14.974695,True,-33.3,-51.428665,-65.17143,-21.280336,True
2023-02-25 18:25:00,-36.13,95,-30,-54.55,-45.70885,-61.70997,-16.210516,True,-30.32,-52.93462,-66.57849,-22.24056,True
2023-02-25 18:30:00,-35.67,95,-30,-54.56,-45.413235,-61.785767,-15.623174,True,-28.91,-52.718426,-66.65239,-21.709593,True
2023-02-25 18:35:00,-34.37,95,-30,-53.27,-44.263943,-61.02613,-14.569535,True,-28.73,-51.638866,-65.826294,-20.73036,True
2023-02-25 18:40:00,-34.61,95,-31,-52.86,-44.427532,-61.094826,-14.640401,True,-34.18,-51.671013,-65.791626,-20.694632,True
2023-02-25 18:45:00,-37.98,95,-32,-52.72,-47.116734,-63.554478,-16.532804,True,-34.79,-53.7354,-67.945854,-22.014694,True
2023-02-25 18:50:00,-41.15,95,-33,-47.8,-49.55363,-65.32041,-18.477001,True,-33.29,-55.527687,-69.37588,-23.39768,True
2023-02-25 18:55:00,-45.5,95,-35,-44.24,-52.818012,-67.77161,-21.10079,True,-30.24,-57.92579,-71.350975,-25.27453,True
2023-02-25 19:00:00,-45.590004,95,-35,-42.56,-52.705585,-67.83864,-20.761204,True,-27.03,-57.627193,-71.263626,-24.779922,True
2023-02-25 19:05:00,-45.33,95,-34,-40.52,-52.140232,-67.57442,-19.973616,True,-24.82,-56.792015,-70.75539,-23.77493,True
2023-02-25 19:10:00,-46.38,95,-35,-37.1,-52.27114,-67.305305,-20.19682,True,-23.33,-56.23504,-69.98147,-23.448914,False
2023-02-25 19:15:00,-51.11,95,-35,-34.92,-55.087532,-69.36647,-22.570602,True,-21.29,-57.656445,-71.02635,-24.68363,False
2023-02-25 19:20:00,-53.8,95,-35,-33.3,-56.29915,-70.02608,-23.696012,True,-19.86,-57.805706,-70.8261,-24.964869,False
2023-02-25 19:25:00,-54.55,95,-33,-30.32,-55.920654,-69.76966,-23.171024,True,-19.42,-56.641556,-69.89608,-23.818138,False
2023-02-25 19:30:00,-54.56,95,-33,-28.91,-55.120052,-69.08115,-22.299356,True,-19.4,-55.28648,-68.72586,-22.504635,False
2023-02-25 19:35:00,-53.27,95,-32,-28.73,-53.511295,-68.07132,-20.721935,True,-18.78,-53.465485,-67.53245,-20.755466,False
2023-02-25 19:40:00,-52.86,95,-32,-34.18,-52.587673,-67.65761,-19.84195,True,-18.67,-52.205673,-66.83569,-19.603945,False
2023-02-25 19:45:00,-52.72,95,-30,-34.79,-51.655865,-67.144684,-19.081839,True,-17.72,-50.758842,-65.89091,-18.429882,False
2023-02-25 19:50:00,-47.8,95,-30,-33.29,-47.113182,-63.66037,-15.232432,True,-16.57,-46.4557,-62.62811,-14.756068,True
2023-02-25 19:55:00,-44.24,95,-30,-30.24,-43.33761,-61.159992,-11.9154825,True,-13.13,-42.523968,-60.009712,-11.30102,True
2023-02-25 20:00:00,-42.56,95,-31,-27.03,-40.79546,-59.091965,-10.0409775,True,-13.52,-39.38307,-57.488094,-8.926093,True
2023-02-25 20:05:00,-40.52,95,-31,-24.82,-37.727627,-56.543816,-7.6953053,True,-12.96,-35.56222,-54.375187,-5.9504676,True
2023-02-25 20:10:00,-37.1,95,-31,-23.33,-33.95739,-53.673386,-4.358909,True,-13.31,-31.477453,-51.309456,-2.348673,True
2023-02-25 20:15:00,-34.92,95,-31,-21.29,-31.453854,-51.588825,-2.1483862,True,1.85,-28.684803,-49.041023,0.09697501,False
2023-02-25 20:20:00,-33.3,95,-31,-19.86,-29.650675,-50.27968,-0.3620952,True,-3.029999,-26.704668,-47.640507,2.021011,True
2023-02-25 20:25:00,-30.32,95,-31,-19.42,-27.04627,-48.596577,2.311073,True,-8.53,-24.346725,-46.202957,4.488239,True
2023-02-25 20:30:00,-28.91,95,-31,-19.4,-25.493465,-48.167423,4.469135,True,-10.01,-22.667358,-45.739113,6.742702,True
2023-02-25 20:35:00,-28.73,95,-30,-18.78,-25.195734,-48.558876,5.533323,True,-5.8400006,-22.284197,-46.110184,7.874477,True
2023-02-25 20:40:00,-34.18,95,-30,-18.67,-30.088366,-52.398853,1.8872353,True,-5.2400002,-26.84241,-49.661465,4.5117335,True
2023-02-25 20:45:00,-34.79,95,-32,-17.72,-31.240965,-53.26499,1.2134186,True,-3.24,-28.429184,-50.851444,3.4968698,True
2023-02-25 20:50:00,-33.29,95,-33,-16.57,-29.586382,-53.282463,3.678785,True,-4.02,-26.638865,-50.842888,6.0649257,True
2023-02-25 20:55:00,-30.24,95,-32,-13.13,-27.886736,-52.252567,5.4076,True,-12.16,-25.928518,-50.540493,7.0011516,True
2023-02-25 21:00:00,-27.03,95,-31,-13.52,-25.120543,-51.603447,8.777843,True,-12.97,-23.474922,-50.15121,10.124855,True
2023-02-25 21:05:00,-24.82,95,-29,-12.96,-24.28096,-50.998764,9.539278,True,-10.92,-23.619827,-50.126434,10.069979,True
2023-02-25 21:10:00,-23.33,95,-29,-13.31,-23.076834,-50.430256,10.818359,True,-10.36,-22.611942,-49.6691,11.175951,True
2023-02-25 21:15:00,-21.29,95,-29,1.85,-17.401733,-50.004856,17.788692,True,-9.54,-14.219517,-47.841846,20.333744,True
2023-02-25 21:20:00,-19.86,95,-29,-3.029999,-13.238488,-46.14349,20.715523,True,-9.64,-7.8892083,-42.819138,24.87437,True
2023-02-25 21:25:00,-19.42,95,-29,-8.53,-9.717656,-43.08186,23.35664,True,-17.99,-1.9036945,-38.309845,29.20102,True
2023-02-25 21:30:00,-19.4,95,-30,-10.01,-7.4163527,-40.708996,24.75682,True,-18.07,2.2129877,-34.778164,31.733143,True
2023-02-25 21:35:00,-18.78,95,-30,-5.8400006,-5.3020473,-38.48251,25.883614,True,-16.42,5.472608,-31.806438,33.50985,True
2023-02-25 21:40:00,-18.67,95,-31,-5.2400002,-4.188968,-36.958538,26.326714,True,-15.56,7.345695,-29.744978,34.36894,True
2023-02-25 21:45:00,-17.72,95,-31,-3.24,-2.948828,-36.056763,27.358799,True,-13.01,8.758892,-28.803612,35.432648,True
2023-02-25 21:50:00,-16.57,95,-31,-4.02,-2.6709101,-36.04445,27.844624,True,-4.98,8.373638,-29.31338,35.47841,True
2023-02-25 21:55:00,-13.13,95,-29,-12.16,-1.7552379,-35.74574,28.844818,True,0.15999953,7.3077884,-30.43794,35.2141,True
2023-02-25 22:00:00,-13.52,95,-30,-12.97,-3.744714,-38.610348,28.624382,True,-3.2600005,4.1528773,-34.085922,34.26021,True
2023-02-25 22:05:00,-12.96,95,-28,-10.92,-5.8234506,-41.10976,27.920826,True,-4.47,0.019530935,-37.83649,32.211136,True
2023-02-25 22:10:00,-13.31,95,-29,-10.36,-8.19682,-43.358444,26.765537,True,-5.02,-3.9481213,-40.978962,29.956158,True
2023-02-25 22:15:00,1.85,95,-16,-9.54,2.7194173,-38.738663,35.519753,True,-2.199999,3.6762674,-37.95782,36.162422,True
2023-02-25 22:20:00,-3.029999,95,-14,-9.64,-2.0259974,-40.863018,31.934925,True,8.470001,-0.95980674,-40.07019,32.677612,True
2023-02-25 22:25:00,-8.53,95,-16,-17.99,-9.885949,-42.467133,24.011097,True,3.9799993,-10.599269,-42.471714,23.345284,True
2023-02-25 22:30:00,-10.01,95,-22,-18.07,-13.823596,-43.362934,20.03646,True,2.6200006,-16.307623,-44.16154,17.843132,True
2023-02-25 22:35:00,-5.8400006,95,-21,-16.42,-12.269669,-42.392452,21.179146,True,-4.9100003,-16.56941,-43.81494,17.372917,True
2023-02-25 22:40:00,-5.2400002,95,-21,-15.56,-12.90058,-43.176258,20.706028,True,-4.19,-18.00234,-44.852303,16.139053,True
2023-02-25 22:45:00,-3.24,95,-19,-13.01,-11.197743,-42.427753,21.995998,True,-4.72,-16.531925,-44.13158,17.223759,True
2023-02-25 22:50:00,-4.02,95,-19,-4.98,-10.583449,-41.90367,22.34718,True,-2.82,-14.9856615,-43.329964,18.409744,True
2023-02-25 22:55:00,-12.16,95,-22,0.15999953,-17.48318,-44.673027,15.440941,True,3.140001,-20.959648,-45.994423,12.28614,True
2023-02-25 23:00:00,-12.97,95,-26,-3.2600005,-18.68431,-45.563553,14.052944,True,6.9199996,-22.376287,-46.961742,10.663395,True
2023-02-25 23:05:00,-10.92,95,-27,-4.47,-18.749487,-45.148743,13.0938835,True,7.03,-23.78845,-46.991135,8.432426,True
2023-02-25 23:10:00,-10.36,95,-29,-5.02,-18.899876,-45.731144,13.084049,True,8.810001,-24.291723,-47.58233,8.02396,False
2023-02-25 23:15:00,-9.54,95,-30,-2.199999,-16.653433,-45.147602,15.409958,True,7.3000007,-21.140146,-46.57795,11.163891,True
2023-02-25 23:20:00,-9.64,95,-30,8.470001,-13.990994,-41.69351,16.550167,True,6.5099998,-16.739124,-42.646152,13.937626,True
2023-02-25 23:25:00,-17.99,95,-34,3.9799993,-18.114586,-41.053364,11.286573,True,5.899999,-17.998055,-41.035645,11.288208,True
2023-02-25 23:30:00,-18.07,95,-39,2.6200006,-16.975895,-38.27431,10.688793,True,4.36,-16.0156,-37.857285,11.446835,True
2023-02-25 23:35:00,-16.42,95,-39,-4.9100003,-15.4690695,-35.220398,10.307377,True,4.399999,-14.603933,-34.853558,10.977524,True
2023-02-25 23:40:00,-15.56,95,-40,-4.19,-14.319504,-32.43883,9.692854,True,4.5899997,-13.241272,-31.94289,10.550114,True
2023-02-25 23:45:00,-13.01,95,-38,-4.72,-12.229507,-29.982285,10.622816,True,4.6,-11.481368,-29.68864,11.185547,True
2023-02-25 23:50:00,-4.98,95,-31,-2.82,-4.997927,-25.279768,16.717037,True,0.52000016,-4.8313556,-25.33044,16.766586,True
2023-02-25 23:55:00,0.15999953,95,-25,3.140001,-1.7564033,-23.302813,19.331734,True,-3.6800005,-3.056206,-24.083393,18.119843,True
2023-02-26 00:00:00,-3.2600005,95,-30,6.9199996,-4.776728,-24.468576,16.575901,True,-4.78,-5.7915435,-25.178226,15.606953,True
2023-02-26 00:05:00,-4.47,95,-32,7.03,-4.8137317,-24.269142,16.602032,True,6.2399993,-4.926393,-24.53865,16.412262,True
2023-02-26 00:10:00,-5.02,95,-34,8.810001,-4.170197,-23.416922,16.936882,True,7.85,-3.348509,-23.19523,17.544884,True
2023-02-26 00:15:00,-2.199999,95,-32,7.3000007,-0.86475784,-21.184341,19.503918,True,2.8299997,0.35869756,-20.775928,20.445354,True
2023-02-26 00:20:00,8.470001,95,-23,6.5099998,8.763121,-16.1223,27.54036,True,-2.32,9.18881,-16.172138,27.815632,True
2023-02-26 00:25:00,3.9799993,95,-22,5.899999,5.560207,-17.397121,24.526943,True,1.2100006,6.9917674,-16.96091,25.640316,True
2023-02-26 00:30:00,2.6200006,95,-23,4.36,3.7167985,-18.232391,22.668972,True,1.35,4.763622,-18.005566,23.467499,True
2023-02-26 00:35:00,-4.9100003,95,-24,4.399999,-3.0009692,-22.058205,16.81417,True,2.1200006,-1.3060459,-21.445644,18.164967,True
2023-02-26 00:40:00,-4.19,95,-26,4.5899997,-2.6435282,-21.966284,17.017944,True,0.42999998,-1.2444233,-21.558916,18.124157,True
2023-02-26 00:45:00,-4.72,95,-25,4.6,-3.2061865,-22.744284,16.596226,True,-2.7500002,-1.8373569,-22.386726,17.680481,True
2023-02-26 00:50:00,-2.82,95,-25,0.52000016,-1.6997322,-22.213322,17.719418,True,-2.1299994,-0.6518157,-22.071524,18.535957,True
2023-02-26 00:55:00,3.140001,95,-21,-3.6800005,3.3894002,-18.834805,21.398804,True,-3.8300002,3.7354562,-19.088009,21.63211,True
2023-02-26 01:00:00,6.9199996,95,-19,-4.78,6.3648467,-16.884441,23.289585,True,1.2000004,6.0664954,-17.471573,22.9898,True
2023-02-26 01:05:00,7.03,95,-19,6.2399993,5.497709,-16.586422,21.659115,True,2.1100004,4.369861,-17.601055,20.664402,True
2023-02-26 01:10:00,8.810001,95,-18,7.85,6.775348,-15.132871,22.030167,True,2.6699998,5.2232013,-16.363878,20.683998,True
2023-02-26 01:15:00,7.3000007,95,-17,2.8299997,8.586672,-13.000631,23.139732,True,2.1599996,9.794676,-12.839668,24.148556,True
2023-02-26 01:20:00,6.5099998,95,-19,-2.32,9.826487,-10.998002,23.100525,True,2.220001,12.679806,-9.873356,25.524849,True
2023-02-26 01:25:00,5.899999,95,-20,1.2100006,10.518499,-9.644568,22.61974,True,2.5699995,14.41901,-7.823711,25.957466,True
2023-02-26 01:30:00,4.36,95,-19,1.35,9.835421,-9.7117605,21.426792,True,3.8800008,14.454258,-7.3774276,25.387032,True
2023-02-26 01:35:00,4.399999,95,-18,2.1200006,10.549526,-8.823254,21.307888,True,3.3199995,15.689201,-6.103104,25.745262,True
2023-02-26 01:40:00,4.5899997,95,-17,0.42999998,10.957159,-7.9814477,20.895515,True,7.729999,16.246548,-5.0711627,25.502628,True
2023-02-26 01:45:00,4.6,95,-17,-2.7500002,9.289436,-8.232998,18.865528,True,9.49,13.31778,-6.0566173,22.405209,True
2023-02-26 01:50:00,0.52000016,95,-18,-2.1299994,5.3825793,-10.70203,15.224842,True,10.780001,9.667284,-8.208079,18.979614,True
2023-02-26 01:55:00,-3.6800005,95,-21,-3.8300002,0.67925423,-13.786167,10.94298,True,7.389999,4.5895305,-11.378766,14.385399,True
2023-02-26 02:00:00,-4.78,95,-25,1.2000004,-1.3656391,-15.074379,9.271595,True,7.1699996,1.7162853,-13.24933,12.012461,True
2023-02-26 02:05:00,6.2399993,95,-17,2.1100004,8.48012,-7.9815516,18.235214,True,7.44,10.49099,-7.180325,20.074047,True
2023-02-26 02:10:00,7.85,95,-11,2.6699998,9.632887,-7.3835855,19.486866,True,6.6699996,11.251875,-6.8842254,20.991886,True
2023-02-26 02:15:00,2.8299997,95,-9,2.1599996,4.0137973,-11.27139,14.656647,True,11.33,5.1189246,-11.067767,15.713173,True
2023-02-26 02:20:00,-2.32,95,-14,2.220001,-1.3092369,-15.074262,10.033463,True,6.9099994,-0.38715205,-14.958843,10.936642,True
2023-02-26 02:25:00,1.2100006,95,-15,2.5699995,2.1178567,-12.500028,13.055477,True,8.130001,2.965822,-12.475989,13.905571,True
2023-02-26 02:30:00,1.35,95,-14,3.8800008,2.0172727,-12.581949,12.948589,True,9.68,2.648546,-12.71926,13.620075,True
2023-02-26 02:35:00,2.1200006,95,-13,3.3199995,2.552492,-12.206005,13.396904,True,7.5400004,2.975351,-12.494214,13.8960495,True
2023-02-26 02:40:00,0.42999998,95,-13,7.729999,1.7658917,-12.819383,12.546139,True,8.4,3.0052774,-12.539907,13.76482,True
2023-02-26 02:45:00,-2.7500002,95,-15,9.49,1.2940041,-13.3982725,11.681704,True,9.310001,4.974523,-11.272161,15.0347595,True
2023-02-26 02:50:00,-2.1299994,95,-20,10.780001,4.0933967,-11.728664,13.745422,True,9.02,9.656315,-8.210104,18.74852,True
2023-02-26 02:55:00,-3.8300002,95,-23,7.389999,4.542833,-12.072358,13.944675,True,8.370001,11.942017,-7.0904593,20.537308,True
2023-02-26 03:00:00,1.2000004,95,-22,7.1699996,10.675644,-7.918267,19.291943,True,8.4,18.572731,-2.9187262,26.421543,True
2023-02-26 03:05:00,2.1100004,95,-21,7.44,12.34016,-7.0553794,20.707409,True,7.559999,20.647026,-1.8309482,28.252289,True
2023-02-26 03:10:00,2.6699998,95,-20,6.6699996,13.210205,-6.52593,21.35566,True,7.1,21.646618,-1.2435802,29.06628,True
2023-02-26 03:15:00,2.1599996,95,-19,11.33,12.285748,-6.9334865,20.31047,True,7.8800006,20.498177,-1.7052368,27.82235,True
2023-02-26 03:20:00,2.220001,95,-20,6.9099994,12.047453,-6.848143,19.967907,True,6.28,20.047634,-1.7130398,27.30497,True
2023-02-26 03:25:00,2.5699995,95,-20,8.130001,11.328861,-6.8281894,19.189392,True,7.0500007,18.566002,-2.172602,25.85725,True
2023-02-26 03:30:00,3.8800008,95,-19,9.68,11.401049,-6.4917006,19.412155,True,5.990001,17.68105,-2.5880587,25.21357,True
2023-02-26 03:35:00,3.3199995,95,-18,7.5400004,10.354914,-7.0935054,18.66043,True,5.7499995,16.310608,-3.388119,24.16148,True
2023-02-26 03:40:00,7.729999,95,-15,8.4,13.6034355,-4.392819,21.81361,True,7.0099998,18.472492,-1.6467155,26.402828,True
2023-02-26 03:45:00,9.49,95,-11,9.310001,14.966133,-3.3038905,23.221798,True,7.94,19.461823,-0.87532264,27.503304,True
2023-02-26 03:50:00,10.780001,95,-7,9.02,15.697533,-2.6372721,24.071789,True,7.43,19.734993,-0.5514186,27.95668,True
2023-02-26 03:55:00,7.389999,95,-5,8.370001,12.696545,-4.6741004,21.41203,True,5.5400004,17.165539,-2.1479037,25.66513,True
2023-02-26 04:00:00,7.1699996,95,-6,8.4,12.462948,-4.8473344,21.379326,True,5.5099998,16.932426,-2.3002875,25.635574,True
2023-02-26 04:05:00,7.44,95,-8,7.559999,12.605598,-4.769465,21.604671,True,5.2900004,16.981194,-2.310528,25.785934,True
2023-02-26 04:10:00,6.6699996,95,-8,7.1,11.74752,-5.32606,20.835049,True,5.93,16.097473,-2.8358805,24.994736,True
2023-02-26 04:15:00,11.33,95,-7,7.8800006,15.676216,-2.38295,24.516285,True,5.4899993,19.310856,-0.5636485,28.08319,True
2023-02-26 04:20:00,6.9099994,95,-7,6.28,11.657974,-5.264852,20.716679,True,6.719999,15.774136,-2.9485896,24.694557,True
2023-02-26 04:25:00,8.130001,95,-8,7.0500007,12.691639,-4.511047,21.658962,True,7.219999,16.640205,-2.359854,25.500622,True
2023-02-26 04:30:00,9.68,95,-8,5.990001,13.827347,-3.661795,22.662582,True,5.1300006,17.421864,-1.8204597,26.20678,True
2023-02-26 04:35:00,7.5400004,95,-8,5.7499995,12.12952,-4.954928,20.877033,True,4.729999,16.153652,-2.7157824,24.804237,True
2023-02-26 04:40:00,8.4,95,-8,7.0099998,13.145386,-4.155235,21.624992,True,4.5099998,17.275734,-1.8569282,25.674824,True
2023-02-26 04:45:00,9.310001,95,-6,7.94,14.374672,-3.3811953,22.64684,True,5.2599998,18.734146,-0.9481128,26.91821,True
2023-02-26 04:50:00,9.02,95,-5,7.43,14.400642,-3.3471186,22.483837,True,6.0699973,19.014534,-0.70365363,27.015568,True
2023-02-26 04:55:00,8.370001,95,-7,5.5400004,14.001228,-3.5681918,22.027191,True,5.3800006,18.830383,-0.7003215,26.767097,True
2023-02-26 05:00:00,8.4,95,-9,5.5099998,14.607765,-3.2336752,22.494312,True,6.059999,19.843498,-0.07008012,27.624348,True
2023-02-26 05:05:00,7.559999,95,-9,5.2900004,14.65118,-3.6681883,22.66576,True,6.4899993,20.587322,-0.008400278,28.397354,True
2023-02-26 05:10:00,7.1,95,-9,5.93,14.458939,-3.5189383,22.34539,True,6.7900004,20.589409,0.4350964,28.306725,True
2023-02-26 05:15:00,7.8800006,95,-8,5.4899993,14.840878,-2.7449,22.374065,True,7.0099998,20.602283,1.0339543,28.06829,True
2023-02-26 05:20:00,6.28,95,-6,6.719999,13.326645,-3.9288247,20.948475,True,7.77,19.278904,0.06756942,26.785915,True
2023-02-26 05:25:00,7.0500007,95,-8,7.219999,13.710449,-3.4829142,21.3232,True,6.5500007,19.356998,0.2404515,26.894505,True
2023-02-26 05:30:00,5.990001,95,-6,5.1300006,12.25885,-4.564325,20.058105,True,3.8500001,17.717293,-0.94886047,25.42868,True
2023-02-26 05:35:00,5.7499995,95,-5,4.729999,11.532196,-5.031965,19.462288,True,9.84,16.662174,-1.669165,24.522484,True
2023-02-26 05:40:00,7.0099998,95,-5,4.5099998,12.025143,-4.6608586,20.115074,True,10.9,16.552818,-1.8725914,24.616592,True
2023-02-26 05:45:00,7.94,95,-7,5.2599998,12.339748,-4.401872,20.486229,True,11.380001,16.37582,-2.0493224,24.540688,True
2023-02-26 05:50:00,7.43,95,-8,6.0699973,11.600277,-4.868033,19.713253,True,6.2499995,15.488319,-2.5963767,23.632744,True
2023-02-26 05:55:00,5.5400004,95,-9,5.3800006,9.479803,-6.319947,17.594181,True,9.640001,13.247215,-4.0447297,21.413548,True
2023-02-26 06:00:00,5.5099998,95,-7,6.059999,9.897476,-5.944488,17.66407,True,9.18,14.066471,-3.3286555,21.855442,True
2023-02-26 06:05:00,5.2900004,95,-6,6.4899993,9.945816,-5.8311353,17.368786,True,7.53,14.382095,-2.9737628,21.815525,True
2023-02-26 06:10:00,5.93,95,-6,6.7900004,11.249838,-4.736693,18.139412,True,7.78,16.227177,-1.4266781,23.108524,True
2023-02-26 06:15:00,5.4899993,95,-4,7.0099998,10.565332,-5.294475,17.199162,True,7.059999,15.409538,-2.0717432,22.04913,True
2023-02-26 06:20:00,6.719999,95,-2,7.77,12.063366,-4.087115,18.362862,True,6.149999,17.096424,-0.77791244,23.412865,True
2023-02-26 06:25:00,7.219999,95,-3,6.5500007,13.069866,-3.574324,19.315617,True,5.5500007,18.516579,-0.001633005,24.735664,True
2023-02-26 06:30:00,5.1300006,95,-5,3.8500001,11.447454,-5.221313,17.836498,True,4.3000007,17.411484,-1.1621002,23.703117,True
2023-02-26 06:35:00,4.729999,95,-6,9.84,11.341019,-5.6756396,17.91003,True,-1.4100002,17.592587,-1.4145511,24.014656,True
2023-02-26 06:40:00,4.5099998,95,-5,10.9,10.895067,-5.959705,17.542301,True,-1.57,16.988056,-1.760342,23.510204,True
2023-02-26 06:45:00,5.2599998,95,-3,11.380001,11.427525,-5.3423457,17.928295,True,-2.7899992,17.295525,-1.2963012,23.727585,False
2023-02-26 06:50:00,6.0699973,95,-1,6.2499995,12.310326,-4.1652017,18.59531,True,-3.4699996,18.140736,-0.10070832,24.426056,False
2023-02-26 06:55:00,5.3800006,95,-1,9.640001,11.855436,-4.6917615,18.291733,True,-6.8700004,17.90157,-0.4266208,24.306614,False
2023-02-26 07:00:00,6.059999,95,1,9.18,13.234177,-3.9931347,19.707382,True,-11.99,19.749165,0.56134003,26.165825,False
2023-02-26 07:05:00,6.4899993,95,1,7.53,13.733849,-3.8910563,20.267616,True,-14.58,20.267727,0.6421563,26.73199,False
2023-02-26 07:10:00,6.7900004,95,2,7.78,14.782864,-4.277207,21.889214,True,-9.89,21.785622,0.450668,28.735538,False
2023-02-26 07:15:00,7.0099998,95,3,7.059999,16.260372,-4.374886,23.803848,True,-8.56,24.001442,0.73072976,31.320354,False
2023-02-26 07:20:00,7.77,95,4,6.149999,16.592766,-4.4857745,24.514011,True,-12.639999,23.97504,0.2390515,31.642365,False
2023-02-26 07:25:00,6.5500007,95,5,5.5500007,15.633453,-5.8926234,24.039886,True,-11.5,23.281319,-0.9785846,31.338127,False
2023-02-26 07:30:00,3.8500001,95,8,4.3000007,13.126778,-8.079581,22.030186,True,-9.8,21.150002,-2.718487,29.584103,False
2023-02-26 07:35:00,9.84,95,8,-1.4100002,18.684143,-4.541454,27.709915,True,-10.74,25.768303,-0.3626102,34.485477,False
2023-02-26 07:40:00,10.9,95,8,-1.57,19.148033,-4.5197587,28.525894,True,-11.4,25.741997,-0.7547839,34.819798,False
2023-02-26 07:45:00,11.380001,95,6,-2.7899992,17.91056,-5.832235,27.95034,True,-13.42,23.352463,-2.85298,33.097656,False
2023-02-26 07:50:00,6.2499995,95,4,-3.4699996,12.112038,-12.26661,24.01765,True,-16.7,17.399849,-9.323701,28.83511,False
2023-02-26 07:55:00,9.640001,95,2,-6.8700004,13.961479,-12.427191,26.644627,True,-18.26,17.811783,-10.596153,30.184155,False
2023-02-26 08:00:00,9.18,95,2,-11.99,12.603565,-13.988627,26.118137,True,-16.64,15.717129,-12.612627,28.998238,False
2023-02-26 08:05:00,7.53,95,0,-14.58,8.652025,-18.829626,23.921188,True,-15.51,9.684595,-18.769552,25.019035,True
2023-02-26 08:10:00,7.78,95,-1,-9.89,7.029783,-21.225056,23.268665,True,-14.389999,6.222816,-22.24804,22.815998,True
2023-02-26 08:15:00,7.059999,95,-1,-8.56,6.2274756,-22.645603,23.306503,True,-14.51,5.3297324,-23.711086,22.773651,True
2023-02-26 08:20:00,6.149999,95,-1,-12.639999,5.562286,-21.332338,22.218456,True,-13.28,4.907165,-22.24438,21.885574,True
2023-02-26 08:25:00,5.5500007,95,-2,-11.5,4.507047,-20.643291,20.876816,True,-12.05,3.3912008,-21.811209,20.144169,True
2023-02-26 08:30:00,4.3000007,95,-5,-9.8,2.8881109,-21.164396,19.439137,True,-10.53,1.3929859,-22.559559,18.374878,True
2023-02-26 08:35:00,-1.4100002,95,-9,-10.74,-2.4703715,-24.513954,14.772068,True,-9.19,-3.6085894,-25.697464,14.017723,True
2023-02-26 08:40:00,-1.57,95,-6,-11.4,-1.8229164,-23.728928,15.131729,True,-9.17,-2.131924,-24.33437,15.0868,True
2023-02-26 08:45:00,-2.7899992,95,-8,-13.42,-1.9524616,-23.06811,14.434303,True,-7.64,-1.1465191,-22.863945,15.356506,True
2023-02-26 08:50:00,-3.4699996,95,-11,-16.7,-1.7216419,-22.214579,13.973465,True,-2.949999,0.0065914826,-21.29388,15.698547,True
2023-02-26 08:55:00,-6.8700004,95,-17,-18.26,-6.868895,-26.199924,9.319752,True,-4.3700004,-6.907785,-26.536903,9.503872,True
2023-02-26 09:00:00,-11.99,95,-15,-16.64,-13.20011,-31.545143,3.9203146,True,-2.7299998,-14.430517,-32.759174,3.0427969,True
2023-02-26 09:05:00,-14.58,95,-10,-15.51,-16.523417,-34.032932,0.94387597,True,-3.4400008,-18.431599,-35.75786,-0.5572036,True
2023-02-26 09:10:00,-9.89,95,-10,-14.389999,-11.868385,-29.923183,4.8953776,True,0.23999946,-13.84056,-31.641912,3.3225534,True
2023-02-26 09:15:00,-8.56,95,-14,-14.51,-10.315272,-28.447308,5.835445,True,0.7099988,-12.072533,-29.98884,4.444589,True
2023-02-26 09:20:00,-12.639999,95,-16,-13.28,-13.882016,-30.88587,2.0348108,True,1.3800007,-15.105103,-32.04659,1.1186196,False
2023-02-26 09:25:00,-11.5,95,-12,-12.05,-12.000373,-28.936972,3.0146787,True,1.3800007,-12.508881,-29.525698,2.7334135,True
2023-02-26 09:30:00,-9.8,95,-12,-10.53,-9.175002,-26.170206,4.6976657,True,0.22000091,-8.57692,-25.869429,5.4040637,True
2023-02-26 09:35:00,-10.74,95,-13,-9.19,-8.922949,-25.598137,3.8789499,True,0.49999967,-7.127272,-24.276855,5.666654,True
2023-02-26 09:40:00,-11.4,95,-16,-9.17,-8.5653305,-24.944376,3.1344182,True,1.6599995,-5.733641,-22.690208,5.8621078,True
2023-02-26 09:45:00,-13.42,95,-29,-7.64,-9.734776,-25.634232,1.1160866,True,1.8999993,-6.0272346,-22.496098,4.654123,True
2023-02-26 09:50:00,-16.7,95,-31,-2.949999,-12.514626,-28.656677,-2.0892947,True,2.4199998,-8.2615185,-24.913715,1.9390312,False
2023-02-26 09:55:00,-18.26,95,-30,-4.3700004,-13.992057,-30.74279,-3.166468,True,3.8800008,-9.59782,-26.873594,0.94413537,False
2023-02-26 10:00:00,-16.64,95,-29,-2.7299998,-12.580517,-29.674442,-1.6599544,True,4.3000007,-8.364372,-26.049639,2.248943,False
2023-02-26 10:05:00,-15.51,95,-28,-3.4400008,-11.2888975,-28.94294,-0.23107179,True,8.6,-6.8818107,-25.229052,3.8037908,False
2023-02-26 10:10:00,-14.389999,95,-28,0.23999946,-10.257055,-27.828514,0.672815,True,8.99,-5.9354796,-24.228096,4.6125064,False
2023-02-26 10:15:00,-14.51,95,-27,0.7099988,-10.210134,-27.408756,0.56238145,False,10.700001,-5.718924,-23.610697,4.6551185,False
2023-02-26 10:20:00,-13.28,95,-26,1.3800007,-8.649569,-25.610418,1.8292176,True,11.24,-3.838588,-21.520752,6.20437,False
2023-02-26 10:25:00,-12.05,95,-26,1.3800007,-7.032519,-24.041924,3.3110864,True,10.85,-1.8594784,-19.653831,7.996343,False
2023-02-26 10:30:00,-10.53,95,-26,0.22000091,-5.7103066,-22.632605,4.724035,True,7.2100005,-0.7743724,-18.4753,9.184174,True
2023-02-26 10:35:00,-9.19,95,-26,0.49999967,-4.092255,-21.164156,6.4332232,True,6.6200004,1.0540634,-16.831419,11.069714,True
2023-02-26 10:40:00,-9.17,95,-27,1.6599995,-4.268927,-21.252306,6.4405723,True,8.08,0.6521203,-17.070219,10.8721695,True
2023-02-26 10:45:00,-7.64,95,-27,1.8999993,-2.714306,-19.929352,7.9730983,True,9.060001,2.1803224,-15.820528,12.363686,True
2023-02-26 10:50:00,-2.949999,95,-26,2.4199998,2.0347536,-15.72393,12.259304,True,10.1,6.8693843,-11.837321,16.580574,True
2023-02-26 10:55:00,-4.3700004,95,-24,3.8800008,0.44501653,-16.924688,10.5423565,True,12.299999,5.1532626,-13.058581,14.752483,True
2023-02-26 11:00:00,-2.7299998,95,-24,4.3000007,1.7106453,-15.359992,11.319847,True,12.52,6.0297084,-11.834681,15.185719,True
2023-02-26 11:05:00,-3.4400008,95,-25,8.6,0.6678769,-15.813339,9.989744,True,12.75,4.6822715,-12.475303,13.590061,True
2023-02-26 11:10:00,0.23999946,95,-25,8.99,4.6264453,-12.176834,13.442165,True,12.470001,8.815184,-8.801702,17.196728,True
2023-02-26 11:15:00,0.7099988,95,-26,10.700001,5.3241763,-11.455224,13.836079,True,13.119999,9.696468,-7.9189487,17.75983,True
2023-02-26 11:20:00,1.3800007,95,-28,11.24,5.638284,-11.038743,14.037174,True,12.140001,9.673889,-7.7896047,17.641926,True
2023-02-26 11:25:00,1.3800007,95,-28,10.85,5.2319083,-11.134336,13.674576,True,12.689999,8.901091,-8.167194,16.933842,True
2023-02-26 11:30:00,0.22000091,95,-27,7.2100005,3.8346784,-12.095882,12.427822,True,17.470001,7.309551,-9.232926,15.501053,False
2023-02-26 11:35:00,0.49999967,95,-27,6.6200004,4.1254935,-11.787523,12.774075,True,20.209995,7.6000094,-8.926612,15.837288,False
2023-02-26 11:40:00,1.6599995,95,-27,8.08,5.3882194,-10.616534,13.89777,True,18.79,8.922417,-7.726334,17.010906,False
2023-02-26 11:45:00,1.8999993,95,-26,9.060001,5.786054,-10.388786,14.261974,True,20.57,9.45105,-7.3993583,17.485085,False
2023-02-26 11:50:00,2.4199998,95,-25,10.1,6.4849143,-9.944754,14.906872,True,24.91,10.286808,-6.8576484,18.245926,False
2023-02-26 11:55:00,3.8800008,95,-25,12.299999,7.7747874,-9.020105,16.202953,True,25.580002,11.374723,-6.143927,19.34245,False
2023-02-26 12:00:00,4.3000007,95,-25,12.52,7.959743,-8.8663435,16.388424,True,25.43,11.329945,-6.1730638,19.309376,False
2023-02-26 12:05:00,8.6,95,-25,12.75,11.806562,-5.6077857,20.020435,True,21.91,14.648045,-3.4227622,22.449783,True
2023-02-26 12:10:00,8.99,95,-25,12.470001,11.993826,-5.168307,20.070793,True,21.420002,14.642685,-3.1150286,22.320175,True
2023-02-26 12:15:00,10.700001,95,-24,13.119999,13.321831,-3.8589451,21.283955,True,20.18,15.585018,-2.1101744,23.173828,True
2023-02-26 12:20:00,11.24,95,-24,12.140001,13.763756,-3.3720133,21.69265,True,14.25,15.922787,-1.6978267,23.481224,True
2023-02-26 12:25:00,10.85,95,-24,12.689999,13.650166,-3.346266,21.43126,True,12.43,16.052525,-1.474461,23.447617,True
2023-02-26 12:30:00,7.2100005,95,-26,17.470001,10.71368,-5.605065,18.386555,True,11.269999,13.823578,-3.0914671,21.063328,True
2023-02-26 12:35:00,6.6200004,95,-26,20.209995,9.927357,-6.001123,17.404163,False,7.979999,12.878647,-3.573704,19.9315,True
2023-02-26 12:40:00,8.08,95,-25,18.79,11.907242,-4.4855714,19.109127,True,6.649999,15.254944,-1.789349,22.012665,True
2023-02-26 12:45:00,9.060001,95,-25,20.57,13.894562,-3.5260031,20.970417,True,5.069999,18.02715,-0.29887232,24.607403,True
2023-02-26 12:50:00,10.1,95,-24,24.91,15.470032,-2.8472235,22.523342,False,5.520002,19.964401,0.56941766,26.494541,True
2023-02-26 12:55:00,12.299999,95,-25,25.580002,18.211853,-1.3739113,25.327335,False,7.0899997,22.959625,2.0847642,29.547459,True
2023-02-26 13:00:00,12.52,95,-25,25.43,19.005154,-1.3803753,26.216206,True,7.2100005,24.115116,2.2825334,30.77364,True
2023-02-26 13:05:00,12.75,95,-25,21.91,19.590942,-1.55382,26.90419,True,8.49,24.908,2.1975439,31.642422,True
2023-02-26 13:10:00,12.470001,95,-25,21.420002,19.580746,-1.8636268,26.957699,True,10.99,25.083656,2.0104291,31.858635,True
2023-02-26 13:15:00,13.119999,95,-25,20.18,20.07705,-1.7052845,27.549164,True,8.790001,25.406803,2.0156934,32.284958,True
2023-02-26 13:20:00,12.140001,95,-26,14.25,18.806225,-2.3311179,26.33902,True,7.0099998,24.006908,1.3935505,30.932678,True
2023-02-26 13:25:00,12.689999,95,-23,12.43,17.854237,-2.3221457,25.523197,True,6.319999,21.957493,0.69781464,29.07357,True
2023-02-26 13:30:00,17.470001,95,-18,11.269999,20.973896,0.32861295,28.914604,True,5.69,23.61055,2.2657316,31.113243,True
2023-02-26 13:35:00,20.209995,95,-18,7.979999,21.820816,1.2166363,30.185955,True,3.9500005,22.91948,2.1703546,30.93383,True
2023-02-26 13:40:00,18.79,95,-18,6.649999,19.303051,-0.7814563,28.422398,True,3.0400007,19.526165,-0.33793673,28.347351,True
2023-02-26 13:45:00,20.57,95,-15,5.069999,19.640656,-1.6553348,29.560322,True,3.3600004,18.60141,-1.9368824,28.332493,True
2023-02-26 13:50:00,24.91,95,-14,5.520002,22.534458,-1.9043258,33.2475,True,4.569999,20.26646,-2.7864134,30.922573,True
2023-02-26 13:55:00,25.580002,95,-13,7.0899997,22.810795,-2.356169,33.88991,True,5.889999,20.217953,-3.3769133,31.2826,True
2023-02-26 14:00:00,25.43,95,-12,7.2100005,22.994423,-0.93686515,33.628002,True,6.309999,20.71936,-1.8211902,31.284924,True
2023-02-26 14:05:00,21.91,95,-12,8.49,20.466602,-1.4467853,30.508553,True,5.3299994,19.024364,-1.9247535,28.917519,True
2023-02-26 14:10:00,21.420002,95,-13,10.99,20.742603,-0.22993691,29.940212,True,5.02,19.958164,-0.345095,28.93631,True
2023-02-26 14:15:00,20.18,95,-13,8.790001,20.274662,0.66368836,28.698933,True,3.0699995,20.145523,0.92778367,28.28867,True
2023-02-26 14:20:00,14.25,95,-15,7.0099998,15.7644615,-1.588179,23.57727,True,3.1000001,16.905579,-0.47231326,24.34821,True
2023-02-26 14:25:00,12.43,95,-17,6.319999,15.028629,-1.5283493,22.048428,True,4.139999,17.103046,0.27212492,23.703453,True
2023-02-26 14:30:00,11.269999,95,-17,5.69,14.672466,-1.5679172,21.191525,True,5.4999995,17.422565,0.75139207,23.490929,True
2023-02-26 14:35:00,7.979999,95,-19,3.9500005,11.888283,-3.8901846,18.430168,True,6.53,15.152195,-1.1075233,21.190552,True
2023-02-26 14:40:00,6.649999,95,-21,3.0400007,10.832819,-4.575234,17.034477,True,7.7000003,14.341312,-1.5438942,20.029327,True
2023-02-26 14:45:00,5.069999,95,-22,3.3600004,9.072399,-5.9195695,15.374653,True,7.7000003,12.48378,-2.9155123,18.268307,True
2023-02-26 14:50:00,5.520002,95,-22,4.569999,9.285353,-5.6287,15.689758,True,7.6700015,12.490749,-2.7943423,18.385029,True
2023-02-26 14:55:00,7.0899997,95,-21,5.889999,10.746571,-4.4112296,17.189716,True,8.450001,13.816277,-1.7152141,19.75547,True
2023-02-26 15:00:00,7.2100005,95,-21,6.309999,11.23509,-4.047483,17.592392,True,8.290001,14.600258,-1.1241802,20.434288,True
2023-02-26 15:05:00,8.49,95,-21,5.3299994,12.439709,-2.8950942,18.60986,True,8.050001,15.717407,-0.07361825,21.370739,True
2023-02-26 15:10:00,10.99,95,-20,5.02,14.700401,-1.0676979,20.7798,True,8.6,17.703487,1.4765831,23.289394,True
2023-02-26 15:15:00,8.790001,95,-21,3.0699995,13.049343,-2.2083895,18.699268,True,9.15,16.557884,0.79058236,21.686497,True
2023-02-26 15:20:00,7.0099998,95,-21,3.1000001,11.366474,-3.4950545,16.915596,True,9.57,15.023979,-0.3174232,20.031937,True
2023-02-26 15:25:00,6.319999,95,-20,4.139999,11.001337,-3.8913796,16.516018,True,9.060001,14.94138,-0.472607,19.89256,True
2023-02-26 15:30:00,5.69,95,-20,5.4999995,10.6691,-4.329844,16.011238,True,9.83,14.86248,-0.6892379,19.617622,True
2023-02-26 15:35:00,3.9500005,95,-20,6.53,10.654451,-5.2891364,16.162292,True,9.939999,16.248993,-0.5358775,21.046425,True
2023-02-26 15:40:00,3.0400007,95,-20,7.7000003,10.220829,-6.094089,16.12526,True,9.8600025,16.255924,-1.024918,21.362469,True
2023-02-26 15:45:00,3.3600004,95,-19,7.7000003,10.623018,-5.755257,16.298626,True,7.2900004,16.706455,-0.6822608,21.577164,True
2023-02-26 15:50:00,4.569999,95,-19,7.6700015,11.634785,-4.8777137,17.14318,True,6.4500003,17.490788,-0.046745613,22.219635,True
2023-02-26 15:55:00,5.889999,95,-17,8.450001,12.761955,-4.098944,18.185661,True,7.61,18.388939,0.46116987,23.055214,True
2023-02-26 16:00:00,6.309999,95,-16,8.290001,12.719086,-4.2494655,17.901646,True,9.58,17.98079,-0.011051493,22.417042,True
2023-02-26 16:05:00,5.3299994,95,-15,8.050001,11.214155,-5.1290116,16.419815,True,13.130001,16.138271,-1.0734886,20.617733,True
2023-02-26 16:10:00,5.02,95,-15,8.6,10.153292,-5.461081,15.372372,True,11.75,14.500046,-1.7867798,19.047337,True
2023-02-26 16:15:00,3.0699995,95,-16,9.15,7.767923,-6.758039,12.763756,True,7.1699996,11.816463,-3.2154715,16.18335,True
2023-02-26 16:20:00,3.1000001,95,-15,9.57,7.289491,-7.1715484,12.570988,True,6.569999,10.933971,-3.9670203,15.598022,True
2023-02-26 16:25:00,4.139999,95,-14,9.060001,8.056465,-6.270926,13.055176,True,7.3800006,11.437098,-3.2872698,15.854008,True
2023-02-26 16:30:00,5.4999995,95,-13,9.83,8.985603,-5.2138505,13.916946,True,8.130001,11.966852,-2.5634997,16.359833,True
2023-02-26 16:35:00,6.53,95,-12,9.939999,9.657539,-4.6010165,14.637093,True,9.68,12.309818,-2.2290537,16.777832,True
2023-02-26 16:40:00,7.7000003,95,-10,9.8600025,10.616428,-3.7706902,15.51844,True,10.6,13.057423,-1.5841717,17.470192,True
2023-02-26 16:45:00,7.7000003,95,-10,7.2900004,10.721817,-3.9431117,15.51186,True,11.610001,13.245773,-1.7141689,17.5369,True
2023-02-26 16:50:00,7.6700015,95,-9,6.4500003,10.870789,-4.5704618,15.47126,True,9.93,13.542526,-2.2706187,17.622654,True
2023-02-26 16:55:00,8.450001,95,-9,7.61,12.204378,-3.812463,16.711636,True,9.039999,15.288395,-1.2491211,19.251442,True
2023-02-26 17:00:00,8.290001,95,-8,9.58,12.676128,-3.7092211,17.259514,True,9.75,16.267773,-0.7988551,20.265663,True
2023-02-26 17:05:00,8.050001,95,-9,13.130001,13.08065,-3.5521452,17.84087,True,13.110001,17.18637,-0.2853988,21.31717,True
2023-02-26 17:10:00,8.6,95,-8,11.75,14.159058,-2.838072,18.834568,True,13.619999,18.62753,0.6479451,22.660587,True
2023-02-26 17:15:00,9.15,95,-8,7.1699996,14.670856,-2.2186682,19.20792,True,12.880001,19.077091,1.2165695,22.994267,True
2023-02-26 17:20:00,9.57,95,-8,6.569999,15.158966,-1.7163891,19.551304,True,13.98,19.582539,1.7239605,23.369583,True
2023-02-26 17:25:00,9.060001,95,-8,7.3800006,14.201084,-2.114279,18.560467,True,43.31,18.328419,1.1613384,22.095657,False
2023-02-26 17:30:00,9.83,95,-6,8.130001,14.125931,-1.7997135,18.461441,True,36.52,17.594105,1.01181,21.39336,False
2023-02-26 17:35:00,9.939999,95,-6,9.68,13.47633,-2.1960719,17.946186,True,31.59,16.368492,0.22317283,20.335693,False
2023-02-26 17:40:00,9.8600025,95,-6,10.6,13.511948,-2.3780558,18.190384,True,30.850002,16.504234,0.11007278,20.667282,False
2023-02-26 17:45:00,7.2900004,95,-7,11.610001,11.527643,-4.014383,16.22765,True,34.829998,15.081726,-1.0760978,19.19757,False
2023-02-26 17:50:00,6.4500003,95,-9,9.93,10.793118,-4.547134,15.47715,True,40.08,14.47176,-1.5005955,18.554955,False
2023-02-26 17:55:00,7.61,95,-8,9.039999,11.482246,-3.6778986,15.823109,True,44.790005,14.744534,-0.94641143,18.53963,False
2023-02-26 18:00:00,9.58,95,-7,9.75,13.446651,-2.0246165,17.430923,True,42.48,16.624294,0.60619515,20.099327,False
2023-02-26 18:05:00,13.130001,95,-4,13.110001,16.735748,0.36816373,20.501637,True,41.88,19.571575,2.6838624,22.891605,False
2023-02-26 18:10:00,11.75,95,-4,13.619999,15.800438,-0.21491845,19.597668,True,37.74,19.031437,2.391832,22.35204,False
2023-02-26 18:15:00,7.1699996,95,-8,12.880001,12.126093,-2.8171504,16.072197,True,28.670002,16.252316,0.53858536,19.625175,False
2023-02-26 18:20:00,6.569999,95,-8,13.98,12.220062,-2.9151175,16.174377,True,23.59,16.897102,0.84508675,20.238377,False
2023-02-26 18:25:00,7.3800006,95,-7,43.31,12.989212,-2.1751845,16.787045,False,21.830002,17.592617,1.508722,20.803352,False
2023-02-26 18:30:00,8.130001,95,-6,36.52,14.059792,-1.508448,17.842571,False,16.27,18.84824,2.2694528,22.046028,True
2023-02-26 18:35:00,9.68,95,-5,31.59,16.454308,-0.18633111,20.2611,False,4.319999,21.692303,3.7967298,24.921906,True
2023-02-26 18:40:00,10.6,95,-4,30.850002,19.217476,-0.19171746,23.945168,False,-12.41,25.445278,4.2077823,29.519482,False
2023-02-26 18:45:00,11.610001,95,-3,34.829998,21.710423,-0.8214629,28.175228,False,-18.3,28.568676,3.6638353,34.291588,False
2023-02-26 18:50:00,9.93,95,-3,40.08,22.05867,-2.6415408,30.133057,False,-30.88,30.044975,2.3445623,37.185535,False
2023-02-26 18:55:00,9.039999,95,-5,44.790005,23.24926,-5.204889,32.824764,False,-38.27,32.09399,-0.04315217,40.528633,False
2023-02-26 19:00:00,9.75,95,-4,42.48,23.709259,-10.217758,35.395634,False,-45.88,32.144608,-5.4369464,42.385136,False
2023-02-26 19:05:00,13.110001,95,-1,41.88,26.29889,-11.028102,38.52461,False,-48.26,33.75743,-6.9300857,44.755695,False
2023-02-26 19:10:00,13.619999,95,-1,37.74,26.344364,-8.899994,38.22033,True,-49.94,33.666977,-4.9103637,44.450977,False
2023-02-26 19:15:00,12.880001,95,-1,28.670002,24.739922,-14.308975,38.085693,True,-38.95,31.698906,-10.312567,43.66561,False
2023-02-26 19:20:00,13.98,95,3,23.59,23.588707,-25.930544,40.27126,True,-22.38,29.230679,-22.105312,44.401936,False
2023-02-26 19:25:00,43.31,95,32,21.830002,37.700573,-23.004164,53.044888,True,-5.07,35.66932,-23.09869,51.01189,True
2023-02-26 19:30:00,36.52,95,29,16.27,32.6512,-33.8168,50.479572,True,-12.07,31.134995,-33.75135,49.118908,True
2023-02-26 19:35:00,31.59,95,26,4.319999,25.404408,-47.025112,46.154278,True,-34.53,22.432583,-48.040997,43.89379,True
2023-02-26 19:40:00,30.850002,95,25,-12.41,20.647118,-55.396194,43.682728,True,-44.8,15.091114,-58.14004,39.68664,True
2023-02-26 19:45:00,34.829998,95,23,-18.3,18.108212,-60.98346,42.710083,True,-26.47,8.586725,-66.18399,35.88265,True
2023-02-26 19:50:00,40.08,95,25,-30.88,17.98856,-61.471725,43.610832,True,-32.49,5.724485,-67.4963,34.438347,True
2023-02-26 19:55:00,44.790005,95,25,-38.27,18.104515,-61.10638,45.360844,True,-45.57,3.7670343,-67.44318,34.2778,True
2023-02-26 20:00:00,42.48,95,22,-45.88,15.642605,-62.013683,45.6489,True,-48.65,0.78209656,-67.23877,33.986847,True
2023-02-26 20:05:00,41.88,95,21,-48.26,16.730072,-64.89088,50.19277,True,-48.85,3.4587114,-70.23276,40.14938,True
2023-02-26 20:10:00,37.74,95,18,-49.94,17.427368,-60.370777,50.920666,True,-42.69,6.5668044,-64.512,42.75989,True
2023-02-26 20:15:00,28.670002,95,13,-38.95,15.47509,-60.24015,51.034016,True,-42.49,8.053024,-62.865486,45.752605,True
2023-02-26 20:20:00,23.59,95,7,-22.38,15.102375,-57.497585,50.78384,True,-42.99,10.264866,-58.952568,47.441944,True
2023-02-26 20:25:00,21.830002,95,4,-5.07,15.338505,-55.119473,50.771824,True,-40.71,11.681511,-55.988697,48.257366,True
2023-02-26 20:30:00,16.27,95,4,-12.07,12.380226,-57.230873,49.482265,True,-39.26,10.191286,-57.34224,47.98395,True
2023-02-26 20:35:00,4.319999,95,-1,-34.53,3.4168127,-62.19287,44.444454,True,-40.61,3.080181,-61.333675,44.147053,True
2023-02-26 20:40:00,-12.41,95,-12,-44.8,-11.54899,-70.49028,35.487774,True,-36.55,-10.499066,-69.004166,36.089222,True
2023-02-26 20:45:00,-18.3,95,-16,-26.47,-18.162436,-75.22207,31.731709,True,-35.99,-17.720585,-74.0682,31.945393,True
2023-02-26 20:50:00,-30.88,95,-20,-32.49,-30.86126,-83.90114,23.754303,True,-32.54,-30.548395,-82.87499,23.885624,True
2023-02-26 20:55:00,-38.27,95,-26,-45.57,-39.650757,-88.152954,17.032715,True,-33.09,-40.45378,-87.80876,16.387657,True
2023-02-26 21:00:00,-45.88,95,-28,-48.65,-48.817326,-90.15862,7.50312,True,-23.86,-50.70878,-90.61305,6.055265,True
2023-02-26 21:05:00,-48.26,95,-35,-48.85,-52.349422,-88.51547,2.221132,True,-12.05,-54.99598,-89.54844,0.16360252,True
2023-02-26 21:10:00,-49.94,95,-37,-42.69,-54.292084,-87.36127,-0.43600115,True,-14.55,-57.08288,-88.602554,-2.6479075,True
2023-02-26 21:15:00,-38.95,95,-37,-42.49,-46.237125,-81.37371,6.194467,True,-27.8,-51.070538,-83.40009,2.24662,True
2023-02-26 21:20:00,-22.38,95,-40,-42.99,-33.69273,-74.75295,16.512924,True,-22.69,-41.44422,-77.17245,10.005487,True
2023-02-26 21:25:00,-5.07,95,-38,-40.71,-19.850592,-70.06329,27.957493,True,-18.3,-30.265724,-72.40509,19.31429,True
2023-02-26 21:30:00,-12.07,95,-36,-39.26,-25.858625,-70.29285,21.051292,True,-18.79,-35.294365,-72.69675,12.975464,True
2023-02-26 21:35:00,-34.53,95,-39,-40.61,-44.096077,-77.72269,3.8911378,True,-15.67,-49.994526,-80.15955,-1.1991428,True
2023-02-26 21:40:00,-44.8,95,-57,-36.55,-51.362637,-83.20159,-2.0052893,True,-16.9,-55.14019,-84.95495,-5.2519507,True
2023-02-26 21:45:00,-26.47,95,-55,-35.99,-38.232758,-76.166145,9.734524,True,-17.96,-45.180634,-78.372635,3.3997438,True
2023-02-26 21:50:00,-32.49,95,-60,-32.54,-39.765842,-72.901054,6.3935943,True,-19.47,-44.01168,-74.44383,2.5167081,True
2023-02-26 21:55:00,-45.57,95,-64,-33.09,-46.599735,-74.29099,-1.5916599,True,-19.95,-46.971844,-74.20747,-2.010403,True
2023-02-26 22:00:00,-48.65,95,-63,-23.86,-47.133427,-73.95699,-2.9460318,True,-19.4,-45.929024,-72.926315,-2.0157454,True
2023-02-26 22:05:00,-48.85,95,-64,-12.05,-46.391132,-73.94698,-2.3578818,True,-14.23,-44.615307,-72.59418,-0.9373668,True
2023-02-26 22:10:00,-42.69,95,-64,-14.55,-41.53066,-70.14005,1.3613144,True,-7.47,-40.54557,-69.340965,2.130245,True
2023-02-26 22:15:00,-42.49,95,-64,-27.8,-41.152626,-67.77189,0.12366645,True,-8.1,-40.070576,-66.94055,0.9828755,True
2023-02-26 22:20:00,-42.99,95,-63,-22.69,-41.792896,-65.851105,-2.2543128,True,-4.9,-40.812904,-65.089905,-1.4829906,True
2023-02-26 22:25:00,-40.71,95,-64,-18.3,-39.415123,-62.958275,-1.0308346,True,-4.559999,-38.372078,-62.18579,-0.19609864,True
2023-02-26 22:30:00,-39.26,95,-68,-18.79,-37.850567,-60.98272,-0.46518168,True,-6.22,-36.730015,-60.184624,0.4402596,True
2023-02-26 22:35:00,-40.61,95,-69,-15.67,-37.831844,-60.868626,-0.4498485,True,-8.83,-35.853985,-59.54722,1.2031018,True
2023-02-26 22:40:00,-36.55,95,-68,-16.9,-34.765938,-57.609203,1.5837952,True,-4.109999,-33.39854,-56.70599,2.7084234,True
2023-02-26 22:45:00,-35.99,95,-65,-17.96,-34.50173,-56.124676,1.0014092,True,-9.22,-33.32494,-55.34582,1.9547459,True
2023-02-26 22:50:00,-32.54,95,-63,-19.47,-31.818222,-53.942673,3.2024744,True,-6.1,-31.124968,-53.483707,3.735134,True
2023-02-26 22:55:00,-33.09,95,-61,-19.95,-31.465195,-53.33835,3.0465772,True,-4.2100005,-30.178917,-52.54426,4.0923343,True
2023-02-26 23:00:00,-23.86,95,-60,-19.4,-24.879564,-47.945744,7.9537845,True,-6.2400002,-25.338093,-48.151585,7.47084,True
2023-02-26 23:05:00,-12.05,95,-59,-14.23,-15.844612,-42.43099,15.398846,True,2.9399984,-18.237047,-43.433903,13.214378,True
2023-02-26 23:10:00,-14.55,95,-60,-7.47,-16.650621,-42.236954,14.662537,True,-0.21999963,-17.896585,-42.79943,13.490013,True
2023-02-26 23:15:00,-27.8,95,-63,-8.1,-26.159552,-47.867622,6.227241,True,5.4899993,-24.821531,-47.136032,7.3044868,True
2023-02-26 23:20:00,-22.69,95,-60,-4.9,-20.862143,-45.648563,11.986475,True,6.2399993,-19.347763,-44.890152,13.205879,True
2023-02-26 23:25:00,-18.3,95,-57,-4.559999,-16.549623,-44.022472,16.442421,True,-0.7099994,-15.054429,-43.34289,17.62796,True
2023-02-26 23:30:00,-18.79,95,-57,-6.22,-16.587868,-44.64304,16.774422,True,-4.35,-14.7556305,-43.829895,18.23505,True
2023-02-26 23:35:00,-15.67,95,-54,-8.83,-12.864786,-43.062466,19.96666,True,-7.7400002,-10.526473,-42.05198,21.813606,True
2023-02-26 23:40:00,-16.9,95,-53,-4.109999,-12.964521,-43.719913,20.585548,True,-12.43,-9.744286,-42.298088,23.141003,True
2023-02-26 23:45:00,-17.96,95,-53,-9.22,-11.217899,-45.107735,23.95884,True,-11.8,-5.7446923,-42.657177,28.254814,True
2023-02-26 23:50:00,-19.47,95,-54,-6.1,-10.35365,-49.00141,27.541977,True,-4.2500005,-2.9341643,-45.76363,33.269093,True
2023-02-26 23:55:00,-19.95,95,-53,-4.2100005,-12.6043625,-54.707058,27.490719,True,-6.98,-6.6500335,-52.462917,32.14625,True
2023-02-27 00:00:00,-19.4,95,-49,-6.2400002,-12.57282,-50.734367,24.88591,True,-14.82,-6.9970403,-48.47927,29.177994,True
2023-02-27 00:05:00,-14.23,95,-48,2.9399984,-8.813449,-46.322044,26.223942,True,-16.24,-4.3563027,-44.62083,29.59711,True
2023-02-27 00:10:00,-7.47,95,-51,-0.21999963,-4.65185,-48.29741,31.953457,True,-17.91,-2.2903922,-47.72007,33.68711,True
2023-02-27 00:15:00,-8.1,95,-54,5.4899993,-6.516751,-54.143105,32.487793,True,-21.12,-5.1165357,-54.002743,33.45645,True
2023-02-27 00:20:00,-4.9,95,-52,6.2399993,-3.5946581,-50.588303,33.96337,True,-25.24,-2.4028094,-50.53748,34.752045,True
2023-02-27 00:25:00,-4.559999,95,-50,-0.7099994,-2.5355513,-47.740906,33.873913,True,-29.060001,-0.7992843,-47.48178,35.068832,True
2023-02-27 00:30:00,-6.22,95,-46,-4.35,-3.890775,-46.43748,32.24145,True,-29.56,-1.9253048,-46.08192,33.608578,True
2023-02-27 00:35:00,-8.83,95,-47,-7.7400002,-6.6023498,-44.791256,29.079395,True,-28.15,-4.719666,-44.44514,30.39367,True
2023-02-27 00:40:00,-4.109999,95,-49,-12.43,-3.1946776,-43.99685,33.051872,True,-27.85,-2.3436434,-44.153275,33.553116,True
2023-02-27 00:45:00,-9.22,95,-54,-11.8,-7.300572,-45.895584,30.480755,True,-29.060001,-5.6951632,-45.7526,31.573616,True
2023-02-27 00:50:00,-6.1,95,-61,-4.2500005,-5.3617787,-43.29059,31.255367,True,-31.38,-4.677405,-43.57155,31.62283,True
2023-02-27 00:55:00,-4.2100005,95,-64,-6.98,-5.37056,-42.946056,30.484634,True,-32.85,-6.131022,-43.86496,29.699097,True
2023-02-27 01:00:00,-6.2400002,95,-66,-14.82,-8.013976,-46.215626,28.636051,True,-34.3,-9.238086,-47.32026,27.447807,True
2023-02-27 01:05:00,2.9399984,95,-61,-16.24,-2.188986,-44.00151,33.464104,True,-40.0,-5.765309,-45.903305,30.332573,True
2023-02-27 01:10:00,-0.21999963,95,-58,-17.91,-6.240664,-43.942688,28.720306,True,-42.26,-10.488239,-46.138588,24.974796,True
2023-02-27 01:15:00,5.4899993,95,-59,-21.12,-2.4905016,-41.305378,30.66996,True,-40.48,-8.091629,-43.911263,25.7915,True
2023-02-27 01:20:00,6.2399993,95,-57,-25.24,-1.2645363,-39.952374,31.079578,True,-35.25,-6.574185,-42.523605,26.459236,True
2023-02-27 01:25:00,-0.7099994,95,-58,-29.060001,-4.8407083,-40.284378,27.476387,True,-35.7,-7.8378863,-42.18456,24.812344,True
2023-02-27 01:30:00,-4.35,95,-61,-29.56,-6.655268,-39.773487,25.371117,True,-40.55,-8.364901,-41.24512,23.803146,True
2023-02-27 01:35:00,-7.7400002,95,-63,-28.15,-8.320099,-39.548695,23.321514,True,-41.61,-8.766237,-40.528313,22.813824,False
2023-02-27 01:40:00,-12.43,95,-68,-27.85,-10.024433,-40.06815,21.803604,True,-40.05,-8.153627,-39.916756,23.173584,False
2023-02-27 01:45:00,-11.8,95,-72,-29.060001,-8.270347,-40.303047,23.794777,True,-35.41,-5.4665637,-39.722088,25.876461,True
2023-02-27 01:50:00,-4.2500005,95,-70,-31.38,-1.4839424,-39.463196,30.34811,True,-27.47,0.7232205,-39.32465,31.925274,True
2023-02-27 01:55:00,-6.98,95,-70,-32.85,-4.220697,-40.312332,27.769184,True,-26.05,-2.006121,-40.1562,29.35028,True
2023-02-27 02:00:00,-14.82,95,-71,-34.3,-10.989499,-42.947704,21.939125,True,-27.67,-7.90004,-42.230164,24.20974,True
2023-02-27 02:05:00,-16.24,95,-72,-40.0,-13.131832,-42.55817,19.308548,True,-26.15,-10.672118,-42.12863,21.113182,True
2023-02-27 02:10:00,-17.91,95,-70,-42.26,-16.104477,-43.96804,16.227558,True,-23.67,-14.751333,-44.13414,17.177292,True
2023-02-27 02:15:00,-21.12,95,-68,-40.48,-20.016653,-46.78959,13.143013,True,-17.52,-19.27186,-47.2941,13.6046715,True
2023-02-27 02:20:00,-25.24,95,-69,-35.25,-24.136002,-49.71993,9.810902,True,-9.51,-23.436615,-50.22876,10.238989,True
2023-02-27 02:25:00,-29.060001,95,-70,-35.7,-27.459932,-52.085697,7.027395,True,-8.96,-26.431229,-52.38692,7.7375464,True
2023-02-27 02:30:00,-29.56,95,-73,-40.55,-27.582243,-52.090008,6.7100425,True,-5.0900006,-26.300262,-52.27905,7.6413264,True
2023-02-27 02:35:00,-28.15,95,-76,-41.61,-28.904305,-50.574512,2.9538972,True,-6.769999,-29.621637,-51.858673,2.2113664,True
2023-02-27 02:40:00,-27.85,95,-78,-40.05,-28.361464,-49.64585,3.2418878,True,-0.7500003,-28.922966,-50.85686,2.6396463,True
2023-02-27 02:45:00,-29.060001,95,-81,-35.41,-27.88876,-48.406933,3.3164823,True,1.5799996,-27.225185,-48.883736,3.772516,True
2023-02-27 02:50:00,-31.38,95,-83,-27.47,-29.313478,-47.19495,-0.07466729,True,-1.4,-27.990486,-47.153263,0.96700066,True
2023-02-27 02:55:00,-32.85,95,-85,-26.05,-30.54836,-46.543537,-3.28043,True,4.3800006,-29.04537,-46.265488,-2.0610526,False
2023-02-27 03:00:00,-34.3,95,-84,-27.67,-31.809769,-46.542084,-6.2711816,True,7.5899997,-30.145994,-46.0435,-4.886416,False
2023-02-27 03:05:00,-40.0,95,-81,-26.15,-35.869762,-49.340977,-11.334658,True,10.32,-32.918262,-47.552612,-8.830571,False
2023-02-27 03:10:00,-42.26,95,-77,-23.67,-37.004395,-50.15543,-13.524281,True,11.200001,-33.0983,-47.343113,-10.177858,False
2023-02-27 03:15:00,-40.48,95,-74,-17.52,-35.032806,-49.839348,-10.94307,True,10.760002,-30.779358,-46.858204,-7.3168836,False
2023-02-27 03:20:00,-35.25,95,-70,-9.51,-29.776747,-47.022865,-4.83857,True,11.73,-25.286024,-44.211506,-1.0434097,False
2023-02-27 03:25:00,-35.7,95,-64,-8.96,-30.153234,-49.78567,-2.645798,True,13.48,-25.443739,-47.084236,1.2709748,False
2023-02-27 03:30:00,-40.55,95,-61,-5.0900006,-35.01433,-55.974518,-4.277494,True,13.220001,-30.334795,-53.327995,-0.43431506,False
2023-02-27 03:35:00,-41.61,95,-60,-6.769999,-36.53146,-58.68654,-3.75439,True,10.58,-32.318554,-56.56361,-0.3010181,False
2023-02-27 03:40:00,-40.05,95,-59,-0.7500003,-36.094315,-58.51884,-2.8206465,False,8.42,-32.9445,-57.273903,-0.23711427,False
2023-02-27 03:45:00,-35.41,95,-58,1.5799996,-32.238815,-54.817772,0.36025205,False,7.899999,-29.748829,-54.14059,2.4036424,False
2023-02-27 03:50:00,-27.47,95,-58,-1.4,-25.029755,-49.59492,7.1751246,True,7.5500007,-23.108654,-49.52408,8.748102,True
2023-02-27 03:55:00,-26.05,95,-57,4.3800006,-23.60889,-47.930305,8.877779,True,10.700001,-21.65772,-47.867558,10.496407,False
2023-02-27 04:00:00,-27.67,95,-56,7.5899997,-25.14258,-46.478745,6.371858,False,9.950001,-23.068785,-46.16962,8.13649,False
2023-02-27 04:05:00,-26.15,95,-53,10.32,-23.97221,-44.7564,7.2700496,False,0.030000372,-22.249697,-44.688213,8.756926,True
2023-02-27 04:10:00,-23.67,95,-53,11.200001,-21.44735,-43.53777,10.106976,False,-6.2400002,-19.645144,-43.54655,11.654945,True
2023-02-27 04:15:00,-17.52,95,-56,10.760002,-15.401017,-39.615036,15.178032,True,-10.72,-13.680258,-39.835583,16.641376,True
2023-02-27 04:20:00,-9.51,95,-58,11.73,-8.362322,-35.31945,20.455349,True,-13.19,-7.5186467,-36.13669,21.192558,True
2023-02-27 04:25:00,-8.96,95,-59,13.48,-8.93417,-35.546577,19.33487,True,-21.14,-9.104263,-36.84555,19.237751,True
2023-02-27 04:30:00,-5.0900006,95,-53,13.220001,-5.3582835,-34.836594,22.35664,True,-33.97,-5.772878,-36.291424,22.057953,True
2023-02-27 04:35:00,-6.769999,95,-51,10.58,-7.6365438,-36.276726,19.420021,True,-42.24,-8.589532,-37.93677,18.667557,False
2023-02-27 04:40:00,-0.7500003,95,-55,8.42,-1.5972599,-34.706272,24.346832,True,-49.35,-2.4920256,-36.359188,23.64909,False
2023-02-27 04:45:00,1.5799996,95,-61,7.899999,1.2887131,-34.615284,26.76941,True,-64.06,0.8988034,-36.056656,26.492329,False
2023-02-27 04:50:00,-1.4,95,-62,7.5500007,-1.1513866,-38.610497,25.515533,True,-73.97,-1.0875725,-39.894833,25.603565,False
2023-02-27 04:55:00,4.3800006,95,-66,10.700001,4.4588428,-35.948048,29.589375,True,-73.33,4.407375,-37.27246,29.606003,False
2023-02-27 05:00:00,7.5899997,95,-71,9.950001,8.2224865,-35.036594,33.01604,True,-68.55,8.652643,-36.18388,33.42289,False
2023-02-27 05:05:00,10.32,95,-74,0.030000372,11.4356,-35.16434,36.238285,True,-77.73,12.256054,-36.14247,36.948856,False
2023-02-27 05:10:00,11.200001,95,-77,-6.2400002,12.015976,-38.110043,37.81652,True,-77.34,12.577518,-39.217358,38.304832,False
2023-02-27 05:15:00,10.760002,95,-81,-10.72,11.490213,-39.16469,37.460342,True,-74.62,11.981218,-40.283836,37.8828,False
2023-02-27 05:20:00,11.73,95,-82,-13.19,11.180248,-42.84225,38.453773,True,-65.66,10.632051,-44.39379,38.05206,False
2023-02-27 05:25:00,13.48,95,-84,-21.14,12.79055,-42.660946,40.021534,True,-64.69,12.151224,-44.24915,39.5499,False
2023-02-27 05:30:00,13.220001,95,-86,-33.97,12.254992,-44.317,40.354824,True,-61.65,11.39521,-45.98241,39.71298,False
2023-02-27 05:35:00,10.58,95,-89,-42.24,8.643187,-51.48024,39.685287,True,-59.13,6.958465,-53.471832,38.393093,False
2023-02-27 05:40:00,8.42,95,-90,-49.35,5.8668666,-55.79132,38.71586,True,-54.77,3.6335962,-57.95737,36.999134,True
2023-02-27 05:45:00,7.899999,95,-93,-64.06,5.174585,-56.964386,38.51549,False,-53.62,2.7822359,-59.172344,36.682407,True
2023-02-27 05:50:00,7.5500007,95,-90,-73.97,4.049127,-58.77808,37.89176,False,-57.52,1.004562,-61.160904,35.552914,True
2023-02-27 05:55:00,10.700001,95,-90,-73.33,5.671228,-60.199184,39.63723,False,-65.54,1.4728771,-62.975403,36.401897,False
2023-02-27 06:00:00,9.950001,95,-92,-68.55,3.7781427,-62.21959,38.416336,False,-69.27,-1.3722824,-65.19955,34.426884,False
2023-02-27 06:05:00,0.030000372,95,-98,-77.73,-5.6369567,-65.56869,30.969566,False,-65.46,-10.600474,-68.30192,27.075283,True
2023-02-27 06:10:00,-6.2400002,95,-96,-77.34,-11.772287,-67.47502,25.98167,False,-59.56,-16.641481,-70.14229,22.133423,True
2023-02-27 06:15:00,-10.72,95,-97,-74.62,-15.9480505,-69.1315,22.735416,False,-58.26,-20.558006,-71.74304,19.091068,True
2023-02-27 06:20:00,-13.19,95,-103,-65.66,-18.885786,-70.68587,20.388618,True,-60.860004,-23.851967,-73.4021,16.439663,True
2023-02-27 06:25:00,-21.14,95,-106,-64.69,-26.665821,-75.29444,14.457336,True,-65.7,-31.364939,-78.00359,10.713827,True
2023-02-27 06:30:00,-33.97,95,-104,-61.65,-37.829174,-81.94147,5.6392817,True,-64.72,-41.068893,-84.345726,3.1280859,True
2023-02-27 06:35:00,-42.24,95,-100,-59.13,-45.020844,-85.79073,-0.6592868,True,-64.58,-47.371098,-87.92489,-2.4032042,True
2023-02-27 06:40:00,-49.35,95,-99,-54.77,-51.312828,-88.93224,-6.6623616,True,-67.41,-53.0084,-90.77498,-7.8603635,True
2023-02-27 06:45:00,-64.06,95,-101,-53.62,-63.362804,-97.04398,-16.892366,True,-69.56,-63.109165,-97.59171,-16.62256,True
2023-02-27 06:50:00,-73.97,95,-99,-57.52,-71.213425,-103.34257,-22.88152,True,-69.66,-69.45646,-102.577576,-21.589115,True
2023-02-27 06:55:00,-73.33,95,-93,-65.54,-70.71935,-104.796715,-21.540102,True,-60.66,-69.10029,-104.17967,-20.34531,True
2023-02-27 07:00:00,-68.55,95,-95,-69.27,-67.28329,-102.74057,-19.020054,True,-70.11,-66.655464,-102.956184,-18.476744,True
2023-02-27 07:05:00,-77.73,95,-96,-65.46,-74.71292,-108.36571,-25.439514,True,-70.12,-72.856865,-107.44101,-24.093098,True
2023-02-27 07:10:00,-77.34,95,-94,-59.56,-74.31704,-107.73599,-25.671177,True,-72.06,-72.46622,-106.798584,-24.318653,True
2023-02-27 07:15:00,-74.62,95,-94,-58.26,-73.2466,-105.42516,-26.484087,True,-72.15,-72.592766,-105.474045,-25.90677,True
2023-02-27 07:20:00,-65.66,95,-97,-60.860004,-65.98654,-96.457405,-23.068193,True,-75.39,-66.446014,-97.40193,-23.26445,True
2023-02-27 07:25:00,-64.69,95,-102,-65.7,-65.606895,-96.13817,-22.662119,True,-68.8,-66.44524,-97.36394,-23.122204,True
2023-02-27 07:30:00,-61.65,95,-104,-64.72,-65.0009,-96.754684,-21.443361,True,-67.59,-67.359795,-99.09215,-22.983255,True
2023-02-27 07:35:00,-59.13,95,-105,-64.58,-64.49929,-100.021454,-19.02515,True,-72.29,-68.04707,-103.087875,-21.38871,True
2023-02-27 07:40:00,-54.77,95,-101,-67.41,-61.936974,-101.695526,-15.159414,True,-71.57,-66.538826,-105.233734,-18.273205,True
2023-02-27 07:45:00,-53.62,95,-98,-69.56,-61.634453,-101.68115,-15.195252,True,-71.93,-66.72923,-105.48272,-18.672104,True
2023-02-27 07:50:00,-57.52,95,-94,-69.66,-65.338135,-104.33253,-18.255938,True,-61.99,-70.3293,-108.27272,-21.563637,True
2023-02-27 07:55:00,-65.54,95,-91,-60.66,-71.521965,-106.244865,-23.708643,True,-62.45,-75.56462,-109.883705,-26.235205,True
2023-02-27 08:00:00,-69.27,95,-92,-70.11,-75.21584,-108.20766,-26.637583,True,-65.82,-79.298874,-112.01074,-29.149458,True
2023-02-27 08:05:00,-65.46,95,-100,-70.12,-73.657295,-105.24182,-26.726887,True,-69.32,-78.98229,-109.967064,-30.185087,True
2023-02-27 08:10:00,-59.56,95,-101,-72.06,-71.26619,-104.29552,-24.38721,True,-74.15,-78.48981,-110.211205,-29.247778,True
2023-02-27 08:15:00,-58.26,95,-105,-72.15,-71.25399,-104.29535,-24.140547,True,-77.38,-79.17743,-110.70591,-29.489101,True
2023-02-27 08:20:00,-60.860004,95,-105,-75.39,-74.055756,-105.6153,-26.630524,True,-78.99,-82.15575,-112.414665,-32.023933,True
2023-02-27 08:25:00,-65.7,95,-102,-68.8,-78.26475,-109.174614,-29.662981,True,-78.3,-86.149734,-116.079994,-34.76182,True
2023-02-27 08:30:00,-64.72,95,-105,-67.59,-77.70581,-107.52129,-29.961197,True,-81.2,-85.86379,-114.6756,-35.271767,True
2023-02-27 08:35:00,-64.58,95,-114,-72.29,-77.83341,-107.15061,-30.709211,True,-88.69,-86.062355,-114.39642,-36.09077,True
2023-02-27 08:40:00,-67.41,95,-115,-71.57,-79.29785,-109.243515,-31.413954,True,-96.06,-86.78902,-115.93136,-36.211113,True
2023-02-27 08:45:00,-69.56,95,-117,-71.93,-80.80259,-110.38763,-32.75313,True,-100.71,-87.98376,-116.902435,-37.297382,True
2023-02-27 08:50:00,-69.66,95,-126,-61.99,-80.95331,-110.87963,-32.590424,True,-107.34,-88.21581,-117.43556,-37.156784,True
2023-02-27 08:55:00,-60.66,95,-138,-62.45,-75.236176,-104.6138,-29.227573,True,-115.63,-84.281654,-112.31069,-35.205044,False
2023-02-27 09:00:00,-70.11,95,-134,-65.82,-82.05028,-110.324524,-34.59316,True,-123.75001,-89.68559,-117.315384,-39.42063,False
2023-02-27 09:05:00,-70.12,95,-127,-69.32,-81.61802,-108.512794,-35.20807,True,-126.25,-88.92769,-115.29781,-39.851402,False
2023-02-27 09:10:00,-72.06,95,-129,-74.15,-82.04737,-107.254845,-36.313137,True,-130.39,-88.39433,-113.303474,-40.33107,False
2023-02-27 09:15:00,-72.15,95,-119,-77.38,-82.48896,-108.10742,-36.220226,True,-123.22,-88.9719,-114.24808,-40.316204,False
2023-02-27 09:20:00,-75.39,95,-125,-78.99,-84.9798,-110.72628,-37.779743,True,-126.34,-91.07346,-116.56119,-41.567818,False
2023-02-27 09:25:00,-68.8,95,-137,-78.3,-80.86522,-107.58701,-34.63868,True,-133.72,-88.23921,-114.3559,-39.330746,False
2023-02-27 09:30:00,-67.59,95,-134,-81.2,-79.91588,-106.721,-34.120663,True,-138.99,-87.413666,-113.53063,-38.907288,False
2023-02-27 09:35:00,-72.29,95,-136,-88.69,-82.66744,-108.90127,-36.496277,True,-137.49,-89.111946,-114.92154,-40.51815,False
2023-02-27 09:40:00,-71.57,95,-134,-96.06,-82.21275,-109.34833,-36.079865,True,-135.32,-88.76443,-115.40514,-40.152115,False
2023-02-27 09:45:00,-71.93,95,-125,-100.71,-82.68507,-110.56219,-36.45817,True,-131.81,-89.27574,-116.639885,-40.52204,False
2023-02-27 09:50:00,-61.99,95,-117,-107.34,-77.11584,-105.58861,-32.827667,False,-130.28,-86.034096,-113.30542,-38.60827,False
2023-02-27 09:55:00,-62.45,95,-121,-115.63,-77.817345,-105.790054,-33.660995,False,-123.96,-86.95658,-113.70641,-39.60066,False
2023-02-27 10:00:00,-65.82,95,-124,-123.75001,-80.18597,-107.637794,-35.430874,False,-118.65,-88.97144,-115.369545,-41.072388,False
2023-02-27 10:05:00,-69.32,95,-123,-126.25,-82.69943,-109.58571,-37.133137,False,-120.01,-91.16016,-117.1459,-42.50146,False
2023-02-27 10:10:00,-74.15,95,-121,-130.39,-86.37507,-112.43877,-39.94806,False,-118.98,-94.30816,-119.70399,-44.916245,True
2023-02-27 10:15:00,-77.38,95,-119,-123.22,-89.818954,-118.8337,-40.02591,False,-116.35,-97.88661,-126.19973,-44.90064,True
2023-02-27 10:20:00,-78.99,95,-119,-126.34,-95.80782,-134.1493,-38.173187,True,-97.5,-106.77998,-144.08415,-44.301716,True
2023-02-27 10:25:00,-78.3,95,-123,-133.72,-101.32152,-147.54002,-37.127106,True,-103.11,-116.27129,-161.36382,-45.002285,True
2023-02-27 10:30:00,-81.2,95,-122,-138.99,-110.61733,-161.72095,-39.979248,True,-114.53,-130.04608,-180.399,-49.936745,True
2023-02-27 10:35:00,-88.69,95,-118,-137.49,-120.436516,-170.63289,-46.137012,True,-115.57,-142.00916,-191.74002,-57.39591,True
2023-02-27 10:40:00,-96.06,95,-116,-135.32,-130.41847,-180.61127,-51.757324,True,-114.55,-154.53223,-204.52116,-64.436714,True
2023-02-27 10:45:00,-100.71,95,-104,-131.81,-137.6087,-184.84854,-57.346943,True,-118.71,-164.31346,-211.25319,-71.75599,True
2023-02-27 10:50:00,-107.34,95,-98,-130.28,-144.76538,-188.6108,-63.299644,True,-101.21,-172.74437,-216.07143,-78.66271,True
2023-02-27 10:55:00,-115.63,95,-97,-123.96,-152.08873,-193.08139,-69.06473,True,-92.75,-180.42023,-220.69125,-84.64845,True
2023-02-27 11:00:00,-123.75001,95,-93,-118.65,-157.2828,-194.2006,-74.256935,True,-80.01,-184.13644,-220.0759,-89.12542,False
2023-02-27 11:05:00,-126.25,95,-91,-120.01,-157.43816,-193.70836,-74.23014,True,-69.69,-181.98035,-217.27623,-87.93753,False
2023-02-27 11:10:00,-130.39,95,-97,-118.98,-158.46205,-193.05197,-75.59511,True,-71.57,-180.59465,-214.2156,-87.98399,False
2023-02-27 11:15:00,-123.22,95,-104,-116.35,-150.01273,-183.7765,-70.63714,True,-69.91,-170.327,-203.17383,-82.16567,False
2023-02-27 11:20:00,-126.34,95,-108,-97.5,-150.26399,-183.05006,-71.35869,True,-68.68,-168.31868,-200.31082,-81.59819,False
2023-02-27 11:25:00,-133.72,95,-113,-103.11,-155.34167,-187.60582,-74.868484,True,-63.72,-171.96288,-203.51898,-84.221436,False
2023-02-27 11:30:00,-138.99,95,-117,-114.53,-155.63077,-186.56602,-76.24402,True,-59.32,-168.19565,-198.71236,-83.321335,False
2023-02-27 11:35:00,-137.49,95,-118,-115.57,-153.87567,-184.73769,-75.103615,True,-62.230003,-166.12912,-196.55734,-82.011314,False
2023-02-27 11:40:00,-135.32,95,-127,-114.55,-151.29826,-181.71373,-73.62262,True,-57.19,-163.09993,-193.10365,-80.29215,False
2023-02-27 11:45:00,-131.81,95,-132,-118.71,-142.74927,-173.3191,-68.32152,True,-52.15,-150.20917,-180.52788,-72.52592,False
2023-02-27 11:50:00,-130.28,95,-139,-101.21,-138.0891,-168.67482,-65.1573,True,-61.98,-143.18951,-173.55763,-67.995346,False
2023-02-27 11:55:00,-123.96,95,-152,-92.75,-130.5915,-160.0869,-60.56981,True,-66.62,-134.7566,-164.04672,-62.8825,True
2023-02-27 12:00:00,-118.65,95,-157,-80.01,-125.5947,-154.808,-57.149044,True,-68.52,-129.80591,-158.81853,-59.50981,True
2023-02-27 12:05:00,-120.01,95,-158,-69.69,-126.6355,-155.95338,-57.554806,True,-67.56,-130.65675,-159.77596,-59.797134,True
2023-02-27 12:10:00,-118.98,95,-161,-71.57,-125.56074,-155.49443,-56.153828,True,-80.14,-129.50357,-159.23451,-58.336212,True
2023-02-27 12:15:00,-116.35,95,-158,-69.91,-121.13001,-151.26575,-53.14467,True,-84.38,-123.85474,-153.77075,-54.592464,True
2023-02-27 12:20:00,-97.5,95,-152,-68.68,-103.289375,-133.88295,-41.367676,True,-92.88,-106.175766,-136.47316,-42.920643,True
2023-02-27 12:25:00,-103.11,95,-149,-63.72,-101.43049,-133.84303,-40.50369,True,-96.31,-100.51884,-132.53523,-39.682667,True
2023-02-27 12:30:00,-114.53,95,-148,-59.32,-101.377014,-137.54956,-40.679703,True,-99.350006,-94.98859,-130.28752,-36.46754,True
2023-02-27 12:35:00,-115.57,95,-146,-62.230003,-94.30902,-132.43077,-37.382866,True,-89.93,-84.390594,-121.222176,-30.932877,True
2023-02-27 12:40:00,-114.55,95,-145,-57.19,-86.861984,-127.20349,-33.47872,True,-81.72,-74.29719,-113.151726,-25.284878,True
2023-02-27 12:45:00,-118.71,95,-142,-52.15,-84.085884,-127.16981,-32.64519,True,-76.25,-68.447266,-109.64727,-22.422213,True
2023-02-27 12:50:00,-101.21,95,-141,-61.98,-71.025154,-114.26378,-24.145561,True,-71.31,-57.949528,-100.7746,-15.186017,True
2023-02-27 12:55:00,-92.75,95,-141,-66.62,-64.52426,-109.3488,-19.89457,True,-71.04,-52.296066,-97.6622,-11.103261,True
2023-02-27 13:00:00,-80.01,95,-141,-68.52,-55.423615,-103.82893,-12.98946,True,-72.22,-44.61666,-94.98898,-4.537784,True
2023-02-27 13:05:00,-69.69,95,-137,-67.56,-49.39694,-100.10865,-9.390881,True,-71.87,-40.317265,-93.591095,-1.8587383,True
2023-02-27 13:10:00,-71.57,95,-131,-80.14,-50.83763,-103.11986,-11.757344,True,-71.18,-41.518314,-96.084595,-4.370375,True
2023-02-27 13:15:00,-69.91,95,-128,-84.38,-51.899876,-103.541,-14.453524,True,-77.32,-43.69367,-97.1201,-8.097575,True
2023-02-27 13:20:00,-68.68,95,-127,-92.88,-56.921497,-109.07268,-19.107319,True,-74.13,-51.627075,-104.48195,-15.160571,True
2023-02-27 13:25:00,-63.72,95,-124,-96.31,-58.214737,-110.78223,-20.398571,True,-66.08,-55.72185,-108.333755,-18.458025,True
2023-02-27 13:30:00,-59.32,95,-123,-99.350006,-62.52937,-118.382805,-21.70485,True,-74.94,-63.90539,-118.779144,-22.492058,True
2023-02-27 13:35:00,-62.230003,95,-122,-89.93,-69.56576,-123.631355,-26.013002,True,-84.49,-72.77519,-125.613396,-27.96265,True
2023-02-27 13:40:00,-57.19,95,-115,-81.72,-70.581665,-124.39322,-25.674994,True,-97.94,-76.48006,-128.44197,-29.418638,True
2023-02-27 13:45:00,-52.15,95,-112,-76.25,-71.82336,-127.03055,-24.662756,True,-108.09,-80.50374,-133.12724,-30.230906,True
2023-02-27 13:50:00,-61.98,95,-114,-71.31,-77.251045,-129.9325,-27.841904,True,-119.38,-84.094696,-135.14374,-31.980782,True
2023-02-27 13:55:00,-66.62,95,-115,-71.04,-77.391594,-125.46514,-28.871918,True,-126.84,-82.28365,-129.09456,-31.812939,True
2023-02-27 14:00:00,-68.52,95,-113,-72.22,-78.32764,-122.34362,-30.135849,True,-138.39,-82.82193,-125.69777,-32.855076,False
2023-02-27 14:05:00,-67.56,95,-112,-71.87,-76.33027,-118.62458,-28.747477,True,-138.08,-80.33423,-121.486,-31.20228,False
2023-02-27 14:10:00,-80.14,95,-109,-71.18,-81.09948,-119.49919,-33.40067,True,-124.36,-81.45964,-119.24465,-33.512714,False
2023-02-27 14:15:00,-84.38,95,-107,-77.32,-82.70402,-119.73639,-34.92574,True,-115.149994,-81.78276,-118.24169,-34.23117,True
2023-02-27 14:20:00,-92.88,95,-104,-74.13,-86.69131,-122.365074,-38.536438,True,-116.29,-83.522026,-118.54616,-36.42609,True
2023-02-27 14:25:00,-96.31,95,-103,-66.08,-87.00742,-122.09961,-39.546066,True,-122.54,-82.30195,-116.619576,-36.439194,False
2023-02-27 14:30:00,-99.350006,95,-104,-74.94,-88.64599,-124.0587,-40.64551,True,-124.88,-83.27658,-117.80363,-37.12193,False
2023-02-27 14:35:00,-89.93,95,-106,-84.49,-87.49869,-125.436005,-37.367603,True,-126.3,-86.23804,-123.53409,-36.47599,False
2023-02-27 14:40:00,-81.72,95,-106,-97.94,-87.06817,-128.17528,-34.794914,True,-122.26,-89.44532,-129.91435,-36.130196,True
2023-02-27 14:45:00,-76.25,95,-106,-108.09,-78.04524,-112.9733,-32.982258,True,-117.59,-78.77813,-113.018005,-33.379852,False
2023-02-27 14:50:00,-71.31,95,-105,-119.38,-72.20131,-107.99559,-29.288752,False,-112.73,-72.5147,-107.593445,-29.424719,False
2023-02-27 14:55:00,-71.04,95,-104,-126.84,-75.58183,-115.03486,-29.442041,False,-111.25,-77.54249,-116.130005,-30.641357,True
2023-02-27 15:00:00,-72.22,95,-105,-138.39,-84.06814,-132.69344,-29.459507,False,-122.55,-89.31937,-136.99623,-32.495934,True
2023-02-27 15:05:00,-71.87,95,-104,-138.08,-88.99861,-142.25429,-29.523842,True,-128.55,-96.77655,-149.14795,-33.851646,True
2023-02-27 15:10:00,-71.18,95,-106,-124.36,-93.98219,-151.41193,-29.55271,True,-135.63,-104.623985,-161.3166,-35.267506,True
2023-02-27 15:15:00,-77.32,95,-104,-115.149994,-103.101,-161.94904,-33.06331,True,-136.64,-115.65535,-174.29808,-39.64514,True
2023-02-27 15:20:00,-74.13,95,-106,-116.29,-107.1576,-167.44548,-33.271584,True,-130.05,-123.54678,-183.6898,-41.946682,True
2023-02-27 15:25:00,-66.08,95,-106,-122.54,-107.64108,-168.75876,-31.298254,True,-117.34,-128.32681,-189.00917,-42.439037,True
2023-02-27 15:30:00,-74.94,95,-109,-124.88,-115.807014,-176.74889,-34.09968,True,-113.3,-136.77383,-197.89124,-45.20954,True
2023-02-27 15:35:00,-84.49,95,-113,-126.3,-121.92875,-181.7244,-36.529694,True,-116.31,-141.55183,-201.82118,-46.80181,True
2023-02-27 15:40:00,-97.94,95,-118,-122.26,-130.60501,-191.50081,-39.491,True,-109.53,-148.18422,-209.76546,-48.483887,True
2023-02-27 15:45:00,-108.09,95,-121,-117.59,-129.45345,-184.8859,-41.076603,True,-105.41999,-140.8209,-196.31253,-46.952435,True
2023-02-27 15:50:00,-119.38,95,-126,-112.73,-128.98103,-178.89731,-43.425888,True,-103.86,-133.96428,-183.54892,-46.057735,True
2023-02-27 15:55:00,-126.84,95,-129,-111.25,-128.48798,-176.20021,-44.121216,True,-101.21,-129.20425,-176.37067,-44.453648,True
2023-02-27 16:00:00,-138.39,95,-130,-122.55,-132.98027,-177.92644,-48.648228,True,-75.13,-129.98059,-174.13033,-46.863625,True
2023-02-27 16:05:00,-138.08,95,-129,-128.55,-129.3174,-171.1295,-48.943596,True,-50.94,-124.66265,-165.45334,-46.11499,True
2023-02-27 16:10:00,-124.36,95,-131,-135.63,-118.0771,-158.35907,-42.3488,True,-73.55,-114.91984,-154.2652,-40.39374,True
2023-02-27 16:15:00,-115.149994,95,-135,-136.64,-110.29169,-150.52786,-37.569427,True,-89.67,-107.94901,-147.30568,-36.097538,True
2023-02-27 16:20:00,-116.29,95,-135,-130.05,-111.386375,-153.34308,-37.35304,True,-88.82,-109.051,-150.1036,-35.902443,True
2023-02-27 16:25:00,-122.54,95,-133,-117.34,-114.65879,-156.42348,-40.146805,True,-85.44,-110.96023,-151.62593,-37.887527,True
2023-02-27 16:30:00,-124.88,95,-131,-113.3,-115.52848,-156.69733,-41.6054,True,-80.91,-111.15012,-151.10619,-38.93986,True
2023-02-27 16:35:00,-126.3,95,-128,-116.31,-116.92117,-157.85345,-42.821644,True,-104.12999,-112.506424,-152.20944,-40.138958,True
2023-02-27 16:40:00,-122.26,95,-127,-109.53,-117.092575,-160.42175,-40.98464,True,-104.7,-114.584724,-156.95866,-39.49039,True
2023-02-27 16:45:00,-117.59,95,-126,-105.41999,-118.817215,-161.73074,-41.403458,True,-100.39,-119.16775,-161.49467,-41.56478,True
2023-02-27 16:50:00,-112.73,95,-126,-103.86,-115.79386,-154.82785,-41.694134,True,-79.04,-116.97855,-155.52187,-42.34908,True
2023-02-27 16:55:00,-111.25,95,-125,-101.21,-114.00324,-148.07692,-43.64042,True,-63.16,-115.05346,-148.6357,-44.246998,True
2023-02-27 17:00:00,-122.55,95,-130,-75.13,-120.02586,-150.74503,-50.097706,True,-59.35,-118.596054,-148.55746,-49.204197,True
2023-02-27 17:05:00,-128.55,95,-134,-50.94,-122.30493,-150.89377,-53.672474,False,-64.37,-119.03251,-146.58592,-51.594326,True
2023-02-27 17:10:00,-135.63,95,-138,-73.55,-123.79396,-152.75252,-55.96482,True,-78.23,-117.7526,-145.17638,-52.06477,True
2023-02-27 17:15:00,-136.64,95,-142,-89.67,-123.53928,-152.19398,-56.345078,True,-93.15,-116.84632,-143.85059,-52.001648,True
2023-02-27 17:20:00,-130.05,95,-144,-88.82,-118.1262,-145.32137,-53.513367,True,-99.04,-112.12787,-137.78223,-49.62249,True
2023-02-27 17:25:00,-117.34,95,-143,-85.44,-108.629654,-134.2157,-47.841568,True,-95.78,-104.347565,-128.70015,-45.099182,True
2023-02-27 17:30:00,-113.3,95,-139,-80.91,-104.617424,-132.08545,-44.25423,True,-90.37,-100.43718,-126.72713,-41.643185,True
2023-02-27 17:35:00,-116.31,95,-136,-104.12999,-104.6442,-132.51219,-45.34885,True,-86.52,-99.01633,-125.49898,-41.81629,True
2023-02-27 17:40:00,-109.53,95,-133,-104.7,-98.208855,-125.685616,-42.27143,True,-82.45,-92.810196,-119.024216,-38.89652,True
2023-02-27 17:45:00,-105.41999,95,-136,-100.39,-95.47138,-123.600555,-40.63305,True,-75.88,-90.68625,-117.714424,-37.668434,True
2023-02-27 17:50:00,-103.86,95,-133,-79.04,-93.930405,-122.07441,-40.208046,True,-70.37,-89.123314,-116.21089,-37.217167,True
2023-02-27 17:55:00,-101.21,95,-129,-63.16,-92.67477,-121.57332,-39.07922,True,-72.58,-88.500435,-116.45653,-36.496582,True
2023-02-27 18:00:00,-75.13,95,-126,-59.35,-80.08566,-108.26006,-30.037422,True,-73.56,-81.98938,-109.39523,-31.316435,True
2023-02-27 18:05:00,-50.94,95,-124,-64.37,-68.3333,-98.41613,-20.849476,True,-83.34,-75.18229,-102.75491,-25.997738,True
2023-02-27 18:10:00,-73.55,95,-119,-78.23,-79.57716,-106.52678,-29.578655,True,-83.09,-81.89442,-108.0372,-31.165121,True
2023-02-27 18:15:00,-89.67,95,-116,-93.15,-87.16178,-114.26043,-35.06312,True,-82.79,-85.75442,-112.194885,-34.194237,True
2023-02-27 18:20:00,-88.82,95,-117,-99.04,-86.04061,-112.53518,-34.608067,True,-89.24,-84.50425,-110.3492,-33.652973,True
2023-02-27 18:25:00,-85.44,95,-115,-95.78,-83.176186,-109.04648,-33.03402,True,-96.56,-81.88204,-107.12905,-32.22572,True
2023-02-27 18:30:00,-80.91,95,-112,-90.37,-79.301544,-103.20778,-31.639288,True,-99.30001,-78.313385,-101.616486,-31.0161,True
2023-02-27 18:35:00,-104.12999,95,-110,-86.52,-91.12251,-114.74402,-41.600372,True,-97.6,-84.43536,-106.779785,-37.252037,True
2023-02-27 18:40:00,-104.7,95,-107,-82.45,-90.3804,-113.73182,-41.718094,True,-96.73,-82.97157,-104.94071,-36.881134,True
2023-02-27 18:45:00,-100.39,95,-108,-75.88,-87.43245,-109.23831,-40.53858,True,-94.38,-80.710625,-101.26665,-36.12693,True
2023-02-27 18:50:00,-79.04,95,-104,-70.37,-74.5002,-93.66346,-32.299156,True,-94.45,-72.11895,-90.70173,-30.683064,False
2023-02-27 18:55:00,-63.16,95,-101,-72.58,-65.1848,-83.750916,-25.899529,True,-100.04,-65.839455,-83.729004,-26.441662,False
2023-02-27 19:00:00,-59.35,95,-97,-73.56,-61.25522,-80.31135,-23.399803,True,-112.88,-61.8706,-80.20512,-23.926657,False
2023-02-27 19:05:00,-64.37,95,-94,-83.34,-62.12508,-82.17274,-24.167608,False,-91.28,-60.802647,-80.43331,-23.234943,False
2023-02-27 19:10:00,-78.23,95,-92,-83.09,-69.605705,-91.377625,-28.764189,True,-71.17,-65.055145,-86.476585,-25.67557,True
2023-02-27 19:15:00,-93.15,95,-90,-82.79,-78.36974,-102.93033,-33.73575,True,-70.96,-70.37149,-94.17387,-28.603628,True
2023-02-27 19:20:00,-99.04,95,-88,-89.24,-82.195076,-109.69742,-34.569542,True,-53.28,-72.9346,-99.55712,-28.818138,True
2023-02-27 19:25:00,-95.78,95,-83,-96.56,-81.146034,-108.515785,-33.390854,True,-55.57,-73.09606,-99.786736,-28.412395,True
2023-02-27 19:30:00,-90.37,95,-83,-99.30001,-79.46255,-107.158394,-31.075434,True,-65.14,-73.49142,-100.74685,-27.405033,True
2023-02-27 19:35:00,-86.52,95,-81,-97.6,-79.242256,-107.26534,-29.515366,True,-65.91,-75.227615,-102.8922,-27.067644,True
2023-02-27 19:40:00,-82.45,95,-80,-96.73,-78.53383,-104.92647,-28.910208,True,-55.350002,-76.245,-102.263565,-27.509504,True
2023-02-27 19:45:00,-75.88,95,-80,-94.38,-75.44374,-101.760826,-26.053854,True,-43.55,-74.91266,-100.779335,-25.759459,True
2023-02-27 19:50:00,-70.37,95,-81,-94.45,-72.45697,-98.71573,-23.388954,True,-46.62,-73.13544,-98.79334,-23.89961,True
2023-02-27 19:55:00,-72.58,95,-84,-100.04,-73.60217,-99.579926,-23.806065,False,-46.34,-73.76321,-99.23995,-23.964426,True
2023-02-27 20:00:00,-73.56,95,-87,-112.88,-74.73959,-99.6604,-24.540298,False,-51.47,-74.96604,-99.4182,-24.73666,True
2023-02-27 20:05:00,-83.34,95,-90,-91.28,-81.173134,-105.07719,-28.96143,True,-52.81,-79.80428,-103.34341,-28.115767,True
2023-02-27 20:10:00,-83.09,95,-92,-71.17,-81.87479,-104.992096,-29.085285,True,-51.62,-80.962685,-103.72923,-28.5293,True
2023-02-27 20:15:00,-82.79,95,-92,-70.96,-82.2331,-104.41401,-28.861506,True,-66.9,-81.63283,-103.47477,-28.508854,True
2023-02-27 20:20:00,-89.24,95,-93,-53.28,-86.42874,-108.77756,-31.102613,True,-79.0,-84.69332,-106.70978,-30.02931,True
2023-02-27 20:25:00,-96.56,95,-95,-55.57,-90.78455,-112.30102,-34.560177,True,-78.78,-87.49791,-108.5883,-32.500275,True
2023-02-27 20:30:00,-99.30001,95,-99,-65.14,-91.74547,-110.84958,-37.630512,True,-74.1,-87.51739,-106.05418,-34.915394,True
2023-02-27 20:35:00,-97.6,95,-99,-65.91,-90.82477,-108.535965,-37.66819,True,-68.22,-87.00898,-104.17405,-35.209316,True
2023-02-27 20:40:00,-96.73,95,-101,-55.350002,-89.93445,-107.98834,-36.50749,True,-65.76,-86.13676,-103.664444,-34.080143,True
2023-02-27 20:45:00,-94.38,95,-104,-43.55,-87.570366,-105.0786,-35.203133,True,-63.84,-83.77865,-100.783195,-32.780502,True
2023-02-27 20:50:00,-94.45,95,-110,-46.62,-86.34815,-103.55445,-34.67018,True,-62.11,-81.88741,-98.53281,-31.819775,True
2023-02-27 20:55:00,-100.04,95,-107,-46.34,-88.33856,-105.726616,-36.52379,True,-61.49,-81.91622,-98.4257,-32.433285,True
2023-02-27 21:00:00,-112.88,95,-126,-51.47,-94.70221,-114.151,-41.07942,True,-58.169994,-84.557076,-102.27161,-34.66469,True
2023-02-27 21:05:00,-91.28,95,-126,-52.81,-79.70512,-98.021355,-30.362368,True,-57.81,-73.669525,-91.3292,-26.534744,True
2023-02-27 21:10:00,-71.17,95,-117,-51.62,-67.25078,-84.58004,-21.90286,True,-53.78,-65.11255,-82.31898,-20.461771,True
2023-02-27 21:15:00,-70.96,95,-111,-66.9,-66.55394,-84.16364,-21.461329,True,-53.23,-64.1835,-81.70444,-19.85458,True
2023-02-27 21:20:00,-53.28,95,-105,-79.0,-57.199013,-75.411316,-14.086049,False,-55.4,-58.645885,-76.215416,-15.319001,True
2023-02-27 21:25:00,-55.57,95,-103,-78.78,-58.36054,-77.55723,-14.330414,False,-55.76,-59.30277,-78.00833,-15.151198,True
2023-02-27 21:30:00,-65.14,95,-104,-74.1,-63.540436,-82.39225,-18.244488,True,-52.73,-62.487442,-81.25918,-17.551807,True
2023-02-27 21:35:00,-65.91,95,-110,-68.22,-64.201004,-82.38791,-19.128798,True,-44.31,-63.096092,-81.21777,-18.401642,True
2023-02-27 21:40:00,-55.350002,95,-113,-65.76,-58.85841,-76.97852,-15.317928,True,-34.32,-60.154972,-77.79884,-16.402258,True
2023-02-27 21:45:00,-43.55,95,-113,-63.84,-53.337215,-71.520706,-11.386987,True,-20.03,-57.43953,-74.09045,-14.878985,True
2023-02-27 21:50:00,-46.62,95,-111,-62.11,-55.139748,-71.56684,-13.854588,True,-14.389999,-58.726814,-74.004295,-16.846607,False
2023-02-27 21:55:00,-46.34,95,-110,-61.49,-55.102844,-70.23829,-14.991237,True,-2.6900008,-58.77304,-72.82051,-18.051245,False
2023-02-27 22:00:00,-51.47,95,-108,-58.169994,-57.8356,-72.416794,-17.025772,True,6.1699996,-60.474155,-74.382545,-19.197676,False
2023-02-27 22:05:00,-52.81,95,-110,-57.81,-57.744396,-72.04187,-17.357788,True,-0.41000018,-59.747177,-73.540085,-19.022842,False
2023-02-27 22:10:00,-51.62,95,-111,-53.78,-55.96545,-70.40133,-16.340605,True,-13.75,-57.697243,-71.66134,-17.813505,False
2023-02-27 22:15:00,-66.9,95,-112,-53.23,-63.216774,-77.34434,-22.294056,True,-25.89,-61.17696,-75.40347,-20.874832,True
2023-02-27 22:20:00,-79.0,95,-111,-55.4,-69.463165,-83.2258,-27.906517,True,-28.68,-64.346176,-77.965485,-24.414688,True
2023-02-27 22:25:00,-78.78,95,-110,-55.76,-68.18798,-81.88978,-27.586184,True,-27.58,-62.515335,-76.04039,-23.695072,True
2023-02-27 22:30:00,-74.1,95,-109,-52.73,-64.58637,-79.07718,-24.397482,True,-27.35,-59.514935,-74.02643,-20.888948,True
2023-02-27 22:35:00,-68.22,95,-107,-44.31,-60.76722,-74.64043,-22.01694,True,-27.91,-56.76375,-70.84973,-19.165943,True
2023-02-27 22:40:00,-65.76,95,-108,-34.32,-59.40964,-72.1126,-21.756506,True,-27.62,-55.87366,-68.85575,-19.162258,True
2023-02-27 22:45:00,-63.84,95,-109,-20.03,-57.244442,-70.19243,-20.007992,True,-28.89,-53.576164,-66.87924,-17.263988,True
2023-02-27 22:50:00,-62.11,95,-109,-14.389999,-55.340107,-69.69319,-17.458393,False,-33.57,-51.591053,-66.39315,-14.65816,True
2023-02-27 22:55:00,-61.49,95,-110,-2.6900008,-54.767765,-69.369484,-16.910019,False,-34.12,-51.026585,-66.084274,-14.140825,True
2023-02-27 23:00:00,-58.169994,95,-110,6.1699996,-52.652634,-66.64959,-15.856626,False,-37.56,-49.547253,-64.02363,-13.519124,True
2023-02-27 23:05:00,-57.81,95,-109,-0.41000018,-52.41262,-67.01503,-15.289325,False,-43.76,-49.364544,-64.50115,-12.98682,True
2023-02-27 23:10:00,-53.78,95,-107,-13.75,-49.913723,-65.247154,-13.029466,True,-48.58,-47.679398,-63.55267,-11.322541,True
2023-02-27 23:15:00,-53.23,95,-106,-25.89,-49.691807,-65.56242,-12.615408,True,-50.88,-47.62783,-64.05444,-11.040326,True
2023-02-27 23:20:00,-55.4,95,-106,-28.68,-51.117462,-67.053925,-13.695055,True,-49.94,-48.646255,-65.20974,-11.812813,True
2023-02-27 23:25:00,-55.76,95,-108,-27.58,-51.59704,-67.61764,-14.06954,True,-49.08,-49.191208,-65.85233,-12.244083,True
2023-02-27 23:30:00,-52.73,95,-109,-27.35,-50.079422,-66.23794,-12.964,True,-43.78,-48.500313,-65.19722,-11.779074,True
2023-02-27 23:35:00,-44.31,95,-109,-27.91,-45.4977,-62.249397,-9.433738,True,-36.78,-46.0264,-62.77466,-9.980611,True
2023-02-27 23:40:00,-34.32,95,-108,-27.62,-39.925266,-57.546112,-5.2574944,True,-31.57,-42.94779,-59.43461,-8.030392,True
2023-02-27 23:45:00,-20.03,95,-108,-28.89,-31.172167,-52.987495,2.5743062,True,-25.08,-37.471394,-55.68088,-3.3551543,True
2023-02-27 23:50:00,-14.389999,95,-108,-33.57,-27.580654,-51.345573,5.72566,True,-26.55,-35.13186,-54.08992,-1.4567207,True
2023-02-27 23:55:00,-2.6900008,95,-109,-34.12,-20.077234,-49.77249,12.819092,True,-27.79,-30.32233,-52.167515,2.990875,True
2023-02-28 00:00:00,6.1699996,95,-114,-37.56,-13.826825,-48.885036,18.492535,True,-32.87,-26.003222,-50.7583,6.834163,True
2023-02-28 00:05:00,-0.41000018,95,-117,-43.76,-17.666653,-49.02806,14.965702,True,-38.04,-28.042274,-51.165024,4.9905715,True
2023-02-28 00:10:00,-13.75,95,-113,-48.58,-25.816334,-50.31326,7.166122,True,-38.74,-32.8773,-52.879364,0.42509618,True
2023-02-28 00:15:00,-25.89,95,-110,-50.88,-33.04709,-54.00974,0.75429314,True,-47.510002,-37.151417,-56.23351,-3.0938666,True
2023-02-28 00:20:00,-28.68,95,-110,-49.94,-34.522816,-54.763035,-0.8780044,True,-50.34,-37.912,-56.812798,-4.043014,True
2023-02-28 00:25:00,-27.58,95,-106,-49.08,-32.878925,-56.74592,2.0556505,True,-49.99,-36.009937,-58.489136,-0.9095233,True
2023-02-28 00:30:00,-27.35,95,-103,-43.78,-32.915924,-57.715427,2.2332952,True,-46.61,-36.248787,-59.559578,-0.90047866,True
2023-02-28 00:35:00,-27.91,95,-102,-36.78,-33.561203,-55.46482,-0.3772758,True,-40.68,-37.009037,-57.603443,-3.5506613,True
2023-02-28 00:40:00,-27.62,95,-101,-31.57,-33.61184,-55.947475,-1.0998405,True,-35.1,-37.30017,-58.241756,-4.466686,True
2023-02-28 00:45:00,-28.89,95,-100,-25.08,-34.89703,-59.489376,-1.0570453,True,-32.76,-38.603367,-61.737537,-4.4467845,True
2023-02-28 00:50:00,-33.57,95,-99,-26.55,-38.399113,-62.284622,-3.8685791,True,-32.66,-41.382317,-64.35414,-6.570296,True
2023-02-28 00:55:00,-34.12,95,-100,-27.79,-38.93598,-61.96875,-4.6475034,True,-29.42,-41.927063,-64.12265,-7.342692,True
2023-02-28 01:00:00,-37.56,95,-100,-32.87,-41.310326,-62.431717,-7.1044564,True,-24.63,-43.652294,-64.366936,-9.216589,True
2023-02-28 01:05:00,-43.76,95,-100,-38.04,-45.65181,-64.10832,-11.302413,True,-24.53,-46.864166,-65.47564,-12.431747,True
2023-02-28 01:10:00,-48.58,95,-101,-38.74,-48.909176,-65.46023,-14.805832,True,-24.05,-49.18504,-66.22063,-15.15381,True
2023-02-28 01:15:00,-50.88,95,-101,-47.510002,-50.362503,-65.49086,-16.731071,True,-25.81,-50.140133,-65.87811,-16.680857,True
2023-02-28 01:20:00,-49.94,95,-103,-50.34,-49.43681,-65.468735,-15.176857,True,-27.19,-49.23196,-65.89647,-15.142802,True
2023-02-28 01:25:00,-49.08,95,-105,-49.99,-48.871372,-65.044044,-14.665239,True,-27.33,-48.85477,-65.63727,-14.7860775,True
2023-02-28 01:30:00,-43.78,95,-106,-46.61,-45.437424,-62.354458,-12.108858,True,-28.69,-46.54561,-63.756424,-13.163872,True
2023-02-28 01:35:00,-36.78,95,-109,-40.68,-40.703636,-58.211823,-8.820908,True,-33.91,-43.21403,-60.430073,-11.094512,True
2023-02-28 01:40:00,-31.57,95,-110,-35.1,-36.617023,-56.711956,-4.8566813,True,-41.76,-39.858685,-59.178947,-7.8087125,True
2023-02-28 01:45:00,-25.08,95,-111,-32.76,-31.961573,-54.78881,-0.5649989,True,-43.1,-36.465195,-57.627026,-4.669967,True
2023-02-28 01:50:00,-26.55,95,-110,-32.66,-32.695976,-57.17621,-0.40464053,True,-43.13,-36.76304,-59.817886,-4.112146,True
2023-02-28 01:55:00,-27.79,95,-108,-29.42,-33.473137,-59.531574,-0.49736056,True,-44.220005,-37.279366,-62.06574,-3.94959,True
2023-02-28 02:00:00,-32.87,95,-108,-24.63,-37.25136,-62.06837,-3.7715724,True,-45.48,-40.216084,-64.37879,-6.44272,True
2023-02-28 02:05:00,-38.04,95,-109,-24.53,-41.0543,-66.05516,-6.203774,True,-46.8,-43.12533,-67.99176,-8.081548,True
2023-02-28 02:10:00,-38.74,95,-108,-24.05,-42.0352,-67.368355,-6.6695495,True,-48.47,-44.291462,-69.4254,-8.692657,True
2023-02-28 02:15:00,-47.510002,95,-104,-25.81,-48.551445,-71.2437,-12.449963,True,-48.73,-49.381214,-72.56793,-13.251848,True
2023-02-28 02:20:00,-50.34,95,-102,-27.19,-51.02706,-72.56107,-14.84782,True,-48.73,-51.64588,-73.76212,-15.469029,True
2023-02-28 02:25:00,-49.99,95,-98,-27.33,-51.250736,-72.12896,-15.478827,True,-50.37,-52.236267,-73.594444,-16.387424,True
2023-02-28 02:30:00,-46.61,95,-93,-28.69,-49.416084,-69.860886,-14.417597,True,-51.83,-51.36515,-71.96536,-16.108978,True
2023-02-28 02:35:00,-40.68,95,-91,-33.91,-45.56197,-65.910934,-11.850809,True,-49.05,-48.778553,-68.753365,-14.6374235,True
2023-02-28 02:40:00,-35.1,95,-92,-41.76,-42.000366,-63.49288,-8.980413,True,-47.34,-46.418358,-66.87479,-12.852879,True
2023-02-28 02:45:00,-32.76,95,-94,-43.1,-40.804707,-62.467876,-7.894196,True,-44.44,-45.863422,-66.092804,-12.374744,True
2023-02-28 02:50:00,-32.66,95,-98,-43.13,-40.772346,-60.60384,-8.87154,True,-44.59,-45.825493,-64.29607,-13.364334,True
2023-02-28 02:55:00,-29.42,95,-100,-44.220005,-38.7801,-57.59084,-8.032696,True,-44.4,-44.523064,-61.55322,-13.213289,True
2023-02-28 03:00:00,-24.63,95,-98,-45.48,-35.433224,-55.314873,-5.220321,True,-44.37,-41.99392,-59.38435,-11.231029,True
2023-02-28 03:05:00,-24.53,95,-98,-46.8,-35.014675,-54.443657,-5.428724,True,-42.77,-41.40837,-58.50556,-11.280926,True
2023-02-28 03:10:00,-24.05,95,-98,-48.47,-34.22856,-53.142418,-5.501061,True,-43.11,-40.533665,-57.190926,-11.26659,True
2023-02-28 03:15:00,-25.81,95,-96,-48.73,-34.02909,-52.887154,-5.761499,True,-45.280003,-39.284622,-56.498276,-10.56289,True
2023-02-28 03:20:00,-27.19,95,-95,-48.73,-33.668343,-52.936428,-5.6927133,True,-45.1,-38.0016,-56.16828,-9.634857,True
2023-02-28 03:25:00,-27.33,95,-96,-50.37,-32.937885,-52.180927,-5.7338147,True,-44.46,-36.824265,-55.213726,-9.252395,True
2023-02-28 03:30:00,-28.69,95,-96,-51.83,-33.08796,-51.716225,-6.7702203,False,-42.67,-36.2624,-54.4455,-9.632417,True
2023-02-28 03:35:00,-33.91,95,-96,-49.05,-36.572105,-53.500744,-10.661266,True,-42.92,-38.614285,-55.68535,-12.489658,True
2023-02-28 03:40:00,-41.76,95,-94,-47.34,-41.65069,-56.469887,-16.222372,True,-43.5,-41.843357,-57.43185,-16.431688,True
2023-02-28 03:45:00,-43.1,95,-92,-44.44,-42.094036,-56.686363,-17.43102,True,-42.620003,-41.64902,-57.14671,-17.081211,True
2023-02-28 03:50:00,-43.13,95,-90,-44.59,-42.218987,-58.09713,-17.227587,True,-41.74,-41.8261,-58.62839,-16.911514,True
2023-02-28 03:55:00,-44.220005,95,-92,-44.4,-43.839725,-59.221287,-19.20828,True,-41.12,-43.825527,-60.008087,-19.190893,True
2023-02-28 04:00:00,-45.48,95,-89,-44.37,-45.276558,-58.972786,-21.864689,True,-40.38,-45.39437,-59.83204,-21.933998,True
2023-02-28 04:05:00,-46.8,95,-90,-42.77,-46.909306,-59.622726,-24.184332,True,-40.71,-47.259415,-60.641727,-24.430473,True
2023-02-28 04:10:00,-48.47,95,-89,-43.11,-48.865795,-61.034996,-26.520885,True,-43.71,-49.435116,-62.232998,-26.93726,True
2023-02-28 04:15:00,-48.73,95,-86,-45.280003,-49.522793,-61.6193,-27.719528,True,-43.9,-50.385967,-63.06091,-28.368193,True
2023-02-28 04:20:00,-48.73,95,-84,-45.1,-49.976913,-61.891544,-28.686155,True,-41.07,-51.181526,-63.611145,-29.60132,True
2023-02-28 04:25:00,-50.37,95,-85,-44.46,-51.693916,-62.69408,-31.07176,True,-41.86,-52.97246,-64.47017,-32.027805,True
2023-02-28 04:30:00,-51.83,95,-85,-42.67,-52.893703,-64.71573,-31.933022,True,-44.17,-53.97621,-66.34268,-32.7236,True
2023-02-28 04:35:00,-49.05,95,-87,-42.92,-50.362133,-62.57076,-29.856724,True,-45.54,-51.628822,-64.34676,-30.80199,True
2023-02-28 04:40:00,-47.34,95,-87,-43.5,-48.663452,-60.986115,-28.812742,True,-40.02,-49.939228,-62.754982,-29.762009,True
2023-02-28 04:45:00,-44.44,95,-88,-42.620003,-45.76273,-59.046402,-26.353477,True,-36.89,-47.036293,-60.79556,-27.303463,True
2023-02-28 04:50:00,-44.59,95,-88,-41.74,-45.386383,-58.754036,-26.618677,True,-37.220005,-46.25323,-60.17128,-27.212633,True
2023-02-28 04:55:00,-44.4,95,-87,-41.12,-44.84788,-58.089138,-26.81267,True,-33.85,-45.438145,-59.272102,-27.155437,True
2023-02-28 05:00:00,-44.37,95,-86,-40.38,-44.67805,-57.462666,-27.559992,True,-34.41,-45.1537,-58.53142,-27.781935,True
2023-02-28 05:05:00,-42.77,95,-84,-40.71,-43.16391,-56.0541,-26.918497,True,-36.42,-43.704327,-57.16347,-27.175875,True
2023-02-28 05:10:00,-43.11,95,-85,-43.71,-43.366142,-56.46513,-27.406065,True,-36.87,-43.78552,-57.468212,-27.54643,True
2023-02-28 05:15:00,-45.280003,95,-85,-43.9,-45.26346,-58.271046,-29.315376,True,-40.52,-45.44793,-59.067883,-29.245823,True
2023-02-28 05:20:00,-45.1,95,-83,-41.07,-44.78797,-58.37996,-28.96393,True,-41.82,-44.70249,-58.95011,-28.660173,True
2023-02-28 05:25:00,-44.46,95,-83,-41.86,-43.888535,-58.116302,-28.23061,True,-42.27,-43.56196,-58.502483,-27.7133,True
2023-02-28 05:30:00,-42.67,95,-84,-44.17,-41.415627,-56.936646,-25.924034,True,-45.97,-40.44418,-56.8271,-24.857222,True
2023-02-28 05:35:00,-42.92,95,-83,-45.54,-41.88269,-57.84057,-26.180458,True,-47.69,-41.109116,-57.89572,-25.283497,True
2023-02-28 05:40:00,-43.5,95,-83,-40.02,-42.857677,-58.097668,-27.519617,True,-47.62,-42.437153,-58.403976,-26.906404,True
2023-02-28 05:45:00,-42.620003,95,-82,-36.89,-42.142857,-56.835457,-27.557684,True,-48.19,-41.85711,-57.229248,-27.038733,True
2023-02-28 05:50:00,-41.74,95,-82,-37.220005,-41.689987,-56.269993,-27.363508,True,-46.41,-41.7842,-56.953766,-27.165213,True
2023-02-28 05:55:00,-41.12,95,-81,-33.85,-41.415012,-55.919033,-27.393557,True,-44.11,-41.819305,-56.848274,-27.453032,True
2023-02-28 06:00:00,-40.38,95,-82,-34.41,-40.968086,-54.805576,-27.57022,True,-46.26,-41.633354,-55.91853,-27.844593,True
2023-02-28 06:05:00,-40.71,95,-82,-36.42,-41.087082,-55.05103,-27.693811,True,-46.94,-41.55825,-56.00332,-27.79574,True
2023-02-28 06:10:00,-43.71,95,-79,-36.87,-44.1042,-57.69039,-30.25245,True,-47.67,-44.591522,-58.64088,-30.368805,True
2023-02-28 06:15:00,-43.9,95,-80,-40.52,-43.931515,-57.67719,-30.26518,True,-48.52,-44.080402,-58.33924,-30.082504,True
2023-02-28 06:20:00,-41.07,95,-83,-41.82,-41.02098,-54.80472,-28.151793,True,-45.75,-41.08415,-55.390293,-27.881886,True
2023-02-28 06:25:00,-41.86,95,-82,-42.27,-41.632,-55.56063,-28.672617,True,-40.93,-41.52072,-55.986813,-28.250689,True
2023-02-28 06:30:00,-44.17,95,-81,-45.97,-43.41641,-57.25526,-30.26778,True,-42.26,-42.800583,-57.232445,-29.407299,True
2023-02-28 06:35:00,-45.54,95,-81,-47.69,-44.812588,-58.926765,-31.05788,True,-43.78,-44.22437,-58.92318,-30.229586,True
2023-02-28 06:40:00,-40.02,95,-80,-47.62,-39.18118,-54.56098,-25.956463,True,-45.48,-38.457573,-54.49003,-25.016516,True
2023-02-28 06:45:00,-36.89,95,-80,-48.19,-35.663322,-52.184155,-22.639536,True,-46.85,-34.536266,-51.832066,-21.35511,True
2023-02-28 06:50:00,-37.220005,95,-80,-46.41,-36.072083,-52.550827,-22.884153,True,-48.12,-35.021976,-52.24762,-21.666546,True
2023-02-28 06:55:00,-33.85,95,-81,-44.11,-32.070354,-49.601852,-19.258924,True,-50.93,-30.353506,-48.821285,-17.470818,False
2023-02-28 07:00:00,-34.41,95,-81,-46.26,-33.832767,-50.338352,-21.06759,True,-53.98,-33.331593,-50.452164,-20.324677,False
2023-02-28 07:05:00,-36.42,95,-81,-46.94,-35.943428,-51.444565,-23.322643,True,-54.23,-35.538963,-51.59611,-22.651094,False
2023-02-28 07:10:00,-36.87,95,-81,-47.67,-37.310345,-51.938725,-24.708305,True,-58.7,-37.801857,-52.78713,-24.815798,False
2023-02-28 07:15:00,-40.52,95,-80,-48.52,-41.49164,-55.009075,-28.4723,True,-61.290005,-42.482677,-56.257595,-29.011417,False
2023-02-28 07:20:00,-41.82,95,-80,-45.75,-42.981045,-56.386734,-29.492985,True,-60.53,-44.139816,-57.76553,-30.18557,False
2023-02-28 07:25:00,-42.27,95,-80,-40.93,-43.32154,-57.39794,-29.188528,True,-57.929996,-44.36923,-58.67621,-29.795254,True
2023-02-28 07:30:00,-45.97,95,-81,-42.26,-46.64909,-60.65763,-31.765013,True,-55.29,-47.34639,-61.646206,-32.068054,True
2023-02-28 07:35:00,-47.69,95,-80,-43.78,-48.206375,-62.33069,-32.81866,True,-53.31,-48.749767,-63.181515,-32.99365,True
2023-02-28 07:40:00,-47.62,95,-80,-45.48,-48.740707,-65.79884,-30.997183,True,-52.97,-49.825962,-67.09006,-31.644835,True
2023-02-28 07:45:00,-48.19,95,-79,-46.85,-50.030937,-67.948044,-31.256718,True,-52.7,-51.751556,-69.725815,-32.43063,True
2023-02-28 07:50:00,-46.41,95,-79,-48.12,-48.49958,-66.964264,-29.813738,True,-52.15,-50.44602,-68.88575,-31.181885,True
2023-02-28 07:55:00,-44.11,95,-79,-50.93,-46.203796,-62.81936,-29.306765,True,-51.93,-48.17219,-64.75459,-30.715902,True
2023-02-28 08:00:00,-46.26,95,-79,-53.98,-48.516083,-64.47511,-31.37025,True,-50.52,-50.624256,-66.545204,-32.88909,True
2023-02-28 08:05:00,-46.94,95,-78,-54.23,-49.432377,-65.240486,-32.02087,True,-49.83,-51.747387,-67.47365,-33.715824,True
2023-02-28 08:10:00,-47.67,95,-77,-58.7,-50.32719,-65.43302,-32.966965,True,-47.66,-52.7833,-67.78998,-34.78454,True
2023-02-28 08:15:00,-48.52,95,-74,-61.290005,-51.190468,-65.92883,-33.690903,True,-47.24,-53.65105,-68.2983,-35.511562,True
2023-02-28 08:20:00,-45.75,95,-73,-60.53,-48.431366,-63.82994,-31.17864,True,-47.19,-50.897297,-66.14453,-33.0288,True
2023-02-28 08:25:00,-40.93,95,-73,-57.929996,-43.6688,-61.513218,-26.173765,True,-46.78,-46.204838,-63.764507,-28.105492,True
2023-02-28 08:30:00,-42.26,95,-75,-55.29,-44.562008,-62.3267,-26.843113,True,-46.95,-46.69871,-64.27977,-28.434202,True
2023-02-28 08:35:00,-43.78,95,-76,-53.31,-46.38017,-62.48939,-29.080889,True,-47.11,-48.764812,-64.66396,-30.888973,True
2023-02-28 08:40:00,-45.48,95,-78,-52.97,-47.9457,-65.69032,-29.349415,True,-47.13,-50.18312,-67.724464,-31.018456,True
2023-02-28 08:45:00,-46.85,95,-79,-52.7,-48.705875,-64.782974,-31.182638,True,-47.41,-50.396984,-66.42045,-32.40006,True
2023-02-28 08:50:00,-48.12,95,-79,-52.15,-48.73312,-65.0306,-31.225239,True,-47.44,-49.31076,-65.76392,-31.504848,True
2023-02-28 08:55:00,-50.93,95,-80,-51.93,-51.04444,-66.714615,-33.504066,True,-46.58,-51.161446,-67.05384,-33.39432,True
2023-02-28 09:00:00,-53.98,95,-80,-50.52,-53.56316,-68.898575,-35.88774,True,-46.6,-53.17856,-68.787056,-35.359238,True
2023-02-28 09:05:00,-54.23,95,-80,-49.83,-52.956936,-68.68114,-35.471672,True,-46.48,-51.74858,-67.83591,-34.260242,True
2023-02-28 09:10:00,-58.7,95,-81,-47.66,-56.609837,-72.35941,-38.643764,True,-45.55,-54.578144,-70.7206,-36.7571,True
2023-02-28 09:15:00,-61.290005,95,-80,-47.24,-59.369545,-75.304306,-40.904884,True,-44.91,-57.472294,-73.751396,-39.149082,True
2023-02-28 09:20:00,-60.53,95,-80,-47.19,-58.84943,-74.78565,-40.61951,True,-43.23,-57.168346,-73.42604,-39.04579,True
2023-02-28 09:25:00,-57.929996,95,-81,-46.78,-56.09003,-71.61561,-39.026646,True,-43.63,-54.229877,-70.085,-37.292614,True
2023-02-28 09:30:00,-55.29,95,-82,-46.95,-53.881256,-68.32759,-38.24573,True,-43.84,-52.433136,-67.152664,-36.8428,True
2023-02-28 09:35:00,-53.31,95,-83,-47.11,-52.644386,-66.08923,-37.99039,True,-43.050003,-51.928432,-65.567856,-37.201893,True
2023-02-28 09:40:00,-52.97,95,-84,-47.13,-52.78391,-66.05083,-38.085835,True,-41.5,-52.535538,-65.94407,-37.703655,True
2023-02-28 09:45:00,-52.7,95,-84,-47.41,-52.638237,-66.14725,-37.66897,True,-40.36,-52.513126,-66.1461,-37.40232,True
2023-02-28 09:50:00,-52.15,95,-84,-47.44,-52.15722,-65.710464,-37.15281,True,-39.17,-52.100567,-65.76067,-36.95648,True
2023-02-28 09:55:00,-51.93,95,-82,-46.58,-52.094604,-65.57556,-37.057133,True,-38.3,-52.191063,-65.75263,-37.000675,True
2023-02-28 10:00:00,-50.52,95,-81,-46.6,-50.71172,-64.26921,-35.92668,True,-36.0,-50.840088,-64.462524,-35.911446,True
2023-02-28 10:05:00,-49.83,95,-81,-46.48,-49.847496,-63.559258,-35.12093,True,-36.46,-49.812183,-63.599693,-34.977974,True
2023-02-28 10:10:00,-47.66,95,-81,-45.55,-47.534325,-61.355244,-33.27385,True,-35.47,-47.371677,-61.27639,-33.03753,True
2023-02-28 10:15:00,-47.24,95,-80,-44.91,-46.881527,-60.844376,-32.681175,True,-34.67,-46.498848,-60.56798,-32.26857,True
2023-02-28 10:20:00,-47.19,95,-79,-43.23,-46.539196,-60.486954,-32.467144,True,-33.84,-45.879032,-59.96237,-31.82964,True
2023-02-28 10:25:00,-46.78,95,-78,-43.63,-45.857754,-60.180172,-31.680635,True,-33.25,-44.94224,-59.432564,-30.839777,True
2023-02-28 10:30:00,-46.95,95,-77,-43.84,-45.862682,-60.174637,-31.635916,True,-33.01,-44.793186,-59.28716,-30.675436,True
2023-02-28 10:35:00,-47.11,95,-78,-43.050003,-45.886036,-60.128685,-31.73212,True,-32.78,-44.692093,-59.12516,-30.677582,True
2023-02-28 10:40:00,-47.13,95,-77,-41.5,-45.684055,-60.683697,-31.128553,True,-33.11,-44.289364,-59.51228,-29.921259,True
2023-02-28 10:45:00,-47.41,95,-77,-40.36,-45.76557,-60.49595,-31.307688,True,-32.57,-44.18505,-59.154255,-29.953049,True
2023-02-28 10:50:00,-47.44,95,-76,-39.17,-45.708,-60.293125,-31.38759,True,-33.25,-44.04061,-58.863342,-29.969236,True
2023-02-28 10:55:00,-46.58,95,-74,-38.3,-44.85364,-59.65391,-30.63761,True,-32.88,-43.189983,-58.22415,-29.23203,True
2023-02-28 11:00:00,-46.6,95,-72,-36.0,-44.84865,-59.442394,-30.76394,True,-33.05,-43.154224,-57.969513,-29.340809,True
2023-02-28 11:05:00,-46.48,95,-72,-36.46,-44.695614,-59.192722,-30.738485,True,-33.75,-42.96458,-57.6739,-29.293493,True
2023-02-28 11:10:00,-45.55,95,-71,-35.47,-43.515385,-58.014084,-29.905485,True,-33.78,-41.538555,-56.280186,-28.257776,True
2023-02-28 11:15:00,-44.91,95,-71,-34.67,-42.65722,-58.067986,-28.64876,True,-31.94,-40.4703,-56.16914,-26.84232,True
2023-02-28 11:20:00,-43.23,95,-70,-33.84,-41.042366,-57.095585,-27.1475,True,-31.24,-38.952686,-55.311596,-25.43637,True
2023-02-28 11:25:00,-43.63,95,-69,-33.25,-40.781857,-57.623302,-26.573359,True,-29.95,-38.048733,-55.321335,-24.338161,True
2023-02-28 11:30:00,-43.84,95,-69,-33.01,-40.091824,-59.390476,-24.761816,True,-29.39,-36.459984,-56.42204,-21.82509,True
2023-02-28 11:35:00,-43.050003,95,-68,-32.78,-38.443127,-60.095673,-22.30846,True,-29.59,-33.931763,-56.529606,-18.698977,True
2023-02-28 11:40:00,-41.5,95,-67,-33.11,-36.28723,-60.623524,-19.479229,True,-29.85,-31.149145,-56.721184,-15.418364,True
2023-02-28 11:45:00,-40.36,95,-66,-32.57,-35.146545,-62.154037,-17.624063,True,-28.51,-30.053741,-58.41955,-13.658853,True
2023-02-28 11:50:00,-39.17,95,-65,-33.25,-33.880703,-63.79022,-15.715022,True,-27.27,-28.800459,-60.20596,-11.814244,True
2023-02-28 11:55:00,-38.3,95,-65,-32.88,-34.092873,-64.035194,-16.08023,True,-27.27,-30.17716,-61.243237,-13.089545,True
2023-02-28 12:00:00,-36.0,95,-64,-33.05,-33.943653,-60.48823,-17.275467,True,-28.06,-32.135082,-59.057125,-15.923537,True
2023-02-28 12:05:00,-36.46,95,-64,-33.75,-34.761173,-61.42868,-17.644335,True,-28.37,-33.3057,-60.214844,-16.58185,True
2023-02-28 12:10:00,-35.47,95,-64,-33.78,-35.39302,-62.28261,-18.053947,True,-28.86,-35.44508,-62.03164,-18.219193,True
2023-02-28 12:15:00,-34.67,95,-64,-31.94,-36.30245,-64.77792,-18.14193,True,-29.03,-37.860535,-65.437294,-19.52735,True
2023-02-28 12:20:00,-33.84,95,-63,-31.24,-36.56542,-66.21418,-17.79712,True,-28.91,-39.04237,-67.397415,-19.92454,True
2023-02-28 12:25:00,-33.25,95,-63,-29.95,-36.738068,-66.187065,-17.811666,True,-29.02,-39.840397,-67.72846,-20.457596,True
2023-02-28 12:30:00,-33.01,95,-63,-29.39,-36.866096,-66.23064,-17.786839,True,-29.19,-40.255894,-67.92815,-20.675436,True
2023-02-28 12:35:00,-32.78,95,-62,-29.59,-36.965553,-66.038445,-17.867176,True,-28.56,-40.61021,-67.873924,-20.977636,True
2023-02-28 12:40:00,-33.11,95,-62,-29.85,-37.299816,-65.70332,-18.233658,True,-26.33,-40.93076,-67.53674,-21.345736,True
2023-02-28 12:45:00,-32.57,95,-62,-28.51,-36.51691,-64.37649,-17.664164,True,-24.11,-39.95297,-66.089806,-20.636663,True
2023-02-28 12:50:00,-33.25,95,-61,-27.27,-37.55571,-63.828335,-18.850435,True,-23.69,-41.262424,-65.74818,-22.065874,True
2023-02-28 12:55:00,-32.88,95,-62,-27.27,-37.249603,-62.75322,-18.739603,True,-22.32,-41.002422,-64.704315,-22.01262,True
2023-02-28 13:00:00,-33.05,95,-62,-28.06,-37.716904,-62.535652,-19.250465,True,-21.84,-41.68212,-64.62871,-22.709707,False
2023-02-28 13:05:00,-33.75,95,-63,-28.37,-38.652428,-61.825382,-20.41834,True,-20.91,-42.767742,-64.071625,-24.0255,False
2023-02-28 13:10:00,-33.78,95,-63,-28.86,-38.555515,-60.416805,-20.725195,True,-21.54,-42.54903,-62.623707,-24.257858,False
2023-02-28 13:15:00,-31.94,95,-63,-29.03,-37.083397,-57.76261,-19.995413,True,-20.96,-41.370605,-60.161213,-23.818558,False
2023-02-28 13:20:00,-31.24,95,-64,-28.91,-35.815266,-56.215855,-19.195782,True,-19.76,-39.662655,-58.322884,-22.65961,False
2023-02-28 13:25:00,-29.95,95,-63,-29.02,-34.184944,-54.51643,-18.11818,True,-18.89,-37.77951,-56.437107,-21.379513,False
2023-02-28 13:30:00,-29.39,95,-63,-29.19,-33.05829,-54.170826,-17.1295,True,-18.88,-36.204716,-55.764904,-20.001253,False
2023-02-28 13:35:00,-29.59,95,-64,-28.56,-32.295113,-52.939587,-16.7457,True,-18.8,-34.661087,-54.051533,-18.962599,False
2023-02-28 13:40:00,-29.85,95,-63,-26.33,-31.082632,-51.817078,-15.832779,True,-19.13,-32.233185,-52.142944,-17.017027,True
2023-02-28 13:45:00,-28.51,95,-63,-24.11,-28.403414,-51.826782,-13.023836,True,-20.2,-28.423393,-51.38606,-13.244329,True
2023-02-28 13:50:00,-27.27,95,-63,-23.69,-26.101978,-51.08184,-10.812852,True,-20.75,-25.18633,-50.052757,-10.25297,True
2023-02-28 13:55:00,-27.27,95,-62,-22.32,-25.640026,-52.2854,-10.030094,True,-21.17,-24.306555,-50.99235,-9.130934,True
2023-02-28 14:00:00,-28.06,95,-62,-21.84,-26.39172,-53.65146,-10.469984,True,-21.68,-25.020147,-52.318333,-9.546614,True
2023-02-28 14:05:00,-28.37,95,-61,-20.91,-27.460253,-53.990612,-11.609108,True,-21.92,-26.772455,-53.059315,-11.251935,True
2023-02-28 14:10:00,-28.86,95,-61,-21.54,-29.324919,-51.698753,-14.340883,True,-23.46,-29.84522,-51.530437,-15.006626,True
2023-02-28 14:15:00,-29.03,95,-60,-20.96,-30.139112,-50.94696,-15.393354,True,-25.24,-31.207964,-51.1427,-16.530634,True
2023-02-28 14:20:00,-28.91,95,-60,-19.76,-29.79076,-50.594677,-14.9730015,True,-25.9,-30.656385,-50.64995,-15.939719,True
2023-02-28 14:25:00,-29.02,95,-60,-18.89,-30.328342,-50.289257,-15.6287775,True,-25.62,-31.552988,-50.58393,-16.905115,True
2023-02-28 14:30:00,-29.19,95,-59,-18.88,-31.33287,-50.907112,-16.490622,True,-26.93,-33.24796,-51.643684,-18.35374,True
2023-02-28 14:35:00,-28.56,95,-58,-18.8,-31.631258,-49.232697,-17.312435,True,-27.16,-34.293648,-50.50614,-19.837807,True
2023-02-28 14:40:00,-26.33,95,-58,-19.13,-29.84426,-46.51929,-16.182142,True,-27.77,-32.869682,-48.033176,-19.048727,True
2023-02-28 14:45:00,-24.11,95,-58,-20.2,-27.620222,-44.735714,-14.293954,True,-27.9,-30.651424,-46.200615,-17.171917,True
2023-02-28 14:50:00,-23.69,95,-58,-20.75,-27.011559,-43.623646,-14.041161,True,-27.94,-29.87548,-44.993336,-16.782972,True
2023-02-28 14:55:00,-22.32,95,-57,-21.17,-25.439947,-42.955143,-12.5361185,True,-28.97,-28.142387,-44.165745,-15.131476,True
2023-02-28 15:00:00,-21.84,95,-56,-21.68,-23.94332,-40.70836,-11.629418,True,-29.65,-25.81011,-41.40583,-13.515988,True
2023-02-28 15:05:00,-20.91,95,-57,-21.92,-22.683586,-39.5814,-10.865031,True,-29.9,-24.287844,-40.106697,-12.523395,True
2023-02-28 15:10:00,-21.54,95,-57,-23.46,-22.678524,-38.507748,-11.503272,True,-31.94,-23.73906,-38.720222,-12.695424,True
2023-02-28 15:15:00,-20.96,95,-57,-25.24,-21.329018,-37.056465,-10.880951,True,-33.07,-21.730204,-36.83005,-11.50344,True
2023-02-28 15:20:00,-19.76,95,-56,-25.9,-19.407167,-35.4697,-9.710273,True,-32.98,-19.172575,-34.811718,-9.782555,True
2023-02-28 15:25:00,-18.89,95,-56,-25.62,-17.304878,-34.65951,-7.802525,True,-33.23,-15.949136,-33.2274,-6.9062495,False
2023-02-28 15:30:00,-18.88,95,-56,-26.93,-16.92505,-34.35343,-7.9206796,True,-33.56,-15.198966,-32.65742,-6.7112756,False
2023-02-28 15:35:00,-18.8,95,-56,-27.16,-17.081095,-34.863056,-8.088112,True,-32.63,-15.552485,-33.286926,-7.059736,True
2023-02-28 15:40:00,-19.13,95,-55,-27.77,-17.45619,-34.86287,-8.68312,True,-32.91,-15.969251,-33.307545,-7.697861,True
2023-02-28 15:45:00,-20.2,95,-56,-27.9,-18.74313,-35.211197,-10.170067,True,-32.52,-17.45972,-33.797615,-9.357673,True
2023-02-28 15:50:00,-20.75,95,-55,-27.94,-19.067272,-34.84656,-10.880673,True,-31.88,-17.573946,-33.287884,-9.886873,True
2023-02-28 15:55:00,-21.17,95,-55,-28.97,-19.64073,-35.466576,-11.392014,True,-31.1,-18.290594,-33.99895,-10.525636,True
2023-02-28 16:00:00,-21.68,95,-55,-29.65,-20.099508,-35.995617,-11.662761,True,-29.73,-18.70007,-34.49182,-10.751573,True
2023-02-28 16:05:00,-21.92,95,-55,-29.9,-19.96847,-35.7998,-11.481478,True,-26.33,-18.208906,-34.03061,-10.263911,True
2023-02-28 16:10:00,-23.46,95,-55,-31.94,-21.016172,-37.56177,-12.024374,True,-27.08,-18.788944,-35.446545,-10.416193,True
2023-02-28 16:15:00,-25.24,95,-56,-33.07,-22.422941,-40.516663,-12.4242735,True,-30.11,-19.847948,-38.16373,-10.531409,True
2023-02-28 16:20:00,-25.9,95,-56,-32.98,-23.553946,-42.592667,-12.822217,True,-32.25,-21.431526,-40.558277,-11.313638,True
2023-02-28 16:25:00,-25.62,95,-57,-33.23,-23.997494,-43.0436,-13.096211,True,-32.93,-22.558338,-41.48503,-12.151469,True
2023-02-28 16:30:00,-26.93,95,-57,-33.56,-25.955105,-44.622906,-14.574775,True,-32.14,-25.112934,-43.44774,-14.132129,True
2023-02-28 16:35:00,-27.16,95,-57,-32.63,-26.559576,-44.71528,-15.032178,True,-31.74,-26.053339,-43.764637,-14.869012,True
2023-02-28 16:40:00,-27.77,95,-57,-32.91,-27.169825,-43.58709,-15.869144,True,-33.9,-26.65594,-42.653385,-15.701971,True
2023-02-28 16:45:00,-27.9,95,-57,-32.52,-27.98061,-43.731754,-16.561811,True,-34.46,-28.068995,-43.219727,-16.903543,True
2023-02-28 16:50:00,-27.94,95,-56,-31.88,-28.56718,-44.60163,-16.599293,True,-37.58,-29.133307,-44.40235,-17.341543,True
2023-02-28 16:55:00,-28.97,95,-57,-31.1,-29.971245,-45.10089,-17.675549,True,-43.75,-30.848639,-45.141064,-18.680246,True
2023-02-28 17:00:00,-29.65,95,-57,-29.73,-31.014952,-46.161293,-18.086658,True,-47.93,-32.1891,-46.404408,-19.337082,False
2023-02-28 17:05:00,-29.9,95,-57,-26.33,-31.807064,-47.806595,-17.943148,True,-52.27,-33.424736,-48.32186,-19.553032,False
2023-02-28 17:10:00,-31.94,95,-57,-27.08,-34.204506,-50.78018,-19.080862,True,-55.16,-36.0834,-51.465694,-20.888216,False
2023-02-28 17:15:00,-33.07,95,-58,-30.11,-35.916985,-52.01603,-20.125748,True,-54.4,-38.242367,-53.018696,-22.303778,False
2023-02-28 17:20:00,-32.98,95,-58,-32.25,-36.17912,-52.386524,-19.913095,True,-50.53,-38.76992,-53.560307,-22.306273,True
2023-02-28 17:25:00,-33.23,95,-58,-32.93,-36.69029,-53.883816,-19.67313,True,-50.58,-39.462563,-55.1362,-22.198912,True
2023-02-28 17:30:00,-33.56,95,-58,-32.14,-37.522366,-56.91984,-19.06658,True,-54.36,-40.652004,-58.331043,-21.84343,True
2023-02-28 17:35:00,-32.63,95,-58,-31.74,-37.76261,-60.035076,-17.786636,True,-52.8,-41.774174,-61.89014,-21.231537,True
2023-02-28 17:40:00,-32.91,95,-59,-33.9,-38.942875,-62.49288,-17.866173,True,-46.16,-43.588234,-64.69638,-21.78653,True
2023-02-28 17:45:00,-32.52,95,-59,-34.46,-39.83506,-64.27022,-17.903187,True,-42.47,-45.382973,-66.977425,-22.524607,True
2023-02-28 17:50:00,-31.88,95,-59,-37.58,-40.511307,-65.45423,-17.963526,True,-47.45,-46.95424,-68.658264,-23.293308,True
2023-02-28 17:55:00,-31.1,95,-59,-43.75,-41.04867,-63.864605,-18.872868,True,-48.34,-48.37351,-67.65607,-24.989573,True
2023-02-28 18:00:00,-29.73,95,-58,-47.93,-41.05682,-64.08649,-18.287474,True,-50.76,-49.236195,-68.30346,-25.12146,True
2023-02-28 18:05:00,-26.33,95,-56,-52.27,-38.87601,-62.84052,-15.9732,True,-52.74,-47.81727,-67.23837,-23.495972,True
2023-02-28 18:10:00,-27.08,95,-54,-55.16,-39.638084,-62.98012,-16.153145,True,-56.34,-48.413128,-67.3218,-23.563408,True
2023-02-28 18:15:00,-30.11,95,-55,-54.4,-41.81465,-64.198524,-17.352552,True,-57.46,-49.82039,-68.27608,-24.098988,True
2023-02-28 18:20:00,-32.25,95,-55,-50.53,-42.880848,-65.000374,-17.554445,True,-58.61,-50.007805,-68.63052,-23.558075,True
2023-02-28 18:25:00,-32.93,95,-54,-50.58,-42.78941,-64.95963,-16.825357,True,-57.17,-49.293808,-68.212975,-22.313833,True
2023-02-28 18:30:00,-32.14,95,-53,-54.36,-41.889736,-65.158264,-15.091564,True,-54.12,-48.227814,-68.19804,-20.448196,True
2023-02-28 18:35:00,-31.74,95,-53,-52.8,-41.31405,-66.767654,-13.006228,True,-52.99,-47.42162,-69.517586,-18.157995,True
2023-02-28 18:40:00,-33.9,95,-56,-46.16,-42.83491,-68.94658,-13.006274,True,-51.69,-48.385414,-71.41621,-17.665518,True
2023-02-28 18:45:00,-34.46,95,-58,-42.47,-43.119328,-69.76297,-12.350753,True,-46.41,-48.396027,-72.05501,-16.787148,True
2023-02-28 18:50:00,-37.58,95,-59,-47.45,-44.96626,-70.773605,-13.302218,True,-36.3,-49.353367,-72.68035,-16.98799,True
2023-02-28 18:55:00,-43.75,95,-60,-48.34,-48.878,-72.43562,-16.36217,True,-25.78,-51.804375,-73.68598,-18.81504,True
2023-02-28 19:00:00,-47.93,95,-60,-50.76,-50.762115,-73.53468,-17.246078,True,-26.11,-52.255943,-73.91152,-18.529043,True
2023-02-28 19:05:00,-52.27,95,-60,-52.74,-52.249348,-73.316154,-18.343296,True,-26.99,-52.02176,-72.51132,-18.252554,True
2023-02-28 19:10:00,-55.16,95,-61,-56.34,-53.298763,-74.43852,-18.140392,True,-28.44,-51.98109,-72.796394,-17.199337,True
2023-02-28 19:15:00,-54.4,95,-62,-57.46,-52.46946,-74.44963,-16.306217,True,-30.18,-51.115486,-72.78647,-15.3324995,True
2023-02-28 19:20:00,-50.53,95,-62,-58.61,-49.75245,-71.82922,-13.683819,True,-31.35,-49.064823,-70.67895,-13.221063,True
2023-02-28 19:25:00,-50.58,95,-60,-57.17,-49.493725,-70.66042,-13.583062,True,-17.64,-48.62673,-69.38957,-12.970869,True
2023-02-28 19:30:00,-54.36,95,-61,-54.12,-51.62521,-70.52064,-16.278008,True,-18.7,-49.808285,-68.51414,-14.90683,True
2023-02-28 19:35:00,-52.8,95,-60,-52.99,-50.523373,-67.751465,-16.447493,True,-20.13,-48.963337,-65.96474,-15.261638,True
2023-02-28 19:40:00,-46.16,95,-58,-51.69,-46.21651,-62.330723,-14.028621,True,-9.86,-46.013992,-61.614063,-13.940797,False
2023-02-28 19:45:00,-42.47,95,-56,-46.41,-43.678185,-59.034733,-12.643598,True,1.5500008,-44.157383,-58.817135,-13.136135,False
2023-02-28 19:50:00,-47.45,95,-56,-36.3,-46.717464,-60.77323,-15.808506,True,2.3800008,-46.049908,-59.74232,-15.32742,False
2023-02-28 19:55:00,-48.34,95,-56,-25.78,-47.048996,-60.366173,-16.717663,True,-2.66,-46.046524,-59.08339,-15.95622,False
2023-02-28 20:00:00,-50.76,95,-56,-26.11,-48.13477,-61.089523,-17.706377,True,-5.28,-46.33166,-59.151188,-16.281488,False
2023-02-28 20:05:00,-52.74,95,-56,-26.99,-48.908012,-61.688385,-18.612625,True,-10.28,-46.360912,-59.10824,-16.579277,False
2023-02-28 20:10:00,-56.34,95,-58,-28.44,-51.12926,-63.581528,-20.682066,True,-18.42,-47.726833,-60.193417,-17.980183,True
2023-02-28 20:15:00,-57.46,95,-60,-30.18,-51.77934,-62.785915,-22.72578,True,-23.99,-48.034348,-59.039124,-19.744017,True
2023-02-28 20:20:00,-58.61,95,-60,-31.35,-52.62633,-63.074142,-24.340832,True,-27.87,-48.61806,-59.046803,-21.158297,True
2023-02-28 20:25:00,-57.17,95,-61,-17.64,-51.76737,-62.2795,-24.035383,False,-31.83,-48.06388,-58.57474,-21.097233,True
2023-02-28 20:30:00,-54.12,95,-60,-18.7,-49.634243,-60.030968,-22.932423,False,-33.3,-46.463715,-56.874683,-20.41063,True
2023-02-28 20:35:00,-52.99,95,-59,-20.13,-48.96371,-58.669598,-23.410162,False,-33.3,-46.048717,-55.7604,-21.09283,True
2023-02-28 20:40:00,-51.69,95,-59,-9.86,-48.0687,-57.487392,-23.385427,False,-32.4,-45.38382,-54.809433,-21.25252,True
2023-02-28 20:45:00,-46.41,95,-59,1.5500008,-44.419647,-54.131725,-20.662271,False,-31.230001,-42.823868,-52.46943,-19.415934,True
2023-02-28 20:50:00,-36.3,95,-59,2.3800008,-36.790966,-47.466072,-14.639433,False,-29.1,-36.948917,-47.237747,-14.85888,True
2023-02-28 20:55:00,-25.78,95,-57,-2.66,-28.564688,-40.697372,-8.231974,False,-25.88,-30.461073,-41.608944,-9.946688,True
2023-02-28 21:00:00,-26.11,95,-57,-5.28,-28.767307,-40.742294,-8.668434,False,-26.68,-30.56872,-41.600155,-10.29834,True
2023-02-28 21:05:00,-26.99,95,-56,-10.28,-29.59145,-41.22532,-9.534035,True,-26.87,-31.345898,-42.07755,-11.121102,True
2023-02-28 21:10:00,-28.44,95,-50,-18.42,-30.736877,-42.03951,-10.600846,True,-27.13,-32.262554,-42.774925,-11.986472,True
2023-02-28 21:15:00,-30.18,95,-48,-23.99,-31.684023,-42.21507,-11.695904,True,-29.39,-32.622116,-42.589684,-12.578475,True
2023-02-28 21:20:00,-31.35,95,-49,-27.87,-32.297035,-42.670826,-12.36663,True,-29.62,-32.822247,-42.773163,-12.893936,True
2023-02-28 21:25:00,-17.64,95,-51,-31.83,-20.349316,-33.608864,-2.6357386,True,-31.22,-22.320173,-34.537914,-4.401674,True
2023-02-28 21:30:00,-18.7,95,-50,-33.3,-20.763552,-33.030865,-3.7373755,False,-29.38,-22.236483,-33.71089,-5.082071,True
2023-02-28 21:35:00,-20.13,95,-49,-33.3,-21.6077,-32.62761,-5.2642093,False,-25.5,-22.617107,-33.066826,-6.219935,True
2023-02-28 21:40:00,-9.86,95,-48,-32.4,-12.181029,-25.619087,2.2483175,False,-27.22,-13.935224,-26.427998,0.6664006,False
2023-02-28 21:45:00,1.5500008,95,-48,-31.230001,-1.3560413,-18.986847,11.169334,False,-28.06,-3.6197913,-19.885637,9.187244,False
2023-02-28 21:50:00,2.3800008,95,-47,-29.1,-0.050188377,-18.239424,12.054386,False,-27.11,-1.8991531,-18.91149,10.429852,False
2023-02-28 21:55:00,-2.66,95,-47,-25.88,-4.259044,-21.42423,8.563936,False,-27.1,-5.395106,-21.762836,7.540384,False
2023-02-28 22:00:00,-5.28,95,-47,-26.68,-6.7338166,-24.060972,6.7531943,False,-28.34,-7.743156,-24.349363,5.8460364,False
2023-02-28 22:05:00,-10.28,95,-48,-26.87,-12.018636,-27.479715,2.1054857,True,-28.75,-13.27492,-27.984047,0.9866788,False
2023-02-28 22:10:00,-18.42,95,-48,-27.13,-19.267311,-31.444296,-4.7539268,True,-27.87,-19.771738,-31.592396,-5.250892,True
2023-02-28 22:15:00,-23.99,95,-48,-29.39,-23.844109,-35.369984,-8.351237,True,-26.72,-23.5121,-34.978016,-8.135366,True
2023-02-28 22:20:00,-27.87,95,-48,-29.62,-27.512438,-39.029514,-11.21288,True,-24.2,-27.011162,-38.533123,-10.847478,True
2023-02-28 22:25:00,-31.83,95,-48,-31.22,-31.712568,-41.822685,-15.497526,True,-16.01,-31.431753,-41.50678,-15.314041,True
2023-02-28 22:30:00,-33.3,95,-48,-29.38,-33.444084,-42.477623,-17.7158,True,-9.6,-33.388943,-42.349854,-17.721342,False
2023-02-28 22:35:00,-33.3,95,-49,-25.5,-32.9915,-42.27087,-17.389555,True,-12.34,-32.55784,-41.86845,-17.069567,False
2023-02-28 22:40:00,-32.4,95,-49,-27.22,-31.727793,-41.815697,-16.005142,True,-14.92,-30.982882,-41.194153,-15.417168,False
2023-02-28 22:45:00,-31.230001,95,-49,-28.06,-30.981503,-41.655483,-14.915688,True,-21.77,-30.59014,-41.312836,-14.623446,True
2023-02-28 22:50:00,-29.1,95,-49,-27.11,-29.85516,-41.004147,-13.591616,True,-23.86,-30.28422,-41.25602,-13.994137,True
2023-02-28 22:55:00,-25.88,95,-46,-27.1,-27.438255,-38.3542,-12.083268,True,-26.81,-28.525204,-39.0599,-13.053385,True
2023-02-28 23:00:00,-26.68,95,-47,-28.34,-28.114717,-38.767914,-12.9508,True,-27.04,-29.104172,-39.432236,-13.836734,True
2023-02-28 23:05:00,-26.87,95,-47,-28.75,-28.188566,-38.440933,-13.131524,True,-22.39,-29.092493,-39.071007,-13.943471,True
2023-02-28 23:10:00,-27.13,95,-49,-27.87,-27.84448,-37.84791,-13.338488,True,-23.51,-28.262518,-38.1571,-13.732866,True
2023-02-28 23:15:00,-29.39,95,-50,-26.72,-29.424034,-38.81156,-15.122446,True,-23.83,-29.292852,-38.744698,-15.04545,True
2023-02-28 23:20:00,-29.62,95,-51,-24.2,-28.855207,-38.395092,-15.12995,True,-24.63,-28.048832,-37.83255,-14.477315,True
2023-02-28 23:25:00,-31.22,95,-53,-16.01,-29.841152,-38.844814,-16.455135,False,-27.99,-28.515148,-37.87918,-15.360166,True
2023-02-28 23:30:00,-29.38,95,-52,-9.6,-27.738874,-36.794556,-15.335122,False,-31.14,-26.159227,-35.64134,-14.020999,True
2023-02-28 23:35:00,-25.5,95,-49,-12.34,-23.509233,-33.048492,-12.553491,False,-30.8,-21.567347,-31.638912,-10.924484,True
2023-02-28 23:40:00,-27.22,95,-49,-14.92,-25.100594,-34.14803,-14.29943,True,-30.0,-23.055748,-32.636223,-12.581013,True
2023-02-28 23:45:00,-28.06,95,-48,-21.77,-24.450146,-34.193523,-13.7734785,True,-30.62,-20.983334,-31.539635,-10.850328,True
2023-02-28 23:50:00,-27.11,95,-46,-23.86,-22.536524,-34.622005,-10.220568,True,-29.93,-18.10765,-31.36138,-6.5294385,True
2023-02-28 23:55:00,-27.1,95,-46,-26.81,-21.788334,-33.80747,-9.891766,True,-27.99,-16.59969,-29.903656,-5.559999,True
2023-03-01 00:00:00,-28.34,95,-37,-27.04,-23.566986,-33.88567,-12.553947,True,-28.97,-18.935926,-30.273172,-8.647675,True
2023-03-01 00:05:00,-28.75,95,-38,-22.39,-24.717344,-34.23783,-14.177465,True,-28.32,-20.848537,-31.207872,-10.898452,True
2023-03-01 00:10:00,-27.87,95,-39,-23.51,-25.200474,-33.88303,-15.03266,True,-26.44,-22.662308,-31.96935,-12.870942,True
2023-03-01 00:15:00,-26.72,95,-38,-23.83,-24.69315,-32.837666,-14.952873,True,-23.9,-22.77169,-31.444489,-13.3061905,True
2023-03-01 00:20:00,-24.2,95,-38,-24.63,-22.278978,-30.503662,-13.170685,True,-24.23,-20.442907,-29.207201,-11.583027,True
2023-03-01 00:25:00,-16.01,95,-38,-27.99,-13.15852,-23.461754,-5.192921,False,-24.77,-10.355921,-21.525389,-2.7544196,False
2023-03-01 00:30:00,-9.6,95,-33,-31.14,-6.3225064,-17.851763,0.18694083,False,-24.55,-3.0936625,-15.691638,3.0217092,False
2023-03-01 00:35:00,-12.34,95,-33,-30.8,-7.7999253,-19.430708,-1.3659157,False,-24.42,-3.3580763,-16.306454,2.5253866,False
2023-03-01 00:40:00,-14.92,95,-35,-30.0,-9.871501,-21.031187,-3.8725111,False,-25.11,-4.92007,-17.394436,0.48195043,False
2023-03-01 00:45:00,-21.77,95,-35,-30.62,-16.580303,-26.582703,-10.544403,False,-26.23,-11.469108,-22.56506,-6.0382857,False
2023-03-01 00:50:00,-23.86,95,-38,-29.93,-19.589752,-28.622623,-14.1761,False,-26.28,-15.390776,-25.28398,-10.436979,False
2023-03-01 00:55:00,-26.81,95,-37,-27.99,-24.427364,-31.977924,-19.22162,True,-26.42,-22.14121,-30.231869,-17.153452,True
2023-03-01 01:00:00,-27.04,95,-38,-28.97,-25.476812,-32.52314,-20.472042,True,-25.24,-24.000912,-31.479921,-19.108458,True
2023-03-01 01:05:00,-22.39,95,-35,-28.32,-21.29802,-28.668371,-16.781569,True,-23.61,-20.24062,-28.021961,-15.76854,True
2023-03-01 01:10:00,-23.51,95,-33,-26.44,-22.447598,-29.634706,-17.96667,True,-23.55,-21.434446,-29.022728,-16.983982,True
2023-03-01 01:15:00,-23.83,95,-32,-23.9,-22.305855,-29.808462,-17.858452,True,-23.15,-20.84186,-28.816486,-16.466173,True
2023-03-01 01:20:00,-24.63,95,-30,-24.23,-22.650532,-30.343527,-18.36492,True,-22.01,-20.74459,-28.96354,-16.572096,True
2023-03-01 01:25:00,-27.99,95,-30,-24.77,-25.402752,-33.20803,-20.893394,True,-21.62,-22.921158,-31.291769,-18.593578,True
2023-03-01 01:30:00,-31.14,95,-31,-24.55,-28.03596,-36.11029,-22.833675,True,-21.33,-25.060217,-33.739906,-20.109264,True
2023-03-01 01:35:00,-30.8,95,-32,-24.42,-27.315208,-35.859905,-21.816872,True,-21.39,-23.929781,-33.16871,-18.726076,True
2023-03-01 01:40:00,-30.0,95,-30,-25.11,-25.954842,-35.073112,-20.528873,True,-21.32,-21.94624,-31.866209,-16.881432,True
2023-03-01 01:45:00,-30.62,95,-29,-26.23,-26.528233,-35.79389,-20.821037,True,-21.74,-22.457537,-32.549324,-17.116772,True
2023-03-01 01:50:00,-29.93,95,-28,-26.28,-26.431387,-35.543068,-20.568756,True,-21.8,-22.969091,-32.86357,-17.38782,True
2023-03-01 01:55:00,-27.99,95,-24,-26.42,-25.924355,-34.14244,-20.446121,True,-21.86,-23.942625,-32.757534,-18.543089,True
2023-03-01 02:00:00,-28.97,95,-23,-25.24,-27.438328,-35.075283,-22.001585,True,-21.08,-26.015549,-34.159695,-20.581137,True
2023-03-01 02:05:00,-28.32,95,-26,-23.61,-27.401741,-34.73503,-21.655104,True,-21.27,-26.59565,-34.371582,-20.773642,True
2023-03-01 02:10:00,-26.44,95,-25,-23.55,-25.959616,-33.222107,-20.336908,True,-21.55,-25.573463,-33.229034,-19.81929,True
2023-03-01 02:15:00,-23.9,95,-22,-23.15,-23.644754,-31.067064,-18.384253,True,-21.27,-23.46094,-31.2563,-18.033926,True
2023-03-01 02:20:00,-24.23,95,-21,-22.01,-23.927984,-31.386639,-18.683432,True,-21.08,-23.70366,-31.546164,-18.287569,True
2023-03-01 02:25:00,-24.77,95,-21,-21.62,-24.206997,-31.728935,-19.192968,True,-21.58,-23.731491,-31.66606,-18.562563,True
2023-03-01 02:30:00,-24.55,95,-24,-21.33,-23.685833,-31.345348,-19.132462,True,-22.11,-22.909094,-31.016195,-18.217798,True
2023-03-01 02:35:00,-24.42,95,-26,-21.39,-23.034266,-30.94792,-19.168211,True,-22.26,-21.720829,-30.14072,-17.749924,True
2023-03-01 02:40:00,-25.11,95,-25,-21.32,-23.182575,-31.319857,-19.68035,True,-22.01,-21.311201,-30.007483,-17.74521,True
2023-03-01 02:45:00,-26.23,95,-24,-21.74,-23.609829,-32.172516,-20.1923,True,-21.62,-21.007816,-30.208796,-17.59363,True
2023-03-01 02:50:00,-26.28,95,-24,-21.8,-23.359337,-32.26144,-19.753424,True,-21.41,-20.421461,-30.039358,-16.84451,True
2023-03-01 02:55:00,-26.42,95,-25,-21.86,-23.614223,-32.513004,-20.035032,True,-21.15,-20.782394,-30.392427,-17.210775,True
2023-03-01 03:00:00,-25.24,95,-25,-21.08,-22.383423,-31.416784,-19.023834,True,-21.38,-19.466585,-29.2486,-16.104715,True
2023-03-01 03:05:00,-23.61,95,-24,-21.27,-20.851543,-30.013388,-17.739794,True,-20.94,-18.014935,-27.939016,-14.876198,True
2023-03-01 03:10:00,-23.55,95,-24,-21.55,-20.927061,-30.054148,-17.789654,True,-21.09,-18.231546,-28.108156,-15.04411,True
2023-03-01 03:15:00,-23.15,95,-24,-21.27,-20.687765,-29.772057,-17.489674,True,-21.02,-18.15981,-27.99185,-14.880608,True
2023-03-01 03:20:00,-22.01,95,-24,-21.08,-19.617573,-28.701988,-16.556133,True,-20.88,-17.151634,-26.990316,-13.987455,True
2023-03-01 03:25:00,-21.62,95,-23,-21.58,-19.247038,-28.278135,-16.237705,True,-20.03,-16.795929,-26.589363,-13.666313,True
2023-03-01 03:30:00,-21.33,95,-23,-22.11,-18.850183,-27.919224,-15.938504,True,-20.06,-16.279047,-26.13661,-13.23876,True
2023-03-01 03:35:00,-21.39,95,-24,-22.26,-18.735022,-27.97887,-15.736878,True,-19.23,-15.966413,-26.047028,-12.851146,True
2023-03-01 03:40:00,-21.32,95,-24,-22.01,-18.654053,-27.96974,-15.699603,True,-19.22,-15.863398,-26.028982,-12.777652,True
2023-03-01 03:45:00,-21.74,95,-25,-21.62,-19.120983,-28.401554,-16.219284,True,-18.6,-16.374756,-26.483665,-13.326052,True
2023-03-01 03:50:00,-21.8,95,-24,-21.41,-19.08819,-28.406214,-16.36929,True,-18.78,-16.231447,-26.378595,-13.359451,True
2023-03-01 03:55:00,-21.86,95,-25,-21.15,-19.001932,-28.53199,-16.189814,True,-18.41,-15.978817,-26.379147,-13.024694,True
2023-03-01 04:00:00,-21.08,95,-25,-21.38,-18.085499,-27.827463,-15.308075,True,-17.55,-14.896528,-25.566748,-11.9761095,True
2023-03-01 04:05:00,-21.27,95,-26,-20.94,-18.017967,-28.10261,-14.970765,True,-17.55,-14.535313,-25.627253,-11.37587,True
2023-03-01 04:10:00,-21.55,95,-26,-21.09,-18.535124,-28.287819,-15.649593,True,-16.99,-15.315618,-25.991247,-12.271092,True
2023-03-01 04:15:00,-21.27,95,-26,-21.02,-18.232044,-28.067753,-15.410661,True,-16.21,-14.979435,-25.736902,-11.9987135,True
2023-03-01 04:20:00,-21.08,95,-26,-20.88,-17.938877,-28.042017,-14.88728,True,-16.02,-14.566195,-25.658833,-11.364242,True
2023-03-01 04:25:00,-21.58,95,-26,-20.03,-18.67725,-28.651838,-15.482454,True,-15.54,-15.5681305,-26.483364,-12.194149,True
2023-03-01 04:30:00,-22.11,95,-26,-20.06,-19.376627,-29.263659,-16.026827,True,-15.36,-16.455383,-27.251705,-12.904248,True
2023-03-01 04:35:00,-22.26,95,-26,-19.23,-19.494637,-29.440502,-16.082464,True,-15.11,-16.534513,-27.403933,-12.920367,True
2023-03-01 04:40:00,-22.01,95,-26,-19.22,-19.115406,-29.403385,-15.410478,True,-14.55,-16.008986,-27.296371,-12.120425,True
2023-03-01 04:45:00,-21.62,95,-26,-18.6,-18.721262,-29.3448,-14.712465,True,-13.8,-15.605614,-27.295122,-11.417369,True
2023-03-01 04:50:00,-21.41,95,-27,-18.78,-18.430435,-29.318436,-14.195904,True,-14.55,-15.221206,-27.239809,-10.815409,True
2023-03-01 04:55:00,-21.15,95,-27,-18.41,-18.183157,-29.268497,-13.769053,True,-14.01,-14.984312,-27.230093,-10.397859,True
2023-03-01 05:00:00,-21.38,95,-28,-17.55,-18.336884,-29.570692,-13.759266,True,-12.9,-15.048591,-27.466866,-10.306626,True
2023-03-01 05:05:00,-20.94,95,-27,-17.55,-17.823334,-29.25289,-13.150919,True,-13.6,-14.448105,-27.10069,-9.619509,True
2023-03-01 05:10:00,-21.09,95,-28,-16.99,-17.937937,-29.384348,-13.218881,True,-13.37,-14.519558,-27.185923,-9.644191,True
2023-03-01 05:15:00,-21.02,95,-28,-16.21,-17.783777,-29.526865,-12.878529,True,-13.989999,-14.268962,-27.279121,-9.222762,True
2023-03-01 05:20:00,-20.88,95,-28,-16.02,-17.492332,-29.504559,-12.446024,True,-14.34,-13.807718,-27.148209,-8.644631,True
2023-03-01 05:25:00,-20.03,95,-27,-15.54,-16.46125,-28.816677,-11.392882,True,-13.53,-12.568408,-26.354294,-7.4001613,True
2023-03-01 05:30:00,-20.06,95,-27,-15.36,-16.585833,-29.010876,-11.445848,True,-13.94,-12.794468,-26.629602,-7.547425,True
2023-03-01 05:35:00,-19.23,95,-27,-15.11,-15.7772255,-28.433636,-10.63649,True,-13.82,-12.005656,-26.102695,-6.75719,True
2023-03-01 05:40:00,-19.22,95,-27,-14.55,-15.8406105,-28.544666,-10.625904,True,-14.15,-12.149092,-26.276752,-6.8197284,True
2023-03-01 05:45:00,-18.6,95,-27,-13.8,-15.268992,-28.064342,-10.096524,True,-14.42,-11.630689,-25.848364,-6.3377805,True
2023-03-01 05:50:00,-18.78,95,-27,-14.55,-15.5323715,-28.456337,-10.230677,True,-14.21,-11.989211,-26.315979,-6.567927,True
2023-03-01 05:55:00,-18.41,95,-27,-14.01,-15.073632,-28.370577,-9.636496,True,-14.51,-11.435579,-26.20182,-5.8934827,True
2023-03-01 06:00:00,-17.55,95,-26,-12.9,-13.995349,-27.771118,-8.475624,True,-14.29,-10.11652,-25.471308,-4.5294595,True
2023-03-01 06:05:00,-17.55,95,-25,-13.6,-13.8100605,-27.5285,-8.32942,True,-13.95,-9.72962,-25.074451,-4.199368,True
2023-03-01 06:10:00,-16.99,95,-25,-13.37,-13.141196,-27.31796,-7.5938945,True,-14.17,-8.9469595,-24.818031,-3.3822024,True
2023-03-01 06:15:00,-16.21,95,-26,-13.989999,-11.730895,-27.001604,-5.957331,True,-15.48,-6.850696,-24.110249,-1.1664966,True
2023-03-01 06:20:00,-16.02,95,-27,-14.34,-11.4683895,-27.632874,-5.244962,True,-15.92,-6.5513854,-24.826897,-0.45169863,True
2023-03-01 06:25:00,-15.54,95,-26,-13.53,-10.974614,-27.474178,-4.654263,True,-15.71,-6.063561,-24.706789,0.12163894,True
2023-03-01 06:30:00,-15.36,95,-26,-13.94,-10.890217,-27.040958,-4.7922063,True,-16.37,-6.093123,-24.326721,-0.10396607,True
2023-03-01 06:35:00,-15.11,95,-26,-13.82,-10.721017,-27.092718,-4.558887,True,-16.65,-6.0231166,-24.465,0.03214805,True
2023-03-01 06:40:00,-14.55,95,-26,-14.15,-10.252513,-27.623405,-3.7029784,True,-14.48,-5.68545,-25.159986,0.73366135,True
2023-03-01 06:45:00,-13.8,95,-27,-14.42,-9.138519,-26.857277,-2.7242758,True,-15.42,-4.198957,-24.1713,2.0369966,True
2023-03-01 06:50:00,-14.55,95,-26,-14.21,-9.946678,-27.052975,-3.5062296,True,-15.15,-5.079326,-24.35458,1.2039601,True
2023-03-01 06:55:00,-14.01,95,-27,-14.51,-9.244369,-26.228378,-2.926039,True,-14.7,-4.1715226,-23.36201,1.9664856,True
2023-03-01 07:00:00,-12.9,95,-28,-14.29,-7.8004537,-25.78964,-1.3855194,True,-15.289999,-2.378647,-22.77349,3.7820852,True
2023-03-01 07:05:00,-13.6,95,-29,-13.95,-8.428238,-26.692513,-1.6825203,True,-19.75,-2.9236605,-23.619812,3.5345,True
2023-03-01 07:10:00,-13.37,95,-28,-14.17,-8.206885,-26.684393,-1.426104,True,-17.36,-2.71056,-23.62172,3.7717264,True
2023-03-01 07:15:00,-13.989999,95,-28,-15.48,-8.924712,-27.24413,-2.0237257,True,-10.69,-3.5339415,-24.220074,3.0761163,True
2023-03-01 07:20:00,-14.34,95,-28,-15.92,-9.670956,-27.994236,-2.6033766,True,-12.41,-4.7075086,-25.229652,2.1087873,True
2023-03-01 07:25:00,-13.53,95,-28,-15.71,-8.80424,-27.025366,-1.9119114,True,-10.02,-3.783868,-24.215267,2.8563974,True
2023-03-01 07:30:00,-13.94,95,-29,-16.37,-9.391587,-27.245998,-2.4246619,True,-11.42,-4.571032,-24.531496,2.170099,True
2023-03-01 07:35:00,-13.82,95,-30,-16.65,-9.55285,-27.622293,-2.3963168,True,-15.55,-5.0539927,-25.132757,1.9006859,True
2023-03-01 07:40:00,-14.15,95,-30,-14.48,-10.181275,-27.5247,-3.1390288,True,-7.9500003,-6.0126815,-25.200035,0.8809945,True
2023-03-01 07:45:00,-14.42,95,-30,-15.42,-11.005242,-28.824562,-3.5656168,True,-6.68,-7.4685807,-26.940763,-0.1254657,True
2023-03-01 07:50:00,-14.21,95,-30,-15.15,-10.038088,-27.528269,-2.893471,True,-9.68,-5.701588,-25.086369,1.2687088,True
2023-03-01 07:55:00,-14.51,95,-29,-14.7,-10.101041,-27.460375,-2.9211562,True,-9.17,-5.5130153,-24.82579,1.4629399,True
2023-03-01 08:00:00,-14.29,95,-28,-15.289999,-9.374539,-26.886166,-2.2958815,True,-10.39,-4.243933,-23.88203,2.56126,True
2023-03-01 08:05:00,-13.95,95,-28,-19.75,-8.896793,-26.395954,-1.9426845,True,-9.51,-3.616913,-23.277685,3.0424707,True
2023-03-01 08:10:00,-14.17,95,-30,-17.36,-9.042358,-26.101027,-2.2624419,True,-10.86,-3.6639922,-22.857336,2.8166158,True
2023-03-01 08:15:00,-15.48,95,-30,-10.69,-10.276766,-26.810736,-3.5168002,True,-11.19,-4.7821965,-23.392376,1.6716915,True
2023-03-01 08:20:00,-15.92,95,-30,-12.41,-10.989312,-26.944214,-4.3900924,True,-13.3,-5.7834945,-23.65301,0.55003136,True
2023-03-01 08:25:00,-15.71,95,-29,-10.02,-10.05467,-26.76635,-3.4029734,True,-10.77,-4.068417,-22.965107,2.1989515,True
2023-03-01 08:30:00,-16.37,95,-28,-11.42,-9.143602,-27.437511,-2.165003,True,-11.35,-1.4421009,-22.5135,4.867851,True
2023-03-01 08:35:00,-16.65,95,-26,-15.55,-9.234623,-29.72933,-1.4279789,True,-11.46,-1.4132484,-24.94656,5.579868,True
2023-03-01 08:40:00,-14.48,95,-28,-7.9500003,-6.737391,-28.47112,0.9849488,True,-9.91,1.3302437,-23.68938,8.156376,True
2023-03-01 08:45:00,-15.42,95,-28,-6.68,-7.5513196,-29.673962,0.5716664,True,-8.84,0.66301316,-24.786888,7.830997,True
2023-03-01 08:50:00,-15.15,95,-27,-9.68,-7.392878,-31.053373,1.2837235,True,-7.609999,0.6294953,-26.41804,8.300852,True
2023-03-01 08:55:00,-14.7,95,-26,-9.17,-8.849166,-30.89253,-0.27957568,True,-6.6700015,-2.876778,-27.491413,5.0472045,True
2023-03-01 09:00:00,-15.289999,95,-29,-10.39,-10.602157,-30.62223,-2.1581023,True,-9.49,-5.8304114,-27.855953,2.1783903,True
2023-03-01 09:05:00,-19.75,95,-25,-9.51,-16.37201,-33.987156,-7.4079156,True,-9.88,-12.958202,-31.923603,-4.22874,True
2023-03-01 09:10:00,-17.36,95,-18,-10.86,-14.527084,-32.12598,-5.756106,True,-10.0,-11.704347,-30.488007,-3.1055968,True
2023-03-01 09:15:00,-10.69,95,-21,-11.19,-7.794165,-27.770075,0.6227452,True,-9.47,-4.964103,-26.271557,3.235008,True
2023-03-01 09:20:00,-12.41,95,-19,-13.3,-10.227898,-29.503,-1.421326,True,-10.4,-8.129498,-28.41813,0.54312485,True
2023-03-01 09:25:00,-10.02,95,-18,-10.77,-7.739164,-28.0221,0.9164044,True,-11.22,-5.561848,-26.921705,2.9292314,True
2023-03-01 09:30:00,-11.42,95,-20,-11.35,-8.954413,-28.661549,-0.26753268,True,-11.16,-6.576184,-27.393568,1.9185654,True
2023-03-01 09:35:00,-15.55,95,-18,-11.46,-13.131597,-30.721283,-4.371573,True,-11.91,-10.775693,-29.354452,-2.1873534,True
2023-03-01 09:40:00,-7.9500003,95,-16,-9.91,-4.488564,-24.715899,3.3601606,True,-11.68,-1.1334556,-22.862757,6.3817325,True
2023-03-01 09:45:00,-6.68,95,-17,-8.84,-2.6533568,-23.656916,4.992601,True,-11.26,1.236282,-21.505524,8.462685,True
2023-03-01 09:50:00,-9.68,95,-22,-7.609999,-5.4481435,-25.465492,2.467264,True,-11.52,-1.3040241,-23.065552,6.1620154,True
2023-03-01 09:55:00,-9.17,95,-20,-6.6700015,-4.227629,-24.140474,3.3061903,True,-11.26,0.6259343,-21.27736,7.619495,True
2023-03-01 10:00:00,-10.39,95,-20,-9.49,-5.579085,-25.315495,2.1367185,True,-9.309999,-0.8426021,-22.484148,6.3335185,True
2023-03-01 10:05:00,-9.51,95,-21,-9.88,-4.142261,-24.009163,3.3344133,True,-9.01,1.1475445,-20.823854,8.006262,True
2023-03-01 10:10:00,-10.86,95,-21,-10.0,-5.0410304,-24.565023,2.4680402,True,-9.08,0.7452771,-20.9881,7.5655227,True
2023-03-01 10:15:00,-11.19,95,-23,-9.47,-4.828196,-25.0555,2.7845361,True,-9.71,1.51852,-21.123634,8.332907,True
2023-03-01 10:20:00,-13.3,95,-21,-10.4,-7.3865094,-27.084352,0.5408532,True,-9.45,-1.4619507,-23.339767,5.7116866,True
2023-03-01 10:25:00,-10.77,95,-21,-11.22,-4.879767,-25.048334,2.7484682,True,-10.29,0.965368,-21.423557,7.8345046,True
2023-03-01 10:30:00,-11.35,95,-20,-11.16,-5.6394763,-25.101185,1.9381672,True,-10.43,0.03741996,-21.516775,6.8825126,True
2023-03-01 10:35:00,-11.46,95,-20,-11.91,-6.01671,-25.44536,1.6219364,True,-10.02,-0.6149257,-22.02208,6.313089,True
2023-03-01 10:40:00,-9.91,95,-15,-11.68,-4.9433866,-24.448278,2.531164,True,-9.83,-0.07916482,-21.40547,6.743423,True
2023-03-01 10:45:00,-8.84,95,-14,-11.26,-3.9949763,-24.324768,3.541538,True,-9.68,0.69641274,-21.44435,7.576736,True
2023-03-01 10:50:00,-7.609999,95,-10,-11.52,-2.711714,-23.408445,4.743545,True,-10.14,1.9892365,-20.547558,8.775045,True
2023-03-01 10:55:00,-6.6700015,95,-11,-11.26,-1.7136005,-22.617718,5.6665397,True,-10.600001,3.0088346,-19.753643,9.705477,True
2023-03-01 11:00:00,-9.49,95,-15,-9.309999,-4.6056304,-24.732782,3.15781,True,-10.89,0.10383956,-21.782759,7.1834674,True
2023-03-01 11:05:00,-9.88,95,-15,-9.01,-4.967604,-24.9915,2.8697011,True,-10.05,-0.23070367,-21.999083,6.911178,True
2023-03-01 11:10:00,-10.0,95,-12,-9.08,-5.0439878,-24.947868,2.8039663,True,-9.45,-0.26692805,-21.905605,6.8719573,True
2023-03-01 11:15:00,-9.47,95,-11,-9.71,-4.197905,-24.17779,3.5387666,True,-9.21,0.886295,-20.930613,7.865257,True
2023-03-01 11:20:00,-10.4,95,-15,-9.45,-5.094953,-24.664972,2.6805875,True,-8.46,0.04455726,-21.326023,7.052608,True
2023-03-01 11:25:00,-11.22,95,-14,-10.29,-5.868711,-25.167967,1.9569165,True,-8.59,-0.6690448,-21.742565,6.3752894,True
2023-03-01 11:30:00,-11.16,95,-14,-10.43,-5.646834,-25.253168,2.2183397,True,-7.2100005,-0.29484972,-21.727423,6.7509837,True
2023-03-01 11:35:00,-11.91,95,-15,-10.02,-6.4321084,-25.921274,1.5856949,True,-7.43,-1.109341,-22.379627,6.0832458,True
2023-03-01 11:40:00,-11.68,95,-13,-9.83,-6.163258,-25.76343,1.8637329,True,-7.609999,-0.8137916,-22.201246,6.37458,True
2023-03-01 11:45:00,-11.26,95,-14,-9.68,-5.842525,-25.508514,2.1684968,True,-7.0500007,-0.61027366,-22.024826,6.5685573,True
2023-03-01 11:50:00,-11.52,95,-15,-10.14,-6.392039,-26.075455,1.7216488,True,-6.6,-1.458651,-22.776245,5.852365,True
2023-03-01 11:55:00,-11.26,95,-13,-10.600001,-6.194061,-26.00111,1.9525925,True,-5.68,-1.3373798,-22.75228,6.008697,True
2023-03-01 12:00:00,-9.309999,95,-12,-10.89,-4.3578324,-24.718094,3.6074083,True,-4.82,0.33325735,-21.62694,7.505407,True
2023-03-01 12:05:00,-9.01,95,-12,-10.05,-4.238541,-24.619202,3.8307168,True,-5.43,0.26513448,-21.640793,7.5580916,True
2023-03-01 12:10:00,-9.08,95,-12,-9.45,-4.5011487,-24.58582,3.5566385,True,-4.4100003,-0.19116242,-21.708786,7.1163344,True
2023-03-01 12:15:00,-9.71,95,-13,-9.21,-5.2466817,-25.057753,2.8922956,True,-4.57,-1.0441612,-22.216227,6.3556705,True
2023-03-01 12:20:00,-9.45,95,-13,-8.46,-5.055495,-24.559107,3.0267541,True,-4.9,-0.9217914,-21.738194,6.4287257,True
2023-03-01 12:25:00,-10.29,95,-14,-8.59,-6.10218,-25.203041,2.0784967,True,-5.77,-2.160025,-22.466238,5.3113837,True
2023-03-01 12:30:00,-10.43,95,-14,-7.2100005,-6.326612,-25.189812,1.7977768,True,-5.9500003,-2.467911,-22.487371,4.9568553,True
2023-03-01 12:35:00,-10.02,95,-15,-7.43,-6.0524087,-25.141977,2.0367124,True,-4.5500007,-2.343817,-22.547281,5.055761,True
2023-03-01 12:40:00,-9.83,95,-15,-7.609999,-6.0133815,-24.919647,2.01741,True,-4.9899993,-2.4591238,-22.4138,4.899118,True
2023-03-01 12:45:00,-9.68,95,-15,-7.0500007,-5.9524436,-24.726185,1.986694,True,-4.1300006,-2.4929507,-22.271023,4.7823577,True
2023-03-01 12:50:00,-10.14,95,-16,-6.6,-6.5561423,-25.070663,1.4222656,True,-4.0100007,-3.2335093,-22.680178,4.0957294,True
2023-03-01 12:55:00,-10.600001,95,-16,-5.68,-7.0084376,-25.205883,0.92395943,True,-3.86,-3.674414,-22.779308,3.6059663,True
2023-03-01 13:00:00,-10.89,95,-16,-4.82,-7.178388,-25.656603,0.8551251,True,-4.0899997,-3.7245715,-23.145147,3.6342676,True
2023-03-01 13:05:00,-10.05,95,-16,-5.43,-6.239844,-25.006983,1.6888615,True,-2.1900008,-2.7043345,-22.453741,4.5315166,True
2023-03-01 13:10:00,-9.45,95,-16,-4.4100003,-5.736468,-24.389967,2.057823,True,-1.5499996,-2.3066676,-21.90342,4.806579,True
2023-03-01 13:15:00,-9.21,95,-15,-4.57,-5.656317,-24.070007,2.032377,True,0.55000085,-2.3915312,-21.681416,4.6368213,True
2023-03-01 13:20:00,-8.46,95,-15,-4.9,-4.963863,-23.334631,2.558853,True,-0.7500003,-1.7736343,-20.993715,5.0933356,True
2023-03-01 13:25:00,-8.59,95,-14,-5.77,-5.1993365,-23.328493,2.3359067,True,-0.26000056,-2.1098921,-21.035748,4.7808414,True
2023-03-01 13:30:00,-7.2100005,95,-14,-5.9500003,-3.8728402,-22.293676,3.4968278,True,-0.090000466,-0.854708,-20.06371,5.874002,True
2023-03-01 13:35:00,-7.43,95,-14,-4.5500007,-4.1639667,-22.333391,3.1672971,True,-0.6100009,-1.2125038,-20.128298,5.485204,True
2023-03-01 13:40:00,-7.609999,95,-14,-4.9899993,-4.3731713,-22.321674,2.9367235,True,-1.3899997,-1.4472107,-20.115454,5.2310424,True
2023-03-01 13:45:00,-7.0500007,95,-14,-4.1300006,-3.7169554,-21.51212,3.3924253,True,-0.74000007,-0.70479995,-19.241772,5.762399,True
2023-03-01 13:50:00,-6.6,95,-13,-4.0100007,-3.1738932,-20.75345,3.708965,True,-0.7199996,-0.07527764,-18.414175,6.1558146,True
2023-03-01 13:55:00,-5.68,95,-12,-3.86,-2.2770846,-19.74482,4.331821,True,-5.32,0.78739136,-17.422297,6.745809,True
2023-03-01 14:00:00,-4.82,95,-12,-4.0899997,-1.5847801,-19.246292,4.8867297,True,-4.53,1.3067642,-17.046055,7.144674,True
2023-03-01 14:05:00,-5.43,95,-12,-2.1900008,-2.248522,-19.557915,4.2023673,True,-4.5399995,0.6019456,-17.359467,6.4240603,True
2023-03-01 14:10:00,-4.4100003,95,-12,-1.5499996,-1.2588886,-18.798666,5.0309215,True,-4.8800006,1.5478703,-16.637594,7.211557,True
2023-03-01 14:15:00,-4.57,95,-12,0.55000085,-1.4398235,-19.541676,5.012819,True,-4.4100003,1.34263,-17.397264,7.1592383,True
2023-03-01 14:20:00,-4.9,95,-12,-0.7500003,-1.6951965,-19.529251,4.709106,True,-3.7099993,1.1606537,-17.323713,6.923818,True
2023-03-01 14:25:00,-5.77,95,-12,-0.26000056,-2.444422,-19.780071,3.9240186,True,-3.5200007,0.53772134,-17.460054,6.252128,True
2023-03-01 14:30:00,-5.9500003,95,-12,-0.090000466,-2.625353,-19.609201,3.6329095,True,-3.3999999,0.35891882,-17.26284,5.961597,True
2023-03-01 14:35:00,-4.5500007,95,-12,-0.6100009,-1.2485679,-18.514515,4.81072,True,-4.02,1.6963555,-16.20893,7.1032786,True
2023-03-01 14:40:00,-4.9899993,95,-12,-1.3899997,-1.4994167,-18.58966,4.5322585,True,-4.3000007,1.6392628,-16.129467,6.995172,True
2023-03-01 14:45:00,-4.1300006,95,-11,-0.74000007,-0.35948595,-18.313614,5.6900935,True,-4.6700006,3.0333765,-15.69898,8.362143,True
2023-03-01 14:50:00,-4.0100007,95,-11,-0.7199996,-0.21940453,-17.583557,5.6367507,True,-4.8300004,3.1981199,-14.920532,8.338825,True
2023-03-01 14:55:00,-3.86,95,-11,-5.32,0.0028664304,-17.657635,5.8434577,True,-4.78,3.48888,-14.951873,8.602737,True
2023-03-01 15:00:00,-4.0899997,95,-10,-4.53,-0.21832116,-18.20961,5.7307143,True,-5.28,3.2761629,-15.493927,8.485376,True
2023-03-01 15:05:00,-2.1900008,95,-9,-4.5399995,1.5883747,-17.16117,7.468906,True,-6.2400002,4.954082,-14.5758915,10.106115,True
2023-03-01 15:10:00,-1.5499996,95,-8,-4.8800006,1.8063256,-17.061562,7.6714015,True,-5.7600007,4.76032,-14.748421,9.945183,True
2023-03-01 15:15:00,0.55000085,95,-7,-4.4100003,3.4938276,-15.715187,9.208378,True,-5.6600003,6.0261436,-13.700421,11.119577,True
2023-03-01 15:20:00,-0.7500003,95,-7,-3.7099993,1.9263397,-16.498646,7.790338,True,-8.22,4.2360625,-14.594836,9.508657,True
2023-03-01 15:25:00,-0.26000056,95,-7,-3.5200007,2.022537,-16.487904,7.9569583,True,-8.99,3.9594724,-14.815666,9.345549,True
2023-03-01 15:30:00,-0.090000466,95,-7,-3.3999999,1.9938141,-16.7283,8.068485,True,-9.369999,3.7458875,-15.174495,9.297602,True
2023-03-01 15:35:00,-0.6100009,95,-7,-4.02,1.4057842,-17.107561,7.610618,True,-9.34,3.1001413,-15.575109,8.786848,True
2023-03-01 15:40:00,-1.3899997,95,-7,-4.3000007,0.6685235,-17.534088,6.9680285,True,-9.75,2.4112146,-15.959404,8.187954,True
2023-03-01 15:45:00,-0.74000007,95,-7,-4.6700006,1.4255692,-16.272083,7.4489627,True,-8.2,3.2621,-14.641347,8.759554,True
2023-03-01 15:50:00,-0.7199996,95,-8,-4.8300004,1.4763714,-16.234966,7.4974265,True,-8.26,3.3429315,-14.574846,8.831984,True
2023-03-01 15:55:00,-5.32,95,-9,-4.78,-2.8800128,-19.094929,3.5314596,True,-7.8400006,-0.72958976,-17.185844,5.1162086,True
2023-03-01 16:00:00,-4.53,95,-9,-5.28,-2.0548804,-18.413275,4.252668,True,-7.02,0.12722747,-16.490015,5.8691344,True
2023-03-01 16:05:00,-4.5399995,95,-9,-6.2400002,-1.9871315,-18.12488,4.2388053,True,-6.5800004,0.27436796,-16.130968,5.923881,True
2023-03-01 16:10:00,-4.8800006,95,-9,-5.7600007,-2.30909,-18.010843,3.8168504,True,-6.86,-0.016222315,-15.97986,5.535896,True
2023-03-01 16:15:00,-4.4100003,95,-9,-5.6600003,-1.8838409,-17.49099,4.1416945,True,-7.6600003,0.37372366,-15.475439,5.831552,True
2023-03-01 16:20:00,-3.7099993,95,-8,-8.22,-1.322142,-16.773031,4.5586467,True,-9.17,0.809385,-14.831123,6.138889,True
2023-03-01 16:25:00,-3.5200007,95,-8,-8.99,-1.4528736,-16.717735,4.441978,True,-9.52,0.38801542,-14.971145,5.7727656,True
2023-03-01 16:30:00,-3.3999999,95,-8,-9.369999,-1.3011574,-17.258362,4.771297,True,-7.9100003,0.56969804,-15.490618,6.125911,True
2023-03-01 16:35:00,-4.02,95,-8,-9.34,-1.9581665,-17.634226,4.1400714,True,-6.3700004,-0.115761116,-15.886102,5.4739337,True
2023-03-01 16:40:00,-4.3000007,95,-8,-9.75,-2.2785227,-17.916126,3.8866937,True,-4.4900002,-0.4714664,-16.185112,5.187612,True
2023-03-01 16:45:00,-4.6700006,95,-8,-8.2,-2.9216025,-18.597992,3.3781545,True,-4.39,-1.366835,-17.038145,4.4589915,True
2023-03-01 16:50:00,-4.8300004,95,-7,-8.26,-3.0609496,-18.966177,3.3240373,True,-3.2199996,-1.4880432,-17.40194,4.423515,True
2023-03-01 16:55:00,-4.78,95,-8,-7.8400006,-3.0814517,-18.433456,3.2012117,True,-6.0500007,-1.5720199,-16.912773,4.2487617,True
2023-03-01 17:00:00,-5.28,95,-8,-7.02,-3.6777709,-18.757208,2.7166517,True,-9.16,-2.251181,-17.28102,3.6912916,True
2023-03-01 17:05:00,-6.2400002,95,-8,-6.5800004,-4.5754285,-19.279621,1.946201,True,-8.469999,-3.0809653,-17.752155,2.9853742,True
2023-03-01 17:10:00,-5.7600007,95,-8,-6.86,-4.1025567,-18.99853,2.445171,True,-5.94,-2.6146986,-17.477152,3.4809759,True
2023-03-01 17:15:00,-5.6600003,95,-7,-7.6600003,-3.988644,-19.006874,2.6245077,True,-3.3099997,-2.4854777,-17.475155,3.6750448,True
2023-03-01 17:20:00,-8.22,95,-8,-9.17,-6.4520698,-20.625725,0.40027204,True,-1.0900005,-4.841518,-19.004328,1.5487477,True
2023-03-01 17:25:00,-8.99,95,-9,-9.52,-7.095123,-21.054762,-0.16596444,True,-2.1499999,-5.359877,-19.3333,1.0902916,True
2023-03-01 17:30:00,-9.369999,95,-9,-7.9100003,-7.1896195,-21.298496,-0.1538089,True,-1.7299999,-5.1845174,-19.380117,1.3376614,True
2023-03-01 17:35:00,-9.34,95,-8,-6.3700004,-6.901506,-21.224564,0.19880836,True,-1.9500011,-4.6535983,-19.13142,1.901672,True
2023-03-01 17:40:00,-9.75,95,-8,-4.4900002,-7.572664,-21.579863,-0.400349,True,-3.2600005,-5.5591874,-19.653309,1.1037861,True
2023-03-01 17:45:00,-8.2,95,-8,-4.39,-6.5022426,-20.357452,0.44175687,True,-3.0599997,-4.9335675,-18.760958,1.563356,True
2023-03-01 17:50:00,-8.26,95,-8,-3.2199996,-6.878329,-20.365965,0.09506576,True,-3.529999,-5.5945506,-18.966791,0.96832055,True
2023-03-01 17:55:00,-7.8400006,95,-7,-6.0500007,-6.307838,-20.10963,0.8086526,True,-4.4900002,-4.883016,-18.610064,1.8071038,True
2023-03-01 18:00:00,-7.02,95,-7,-9.16,-5.1641364,-19.334402,1.9521519,True,-6.52,-3.4424307,-17.635002,3.214052,True
2023-03-01 18:05:00,-6.5800004,95,-7,-8.469999,-4.3709636,-18.971699,2.7963006,True,-6.8000007,-2.325474,-17.049278,4.340017,True
2023-03-01 18:10:00,-6.86,95,-7,-5.94,-4.3410134,-19.255995,2.9937665,True,-7.65,-2.0078928,-17.1321,4.784988,True
2023-03-01 18:15:00,-7.6600003,95,-7,-3.3099997,-5.2049203,-19.981606,2.3036993,True,-8.14,-2.921654,-17.886122,4.051801,True
2023-03-01 18:20:00,-9.17,95,-7,-1.0900005,-6.4311366,-20.85093,1.2736679,True,-7.5000005,-3.8773482,-18.541279,3.2528303,True
2023-03-01 18:25:00,-9.52,95,-7,-2.1499999,-6.9488873,-21.127897,0.81225175,True,-6.39,-4.5425353,-18.926033,2.6694448,True
2023-03-01 18:30:00,-7.9100003,95,-7,-1.7299999,-5.7944064,-19.982277,1.7862068,True,-7.6300006,-3.8080027,-18.097881,3.2872198,True
2023-03-01 18:35:00,-6.3700004,95,-4,-1.9500011,-4.769854,-19.037222,2.7491033,True,-6.1600003,-3.2553275,-17.496244,3.8471792,True
2023-03-01 18:40:00,-4.4900002,95,-2,-3.2600005,-3.1624663,-17.858929,4.3663154,True,-5.6300006,-1.8990673,-16.500113,5.2518096,True
2023-03-01 18:45:00,-4.39,95,-1,-3.0599997,-3.0128806,-17.649803,4.5741954,True,-4.53,-1.701424,-16.260921,5.504167,True
2023-03-01 18:50:00,-3.2199996,95,0,-3.529999,-1.8952316,-16.642393,5.5173354,True,-4.3000007,-0.63181907,-15.294659,6.410192,True
2023-03-01 18:55:00,-6.0500007,95,0,-4.4900002,-4.283011,-18.279766,3.419813,True,-5.68,-2.605881,-16.635841,4.669933,True
2023-03-01 19:00:00,-9.16,95,-2,-6.52,-7.0262313,-20.339352,1.0615727,True,-6.1700006,-5.002502,-18.427256,2.6098268,True
2023-03-01 19:05:00,-8.469999,95,-4,-6.8000007,-6.2468095,-19.541296,1.6314579,True,-6.14,-4.1410584,-17.578913,3.2540586,True
2023-03-01 19:10:00,-5.94,95,-3,-7.65,-3.2077773,-17.406216,4.3927894,True,-6.4,-0.6585143,-15.161811,6.399883,True
2023-03-01 19:15:00,-3.3099997,95,-1,-8.14,-0.32838473,-15.370669,6.925277,True,-6.1600003,2.4192655,-13.028638,9.107296,True
2023-03-01 19:20:00,-1.0900005,95,1,-7.5000005,1.2520462,-14.187098,8.405777,True,-5.9100003,3.4208658,-12.26677,10.095587,True
2023-03-01 19:25:00,-2.1499999,95,2,-6.39,0.2245137,-14.929554,7.650329,True,-7.73,2.4374654,-12.972804,9.377447,True
2023-03-01 19:30:00,-1.7299999,95,3,-7.6300006,0.86800736,-14.78423,8.495886,True,-7.1300006,3.2758138,-12.709333,10.388905,True
2023-03-01 19:35:00,-1.9500011,95,3,-6.1600003,0.72563523,-15.100225,8.600647,True,-7.0500007,3.2081811,-12.980532,10.555752,True
2023-03-01 19:40:00,-3.2600005,95,2,-5.6300006,-0.89648277,-16.196262,7.2684016,True,-6.0100007,1.3332058,-14.235022,9.007828,True
2023-03-01 19:45:00,-3.0599997,95,2,-4.53,-0.9357131,-16.274405,7.372028,True,-5.0000005,1.0876805,-14.458748,8.937494,True
2023-03-01 19:50:00,-3.529999,95,1,-4.3000007,-1.5844578,-16.60324,6.8553977,True,-5.1600003,0.2897469,-14.889632,8.29668,True
2023-03-01 19:55:00,-4.4900002,95,0,-5.68,-2.9542887,-17.262304,5.5826716,True,-5.94,-1.4339889,-15.786815,6.7253833,True
2023-03-01 20:00:00,-6.52,95,0,-6.1700006,-5.2759347,-18.61451,3.4719388,True,-5.3800015,-4.0056014,-17.309172,4.4029346,True
2023-03-01 20:05:00,-6.8000007,95,-2,-6.14,-5.8908687,-18.749601,2.8371751,True,-4.73,-4.916454,-17.658562,3.5172498,True
2023-03-01 20:10:00,-7.65,95,-2,-6.4,-6.9336734,-19.208893,1.827192,True,-5.2500005,-6.128014,-18.245983,2.364086,True
2023-03-01 20:15:00,-8.14,95,-2,-6.1600003,-7.5443254,-19.418032,1.1723076,True,-6.1700006,-6.8415494,-18.535095,1.6210762,True
2023-03-01 20:20:00,-7.5000005,95,-1,-5.9100003,-6.870315,-18.793653,1.6786171,True,-7.6300006,-6.136042,-17.900978,2.1596563,True
2023-03-01 20:25:00,-6.39,95,0,-7.73,-5.8673396,-17.840797,2.4120576,True,-7.570001,-5.22683,-17.02398,2.8152502,True
2023-03-01 20:30:00,-7.6300006,95,-1,-7.1300006,-6.607364,-18.367756,1.6789604,True,-4.48,-5.5166173,-17.238268,2.473791,True
2023-03-01 20:35:00,-6.1600003,95,-2,-7.0500007,-4.773422,-17.01108,3.2138689,True,-1.6299995,-3.3573153,-15.661636,4.2938,True
2023-03-01 20:40:00,-5.6300006,95,-2,-6.0100007,-4.28569,-16.278027,3.3059518,True,-5.9100003,-2.9061053,-14.964929,4.3585296,True
2023-03-01 20:45:00,-4.53,95,-1,-5.0000005,-3.0828173,-15.040147,4.0290294,True,-7.36,-1.610413,-13.670376,5.1665626,True
2023-03-01 20:50:00,-4.3000007,95,-1,-5.1600003,-2.4256403,-14.488746,4.483625,True,-4.0899997,-0.5740264,-12.860026,5.95647,True
2023-03-01 20:55:00,-5.68,95,-2,-5.94,-3.6402972,-15.19278,3.180763,True,-3.3099997,-1.6330913,-13.446881,4.791778,True
2023-03-01 21:00:00,-6.1700006,95,-3,-5.3800015,-4.1918445,-15.4209585,2.4537084,True,1.6099983,-2.23362,-13.713864,4.026712,True
2023-03-01 21:05:00,-6.14,95,-3,-4.73,-4.3112664,-15.244446,2.0475175,True,0.15999953,-2.4805262,-13.635794,3.5141008,True
2023-03-01 21:10:00,-6.4,95,-2,-5.2500005,-4.000873,-15.063844,2.2270849,True,-1.0500015,-1.6553959,-13.077628,4.1481185,True
2023-03-01 21:15:00,-6.1600003,95,-1,-6.1700006,-3.4072192,-14.729037,2.7901895,True,0.35000005,-0.746918,-12.523664,4.9899535,True
2023-03-01 21:20:00,-5.9100003,95,-2,-7.6300006,-2.9465868,-14.358325,3.1259286,True,-0.5799983,-0.09768136,-12.02219,5.4949393,True
2023-03-01 21:25:00,-7.73,95,-3,-7.570001,-4.6985583,-15.512647,1.3313767,True,-2.07,-1.7726921,-13.092881,3.7715662,True
2023-03-01 21:30:00,-7.1300006,95,-3,-4.48,-3.9503787,-14.78613,1.7646767,True,-0.80999976,-0.89065963,-12.272691,4.3305335,True
2023-03-01 21:35:00,-7.0500007,95,-4,-1.6299995,-3.628462,-14.5061035,1.9230515,True,0.90999955,-0.35086283,-11.830972,4.685905,True
2023-03-01 21:40:00,-6.0100007,95,-3,-5.9100003,-3.2843802,-13.780076,1.9412838,True,1.6699997,-0.6348651,-11.597486,4.1639934,True
2023-03-01 21:45:00,-5.0000005,95,-3,-7.36,-3.168177,-13.18082,1.7888409,True,0.45000044,-1.3269104,-11.627472,3.3072507,True
2023-03-01 21:50:00,-5.1600003,95,-3,-4.0899997,-3.550091,-13.252751,1.1961876,True,-0.5000003,-1.9040169,-11.852299,2.5463655,True
2023-03-01 21:55:00,-5.94,95,-5,-3.3099997,-4.2101674,-13.739675,0.48643842,True,-2.8999999,-2.4542487,-12.2586775,1.9378563,True
2023-03-01 22:00:00,-5.3800015,95,-3,1.6099983,-3.8339798,-13.249396,0.6246888,False,-3.2700007,-2.2459948,-11.90727,1.9330078,True
2023-03-01 22:05:00,-4.73,95,-2,0.15999953,-3.4659522,-12.726372,0.749294,True,-3.1700003,-2.1350443,-11.593394,1.8356854,True
2023-03-01 22:10:00,-5.2500005,95,-2,-1.0500015,-3.7819493,-12.906452,0.30788007,True,-1.6199993,-2.264273,-11.633691,1.5655667,True
2023-03-01 22:15:00,-6.1700006,95,-3,0.35000005,-4.208694,-13.2567,-0.26892504,False,-0.7600005,-2.2444804,-11.632915,1.3944584,True
2023-03-01 22:20:00,-7.6300006,95,-4,-0.5799983,-5.2775664,-14.105269,-1.4975895,False,-0.52000076,-2.9533312,-12.183098,0.49426618,True
2023-03-01 22:25:00,-7.570001,95,-6,-2.07,-5.073834,-13.892039,-1.5583652,True,-0.55999976,-2.6134074,-11.86139,0.56399125,True
2023-03-01 22:30:00,-4.48,95,-2,-0.80999976,-1.7359127,-11.14129,1.1999851,True,-1.5499996,0.93658227,-8.9725,3.5374372,True
2023-03-01 22:35:00,-1.6299995,95,-1,0.90999955,1.4177357,-8.427644,3.6776807,True,-1.4499992,4.331062,-6.0888124,6.265529,True
2023-03-01 22:40:00,-5.9100003,95,-4,1.6699997,-1.962931,-11.346206,0.12520187,False,-2.0399992,1.7952667,-8.236498,3.4840143,True
2023-03-01 22:45:00,-7.36,95,-8,0.45000044,-3.089823,-12.361045,-1.24169,False,-2.449999,0.9795396,-8.9555855,2.4097574,True
2023-03-01 22:50:00,-4.0899997,95,-10,-0.5000003,0.12978904,-9.531325,1.5140358,True,-3.0000002,4.1132236,-6.2568316,5.1235805,True
2023-03-01 22:55:00,-3.3099997,95,-10,-2.8999999,0.6337983,-8.908194,1.6936661,True,-3.5000002,4.3678203,-5.8468432,5.09263,True
2023-03-01 23:00:00,1.6099983,95,-7,-3.2700007,5.089021,-5.013148,5.7140803,True,-3.7900002,8.344238,-2.4314482,8.711164,False
2023-03-01 23:05:00,0.15999953,95,-6,-3.1700003,3.485071,-6.247661,4.042249,True,-4.3800006,6.64154,-3.7251427,6.9448276,False
2023-03-01 23:10:00,-1.0500015,95,-7,-1.6199993,2.4594762,-7.129084,2.9830072,True,-3.7599995,5.7984996,-4.442531,6.0589995,True
2023-03-01 23:15:00,0.35000005,95,-3,-0.7600005,3.8376882,-5.952393,4.2467494,True,-2.6399996,7.140363,-3.3240168,7.305963,True
2023-03-01 23:20:00,-0.5799983,95,-3,-0.52000076,2.9933927,-6.694964,3.4775732,True,-4.48,6.389442,-3.9846709,6.6223083,False
2023-03-01 23:25:00,-2.07,95,-3,-0.55999976,1.6049744,-7.908382,2.2148683,True,-4.6,5.1133933,-5.088413,5.46001,True
2023-03-01 23:30:00,-0.80999976,95,-3,-1.5499996,2.9703176,-6.8243575,3.547794,True,-4.73,6.555778,-3.9768384,6.8796363,False
2023-03-01 23:35:00,0.90999955,95,-3,-1.4499992,4.7900233,-5.378054,5.2915034,True,-4.72,8.434738,-2.5291007,8.698713,False
2023-03-01 23:40:00,1.6699997,95,-3,-2.0399992,5.552343,-4.744189,6.0017505,True,-4.3400006,9.186205,-1.9257835,9.41324,False
2023-03-01 23:45:00,0.45000044,95,-3,-2.449999,4.5157905,-5.6381717,4.968019,True,-4.06,8.336561,-2.6467764,8.555813,False
2023-03-01 23:50:00,-0.5000003,95,-2,-3.0000002,3.459215,-6.4392676,3.9223592,True,-4.1700006,7.208282,-3.4857752,7.4450583,False
2023-03-01 23:55:00,-2.8999999,95,-3,-3.5000002,0.9651696,-8.456841,1.4560429,True,-3.4200003,4.6731753,-5.4848485,4.9346976,True
2023-03-02 00:00:00,-3.2700007,95,-4,-3.7900002,0.6462266,-8.720281,1.1380059,True,-3.7999995,4.4077106,-5.6992135,4.6738753,True
2023-03-02 00:05:00,-3.1700003,95,-4,-4.3800006,1.2241226,-8.4354515,1.7503182,True,-4.3000007,5.4123874,-5.0729156,5.6952014,True
2023-03-02 00:10:00,-1.6199993,95,-4,-3.7599995,2.4411561,-7.341804,3.0741956,True,-4.44,6.3139014,-4.2963033,6.732715,False
2023-03-02 00:15:00,-0.7600005,95,-4,-2.6399996,2.8020513,-6.820807,3.3876092,True,-3.4599993,6.2256904,-4.163837,6.6399627,True
2023-03-02 00:20:00,-0.52000076,95,-3,-4.48,2.8031538,-6.6758084,3.2961423,True,-3.5499995,6.0156837,-4.1952214,6.3642344,True
2023-03-02 00:25:00,-0.55999976,95,-2,-4.6,3.5777662,-6.3305497,4.0175433,True,-4.070001,7.5192275,-3.2698615,7.785608,False
2023-03-02 00:30:00,-1.5499996,95,-3,-4.73,2.701803,-7.165519,3.1586912,True,-4.6300006,6.7602687,-3.9917567,7.0366454,False
2023-03-02 00:35:00,-1.4499992,95,-3,-4.72,2.4080236,-7.246963,2.7773168,True,-4.9899993,6.120296,-4.358155,6.3415236,False
2023-03-02 00:40:00,-2.0399992,95,-2,-4.3400006,1.6399723,-7.828853,2.0279195,True,-5.0500007,5.210006,-5.0573916,5.464496,True
2023-03-02 00:45:00,-2.449999,95,-3,-4.06,0.88274354,-8.341038,1.3480583,True,-4.6,4.1490607,-5.821918,4.505239,True
2023-03-02 00:50:00,-3.0000002,95,-3,-4.1700006,0.16198127,-8.878,0.6480805,True,-4.8000007,3.279022,-6.475575,3.6719549,True
2023-03-02 00:55:00,-3.5000002,95,-3,-3.4200003,-0.33701167,-9.329394,0.20462959,True,-5.06,2.7899587,-6.9179664,3.244764,True
2023-03-02 01:00:00,-3.7900002,95,-4,-3.7999995,-0.5732158,-9.576443,0.06641166,True,-5.7600007,2.605848,-7.1246066,3.1618688,True
2023-03-02 01:05:00,-4.3800006,95,-4,-4.3000007,-1.1514114,-10.080615,-0.5911811,True,-5.7000003,2.0466726,-7.598698,2.5319192,True
2023-03-02 01:10:00,-3.7599995,95,-2,-4.44,-0.41906008,-9.46399,-0.056766823,True,-4.3300004,2.8878782,-6.8983483,3.1893117,True
2023-03-02 01:15:00,-2.6399996,95,-2,-3.4599993,0.9608075,-8.355609,1.0977036,True,-5.1700006,4.504707,-5.6049905,4.5909705,True
2023-03-02 01:20:00,-4.48,95,-3,-3.5499995,-0.7031024,-9.906969,-0.59993964,True,-5.06,3.0187852,-6.9545255,3.0636919,True
2023-03-02 01:25:00,-4.6,95,-4,-4.070001,-0.5788806,-9.955671,-0.48342738,True,-6.2100005,3.3806188,-6.809116,3.4143064,True
2023-03-02 01:30:00,-4.73,95,-3,-4.6300006,-0.61128265,-10.118346,-0.39264902,True,-7.47,3.4500635,-6.912169,3.6044633,False
2023-03-02 01:35:00,-4.72,95,-4,-4.9899993,-0.40513262,-10.133376,-0.07506783,True,-7.02,3.8516977,-6.7949586,4.107309,False
2023-03-02 01:40:00,-4.3400006,95,-3,-5.0500007,0.110707924,-9.86373,0.59885186,True,-7.7400002,4.498573,-6.456592,4.90772,False
2023-03-02 01:45:00,-4.06,95,-3,-4.6,0.24916236,-9.655468,0.66944283,True,-8.13,4.504453,-6.3453784,4.8695273,False
2023-03-02 01:50:00,-4.1700006,95,-3,-4.8000007,0.09874503,-9.697144,0.44138303,True,-7.7400002,4.32233,-6.3928056,4.6300826,False
2023-03-02 01:55:00,-3.4200003,95,-2,-5.06,0.8484761,-9.207175,1.4826218,True,-7.219999,5.0637736,-5.969007,5.6586223,False
2023-03-02 02:00:00,-3.7999995,95,-1,-5.7600007,0.44255224,-9.876346,1.6915795,True,-6.82,4.648273,-6.718673,5.831903,False
2023-03-02 02:05:00,-4.3000007,95,-1,-5.7000003,-0.1489261,-10.763747,1.7859646,True,-6.8700004,3.9860399,-7.750073,5.834617,True
2023-03-02 02:10:00,-4.44,95,-1,-4.3300004,-0.40419993,-10.876229,1.4512669,True,-7.2600007,3.6260202,-7.929896,5.418136,True
2023-03-02 02:15:00,-3.4599993,95,-1,-5.1700006,0.31474462,-10.138227,2.2200773,True,-7.0900006,4.0900645,-7.428558,5.965656,True
2023-03-02 02:20:00,-3.5499995,95,-1,-5.06,-0.003225641,-10.248819,1.876947,True,-7.11,3.5597742,-7.702393,5.4407897,True
2023-03-02 02:25:00,-4.070001,95,-2,-6.2100005,-0.68544036,-10.666985,1.1943222,True,-6.8700004,2.7379625,-8.215737,4.640796,True
2023-03-02 02:30:00,-4.6300006,95,-3,-7.47,-1.4126514,-11.903829,1.6447808,True,-6.94,1.8457848,-9.690305,4.9017196,True
2023-03-02 02:35:00,-4.9899993,95,-2,-7.02,-1.9696869,-12.602217,1.6546665,True,-7.1,1.0937687,-10.577108,4.7230773,True
2023-03-02 02:40:00,-5.0500007,95,-3,-7.7400002,-2.3705752,-12.82239,1.4953381,True,-7.3300004,0.35116163,-11.061445,4.256801,True
2023-03-02 02:45:00,-4.6,95,-2,-8.13,-2.3051722,-12.300214,1.1183392,True,-8.1,0.053712532,-10.802702,3.5774362,True
2023-03-02 02:50:00,-4.8000007,95,-4,-7.7400002,-2.6019595,-12.357016,0.6894395,True,-8.29,-0.33954653,-10.908735,3.073364,True
2023-03-02 02:55:00,-5.06,95,-4,-7.219999,-2.9827273,-12.591603,0.23951308,True,-7.570001,-0.8412822,-11.223881,2.524799,True
2023-03-02 03:00:00,-5.7600007,95,-6,-6.82,-3.7209027,-13.168172,-0.528559,True,-6.5400004,-1.6150821,-11.817903,1.7386013,True
2023-03-02 03:05:00,-5.7000003,95,-5,-6.8700004,-3.6500762,-13.198578,-0.38081393,True,-5.6700006,-1.5292076,-11.847202,1.9042774,True
2023-03-02 03:10:00,-4.3300004,95,-5,-7.2600007,-1.9602131,-11.963935,1.2051312,True,-5.0500007,0.4914185,-10.3869295,3.8049333,True
2023-03-02 03:15:00,-5.1700006,95,-7,-7.0900006,-2.6514475,-12.830037,0.5942609,True,-4.98,-0.048815086,-11.132797,3.3377073,True
2023-03-02 03:20:00,-5.06,95,-7,-7.11,-2.4240992,-12.450959,0.3789765,True,-4.65,0.30808035,-10.609189,3.2675664,True
2023-03-02 03:25:00,-6.2100005,95,-7,-6.8700004,-3.4513514,-13.2658415,-0.92367965,True,-4.0899997,-0.59438735,-11.261266,2.104143,True
2023-03-02 03:30:00,-7.47,95,-9,-6.94,-4.55977,-14.223358,-2.336468,True,-4.47,-1.5454506,-12.024382,0.85414666,True
2023-03-02 03:35:00,-7.02,95,-8,-7.1,-3.8526204,-13.6112385,-1.9995579,True,-5.5500007,-0.56134826,-11.174873,1.4756466,True
2023-03-02 03:40:00,-7.7400002,95,-9,-7.3300004,-4.431027,-14.326823,-2.4325469,True,-5.73,-0.9891818,-11.774843,1.1834103,True
2023-03-02 03:45:00,-8.13,95,-9,-8.1,-4.7285647,-14.664445,-2.8234694,True,-6.47,-1.1780475,-12.014487,0.9021985,True
2023-03-02 03:50:00,-7.7400002,95,-9,-8.29,-4.221318,-14.298019,-2.316929,True,-8.26,-0.53647834,-11.568712,1.5468765,True
2023-03-02 03:55:00,-7.219999,95,-8,-7.570001,-3.5263312,-13.760119,-1.6876148,True,-9.5,0.35209242,-10.893832,2.368181,True
2023-03-02 04:00:00,-6.82,95,-8,-6.5400004,-2.879223,-13.372385,-0.96733695,True,-11.86,1.2612664,-10.322023,3.336912,False
2023-03-02 04:05:00,-6.8700004,95,-9,-5.6700006,-2.7603686,-13.835457,-0.18509324,True,-12.94,1.5608212,-10.751796,4.2534213,False
2023-03-02 04:10:00,-7.2600007,95,-8,-5.0500007,-3.0090125,-14.6264715,0.168348,True,-12.44,1.469524,-11.512758,4.7250724,False
2023-03-02 04:15:00,-7.0900006,95,-9,-4.98,-2.7893946,-14.903552,0.83252114,True,-12.37,1.7445542,-11.831153,5.413749,False
2023-03-02 04:20:00,-7.11,95,-8,-4.65,-2.9359725,-15.295809,1.0301796,True,-11.92,1.4728886,-12.381251,5.489845,True
2023-03-02 04:25:00,-6.8700004,95,-8,-4.0899997,-2.805548,-15.015571,1.0818611,True,-10.96,1.4931599,-12.163926,5.453895,True
2023-03-02 04:30:00,-6.94,95,-9,-4.47,-2.9764369,-15.362251,1.2547852,True,-11.18,1.2155243,-12.643732,5.524463,True
2023-03-02 04:35:00,-7.1,95,-8,-5.5500007,-3.249262,-15.784864,1.3577191,True,-11.85,0.82336587,-13.194359,5.5071654,True
2023-03-02 04:40:00,-7.3300004,95,-9,-5.73,-3.7656052,-16.271229,1.1920182,True,-12.14,0.0048405365,-13.933334,5.0679927,True
2023-03-02 04:45:00,-8.1,95,-9,-6.47,-4.916322,-17.346823,0.49646154,True,-11.62,-1.5484089,-15.322822,4.0005584,True
2023-03-02 04:50:00,-8.29,95,-9,-8.26,-5.3673215,-17.883184,0.42968336,True,-10.71,-2.2772906,-16.099817,3.6772993,True
2023-03-02 04:55:00,-7.570001,95,-9,-9.5,-4.807835,-17.572987,1.2449223,True,-9.14,-1.8890213,-15.96562,4.3337092,True
2023-03-02 05:00:00,-6.5400004,95,-8,-11.86,-3.868065,-16.826038,2.2601354,True,-8.4,-1.0432075,-15.321034,5.2659736,True
2023-03-02 05:05:00,-5.6700006,95,-7,-12.94,-3.17602,-16.322239,3.0291631,True,-6.81,-0.5398906,-14.983508,5.8633,True
2023-03-02 05:10:00,-5.0500007,95,-8,-12.44,-2.7175734,-16.164692,3.578306,True,-6.56,-0.25252375,-14.983794,6.2540355,True
2023-03-02 05:15:00,-4.98,95,-9,-12.37,-2.571646,-15.913128,3.5023496,True,-7.14,-0.022077875,-14.658259,6.264196,True
2023-03-02 05:20:00,-4.65,95,-8,-11.92,-2.0089514,-15.542471,3.9752977,True,-7.69,0.7812993,-14.117756,6.954082,True
2023-03-02 05:25:00,-4.0899997,95,-9,-10.96,-1.2959446,-15.135652,4.6344733,True,-7.14,1.6492478,-13.632322,7.7566524,True
2023-03-02 05:30:00,-4.47,95,-10,-11.18,-1.5222324,-15.144679,4.0536857,True,-6.7500005,1.5967003,-13.479792,7.3433967,True
2023-03-02 05:35:00,-5.5500007,95,-11,-11.85,-2.312075,-15.865464,3.1497686,True,-6.4100003,1.1186959,-13.9520645,6.728416,True
2023-03-02 05:40:00,-5.73,95,-12,-12.14,-2.0869486,-15.763776,3.2079637,True,-5.28,1.7729832,-13.522706,7.1829753,True
2023-03-02 05:45:00,-6.47,95,-12,-11.62,-2.6013243,-15.887625,2.4056451,True,-7.0900006,1.5050789,-13.383635,6.6288447,True
2023-03-02 05:50:00,-8.26,95,-12,-10.71,-4.309523,-17.250134,0.67816705,True,-7.3800006,-0.094292,-14.565069,5.008615,True
2023-03-02 05:55:00,-9.5,95,-13,-9.14,-5.238274,-18.243359,-0.1044925,True,-8.08,-0.68424636,-15.267356,4.5362144,True
2023-03-02 06:00:00,-11.86,95,-13,-8.4,-7.3584456,-20.722029,-1.5850395,True,-7.3300004,-2.5377486,-17.52017,3.2603376,True
2023-03-02 06:05:00,-12.94,95,-13,-6.81,-8.746755,-22.157608,-2.564953,True,-6.730001,-4.247803,-19.193861,1.9742504,True
2023-03-02 06:10:00,-12.44,95,-13,-6.56,-8.135675,-21.614323,-2.1004374,True,-5.6700006,-3.511162,-18.538633,2.5523412,True
2023-03-02 06:15:00,-12.37,95,-12,-7.14,-8.312699,-21.51526,-2.2499545,True,-5.5400004,-3.9572508,-18.623,2.1683595,True
2023-03-02 06:20:00,-11.92,95,-13,-7.69,-7.8752093,-20.740486,-2.0726416,True,-5.9,-3.5226653,-17.804802,2.368347,True
2023-03-02 06:25:00,-10.96,95,-14,-7.14,-6.998283,-20.068556,-0.9594081,True,-7.1300006,-2.7473242,-17.243431,3.37335,True
2023-03-02 06:30:00,-11.18,95,-14,-6.7500005,-7.666023,-20.709993,-1.2280582,True,-8.55,-3.900284,-18.26635,2.6510656,True
2023-03-02 06:35:00,-11.85,95,-14,-6.4100003,-8.739511,-21.614521,-2.0295088,True,-9.02,-5.4091935,-19.487587,1.4477268,True
2023-03-02 06:40:00,-12.14,95,-14,-5.28,-9.233988,-22.138182,-2.232443,True,-8.46,-6.1271453,-20.18436,1.0273758,True
2023-03-02 06:45:00,-11.62,95,-14,-7.0900006,-8.705633,-21.744223,-1.6160835,True,-8.36,-5.591804,-19.801144,1.6433388,True
2023-03-02 06:50:00,-10.71,95,-14,-7.3800006,-7.671684,-21.253233,-0.3266376,True,-7.8300004,-4.4375978,-19.269287,3.02256,True
2023-03-02 06:55:00,-9.14,95,-13,-8.08,-5.6612344,-20.106424,1.7777115,True,-8.5,-1.97477,-17.855667,5.5074515,True
2023-03-02 07:00:00,-8.4,95,-13,-7.3300004,-4.4901557,-19.911411,3.202072,True,-10.55,-0.36493906,-17.416368,7.296863,True
2023-03-02 07:05:00,-6.81,95,-14,-6.730001,-2.4056208,-18.960215,5.3910117,True,-11.36,2.2080133,-16.215322,9.88645,True
2023-03-02 07:10:00,-6.56,95,-15,-5.6700006,-1.7658695,-19.121351,6.195106,True,-12.77,3.242504,-16.146555,11.009008,True
2023-03-02 07:15:00,-7.14,95,-16,-5.5400004,-2.3352854,-19.754297,5.6953273,True,-14.49,2.6978433,-16.739014,10.520958,True
2023-03-02 07:20:00,-7.69,95,-16,-5.9,-2.835375,-20.872486,5.642822,True,-15.38,2.2457674,-17.851213,10.470627,True
2023-03-02 07:25:00,-7.14,95,-17,-7.1300006,-2.1417735,-21.315456,6.818586,True,-15.78,3.0537927,-18.31241,11.697735,True
2023-03-02 07:30:00,-6.7500005,95,-18,-8.55,-2.3940833,-20.910233,6.522739,True,-16.01,2.1281393,-18.330784,10.82869,True
2023-03-02 07:35:00,-6.4100003,95,-19,-9.02,-2.4130232,-20.057419,6.255712,True,-14.68,1.7406651,-17.671953,10.263657,True
2023-03-02 07:40:00,-5.28,95,-20,-8.46,-1.6355442,-19.420038,7.2054534,True,-14.29,2.126396,-17.32924,10.857204,True
2023-03-02 07:45:00,-7.0900006,95,-20,-8.36,-4.275369,-21.9116,5.418138,True,-13.4,-1.3778023,-20.389978,8.288448,True
2023-03-02 07:50:00,-7.3800006,95,-20,-7.8300004,-4.905047,-22.177258,4.97129,True,-13.43,-2.3605921,-20.871109,7.527101,True
2023-03-02 07:55:00,-8.08,95,-19,-8.5,-6.011062,-23.351395,4.3672194,True,-13.53,-3.9010499,-22.33606,6.5269637,True
2023-03-02 08:00:00,-7.3300004,95,-18,-10.55,-5.4301267,-22.92775,4.918918,True,-13.17,-3.5043414,-22.036285,6.9023185,True
2023-03-02 08:05:00,-6.730001,95,-17,-11.36,-4.741981,-22.777983,5.6088557,True,-13.3,-2.7360938,-21.848034,7.6479907,True
2023-03-02 08:10:00,-5.6700006,95,-18,-12.77,-3.382128,-21.566828,6.710483,True,-13.26,-1.075621,-20.436584,9.009602,True
2023-03-02 08:15:00,-5.5400004,95,-18,-14.49,-3.2608283,-20.86602,6.537502,True,-13.21,-0.9606498,-19.708033,8.837395,True
2023-03-02 08:20:00,-5.9,95,-18,-15.38,-3.6550658,-20.335258,5.677152,True,-11.46,-1.3781456,-19.136047,7.9659724,True
2023-03-02 08:25:00,-7.1300006,95,-18,-15.78,-4.4685483,-20.86114,4.59975,True,-11.47,-1.7471927,-19.307924,7.2873454,True
2023-03-02 08:30:00,-8.55,95,-19,-16.01,-5.49526,-21.576496,3.504913,True,-11.65,-2.3612463,-19.671549,6.561895,True
2023-03-02 08:35:00,-9.02,95,-19,-14.68,-5.5956197,-21.502142,3.2408445,True,-11.91,-2.0760596,-19.27896,6.6396804,True
2023-03-02 08:40:00,-8.46,95,-19,-14.29,-4.8459992,-20.762138,3.795843,True,-12.81,-1.134272,-18.393534,7.360706,True
2023-03-02 08:45:00,-8.36,95,-21,-13.4,-4.661161,-20.302097,3.7359025,True,-12.97,-0.8534301,-17.829376,7.3879104,True
2023-03-02 08:50:00,-7.8300004,95,-22,-13.43,-4.0148826,-19.599842,4.13112,True,-15.52,-0.08707078,-17.030579,7.887382,True
2023-03-02 08:55:00,-8.5,95,-22,-13.53,-4.601832,-20.035131,3.4259489,True,-16.97,-0.57471496,-17.339495,7.265054,True
2023-03-02 09:00:00,-10.55,95,-21,-13.17,-6.722792,-21.39136,1.24925,True,-17.14,-2.7449896,-18.612938,5.0578513,True
2023-03-02 09:05:00,-11.36,95,-20,-13.3,-7.598902,-21.726091,0.15886657,True,-17.46,-3.6754973,-18.903803,3.9285047,True
2023-03-02 09:10:00,-12.77,95,-19,-13.26,-9.085114,-22.850834,-1.4141144,True,-17.91,-5.221291,-19.988968,2.3030622,True
2023-03-02 09:15:00,-14.49,95,-19,-13.21,-10.390421,-24.314384,-2.706463,True,-17.86,-6.0678267,-21.009998,1.412479,True
2023-03-02 09:20:00,-15.38,95,-18,-11.46,-10.788177,-25.206432,-3.0222647,True,-16.74,-5.944134,-21.459967,1.5399624,True
2023-03-02 09:25:00,-15.78,95,-18,-11.47,-10.641842,-25.954395,-2.5856287,True,-16.08,-5.2135386,-21.765253,2.451349,True
2023-03-02 09:30:00,-16.01,95,-17,-11.65,-10.52174,-26.07724,-2.459328,True,-15.37,-4.707043,-21.54712,2.9043882,True
2023-03-02 09:35:00,-14.68,95,-16,-11.91,-8.727818,-24.924002,-0.7087901,True,-15.69,-2.4450705,-20.08604,5.0352454,True
2023-03-02 09:40:00,-14.29,95,-16,-12.81,-8.184852,-24.56861,-0.14019234,True,-14.29,-1.7538475,-19.61945,5.718353,True
2023-03-02 09:45:00,-13.4,95,-16,-12.97,-6.9549766,-23.675678,1.0177647,True,-14.41,-0.19449075,-18.49465,7.145595,True
2023-03-02 09:50:00,-13.43,95,-17,-15.52,-7.1081567,-24.294458,1.1525837,True,-15.38,-0.47048983,-19.233688,7.1270747,True
2023-03-02 09:55:00,-13.53,95,-17,-16.97,-7.7675223,-25.230219,0.95983857,True,-16.42,-1.7255214,-20.686981,6.372791,True
2023-03-02 10:00:00,-13.17,95,-17,-17.14,-8.51852,-25.92887,0.74694985,True,-14.82,-3.684399,-22.39104,5.078632,True
2023-03-02 10:05:00,-13.3,95,-17,-17.46,-9.764687,-25.89567,-0.42481646,True,-16.12,-6.114163,-23.214453,2.883806,True
2023-03-02 10:10:00,-13.26,95,-16,-17.91,-10.593129,-26.309801,-0.9057906,True,-15.05,-7.868481,-24.340923,1.572311,True
2023-03-02 10:15:00,-13.21,95,-14,-17.86,-11.195285,-26.841963,-1.1179699,True,-15.67,-9.171288,-25.410397,0.7214429,True
2023-03-02 10:20:00,-11.46,95,-13,-16.74,-9.713289,-25.784613,0.442413,True,-15.45,-7.9919705,-24.60702,1.9925038,True
2023-03-02 10:25:00,-11.47,95,-12,-16.08,-9.842074,-26.689102,0.60858506,True,-15.59,-8.251857,-25.614807,2.0232122,True
2023-03-02 10:30:00,-11.65,95,-11,-15.37,-9.64518,-26.534418,0.72971696,True,-14.31,-7.678394,-25.178328,2.4679868,True
2023-03-02 10:35:00,-11.91,95,-12,-15.69,-9.058424,-25.739,0.9401948,True,-15.67,-6.226587,-23.722748,3.4410608,True
2023-03-02 10:40:00,-12.81,95,-11,-14.29,-8.864489,-24.57281,0.39951482,True,-15.51,-4.903583,-21.606815,3.9226472,True
2023-03-02 10:45:00,-12.97,95,-11,-14.41,-8.2336,-23.860321,0.42761388,True,-15.98,-3.4474947,-20.19249,4.687801,True
2023-03-02 10:50:00,-15.52,95,-12,-15.38,-10.577677,-25.813023,-2.022032,True,-16.28,-5.5297112,-21.804455,2.4727952,True
2023-03-02 10:55:00,-16.97,95,-13,-16.42,-11.263773,-26.628662,-2.8010886,True,-15.1,-5.3859096,-21.855495,2.418924,True
2023-03-02 11:00:00,-17.14,95,-14,-14.82,-11.083546,-26.700058,-2.6938403,True,-11.47,-4.822989,-21.592905,2.8438127,True
2023-03-02 11:05:00,-17.46,95,-14,-16.12,-11.115464,-26.93673,-2.722668,True,-11.5,-4.535276,-21.528166,3.076946,True
2023-03-02 11:10:00,-17.91,95,-14,-15.05,-11.5629635,-27.517366,-3.02335,True,-13.16,-4.9670186,-22.069117,2.7672918,True
2023-03-02 11:15:00,-17.86,95,-12,-15.67,-11.537955,-27.22984,-3.1104758,True,-13.26,-4.9864764,-21.78797,2.6428697,True
2023-03-02 11:20:00,-16.74,95,-10,-15.45,-10.325357,-26.305817,-1.9346527,True,-12.15,-3.7008364,-20.853342,3.861427,True
2023-03-02 11:25:00,-16.08,95,-8,-15.59,-9.695126,-25.723906,-1.3420566,True,-12.08,-3.1223357,-20.326746,4.3974414,True
2023-03-02 11:30:00,-15.37,95,-6,-14.31,-9.081449,-25.052439,-0.840771,True,-15.51,-2.631243,-19.759811,4.786546,True
2023-03-02 11:35:00,-15.69,95,-6,-15.67,-9.716778,-25.742802,-1.3305591,True,-16.45,-3.5931647,-20.697042,3.989704,True
2023-03-02 11:40:00,-14.29,95,-5,-15.51,-8.3904915,-24.331602,-0.28647074,True,-15.4,-2.3887675,-19.399664,4.931453,True
2023-03-02 11:45:00,-14.41,95,-3,-15.98,-8.85694,-24.3077,-0.86629134,True,-15.31,-3.20389,-19.59001,4.055595,True
2023-03-02 11:50:00,-15.38,95,-4,-16.28,-10.13493,-25.03305,-2.2305968,True,-16.02,-4.7799926,-20.455496,2.4401777,True
2023-03-02 11:55:00,-16.42,95,-4,-15.1,-11.497795,-26.075815,-3.5982287,True,-15.73,-6.452848,-21.677046,0.79852647,True
2023-03-02 12:00:00,-14.82,95,-3,-11.47,-10.033303,-24.914284,-2.165314,True,-16.49,-5.1404586,-20.706789,2.0725877,True
2023-03-02 12:05:00,-16.12,95,-5,-11.5,-11.557291,-26.273674,-3.492201,True,-20.65,-6.881745,-22.203615,0.54314965,True
2023-03-02 12:10:00,-15.05,95,-5,-13.16,-9.935717,-25.194277,-1.86105,True,-20.18,-4.7168117,-20.713503,2.6341417,True
2023-03-02 12:15:00,-15.67,95,-5,-13.26,-10.01527,-25.721424,-1.7259067,True,-19.77,-4.2454104,-20.77331,3.2321908,True
2023-03-02 12:20:00,-15.45,95,-4,-12.15,-9.351851,-25.348562,-1.0751404,True,-20.26,-3.1534846,-20.05211,4.245874,False
2023-03-02 12:25:00,-15.59,95,-4,-12.08,-9.497372,-25.67242,-1.0948852,True,-20.86,-3.307051,-20.392384,4.1973433,False
2023-03-02 12:30:00,-14.31,95,-2,-15.51,-7.902044,-24.532558,0.45846334,True,-21.55,-1.438599,-19.10503,5.966722,False
2023-03-02 12:35:00,-15.67,95,-2,-16.45,-9.21102,-25.890501,-0.5918487,True,-22.28,-2.6850111,-20.360909,4.9510093,False
2023-03-02 12:40:00,-15.51,95,-2,-15.4,-10.101573,-26.097887,-1.5550293,True,-22.5,-4.66032,-21.468578,3.0496747,False
2023-03-02 12:45:00,-15.98,95,-3,-15.31,-11.004704,-26.64729,-2.3621104,True,-22.93,-6.016916,-22.375477,1.8443352,False
2023-03-02 12:50:00,-16.28,95,-3,-16.02,-11.7113,-27.089478,-2.9772494,True,-21.21,-7.1539426,-23.165571,0.84775704,True
2023-03-02 12:55:00,-15.1,95,-2,-15.73,-10.293013,-26.080463,-1.5569423,True,-20.88,-5.530811,-22.041016,2.43317,True
2023-03-02 13:00:00,-11.47,95,2,-16.49,-7.0389924,-23.303232,1.4143559,True,-20.39,-2.7225325,-19.756006,4.9998507,False
2023-03-02 13:05:00,-11.5,95,3,-20.65,-8.009851,-23.614769,0.46056715,True,-22.11,-4.6407695,-20.789783,3.215721,False
2023-03-02 13:10:00,-13.16,95,3,-20.18,-9.711982,-24.577578,-1.2739624,True,-21.81,-6.3735805,-21.701717,1.4635483,False
2023-03-02 13:15:00,-13.26,95,3,-19.77,-10.494278,-24.847973,-2.080456,True,-22.15,-7.8405747,-22.502558,0.04887168,True
2023-03-02 13:20:00,-12.15,95,4,-20.26,-9.630965,-24.053726,-1.2483581,True,-21.04,-7.242024,-21.936693,0.63903207,True
2023-03-02 13:25:00,-12.08,95,4,-20.86,-9.53168,-23.35105,-1.5136894,True,-22.2,-7.1182017,-21.191467,0.40078893,False
2023-03-02 13:30:00,-15.51,95,2,-21.55,-12.956629,-25.99387,-4.9723353,True,-22.68,-10.50738,-23.72404,-3.0189364,True
2023-03-02 13:35:00,-16.45,95,-1,-22.28,-13.859737,-26.566326,-6.1258473,True,-23.07,-11.360497,-24.218643,-4.1229043,True
2023-03-02 13:40:00,-15.4,95,0,-22.5,-12.800791,-25.471249,-5.4184594,True,-24.38,-10.294663,-23.11332,-3.4137385,False
2023-03-02 13:45:00,-15.31,95,0,-22.93,-12.398312,-25.158443,-5.2211623,True,-26.96,-9.579274,-22.519474,-2.9357245,False
2023-03-02 13:50:00,-16.02,95,0,-21.21,-12.127779,-25.486021,-4.988623,True,-26.92,-8.330204,-21.99057,-1.8331627,False
2023-03-02 13:55:00,-15.73,95,0,-20.88,-11.150112,-25.33481,-3.950247,True,-27.02,-6.6639895,-21.274773,-0.2058986,False
2023-03-02 14:00:00,-16.49,95,-1,-20.39,-11.688191,-26.231657,-4.246613,True,-26.87,-6.969174,-21.976,-0.31933245,False
2023-03-02 14:05:00,-20.65,95,-1,-22.11,-16.155472,-30.0854,-8.280486,True,-26.35,-11.715171,-25.939957,-4.6065936,False
2023-03-02 14:10:00,-20.18,95,-3,-21.81,-16.484844,-29.704023,-8.677148,True,-26.09,-12.8561,-26.27217,-5.7175946,True
2023-03-02 14:15:00,-19.77,95,-3,-22.15,-15.782624,-28.81259,-8.240685,True,-26.82,-11.87661,-25.126055,-5.026201,False
2023-03-02 14:20:00,-20.26,95,-4,-21.04,-15.546042,-29.371382,-7.631906,True,-24.72,-10.915388,-25.048367,-3.802769,True
2023-03-02 14:25:00,-20.86,95,-5,-22.2,-15.841629,-30.289078,-7.434982,True,-22.51,-10.910684,-25.71651,-3.3707888,True
2023-03-02 14:30:00,-21.55,95,-4,-22.68,-16.568493,-31.088816,-7.870298,True,-22.72,-11.673838,-26.52198,-3.8498118,True
2023-03-02 14:35:00,-22.28,95,-4,-23.07,-17.559505,-32.22683,-8.470186,True,-24.22,-12.913389,-27.85361,-4.6882405,True
2023-03-02 14:40:00,-22.5,95,-3,-24.38,-18.42988,-33.295277,-8.657677,True,-24.5,-14.432602,-29.498312,-5.45832,True
2023-03-02 14:45:00,-22.93,95,-3,-26.96,-19.024843,-33.614956,-9.038467,True,-23.16,-15.195423,-29.936964,-5.9872174,True
2023-03-02 14:50:00,-21.21,95,-2,-26.92,-17.203629,-31.90869,-7.355122,True,-23.46,-13.291358,-28.188087,-4.2305055,True
2023-03-02 14:55:00,-20.88,95,-2,-27.02,-16.878656,-31.49517,-7.0326056,True,-23.96,-12.981819,-27.78078,-3.9202902,True
2023-03-02 15:00:00,-20.39,95,-1,-26.87,-16.653173,-31.031183,-6.8464227,True,-25.01,-13.029615,-27.551846,-3.971824,True
2023-03-02 15:05:00,-22.11,95,-1,-26.35,-18.690037,-32.568565,-8.67181,True,-24.47,-15.385525,-29.330784,-6.0695167,True
2023-03-02 15:10:00,-21.81,95,-1,-26.09,-18.841694,-32.35813,-8.882483,True,-23.64,-15.992516,-29.51435,-6.677524,True
2023-03-02 15:15:00,-22.15,95,0,-26.82,-19.725628,-32.77857,-9.756899,True,-21.36,-17.4106,-30.392181,-8.017569,True
2023-03-02 15:20:00,-21.04,95,1,-24.72,-18.886927,-31.569284,-9.441935,True,-20.52,-16.842989,-29.43036,-7.9381394,True
2023-03-02 15:25:00,-22.2,95,2,-22.51,-19.621445,-32.05119,-10.475157,True,-21.65,-17.17322,-29.555166,-8.61451,True
2023-03-02 15:30:00,-22.68,95,3,-22.72,-18.892782,-31.57681,-10.251116,True,-20.79,-15.275705,-28.049007,-7.358977,True
2023-03-02 15:35:00,-23.07,95,4,-24.22,-18.084377,-31.421364,-9.723088,True,-20.25,-13.2771,-26.830677,-5.797848,True
2023-03-02 15:40:00,-24.38,95,6,-24.5,-18.621737,-32.464516,-10.143469,True,-19.7,-13.025154,-27.151892,-5.554665,True
2023-03-02 15:45:00,-26.96,95,6,-23.16,-20.561216,-34.556103,-11.893264,True,-18.18,-14.300344,-28.561666,-6.7482142,True
2023-03-02 15:50:00,-26.92,95,6,-23.46,-20.598703,-34.73726,-11.824449,True,-17.92,-14.390799,-28.80879,-6.745566,True
2023-03-02 15:55:00,-27.02,95,6,-23.96,-20.748356,-35.025528,-11.830744,True,-17.6,-14.581891,-29.152836,-6.804856,True
2023-03-02 16:00:00,-26.87,95,7,-25.01,-21.428879,-35.26284,-12.502876,True,-17.69,-16.097212,-30.157373,-8.193895,True
2023-03-02 16:05:00,-26.35,95,8,-24.47,-21.396809,-35.09347,-12.378614,True,-17.9,-16.56603,-30.469868,-8.503096,True
2023-03-02 16:10:00,-26.09,95,9,-23.64,-21.369957,-35.024628,-12.187881,True,-18.6,-16.788462,-30.650543,-8.525801,True
2023-03-02 16:15:00,-26.82,95,8,-21.36,-22.499504,-35.61626,-13.19899,True,-19.04,-18.325676,-31.569048,-9.884852,True
2023-03-02 16:20:00,-24.72,95,9,-20.52,-21.406994,-33.783558,-12.493453,True,-18.32,-18.23076,-30.637253,-10.024095,True
2023-03-02 16:25:00,-22.51,95,11,-21.65,-19.228079,-32.08863,-10.285612,True,-17.52,-16.087627,-29.016,-7.848437,True
2023-03-02 16:30:00,-22.72,95,10,-20.79,-18.906578,-32.187275,-9.689004,True,-16.35,-15.252383,-28.680298,-6.815163,True
2023-03-02 16:35:00,-24.22,95,10,-20.25,-19.855902,-33.338757,-10.246602,True,-16.47,-15.669466,-29.36585,-6.9182477,True
2023-03-02 16:40:00,-24.5,95,9,-19.7,-19.972654,-33.431976,-10.289615,True,-16.9,-15.632264,-29.325788,-6.8290124,True
2023-03-02 16:45:00,-23.16,95,8,-18.18,-18.053051,-32.193348,-8.30801,True,-17.86,-13.144478,-27.655737,-4.370131,True
2023-03-02 16:50:00,-23.46,95,8,-17.92,-17.679745,-32.599575,-7.53766,True,-19.86,-12.098801,-27.504963,-3.0533602,True
2023-03-02 16:55:00,-23.96,95,7,-17.6,-18.005966,-33.612144,-7.3066545,True,-22.35,-12.237795,-28.367851,-2.696953,True
2023-03-02 17:00:00,-25.01,95,6,-17.69,-18.657663,-35.230766,-7.100619,True,-25.17,-12.4638605,-29.615473,-2.1844141,True
2023-03-02 17:05:00,-24.47,95,5,-17.9,-18.640886,-35.537823,-6.686153,True,-24.93,-12.94812,-30.361809,-2.2070792,True
2023-03-02 17:10:00,-23.64,95,5,-18.6,-18.525476,-35.176464,-6.506512,True,-24.55,-13.525365,-30.569462,-2.6029875,True
2023-03-02 17:15:00,-21.36,95,6,-19.04,-18.034502,-34.04868,-6.229423,True,-23.07,-14.798844,-30.934921,-3.7740014,True
2023-03-02 17:20:00,-20.52,95,6,-18.32,-18.607962,-33.33225,-7.0421834,True,-22.42,-16.754665,-31.331425,-5.7337003,True
2023-03-02 17:25:00,-21.65,95,5,-17.52,-19.81901,-33.98949,-8.094491,True,-22.31,-18.046555,-32.048435,-6.850123,True
2023-03-02 17:30:00,-20.79,95,4,-16.35,-19.272505,-33.960426,-7.1224513,True,-20.81,-17.799246,-32.266148,-6.127725,True
2023-03-02 17:35:00,-20.25,95,3,-16.47,-19.138958,-34.16725,-6.5597787,True,-18.04,-18.051643,-32.768684,-5.8908467,True
2023-03-02 17:40:00,-19.7,95,4,-16.9,-18.623907,-34.22843,-5.5634255,True,-16.98,-17.570374,-32.854427,-4.917895,True
2023-03-02 17:45:00,-18.18,95,4,-17.86,-17.344904,-34.244617,-3.7406857,True,-16.81,-16.52007,-33.040646,-3.2778952,True
2023-03-02 17:50:00,-17.92,95,3,-19.86,-17.094076,-35.90788,-2.5475047,True,-17.2,-16.277931,-34.696037,-2.0838702,True
2023-03-02 17:55:00,-17.6,95,2,-22.35,-17.19798,-36.87211,-2.1376097,True,-16.7,-16.775593,-35.92501,-1.9899067,True
2023-03-02 18:00:00,-17.69,95,0,-25.17,-17.516228,-36.008293,-2.5261881,True,-19.13,-17.298582,-35.210632,-2.5492995,True
2023-03-02 18:05:00,-17.9,95,-1,-24.93,-17.695879,-35.397907,-2.7127478,True,-21.81,-17.44467,-34.58967,-2.704487,True
2023-03-02 18:10:00,-18.6,95,-2,-24.55,-18.520973,-35.392044,-3.4164488,True,-24.29,-18.376398,-34.6744,-3.4913619,True
2023-03-02 18:15:00,-19.04,95,-4,-23.07,-18.669436,-35.481953,-3.2747862,True,-28.75,-18.255758,-34.580975,-3.117819,True
2023-03-02 18:20:00,-18.32,95,-5,-22.42,-18.210958,-35.096287,-2.6918871,True,-34.82,-18.026396,-34.352573,-2.7231162,False
2023-03-02 18:25:00,-17.52,95,-5,-22.31,-16.966072,-34.59285,-1.2235473,True,-40.820004,-16.376589,-33.566498,-0.90958434,False
2023-03-02 18:30:00,-16.35,95,-5,-20.81,-16.005896,-33.58975,-0.51021796,True,-41.36,-15.599137,-32.68503,-0.34936747,False
2023-03-02 18:35:00,-16.47,95,-5,-18.04,-15.712156,-33.089165,-0.3445743,True,-37.91,-14.928049,-31.940191,0.13610809,False
2023-03-02 18:40:00,-16.9,95,-5,-16.98,-16.37751,-32.624794,-1.4480823,True,-38.15,-15.801991,-31.633385,-1.142218,False
2023-03-02 18:45:00,-17.86,95,-7,-16.81,-16.506199,-32.529682,-1.7186626,True,-34.76,-15.173656,-31.006952,-0.7772792,False
2023-03-02 18:50:00,-19.86,95,-9,-17.2,-17.603533,-34.001774,-2.2986395,True,-29.07,-15.436832,-31.851927,-0.6705001,True
2023-03-02 18:55:00,-22.35,95,-11,-16.7,-19.76036,-36.63669,-3.6239378,True,-25.47,-17.278942,-34.228622,-1.7458748,True
2023-03-02 19:00:00,-25.17,95,-14,-19.13,-22.754328,-39.488335,-5.771627,True,-24.29,-20.432476,-37.172398,-4.029596,True
2023-03-02 19:05:00,-24.93,95,-15,-21.81,-22.78041,-40.06527,-5.2994523,True,-25.74,-20.692373,-37.935722,-3.7525408,True
2023-03-02 19:10:00,-24.55,95,-16,-24.29,-22.919203,-40.739994,-4.83087,True,-31.29,-21.300726,-38.967777,-3.6667426,True
2023-03-02 19:15:00,-23.07,95,-16,-28.75,-22.003489,-40.74519,-3.3717825,True,-32.91,-20.892292,-39.34739,-2.617411,True
2023-03-02 19:20:00,-22.42,95,-16,-34.82,-21.959208,-41.698395,-2.453894,True,-33.83,-21.394493,-40.67978,-2.134867,True
2023-03-02 19:25:00,-22.31,95,-17,-40.820004,-22.805813,-43.14932,-2.3345072,True,-33.65,-23.0953,-42.695404,-2.69578,True
2023-03-02 19:30:00,-20.81,95,-18,-41.36,-22.393957,-44.247364,-0.89191085,True,-36.01,-23.637177,-44.37442,-2.002989,True
2023-03-02 19:35:00,-18.04,95,-19,-37.91,-21.684294,-43.293644,0.26452222,True,-37.54,-24.679165,-44.44567,-2.2724555,True
2023-03-02 19:40:00,-16.98,95,-19,-38.15,-22.134972,-43.43197,0.50240105,True,-33.16,-26.340088,-45.251945,-3.0410445,True
2023-03-02 19:45:00,-16.81,95,-19,-34.76,-23.28875,-43.873463,0.05792205,True,-26.29,-28.484259,-46.249348,-4.334006,True
2023-03-02 19:50:00,-17.2,95,-19,-29.07,-24.78785,-44.396046,-0.83073455,True,-29.29,-30.75105,-47.230797,-5.9033895,True
2023-03-02 19:55:00,-16.7,95,-18,-25.47,-25.849741,-43.57879,-2.0237868,True,-29.32,-32.834957,-47.035046,-8.061924,True
2023-03-02 20:00:00,-19.13,95,-19,-24.29,-28.543259,-44.190685,-4.403667,True,-27.47,-35.525818,-47.87272,-10.502461,True
2023-03-02 20:05:00,-21.81,95,-19,-25.74,-30.674341,-45.403603,-5.8405747,True,-30.6,-37.12725,-48.933746,-11.490877,True
2023-03-02 20:10:00,-24.29,95,-20,-31.29,-32.3387,-45.406433,-8.000021,True,-34.03,-38.142952,-48.7694,-13.107966,True
2023-03-02 20:15:00,-28.75,95,-20,-32.91,-35.43957,-46.788673,-11.253123,True,-35.87,-40.15592,-49.68669,-15.419823,True
2023-03-02 20:20:00,-34.82,95,-22,-33.83,-39.256847,-49.546337,-14.860417,True,-41.05,-42.30644,-51.466366,-17.56441,True
2023-03-02 20:25:00,-40.820004,95,-27,-33.65,-43.08186,-52.369526,-18.791664,True,-47.61,-44.556767,-53.21375,-20.135185,True
2023-03-02 20:30:00,-41.36,95,-29,-36.01,-42.636265,-51.973392,-19.001482,True,-48.43,-43.409893,-52.266914,-19.750477,True
2023-03-02 20:35:00,-37.91,95,-29,-37.54,-39.070816,-49.084785,-16.448381,True,-45.89,-39.77961,-49.308075,-17.14412,True
2023-03-02 20:40:00,-38.15,95,-35,-33.16,-38.449974,-48.665318,-16.121288,True,-40.41,-38.508083,-48.374626,-16.265268,True
2023-03-02 20:45:00,-34.76,95,-36,-26.29,-34.966194,-46.00772,-13.16953,True,-36.81,-34.948654,-45.646996,-13.248776,True
2023-03-02 20:50:00,-29.07,95,-36,-29.29,-29.674013,-41.946606,-8.6478405,True,-34.3,-29.974289,-41.806145,-8.993581,True
2023-03-02 20:55:00,-25.47,95,-35,-29.32,-26.47951,-39.23109,-6.3355727,True,-31.47,-27.114573,-39.324013,-6.9614635,True
2023-03-02 21:00:00,-24.29,95,-35,-27.47,-25.168718,-39.261772,-4.5918136,True,-30.88,-25.700563,-39.26314,-5.1200833,True
2023-03-02 21:05:00,-25.74,95,-34,-30.6,-26.320726,-40.268353,-5.4745927,True,-28.1,-26.607754,-40.115654,-5.7941194,True
2023-03-02 21:10:00,-31.29,95,-35,-34.03,-31.393494,-44.627926,-9.581619,True,-26.77,-31.288149,-44.221844,-9.56769,True
2023-03-02 21:15:00,-32.91,95,-37,-35.87,-32.80125,-45.648308,-10.748765,True,-24.88,-32.52596,-45.13205,-10.590937,True
2023-03-02 21:20:00,-33.83,95,-37,-41.05,-34.504185,-45.358494,-13.474302,True,-28.22,-34.867104,-45.363567,-13.853896,True
2023-03-02 21:25:00,-33.65,95,-35,-47.61,-33.944164,-44.12896,-13.342374,False,-30.74,-34.00363,-43.92185,-13.467427,True
2023-03-02 21:30:00,-36.01,95,-36,-48.43,-35.713722,-45.087044,-15.175944,False,-31.09,-35.310192,-44.535763,-14.906239,True
2023-03-02 21:35:00,-37.54,95,-40,-45.89,-36.422825,-46.16299,-15.034772,True,-24.36,-35.373653,-45.095924,-14.21058,True
2023-03-02 21:40:00,-33.16,95,-41,-40.41,-31.943905,-44.351807,-9.18141,True,-20.71,-30.777828,-43.21984,-8.264042,True
2023-03-02 21:45:00,-26.29,95,-41,-36.81,-25.684223,-40.15165,-3.0458949,True,-14.27,-24.980913,-39.392994,-2.5229762,True
2023-03-02 21:50:00,-29.29,95,-41,-34.3,-28.07637,-42.179054,-4.995979,True,-15.46,-26.880157,-41.06826,-4.0618634,True
2023-03-02 21:55:00,-29.32,95,-40,-31.47,-28.032629,-41.839798,-5.542235,True,-17.85,-26.770214,-40.69148,-4.55226,True
2023-03-02 22:00:00,-27.47,95,-41,-30.88,-25.809324,-40.399235,-3.7907383,True,-18.97,-24.204945,-39.02217,-2.521973,True
2023-03-02 22:05:00,-30.6,95,-42,-28.1,-28.084547,-42.442562,-5.45003,True,-19.91,-25.755535,-40.50227,-3.5921671,True
2023-03-02 22:10:00,-34.03,95,-42,-26.77,-31.020699,-44.357082,-7.856663,True,-20.75,-28.29825,-42.062565,-5.677817,True
2023-03-02 22:15:00,-35.87,95,-42,-24.88,-32.88398,-45.26697,-9.747296,True,-21.16,-30.212215,-42.992752,-7.600576,True
2023-03-02 22:20:00,-41.05,95,-42,-28.22,-37.356632,-49.891865,-12.433342,True,-25.88,-34.153473,-47.14683,-9.856886,True
2023-03-02 22:25:00,-47.61,95,-44,-30.74,-43.14108,-56.19016,-15.730612,True,-30.59,-39.395786,-52.940006,-12.738916,True
2023-03-02 22:30:00,-48.43,95,-42,-31.09,-43.819935,-57.949833,-15.060529,True,-30.8,-39.991165,-54.711575,-12.01277,True
2023-03-02 22:35:00,-45.89,95,-42,-24.36,-41.60192,-57.293644,-12.298864,True,-28.73,-38.007355,-54.40455,-9.437566,True
2023-03-02 22:40:00,-40.41,95,-42,-20.71,-36.750328,-53.593975,-7.804353,True,-27.13,-33.591545,-51.19535,-5.2892003,True
2023-03-02 22:45:00,-36.81,95,-42,-14.27,-33.644234,-50.92987,-5.317182,True,-23.17,-30.862093,-48.893917,-3.0977957,True
2023-03-02 22:50:00,-34.3,95,-41,-15.46,-31.465164,-48.854366,-3.66527,True,-21.74,-28.945635,-47.061264,-1.6517681,True
2023-03-02 22:55:00,-31.47,95,-42,-17.85,-29.061796,-46.565094,-1.834164,True,-21.87,-26.889687,-45.070625,-0.09726937,True
2023-03-02 23:00:00,-30.88,95,-42,-18.97,-28.670433,-46.070137,-1.3740028,True,-22.1,-26.67834,-44.726326,0.22113387,True
2023-03-02 23:05:00,-28.1,95,-42,-19.91,-26.510618,-43.98769,0.21139495,True,-23.24,-25.027601,-43.025978,1.3930527,True
2023-03-02 23:10:00,-26.77,95,-41,-20.75,-25.845894,-43.01473,0.6133668,True,-24.6,-24.918743,-42.44113,1.3398358,True
2023-03-02 23:15:00,-24.88,95,-41,-21.16,-24.64793,-41.65405,1.662067,True,-23.36,-24.28566,-41.46529,1.9165264,True
2023-03-02 23:20:00,-28.22,95,-41,-25.88,-28.280945,-43.306293,-1.7637619,True,-17.32,-28.175592,-43.306374,-1.7252086,True
2023-03-02 23:25:00,-30.74,95,-42,-30.59,-30.751001,-44.168507,-4.2816176,True,-4.06,-30.625078,-44.179676,-4.2277236,False
2023-03-02 23:30:00,-31.09,95,-43,-30.8,-31.25613,-44.01096,-5.178594,True,-5.39,-31.256105,-44.12998,-5.2345757,True
2023-03-02 23:35:00,-24.36,95,-43,-28.73,-25.876379,-39.81031,-1.0279258,True,-6.02,-26.887663,-40.57645,-1.9635891,True
2023-03-02 23:40:00,-20.71,95,-43,-27.13,-22.431519,-36.551216,1.1257645,True,-10.14,-23.622719,-37.430023,0.033027336,True
2023-03-02 23:45:00,-14.27,95,-44,-23.17,-16.482712,-31.91766,5.4579234,True,-11.43,-18.095898,-33.007923,4.00897,True
2023-03-02 23:50:00,-15.46,95,-44,-21.74,-16.586996,-31.786242,5.1396213,True,-10.170001,-17.350737,-32.41236,4.424108,True
2023-03-02 23:55:00,-17.85,95,-44,-21.87,-17.788504,-32.6057,3.8226163,True,-9.39,-17.612637,-32.681965,3.9142873,True
2023-03-03 00:00:00,-18.97,95,-45,-22.1,-17.354559,-32.13225,4.018678,True,-10.73,-15.9203205,-31.401659,5.1777987,True
2023-03-03 00:05:00,-19.91,95,-45,-23.24,-16.86172,-32.00936,4.381725,True,-12.37,-14.227168,-30.458538,6.537128,True
2023-03-03 00:10:00,-20.75,95,-45,-24.6,-16.633305,-32.62469,5.0292487,True,-15.83,-13.069623,-30.448103,7.9293437,True
2023-03-03 00:15:00,-21.16,95,-44,-23.36,-16.228096,-32.74,5.665218,True,-17.93,-11.936845,-30.06469,9.132767,True
2023-03-03 00:20:00,-25.88,95,-43,-17.32,-20.166676,-35.501358,2.4104574,True,-20.74,-15.232111,-32.17603,6.409942,True
2023-03-03 00:25:00,-30.59,95,-43,-4.06,-24.53907,-38.96289,-1.0318474,True,-23.08,-19.373676,-35.291393,3.1711175,True
2023-03-03 00:30:00,-30.8,95,-45,-5.39,-25.01345,-39.24665,-1.2572769,True,-23.53,-20.081121,-35.755634,2.7551286,True
2023-03-03 00:35:00,-28.73,95,-45,-6.02,-23.757277,-37.631344,-0.37985834,True,-23.12,-19.521816,-34.739117,3.069143,True
2023-03-03 00:40:00,-27.13,95,-44,-10.14,-22.787676,-36.459507,0.6583039,True,-23.48,-19.109215,-34.040592,3.6568964,True
2023-03-03 00:45:00,-23.17,95,-43,-11.43,-19.741095,-33.714638,3.3540552,True,-23.04,-16.835762,-31.989677,5.713981,True
2023-03-03 00:50:00,-21.74,95,-42,-10.170001,-18.988413,-33.04363,4.2336574,True,-22.81,-16.676426,-31.80895,6.106828,True
2023-03-03 00:55:00,-21.87,95,-42,-9.39,-19.631727,-33.377327,3.7142065,True,-20.18,-17.779367,-32.494324,5.2138343,True
2023-03-03 01:00:00,-22.1,95,-42,-10.73,-20.50667,-33.951504,2.7589376,True,-16.04,-19.21308,-33.4851,3.7986867,True
2023-03-03 01:05:00,-23.24,95,-43,-12.37,-21.99975,-35.097897,1.418409,True,-12.75,-21.022837,-34.87427,2.1964338,True
2023-03-03 01:10:00,-24.6,95,-44,-15.83,-23.217833,-36.634727,0.84745187,True,-13.089999,-22.14793,-36.364025,1.7076184,True
2023-03-03 01:15:00,-23.36,95,-43,-17.93,-21.970554,-35.66257,1.7928845,True,-13.32,-20.89221,-35.407272,2.6641557,True
2023-03-03 01:20:00,-17.32,95,-41,-20.74,-16.844688,-31.610832,6.1408,True,-11.81,-16.493824,-31.91463,6.3918014,True
2023-03-03 01:25:00,-4.06,95,-40,-23.08,-5.205128,-24.301487,15.988922,True,-10.96,-6.1349587,-25.377232,15.163368,True
2023-03-03 01:30:00,-5.39,95,-38,-23.53,-6.0860896,-24.921125,15.183136,True,-8.77,-6.6558385,-25.826159,14.662155,True
2023-03-03 01:35:00,-6.02,95,-37,-23.12,-6.789985,-25.107891,14.244564,True,-7.81,-7.4359927,-26.074757,13.661949,True
2023-03-03 01:40:00,-10.14,95,-35,-23.48,-10.556938,-27.292675,10.647461,True,-6.0400004,-10.937652,-28.13094,10.28858,True
2023-03-03 01:45:00,-11.43,95,-33,-23.04,-11.652986,-28.160946,9.728659,True,-8.38,-11.887145,-28.930525,9.497646,True
2023-03-03 01:50:00,-10.170001,95,-33,-22.81,-10.414915,-27.555279,10.559067,True,-8.939999,-10.664889,-28.345829,10.322174,True
2023-03-03 01:55:00,-9.39,95,-32,-20.18,-9.608636,-26.991436,10.9856415,True,-9.270001,-9.8381815,-27.77658,10.776281,True
2023-03-03 02:00:00,-10.73,95,-31,-16.04,-10.421365,-27.19627,9.913595,True,-10.75,-10.21705,-27.729753,10.083168,True
2023-03-03 02:05:00,-12.37,95,-30,-12.75,-11.824503,-27.106192,7.692455,True,-12.15,-11.434777,-27.485014,8.036337,True
2023-03-03 02:10:00,-15.83,95,-30,-13.089999,-14.964449,-28.518435,4.015102,True,-8.42,-14.330372,-28.682238,4.580835,True
2023-03-03 02:15:00,-17.93,95,-31,-13.32,-16.242813,-29.359915,2.5049417,True,-9.38,-14.913486,-28.982643,3.678045,True
2023-03-03 02:20:00,-20.74,95,-29,-11.81,-18.680933,-30.986223,-0.24282677,True,-12.32,-17.047985,-30.304428,1.2051274,True
2023-03-03 02:25:00,-23.08,95,-27,-10.96,-21.147049,-32.479397,-3.3288138,True,-13.75,-19.642912,-31.83412,-1.9720539,True
2023-03-03 02:30:00,-23.53,95,-24,-8.77,-22.183327,-32.912525,-4.7307754,True,-14.809999,-21.197662,-32.659317,-3.8074372,True
2023-03-03 02:35:00,-23.12,95,-21,-7.81,-22.026737,-32.42885,-5.4172626,True,-15.63,-21.252016,-32.328754,-4.661553,True
2023-03-03 02:40:00,-23.48,95,-21,-6.0400004,-22.162912,-32.48248,-5.6464524,True,-15.0,-21.210125,-32.216187,-4.7216306,True
2023-03-03 02:45:00,-23.04,95,-21,-8.38,-21.368687,-32.122047,-4.849855,True,-14.16,-20.099483,-31.59727,-3.6426394,True
2023-03-03 02:50:00,-22.81,95,-20,-8.939999,-20.641907,-32.14869,-3.7373307,True,-15.55,-18.922977,-31.29076,-2.1373618,True
2023-03-03 02:55:00,-20.18,95,-20,-9.270001,-17.937487,-29.926306,-1.6526512,True,-14.86,-16.114944,-29.030655,0.04792182,True
2023-03-03 03:00:00,-16.04,95,-21,-10.75,-13.848092,-26.38976,1.42444,True,-8.69,-12.014777,-25.53186,3.1475465,True
2023-03-03 03:05:00,-12.75,95,-22,-12.15,-10.430123,-23.689632,4.1713786,True,-6.5500007,-8.435079,-22.766973,6.043609,True
2023-03-03 03:10:00,-13.089999,95,-22,-8.42,-10.7174835,-23.782928,3.4750383,True,-4.65,-8.664799,-22.7882,5.4139285,True
2023-03-03 03:15:00,-13.32,95,-24,-9.38,-10.549311,-24.196783,3.882589,True,-3.529999,-8.115242,-22.94228,6.150562,True
2023-03-03 03:20:00,-11.81,95,-26,-12.32,-9.530578,-24.188581,5.5222507,True,-0.8999999,-7.5372415,-23.40198,7.4044566,True
2023-03-03 03:25:00,-10.96,95,-29,-13.75,-9.251594,-23.694382,5.2303996,True,-6.0500007,-7.765425,-23.289673,6.6882606,True
2023-03-03 03:30:00,-8.77,95,-28,-14.809999,-7.8638234,-22.760242,6.298637,True,-7.3000007,-7.1063743,-22.930475,7.1355643,True
2023-03-03 03:35:00,-7.81,95,-27,-15.63,-7.6134477,-22.406477,6.1789813,True,-7.2000003,-7.516726,-23.053404,6.45367,True
2023-03-03 03:40:00,-6.0400004,95,-29,-15.0,-6.813252,-22.12687,6.789293,True,-8.16,-7.619373,-23.386961,6.276977,True
2023-03-03 03:45:00,-8.38,95,-29,-14.16,-9.741108,-24.5515,3.913944,True,-9.09,-11.117869,-26.199463,2.899656,True
2023-03-03 03:50:00,-8.939999,95,-29,-15.55,-11.23127,-25.917223,2.3296506,True,-11.45,-13.482523,-28.128916,0.5396115,True
2023-03-03 03:55:00,-9.270001,95,-28,-14.86,-11.7489395,-26.179522,1.6941448,True,-13.32,-14.176503,-28.517035,-0.2524589,True
2023-03-03 04:00:00,-10.75,95,-26,-8.69,-12.886808,-26.857006,0.4908196,True,-13.04,-15.004916,-29.018986,-1.1736549,True
2023-03-03 04:05:00,-12.15,95,-26,-6.5500007,-13.703581,-27.094881,-1.0770744,True,-13.44,-15.292343,-28.916367,-2.2487566,True
2023-03-03 04:10:00,-8.42,95,-25,-4.65,-9.368196,-23.20965,1.7672611,True,-12.28,-10.367781,-24.588335,1.1518418,True
2023-03-03 04:15:00,-9.38,95,-24,-3.529999,-8.652274,-21.64061,0.67591065,True,-12.2,-7.9963403,-21.756044,1.57855,True
2023-03-03 04:20:00,-12.32,95,-26,-0.8999999,-9.965504,-22.846315,-1.2652305,False,-11.72,-7.6882596,-21.571156,1.1049,True
2023-03-03 04:25:00,-13.75,95,-27,-6.0500007,-10.067806,-23.363842,-1.8800758,True,-16.6,-6.4128118,-20.88997,1.732288,True
2023-03-03 04:30:00,-14.809999,95,-27,-7.3000007,-9.861896,-24.765938,-0.7140601,True,-16.76,-4.85916,-21.329218,4.0228686,True
2023-03-03 04:35:00,-15.63,95,-28,-7.2000003,-9.892479,-26.759977,0.8126027,True,-16.9,-4.0132327,-22.893528,6.1998076,True
2023-03-03 04:40:00,-15.0,95,-27,-8.16,-9.909671,-25.193977,-0.589783,True,-16.5,-4.6697345,-21.59931,4.3463187,True
2023-03-03 04:45:00,-14.16,95,-27,-9.09,-9.702161,-24.587809,-0.44723162,True,-16.14,-5.127854,-21.529972,3.9291112,True
2023-03-03 04:50:00,-15.55,95,-25,-11.45,-11.907018,-26.332779,-2.0916502,True,-16.8,-8.1989765,-23.937246,1.5352246,True
2023-03-03 04:55:00,-14.86,95,-23,-13.32,-11.673896,-26.373148,-1.1621746,True,-16.9,-8.445136,-24.437885,2.0240877,True
2023-03-03 05:00:00,-8.69,95,-23,-13.04,-5.9910874,-22.218828,4.740167,True,-16.82,-3.2567732,-20.941154,7.4732623,True
2023-03-03 05:05:00,-6.5500007,95,-23,-13.44,-4.3360114,-21.60517,6.8591743,True,-13.95,-2.0975306,-20.802525,9.142498,True
2023-03-03 05:10:00,-4.65,95,-24,-12.28,-3.0861876,-21.653656,8.91444,True,-14.09,-1.5271076,-21.426813,10.59656,True
2023-03-03 05:15:00,-3.529999,95,-25,-12.2,-2.3627036,-21.600555,10.118078,True,-14.18,-1.2108272,-21.670383,11.44416,True
2023-03-03 05:20:00,-0.8999999,95,-28,-11.72,0.40027013,-20.121853,12.855637,True,-13.68,1.6841217,-20.162947,14.287811,True
2023-03-03 05:25:00,-6.0500007,95,-29,-16.6,-4.9297853,-24.31263,8.546743,True,-12.239999,-3.8549778,-24.427444,9.801865,True
2023-03-03 05:30:00,-7.3000007,95,-30,-16.76,-6.336455,-24.86824,6.827703,True,-12.89,-5.419789,-25.042994,7.9584136,True
2023-03-03 05:35:00,-7.2000003,95,-30,-16.9,-6.1632,-24.314814,6.5357738,True,-13.53,-5.1637626,-24.39964,7.7421927,True
2023-03-03 05:40:00,-8.16,95,-32,-16.5,-7.711778,-25.580048,5.136663,True,-13.14,-7.320391,-26.067848,5.8177314,True
2023-03-03 05:45:00,-9.09,95,-33,-16.14,-8.8739,-26.20908,3.696964,True,-14.27,-8.716844,-26.823526,4.1747813,True
2023-03-03 05:50:00,-11.45,95,-34,-16.8,-11.252944,-27.913738,1.4637734,True,-16.26,-11.125303,-28.518501,1.9198967,True
2023-03-03 05:55:00,-13.32,95,-33,-16.9,-13.209172,-29.507544,-0.1978286,True,-16.28,-13.178739,-30.16911,0.17671935,True
2023-03-03 06:00:00,-13.04,95,-31,-16.82,-12.945383,-29.489769,0.082111046,True,-17.32,-12.929188,-30.15343,0.43840948,True
2023-03-03 06:05:00,-13.44,95,-31,-13.95,-13.388565,-29.46411,-0.63643867,True,-19.55,-13.415157,-30.133467,-0.31124148,True
2023-03-03 06:10:00,-12.28,95,-34,-14.09,-11.859844,-28.1489,0.4470059,True,-18.68,-11.500407,-28.528786,1.1146771,True
2023-03-03 06:15:00,-12.2,95,-36,-14.18,-11.366526,-27.670141,0.5031907,True,-19.69,-10.570756,-27.719624,1.561752,True
2023-03-03 06:20:00,-11.72,95,-35,-13.68,-10.591458,-26.84396,0.72262543,True,-22.46,-9.476608,-26.64612,2.0731409,True
2023-03-03 06:25:00,-16.6,95,-34,-12.239999,-15.726227,-30.139864,-4.767795,True,-22.06,-14.88727,-30.00888,-3.6359446,True
2023-03-03 06:30:00,-16.76,95,-33,-12.89,-15.6359415,-29.616192,-5.326468,True,-20.11,-14.522627,-29.21551,-3.9336712,True
2023-03-03 06:35:00,-16.9,95,-34,-13.53,-14.829326,-29.536016,-4.5428243,True,-18.26,-12.701084,-28.329828,-2.257027,True
2023-03-03 06:40:00,-16.5,95,-33,-13.14,-14.513022,-29.839443,-3.8743374,True,-19.04,-12.465066,-28.741371,-1.6796993,True
2023-03-03 06:45:00,-16.14,95,-33,-14.27,-14.36161,-29.354345,-4.110229,True,-19.5,-12.520242,-28.40318,-2.0888464,True
2023-03-03 06:50:00,-16.8,95,-33,-16.26,-15.199071,-30.061075,-4.8591647,True,-18.52,-13.547541,-29.245066,-3.0067065,True
2023-03-03 06:55:00,-16.9,95,-33,-16.28,-15.330562,-30.230265,-4.9543614,True,-18.5,-13.707909,-29.43392,-3.130686,True
2023-03-03 07:00:00,-16.82,95,-33,-17.32,-15.233743,-30.249968,-4.7378964,True,-15.8,-13.592909,-29.442251,-2.902941,True
2023-03-03 07:05:00,-13.95,95,-33,-19.55,-12.230294,-28.016613,-1.8469242,True,-14.389999,-10.439864,-27.164824,0.10415237,True
2023-03-03 07:10:00,-14.09,95,-33,-18.68,-10.813063,-27.849577,-0.16953118,True,-14.32,-7.349216,-25.775984,3.2208612,True
2023-03-03 07:15:00,-14.18,95,-32,-19.69,-10.987172,-30.540129,1.3346936,True,-15.32,-7.6491437,-28.745554,4.5325694,True
2023-03-03 07:20:00,-13.68,95,-33,-22.46,-11.746109,-29.704605,0.0840985,True,-16.03,-9.743079,-28.787003,2.1581228,True
2023-03-03 07:25:00,-12.239999,95,-33,-22.06,-10.961155,-27.77595,0.12740485,True,-18.51,-9.642891,-27.312346,1.6209313,True
2023-03-03 07:30:00,-12.89,95,-33,-20.11,-11.131213,-27.445246,-0.30058894,True,-19.2,-9.29692,-26.557455,1.6585251,True
2023-03-03 07:35:00,-13.53,95,-33,-18.26,-11.314806,-27.885885,-0.25582537,True,-19.28,-9.002024,-26.605944,2.1166074,True
2023-03-03 07:40:00,-13.14,95,-34,-19.04,-9.861342,-28.512684,1.8812672,True,-18.24,-6.42396,-26.504244,5.1801295,True
2023-03-03 07:45:00,-14.27,95,-35,-19.5,-10.631038,-30.040627,1.5226036,True,-18.42,-6.8100543,-27.770346,5.123092,True
2023-03-03 07:50:00,-16.26,95,-34,-18.52,-12.281736,-31.110088,-0.1958278,True,-16.17,-8.074409,-28.439379,3.747318,True
2023-03-03 07:55:00,-16.28,95,-32,-18.5,-11.739397,-30.920395,0.27742925,True,-17.9,-6.89963,-27.741014,4.7474723,True
2023-03-03 08:00:00,-17.32,95,-31,-15.8,-13.237624,-32.698563,-0.75043136,True,-19.38,-8.884272,-29.87909,3.28256,True
2023-03-03 08:05:00,-19.55,95,-30,-14.389999,-16.16687,-35.01177,-3.4483473,True,-19.29,-12.561453,-32.670967,-0.049160317,True
2023-03-03 08:10:00,-18.68,95,-28,-14.32,-14.864838,-34.3725,-2.1153986,True,-18.22,-10.78952,-31.723747,1.6652924,True
2023-03-03 08:15:00,-19.69,95,-28,-15.32,-16.146608,-36.738327,-2.3703215,True,-17.16,-12.383446,-34.385612,1.0992771,True
2023-03-03 08:20:00,-22.46,95,-26,-16.03,-18.444233,-41.51926,-2.5911162,True,-18.29,-14.182883,-38.895943,1.210859,True
2023-03-03 08:25:00,-22.06,95,-22,-18.51,-19.59633,-41.662025,-3.8526585,True,-18.43,-17.032557,-40.240097,-1.4528469,True
2023-03-03 08:30:00,-20.11,95,-21,-19.2,-18.772852,-39.32778,-3.838198,True,-12.94,-17.412237,-38.731575,-2.4447482,True
2023-03-03 08:35:00,-18.26,95,-23,-19.28,-17.12619,-36.762463,-2.96163,True,-16.06,-15.978157,-36.29597,-1.7437443,True
2023-03-03 08:40:00,-19.04,95,-23,-18.24,-18.751755,-37.62499,-4.4269404,True,-13.1,-18.493832,-37.770798,-3.9821818,True
2023-03-03 08:45:00,-19.5,95,-22,-18.42,-19.978659,-38.17946,-5.556581,True,-17.95,-20.509232,-38.879692,-5.8055005,True
2023-03-03 08:50:00,-18.52,95,-21,-16.17,-18.692026,-36.88201,-4.4936595,True,-17.87,-18.91031,-37.343426,-4.478187,True
2023-03-03 08:55:00,-18.5,95,-20,-17.9,-19.266489,-37.405945,-4.7827315,True,-17.13,-20.08659,-38.282425,-5.307712,True
2023-03-03 09:00:00,-15.8,95,-18,-19.38,-17.053446,-35.069202,-3.1838343,True,-14.4,-18.373713,-36.27284,-4.166737,True
2023-03-03 09:05:00,-14.389999,95,-21,-19.29,-13.816687,-34.069397,0.3515469,True,-16.58,-13.292474,-34.002914,0.97571534,True
2023-03-03 09:10:00,-14.32,95,-22,-18.22,-13.351999,-33.061916,0.27910772,True,-18.66,-12.424188,-32.69071,1.2486569,True
2023-03-03 09:15:00,-15.32,95,-23,-17.16,-13.634629,-32.81198,-0.45790324,True,-19.24,-11.964013,-31.87589,1.1592594,True
2023-03-03 09:20:00,-16.03,95,-26,-18.29,-13.858747,-32.522255,-1.1503757,True,-22.62,-11.682722,-31.170319,0.90800446,True
2023-03-03 09:25:00,-18.51,95,-27,-18.43,-16.365213,-33.86732,-3.9803193,True,-28.08,-14.205299,-32.43364,-1.9269089,True
2023-03-03 09:30:00,-19.2,95,-27,-12.94,-17.740183,-34.25321,-5.733069,True,-29.34,-16.280827,-33.31354,-4.2914634,True
2023-03-03 09:35:00,-19.28,95,-28,-16.06,-17.869623,-33.799435,-6.258101,True,-29.28,-16.452242,-32.862328,-4.8579574,True
2023-03-03 09:40:00,-18.24,95,-30,-13.1,-16.28797,-32.652306,-4.95943,True,-29.78,-14.300673,-31.271242,-3.0677817,True
2023-03-03 09:45:00,-18.42,95,-33,-17.95,-16.005089,-32.8326,-4.65348,True,-31.95,-13.530692,-31.062887,-2.3508132,False
2023-03-03 09:50:00,-16.17,95,-35,-17.87,-12.8328,-31.115114,-1.5414432,True,-31.49,-9.382662,-28.675093,1.5765053,False
2023-03-03 09:55:00,-17.9,95,-37,-17.13,-15.627904,-33.92877,-3.6368945,True,-29.91,-13.301854,-32.31964,-1.5157818,True
2023-03-03 10:00:00,-19.38,95,-37,-14.4,-17.213373,-35.0198,-5.047149,True,-27.82,-14.990297,-33.44069,-3.018347,True
2023-03-03 10:05:00,-19.29,95,-38,-16.58,-16.800701,-35.146217,-4.4155297,True,-26.57,-14.242497,-33.318264,-2.116131,True
2023-03-03 10:10:00,-18.22,95,-37,-18.66,-15.165424,-35.543934,-2.1482413,True,-23.99,-12.017587,-33.358086,0.6109902,True
2023-03-03 10:15:00,-17.16,95,-37,-19.24,-15.514512,-37.626617,-1.4419559,True,-24.8,-13.889657,-36.596306,-0.021438913,True
2023-03-03 10:20:00,-18.29,95,-40,-22.62,-16.464478,-36.9563,-2.6867487,True,-23.11,-14.647827,-35.735657,-1.0931,True
2023-03-03 10:25:00,-18.43,95,-37,-28.08,-16.912487,-38.251614,-2.4579413,True,-26.17,-15.426711,-37.26342,-1.1654762,True
2023-03-03 10:30:00,-12.94,95,-37,-29.34,-11.93268,-35.451893,2.5603654,True,-23.04,-11.008657,-34.889168,3.3436525,True
2023-03-03 10:35:00,-16.06,95,-35,-29.28,-15.197645,-38.00905,-0.0506099,True,-25.58,-14.400513,-37.48722,0.627628,True
2023-03-03 10:40:00,-13.1,95,-34,-29.78,-11.959695,-38.312782,3.9139154,True,-31.07,-10.91021,-37.65544,4.778854,True
2023-03-03 10:45:00,-17.95,95,-36,-31.95,-18.52941,-44.780407,-0.93741447,True,-35.55,-19.18907,-45.149136,-1.5015854,True
2023-03-03 10:50:00,-17.87,95,-34,-31.49,-18.50242,-42.297047,-1.7371563,True,-40.58,-19.200598,-42.695473,-2.3489172,True
2023-03-03 10:55:00,-17.13,95,-33,-29.91,-17.43729,-39.773502,-1.4685844,True,-42.39,-17.810423,-39.96079,-1.8140873,False
2023-03-03 11:00:00,-14.4,95,-33,-27.82,-14.277332,-36.682926,0.86777467,True,-44.26,-14.241252,-36.591866,0.8602044,False
2023-03-03 11:05:00,-16.58,95,-31,-26.57,-16.125702,-37.883095,-0.9047225,True,-44.35,-15.749626,-37.547863,-0.6220668,False
2023-03-03 11:10:00,-18.66,95,-31,-23.99,-17.299814,-39.244873,-1.8489994,True,-40.15,-16.023418,-38.272152,-0.8005355,False
2023-03-03 11:15:00,-19.24,95,-31,-24.8,-17.505144,-41.68209,-1.2995456,True,-38.87,-15.881242,-40.490314,0.021636648,True
2023-03-03 11:20:00,-22.62,95,-29,-23.11,-20.637293,-44.981895,-3.615677,True,-39.59,-18.783682,-43.59638,-2.1114676,True
2023-03-03 11:25:00,-28.08,95,-29,-26.17,-25.887321,-49.49507,-7.9314084,True,-39.22,-23.828823,-47.88261,-6.2611146,True
2023-03-03 11:30:00,-29.34,95,-30,-23.04,-26.97172,-51.85634,-8.194591,True,-37.7,-24.75757,-50.129223,-6.4176917,True
2023-03-03 11:35:00,-29.28,95,-28,-25.58,-27.447165,-53.824562,-8.034624,True,-36.69,-25.759546,-52.472885,-6.7113175,True
2023-03-03 11:40:00,-29.78,95,-29,-31.07,-28.477001,-56.165005,-8.099157,True,-37.24,-27.300259,-55.149155,-7.207419,True
2023-03-03 11:45:00,-31.95,95,-29,-35.55,-30.921896,-56.908905,-10.4111185,True,-35.28,-29.988781,-56.02464,-9.716507,True
2023-03-03 11:50:00,-31.49,95,-27,-40.58,-31.225815,-57.47088,-10.263144,True,-31.41,-31.004066,-57.057407,-10.151141,True
2023-03-03 11:55:00,-29.91,95,-27,-42.39,-30.840715,-58.869522,-8.966765,True,-34.19,-31.714775,-59.15314,-9.746055,True
2023-03-03 12:00:00,-27.82,95,-27,-44.26,-30.506014,-60.47464,-7.5905585,True,-36.51,-32.941277,-61.681007,-9.632568,True
2023-03-03 12:05:00,-26.57,95,-26,-44.35,-30.337248,-59.78195,-7.1533666,True,-37.63,-33.699684,-61.532993,-9.971169,True
2023-03-03 12:10:00,-23.99,95,-27,-40.15,-28.395227,-56.307095,-5.663532,True,-41.83,-32.315975,-58.388664,-8.9988985,True
2023-03-03 12:15:00,-24.8,95,-27,-38.87,-29.222372,-54.92086,-6.7746863,True,-43.34,-33.08119,-57.048023,-10.097747,True
2023-03-03 12:20:00,-23.11,95,-26,-39.59,-27.135956,-51.365997,-5.5496316,True,-41.06,-30.627304,-53.283504,-8.60644,True
2023-03-03 12:25:00,-26.17,95,-27,-39.22,-29.024736,-51.867954,-7.4207835,True,-39.74,-31.434366,-53.174477,-9.5537815,True
2023-03-03 12:30:00,-23.04,95,-26,-37.7,-25.416359,-48.391716,-4.7852902,True,-38.16,-27.447392,-49.40766,-6.609982,True
2023-03-03 12:35:00,-25.58,95,-26,-36.69,-26.65055,-47.951923,-6.559565,True,-36.63,-27.532398,-48.23473,-7.4016175,True
2023-03-03 12:40:00,-31.07,95,-26,-37.24,-30.454035,-50.056377,-10.610762,True,-36.23,-29.886475,-49.2784,-10.201746,True
2023-03-03 12:45:00,-35.55,95,-28,-35.28,-33.50781,-51.97405,-14.024371,True,-37.3,-31.749905,-50.20007,-12.596372,True
2023-03-03 12:50:00,-40.58,95,-29,-31.41,-36.940544,-54.755432,-17.610981,True,-38.5,-33.871914,-51.77684,-15.0736065,True
2023-03-03 12:55:00,-42.39,95,-31,-34.19,-37.29409,-55.28436,-18.476688,True,-39.52,-32.975708,-51.12053,-14.89273,True
2023-03-03 13:00:00,-44.26,95,-33,-36.51,-38.697468,-56.876976,-20.064734,True,-39.58,-33.96462,-52.26939,-16.153639,True
2023-03-03 13:05:00,-44.35,95,-34,-37.63,-37.959827,-56.821632,-19.458221,True,-40.2,-32.44713,-51.480164,-14.917392,True
2023-03-03 13:10:00,-40.15,95,-35,-41.83,-34.369373,-53.29959,-16.796038,True,-39.34,-29.300385,-48.471912,-12.625495,True
2023-03-03 13:15:00,-38.87,95,-34,-43.34,-33.185757,-51.690876,-16.368036,True,-42.13,-28.132593,-46.88745,-12.215347,True
2023-03-03 13:20:00,-39.59,95,-34,-41.06,-34.570473,-52.36014,-17.99988,True,-41.16,-30.10023,-48.059532,-14.349207,True
2023-03-03 13:25:00,-39.22,95,-35,-39.74,-34.163498,-51.637325,-17.83667,True,-39.06,-29.661325,-47.325718,-14.166117,True
2023-03-03 13:30:00,-37.7,95,-35,-38.16,-33.31344,-49.950497,-17.654165,True,-41.54,-29.407187,-46.19603,-14.480586,True
2023-03-03 13:35:00,-36.69,95,-35,-36.63,-32.807247,-48.65224,-17.654884,True,-40.55,-29.35191,-45.305832,-14.862127,True
2023-03-03 13:40:00,-37.24,95,-35,-36.23,-33.405087,-48.281704,-18.712772,True,-39.32,-29.99576,-44.93993,-15.955923,True
2023-03-03 13:45:00,-35.28,95,-32,-37.3,-31.499582,-46.19788,-17.443447,True,-39.32,-28.12033,-42.897358,-14.709713,True
2023-03-03 13:50:00,-31.41,95,-29,-38.5,-27.136335,-42.944054,-13.52499,True,-39.15,-23.27901,-39.301914,-10.394501,True
2023-03-03 13:55:00,-34.19,95,-28,-39.52,-29.531908,-46.25627,-15.030879,True,-39.23,-25.316835,-42.27924,-11.629528,True
2023-03-03 14:00:00,-36.51,95,-26,-39.58,-32.37626,-48.4744,-17.846746,True,-39.06,-28.626654,-44.85394,-14.851672,True
2023-03-03 14:05:00,-37.63,95,-24,-40.2,-33.392025,-49.374012,-18.853708,True,-38.64,-29.53921,-45.640305,-15.782911,True
2023-03-03 14:10:00,-41.83,95,-25,-39.34,-37.63169,-52.35314,-23.101028,True,-38.64,-33.83023,-48.56086,-20.082111,True
2023-03-03 14:15:00,-43.34,95,-24,-42.13,-39.173256,-53.050835,-24.946238,True,-38.94,-35.40447,-49.241203,-21.954655,True
2023-03-03 14:20:00,-41.06,95,-23,-41.16,-37.005726,-50.48407,-23.540236,True,-39.09,-33.32369,-46.7716,-20.60666,True
2023-03-03 14:25:00,-39.74,95,-23,-39.06,-36.020832,-49.04284,-23.15559,True,-35.71,-32.620575,-45.583023,-20.4586,True
2023-03-03 14:30:00,-38.16,95,-22,-41.54,-34.814922,-47.772312,-22.12531,True,-35.39,-31.753569,-44.64146,-19.719137,True
2023-03-03 14:35:00,-36.63,95,-20,-40.55,-33.515446,-46.945267,-20.613678,True,-35.48,-30.663107,-44.027317,-18.398773,True
2023-03-03 14:40:00,-36.23,95,-19,-39.32,-32.9174,-46.750706,-19.64816,True,-35.81,-29.903894,-43.70593,-17.302368,True
2023-03-03 14:45:00,-37.3,95,-19,-39.32,-33.83561,-47.601353,-20.387663,True,-36.68,-30.6919,-44.41993,-17.936916,True
2023-03-03 14:50:00,-38.5,95,-19,-39.15,-34.7261,-48.146194,-21.534714,True,-35.18,-31.29686,-44.67674,-18.843817,True
2023-03-03 14:55:00,-39.52,95,-20,-39.23,-36.239586,-49.202362,-23.109415,True,-32.63,-33.251534,-46.111526,-20.80115,True
2023-03-03 15:00:00,-39.58,95,-19,-39.06,-36.21711,-49.14069,-23.115826,True,-32.83,-33.1636,-45.98769,-20.757809,True
2023-03-03 15:05:00,-40.2,95,-18,-38.64,-36.80856,-49.41423,-23.7023,True,-32.09,-33.742043,-46.23772,-21.333101,True
2023-03-03 15:10:00,-39.34,95,-17,-38.64,-35.979847,-48.85317,-22.978535,True,-32.84,-32.929295,-45.704185,-20.633564,True
2023-03-03 15:15:00,-42.13,95,-17,-38.94,-38.773544,-51.186016,-25.236418,True,-34.36,-35.768677,-48.0571,-22.941626,True
2023-03-03 15:20:00,-41.16,95,-16,-39.09,-37.84365,-49.647453,-24.794865,True,-35.37,-34.879383,-46.54748,-22.52631,True
2023-03-03 15:25:00,-39.06,95,-15,-35.71,-35.91575,-47.384552,-23.580614,True,-32.21,-33.090675,-44.41832,-21.41421,True
2023-03-03 15:30:00,-41.54,95,-15,-35.39,-38.06127,-49.48149,-25.678993,True,-32.15,-34.924793,-46.177402,-23.258413,True
2023-03-03 15:35:00,-40.55,95,-15,-35.48,-37.09332,-49.098057,-24.361208,True,-29.39,-33.97685,-45.833637,-21.9636,True
2023-03-03 15:40:00,-39.32,95,-12,-35.81,-36.052685,-47.68191,-23.894394,True,-28.76,-33.10477,-44.58291,-21.638075,True
2023-03-03 15:45:00,-39.32,95,-11,-36.68,-35.551132,-47.54807,-23.3087,True,-28.64,-32.15336,-44.038147,-20.673155,True
2023-03-03 15:50:00,-39.15,95,-11,-35.18,-35.673973,-47.757385,-23.421158,True,-28.64,-32.520214,-44.47009,-20.997908,True
2023-03-03 15:55:00,-39.23,95,-11,-32.63,-36.17378,-48.007385,-24.14238,True,-26.31,-33.372074,-45.028915,-22.028152,True
2023-03-03 16:00:00,-39.06,95,-11,-32.83,-36.177464,-48.051876,-24.037241,True,-23.95,-33.528107,-45.219368,-22.054447,True
2023-03-03 16:05:00,-38.64,95,-10,-32.09,-36.36895,-48.285343,-23.89711,True,-22.96,-34.268936,-45.950085,-22.39018,True
2023-03-03 16:10:00,-38.64,95,-11,-32.84,-36.494762,-48.6476,-23.605469,True,-18.51,-34.512684,-46.42145,-22.200361,False
2023-03-03 16:15:00,-38.94,95,-11,-34.36,-37.17234,-48.629677,-24.388523,True,-17.55,-35.544952,-46.724354,-23.279827,False
2023-03-03 16:20:00,-39.09,95,-10,-35.37,-37.168358,-48.040085,-24.751516,True,-20.1,-35.413635,-46.02611,-23.530214,False
2023-03-03 16:25:00,-35.71,95,-8,-32.21,-33.924286,-45.31566,-21.576454,True,-22.1,-32.29506,-43.43573,-20.456476,True
2023-03-03 16:30:00,-35.39,95,-9,-32.15,-33.936626,-45.30808,-21.265102,True,-23.38,-32.60529,-43.69115,-20.396435,True
2023-03-03 16:35:00,-35.48,95,-9,-29.39,-34.237682,-45.624035,-21.323044,True,-23.29,-33.09183,-44.157913,-20.615906,True
2023-03-03 16:40:00,-35.81,95,-9,-28.76,-34.84317,-46.07531,-21.665638,True,-20.94,-33.944454,-44.823383,-21.165533,False
2023-03-03 16:45:00,-36.68,95,-10,-28.64,-35.47312,-46.566933,-22.092594,True,-22.3,-34.370625,-45.139557,-21.416441,True
2023-03-03 16:50:00,-35.18,95,-9,-28.64,-33.936478,-45.56538,-20.620417,True,-22.56,-32.803093,-44.11442,-19.915789,True
2023-03-03 16:55:00,-32.63,95,-9,-26.31,-31.429102,-43.431934,-18.409376,True,-22.11,-30.333775,-42.024662,-17.734625,True
2023-03-03 17:00:00,-32.83,95,-10,-23.95,-31.303452,-43.30572,-18.304884,True,-22.98,-29.91706,-41.657413,-17.379295,True
2023-03-03 17:05:00,-32.09,95,-11,-22.96,-30.398485,-43.485626,-17.050566,True,-22.58,-28.854801,-41.71245,-15.992234,True
2023-03-03 17:10:00,-32.84,95,-12,-18.51,-31.229115,-45.13005,-17.201275,True,-19.72,-29.74871,-43.395554,-16.202839,True
2023-03-03 17:15:00,-34.36,95,-12,-17.55,-32.518612,-47.425125,-17.57682,False,-19.32,-30.829115,-45.502777,-16.413528,True
2023-03-03 17:20:00,-35.37,95,-13,-20.1,-33.523293,-48.99549,-17.963875,True,-22.4,-31.828934,-47.06824,-16.799314,True
2023-03-03 17:25:00,-32.21,95,-12,-22.1,-31.104204,-48.509712,-15.040577,True,-23.13,-30.070383,-47.104637,-14.420011,True
2023-03-03 17:30:00,-32.15,95,-12,-23.38,-31.740137,-49.919666,-14.8481865,True,-20.1,-31.326483,-48.96333,-14.735997,True
2023-03-03 17:35:00,-29.39,95,-13,-23.29,-30.23434,-51.442333,-12.025685,True,-10.06,-30.94006,-51.22359,-12.805121,False
2023-03-03 17:40:00,-28.76,95,-13,-20.94,-30.942766,-56.24867,-10.411398,True,-3.1455318e-07,-32.80738,-56.679886,-12.078281,False
2023-03-03 17:45:00,-28.64,95,-13,-22.3,-33.594833,-63.897133,-9.905066,True,5.7100005,-37.728855,-65.586555,-13.2619295,False
2023-03-03 17:50:00,-28.64,95,-14,-22.56,-36.46796,-72.254745,-9.292122,True,5.2900004,-42.72881,-75.009254,-14.144395,False
2023-03-03 17:55:00,-26.31,95,-14,-22.11,-37.980858,-76.71451,-8.472242,True,6.899999,-46.92242,-80.79314,-15.272469,False
2023-03-03 18:00:00,-23.95,95,-13,-22.98,-38.359333,-73.26602,-9.433641,True,6.8800006,-49.15461,-78.26149,-17.859144,False
2023-03-03 18:05:00,-22.96,95,-11,-22.58,-38.09968,-67.93555,-10.560426,True,3.6699998,-49.192818,-73.051765,-19.558678,False
2023-03-03 18:10:00,-18.51,95,-9,-19.72,-35.66195,-65.72467,-8.198558,True,1.4600006,-47.88924,-70.94236,-18.35974,False
2023-03-03 18:15:00,-17.55,95,-8,-19.32,-35.450768,-63.11162,-7.839975,True,-0.18000062,-47.799744,-68.34258,-18.350681,False
2023-03-03 18:20:00,-20.1,95,-7,-22.4,-37.109646,-63.30491,-8.431623,True,-1.2500004,-48.452675,-68.19363,-18.221512,False
2023-03-03 18:25:00,-22.1,95,-7,-23.13,-38.140125,-63.235733,-8.678539,True,-2.2999995,-48.4959,-67.75342,-17.726595,False
2023-03-03 18:30:00,-23.38,95,-9,-20.1,-37.703712,-61.444603,-8.192586,True,-6.5000005,-46.79233,-65.41839,-16.221922,False
2023-03-03 18:35:00,-23.29,95,-11,-10.06,-36.54828,-62.0077,-6.132708,True,-7.06,-44.882584,-65.40987,-13.534158,False
2023-03-03 18:40:00,-20.94,95,-12,-3.1455318e-07,-33.50725,-61.01744,-3.0035594,False,-13.059999,-41.43282,-63.92961,-10.0948515,True
2023-03-03 18:45:00,-22.3,95,-12,5.7100005,-32.92196,-58.49243,-3.1614058,False,-17.09,-39.586277,-60.975994,-9.156327,True
2023-03-03 18:50:00,-22.56,95,-14,5.2900004,-31.098747,-54.92928,-2.510403,False,-20.02,-36.49924,-56.911575,-7.413399,True
2023-03-03 18:55:00,-22.11,95,-13,6.899999,-29.317907,-51.485966,-2.0277178,False,-20.76,-33.920654,-53.16595,-6.24326,True
2023-03-03 19:00:00,-22.98,95,-13,6.8800006,-27.84349,-49.0775,-1.4303344,False,-18.83,-30.964943,-50.07323,-4.31609,True
2023-03-03 19:05:00,-22.58,95,-13,3.6699998,-25.841366,-48.33548,0.6033017,False,-15.08,-27.936674,-48.753014,-1.3568424,True
2023-03-03 19:10:00,-19.72,95,-13,1.4600006,-22.571352,-49.127514,4.758018,True,-15.32,-24.433495,-49.272575,3.0196092,True
2023-03-03 19:15:00,-19.32,95,-14,-0.18000062,-21.907736,-50.314224,5.9549537,True,-15.67,-23.596832,-50.32654,4.383516,True
2023-03-03 19:20:00,-22.4,95,-15,-1.2500004,-24.186811,-52.522236,4.3987,True,-13.71,-25.284426,-52.278183,3.3516386,True
2023-03-03 19:25:00,-23.13,95,-16,-2.2999995,-24.850279,-56.330654,5.611799,True,-16.01,-25.887789,-55.989983,4.6259093,True
2023-03-03 19:30:00,-20.1,95,-17,-6.5000005,-23.240654,-56.36408,7.3753123,True,-16.35,-25.321587,-56.438305,5.504583,True
2023-03-03 19:35:00,-10.06,95,-19,-7.06,-16.405655,-53.691364,13.301804,True,-14.42,-20.918077,-54.42775,9.354902,True
2023-03-03 19:40:00,-3.1455318e-07,95,-20,-13.059999,-9.327061,-51.065998,19.376228,True,-13.01,-16.134426,-52.165653,13.482285,True
2023-03-03 19:45:00,5.7100005,95,-19,-17.09,-5.9231753,-51.14607,22.972073,True,-11.96,-14.376955,-52.368103,15.6409,True
2023-03-03 19:50:00,5.2900004,95,-19,-20.02,-7.5117707,-49.152878,21.085476,True,-9.4,-16.673923,-50.63773,13.0043335,True
2023-03-03 19:55:00,6.899999,95,-16,-20.76,-7.999944,-46.25639,19.605614,True,-9.56,-18.446466,-48.157303,10.227716,True
2023-03-03 20:00:00,6.8800006,95,-13,-18.83,-9.782411,-45.443726,17.719425,True,-9.89,-21.140263,-47.63994,7.3467193,True
2023-03-03 20:05:00,3.6699998,95,-14,-15.08,-13.514105,-45.498684,14.090759,True,-9.04,-24.837654,-47.968742,3.5885713,True
2023-03-03 20:10:00,1.4600006,95,-16,-15.32,-14.59986,-45.467537,13.018894,True,-8.5,-25.098797,-47.829285,3.2640188,True
2023-03-03 20:15:00,-0.18000062,95,-16,-15.67,-15.547422,-44.284256,11.719786,True,-8.11,-25.505215,-46.743725,2.4334352,True
2023-03-03 20:20:00,-1.2500004,95,-17,-13.71,-14.861334,-43.10417,11.809977,True,-11.23,-23.782879,-45.339645,3.5328481,True
2023-03-03 20:25:00,-2.2999995,95,-18,-16.01,-13.550822,-41.001144,12.160912,True,-10.47,-21.083858,-42.999992,5.239137,True
2023-03-03 20:30:00,-6.5000005,95,-18,-16.35,-13.729676,-39.453323,11.0414715,True,-9.36,-18.651701,-40.82135,6.580169,True
2023-03-03 20:35:00,-7.06,95,-21,-14.42,-12.163531,-37.10885,11.289103,True,-6.72,-15.687036,-38.053867,8.128668,True
2023-03-03 20:40:00,-13.059999,95,-19,-13.01,-14.4385395,-36.319576,7.628469,True,-4.9,-15.229417,-36.181595,6.8778663,True
2023-03-03 20:45:00,-17.09,95,-18,-11.96,-16.854061,-34.95683,3.0946214,True,-2.9799998,-16.416964,-34.218235,3.3909357,True
2023-03-03 20:50:00,-20.02,95,-17,-9.4,-19.0521,-33.84533,-1.5700058,True,-2.3400004,-18.03966,-32.75847,-0.7968829,True
2023-03-03 20:55:00,-20.76,95,-17,-9.56,-19.09892,-32.774055,-3.2854674,True,-1.7099994,-17.510153,-31.288713,-2.035906,False
2023-03-03 21:00:00,-18.83,95,-16,-9.89,-17.422943,-31.320757,-2.4984324,True,-3.449999,-16.022112,-29.993998,-1.4133667,True
2023-03-03 21:05:00,-15.08,95,-15,-9.04,-14.113853,-28.284555,-0.9081901,True,-3.57,-13.060098,-27.217207,-0.12099297,True
2023-03-03 21:10:00,-15.32,95,-12,-8.5,-14.622767,-27.748152,-2.3081,True,-1.0900005,-13.797192,-26.849846,-1.7154907,False
2023-03-03 21:15:00,-15.67,95,-15,-8.11,-14.439443,-27.173851,-3.080294,True,8.179998,-13.144304,-25.952864,-2.0939887,False
2023-03-03 21:20:00,-13.71,95,-12,-11.23,-12.747255,-26.294882,-1.261618,True,17.830002,-11.675103,-25.246887,-0.46164355,False
2023-03-03 21:25:00,-16.01,95,-14,-10.47,-14.337152,-26.982998,-3.462126,True,21.689999,-12.641679,-25.501215,-2.1331904,False
2023-03-03 21:30:00,-16.35,95,-15,-9.36,-14.835659,-26.547222,-4.7011666,True,25.600002,-13.276559,-25.164312,-3.484259,False
2023-03-03 21:35:00,-14.42,95,-14,-6.72,-12.804845,-24.285604,-3.816785,True,27.32,-11.142311,-22.84062,-2.5090125,False
2023-03-03 21:40:00,-13.01,95,-14,-4.9,-10.536396,-22.143562,-2.2578185,True,24.349998,-8.087268,-20.129265,-0.28118357,False
2023-03-03 21:45:00,-11.96,95,-14,-2.9799998,-8.273076,-22.740763,1.7304207,True,17.02,-4.714227,-20.037142,4.611152,False
2023-03-03 21:50:00,-9.4,95,-13,-2.3400004,-4.3159432,-21.294994,5.8661513,True,8.99,0.48887792,-17.884258,9.747105,True
2023-03-03 21:55:00,-9.56,95,-13,-1.7099994,-5.278151,-21.270252,4.277004,True,5.85,-1.17038,-18.29628,7.6067863,True
2023-03-03 22:00:00,-9.89,95,-12,-3.449999,-6.087691,-22.004564,3.7188585,True,-2.3999999,-2.404362,-19.331367,6.6978297,True
2023-03-03 22:05:00,-9.04,95,-13,-3.57,-5.6191373,-21.957708,4.3264575,True,-6.27,-2.2818434,-19.556192,7.0200953,True
2023-03-03 22:10:00,-8.5,95,-15,-1.0900005,-5.5145297,-21.808428,4.595222,True,-6.8300004,-2.5727732,-19.687098,6.964584,True
2023-03-03 22:15:00,-8.11,95,-13,8.179998,-5.5401855,-22.945072,5.666372,False,-8.91,-2.976618,-21.12093,7.713348,True
2023-03-03 22:20:00,-11.23,95,-14,17.830002,-8.798358,-24.958874,3.168865,False,-10.03,-6.36305,-23.19047,5.114652,True
2023-03-03 22:25:00,-10.47,95,-14,21.689999,-8.988862,-25.692207,3.8970296,False,-9.67,-7.4200187,-24.5196,5.131122,True
2023-03-03 22:30:00,-9.36,95,-13,25.600002,-7.845715,-23.682701,4.2791553,False,-14.96,-6.2516446,-22.50023,5.5400043,True
2023-03-03 22:35:00,-6.72,95,-13,27.32,-5.2600503,-26.81204,10.13802,False,-16.02,-3.71114,-25.753475,11.343187,True
2023-03-03 22:40:00,-4.9,95,-14,24.349998,-3.5616858,-32.955387,15.721508,False,-16.42,-2.1177142,-32.044727,16.817646,True
2023-03-03 22:45:00,-2.9799998,95,-14,17.02,-2.5915778,-35.201405,18.240429,True,-17.05,-1.9522957,-34.709126,18.701542,True
2023-03-03 22:50:00,-2.3400004,95,-15,8.99,-2.4612582,-35.302082,18.776009,True,-19.2,-2.2523482,-35.030674,18.90141,True
2023-03-03 22:55:00,-1.7099994,95,-14,5.85,-2.7316916,-34.016132,18.375046,True,-19.66,-3.278107,-34.112545,17.9035,True
2023-03-03 23:00:00,-3.449999,95,-14,-2.3999999,-6.033028,-31.559843,13.986256,True,-20.08,-7.90708,-32.350334,12.410873,True
2023-03-03 23:05:00,-3.57,95,-15,-6.27,-7.034101,-29.852098,12.026749,True,-19.91,-9.638206,-31.057968,9.810682,True
2023-03-03 23:10:00,-1.0900005,95,-17,-6.8300004,-6.022136,-29.684738,14.133026,True,-21.11,-9.746277,-31.37644,10.9435005,True
2023-03-03 23:15:00,8.179998,95,-17,-8.91,1.6689202,-24.918043,20.21548,True,-20.81,-3.2471373,-26.974245,16.035294,True
2023-03-03 23:20:00,17.830002,95,-18,-10.03,9.552046,-21.26703,27.21019,True,-19.37,3.4900014,-23.598505,22.055,True
2023-03-03 23:25:00,21.689999,95,-20,-9.67,12.403233,-19.784668,29.270084,True,-16.96,5.693214,-22.300066,23.542992,True
2023-03-03 23:30:00,25.600002,95,-22,-14.96,15.710041,-18.369347,31.724781,True,-18.04,8.69824,-20.966343,25.725021,True
2023-03-03 23:35:00,27.32,95,-26,-16.02,17.999516,-15.969076,32.99829,False,-17.81,11.490898,-18.458055,27.413567,True
2023-03-03 23:40:00,24.349998,95,-28,-16.42,16.827908,-14.272102,30.970276,False,-19.06,11.487326,-16.434721,26.391537,False
2023-03-03 23:45:00,17.02,95,-32,-17.05,12.468555,-13.822764,25.665897,False,-20.21,9.1499195,-15.344183,22.826416,False
2023-03-03 23:50:00,8.99,95,-34,-19.2,7.452184,-14.125466,19.917149,False,-15.6,6.430288,-14.724446,19.015759,False
2023-03-03 23:55:00,5.85,95,-35,-19.66,5.01419,-13.969707,16.564789,False,-14.68,4.5348334,-14.335974,16.120693,False
2023-03-04 00:00:00,-2.3999999,95,-35,-20.08,-1.6896061,-16.976278,9.415161,False,-14.34,-0.8885692,-16.613216,10.051443,True
2023-03-04 00:05:00,-6.27,95,-36,-19.91,-4.6612334,-18.222092,5.6912227,False,-17.58,-3.0789988,-17.313236,6.9984603,False
2023-03-04 00:10:00,-6.8300004,95,-34,-21.11,-4.8593297,-18.023842,4.876882,False,-17.98,-2.9544566,-16.87995,6.470014,False
2023-03-04 00:15:00,-8.91,95,-33,-20.81,-6.5730205,-18.380907,2.005882,False,-18.7,-4.333056,-16.927649,3.9095228,False
2023-03-04 00:20:00,-10.03,95,-32,-19.37,-7.243937,-18.352919,0.25450101,False,-20.62,-4.5857873,-16.524847,2.5388162,False
2023-03-04 00:25:00,-9.67,95,-30,-16.96,-6.347177,-17.377365,-0.06753762,True,-18.95,-3.174534,-15.110883,2.6908872,False
2023-03-04 00:30:00,-14.96,95,-29,-18.04,-11.121145,-21.242197,-4.8400006,True,-19.4,-7.4694304,-18.455572,-1.6587967,False
2023-03-04 00:35:00,-16.02,95,-29,-17.81,-11.764318,-21.845766,-5.810333,True,-19.24,-7.7119145,-18.673414,-2.2644713,False
2023-03-04 00:40:00,-16.42,95,-28,-19.06,-11.886138,-21.948029,-6.2625747,True,-16.72,-7.5589137,-18.51668,-2.4563944,True
2023-03-04 00:45:00,-17.05,95,-26,-20.21,-12.254207,-22.19839,-7.327872,True,-14.66,-7.6620507,-18.46858,-3.2565978,True
2023-03-04 00:50:00,-19.2,95,-24,-15.6,-14.38687,-24.10472,-9.332156,True,-12.17,-9.781079,-20.299576,-5.245544,True
2023-03-04 00:55:00,-19.66,95,-23,-14.68,-15.052093,-24.562105,-10.127389,True,-16.07,-10.65196,-20.91175,-6.205855,True
2023-03-04 01:00:00,-20.08,95,-21,-14.34,-14.9384,-24.625925,-10.495473,True,-19.17,-10.010976,-20.45823,-6.08081,True
2023-03-04 01:05:00,-19.91,95,-20,-17.58,-13.976327,-24.483759,-8.502808,True,-20.15,-8.250438,-19.71147,-3.418337,False
2023-03-04 01:10:00,-21.11,95,-19,-17.98,-16.254053,-26.578682,-9.332876,True,-20.95,-11.578852,-22.810524,-5.200063,True
2023-03-04 01:15:00,-20.81,95,-20,-18.7,-15.761981,-25.71863,-10.18089,True,-18.66,-10.9071,-21.689579,-5.828649,True
2023-03-04 01:20:00,-19.37,95,-20,-20.62,-14.67493,-24.570782,-8.916981,True,-17.73,-10.175727,-20.898842,-4.866053,True
2023-03-04 01:25:00,-16.96,95,-18,-18.95,-12.625538,-22.293127,-7.788408,True,-17.11,-8.479765,-18.927284,-4.001839,True
2023-03-04 01:30:00,-18.04,95,-17,-19.4,-13.806755,-23.206661,-9.062847,True,-16.87,-9.7680235,-19.894182,-5.3585753,True
2023-03-04 01:35:00,-17.81,95,-16,-19.24,-13.359077,-22.970282,-8.5804,True,-16.97,-9.088877,-19.481398,-4.6635566,True
2023-03-04 01:40:00,-19.06,95,-15,-16.72,-15.29848,-24.68603,-9.380215,True,-15.51,-11.717681,-21.858076,-6.097732,True
2023-03-04 01:45:00,-20.21,95,-16,-14.66,-16.86778,-25.974182,-11.323716,True,-12.41,-13.679699,-23.481459,-8.373607,True
2023-03-04 01:50:00,-15.6,95,-16,-12.17,-12.3933735,-21.837645,-7.3860297,True,-13.04,-9.312881,-19.518515,-4.503467,True
2023-03-04 01:55:00,-14.68,95,-13,-16.07,-10.799286,-20.703114,-6.227864,True,-13.12,-7.037149,-17.82295,-2.7107337,True
2023-03-04 02:00:00,-14.34,95,-11,-19.17,-9.800093,-20.317915,-5.0168033,True,-11.9,-5.3884206,-16.93338,-0.9217513,True
2023-03-04 02:05:00,-17.58,95,-13,-20.15,-13.226258,-24.092762,-6.8745713,True,-10.620001,-8.977322,-20.908445,-2.9717886,True
2023-03-04 02:10:00,-17.98,95,-14,-20.95,-13.01482,-24.285622,-6.772903,True,-9.87,-8.118967,-20.557713,-2.295338,True
2023-03-04 02:15:00,-18.7,95,-14,-18.66,-13.669811,-25.64507,-6.3417764,True,-9.94,-8.675081,-21.956367,-1.8177685,True
2023-03-04 02:20:00,-20.62,95,-14,-17.73,-16.474064,-27.375671,-9.639991,True,-10.38,-12.397291,-24.314978,-5.877154,True
2023-03-04 02:25:00,-18.95,95,-14,-17.11,-15.422162,-25.436844,-10.233037,True,-12.07,-11.966448,-22.80233,-6.9556127,True
2023-03-04 02:30:00,-19.4,95,-14,-16.87,-15.494262,-25.757998,-10.078607,True,-11.61,-11.654371,-22.802149,-6.463161,True
2023-03-04 02:35:00,-19.24,95,-13,-16.97,-15.397814,-26.918022,-7.7107463,True,-11.31,-11.61503,-24.253134,-4.2046504,True
2023-03-04 02:40:00,-16.72,95,-12,-15.51,-12.924686,-26.1123,-3.8453887,True,-9.29,-9.163179,-23.741001,-0.3975776,True
2023-03-04 02:45:00,-14.66,95,-11,-12.41,-10.625166,-24.064106,-1.8901085,True,-11.88,-6.61311,-21.537205,1.7913224,True
2023-03-04 02:50:00,-12.17,95,-8,-13.04,-7.966205,-22.631416,1.3954331,True,-12.58,-3.793506,-20.183147,5.199352,True
2023-03-04 02:55:00,-16.07,95,-8,-13.12,-12.76052,-25.950428,-2.6576254,True,-13.08,-9.51918,-24.035593,0.36622015,True
2023-03-04 03:00:00,-19.17,95,-12,-11.9,-16.2469,-27.734272,-6.8118644,True,-12.75,-13.431214,-25.944515,-4.1120715,True
2023-03-04 03:05:00,-20.15,95,-15,-10.620001,-17.452166,-28.46249,-8.146858,True,-14.57,-14.882682,-26.827148,-5.647674,True
2023-03-04 03:10:00,-20.95,95,-16,-9.87,-19.269663,-29.501095,-9.880641,False,-13.5,-17.744734,-28.707642,-8.294738,True
2023-03-04 03:15:00,-18.66,95,-15,-9.94,-17.648241,-27.627214,-9.183014,True,-14.26,-16.755093,-27.36804,-8.144221,True
2023-03-04 03:20:00,-17.73,95,-13,-10.38,-17.197685,-27.272469,-8.683777,True,-13.68,-16.770012,-27.419939,-8.059142,True
2023-03-04 03:25:00,-17.11,95,-13,-12.07,-16.531033,-26.807838,-8.186551,True,-11.57,-16.046865,-26.922876,-7.503302,True
2023-03-04 03:30:00,-16.87,95,-11,-11.61,-15.958178,-26.514355,-7.856774,True,-13.39,-15.136209,-26.374619,-6.8600745,True
2023-03-04 03:35:00,-16.97,95,-10,-11.31,-15.332388,-26.253761,-7.679377,True,-12.35,-13.771464,-25.51911,-6.0143867,True
2023-03-04 03:40:00,-15.51,95,-13,-9.29,-12.680547,-24.874832,-5.3025746,True,-11.92,-9.877746,-23.249655,-2.5338843,True
2023-03-04 03:45:00,-12.41,95,-14,-11.88,-8.580094,-21.721708,-2.498957,True,-8.57,-4.686932,-19.339226,1.2639786,True
2023-03-04 03:50:00,-13.04,95,-14,-12.58,-8.579817,-21.786634,-3.0023978,True,-8.91,-4.0031304,-18.838024,1.3870007,True
2023-03-04 03:55:00,-13.12,95,-14,-13.08,-8.434321,-22.294296,-2.5575945,True,-7.9200006,-3.6041682,-19.237848,2.0410573,True
2023-03-04 04:00:00,-11.9,95,-15,-12.75,-7.457271,-21.80492,-1.5161976,True,-8.74,-2.861502,-19.01859,2.87483,True
2023-03-04 04:05:00,-10.620001,95,-16,-14.57,-6.669728,-19.697477,-2.1012766,True,-9.4,-2.5513785,-17.109282,1.9576222,True
2023-03-04 04:10:00,-9.87,95,-16,-13.5,-6.1254067,-19.31751,-1.605368,True,-11.49,-2.2157633,-16.924002,2.2737272,True
2023-03-04 04:15:00,-9.94,95,-15,-14.26,-6.281383,-19.58158,-1.4192165,True,-12.82,-2.4724677,-17.311659,2.368778,True
2023-03-04 04:20:00,-10.38,95,-14,-13.68,-6.81788,-19.949497,-2.0930674,True,-11.41,-3.0894492,-17.70818,1.6375519,True
2023-03-04 04:25:00,-12.07,95,-14,-11.57,-8.32275,-21.187042,-3.5206988,True,-9.23,-4.3969684,-18.7554,0.3982655,True
2023-03-04 04:30:00,-11.61,95,-14,-13.39,-7.5489297,-21.131725,-2.4032557,True,-9.32,-3.3048613,-18.536617,1.776405,True
2023-03-04 04:35:00,-11.31,95,-13,-12.35,-6.5670276,-20.685324,-1.254845,True,-8.95,-1.6051563,-17.61821,3.5588892,True
2023-03-04 04:40:00,-9.29,95,-13,-11.92,-3.7434914,-20.418074,2.4916055,True,-6.0900006,2.019367,-17.114277,7.914087,True
2023-03-04 04:45:00,-11.88,95,-13,-8.57,-6.8748345,-22.66753,-0.34209666,True,-6.5500007,-1.6300453,-19.606485,4.6490207,True
2023-03-04 04:50:00,-12.58,95,-15,-8.91,-8.0797205,-22.841358,-2.1284068,True,-6.9600005,-3.3368685,-19.990618,2.4729936,True
2023-03-04 04:55:00,-13.08,95,-14,-7.9200006,-8.925285,-23.623802,-2.7972834,True,-9.05,-4.5587163,-21.04686,1.473291,True
2023-03-04 05:00:00,-12.75,95,-14,-8.74,-8.293819,-23.119766,-2.2418902,True,-10.31,-3.6004584,-20.31268,2.3259046,True
2023-03-04 05:05:00,-14.57,95,-14,-9.4,-10.08122,-25.384989,-3.1354887,True,-10.43,-5.3588185,-22.576845,1.4160439,True
2023-03-04 05:10:00,-13.5,95,-16,-11.49,-9.442056,-25.419666,-1.9463581,True,-10.209999,-5.1989903,-23.08419,2.1646326,True
2023-03-04 05:15:00,-14.26,95,-17,-12.82,-10.662335,-25.79288,-3.563347,True,-11.15,-6.889116,-23.678404,0.17090385,True
2023-03-04 05:20:00,-13.68,95,-15,-11.41,-10.07379,-24.71294,-3.232468,True,-11.82,-6.293568,-22.56186,0.5402581,True
2023-03-04 05:25:00,-11.57,95,-13,-9.23,-7.521376,-22.908136,-0.74838096,True,-10.01,-3.2696536,-20.487885,3.4299428,True
2023-03-04 05:30:00,-13.39,95,-13,-9.32,-9.399737,-24.759043,-1.9380802,True,-9.17,-5.2045703,-22.34187,2.174278,True
2023-03-04 05:35:00,-12.35,95,-14,-8.95,-8.326017,-23.828386,-1.1648754,True,-8.96,-4.0705295,-21.355127,3.0109823,True
2023-03-04 05:40:00,-11.92,95,-14,-6.0900006,-7.739845,-23.658312,-0.7457755,True,-8.89,-3.3048174,-21.069212,3.5821588,True
2023-03-04 05:45:00,-8.57,95,-14,-6.5500007,-4.144237,-21.458515,2.8773286,True,-9.93,0.51745766,-18.899687,7.373941,True
2023-03-04 05:50:00,-8.91,95,-13,-6.9600005,-4.5415435,-21.778065,2.5770948,True,-10.85,0.081752464,-19.230822,7.047754,True
2023-03-04 05:55:00,-7.9200006,95,-14,-9.05,-3.6016505,-20.825333,3.2465608,True,-6.68,0.982084,-18.300097,7.695497,True
2023-03-04 06:00:00,-8.74,95,-16,-10.31,-5.070729,-22.795282,2.548702,True,-4.23,-1.1795372,-20.803154,6.3594165,True
2023-03-04 06:05:00,-9.4,95,-16,-10.43,-5.746656,-23.351416,1.9576222,True,-4.2000003,-1.8608726,-21.334623,5.7665744,True
2023-03-04 06:10:00,-11.49,95,-17,-10.209999,-8.08069,-25.780975,0.298206,True,-1.439999,-4.4549556,-23.917887,3.8596342,True
2023-03-04 06:15:00,-12.82,95,-15,-11.15,-9.938849,-28.58966,-0.37545428,True,-0.7500003,-6.904841,-27.206356,2.6327322,True
2023-03-04 06:20:00,-11.41,95,-15,-11.82,-8.988594,-30.575235,1.9672352,True,-1.4599994,-6.4830747,-29.731157,4.455337,True
2023-03-04 06:25:00,-9.23,95,-16,-10.01,-7.361383,-30.958529,4.3148055,True,-1.2500004,-5.463095,-30.591658,6.2522254,True
2023-03-04 06:30:00,-9.32,95,-15,-9.17,-8.018131,-31.265196,3.7485235,True,-3.49,-6.7103744,-31.226517,5.1824985,True
2023-03-04 06:35:00,-8.95,95,-16,-8.96,-7.820723,-30.661402,3.7801378,True,-3.6299994,-6.698814,-30.695297,5.051578,True
2023-03-04 06:40:00,-6.0900006,95,-15,-8.89,-4.46442,-29.495272,7.237617,True,-1.6299995,-2.8523638,-29.29608,8.903044,True
2023-03-04 06:45:00,-6.5500007,95,-17,-9.93,-6.3002667,-34.13547,7.059049,True,-1.9900001,-6.1357036,-34.767395,7.4590716,True
2023-03-04 06:50:00,-6.9600005,95,-17,-10.85,-6.817432,-33.927635,6.4048038,True,-0.6000007,-6.762052,-34.588562,6.711553,True
2023-03-04 06:55:00,-9.05,95,-19,-6.68,-9.156432,-34.21302,3.9605615,True,-2.0100005,-9.347173,-34.968697,4.0602756,True
2023-03-04 07:00:00,-10.31,95,-19,-4.23,-10.245911,-33.204884,2.4513776,True,-6.68,-10.262392,-33.831932,2.709522,True
2023-03-04 07:05:00,-10.43,95,-20,-4.2000003,-10.29191,-33.934277,2.5596406,True,-4.0000005,-10.237778,-34.520203,2.8703916,True
2023-03-04 07:10:00,-10.209999,95,-21,-1.439999,-9.414591,-32.73843,2.9984624,True,-4.39,-8.702767,-32.925823,3.879175,True
2023-03-04 07:15:00,-11.15,95,-24,-0.7500003,-10.1198015,-33.235706,2.2261274,True,-4.5000014,-9.176006,-33.265266,3.3046281,True
2023-03-04 07:20:00,-11.82,95,-25,-1.4599994,-10.513283,-32.794117,1.3658253,True,-6.1600003,-9.289683,-32.611732,2.6893423,True
2023-03-04 07:25:00,-10.01,95,-27,-1.2500004,-8.230154,-30.353552,2.7035882,True,-6.2100005,-6.522924,-29.864962,4.451362,True
2023-03-04 07:30:00,-9.17,95,-29,-3.49,-6.886369,-28.49438,3.2147539,True,-7.98,-4.6551366,-27.659397,5.4283156,True
2023-03-04 07:35:00,-8.96,95,-30,-3.6299994,-5.940923,-27.658438,3.706741,True,-4.9,-2.9565623,-26.342766,6.571882,True
2023-03-04 07:40:00,-8.89,95,-31,-1.6299995,-5.115188,-25.990643,3.746662,True,-8.21,-1.3462185,-24.121756,7.3114295,True
2023-03-04 07:45:00,-9.93,95,-30,-1.9900001,-6.413279,-25.83633,1.96092,True,-9.06,-2.888962,-24.025488,5.3380237,True
2023-03-04 07:50:00,-10.85,95,-27,-0.6000007,-7.1647506,-26.20721,1.0416657,True,-9.08,-3.4470198,-24.224934,4.593868,True
2023-03-04 07:55:00,-6.68,95,-27,-2.0100005,-1.9725174,-22.23233,5.545717,True,-8.72,2.7503412,-19.692894,9.960806,True
2023-03-04 08:00:00,-4.23,95,-28,-6.68,1.3695408,-20.819452,8.812647,True,-6.7900004,6.9085994,-17.894308,13.894447,True
2023-03-04 08:05:00,-4.2000003,95,-29,-4.0000005,1.4068886,-20.96576,8.773846,True,-8.39,6.960279,-18.030987,13.857376,True
2023-03-04 08:10:00,-1.439999,95,-29,-4.39,3.7977502,-19.15469,10.995491,True,-8.87,8.880297,-16.572395,15.671806,True
2023-03-04 08:15:00,-0.7500003,95,-29,-4.5000014,5.238046,-16.9518,11.798952,True,-8.99,11.0674,-13.839797,17.157581,True
2023-03-04 08:20:00,-1.4599994,95,-29,-6.1600003,4.73208,-18.202261,11.732901,True,-10.82,10.762928,-14.994935,17.219536,True
2023-03-04 08:25:00,-1.2500004,95,-29,-6.2100005,4.1047587,-18.412146,11.057121,True,-10.73,9.351109,-15.661137,15.858223,True
2023-03-04 08:30:00,-3.49,95,-28,-7.98,1.3358952,-19.45476,8.342333,True,-11.37,6.153827,-16.825596,12.787727,True
2023-03-04 08:35:00,-3.6299994,95,-27,-4.9,1.0156914,-19.369532,8.006613,True,-13.19,5.6534686,-16.820116,12.296921,True
2023-03-04 08:40:00,-1.6299995,95,-26,-8.21,2.983442,-17.676655,9.770655,True,-10.47,7.5311656,-15.212098,13.97707,True
2023-03-04 08:45:00,-1.9900001,95,-25,-9.06,2.368055,-17.993431,9.17403,True,-11.24,6.681167,-15.64359,13.169544,True
2023-03-04 08:50:00,-0.6000007,95,-25,-9.08,4.2514987,-16.814821,10.941799,True,-15.21,9.010103,-14.209985,15.3093605,False
2023-03-04 08:55:00,-2.0100005,95,-26,-8.72,2.5394495,-17.874884,9.447123,True,-15.3,7.0361686,-15.377501,13.579193,True
2023-03-04 09:00:00,-6.68,95,-25,-6.7900004,-2.5940344,-20.976175,4.4014716,True,-15.82,1.5564839,-18.500639,8.2500305,True
2023-03-04 09:05:00,-4.0000005,95,-25,-8.39,0.093528435,-19.73512,7.153751,True,-13.58,4.1812415,-17.420408,10.908693,True
2023-03-04 09:10:00,-4.39,95,-25,-8.87,0.08821647,-19.48111,7.1781154,True,-11.759999,4.5413604,-16.898428,11.251047,True
2023-03-04 09:15:00,-4.5000014,95,-25,-8.99,0.007915182,-19.938965,7.188358,True,-11.96,4.4893146,-17.342722,11.265139,True
2023-03-04 09:20:00,-6.1600003,95,-25,-10.82,-1.7217907,-20.960012,5.6391196,True,-19.47,2.7118204,-18.317905,9.675005,False
2023-03-04 09:25:00,-6.2100005,95,-24,-10.73,-1.4924492,-21.069185,5.9401183,True,-19.27,3.218456,-18.244009,10.19965,False
2023-03-04 09:30:00,-7.98,95,-23,-11.37,-3.5267298,-22.800974,4.2157626,True,-11.53,0.9390294,-20.084309,8.248543,True
2023-03-04 09:35:00,-4.9,95,-23,-13.19,0.22864692,-20.905354,7.7859683,True,-12.35,5.3093867,-17.917053,12.3096695,True
2023-03-04 09:40:00,-8.21,95,-24,-10.47,-3.0612338,-23.18569,5.031881,True,-9.13,2.096897,-20.012877,9.623877,True
2023-03-04 09:45:00,-9.06,95,-24,-11.24,-3.5907805,-23.699465,4.6192565,True,-13.46,1.9461666,-20.201702,9.524475,True
2023-03-04 09:50:00,-9.08,95,-23,-15.21,-3.5586264,-24.31381,4.98492,True,-14.57,2.0437257,-20.790672,9.908976,True
2023-03-04 09:55:00,-8.72,95,-23,-15.3,-4.0236297,-25.570377,4.9062457,True,-17.34,0.74162835,-22.643831,9.067652,True
2023-03-04 10:00:00,-6.7900004,95,-22,-15.82,-2.4127982,-24.721107,6.483108,True,-16.3,1.9837662,-22.090443,10.301994,True
2023-03-04 10:05:00,-8.39,95,-22,-13.58,-4.933102,-25.43362,3.9667337,True,-15.25,-1.4742168,-23.3038,7.003904,True
2023-03-04 10:10:00,-8.87,95,-22,-11.759999,-5.7590594,-25.471388,3.0826604,True,-13.55,-2.667023,-23.534966,5.806907,True
2023-03-04 10:15:00,-8.99,95,-22,-11.96,-5.985868,-25.289394,2.896263,True,-13.28,-3.024975,-23.412647,5.505056,True
2023-03-04 10:20:00,-10.82,95,-22,-19.47,-6.70017,-26.126175,2.5683038,True,-12.85,-2.5811045,-23.394873,6.172771,True
2023-03-04 10:25:00,-10.73,95,-21,-19.27,-6.37544,-27.15643,3.3514574,True,-13.64,-2.0078223,-24.294025,7.126266,True
2023-03-04 10:30:00,-11.37,95,-20,-11.53,-7.0735803,-28.906868,3.1175249,True,-14.06,-2.7492697,-26.094017,6.8127437,True
2023-03-04 10:35:00,-13.19,95,-20,-12.35,-9.047749,-30.384102,1.2928234,True,-14.29,-4.881824,-27.619146,4.850944,True
2023-03-04 10:40:00,-10.47,95,-20,-9.13,-5.7873187,-28.106237,4.0732017,True,-14.37,-1.1386303,-25.11788,8.019495,True
2023-03-04 10:45:00,-11.24,95,-21,-13.46,-6.4000793,-29.219994,3.7339895,True,-14.71,-1.6142067,-26.147844,7.774692,True
2023-03-04 10:50:00,-15.21,95,-21,-14.57,-10.746415,-33.695942,0.54489297,True,-15.88,-6.3491683,-30.812801,4.2369876,True
2023-03-04 10:55:00,-15.3,95,-20,-17.34,-11.305722,-33.85379,0.011951132,True,-16.75,-7.4340177,-31.308636,3.2631052,True
2023-03-04 11:00:00,-15.82,95,-19,-16.3,-12.60339,-34.266174,-1.2535824,True,-16.37,-9.53987,-32.215286,1.3168083,True
2023-03-04 11:05:00,-13.58,95,-17,-15.25,-9.6331415,-32.486282,1.6104294,True,-17.26,-5.871369,-30.029324,4.751991,True
2023-03-04 11:10:00,-11.759999,95,-15,-13.55,-8.952443,-32.47288,2.7219446,True,-18.3,-6.3661504,-30.808804,4.851312,True
2023-03-04 11:15:00,-11.96,95,-16,-13.28,-9.898478,-31.443163,1.4096256,True,-17.72,-8.030912,-30.179886,2.935209,True
2023-03-04 11:20:00,-19.47,95,-17,-12.85,-17.615238,-35.03851,-6.236872,True,-19.03,-15.897867,-33.712284,-4.810119,True
2023-03-04 11:25:00,-19.27,95,-14,-13.64,-17.442122,-34.01392,-6.5593762,True,-20.2,-15.7449875,-32.66809,-5.1504636,True
2023-03-04 11:30:00,-11.53,95,-14,-14.06,-9.043882,-27.14109,0.59181565,True,-20.73,-6.7281823,-25.441566,2.5190809,True
2023-03-04 11:35:00,-12.35,95,-13,-14.29,-9.672676,-27.280722,-0.2859386,True,-23.05,-7.166449,-25.406971,1.8079525,True
2023-03-04 11:40:00,-9.13,95,-15,-14.37,-5.467405,-23.760859,3.2078474,True,-25.67,-2.0180724,-21.271814,6.1126266,False
2023-03-04 11:45:00,-13.46,95,-15,-14.71,-9.079696,-26.785185,-0.16186364,True,-26.27,-4.872248,-23.614923,3.4013078,False
2023-03-04 11:50:00,-14.57,95,-16,-15.88,-9.893331,-28.008547,-0.85633117,True,-28.79,-5.374561,-24.595695,2.9549024,False
2023-03-04 11:55:00,-17.34,95,-17,-16.75,-12.46908,-30.522408,-2.9929202,True,-27.92,-7.7415433,-26.891922,0.98303574,False
2023-03-04 12:00:00,-16.3,95,-19,-16.37,-11.345658,-29.171116,-2.2259657,True,-29.21,-6.563727,-25.524794,1.7993008,False
2023-03-04 12:05:00,-15.25,95,-20,-17.26,-10.358765,-28.048527,-1.6912597,True,-30.28,-5.6469855,-24.455948,2.2705057,False
2023-03-04 12:10:00,-13.55,95,-21,-18.3,-8.945768,-26.17849,-0.8646243,True,-29.67,-4.5466914,-22.817204,2.834459,False
2023-03-04 12:15:00,-13.28,95,-21,-17.72,-8.569886,-25.371838,-0.6586364,True,-30.07,-4.077501,-21.903923,3.1270463,False
2023-03-04 12:20:00,-12.85,95,-21,-19.03,-8.249248,-24.7645,-0.5122054,True,-30.87,-3.859463,-21.339735,3.1853273,False
2023-03-04 12:25:00,-13.64,95,-21,-20.2,-9.663541,-25.669561,-1.9526294,True,-30.79,-5.867392,-22.634674,1.2262703,False
2023-03-04 12:30:00,-14.06,95,-20,-20.73,-9.772229,-25.78927,-2.0675929,True,-31.07,-5.660558,-22.47455,1.3796059,False
2023-03-04 12:35:00,-14.29,95,-20,-23.05,-9.890622,-26.822311,-1.737038,True,-32.7,-5.667893,-23.461052,1.774635,False
2023-03-04 12:40:00,-14.37,95,-20,-25.67,-9.424414,-27.11143,-0.93886596,True,-33.32,-4.6810412,-23.394556,2.999666,False
2023-03-04 12:45:00,-14.71,95,-19,-26.27,-9.719608,-27.41283,-1.0975822,True,-33.21,-4.9456687,-23.66276,2.8599393,False
2023-03-04 12:50:00,-15.88,95,-20,-28.79,-11.659143,-28.194588,-3.2910712,False,-33.28,-7.63298,-24.92113,0.034768745,False
2023-03-04 12:55:00,-16.75,95,-20,-27.92,-12.429219,-28.528059,-4.1390986,True,-32.23,-8.311405,-25.127893,-0.7300628,False
2023-03-04 13:00:00,-16.37,95,-20,-29.21,-11.960406,-28.06311,-3.8974726,False,-34.52,-7.7599263,-24.587498,-0.42131075,False
2023-03-04 13:05:00,-17.26,95,-20,-30.28,-13.130626,-29.86225,-4.415978,False,-38.41,-9.2064705,-26.622349,-1.2068027,False
2023-03-04 13:10:00,-18.3,95,-19,-29.67,-14.828634,-31.42778,-5.5083776,True,-37.47,-11.555914,-28.675884,-2.871855,False
2023-03-04 13:15:00,-17.72,95,-19,-30.07,-14.589044,-30.087988,-5.891664,True,-37.6,-11.6453,-27.54543,-3.5267813,False
2023-03-04 13:20:00,-19.03,95,-18,-30.87,-16.152498,-30.75762,-7.677922,False,-36.54,-13.445096,-28.337986,-5.511008,False
2023-03-04 13:25:00,-20.2,95,-19,-30.79,-17.360191,-31.717234,-8.847066,True,-35.12,-14.682984,-29.281952,-6.7073836,False
2023-03-04 13:30:00,-20.73,95,-19,-31.07,-18.070435,-31.890427,-9.673706,True,-35.26,-15.566529,-29.568897,-7.6808743,False
2023-03-04 13:35:00,-23.05,95,-18,-32.7,-20.374634,-33.390305,-12.107025,True,-35.33,-17.845213,-30.9858,-10.085816,False
2023-03-04 13:40:00,-25.67,95,-19,-33.32,-22.956306,-35.420944,-14.72493,True,-33.57,-20.377077,-32.912415,-12.661633,False
2023-03-04 13:45:00,-26.27,95,-20,-33.21,-23.015928,-35.65956,-14.846034,True,-33.21,-19.915018,-32.67248,-12.328488,False
2023-03-04 13:50:00,-28.79,95,-18,-33.28,-25.56402,-37.94962,-17.088856,True,-36.55,-22.486029,-34.93716,-14.599233,False
2023-03-04 13:55:00,-27.92,95,-18,-32.23,-24.629545,-37.199516,-16.363594,True,-40.34,-21.477785,-34.12322,-13.816043,False
2023-03-04 14:00:00,-29.21,95,-18,-34.52,-25.580122,-38.039127,-17.46174,True,-40.7,-22.102041,-34.639015,-14.633885,False
2023-03-04 14:05:00,-30.28,95,-18,-38.41,-26.776953,-39.242912,-18.453098,True,-39.18,-23.410172,-35.928,-15.735658,False
2023-03-04 14:10:00,-29.67,95,-18,-37.47,-25.828829,-38.909317,-17.333027,True,-39.64,-22.114786,-35.298286,-14.331225,False
2023-03-04 14:15:00,-30.07,95,-18,-37.6,-26.489634,-40.49331,-16.89547,True,-40.58,-23.020784,-37.126842,-14.147583,False
2023-03-04 14:20:00,-30.87,95,-18,-36.54,-27.963142,-41.51236,-18.198608,True,-41.36,-25.160326,-38.72421,-16.03019,False
2023-03-04 14:25:00,-30.79,95,-18,-35.12,-27.89721,-40.72073,-18.691597,True,-39.72,-25.124271,-37.949432,-16.543139,False
2023-03-04 14:30:00,-31.07,95,-17,-35.26,-28.300264,-40.715378,-19.157999,True,-38.1,-25.66479,-38.060867,-17.126919,False
2023-03-04 14:35:00,-32.7,95,-17,-35.33,-30.130075,-42.192677,-20.642445,True,-38.3,-27.698347,-39.697887,-18.7915,True
2023-03-04 14:40:00,-33.32,95,-17,-33.57,-30.774296,-42.77266,-21.05146,True,-37.13,-28.375544,-40.29662,-19.233929,True
2023-03-04 14:45:00,-33.21,95,-17,-33.21,-30.464027,-42.180817,-20.803474,True,-37.41,-27.904442,-39.56585,-18.843447,True
2023-03-04 14:50:00,-33.28,95,-16,-36.55,-30.212666,-41.964596,-20.449324,True,-39.01,-27.366238,-39.088936,-18.246027,True
2023-03-04 14:55:00,-32.23,95,-15,-40.34,-28.853268,-40.806717,-19.19347,True,-41.72,-25.72831,-37.697784,-16.749475,False
2023-03-04 15:00:00,-34.52,95,-16,-40.7,-30.65113,-43.03496,-20.321428,True,-42.02,-27.06948,-39.489735,-17.50309,False
2023-03-04 15:05:00,-38.41,95,-17,-39.18,-34.205162,-46.690464,-23.02663,True,-41.75,-30.321882,-42.818222,-19.97592,True
2023-03-04 15:10:00,-37.47,95,-17,-39.64,-33.434185,-46.225594,-22.192764,True,-37.77,-29.703188,-42.51198,-19.282421,True
2023-03-04 15:15:00,-37.6,95,-16,-40.58,-33.606144,-46.245956,-22.491438,True,-37.41,-29.91779,-42.57696,-19.618027,True
2023-03-04 15:20:00,-36.54,95,-15,-41.36,-33.078796,-46.384876,-21.283041,True,-34.32,-29.888952,-43.191795,-18.8516,True
2023-03-04 15:25:00,-35.12,95,-15,-39.72,-32.037823,-45.85681,-19.952803,True,-32.83,-29.199272,-42.99741,-17.822775,True
2023-03-04 15:30:00,-35.26,95,-15,-38.1,-33.024063,-47.35526,-20.035282,True,-32.61,-30.97529,-45.158123,-18.58611,True
2023-03-04 15:35:00,-35.33,95,-15,-38.3,-33.562138,-47.31289,-20.558876,True,-30.49,-31.944538,-45.47049,-19.471558,True
2023-03-04 15:40:00,-33.57,95,-15,-37.13,-32.01673,-45.104893,-19.632063,True,-29.57,-30.596418,-43.434532,-18.703749,True
2023-03-04 15:45:00,-33.21,95,-16,-37.41,-31.758417,-44.766747,-19.090788,True,-30.47,-30.43545,-43.172016,-18.241302,True
2023-03-04 15:50:00,-36.55,95,-16,-39.01,-34.49059,-48.455334,-20.082863,True,-30.65,-32.629593,-46.369205,-18.787645,True
2023-03-04 15:55:00,-40.34,95,-17,-41.72,-39.151684,-54.673096,-22.007597,True,-30.12,-38.065926,-53.19174,-21.375628,True
2023-03-04 16:00:00,-40.7,95,-19,-42.02,-40.15283,-55.81877,-22.251722,True,-29.62,-39.622433,-54.784454,-22.07697,True
2023-03-04 16:05:00,-39.18,95,-18,-41.75,-38.483547,-54.945267,-20.18548,True,-29.960001,-37.83239,-53.801792,-19.904757,True
2023-03-04 16:10:00,-39.64,95,-19,-37.77,-40.17704,-58.163063,-19.8968,True,-29.060001,-40.56818,-57.809025,-20.457994,True
2023-03-04 16:15:00,-40.58,95,-20,-37.41,-41.898323,-58.76518,-21.638489,True,-28.25,-42.914726,-58.914837,-22.711557,True
2023-03-04 16:20:00,-41.36,95,-19,-34.32,-42.223656,-56.987705,-22.993763,True,-24.59,-42.85052,-56.891495,-23.75471,True
2023-03-04 16:25:00,-39.72,95,-17,-32.83,-40.208237,-53.552963,-22.124405,True,-25.17,-40.523308,-53.228012,-22.630476,True
2023-03-04 16:30:00,-38.1,95,-16,-32.61,-38.255466,-50.639366,-21.05979,True,-19.97,-38.299675,-50.11793,-21.333176,False
2023-03-04 16:35:00,-38.3,95,-15,-30.49,-37.947357,-49.623924,-21.166508,True,-16.25,-37.57821,-48.771446,-21.085644,False
2023-03-04 16:40:00,-37.13,95,-15,-29.57,-36.344753,-47.888138,-19.899694,True,-13.12,-35.629868,-46.754013,-19.516768,False
2023-03-04 16:45:00,-37.41,95,-14,-30.47,-35.751244,-47.467728,-19.345768,True,-11.7,-34.33022,-45.724766,-18.361746,False
2023-03-04 16:50:00,-39.01,95,-14,-30.65,-36.539165,-48.471817,-20.091602,True,-14.01,-34.45263,-46.14508,-18.548576,False
2023-03-04 16:55:00,-41.72,95,-15,-30.12,-38.483994,-50.101444,-22.268599,True,-15.25,-35.760136,-47.185535,-20.200195,False
2023-03-04 17:00:00,-42.02,95,-16,-29.62,-38.409958,-49.77506,-23.046053,True,-15.19,-35.34716,-46.544373,-20.69547,False
2023-03-04 17:05:00,-41.75,95,-17,-29.960001,-37.57079,-48.909843,-23.086466,True,-15.16,-33.989697,-45.207245,-20.29989,False
2023-03-04 17:10:00,-37.77,95,-15,-29.060001,-33.53666,-45.593227,-19.915226,True,-15.34,-29.828026,-41.840775,-17.020012,False
2023-03-04 17:15:00,-37.41,95,-16,-28.25,-33.36386,-46.27091,-19.22578,True,-16.6,-29.774294,-42.65193,-16.453129,True
2023-03-04 17:20:00,-34.32,95,-14,-24.59,-31.144382,-45.94959,-15.965328,True,-15.12,-28.284868,-43.026768,-13.827477,True
2023-03-04 17:25:00,-32.83,95,-14,-25.17,-31.657131,-46.185085,-16.25871,True,-10.0,-30.564745,-44.735023,-15.582832,False
2023-03-04 17:30:00,-32.61,95,-15,-19.97,-31.611202,-43.918934,-17.69291,True,-5.1700006,-30.671427,-42.626034,-17.13704,False
2023-03-04 17:35:00,-30.49,95,-14,-16.25,-29.812363,-41.40501,-16.566296,False,-3.0800002,-29.150187,-40.35902,-16.238785,False
2023-03-04 17:40:00,-29.57,95,-14,-13.12,-29.099363,-40.239513,-15.930968,False,-3.449999,-28.612951,-39.346527,-15.748593,False
2023-03-04 17:45:00,-30.47,95,-13,-11.7,-29.586372,-39.99359,-16.870756,False,-5.5500007,-28.743118,-38.819767,-16.380898,False
2023-03-04 17:50:00,-30.65,95,-13,-14.01,-29.443321,-39.702454,-16.931593,False,-4.4600005,-28.321503,-38.299965,-16.200804,False
2023-03-04 17:55:00,-30.12,95,-13,-15.25,-28.6489,-39.148796,-16.151468,False,-2.0100005,-27.298666,-37.5605,-15.222665,False
2023-03-04 18:00:00,-29.62,95,-13,-15.19,-27.476845,-38.56038,-14.888087,True,-1.1199993,-25.53661,-36.490543,-13.453918,False
2023-03-04 18:05:00,-29.960001,95,-14,-15.16,-27.281017,-39.51082,-13.816005,True,-3.9200003,-24.854939,-37.039345,-11.980329,False
2023-03-04 18:10:00,-29.060001,95,-15,-15.34,-26.652842,-41.14163,-11.525208,True,-6.0100007,-24.443329,-38.861603,-9.890148,False
2023-03-04 18:15:00,-28.25,95,-15,-16.6,-26.773933,-41.96332,-10.985352,True,-6.72,-25.380932,-40.315205,-10.031769,False
2023-03-04 18:20:00,-24.59,95,-14,-15.12,-23.289593,-37.109932,-9.674179,True,-6.78,-22.043636,-35.618866,-8.830708,False
2023-03-04 18:25:00,-25.17,95,-16,-10.0,-24.053198,-37.150795,-10.586644,False,-6.3800006,-22.971325,-35.794724,-9.876832,False
2023-03-04 18:30:00,-19.97,95,-17,-5.1700006,-19.761797,-32.081654,-7.927695,False,-5.3800015,-19.477913,-31.369848,-7.8910937,False
2023-03-04 18:35:00,-16.25,95,-17,-3.0800002,-16.344578,-28.561909,-5.3102956,False,-3.3400004,-16.324762,-28.058155,-5.4971585,False
2023-03-04 18:40:00,-13.12,95,-16,-3.449999,-13.271333,-26.107988,-2.5600932,True,-2.9599993,-13.299576,-25.62517,-2.7841036,True
2023-03-04 18:45:00,-11.7,95,-13,-5.5500007,-12.397252,-26.265799,-0.94758254,True,-3.1700003,-12.897254,-26.082382,-1.5619434,True
2023-03-04 18:50:00,-14.01,95,-11,-4.4600005,-14.281491,-27.97325,-2.3659518,True,-0.100000694,-14.401376,-27.533575,-2.6514552,False
2023-03-04 18:55:00,-15.25,95,-12,-2.0100005,-15.579319,-29.243393,-3.2485487,False,-0.03999932,-15.742929,-28.834848,-3.56695,False
2023-03-04 19:00:00,-15.19,95,-12,-1.1199993,-15.647988,-28.923796,-3.6067908,False,-1.5200008,-15.918629,-28.602974,-4.015475,False
2023-03-04 19:05:00,-15.16,95,-14,-3.9200003,-15.075234,-28.369263,-3.5521815,True,-3.1800005,-14.871431,-27.724731,-3.5550673,False
2023-03-04 19:10:00,-15.34,95,-15,-6.0100007,-15.223005,-28.85756,-3.4369547,True,-2.7500002,-14.984644,-28.180988,-3.408438,False
2023-03-04 19:15:00,-16.6,95,-16,-6.72,-15.755105,-29.384956,-3.6951048,True,-2.7600005,-14.875439,-28.266506,-3.1190474,False
2023-03-04 19:20:00,-15.12,95,-16,-6.78,-14.556109,-27.906223,-2.9264185,True,-3.8800004,-13.919385,-26.971388,-2.5554621,True
2023-03-04 19:25:00,-10.0,95,-17,-6.3800006,-9.50647,-23.389513,0.9328992,True,-3.8899996,-8.931386,-22.51177,1.253801,True
2023-03-04 19:30:00,-5.1700006,95,-16,-5.3800015,-4.501694,-19.79483,5.278499,True,-3.5200007,-3.7768424,-18.820465,5.731773,True
2023-03-04 19:35:00,-3.0800002,95,-15,-3.3400004,-3.1651022,-17.785545,5.828592,True,-1.9799999,-3.0997088,-17.259705,5.719993,True
2023-03-04 19:40:00,-3.449999,95,-15,-2.9599993,-3.7865384,-17.469004,4.858791,True,-1.3899997,-3.934685,-17.110128,4.565622,True
2023-03-04 19:45:00,-5.5500007,95,-17,-3.1700003,-5.645924,-18.392195,2.8349855,True,-2.5900004,-5.577392,-17.915285,2.7266977,True
2023-03-04 19:50:00,-4.4600005,95,-16,-0.100000694,-4.6277556,-17.56546,3.634199,True,-3.2500002,-4.6179957,-17.130697,3.4784086,True
2023-03-04 19:55:00,-2.0100005,95,-14,-0.03999932,-1.6305145,-15.456061,6.001415,True,-2.4699996,-1.1462406,-14.701654,6.258352,True
2023-03-04 20:00:00,-1.1199993,95,-12,-1.5200008,-0.85199004,-15.828193,7.264196,True,-2.0200007,-0.45946535,-15.122326,7.4482703,True
2023-03-04 20:05:00,-3.9200003,95,-11,-3.1800005,-3.0916636,-17.089046,4.949369,True,1.4799992,-2.1984923,-16.06478,5.5588126,True
2023-03-04 20:10:00,-6.0100007,95,-12,-2.7500002,-4.762445,-17.927786,3.2102258,True,4.7000003,-3.494387,-16.659271,4.1425853,False
2023-03-04 20:15:00,-6.72,95,-13,-2.7600005,-4.0105233,-17.568348,3.6830423,True,6.4200015,-1.4454254,-15.398746,5.726932,False
2023-03-04 20:20:00,-6.78,95,-13,-3.8800004,-4.255837,-20.835703,5.5712886,True,3.760002,-1.8267673,-18.80723,7.465835,True
2023-03-04 20:25:00,-6.3800006,95,-13,-3.8899996,-4.543819,-22.437048,6.20593,True,1.139999,-2.710726,-20.80914,7.598804,True
2023-03-04 20:30:00,-5.3800015,95,-13,-3.5200007,-4.073487,-22.140734,6.613481,True,2.8600023,-2.7073042,-20.812962,7.6232867,True
2023-03-04 20:35:00,-3.3400004,95,-13,-1.9799999,-2.2198298,-20.399925,8.018801,True,7.7599998,-1.0244468,-19.196875,8.893694,True
2023-03-04 20:40:00,-2.9599993,95,-12,-1.3899997,-2.332411,-21.507874,8.783714,True,13.119999,-1.5669788,-20.571484,9.308439,False
2023-03-04 20:45:00,-3.1700003,95,-14,-2.5900004,-2.9596636,-22.419916,8.978634,True,16.46,-2.5551722,-21.69929,9.210506,False
2023-03-04 20:50:00,-0.100000694,95,-12,-3.2500002,-0.47671542,-22.505661,12.463413,True,18.29,-0.572058,-22.042301,12.295788,False
2023-03-04 20:55:00,-0.03999932,95,-12,-2.4699996,-0.98348457,-25.198816,13.787632,True,19.029999,-1.546408,-24.948488,13.252888,False
2023-03-04 21:00:00,-1.5200008,95,-11,-2.0200007,-4.070061,-25.582561,11.009285,True,17.14,-6.0119576,-26.116169,9.332886,False
2023-03-04 21:05:00,-3.1800005,95,-12,1.4799992,-5.7699676,-24.499096,8.680864,True,13.25,-7.749082,-25.163723,6.946346,False
2023-03-04 21:10:00,-2.7500002,95,-12,4.7000003,-5.7087445,-24.416157,9.138174,True,9.57,-7.98432,-25.2477,7.155996,False
2023-03-04 21:15:00,-2.7600005,95,-12,6.4200015,-5.6105666,-25.385416,10.164619,True,6.6599994,-7.7720647,-26.121372,8.289991,True
2023-03-04 21:20:00,-3.8800004,95,-13,3.760002,-6.4927363,-25.81739,9.493496,True,4.4500003,-8.449643,-26.474552,7.787275,True
2023-03-04 21:25:00,-3.8899996,95,-14,1.139999,-6.0840793,-25.65833,9.868227,True,3.09,-7.6867595,-26.131468,8.462353,True
2023-03-04 21:30:00,-3.5200007,95,-15,2.8600023,-5.590259,-24.992254,10.150501,True,-0.62999946,-7.0941787,-25.434816,8.828211,True
2023-03-04 21:35:00,-1.9799999,95,-15,7.7599998,-4.0814805,-22.563126,10.539749,True,-4.44,-5.620086,-23.061094,9.179306,True
2023-03-04 21:40:00,-1.3899997,95,-15,13.119999,-3.1902277,-21.107027,10.8367,False,-3.6399996,-4.4726977,-21.487165,9.683979,True
2023-03-04 21:45:00,-2.5900004,95,-17,16.46,-3.7287333,-21.139782,10.216021,False,-2.699999,-4.449763,-21.232546,9.530947,True
2023-03-04 21:50:00,-3.2500002,95,-18,18.29,-4.266703,-21.61338,10.101435,False,-1.2999996,-4.883944,-21.664482,9.504185,True
2023-03-04 21:55:00,-2.4699996,95,-20,19.029999,-3.7730935,-20.645224,10.2220955,False,0.62000054,-4.6394286,-20.866898,9.415308,True
2023-03-04 22:00:00,-2.0200007,95,-20,17.14,-2.866976,-20.775064,11.59078,False,-3.3999999,-3.3354285,-20.757622,11.121063,True
2023-03-04 22:05:00,1.4799992,95,-21,13.25,0.41285673,-18.93112,14.477425,True,-4.78,-0.23006852,-18.994959,13.86871,True
2023-03-04 22:10:00,4.7000003,95,-20,9.57,3.449516,-17.779728,17.303173,True,-5.6,2.6725347,-17.89372,16.591778,True
2023-03-04 22:15:00,6.4200015,95,-20,6.6599994,5.2836127,-17.483889,19.169025,True,-8.72,4.61713,-17.53328,18.55629,True
2023-03-04 22:20:00,3.760002,95,-19,4.4500003,2.855869,-18.421928,16.95111,True,-12.17,2.3655431,-18.423943,16.481792,True
2023-03-04 22:25:00,1.139999,95,-19,3.09,0.20925109,-19.24007,14.399193,True,-14.74,-0.3180755,-19.307661,13.894676,True
2023-03-04 22:30:00,2.8600023,95,-20,-0.62999946,2.1030538,-16.713455,15.047176,True,-14.94,1.7196804,-16.724487,14.6588745,True
2023-03-04 22:35:00,7.7599998,95,-19,-4.44,6.304689,-14.661978,19.051327,True,-13.5,5.3711753,-14.944421,18.211025,True
2023-03-04 22:40:00,13.119999,95,-19,-3.6399996,10.776577,-11.536378,22.585835,True,-12.43,9.166227,-12.147046,21.17714,False
2023-03-04 22:45:00,16.46,95,-20,-2.699999,13.601471,-9.720502,25.033596,True,-8.96,11.632988,-10.49515,23.316761,True
2023-03-04 22:50:00,18.29,95,-20,-1.2999996,14.858227,-8.676044,26.08929,True,-7.11,12.471363,-9.656511,24.009575,True
2023-03-04 22:55:00,19.029999,95,-19,0.62000054,15.596157,-7.054342,26.100368,True,-4.78,13.207645,-8.072116,24.002926,True
2023-03-04 23:00:00,17.14,95,-17,-3.3999999,14.569195,-6.7951274,24.773544,True,-4.31,12.814949,-7.558184,23.216183,True
2023-03-04 23:05:00,13.25,95,-15,-4.78,11.851229,-8.432988,22.596912,True,-5.11,10.9805565,-8.790674,21.799168,True
2023-03-04 23:10:00,9.57,95,-14,-5.6,9.358425,-10.233749,20.668217,True,-2.0900004,9.424086,-10.1227865,20.664715,True
2023-03-04 23:15:00,6.6599994,95,-12,-8.72,7.401193,-10.969771,18.626724,True,-3.0100005,8.234982,-10.448058,19.26942,True
2023-03-04 23:20:00,4.4500003,95,-12,-12.17,5.511535,-11.588739,16.472622,False,-4.31,6.610662,-10.9179125,17.341389,True
2023-03-04 23:25:00,3.09,95,-10,-14.74,4.224813,-11.911275,14.770847,False,-4.61,5.3873553,-11.20169,15.697834,True
2023-03-04 23:30:00,-0.62999946,95,-11,-14.94,0.71549004,-13.510412,11.019657,False,-2.4200003,2.060623,-12.665058,12.105137,True
2023-03-04 23:35:00,-4.44,95,-11,-13.5,-2.895592,-15.6036415,7.486152,True,-4.0400004,-1.3828434,-14.623058,8.71814,True
2023-03-04 23:40:00,-3.6399996,95,-9,-12.43,-2.6695502,-14.928614,7.3515296,True,-3.4599993,-1.6613849,-14.309492,8.158655,True
2023-03-04 23:45:00,-2.699999,95,-10,-8.96,-2.293997,-14.206106,7.4243503,True,-2.0200007,-1.778809,-13.94576,7.811872,True
2023-03-04 23:50:00,-1.2999996,95,-8,-7.11,-1.2245907,-13.153154,7.890474,True,-1.0599998,-0.99749404,-13.1026945,8.036121,True
2023-03-04 23:55:00,0.62000054,95,-8,-4.78,0.9326646,-11.80336,9.789236,True,-1.4800018,1.3729645,-11.620391,10.126581,True
2023-03-05 00:00:00,-3.3999999,95,-7,-4.31,-2.4180644,-14.535076,7.156503,True,-2.4300005,-1.4122032,-13.974647,7.979917,True
2023-03-05 00:05:00,-4.78,95,-7,-5.11,-2.956423,-15.339402,6.6136336,True,-3.6499999,-1.2144111,-14.273167,8.071232,True
2023-03-05 00:10:00,-5.6,95,-7,-2.0900004,-3.4008887,-15.80147,5.7013583,True,-3.8499997,-1.3217682,-14.492422,7.4573894,True
2023-03-05 00:15:00,-8.72,95,-7,-3.0100005,-6.158339,-17.668987,2.5246732,True,-7.0000005,-3.7522538,-16.067743,4.5730376,True
2023-03-05 00:20:00,-12.17,95,-9,-4.31,-9.602729,-20.119032,-0.98184806,True,-6.280001,-7.2028813,-18.463026,1.0712296,True
2023-03-05 00:25:00,-14.74,95,-11,-4.61,-10.42037,-21.205307,-2.2379954,True,-1.82,-6.4113593,-18.213316,1.2085472,True
2023-03-05 00:30:00,-14.94,95,-14,-2.4200003,-11.251077,-22.628336,-1.5839161,True,0.20000236,-7.8221498,-20.195206,1.3390709,True
2023-03-05 00:35:00,-13.5,95,-14,-4.0400004,-9.616393,-20.468363,-1.6428608,True,-2.2299998,-5.995233,-17.81844,1.4880177,True
2023-03-05 00:40:00,-12.43,95,-13,-3.4599993,-8.65831,-19.274666,-1.2480377,True,-5.57,-5.1485515,-16.696924,1.8082901,True
2023-03-05 00:45:00,-8.96,95,-12,-2.0200007,-5.7489657,-16.542112,1.0088726,True,-7.6700006,-2.7540915,-14.421825,3.6414793,True
2023-03-05 00:50:00,-7.11,95,-11,-1.0599998,-4.1915927,-15.046482,2.1683805,True,-7.9,-1.4620079,-13.1584635,4.588344,True
2023-03-05 00:55:00,-4.78,95,-8,-1.4800018,-2.2362502,-13.6073265,4.23039,True,-8.01,0.15110175,-12.052038,6.357267,True
2023-03-05 01:00:00,-4.31,95,-7,-2.4300005,-1.5040897,-12.873729,4.5890536,True,-7.3000007,1.1138397,-11.133814,6.935304,True
2023-03-05 01:05:00,-5.11,95,-9,-3.6499999,-2.4311717,-13.727586,3.9886148,True,-8.11,0.06749694,-12.0902815,6.229053,True
2023-03-05 01:10:00,-2.0900004,95,-9,-3.8499997,0.46588102,-11.600095,6.576278,True,-8.03,2.8585622,-10.119035,8.736967,True
2023-03-05 01:15:00,-3.0100005,95,-9,-7.0000005,-0.47336993,-12.545688,5.708574,True,-7.5400004,1.9113632,-11.080525,7.8636546,True
2023-03-05 01:20:00,-4.31,95,-9,-6.280001,-1.598185,-13.759664,4.7181773,True,-4.8400006,0.95572823,-12.17593,7.0239387,True
2023-03-05 01:25:00,-4.61,95,-6,-1.82,-1.9051956,-14.070637,4.5674453,True,-4.6700006,0.64621896,-12.504315,6.8784785,True
2023-03-05 01:30:00,-2.4200003,95,-5,0.20000236,1.7061306,-12.318207,8.522518,True,-4.4500003,5.517669,-9.966564,11.923603,True
2023-03-05 01:35:00,-4.0400004,95,-4,-2.2299998,1.4583851,-14.324344,9.882555,True,-2.0800002,6.4806685,-11.268754,14.256184,True
2023-03-05 01:40:00,-3.4599993,95,-2,-5.57,2.470249,-14.417892,11.525438,True,-1.2999996,7.8432193,-11.2553835,16.17353,True
2023-03-05 01:45:00,-2.0200007,95,-3,-7.6700006,4.1603065,-13.934622,13.608105,True,-1.0500015,9.692614,-10.813369,18.375675,True
2023-03-05 01:50:00,-1.0599998,95,-4,-7.9,4.7496047,-14.495508,14.985455,True,-0.7199996,9.941793,-11.759316,19.434082,True
2023-03-05 01:55:00,-1.4800018,95,-4,-8.01,4.209356,-15.120035,15.044418,True,0.19000022,9.305122,-12.485251,19.403473,True
2023-03-05 02:00:00,-2.4300005,95,-3,-7.3000007,1.2888714,-14.970875,11.196861,True,0.8600003,4.7009254,-13.223813,14.20491,True
2023-03-05 02:05:00,-3.6499999,95,-3,-8.11,-1.5548538,-15.85222,7.936706,True,1.139999,0.3948342,-15.002793,9.721376,True
2023-03-05 02:10:00,-3.8499997,95,-4,-8.03,-3.284693,-16.834066,6.3477283,True,1.3000008,-2.743666,-16.957064,6.921968,True
2023-03-05 02:15:00,-7.0000005,95,-4,-7.5400004,-7.005545,-19.400194,2.96648,True,1.8199993,-7.016394,-19.91007,3.0650613,True
2023-03-05 02:20:00,-6.280001,95,-3,-4.8400006,-6.909468,-19.320805,2.9274938,True,2.2100008,-7.49433,-20.23788,2.5280511,True
2023-03-05 02:25:00,-1.82,95,4,-4.6700006,-2.6051924,-16.278973,6.613603,True,2.8099992,-3.2992709,-17.268847,6.1325126,True
2023-03-05 02:30:00,0.20000236,95,6,-4.4500003,-0.103208855,-14.276932,8.420689,True,0.6499993,-0.33994517,-14.964482,8.35408,True
2023-03-05 02:35:00,-2.2299998,95,5,-2.0800002,-1.5836853,-14.814138,6.2796607,True,-1.439999,-0.9646781,-14.889572,6.978349,True
2023-03-05 02:40:00,-5.57,95,1,-1.2999996,-3.8463547,-16.446976,3.521465,True,-2.9200003,-2.2400935,-15.746646,5.101644,True
2023-03-05 02:45:00,-7.6700006,95,-2,-1.0500015,-5.203916,-17.242577,1.3480355,True,-4.03,-2.892956,-15.929093,3.5782335,True
2023-03-05 02:50:00,-7.9,95,-4,-0.7199996,-4.9771886,-16.90963,0.69197816,True,-4.5800004,-2.2099173,-15.183448,3.3540628,True
2023-03-05 02:55:00,-8.01,95,-3,0.19000022,-4.6547627,-16.733644,0.5930173,True,-4.3000007,-1.449612,-14.646216,3.6626089,True
2023-03-05 03:00:00,-7.3000007,95,-4,0.8600003,-3.6214964,-15.929058,1.2847496,True,-0.4200004,-0.08986695,-13.592567,4.6642203,True
2023-03-05 03:05:00,-8.11,95,-4,1.139999,-4.2132964,-16.842266,1.0439812,False,2.2700002,-0.4610122,-14.366446,4.6090236,True
2023-03-05 03:10:00,-8.03,95,-4,1.3000008,-3.6488535,-16.705494,1.6820065,True,5.309999,0.5827443,-13.902169,5.672281,True
2023-03-05 03:15:00,-7.5400004,95,-4,1.8199993,-3.1071246,-16.815956,2.6775205,True,5.8399997,1.190374,-14.072242,6.711881,True
2023-03-05 03:20:00,-4.8400006,95,-4,2.2100008,0.04703872,-15.099601,6.1574225,True,6.9199996,4.755489,-12.270358,10.535627,True
2023-03-05 03:25:00,-4.6700006,95,-4,2.8099992,0.7280385,-15.4670315,7.4115405,True,7.559999,5.9114013,-12.434256,12.176767,True
2023-03-05 03:30:00,-4.4500003,95,-5,0.6499993,1.2046314,-15.772242,8.314262,True,7.43,6.630756,-12.661517,13.269901,True
2023-03-05 03:35:00,-2.0800002,95,-6,-1.439999,3.2713811,-14.927846,10.71455,True,8.35,8.360737,-12.22848,15.363747,True
2023-03-05 03:40:00,-1.2999996,95,-5,-2.9200003,3.794809,-14.4957075,11.341644,True,7.11,8.631372,-11.996952,15.78656,True
2023-03-05 03:45:00,-1.0500015,95,-4,-4.03,2.9828832,-14.476154,10.522581,True,7.979999,6.846477,-12.569756,14.148876,True
2023-03-05 03:50:00,-0.7199996,95,-3,-4.5800004,3.0684316,-13.848372,10.468363,True,6.1200004,6.700088,-12.063019,13.921051,True
2023-03-05 03:55:00,0.19000022,95,-4,-4.3000007,3.4697587,-14.516121,11.608192,True,4.809999,6.611696,-13.178484,14.6105385,True
2023-03-05 04:00:00,0.8600003,95,-4,-0.4200004,4.079761,-14.292035,12.457569,True,4.5500007,7.157436,-13.039975,15.409054,True
2023-03-05 04:05:00,1.139999,95,-5,2.2700002,3.8698728,-14.117855,12.305634,True,5.03,6.486156,-13.148444,14.869755,True
2023-03-05 04:10:00,1.3000008,95,-5,5.309999,3.3717268,-13.689569,11.577986,True,6.0099998,5.37277,-13.085431,13.630226,True
2023-03-05 04:15:00,1.8199993,95,-4,5.8399997,3.1946294,-12.954711,10.766922,True,6.5400004,4.542402,-12.723392,12.26474,True
2023-03-05 04:20:00,2.2100008,95,-4,6.9199996,3.6770856,-12.338742,10.771227,True,4.469999,5.1265388,-12.032004,12.376652,True
2023-03-05 04:25:00,2.8099992,95,-6,7.559999,4.5000796,-12.027777,11.641672,True,2.4400003,6.158424,-11.597896,13.433323,True
2023-03-05 04:30:00,0.6499993,95,-7,7.43,2.947622,-13.920649,10.619181,True,1.2200009,5.1814723,-13.120173,12.910606,True
2023-03-05 04:35:00,-1.439999,95,-8,8.35,1.0664631,-15.480948,8.831215,True,-0.7500003,3.5142305,-14.503697,11.319235,True
2023-03-05 04:40:00,-2.9200003,95,-8,7.11,-0.14538606,-15.725634,6.9154963,False,-0.72999984,2.5933797,-14.429913,9.688826,True
2023-03-05 04:45:00,-4.03,95,-9,7.979999,-1.1990494,-16.1025,5.384977,False,-2.9599993,1.6119877,-14.673498,8.250177,True
2023-03-05 04:50:00,-4.5800004,95,-8,6.1200004,-1.4238342,-16.377672,4.953674,False,-2.7199996,1.7262951,-14.676782,8.1256485,True
2023-03-05 04:55:00,-4.3000007,95,-8,4.809999,-1.1538967,-16.183561,5.1000037,True,-0.4599994,2.0055158,-14.481301,8.296469,True
2023-03-05 05:00:00,-0.4200004,95,-8,4.5500007,2.0939615,-12.798159,7.6517024,True,1.8199993,4.618591,-11.576499,10.315062,True
2023-03-05 05:05:00,2.2700002,95,-6,5.03,5.785499,-10.043917,10.874313,True,3.8700006,9.263298,-8.208454,14.4087715,True
2023-03-05 05:10:00,5.309999,95,-6,6.0099998,9.016602,-8.668312,14.454449,True,4.6300006,12.616428,-6.9331937,18.069378,True
2023-03-05 05:15:00,5.8399997,95,-7,6.5400004,9.430256,-9.162834,15.313221,True,6.899999,12.909576,-7.5979238,18.800728,True
2023-03-05 05:20:00,6.9199996,95,-7,4.469999,10.427862,-8.366574,16.09871,True,8.52,13.822865,-6.8734984,19.523914,True
2023-03-05 05:25:00,7.559999,95,-9,2.4400003,11.760334,-7.8469043,17.393349,True,9.039999,15.751316,-6.0142198,21.351288,True
2023-03-05 05:30:00,7.43,95,-8,1.2200009,10.551277,-8.531997,16.294945,True,6.6599994,13.588821,-7.290195,19.404213,True
2023-03-05 05:35:00,8.35,95,-8,-0.7500003,11.210287,-6.747393,15.996925,True,3.8999994,14.038258,-5.564365,18.963123,True
2023-03-05 05:40:00,7.11,95,-8,-0.72999984,9.758867,-7.286244,14.357178,True,-0.05999978,12.424885,-6.1458917,17.189934,True
2023-03-05 05:45:00,7.979999,95,-10,-2.9599993,10.553535,-6.6937413,15.062111,True,-0.04999955,13.141186,-5.6124806,17.82116,True
2023-03-05 05:50:00,6.1200004,95,-8,-2.7199996,8.778238,-7.830444,13.27285,True,-2.779999,11.478886,-6.618837,16.140083,True
2023-03-05 05:55:00,4.809999,95,-8,-0.4599994,7.6708293,-8.485507,12.067648,True,-7.35,10.581827,-7.0744348,15.132328,False
2023-03-05 06:00:00,4.5500007,95,-8,1.8199993,8.175669,-8.186388,12.464863,True,-12.65,11.811089,-6.2562776,16.19255,False
2023-03-05 06:05:00,5.03,95,-6,3.8700006,9.319647,-8.217239,13.772354,True,-17.47,13.556347,-5.9593873,18.01775,False
2023-03-05 06:10:00,6.0099998,95,-7,4.6300006,10.945375,-8.352113,15.659191,True,-17.78,15.725861,-5.8867555,20.355812,False
2023-03-05 06:15:00,6.5400004,95,-9,6.899999,11.910915,-8.131679,16.53403,True,-18.8,17.063084,-5.4852805,21.560562,False
2023-03-05 06:20:00,4.469999,95,-10,8.52,10.512093,-10.51436,15.650749,True,-20.04,16.343765,-7.479672,21.21516,False
2023-03-05 06:25:00,2.4400003,95,-10,9.039999,9.082151,-13.215639,15.083397,True,-21.0,15.527351,-9.88116,21.097916,False
2023-03-05 06:30:00,1.2200009,95,-9,6.6599994,7.740949,-16.765583,14.951141,True,-21.32,14.11586,-13.6463995,20.770733,False
2023-03-05 06:35:00,-0.7500003,95,-9,3.8999994,5.512283,-19.689259,13.689865,True,-20.75,11.715792,-16.700514,19.28807,False
2023-03-05 06:40:00,-0.72999984,95,-8,-0.05999978,4.8254905,-22.778332,14.368835,True,-21.07,10.293972,-20.395166,19.25251,False
2023-03-05 06:45:00,-2.9599993,95,-6,-0.04999955,1.7609497,-27.091095,13.015903,True,-17.6,6.438766,-25.233194,17.174728,True
2023-03-05 06:50:00,-2.7199996,95,-4,-2.779999,-0.02942689,-27.952427,11.908966,True,-16.38,2.6128957,-27.237438,14.398899,True
2023-03-05 06:55:00,-0.4599994,95,-4,-7.35,1.1324269,-27.252254,13.401779,True,-14.62,2.6533926,-27.16367,14.950253,True
2023-03-05 07:00:00,1.8199993,95,-4,-12.65,1.937843,-28.954794,15.202263,True,-14.63,1.967775,-29.676813,15.479305,True
2023-03-05 07:05:00,3.8700006,95,-5,-17.47,2.2579916,-29.509869,15.9551735,True,-14.36,0.5983979,-31.03286,14.797813,True
2023-03-05 07:10:00,4.6300006,95,-5,-17.78,3.3630865,-28.121447,16.819828,True,-13.55,2.0412195,-29.467876,15.940254,True
2023-03-05 07:15:00,6.899999,95,-6,-18.8,4.358499,-31.249805,19.08216,True,-13.36,1.8444897,-33.10065,17.184978,True
2023-03-05 07:20:00,8.52,95,-7,-20.04,5.3889117,-31.605043,20.272038,True,-13.47,2.344509,-33.6577,17.920845,True
2023-03-05 07:25:00,9.039999,95,-9,-21.0,5.7305236,-30.253742,20.18356,True,-12.78,2.5186594,-32.372314,17.677166,True
2023-03-05 07:30:00,6.6599994,95,-14,-21.32,4.5811267,-28.63745,18.38718,True,-12.98,2.4906328,-30.265127,16.825546,True
2023-03-05 07:35:00,3.8999994,95,-16,-20.75,2.2259443,-31.108345,16.825844,True,-11.17,0.5097062,-32.55455,15.580086,True
2023-03-05 07:40:00,-0.05999978,95,-18,-21.07,-1.208773,-31.26242,13.294651,True,-10.209999,-2.4320338,-32.47951,12.467342,True
2023-03-05 07:45:00,-0.04999955,95,-18,-17.6,-0.4961532,-30.841644,14.034649,True,-8.11,-1.04188,-31.721497,13.784702,True
2023-03-05 07:50:00,-2.779999,95,-17,-16.38,-3.2299597,-32.0259,11.4889965,True,-9.309999,-3.7778618,-32.88903,11.2362175,True
2023-03-05 07:55:00,-7.35,95,-15,-14.62,-7.756786,-34.95691,7.4338107,True,-11.88,-8.258775,-35.780735,7.2190795,True
2023-03-05 08:00:00,-12.65,95,-12,-14.63,-13.028398,-38.380714,2.8395574,True,-11.85,-13.493058,-39.164944,2.656635,True
2023-03-05 08:05:00,-17.47,95,-12,-14.36,-18.629063,-42.1587,-1.9787964,True,-11.12,-19.835316,-43.377335,-2.797064,True
2023-03-05 08:10:00,-17.78,95,-13,-13.55,-18.337276,-39.788956,-2.8959868,True,-10.93,-18.957731,-40.632652,-3.210087,True
2023-03-05 08:15:00,-18.8,95,-16,-13.36,-18.757517,-40.20082,-3.1549532,True,-10.4,-18.78864,-40.64972,-2.9625227,True
2023-03-05 08:20:00,-20.04,95,-16,-13.47,-19.62431,-40.921543,-3.6992934,True,-10.76,-19.288242,-41.11204,-3.191252,True
2023-03-05 08:25:00,-21.0,95,-16,-12.78,-20.222095,-42.609676,-3.8160584,True,-9.63,-19.528803,-42.55307,-3.0176299,True
2023-03-05 08:30:00,-21.32,95,-15,-12.98,-20.391327,-44.399937,-2.9986346,True,-9.43,-19.561861,-44.271137,-2.1016448,True
2023-03-05 08:35:00,-20.75,95,-16,-11.17,-20.119347,-45.396046,-2.2658255,True,-11.48,-19.582716,-45.461113,-1.6292175,True
2023-03-05 08:40:00,-21.07,95,-17,-10.209999,-21.413256,-45.816147,-3.6638148,True,-11.91,-21.82003,-46.45309,-3.824322,True
2023-03-05 08:45:00,-17.6,95,-18,-8.11,-18.331024,-41.479725,-2.0963118,True,-12.26,-19.120682,-42.33215,-2.5934966,True
2023-03-05 08:50:00,-16.38,95,-19,-9.309999,-17.419434,-38.87979,-2.2750094,True,-11.87,-18.510426,-39.916256,-3.0393775,True
2023-03-05 08:55:00,-14.62,95,-20,-11.88,-15.54232,-35.218166,-1.7379688,True,-11.8,-16.520498,-36.174084,-2.4137213,True
2023-03-05 09:00:00,-14.63,95,-21,-11.85,-15.508578,-34.194477,-2.2609293,True,-12.22,-16.440315,-35.116932,-2.9004118,True
2023-03-05 09:05:00,-14.36,95,-21,-11.12,-14.727133,-32.89932,-1.9692539,True,-12.63,-15.149957,-33.456734,-2.1681387,True
2023-03-05 09:10:00,-13.55,95,-21,-10.93,-13.606639,-31.57553,-1.2331795,True,-14.61,-13.721005,-31.904625,-1.165913,True
2023-03-05 09:15:00,-13.36,95,-21,-10.4,-13.339724,-31.032822,-1.227053,True,-14.68,-13.375127,-31.289572,-1.0965866,True
2023-03-05 09:20:00,-13.47,95,-21,-10.76,-13.052818,-30.136215,-1.577061,True,-16.62,-12.683138,-30.078281,-1.093119,True
2023-03-05 09:25:00,-12.78,95,-23,-9.63,-11.940058,-28.29234,-1.4927677,True,-16.21,-11.138114,-27.88819,-0.6277583,True
2023-03-05 09:30:00,-12.98,95,-26,-9.43,-11.637301,-27.547823,-1.9511799,True,-17.05,-10.314533,-26.719482,-0.62618476,True
2023-03-05 09:35:00,-11.17,95,-28,-11.48,-9.050017,-25.457834,0.06615417,True,-17.03,-6.931701,-24.047981,2.0821245,True
2023-03-05 09:40:00,-10.209999,95,-30,-11.91,-7.2707515,-24.441982,1.6136566,True,-19.99,-4.315721,-22.443558,4.3450866,True
2023-03-05 09:45:00,-8.11,95,-32,-12.26,-4.402367,-23.241737,4.466043,True,-21.71,-0.6887439,-20.820366,7.8162417,False
2023-03-05 09:50:00,-9.309999,95,-34,-11.87,-5.563336,-25.377378,3.7727983,True,-21.79,-1.8353275,-23.002018,7.0960937,True
2023-03-05 09:55:00,-11.88,95,-35,-11.8,-8.201481,-28.878397,2.2165296,True,-20.73,-4.5425115,-26.565533,5.4435935,True
2023-03-05 10:00:00,-11.85,95,-34,-12.22,-8.279617,-29.565542,2.5557973,True,-20.42,-4.7475705,-27.361147,5.6492534,True
2023-03-05 10:05:00,-11.12,95,-33,-12.63,-7.429399,-28.696041,3.3446767,True,-20.31,-3.780885,-26.40405,6.530397,True
2023-03-05 10:10:00,-10.93,95,-33,-14.61,-7.03873,-27.908703,3.6171415,True,-20.31,-3.1929438,-25.438135,6.9701,True
2023-03-05 10:15:00,-10.4,95,-33,-14.68,-6.267216,-27.744335,4.6284995,True,-20.16,-2.1805575,-25.120188,8.165266,True
2023-03-05 10:20:00,-10.76,95,-31,-16.62,-7.1272435,-27.673578,3.7184942,True,-21.82,-3.5411894,-25.312466,6.834844,True
2023-03-05 10:25:00,-9.63,95,-31,-16.21,-6.622107,-26.91495,4.187467,True,-21.82,-3.6875784,-24.99464,6.7400584,True
2023-03-05 10:30:00,-9.43,95,-31,-17.05,-6.447,-26.433632,4.371528,True,-22.38,-3.5459654,-24.50628,6.8911796,True
2023-03-05 10:35:00,-11.48,95,-30,-17.03,-8.497303,-28.182817,2.7683866,True,-25.16,-5.593184,-26.1898,5.2868686,True
2023-03-05 10:40:00,-11.91,95,-29,-19.99,-9.071978,-29.219267,2.6330774,True,-25.27,-6.32282,-27.327454,5.0018325,True
2023-03-05 10:45:00,-12.26,95,-29,-21.71,-9.591935,-29.798208,2.2847173,True,-24.92,-7.014584,-28.004282,4.496061,True
2023-03-05 10:50:00,-11.87,95,-28,-21.79,-9.645798,-29.515165,2.0530565,True,-23.93,-7.5117087,-28.010944,3.8784502,True
2023-03-05 10:55:00,-11.8,95,-26,-20.73,-9.704637,-28.435774,1.4094292,True,-23.83,-7.692288,-26.971983,3.1352746,True
2023-03-05 11:00:00,-12.22,95,-25,-20.42,-10.790872,-28.41543,0.026832266,True,-24.06,-9.439346,-27.392069,1.1792294,True
2023-03-05 11:05:00,-12.63,95,-25,-20.31,-11.074432,-27.5345,-0.87194663,True,-24.17,-9.590411,-26.370146,0.4000527,True
2023-03-05 11:10:00,-14.61,95,-25,-20.31,-13.057265,-28.787395,-2.964907,True,-24.78,-11.561544,-27.566475,-1.6807369,True
2023-03-05 11:15:00,-14.68,95,-26,-20.16,-12.814773,-28.953222,-2.6786978,True,-23.31,-11.010507,-27.485085,-1.133839,True
2023-03-05 11:20:00,-16.62,95,-25,-21.82,-15.024754,-31.43567,-4.239961,True,-23.24,-13.482437,-30.151443,-2.9369624,True
2023-03-05 11:25:00,-16.21,95,-23,-21.82,-14.373504,-31.174578,-3.5182593,True,-22.64,-12.593715,-29.707495,-2.0204222,True
2023-03-05 11:30:00,-17.05,95,-22,-22.38,-14.587212,-32.838863,-2.8690856,True,-22.73,-12.18634,-30.905994,-0.8585151,True
2023-03-05 11:35:00,-17.03,95,-20,-25.16,-14.398223,-34.214375,-1.8917164,True,-25.34,-11.839172,-32.19935,0.22337882,True
2023-03-05 11:40:00,-19.99,95,-18,-25.27,-17.15566,-37.67625,-3.5749876,True,-27.76,-14.385609,-35.4677,-1.3010887,True
2023-03-05 11:45:00,-21.71,95,-18,-24.92,-19.13593,-41.77302,-3.8634865,True,-32.22,-16.635986,-39.782097,-1.8537487,True
2023-03-05 11:50:00,-21.79,95,-19,-23.93,-21.22968,-45.34373,-4.6247325,True,-37.45,-20.739002,-44.774048,-4.2981515,True
2023-03-05 11:55:00,-20.73,95,-19,-23.83,-19.864468,-40.814243,-4.614349,True,-41.19,-19.073362,-40.03295,-4.0320315,False
2023-03-05 12:00:00,-20.42,95,-18,-24.06,-18.9956,-39.201237,-3.9443982,True,-41.84,-17.671257,-38.022408,-2.907366,False
2023-03-05 12:05:00,-20.31,95,-19,-24.17,-19.309584,-38.9074,-4.273933,True,-43.16,-18.39721,-38.01392,-3.5857794,False
2023-03-05 12:10:00,-20.31,95,-18,-24.78,-19.65097,-39.459362,-4.075274,True,-48.34,-19.061634,-38.784184,-3.6648467,False
2023-03-05 12:15:00,-20.16,95,-18,-23.31,-19.752241,-38.235394,-4.71808,True,-48.66,-19.392046,-37.719143,-4.504955,False
2023-03-05 12:20:00,-21.82,95,-17,-23.24,-21.121088,-39.4686,-5.739055,True,-48.66,-20.48717,-38.730114,-5.284652,False
2023-03-05 12:25:00,-21.82,95,-18,-22.64,-20.245974,-39.04984,-4.90264,True,-49.82,-18.820642,-37.708687,-3.7698767,False
2023-03-05 12:30:00,-22.38,95,-19,-22.73,-19.776588,-38.613728,-4.808532,True,-57.94,-17.410442,-36.540836,-2.8764327,False
2023-03-05 12:35:00,-25.16,95,-19,-25.34,-21.639082,-40.376823,-6.7293696,True,-59.42,-18.424574,-37.57449,-4.0826573,False
2023-03-05 12:40:00,-25.27,95,-19,-27.76,-21.626413,-41.7137,-6.3619313,True,-63.88,-18.272644,-38.818314,-3.6283839,False
2023-03-05 12:45:00,-24.92,95,-22,-32.22,-21.565107,-43.530827,-5.5559974,True,-65.03,-18.45912,-40.87689,-3.0716765,False
2023-03-05 12:50:00,-23.93,95,-24,-37.45,-21.335117,-44.011066,-5.1485696,True,-62.12,-18.931814,-41.91074,-3.26989,False
2023-03-05 12:55:00,-23.83,95,-24,-41.19,-21.583471,-46.168438,-4.2212415,True,-58.08,-19.514994,-44.331505,-2.6417944,False
2023-03-05 13:00:00,-24.06,95,-24,-41.84,-23.265696,-49.66317,-4.3872514,True,-55.33,-22.56899,-48.757458,-3.9411366,False
2023-03-05 13:05:00,-24.17,95,-24,-43.16,-24.949509,-54.37743,-4.166075,True,-52.15,-25.707476,-54.367004,-4.890939,True
2023-03-05 13:10:00,-24.78,95,-25,-48.34,-27.865248,-57.646065,-5.9188113,True,-49.87,-30.650013,-58.850975,-8.26771,True
2023-03-05 13:15:00,-23.31,95,-24,-48.66,-27.68336,-55.41115,-6.1250854,True,-46.82,-31.55886,-57.282284,-9.40162,True
2023-03-05 13:20:00,-23.24,95,-24,-48.66,-29.582064,-57.921234,-6.595553,True,-42.48,-35.01655,-60.633053,-11.135891,True
2023-03-05 13:25:00,-22.64,95,-24,-49.82,-30.848782,-60.577766,-6.3465314,True,-42.31,-37.67726,-63.943985,-12.005674,True
2023-03-05 13:30:00,-22.73,95,-23,-57.94,-31.170454,-57.005337,-7.1233354,False,-44.47,-38.080956,-60.622326,-12.979092,True
2023-03-05 13:35:00,-25.34,95,-23,-59.42,-34.99891,-62.374645,-7.9974284,True,-45.9,-42.537506,-66.30094,-14.3079815,True
2023-03-05 13:40:00,-27.76,95,-23,-63.88,-37.6141,-66.36906,-8.282295,True,-46.25,-45.073452,-70.2569,-14.453926,True
2023-03-05 13:45:00,-32.22,95,-23,-65.03,-41.436428,-69.40461,-10.532953,True,-45.9,-48.230167,-73.148964,-16.094217,True
2023-03-05 13:50:00,-37.45,95,-23,-62.12,-45.079456,-69.275986,-14.287843,True,-45.34,-50.54365,-72.55598,-18.785402,True
2023-03-05 13:55:00,-41.19,95,-24,-58.08,-46.82931,-67.21625,-17.257015,True,-45.75,-50.736717,-69.66233,-20.533844,True
2023-03-05 14:00:00,-41.84,95,-24,-55.33,-45.959946,-64.406,-17.748745,True,-45.45,-48.718643,-66.04007,-20.117283,True
2023-03-05 14:05:00,-43.16,95,-25,-52.15,-45.379166,-62.584694,-18.278772,True,-46.41,-46.77884,-63.18187,-19.521507,True
2023-03-05 14:10:00,-48.34,95,-25,-49.87,-47.414795,-63.13992,-21.352184,True,-46.26,-46.649002,-61.958378,-20.778028,True
2023-03-05 14:15:00,-48.66,95,-25,-46.82,-46.47912,-61.522728,-21.763912,True,-48.73,-44.859512,-59.572292,-20.467634,True
2023-03-05 14:20:00,-48.66,95,-25,-42.48,-44.895195,-60.0523,-21.315207,True,-51.03,-42.190105,-57.11792,-19.092033,True
2023-03-05 14:25:00,-49.82,95,-23,-42.31,-44.187607,-59.60501,-21.887737,True,-50.910004,-40.127388,-55.36672,-18.522474,True
2023-03-05 14:30:00,-57.94,95,-24,-44.47,-48.7702,-64.69686,-26.77621,True,-49.540005,-42.173107,-57.757645,-21.352997,True
2023-03-05 14:35:00,-59.42,95,-23,-45.9,-49.401997,-65.40273,-28.697243,True,-48.94,-42.016636,-57.580273,-22.635622,True
2023-03-05 14:40:00,-63.88,95,-25,-46.25,-52.94163,-68.612144,-33.012173,True,-48.5,-44.715145,-59.75989,-26.306568,True
2023-03-05 14:45:00,-65.03,95,-26,-45.9,-54.243977,-69.50814,-35.373245,True,-46.53,-45.921837,-60.50721,-28.605373,True
2023-03-05 14:50:00,-62.12,95,-27,-45.34,-52.446896,-66.98109,-35.104588,True,-45.77,-44.77162,-58.723118,-28.850742,True
2023-03-05 14:55:00,-58.08,95,-27,-45.75,-49.884983,-63.747753,-33.70588,True,-45.46,-43.20024,-56.609177,-28.265339,True
2023-03-05 15:00:00,-55.33,95,-27,-45.45,-47.8979,-61.706856,-32.18578,True,-45.18,-41.71268,-55.13788,-27.172186,True
2023-03-05 15:05:00,-52.15,95,-25,-46.41,-44.296158,-59.18991,-28.338223,True,-44.68,-37.69825,-52.28551,-22.98077,True
2023-03-05 15:10:00,-49.87,95,-25,-46.26,-42.68434,-60.006615,-24.822735,True,-45.590004,-36.48332,-53.59737,-19.90828,True
2023-03-05 15:15:00,-46.82,95,-24,-48.73,-40.705673,-59.025105,-22.018978,True,-45.62,-35.34923,-53.55923,-17.848316,True
2023-03-05 15:20:00,-42.48,95,-23,-51.03,-37.327023,-55.53108,-19.170597,True,-44.87,-32.75518,-50.90949,-15.6346245,True
2023-03-05 15:25:00,-42.31,95,-22,-50.910004,-38.862144,-55.44888,-21.142946,True,-46.16,-35.77894,-52.15608,-18.825773,True
2023-03-05 15:30:00,-44.47,95,-21,-49.540005,-41.733765,-56.937843,-23.935139,True,-47.03,-39.28293,-54.19374,-22.137598,True
2023-03-05 15:35:00,-45.9,95,-22,-48.94,-43.882988,-58.401505,-25.471802,True,-45.57,-42.05546,-56.205997,-24.198534,True
2023-03-05 15:40:00,-46.25,95,-22,-48.5,-44.626343,-58.30972,-25.945621,True,-46.29,-43.158077,-56.446724,-24.95803,True
2023-03-05 15:45:00,-45.9,95,-22,-46.53,-44.440502,-57.51779,-25.619156,True,-46.53,-43.133595,-55.799046,-24.755978,True
2023-03-05 15:50:00,-45.34,95,-20,-45.77,-43.720486,-57.1296,-24.209724,True,-39.56,-42.316727,-55.325794,-23.251183,True
2023-03-05 15:55:00,-45.75,95,-20,-45.46,-43.82794,-57.453472,-23.681772,True,-41.04,-42.21723,-55.455338,-22.541893,True
2023-03-05 16:00:00,-45.45,95,-19,-45.18,-42.627407,-57.07953,-22.027468,True,-40.16,-40.34466,-54.49431,-20.315952,True
2023-03-05 16:05:00,-46.41,95,-19,-44.68,-42.443703,-56.70923,-22.120983,True,-41.33,-39.296974,-53.329014,-19.682747,True
2023-03-05 16:10:00,-46.26,95,-20,-45.590004,-41.198784,-56.201504,-21.17068,True,-45.63,-37.18757,-52.02611,-18.00739,True
2023-03-05 16:15:00,-48.73,95,-20,-45.62,-42.642185,-57.498753,-23.077877,True,-48.31,-37.823128,-52.512455,-19.250704,True
2023-03-05 16:20:00,-51.03,95,-20,-44.87,-44.00943,-58.800232,-24.98035,True,-51.4,-38.41204,-53.002155,-20.526775,True
2023-03-05 16:25:00,-50.910004,95,-19,-46.16,-44.34712,-58.939594,-26.058043,True,-53.3,-39.02994,-53.409153,-21.851398,True
2023-03-05 16:30:00,-49.540005,95,-19,-47.03,-43.665066,-57.881496,-26.14573,True,-53.85,-38.83247,-52.857567,-22.342953,False
2023-03-05 16:35:00,-48.94,95,-20,-45.57,-43.5817,-57.658524,-26.256021,True,-53.06,-39.132317,-53.032833,-22.783127,False
2023-03-05 16:40:00,-48.5,95,-20,-46.29,-44.116043,-56.907127,-27.33931,True,-53.32,-40.470222,-53.050163,-24.526316,False
2023-03-05 16:45:00,-46.53,95,-22,-46.53,-42.59411,-54.889515,-26.32308,True,-51.09,-39.304607,-51.40013,-23.792122,True
2023-03-05 16:50:00,-45.77,95,-22,-39.56,-42.25586,-54.08528,-26.204208,True,-46.6,-39.303078,-50.909763,-23.953583,True
2023-03-05 16:55:00,-45.46,95,-23,-41.04,-41.762245,-53.758087,-25.63409,True,-46.33,-38.646496,-50.440273,-23.244362,True
2023-03-05 17:00:00,-45.18,95,-23,-40.16,-41.510155,-54.367573,-24.66409,True,-40.47,-38.397957,-51.05834,-22.289465,True
2023-03-05 17:05:00,-44.68,95,-24,-41.33,-41.264362,-55.962074,-22.932539,True,-28.01,-38.34351,-52.844517,-20.742687,True
2023-03-05 17:10:00,-45.590004,95,-23,-45.63,-43.134037,-58.446297,-23.593418,True,-27.47,-41.011597,-56.028778,-22.077885,True
2023-03-05 17:15:00,-45.62,95,-23,-48.31,-43.43052,-58.840725,-23.431517,True,-33.78,-41.53161,-56.621613,-22.100363,True
2023-03-05 17:20:00,-44.87,95,-23,-51.4,-43.295666,-59.96615,-22.1233,True,-38.02,-41.902935,-58.18185,-21.207645,True
2023-03-05 17:25:00,-46.16,95,-23,-53.3,-45.078625,-63.0599,-22.083952,True,-16.67,-44.093338,-61.59494,-21.504213,False
2023-03-05 17:30:00,-47.03,95,-23,-53.85,-46.82994,-66.59192,-21.633194,True,-6.97,-46.559383,-65.67694,-21.620237,False
2023-03-05 17:35:00,-45.57,95,-22,-53.06,-46.895927,-67.88344,-20.255106,True,-8.93,-47.843987,-67.90744,-21.175037,False
2023-03-05 17:40:00,-46.29,95,-23,-53.32,-49.220272,-71.34135,-20.43849,True,-13.19,-51.393726,-72.280914,-22.26936,False
2023-03-05 17:45:00,-46.53,95,-23,-51.09,-50.921974,-72.82738,-20.949211,True,-20.35,-54.151558,-74.56191,-23.563583,False
2023-03-05 17:50:00,-39.56,95,-20,-46.6,-46.029457,-67.99134,-16.821209,True,-21.76,-50.755104,-70.57663,-20.665705,True
2023-03-05 17:55:00,-41.04,95,-21,-46.33,-47.596058,-67.77768,-18.004707,True,-21.16,-52.232105,-70.38779,-21.800365,False
2023-03-05 18:00:00,-40.16,95,-21,-40.47,-47.559505,-67.88435,-17.097876,True,-20.13,-52.656124,-70.76426,-21.266981,False
2023-03-05 18:05:00,-41.33,95,-21,-28.01,-48.78126,-68.74259,-17.469751,True,-17.91,-53.773533,-71.604065,-21.548975,False
2023-03-05 18:10:00,-45.63,95,-23,-27.47,-51.94609,-71.60768,-19.232761,True,-18.74,-56.03116,-73.96406,-22.543348,False
2023-03-05 18:15:00,-48.31,95,-24,-33.78,-53.711544,-72.80549,-20.360476,True,-20.19,-57.108356,-74.74456,-23.112843,False
2023-03-05 18:20:00,-51.4,95,-26,-38.02,-55.808056,-75.0742,-21.394053,True,-23.83,-58.497604,-76.536736,-23.567253,True
2023-03-05 18:25:00,-53.3,95,-27,-16.67,-57.073063,-76.07111,-22.13118,False,-30.15,-59.320488,-77.235214,-23.95385,True
2023-03-05 18:30:00,-53.85,95,-28,-6.97,-57.045372,-75.78192,-22.208067,False,-30.79,-58.908775,-76.663536,-23.742105,True
2023-03-05 18:35:00,-53.06,95,-30,-8.93,-56.008347,-74.22876,-21.817358,False,-29.62,-57.703632,-74.97588,-23.235592,True
2023-03-05 18:40:00,-53.32,95,-32,-13.19,-55.83317,-73.37413,-22.05848,False,-26.25,-57.239487,-73.90805,-23.256615,True
2023-03-05 18:45:00,-51.09,95,-34,-20.35,-53.83308,-71.14984,-20.688057,False,-24.62,-55.372177,-71.7612,-22.00198,True
2023-03-05 18:50:00,-46.6,95,-33,-21.76,-50.61108,-68.220085,-18.012264,True,-20.76,-52.933212,-69.35497,-19.976192,True
2023-03-05 18:55:00,-46.33,95,-32,-21.16,-49.88143,-67.24268,-17.480896,True,-20.16,-51.898113,-68.1554,-19.205595,True
2023-03-05 19:00:00,-40.47,95,-33,-20.13,-45.50368,-63.008286,-13.708911,True,-18.68,-48.418266,-64.43597,-16.228458,True
2023-03-05 19:05:00,-28.01,95,-33,-17.91,-36.13969,-57.37354,-4.713879,True,-16.78,-41.005787,-59.43281,-9.05388,True
2023-03-05 19:10:00,-27.47,95,-34,-18.74,-35.10701,-57.64825,-3.0279658,True,-17.04,-39.663933,-59.44551,-7.114019,True
2023-03-05 19:15:00,-33.78,95,-37,-20.19,-39.02327,-60.608612,-6.1807294,True,-14.68,-42.038647,-61.760296,-8.861834,True
2023-03-05 19:20:00,-38.02,95,-40,-23.83,-41.32384,-61.509647,-8.49123,True,-14.36,-43.130043,-62.04377,-10.110885,True
2023-03-05 19:25:00,-16.67,95,-35,-30.15,-26.17393,-53.289673,5.2441096,True,-13.4,-32.122894,-55.107925,-0.1838115,True
2023-03-05 19:30:00,-6.97,95,-29,-30.79,-18.679625,-51.374733,12.494392,True,-12.74,-26.354324,-53.165073,5.494922,True
2023-03-05 19:35:00,-8.93,95,-24,-29.62,-21.567148,-52.77296,10.104099,True,-13.089999,-29.585682,-54.787178,2.7459733,True
2023-03-05 19:40:00,-13.19,95,-22,-26.25,-25.618952,-52.822136,5.6684165,True,-11.67,-33.161125,-55.030285,-1.2830375,True
2023-03-05 19:45:00,-20.35,95,-20,-24.62,-30.824474,-55.169704,1.2526165,True,-11.35,-36.862892,-57.21874,-4.293574,True
2023-03-05 19:50:00,-21.76,95,-22,-20.76,-32.591385,-54.660805,-0.6420291,True,-10.47,-38.69035,-56.906998,-6.246989,True
2023-03-05 19:55:00,-21.16,95,-23,-20.16,-31.100641,-53.22714,0.6043336,True,-12.03,-36.69073,-55.160458,-4.5808606,True
2023-03-05 20:00:00,-20.13,95,-25,-18.68,-29.439299,-51.887665,1.9153992,True,-12.37,-34.697205,-53.6215,-2.9951842,True
2023-03-05 20:05:00,-17.91,95,-26,-16.78,-27.373177,-49.686966,3.040325,True,-14.389999,-32.791508,-51.442886,-2.0361826,True
2023-03-05 20:10:00,-18.74,95,-27,-17.04,-26.856964,-47.35331,2.040115,True,-13.93,-31.555386,-48.95157,-2.3438132,True
2023-03-05 20:15:00,-20.19,95,-29,-14.68,-26.826246,-44.645744,0.22555129,True,-13.0,-30.707771,-46.103184,-3.3924448,True
2023-03-05 20:20:00,-23.83,95,-29,-14.36,-27.443542,-43.08375,-1.8178943,True,-11.13,-29.509113,-43.76762,-3.7624485,True
2023-03-05 20:25:00,-30.15,95,-28,-13.4,-29.75867,-42.98249,-5.6442513,True,-9.98,-29.263044,-42.18486,-5.277905,True
2023-03-05 20:30:00,-30.79,95,-30,-12.74,-28.755215,-40.80499,-6.824922,True,-9.59,-27.11872,-39.18323,-5.4600453,True
2023-03-05 20:35:00,-29.62,95,-30,-13.089999,-27.041122,-38.620777,-7.0523458,True,-10.36,-24.948036,-36.641285,-5.3078313,True
2023-03-05 20:40:00,-26.25,95,-29,-11.67,-23.85644,-35.31279,-5.9588666,True,-12.26,-21.821154,-33.403885,-4.287722,True
2023-03-05 20:45:00,-24.62,95,-28,-11.35,-21.160187,-33.254314,-4.583113,True,-12.56,-18.201725,-30.643986,-2.1433566,True
2023-03-05 20:50:00,-20.76,95,-28,-10.47,-16.803328,-30.055311,-1.5526947,True,-12.36,-13.321748,-27.10575,1.2940594,True
2023-03-05 20:55:00,-20.16,95,-27,-12.03,-15.832229,-29.828344,-0.7764285,True,-12.1,-11.971705,-26.618523,2.360525,True
2023-03-05 21:00:00,-18.68,95,-27,-12.37,-14.859363,-28.624504,-0.6407054,True,-9.11,-11.381049,-25.72298,2.1661737,True
2023-03-05 21:05:00,-16.78,95,-26,-14.389999,-13.620142,-26.404366,-1.0524429,True,-6.3400006,-10.674663,-23.905186,1.3119961,True
2023-03-05 21:10:00,-17.04,95,-26,-13.93,-14.468522,-26.08663,-2.8131697,True,-4.5399995,-12.024431,-23.959324,-0.86175185,True
2023-03-05 21:15:00,-14.68,95,-25,-13.0,-12.399081,-24.187338,-1.332106,True,-2.5900004,-10.192421,-22.272924,0.41714445,True
2023-03-05 21:20:00,-14.36,95,-24,-11.13,-13.584348,-23.973337,-3.2055666,True,-1.6800007,-12.70522,-23.07275,-2.5826533,False
2023-03-05 21:25:00,-13.4,95,-23,-9.98,-13.25045,-23.272861,-3.3621447,True,-0.029999094,-12.918369,-22.797169,-3.2068331,False
2023-03-05 21:30:00,-12.74,95,-23,-9.59,-12.99556,-22.961695,-3.1798728,True,3.59,-13.020235,-22.757433,-3.3288157,False
2023-03-05 21:35:00,-13.089999,95,-25,-10.36,-13.235751,-23.24327,-3.1190722,True,8.49,-13.164608,-22.977179,-3.1795008,False
2023-03-05 21:40:00,-11.67,95,-24,-12.26,-11.431944,-22.581423,-1.0479854,True,14.490002,-11.011309,-22.052359,-0.79995567,False
2023-03-05 21:45:00,-11.35,95,-25,-12.56,-10.786744,-23.004148,-0.039545372,True,22.370003,-10.065198,-22.262903,0.47104612,False
2023-03-05 21:50:00,-10.47,95,-24,-12.36,-9.904422,-22.84392,0.91322106,True,24.400002,-9.173583,-22.10568,1.4368778,False
2023-03-05 21:55:00,-12.03,95,-23,-12.1,-11.008301,-23.494102,-0.25706896,True,26.04,-9.870122,-22.48404,0.61353654,False
2023-03-05 22:00:00,-12.37,95,-25,-9.11,-10.927354,-23.542643,-0.011349039,True,25.43,-9.411395,-22.280945,1.1803337,False
2023-03-05 22:05:00,-14.389999,95,-28,-6.3400006,-12.395747,-24.5309,-1.2490925,True,22.16,-10.3842125,-22.907522,0.36045423,False
2023-03-05 22:10:00,-13.93,95,-28,-4.5399995,-11.861585,-24.272722,-0.57310325,True,18.61,-9.780435,-22.615808,1.0938603,False
2023-03-05 22:15:00,-13.0,95,-28,-2.5900004,-11.25478,-23.583855,0.08158271,True,17.650002,-9.468541,-22.156391,1.5021092,False
2023-03-05 22:20:00,-11.13,95,-27,-1.6800007,-9.664269,-22.19219,1.5284687,True,18.73,-8.129325,-20.965769,2.7386034,False
2023-03-05 22:25:00,-9.98,95,-26,-0.029999094,-8.720197,-21.708881,2.7574842,True,17.720001,-7.372475,-20.63986,3.8133314,False
2023-03-05 22:30:00,-9.59,95,-25,3.59,-8.441044,-21.830383,3.4724462,False,15.189999,-7.1942477,-20.85053,4.445356,False
2023-03-05 22:35:00,-10.36,95,-25,8.49,-9.180477,-22.64202,3.3309991,False,10.360001,-7.9085975,-21.659712,4.326143,False
2023-03-05 22:40:00,-12.26,95,-26,14.490002,-10.914948,-23.9586,2.2082975,False,5.899999,-9.5055065,-22.886831,3.3194788,False
2023-03-05 22:45:00,-12.56,95,-27,22.370003,-11.2873535,-23.797749,1.8740841,False,0.7900006,-9.955283,-22.78983,2.9235647,True
2023-03-05 22:50:00,-12.36,95,-28,24.400002,-11.164437,-23.31536,1.9378067,False,-1.610001,-9.907263,-22.371897,2.9261472,True
2023-03-05 22:55:00,-12.1,95,-28,26.04,-10.990992,-22.866287,2.1740415,False,-4.06,-9.819744,-21.997385,3.091234,True
2023-03-05 23:00:00,-9.11,95,-28,25.43,-8.49787,-20.604239,4.173404,False,-4.53,-7.764631,-20.066584,4.7218585,True
2023-03-05 23:05:00,-6.3400006,95,-27,22.16,-5.6771693,-18.650766,6.7375064,False,-4.9700007,-4.8947635,-18.100407,7.331226,True
2023-03-05 23:10:00,-4.5399995,95,-27,18.61,-4.4044394,-18.056185,8.005625,False,-6.3400006,-4.0811057,-17.826048,8.215826,True
2023-03-05 23:15:00,-2.5900004,95,-28,17.650002,-2.8351882,-17.134565,9.310984,False,-5.68,-2.8409102,-17.12335,9.2485485,True
2023-03-05 23:20:00,-1.6800007,95,-29,18.73,-1.9506515,-16.741884,10.010883,False,-8.55,-1.975737,-16.755642,9.937115,True
2023-03-05 23:25:00,-0.029999094,95,-30,17.720001,-0.8007663,-15.998829,10.7742195,False,-10.26,-1.2631286,-16.28623,10.336222,True
2023-03-05 23:30:00,3.59,95,-31,15.189999,2.7098768,-13.79446,13.661442,False,-10.49,2.1702592,-14.120792,13.165546,True
2023-03-05 23:35:00,8.49,95,-33,10.360001,6.4370646,-11.39013,16.72025,True,-11.73,4.9070106,-12.252115,15.392178,True
2023-03-05 23:40:00,14.490002,95,-35,5.899999,12.450027,-6.8446803,21.18488,True,-12.22,11.002378,-7.6332335,19.926552,False
2023-03-05 23:45:00,22.370003,95,-37,0.7900006,19.781479,-2.7345088,27.667877,True,-12.25,18.061493,-3.6103117,26.160965,False
2023-03-05 23:50:00,24.400002,95,-39,-1.610001,21.822315,-1.6090606,29.476322,False,-11.71,20.170677,-2.4510386,28.021984,False
2023-03-05 23:55:00,26.04,95,-39,-4.06,23.53294,-0.9132102,31.2164,False,-10.04,21.998257,-1.6983951,29.858555,False
2023-03-06 00:00:00,25.43,95,-40,-4.53,23.397957,0.15247123,30.514565,False,-9.29,22.190952,-0.5026973,29.445702,False
2023-03-06 00:05:00,22.16,95,-39,-4.9700007,21.197205,-0.331982,28.165901,False,-10.0,20.729652,-0.6493228,27.761227,False
2023-03-06 00:10:00,18.61,95,-38,-6.3400006,18.3657,-1.2589096,25.244717,False,-10.48,18.416016,-1.3302921,25.30228,False
2023-03-06 00:15:00,17.650002,95,-36,-5.68,17.824497,-1.1165279,24.596134,False,-10.16,18.19701,-1.0263599,24.942394,False
2023-03-06 00:20:00,18.73,95,-34,-8.55,18.739437,-0.76914436,25.601608,False,-9.74,18.982357,-0.7685512,25.836609,False
2023-03-06 00:25:00,17.720001,95,-33,-10.26,17.86446,-1.5230335,25.05629,False,-8.71,18.211338,-1.4883503,25.384972,False
2023-03-06 00:30:00,15.189999,95,-31,-10.49,15.775578,-3.2969267,23.546463,False,-10.47,16.46901,-3.0947115,24.175762,False
2023-03-06 00:35:00,10.360001,95,-31,-11.73,11.7124,-6.5343766,20.51167,False,-12.01,13.039875,-5.986323,21.673958,False
2023-03-06 00:40:00,5.899999,95,-30,-12.22,7.590614,-8.973753,17.160084,False,-12.03,9.212795,-8.236397,18.564308,False
2023-03-06 00:45:00,0.7900006,95,-30,-12.25,2.8591173,-11.536431,12.737259,False,-11.14,4.814792,-10.522098,14.426739,False
2023-03-06 00:50:00,-1.610001,95,-29,-11.71,0.6800267,-12.400187,10.427486,True,-11.15,2.8207986,-11.200611,12.288055,True
2023-03-06 00:55:00,-4.06,95,-28,-10.04,-1.4153808,-13.844216,8.55938,True,-11.04,1.0274807,-12.390374,10.684111,True
2023-03-06 01:00:00,-4.53,95,-27,-9.29,-2.3922198,-14.290774,7.476377,True,-9.18,-0.4049457,-13.154636,9.21987,True
2023-03-06 01:05:00,-4.9700007,95,-26,-10.0,-3.0760615,-14.38358,6.2133594,True,-10.43,-1.3024391,-13.379814,7.7894835,True
2023-03-06 01:10:00,-6.3400006,95,-24,-10.48,-4.5530457,-15.353662,4.705116,True,-10.91,-2.8829386,-14.410569,6.2024417,True
2023-03-06 01:15:00,-5.68,95,-24,-10.16,-3.6893198,-14.630067,5.189544,True,-12.4,-1.8302444,-13.550337,6.864227,True
2023-03-06 01:20:00,-8.55,95,-23,-9.74,-6.4709287,-16.772463,2.354864,True,-11.45,-4.5403914,-15.588731,4.1016154,True
2023-03-06 01:25:00,-10.26,95,-23,-8.71,-7.9429107,-17.94407,0.5958325,True,-11.26,-5.7968907,-16.554642,2.5443132,True
2023-03-06 01:30:00,-10.49,95,-23,-10.47,-7.8859954,-17.880964,0.148935,True,-10.02,-5.46913,-16.247816,2.351259,True
2023-03-06 01:35:00,-11.73,95,-23,-12.01,-8.638825,-18.687399,-0.83568794,True,-7.3700004,-5.767612,-16.65645,1.7780529,True
2023-03-06 01:40:00,-12.22,95,-22,-12.03,-9.177487,-19.262127,-1.328112,True,-6.98,-6.356274,-17.267197,1.250343,True
2023-03-06 01:45:00,-12.25,95,-21,-11.14,-9.594436,-19.44502,-1.9157013,True,-6.1200004,-7.1370263,-17.744692,0.36016622,True
2023-03-06 01:50:00,-11.71,95,-21,-11.15,-9.2785,-18.67943,-2.6041987,True,-6.02,-7.023497,-17.104156,-0.47410235,True
2023-03-06 01:55:00,-10.04,95,-21,-11.04,-7.6901317,-17.198423,-1.3974994,True,-2.6499999,-5.504721,-15.696386,0.6887757,True
2023-03-06 02:00:00,-9.29,95,-21,-9.18,-7.0590644,-16.536596,-1.064938,True,-0.6700004,-4.9785447,-15.1219845,0.94379777,True
2023-03-06 02:05:00,-10.0,95,-21,-10.43,-7.629371,-16.990877,-2.011843,True,-0.52000076,-5.41445,-15.434364,0.13523452,True
2023-03-06 02:10:00,-10.48,95,-20,-10.91,-7.4536815,-17.297787,-1.5781158,True,-0.6000007,-4.61906,-15.232597,1.1295563,True
2023-03-06 02:15:00,-10.16,95,-20,-12.4,-6.7526307,-17.135717,-0.52770454,True,-1.1800007,-3.5453608,-14.814069,2.5085409,True
2023-03-06 02:20:00,-9.74,95,-20,-11.45,-6.3802104,-16.660889,-0.63277847,True,-2.3699992,-3.2033656,-14.359584,2.4010065,True
2023-03-06 02:25:00,-8.71,95,-20,-11.26,-5.8628783,-15.841147,-0.6198314,True,-4.14,-3.1623213,-13.929691,2.011278,True
2023-03-06 02:30:00,-10.47,95,-21,-10.02,-7.8482213,-17.37675,-2.8863852,True,-5.86,-5.3591466,-15.590946,-0.42764506,True
2023-03-06 02:35:00,-12.01,95,-22,-7.3700004,-9.032508,-18.496061,-4.441746,True,-7.7500005,-6.1968284,-16.35036,-1.649834,True
2023-03-06 02:40:00,-12.03,95,-22,-6.98,-8.030353,-18.178007,-3.3535273,True,-8.83,-4.1860785,-15.199117,0.35880437,True
2023-03-06 02:45:00,-11.14,95,-21,-6.1200004,-6.146029,-17.836288,-0.24254067,True,-9.64,-1.3384422,-14.258134,4.2772346,True
2023-03-06 02:50:00,-11.15,95,-20,-6.02,-5.654076,-18.766424,1.5879742,True,-9.56,-0.3322719,-15.014532,6.4913936,True
2023-03-06 02:55:00,-11.04,95,-18,-2.6499999,-5.6915936,-19.541271,2.3297002,True,-9.43,-0.4806541,-16.03883,7.1007895,True
2023-03-06 03:00:00,-9.18,95,-16,-0.6700004,-3.971391,-17.425589,3.063915,True,-9.25,1.1031796,-13.989599,7.772718,True
2023-03-06 03:05:00,-10.43,95,-15,-0.52000076,-5.371135,-17.933565,0.98376244,True,-9.93,-0.44707713,-14.428078,5.611112,True
2023-03-06 03:10:00,-10.91,95,-15,-0.6000007,-6.5021014,-18.761862,0.058215782,True,-9.89,-2.2058299,-15.764948,4.134395,True
2023-03-06 03:15:00,-12.4,95,-15,-1.1800007,-8.498239,-20.250702,-1.8015217,False,-8.83,-4.6897817,-17.60916,1.8516861,True
2023-03-06 03:20:00,-11.45,95,-15,-2.3699992,-7.2090936,-20.723677,1.182367,True,-9.23,-3.0528529,-18.111403,5.066589,True
2023-03-06 03:25:00,-11.26,95,-13,-4.14,-7.219377,-22.250198,2.7004392,True,-9.18,-3.2659476,-20.042725,6.3502154,True
2023-03-06 03:30:00,-10.02,95,-12,-5.86,-7.5152707,-22.712933,2.76976,True,-9.4,-5.0927377,-21.692429,5.102266,True
2023-03-06 03:35:00,-7.3700004,95,-12,-7.7500005,-5.634485,-19.917696,3.3481996,True,-9.63,-3.9368079,-19.381836,5.0963187,True
2023-03-06 03:40:00,-6.98,95,-13,-8.83,-6.0211253,-20.025438,3.0758588,True,-9.67,-5.0902524,-20.020193,4.154468,True
2023-03-06 03:45:00,-6.1200004,95,-14,-9.64,-5.637754,-19.85444,3.6112268,True,-10.24,-5.1736274,-20.186983,4.2807918,True
2023-03-06 03:50:00,-6.02,95,-17,-9.56,-5.2232833,-19.425966,3.8084772,True,-8.65,-4.4493375,-19.553549,4.7613826,True
2023-03-06 03:55:00,-2.6499999,95,-17,-9.43,-1.260548,-17.063002,7.476251,True,-7.82,0.10898177,-16.846956,8.949753,True
2023-03-06 04:00:00,-0.6700004,95,-15,-9.25,1.3055474,-15.511367,9.662945,True,-7.85,3.251705,-14.965822,11.651348,True
2023-03-06 04:05:00,-0.52000076,95,-15,-9.93,2.1059186,-14.501104,9.824099,True,-7.5800004,4.6947207,-13.504285,12.399883,True
2023-03-06 04:10:00,-0.6000007,95,-17,-9.89,2.6829088,-13.661086,9.709251,True,-7.9900002,5.921211,-12.175779,12.885437,True
2023-03-06 04:15:00,-1.1800007,95,-18,-8.83,1.8797585,-13.58361,8.475031,True,-8.13,4.9224353,-12.152968,11.511841,True
2023-03-06 04:20:00,-2.3699992,95,-20,-9.23,0.73973626,-13.613676,6.44733,True,-8.13,3.8802545,-11.991695,9.621313,True
2023-03-06 04:25:00,-4.14,95,-23,-9.18,-0.7957271,-14.194638,4.2021384,True,-8.5,2.6046255,-12.222942,7.6489444,True
2023-03-06 04:30:00,-5.86,95,-23,-9.4,-2.5995104,-15.34379,2.1888235,True,-8.52,0.72802514,-13.326885,5.5977263,True
2023-03-06 04:35:00,-7.7500005,95,-23,-9.63,-4.736422,-17.032034,0.20152633,True,-6.07,-1.6541008,-15.132619,3.3946378,True
2023-03-06 04:40:00,-8.83,95,-22,-9.67,-5.952268,-17.891445,-1.2179912,True,-6.9900002,-3.0010111,-16.039679,1.8752133,True
2023-03-06 04:45:00,-9.64,95,-20,-10.24,-6.9449363,-18.65462,-2.3402846,True,-5.3400006,-4.17326,-16.907427,0.60297364,True
2023-03-06 04:50:00,-9.56,95,-19,-8.65,-6.6483665,-18.628561,-2.1232321,True,-4.4,-3.634045,-16.704508,1.0408512,True
2023-03-06 04:55:00,-9.43,95,-18,-7.82,-6.216267,-18.325102,-1.8457779,True,2.1499994,-2.8796198,-16.14389,1.628532,False
2023-03-06 05:00:00,-9.25,95,-16,-7.85,-5.5521684,-17.819641,-1.3246673,True,3.0400007,-1.7079777,-15.216074,2.6215913,False
2023-03-06 05:05:00,-9.93,95,-15,-7.5800004,-6.0605597,-18.278343,-1.9003338,True,0.49999967,-2.0186522,-15.484731,2.2435663,True
2023-03-06 05:10:00,-9.89,95,-17,-7.9900002,-5.987022,-18.17912,-1.9728054,True,-0.7600005,-1.8918346,-15.321007,2.2300565,True
2023-03-06 05:15:00,-8.83,95,-18,-8.13,-4.6226134,-16.952562,-0.9444869,True,-3.41,-0.19604523,-13.819336,3.5859125,True
2023-03-06 05:20:00,-9.23,95,-17,-8.13,-5.072717,-16.982367,-1.5824226,True,-4.98,-0.6835521,-13.796649,2.944269,True
2023-03-06 05:25:00,-9.18,95,-17,-8.5,-4.809179,-16.754923,-1.4696296,True,-5.73,-0.19172128,-13.334562,3.2806013,True
2023-03-06 05:30:00,-9.4,95,-16,-8.52,-4.8195586,-16.973518,-1.4435314,True,-7.180001,0.020423574,-13.34094,3.5037801,True
2023-03-06 05:35:00,-9.63,95,-15,-6.07,-4.4047503,-17.05032,-0.9287055,True,-8.64,1.1197869,-12.861167,4.6387687,True
2023-03-06 05:40:00,-9.67,95,-15,-6.9900002,-4.1076283,-18.100851,0.5825173,True,-7.5100007,1.7817265,-13.880506,6.372297,True
2023-03-06 05:45:00,-10.24,95,-16,-5.3400006,-4.2733607,-18.482866,0.47964826,True,-9.9,2.0609605,-13.886773,6.6680503,True
2023-03-06 05:50:00,-8.65,95,-16,-4.4,-3.2866538,-17.94574,1.9950444,True,-7.97,2.3970563,-14.05647,7.5660796,True
2023-03-06 05:55:00,-7.82,95,-15,2.1499994,-2.2668135,-17.393883,3.140951,True,-7.9200006,3.600681,-13.427689,8.855671,True
2023-03-06 06:00:00,-7.85,95,-15,3.0400007,-2.3670275,-18.672304,4.1132693,True,-8.15,3.4197843,-14.972439,9.673157,True
2023-03-06 06:05:00,-7.5800004,95,-16,0.49999967,-2.4783022,-19.95542,5.019693,True,-7.8700004,2.8938177,-16.741583,10.139509,True
2023-03-06 06:10:00,-7.9900002,95,-15,-0.7600005,-4.007523,-20.618223,3.739845,True,-7.5500016,0.19071929,-18.184423,7.8526874,True
2023-03-06 06:15:00,-8.13,95,-14,-3.41,-4.5379806,-20.62045,3.3344495,True,-5.6300006,-0.7599414,-18.445728,7.0932784,True
2023-03-06 06:20:00,-8.13,95,-14,-4.98,-4.867992,-21.032486,3.4628255,True,-5.0400004,-1.448439,-19.127592,6.8906493,True
2023-03-06 06:25:00,-8.5,95,-15,-5.73,-5.3789763,-21.686571,3.4026868,True,-6.72,-2.1146014,-19.898079,6.6815963,True
2023-03-06 06:30:00,-8.52,95,-15,-7.180001,-5.6516633,-22.614244,3.8320882,True,-8.41,-2.6697104,-21.08885,6.8361773,True
2023-03-06 06:35:00,-6.07,95,-14,-8.64,-3.2000449,-21.16226,6.3749366,True,-6.86,-0.2349418,-19.739338,9.340048,True
2023-03-06 06:40:00,-6.9900002,95,-16,-7.5100007,-4.27611,-21.847094,5.346845,True,-4.3800006,-1.4687179,-20.495686,8.177824,True
2023-03-06 06:45:00,-5.3400006,95,-15,-9.9,-2.738209,-20.510225,6.5929713,True,-4.4500003,-0.050943688,-19.271946,9.32152,True
2023-03-06 06:50:00,-4.4,95,-12,-7.97,-1.5589069,-19.379204,7.399154,True,-6.78,1.3793675,-17.9574,10.347546,True
2023-03-06 06:55:00,2.1499994,95,-15,-7.9200006,5.7267394,-13.925475,13.758003,True,-8.2,9.328012,-12.212213,17.28241,True
2023-03-06 07:00:00,3.0400007,95,-17,-8.15,7.1011825,-13.283305,15.06662,True,-8.44,11.138393,-11.318878,18.963787,True
2023-03-06 07:05:00,0.49999967,95,-19,-7.8700004,4.708648,-15.693435,13.132874,True,-10.170001,8.935106,-13.5701065,17.172604,True
2023-03-06 07:10:00,-0.7600005,95,-22,-7.5500016,3.189346,-16.03956,11.337839,True,-11.0,7.201423,-13.957933,15.214848,True
2023-03-06 07:15:00,-3.41,95,-22,-5.6300006,0.7030789,-17.004688,8.492844,True,-10.35,4.95153,-14.581388,12.609306,True
2023-03-06 07:20:00,-4.98,95,-21,-5.0400004,-0.020147638,-17.541862,7.6356864,True,-11.03,5.1221824,-14.3953085,12.549522,True
2023-03-06 07:25:00,-5.73,95,-21,-6.72,-0.23436387,-17.748837,7.3017154,True,-11.67,5.474405,-14.121011,12.715729,True
2023-03-06 07:30:00,-7.180001,95,-21,-8.41,-2.4965537,-19.766096,5.444078,True,-14.95,2.41983,-16.677784,10.145824,True
2023-03-06 07:35:00,-8.64,95,-21,-6.86,-4.2059846,-19.785908,3.137819,True,-14.809999,0.49313703,-16.618732,7.7102065,True
2023-03-06 07:40:00,-7.5100007,95,-21,-4.3800006,-3.1140273,-18.541832,3.772556,True,-15.25,1.5436913,-15.390092,8.314573,True
2023-03-06 07:45:00,-9.9,95,-18,-4.4500003,-4.946325,-20.418322,2.0735528,True,-11.9,0.33079496,-16.68581,7.1554008,True
2023-03-06 07:50:00,-7.97,95,-18,-6.78,-2.7756655,-20.158878,5.0089583,True,-11.6,2.6882741,-16.571583,10.16305,True
2023-03-06 07:55:00,-7.9200006,95,-19,-8.2,-2.9562438,-20.911514,5.263841,True,-11.08,2.2538545,-17.594301,10.16053,True
2023-03-06 08:00:00,-8.15,95,-19,-8.44,-3.354359,-20.480886,4.4703937,True,-10.74,1.6990601,-17.182991,9.2604065,True
2023-03-06 08:05:00,-7.8700004,95,-18,-10.170001,-2.9666464,-20.046207,4.734367,True,-11.98,2.1940362,-16.657238,9.616617,True
2023-03-06 08:10:00,-7.5500016,95,-17,-11.0,-3.4579337,-19.971935,4.1876254,True,-11.64,0.8462388,-17.192924,8.319323,True
2023-03-06 08:15:00,-5.6300006,95,-17,-10.35,-1.2745537,-17.722822,5.8334384,True,-10.97,3.2835023,-14.768238,10.201464,True
2023-03-06 08:20:00,-5.0400004,95,-17,-11.03,-0.5313247,-17.666273,6.828653,True,-11.69,4.1551814,-14.676144,11.273552,True
2023-03-06 08:25:00,-6.72,95,-17,-11.67,-3.2319338,-20.815042,5.1189437,True,-13.43,0.39268842,-18.627821,8.579367,True
2023-03-06 08:30:00,-8.41,95,-17,-14.95,-5.612842,-22.332376,2.8329313,True,-13.13,-2.7065852,-20.594812,5.6656623,True
2023-03-06 08:35:00,-6.86,95,-15,-14.809999,-3.6400874,-20.90968,4.625921,True,-14.74,-0.31026682,-18.91639,7.817598,True
2023-03-06 08:40:00,-4.3800006,95,-15,-15.25,-0.028650599,-18.365353,7.9719253,True,-14.28,4.4216,-15.665747,12.132845,True
2023-03-06 08:45:00,-4.4500003,95,-16,-11.9,-0.3724216,-20.216679,8.517187,True,-14.41,3.7637231,-17.820919,12.340439,True
2023-03-06 08:50:00,-6.78,95,-16,-11.6,-2.9508326,-21.74522,5.947456,True,-11.8,0.97429436,-19.380745,9.597784,True
2023-03-06 08:55:00,-8.2,95,-17,-11.08,-4.226669,-22.49142,4.622583,True,-11.57,-0.1274646,-19.926044,8.427853,True
2023-03-06 09:00:00,-8.44,95,-16,-10.74,-4.18945,-22.774038,4.780395,True,-13.23,0.18909232,-20.014814,8.810032,True
2023-03-06 09:05:00,-10.170001,95,-16,-11.98,-6.1194654,-24.066902,2.9061735,True,-15.08,-1.9204296,-21.34638,6.7820888,True
2023-03-06 09:10:00,-11.0,95,-15,-11.64,-6.7580237,-24.779837,2.4186418,True,-15.38,-2.3524077,-21.881489,6.4621673,True
2023-03-06 09:15:00,-10.35,95,-15,-10.97,-5.6159673,-25.327557,4.094024,True,-17.9,-0.722132,-22.1997,8.496988,True
2023-03-06 09:20:00,-11.03,95,-14,-11.69,-6.0522866,-26.425707,4.086908,True,-16.82,-0.9055293,-23.13686,8.67341,True
2023-03-06 09:25:00,-11.67,95,-15,-13.43,-6.9629645,-30.03725,4.667188,True,-15.53,-2.1301768,-27.121077,8.885567,True
2023-03-06 09:30:00,-14.95,95,-15,-13.13,-11.104293,-34.153,1.6370541,True,-14.75,-7.153706,-31.75934,5.0894256,True
2023-03-06 09:35:00,-14.809999,95,-15,-14.74,-12.299037,-38.039238,1.8825794,True,-16.12,-9.8084,-36.699905,4.05607,True
2023-03-06 09:40:00,-15.25,95,-12,-14.28,-13.296964,-37.649,0.8071839,True,-15.84,-11.390096,-36.63034,2.500507,True
2023-03-06 09:45:00,-11.9,95,-11,-14.41,-10.405451,-33.84927,2.9422605,True,-13.6,-8.992933,-33.14288,4.218599,True
2023-03-06 09:50:00,-11.6,95,-12,-11.8,-10.49813,-32.201576,2.355358,True,-13.7,-9.478372,-31.702944,3.3001783,True
2023-03-06 09:55:00,-11.08,95,-12,-11.57,-9.7308,-31.897594,3.341644,True,-13.26,-8.46611,-31.23377,4.4871516,True
2023-03-06 10:00:00,-10.74,95,-12,-13.23,-9.591341,-33.061516,4.2005687,True,-11.16,-8.541744,-32.534298,5.145101,True
2023-03-06 10:05:00,-11.98,95,-14,-15.08,-11.080156,-33.470665,2.5931127,True,-12.27,-10.273793,-33.064377,3.3295667,True
2023-03-06 10:10:00,-11.64,95,-12,-15.38,-10.611653,-32.583862,2.6642244,True,-12.6,-9.68239,-32.08202,3.4989946,True
2023-03-06 10:15:00,-10.97,95,-11,-17.9,-9.729934,-31.200497,3.119829,True,-10.29,-8.597431,-30.552603,4.124355,True
2023-03-06 10:20:00,-11.69,95,-13,-16.82,-9.041981,-29.950552,3.3407304,True,-10.38,-6.479365,-28.303366,5.5783973,True
2023-03-06 10:25:00,-13.43,95,-15,-15.53,-12.097085,-32.22668,0.71731347,True,-11.91,-10.852583,-31.42399,1.8145863,True
2023-03-06 10:30:00,-13.13,95,-17,-14.75,-11.109408,-29.1142,0.16324584,True,-12.25,-9.143655,-27.727186,1.9030415,True
2023-03-06 10:35:00,-14.74,95,-19,-16.12,-12.049466,-30.003866,-0.9654029,True,-14.26,-9.378875,-28.032269,1.3868691,True
2023-03-06 10:40:00,-14.28,95,-19,-15.84,-11.514709,-29.596352,-0.81713706,True,-14.389999,-8.748836,-27.537214,1.6054245,True
2023-03-06 10:45:00,-14.41,95,-19,-13.6,-11.720507,-28.836445,-1.6954426,True,-14.69,-9.022889,-26.78286,0.6712224,True
2023-03-06 10:50:00,-11.8,95,-18,-13.7,-8.846547,-26.052202,0.48844877,True,-15.82,-5.901467,-23.85069,3.0596044,True
2023-03-06 10:55:00,-11.57,95,-16,-13.26,-8.49977,-25.236006,0.46189657,True,-15.1,-5.4435334,-22.929346,3.130264,True
2023-03-06 11:00:00,-13.23,95,-16,-11.16,-9.900643,-26.423746,-0.8280814,True,-15.86,-6.565662,-23.847597,2.0803945,True
2023-03-06 11:05:00,-15.08,95,-14,-12.27,-11.421101,-28.300995,-1.931805,True,-15.17,-7.7321477,-25.41856,1.2659298,True
2023-03-06 11:10:00,-15.38,95,-14,-12.6,-11.776931,-28.986952,-2.0202677,True,-14.88,-8.154138,-26.172619,1.0968319,True
2023-03-06 11:15:00,-17.9,95,-15,-10.29,-14.562843,-32.41984,-3.9123833,True,-15.0,-11.216588,-29.815628,-1.0653118,True
2023-03-06 11:20:00,-16.82,95,-12,-10.38,-13.603916,-33.433643,-2.1031096,True,-16.63,-10.421481,-31.066988,0.5558259,True
2023-03-06 11:25:00,-15.53,95,-10,-11.91,-12.73572,-33.120056,-1.0534366,True,-17.82,-10.02057,-31.135794,1.1898476,True
2023-03-06 11:30:00,-14.75,95,-10,-12.25,-11.866752,-31.433384,-0.5205253,True,-17.98,-9.080905,-29.378214,1.7879101,True
2023-03-06 11:35:00,-16.12,95,-9,-14.26,-13.526733,-32.69149,-1.9015583,True,-18.83,-11.021612,-30.788296,0.1619126,True
2023-03-06 11:40:00,-15.84,95,-9,-14.389999,-13.341131,-32.578457,-1.6241726,True,-19.2,-10.929918,-30.728056,0.35043493,True
2023-03-06 11:45:00,-13.6,95,-9,-14.69,-11.294597,-31.077908,0.35504118,True,-20.94,-9.092864,-29.400084,2.1356657,True
2023-03-06 11:50:00,-13.7,95,-9,-15.82,-11.749475,-32.04038,0.30135503,True,-21.97,-9.906789,-30.60537,1.7612263,True
2023-03-06 11:55:00,-13.26,95,-9,-15.1,-11.638685,-32.44736,0.70124596,True,-22.19,-10.139436,-31.251299,1.8570725,True
2023-03-06 12:00:00,-11.16,95,-10,-15.86,-9.732126,-31.518696,2.6460836,True,-23.22,-8.453456,-30.488731,3.6008127,True
2023-03-06 12:05:00,-12.27,95,-11,-15.17,-10.947837,-32.57647,1.7562653,True,-22.79,-9.77419,-31.596403,2.6193044,True
2023-03-06 12:10:00,-12.6,95,-11,-14.88,-11.357475,-34.546577,2.1469858,True,-20.14,-10.274079,-33.621197,2.9259489,True
2023-03-06 12:15:00,-10.29,95,-12,-15.0,-8.904106,-32.94635,4.5482116,True,-18.64,-7.701548,-31.951492,5.4170413,True
2023-03-06 12:20:00,-10.38,95,-11,-16.63,-9.530239,-33.452408,4.2345004,True,-16.54,-8.84714,-32.76229,4.661033,True
2023-03-06 12:25:00,-11.91,95,-10,-17.82,-11.461769,-34.554096,2.5688856,True,-16.13,-11.154364,-34.080025,2.6780908,True
2023-03-06 12:30:00,-12.25,95,-10,-17.98,-11.749887,-34.521824,2.344465,True,-16.42,-11.388899,-34.001545,2.4977052,True
2023-03-06 12:35:00,-14.26,95,-11,-18.83,-13.819063,-35.807438,0.6587731,True,-16.77,-13.5000305,-35.296497,0.7765214,True
2023-03-06 12:40:00,-14.389999,95,-11,-19.2,-14.311573,-35.767277,0.17728011,True,-16.09,-14.332477,-35.469017,0.001693411,True
2023-03-06 12:45:00,-14.69,95,-10,-20.94,-14.754999,-35.32778,-0.41829714,True,-16.29,-14.902528,-35.10931,-0.70594245,True
2023-03-06 12:50:00,-15.82,95,-11,-21.97,-15.260425,-35.540066,-0.7911685,True,-16.64,-14.8050375,-34.903305,-0.55854636,True
2023-03-06 12:55:00,-15.1,95,-12,-22.19,-14.79692,-35.867805,-0.045290306,True,-16.98,-14.588223,-35.382935,-0.025909739,True
2023-03-06 13:00:00,-15.86,95,-13,-23.22,-15.375682,-36.799965,-0.24366982,True,-18.56,-14.992192,-36.18002,-0.07634194,True
2023-03-06 13:05:00,-15.17,95,-13,-22.79,-14.674587,-35.605923,0.1244065,True,-19.24,-14.280373,-34.973038,0.29564634,True
2023-03-06 13:10:00,-14.88,95,-13,-20.14,-14.31844,-33.430264,-0.35318026,True,-21.43,-13.8540535,-32.750553,-0.12484963,True
2023-03-06 13:15:00,-15.0,95,-14,-18.64,-13.509398,-31.832361,-0.19390328,True,-24.03,-12.165298,-30.505026,0.7937848,True
2023-03-06 13:20:00,-16.63,95,-14,-16.54,-15.043498,-33.737335,-1.2456897,True,-26.7,-13.595692,-32.29911,-0.17234834,True
2023-03-06 13:25:00,-17.82,95,-14,-16.13,-16.359926,-35.03393,-2.3136275,True,-28.54,-15.017843,-33.646248,-1.3355888,True
2023-03-06 13:30:00,-17.98,95,-13,-16.42,-16.188549,-36.069855,-1.4669517,True,-28.86,-14.53163,-34.42954,-0.23139985,True
2023-03-06 13:35:00,-18.83,95,-13,-16.77,-16.22222,-36.85741,-1.1015629,True,-33.23,-13.788307,-34.608803,0.77791566,True
2023-03-06 13:40:00,-19.2,95,-13,-16.09,-16.035557,-36.494785,-1.0677608,True,-35.48,-13.0819435,-33.834446,1.2455536,False
2023-03-06 13:45:00,-20.94,95,-13,-16.29,-17.85536,-37.788387,-2.877951,True,-37.84,-14.9654665,-35.12013,-0.61881477,False
2023-03-06 13:50:00,-21.97,95,-14,-16.64,-19.979124,-40.208546,-4.3024116,True,-41.96,-18.121819,-38.327175,-2.9205153,False
2023-03-06 13:55:00,-22.19,95,-14,-16.98,-20.56971,-40.186157,-4.9617352,True,-44.99,-19.06128,-38.559326,-3.8744442,False
2023-03-06 14:00:00,-23.22,95,-13,-18.56,-21.930662,-40.15844,-6.584636,True,-47.71,-20.734709,-38.76691,-5.75534,False
2023-03-06 14:05:00,-22.79,95,-12,-19.24,-21.185305,-39.26748,-5.943579,True,-49.35,-19.710882,-37.65923,-4.876883,False
2023-03-06 14:10:00,-20.14,95,-11,-21.43,-18.869041,-36.541374,-4.2978053,True,-49.56,-17.71286,-35.18912,-3.504368,False
2023-03-06 14:15:00,-18.64,95,-11,-24.03,-17.268196,-34.697365,-3.1826785,True,-49.84,-16.027287,-33.284355,-2.3168204,False
2023-03-06 14:20:00,-16.54,95,-11,-26.7,-15.120759,-33.08553,-1.2316803,True,-49.16,-13.847291,-31.649817,-0.34450373,False
2023-03-06 14:25:00,-16.13,95,-11,-28.54,-14.563261,-32.994377,-0.63352996,True,-48.83,-13.161719,-31.462564,0.3595101,False
2023-03-06 14:30:00,-16.42,95,-12,-28.86,-14.4326315,-33.574673,-0.106777504,True,-47.46,-12.655925,-31.756289,1.1982571,False
2023-03-06 14:35:00,-16.77,95,-12,-33.23,-14.3609085,-33.752567,0.14450996,True,-46.15,-12.208523,-31.657385,1.7661015,False
2023-03-06 14:40:00,-16.09,95,-12,-35.48,-13.276403,-32.68094,0.957895,False,-44.95,-10.761222,-30.311357,2.8811681,False
2023-03-06 14:45:00,-16.29,95,-12,-37.84,-13.15235,-32.56253,1.0687939,False,-41.69,-10.340598,-29.952377,3.2387254,False
2023-03-06 14:50:00,-16.64,95,-13,-41.96,-13.625883,-33.530003,0.9565026,False,-40.87,-10.920399,-30.981369,3.0244138,False
2023-03-06 14:55:00,-16.98,95,-13,-44.99,-14.776152,-34.674366,-0.008707361,False,-39.36,-12.802836,-32.665775,1.442886,False
2023-03-06 15:00:00,-18.56,95,-13,-47.71,-16.923393,-37.85484,-0.95827895,False,-37.650005,-15.46615,-36.198914,0.051356956,False
2023-03-06 15:05:00,-19.24,95,-13,-49.35,-18.31259,-40.88294,-0.9574855,False,-36.87,-17.502892,-39.659313,-0.49351534,True
2023-03-06 15:10:00,-21.43,95,-12,-49.56,-21.668365,-40.524963,-5.1464677,False,-35.83,-21.87797,-40.071514,-5.542313,True
2023-03-06 15:15:00,-24.03,95,-11,-49.84,-24.346449,-39.27232,-9.275656,False,-34.0,-24.587736,-38.924507,-9.716245,True
2023-03-06 15:20:00,-26.7,95,-11,-49.16,-26.890205,-39.68427,-12.605732,False,-33.41,-26.995655,-39.28196,-12.932324,True
2023-03-06 15:25:00,-28.54,95,-11,-48.83,-28.453026,-40.565987,-14.2368965,False,-29.62,-28.3101,-39.961174,-14.349239,True
2023-03-06 15:30:00,-28.86,95,-11,-47.46,-28.602802,-40.158264,-14.481222,False,-30.8,-28.312836,-39.44045,-14.463927,True
2023-03-06 15:35:00,-33.23,95,-12,-46.15,-31.818304,-42.8983,-17.435894,False,-32.72,-30.553871,-41.315536,-16.568983,True
2023-03-06 15:40:00,-35.48,95,-13,-44.95,-32.84502,-44.00146,-18.526203,False,-34.07,-30.567444,-41.48554,-16.778027,True
2023-03-06 15:45:00,-37.84,95,-14,-41.69,-33.740128,-45.603413,-19.387459,True,-31.96,-30.229452,-41.919407,-16.5872,True
2023-03-06 15:50:00,-41.96,95,-15,-40.87,-36.731544,-49.43819,-21.665716,True,-28.8,-32.258026,-44.797436,-18.081673,True
2023-03-06 15:55:00,-44.99,95,-18,-39.36,-39.066174,-52.87228,-22.99104,True,-28.69,-33.957237,-47.594868,-18.926481,True
2023-03-06 16:00:00,-47.71,95,-19,-37.650005,-42.064472,-56.23853,-25.3116,True,-27.62,-37.14464,-51.109074,-21.458286,True
2023-03-06 16:05:00,-49.35,95,-19,-36.87,-44.25586,-57.680233,-27.79724,True,-23.68,-39.78558,-52.96658,-24.32901,False
2023-03-06 16:10:00,-49.56,95,-18,-35.83,-44.89644,-56.648956,-29.812902,True,-21.16,-40.795956,-52.27691,-26.627535,False
2023-03-06 16:15:00,-49.84,95,-17,-34.0,-45.4241,-56.639557,-30.662363,True,-20.69,-41.54458,-52.47387,-27.659643,False
2023-03-06 16:20:00,-49.16,95,-17,-33.41,-45.10064,-55.8132,-30.608826,True,-19.14,-41.54372,-51.97196,-27.873379,False
2023-03-06 16:25:00,-48.83,95,-17,-29.62,-44.751102,-54.994743,-30.397348,False,-17.38,-41.199234,-51.16249,-27.658356,False
2023-03-06 16:30:00,-47.46,95,-17,-30.8,-43.123013,-53.364048,-28.971018,True,-16.61,-39.357315,-49.33343,-26.036627,False
2023-03-06 16:35:00,-46.15,95,-16,-32.72,-41.914955,-52.817013,-27.024868,True,-13.21,-38.23301,-48.880314,-24.162315,False
2023-03-06 16:40:00,-44.95,95,-15,-34.07,-40.383827,-53.358818,-23.451694,True,-11.66,-36.409245,-49.16582,-20.377098,False
2023-03-06 16:45:00,-41.69,95,-15,-31.96,-37.466785,-51.692432,-19.720877,True,-12.28,-33.766026,-47.822502,-16.88433,False
2023-03-06 16:50:00,-40.87,95,-15,-28.8,-37.440285,-52.607998,-18.691889,True,-13.15,-34.407333,-49.360523,-16.426172,False
2023-03-06 16:55:00,-39.36,95,-14,-28.69,-37.32034,-52.489285,-18.4392,True,-10.98,-35.472633,-50.296005,-17.15281,False
2023-03-06 17:00:00,-37.650005,95,-14,-27.62,-36.39242,-49.99475,-18.84206,True,-8.8,-35.213036,-48.413475,-18.097136,False
2023-03-06 17:05:00,-36.87,95,-13,-23.68,-35.92206,-49.47771,-18.188011,True,-9.0,-35.00847,-48.126583,-17.662504,False
2023-03-06 17:10:00,-35.83,95,-13,-21.16,-35.81734,-51.169056,-16.233812,True,-13.48,-35.70813,-50.451492,-16.370436,False
2023-03-06 17:15:00,-34.0,95,-13,-20.69,-34.804993,-50.66811,-14.608214,True,-16.53,-35.391823,-50.4828,-15.311168,True
2023-03-06 17:20:00,-33.41,95,-12,-19.14,-35.501163,-51.93794,-14.187964,True,-20.64,-37.15154,-52.538418,-15.754208,True
2023-03-06 17:25:00,-29.62,95,-11,-17.38,-32.53654,-48.98692,-11.583865,True,-22.9,-34.87194,-50.04398,-13.718996,True
2023-03-06 17:30:00,-30.8,95,-11,-16.61,-33.781597,-49.997375,-11.992553,True,-22.99,-36.1092,-51.050182,-14.113041,True
2023-03-06 17:35:00,-32.72,95,-11,-13.21,-35.368866,-49.964863,-13.617858,False,-24.06,-37.36374,-50.84112,-15.470749,True
2023-03-06 17:40:00,-34.07,95,-12,-11.66,-36.38941,-50.27801,-14.160403,False,-24.09,-38.070618,-50.949913,-15.746334,True
2023-03-06 17:45:00,-31.96,95,-12,-12.28,-33.661182,-47.952168,-11.375127,True,-24.46,-34.84986,-48.212036,-12.542892,True
2023-03-06 17:50:00,-28.8,95,-11,-13.15,-30.34291,-46.341305,-7.3319507,True,-22.36,-31.405714,-46.432,-8.380513,True
2023-03-06 17:55:00,-28.69,95,-11,-10.98,-29.53861,-46.439335,-6.0075345,True,-20.67,-30.059978,-46.127853,-6.5862584,True
2023-03-06 18:00:00,-27.62,95,-11,-8.8,-27.862114,-44.998024,-4.748139,True,-18.19,-27.917011,-44.350224,-4.93103,True
2023-03-06 18:05:00,-23.68,95,-10,-9.0,-23.582085,-42.801453,-0.53426963,True,-20.09,-23.37469,-41.94243,-0.48951945,True
2023-03-06 18:10:00,-21.16,95,-9,-13.48,-20.957047,-41.24412,1.6644207,True,-21.42,-20.66504,-40.32162,1.780914,True
2023-03-06 18:15:00,-20.69,95,-8,-16.53,-20.454018,-39.227142,0.8730523,True,-22.11,-20.134209,-38.322384,1.00975,True
2023-03-06 18:20:00,-19.14,95,-9,-20.64,-18.639051,-37.203964,1.6553322,True,-21.86,-18.10307,-36.167313,1.9721085,True
2023-03-06 18:25:00,-17.38,95,-11,-22.9,-17.016678,-34.465405,2.008085,True,-21.28,-16.587654,-33.52086,2.227739,True
2023-03-06 18:30:00,-16.61,95,-12,-22.99,-16.124191,-32.814117,2.0231931,True,-21.4,-15.591351,-31.817158,2.326597,True
2023-03-06 18:35:00,-13.21,95,-13,-24.06,-13.345561,-30.34014,3.838022,True,-20.28,-13.323283,-29.698475,3.712444,True
2023-03-06 18:40:00,-11.66,95,-13,-24.09,-12.363842,-28.568626,3.8206346,True,-17.77,-12.812091,-28.26086,3.2928216,True
2023-03-06 18:45:00,-12.28,95,-15,-24.46,-12.311911,-28.929993,4.349046,True,-17.01,-12.1995,-28.245804,4.2965236,True
2023-03-06 18:50:00,-13.15,95,-16,-22.36,-13.139224,-28.662548,3.0396764,True,-18.01,-12.985962,-27.971907,3.0157545,True
2023-03-06 18:55:00,-10.98,95,-16,-20.67,-11.470005,-26.184908,3.4671934,True,-19.17,-11.736903,-25.808517,3.0824182,True
2023-03-06 19:00:00,-8.8,95,-17,-18.19,-9.326098,-23.910797,4.66283,True,-20.09,-9.628684,-23.575697,4.246536,True
2023-03-06 19:05:00,-9.0,95,-18,-20.09,-9.356058,-23.292294,4.0019755,True,-19.26,-9.514205,-22.884676,3.7045991,True
2023-03-06 19:10:00,-13.48,95,-20,-21.42,-12.726192,-25.701326,0.91767853,True,-18.01,-11.938081,-24.63921,1.4231106,True
2023-03-06 19:15:00,-16.53,95,-19,-22.11,-14.946155,-27.7887,-0.78764945,True,-17.85,-13.45023,-26.19231,0.31621137,True
2023-03-06 19:20:00,-20.64,95,-18,-21.86,-18.309195,-30.680258,-3.561701,True,-19.6,-16.179113,-28.567461,-1.9249386,True
2023-03-06 19:25:00,-22.9,95,-18,-21.28,-20.063568,-32.20639,-4.90799,True,-19.49,-17.50556,-29.741123,-2.9112608,True
2023-03-06 19:30:00,-22.99,95,-18,-21.4,-20.304861,-32.17627,-5.258365,True,-17.76,-17.87064,-29.812885,-3.3643458,True
2023-03-06 19:35:00,-24.06,95,-20,-20.28,-21.236252,-32.447582,-6.6009107,True,-14.1,-18.684183,-29.97859,-4.6029687,True
2023-03-06 19:40:00,-24.09,95,-21,-17.77,-21.167929,-31.89826,-7.1772113,True,-10.41,-18.525269,-29.355616,-5.0987067,True
2023-03-06 19:45:00,-24.46,95,-22,-17.01,-21.41037,-32.60107,-6.7538247,True,-8.98,-18.650118,-29.967535,-4.583426,True
2023-03-06 19:50:00,-22.36,95,-23,-18.01,-19.819801,-30.93279,-5.697552,True,-9.53,-17.48485,-28.682531,-3.8787873,True
2023-03-06 19:55:00,-20.67,95,-23,-19.17,-18.702665,-29.328411,-5.36591,True,-10.04,-16.852879,-27.490162,-3.9507372,True
2023-03-06 20:00:00,-18.19,95,-21,-20.09,-16.800632,-27.147781,-4.322038,True,-10.55,-15.43871,-25.722784,-3.3171942,True
2023-03-06 20:05:00,-20.09,95,-21,-19.26,-18.773544,-28.294641,-6.50433,True,-13.989999,-17.479078,-26.92643,-5.5540977,True
2023-03-06 20:10:00,-21.42,95,-20,-18.01,-20.061256,-29.018303,-8.105444,True,-15.46,-18.73386,-27.629536,-7.1245694,True
2023-03-06 20:15:00,-22.11,95,-21,-17.85,-20.26192,-29.129858,-8.828817,True,-15.93,-18.510384,-27.3947,-7.4851537,True
2023-03-06 20:20:00,-21.86,95,-22,-19.6,-19.561188,-28.722622,-8.254038,True,-11.93,-17.414738,-26.674109,-6.571215,True
2023-03-06 20:25:00,-21.28,95,-21,-19.49,-19.477715,-28.258814,-8.559256,True,-3.5599997,-17.756807,-26.576763,-7.237533,False
2023-03-06 20:30:00,-21.4,95,-22,-17.76,-19.362402,-27.965176,-9.069333,True,4.3800006,-17.432579,-26.116531,-7.565326,False
2023-03-06 20:35:00,-20.28,95,-21,-14.1,-17.625443,-26.537275,-8.195125,True,0.65999955,-15.137058,-24.236696,-6.208675,False
2023-03-06 20:40:00,-17.77,95,-21,-10.41,-14.796382,-24.28927,-5.9925246,True,-3.2999995,-11.999361,-21.76625,-3.7398884,False
2023-03-06 20:45:00,-17.01,95,-21,-8.98,-13.571187,-23.428709,-5.151957,True,-3.1000006,-10.341833,-20.570902,-2.5238593,True
2023-03-06 20:50:00,-18.01,95,-22,-9.53,-13.528888,-24.086956,-4.8388352,True,0.6300027,-9.341154,-20.445112,-1.4029468,False
2023-03-06 20:55:00,-19.17,95,-22,-10.04,-14.60957,-25.45073,-5.3213744,True,9.34,-10.328669,-21.742323,-1.8211616,False
2023-03-06 21:00:00,-20.09,95,-23,-10.55,-15.424033,-26.640057,-5.470612,True,18.400002,-11.024825,-22.851002,-1.8855861,False
2023-03-06 21:05:00,-19.26,95,-23,-13.989999,-14.790304,-26.547356,-4.23424,True,19.190002,-10.550304,-22.942638,-0.79579765,False
2023-03-06 21:10:00,-18.01,95,-22,-15.46,-13.804093,-26.35166,-2.1828997,True,14.060001,-9.80042,-23.003174,1.03573,False
2023-03-06 21:15:00,-17.85,95,-22,-15.93,-14.174278,-26.714088,-1.9420227,True,8.91,-10.665937,-23.775217,0.86247414,False
2023-03-06 21:20:00,-19.6,95,-23,-11.93,-16.50588,-28.072933,-3.9336712,True,4.149999,-13.544494,-25.53371,-1.5717567,False
2023-03-06 21:25:00,-19.49,95,-24,-3.5599997,-17.261,-27.64852,-5.047508,False,0.6300027,-15.099971,-25.73932,-3.3434508,False
2023-03-06 21:30:00,-17.76,95,-23,4.3800006,-16.529324,-26.0878,-4.9684205,False,-0.3799995,-15.258445,-24.901335,-4.0091147,False
2023-03-06 21:35:00,-14.1,95,-21,0.65999955,-13.547812,-23.238958,-2.5462058,False,-1.7799991,-12.867769,-22.529192,-2.0875037,False
2023-03-06 21:40:00,-10.41,95,-20,-3.2999995,-9.914845,-20.863596,1.3284069,True,-3.6299994,-9.277189,-20.192116,1.7580963,True
2023-03-06 21:45:00,-8.98,95,-19,-3.1000006,-8.417304,-20.188557,3.1532018,True,-4.9100003,-7.7165856,-19.47922,3.640621,True
2023-03-06 21:50:00,-9.53,95,-17,0.6300027,-9.049582,-20.996025,2.9020898,True,-5.2900004,-8.416679,-20.342781,3.3349836,True
2023-03-06 21:55:00,-10.04,95,-17,9.34,-9.483194,-21.187551,2.4728887,False,-5.68,-8.786051,-20.502934,2.9624174,True
2023-03-06 22:00:00,-10.55,95,-17,18.400002,-9.933156,-20.837252,1.4914776,False,-6.0500007,-9.192198,-20.140509,2.0207002,True
2023-03-06 22:05:00,-13.989999,95,-18,19.190002,-12.83946,-22.499348,-1.8723987,False,,,,,False
2023-03-06 22:10:00,-15.46,95,-21,14.060001,-14.030542,-23.153511,-3.4211657,False,,,,,False
2023-03-06 22:15:00,-15.93,95,-23,8.91,-14.675007,-23.257814,-4.6604104,False,,,,,False
2023-03-06 22:20:00,-11.93,95,-24,4.149999,-10.124702,-19.669243,-1.2293438,False,,,,,False
2023-03-06 22:25:00,-3.5599997,95,-23,0.6300027,-2.115183,-14.464731,6.6117816,True,,,,,False
2023-03-06 22:30:00,4.3800006,95,-23,-0.3799995,4.915584,-9.98084,12.949558,True,,,,,False
2023-03-06 22:35:00,0.65999955,95,-23,-1.7799991,1.4658352,-11.134219,8.765409,True,,,,,False
2023-03-06 22:40:00,-3.2999995,95,-23,-3.6299994,-2.2864077,-13.087569,4.567451,True,,,,,False
2023-03-06 22:45:00,-3.1000006,95,-25,-4.9100003,-2.1531527,-12.541838,4.045606,True,,,,,False
2023-03-06 22:50:00,0.6300027,95,-26,-5.2900004,1.4689213,-9.661298,6.961143,True,,,,,False
2023-03-06 22:55:00,9.34,95,-26,-5.68,9.2768135,-4.315616,14.029339,False,,,,,False
2023-03-06 23:00:00,18.400002,95,-26,-6.0500007,17.25869,0.46306005,21.338718,False,,,,,False
2023-03-06 23:05:00,19.190002,95,-24,,,,,False,,,,,False
2023-03-06 23:10:00,14.060001,95,-22,,,,,False,,,,,False
2023-03-06 23:15:00,8.91,95,-21,,,,,False,,,,,False
2023-03-06 23:20:00,4.149999,95,-20,,,,,False,,,,,False
2023-03-06 23:25:00,0.6300027,95,-20,,,,,False,,,,,False
2023-03-06 23:30:00,-0.3799995,95,-20,,,,,False,,,,,False
2023-03-06 23:35:00,-1.7799991,95,-19,,,,,False,,,,,False
2023-03-06 23:40:00,-3.6299994,95,-19,,,,,False,,,,,False
2023-03-06 23:45:00,-4.9100003,95,-19,,,,,False,,,,,False
2023-03-06 23:50:00,-5.2900004,95,-17,,,,,False,,,,,False
2023-03-06 23:55:00,-5.68,95,-18,,,,,False,,,,,False
