,LDi_HON,storm_index,SYM_H,Observed_LDi_HON-1h,Predicted_LDi_HON-1h,Quantile_05_LDi_HON-1h,Quantile_95_LDi_HON-1h,inside_90%_LDi_HON-1h,Observed_LDi_HON-2h,Predicted_LDi_HON-2h,Quantile_05_LDi_HON-2h,Quantile_95_LDi_HON-2h,inside_90%_LDi_HON-2h
2024-04-29 08:00:00,2.1499994,104,-5,1.35,4.203073,-7.331864,7.1817546,True,1.6099983,6.1851077,-5.5892406,8.868923,True
2024-04-29 08:05:00,2.9799974,104,-4,0.94000024,5.0576243,-6.742409,8.252434,True,1.6900002,7.05244,-5.0134673,9.9602585,True
2024-04-29 08:10:00,1.85,104,-5,0.88000077,4.1621604,-7.8097663,7.910539,True,2.34,6.3693824,-5.927937,9.8081665,True
2024-04-29 08:15:00,1.0899998,104,-5,1.139999,3.2891881,-8.756595,7.555,True,2.09,5.409076,-6.950438,9.371187,True
2024-04-29 08:20:00,0.9899995,104,-6,1.3299996,2.9366758,-8.984251,7.4243884,True,2.1200006,4.8424506,-7.3480954,9.05088,True
2024-04-29 08:25:00,0.8500001,104,-6,1.5300022,2.294235,-9.566088,7.25736,True,2.2800004,3.7704828,-8.252157,8.493841,True
2024-04-29 08:30:00,1.2000004,104,-6,1.5500008,3.5178697,-9.113911,8.545584,True,2.390003,5.7469935,-7.2806315,10.470465,True
2024-04-29 08:35:00,2.0799978,104,-4,0.7399995,4.9500976,-8.243266,9.65344,True,2.300001,7.6371207,-6.104401,12.000113,True
2024-04-29 08:40:00,1.5899998,104,-4,0.8500001,4.5373473,-8.3511715,9.1196785,True,2.8800008,7.2987247,-6.1611104,11.543058,True
2024-04-29 08:45:00,-0.6100009,104,-5,1.1499993,1.4655606,-9.809646,5.7841697,True,3.5400007,3.5112646,-8.107922,7.5648475,True
2024-04-29 08:50:00,0.23999946,104,-7,1.179998,1.74925,-9.10994,5.832994,True,3.01,3.2930028,-7.7916713,7.1652274,True
2024-04-29 08:55:00,1.5899998,104,-4,1.4199997,3.4095056,-7.9439864,7.508098,True,3.2299993,5.213222,-6.4541154,9.086779,True
2024-04-29 09:00:00,1.35,104,-5,1.6099983,2.7347848,-8.236833,6.904035,True,3.9600008,4.1623225,-7.0317388,8.143881,True
2024-04-29 09:05:00,0.94000024,104,-5,1.6900002,1.8810402,-8.671935,6.1075053,True,5.0099998,2.923206,-7.7574716,6.997886,True
2024-04-29 09:10:00,0.88000077,104,-6,2.34,1.6369511,-8.628359,5.7166743,True,5.5400004,2.5136392,-7.846705,6.4605994,True
2024-04-29 09:15:00,1.139999,104,-5,2.09,1.7789208,-8.317575,5.5863204,True,4.7599998,2.5505826,-7.6227,6.2393584,True
2024-04-29 09:20:00,1.3299996,104,-5,2.1200006,2.3422143,-7.641145,5.591827,True,4.2000003,3.441408,-6.708589,6.5560584,True
2024-04-29 09:25:00,1.5300022,104,-4,2.2800004,2.9050138,-6.9119906,5.5724216,True,3.2499998,4.3202357,-5.742248,6.842937,True
2024-04-29 09:30:00,1.5500008,104,-4,2.390003,3.4654844,-6.261432,5.5907474,True,2.9099996,5.353805,-4.7212243,7.318443,True
2024-04-29 09:35:00,0.7399995,104,-4,2.300001,3.8846662,-6.171367,5.565166,True,2.4999998,6.8482127,-3.7725346,8.318279,True
2024-04-29 09:40:00,0.8500001,104,-5,2.8800008,5.2433105,-5.4692044,6.6910434,True,2.6100004,9.270012,-2.2412436,10.466368,True
2024-04-29 09:45:00,1.1499993,104,-5,3.5400007,6.4422812,-5.0396457,7.910135,True,2.84,11.197283,-1.2770809,12.376125,True
2024-04-29 09:50:00,1.179998,104,-4,3.01,7.0669303,-5.197125,8.70582,True,3.8600004,12.309776,-1.1202244,13.610912,True
2024-04-29 09:55:00,1.4199997,104,-4,3.2299993,7.651006,-5.259953,9.693504,True,4.0899997,13.167389,-1.05732,14.836281,True
2024-04-29 10:00:00,1.6099983,104,-5,3.9600008,7.960378,-5.2525067,10.223686,True,4.2399993,13.564953,-1.0220875,15.440651,True
2024-04-29 10:05:00,1.6900002,104,-5,5.0099998,8.302757,-5.1242747,10.712461,True,3.9799993,14.102245,-0.76367027,16.11227,True
2024-04-29 10:10:00,2.34,104,-4,5.5400004,8.83865,-4.717237,11.42033,True,2.6699998,14.511814,-0.47870478,16.705654,True
2024-04-29 10:15:00,2.09,104,-4,4.7599998,8.517717,-4.8718295,11.256252,True,2.18,14.127769,-0.6579898,16.482765,True
2024-04-29 10:20:00,2.1200006,104,-4,4.2000003,7.646747,-4.9984097,10.472979,True,1.9899994,12.541172,-1.2876953,15.041401,True
2024-04-29 10:25:00,2.2800004,104,-3,3.2499998,5.8740573,-5.0411754,8.455416,True,2.2700002,9.191355,-2.479851,11.581957,True
2024-04-29 10:30:00,2.390003,104,-2,2.9099996,4.613216,-5.3532968,7.3186088,True,1.7499996,6.75662,-3.7074587,9.3521385,True
2024-04-29 10:35:00,2.300001,104,-2,2.4999998,3.6899965,-5.893781,6.8546042,True,2.0699995,5.098499,-4.835603,8.198423,True
2024-04-29 10:40:00,2.8800008,104,-2,2.6100004,4.013572,-5.6522994,7.3858237,True,2.5300004,5.19054,-4.787869,8.516773,True
2024-04-29 10:45:00,3.5400007,104,-1,2.84,4.3858333,-5.7327123,8.384266,True,2.3700006,5.3050094,-5.085901,9.274588,True
2024-04-29 10:50:00,3.01,104,-1,3.8600004,3.754814,-6.2849584,7.885631,True,2.3199995,4.5860534,-5.714063,8.698475,True
2024-04-29 10:55:00,3.2299993,104,-1,4.0899997,4.2345347,-5.8752418,8.140341,True,2.3199995,5.2950454,-5.1363025,9.174824,True
2024-04-29 11:00:00,3.9600008,104,-1,4.2399993,5.403892,-4.767054,8.743486,True,2.4799993,6.853616,-3.7305558,10.1577015,True
2024-04-29 11:05:00,5.0099998,104,1,3.9799993,6.716705,-3.3115695,9.242506,True,2.7700002,8.396437,-2.0858824,10.898506,True
2024-04-29 11:10:00,5.5400004,104,2,2.6699998,7.7252727,-2.1430018,9.441534,True,3.1599996,9.822536,-0.5694564,11.522982,True
2024-04-29 11:15:00,4.7599998,104,1,2.18,7.242601,-2.3060744,8.417189,True,3.0400007,9.6124115,-0.48256144,10.781057,True
2024-04-29 11:20:00,4.2000003,104,1,1.9899994,7.0340476,-2.409321,7.843839,True,3.1300008,9.718134,-0.30521616,10.529087,True
2024-04-29 11:25:00,3.2499998,104,0,2.2700002,6.57756,-3.0174906,7.3203673,True,3.8099992,9.697149,-0.5370677,10.43432,True
2024-04-29 11:30:00,2.9099996,104,-1,1.7499996,6.4131503,-3.455475,7.437944,True,3.7100008,9.687464,-0.86951286,10.693556,True
2024-04-29 11:35:00,2.4999998,104,-2,2.0699995,6.315906,-3.9100182,7.5977244,True,3.5799997,9.86483,-1.1215461,11.1073265,True
2024-04-29 11:40:00,2.6100004,104,-2,2.5300004,6.79388,-3.8797438,8.234282,True,3.3199995,10.654963,-0.8710349,12.038229,True
2024-04-29 11:45:00,2.84,104,-2,2.3700006,7.356584,-3.605963,8.773685,True,3.2000005,11.494169,-0.38796648,12.849396,True
2024-04-29 11:50:00,3.8600004,104,0,2.3199995,8.127657,-2.6528304,9.28916,True,2.3999994,12.036568,0.382692,13.172848,True
2024-04-29 11:55:00,4.0899997,104,0,2.3199995,8.617861,-1.9479469,9.309425,True,2.430002,12.745605,1.3102661,13.445091,True
2024-04-29 12:00:00,4.2399993,104,0,2.4799993,8.7757,-1.7026504,9.405447,True,2.7700002,12.909168,1.5679566,13.56234,True
2024-04-29 12:05:00,3.9799993,104,1,2.7700002,8.4697,-2.1803954,9.521627,True,2.8299997,12.576141,1.0221573,13.634384,True
2024-04-29 12:10:00,2.6699998,104,-1,3.1599996,7.1181254,-3.6713793,8.758142,True,2.4099996,11.228338,-0.5025256,12.842102,True
2024-04-29 12:15:00,2.18,104,-2,3.0400007,6.4106174,-4.5231633,8.628656,True,2.6000001,10.350611,-1.5420841,12.525242,True
2024-04-29 12:20:00,1.9899994,104,-2,3.1300008,5.8637824,-4.837192,8.235523,True,2.6300008,9.508516,-2.0966265,11.85471,True
2024-04-29 12:25:00,2.2700002,104,-2,3.8099992,6.1258693,-4.668843,8.605555,True,3.3199995,9.754328,-1.9664367,12.215118,True
2024-04-29 12:30:00,1.7499996,104,-2,3.7100008,5.56517,-5.1568065,8.071136,True,4.2000003,9.175447,-2.4649107,11.667377,True
2024-04-29 12:35:00,2.0699995,104,-2,3.5799997,5.984615,-4.881104,8.506231,True,4.3399997,9.680454,-2.1403048,12.193932,True
2024-04-29 12:40:00,2.5300004,104,-1,3.3199995,6.405597,-4.516848,8.88002,True,5.2900004,10.066982,-1.8184761,12.546883,True
2024-04-29 12:45:00,2.3700006,104,-1,3.2000005,6.084108,-4.591908,8.482254,True,5.219999,9.617151,-1.982159,12.044611,True
2024-04-29 12:50:00,2.3199995,104,-2,2.3999994,5.750961,-4.6491923,8.063885,True,5.219999,9.050186,-2.2205641,11.422218,True
2024-04-29 12:55:00,2.3199995,104,-2,2.430002,5.380201,-4.744471,7.700523,True,4.569999,8.359095,-2.5719244,10.767694,True
2024-04-29 13:00:00,2.4799993,104,-2,2.7700002,5.209869,-4.7758784,7.53704,True,4.309997,7.899095,-2.8496783,10.338371,True
2024-04-29 13:05:00,2.7700002,104,-2,2.8299997,5.380529,-4.6454577,7.7154803,True,5.18,7.969209,-2.821337,10.43107,True
2024-04-29 13:10:00,3.1599996,104,-1,2.4099996,5.76971,-4.3490424,8.075569,True,5.389999,8.364634,-2.5370963,10.807993,True
2024-04-29 13:15:00,3.0400007,104,0,2.6000001,5.68625,-4.3562713,7.8663344,True,5.4600005,8.32366,-2.5026743,10.656467,True
2024-04-29 13:20:00,3.1300008,104,-1,2.6300008,5.783378,-4.176435,7.7617717,True,5.729999,8.440233,-2.3033412,10.594362,True
2024-04-29 13:25:00,3.8099992,104,0,3.3199995,6.67617,-3.379822,8.357622,True,6.0799994,9.535513,-1.3474888,11.407284,True
2024-04-29 13:30:00,3.7100008,104,0,4.2000003,6.540342,-3.3925326,8.072367,True,5.5500007,9.382872,-1.3662914,11.130743,True
2024-04-29 13:35:00,3.5799997,104,0,4.3399997,7.025745,-3.018471,8.123217,True,5.8299994,10.445837,-0.49996027,11.771534,True
2024-04-29 13:40:00,3.3199995,104,0,5.2900004,6.8973746,-3.164347,7.858825,True,6.19,10.447659,-0.52435905,11.656965,True
2024-04-29 13:45:00,3.2000005,104,-1,5.219999,6.834768,-3.0503123,7.5189643,True,6.649999,10.454491,-0.31756243,11.416113,True
2024-04-29 13:50:00,2.3999994,104,-1,5.219999,6.00069,-3.6768935,6.5167403,True,7.6599994,9.6102295,-0.91563827,10.425278,True
2024-04-29 13:55:00,2.430002,104,-1,4.569999,6.142204,-3.568455,6.55347,True,8.360001,9.863718,-0.7181533,10.591091,True
2024-04-29 14:00:00,2.7700002,104,0,4.309997,6.4583774,-3.204037,6.838472,True,8.59,10.173555,-0.37106165,10.899092,True
2024-04-29 14:05:00,2.8299997,104,0,5.18,6.779556,-2.9013693,6.9495444,True,8.640001,10.744368,0.16633002,11.286825,True
2024-04-29 14:10:00,2.4099996,104,0,5.389999,6.5616374,-3.361624,6.847528,True,8.4,10.720856,-0.14539178,11.382717,True
2024-04-29 14:15:00,2.6000001,104,0,5.4600005,7.1171374,-3.2260993,7.4118857,True,9.140001,11.614302,0.22159164,12.27956,True
2024-04-29 14:20:00,2.6300008,104,0,5.729999,7.086015,-3.223179,7.3662086,True,9.950001,11.552757,0.18396918,12.22455,True
2024-04-29 14:25:00,3.3199995,104,0,6.0799994,7.9403644,-2.5914767,8.194809,True,10.57,12.573143,0.88083047,13.234219,True
2024-04-29 14:30:00,4.2000003,104,1,5.5500007,8.914116,-1.9247249,9.327972,True,10.92,13.635555,1.5167557,14.4633255,True
2024-04-29 14:35:00,4.3399997,104,1,5.8299994,8.755665,-1.9706653,9.33824,True,10.870001,13.230305,1.2259327,14.247688,True
2024-04-29 14:40:00,5.2900004,104,2,6.19,9.768341,-1.0878776,10.433046,True,10.970001,14.291729,2.0864923,15.410667,True
2024-04-29 14:45:00,5.219999,104,2,6.649999,9.415247,-1.4599022,10.431612,True,11.07,13.697643,1.4826695,15.174339,True
2024-04-29 14:50:00,5.219999,104,3,7.6599994,9.046795,-1.9283546,10.58868,True,11.09,12.994015,0.6934659,14.999325,True
2024-04-29 14:55:00,4.569999,104,2,8.360001,8.162897,-2.728224,9.989162,True,9.979998,11.91589,-0.26267847,14.216049,True
2024-04-29 15:00:00,4.309997,104,1,8.59,7.728023,-3.1544058,9.765696,True,9.190001,11.328999,-0.81263,13.85461,True
2024-04-29 15:05:00,5.18,104,2,8.640001,8.522783,-1.9985069,10.377008,True,9.300001,12.060429,0.34016386,14.445568,True
2024-04-29 15:10:00,5.389999,104,2,8.4,8.805576,-1.4578365,10.458464,True,8.890001,12.42387,1.0012795,14.636135,True
2024-04-29 15:15:00,5.4600005,104,1,9.140001,9.169909,-1.0148491,10.517834,True,8.050001,13.069172,1.7341782,15.003201,True
2024-04-29 15:20:00,5.729999,104,2,9.950001,9.832006,-0.6058963,10.986256,True,7.649999,14.099346,2.441425,15.844719,True
2024-04-29 15:25:00,6.0799994,104,2,10.57,10.635853,-0.21115525,11.817749,True,6.61,15.323437,3.1246698,17.092,True
2024-04-29 15:30:00,5.5500007,104,2,10.92,10.606539,-0.32597765,11.6952915,True,5.86,15.778278,3.4372823,17.465744,True
2024-04-29 15:35:00,5.8299994,104,1,10.870001,11.184658,-0.11120446,12.327213,True,4.889999,16.627605,3.806711,18.356796,True
2024-04-29 15:40:00,6.19,104,2,10.970001,11.908876,0.17384498,13.167076,True,3.550001,17.678501,4.255876,19.50726,False
2024-04-29 15:45:00,6.649999,104,3,11.07,12.61372,0.30000845,14.106556,True,2.76,18.590454,4.3940673,20.623077,False
2024-04-29 15:50:00,7.6599994,104,4,11.09,13.712055,1.0671936,15.396992,True,1.1300007,19.716408,5.071735,21.940857,False
2024-04-29 15:55:00,8.360001,104,5,9.979998,14.228054,1.5197674,16.147114,True,-0.46999964,20.042206,5.31488,22.506054,False
2024-04-29 16:00:00,8.59,104,4,9.190001,14.214214,1.4441487,16.4192,True,-1.9699997,19.813198,5.070417,22.551022,False
2024-04-29 16:05:00,8.640001,104,3,9.300001,13.868031,0.91853875,16.32106,True,-3.57,19.124443,4.245998,22.087269,False
2024-04-29 16:10:00,8.4,104,3,8.890001,13.386902,0.029290838,16.29356,True,-3.4400008,18.430923,3.1127908,21.817005,False
2024-04-29 16:15:00,9.140001,104,3,8.050001,14.017303,-0.17660554,17.39935,True,-2.91,18.908234,2.6489637,22.734928,False
2024-04-29 16:20:00,9.950001,104,4,7.649999,14.726112,-0.40361056,18.461193,True,-3.2999995,19.465004,2.1860502,23.606499,False
2024-04-29 16:25:00,10.57,104,4,6.61,15.169983,0.24329345,19.012222,True,-3.9299996,19.729858,2.7205007,23.998287,False
2024-04-29 16:30:00,10.92,104,5,5.86,15.492287,-0.07818635,19.67266,True,-2.7099993,19.981438,2.284845,24.56142,False
2024-04-29 16:35:00,10.870001,104,5,4.889999,15.605801,0.50663155,19.547218,True,3.839998,20.252155,3.019966,24.604767,True
2024-04-29 16:40:00,10.970001,104,4,3.550001,15.864422,0.8861634,19.820412,True,7.229999,20.632278,3.4922998,24.999596,True
2024-04-29 16:45:00,11.07,104,4,2.76,15.993645,1.2433373,19.952744,True,6.9899993,20.799923,3.8945596,25.174683,True
2024-04-29 16:50:00,11.09,104,5,1.1300007,16.01403,1.5956188,19.959427,False,7.229999,20.829945,4.294025,25.195545,True
2024-04-29 16:55:00,9.979998,104,4,-0.46999964,14.970425,0.77498025,18.981785,False,6.8299994,19.892872,3.5857656,24.309326,True
2024-04-29 17:00:00,9.190001,104,3,-1.9699997,14.152458,0.18034904,18.219921,False,6.3700004,19.093956,3.0433824,23.554886,True
2024-04-29 17:05:00,9.300001,104,3,-3.57,14.347717,0.24707954,18.436386,False,6.4500003,19.365654,3.1545408,23.83567,True
2024-04-29 17:10:00,8.890001,104,4,-3.4400008,14.114445,0.13602416,18.186249,False,7.1,19.31754,3.2112367,23.755127,True
2024-04-29 17:15:00,8.050001,104,3,-2.91,13.558769,-0.15612634,17.538212,False,7.4999995,19.073845,3.2098825,23.410091,True
2024-04-29 17:20:00,7.649999,104,3,-3.2999995,13.391411,-0.20185883,17.27081,False,7.3700004,19.148151,3.3918836,23.381958,True
2024-04-29 17:25:00,6.61,104,3,-3.9299996,12.5695,-0.72922736,16.343086,False,8.23,18.600746,3.171541,22.724491,True
2024-04-29 17:30:00,5.86,104,3,-2.7099993,11.816742,-1.1402324,15.6057625,False,6.969997,17.903782,2.9095323,22.045132,True
2024-04-29 17:35:00,4.889999,104,3,3.839998,10.760601,-1.8097118,14.52496,True,5.7100005,16.842525,2.3501794,20.966778,True
2024-04-29 17:40:00,3.550001,104,2,7.229999,9.323614,-3.0199492,13.017342,True,4.309997,15.399136,1.2388836,19.447971,True
2024-04-29 17:45:00,2.76,104,2,6.9899993,8.575726,-3.7182086,12.294342,True,6.979999,14.725639,0.6560094,18.777641,True
2024-04-29 17:50:00,1.1300007,104,2,7.229999,6.8724055,-5.7490554,10.848822,True,8.58,12.995838,-1.4124073,17.259602,True
2024-04-29 17:55:00,-0.46999964,104,1,6.8299994,5.1909003,-7.623341,9.398609,True,9.210001,11.278721,-3.3074706,15.736317,True
2024-04-29 18:00:00,-1.9699997,104,0,6.3700004,3.5098493,-9.392522,7.973375,True,10.300001,9.447769,-5.188873,14.137405,True
2024-04-29 18:05:00,-3.57,104,0,6.4500003,1.7559239,-11.015586,6.400583,False,10.210001,7.575891,-6.842137,12.4372635,True
2024-04-29 18:10:00,-3.4400008,104,1,7.1,1.9967648,-10.942599,6.7622237,False,10.470001,7.9064517,-6.750833,12.866398,True
2024-04-29 18:15:00,-2.91,104,2,7.4999995,2.7277887,-10.423969,7.6413856,True,9.710001,8.799345,-6.171389,13.873928,True
2024-04-29 18:20:00,-3.2999995,104,2,7.3700004,2.4144685,-10.47605,7.465635,True,9.960001,8.545006,-6.156218,13.757042,True
2024-04-29 18:25:00,-3.9299996,104,2,8.23,1.6029946,-11.05436,6.800775,False,10.59,7.567119,-6.798019,12.926872,True
2024-04-29 18:30:00,-2.7099993,104,4,6.969997,2.7494905,-10.293383,8.148203,True,10.4,8.603682,-6.1970468,14.134415,True
2024-04-29 18:35:00,3.839998,104,12,5.7100005,9.752331,-4.885735,15.304607,True,11.43,15.757313,-1.0267795,21.367485,True
2024-04-29 18:40:00,7.229999,104,17,4.309997,13.210514,-3.247862,19.071754,True,11.550001,19.032066,0.23994224,24.87938,True
2024-04-29 18:45:00,6.9899993,104,16,6.979999,12.756119,-3.6305163,18.85714,True,11.050001,18.386818,-0.26669535,24.472466,True
2024-04-29 18:50:00,7.229999,104,17,8.58,12.925316,-3.7203162,19.212227,True,10.300001,18.460197,-0.43535647,24.710407,True
2024-04-29 18:55:00,6.8299994,104,16,9.210001,12.49276,-3.610573,18.785671,True,10.839998,18.026161,-0.26547846,24.291157,True
2024-04-29 19:00:00,6.3700004,104,16,10.300001,12.030924,-3.5292609,18.320114,True,10.940001,17.577835,-0.10570176,23.845795,True
2024-04-29 19:05:00,6.4500003,104,15,10.210001,12.113014,-2.9323466,18.321705,True,10.719999,17.65488,0.5430257,23.859356,True
2024-04-29 19:10:00,7.1,104,16,10.470001,12.777664,-2.4177706,19.020184,True,10.9,18.290257,1.0280911,24.51213,True
2024-04-29 19:15:00,7.4999995,104,16,9.710001,13.141308,-2.0340369,19.371857,True,11.67,18.617805,1.4059006,24.81923,True
2024-04-29 19:20:00,7.3700004,104,15,9.960001,12.900051,-2.5030348,19.16705,True,10.77,18.287357,0.8810498,24.495663,True
2024-04-29 19:25:00,8.23,104,15,10.59,13.824158,-2.2131884,20.11647,True,10.52,19.194778,1.0957218,25.395851,True
2024-04-29 19:30:00,6.969997,104,15,10.4,12.523472,-3.2558234,18.840176,True,10.409998,17.931183,0.13346069,24.13966,True
2024-04-29 19:35:00,5.7100005,104,13,11.43,11.234272,-4.1883426,17.55714,True,9.890001,16.682842,-0.7034667,22.884129,True
2024-04-29 19:40:00,4.309997,104,11,11.550001,9.81905,-5.1191106,16.12091,True,9.509998,15.318497,-1.517548,21.49641,True
2024-04-29 19:45:00,6.979999,104,13,11.050001,12.737389,-2.8795207,19.028076,True,8.210001,18.282646,0.6408116,24.426556,True
2024-04-29 19:50:00,8.58,104,15,10.300001,14.36375,-1.051083,20.58194,True,7.5899997,19.831463,2.4164045,25.921875,True
2024-04-29 19:55:00,9.210001,104,14,10.839998,15.00737,-0.8139823,21.258244,True,7.7399993,20.438953,2.5998342,26.536495,True
2024-04-29 20:00:00,10.300001,104,16,10.940001,16.170895,-0.38599238,22.42389,True,7.5099998,21.567719,2.9385526,27.636543,True
2024-04-29 20:05:00,10.210001,104,15,10.719999,16.103218,-0.66233474,22.400467,True,6.8700004,21.506744,2.6654794,27.594051,True
2024-04-29 20:10:00,10.470001,104,16,10.9,16.341393,-0.6996158,22.703224,True,6.5799994,21.679623,2.5670583,27.813873,True
2024-04-29 20:15:00,9.710001,104,15,11.67,15.603802,-1.2057041,22.003452,True,6.969997,20.999157,2.1336458,27.156609,True
2024-04-29 20:20:00,9.960001,104,15,10.77,15.8996315,-1.1439251,22.303566,True,7.5099998,21.297272,2.1854188,27.440956,True
2024-04-29 20:25:00,10.59,104,16,10.52,16.545673,-0.8329509,22.97562,True,6.6200004,21.887447,2.4367483,28.041817,True
2024-04-29 20:30:00,10.4,104,15,10.409998,16.270596,-1.129269,22.746693,True,5.28,21.534344,2.096275,27.72136,True
2024-04-29 20:35:00,11.43,104,16,9.890001,17.235195,-0.5624679,23.772186,True,5.28,22.33508,2.520954,28.578903,True
2024-04-29 20:40:00,11.550001,104,16,9.509998,17.274635,-0.5731128,23.882328,True,5.639997,22.26936,2.4413927,28.577595,True
2024-04-29 20:45:00,11.050001,104,15,8.210001,16.679783,-0.97460586,23.361195,True,4.7900004,21.606472,2.0188024,27.977657,True
2024-04-29 20:50:00,10.300001,104,14,7.5899997,15.878292,-1.6598018,22.624523,True,4.5400004,20.790993,1.3474194,27.210297,True
2024-04-29 20:55:00,10.839998,104,14,7.7399993,16.319439,-1.3369068,23.089928,True,2.1599996,21.094326,1.5722595,27.534985,True
2024-04-29 21:00:00,10.940001,104,14,7.5099998,16.332413,-1.1899303,23.088913,True,0.13000076,21.020546,1.6762997,27.444069,False
2024-04-29 21:05:00,10.719999,104,14,6.8700004,16.063446,-1.330479,22.830769,True,-0.28999934,20.71487,1.5305287,27.139603,False
2024-04-29 21:10:00,10.9,104,14,6.5799994,16.209698,-1.2204784,22.975933,True,0.040000603,20.807892,1.6094528,27.222878,False
2024-04-29 21:15:00,11.67,104,14,6.969997,16.917645,-0.9951251,23.73927,True,0.7200009,21.38795,1.7292916,27.845917,False
2024-04-29 21:20:00,10.77,104,14,7.5099998,15.971771,-1.7758659,22.834797,True,0.77000016,20.450176,0.9814145,26.9306,False
2024-04-29 21:25:00,10.52,104,13,6.6200004,15.686752,-2.4676993,22.597763,True,1.0799996,20.127281,0.2571465,26.632252,True
2024-04-29 21:30:00,10.409998,104,13,5.28,15.498642,-2.3401167,22.374577,True,0.94000024,19.875008,0.36921468,26.344547,True
2024-04-29 21:35:00,9.890001,104,13,5.28,14.942604,-3.396372,21.867603,True,0.7900006,19.289913,-0.7148002,25.779686,True
2024-04-29 21:40:00,9.509998,104,13,5.639997,14.607231,-3.4451087,21.523613,True,0.20000236,19.001423,-0.70983726,25.474545,True
2024-04-29 21:45:00,8.210001,104,12,4.7900004,13.286434,-4.4901195,20.209923,True,0.4700009,17.731903,-1.6822456,24.193779,True
2024-04-29 21:50:00,7.5899997,104,11,4.5400004,12.585064,-4.74521,19.460308,True,1.1699997,17.001106,-1.9141964,23.411152,True
2024-04-29 21:55:00,7.7399993,104,11,2.1599996,12.7031555,-4.41336,19.52806,True,3.2499998,17.092735,-1.5732483,23.4497,True
2024-04-29 22:00:00,7.5099998,104,11,0.13000076,12.389244,-3.9307377,19.0993,True,6.219999,16.744152,-1.0514034,22.996674,True
2024-04-29 22:05:00,6.8700004,104,11,-0.28999934,11.488989,-4.755111,18.190712,True,7.4199996,15.638592,-1.9979538,21.876331,True
2024-04-29 22:10:00,6.5799994,104,10,0.040000603,11.091457,-4.6487174,17.781883,True,6.5500007,15.155834,-1.9148735,21.387592,True
2024-04-29 22:15:00,6.969997,104,10,0.7200009,11.395945,-4.1118264,18.05251,True,7.069999,15.352253,-1.4421314,21.556728,True
2024-04-29 22:20:00,7.5099998,104,10,0.77000016,11.829609,-3.626572,18.45705,True,9.01,15.656395,-1.0478119,21.832684,True
2024-04-29 22:25:00,6.6200004,104,10,1.0799996,10.827694,-4.616017,17.487415,True,12.75,14.57048,-2.0817988,20.76727,True
2024-04-29 22:30:00,5.28,104,9,0.94000024,9.541771,-5.762279,16.20966,True,13.84,13.363617,-3.1471026,19.552547,True
2024-04-29 22:35:00,5.28,104,7,0.7900006,9.510479,-5.4203563,15.996094,True,14.720001,13.295963,-2.8035643,19.307262,True
2024-04-29 22:40:00,5.639997,104,7,0.20000236,9.972868,-5.4612346,16.376282,True,15.049999,13.82756,-2.8179343,19.732811,True
2024-04-29 22:45:00,4.7900004,104,6,0.4700009,9.322422,-6.445514,15.65472,True,15.150002,13.379887,-3.6565287,19.180866,True
2024-04-29 22:50:00,4.5400004,104,5,1.1699997,9.354811,-6.101606,15.466068,True,15.73,13.674999,-3.0944464,19.243404,True
2024-04-29 22:55:00,2.1599996,104,5,3.2499998,7.1821513,-7.5350814,13.149719,True,16.64,11.78837,-4.2169404,17.200539,True
2024-04-29 23:00:00,0.13000076,104,2,6.219999,5.3896804,-8.171995,11.095865,True,16.330002,10.296171,-4.4778113,15.460884,False
2024-04-29 23:05:00,-0.28999934,104,1,7.4199996,4.892587,-8.161511,10.412577,True,17.470001,9.74682,-4.4324203,14.738743,False
2024-04-29 23:10:00,0.040000603,104,0,6.5500007,5.1998763,-7.7242074,10.539976,True,16.470001,10.028204,-3.9858687,14.841957,False
2024-04-29 23:15:00,0.7200009,104,1,7.069999,5.8823733,-7.1228976,11.104231,True,16.09,10.684151,-3.4145625,15.374256,False
2024-04-29 23:20:00,0.77000016,104,0,9.01,6.0651717,-6.998261,11.220688,True,15.200001,10.98102,-3.1916163,15.593342,True
2024-04-29 23:25:00,1.0799996,104,0,12.75,6.780174,-6.1591086,11.730196,False,15.189999,12.042971,-2.0421526,16.450169,True
2024-04-29 23:30:00,0.94000024,104,0,13.84,6.6616454,-6.4460483,11.565943,False,14.600002,11.943983,-2.3115122,16.288544,True
2024-04-29 23:35:00,0.7900006,104,0,14.720001,6.6240497,-6.7146287,11.391678,False,14.189999,11.997759,-2.508671,16.1889,True
2024-04-29 23:40:00,0.20000236,104,-1,15.049999,6.007156,-7.6647553,10.794029,False,13.439999,11.365282,-3.4852126,15.547077,True
2024-04-29 23:45:00,0.4700009,104,-2,15.150002,6.20581,-7.8045125,11.00395,False,11.300001,11.46649,-3.7467835,15.641422,True
2024-04-29 23:50:00,1.1699997,104,-2,15.73,6.8391376,-7.8774104,11.729141,False,12.090002,11.985439,-3.9992468,16.224339,True
2024-04-29 23:55:00,3.2499998,104,0,16.64,8.941683,-6.6660466,13.77314,False,12.190001,14.000397,-2.9553244,18.164494,True
2024-04-30 00:00:00,6.219999,104,3,16.330002,11.740221,-4.9308715,16.56472,True,11.360001,16.481285,-1.5777096,20.642426,True
2024-04-30 00:05:00,7.4199996,104,5,17.470001,12.636093,-4.536285,17.474148,True,11.1,17.046394,-1.459082,21.227531,True
2024-04-30 00:10:00,6.5500007,104,4,16.470001,11.56205,-5.706343,16.49596,True,9.450001,15.824001,-2.72448,20.092377,True
2024-04-30 00:15:00,7.069999,104,4,16.09,11.75289,-5.5913568,16.777882,True,7.68,15.693211,-2.8396246,20.07021,True
2024-04-30 00:20:00,9.01,104,6,15.200001,13.343159,-4.325746,18.40765,True,8.030001,16.888008,-1.872023,21.333916,True
2024-04-30 00:25:00,12.75,104,11,15.189999,16.586594,-2.661648,21.773144,True,8.139999,19.531765,-0.67092353,24.136295,True
2024-04-30 00:30:00,13.84,104,11,14.600002,17.437977,-1.2844146,22.698132,True,8.300001,20.144753,0.5613801,24.850872,True
2024-04-30 00:35:00,14.720001,104,12,14.189999,18.036564,-0.8723853,23.368446,True,7.85,20.47974,0.80501527,25.272057,True
2024-04-30 00:40:00,15.049999,104,13,13.439999,18.308601,-0.09982331,23.609325,True,7.3299994,20.698795,1.5566097,25.46846,True
2024-04-30 00:45:00,15.150002,104,13,11.300001,18.273346,0.19397323,23.542294,True,6.69,20.558254,1.7975289,25.301361,True
2024-04-30 00:50:00,15.73,104,13,12.090002,18.953823,0.754131,24.184818,True,6.86,21.299625,2.3982446,26.004875,True
2024-04-30 00:55:00,16.64,104,14,12.190001,19.750248,1.6788613,24.883648,True,6.979999,21.97591,3.249767,26.595322,True
2024-04-30 01:00:00,16.330002,104,12,11.360001,19.558533,1.6712319,24.570644,True,7.7000003,21.887909,3.3184984,26.382713,True
2024-04-30 01:05:00,17.470001,104,13,11.1,20.598186,2.3624437,25.487854,True,7.5899997,22.79955,3.9243371,27.178719,True
2024-04-30 01:10:00,16.470001,104,14,9.450001,19.702534,1.7177902,24.451492,True,10.550001,22.023506,3.3734472,26.252266,True
2024-04-30 01:15:00,16.09,104,11,7.68,18.920025,1.3972031,23.532455,True,8.34,20.94434,2.8832433,25.04477,True
2024-04-30 01:20:00,15.200001,104,11,8.030001,17.955833,1.0573612,22.37986,True,8.130001,19.954983,2.5492227,23.867191,True
2024-04-30 01:25:00,15.189999,104,11,8.139999,17.830925,1.1558987,22.078491,True,7.7399993,19.740273,2.5985086,23.479992,True
2024-04-30 01:30:00,14.600002,104,11,8.300001,17.50769,1.3916126,21.555328,True,7.5400004,19.656609,3.0089262,23.190918,True
2024-04-30 01:35:00,14.189999,104,11,7.85,17.425114,1.8074833,21.194286,True,7.3000007,19.854683,3.6358125,23.10474,True
2024-04-30 01:40:00,13.439999,104,10,7.3299994,16.867626,1.6558033,20.326035,True,7.649999,19.485222,3.6415021,22.422596,True
2024-04-30 01:45:00,11.300001,104,9,6.69,14.762966,-0.07975419,17.990524,True,7.6300025,17.483185,2.0235708,20.175243,True
2024-04-30 01:50:00,12.090002,104,8,6.86,15.311687,0.5412709,18.436668,True,7.43,17.80598,2.4857614,20.408875,True
2024-04-30 01:55:00,12.190001,104,10,6.979999,15.517815,0.7296483,18.514957,True,7.2599998,18.091915,2.7364366,20.562878,True
2024-04-30 02:00:00,11.360001,104,9,7.7000003,14.847675,0.34308782,17.725834,True,7.0400004,17.581371,2.4841707,19.928421,True
2024-04-30 02:05:00,11.1,104,8,7.5899997,14.636543,0.23454635,17.411816,True,6.4500003,17.421783,2.420963,19.669369,True
2024-04-30 02:10:00,9.450001,104,8,10.550001,14.123016,-0.7580283,16.804947,True,6.2100005,17.88269,2.1440084,19.997604,True
2024-04-30 02:15:00,7.68,104,6,8.34,12.446621,-2.0437758,15.067097,True,6.3299994,16.359943,1.0259529,18.392773,True
2024-04-30 02:20:00,8.030001,104,5,8.130001,13.125996,-1.7675041,15.728558,True,6.68,17.284588,1.4663712,19.29028,True
2024-04-30 02:25:00,8.139999,104,5,7.7399993,13.084938,-1.7318596,15.652416,True,6.8299994,17.119362,1.4182965,19.094494,True
2024-04-30 02:30:00,8.300001,104,6,7.5400004,13.127911,-1.6177276,15.637009,True,7.0899997,17.062073,1.4659344,18.985352,True
2024-04-30 02:35:00,7.85,104,6,7.3000007,12.442314,-2.0573065,14.917202,True,7.61,16.20935,0.92481965,18.101238,True
2024-04-30 02:40:00,7.3299994,104,5,7.649999,11.933552,-2.4626868,14.389793,True,6.0500007,15.731747,0.5582749,17.601757,True
2024-04-30 02:45:00,6.69,104,4,7.6300025,11.095062,-2.9591448,13.53352,True,5.28,14.757439,-0.012131052,16.614826,True
2024-04-30 02:50:00,6.86,104,4,7.43,11.027044,-2.704901,13.426632,True,3.9799993,14.487503,0.10652129,16.322708,True
2024-04-30 02:55:00,6.979999,104,4,7.2599998,10.849169,-2.6793654,13.231861,True,3.7299993,14.058926,-0.043163612,15.890312,True
2024-04-30 03:00:00,7.7000003,104,6,7.0400004,11.49131,-2.177416,13.842117,True,3.9999998,14.611309,0.38365903,16.420174,True
2024-04-30 03:05:00,7.5899997,104,5,6.4500003,11.125397,-2.3684103,13.472645,True,3.9799993,14.037758,0.049318,15.851337,True
2024-04-30 03:10:00,10.550001,104,11,6.2100005,13.717396,-0.30388293,16.031734,True,3.470001,16.232883,1.7792469,18.042572,True
2024-04-30 03:15:00,8.34,104,10,6.3299994,11.607454,-1.826878,13.875835,True,3.2499998,14.278503,0.41267744,16.0308,True
2024-04-30 03:20:00,8.130001,104,8,6.68,11.353771,-1.8916343,13.554367,True,3.300001,13.996124,0.33843008,15.685932,True
2024-04-30 03:25:00,7.7399993,104,7,6.8299994,10.886137,-2.1305583,13.024845,True,3.2800004,13.47541,0.0731446,15.108093,True
2024-04-30 03:30:00,7.5400004,104,7,7.0899997,10.911427,-2.1032126,12.948715,True,3.4099977,13.697201,0.2545201,15.226868,True
2024-04-30 03:35:00,7.3000007,104,6,7.61,10.907583,-2.173258,12.859352,True,4.11,13.900059,0.34372678,15.345398,True
2024-04-30 03:40:00,7.649999,104,7,6.0500007,10.5466385,-2.1069548,12.533333,True,3.9199998,12.935818,-0.031233149,14.4351845,True
2024-04-30 03:45:00,7.6300025,104,8,5.28,10.297449,-2.1085856,12.231009,True,3.8199995,12.496082,-0.16737206,13.953091,True
2024-04-30 03:50:00,7.43,104,7,3.9799993,9.847551,-2.277531,11.736357,True,3.550001,11.841246,-0.48183665,13.263477,True
2024-04-30 03:55:00,7.2599998,104,7,3.7299993,9.641535,-2.2836668,11.433941,True,3.6000001,11.613888,-0.49982867,12.949429,True
2024-04-30 04:00:00,7.0400004,104,7,3.9999998,9.2456455,-2.512253,11.0024185,True,3.59,11.073601,-0.82915336,12.376434,True
2024-04-30 04:05:00,6.4500003,104,7,3.9799993,8.620811,-2.958399,10.317026,True,3.5200002,10.434633,-1.2773117,11.679144,True
2024-04-30 04:10:00,6.2100005,104,6,3.470001,8.3610115,-3.0184176,9.9624,True,3.5300004,10.166298,-1.3378776,11.320953,True
2024-04-30 04:15:00,6.3299994,104,6,3.2499998,8.428183,-2.8176672,9.923529,True,3.3800008,10.189768,-1.1721138,11.249628,True
2024-04-30 04:20:00,6.68,104,7,3.300001,8.715923,-2.4792407,10.111158,True,3.3699987,10.420811,-0.87870437,11.387793,True
2024-04-30 04:25:00,6.8299994,104,6,3.2800004,8.857958,-2.2934878,10.145157,True,3.7100008,10.556889,-0.6942962,11.417248,True
2024-04-30 04:30:00,7.0899997,104,6,3.4099977,9.124887,-2.0542262,10.308693,True,5.059999,10.829748,-0.45144305,11.591606,True
2024-04-30 04:35:00,7.61,104,7,4.11,9.664637,-1.5886081,10.750519,True,5.69,11.381617,0.019958181,12.051586,True
2024-04-30 04:40:00,6.0500007,104,6,3.9199998,8.568359,-2.5588782,9.503,True,6.0500007,10.719885,-0.60160094,11.231379,True
2024-04-30 04:45:00,5.28,104,4,3.8199995,8.078661,-3.0295107,8.916393,True,6.399999,10.49107,-0.85513526,10.896858,True
2024-04-30 04:50:00,3.9799993,104,3,3.550001,7.184139,-3.8588212,7.908359,True,6.1699996,9.9777355,-1.3629421,10.259928,True
2024-04-30 04:55:00,3.7299993,104,0,3.6000001,6.7670817,-4.0835233,7.441253,True,6.1,9.425554,-1.6896385,9.664795,True
2024-04-30 05:00:00,3.9999998,104,0,3.59,6.8904567,-3.8827336,7.4943175,True,6.1599994,9.420965,-1.596001,9.603025,True
2024-04-30 05:05:00,3.9799993,104,-1,3.5200002,6.7880664,-3.8834374,7.324878,True,5.9999995,9.251471,-1.6458362,9.370192,True
2024-04-30 05:10:00,3.470001,104,-1,3.5300004,6.2072825,-4.3359494,6.7008967,True,6.1200004,8.624613,-2.128712,8.702812,True
2024-04-30 05:15:00,3.2499998,104,-3,3.3800008,5.9066787,-4.5072684,6.359222,True,6.2900004,8.262909,-2.3466246,8.305498,True
2024-04-30 05:20:00,3.300001,104,-3,3.3699987,5.856193,-4.4830613,6.286575,True,5.6699996,8.128229,-2.3911974,8.155596,True
2024-04-30 05:25:00,3.2800004,104,-3,3.7100008,5.7372794,-4.5498776,6.170585,True,5.2000003,7.9286284,-2.524668,7.964956,True
2024-04-30 05:30:00,3.4099977,104,-4,5.059999,5.8097453,-4.4503465,6.2334495,True,4.9999995,7.953605,-2.4661906,7.9862533,True
2024-04-30 05:35:00,4.11,104,-3,5.69,6.65982,-3.8020117,7.032665,True,4.729999,8.928305,-1.7281688,8.913807,True
2024-04-30 05:40:00,3.9199998,104,-3,6.0500007,6.5727725,-3.9326613,6.9340644,True,4.639999,8.940605,-1.7790416,8.911184,True
2024-04-30 05:45:00,3.8199995,104,-4,6.399999,6.8289943,-3.8864872,7.142362,True,4.61,9.51409,-1.4888462,9.433752,True
2024-04-30 05:50:00,3.550001,104,-4,6.1699996,6.9609103,-3.9830382,7.2559733,True,4.69,10.002708,-1.3082622,9.894426,True
2024-04-30 05:55:00,3.6000001,104,-4,6.1,7.499492,-3.724375,7.7534347,True,4.77,10.95833,-0.7313445,10.79904,True
2024-04-30 06:00:00,3.59,104,-5,6.1599994,7.590486,-3.690966,7.844257,True,5.3399997,11.138718,-0.638264,10.980442,True
2024-04-30 06:05:00,3.5200002,104,-5,5.9999995,7.6477065,-3.5433943,7.8636165,True,5.4899993,11.31044,-0.39777598,11.121325,True
2024-04-30 06:10:00,3.5300004,104,-5,6.1200004,7.3805156,-3.5595515,7.5677886,True,6.03,10.815506,-0.58987266,10.611038,True
2024-04-30 06:15:00,3.3800008,104,-5,6.2900004,6.9964557,-3.6225836,7.1401134,True,6.819999,10.241835,-0.7918399,10.005419,True
2024-04-30 06:20:00,3.3699987,104,-6,5.6699996,6.8015285,-3.6731951,6.9335265,True,7.969999,9.894886,-0.9639972,9.656338,True
2024-04-30 06:25:00,3.7100008,104,-5,5.2000003,6.9510913,-3.4431975,7.054857,True,7.389999,9.880075,-0.8692649,9.625845,True
2024-04-30 06:30:00,5.059999,104,-4,4.9999995,7.933973,-2.6732523,8.125574,True,7.069999,10.526766,-0.38967928,10.375986,True
2024-04-30 06:35:00,5.69,104,-2,4.729999,8.246775,-2.2308028,8.477011,True,6.93,10.563042,-0.16544564,10.465464,True
2024-04-30 06:40:00,6.0500007,104,-2,4.639999,8.451221,-2.044203,8.7096615,True,6.969997,10.634205,-0.08927758,10.577072,True
2024-04-30 06:45:00,6.399999,104,-2,4.61,8.655502,-1.8337387,8.945488,True,7.02,10.71451,0.02385871,10.696531,True
2024-04-30 06:50:00,6.1699996,104,-2,4.69,8.471485,-1.9940532,8.753485,True,7.9600005,10.58032,-0.09811433,10.556997,True
2024-04-30 06:55:00,6.1,104,-2,4.77,8.58012,-1.9459327,8.823879,True,8.130001,10.850351,0.07189147,10.790504,True
2024-04-30 07:00:00,6.1599994,104,-3,5.3399997,8.7302265,-1.8329586,8.9717045,True,8.440001,11.081783,0.24383704,11.023247,True
2024-04-30 07:05:00,5.9999995,104,-2,5.4899993,8.876852,-1.4832348,9.014078,True,8.16,11.49275,0.80723923,11.337645,True
2024-04-30 07:10:00,6.1200004,104,-2,6.03,9.332602,-1.0749115,9.389248,True,8.5,12.230852,1.4410816,11.999683,True
2024-04-30 07:15:00,6.2900004,104,-2,6.819999,9.940208,-0.58677703,9.926889,True,8.59,13.199589,2.2142274,12.908512,True
2024-04-30 07:20:00,5.6699996,104,-2,7.969999,9.95373,-0.80838424,9.898375,True,8.540001,13.750645,2.4380186,13.411434,True
2024-04-30 07:25:00,5.2000003,104,-3,7.389999,9.697376,-1.1134819,9.60618,True,8.82,13.684387,2.2919405,13.309216,True
2024-04-30 07:30:00,4.9999995,104,-4,7.069999,9.431417,-1.3395008,9.372789,True,8.66,13.374523,2.0391805,13.02998,True
2024-04-30 07:35:00,4.729999,104,-4,6.93,9.2015915,-1.5792469,9.159544,True,8.6,13.189476,1.8336216,12.860466,True
2024-04-30 07:40:00,4.639999,104,-4,6.969997,9.263327,-1.6245064,9.255957,True,8.780001,13.380394,1.8823124,13.084671,True
2024-04-30 07:45:00,4.61,104,-4,7.02,8.749252,-1.829924,8.80089,True,8.530003,12.483337,1.365934,12.258585,True
2024-04-30 07:50:00,4.69,104,-4,7.9600005,8.648502,-1.8985599,8.7751045,True,8.48,12.235466,1.1680065,12.091078,True
2024-04-30 07:55:00,4.77,104,-4,8.130001,8.542282,-1.9719394,8.743399,True,8.790001,11.980049,0.96017045,11.916401,True
2024-04-30 08:00:00,5.3399997,104,-3,8.440001,8.352812,-1.8396763,8.649019,True,8.380001,11.148781,0.5652539,11.203737,True
2024-04-30 08:05:00,5.4899993,104,-3,8.16,8.138405,-1.8307232,8.466553,True,8.26,10.628454,0.32513395,10.731297,True
2024-04-30 08:10:00,6.03,104,-2,8.5,8.703005,-1.294619,8.956642,True,8.42,11.208773,0.8610341,11.250517,True
2024-04-30 08:15:00,6.819999,104,-1,8.59,9.4885845,-0.5687354,9.671879,True,8.01,11.981415,1.5627838,11.966448,True
2024-04-30 08:20:00,7.969999,104,1,8.540001,10.930735,0.5553872,10.999205,True,7.6700015,13.648056,2.8404024,13.531414,True
2024-04-30 08:25:00,7.389999,104,0,8.82,10.729395,0.30216566,10.730366,True,7.899999,13.777676,2.8451326,13.592857,True
2024-04-30 08:30:00,7.069999,104,0,8.66,10.377035,0.13279311,10.325102,True,7.93,13.411011,2.663675,13.182354,True
2024-04-30 08:35:00,6.93,104,-1,8.6,10.5109005,0.19224136,10.421528,True,8.120001,13.779419,2.9011514,13.51815,True
2024-04-30 08:40:00,6.969997,104,-1,8.780001,10.847479,0.33221593,10.781431,True,8.49,14.362259,3.2193925,14.126797,True
2024-04-30 08:45:00,7.02,104,-1,8.530003,11.100935,0.596481,11.045471,True,8.540001,14.779217,3.6089857,14.566715,True
2024-04-30 08:50:00,7.9600005,104,0,8.48,12.457264,1.4484535,12.4446335,True,8.390001,16.429474,4.6466765,16.269863,True
2024-04-30 08:55:00,8.130001,104,1,8.790001,12.912842,1.7390019,12.908768,True,8.110001,17.096645,5.0851607,16.956543,True
2024-04-30 09:00:00,8.440001,104,1,8.380001,13.28381,2.048494,13.229408,True,7.94,17.499268,5.4039016,17.322414,True
2024-04-30 09:05:00,8.16,104,2,8.26,13.200253,1.8343579,13.106102,True,7.4600005,17.580685,5.302303,17.364979,True
2024-04-30 09:10:00,8.5,104,2,8.42,13.339607,1.8735787,13.275883,True,6.9600005,17.558002,5.185392,17.374947,True
2024-04-30 09:15:00,8.59,104,3,8.01,13.043053,1.8131005,13.053459,True,6.219999,16.966728,4.8983283,16.864727,True
2024-04-30 09:20:00,8.540001,104,2,7.6700015,12.640591,1.629871,12.748711,True,6.1200004,16.296211,4.508823,16.297638,True
2024-04-30 09:25:00,8.82,104,2,7.899999,12.761246,1.8026234,12.94994,True,6.4099994,16.285526,4.5739474,16.377213,True
2024-04-30 09:30:00,8.66,104,2,7.93,12.49942,1.6073033,12.763134,True,6.8399997,15.952221,4.32077,16.12193,True
2024-04-30 09:35:00,8.6,104,1,8.120001,12.192755,1.4301811,12.505444,True,6.639999,15.453857,3.989845,15.679241,True
2024-04-30 09:40:00,8.780001,104,1,8.49,12.190811,1.4554478,12.588535,True,6.4099994,15.305866,3.888706,15.623096,True
2024-04-30 09:45:00,8.530003,104,2,8.540001,11.869148,1.2587887,12.41663,True,6.36,14.939499,3.6544874,15.410099,True
2024-04-30 09:50:00,8.48,104,1,8.390001,11.93243,1.2094246,12.589832,True,6.3000026,15.093899,3.6691473,15.674576,True
2024-04-30 09:55:00,8.790001,104,1,8.110001,12.101631,1.2963291,12.9230995,True,5.9499984,15.140488,3.649021,15.889568,True
2024-04-30 10:00:00,8.380001,104,2,7.94,11.978888,1.0147702,12.947971,True,6.0099998,15.26265,3.5512006,16.151611,True
2024-04-30 10:05:00,8.26,104,1,7.4600005,11.654587,1.0333077,12.646866,True,6.3000026,14.77586,3.464916,15.702824,True
2024-04-30 10:10:00,8.42,104,1,6.9600005,11.865559,1.133186,12.872803,True,6.53,15.021877,3.5759618,15.967812,True
2024-04-30 10:15:00,8.01,104,1,6.219999,11.391285,0.849878,12.415203,True,6.819999,14.510902,3.2723577,15.479908,True
2024-04-30 10:20:00,7.6700015,104,0,6.1200004,11.357191,0.70067185,12.347134,True,7.149999,14.73484,3.3202226,15.669048,True
2024-04-30 10:25:00,7.899999,104,0,6.4099994,11.571257,0.97665375,12.508919,True,14.560001,14.933338,3.5791185,15.828232,True
2024-04-30 10:30:00,7.93,104,1,6.8399997,11.581516,1.0310379,12.530197,True,18.350002,14.9293785,3.6172922,15.843246,False
2024-04-30 10:35:00,8.120001,104,1,6.639999,11.677938,1.1567551,12.702156,True,18.93,14.9478,3.6740186,15.946445,False
2024-04-30 10:40:00,8.49,104,2,6.4099994,12.043264,1.4550415,13.103313,True,20.580002,15.299973,3.9476755,16.343071,False
2024-04-30 10:45:00,8.540001,104,2,6.36,12.028555,1.4480072,13.165882,True,20.490002,15.233505,3.8910234,16.35957,False
2024-04-30 10:50:00,8.390001,104,2,6.3000026,11.9595375,1.3426262,13.116512,True,20.420002,15.240105,3.8390157,16.390244,False
2024-04-30 10:55:00,8.110001,104,1,5.9499984,11.690254,1.0937439,12.901436,True,20.620003,14.989231,3.6018999,16.195389,False
2024-04-30 11:00:00,7.94,104,2,6.0099998,11.619522,0.9652688,12.848236,True,21.440002,15.003582,3.531904,16.228683,False
2024-04-30 11:05:00,7.4600005,104,1,6.3000026,11.303423,0.664808,12.500305,True,21.59,14.836121,3.3555257,16.0313,False
2024-04-30 11:10:00,6.9600005,104,0,6.53,10.998732,0.3720757,12.151083,True,23.11,14.704891,3.2099035,15.857487,False
2024-04-30 11:15:00,6.219999,104,-1,6.819999,10.502609,-0.09712632,11.558977,True,23.330006,14.431885,2.936918,15.489948,False
2024-04-30 11:20:00,6.1200004,104,-2,7.149999,10.465889,-0.1601928,11.513599,True,24.900002,14.447849,2.9142969,15.502216,False
2024-04-30 11:25:00,6.4099994,104,-1,14.560001,10.711033,0.05331771,11.771858,False,25.66,14.647476,3.0792825,15.724739,False
2024-04-30 11:30:00,6.8399997,104,0,18.350002,11.831352,0.4165856,13.021702,False,26.3,16.301117,3.7872827,17.494911,False
2024-04-30 11:35:00,6.639999,104,1,18.93,13.678009,0.339111,15.42411,False,27.39,19.665527,4.6887946,21.341267,False
2024-04-30 11:40:00,6.4099994,104,0,20.580002,14.652367,0.0671746,17.07238,False,27.64,21.45689,4.8689017,23.743042,False
2024-04-30 11:45:00,6.36,104,-1,20.490002,15.619686,-0.15222962,18.599651,False,28.080002,23.050373,4.9292274,25.841385,False
2024-04-30 11:50:00,6.3000026,104,-1,20.420002,16.514519,0.0029827787,19.75282,False,28.27,24.488682,5.382879,27.533718,False
2024-04-30 11:55:00,5.9499984,104,0,20.620003,15.946987,-0.2054313,19.116653,False,28.14,23.820103,5.1527686,26.803642,False
2024-04-30 12:00:00,6.0099998,104,-1,21.440002,15.533821,0.009172125,18.434395,False,27.780003,23.119522,5.2372127,25.877434,False
2024-04-30 12:05:00,6.3000026,104,0,21.59,15.67215,0.23615615,18.462437,False,29.380001,23.133602,5.368644,25.807632,False
2024-04-30 12:10:00,6.53,104,0,23.11,15.0905075,0.24649017,17.715069,False,28.740002,22.03769,5.052837,24.573246,False
2024-04-30 12:15:00,6.819999,104,1,23.330006,14.570251,0.33227316,17.042953,False,29.23,20.973045,4.795278,23.388332,False
2024-04-30 12:20:00,7.149999,104,2,24.900002,14.722092,0.52148217,17.185223,False,28.11,20.981972,4.8755736,23.405502,False
2024-04-30 12:25:00,14.560001,104,12,25.66,20.646019,5.3454356,23.025394,False,26.82,25.391037,8.339252,27.894733,True
2024-04-30 12:30:00,18.350002,104,18,26.3,23.828606,7.579,26.338024,True,28.39,27.924911,10.010542,30.627975,True
2024-04-30 12:35:00,18.93,104,20,27.39,24.580116,8.148092,27.094265,False,30.120003,28.739986,10.601501,31.482716,True
2024-04-30 12:40:00,20.580002,104,22,27.64,26.374897,9.183588,28.91312,True,31.89,30.483505,11.528341,33.308117,True
2024-04-30 12:45:00,20.490002,104,23,28.080002,26.795135,9.264847,29.24216,True,32.8,31.18666,11.762487,33.961346,True
2024-04-30 12:50:00,20.420002,104,22,28.27,26.721813,9.101746,29.12151,True,32.27,31.119137,11.5840225,33.851383,True
2024-04-30 12:55:00,20.620003,104,22,28.14,26.849941,9.087404,29.333164,True,32.89,31.192417,11.510427,34.012344,True
2024-04-30 13:00:00,21.440002,104,23,27.780003,28.081944,9.155714,30.924099,True,32.8,32.547752,11.545748,35.766052,True
2024-04-30 13:05:00,21.59,104,24,29.380001,27.708675,9.155315,30.56665,True,33.06,31.900852,11.401007,35.1145,True
2024-04-30 13:10:00,23.11,104,26,28.740002,28.588657,10.172504,31.441998,True,33.21,32.326122,12.129496,35.55762,True
2024-04-30 13:15:00,23.330006,104,26,29.23,28.926609,10.510893,31.773483,True,30.93,32.714336,12.492317,35.96911,True
2024-04-30 13:20:00,24.900002,104,27,28.11,29.914997,11.308033,32.888477,True,28.59,33.28972,13.004669,36.685387,True
2024-04-30 13:25:00,25.66,104,28,26.82,30.132114,11.594126,33.26595,True,28.350002,33.177586,13.088501,36.716667,True
2024-04-30 13:30:00,26.3,104,28,28.39,30.401848,11.776888,33.781075,True,24.150002,33.21757,13.111256,36.997017,True
2024-04-30 13:35:00,27.39,104,29,30.120003,30.901325,12.07284,34.50433,True,20.209995,33.344917,13.169136,37.335518,True
2024-04-30 13:40:00,27.64,104,30,31.89,31.18581,12.364342,34.874943,True,18.21,33.644676,13.464115,37.74105,True
2024-04-30 13:45:00,28.080002,104,30,32.8,31.669998,12.661644,35.360718,True,18.16,34.13527,13.754047,38.25544,True
2024-04-30 13:50:00,28.27,104,30,32.27,32.026127,12.870285,35.61675,True,18.120003,34.576355,14.004948,38.624226,True
2024-04-30 13:55:00,28.14,104,30,32.89,32.140965,12.861092,35.609177,True,17.25,34.83357,14.068718,38.78636,True
2024-04-30 14:00:00,27.780003,104,28,32.8,32.0511,12.968185,35.338837,True,17.79,34.91953,14.2867775,38.726723,True
2024-04-30 14:05:00,29.380001,104,30,33.06,33.19254,13.223133,36.69395,True,18.599998,35.729103,14.288467,39.74739,True
2024-04-30 14:10:00,28.740002,104,32,33.21,32.892815,12.581173,36.527805,True,19.310001,35.64429,13.738895,39.811863,True
2024-04-30 14:15:00,29.23,104,30,30.93,33.486362,12.844856,37.269505,True,20.510002,36.25276,13.988304,40.59974,True
2024-04-30 14:20:00,28.11,104,31,28.59,32.331974,12.8228,36.049416,True,21.440002,35.158195,14.053471,39.435062,True
2024-04-30 14:25:00,26.82,104,27,28.350002,30.480835,11.983086,34.23422,True,21.82,33.10206,13.131561,37.358192,True
2024-04-30 14:30:00,28.39,104,28,24.150002,31.001968,11.284819,35.500618,True,21.670002,32.950153,11.949768,37.89899,True
2024-04-30 14:35:00,30.120003,104,30,20.209995,31.048515,10.357113,36.443974,True,21.530006,31.94157,10.360571,37.736866,True
2024-04-30 14:40:00,31.89,104,33,18.21,31.449505,9.886799,37.62085,True,21.560001,31.467384,9.368563,38.025627,True
2024-04-30 14:45:00,32.8,104,33,18.16,31.034355,8.907175,37.928642,True,20.89,30.17957,7.87157,37.477757,True
2024-04-30 14:50:00,32.27,104,33,18.120003,29.975273,7.1976886,37.608013,True,19.880001,28.72034,5.891992,36.78926,True
2024-04-30 14:55:00,32.89,104,32,17.25,30.116493,6.0247455,38.57396,True,19.650002,28.5312,4.508611,37.442375,True
2024-04-30 15:00:00,32.8,104,32,17.79,29.90488,5.1125293,38.82436,True,19.080002,28.21045,3.5017145,37.605057,True
2024-04-30 15:05:00,33.06,104,32,18.599998,30.132633,4.9447436,39.350487,True,18.36,28.409649,3.296335,38.112583,True
2024-04-30 15:10:00,33.21,104,33,19.310001,30.538948,5.464435,39.730343,True,17.900002,28.991776,3.9004514,38.66651,True
2024-04-30 15:15:00,30.93,104,31,20.510002,29.441906,5.547136,38.322807,True,17.280003,28.678062,4.37392,38.03158,True
2024-04-30 15:20:00,28.59,104,27,21.440002,28.279419,5.564367,36.71108,True,16.810001,28.341373,4.8375487,37.228607,True
2024-04-30 15:25:00,28.350002,104,24,21.82,28.557034,6.5396953,36.494255,True,15.990002,29.001823,6.04466,37.39757,True
2024-04-30 15:30:00,24.150002,104,22,21.670002,25.612793,5.2563853,33.154446,True,14.43,27.017006,5.340858,34.99373,True
2024-04-30 15:35:00,20.209995,104,15,21.530006,22.564823,3.408489,29.821232,True,13.779999,24.721554,4.001123,32.38337,True
2024-04-30 15:40:00,18.21,104,10,21.560001,21.723148,2.536989,28.706573,True,11.83,24.807598,3.7384012,32.153347,True
2024-04-30 15:45:00,18.16,104,7,20.89,22.33997,2.2709692,29.305313,True,10.08,25.9017,3.7323625,33.20221,True
2024-04-30 15:50:00,18.120003,104,9,19.880001,22.649967,2.3075998,29.535213,True,8.649998,26.458138,3.9153097,33.67365,True
2024-04-30 15:55:00,17.25,104,8,19.650002,22.126274,1.5942303,29.039486,True,8.25,26.220695,3.3799913,33.438366,True
2024-04-30 16:00:00,17.79,104,7,19.080002,22.64418,1.9577767,29.639343,True,6.9999995,26.689877,3.7094076,33.99734,True
2024-04-30 16:05:00,18.599998,104,8,18.36,23.310234,2.163862,30.55994,True,5.5400004,27.195667,3.78215,34.766174,True
2024-04-30 16:10:00,19.310001,104,8,17.900002,23.712547,1.8455578,31.37397,True,5.8000007,27.327988,3.2516344,35.303074,True
2024-04-30 16:15:00,20.510002,104,9,17.280003,24.104984,1.8996521,32.124622,True,7.93,27.09998,2.897556,35.456577,True
2024-04-30 16:20:00,21.440002,104,8,16.810001,24.904743,1.896814,33.184303,True,10.220001,27.75047,2.774492,36.36355,True
2024-04-30 16:25:00,21.82,104,8,15.990002,24.357803,2.166393,32.763123,True,7.44,26.556213,2.682037,35.333263,True
2024-04-30 16:30:00,21.670002,104,7,14.43,23.590206,1.2864491,32.36422,True,5.8000007,25.325798,1.5236565,34.484486,True
2024-04-30 16:35:00,21.530006,104,5,13.779999,23.143208,0.50567216,32.199413,True,4.3700004,24.640408,0.58753175,34.08823,True
2024-04-30 16:40:00,21.560001,104,5,11.83,23.037392,0.031863853,32.28671,True,4.319999,24.421318,0.043603584,34.05963,True
2024-04-30 16:45:00,20.89,104,4,10.08,22.409939,-0.270079,31.668858,True,8.120001,23.844097,-0.20950349,33.485027,True
2024-04-30 16:50:00,19.880001,104,3,8.649998,21.50518,-0.8847602,30.843128,True,8.51,23.041344,-0.7428401,32.747932,True
2024-04-30 16:55:00,19.650002,104,2,8.25,21.656929,-1.2159141,31.07571,True,6.7599998,23.497437,-0.887976,33.248337,True
2024-04-30 17:00:00,19.080002,104,1,6.9999995,21.37909,-1.6592048,30.834465,True,6.8800006,23.464893,-1.1717647,33.221798,True
2024-04-30 17:05:00,18.36,104,0,5.5400004,20.922066,-2.093384,30.380108,True,8.52,23.235325,-1.4491066,32.96593,True
2024-04-30 17:10:00,17.900002,104,-1,5.8000007,20.874367,-2.7567255,30.470379,True,13.080002,23.514416,-1.9225467,33.340412,True
2024-04-30 17:15:00,17.280003,104,-2,7.93,21.451904,-2.6802943,30.962955,True,15.299999,25.0253,-1.2639698,34.680878,True
2024-04-30 17:20:00,16.810001,104,-2,10.220001,21.830837,-1.7668613,31.119804,True,12.700001,26.055782,0.10667388,35.458202,True
2024-04-30 17:25:00,15.990002,104,-3,7.44,21.841797,-1.485041,31.01815,True,6.2000003,26.689644,0.83475655,35.945877,True
2024-04-30 17:30:00,14.43,104,-4,5.8000007,20.825932,-1.6997837,29.900898,True,0.5300004,26.167034,1.0355507,35.295254,False
2024-04-30 17:35:00,13.779999,104,-6,4.3700004,20.221405,-1.705109,29.265968,True,-3.1455318e-07,25.644077,1.1650425,34.73818,False
2024-04-30 17:40:00,11.83,104,-6,4.319999,19.228142,-2.6937487,28.352345,True,1.1699997,25.430832,0.78793114,34.53417,True
2024-04-30 17:45:00,10.08,104,-8,8.120001,18.657448,-3.5904925,27.881721,True,0.6700017,25.767696,0.5637433,34.88468,True
2024-04-30 17:50:00,8.649998,104,-9,8.51,17.800785,-4.2462583,27.149082,True,-0.3500007,25.416428,0.3540856,34.59885,False
2024-04-30 17:55:00,8.25,104,-9,6.7599998,17.38919,-4.206928,26.78466,True,-0.8500007,25.038013,0.49571195,34.26922,False
2024-04-30 18:00:00,6.9999995,104,-10,6.8800006,15.994362,-4.7416577,25.198616,True,-2.0399992,23.656464,0.16482513,32.70223,False
2024-04-30 18:05:00,5.5400004,104,-11,8.52,15.539654,-5.346626,24.531921,True,-2.4300005,23.992123,0.25279585,32.77721,False
2024-04-30 18:10:00,5.8000007,104,-11,13.080002,16.631111,-4.6323295,25.280876,True,-3.07,25.56406,1.3156887,34.029865,False
2024-04-30 18:15:00,7.93,104,-10,15.299999,18.696995,-2.7261584,26.905281,True,-1.82,27.325794,2.8973234,35.467285,False
2024-04-30 18:20:00,10.220001,104,-8,12.700001,20.023655,-1.121693,28.033325,True,-0.8999999,27.822926,3.8216207,35.851166,False
2024-04-30 18:25:00,7.44,104,-9,6.2000003,16.79913,-3.2070944,24.851646,True,-0.36000094,24.662334,2.0553052,32.646248,False
2024-04-30 18:30:00,5.8000007,104,-12,0.5300004,14.914394,-4.5274167,23.013798,True,1.8600003,22.788258,0.9102265,30.77452,True
2024-04-30 18:35:00,4.3700004,104,-13,-3.1455318e-07,13.543785,-5.607302,21.6792,True,0.5699994,21.587658,0.10419242,29.574043,True
2024-04-30 18:40:00,4.319999,104,-13,1.1699997,13.086235,-5.870273,21.351635,True,-4.0800004,20.859032,-0.35730395,28.969582,False
2024-04-30 18:45:00,8.120001,104,-10,0.6700017,16.101166,-3.2202322,24.430782,True,-5.3800015,22.995266,1.3878666,31.238014,False
2024-04-30 18:50:00,8.51,104,-9,-0.3500007,16.403702,-3.0633376,24.827812,True,-4.9500012,23.200985,1.4448372,31.529118,False
2024-04-30 18:55:00,6.7599998,104,-10,-0.8500007,14.618031,-4.5083985,23.116077,True,-7.77,21.53202,0.21773307,29.894962,False
2024-04-30 19:00:00,6.8800006,104,-12,-2.0399992,14.691551,-4.496081,23.239948,True,-9.32,21.560284,0.19420402,29.96436,False
2024-04-30 19:05:00,8.52,104,-10,-2.4300005,16.363926,-3.2348006,24.828495,True,-9.53,23.114681,1.273256,31.451904,False
2024-04-30 19:10:00,13.080002,104,-5,-3.07,20.606537,-0.052673653,28.900723,False,-10.26,26.728271,3.7319238,34.98406,False
2024-04-30 19:15:00,15.299999,104,-2,-1.82,22.677345,1.1134964,30.926037,False,-10.57,28.489994,4.544971,36.722336,False
2024-04-30 19:20:00,12.700001,104,-4,-0.8999999,20.359993,-0.879824,28.627209,False,-10.63,26.6194,2.975807,34.784492,False
2024-04-30 19:25:00,6.2000003,104,-6,-0.36000094,14.528732,-5.6178193,22.951775,True,-10.34,21.865444,-0.59194785,30.01971,False
2024-04-30 19:30:00,0.5300004,104,-12,1.8600003,9.416737,-10.057244,17.983467,True,-12.87,17.641434,-3.9284117,25.821228,False
2024-04-30 19:35:00,-3.1455318e-07,104,-15,0.5699994,9.771814,-10.277995,18.347694,True,-13.56,18.70076,-3.5927145,26.819263,False
2024-04-30 19:40:00,1.1699997,104,-12,-4.0800004,11.647505,-9.158664,20.149273,True,-16.08,20.949707,-2.303879,28.97342,False
2024-04-30 19:45:00,0.6700017,104,-10,-5.3800015,10.644526,-10.050206,19.375832,True,-18.7,19.609356,-3.3943522,27.850464,False
2024-04-30 19:50:00,-0.3500007,104,-8,-4.9500012,8.52463,-12.039403,17.769505,True,-18.99,16.731873,-5.943106,25.466106,False
2024-04-30 19:55:00,-0.8500007,104,-8,-7.77,7.4052844,-13.353634,17.148457,True,-16.59,15.127178,-7.6424756,24.340656,False
2024-04-30 20:00:00,-2.0399992,104,-7,-9.32,5.1420093,-15.855806,15.690174,True,-14.69,12.030504,-10.801202,22.047108,False
2024-04-30 20:05:00,-2.4300005,104,-7,-9.53,2.84852,-18.579487,14.542175,True,-12.66,8.036039,-14.924726,19.30056,True
2024-04-30 20:10:00,-3.07,104,-7,-10.26,0.44001547,-21.62281,13.357742,True,-13.82,3.9351099,-19.294252,16.563068,True
2024-04-30 20:15:00,-1.82,104,-5,-10.57,-0.10589822,-23.155283,13.851269,True,-16.23,1.5684601,-22.214483,15.419727,True
2024-04-30 20:20:00,-0.8999999,104,-3,-10.63,-1.1772846,-25.373545,13.936672,True,-16.29,-1.5515617,-25.856607,13.687542,True
2024-04-30 20:25:00,-0.36000094,104,-2,-10.34,-2.4401934,-28.069635,13.872612,True,-21.4,-4.677693,-29.731653,11.984829,True
2024-04-30 20:30:00,1.8600003,104,1,-12.87,-1.6239341,-28.937994,15.427368,True,-24.2,-5.3094087,-31.410078,12.271156,True
2024-04-30 20:35:00,0.5699994,104,2,-13.56,-4.3395734,-32.257256,13.802097,True,-24.83,-9.482698,-35.54728,9.367813,True
2024-04-30 20:40:00,-4.0800004,104,-3,-16.08,-10.291542,-37.157562,9.0693245,True,-23.18,-16.711771,-41.27536,3.4855382,True
2024-04-30 20:45:00,-5.3800015,104,-6,-18.7,-12.702842,-39.558537,7.3503566,True,-20.28,-20.179989,-44.27195,0.80879754,True
2024-04-30 20:50:00,-4.9500012,104,-6,-18.99,-13.030842,-39.801735,7.184585,True,-18.87,-21.243834,-44.883953,-0.050304726,True
2024-04-30 20:55:00,-7.77,104,-6,-16.59,-15.794381,-39.986355,4.421413,True,-19.34,-23.87084,-45.222034,-2.7988322,True
2024-04-30 21:00:00,-9.32,104,-9,-14.69,-16.517605,-38.917416,3.3795774,True,-17.66,-23.71312,-43.784245,-3.1298525,True
2024-04-30 21:05:00,-9.53,104,-9,-12.66,-15.100426,-36.45961,4.365659,True,-20.16,-20.710032,-40.42585,-0.7443736,True
2024-04-30 21:10:00,-10.26,104,-9,-13.82,-13.953717,-35.21941,5.081529,True,-20.03,-17.71897,-38.00632,1.6504284,True
2024-04-30 21:15:00,-10.57,104,-9,-16.23,-12.340036,-34.28842,6.007774,True,-20.27,-14.183152,-35.709343,4.3257556,True
2024-04-30 21:20:00,-10.63,104,-9,-16.29,-10.683501,-33.322113,6.9069114,True,-28.1,-10.765294,-33.4178,6.8062816,True
2024-04-30 21:25:00,-10.34,104,-10,-21.4,-9.0604725,-31.886833,7.6912513,True,-31.28,-7.7624784,-30.903078,8.815315,False
2024-04-30 21:30:00,-12.87,104,-9,-24.2,-11.146778,-33.439156,5.102695,True,-30.29,-9.376624,-32.02131,6.6486773,True
2024-04-30 21:35:00,-13.56,104,-10,-24.83,-11.209048,-33.217472,4.524608,True,-27.18,-8.788924,-31.221546,6.646543,True
2024-04-30 21:40:00,-16.08,104,-9,-23.18,-13.2677555,-35.504456,2.5071828,True,-22.48,-10.355129,-33.030266,5.05495,True
2024-04-30 21:45:00,-18.7,104,-9,-20.28,-16.107927,-38.183292,-0.112669304,True,-20.56,-13.406216,-35.825382,2.2370946,True
2024-04-30 21:50:00,-18.99,104,-9,-18.87,-16.759567,-38.85855,-0.58607703,True,-20.85,-14.430487,-36.812157,1.4156376,True
2024-04-30 21:55:00,-16.59,104,-6,-19.34,-15.2767,-37.420437,1.0347153,True,-22.52,-13.913654,-36.22461,2.159456,True
2024-04-30 22:00:00,-14.69,104,-4,-17.66,-14.534974,-37.29043,2.2203214,True,-23.46,-14.387388,-37.09247,2.248533,True
2024-04-30 22:05:00,-12.66,104,-1,-20.16,-13.251298,-37.442303,4.0857787,True,-25.77,-13.901872,-37.840996,3.395954,True
2024-04-30 22:10:00,-13.82,104,-1,-20.03,-15.333571,-39.974945,2.8079584,True,-26.57,-16.93255,-41.06467,1.282188,True
2024-04-30 22:15:00,-16.23,104,-2,-20.27,-18.55617,-43.505417,0.46637884,True,-30.29,-20.96823,-45.19099,-1.7682346,True
2024-04-30 22:20:00,-16.29,104,-4,-28.1,-19.967175,-45.487606,-0.35823473,True,-32.18,-23.743906,-48.083866,-3.7791235,True
2024-04-30 22:25:00,-21.4,104,-6,-31.28,-26.540876,-49.859253,-6.447572,True,-33.94,-31.623486,-53.530617,-11.0325365,True
2024-04-30 22:30:00,-24.2,104,-10,-30.29,-31.132032,-51.957428,-10.557136,True,-33.82,-37.56756,-56.650105,-16.374624,True
2024-04-30 22:35:00,-24.83,104,-13,-27.18,-33.434555,-52.401657,-12.362855,True,-35.27,-40.988243,-57.90027,-19.240505,True
2024-04-30 22:40:00,-23.18,104,-12,-22.48,-32.80205,-51.069317,-11.605786,True,-37.99,-40.98562,-56.897373,-19.11883,True
2024-04-30 22:45:00,-20.28,104,-10,-20.56,-30.957766,-48.91292,-9.861212,True,-38.76,-39.901222,-55.10798,-18.150633,True
2024-04-30 22:50:00,-18.87,104,-8,-20.85,-30.031372,-49.0156,-9.185552,True,-41.89,-39.552467,-55.496998,-18.002817,True
2024-04-30 22:55:00,-19.34,104,-10,-22.52,-30.369453,-50.49275,-9.565728,True,-41.19,-39.907925,-56.952614,-18.361002,True
2024-04-30 23:00:00,-17.66,104,-9,-23.46,-28.29787,-49.76805,-8.001689,True,-43.55,-37.743202,-56.01311,-16.71641,True
2024-04-30 23:05:00,-20.16,104,-11,-25.77,-29.671349,-50.613396,-9.946326,True,-44.25,-38.232883,-56.487877,-17.863825,True
2024-04-30 23:10:00,-20.03,104,-13,-26.57,-28.486713,-49.69721,-9.509253,True,-45.5,-36.27271,-55.062725,-16.748568,True
2024-04-30 23:15:00,-20.27,104,-14,-30.29,-27.835321,-49.41956,-9.38065,True,-45.54,-34.93166,-54.32247,-16.00112,True
2024-04-30 23:20:00,-28.1,104,-16,-32.18,-35.03861,-54.223537,-16.55122,True,-47.3,-41.389034,-59.020084,-22.467487,True
2024-04-30 23:25:00,-31.28,104,-25,-33.94,-38.106937,-56.051865,-19.590845,True,-50.23,-44.25889,-60.844494,-25.313585,True
2024-04-30 23:30:00,-30.29,104,-26,-33.82,-36.98354,-54.93618,-18.333612,True,-50.11,-42.991955,-59.550858,-23.940811,True
2024-04-30 23:35:00,-27.18,104,-23,-35.27,-34.344486,-52.4593,-15.498761,True,-48.74,-40.75156,-57.22049,-21.494051,True
2024-04-30 23:40:00,-22.48,104,-20,-37.99,-30.58699,-49.439983,-11.484059,True,-48.93,-37.795284,-54.46937,-18.232332,True
2024-04-30 23:45:00,-20.56,104,-19,-38.76,-29.14287,-48.26454,-9.746012,True,-48.8,-36.657562,-53.339355,-16.791006,True
2024-04-30 23:50:00,-20.85,104,-20,-41.89,-29.084925,-48.126965,-9.416605,True,-49.03,-36.1552,-52.858658,-16.062971,True
2024-04-30 23:55:00,-22.52,104,-19,-41.19,-30.293856,-48.86985,-10.223837,True,-49.32,-36.717167,-53.15415,-16.276836,True
2024-05-01 00:00:00,-23.46,104,-16,-43.55,-29.528057,-47.768505,-10.25321,True,-48.250004,-34.549965,-51.15636,-15.055394,True
2024-05-01 00:05:00,-25.77,104,-17,-44.25,-29.884027,-47.93085,-10.941783,True,-45.47,-33.22944,-50.14285,-14.206466,True
2024-05-01 00:10:00,-26.57,104,-19,-45.5,-28.851082,-47.11949,-10.240073,True,-45.22,-30.668877,-48.16016,-12.105237,True
2024-05-01 00:15:00,-30.29,104,-22,-45.54,-30.96058,-48.551666,-12.626136,True,-44.59,-31.435425,-48.566765,-13.258611,True
2024-05-01 00:20:00,-32.18,104,-26,-47.3,-32.032867,-48.627647,-14.785726,True,-44.88,-31.845829,-48.11303,-14.818217,True
2024-05-01 00:25:00,-33.94,104,-29,-50.23,-32.817787,-49.281994,-16.349558,False,-43.97,-31.845047,-48.087315,-15.66503,True
2024-05-01 00:30:00,-33.82,104,-30,-50.11,-31.53575,-48.702827,-14.953646,False,-41.91,-29.634779,-46.693947,-13.423301,True
2024-05-01 00:35:00,-35.27,104,-30,-48.74,-31.508986,-49.573452,-14.380612,True,-39.26,-28.4258,-46.524654,-11.787257,True
2024-05-01 00:40:00,-37.99,104,-32,-48.93,-32.532906,-51.00129,-15.460444,True,-37.3,-28.075869,-46.663246,-11.639155,True
2024-05-01 00:45:00,-38.76,104,-35,-48.8,-33.56877,-51.32522,-17.195198,True,-35.29,-29.301315,-47.105473,-13.547726,True
2024-05-01 00:50:00,-41.89,104,-36,-49.03,-34.228874,-52.92953,-18.633799,True,-29.48,-27.817,-46.528553,-13.081183,True
2024-05-01 00:55:00,-41.19,104,-35,-49.32,-33.142937,-52.90627,-16.184082,True,-25.38,-26.327833,-46.21393,-10.344368,True
2024-05-01 01:00:00,-43.55,104,-35,-48.250004,-34.19812,-55.181545,-15.931854,True,-24.11,-26.21787,-47.35681,-9.149183,True
2024-05-01 01:05:00,-44.25,104,-36,-45.47,-33.807964,-55.811214,-14.826298,True,-22.78,-24.794306,-47.00228,-7.210366,True
2024-05-01 01:10:00,-45.5,104,-37,-45.22,-33.88288,-56.433407,-14.725514,True,-22.77,-23.77671,-46.444584,-6.211201,True
2024-05-01 01:15:00,-45.54,104,-37,-44.59,-32.98721,-55.969032,-13.945911,True,-22.33,-21.962744,-45.022827,-4.6900353,True
2024-05-01 01:20:00,-47.3,104,-38,-44.88,-35.088066,-57.83209,-15.679692,True,-21.65,-24.403687,-47.136646,-6.735172,True
2024-05-01 01:25:00,-50.23,104,-39,-43.97,-38.25213,-60.661972,-18.351397,True,-23.3,-27.904696,-50.180607,-9.710164,True
2024-05-01 01:30:00,-50.11,104,-41,-41.91,-38.643566,-60.618797,-18.786276,True,-20.83,-28.783981,-50.651722,-10.5549755,True
2024-05-01 01:35:00,-48.74,104,-38,-39.26,-37.759212,-59.28542,-18.196085,True,-19.58,-28.324896,-49.80625,-10.306113,True
2024-05-01 01:40:00,-48.93,104,-38,-37.3,-37.9448,-59.005028,-18.72749,True,-19.62,-28.519289,-49.490044,-10.831674,True
2024-05-01 01:45:00,-48.8,104,-39,-35.29,-37.990925,-58.521927,-19.26438,True,-18.01,-28.707891,-49.112774,-11.473951,True
2024-05-01 01:50:00,-49.03,104,-37,-29.48,-37.3219,-58.45848,-18.583101,True,-16.1,-27.16037,-48.12632,-10.070295,True
2024-05-01 01:55:00,-49.32,104,-40,-25.38,-36.614925,-58.879017,-17.487259,True,-16.13,-25.419596,-47.463264,-8.167606,True
2024-05-01 02:00:00,-48.250004,104,-39,-24.11,-34.46166,-57.87563,-15.118814,True,-14.97,-22.0528,-45.23082,-4.862454,True
2024-05-01 02:05:00,-45.47,104,-35,-22.78,-31.707367,-55.29644,-12.747432,True,-19.13,-19.088428,-42.566093,-2.3741152,True
2024-05-01 02:10:00,-45.22,104,-34,-22.77,-31.508772,-55.530624,-12.2350025,True,-19.8,-18.785597,-42.764904,-1.868832,True
2024-05-01 02:15:00,-44.59,104,-33,-22.33,-31.1444,-55.40356,-11.671243,True,-18.58,-18.566881,-42.902706,-1.4963783,True
2024-05-01 02:20:00,-44.88,104,-35,-21.65,-31.694414,-56.018513,-11.999398,True,-17.27,-19.320053,-43.747902,-2.0299456,True
2024-05-01 02:25:00,-43.97,104,-35,-23.3,-31.81579,-55.431473,-12.462022,True,-17.37,-20.444496,-44.21605,-3.28039,True
2024-05-01 02:30:00,-41.91,104,-32,-20.83,-30.983425,-53.604397,-12.216711,True,-18.52,-20.825207,-43.690613,-3.9755127,True
2024-05-01 02:35:00,-39.26,104,-29,-19.58,-29.599926,-51.22056,-11.628958,True,-18.81,-20.678802,-42.625412,-4.3648,True
2024-05-01 02:40:00,-37.3,104,-27,-19.62,-28.5391,-49.51511,-11.112842,True,-18.11,-20.494045,-41.832314,-4.5491986,True
2024-05-01 02:45:00,-35.29,104,-25,-18.01,-27.84818,-47.758095,-11.159791,True,-17.87,-21.059881,-41.277416,-5.6158957,True
2024-05-01 02:50:00,-29.48,104,-18,-16.1,-22.73824,-42.795628,-6.9050965,True,-18.05,-16.55335,-37.073624,-1.8661464,True
2024-05-01 02:55:00,-25.38,104,-12,-16.13,-19.208233,-39.253433,-4.085281,True,-17.83,-13.528317,-34.105206,0.533117,True
2024-05-01 03:00:00,-24.11,104,-11,-14.97,-17.742155,-38.093735,-2.7949774,True,-18.54,-11.85526,-32.825363,1.9931217,True
2024-05-01 03:05:00,-22.78,104,-10,-19.13,-16.72424,-37.122814,-2.0006793,True,-18.4,-11.111201,-32.125347,2.5514104,True
2024-05-01 03:10:00,-22.77,104,-11,-19.8,-17.919352,-37.457287,-3.471163,True,-18.05,-13.438607,-33.352676,0.124023125,True
2024-05-01 03:15:00,-22.33,104,-11,-18.58,-18.418388,-37.408684,-4.0360217,True,-18.05,-14.813935,-34.004204,-1.1933235,True
2024-05-01 03:20:00,-21.65,104,-11,-17.27,-18.43257,-36.77821,-4.348944,True,-18.01,-15.47042,-33.880978,-2.0599291,True
2024-05-01 03:25:00,-23.3,104,-13,-17.37,-20.727634,-38.230175,-6.527122,True,-16.12,-18.364267,-35.77638,-4.7591968,True
2024-05-01 03:30:00,-20.83,104,-12,-18.52,-19.139635,-36.3903,-5.306722,True,-13.38,-17.583002,-34.596436,-4.2503457,True
2024-05-01 03:35:00,-19.58,104,-11,-18.81,-18.889069,-35.771976,-5.399364,True,-11.91,-18.247288,-34.68976,-5.1565595,True
2024-05-01 03:40:00,-19.62,104,-11,-18.11,-19.54453,-36.415913,-6.1186385,True,-17.12,-19.462938,-35.752987,-6.3716655,True
2024-05-01 03:45:00,-18.01,104,-11,-17.87,-18.382526,-35.60312,-5.1421285,True,-17.81,-18.711264,-35.22931,-5.7569337,True
2024-05-01 03:50:00,-16.1,104,-8,-18.05,-16.971424,-34.24019,-4.057698,True,-16.23,-17.757587,-34.190353,-5.078037,True
2024-05-01 03:55:00,-16.13,104,-8,-17.83,-16.921597,-34.207474,-4.1538196,True,-17.87,-17.633778,-34.102554,-5.1037984,True
2024-05-01 04:00:00,-14.97,104,-7,-18.54,-15.402982,-33.09308,-2.945368,True,-18.63,-15.796393,-32.744946,-3.6091254,True
2024-05-01 04:05:00,-19.13,104,-7,-18.4,-18.886799,-35.661804,-6.20954,True,-11.93,-18.643547,-34.876713,-6.303066,True
2024-05-01 04:10:00,-19.8,104,-15,-18.05,-18.949333,-35.840015,-6.2870126,True,-12.54,-18.146904,-34.639175,-5.878468,True
2024-05-01 04:15:00,-18.58,104,-15,-18.05,-17.66964,-34.819565,-5.3017955,True,-12.81,-16.808887,-33.584297,-4.836571,True
2024-05-01 04:20:00,-17.27,104,-13,-18.01,-16.093538,-33.637486,-3.9178946,True,-16.13,-14.980411,-32.214603,-3.2296717,True
2024-05-01 04:25:00,-17.37,104,-13,-16.12,-15.740986,-33.413944,-3.605141,True,-17.26,-14.19827,-31.676424,-2.5350688,True
2024-05-01 04:30:00,-18.52,104,-14,-13.38,-16.488327,-34.11746,-4.3190246,True,-14.8,-14.560614,-32.08813,-2.9085047,True
2024-05-01 04:35:00,-18.81,104,-16,-11.91,-16.19071,-34.030945,-4.0470214,True,-16.85,-13.698931,-31.587997,-2.1376898,True
2024-05-01 04:40:00,-18.11,104,-15,-17.12,-15.628177,-33.535774,-3.7015193,True,-16.65,-13.256683,-31.193638,-1.8981594,True
2024-05-01 04:45:00,-17.87,104,-13,-17.81,-15.811047,-33.33821,-3.9462492,True,-16.18,-13.8357115,-31.283531,-2.4909174,True
2024-05-01 04:50:00,-18.05,104,-15,-16.23,-16.260136,-32.978943,-4.474172,True,-15.91,-14.53805,-31.110844,-3.2373488,True
2024-05-01 04:55:00,-17.83,104,-15,-17.87,-16.86899,-32.697598,-5.2745605,True,-15.13,-15.917595,-31.407923,-4.7216954,True
2024-05-01 05:00:00,-18.54,104,-16,-18.63,-18.284899,-33.434616,-6.5945945,True,-14.07,-17.980583,-32.63872,-6.6165338,True
2024-05-01 05:05:00,-18.4,104,-17,-11.93,-16.686316,-32.822365,-4.7890325,True,-12.59,-15.01049,-30.977985,-3.5837977,True
2024-05-01 05:10:00,-18.05,104,-16,-12.54,-16.039896,-32.496372,-4.1817784,True,-12.0,-14.066798,-30.427137,-2.7139895,True
2024-05-01 05:15:00,-18.05,104,-16,-12.81,-16.386862,-32.690155,-4.583632,True,-12.37,-14.739108,-30.869652,-3.4004385,True
2024-05-01 05:20:00,-18.01,104,-16,-16.13,-17.539492,-33.206284,-5.895699,True,-11.74,-17.016388,-32.23457,-5.7079263,True
2024-05-01 05:25:00,-16.12,104,-14,-17.26,-16.49514,-32.07967,-5.1184697,True,-11.95,-16.759607,-31.68456,-5.6316648,True
2024-05-01 05:30:00,-13.38,104,-10,-14.8,-14.552636,-30.280636,-3.445717,True,-12.77,-15.561274,-30.397326,-4.6239924,True
2024-05-01 05:35:00,-11.91,104,-8,-16.85,-13.554446,-29.367886,-2.6130755,True,-12.89,-15.001791,-29.76724,-4.184852,True
2024-05-01 05:40:00,-17.12,104,-9,-16.65,-19.497889,-33.222023,-8.336443,True,-13.02,-21.552101,-34.171326,-10.473189,True
2024-05-01 05:45:00,-17.81,104,-17,-16.18,-20.759897,-33.85744,-9.632424,True,-12.43,-23.29601,-35.19015,-12.209093,True
2024-05-01 05:50:00,-16.23,104,-16,-15.91,-19.561007,-32.667816,-8.661263,True,-10.41,-22.439796,-34.21926,-11.553825,False
2024-05-01 05:55:00,-17.87,104,-15,-15.13,-20.960157,-33.575596,-10.018151,True,-10.55,-23.60166,-35.007576,-12.692374,False
2024-05-01 06:00:00,-18.63,104,-19,-14.07,-21.270535,-33.663303,-10.44428,True,-10.91,-23.515425,-34.83484,-12.753642,False
2024-05-01 06:05:00,-11.93,104,-13,-12.59,-14.158549,-28.224518,-4.0507007,True,-11.26,-16.114124,-29.057968,-6.080687,True
2024-05-01 06:10:00,-12.54,104,-10,-12.0,-13.796359,-27.744257,-3.9976342,True,-11.09,-14.859807,-27.974926,-5.2133727,True
2024-05-01 06:15:00,-12.81,104,-12,-12.37,-13.273628,-27.215212,-3.8296158,True,-10.06,-13.593277,-26.921898,-4.369556,True
2024-05-01 06:20:00,-16.13,104,-15,-11.74,-16.016245,-28.934725,-6.745422,True,-10.18,-15.787064,-28.282131,-6.7872157,True
2024-05-01 06:25:00,-17.26,104,-20,-11.95,-16.910805,-29.220251,-8.04387,True,-10.659999,-16.456259,-28.415524,-7.8830457,True
2024-05-01 06:30:00,-14.8,104,-19,-12.77,-14.546982,-27.283237,-6.0552917,True,-10.63,-14.178505,-26.541641,-5.966434,True
2024-05-01 06:35:00,-16.85,104,-19,-12.89,-16.543713,-28.874815,-7.955809,True,-10.58,-16.12087,-28.1022,-7.812611,True
2024-05-01 06:40:00,-16.65,104,-22,-13.02,-16.330673,-28.72493,-7.847529,True,-9.75,-15.891027,-27.941376,-7.6821485,True
2024-05-01 06:45:00,-16.18,104,-22,-12.43,-15.092095,-28.511961,-6.2169347,True,-9.06,-13.900836,-27.13236,-5.3657107,True
2024-05-01 06:50:00,-15.91,104,-21,-10.41,-13.802635,-28.023283,-4.826056,True,-9.04,-11.598603,-25.877321,-3.0682547,True
2024-05-01 06:55:00,-15.13,104,-20,-10.55,-12.376325,-27.08447,-3.5683863,True,-9.55,-9.511974,-24.455841,-1.2244934,True
2024-05-01 07:00:00,-14.07,104,-19,-10.91,-11.004165,-26.118013,-2.3918955,True,-9.77,-7.806892,-23.263203,0.24631087,True
2024-05-01 07:05:00,-12.59,104,-17,-11.26,-9.61529,-25.083385,-1.2525772,True,-9.56,-6.493239,-22.329405,1.3262783,True
2024-05-01 07:10:00,-12.0,104,-16,-11.09,-9.289194,-24.785387,-1.1398147,True,-9.65,-6.419356,-22.235043,1.2225529,True
2024-05-01 07:15:00,-12.37,104,-16,-10.06,-9.583864,-24.771194,-1.6592029,True,-9.4,-6.6327996,-22.172937,0.7866494,True
2024-05-01 07:20:00,-11.74,104,-17,-10.18,-9.310872,-24.09368,-1.6366771,True,-9.18,-6.7111945,-21.762432,0.50743455,True
2024-05-01 07:25:00,-11.95,104,-17,-10.659999,-10.218117,-24.217323,-2.6200755,True,-9.01,-8.319817,-22.40348,-1.090464,True
2024-05-01 07:30:00,-12.77,104,-17,-10.63,-11.68188,-24.958576,-4.1514583,True,-8.85,-10.431434,-23.629269,-3.195824,True
2024-05-01 07:35:00,-12.89,104,-19,-10.58,-12.078863,-24.916765,-4.6986146,True,-8.7,-11.103196,-23.804373,-3.984279,True
2024-05-01 07:40:00,-13.02,104,-19,-9.75,-11.839424,-24.668447,-4.49528,True,-8.33,-10.492719,-23.288923,-3.4392111,True
2024-05-01 07:45:00,-12.43,104,-18,-9.06,-10.779049,-23.798983,-3.5657446,True,-7.9,-8.951107,-22.072506,-2.0678904,True
2024-05-01 07:50:00,-10.41,104,-15,-9.04,-8.5219345,-21.879902,-1.7056049,True,-8.7,-6.440347,-19.994514,0.030605001,True
2024-05-01 07:55:00,-10.55,104,-15,-9.55,-8.209878,-21.772549,-1.3635372,True,-9.29,-5.659591,-19.542473,0.7970559,True
2024-05-01 08:00:00,-10.91,104,-15,-9.77,-8.461972,-21.628395,-1.7912887,True,-10.16,-5.799413,-19.317804,0.48335424,True
2024-05-01 08:05:00,-11.26,104,-16,-9.56,-8.583089,-21.569075,-2.0245478,True,-9.88,-5.680282,-19.078833,0.47541013,True
2024-05-01 08:10:00,-11.09,104,-17,-9.65,-8.619309,-21.655455,-2.1284869,True,-9.98,-5.923824,-19.345911,0.19364898,True
2024-05-01 08:15:00,-10.06,104,-15,-9.4,-7.4541774,-20.864786,-1.069466,True,-9.93,-4.6101604,-18.469398,1.3911587,True
2024-05-01 08:20:00,-10.18,104,-15,-9.18,-7.737243,-20.894611,-1.2874645,True,-9.38,-5.0606465,-18.625973,1.0325829,True
2024-05-01 08:25:00,-10.659999,104,-16,-9.01,-8.592694,-20.886015,-2.142523,True,-8.93,-6.309136,-18.9031,-0.16360505,True
2024-05-01 08:30:00,-10.63,104,-16,-8.85,-8.643942,-20.73602,-2.2000773,True,-8.489999,-6.440168,-18.820074,-0.28578982,True
2024-05-01 08:35:00,-10.58,104,-16,-8.7,-8.690063,-20.786901,-2.2611048,True,-8.42,-6.58518,-18.960224,-0.429087,True
2024-05-01 08:40:00,-9.75,104,-15,-8.33,-7.805796,-20.007858,-1.5158142,True,-8.32,-5.6442456,-18.153025,0.37595335,True
2024-05-01 08:45:00,-9.06,104,-14,-7.9,-7.0243363,-19.318373,-0.65564376,True,-8.09,-4.7644467,-17.400387,1.3334576,True
2024-05-01 08:50:00,-9.04,104,-13,-8.7,-6.9954953,-18.891127,-0.87179404,True,-7.85,-4.71991,-16.96898,1.1454788,True
2024-05-01 08:55:00,-9.55,104,-13,-9.29,-8.318382,-19.71036,-2.079943,True,-7.7600007,-6.8795247,-18.430353,-0.8226741,True
2024-05-01 09:00:00,-9.77,104,-14,-10.16,-8.739521,-19.872154,-2.5603487,True,-7.6,-7.508859,-18.758537,-1.4886268,True
2024-05-01 09:05:00,-9.56,104,-13,-9.88,-8.595052,-19.560415,-2.6076548,True,-7.4100003,-7.433308,-18.511116,-1.5918754,True
2024-05-01 09:10:00,-9.65,104,-14,-9.98,-8.989896,-19.707909,-3.0528834,True,-7.3400006,-8.1414175,-18.907644,-2.3200781,True
2024-05-01 09:15:00,-9.4,104,-13,-9.93,-9.094615,-19.647589,-3.1892874,True,-7.2900004,-8.607549,-19.135088,-2.7826579,True
2024-05-01 09:20:00,-9.18,104,-13,-9.38,-8.985491,-19.443401,-3.1414301,True,-6.97,-8.610108,-19.025593,-2.8309824,True
2024-05-01 09:25:00,-9.01,104,-12,-8.93,-8.863681,-19.227272,-3.0582297,True,-6.3800006,-8.538548,-18.858091,-2.7879527,True
2024-05-01 09:30:00,-8.85,104,-12,-8.489999,-8.547986,-18.927843,-2.7896235,True,-5.9500003,-8.068624,-18.454271,-2.3676283,True
2024-05-01 09:35:00,-8.7,104,-12,-8.42,-8.09815,-18.58143,-2.3856738,True,-5.53,-7.311888,-17.884005,-1.6701721,True
2024-05-01 09:40:00,-8.33,104,-11,-8.32,-7.3505797,-18.021229,-1.7000831,True,-5.1,-6.1738887,-17.03529,-0.61382896,True
2024-05-01 09:45:00,-7.9,104,-10,-8.09,-6.5010705,-17.45394,-0.82551223,True,-5.0900006,-4.885384,-16.142113,0.674524,True
2024-05-01 09:50:00,-8.7,104,-10,-7.85,-6.7958255,-17.885696,-1.0585159,True,-5.0900006,-4.6560264,-16.172117,0.9311635,True
2024-05-01 09:55:00,-9.29,104,-12,-7.7600007,-7.236547,-18.226149,-1.5565037,True,-5.0800004,-4.942866,-16.391676,0.5828263,True
2024-05-01 10:00:00,-10.16,104,-13,-7.6,-8.057218,-18.78572,-2.481396,True,-4.8800006,-5.717666,-16.906334,-0.29041323,True
2024-05-01 10:05:00,-9.88,104,-13,-7.4100003,-7.5223784,-18.272007,-2.1007807,True,-5.32,-4.9115453,-16.181377,0.35147253,True
2024-05-01 10:10:00,-9.98,104,-13,-7.3400006,-7.334681,-18.106777,-2.0185015,True,-5.78,-4.417069,-15.772271,0.7279069,True
2024-05-01 10:15:00,-9.93,104,-13,-7.2900004,-7.0045466,-17.858322,-1.7779068,True,-5.9,-3.7862961,-15.288287,1.2552372,True
2024-05-01 10:20:00,-9.38,104,-13,-6.97,-6.188865,-17.218224,-1.0707725,True,-5.8400006,-2.6814997,-14.435109,2.2400663,True
2024-05-01 10:25:00,-8.93,104,-12,-6.3800006,-5.5371213,-16.7153,-0.4478267,True,-5.5500007,-1.8085445,-13.775101,3.076473,True
2024-05-01 10:30:00,-8.489999,104,-11,-5.9500003,-4.845364,-16.120707,0.14469306,True,-5.36,-0.84511787,-12.970884,3.9307306,True
2024-05-01 10:35:00,-8.42,104,-11,-5.53,-4.520864,-15.922848,0.42178503,True,-5.5900006,-0.24473031,-12.56056,4.4708667,True
2024-05-01 10:40:00,-8.32,104,-11,-5.1,-4.276089,-15.763236,0.6639039,True,-5.400001,0.15635459,-12.28569,4.8651404,True
2024-05-01 10:45:00,-8.09,104,-11,-5.0900006,-3.9573443,-15.512138,0.9779374,True,-4.8700004,0.57445306,-11.966248,5.278005,True
2024-05-01 10:50:00,-7.85,104,-11,-5.0900006,-3.6534235,-15.227316,1.2239224,True,-4.9100003,0.95020074,-11.634141,5.60259,True
2024-05-01 10:55:00,-7.7600007,104,-11,-5.0800004,-3.6752017,-15.20304,1.1829334,True,-4.9500012,0.8142602,-11.713696,5.4650817,True
2024-05-01 11:00:00,-7.6,104,-11,-4.8800006,-3.5329,-14.984859,1.2016865,True,-4.8800006,0.93914574,-11.519519,5.481273,True
2024-05-01 11:05:00,-7.4100003,104,-10,-5.32,-3.5001452,-14.87675,1.1577755,True,-4.36,0.80768365,-11.5647135,5.2957892,True
2024-05-01 11:10:00,-7.3400006,104,-10,-5.78,-3.8699372,-15.00043,0.81656617,True,-4.82,-0.030517893,-12.067708,4.5307174,True
2024-05-01 11:15:00,-7.2900004,104,-10,-5.9,-3.9497693,-14.980753,0.6890046,True,-4.5500007,-0.25029978,-12.163841,4.282953,True
2024-05-01 11:20:00,-6.97,104,-10,-5.8400006,-3.7445805,-14.719772,0.8708436,True,-4.1,-0.16706498,-12.013139,4.3603587,True
2024-05-01 11:25:00,-6.3800006,104,-9,-5.5500007,-3.3510993,-14.306495,1.2614743,True,-3.6399996,0.017963095,-11.787678,4.5653358,True
2024-05-01 11:30:00,-5.9500003,104,-9,-5.36,-3.2621462,-14.158752,1.4329163,True,-3.5000002,-0.25812182,-11.947666,4.402578,True
2024-05-01 11:35:00,-5.53,104,-8,-5.5900006,-2.90634,-13.812639,1.7572571,True,-3.2700007,0.031510994,-11.669095,4.674186,True
2024-05-01 11:40:00,-5.1,104,-8,-5.400001,-2.3306506,-13.291607,2.2067468,True,-3.1399996,0.767286,-11.03558,5.287725,True
2024-05-01 11:45:00,-5.0900006,104,-8,-4.8700004,-2.2150576,-13.135005,2.2497442,True,-2.9400008,0.9947278,-10.789197,5.4468226,True
2024-05-01 11:50:00,-5.0900006,104,-8,-4.9100003,-2.1510623,-13.021154,2.2811449,True,-2.7199996,1.1271187,-10.616672,5.551866,True
2024-05-01 11:55:00,-5.0800004,104,-8,-4.9500012,-1.7933582,-12.832461,2.6455343,True,-2.07,1.8608109,-10.1395445,6.2774863,True
2024-05-01 12:00:00,-4.8800006,104,-8,-4.8800006,-1.4259552,-12.594539,2.980087,True,-2.6900008,2.4145067,-9.76989,6.7954097,True
2024-05-01 12:05:00,-5.32,104,-8,-4.36,-1.6357979,-12.879617,2.7609403,True,-2.8699992,2.4589212,-9.852354,6.8234305,True
2024-05-01 12:10:00,-5.78,104,-9,-4.82,-2.4682963,-13.547606,1.9977661,True,-2.3799994,1.2290531,-10.831199,5.694263,True
2024-05-01 12:15:00,-5.9,104,-9,-4.5500007,-2.364302,-13.544849,2.0768278,True,-2.279999,1.5806729,-10.636177,6.0170703,True
2024-05-01 12:20:00,-5.8400006,104,-9,-4.1,-2.1364672,-13.443652,2.3347452,True,-3.2899992,1.9933563,-10.39517,6.45593,True
2024-05-01 12:25:00,-5.5500007,104,-9,-3.6399996,-1.7124637,-13.058058,2.6560953,True,-3.95,2.561937,-9.891216,6.9247603,True
2024-05-01 12:30:00,-5.36,104,-8,-3.5000002,-1.772139,-13.022684,2.626434,True,-4.1700006,2.2395875,-10.068176,6.663814,True
2024-05-01 12:35:00,-5.5900006,104,-8,-3.2700007,-1.7951664,-13.022498,2.5061128,True,-3.9799998,2.4426534,-9.874122,6.7712913,True
2024-05-01 12:40:00,-5.400001,104,-8,-3.1399996,-1.3298649,-12.6925535,2.9755552,True,-3.3400004,3.2140157,-9.313443,7.5419765,True
2024-05-01 12:45:00,-4.8700004,104,-7,-2.9400008,-0.239796,-11.958276,4.064033,True,-3.6000006,4.915788,-8.128678,9.216129,True
2024-05-01 12:50:00,-4.9100003,104,-7,-2.7199996,-0.047283486,-11.898555,4.2648063,True,-3.529999,5.358913,-7.870522,9.659994,True
2024-05-01 12:55:00,-4.9500012,104,-6,-2.07,-0.21340783,-12.038941,4.1844935,True,-2.199999,5.064235,-8.111322,9.470486,True
2024-05-01 13:00:00,-4.8800006,104,-6,-2.6900008,-0.2792934,-12.148368,4.2702193,True,-2.4400008,4.865066,-8.335385,9.436392,True
2024-05-01 13:05:00,-4.36,104,-5,-2.8699992,0.29159704,-11.674752,4.7462077,True,-2.3999999,5.493074,-7.849691,9.982601,True
2024-05-01 13:10:00,-4.82,104,-5,-2.3799994,0.13609664,-11.903969,4.533212,True,-1.1399997,5.6840796,-7.805924,10.118858,True
2024-05-01 13:15:00,-4.5500007,104,-5,-2.279999,0.033042595,-11.937762,4.471002,True,0.4700009,5.1926017,-8.191483,9.70496,True
2024-05-01 13:20:00,-4.1,104,-4,-3.2899992,0.39649358,-11.557232,4.8284297,True,0.38999906,5.46359,-7.9124503,9.988958,True
2024-05-01 13:25:00,-3.6399996,104,-3,-3.95,0.51298875,-11.3368025,5.0116057,True,0.2900006,5.210031,-8.009394,9.842846,True
2024-05-01 13:30:00,-3.5000002,104,-3,-4.1700006,0.49812475,-11.304738,5.0432315,True,0.020000143,5.027,-8.121641,9.731016,True
2024-05-01 13:35:00,-3.2700007,104,-2,-3.9799998,0.737333,-11.146244,5.3283706,True,-0.05999978,5.274381,-7.985454,10.040285,True
2024-05-01 13:40:00,-3.1399996,104,-1,-3.3400004,1.0318009,-10.955312,5.6222854,True,-0.34000048,5.7519984,-7.661362,10.518944,True
2024-05-01 13:45:00,-2.9400008,104,0,-3.6000006,1.2150055,-10.764116,5.8155856,True,-1.6900009,5.9252696,-7.4820476,10.727684,True
2024-05-01 13:50:00,-2.7199996,104,1,-3.529999,1.8025833,-10.341814,6.3393264,True,-2.0200007,6.9173846,-6.7515845,11.655626,True
2024-05-01 13:55:00,-2.07,104,2,-2.199999,3.179014,-9.396105,7.6652503,True,-1.8799995,9.066767,-5.2346053,13.726257,True
2024-05-01 14:00:00,-2.6900008,104,2,-2.4400008,2.5442636,-10.030288,7.1409793,True,-1.3699993,8.438465,-5.8459926,13.221058,True
2024-05-01 14:05:00,-2.8699992,104,2,-2.3999999,2.9434679,-9.9177685,7.577934,True,-1.4300007,9.456005,-5.2448277,14.259937,True
2024-05-01 14:10:00,-2.3799994,104,3,-1.1399997,4.634786,-8.978697,9.368628,True,-1.2600006,12.380665,-3.423094,17.214062,True
2024-05-01 14:15:00,-2.279999,104,5,0.4700009,5.104835,-8.846012,9.995558,True,-1.2899994,13.231037,-3.0504553,18.198128,True
2024-05-01 14:20:00,-3.2899992,104,4,0.38999906,4.3074126,-9.679767,9.30995,True,-1.1000007,12.69503,-3.6304,17.77274,True
2024-05-01 14:25:00,-3.95,104,3,0.2900006,3.8626363,-10.303989,9.060682,True,-0.6499999,12.503159,-4.0582833,17.759113,True
2024-05-01 14:30:00,-4.1700006,104,3,0.020000143,3.5931623,-10.735668,9.003246,True,1.2900006,12.209528,-4.551,17.673729,True
2024-05-01 14:35:00,-3.9799998,104,3,-0.05999978,3.623514,-10.822938,9.231405,True,1.1200005,12.084805,-4.8170953,17.758747,True
2024-05-01 14:40:00,-3.3400004,104,5,-0.34000048,3.6302736,-10.741143,9.426687,True,1.4600006,11.448389,-5.30671,17.36914,True
2024-05-01 14:45:00,-3.6000006,104,5,-1.6900009,2.4538572,-11.491672,8.485903,True,1.6200005,9.331013,-6.7555614,15.571541,True
2024-05-01 14:50:00,-3.529999,104,5,-2.0200007,1.9038445,-11.88004,8.1411,True,1.7700001,8.118204,-7.691481,14.622929,True
2024-05-01 14:55:00,-2.199999,104,7,-1.8799995,3.2123525,-10.8518095,9.550161,True,1.8099991,9.39212,-6.80607,16.006554,True
2024-05-01 15:00:00,-2.4400008,104,8,-1.3699993,2.5818803,-11.402641,9.1224,True,2.0699995,8.34901,-7.6982427,15.212502,True
2024-05-01 15:05:00,-2.3999999,104,8,-1.4300007,2.518995,-11.5374,9.228613,True,2.0399988,8.17503,-7.9391932,15.2219925,True
2024-05-01 15:10:00,-1.1399997,104,11,-1.2600006,3.9017675,-10.492832,10.721857,True,1.8999993,9.685131,-6.880648,16.834885,True
2024-05-01 15:15:00,0.4700009,104,12,-1.2899994,5.9238257,-8.980816,12.791588,True,0.75999993,12.125292,-5.1713967,19.298157,True
2024-05-01 15:20:00,0.38999906,104,13,-1.1000007,6.1882644,-8.933318,13.151695,True,-1.5800003,12.754566,-4.8687005,20.001804,True
2024-05-01 15:25:00,0.2900006,104,13,-0.6499999,6.246095,-9.116623,13.373665,True,-4.32,12.983372,-4.953463,20.376724,True
2024-05-01 15:30:00,0.020000143,104,14,1.2900006,6.5306697,-9.052332,13.756199,True,-7.0800004,13.845921,-4.4350944,21.307621,False
2024-05-01 15:35:00,-0.05999978,104,14,1.1200005,7.1691413,-8.704642,14.485077,True,-7.7600007,15.205338,-3.5161192,22.712532,False
2024-05-01 15:40:00,-0.34000048,104,14,1.4600006,6.7726665,-9.104165,14.308273,True,-7.7000003,14.716446,-3.9697678,22.450275,False
2024-05-01 15:45:00,-1.6900009,104,13,1.6200005,5.4104743,-10.275937,13.092892,True,-10.47,13.385483,-4.9999146,21.278008,False
2024-05-01 15:50:00,-2.0200007,104,11,1.7700001,5.224853,-10.553009,13.06319,True,-11.1,13.359993,-5.1329265,21.39861,False
2024-05-01 15:55:00,-1.8799995,104,12,1.8099991,5.56698,-10.461987,13.561176,True,-11.23,13.911327,-4.924954,22.077187,False
2024-05-01 16:00:00,-1.3699993,104,12,2.0699995,6.274263,-10.129864,14.434731,True,-9.77,14.806049,-4.536343,23.100594,False
2024-05-01 16:05:00,-1.4300007,104,11,2.0399988,6.3972526,-10.283197,14.690155,True,-10.53,15.116657,-4.5858445,23.517323,False
2024-05-01 16:10:00,-1.2600006,104,12,1.8999993,6.5601115,-10.291745,15.01667,True,-13.66,15.265774,-4.6269937,23.824135,False
2024-05-01 16:15:00,-1.2899994,104,11,0.75999993,6.210275,-10.709396,14.874012,True,-14.14,14.611393,-5.3019233,23.3844,False
2024-05-01 16:20:00,-1.1000007,104,11,-1.5800003,5.795276,-11.062358,14.648354,True,-14.38,13.589306,-6.151357,22.593609,False
2024-05-01 16:25:00,-0.6499999,104,12,-4.32,5.247432,-11.591415,14.484089,True,-14.58,11.9948635,-7.526468,21.444088,False
2024-05-01 16:30:00,1.2900006,104,14,-7.0800004,6.4325404,-10.925625,15.958607,True,-14.36,12.32058,-7.649553,22.087044,False
2024-05-01 16:35:00,1.1200005,104,14,-7.7600007,5.247001,-11.95787,15.116894,True,-13.84,10.024008,-9.464262,20.211018,False
2024-05-01 16:40:00,1.4600006,104,14,-7.7000003,5.148807,-12.232323,15.252136,True,-13.33,9.424883,-10.109773,19.866032,False
2024-05-01 16:45:00,1.6200005,104,14,-10.47,5.086004,-12.3851,15.33633,True,-11.93,9.101023,-10.439487,19.697998,False
2024-05-01 16:50:00,1.7700001,104,15,-11.1,5.0376945,-12.593017,15.443314,True,-10.38,8.818035,-10.817774,19.572647,True
2024-05-01 16:55:00,1.8099991,104,15,-11.23,5.197469,-12.337904,15.642643,True,-10.93,9.107824,-10.449727,19.894672,False
2024-05-01 17:00:00,2.0699995,104,15,-9.77,6.03914,-11.69931,16.403603,True,-10.84,10.582508,-9.36431,21.231522,False
2024-05-01 17:05:00,2.0399988,104,16,-10.53,6.449102,-11.414105,16.77707,True,-11.07,11.475138,-8.732506,22.041912,False
2024-05-01 17:10:00,1.8999993,104,16,-13.66,6.4967628,-11.575407,16.889313,False,-9.91,11.727266,-8.757265,22.323524,False
2024-05-01 17:15:00,0.75999993,104,16,-14.14,5.291576,-12.559537,15.831287,False,-10.95,10.473845,-9.712607,21.223068,False
2024-05-01 17:20:00,-1.5800003,104,14,-14.38,2.3981397,-14.940668,13.275833,True,-10.38,6.9906383,-12.398436,18.125435,True
2024-05-01 17:25:00,-4.32,104,12,-14.58,-1.1079391,-17.569242,10.082741,True,-9.38,2.6251943,-15.504696,14.157074,True
2024-05-01 17:30:00,-7.0800004,104,9,-14.36,-4.727793,-20.459951,6.799501,True,-9.63,-1.9943279,-19.015167,9.940514,True
2024-05-01 17:35:00,-7.7600007,104,7,-13.84,-5.5693936,-21.056673,6.062843,True,-9.14,-3.027426,-19.713608,9.024302,True
2024-05-01 17:40:00,-7.7000003,104,7,-13.33,-5.669042,-21.148863,6.087404,True,-8.95,-3.3116171,-19.937023,8.866011,True
2024-05-01 17:45:00,-10.47,104,6,-11.93,-8.170492,-23.47617,3.60832,True,-7.7600007,-5.519174,-21.94173,6.6657214,True
2024-05-01 17:50:00,-11.1,104,3,-10.38,-7.916902,-23.714788,3.833574,True,-5.78,-4.250301,-21.354439,7.8365912,True
2024-05-01 17:55:00,-11.23,104,2,-10.93,-7.683847,-23.912191,4.2326007,True,-4.6200004,-3.5977347,-21.226156,8.6024685,True
2024-05-01 18:00:00,-9.77,104,4,-10.84,-5.683471,-22.61526,6.351974,True,-1.1600002,-0.9678481,-19.514166,11.2717705,True
2024-05-01 18:05:00,-10.53,104,5,-11.07,-6.1784616,-23.385988,6.0385413,True,-1.0500015,-1.1598934,-20.008215,11.217712,True
2024-05-01 18:10:00,-13.66,104,2,-9.91,-9.6654,-26.956842,3.0083234,True,-1.7700008,-5.075499,-23.815054,7.7778354,True
2024-05-01 18:15:00,-14.14,104,-1,-10.95,-10.535019,-27.826984,2.3703268,True,1.0699993,-6.404491,-25.038855,6.69535,True
2024-05-01 18:20:00,-14.38,104,-2,-10.38,-10.611865,-27.765196,2.2402475,True,0.9600007,-6.2984176,-24.77708,6.7345424,True
2024-05-01 18:25:00,-14.58,104,-3,-9.38,-11.519697,-28.151434,1.5137211,True,-2.6700003,-8.035725,-25.791637,5.234403,True
2024-05-01 18:30:00,-14.36,104,-3,-9.63,-11.892323,-28.181847,1.2685124,True,-4.3400006,-9.097363,-26.376453,4.340791,True
2024-05-01 18:35:00,-13.84,104,-3,-9.14,-11.590116,-27.630983,1.6164623,True,-6.89,-9.046635,-26.01557,4.4399047,True
2024-05-01 18:40:00,-13.33,104,-3,-8.95,-11.387778,-27.3792,1.9889923,True,-6.730001,-9.199686,-26.049837,4.4583793,True
2024-05-01 18:45:00,-11.93,104,-2,-7.7600007,-9.922721,-26.108625,3.5063322,True,-5.9600005,-7.66198,-24.750404,6.0281596,True
2024-05-01 18:50:00,-10.38,104,0,-5.78,-8.096108,-24.758009,5.3785605,True,-5.2100005,-5.5270486,-23.196167,8.160316,True
2024-05-01 18:55:00,-10.93,104,-1,-4.6200004,-8.464642,-25.233856,5.086921,True,-6.52,-5.7011085,-23.494648,8.040895,True
2024-05-01 19:00:00,-10.84,104,-2,-1.1600002,-7.8014436,-24.892427,5.657615,True,-7.53,-4.399161,-22.644835,9.192711,True
2024-05-01 19:05:00,-11.07,104,-2,-1.0500015,-7.1124187,-24.515614,6.182779,True,-6.5800004,-2.6844084,-21.426489,10.661453,True
2024-05-01 19:10:00,-9.91,104,0,-1.7700008,-4.753548,-22.810143,8.280918,True,-6.4100003,1.0067326,-18.687494,13.958908,True
2024-05-01 19:15:00,-10.95,104,-3,1.0699993,-5.047423,-23.401186,7.8136744,True,-6.4,1.5372463,-18.539728,14.235481,True
2024-05-01 19:20:00,-10.38,104,-3,0.9600007,-4.0502667,-22.651167,8.7048855,True,-6.2599998,2.9986265,-17.438396,15.525555,True
2024-05-01 19:25:00,-9.38,104,-2,-2.6700003,-3.1404936,-21.630556,9.483959,True,-6.3000007,3.7959669,-16.540464,16.188816,True
2024-05-01 19:30:00,-9.63,104,-4,-4.3400006,-4.3975444,-22.211506,8.342751,True,-4.4200006,1.4276291,-17.951809,14.031208,True
2024-05-01 19:35:00,-9.14,104,-4,-6.89,-4.605243,-22.15668,8.185158,True,-2.0100005,0.42829672,-18.536661,13.130993,True
2024-05-01 19:40:00,-8.95,104,-3,-6.730001,-5.088757,-22.537447,7.887752,True,-0.16000016,-0.8224357,-19.531912,12.105982,True
2024-05-01 19:45:00,-7.7600007,104,-2,-5.9600005,-4.396997,-22.068132,8.727024,True,-3.4300005,-0.7072776,-19.564314,12.379776,True
2024-05-01 19:50:00,-5.78,104,0,-5.2100005,-2.5767996,-20.80277,10.60828,True,-3.2199996,0.91201943,-18.52847,14.039684,True
2024-05-01 19:55:00,-4.6200004,104,2,-6.52,-1.6435322,-20.164448,11.629562,True,-2.7999995,1.5745198,-18.127056,14.785412,True
2024-05-01 20:00:00,-1.1600002,104,6,-7.53,2.1937292,-17.208546,15.339661,True,-1.6000007,5.78095,-15.0036955,18.794964,True
2024-05-01 20:05:00,-1.0500015,104,6,-6.5800004,2.199867,-17.17951,15.361084,True,0.6499993,5.6624694,-15.05593,18.68842,True
2024-05-01 20:10:00,-1.7700008,104,5,-6.4100003,1.4598385,-17.517822,14.61261,True,-0.41000018,4.907787,-15.350471,17.92503,True
2024-05-01 20:15:00,1.0699993,104,8,-6.4,4.371385,-15.064924,17.476536,True,-0.29999956,7.8579135,-12.933597,20.795086,True
2024-05-01 20:20:00,0.9600007,104,9,-6.2599998,4.1928515,-14.971192,17.286064,True,0.6700017,7.6008677,-12.856152,20.523685,True
2024-05-01 20:25:00,-2.6700003,104,6,-6.3000007,0.97174996,-17.22425,13.950367,True,0.95000046,4.8504596,-14.601895,17.646946,True
2024-05-01 20:30:00,-4.3400006,104,2,-4.4200006,-0.35954508,-18.483027,12.534542,True,0.9899995,3.8905294,-15.491097,16.574505,True
2024-05-01 20:35:00,-6.89,104,-1,-2.0100005,-2.9600852,-20.642302,9.879,True,0.36000028,1.2511917,-17.553457,13.890259,True
2024-05-01 20:40:00,-6.730001,104,-3,-0.16000016,-2.7580721,-20.570358,9.9860115,True,2.050001,1.4905716,-17.450338,14.0132065,True
2024-05-01 20:45:00,-5.9600005,104,-2,-3.4300005,-2.2326777,-20.129715,10.501776,True,1.8099991,1.7388932,-17.250929,14.247295,True
2024-05-01 20:50:00,-5.2100005,104,-1,-3.2199996,-1.5504287,-19.572296,11.132149,True,0.95000046,2.3300683,-16.788748,14.770447,True
2024-05-01 20:55:00,-6.52,104,-2,-2.7999995,-3.3132842,-21.061392,9.468897,True,-0.2099994,0.08212058,-18.603296,12.646915,True
2024-05-01 21:00:00,-7.53,104,-3,-1.6000007,-4.519731,-22.1117,8.280907,True,-0.79999954,-1.3405918,-19.77953,11.249527,True
2024-05-01 21:05:00,-6.5800004,104,-3,0.6499993,-3.3842528,-21.28618,9.358349,True,-1.0000004,-0.02431138,-18.836624,12.472652,True
2024-05-01 21:10:00,-6.4100003,104,-2,-0.41000018,-3.1840289,-21.679443,9.558865,True,-1.110001,0.18784301,-19.250412,12.654926,True
2024-05-01 21:15:00,-6.4,104,-3,-0.29999956,-3.5540507,-22.699402,9.400795,True,-1.1000007,-0.6043151,-20.614244,12.077673,True
2024-05-01 21:20:00,-6.2599998,104,-2,0.6700017,-3.6785452,-22.765518,9.326023,True,-1.1900009,-1.0211223,-20.891285,11.719521,True
2024-05-01 21:25:00,-6.3000007,104,-5,0.95000046,-4.243589,-23.062798,8.878855,True,-3.2199996,-2.148945,-21.590403,10.739231,True
2024-05-01 21:30:00,-4.4200006,104,-3,0.9899995,-2.0905669,-21.78698,10.957916,True,-4.4900002,0.2732884,-20.154974,13.039661,True
2024-05-01 21:35:00,-2.0100005,104,-1,0.36000028,0.4809815,-19.353792,13.433121,True,-4.2400002,2.9885957,-17.642532,15.631653,True
2024-05-01 21:40:00,-0.16000016,104,1,2.050001,2.4911096,-17.509655,15.342583,True,-4.1,5.138656,-15.717504,17.65517,True
2024-05-01 21:45:00,-3.4300005,104,-1,1.8099991,-1.2185405,-20.49417,11.812399,True,-3.199999,1.0012337,-18.92071,13.733986,True
2024-05-01 21:50:00,-3.2199996,104,-5,0.95000046,-1.5795864,-21.0223,11.68672,True,-2.3899996,0.032739326,-19.880178,13.03104,True
2024-05-01 21:55:00,-2.7999995,104,-5,-0.2099994,-1.3919033,-20.869328,11.914307,True,-4.19,-0.033241585,-19.900871,13.011967,True
2024-05-01 22:00:00,-1.6000007,104,-3,-0.79999954,-0.37175593,-19.998068,13.03318,True,-3.7599995,0.78811044,-19.166569,13.93351,True
2024-05-01 22:05:00,0.6499993,104,0,-1.0000004,1.9955021,-18.153217,15.294296,True,-4.27,3.256336,-17.26125,16.268822,True
2024-05-01 22:10:00,-0.41000018,104,-2,-1.110001,0.91251343,-18.938322,14.143738,True,-4.6700006,2.1554449,-18.03295,15.095787,True
2024-05-01 22:15:00,-0.29999956,104,-3,-1.1000007,1.1107727,-18.986814,14.265224,True,-4.559999,2.440935,-18.011423,15.287029,True
2024-05-01 22:20:00,0.6700017,104,-2,-1.1900009,2.1346452,-18.888945,15.253525,True,-4.6700006,3.5019357,-17.89765,16.290668,True
2024-05-01 22:25:00,0.95000046,104,-2,-3.2199996,2.4859464,-19.400496,15.573364,True,-3.5000002,3.914581,-18.369904,16.650238,True
2024-05-01 22:30:00,0.9899995,104,-3,-4.4900002,2.4003675,-19.98726,15.494297,True,-3.5100005,3.689144,-19.046427,16.428905,True
2024-05-01 22:35:00,0.36000028,104,-4,-4.2400002,1.2848488,-20.82901,14.416378,True,-3.2999995,2.0684412,-20.209625,14.881504,True
2024-05-01 22:40:00,2.050001,104,-1,-4.1,2.8162973,-19.690348,15.8489685,True,-2.7899992,3.4139497,-19.192673,16.131668,True
2024-05-01 22:45:00,1.8099991,104,0,-3.199999,2.1810682,-20.370075,15.325645,True,-4.070001,2.3655984,-20.126637,15.223343,True
2024-05-01 22:50:00,0.95000046,104,-2,-2.3899996,0.75094575,-21.5776,14.136467,True,-5.61,0.3454148,-21.700905,13.489304,True
2024-05-01 22:55:00,-0.2099994,104,-2,-4.19,-1.0044788,-23.398178,12.672016,True,-4.9,-2.0281813,-23.905624,11.455475,True
2024-05-01 23:00:00,-0.79999954,104,-3,-3.7599995,-2.4817507,-24.79693,11.577114,True,-4.9,-4.4292197,-25.881445,9.510784,True
2024-05-01 23:05:00,-1.0000004,104,-3,-4.27,-3.6376727,-25.52265,10.786238,True,-4.6,-6.569036,-27.222067,7.8078685,True
2024-05-01 23:10:00,-1.110001,104,-2,-4.6700006,-3.9970381,-25.454062,10.521336,True,-2.5200007,-7.1782575,-27.313244,7.298885,True
2024-05-01 23:15:00,-1.1000007,104,-3,-4.559999,-4.2842765,-27.108637,10.6333065,True,-5.03,-7.780659,-29.115807,7.136623,True
2024-05-01 23:20:00,-1.1900009,104,-3,-4.6700006,-5.033652,-27.387058,10.076338,True,-5.48,-9.179685,-29.78736,5.9721656,True
2024-05-01 23:25:00,-3.2199996,104,-2,-3.5000002,-7.4689364,-27.707773,7.908214,True,-5.57,-11.925468,-30.400385,3.4752367,True
2024-05-01 23:30:00,-4.4900002,104,-5,-3.5100005,-7.8256316,-26.954355,7.085338,True,-6.22,-11.3389435,-29.129421,3.498348,True
2024-05-01 23:35:00,-4.2400002,104,-5,-3.2999995,-7.1311297,-26.343622,7.382978,True,-6.5100007,-10.208853,-28.22812,4.1942344,True
2024-05-01 23:40:00,-4.1,104,-4,-2.7899992,-6.7701364,-26.1585,7.550447,True,-6.89,-9.630044,-27.891172,4.5610023,True
2024-05-01 23:45:00,-3.199999,104,-3,-4.070001,-5.8543897,-25.765383,8.34597,True,-6.98,-8.721256,-27.469015,5.3521514,True
2024-05-01 23:50:00,-2.3899996,104,-2,-5.61,-4.904514,-25.84471,9.206594,True,-7.28,-7.651321,-27.420034,6.33332,True
2024-05-01 23:55:00,-4.19,104,-2,-4.9,-6.6685185,-28.093454,7.586633,True,-8.35,-9.366696,-29.633467,4.7676272,True
2024-05-02 00:00:00,-3.7599995,104,-2,-4.9,-5.6957536,-28.081781,8.441431,True,-8.17,-7.847359,-29.217073,6.1348567,True
2024-05-02 00:05:00,-4.27,104,-3,-4.6,-5.915914,-27.719236,7.9928355,True,-3.7199996,-7.7595067,-28.653872,5.9622664,True
2024-05-02 00:10:00,-4.6700006,104,-4,-2.5200007,-6.223397,-27.575274,7.486177,True,-2.0900004,-7.966398,-28.442495,5.5417457,True
2024-05-02 00:15:00,-4.559999,104,-4,-5.03,-6.2394795,-27.485409,7.3462996,True,-1.8699993,-8.110146,-28.425348,5.282354,True
2024-05-02 00:20:00,-4.6700006,104,-4,-5.48,-6.975652,-28.02064,6.6417403,True,-0.5000003,-9.474884,-29.365883,4.0002894,True
2024-05-02 00:25:00,-3.5000002,104,-3,-5.57,-6.723759,-28.466734,7.139169,True,-0.17000039,-10.15378,-30.34537,3.6552598,True
2024-05-02 00:30:00,-3.5100005,104,-3,-6.22,-7.7682548,-29.800238,6.545112,True,1.3600003,-12.214362,-32.285492,2.1414201,True
2024-05-02 00:35:00,-3.2999995,104,-3,-6.5100007,-8.555216,-30.950085,6.166734,True,2.8199995,-13.964435,-33.979458,0.89588326,False
2024-05-02 00:40:00,-2.7899992,104,-3,-6.89,-8.842709,-31.339527,6.0878863,True,2.59,-15.014194,-34.784683,0.12492339,False
2024-05-02 00:45:00,-4.070001,104,-3,-6.98,-10.58084,-32.21849,4.4665217,True,2.1699998,-17.134958,-35.95615,-1.8696636,False
2024-05-02 00:50:00,-5.61,104,-5,-7.28,-12.229596,-32.638058,2.8019006,True,2.1300008,-18.823523,-36.5135,-3.6065142,False
2024-05-02 00:55:00,-4.9,104,-6,-8.35,-11.259585,-31.515923,3.536535,True,0.8899991,-17.60971,-35.2207,-2.6629508,False
2024-05-02 01:00:00,-4.9,104,-4,-8.17,-10.270581,-30.547974,4.0821414,True,0.6300027,-15.66672,-33.65653,-1.2420295,False
2024-05-02 01:05:00,-4.6,104,-4,-3.7199996,-8.721796,-29.068321,5.0768313,True,0.55999917,-12.886339,-31.367012,0.890268,True
2024-05-02 01:10:00,-2.5200007,104,-1,-2.0900004,-5.235023,-26.180376,8.121191,True,0.9899995,-8.026477,-27.535374,5.205007,True
2024-05-02 01:15:00,-5.03,104,-1,-1.8699993,-6.2729487,-26.321648,6.419679,True,0.7200009,-7.602406,-26.778143,4.833595,True
2024-05-02 01:20:00,-5.48,104,-4,-0.5000003,-5.4674697,-25.309626,6.8094363,True,0.24999969,-5.57077,-24.933855,6.3479133,True
2024-05-02 01:25:00,-5.57,104,-4,-0.17000039,-4.020928,-24.186312,7.855886,True,0.46000066,-2.6513808,-22.76543,8.745304,True
2024-05-02 01:30:00,-6.22,104,-4,1.3600003,-3.4952815,-23.563623,7.8078227,True,1.1000019,-1.0083965,-21.303083,9.716427,True
2024-05-02 01:35:00,-6.5100007,104,-5,2.8199995,-2.8363097,-23.119152,8.2091465,True,0.8299996,0.53203934,-20.18547,10.919657,True
2024-05-02 01:40:00,-6.89,104,-6,2.59,-2.6244013,-22.94663,8.121061,True,0.69000024,1.2917839,-19.57388,11.330116,True
2024-05-02 01:45:00,-6.98,104,-6,2.1699998,-2.7273638,-22.766987,7.865276,True,0.38999906,1.1670605,-19.390247,11.055939,True
2024-05-02 01:50:00,-7.28,104,-6,2.1300008,-3.3470252,-22.929342,7.031694,True,0.7399995,0.24797599,-19.763807,9.946655,True
2024-05-02 01:55:00,-8.35,104,-6,0.8899991,-4.8553348,-23.772429,5.3821006,True,0.45000044,-1.6576961,-20.879904,7.9429183,True
2024-05-02 02:00:00,-8.17,104,-7,0.6300027,-5.554029,-23.925114,4.6416965,True,0.22999923,-3.1741202,-21.655663,6.457227,True
2024-05-02 02:05:00,-3.7199996,104,0,0.55999917,-2.2123435,-21.182554,7.7750373,True,0.059999153,-0.9013408,-19.763025,8.605885,True
2024-05-02 02:10:00,-2.0900004,104,3,0.9899995,-1.3972973,-20.389448,8.525051,True,-0.54999954,-0.8635505,-19.520235,8.639622,True
2024-05-02 02:15:00,-1.8699993,104,3,0.7200009,-1.8591388,-20.388168,8.163956,True,-0.69000083,-1.9638942,-19.964308,7.6916156,True
2024-05-02 02:20:00,-0.5000003,104,5,0.24999969,-1.0722183,-19.819542,8.970945,True,-0.7799991,-1.733025,-19.764336,7.989906,True
2024-05-02 02:25:00,-0.17000039,104,4,0.46000066,-1.0125164,-19.691196,9.076284,True,-1.8300022,-1.9240154,-19.79902,7.8668227,True
2024-05-02 02:30:00,1.3600003,104,6,1.1000019,0.4725739,-18.462788,10.453741,True,-4.43,-0.48389086,-18.584658,9.204515,True
2024-05-02 02:35:00,2.8199995,104,9,0.8299996,2.0891454,-17.553232,11.976208,True,-4.68,1.2765175,-17.553717,10.865515,True
2024-05-02 02:40:00,2.59,104,9,0.69000024,0.64798707,-18.290855,10.719746,True,-3.8700001,-1.3027004,-19.042921,8.568338,True
2024-05-02 02:45:00,2.1699998,104,9,0.38999906,0.19373481,-18.366516,10.081598,True,-3.6199992,-1.7857765,-19.156288,7.8999915,True
2024-05-02 02:50:00,2.1300008,104,9,0.7399995,0.034101173,-18.427517,10.034002,True,-2.9300005,-2.0478175,-19.28296,7.761926,True
2024-05-02 02:55:00,0.8899991,104,9,0.45000044,-1.2767242,-19.196156,8.855846,True,-3.3999999,-3.411568,-20.118124,6.5335975,True
2024-05-02 03:00:00,0.6300027,104,8,0.22999923,-1.4911846,-19.28846,8.687408,True,-3.1900008,-3.5758307,-20.185247,6.4132934,True
2024-05-02 03:05:00,0.55999917,104,8,0.059999153,-1.6165336,-19.347845,8.610594,True,-0.8600009,-3.7484524,-20.27556,6.297973,True
2024-05-02 03:10:00,0.9899995,104,8,-0.54999954,-1.190842,-19.006716,8.927982,True,-1.9799999,-3.3280718,-19.923792,6.6159644,True
2024-05-02 03:15:00,0.7200009,104,8,-0.69000083,-1.4024261,-19.089931,8.74844,True,-3.3099997,-3.4728816,-19.958986,6.501453,True
2024-05-02 03:20:00,0.24999969,104,8,-0.7799991,-1.759272,-19.286049,8.33493,True,-3.3699992,-3.7160761,-20.08106,6.1955523,True
2024-05-02 03:25:00,0.46000066,104,8,-1.8300022,-1.5753444,-19.19107,8.443769,True,-2.5200007,-3.5538523,-19.98769,6.2917056,True
2024-05-02 03:30:00,1.1000019,104,9,-4.43,-0.5039962,-19.143383,9.654509,True,-2.279999,-2.0716403,-19.612568,7.9006457,True
2024-05-02 03:35:00,0.8299996,104,10,-4.68,-0.40345606,-19.444386,10.136145,True,-1.32,-1.6078247,-19.64654,8.7272,True
2024-05-02 03:40:00,0.69000024,104,10,-3.8700001,-0.4376739,-19.206732,10.018618,True,-1.1299976,-1.5335201,-19.340214,8.710403,True
2024-05-02 03:45:00,0.38999906,104,9,-3.6199992,-1.1070389,-19.192825,9.127172,True,-0.4200004,-2.534775,-19.567377,7.514789,True
2024-05-02 03:50:00,0.7399995,104,9,-2.9300005,-0.45858607,-18.814348,9.829227,True,0.32000127,-1.5960182,-18.986488,8.491518,True
2024-05-02 03:55:00,0.45000044,104,10,-3.3999999,-1.1147312,-19.230068,9.456993,True,-0.52000076,-2.5692809,-19.604462,7.8350425,True
2024-05-02 04:00:00,0.22999923,104,9,-3.1900008,-1.381657,-19.165747,8.988096,True,-0.5799983,-2.867205,-19.57798,7.3382354,True
2024-05-02 04:05:00,0.059999153,104,10,-0.8600009,-1.3956169,-19.186966,8.920969,True,-2.2199996,-2.730736,-19.500404,7.41312,True
2024-05-02 04:10:00,-0.54999954,104,9,-1.9799999,-1.6184925,-19.378592,8.688509,True,-2.49,-2.5940974,-19.459486,7.514829,True
2024-05-02 04:15:00,-0.69000083,104,9,-3.3099997,-1.5708755,-19.5103,8.5761795,True,-1.3600029,-2.3777964,-19.47625,7.561622,True
2024-05-02 04:20:00,-0.7799991,104,8,-3.3699992,-1.5296654,-19.652296,8.571733,True,-5.9100003,-2.219681,-19.530025,7.6657214,True
2024-05-02 04:25:00,-1.8300022,104,9,-2.5200007,-2.2323668,-20.441084,7.8883243,True,-8.489999,-2.60335,-20.09813,7.2743316,True
2024-05-02 04:30:00,-4.43,104,6,-2.279999,-4.384085,-22.403004,5.8802257,True,-8.33,-4.335791,-21.775156,5.648002,True
2024-05-02 04:35:00,-4.68,104,2,-1.32,-4.00779,-22.97916,6.2646785,True,-7.3700004,-3.387894,-21.930828,6.5451865,True
2024-05-02 04:40:00,-3.8700001,104,3,-1.1299976,-2.9544756,-23.320063,7.379045,True,-7.28,-2.1156523,-22.10115,7.8534427,True
2024-05-02 04:45:00,-3.6199992,104,3,-0.4200004,-2.9849837,-24.02483,7.457086,True,-7.03,-2.3993819,-22.969576,7.714498,True
2024-05-02 04:50:00,-2.9300005,104,4,0.32000127,-2.405247,-24.308348,8.125011,True,-6.5400004,-1.919907,-23.30928,8.300415,True
2024-05-02 04:55:00,-3.3999999,104,4,-0.52000076,-3.8811686,-25.479733,7.163837,True,-7.1,-4.3148513,-25.090946,6.5556273,True
2024-05-02 05:00:00,-3.1900008,104,4,-0.5799983,-4.001223,-26.623653,7.9012504,True,-7.1300006,-4.729714,-26.384842,7.058002,True
2024-05-02 05:05:00,-0.8600009,104,8,-2.2199996,-2.9245398,-26.508135,9.6710205,True,-6.3000007,-4.792501,-26.926802,7.879749,True
2024-05-02 05:10:00,-1.9799999,104,6,-2.49,-6.7559695,-28.435057,6.923599,True,-5.43,-11.055184,-30.35884,3.0253656,True
2024-05-02 05:15:00,-3.3099997,104,3,-1.3600029,-9.924218,-29.931217,4.3885016,True,-5.5000005,-15.839821,-32.95014,-0.9346717,True
2024-05-02 05:20:00,-3.3699992,104,0,-5.9100003,-12.302443,-31.903442,3.05216,True,-7.3800006,-20.194387,-36.08842,-3.9952033,True
2024-05-02 05:25:00,-2.5200007,104,0,-8.489999,-13.311941,-33.125523,3.0097673,True,-8.86,-22.745506,-38.097397,-5.3769298,True
2024-05-02 05:30:00,-2.279999,104,1,-8.33,-14.129598,-33.531933,2.7294004,True,-9.39,-24.37629,-38.94921,-6.402163,True
2024-05-02 05:35:00,-1.32,104,2,-7.3700004,-13.2600975,-33.12911,3.6915472,True,-9.19,-23.614557,-38.522778,-5.51613,True
2024-05-02 05:40:00,-1.1299976,104,3,-7.28,-12.971101,-32.59252,3.7603738,True,-9.03,-23.226088,-37.93003,-5.3769565,True
2024-05-02 05:45:00,-0.4200004,104,4,-7.03,-11.828801,-31.045961,4.3948665,True,-7.89,-21.70326,-36.171722,-4.4486785,True
2024-05-02 05:50:00,0.32000127,104,6,-6.5400004,-9.987835,-28.73814,5.577356,True,-6.9200006,-18.958456,-33.407715,-2.495148,True
2024-05-02 05:55:00,-0.52000076,104,6,-7.1,-9.186829,-27.323753,5.8554225,True,-7.78,-16.73827,-31.298008,-0.972853,True
2024-05-02 06:00:00,-0.5799983,104,6,-7.1300006,-8.148612,-25.712091,6.290067,True,-8.28,-14.734835,-29.190132,0.30503812,True
2024-05-02 06:05:00,-2.2199996,104,6,-6.3000007,-8.431951,-25.342777,5.8694205,True,-8.34,-13.789892,-28.18511,0.96713036,True
2024-05-02 06:10:00,-2.49,104,3,-5.43,-7.524882,-24.739962,6.5813384,True,-8.87,-11.851105,-26.949795,2.6167715,True
2024-05-02 06:15:00,-1.3600029,104,5,-5.5000005,-5.7809825,-23.57043,8.028057,True,-8.469999,-9.574417,-25.406261,4.556625,True
2024-05-02 06:20:00,-5.9100003,104,2,-7.3800006,-9.434016,-25.840466,4.5925784,True,-6.3700004,-12.416563,-27.310379,1.8235203,True
2024-05-02 06:25:00,-8.489999,104,-7,-8.86,-11.477484,-27.183752,2.7618082,True,-4.4900002,-13.9579,-28.368818,0.42971006,True
2024-05-02 06:30:00,-8.33,104,-9,-9.39,-9.737627,-25.753626,3.9862688,True,-2.2299998,-10.820483,-25.954382,2.8788812,True
2024-05-02 06:35:00,-7.3700004,104,-8,-9.19,-7.533256,-23.70971,5.3318267,True,-3.5200007,-7.5161605,-23.142277,5.1801333,True
2024-05-02 06:40:00,-7.28,104,-8,-9.03,-6.52807,-22.695335,5.679086,True,-3.5399992,-5.695603,-21.54636,6.230577,True
2024-05-02 06:45:00,-7.03,104,-8,-7.89,-6.0425754,-21.962425,5.6863475,True,-2.7999995,-4.9984536,-20.672585,6.4221053,True
2024-05-02 06:50:00,-6.5400004,104,-7,-6.9200006,-5.6824174,-21.323193,5.846746,True,-2.1000006,-4.749722,-20.12878,6.489877,True
2024-05-02 06:55:00,-7.1,104,-8,-7.78,-5.7075,-21.482176,5.8158774,True,-0.2099994,-4.298701,-19.94646,6.8725696,True
2024-05-02 07:00:00,-7.1300006,104,-8,-8.28,-5.5518956,-21.456255,6.045774,True,-9.06,-3.9772046,-19.809456,7.2487826,True
2024-05-02 07:05:00,-6.3000007,104,-6,-8.34,-4.76362,-20.521168,6.6743026,True,-10.4,-3.2262385,-18.915728,7.848478,True
2024-05-02 07:10:00,-5.43,104,-4,-8.87,-3.790703,-19.913115,7.359346,True,-1.6999992,-2.158684,-18.25692,8.616669,True
2024-05-02 07:15:00,-5.5000005,104,-3,-8.469999,-3.36677,-19.539001,7.7526717,True,-2.6900008,-1.304768,-17.581354,9.382805,True
2024-05-02 07:20:00,-7.3800006,104,-2,-6.3700004,-5.011561,-20.373663,6.5259604,True,2.8299997,-2.742348,-18.252958,8.343859,True
2024-05-02 07:25:00,-8.86,104,-4,-4.4900002,-5.3766656,-20.278542,5.7385097,True,-2.8699992,-2.139538,-17.40699,8.389824,True
2024-05-02 07:30:00,-9.39,104,-5,-2.2299998,-5.3663697,-20.053701,5.333486,True,-2.49,-1.6599563,-16.814362,8.393215,True
2024-05-02 07:35:00,-9.19,104,-3,-3.5200007,-5.2792172,-19.818483,5.542093,True,-1.1600002,-1.669783,-16.664993,8.520048,True
2024-05-02 07:40:00,-9.03,104,-2,-3.5399992,-4.706179,-19.362808,5.855043,True,-1.9200004,-0.7466567,-15.949706,9.131239,True
2024-05-02 07:45:00,-7.89,104,-2,-2.7999995,-3.1681597,-18.55397,7.338672,True,-1.6999992,1.1183926,-14.9383545,10.8797,True
2024-05-02 07:50:00,-6.9200006,104,-1,-2.1000006,-4.5523286,-18.778809,6.0240855,True,0.22999923,-2.2672274,-16.699091,7.8668456,True
2024-05-02 07:55:00,-7.78,104,-3,-0.2099994,-6.3585486,-19.857239,4.688314,True,-1.7299999,-4.893289,-18.403044,5.827823,True
2024-05-02 08:00:00,-8.28,104,-3,-9.06,-7.4907365,-20.7214,4.0079436,True,-3.0200007,-6.577604,-19.697079,4.674339,True
2024-05-02 08:05:00,-8.34,104,-4,-10.4,-7.650232,-20.977718,4.1520877,True,-3.109999,-6.8219686,-20.026403,4.74913,True
2024-05-02 08:10:00,-8.87,104,-5,-1.6999992,-7.9905076,-21.421421,4.257797,True,-1.4599994,-6.9958158,-20.357552,5.0042186,True
2024-05-02 08:15:00,-8.469999,104,-5,-2.6900008,-6.3422046,-21.31592,6.770288,True,-0.4900001,-4.261802,-19.466774,8.440023,True
2024-05-02 08:20:00,-6.3700004,104,-3,2.8299997,-1.8806747,-20.389233,12.415985,True,0.30000082,2.174156,-17.243624,15.680607,True
2024-05-02 08:25:00,-4.4900002,104,0,-2.8699992,0.6980607,-19.015593,14.760063,True,-0.69999725,5.282825,-15.593965,18.44374,True
2024-05-02 08:30:00,-2.2299998,104,3,-2.49,3.3481424,-17.463919,17.194763,True,-0.69999725,8.173759,-13.984756,21.072445,True
2024-05-02 08:35:00,-3.5200007,104,3,-1.1600002,2.2476556,-18.156368,16.283794,True,-0.9300025,7.25563,-14.54477,20.30909,True
2024-05-02 08:40:00,-3.5399992,104,1,-1.9200004,2.383661,-18.385002,16.792671,True,-2.0499995,7.503288,-14.741007,20.895771,True
2024-05-02 08:45:00,-2.7999995,104,1,-1.6999992,3.0105188,-18.154428,17.621227,True,-3.0900004,8.013996,-14.636052,21.62471,True
2024-05-02 08:50:00,-2.1000006,104,2,0.22999923,2.6204717,-17.93008,17.282341,True,-4.7900004,6.753803,-14.992934,20.598148,True
2024-05-02 08:55:00,-0.2099994,104,6,-1.7299999,1.7514492,-17.41568,16.440063,True,-5.61,3.6369035,-15.931195,17.940807,True
2024-05-02 09:00:00,-9.06,104,2,-3.0200007,-8.141314,-23.557873,8.144043,True,-5.9200006,-7.12116,-22.61894,8.935186,True
2024-05-02 09:05:00,-10.4,104,-8,-3.109999,-10.341609,-25.195976,6.6407237,True,-5.9900002,-10.066093,-24.800806,6.810325,True
2024-05-02 09:10:00,-1.6999992,104,2,-1.4599994,-2.5686,-19.77732,13.3075485,True,-6.4200006,-3.0677702,-19.869314,12.835503,True
2024-05-02 09:15:00,-2.6900008,104,4,-0.4900001,-2.9385931,-20.283878,13.146179,True,-6.36,-2.9168456,-20.060053,13.111786,True
2024-05-02 09:20:00,2.8299997,104,10,0.30000082,2.3684156,-17.449085,17.98943,True,-5.77,2.2225988,-17.311386,17.824223,True
2024-05-02 09:25:00,-2.8699992,104,9,-0.69999725,-2.5897925,-21.00255,13.964787,True,-1.15,-2.1203902,-20.512974,14.305183,True
2024-05-02 09:30:00,-2.49,104,6,-0.69999725,-2.2885401,-21.37061,14.565975,True,4.36,-1.8871197,-20.936573,14.853577,True
2024-05-02 09:35:00,-1.1600002,104,7,-0.9300025,-1.2588676,-21.163256,15.575272,True,7.0099998,-1.1160682,-20.904978,15.65667,True
2024-05-02 09:40:00,-1.9200004,104,4,-2.0499995,-1.9632133,-22.350948,15.26091,True,7.6700015,-1.7733177,-22.078579,15.3852005,True
2024-05-02 09:45:00,-1.6999992,104,3,-3.0900004,-1.8476566,-22.588825,15.531105,True,7.0899997,-1.7514538,-22.393417,15.583626,True
2024-05-02 09:50:00,0.22999923,104,5,-4.7900004,-0.50637275,-22.246113,16.98396,True,7.139999,-0.91524345,-22.365631,16.63427,True
2024-05-02 09:55:00,-1.7299999,104,7,-5.61,-2.6185458,-23.831217,15.505993,True,7.2599998,-3.1756384,-24.070395,15.038712,True
2024-05-02 10:00:00,-3.0200007,104,3,-5.9200006,-4.1878915,-25.337427,14.694664,True,6.6300006,-4.999457,-25.755304,14.025406,True
2024-05-02 10:05:00,-3.109999,104,2,-5.9900002,-4.778855,-25.988213,14.618385,True,6.94,-6.0378118,-26.692408,13.590736,True
2024-05-02 10:10:00,-1.4599994,104,3,-6.4200006,-3.8049939,-25.877039,15.919849,True,6.1599994,-5.647619,-26.917452,14.428173,True
2024-05-02 10:15:00,-0.4900001,104,5,-6.36,-3.1290991,-26.130795,16.925713,True,2.1499994,-5.2250667,-27.310001,15.239876,True
2024-05-02 10:20:00,0.30000082,104,6,-5.77,-2.4970267,-25.527493,17.429562,True,0.62000054,-4.729913,-26.791164,15.632523,True
2024-05-02 10:25:00,-0.69999725,104,6,-1.15,-3.4568427,-26.33726,16.813885,True,-0.05999978,-5.6663194,-27.610176,15.034817,True
2024-05-02 10:30:00,-0.69999725,104,6,4.36,-3.4567702,-26.63614,16.930622,True,-2.4699996,-5.663896,-27.917435,15.156403,True
2024-05-02 10:35:00,-0.9300025,104,5,7.0099998,-3.5480673,-26.986208,16.8969,True,-3.2999995,-5.6301084,-28.213104,15.225769,True
2024-05-02 10:40:00,-2.0499995,104,5,7.6700015,-4.311109,-27.316687,16.3111,True,-3.2899992,-6.096412,-28.408228,14.876293,True
2024-05-02 10:45:00,-3.0900004,104,4,7.0899997,-4.9211755,-27.683283,15.905983,True,-5.400001,-6.3408713,-28.593271,14.763847,True
2024-05-02 10:50:00,-4.7900004,104,3,7.139999,-6.4027553,-28.18853,14.523727,True,-7.64,-7.644342,-29.033419,13.518158,True
2024-05-02 10:55:00,-5.61,104,1,7.2599998,-7.134356,-28.821041,14.179821,True,-8.69,-8.302631,-29.645176,13.232452,True
2024-05-02 11:00:00,-5.9200006,104,-1,6.6300006,-6.7388463,-29.18693,14.974087,True,-9.53,-7.293115,-29.665518,14.525593,True
2024-05-02 11:05:00,-5.9900002,104,-1,6.94,-6.4029927,-29.260345,15.460098,True,-9.4,-6.6063266,-29.549744,15.294071,True
2024-05-02 11:10:00,-6.4200006,104,-2,6.1599994,-7.0929227,-29.422268,14.745453,True,-8.97,-7.532638,-29.87006,14.38958,True
2024-05-02 11:15:00,-6.36,104,-3,2.1499994,-6.8180404,-29.61319,15.176041,True,-9.03,-7.072799,-29.968042,14.969677,True
2024-05-02 11:20:00,-5.77,104,-4,0.62000054,-5.8767495,-29.265694,16.061222,True,-8.86,-5.828651,-29.458101,16.098133,True
2024-05-02 11:25:00,-1.15,104,-5,-0.05999978,-1.4680465,-27.007679,19.814594,True,-8.42,-1.5821575,-27.301615,19.725506,True
2024-05-02 11:30:00,4.36,104,-4,-2.4699996,4.315521,-25.002375,25.257458,True,-8.18,4.4564567,-25.170015,25.372696,True
2024-05-02 11:35:00,7.0099998,104,-4,-3.2999995,6.9961085,-23.530144,27.44714,True,-8.25,7.1688094,-23.695103,27.589108,True
2024-05-02 11:40:00,7.6700015,104,-3,-3.2899992,7.3484664,-22.048878,27.1054,True,-8.489999,7.2677016,-22.354315,27.050903,True
2024-05-02 11:45:00,7.0899997,104,-4,-5.400001,6.6912246,-21.553244,26.298676,True,-8.79,6.5383716,-21.916464,26.188126,True
2024-05-02 11:50:00,7.139999,104,-4,-7.64,6.479938,-21.164774,25.976112,True,-9.07,6.1053863,-21.656305,25.689205,True
2024-05-02 11:55:00,7.2599998,104,-6,-8.69,6.197519,-20.709795,25.548443,True,-10.11,5.4854426,-21.391167,24.989594,True
2024-05-02 12:00:00,6.6300006,104,-6,-9.53,5.4850364,-20.52633,24.979027,True,-10.76,4.6905837,-21.26948,24.351704,True
2024-05-02 12:05:00,6.94,104,-5,-9.4,5.6987243,-19.809914,25.05922,True,-10.8,4.818929,-20.611628,24.362152,True
2024-05-02 12:10:00,6.1599994,104,-3,-8.97,5.3266215,-19.792776,24.680042,True,3.5799997,4.772615,-20.44286,24.24693,True
2024-05-02 12:15:00,2.1499994,104,-5,-9.03,2.2420404,-21.379295,22.110607,True,3.0200002,2.4297025,-21.652431,22.275314,True
2024-05-02 12:20:00,0.62000054,104,-7,-8.86,1.2823464,-21.601425,21.135288,True,3.01,1.9406315,-21.623894,21.682621,True
2024-05-02 12:25:00,-0.05999978,104,-7,-8.42,0.94825524,-21.355608,20.607105,True,-1.7400001,1.8924404,-21.217537,21.389889,True
2024-05-02 12:30:00,-2.4699996,104,-7,-8.18,-0.6903003,-22.131786,19.09608,True,-1.1800007,0.9051148,-21.60351,20.407589,True
2024-05-02 12:35:00,-3.2999995,104,-8,-8.25,-1.1857914,-22.597351,18.61861,True,-0.41000018,0.69288605,-21.904139,20.16018,True
2024-05-02 12:40:00,-3.2899992,104,-7,-8.489999,-0.89370567,-22.941088,18.970333,True,-1.7500004,1.222036,-22.138203,20.701344,True
2024-05-02 12:45:00,-5.400001,104,-7,-8.79,-2.9187434,-24.891874,17.405334,True,-9.98,-0.7307151,-24.044546,19.195267,True
2024-05-02 12:50:00,-7.64,104,-9,-9.07,-5.371652,-27.598585,15.63422,True,-10.5,-3.370333,-26.89176,17.27517,True
2024-05-02 12:55:00,-8.69,104,-11,-10.11,-6.741118,-28.941149,14.666584,True,-8.05,-5.023907,-28.428988,16.084087,True
2024-05-02 13:00:00,-9.53,104,-13,-10.76,-7.4108872,-29.722752,14.260216,True,-6.319999,-5.549907,-29.138607,15.795959,True
2024-05-02 13:05:00,-9.4,104,-13,-10.8,-7.064545,-29.761217,14.632927,True,-4.81,-5.0157094,-29.088148,16.319153,True
2024-05-02 13:10:00,-8.97,104,-12,3.5799997,-6.302607,-29.469412,15.155334,True,-7.219999,-3.9546177,-28.652012,17.076363,True
2024-05-02 13:15:00,-9.03,104,-12,3.0200002,-4.6867976,-30.513563,17.739708,True,-13.57,-0.8730605,-28.930052,20.775185,True
2024-05-02 13:20:00,-8.86,104,-12,3.01,-2.3905356,-35.473957,23.295918,True,-17.84,3.2102945,-33.17837,27.544739,True
2024-05-02 13:25:00,-8.42,104,-12,-1.7400001,-0.8699363,-40.462116,27.479214,True,-21.32,5.5586143,-37.966316,32.17623,True
2024-05-02 13:30:00,-8.18,104,-11,-1.1800007,-1.3954929,-43.44268,28.0615,True,-21.97,4.374231,-41.424034,32.23958,True
2024-05-02 13:35:00,-8.25,104,-12,-0.41000018,-2.3793795,-47.699116,28.513916,True,-22.61,2.5934083,-46.21492,32.076668,True
2024-05-02 13:40:00,-8.489999,104,-13,-1.7500004,-2.942322,-50.480507,29.014362,True,-22.9,1.7456528,-49.208668,32.330574,True
2024-05-02 13:45:00,-8.79,104,-13,-9.98,-3.319895,-53.888325,29.93161,True,-22.01,1.2863938,-52.74202,33.130993,True
2024-05-02 13:50:00,-9.07,104,-14,-10.5,-6.205772,-53.992085,26.87262,True,-21.97,-3.7923796,-53.977966,28.564735,True
2024-05-02 13:55:00,-10.11,104,-14,-8.05,-9.037725,-57.515533,25.27657,True,-24.48,-8.166796,-58.261616,25.83902,True
2024-05-02 14:00:00,-10.76,104,-16,-6.319999,-11.094071,-59.914467,24.053753,True,-26.45,-11.418613,-61.217335,23.72509,True
2024-05-02 14:05:00,-10.8,104,-14,-4.81,-12.191744,-61.854523,23.45293,True,-30.09,-13.404152,-63.565285,22.450424,True
2024-05-02 14:10:00,3.5799997,104,-4,-7.219999,-0.71027786,-59.972088,32.89744,True,-31.9,-4.0872426,-62.54629,30.312607,True
2024-05-02 14:15:00,3.0200002,104,-7,-13.57,-2.564316,-61.908245,31.589397,True,-34.82,-6.999788,-64.82156,28.170662,True
2024-05-02 14:20:00,3.01,104,-10,-17.84,-5.126143,-64.446815,29.930958,True,-36.86,-11.540854,-67.92318,24.937126,True
2024-05-02 14:25:00,-1.7400001,104,-15,-21.32,-10.873608,-68.51808,26.061714,True,-36.61,-18.071539,-72.128006,20.364155,True
2024-05-02 14:30:00,-1.1800007,104,-20,-21.97,-12.747257,-71.518166,24.833939,True,-40.91,-21.644598,-75.4351,17.711075,True
2024-05-02 14:35:00,-0.41000018,104,-24,-22.61,-14.383596,-75.21924,24.016216,True,-43.0,-24.852493,-79.31965,15.555595,True
2024-05-02 14:40:00,-1.7500004,104,-30,-22.9,-17.13341,-77.364365,21.81509,True,-37.77,-28.427935,-81.52158,12.58062,True
2024-05-02 14:45:00,-9.98,104,-34,-22.01,-24.644434,-79.27656,15.382622,True,-36.75,-35.14876,-83.497116,6.6829734,True
2024-05-02 14:50:00,-10.5,104,-40,-21.97,-26.151773,-79.843834,14.004219,True,-38.16,-37.13771,-84.101654,4.7991996,True
2024-05-02 14:55:00,-8.05,104,-40,-24.48,-25.095943,-80.222725,15.164619,True,-38.15,-36.897175,-84.40915,5.1695952,True
2024-05-02 15:00:00,-6.319999,104,-44,-26.45,-24.87491,-79.709335,15.307518,True,-39.64,-37.4748,-83.897934,4.482,True
2024-05-02 15:05:00,-4.81,104,-47,-30.09,-24.1827,-81.16736,16.692299,True,-40.59,-37.211563,-85.16728,5.4309745,True
2024-05-02 15:10:00,-7.219999,104,-52,-31.9,-24.81702,-80.324554,16.125301,True,-39.58,-36.77372,-84.25963,5.7252975,True
2024-05-02 15:15:00,-13.57,104,-57,-34.82,-28.928722,-80.94394,12.54932,True,-36.71,-39.259064,-84.851685,3.4821355,True
2024-05-02 15:20:00,-17.84,104,-61,-36.86,-32.254433,-82.15275,9.813993,True,-37.99,-41.70223,-85.974686,1.3880821,True
2024-05-02 15:25:00,-21.32,104,-65,-36.61,-34.500156,-82.06035,7.5431285,True,-37.47,-42.961132,-85.77193,-0.1320556,True
2024-05-02 15:30:00,-21.97,104,-68,-40.91,-34.955753,-81.41199,6.366779,True,-38.66,-43.177704,-85.08127,-1.1760391,True
2024-05-02 15:35:00,-22.61,104,-71,-43.0,-35.88734,-79.21893,3.6884382,True,-38.75,-44.11304,-83.08638,-3.8896868,True
2024-05-02 15:40:00,-22.9,104,-73,-37.77,-35.792564,-76.27634,1.9252449,True,-36.84,-43.64937,-80.20409,-5.3657002,True
2024-05-02 15:45:00,-22.01,104,-73,-36.75,-34.20094,-75.9002,2.4502065,True,-34.61,-41.733425,-79.596,-4.5334067,True
2024-05-02 15:50:00,-21.97,104,-74,-38.16,-34.299816,-75.32311,0.98526925,True,-36.35,-41.78422,-78.93492,-5.9632974,True
2024-05-02 15:55:00,-24.48,104,-74,-38.15,-37.64191,-77.11251,-2.8295348,True,-39.96,-45.22678,-80.86871,-9.828707,True
2024-05-02 16:00:00,-26.45,104,-75,-39.64,-41.142475,-79.42127,-6.336724,True,-45.93,-49.22369,-83.4921,-13.715333,True
2024-05-02 16:05:00,-30.09,104,-74,-40.59,-44.79823,-80.02538,-10.653308,True,-49.57,-52.55189,-84.33668,-17.655914,True
2024-05-02 16:10:00,-31.9,104,-72,-39.58,-47.10591,-78.73512,-14.138571,True,-51.66,-54.839752,-83.378815,-21.080568,True
2024-05-02 16:15:00,-34.82,104,-70,-36.71,-49.40458,-76.63824,-17.747145,True,-54.23,-56.71586,-81.638985,-24.202477,True
2024-05-02 16:20:00,-36.86,104,-71,-37.99,-48.107243,-72.03348,-18.40509,True,-52.09,-54.02637,-76.71901,-23.533577,True
2024-05-02 16:25:00,-36.61,104,-70,-37.47,-44.893932,-67.89563,-16.743788,True,-50.38,-49.574593,-71.86037,-20.796701,True
2024-05-02 16:30:00,-40.91,104,-71,-38.66,-42.54179,-66.02219,-15.533135,True,-42.99,-43.855843,-67.905594,-16.620913,True
2024-05-02 16:35:00,-43.0,104,-75,-38.75,-41.72444,-67.55853,-14.477342,True,-37.33,-41.31802,-68.30727,-14.064325,True
2024-05-02 16:40:00,-37.77,104,-74,-36.84,-37.45496,-67.930885,-9.713769,True,-41.79,-37.59558,-69.06784,-9.757037,True
2024-05-02 16:45:00,-36.75,104,-69,-34.61,-35.39917,-67.098305,-7.9199986,True,-47.97,-34.763714,-67.78933,-7.277453,True
2024-05-02 16:50:00,-38.16,104,-73,-36.35,-35.24473,-66.21857,-8.333444,True,-51.4,-33.35119,-66.06214,-6.6058803,True
2024-05-02 16:55:00,-38.15,104,-70,-39.96,-35.10051,-65.54012,-8.641521,True,-50.97,-32.992027,-65.17543,-6.719744,True
2024-05-02 17:00:00,-39.64,104,-69,-45.93,-36.76559,-66.08492,-10.036718,True,-44.43,-34.751507,-65.68585,-8.192775,True
2024-05-02 17:05:00,-40.59,104,-70,-49.57,-38.1078,-66.717384,-10.745889,True,-50.09,-36.390858,-66.45238,-9.147293,True
2024-05-02 17:10:00,-39.58,104,-69,-51.66,-38.05452,-67.27832,-9.914013,True,-61.03,-37.085938,-67.54004,-8.94186,True
2024-05-02 17:15:00,-36.71,104,-63,-54.23,-36.374973,-67.47967,-7.512731,True,-62.64,-36.347588,-68.40281,-7.334005,True
2024-05-02 17:20:00,-37.99,104,-60,-52.09,-38.261616,-70.544426,-8.140342,True,-70.57,-38.71295,-71.742065,-8.362318,True
2024-05-02 17:25:00,-37.47,104,-57,-50.38,-38.648323,-71.77007,-7.866655,True,-73.22,-39.817524,-73.39602,-8.680799,True
2024-05-02 17:30:00,-38.66,104,-56,-42.99,-40.548424,-74.175385,-8.876927,True,-75.25,-42.267582,-76.11902,-10.127932,True
2024-05-02 17:35:00,-38.75,104,-63,-37.33,-41.785103,-76.65449,-9.278036,True,-78.72,-44.38553,-79.10986,-11.216691,True
2024-05-02 17:40:00,-36.84,104,-64,-41.79,-41.558956,-77.468,-8.978476,True,-83.02,-45.445827,-80.62194,-11.934176,False
2024-05-02 17:45:00,-34.61,104,-65,-47.97,-41.64667,-78.44761,-9.070115,True,-82.27,-47.25669,-82.49531,-13.389332,True
2024-05-02 17:50:00,-36.35,104,-68,-51.4,-45.59445,-80.83486,-12.615941,True,-84.2,-52.730392,-85.905334,-18.080376,True
2024-05-02 17:55:00,-39.96,104,-72,-50.97,-51.05847,-84.15684,-17.361677,True,-85.15,-59.4116,-90.28128,-23.663576,True
2024-05-02 18:00:00,-45.93,104,-78,-44.43,-58.55286,-89.61996,-23.390509,True,-84.61,-67.87758,-96.87238,-30.23627,True
2024-05-02 18:05:00,-49.57,104,-86,-50.09,-63.744473,-93.47844,-27.45661,True,-83.51,-74.119194,-101.8171,-34.950417,True
2024-05-02 18:10:00,-51.66,104,-84,-61.03,-67.102036,-94.76738,-30.528856,True,-81.75,-78.3407,-104.059715,-38.63677,True
2024-05-02 18:15:00,-54.23,104,-88,-62.64,-70.264046,-95.98727,-33.552708,True,-87.3,-81.90716,-105.95287,-41.94113,True
2024-05-02 18:20:00,-52.09,104,-88,-70.57,-69.591774,-94.90661,-33.31222,True,-89.01,-82.11137,-105.499794,-42.4569,True
2024-05-02 18:25:00,-50.38,104,-89,-73.22,-68.31953,-92.49242,-33.060005,True,-89.0,-81.012825,-103.255455,-42.484795,True
2024-05-02 18:30:00,-42.99,104,-89,-75.25,-63.112328,-87.11056,-29.574785,True,-88.46,-76.91595,-98.262695,-40.231956,True
2024-05-02 18:35:00,-37.33,104,-89,-78.72,-58.861084,-82.28576,-26.630806,True,-88.62,-73.22796,-93.52431,-38.09351,True
2024-05-02 18:40:00,-41.79,104,-89,-83.02,-61.06793,-82.85676,-28.918985,False,-87.2,-73.93247,-93.5239,-39.0554,True
2024-05-02 18:45:00,-47.97,104,-91,-82.27,-64.428375,-85.43568,-31.998682,True,-84.49,-75.44798,-95.1329,-40.471718,True
2024-05-02 18:50:00,-51.4,104,-95,-84.2,-65.788315,-87.158676,-33.060734,True,-83.41,-75.370895,-95.8294,-40.315304,True
2024-05-02 18:55:00,-50.97,104,-97,-85.15,-63.582577,-87.111305,-30.449203,True,-81.58,-71.791954,-94.34077,-36.694187,True
2024-05-02 19:00:00,-44.43,104,-87,-84.61,-57.135582,-86.77252,-23.505789,True,-80.64,-64.91042,-92.65084,-29.649168,True
2024-05-02 19:05:00,-50.09,104,-82,-83.51,-58.42959,-91.240135,-23.892979,True,-78.87,-63.479797,-95.135185,-27.774261,True
2024-05-02 19:10:00,-61.03,104,-80,-81.75,-62.89303,-96.42566,-27.369791,True,-77.19,-64.15699,-97.78299,-28.209183,True
2024-05-02 19:15:00,-62.64,104,-82,-87.3,-59.95935,-97.30222,-24.109718,True,-74.46,-58.65055,-96.81814,-22.966976,True
2024-05-02 19:20:00,-70.57,104,-79,-89.01,-61.788464,-98.7436,-26.79441,True,-71.56,-57.029114,-95.53738,-23.040993,True
2024-05-02 19:25:00,-73.22,104,-82,-89.0,-61.57799,-98.761154,-27.318073,True,-68.62,-55.205765,-94.18903,-22.331343,True
2024-05-02 19:30:00,-75.25,104,-86,-88.46,-61.373653,-98.75347,-27.819496,True,-68.24,-53.631916,-92.96092,-21.788237,True
2024-05-02 19:35:00,-78.72,104,-89,-88.62,-62.676765,-99.554306,-29.552597,True,-67.28,-53.45333,-92.22722,-22.428104,True
2024-05-02 19:40:00,-83.02,104,-97,-87.2,-65.065994,-100.96111,-32.274246,True,-66.45,-54.4107,-91.9405,-24.098244,True
2024-05-02 19:45:00,-82.27,104,-97,-84.49,-64.1673,-99.37072,-32.392517,True,-58.630005,-53.113976,-89.90982,-23.817802,True
2024-05-02 19:50:00,-84.2,104,-96,-83.41,-65.96222,-100.4383,-34.28916,True,-57.51,-54.491024,-90.312294,-25.397705,True
2024-05-02 19:55:00,-85.15,104,-95,-81.58,-67.612785,-101.35904,-35.906548,True,-54.22,-56.287003,-91.179375,-27.125349,True
2024-05-02 20:00:00,-84.61,104,-93,-80.64,-67.87097,-101.28564,-36.41329,True,-54.16,-56.823917,-91.33819,-27.817541,True
2024-05-02 20:05:00,-83.51,104,-91,-78.87,-67.56302,-100.78632,-36.480553,True,-51.61,-56.805214,-91.139206,-28.079937,True
2024-05-02 20:10:00,-81.75,104,-90,-77.19,-67.6001,-99.67762,-37.140236,True,-50.42,-57.861244,-90.972046,-29.506464,True
2024-05-02 20:15:00,-87.3,104,-88,-74.46,-72.5084,-104.288,-41.191174,True,-47.7,-62.018204,-94.53072,-33.079636,True
2024-05-02 20:20:00,-89.01,104,-92,-71.56,-74.93031,-105.777054,-43.470783,True,-50.26,-64.69563,-96.10337,-35.58519,True
2024-05-02 20:25:00,-89.0,104,-92,-68.62,-75.13775,-105.64763,-43.779457,True,-53.16,-64.87782,-95.91009,-35.872047,True
2024-05-02 20:30:00,-88.46,104,-90,-68.24,-75.06276,-105.031784,-43.936928,True,-55.49,-64.92698,-95.377144,-36.116318,True
2024-05-02 20:35:00,-88.62,104,-91,-67.28,-75.89359,-104.95502,-44.90947,True,-56.51,-65.993805,-95.4379,-37.271446,True
2024-05-02 20:40:00,-87.2,104,-89,-66.45,-75.784996,-103.32844,-45.520885,True,-59.02,-66.65847,-94.50558,-38.45347,True
2024-05-02 20:45:00,-84.49,104,-87,-58.630005,-73.88641,-100.57709,-44.567745,True,-59.61,-65.23665,-92.2443,-37.818176,True
2024-05-02 20:50:00,-83.41,104,-85,-57.51,-73.62177,-99.15226,-45.16373,True,-71.87,-65.45233,-91.22851,-38.750698,True
2024-05-02 20:55:00,-81.58,104,-84,-54.22,-72.453476,-96.85673,-45.01317,True,-71.17,-64.72721,-89.33533,-38.891865,True
2024-05-02 21:00:00,-80.64,104,-85,-54.16,-70.235146,-95.096176,-43.509773,True,-70.6,-61.265488,-86.30003,-36.313065,True
2024-05-02 21:05:00,-78.87,104,-84,-51.61,-68.09361,-92.83346,-42.380585,True,-69.34,-58.63859,-83.508125,-34.687542,True
2024-05-02 21:10:00,-77.19,104,-83,-50.42,-66.42092,-90.88748,-41.55805,True,-67.630005,-56.83762,-81.41761,-33.67866,True
2024-05-02 21:15:00,-74.46,104,-81,-47.7,-64.27983,-89.00919,-39.95862,True,-63.37,-55.01302,-79.960106,-32.351902,True
2024-05-02 21:20:00,-71.56,104,-78,-50.26,-61.32685,-86.87681,-37.335194,True,-66.23,-51.855026,-77.7258,-29.557491,True
2024-05-02 21:25:00,-68.62,104,-77,-53.16,-58.5204,-84.77673,-35.2193,True,-66.94,-49.094566,-75.79309,-27.484493,True
2024-05-02 21:30:00,-68.24,104,-77,-55.49,-58.410976,-85.53461,-34.76526,True,-68.97,-49.170067,-76.79784,-27.257174,True
2024-05-02 21:35:00,-67.28,104,-77,-56.51,-57.713516,-85.40095,-33.792515,True,-71.07001,-48.67753,-76.94405,-26.502699,True
2024-05-02 21:40:00,-66.45,104,-76,-59.02,-57.870033,-85.5511,-33.726192,True,-71.65,-49.734455,-78.02752,-27.235598,True
2024-05-02 21:45:00,-58.630005,104,-65,-59.61,-51.50264,-78.917206,-28.976837,True,-72.2,-44.6777,-72.899284,-23.493073,True
2024-05-02 21:50:00,-57.51,104,-63,-71.87,-51.924603,-78.54199,-29.719893,True,-70.45,-46.60743,-73.88434,-25.481266,True
2024-05-02 21:55:00,-54.22,104,-61,-71.17,-50.763756,-75.88543,-29.487125,True,-69.68,-47.519978,-73.058395,-26.914911,True
2024-05-02 22:00:00,-54.16,104,-59,-70.6,-52.06564,-75.58617,-30.947142,True,-70.58,-50.112785,-73.82742,-29.428595,True
2024-05-02 22:05:00,-51.61,104,-56,-69.34,-50.708496,-73.24956,-30.006495,True,-69.76,-49.859936,-72.42688,-29.391495,True
2024-05-02 22:10:00,-50.42,104,-54,-67.630005,-50.44798,-72.15837,-30.164717,True,-69.54,-50.43142,-72.022026,-30.241655,True
2024-05-02 22:15:00,-47.7,104,-48,-63.37,-49.412647,-70.709145,-29.478611,True,-74.87,-50.862614,-71.76327,-30.781105,False
2024-05-02 22:20:00,-50.26,104,-53,-66.23,-52.439194,-72.73338,-31.80762,True,-76.22,-54.2424,-74.10194,-33.39246,False
2024-05-02 22:25:00,-53.16,104,-54,-66.94,-55.360542,-74.7455,-33.95683,True,-73.66,-57.13321,-76.113365,-35.507084,True
2024-05-02 22:30:00,-55.49,104,-56,-68.97,-57.53695,-76.15223,-35.549355,True,-72.62,-59.143063,-77.392555,-36.962086,True
2024-05-02 22:35:00,-56.51,104,-58,-71.07001,-58.42788,-76.35074,-36.070942,True,-72.22,-59.890976,-77.46794,-37.372765,True
2024-05-02 22:40:00,-59.02,104,-58,-71.65,-60.445156,-77.70778,-37.51313,True,-74.49,-61.48434,-78.45795,-38.46638,True
2024-05-02 22:45:00,-59.61,104,-61,-72.2,-60.196957,-77.40209,-37.135056,True,-75.78,-60.566643,-77.54005,-37.549892,True
2024-05-02 22:50:00,-71.87,104,-64,-70.45,-70.06831,-87.06899,-44.959316,True,-79.57,-68.49605,-85.345665,-43.82266,True
2024-05-02 22:55:00,-71.17,104,-74,-69.68,-69.25936,-86.180176,-44.30141,True,-80.94,-67.61373,-84.37701,-43.111103,True
2024-05-02 23:00:00,-70.6,104,-71,-70.58,-68.63546,-85.52157,-43.61169,True,-84.5,-66.95683,-83.67739,-42.402782,False
2024-05-02 23:05:00,-69.34,104,-71,-69.76,-66.98474,-83.394684,-42.269848,True,-85.13,-65.020164,-81.26718,-40.831047,False
2024-05-02 23:10:00,-67.630005,104,-70,-69.54,-65.09505,-81.259865,-40.868454,True,-84.08,-62.995945,-79.00237,-39.320396,False
2024-05-02 23:15:00,-63.37,104,-66,-74.87,-62.01288,-77.74291,-38.654785,True,-83.350006,-60.837315,-76.38624,-37.85924,False
2024-05-02 23:20:00,-66.23,104,-65,-76.22,-65.38097,-81.39348,-41.60834,True,-83.22,-64.56754,-80.371025,-41.128075,False
2024-05-02 23:25:00,-66.94,104,-68,-73.66,-66.67256,-82.99221,-42.699978,True,-82.18,-66.310646,-82.3972,-42.599052,True
2024-05-02 23:30:00,-68.97,104,-69,-72.62,-68.62901,-84.942566,-44.370453,True,-80.9,-68.19901,-84.27268,-44.220078,True
2024-05-02 23:35:00,-71.07001,104,-72,-72.22,-70.56626,-86.62133,-45.879135,True,-78.63,-70.001785,-85.80952,-45.622414,True
2024-05-02 23:40:00,-71.65,104,-72,-74.49,-70.80489,-86.28154,-46.18018,True,-76.91,-69.944786,-85.17535,-45.707047,True
2024-05-02 23:45:00,-72.2,104,-73,-75.78,-71.38711,-86.827995,-47.08921,True,-72.090004,-70.534164,-85.72769,-46.63284,True
2024-05-02 23:50:00,-70.45,104,-71,-79.57,-69.48985,-84.0882,-46.14013,True,-67.82,-68.514366,-82.86625,-45.591766,True
2024-05-02 23:55:00,-69.68,104,-69,-80.94,-68.32553,-82.70347,-45.562458,True,-65.02,-66.99606,-81.133415,-44.734905,True
2024-05-03 00:00:00,-70.58,104,-69,-84.5,-68.91213,-83.41746,-46.619087,False,-62.77,-67.32166,-81.59067,-45.57268,True
2024-05-03 00:05:00,-69.76,104,-69,-85.13,-68.01592,-83.21385,-46.097248,False,-62.43,-66.41064,-81.37909,-45.028423,True
2024-05-03 00:10:00,-69.54,104,-69,-84.08,-68.106224,-83.60242,-46.022125,False,-62.36,-66.8153,-82.06082,-45.19718,True
2024-05-03 00:15:00,-74.87,104,-69,-83.350006,-73.08368,-89.05651,-49.725643,True,-60.6,-71.49595,-87.19409,-48.666767,True
2024-05-03 00:20:00,-76.22,104,-75,-83.22,-73.75509,-89.64054,-50.490982,True,-59.38,-71.62836,-87.23409,-48.99577,True
2024-05-03 00:25:00,-73.66,104,-72,-82.18,-71.17621,-87.42857,-48.736393,True,-58.08,-69.051476,-85.03053,-47.235844,True
2024-05-03 00:30:00,-72.62,104,-71,-80.9,-70.57754,-88.05969,-48.26412,True,-59.04,-68.79307,-85.993126,-47.05884,True
2024-05-03 00:35:00,-72.22,104,-69,-78.63,-70.24115,-88.09192,-47.638638,True,-59.15,-68.528404,-86.08276,-46.497738,True
2024-05-03 00:40:00,-74.49,104,-69,-76.91,-71.30618,-88.87174,-48.307457,True,-58.02,-68.678185,-85.95371,-46.431633,True
2024-05-03 00:45:00,-75.78,104,-68,-72.090004,-72.05948,-88.936104,-49.44623,True,-61.959995,-69.01506,-85.59002,-47.234203,True
2024-05-03 00:50:00,-79.57,104,-67,-67.82,-74.82203,-91.903786,-51.658337,True,-67.64,-70.93288,-87.676796,-48.80479,True
2024-05-03 00:55:00,-80.94,104,-69,-65.02,-75.624275,-92.76929,-52.793674,True,-69.75,-71.228065,-88.01552,-49.54979,True
2024-05-03 01:00:00,-84.5,104,-68,-62.77,-78.00178,-95.739975,-54.57152,True,-69.05,-72.580124,-89.90467,-50.560955,True
2024-05-03 01:05:00,-85.13,104,-71,-62.43,-78.652626,-96.57804,-55.609013,True,-68.02,-73.15743,-90.664856,-51.56263,True
2024-05-03 01:10:00,-84.08,104,-71,-62.36,-77.73968,-95.47664,-55.151676,True,-68.05,-72.35559,-89.68167,-51.18932,True
2024-05-03 01:15:00,-83.350006,104,-70,-60.6,-77.29701,-94.94109,-55.011734,True,-68.21,-72.10379,-89.34067,-51.208748,True
2024-05-03 01:20:00,-83.22,104,-70,-59.38,-77.08856,-94.89486,-55.153973,True,-68.2,-71.79163,-89.18965,-51.266148,True
2024-05-03 01:25:00,-82.18,104,-66,-58.08,-76.68836,-94.08358,-55.00784,True,-67.79,-71.889206,-88.883,-51.52518,True
2024-05-03 01:30:00,-80.9,104,-69,-59.04,-76.236084,-93.44063,-54.6605,True,-66.59,-72.09899,-88.919586,-51.713326,True
2024-05-03 01:35:00,-78.63,104,-68,-59.15,-74.74794,-91.58584,-53.58669,True,-66.79,-71.28275,-87.75525,-51.157085,True
2024-05-03 01:40:00,-76.91,104,-68,-58.02,-74.14487,-91.074265,-53.034748,True,-68.07,-71.611084,-88.18263,-51.343338,True
2024-05-03 01:45:00,-72.090004,104,-65,-61.959995,-70.594574,-87.49417,-50.066418,True,-69.97001,-69.17153,-85.69993,-49.24255,True
2024-05-03 01:50:00,-67.82,104,-63,-67.64,-67.76106,-84.34109,-47.63096,True,-70.43,-67.55801,-83.69928,-47.773952,True
2024-05-03 01:55:00,-65.02,104,-61,-69.75,-66.003944,-82.02278,-46.186707,True,-70.97,-66.65743,-82.16336,-47.017376,True
2024-05-03 02:00:00,-62.77,104,-59,-69.05,-64.40091,-79.9784,-44.887173,True,-72.090004,-65.57458,-80.578995,-46.147034,True
2024-05-03 02:05:00,-62.43,104,-58,-68.02,-64.36205,-79.404816,-44.917225,True,-72.06,-65.76806,-80.21453,-46.373436,True
2024-05-03 02:10:00,-62.36,104,-59,-68.05,-64.733894,-79.17727,-45.208817,True,-71.66,-66.474724,-80.288086,-46.946697,True
2024-05-03 02:15:00,-60.6,104,-57,-68.21,-63.543148,-77.93992,-44.032528,True,-70.44,-65.72139,-79.41863,-46.137745,True
2024-05-03 02:20:00,-59.38,104,-54,-68.2,-62.7109,-76.804375,-43.288116,True,-69.3,-65.17285,-78.52113,-45.640274,True
2024-05-03 02:25:00,-58.08,104,-53,-67.79,-61.664368,-75.88473,-42.292133,True,-67.26,-64.31181,-77.73786,-44.801594,True
2024-05-03 02:30:00,-59.04,104,-54,-66.59,-62.56174,-75.79629,-43.19182,True,-66.69,-65.135735,-77.613266,-45.65363,True
2024-05-03 02:35:00,-59.15,104,-55,-66.79,-62.568825,-75.312485,-43.43088,True,-65.1,-65.053474,-77.05933,-45.82823,True
2024-05-03 02:40:00,-58.02,104,-54,-68.07,-61.20057,-73.49102,-42.55452,True,-64.700005,-63.500244,-75.07823,-44.81891,True
2024-05-03 02:45:00,-61.959995,104,-54,-69.97001,-63.887733,-74.91854,-45.22095,True,-63.41,-65.22404,-75.7059,-46.675606,True
2024-05-03 02:50:00,-67.64,104,-60,-70.43,-68.212135,-77.81359,-49.328133,True,-62.4,-68.48445,-77.65069,-49.890114,True
2024-05-03 02:55:00,-69.75,104,-69,-70.97,-69.85219,-78.61399,-51.109116,True,-62.33,-69.74971,-78.10047,-51.36259,True
2024-05-03 03:00:00,-69.05,104,-69,-72.090004,-69.01814,-77.49995,-50.695374,True,-60.9,-68.813515,-76.88823,-50.8665,True
2024-05-03 03:05:00,-68.02,104,-67,-72.06,-68.08058,-76.34761,-50.054707,True,-60.37,-67.9526,-75.81041,-50.290638,True
2024-05-03 03:10:00,-68.05,104,-66,-71.66,-68.12866,-76.0513,-50.027534,True,-59.5,-68.01242,-75.52741,-50.276005,True
2024-05-03 03:15:00,-68.21,104,-66,-70.44,-68.04738,-75.832375,-50.274616,True,-62.29,-67.742744,-75.122215,-50.356583,True
2024-05-03 03:20:00,-68.2,104,-66,-69.3,-67.85491,-75.40872,-50.37155,True,-62.9,-67.40577,-74.56076,-50.332825,True
2024-05-03 03:25:00,-67.79,104,-65,-67.26,-67.3104,-74.83252,-50.115536,True,-62.16,-66.75518,-73.882965,-49.98769,True
2024-05-03 03:30:00,-66.59,104,-63,-66.69,-66.04483,-73.673355,-49.2195,True,-62.44,-65.4415,-72.679016,-49.05107,True
2024-05-03 03:35:00,-66.79,104,-61,-65.1,-65.9484,-73.746895,-49.285515,True,-61.98,-65.10471,-72.51807,-48.913094,True
2024-05-03 03:40:00,-68.07,104,-61,-64.700005,-66.9445,-74.7579,-50.286945,True,-61.67,-65.85795,-73.2901,-49.712242,True
2024-05-03 03:45:00,-69.97001,104,-62,-63.41,-68.527336,-76.27463,-51.81501,True,-61.51,-67.15884,-74.526955,-51.009155,True
2024-05-03 03:50:00,-70.43,104,-65,-62.4,-68.84895,-76.64085,-52.165157,True,-60.47,-67.35003,-74.76496,-51.254726,True
2024-05-03 03:55:00,-70.97,104,-65,-62.33,-69.30428,-77.195755,-52.531887,True,-60.52,-67.721504,-75.23616,-51.55504,True
2024-05-03 04:00:00,-72.090004,104,-66,-60.9,-70.37306,-78.20874,-53.50463,True,-59.11,-68.731445,-76.18915,-52.482883,True
2024-05-03 04:05:00,-72.06,104,-66,-60.37,-70.35108,-78.25303,-53.57264,True,-58.32,-68.71128,-76.23738,-52.55279,True
2024-05-03 04:10:00,-71.66,104,-66,-59.5,-70.07248,-78.183815,-53.24418,True,-57.57,-68.53505,-76.27485,-52.30733,True
2024-05-03 04:15:00,-70.44,104,-66,-62.29,-69.15737,-77.291756,-52.428158,True,-56.63,-67.881096,-75.64089,-51.711887,True
2024-05-03 04:20:00,-69.3,104,-66,-62.9,-68.326195,-76.48764,-51.642582,True,-56.29,-67.31705,-75.10136,-51.147842,True
2024-05-03 04:25:00,-67.26,104,-64,-62.16,-66.60297,-74.807335,-50.162315,True,-56.16,-65.87269,-73.696144,-49.897816,True
2024-05-03 04:30:00,-66.69,104,-64,-62.44,-66.181305,-74.39492,-49.77665,True,-55.92,-65.58085,-73.41447,-49.614952,True
2024-05-03 04:35:00,-65.1,104,-63,-61.98,-64.77297,-72.84922,-48.692802,True,-55.11,-64.33279,-72.02272,-48.664284,True
2024-05-03 04:40:00,-64.700005,104,-64,-61.67,-64.615265,-72.56006,-48.446228,True,-54.47,-64.3819,-71.93236,-48.58676,True
2024-05-03 04:45:00,-63.41,104,-64,-61.51,-63.563244,-71.452866,-47.512543,True,-53.63,-63.53459,-71.01974,-47.818302,True
2024-05-03 04:50:00,-62.4,104,-62,-60.47,-62.72712,-70.564926,-46.689404,True,-53.63,-62.845604,-70.27399,-47.10822,True
2024-05-03 04:55:00,-62.33,104,-62,-60.52,-62.722214,-70.42185,-46.54563,True,-53.05,-62.88905,-70.17742,-46.996647,True
2024-05-03 05:00:00,-60.9,104,-61,-59.11,-61.465824,-68.89878,-45.590115,True,-52.17,-61.773453,-68.786606,-46.158913,True
2024-05-03 05:05:00,-60.37,104,-61,-58.32,-60.95046,-68.21736,-45.185215,True,-51.98,-61.267708,-68.11615,-45.75579,True
2024-05-03 05:10:00,-59.5,104,-60,-57.57,-60.091717,-67.217834,-44.60144,True,-51.45,-60.41516,-67.12424,-45.169773,True
2024-05-03 05:15:00,-62.29,104,-60,-56.63,-62.351246,-69.30967,-46.58108,True,-51.09,-62.237244,-68.80768,-46.76288,True
2024-05-03 05:20:00,-62.9,104,-64,-56.29,-62.747658,-69.47308,-47.17738,True,-50.47,-62.459736,-68.8095,-47.20154,True
2024-05-03 05:25:00,-62.16,104,-65,-56.16,-61.955765,-68.594215,-46.686462,True,-50.61,-61.628387,-67.89746,-46.67147,True
2024-05-03 05:30:00,-62.44,104,-65,-55.92,-62.050602,-68.576744,-46.918026,True,-50.66,-61.573635,-67.73798,-46.773224,True
2024-05-03 05:35:00,-61.98,104,-65,-55.11,-61.447285,-67.935196,-46.604694,True,-50.36,-60.85907,-66.99916,-46.357445,True
2024-05-03 05:40:00,-61.67,104,-65,-54.47,-60.960506,-67.442696,-46.367844,True,-49.64,-60.23193,-66.377426,-45.995804,True
2024-05-03 05:45:00,-61.51,104,-66,-53.63,-60.608772,-67.13189,-46.288273,True,-48.98,-59.72498,-65.91962,-45.78167,True
2024-05-03 05:50:00,-60.47,104,-65,-53.63,-59.49463,-66.18941,-45.526714,True,-47.96,-58.552387,-64.927505,-44.965458,True
2024-05-03 05:55:00,-60.52,104,-65,-53.05,-59.45234,-66.09291,-45.566616,True,-47.58,-58.4345,-64.764084,-44.936855,True
2024-05-03 06:00:00,-59.11,104,-64,-52.17,-58.266148,-64.789276,-44.62764,True,-47.61,-57.430656,-63.64346,-44.147987,True
2024-05-03 06:05:00,-58.32,104,-63,-51.98,-57.62251,-64.1496,-44.14583,True,-47.11,-56.906094,-63.121796,-43.762936,True
2024-05-03 06:10:00,-57.57,104,-63,-51.45,-57.018127,-63.564724,-43.65941,True,-46.65,-56.418304,-62.64836,-43.373493,True
2024-05-03 06:15:00,-56.63,104,-62,-51.09,-56.234077,-62.72385,-42.91062,True,-46.69,-55.762383,-61.936733,-42.72725,True
2024-05-03 06:20:00,-56.29,104,-61,-50.47,-55.93467,-62.39639,-42.621384,True,-46.77,-55.494217,-61.640198,-42.461643,True
2024-05-03 06:25:00,-56.16,104,-62,-50.61,-55.846302,-62.206215,-42.56452,True,-47.06,-55.439262,-61.48657,-42.427975,True
2024-05-03 06:30:00,-55.92,104,-62,-50.66,-55.71008,-61.822613,-42.553047,True,-47.04,-55.386917,-61.19007,-42.48447,True
2024-05-03 06:35:00,-55.11,104,-61,-50.36,-55.070793,-60.95186,-42.1038,True,-46.0,-54.88613,-60.456528,-42.1512,True
2024-05-03 06:40:00,-54.47,104,-61,-49.64,-54.53748,-60.22536,-41.75219,True,-45.31,-54.437775,-59.8141,-41.870697,True
2024-05-03 06:45:00,-53.63,104,-61,-48.98,-53.70262,-59.328247,-41.270176,True,-45.45,-53.609463,-58.93382,-41.38794,True
2024-05-03 06:50:00,-53.63,104,-62,-47.96,-53.509937,-59.103596,-41.327415,True,-46.82,-53.26062,-58.57058,-41.306896,True
2024-05-03 06:55:00,-53.05,104,-61,-47.58,-52.90694,-58.637886,-40.914165,True,-47.81,-52.639587,-58.092575,-40.875988,True
2024-05-03 07:00:00,-52.17,104,-61,-47.61,-52.086132,-58.03961,-40.253178,True,-47.73,-51.870556,-57.549976,-40.25344,True
2024-05-03 07:05:00,-51.98,104,-61,-47.11,-51.54833,-57.851444,-39.873486,True,-47.55,-51.04641,-57.10052,-39.620808,True
2024-05-03 07:10:00,-51.45,104,-61,-46.65,-50.801773,-57.333664,-39.589962,True,-46.880005,-50.121914,-56.430115,-39.17719,True
2024-05-03 07:15:00,-51.09,104,-61,-46.69,-50.17996,-57.13843,-39.15976,True,-46.4,-49.277092,-56.03102,-38.551342,True
2024-05-03 07:20:00,-50.47,104,-61,-46.77,-49.70716,-56.669548,-38.591698,True,-44.36,-48.92752,-55.6831,-38.083946,True
2024-05-03 07:25:00,-50.61,104,-60,-47.06,-50.135113,-56.833305,-38.80591,True,-45.58,-49.598755,-56.076893,-38.503387,True
2024-05-03 07:30:00,-50.66,104,-61,-47.04,-50.477966,-57.043785,-38.870083,True,-44.4,-50.18589,-56.515194,-38.771133,True
2024-05-03 07:35:00,-50.36,104,-60,-46.0,-50.145714,-56.98113,-38.206875,True,-45.44,-49.825687,-56.429153,-38.075687,True
2024-05-03 07:40:00,-49.64,104,-60,-45.31,-49.43213,-56.41908,-37.358936,True,-45.39,-49.117138,-55.877678,-37.22499,True
2024-05-03 07:45:00,-48.98,104,-60,-45.45,-48.99565,-55.815678,-36.622215,True,-44.95,-48.865376,-55.44732,-36.641758,True
2024-05-03 07:50:00,-47.96,104,-58,-46.82,-48.19292,-54.906982,-35.729595,True,-44.72,-48.241108,-54.705963,-35.898045,True
2024-05-03 07:55:00,-47.58,104,-58,-47.81,-47.98266,-54.471355,-35.558796,True,-43.53,-48.171486,-54.4081,-35.843628,True
2024-05-03 08:00:00,-47.61,104,-58,-47.73,-48.132442,-54.550003,-35.481678,True,-41.560005,-48.415154,-54.57351,-35.841507,True
2024-05-03 08:05:00,-47.11,104,-57,-47.55,-47.80568,-54.192066,-35.01606,True,-40.33,-48.22728,-54.34244,-35.488094,True
2024-05-03 08:10:00,-46.65,104,-55,-46.880005,-47.3714,-53.629776,-34.581738,True,-39.58,-47.810875,-53.80364,-35.06629,True
2024-05-03 08:15:00,-46.69,104,-54,-46.4,-47.327377,-53.487995,-34.49473,True,-38.96,-47.698887,-53.614086,-34.913326,True
2024-05-03 08:20:00,-46.77,104,-56,-44.36,-47.53623,-53.312317,-34.939087,True,-38.9,-48.015015,-53.549347,-35.448,True
2024-05-03 08:25:00,-47.06,104,-56,-45.58,-48.002457,-53.51457,-35.491203,True,-38.92,-48.623734,-53.886,-36.12067,True
2024-05-03 08:30:00,-47.04,104,-56,-44.4,-48.076427,-53.3008,-35.430973,True,-38.53,-48.781124,-53.76166,-36.129223,True
2024-05-03 08:35:00,-46.0,104,-55,-45.44,-47.19085,-52.28227,-34.65311,True,-38.14,-48.027157,-52.86846,-35.46654,True
2024-05-03 08:40:00,-45.31,104,-54,-45.39,-46.356407,-51.46322,-34.15099,True,-37.8,-47.081802,-51.965763,-34.866188,True
2024-05-03 08:45:00,-45.45,104,-52,-44.95,-46.34824,-51.363735,-34.298885,True,-37.0,-46.95995,-51.78059,-34.91097,True
2024-05-03 08:50:00,-46.82,104,-54,-44.72,-47.329838,-52.173588,-35.558746,True,-37.72,-47.632942,-52.339157,-35.895374,True
2024-05-03 08:55:00,-47.81,104,-54,-43.53,-48.053734,-52.79683,-36.346878,True,-38.36,-48.146152,-52.787575,-36.493797,True
2024-05-03 09:00:00,-47.73,104,-56,-41.560005,-47.727203,-52.572098,-36.45461,True,-38.95,-47.621933,-52.396408,-36.42348,True
2024-05-03 09:05:00,-47.55,104,-56,-40.33,-47.404224,-52.371796,-36.165207,True,-39.1,-47.182583,-52.099678,-36.02611,True
2024-05-03 09:10:00,-46.880005,104,-54,-39.58,-46.591705,-51.65037,-35.6788,True,-39.01,-46.255157,-51.28655,-35.434418,True
2024-05-03 09:15:00,-46.4,104,-53,-38.96,-46.186893,-51.100193,-35.691032,True,-39.020004,-45.918304,-50.808914,-35.50435,True
2024-05-03 09:20:00,-44.36,104,-50,-38.9,-44.245033,-49.327972,-34.03832,True,-38.85,-44.056656,-49.117733,-33.917934,True
2024-05-03 09:25:00,-45.58,104,-50,-38.92,-45.294456,-50.171413,-35.248917,True,-38.72,-44.971436,-49.852135,-35.004925,True
2024-05-03 09:30:00,-44.4,104,-49,-38.53,-44.055508,-49.138485,-34.2161,True,-38.46,-43.680237,-48.781303,-33.92059,True
2024-05-03 09:35:00,-45.44,104,-48,-38.14,-44.888546,-49.917896,-35.087467,True,-38.7,-44.34368,-49.416306,-34.637238,True
2024-05-03 09:40:00,-45.39,104,-50,-37.8,-44.8335,-49.902493,-35.085075,True,-38.590004,-44.283825,-49.406967,-34.623528,True
2024-05-03 09:45:00,-44.95,104,-49,-37.0,-44.437023,-49.57439,-34.876316,True,-38.12,-43.92148,-49.11952,-34.43869,True
2024-05-03 09:50:00,-44.72,104,-49,-37.72,-44.253876,-49.34226,-34.871796,True,-37.48,-43.780087,-48.934277,-34.46572,True
2024-05-03 09:55:00,-43.53,104,-49,-38.36,-43.19262,-48.212795,-34.137283,True,-37.15,-42.831425,-47.914227,-33.82724,True
2024-05-03 10:00:00,-41.560005,104,-48,-38.95,-41.31141,-46.53618,-32.574078,True,-37.05,-41.022583,-46.31079,-32.323193,True
2024-05-03 10:05:00,-40.33,104,-48,-39.1,-40.112717,-45.49331,-31.613873,True,-37.16,-39.849514,-45.298153,-31.380732,True
2024-05-03 10:10:00,-39.58,104,-48,-39.01,-39.362003,-44.81504,-31.037394,True,-37.35,-39.098976,-44.628902,-30.799253,True
2024-05-03 10:15:00,-38.96,104,-46,-39.020004,-38.771717,-44.275776,-30.572094,True,-37.59,-38.536156,-44.121178,-30.35357,True
2024-05-03 10:20:00,-38.9,104,-45,-38.85,-38.70302,-44.242306,-30.486494,True,-37.64,-38.462044,-44.091824,-30.257225,True
2024-05-03 10:25:00,-38.92,104,-44,-38.72,-38.631508,-44.237255,-30.43283,True,-37.420002,-38.31263,-44.026993,-30.128376,True
2024-05-03 10:30:00,-38.53,104,-45,-38.46,-38.09773,-43.924965,-29.885702,True,-37.25,-37.6508,-43.61367,-29.459852,True
2024-05-03 10:35:00,-38.14,104,-44,-38.7,-37.584282,-43.60558,-29.397062,True,-37.14,-37.02646,-43.20752,-28.866308,True
2024-05-03 10:40:00,-37.8,104,-44,-38.590004,-37.553036,-43.24067,-29.64308,True,-36.45,-37.276573,-43.09035,-29.360651,True
2024-05-03 10:45:00,-37.0,104,-44,-38.12,-36.881935,-42.440155,-29.253195,True,-36.02,-36.722637,-42.396336,-29.071203,True
2024-05-03 10:50:00,-37.72,104,-44,-37.48,-37.483185,-42.897087,-29.866095,True,-35.88,-37.225803,-42.776848,-29.590403,True
2024-05-03 10:55:00,-38.36,104,-45,-37.15,-38.099228,-43.324127,-30.505482,True,-35.77,-37.828865,-43.19889,-30.213934,True
2024-05-03 11:00:00,-38.95,104,-46,-37.05,-38.73273,-43.750446,-31.223589,True,-35.32,-38.509365,-43.671104,-30.970156,True
2024-05-03 11:05:00,-39.1,104,-46,-37.16,-38.925247,-43.812614,-31.541117,True,-35.22,-38.74524,-43.776836,-31.32192,True
2024-05-03 11:10:00,-39.01,104,-45,-37.35,-38.952,-43.68553,-31.690369,True,-34.78,-38.882435,-43.751087,-31.566984,True
2024-05-03 11:15:00,-39.020004,104,-44,-37.59,-39.11255,-43.651928,-31.963999,True,-34.81,-39.185085,-43.847794,-31.965757,True
2024-05-03 11:20:00,-38.85,104,-44,-37.64,-39.05368,-43.513393,-31.98091,True,-34.37,-39.23046,-43.80531,-32.073406,True
2024-05-03 11:25:00,-38.72,104,-43,-37.420002,-38.88535,-43.41305,-31.853987,True,-34.32,-39.03137,-43.683666,-31.913462,True
2024-05-03 11:30:00,-38.46,104,-43,-37.25,-38.54834,-43.18043,-31.593767,True,-34.24,-38.628887,-43.397717,-31.588936,True
2024-05-03 11:35:00,-38.7,104,-42,-37.14,-38.588966,-43.32341,-31.727072,True,-34.1,-38.49496,-43.392162,-31.558037,True
2024-05-03 11:40:00,-38.590004,104,-43,-36.45,-38.311714,-43.210423,-31.522785,True,-34.85,-38.068268,-43.15246,-31.211851,True
2024-05-03 11:45:00,-38.12,104,-42,-36.02,-37.69725,-42.793983,-31.065722,True,-35.04,-37.3225,-42.624702,-30.629131,True
2024-05-03 11:50:00,-37.48,104,-41,-35.88,-36.84383,-42.199455,-30.43184,True,-35.21,-36.269897,-41.85709,-29.807846,True
2024-05-03 11:55:00,-37.15,104,-41,-35.77,-36.33362,-41.869587,-30.087154,True,-35.69,-35.591084,-41.384167,-29.301702,True
2024-05-03 12:00:00,-37.05,104,-41,-35.32,-36.097435,-41.806725,-29.935755,True,-36.11,-35.226757,-41.212074,-29.02784,True
2024-05-03 12:05:00,-37.16,104,-41,-35.22,-36.07152,-41.92157,-29.960695,True,-35.8,-35.073925,-41.217,-28.931631,True
2024-05-03 12:10:00,-37.35,104,-41,-34.78,-36.12336,-42.12806,-30.006535,True,-36.17,-34.99515,-41.310936,-28.85324,True
2024-05-03 12:15:00,-37.59,104,-42,-34.81,-36.28164,-42.354973,-30.179047,True,-36.1,-35.07739,-41.471653,-28.950535,True
2024-05-03 12:20:00,-37.64,104,-42,-34.37,-36.36934,-42.426247,-30.300625,True,-35.65,-35.20487,-41.58259,-29.099726,True
2024-05-03 12:25:00,-37.420002,104,-42,-34.32,-36.29493,-42.26743,-30.236849,True,-35.95,-35.273037,-41.55476,-29.15882,True
2024-05-03 12:30:00,-37.25,104,-42,-34.24,-36.08905,-42.127804,-30.038239,True,-37.01,-35.03215,-41.38938,-28.92117,True
2024-05-03 12:35:00,-37.14,104,-42,-34.1,-35.969467,-42.10822,-29.828981,True,-36.58,-34.90408,-41.373344,-28.696074,True
2024-05-03 12:40:00,-36.45,104,-41,-34.85,-35.32616,-41.547684,-29.15396,True,-36.16,-34.302803,-40.86326,-28.049604,True
2024-05-03 12:45:00,-36.02,104,-40,-35.04,-35.278603,-41.241577,-29.122793,True,-35.46,-34.62553,-40.88923,-28.349031,True
2024-05-03 12:50:00,-35.88,104,-40,-35.21,-35.306892,-41.121483,-29.18746,True,-36.56,-34.818726,-40.92043,-28.555027,True
2024-05-03 12:55:00,-35.77,104,-40,-35.69,-35.26803,-41.04498,-29.143072,True,-36.78,-34.850063,-40.910645,-28.56682,True
2024-05-03 13:00:00,-35.32,104,-39,-36.11,-34.912056,-40.675533,-28.825665,True,-36.25,-34.584785,-40.628563,-28.322536,True
2024-05-03 13:05:00,-35.22,104,-39,-35.8,-35.024807,-40.674053,-28.892637,True,-36.04,-34.903267,-40.81649,-28.56968,True
2024-05-03 13:10:00,-34.78,104,-38,-36.17,-34.71599,-40.34059,-28.604046,True,-36.03,-34.72004,-40.601208,-28.386803,True
2024-05-03 13:15:00,-34.81,104,-38,-36.1,-34.73475,-40.392136,-28.611164,True,-36.75,-34.73265,-40.65762,-28.375149,True
2024-05-03 13:20:00,-34.37,104,-37,-35.65,-34.291054,-40.02913,-28.211119,True,-36.89,-34.28711,-40.296448,-27.964256,True
2024-05-03 13:25:00,-34.32,104,-37,-35.95,-34.11045,-39.96578,-28.106318,True,-37.1,-33.986458,-40.135273,-27.733536,True
2024-05-03 13:30:00,-34.24,104,-37,-37.01,-33.893414,-39.864895,-28.01711,True,-36.76,-33.641052,-39.92375,-27.51259,True
2024-05-03 13:35:00,-34.1,104,-37,-36.58,-33.639534,-39.740685,-27.886131,True,-36.11,-33.279488,-39.70712,-27.267637,True
2024-05-03 13:40:00,-34.85,104,-36,-36.16,-34.17087,-40.371735,-28.575205,True,-36.36,-33.60517,-40.152798,-27.75124,True
2024-05-03 13:45:00,-35.04,104,-37,-35.46,-34.043686,-40.51453,-28.57728,True,-35.82,-33.166424,-40.021347,-27.446823,True
2024-05-03 13:50:00,-35.21,104,-37,-36.56,-34.01517,-40.748493,-28.534288,True,-35.8,-32.94035,-40.084614,-27.208696,True
2024-05-03 13:55:00,-35.69,104,-37,-36.78,-34.32562,-41.284122,-28.828884,True,-35.7,-33.084595,-40.47722,-27.333961,True
2024-05-03 14:00:00,-36.11,104,-38,-36.25,-34.654133,-41.79312,-29.098444,True,-35.51,-33.323814,-40.910683,-27.510065,True
2024-05-03 14:05:00,-35.8,104,-38,-36.04,-34.346058,-41.679523,-28.634457,True,-34.88,-33.01618,-40.81739,-27.031046,True
2024-05-03 14:10:00,-36.17,104,-38,-36.03,-34.840862,-42.071102,-29.180037,True,-34.18,-33.642624,-41.323654,-27.68169,True
2024-05-03 14:15:00,-36.1,104,-38,-36.75,-34.77181,-42.071777,-29.017221,True,-34.25,-33.574604,-41.333862,-27.504328,True
2024-05-03 14:20:00,-35.65,104,-37,-36.89,-34.380604,-41.710083,-28.611776,True,-34.27,-33.239964,-41.03529,-27.13068,True
2024-05-03 14:25:00,-35.95,104,-36,-37.1,-34.780552,-42.051197,-28.902456,True,-33.76,-33.748417,-41.475174,-27.506838,True
2024-05-03 14:30:00,-37.01,104,-37,-36.76,-36.087418,-43.16647,-29.971464,True,-33.67,-35.320473,-42.83563,-28.80627,True
2024-05-03 14:35:00,-36.58,104,-37,-36.11,-35.840973,-42.922123,-29.506298,True,-33.66,-35.258068,-42.771755,-28.498074,True
2024-05-03 14:40:00,-36.16,104,-36,-36.36,-35.54061,-42.69665,-29.02791,True,-32.55,-35.078182,-42.66632,-28.117537,True
2024-05-03 14:45:00,-35.46,104,-34,-35.82,-34.932495,-42.136276,-28.400621,True,-32.65,-34.561665,-42.193,-27.55869,True
2024-05-03 14:50:00,-36.56,104,-35,-35.8,-36.166824,-43.357483,-29.360258,True,-32.44,-35.946053,-43.555847,-28.649708,True
2024-05-03 14:55:00,-36.78,104,-36,-35.7,-36.341606,-43.70441,-29.41699,True,-33.12,-36.077232,-43.86777,-28.655819,True
2024-05-03 15:00:00,-36.25,104,-35,-35.51,-35.80264,-43.276527,-28.909649,True,-33.3,-35.52565,-43.43209,-28.11791,True
2024-05-03 15:05:00,-36.04,104,-34,-34.88,-35.528477,-43.160625,-28.618288,True,-33.09,-35.18721,-43.260754,-27.75001,True
2024-05-03 15:10:00,-36.03,104,-34,-34.18,-35.51801,-43.238,-28.51151,True,-32.86,-35.177097,-43.344067,-27.630455,True
2024-05-03 15:15:00,-36.75,104,-34,-34.25,-36.202263,-44.071575,-28.967022,True,-33.41,-35.826694,-44.153027,-28.046555,True
2024-05-03 15:20:00,-36.89,104,-35,-34.27,-36.289932,-44.33637,-28.948175,True,-33.64,-35.853546,-44.371178,-27.960638,True
2024-05-03 15:25:00,-37.1,104,-35,-33.76,-36.66277,-44.677933,-29.334476,True,-33.61,-36.391605,-44.86351,-28.483074,True
2024-05-03 15:30:00,-36.76,104,-34,-33.67,-36.48747,-44.4475,-29.199392,True,-33.06,-36.37718,-44.77755,-28.486752,True
2024-05-03 15:35:00,-36.11,104,-33,-33.66,-35.889515,-43.85539,-28.692461,True,-32.64,-35.822502,-44.221798,-28.007357,True
2024-05-03 15:40:00,-36.36,104,-33,-32.55,-36.215942,-44.198387,-28.90893,True,-32.54,-36.222355,-44.63441,-28.28461,True
2024-05-03 15:45:00,-35.82,104,-33,-32.65,-35.672924,-43.763664,-28.335487,True,-32.26,-35.66646,-44.190926,-27.690332,True
2024-05-03 15:50:00,-35.8,104,-32,-32.44,-35.61954,-43.82993,-28.178068,True,-32.03,-35.576538,-44.223396,-27.492117,True
2024-05-03 15:55:00,-35.7,104,-32,-33.12,-35.522778,-43.8678,-27.991383,True,-31.82,-35.476814,-44.261417,-27.295961,True
2024-05-03 16:00:00,-35.51,104,-32,-33.3,-35.387486,-43.78219,-27.828903,True,-31.78,-35.392323,-44.218952,-27.173302,True
2024-05-03 16:05:00,-34.88,104,-31,-33.09,-34.674355,-43.217907,-27.186708,True,-31.57,-34.5818,-43.555107,-26.439798,True
2024-05-03 16:10:00,-34.18,104,-31,-32.86,-33.911064,-42.561844,-26.490498,True,-31.58,-33.74266,-42.82545,-25.662786,True
2024-05-03 16:15:00,-34.25,104,-31,-33.41,-33.99677,-42.6813,-26.560413,True,-31.78,-33.842747,-42.949455,-25.739817,True
2024-05-03 16:20:00,-34.27,104,-31,-33.64,-33.954803,-42.738003,-26.498646,True,-31.93,-33.731487,-42.933872,-25.612867,True
2024-05-03 16:25:00,-33.76,104,-31,-33.61,-33.30849,-42.385006,-25.682642,True,-31.58,-32.929985,-42.445934,-24.656124,True
2024-05-03 16:30:00,-33.67,104,-31,-33.06,-33.16735,-42.43982,-25.360773,True,-31.41,-32.72838,-42.447006,-24.283756,True
2024-05-03 16:35:00,-33.66,104,-31,-32.64,-33.216854,-42.554947,-25.243666,True,-31.42,-32.83502,-42.61168,-24.227728,True
2024-05-03 16:40:00,-32.55,104,-30,-32.54,-31.961119,-41.53649,-23.923391,True,-31.2,-31.40968,-41.450768,-22.74871,True
2024-05-03 16:45:00,-32.65,104,-30,-32.26,-31.972916,-41.720066,-23.790636,True,-31.230001,-31.320894,-41.543556,-22.528587,True
2024-05-03 16:50:00,-32.44,104,-30,-32.03,-31.718294,-41.62182,-23.39499,True,-31.06,-31.010008,-41.39656,-22.088697,True
2024-05-03 16:55:00,-33.12,104,-30,-31.82,-32.402714,-42.42912,-23.846247,True,-31.33,-31.697557,-42.20301,-22.553944,True
2024-05-03 17:00:00,-33.3,104,-30,-31.78,-32.5934,-42.73755,-23.86842,True,-32.07,-31.892925,-42.515644,-22.591162,True
2024-05-03 17:05:00,-33.09,104,-30,-31.57,-32.29524,-42.595432,-23.43556,True,-32.96,-31.49504,-42.286133,-22.068983,True
2024-05-03 17:10:00,-32.86,104,-30,-31.58,-32.02582,-42.47188,-22.978676,True,-33.06,-31.178432,-42.120537,-21.580225,True
2024-05-03 17:15:00,-33.41,104,-30,-31.78,-32.76436,-43.211044,-23.48494,True,-32.9,-32.116802,-43.031822,-22.28787,True
2024-05-03 17:20:00,-33.64,104,-31,-31.93,-33.142456,-43.53492,-23.703165,True,-32.74,-32.652225,-43.488556,-22.660109,True
2024-05-03 17:25:00,-33.61,104,-31,-31.58,-33.19973,-43.713905,-23.554007,True,-32.640907,-32.797607,-43.745636,-22.609411,True
2024-05-03 17:30:00,-33.06,104,-30,-31.41,-32.68817,-43.308514,-22.932455,True,-32.54181,-32.322113,-43.369064,-22.034756,True
2024-05-03 17:35:00,-32.64,104,-30,-31.42,-32.361652,-43.032085,-22.484335,True,-32.442715,-32.091064,-43.174107,-21.684923,True
2024-05-03 17:40:00,-32.54,104,-30,-31.2,-32.359875,-43.031128,-22.352087,True,-32.343616,-32.190384,-43.252506,-21.661581,True
2024-05-03 17:45:00,-32.26,104,-29,-31.230001,-32.13148,-42.80983,-22.066338,True,-32.244522,-32.0127,-43.066933,-21.43599,True
2024-05-03 17:50:00,-32.03,104,-29,-31.06,-31.96523,-42.66496,-21.832983,True,-32.145424,-31.910301,-42.97271,-21.271387,True
2024-05-03 17:55:00,-31.82,104,-29,-31.33,-31.803965,-42.578125,-21.578579,True,-32.04633,-31.79719,-42.920986,-21.076391,True
2024-05-03 18:00:00,-31.78,104,-29,-32.07,-31.783611,-42.696774,-21.396296,True,-31.947233,-31.79526,-43.05316,-20.922874,True
2024-05-03 18:05:00,-31.57,104,-29,-32.96,-31.518011,-42.651573,-20.97489,True,-31.848135,-31.469246,-42.951073,-20.460365,True
2024-05-03 18:10:00,-31.58,104,-30,-33.06,-31.535769,-42.77959,-20.864403,True,-31.74904,-31.493027,-43.080864,-20.366611,True
2024-05-03 18:15:00,-31.78,104,-31,-32.9,-31.74474,-43.158634,-20.891645,True,-31.649944,-31.70975,-43.46156,-20.41731,True
2024-05-03 18:20:00,-31.93,104,-31,-32.74,-31.945992,-43.467678,-20.916075,True,-31.550848,-31.963203,-43.81094,-20.502468,True
2024-05-03 18:25:00,-31.58,104,-31,-32.640907,-31.51457,-43.241623,-20.37197,True,-31.451752,-31.444952,-43.504097,-19.892002,True
2024-05-03 18:30:00,-31.41,104,-32,-32.54181,-30.784746,-43.29879,-19.37841,True,-31.352655,-30.12584,-43.0676,-18.358757,True
2024-05-03 18:35:00,-31.42,104,-32,-32.442715,-30.471922,-42.964066,-19.202969,True,-31.25356,-29.463339,-42.413063,-17.861403,True
2024-05-03 18:40:00,-31.2,104,-32,-32.343616,-29.889494,-42.417816,-18.755232,True,-31.154463,-28.481705,-41.502968,-17.046085,True
2024-05-03 18:45:00,-31.230001,104,-33,-32.244522,-29.745432,-42.46672,-18.514744,True,-31.055367,-28.143602,-41.38124,-16.631107,True
2024-05-03 18:50:00,-31.06,104,-34,-32.145424,-29.56626,-42.40902,-18.223694,True,-30.95627,-27.952919,-41.309288,-16.346552,True
2024-05-03 18:55:00,-31.33,104,-34,-32.04633,-29.753254,-42.742294,-18.304493,True,-30.857174,-28.048424,-41.554802,-16.353865,True
2024-05-03 19:00:00,-32.07,104,-35,-31.947233,-30.637783,-43.599674,-19.032228,True,-30.758078,-29.091932,-42.53476,-17.24436,True
2024-05-03 19:05:00,-32.96,104,-37,-31.848135,-31.796566,-44.58769,-20.07691,True,-30.658981,-30.543308,-43.761284,-18.574455,True
2024-05-03 19:10:00,-33.06,104,-37,-31.74904,-31.902754,-44.682217,-20.214787,True,-30.559885,-30.655863,-43.847397,-18.732891,True
2024-05-03 19:15:00,-32.9,104,-37,-31.649944,-31.6864,-44.404587,-20.10724,True,-30.460789,-30.379303,-43.508064,-18.579575,True
2024-05-03 19:20:00,-32.74,104,-38,-31.550848,-31.469557,-44.142242,-20.01245,True,-30.361692,-30.099861,-43.17751,-18.436941,True
2024-05-03 19:25:00,-32.640907,104,-37,-31.451752,-31.286568,-43.99252,-19.907871,True,-30.262596,-29.82484,-42.93675,-18.256777,True
2024-05-03 19:30:00,-32.54181,104,-36,-31.352655,-31.034447,-43.87348,-19.6937,True,-30.1635,-29.406427,-42.661114,-17.902788,True
2024-05-03 19:35:00,-32.442715,104,-35,-31.25356,-30.930326,-43.833183,-19.581308,True,-30.064404,-29.297441,-42.613808,-17.800459,True
2024-05-03 19:40:00,-32.343616,104,-34,-31.154463,-30.795462,-43.803986,-19.416529,True,-29.965307,-29.123978,-42.544746,-17.61332,True
2024-05-03 19:45:00,-32.244522,104,-34,-31.055367,-30.778728,-43.69356,-19.41338,True,-29.86621,-29.19595,-42.500393,-17.706085,True
2024-05-03 19:50:00,-32.145424,104,-32,-30.95627,-30.677671,-43.61781,-19.27181,True,-29.767117,-29.095348,-42.419334,-17.578735,True
2024-05-03 19:55:00,-32.04633,104,-33,-30.857174,-30.581951,-43.5758,-19.118322,True,-29.66802,-29.006668,-42.378056,-17.446264,True
2024-05-03 20:00:00,-31.947233,104,-34,-30.758078,-30.596186,-43.49687,-19.105202,True,-29.568922,-29.144789,-42.39605,-17.564264,True
2024-05-03 20:05:00,-31.848135,104,-34,-30.658981,-30.414875,-43.425934,-18.898952,True,-29.469828,-28.876783,-42.24135,-17.290163,True
2024-05-03 20:10:00,-31.74904,104,-34,-30.559885,-30.34633,-43.290874,-18.834103,True,-29.370731,-28.842384,-42.12745,-17.268911,True
2024-05-03 20:15:00,-31.649944,104,-34,-30.460789,-30.270878,-43.24675,-18.723955,True,-29.271635,-28.793985,-42.10029,-17.198029,True
2024-05-03 20:20:00,-31.550848,104,-34,-30.361692,-30.094934,-43.205544,-18.491821,True,-29.172539,-28.539179,-41.98423,-16.909416,True
2024-05-03 20:25:00,-31.451752,104,-33,-30.262596,-29.959082,-43.138584,-18.334888,True,-29.073442,-28.366089,-41.877037,-16.731441,True
2024-05-03 20:30:00,-31.352655,104,-32,-30.1635,-29.698874,-43.131626,-18.007975,True,-28.974346,-27.93903,-41.724266,-16.266031,True
2024-05-03 20:35:00,-31.25356,104,-31,-30.064404,-29.441973,-43.15614,-17.666943,True,-28.87525,-27.51952,-41.608063,-15.7913065,True
2024-05-03 20:40:00,-31.154463,104,-30,-29.965307,-29.374298,-43.24943,-17.494999,True,-28.776154,-27.492659,-41.7378,-15.675498,True
2024-05-03 20:45:00,-31.055367,104,-29,-29.86621,-29.624796,-43.169132,-17.758947,True,-28.677057,-28.120544,-41.973083,-16.304565,True
2024-05-03 20:50:00,-30.95627,104,-29,-29.767117,-29.70792,-42.923103,-17.909742,True,-28.577961,-28.399906,-41.88469,-16.648827,True
2024-05-03 20:55:00,-30.857174,104,-28,-29.66802,-29.645227,-42.713806,-17.873617,True,-28.478865,-28.380571,-41.70346,-16.665474,True
2024-05-03 21:00:00,-30.758078,104,-28,-29.568922,-29.526478,-42.48067,-17.793306,True,-28.379768,-28.245592,-41.44722,-16.582256,True
2024-05-03 21:05:00,-30.658981,104,-29,-29.469828,-29.091162,-42.187172,-17.440084,True,-28.280672,-27.45788,-40.835587,-15.910501,True
2024-05-03 21:10:00,-30.559885,104,-29,-29.370731,-29.140709,-42.062103,-17.51766,True,-28.181576,-27.663317,-40.8334,-16.146374,True
2024-05-03 21:15:00,-30.460789,104,-28,-29.271635,-29.194237,-41.982784,-17.603542,True,-28.08248,-27.877218,-40.88389,-16.395712,True
2024-05-03 21:20:00,-30.361692,104,-28,-29.172539,-29.10569,-41.881767,-17.565453,True,-27.983383,-27.799496,-40.78201,-16.379755,True
2024-05-03 21:25:00,-30.262596,104,-27,-29.073442,-28.857948,-41.766556,-17.341707,True,-27.884287,-27.398525,-40.524757,-16.024897,True
2024-05-03 21:30:00,-30.1635,104,-27,-28.974346,-28.83402,-41.705166,-17.343493,True,-27.78519,-27.454746,-40.52584,-16.114477,True
2024-05-03 21:35:00,-30.064404,104,-26,-28.87525,-28.073156,-41.293705,-16.7492,True,-27.686094,-25.998398,-39.490784,-14.880397,True
2024-05-03 21:40:00,-29.965307,104,-26,-28.776154,-27.63627,-41.377758,-16.24817,True,-27.586998,-25.205688,-39.260853,-14.06593,True
2024-05-03 21:45:00,-29.86621,104,-26,-28.677057,-27.251146,-41.622906,-15.723789,True,-27.487902,-24.517126,-39.247715,-13.282154,True
2024-05-03 21:50:00,-29.767117,104,-26,-28.577961,-27.096062,-41.52069,-15.575354,True,-27.388805,-24.30134,-39.08163,-13.090052,True
2024-05-03 21:55:00,-29.66802,104,-24,-28.478865,-26.650003,-41.44514,-15.102089,True,-27.28971,-23.488188,-38.68315,-12.295465,True
2024-05-03 22:00:00,-29.568922,104,-23,-28.379768,-26.682003,-41.565346,-15.08072,True,-27.190615,-23.665396,-38.932594,-12.424654,True
2024-05-03 22:05:00,-29.469828,104,-24,-28.280672,-26.680458,-41.195065,-15.244381,True,-27.091516,-23.772736,-38.635445,-12.692764,True
2024-05-03 22:10:00,-29.370731,104,-24,-28.181576,-26.607248,-41.158493,-15.169302,True,-26.99242,-23.736378,-38.628296,-12.664502,True
2024-05-03 22:15:00,-29.271635,104,-26,-28.08248,-26.698997,-41.082474,-15.27742,True,-26.893326,-24.040201,-38.72754,-12.976581,True
2024-05-03 22:20:00,-29.172539,104,-27,-27.983383,-26.685144,-40.981663,-15.298935,True,-26.79423,-24.127352,-38.708523,-13.101326,True
2024-05-03 22:25:00,-29.073442,104,-27,-27.884287,-26.683243,-40.87129,-15.348855,True,-26.695133,-24.237156,-38.68899,-13.264174,True
2024-05-03 22:30:00,-28.974346,104,-27,-27.78519,-26.831543,-40.926537,-15.485616,True,-26.596037,-24.650806,-38.968784,-13.656721,True
2024-05-03 22:35:00,-28.87525,104,-27,-27.686094,-27.358892,-40.788628,-16.100327,True,-26.49694,-25.829918,-39.383274,-14.881778,True
2024-05-03 22:40:00,-28.776154,104,-27,-27.586998,-27.738876,-40.54287,-16.576271,True,-26.397844,-26.704372,-39.555515,-15.825143,True
2024-05-03 22:45:00,-28.677057,104,-25,-27.487902,-27.826424,-40.32851,-16.758327,True,-26.298748,-26.984518,-39.500027,-16.195375,True
2024-05-03 22:50:00,-28.577961,104,-24,-27.388805,-27.452143,-40.096004,-16.511124,True,-26.199652,-26.334644,-39.01997,-15.69818,True
2024-05-03 22:55:00,-28.478865,104,-23,-27.28971,-27.360237,-39.98127,-16.483625,True,-26.100555,-26.254322,-38.90928,-15.691163,True
2024-05-03 23:00:00,-28.379768,104,-24,-27.190615,-27.46358,-39.833855,-16.670475,True,-26.00146,-26.563898,-38.93414,-16.079855,True
2024-05-03 23:05:00,-28.280672,104,-25,-27.091516,-26.912142,-39.69556,-16.214079,True,-25.902363,-25.561989,-38.40156,-15.20741,True
2024-05-03 23:10:00,-28.181576,104,-25,-26.99242,-26.311829,-39.503117,-15.705207,True,-25.803267,-24.459896,-37.76859,-14.240834,True
2024-05-03 23:15:00,-28.08248,104,-25,-26.893326,-25.752972,-38.98531,-15.399987,True,-25.70417,-23.436115,-36.83449,-13.510043,True
2024-05-03 23:20:00,-27.983383,104,-26,-26.79423,-25.343538,-38.53794,-15.253173,True,-25.605074,-22.702026,-36.083523,-13.067652,True
2024-05-03 23:25:00,-27.884287,104,-26,-26.695133,-25.020187,-38.273697,-15.066212,True,-25.505978,-22.15304,-35.6134,-12.6789875,True
2024-05-03 23:30:00,-27.78519,104,-27,-26.596037,-24.671938,-37.955486,-14.871334,True,-25.406881,-21.55047,-35.05629,-12.25406,True
2024-05-03 23:35:00,-27.686094,104,-26,-26.49694,-24.809664,-37.858788,-15.100715,True,-25.307785,-21.933022,-35.169888,-12.717953,True
2024-05-03 23:40:00,-27.586998,104,-25,-26.397844,-24.971031,-37.76429,-15.371251,True,-25.208689,-22.362673,-35.30449,-13.243803,True
2024-05-03 23:45:00,-27.487902,104,-29,-26.298748,-25.19006,-37.82607,-15.552686,True,-25.109592,-22.908415,-35.649853,-13.736618,True
2024-05-03 23:50:00,-27.388805,104,-30,-26.199652,-25.236296,-37.759453,-15.615948,True,-25.010496,-23.10663,-35.71205,-13.948045,True
2024-05-03 23:55:00,-27.28971,104,-25,-26.100555,-25.31381,-37.705536,-15.704233,True,-24.911402,-23.366678,-35.81318,-14.21307,True
2024-05-04 00:00:00,-27.190615,104,-25,-26.00146,-25.203701,-37.555992,-15.680507,True,-24.812304,-23.249416,-35.649822,-14.187715,True
2024-05-04 00:05:00,-27.091516,104,-28,-25.902363,-25.135914,-37.5473,-15.627617,True,-24.713207,-23.21905,-35.672043,-14.17575,True
2024-05-04 00:10:00,-26.99242,104,-27,-25.803267,-25.024532,-37.4773,-15.610443,True,-24.614113,-23.09585,-35.585358,-14.154056,True
2024-05-04 00:15:00,-26.893326,104,-25,-25.70417,-24.879992,-37.458656,-15.504673,True,-24.515017,-22.907192,-35.52148,-14.012947,True
2024-05-04 00:20:00,-26.79423,104,-25,-25.605074,-24.825193,-37.58306,-15.398757,True,-24.41592,-22.900461,-35.685856,-13.9589405,True
2024-05-04 00:25:00,-26.695133,104,-25,-25.505978,-24.688206,-37.43517,-15.344021,True,-24.316824,-22.728182,-35.50152,-13.876358,True
2024-05-04 00:30:00,-26.596037,104,-26,-25.406881,-24.45136,-37.232224,-15.191344,True,-24.217728,-22.35732,-35.1757,-13.603536,True
2024-05-04 00:35:00,-26.49694,104,-26,-25.307785,-24.333998,-37.027084,-15.172365,True,-24.118631,-22.22466,-34.950703,-13.573783,True
2024-05-04 00:40:00,-26.397844,104,-26,-25.208689,-24.256796,-36.798054,-15.215512,True,-24.019535,-22.17261,-34.73401,-13.647489,True
2024-05-04 00:45:00,-26.298748,104,-27,-25.109592,-24.343128,-36.754543,-15.316415,True,-23.920439,-22.449032,-34.853447,-13.928831,True
2024-05-04 00:50:00,-26.199652,104,-28,-25.010496,-24.275393,-36.65786,-15.297671,True,-23.821342,-22.417358,-34.783356,-13.946824,True
2024-05-04 00:55:00,-26.100555,104,-27,-24.911402,-24.193497,-36.511013,-15.281154,True,-23.722246,-22.356989,-34.649967,-13.95315,True
2024-05-04 01:00:00,-26.00146,104,-28,-24.812304,-24.499851,-36.461178,-15.63204,True,-23.62315,-23.066864,-34.95045,-14.682476,True
2024-05-04 01:05:00,-25.902363,104,-28,-24.713207,-24.710169,-36.403328,-15.889772,True,-23.524054,-23.582424,-35.1529,-15.231792,True
2024-05-04 01:10:00,-25.803267,104,-28,-24.614113,-24.61381,-36.296597,-15.88992,True,-23.424957,-23.489452,-35.044224,-15.238659,True
2024-05-04 01:15:00,-25.70417,104,-27,-24.515017,-24.513052,-36.200397,-15.857461,True,-23.325861,-23.388596,-34.94347,-15.209249,True
2024-05-04 01:20:00,-25.605074,104,-27,-24.41592,-24.348413,-36.091064,-15.780929,True,-23.226765,-23.159586,-34.772675,-15.075482,True
2024-05-04 01:25:00,-25.505978,104,-27,-24.316824,-24.140287,-35.92123,-15.701845,True,-23.127668,-22.843918,-34.5006,-14.903625,True
2024-05-04 01:30:00,-25.406881,104,-27,-24.217728,-23.949188,-35.782024,-15.6249075,True,-23.028572,-22.562975,-34.278828,-14.746047,True
2024-05-04 01:35:00,-25.307785,104,-27,-24.118631,-23.625793,-35.559505,-15.436238,True,-22.929476,-22.017998,-33.856884,-14.353471,True
2024-05-04 01:40:00,-25.208689,104,-27,-24.019535,-23.31325,-35.320065,-15.251057,True,-22.83038,-21.492682,-33.42631,-13.967989,True
2024-05-04 01:45:00,-25.109592,104,-28,-23.920439,-22.847471,-35.08601,-14.89166,True,-22.731283,-20.665077,-32.864693,-13.279226,True
2024-05-04 01:50:00,-25.010496,104,-28,-23.821342,-22.206732,-34.921745,-14.301092,True,-22.632187,-19.485596,-32.221245,-12.195432,True
2024-05-04 01:55:00,-24.911402,104,-28,-23.722246,-21.919153,-34.881966,-14.008309,True,-22.533092,-19.011436,-32.017696,-11.736675,True
2024-05-04 02:00:00,-24.812304,104,-27,-23.62315,-21.414597,-34.723896,-13.528835,True,-22.433996,-18.100859,-31.502071,-10.890665,True
2024-05-04 02:05:00,-24.713207,104,-29,-23.524054,-21.083084,-34.545372,-13.23158,True,-22.3349,-17.538567,-31.116291,-10.390977,True
2024-05-04 02:10:00,-24.614113,104,-30,-23.424957,-21.22847,-34.56427,-13.400549,True,-22.235804,-17.932444,-31.357147,-10.790185,True
2024-05-04 02:15:00,-24.515017,104,-29,-23.325861,-21.121914,-34.56818,-13.293306,True,-22.136707,-17.82501,-31.364897,-10.685932,True
2024-05-04 02:20:00,-24.41592,104,-29,-23.226765,-20.972271,-34.47038,-13.183056,True,-22.037611,-17.633242,-31.232656,-10.538885,True
2024-05-04 02:25:00,-24.316824,104,-29,-23.127668,-21.012386,-34.259167,-13.299385,True,-21.938515,-17.824543,-31.147509,-10.788978,True
2024-05-04 02:30:00,-24.217728,104,-29,-23.028572,-21.12996,-33.626427,-13.772305,True,-21.839418,-18.163454,-30.692566,-11.453206,True
2024-05-04 02:35:00,-24.118631,104,-30,-22.929476,-21.196602,-33.497517,-13.888871,True,-21.740322,-18.399637,-30.710894,-11.723132,True
2024-05-04 02:40:00,-24.019535,104,-30,-22.83038,-21.497643,-33.544857,-14.178773,True,-21.641226,-19.098078,-31.109627,-12.378708,True
2024-05-04 02:45:00,-23.920439,104,-29,-22.731283,-21.660784,-33.60175,-14.314182,True,-21.54213,-19.520914,-31.393784,-12.753155,True
2024-05-04 02:50:00,-23.821342,104,-28,-22.632187,-21.88213,-33.640003,-14.503558,True,-21.443033,-20.055943,-31.704792,-13.230723,True
2024-05-04 02:55:00,-23.722246,104,-27,-22.533092,-22.04311,-33.650192,-14.659734,True,-21.343937,-20.469662,-31.933828,-13.61918,True
2024-05-04 03:00:00,-23.62315,104,-27,-22.433996,-22.093578,-33.616665,-14.718089,True,-21.24484,-20.66458,-32.02376,-13.8095665,True
2024-05-04 03:05:00,-23.524054,104,-26,-22.3349,-22.10884,-33.48907,-14.753468,True,-21.145744,-20.787945,-31.986881,-13.942461,True
2024-05-04 03:10:00,-23.424957,104,-25,-22.235804,-22.251001,-33.371834,-14.916153,True,-21.046648,-21.15957,-32.067535,-14.315359,True
2024-05-04 03:15:00,-23.325861,104,-25,-22.136707,-22.116177,-33.220493,-14.83778,True,-20.947552,-20.98972,-31.884432,-14.202298,True
2024-05-04 03:20:00,-23.226765,104,-25,-22.037611,-22.048952,-33.10683,-14.790838,True,-20.848455,-20.952408,-31.795502,-14.180807,True
2024-05-04 03:25:00,-23.127668,104,-25,-21.938515,-21.91034,-32.95513,-14.7223215,True,-20.74936,-20.77513,-31.609396,-14.074036,True
2024-05-04 03:30:00,-23.028572,104,-25,-21.839418,-21.80188,-32.84718,-14.6374,True,-20.650263,-20.656744,-31.491339,-13.977498,True
2024-05-04 03:35:00,-22.929476,104,-25,-21.740322,-21.852425,-32.715992,-14.723482,True,-20.551167,-20.847311,-31.480978,-14.190653,True
2024-05-04 03:40:00,-22.83038,104,-25,-21.641226,-21.732653,-32.529778,-14.660653,True,-20.45207,-20.706053,-31.275866,-14.105239,True
2024-05-04 03:45:00,-22.731283,104,-25,-21.54213,-21.62147,-32.34933,-14.617135,True,-20.352974,-20.58163,-31.087969,-14.04277,True
2024-05-04 03:50:00,-22.632187,104,-25,-21.443033,-21.359266,-32.156506,-14.429548,True,-20.25388,-20.16305,-30.7556,-13.7116585,True
2024-05-04 03:55:00,-22.533092,104,-25,-21.343937,-21.242981,-31.98635,-14.384775,True,-20.154783,-20.028101,-30.569447,-13.647044,True
2024-05-04 04:00:00,-22.433996,104,-25,-21.24484,-20.97485,-31.739725,-14.235122,True,-20.055687,-19.596903,-30.18198,-13.34395,True
2024-05-04 04:05:00,-22.3349,104,-24,-21.145744,-20.71898,-31.544483,-14.049256,True,-19.95659,-19.190079,-29.859385,-13.011839,True
2024-05-04 04:10:00,-22.235804,104,-24,-21.046648,-20.516903,-31.325314,-13.945845,True,-19.857494,-18.886833,-29.549412,-12.816257,True
2024-05-04 04:15:00,-22.136707,104,-23,-20.947552,-20.241446,-31.09572,-13.782112,True,-19.758398,-18.440418,-29.172003,-12.492103,True
2024-05-04 04:20:00,-22.037611,104,-23,-20.848455,-19.939724,-30.960857,-13.552715,True,-19.659302,-17.941496,-28.865313,-12.079029,True
2024-05-04 04:25:00,-21.938515,104,-24,-20.74936,-19.784624,-30.880533,-13.426433,True,-19.560205,-17.729706,-28.739536,-11.894459,True
2024-05-04 04:30:00,-21.839418,104,-23,-20.650263,-19.671946,-30.776573,-13.369722,True,-19.46111,-17.600466,-28.622433,-11.8202305,True
2024-05-04 04:35:00,-21.740322,104,-24,-20.551167,-19.596127,-30.724403,-13.286412,True,-19.362013,-17.54413,-28.585651,-11.755793,True
2024-05-04 04:40:00,-21.641226,104,-24,-20.45207,-19.748283,-30.648499,-13.440805,True,-19.262917,-17.934277,-28.718683,-12.124892,True
2024-05-04 04:45:00,-21.54213,104,-24,-20.352974,-19.714941,-30.440395,-13.4888,True,-19.16382,-17.960556,-28.565289,-12.224171,True
2024-05-04 04:50:00,-21.443033,104,-23,-20.25388,-19.610563,-30.313929,-13.4312315,True,-19.064724,-17.847948,-28.437702,-12.1520405,True
2024-05-04 04:55:00,-21.343937,104,-23,-20.154783,-19.528986,-30.184526,-13.375108,True,-18.965628,-17.77865,-28.316774,-12.107206,True
2024-05-04 05:00:00,-21.24484,104,-23,-20.055687,-19.60993,-30.082767,-13.513494,True,-18.866531,-18.02649,-28.361605,-12.395533,True
2024-05-04 05:05:00,-21.145744,104,-23,-19.95659,-19.410826,-29.90724,-13.32413,True,-18.767435,-17.729507,-28.103039,-12.112013,True
2024-05-04 05:10:00,-21.046648,104,-22,-19.857494,-19.359005,-29.830107,-13.26119,True,-18.668339,-17.719261,-28.066854,-12.079934,True
2024-05-04 05:15:00,-20.947552,104,-22,-19.758398,-19.232836,-29.680986,-13.1601305,True,-18.569242,-17.562206,-27.889301,-11.950154,True
2024-05-04 05:20:00,-20.848455,104,-22,-19.659302,-19.166916,-29.54581,-13.144041,True,-18.470146,-17.524014,-27.781296,-11.95584,True
2024-05-04 05:25:00,-20.74936,104,-21,-19.560205,-19.129913,-29.449991,-13.078491,True,-18.37105,-17.542583,-27.735132,-11.937264,True
2024-05-04 05:30:00,-20.650263,104,-22,-19.46111,-18.852648,-29.276392,-12.856054,True,-18.271954,-17.089802,-27.4094,-11.553397,True
2024-05-04 05:35:00,-20.551167,104,-23,-19.362013,-18.60305,-29.090359,-12.6078415,True,-18.172857,-16.694542,-27.104534,-11.163739,True
2024-05-04 05:40:00,-20.45207,104,-24,-19.262917,-18.124632,-28.808672,-12.170756,True,-18.073761,-15.851284,-26.511526,-10.388471,True
2024-05-04 05:45:00,-20.352974,104,-24,-19.16382,-17.831085,-28.604261,-11.919002,True,-17.974665,-15.367174,-26.143867,-9.961606,True
2024-05-04 05:50:00,-20.25388,104,-23,-19.064724,-17.903734,-28.572824,-11.995408,True,-17.87557,-15.599622,-26.254803,-10.180471,True
2024-05-04 05:55:00,-20.154783,104,-22,-18.965628,-17.744713,-28.453312,-11.837857,True,-17.776474,-15.379889,-26.088394,-9.9631,True
2024-05-04 06:00:00,-20.055687,104,-22,-18.866531,-17.622343,-28.297386,-11.713651,True,-17.677378,-15.232474,-25.915483,-9.811573,True
2024-05-04 06:05:00,-19.95659,104,-23,-18.767435,-17.718897,-28.231413,-11.832663,True,-17.578281,-15.511647,-26.01141,-10.092918,True
2024-05-04 06:10:00,-19.857494,104,-22,-18.668339,-17.785309,-28.141922,-11.9154,True,-17.479185,-15.731358,-26.0555,-10.313525,True
2024-05-04 06:15:00,-19.758398,104,-20,-18.569242,-17.916828,-28.031874,-12.066809,True,-17.380089,-16.079899,-26.140106,-10.654964,True
2024-05-04 06:20:00,-19.659302,104,-20,-18.470146,-18.068773,-27.965744,-12.206727,True,-17.280993,-16.466234,-26.277386,-11.006585,True
2024-05-04 06:25:00,-19.560205,104,-20,-18.37105,-18.318327,-27.929583,-12.480488,True,-17.181896,-17.042082,-26.525845,-11.573999,True
2024-05-04 06:30:00,-19.46111,104,-21,-18.271954,-18.236103,-27.770628,-12.411618,True,-17.0828,-16.972881,-26.384182,-11.510499,True
2024-05-04 06:35:00,-19.362013,104,-22,-18.172857,-18.262018,-27.713015,-12.427236,True,-16.983704,-17.11278,-26.428137,-11.62548,True
2024-05-04 06:40:00,-19.262917,104,-22,-18.073761,-18.309769,-27.592129,-12.486352,True,-16.884607,-17.293234,-26.42273,-11.8042555,True
2024-05-04 06:45:00,-19.16382,104,-22,-17.974665,-18.197641,-27.405783,-12.458924,True,-16.785511,-17.164953,-26.230066,-11.757076,True
2024-05-04 06:50:00,-19.064724,104,-22,-17.87557,-17.839128,-27.135624,-12.176015,True,-16.686415,-16.560047,-25.756474,-11.242604,True
2024-05-04 06:55:00,-18.965628,104,-22,-17.776474,-17.454178,-26.869627,-11.865432,True,-16.587318,-15.902333,-25.265291,-10.6763,True
2024-05-04 07:00:00,-18.866531,104,-22,-17.677378,-17.135082,-26.721575,-11.608562,True,-16.488222,-15.369673,-24.941345,-10.219739,True
2024-05-04 07:05:00,-18.767435,104,-22,-17.578281,-16.864157,-26.504923,-11.401325,True,-16.389126,-14.930154,-24.58421,-9.855728,True
2024-05-04 07:10:00,-18.668339,104,-23,-17.479185,-16.545746,-26.246973,-11.154691,True,-16.29003,-14.39909,-24.151617,-9.4090605,True
2024-05-04 07:15:00,-18.569242,104,-23,-17.380089,-16.220585,-26.028305,-10.869188,True,-16.190933,-13.85404,-23.751661,-8.918236,True
2024-05-04 07:20:00,-18.470146,104,-23,-17.280993,-16.1855,-25.897453,-10.851109,True,-16.091837,-13.875439,-23.675922,-8.946135,True
2024-05-04 07:25:00,-18.37105,104,-23,-17.181896,-16.221905,-25.733448,-10.94489,True,-15.992742,-14.037883,-23.625896,-9.149339,True
2024-05-04 07:30:00,-18.271954,104,-23,-17.0828,-16.09645,-25.56801,-10.785036,True,-15.893645,-13.88611,-23.44612,-8.959461,True
2024-05-04 07:35:00,-18.172857,104,-23,-16.983704,-15.949275,-25.463703,-10.575905,True,-15.794549,-13.691106,-23.309214,-8.702138,True
2024-05-04 07:40:00,-18.073761,104,-23,-16.884607,-15.857478,-25.28593,-10.487039,True,-15.695453,-13.604307,-23.144258,-8.611212,True
2024-05-04 07:45:00,-17.974665,104,-23,-16.785511,-15.827273,-25.1792,-10.460744,True,-15.596356,-13.637019,-23.099731,-8.636615,True
2024-05-04 07:50:00,-17.87557,104,-22,-16.686415,-15.7289715,-25.075554,-10.37551,True,-15.49726,-13.536853,-23.002146,-8.544778,True
2024-05-04 07:55:00,-17.776474,104,-22,-16.587318,-15.617389,-24.995134,-10.265603,True,-15.398164,-13.409924,-22.917328,-8.415844,True
2024-05-04 08:00:00,-17.677378,104,-23,-16.488222,-15.521751,-24.8766,-10.166231,True,-15.2990675,-13.315468,-22.80713,-8.312823,True
2024-05-04 08:05:00,-17.578281,104,-23,-16.389126,-15.488182,-24.740917,-10.131857,True,-15.199972,-13.34301,-22.731327,-8.328509,True
2024-05-04 08:10:00,-17.479185,104,-23,-16.29003,-15.601711,-24.661917,-10.283794,True,-15.100875,-13.658773,-22.835695,-8.657101,True
2024-05-04 08:15:00,-17.380089,104,-23,-16.190933,-15.466423,-24.480383,-10.187951,True,-15.001779,-13.487954,-22.632513,-8.52259,True
2024-05-04 08:20:00,-17.280993,104,-24,-16.091837,-15.505491,-24.400734,-10.251165,True,-14.902683,-13.657193,-22.67374,-8.698495,True
2024-05-04 08:25:00,-17.181896,104,-24,-15.992742,-15.618281,-24.335682,-10.404673,True,-14.803587,-13.97058,-22.788193,-9.029925,True
2024-05-04 08:30:00,-17.0828,104,-24,-15.893645,-15.729519,-24.314686,-10.483823,True,-14.704491,-14.282923,-22.949148,-9.286227,True
2024-05-04 08:35:00,-16.983704,104,-24,-15.794549,-15.638117,-24.256247,-10.3457775,True,-14.605394,-14.196187,-22.902431,-9.147875,True
2024-05-04 08:40:00,-16.884607,104,-24,-15.695453,-15.624144,-24.158976,-10.336983,True,-14.506298,-14.264365,-22.88555,-9.206617,True
2024-05-04 08:45:00,-16.785511,104,-24,-15.596356,-15.549532,-23.93177,-10.343821,True,-14.407202,-14.215645,-22.690659,-9.229123,True
2024-05-04 08:50:00,-16.686415,104,-24,-15.49726,-15.216059,-23.625698,-10.094676,True,-14.308105,-13.659127,-22.203684,-8.768052,True
2024-05-04 08:55:00,-16.587318,104,-24,-15.398164,-15.198699,-23.493519,-10.115095,True,-14.209009,-13.721408,-22.14942,-8.854476,True
2024-05-04 09:00:00,-16.488222,104,-24,-15.2990675,-15.081375,-23.323011,-9.998281,True,-14.109913,-13.587426,-21.973278,-8.715274,True
2024-05-04 09:05:00,-16.389126,104,-24,-15.199972,-14.923946,-23.143309,-9.88356,True,-14.010817,-13.376968,-21.757385,-8.544597,True
2024-05-04 09:10:00,-16.29003,104,-24,-15.100875,-14.418379,-22.883352,-9.357403,True,-13.911721,-12.482308,-21.174826,-7.6533227,True
2024-05-04 09:15:00,-16.190933,104,-24,-15.001779,-14.400082,-22.799486,-9.338764,True,-13.812625,-12.542775,-21.16556,-7.7014966,True
2024-05-04 09:20:00,-16.091837,104,-24,-14.902683,-13.977875,-22.72479,-8.857161,True,-13.713528,-11.81077,-20.837667,-6.931605,True
2024-05-04 09:25:00,-15.992742,104,-24,-14.803587,-13.6551485,-22.60786,-8.523119,True,-13.614432,-11.271325,-20.54416,-6.394892,True
2024-05-04 09:30:00,-15.893645,104,-24,-14.704491,-13.486466,-22.465519,-8.444051,True,-13.515336,-11.032959,-20.348307,-6.245918,True
2024-05-04 09:35:00,-15.794549,104,-24,-14.605394,-13.372787,-22.339216,-8.3761215,True,-13.41624,-10.905888,-20.217236,-6.158692,True
2024-05-04 09:40:00,-15.695453,104,-24,-14.506298,-13.07521,-22.194603,-8.020181,True,-13.317143,-10.41841,-19.916933,-5.6249566,True
2024-05-04 09:45:00,-15.596356,104,-24,-14.407202,-12.930651,-21.988762,-7.8989816,True,-13.218047,-10.232815,-19.676552,-5.4585185,True
2024-05-04 09:50:00,-15.49726,104,-24,-14.308105,-12.909533,-21.894783,-7.8436103,True,-13.118951,-10.289544,-19.65789,-5.468391,True
2024-05-04 09:55:00,-15.398164,104,-24,-14.209009,-12.947433,-21.813898,-7.7803483,True,-13.019855,-10.465348,-19.700695,-5.5257907,True
2024-05-04 10:00:00,-15.2990675,104,-25,-14.109913,-12.724731,-21.67889,-7.471928,True,-12.920759,-10.125423,-19.474628,-5.1048703,True
2024-05-04 10:05:00,-15.199972,104,-24,-14.010817,-12.759076,-21.739658,-7.282148,True,-12.821662,-10.291738,-19.66396,-5.03371,True
2024-05-04 10:10:00,-15.100875,104,-23,-13.911721,-13.019037,-21.891747,-7.270118,True,-12.722566,-10.900852,-20.127945,-5.3381104,True
2024-05-04 10:15:00,-15.001779,104,-22,-13.812625,-13.393413,-21.959753,-7.558025,True,-12.62347,-11.736169,-20.595844,-6.0416636,True
2024-05-04 10:20:00,-14.902683,104,-23,-13.713528,-13.424117,-21.821507,-7.668611,True,-12.524374,-11.895142,-20.57264,-6.2618117,True
2024-05-04 10:25:00,-14.803587,104,-24,-13.614432,-13.335889,-21.658663,-7.6832614,True,-12.425277,-11.820955,-20.426678,-6.281587,True
2024-05-04 10:30:00,-14.704491,104,-24,-13.515336,-13.334801,-21.541084,-7.73959,True,-12.326181,-11.917616,-20.39766,-6.420462,True
2024-05-04 10:35:00,-14.605394,104,-23,-13.41624,-13.437272,-21.571634,-7.789847,True,-12.227085,-12.218029,-20.604717,-6.647925,True
2024-05-04 10:40:00,-14.506298,104,-22,-13.317143,-13.485928,-21.592022,-7.7999187,True,-12.127989,-12.4112215,-20.755169,-6.7864165,True
2024-05-04 10:45:00,-14.407202,104,-23,-13.218047,-13.441199,-21.510523,-7.8208623,True,-12.0288925,-12.422379,-20.726171,-6.8525167,True
2024-05-04 10:50:00,-14.308105,104,-23,-13.118951,-13.200209,-21.278105,-7.7439094,True,-11.929796,-12.047548,-20.38299,-6.6434226,True
2024-05-04 10:55:00,-14.209009,104,-23,-13.019855,-13.009131,-21.091038,-7.7193255,True,-11.8307,-11.769018,-20.123718,-6.5300164,True
2024-05-04 11:00:00,-14.109913,104,-22,-12.920759,-12.619271,-20.824703,-7.511729,True,-11.731604,-11.098627,-19.616707,-6.053509,True
2024-05-04 11:05:00,-14.010817,104,-22,-12.821662,-12.164961,-20.542143,-7.264135,True,-11.632507,-10.297195,-19.03499,-5.474543,True
2024-05-04 11:10:00,-13.911721,104,-24,-12.722566,-11.948544,-20.34725,-7.199467,True,-11.533411,-9.967606,-18.739283,-5.295838,True
2024-05-04 11:15:00,-13.812625,104,-25,-12.62347,-11.778215,-20.144789,-7.2218556,True,-11.434315,-9.727812,-18.473953,-5.242928,True
2024-05-04 11:20:00,-13.713528,104,-25,-12.524374,-11.59534,-19.981596,-7.1483865,True,-11.335219,-9.463994,-18.239439,-5.0850234,True
2024-05-04 11:25:00,-13.614432,104,-25,-12.425277,-11.44927,-19.87398,-7.034015,True,-11.236122,-9.270976,-18.095901,-4.9189963,True
2024-05-04 11:30:00,-13.515336,104,-25,-12.326181,-11.41446,-19.837267,-6.968736,True,-11.137027,-9.299616,-18.120617,-4.9064345,True
2024-05-04 11:35:00,-13.41624,104,-26,-12.227085,-11.364099,-19.787312,-6.8684726,True,-11.0379305,-9.298956,-18.118399,-4.845795,True
2024-05-04 11:40:00,-13.317143,104,-27,-12.127989,-11.325424,-19.729925,-6.809091,True,-10.938834,-9.320969,-18.118256,-4.835629,True
2024-05-04 11:45:00,-13.218047,104,-28,-12.0288925,-11.297263,-19.675673,-6.7766194,True,-10.839737,-9.364517,-18.129444,-4.862906,True
2024-05-04 11:50:00,-13.118951,104,-28,-11.929796,-11.330662,-19.633287,-6.8162923,True,-10.740642,-9.532588,-18.2053,-5.021316,True
2024-05-04 11:55:00,-13.019855,104,-28,-11.8307,-11.304009,-19.567139,-6.776879,True,-10.641545,-9.581614,-18.206991,-5.045134,True
2024-05-04 12:00:00,-12.920759,104,-27,-11.731604,-11.216771,-19.493048,-6.6996713,True,-10.542449,-9.508039,-18.147942,-4.9731603,True
2024-05-04 12:05:00,-12.821662,104,-27,-11.632507,-11.122239,-19.41999,-6.6094804,True,-10.443353,-9.41865,-18.085484,-4.878756,True
2024-05-04 12:10:00,-12.722566,104,-27,-11.533411,-10.932359,-19.320808,-6.4319863,True,-10.344257,-9.139943,-17.911695,-4.6108756,True
2024-05-04 12:15:00,-12.62347,104,-28,-11.434315,-10.768578,-19.241232,-6.281448,True,-10.245161,-8.910817,-17.779327,-4.391628,True
2024-05-04 12:20:00,-12.524374,104,-28,-11.335219,-10.597952,-19.133837,-6.1845775,True,-10.146064,-8.666765,-17.610195,-4.2165446,True
2024-05-04 12:25:00,-12.425277,104,-28,-11.236122,-10.400436,-18.980082,-6.095206,True,-10.046968,-8.371354,-17.369719,-4.022801,True
2024-05-04 12:30:00,-12.326181,104,-27,-11.137027,-10.200305,-18.821363,-5.999068,True,-9.947872,-8.07047,-17.118744,-3.821398,True
2024-05-04 12:35:00,-12.227085,104,-27,-11.0379305,-9.963009,-18.653997,-5.8466735,True,-9.848775,-7.6970916,-16.828735,-3.5277998,True
2024-05-04 12:40:00,-12.127989,104,-27,-10.938834,-9.797397,-18.5414,-5.719792,True,-9.74968,-7.464809,-16.654236,-3.327698,True
2024-05-04 12:45:00,-12.0288925,104,-26,-10.839737,-9.733311,-18.498062,-5.6354213,True,-9.650583,-7.4357047,-16.646864,-3.2659056,True
2024-05-04 12:50:00,-11.929796,104,-26,-10.740642,-9.40893,-18.32842,-5.3877597,True,-9.551487,-6.8867993,-16.278208,-2.793463,True
2024-05-04 12:55:00,-11.8307,104,-26,-10.641545,-9.302205,-18.270422,-5.2752357,True,-9.452391,-6.77021,-16.218464,-2.6601565,True
2024-05-04 13:00:00,-11.731604,104,-26,-10.542449,-9.111407,-18.150982,-5.1518474,True,-9.353294,-6.4878116,-16.015167,-2.4363024,True
2024-05-04 13:05:00,-11.632507,104,-25,-10.443353,-8.949672,-18.051756,-5.060496,True,-9.254198,-6.2588935,-15.856384,-2.2687743,True
2024-05-04 13:10:00,-11.533411,104,-25,-10.344257,-8.596624,-17.866486,-4.790174,True,-9.155102,-5.6493144,-15.439479,-1.7406334,True
2024-05-04 13:15:00,-11.434315,104,-25,-10.245161,-8.2193775,-17.683607,-4.504002,True,-9.056006,-4.9893956,-15.001505,-1.1715759,True
2024-05-04 13:20:00,-11.335219,104,-25,-10.146064,-7.800797,-17.45978,-4.21265,True,-8.95691,-4.2477736,-14.479452,-0.5527461,True
2024-05-04 13:25:00,-11.236122,104,-24,-10.046968,-7.5139394,-17.325644,-3.9315417,True,-8.857813,-3.7699273,-14.167261,-0.077677086,True
2024-05-04 13:30:00,-11.137027,104,-24,-9.947872,-7.2338862,-17.196884,-3.6773665,True,-8.758718,-3.3035204,-13.8745775,0.37097135,True
2024-05-04 13:35:00,-11.0379305,104,-23,-9.848775,-7.1151547,-17.166061,-3.5194209,True,-8.659621,-3.1608603,-13.828937,0.56445473,True
2024-05-04 13:40:00,-10.938834,104,-23,-9.74968,-7.104069,-17.156914,-3.4856246,True,-8.560525,-3.229788,-13.908191,0.5388352,True
2024-05-04 13:45:00,-10.839737,104,-23,-9.650583,-7.2357974,-17.237257,-3.5077517,True,-8.461429,-3.586136,-14.2142515,0.31464544,True
2024-05-04 13:50:00,-10.740642,104,-23,-9.551487,-7.298468,-17.291193,-3.4496062,True,-8.362332,-3.805505,-14.428431,0.2358853,True
2024-05-04 13:55:00,-10.641545,104,-23,-9.452391,-7.0608354,-17.216658,-3.1411555,True,-8.263236,-3.420418,-14.240206,0.6966645,True
2024-05-04 14:00:00,-10.542449,104,-23,-9.353294,-7.0677104,-17.236124,-3.0225565,True,-8.16414,-3.5295393,-14.372938,0.7354848,True
2024-05-04 14:05:00,-10.443353,104,-22,-9.254198,-7.0441775,-17.231003,-2.915396,True,-8.065044,-3.5780318,-14.446381,0.78969735,True
2024-05-04 14:10:00,-10.344257,104,-22,-9.155102,-6.971128,-17.224865,-2.7122424,True,-7.9659476,-3.5257952,-14.484942,0.9900262,True
2024-05-04 14:15:00,-10.245161,104,-22,-9.056006,-6.7869945,-17.188435,-2.4535868,True,-7.8668513,-3.2465746,-14.390294,1.3553978,True
2024-05-04 14:20:00,-10.146064,104,-22,-8.95691,-6.7702556,-17.213638,-2.319401,True,-7.767756,-3.3071654,-14.504596,1.4301945,True
2024-05-04 14:25:00,-10.046968,104,-22,-8.857813,-6.797992,-17.226757,-2.2425845,True,-7.6686597,-3.4609168,-14.6422615,1.4075562,True
2024-05-04 14:30:00,-9.947872,104,-22,-8.758718,-6.2406764,-16.972206,-1.6886219,True,-7.5695624,-2.4279158,-13.9779625,2.429239,True
2024-05-04 14:35:00,-9.848775,104,-21,-8.659621,-5.8672795,-16.82775,-1.2086662,True,-7.470467,-1.7669281,-13.598078,3.1955984,True
2024-05-04 14:40:00,-9.74968,104,-21,-8.560525,-5.7182784,-16.777412,-0.9475692,True,-7.371371,-1.5590976,-13.511452,3.5271719,True
2024-05-04 14:45:00,-9.650583,104,-20,-8.461429,-5.475348,-16.707104,-0.5941623,True,-7.2722745,-1.1590885,-13.324462,4.04137,True
2024-05-04 14:50:00,-9.551487,104,-19,-8.362332,-5.576469,-16.824417,-0.5320533,True,-7.173178,-1.4554962,-13.640198,3.9311368,True
2024-05-04 14:55:00,-9.452391,104,-19,-8.263236,-5.642984,-16.8966,-0.52771217,True,-7.074082,-1.6836685,-13.869188,3.798803,True
2024-05-04 15:00:00,-9.353294,104,-19,-8.16414,-5.628861,-16.929993,-0.4249328,True,-6.9749856,-1.747702,-13.985868,3.8391645,True
2024-05-04 15:05:00,-9.254198,104,-18,-8.065044,-5.770353,-17.034899,-0.44742426,True,-6.8758893,-2.128918,-14.321664,3.6106298,True
2024-05-04 15:10:00,-9.155102,104,-18,-7.9659476,-5.897326,-17.144623,-0.42218813,True,-6.776794,-2.4844897,-14.646244,3.4293706,True
2024-05-04 15:15:00,-9.056006,104,-18,-7.8668513,-5.859449,-17.164425,-0.2965339,True,-6.6776967,-2.5026686,-14.728167,3.5128343,True
2024-05-04 15:20:00,-8.95691,104,-18,-7.767756,-5.7036433,-17.143473,-0.046081856,True,-6.5786004,-2.2817347,-14.664555,3.8329675,True
2024-05-04 15:25:00,-8.857813,104,-18,-7.6686597,-5.5468802,-17.172724,0.24244277,True,-6.479505,-2.0524848,-14.661749,4.199289,True
2024-05-04 15:30:00,-8.758718,104,-18,-7.5695624,-5.302773,-17.136284,0.5968701,True,-6.380409,-1.6478313,-14.506624,4.7093253,True
2024-05-04 15:35:00,-8.659621,104,-17,-7.470467,-5.200954,-17.089434,0.7914426,True,-6.2813125,-1.5315937,-14.458482,4.9264865,True
2024-05-04 15:40:00,-8.560525,104,-17,-7.371371,-4.8186955,-16.906176,1.2155548,True,-6.182216,-0.8430541,-14.021395,5.6466517,True
2024-05-04 15:45:00,-8.461429,104,-17,-7.2722745,-4.314549,-16.731186,1.8031117,True,-6.08312,0.09582679,-13.495469,6.644918,True
2024-05-04 15:50:00,-8.362332,104,-16,-7.173178,-4.0577607,-16.682598,2.1840112,True,-5.9840236,0.52965325,-13.319675,7.193233,True
2024-05-04 15:55:00,-8.263236,104,-15,-7.074082,-3.8449147,-16.628294,2.5042417,True,-5.8849273,0.8715722,-13.173927,7.637178,True
2024-05-04 16:00:00,-8.16414,104,-15,-6.9749856,-3.776955,-16.667303,2.7113702,True,-5.785832,0.9176175,-13.255286,7.824201,True
2024-05-04 16:05:00,-8.065044,104,-15,-6.8758893,-3.8809645,-16.737392,2.7392786,True,-5.6867347,0.61104935,-13.50232,7.6625304,True
2024-05-04 16:10:00,-7.9659476,104,-16,-6.776794,-3.9537365,-16.761827,2.7580335,True,-5.5876384,0.36494794,-13.66768,7.5189204,True
2024-05-04 16:15:00,-7.8668513,104,-15,-6.6776967,-4.068295,-16.861856,2.7621744,True,-5.488543,0.032647774,-13.965979,7.3195815,True
2024-05-04 16:20:00,-7.767756,104,-14,-6.5786004,-4.073771,-16.900658,2.8502214,True,-5.3894467,-0.0766433,-14.099264,7.3055205,True
2024-05-04 16:25:00,-7.6686597,104,-14,-6.479505,-3.9973872,-16.951132,3.0301626,True,-5.2903495,-0.011608439,-14.177842,7.467109,True
2024-05-04 16:30:00,-7.5695624,104,-15,-6.380409,-3.806764,-16.922796,3.3013742,True,-5.191254,0.28578344,-14.071225,7.831405,True
2024-05-04 16:35:00,-7.470467,104,-15,-6.2813125,-3.645592,-16.832615,3.5197294,True,-5.092158,0.516586,-13.922837,8.119219,True
2024-05-04 16:40:00,-7.371371,104,-15,-6.182216,-3.326588,-16.59989,3.8153474,True,-4.9930615,1.0720288,-13.472814,8.63772,True
2024-05-04 16:45:00,-7.2722745,104,-15,-6.08312,-3.020037,-16.524273,4.1752353,True,-4.8939652,1.6040779,-13.218172,9.196617,True
2024-05-04 16:50:00,-7.173178,104,-14,-5.9840236,-2.7095225,-16.546955,4.6095386,True,-4.794869,2.1406877,-13.082248,9.822258,True
2024-05-04 16:55:00,-7.074082,104,-15,-5.8849273,-2.4826148,-16.355762,4.8327746,True,-4.6957726,2.5076578,-12.753104,10.182756,True
2024-05-04 17:00:00,-6.9749856,104,-15,-5.785832,-2.295193,-16.424673,5.150007,True,-4.5966763,2.7919424,-12.760806,10.568893,True
2024-05-04 17:05:00,-6.8758893,104,-15,-5.6867347,-2.0648139,-16.322264,5.4076953,True,-4.497581,3.1704328,-12.533023,10.953423,True
2024-05-04 17:10:00,-6.776794,104,-16,-5.5876384,-1.8409828,-16.38466,5.77165,True,-4.3984838,3.5300748,-12.5156145,11.41729,True
2024-05-04 17:15:00,-6.6776967,104,-16,-5.488543,-1.6610569,-16.594604,6.2012553,True,-4.2993875,3.8060377,-12.69589,11.898397,True
2024-05-04 17:20:00,-6.5786004,104,-16,-5.3894467,-1.529076,-16.530102,6.4441886,True,-4.200292,3.9713953,-12.6068945,12.166166,True
2024-05-04 17:25:00,-6.479505,104,-16,-5.2903495,-1.3024734,-16.488056,6.80141,True,-4.101196,4.3269496,-12.469182,12.624882,True
2024-05-04 17:30:00,-6.380409,104,-16,-5.191254,-1.1385349,-16.53274,7.119039,True,-4.0020995,4.562309,-12.485245,12.990986,True
2024-05-04 17:35:00,-6.2813125,104,-16,-5.092158,-0.9949134,-16.574886,7.4151626,True,-3.903003,4.757129,-12.499041,13.308239,True
2024-05-04 17:40:00,-6.182216,104,-17,-4.9930615,-0.9945319,-16.597897,7.5396457,True,-3.8039067,4.648866,-12.618104,13.324078,True
2024-05-04 17:45:00,-6.08312,104,-17,-4.8939652,-0.89334136,-16.694908,7.78511,True,-3.7048094,4.7494464,-12.740196,13.549648,True
2024-05-04 17:50:00,-5.9840236,104,-17,-4.794869,-0.9040721,-16.806875,7.9346194,True,-3.605715,4.6167197,-12.953779,13.567715,True
2024-05-04 17:55:00,-5.8849273,104,-17,-4.6957726,-0.91205627,-16.860909,8.042641,True,-3.5066187,4.4916835,-13.096229,13.551575,True
2024-05-04 18:00:00,-5.785832,104,-16,-4.5966763,-1.3291382,-17.249857,7.808273,True,-3.4075205,3.529888,-13.946313,12.7938,True
2024-05-04 18:05:00,-5.6867347,104,-16,-4.497581,-1.3993133,-17.379532,7.8173194,True,-3.3084261,3.2726438,-14.236491,12.6180725,True
2024-05-04 18:10:00,-5.5876384,104,-16,-4.3984838,-1.3603119,-17.20905,7.875728,True,-3.2093298,3.2419393,-14.096095,12.613541,True
2024-05-04 18:15:00,-5.488543,104,-17,-4.2993875,-1.3060364,-17.052216,7.9482265,True,-3.1102335,3.244953,-13.951954,12.636646,True
2024-05-04 18:20:00,-5.3894467,104,-18,-4.200292,-1.319445,-17.097353,8.021603,True,-3.0111372,3.1067388,-14.089951,12.578564,True
2024-05-04 18:25:00,-5.2903495,104,-16,-4.101196,-1.2457927,-17.145514,8.170683,True,-2.912041,3.1476629,-14.171968,12.680851,True
2024-05-04 18:30:00,-5.191254,104,-16,-4.0020995,-1.0652508,-17.35402,8.466568,True,-2.8129447,3.4116914,-14.346435,13.022011,True
2024-05-04 18:35:00,-5.092158,104,-15,-3.903003,-0.96780807,-17.45381,8.683271,True,-2.7138484,3.503023,-14.463181,13.214405,True
2024-05-04 18:40:00,-4.9930615,104,-16,-3.8039067,-0.87778884,-17.385237,8.826374,True,-2.614752,3.5791147,-14.394346,13.334274,True
2024-05-04 18:45:00,-4.8939652,104,-15,-3.7048094,-0.7760413,-17.32105,8.980448,True,-2.5156558,3.6778371,-14.316251,13.471664,True
2024-05-04 18:50:00,-4.794869,104,-15,-3.605715,-0.6215194,-17.361742,9.210682,True,-2.4165595,3.8842924,-14.326547,13.735306,True
2024-05-04 18:55:00,-4.6957726,104,-16,-3.5066187,-0.542414,-17.414963,9.387249,True,-2.3174632,3.9384878,-14.396962,13.868492,True
2024-05-04 19:00:00,-4.5966763,104,-16,-3.4075205,-0.34865603,-17.251518,9.597185,True,-2.2183669,4.224729,-14.147783,14.154362,True
2024-05-04 19:05:00,-4.497581,104,-16,-3.3084261,-0.12782891,-17.092115,9.850906,True,-2.1192706,4.564569,-13.88281,14.503078,True
2024-05-04 19:10:00,-4.3984838,104,-16,-3.2093298,-0.0032504366,-16.937857,9.985512,True,-2.0201762,4.706489,-13.703162,14.647411,True
2024-05-04 19:15:00,-4.2993875,104,-16,-3.1102335,0.19539039,-16.88849,10.212502,True,-1.9210781,4.9988933,-13.576684,14.941097,True
2024-05-04 19:20:00,-4.200292,104,-16,-3.0111372,0.35627142,-16.881376,10.422216,True,-1.8219818,5.21491,-13.531939,15.183727,True
2024-05-04 19:25:00,-4.101196,104,-16,-2.912041,0.44924894,-16.96103,10.590939,True,-1.7228874,5.2908664,-13.630013,15.313992,True
2024-05-04 19:30:00,-4.0020995,104,-17,-2.8129447,0.46625486,-16.930515,10.652246,True,-1.6237911,5.2141604,-13.666437,15.278328,True
2024-05-04 19:35:00,-3.903003,104,-16,-2.7138484,0.5410821,-16.804754,10.736759,True,-1.5246929,5.2541137,-13.556335,15.319912,True
2024-05-04 19:40:00,-3.8039067,104,-17,-2.614752,0.700298,-16.729685,10.903116,True,-1.4255985,5.4636607,-13.435801,15.514896,True
2024-05-04 19:45:00,-3.7048094,104,-17,-2.5156558,0.86956376,-16.673697,11.059849,True,-1.3265022,5.6977572,-13.333294,15.71463,True
2024-05-04 19:50:00,-3.605715,104,-17,-2.4165595,1.1358334,-16.673569,11.324934,True,-1.227404,6.1252093,-13.219888,16.10291,True
2024-05-04 19:55:00,-3.5066187,104,-17,-2.3174632,1.4666725,-16.625696,11.656757,True,-1.1283096,6.6781,-13.016157,16.617092,True
2024-05-04 20:00:00,-3.4075205,104,-18,-2.2183669,1.6763359,-16.502428,11.879223,True,-1.0292133,6.988069,-12.814335,16.91602,True
2024-05-04 20:05:00,-3.3084261,104,-18,-2.1192706,1.9443947,-16.337217,12.119879,True,-0.93011504,7.415647,-12.51903,17.28852,True
2024-05-04 20:10:00,-3.2093298,104,-18,-2.0201762,2.171375,-16.212654,12.335594,True,-0.83102065,7.755321,-12.302139,17.59048,True
2024-05-04 20:15:00,-3.1102335,104,-17,-1.9210781,2.5225275,-15.89991,12.610001,True,-0.73192436,8.345446,-11.786613,18.07444,True
2024-05-04 20:20:00,-3.0111372,104,-17,-1.8219818,2.8396966,-15.64021,12.878399,True,-0.63282615,8.863577,-11.357085,18.515049,True
2024-05-04 20:25:00,-2.912041,104,-18,-1.7228874,3.0802515,-15.519205,13.094818,True,-0.53373176,9.223984,-11.141159,18.82566,True
2024-05-04 20:30:00,-2.8129447,104,-18,-1.6237911,3.220083,-15.490308,13.223587,True,-0.4346355,9.38785,-11.08857,18.957737,True
2024-05-04 20:35:00,-2.7138484,104,-19,-1.5246929,3.3770254,-15.524865,13.38258,True,-0.3355392,9.581593,-11.100609,19.130707,True
2024-05-04 20:40:00,-2.614752,104,-19,-1.4255985,3.5092638,-15.621623,13.53558,True,-0.23644288,9.725338,-11.193167,19.274136,True
2024-05-04 20:45:00,-2.5156558,104,-18,-1.3265022,3.7745245,-15.323241,13.7136345,True,-0.13734658,10.134047,-10.747588,19.579296,True
2024-05-04 20:50:00,-2.4165595,104,-18,-1.227404,3.626335,-15.331062,13.535534,True,-0.038250282,9.7319145,-10.936429,19.160942,True
2024-05-04 20:55:00,-2.3174632,104,-18,-1.1283096,3.5713594,-15.135636,13.347317,True,0.060846016,9.517397,-10.823119,18.826805,True
2024-05-04 21:00:00,-2.2183669,104,-18,-1.0292133,3.5811784,-15.102939,13.360725,True,0.15994231,9.424784,-10.85381,18.735378,True
2024-05-04 21:05:00,-2.1192706,104,-19,-0.93011504,3.4672143,-15.179264,13.325527,True,0.2590367,9.093782,-11.075315,18.489162,True
2024-05-04 21:10:00,-2.0201762,104,-20,-0.83102065,3.4158838,-15.062988,13.318932,True,0.3581349,8.883982,-11.045499,18.332394,True
2024-05-04 21:15:00,-1.9210781,104,-20,-0.73192436,3.639551,-14.670119,13.482582,True,0.4572312,9.21072,-10.527625,18.592464,True
2024-05-04 21:20:00,-1.8219818,104,-20,-0.63282615,3.6378706,-14.590971,13.469269,True,0.5563256,9.099533,-10.519514,18.468655,True
2024-05-04 21:25:00,-1.7228874,104,-18,-0.53373176,3.6128194,-14.499919,13.391834,True,0.6554219,8.941837,-10.509391,18.262157,True
2024-05-04 21:30:00,-1.6237911,104,-17,-0.4346355,3.5863988,-14.43788,13.379532,True,0.7545201,8.782131,-10.537692,18.11628,True
2024-05-04 21:35:00,-1.5246929,104,-16,-0.3355392,3.6159532,-14.371206,13.457417,True,0.8536145,8.729877,-10.52661,18.106194,True
2024-05-04 21:40:00,-1.4255985,104,-15,-0.23644288,3.9049509,-14.217083,13.69302,True,0.9527108,9.181946,-10.24181,18.480244,True
2024-05-04 21:45:00,-1.3265022,104,-16,-0.13734658,4.3535323,-13.955085,14.193859,True,1.051809,9.945251,-9.726587,19.257149,True
2024-05-04 21:50:00,-1.227404,104,-13,-0.038250282,5.062961,-13.487335,14.920601,True,1.1509033,11.202635,-8.814133,20.474411,True
2024-05-04 21:55:00,-1.1283096,104,-13,0.060846016,5.712713,-13.115803,15.381218,True,1.2499996,12.325584,-8.069193,21.36279,True
2024-05-04 22:00:00,-1.0292133,104,-12,0.15994231,6.4135184,-12.764304,15.841869,True,1.2800003,13.529552,-7.3200183,22.280933,True
2024-05-04 22:05:00,-0.93011504,104,-11,0.2590367,6.5070662,-12.771397,15.819675,True,2.0300004,13.59845,-7.3534484,22.221611,True
2024-05-04 22:10:00,-0.83102065,104,-11,0.3581349,6.8510756,-12.593608,16.027748,True,2.800001,14.1221695,-7.030438,22.589142,True
2024-05-04 22:15:00,-0.73192436,104,-11,0.4572312,6.5675845,-12.67078,15.618771,True,4.28,13.491337,-7.3666444,21.854767,True
2024-05-04 22:20:00,-0.63282615,104,-12,0.5563256,6.066812,-12.778639,15.031952,True,5.8299994,12.452328,-7.869161,20.772274,True
2024-05-04 22:25:00,-0.53373176,104,-11,0.6554219,5.6324916,-12.655706,14.466454,True,6.0699973,11.526968,-8.075488,19.762226,True
2024-05-04 22:30:00,-0.4346355,104,-11,0.7545201,5.262296,-12.704511,14.03651,True,6.03,10.717573,-8.45221,18.919777,True
2024-05-04 22:35:00,-0.3355392,104,-12,0.8536145,4.925506,-12.820678,13.736988,True,5.77,9.965216,-8.887732,18.224255,True
2024-05-04 22:40:00,-0.23644288,104,-12,0.9527108,4.3200946,-13.060434,13.234879,True,5.819999,8.695747,-9.631362,17.0937,True
2024-05-04 22:45:00,-0.13734658,104,-12,1.051809,4.0655055,-13.264595,13.036915,True,6.2900004,8.09631,-10.104033,16.561623,True
2024-05-04 22:50:00,-0.038250282,104,-12,1.1509033,4.060613,-13.299323,13.064899,True,6.19,7.9821353,-10.215148,16.480846,True
2024-05-04 22:55:00,0.060846016,104,-12,1.2499996,4.2068076,-13.245087,13.171364,True,5.36,8.1604595,-10.1318865,16.60841,True
2024-05-04 23:00:00,0.15994231,104,-12,1.2800003,4.5176997,-13.226549,13.487099,True,5.35,8.655657,-9.979159,17.082863,True
2024-05-04 23:05:00,0.2590367,104,-12,2.0300004,4.9099402,-13.040856,13.8195,True,6.18,9.307247,-9.595187,17.64672,True
2024-05-04 23:10:00,0.3581349,104,-13,2.800001,5.5205283,-12.746006,14.325924,True,7.3800006,10.3679695,-8.955272,18.564388,True
2024-05-04 23:15:00,0.4572312,104,-12,4.28,5.6139255,-12.681588,14.49366,True,8.179998,10.442833,-8.902108,18.70374,True
2024-05-04 23:20:00,0.5563256,104,-8,5.8299994,5.938686,-12.415201,14.666519,True,9.17,10.953396,-8.489317,19.048256,True
2024-05-04 23:25:00,0.6554219,104,-5,6.0699973,6.214168,-12.15609,14.76791,True,9.6,11.366619,-8.112229,19.278275,True
2024-05-04 23:30:00,0.7545201,104,-7,6.03,6.338508,-11.944883,14.714935,True,8.179998,11.493887,-7.881579,19.230228,True
2024-05-04 23:35:00,0.8536145,104,-5,5.77,6.213657,-11.874948,14.555508,True,8.08,11.155329,-7.9520345,18.87106,True
2024-05-04 23:40:00,0.9527108,104,-5,5.819999,5.917339,-11.895222,14.218346,True,8.040001,10.495115,-8.235807,18.191319,True
2024-05-04 23:45:00,1.051809,104,-4,6.2900004,6.0822062,-11.732485,14.333263,True,8.200001,10.7015915,-8.03236,18.342491,True
2024-05-04 23:50:00,1.1509033,104,-3,6.19,5.830747,-11.760537,14.119167,True,7.819999,10.126812,-8.299032,17.820084,True
2024-05-04 23:55:00,1.2499996,104,-3,5.36,5.583591,-11.777883,13.832809,True,6.899999,9.557005,-8.55631,17.22831,True
2024-05-05 00:00:00,1.2800003,104,-3,5.35,5.3750777,-11.7806835,13.512856,True,6.6599994,9.123394,-8.719613,16.696278,True
2024-05-05 00:05:00,2.0300004,104,-3,6.18,6.683212,-10.782016,14.492378,True,7.7900004,10.895645,-7.3751807,18.11705,True
2024-05-05 00:10:00,2.800001,104,-3,7.3800006,7.786941,-10.150853,15.559563,True,7.69,12.25075,-6.586125,19.41222,True
2024-05-05 00:15:00,4.28,104,-3,8.179998,9.480106,-8.856968,17.13807,True,8.23,14.055744,-5.2588496,21.096104,True
2024-05-05 00:20:00,5.8299994,104,-2,9.17,10.959499,-7.647594,18.48811,True,8.630001,15.399891,-4.199431,22.316925,True
2024-05-05 00:25:00,6.0699973,104,-2,9.6,11.379906,-7.2831073,18.76801,True,9.780001,15.944851,-3.7400172,22.718204,True
2024-05-05 00:30:00,6.03,104,-3,8.179998,11.497803,-7.3037763,18.858444,True,11.25,16.179039,-3.6723673,22.914013,True
2024-05-05 00:35:00,5.77,104,-4,8.08,11.3260975,-7.404783,18.64029,True,12.049999,16.076408,-3.6970332,22.76131,True
2024-05-05 00:40:00,5.819999,104,-5,8.040001,10.856197,-7.691522,18.298927,True,10.9,15.178272,-4.2923236,22.00232,True
2024-05-05 00:45:00,6.2900004,104,-5,8.200001,11.33309,-7.3601213,18.69246,True,9.66,15.629913,-3.994263,22.371788,True
2024-05-05 00:50:00,6.19,104,-5,7.819999,11.114275,-7.5931106,18.512516,True,7.94,15.308918,-4.2931914,22.088894,True
2024-05-05 00:55:00,5.36,104,-5,6.899999,10.106024,-8.332738,17.56113,True,7.2799983,14.179844,-5.0805573,21.017323,True
2024-05-05 01:00:00,5.35,104,-7,6.6599994,9.614498,-8.540426,17.13123,True,6.479999,13.282654,-5.570272,20.20229,True
2024-05-05 01:05:00,6.18,104,-6,7.7900004,9.96703,-8.091713,17.458084,True,5.139999,13.201687,-5.4512467,20.120514,True
2024-05-05 01:10:00,7.3800006,104,-5,7.69,10.631844,-7.3396773,18.114681,True,4.139999,13.37421,-5.06986,20.313793,True
2024-05-05 01:15:00,8.179998,104,-4,8.23,10.748819,-7.0206027,18.234707,True,2.7700002,12.881863,-5.1902795,19.85741,True
2024-05-05 01:20:00,9.17,104,-4,8.630001,10.822834,-6.7268023,18.36665,True,1.1300007,12.129086,-5.478784,19.202991,True
2024-05-05 01:25:00,9.6,104,-5,9.780001,10.639027,-6.595611,18.15282,True,-0.87999946,11.388973,-5.7327285,18.46297,True
2024-05-05 01:30:00,8.179998,104,-6,11.25,8.832571,-7.799687,16.405304,True,-2.1700003,9.246874,-7.1607223,16.398125,True
2024-05-05 01:35:00,8.08,104,-8,12.049999,8.485502,-8.025011,16.020412,True,-3.66,8.672056,-7.5413804,15.797634,True
2024-05-05 01:40:00,8.040001,104,-9,10.9,8.193256,-8.19916,15.757374,True,-4.6300006,8.146273,-7.874414,15.314598,True
2024-05-05 01:45:00,8.200001,104,-9,9.66,8.304508,-8.106554,15.858082,True,-5.52,8.21085,-7.8038754,15.367798,True
2024-05-05 01:50:00,7.819999,104,-10,7.94,8.309534,-8.083261,15.705524,True,-7.39,8.579161,-7.5205007,15.557571,True
2024-05-05 01:55:00,6.899999,104,-11,7.2799983,7.521871,-8.869843,14.921051,True,-8.44,7.922048,-8.204739,14.896999,False
2024-05-05 02:00:00,6.6599994,104,-12,6.479999,7.532415,-8.939883,14.787781,True,-8.79,8.16671,-8.102182,14.983978,False
2024-05-05 02:05:00,7.7900004,104,-11,5.139999,8.825525,-7.9864707,15.956783,True,-9.85,9.595165,-7.0484977,16.276825,False
2024-05-05 02:10:00,7.69,104,-10,4.139999,8.999779,-7.985193,16.052765,True,-11.3,10.018671,-6.86501,16.608097,False
2024-05-05 02:15:00,8.23,104,-9,2.7700002,9.6148815,-7.6889205,16.60733,True,-11.8,10.692699,-6.526276,17.218525,False
2024-05-05 02:20:00,8.630001,104,-8,1.1300007,9.517511,-7.6502624,16.573639,True,-12.04,10.147146,-6.7996583,16.769577,False
2024-05-05 02:25:00,9.780001,104,-7,-0.87999946,10.000221,-7.112498,17.122963,True,-12.99,10.013758,-6.677508,16.740574,False
2024-05-05 02:30:00,11.25,104,-5,-2.1700003,11.091631,-6.2070584,18.202389,True,-13.72,10.75436,-6.0008826,17.494865,False
2024-05-05 02:35:00,12.049999,104,-4,-3.66,11.712654,-5.7154803,18.846722,True,-14.42,11.213947,-5.607082,17.991493,False
2024-05-05 02:40:00,10.9,104,-4,-4.6300006,10.444962,-6.6020846,17.63375,True,-14.6,9.846323,-6.5607476,16.687584,False
2024-05-05 02:45:00,9.66,104,-4,-5.52,9.228399,-7.351876,16.427788,True,-14.98,8.661753,-7.294168,15.512547,False
2024-05-05 02:50:00,7.94,104,-5,-7.39,7.485681,-8.459692,14.69783,True,-15.84,6.909139,-8.419926,13.77293,False
2024-05-05 02:55:00,7.2799983,104,-6,-8.44,6.7943625,-8.759999,13.930698,True,-15.99,6.1953807,-8.742682,12.984333,False
2024-05-05 03:00:00,6.479999,104,-6,-8.79,6.123794,-9.084753,13.1477585,True,-16.46,5.6539817,-8.983388,12.321762,False
2024-05-05 03:05:00,5.139999,104,-6,-9.85,5.214172,-9.673482,12.08242,False,-17.27,5.158632,-9.279551,11.645002,False
2024-05-05 03:10:00,4.139999,104,-7,-11.3,4.367761,-10.248342,11.154652,False,-17.82,4.4651504,-9.743479,10.861853,False
2024-05-05 03:15:00,2.7700002,104,-8,-11.8,3.1054304,-11.07213,9.787054,False,-18.91,3.3160074,-10.486825,9.600679,False
2024-05-05 03:20:00,1.1300007,104,-8,-12.04,1.6073261,-12.18516,8.258869,True,-19.32,1.9656407,-11.487821,8.21217,False
2024-05-05 03:25:00,-0.87999946,104,-9,-12.99,0.15930907,-13.356733,6.6337047,True,-18.61,1.0579602,-12.233715,7.096784,False
2024-05-05 03:30:00,-2.1700003,104,-11,-13.72,-0.9120315,-14.308016,5.569204,True,-18.59,0.20104758,-13.00534,6.2358756,False
2024-05-05 03:35:00,-3.66,104,-11,-14.42,-2.1408484,-15.395949,4.3093734,True,-19.1,-0.7726005,-13.874831,5.2174754,False
2024-05-05 03:40:00,-4.6300006,104,-13,-14.6,-2.6021502,-15.963994,3.7671812,True,-18.72,-0.75848037,-14.040428,5.1240172,False
2024-05-05 03:45:00,-5.52,104,-12,-14.98,-3.2130644,-16.506636,3.0711038,True,-18.3,-1.1041054,-14.349316,4.678539,False
2024-05-05 03:50:00,-7.39,104,-13,-15.84,-4.781635,-17.832392,1.4250904,True,-18.57,-2.3799765,-15.400048,3.3097112,False
2024-05-05 03:55:00,-8.44,104,-15,-15.99,-5.6087527,-18.558868,0.5124852,True,-18.48,-2.995619,-15.929451,2.5977113,False
2024-05-05 04:00:00,-8.79,104,-15,-16.46,-6.1472583,-18.905567,-0.01701005,True,-18.26,-3.700104,-16.415665,1.913139,False
2024-05-05 04:05:00,-9.85,104,-15,-17.27,-7.2188325,-19.814423,-0.9947036,True,-18.98,-4.774692,-17.317057,0.93764657,False
2024-05-05 04:10:00,-11.3,104,-15,-17.82,-8.931622,-21.162937,-2.43314,True,-19.87,-6.718164,-18.848202,-0.7206786,False
2024-05-05 04:15:00,-11.8,104,-17,-18.91,-9.215059,-21.488773,-2.8104594,True,-20.95,-6.801785,-18.992,-0.9077838,False
2024-05-05 04:20:00,-12.04,104,-16,-19.32,-10.559089,-22.194517,-3.8817675,True,-21.26,-9.151664,-20.590225,-2.9230063,False
2024-05-05 04:25:00,-12.99,104,-16,-18.61,-11.70306,-23.069077,-5.178702,True,-20.97,-10.467267,-21.620014,-4.3755984,True
2024-05-05 04:30:00,-13.72,104,-17,-18.59,-12.70029,-23.877737,-6.090141,True,-20.92,-11.705394,-22.641487,-5.5120597,True
2024-05-05 04:35:00,-14.42,104,-17,-19.1,-13.5722685,-24.559988,-6.959459,True,-21.48,-12.730078,-23.457272,-6.527351,True
2024-05-05 04:40:00,-14.6,104,-18,-18.72,-13.726095,-24.635773,-7.167876,True,-21.5,-12.856196,-23.510954,-6.707313,True
2024-05-05 04:45:00,-14.98,104,-17,-18.3,-14.268519,-25.013458,-7.6202006,True,-20.35,-13.545732,-24.024199,-7.2908673,True
2024-05-05 04:50:00,-15.84,104,-17,-18.57,-15.01996,-25.655754,-8.356732,True,-20.26,-14.190921,-24.572802,-7.9255967,True
2024-05-05 04:55:00,-15.99,104,-18,-18.48,-14.998729,-25.599869,-8.412113,True,-19.84,-14.0070915,-24.370283,-7.830169,True
2024-05-05 05:00:00,-16.46,104,-18,-18.26,-15.189667,-25.834656,-8.701159,True,-18.9,-13.936598,-24.370167,-7.872292,True
2024-05-05 05:05:00,-17.27,104,-18,-18.98,-15.788496,-26.366873,-9.348296,True,-18.5,-14.336403,-24.721996,-8.331338,True
2024-05-05 05:10:00,-17.82,104,-19,-19.87,-16.142279,-26.69671,-9.701573,True,-18.1,-14.507026,-24.884659,-8.509876,True
2024-05-05 05:15:00,-18.91,104,-20,-20.95,-16.985857,-27.574585,-10.477338,True,-17.2,-15.121196,-25.547304,-9.0698805,True
2024-05-05 05:20:00,-19.32,104,-22,-21.26,-17.152428,-27.818897,-10.593628,True,-15.71,-15.062793,-25.582512,-8.973969,True
2024-05-05 05:25:00,-18.61,104,-22,-20.97,-16.244808,-26.968262,-9.709034,True,-15.4,-13.976813,-24.575262,-7.9176126,True
2024-05-05 05:30:00,-18.59,104,-21,-20.92,-16.079165,-26.767544,-9.526671,True,-14.57,-13.679177,-24.254053,-7.6109204,True
2024-05-05 05:35:00,-19.1,104,-22,-21.48,-16.361734,-27.068796,-9.87661,True,-13.8,-13.754921,-24.365402,-7.761042,True
2024-05-05 05:40:00,-18.72,104,-22,-21.5,-15.836221,-26.577517,-9.432529,True,-10.74,-13.096519,-23.755743,-7.187427,True
2024-05-05 05:45:00,-18.3,104,-22,-20.35,-15.282321,-26.112488,-8.87644,True,-7.98,-12.418074,-23.177929,-6.514545,True
2024-05-05 05:50:00,-18.57,104,-22,-20.26,-15.603859,-26.390541,-9.137417,True,-10.3,-12.782742,-23.497488,-6.815786,True
2024-05-05 05:55:00,-18.48,104,-21,-19.84,-15.285405,-26.198278,-8.913846,True,-11.14,-12.252526,-23.112997,-6.3927035,True
2024-05-05 06:00:00,-18.26,104,-19,-18.9,-15.047327,-25.991001,-8.743148,True,-11.4,-11.99102,-22.892038,-6.1996284,True
2024-05-05 06:05:00,-18.98,104,-18,-18.5,-15.704183,-26.579212,-9.342151,True,-11.46,-12.584716,-23.416525,-6.743098,True
2024-05-05 06:10:00,-19.87,104,-20,-18.1,-16.308878,-27.210747,-9.887006,True,-10.8,-12.928322,-23.802547,-7.0433974,True
2024-05-05 06:15:00,-20.95,104,-21,-17.2,-17.08169,-28.036087,-10.578741,True,-10.32,-13.421185,-24.357075,-7.4770017,True
2024-05-05 06:20:00,-21.26,104,-23,-15.71,-17.225685,-28.203463,-10.605939,True,-8.7,-13.412168,-24.381348,-7.365536,True
2024-05-05 06:25:00,-20.97,104,-23,-15.4,-17.08348,-27.97812,-10.437421,True,-7.81,-13.401972,-24.292511,-7.3169675,True
2024-05-05 06:30:00,-20.92,104,-22,-14.57,-16.999588,-27.940958,-10.242217,True,-7.6,-13.287747,-24.236506,-7.0930524,True
2024-05-05 06:35:00,-21.48,104,-23,-13.8,-16.527195,-28.209515,-9.349948,True,-8.09,-11.890449,-23.644278,-5.3691316,True
2024-05-05 06:40:00,-21.5,104,-24,-10.74,-16.299355,-28.280039,-8.725883,True,-8.54,-11.445104,-23.529268,-4.559567,True
2024-05-05 06:45:00,-20.35,104,-22,-7.98,-14.881844,-27.225864,-7.1926246,True,-9.22,-9.790127,-22.296131,-2.8183596,True
2024-05-05 06:50:00,-20.26,104,-23,-10.3,-14.440138,-27.164875,-6.4484344,True,-9.67,-9.030973,-21.965359,-1.8044513,True
2024-05-05 06:55:00,-19.84,104,-22,-11.14,-13.9195595,-26.746937,-5.8696074,True,-9.25,-8.419117,-21.486198,-1.1450924,True
2024-05-05 07:00:00,-18.9,104,-21,-11.4,-13.228397,-25.934841,-5.324452,True,-9.55,-7.9497466,-20.905422,-0.7908347,True
2024-05-05 07:05:00,-18.5,104,-21,-11.46,-12.575668,-25.609022,-4.5743594,True,-9.64,-7.072411,-20.406376,0.15098922,True
2024-05-05 07:10:00,-18.1,104,-20,-10.8,-11.937621,-25.485802,-3.6196845,True,-9.22,-6.218125,-20.133585,1.2717701,True
2024-05-05 07:15:00,-17.2,104,-18,-10.32,-11.072271,-24.953081,-2.4500258,True,-9.38,-5.380817,-19.685822,2.3965776,True
2024-05-05 07:20:00,-15.71,104,-16,-8.7,-9.836884,-23.783817,-1.0915836,True,-7.6700006,-4.3822675,-18.796751,3.5427206,True
2024-05-05 07:25:00,-15.4,104,-15,-7.81,-9.778366,-23.47999,-0.9721549,True,-7.3000007,-4.5483613,-18.70994,3.4710958,True
2024-05-05 07:30:00,-14.57,104,-13,-7.6,-10.124081,-22.984024,-1.3789943,True,-5.6700006,-5.9416413,-19.135609,2.1610105,True
2024-05-05 07:35:00,-13.8,104,-12,-8.09,-9.854689,-22.52834,-1.1162513,True,-2.6399996,-6.124458,-19.091852,2.0281255,True
2024-05-05 07:40:00,-10.74,104,-6,-8.54,-8.040839,-20.590929,0.78009194,True,-0.03999932,-5.4288697,-18.149517,2.9378526,True
2024-05-05 07:45:00,-7.98,104,-1,-9.22,-5.968989,-18.86897,2.9078195,True,1.1699997,-3.9759867,-16.970884,4.519605,True
2024-05-05 07:50:00,-10.3,104,-3,-9.67,-8.533521,-21.109901,0.9093873,True,3.0599992,-6.7496133,-19.372427,2.3351705,False
2024-05-05 07:55:00,-11.14,104,-6,-9.25,-9.906809,-22.194317,-0.00021965965,True,3.6599996,-8.598027,-20.84653,1.0081002,False
2024-05-05 08:00:00,-11.4,104,-7,-9.55,-10.597706,-22.687529,-0.32581744,True,3.4799993,-9.675472,-21.659779,0.34393468,False
2024-05-05 08:05:00,-11.46,104,-7,-9.64,-10.61866,-22.89055,-0.12068589,True,2.93,-9.659131,-21.841152,0.5866181,False
2024-05-05 08:10:00,-10.8,104,-7,-9.22,-9.804434,-22.411009,0.74004906,True,1.7499996,-8.704638,-21.261242,1.5764633,False
2024-05-05 08:15:00,-10.32,104,-7,-9.38,-9.234805,-21.952814,1.2342736,True,0.7200009,-8.052019,-20.748379,2.147741,True
2024-05-05 08:20:00,-8.7,104,-7,-7.6700006,-7.8666005,-20.67074,2.480272,True,-0.34000048,-6.9099545,-19.660025,3.2007368,True
2024-05-05 08:25:00,-7.81,104,-6,-7.3000007,-6.6877456,-19.721354,3.5089052,True,-1.3400005,-5.4693246,-18.519987,4.4643397,True
2024-05-05 08:30:00,-7.6,104,-5,-5.6700006,-6.1808963,-19.128271,3.8468473,True,-1.82,-4.6976285,-17.737654,5.0427585,True
2024-05-05 08:35:00,-8.09,104,-5,-2.6399996,-6.322884,-19.153046,3.6676347,True,-1.9200004,-4.529655,-17.531357,5.1424403,True
2024-05-05 08:40:00,-8.54,104,-6,-0.03999932,-6.7007365,-19.280317,3.3265188,True,-1.65,-4.8455806,-17.617918,4.86169,True
2024-05-05 08:45:00,-9.22,104,-7,1.1699997,-7.3267713,-19.601814,2.688999,True,-1.6399997,-5.42814,-17.913609,4.2701373,True
2024-05-05 08:50:00,-9.67,104,-8,3.0599992,-7.510198,-19.69531,2.4774606,False,-0.8600009,-5.3767476,-17.82723,4.271856,True
2024-05-05 08:55:00,-9.25,104,-7,3.6599996,-7.0969453,-19.18489,2.7251031,False,0.13000076,-4.9739633,-17.34238,4.5188746,True
2024-05-05 09:00:00,-9.55,104,-7,3.4799993,-7.46874,-19.277079,2.1949594,False,0.80999917,-5.411362,-17.49397,3.9376142,True
2024-05-05 09:05:00,-9.64,104,-7,2.93,-7.4275117,-19.090248,1.9849182,False,1.1499993,-5.256326,-17.225082,3.8374536,True
2024-05-05 09:10:00,-9.22,104,-7,1.7499996,-6.8874545,-18.518553,2.2020433,True,1.6,-4.6092105,-16.580824,4.157827,True
2024-05-05 09:15:00,-9.38,104,-8,0.7200009,-6.8136287,-18.365124,1.9612309,True,1.639999,-4.326859,-16.265406,4.111095,True
2024-05-05 09:20:00,-7.6700006,104,-7,-0.34000048,-5.2492795,-16.84858,3.204088,True,2.1100004,-2.89489,-14.885125,5.2464576,True
2024-05-05 09:25:00,-7.3000007,104,-6,-1.3400005,-5.0454907,-16.398653,3.2028768,True,1.6099983,-2.8393576,-14.563401,5.122293,True
2024-05-05 09:30:00,-5.6700006,104,-6,-1.82,-3.5570338,-14.954602,4.427234,True,1.639999,-1.4783863,-13.245037,6.2415996,True
2024-05-05 09:35:00,-2.6399996,104,-5,-1.9200004,-0.8331416,-12.613651,6.8890643,True,2.34,0.9695012,-11.159814,8.465645,True
2024-05-05 09:40:00,-0.03999932,104,-4,-1.65,1.5053936,-10.630323,9.018887,True,1.9099995,3.0699308,-9.3862915,10.390495,True
2024-05-05 09:45:00,1.1699997,104,-6,-1.6399997,2.5787675,-9.663391,9.924204,True,1.6,4.020353,-8.527687,11.192221,True
2024-05-05 09:50:00,3.0599992,104,-5,-0.8600009,4.449569,-8.144684,11.501007,True,1.7499996,5.869722,-7.045482,12.759357,True
2024-05-05 09:55:00,3.6599996,104,-4,0.13000076,5.220794,-7.4371915,12.074417,True,2.4899995,6.78569,-6.2442546,13.472511,True
2024-05-05 10:00:00,3.4799993,104,-3,0.80999917,5.3142085,-7.2103257,11.963358,True,3.5400007,7.1185203,-5.845959,13.588978,True
2024-05-05 10:05:00,2.93,104,-2,1.1499993,5.082788,-7.2061324,11.462461,True,3.5799997,7.1669765,-5.629497,13.354019,True
2024-05-05 10:10:00,1.7499996,104,-2,1.6,4.1974044,-7.748606,10.320282,True,3.6200006,6.5487914,-5.955626,12.466076,True
2024-05-05 10:15:00,0.7200009,104,-1,1.639999,3.4744718,-8.221953,9.338076,True,3.760002,6.10276,-6.20034,11.748959,True
2024-05-05 10:20:00,-0.34000048,104,0,2.1100004,2.7970426,-8.723364,8.483738,True,4.7100005,5.7689204,-6.4138093,11.220682,True
2024-05-05 10:25:00,-1.3400005,104,0,1.6099983,1.8521382,-9.337179,7.3723845,True,4.0899997,4.8810973,-6.950874,10.173616,True
2024-05-05 10:30:00,-1.82,104,0,1.639999,1.3115727,-9.613747,6.5921626,True,3.3199995,4.291204,-7.2438903,9.361181,True
2024-05-05 10:35:00,-1.9200004,104,0,2.34,1.3509327,-9.581903,6.499395,True,3.4799993,4.4529757,-7.107365,9.3897705,True
2024-05-05 10:40:00,-1.65,104,0,1.9099995,1.6515709,-9.220064,6.718347,True,2.8600023,4.781881,-6.7220464,9.646492,True
2024-05-05 10:45:00,-1.6399997,104,0,1.6,1.7745968,-9.010492,6.708669,True,2.550001,5.005895,-6.4232373,9.744284,True
2024-05-05 10:50:00,-0.8600009,104,0,1.7499996,2.7952154,-8.106729,7.503259,True,2.5300004,6.2305293,-5.358683,10.746431,True
2024-05-05 10:55:00,0.13000076,104,1,2.4899995,3.9839475,-7.0870194,8.4704,True,2.8299997,7.5843825,-4.2178493,11.886803,True
2024-05-05 11:00:00,0.80999917,104,2,3.5400007,4.652353,-6.4195027,8.975517,True,3.1499994,8.239035,-3.5667078,12.396595,True
2024-05-05 11:05:00,1.1499993,104,3,3.5799997,5.0297675,-6.1097703,9.265209,True,3.300001,8.647757,-3.246155,12.724678,True
2024-05-05 11:10:00,1.6,104,4,3.6200006,5.6922145,-5.741757,9.735104,True,3.9799993,9.480116,-2.7504485,13.363884,True
2024-05-05 11:15:00,1.639999,104,4,3.760002,5.568212,-5.751614,9.66861,True,3.9400003,9.219992,-2.8703597,13.177242,True
2024-05-05 11:20:00,2.1100004,104,5,4.7100005,5.8539195,-5.4198766,10.079296,True,4.399999,9.345947,-2.688885,13.441925,True
2024-05-05 11:25:00,1.6099983,104,5,4.0899997,5.122867,-5.890573,9.392895,True,4.5500007,8.42581,-3.3013995,12.583813,True
2024-05-05 11:30:00,1.639999,104,4,3.3199995,5.6486163,-5.6406245,10.036043,True,4.6600013,9.371136,-2.7178824,13.627602,True
2024-05-05 11:35:00,2.34,104,5,3.4799993,7.152414,-4.779383,11.782295,True,5.18,11.53569,-1.3726333,15.998714,True
2024-05-05 11:40:00,1.9099995,104,6,2.8600023,7.01506,-5.075443,11.82864,True,5.2900004,11.650869,-1.4755405,16.280869,True
2024-05-05 11:45:00,1.6,104,4,2.550001,6.8387504,-5.3656135,11.772818,True,5.479999,11.596159,-1.6835026,16.336632,True
2024-05-05 11:50:00,1.7499996,104,5,2.5300004,7.3747554,-5.178352,12.366211,True,6.6,12.44492,-1.2809738,17.224152,True
2024-05-05 11:55:00,2.4899995,104,6,2.8299997,8.373373,-4.5627065,13.332176,True,7.3000007,13.635487,-0.56998855,18.37706,True
2024-05-05 12:00:00,3.5400007,104,7,3.1499994,9.405907,-3.7170222,14.265244,True,7.8700004,14.632027,0.20072524,19.295208,True
2024-05-05 12:05:00,3.5799997,104,7,3.300001,9.565533,-3.4730933,14.237076,True,8.73,14.890427,0.55360764,19.387047,True
2024-05-05 12:10:00,3.6200006,104,7,3.9799993,9.853567,-3.2098906,14.294167,True,8.58,15.374504,0.9956452,19.653725,True
2024-05-05 12:15:00,3.760002,104,7,3.9400003,10.295607,-2.8158724,14.467621,True,8.91,16.038086,1.5970322,20.073063,True
2024-05-05 12:20:00,4.7100005,104,8,4.399999,11.329634,-1.9230198,15.327885,True,9.200001,17.095882,2.4869936,20.98452,True
2024-05-05 12:25:00,4.0899997,104,8,4.5500007,10.680565,-2.299513,14.464348,True,8.649998,16.464462,2.1956956,20.163376,True
2024-05-05 12:30:00,3.3199995,104,7,4.6600013,9.851261,-2.9135897,13.532249,True,8.25,15.637646,1.6372086,19.243435,True
2024-05-05 12:35:00,3.4799993,104,6,5.18,9.804411,-2.8226206,13.353634,True,8.210001,15.437447,1.6158539,18.939262,True
2024-05-05 12:40:00,2.8600023,104,6,5.2900004,9.248039,-3.2833598,12.697651,True,8.220001,14.955975,1.2691532,18.371017,True
2024-05-05 12:45:00,2.550001,104,5,5.479999,9.207497,-3.419287,12.693237,True,7.77,15.136406,1.3384606,18.594631,True
2024-05-05 12:50:00,2.5300004,104,5,6.6,9.127241,-3.4386199,12.628559,True,7.3700004,15.012272,1.2958237,18.50333,True
2024-05-05 12:55:00,2.8299997,104,5,7.3000007,9.67882,-3.1130354,13.202408,True,6.9500003,15.750206,1.7522255,19.268547,True
2024-05-05 13:00:00,3.1499994,104,5,7.8700004,10.11714,-2.7704585,13.562332,True,6.68,16.266273,2.1550004,19.727757,True
2024-05-05 13:05:00,3.300001,104,5,8.73,10.369202,-2.6064913,13.817726,True,6.5899997,16.608402,2.3755338,20.08902,True
2024-05-05 13:10:00,3.9799993,104,6,8.58,10.91341,-2.057583,14.378674,True,6.6200004,17.028343,2.7918546,20.548904,True
2024-05-05 13:15:00,3.9400003,104,6,8.91,10.794355,-2.1209338,14.260464,True,6.969997,16.859028,2.699993,20.398533,True
2024-05-05 13:20:00,4.399999,104,6,9.200001,11.36791,-1.7011303,14.80233,True,7.2900004,17.499474,3.1511686,21.031776,True
2024-05-05 13:25:00,4.5500007,104,7,8.649998,11.41493,-1.6658367,14.856934,True,6.93,17.46537,3.1126974,21.017113,True
2024-05-05 13:30:00,4.6600013,104,7,8.25,11.442816,-1.6339382,14.885872,True,7.19,17.432014,3.0862596,21.000118,True
2024-05-05 13:35:00,5.18,104,7,8.210001,11.664207,-1.3497566,15.13081,True,7.7000003,17.416103,3.1490953,21.028442,True
2024-05-05 13:40:00,5.2900004,104,8,8.220001,11.362076,-1.4239963,14.825577,True,6.399999,16.806606,2.828924,20.441887,True
2024-05-05 13:45:00,5.479999,104,8,7.77,10.941374,-1.4789146,14.421314,True,6.149999,15.915962,2.3901384,19.596275,True
2024-05-05 13:50:00,6.6,104,9,7.3700004,11.710501,-0.62849647,15.27515,True,5.649999,16.38549,2.939943,20.175808,True
2024-05-05 13:55:00,7.3000007,104,11,6.9500003,12.558208,0.04408805,16.163055,True,4.53,17.335857,3.6594923,21.189323,True
2024-05-05 14:00:00,7.8700004,104,11,6.68,12.550327,0.26024213,16.264153,True,4.3299994,16.878223,3.4728315,20.87046,True
2024-05-05 14:05:00,8.73,104,12,6.5899997,13.127514,0.90813226,16.840103,True,4.6699996,17.20671,3.906099,21.22657,True
2024-05-05 14:10:00,8.58,104,12,6.6200004,12.967079,0.75764245,16.667774,True,6.2000003,17.055904,3.7579992,21.081463,True
2024-05-05 14:15:00,8.91,104,12,6.969997,13.292404,0.9924237,17.161976,True,5.3800006,17.38649,3.957029,21.595173,True
2024-05-05 14:20:00,9.200001,104,13,7.2900004,13.862503,1.2500168,17.853817,True,5.6599994,18.196815,4.3544116,22.52438,True
2024-05-05 14:25:00,8.649998,104,13,6.93,13.242695,0.70173424,17.301746,True,2.7299993,17.563496,3.7995374,21.970951,False
2024-05-05 14:30:00,8.25,104,12,7.19,12.646889,0.3252522,16.691723,True,1.7399994,16.844635,3.350887,21.259933,False
2024-05-05 14:35:00,8.210001,104,11,7.7000003,12.601109,0.34693876,16.668114,True,1.5400006,16.80672,3.3911664,21.264233,False
2024-05-05 14:40:00,8.220001,104,11,6.399999,12.358349,0.20761077,16.561726,True,1.6300007,16.374367,3.0802839,20.987526,False
2024-05-05 14:45:00,7.77,104,11,6.149999,11.933842,-0.13912804,16.130123,True,1.0300003,15.991436,2.7973325,20.616959,False
2024-05-05 14:50:00,7.3700004,104,10,5.649999,11.981567,-0.25049433,15.920479,True,0.6499993,16.41386,3.0580823,20.805851,False
2024-05-05 14:55:00,6.9500003,104,10,4.53,11.592781,-0.718283,15.564098,True,0.24999969,16.081596,2.6341588,20.5131,False
2024-05-05 15:00:00,6.68,104,10,4.3299994,11.431782,-0.97376853,15.451954,True,0.12000053,16.052525,2.4765184,20.534248,False
2024-05-05 15:05:00,6.5899997,104,10,4.6699996,11.591209,-0.95918113,15.63187,True,0.07999961,16.451252,2.6788518,20.967201,False
2024-05-05 15:10:00,6.6200004,104,10,6.2000003,12.41449,-0.55379325,16.399784,True,0.27000013,17.934105,3.6499383,22.407879,False
2024-05-05 15:15:00,6.969997,104,11,5.3800006,12.158852,-0.49175295,16.269096,True,0.20000236,17.200089,3.2998254,21.822826,False
2024-05-05 15:20:00,7.2900004,104,12,5.6599994,12.392918,-0.13785775,16.737606,True,-0.2799991,17.372372,3.5758379,22.244854,False
2024-05-05 15:25:00,6.93,104,12,2.7299993,12.030355,-0.59739333,16.700039,True,-0.19000085,17.059364,3.0824373,22.243206,False
2024-05-05 15:30:00,7.19,104,12,1.7399994,12.196514,-0.71253425,17.299202,True,-0.6800006,17.184795,2.79574,22.769642,False
2024-05-05 15:35:00,7.7000003,104,12,1.5400006,12.491596,-0.6477416,17.946384,True,-1.2999996,17.3111,2.6101606,23.235905,False
2024-05-05 15:40:00,6.399999,104,12,1.6300007,10.962841,-2.2242796,16.817596,True,-1.15,15.642143,0.89990777,21.945347,False
2024-05-05 15:45:00,6.149999,104,11,1.0300003,10.486315,-2.773924,16.616772,True,0.5400006,14.986259,0.17106597,21.566689,True
2024-05-05 15:50:00,5.649999,104,11,0.6499993,9.890251,-3.4412043,16.170078,True,-3.74,14.333775,-0.55888015,21.063156,False
2024-05-05 15:55:00,4.53,104,10,0.24999969,8.942886,-4.261149,15.13065,True,-4.72,13.570473,-1.1384605,20.219547,False
2024-05-05 16:00:00,4.3299994,104,9,0.12000053,8.852581,-4.387099,15.019184,True,-4.85,13.606922,-1.1347412,20.24118,False
2024-05-05 16:05:00,4.6699996,104,9,0.07999961,9.321037,-3.955148,15.388958,True,-4.57,14.200909,-0.5753673,20.74321,False
2024-05-05 16:10:00,6.2000003,104,11,0.27000013,11.138735,-2.3191302,17.032127,True,-4.48,16.236744,1.2327839,22.613579,False
2024-05-05 16:15:00,5.3800006,104,11,0.20000236,10.564419,-2.858496,16.36742,True,-3.7199996,15.900047,0.9891755,22.199863,False
2024-05-05 16:20:00,5.6599994,104,11,-0.2799991,11.017574,-2.402119,16.783493,True,0.9199998,16.488144,1.6152035,22.770359,False
2024-05-05 16:25:00,2.7299993,104,12,-0.19000085,8.134342,-4.9603057,13.751396,True,1.3000008,13.701542,-0.58068115,19.862286,True
2024-05-05 16:30:00,1.7399994,104,6,-0.6800006,7.9831634,-5.59899,13.613712,True,1.4899994,14.34708,-0.4912685,20.492313,True
2024-05-05 16:35:00,1.5400006,104,6,-1.2999996,7.6830115,-6.1451735,13.404121,True,3.34,13.987061,-1.1319565,20.19878,True
2024-05-05 16:40:00,1.6300007,104,6,-1.15,8.033596,-5.9890513,13.920506,True,2.8600023,14.575661,-0.7671645,20.937874,True
2024-05-05 16:45:00,1.0300003,104,6,0.5400006,7.0365996,-6.7438903,13.157803,True,1.2399994,13.273705,-1.7492298,19.878838,True
2024-05-05 16:50:00,0.6499993,104,5,-3.74,6.2947917,-7.26419,12.482147,True,-1.0000004,12.222641,-2.513161,18.902115,True
2024-05-05 16:55:00,0.24999969,104,5,-4.72,6.0146956,-7.6729093,12.326981,True,-1.7600006,12.069401,-2.7947505,18.857895,True
2024-05-05 17:00:00,0.12000053,104,4,-4.85,6.197082,-7.7534213,12.580608,True,-2.57,12.544884,-2.6162379,19.381596,True
2024-05-05 17:05:00,0.07999961,104,5,-4.57,6.321491,-7.9103465,12.841778,True,-2.5599997,12.823807,-2.6556323,19.773796,True
2024-05-05 17:10:00,0.27000013,104,6,-4.48,6.5826945,-7.8090625,13.232861,True,-1.6800007,13.152142,-2.514559,20.222965,True
2024-05-05 17:15:00,0.20000236,104,6,-3.7199996,6.6771655,-7.9480796,13.388737,True,0.7800004,13.403687,-2.5279543,20.515362,True
2024-05-05 17:20:00,-0.2799991,104,6,0.9199998,6.2543654,-8.516553,13.1008,True,1.8700005,13.058552,-3.0100768,20.285942,True
2024-05-05 17:25:00,-0.19000085,104,6,1.3000008,6.5515,-8.567111,13.566723,True,1.9899994,13.557541,-2.9462607,20.91032,True
2024-05-05 17:30:00,-0.6800006,104,6,1.4899994,6.3157687,-9.339752,13.675518,True,1.9099995,13.59967,-3.5507166,21.227425,True
2024-05-05 17:35:00,-1.2999996,104,5,3.34,5.5488334,-10.156679,13.111057,True,-5.0100007,12.726688,-4.430424,20.546337,False
2024-05-05 17:40:00,-1.15,104,6,2.8600023,5.9264274,-10.174326,13.657742,True,-4.7600007,13.311398,-4.3387885,21.25151,False
2024-05-05 17:45:00,0.5400006,104,9,1.2399994,7.3729014,-8.689992,15.23196,True,-6.7000003,14.468483,-3.2086089,22.537743,False
2024-05-05 17:50:00,-3.74,104,7,-1.0000004,2.0947053,-13.236504,10.123299,True,-6.52,8.372776,-8.147698,16.68063,True
2024-05-05 17:55:00,-4.72,104,3,-1.7600006,0.35765615,-14.416149,8.451717,True,-8.78,5.8754153,-9.892323,14.303715,True
2024-05-05 18:00:00,-4.85,104,2,-2.57,0.16610686,-14.376891,8.274334,True,-9.99,5.6133533,-9.8679905,14.068497,False
2024-05-05 18:05:00,-4.57,104,2,-2.5599997,0.010991735,-14.258223,8.321632,True,-6.6200004,5.021091,-10.1594305,13.683163,True
2024-05-05 18:10:00,-4.48,104,2,-1.6800007,0.8691117,-13.86531,9.102694,True,-5.77,6.647939,-9.091791,15.181892,True
2024-05-05 18:15:00,-3.7199996,104,4,0.7800004,2.192373,-13.689326,10.816149,True,-8.11,8.531643,-8.615283,17.339539,True
2024-05-05 18:20:00,0.9199998,104,9,1.8700005,8.157759,-9.354835,16.880886,True,-8.3,15.580746,-3.8167326,24.333294,False
2024-05-05 18:25:00,1.3000008,104,10,1.9899994,9.6123905,-10.283988,18.903519,True,-8.62,17.97651,-4.375276,27.069752,False
2024-05-05 18:30:00,1.4899994,104,10,1.9099995,9.766283,-10.707132,19.417755,True,-5.5500007,18.11256,-4.91165,27.507267,False
2024-05-05 18:35:00,3.34,104,12,-5.0100007,11.8479805,-10.164416,21.872696,True,-6.6,20.246212,-4.616465,29.92035,False
2024-05-05 18:40:00,2.8600023,104,11,-4.7600007,11.021555,-12.707879,21.841434,True,-12.37,19.17435,-7.5106416,29.52692,False
2024-05-05 18:45:00,1.2399994,104,10,-6.7000003,8.637482,-16.282085,20.366802,True,-12.73,16.221073,-11.533845,27.431454,False
2024-05-05 18:50:00,-1.0000004,104,7,-6.52,5.136295,-20.340384,17.806519,True,-10.92,11.62088,-16.358774,23.832222,True
2024-05-05 18:55:00,-1.7600006,104,5,-8.78,3.0736864,-22.302908,16.334072,True,-13.79,8.245218,-19.24555,21.192585,True
2024-05-05 19:00:00,-2.57,104,4,-9.99,0.9628827,-24.344963,14.8450775,True,-15.57,4.769075,-22.234705,18.487934,True
2024-05-05 19:05:00,-2.5599997,104,3,-6.6200004,-0.2844642,-27.244535,14.535667,True,-16.25,2.1428468,-26.13693,16.915787,True
2024-05-05 19:10:00,-1.6800007,104,3,-5.77,-0.64266616,-29.210316,14.990898,True,-16.5,0.412172,-29.017147,16.13398,True
2024-05-05 19:15:00,0.7800004,104,5,-8.11,0.6210305,-31.12271,17.061615,True,-16.39,0.35165182,-31.748543,17.015106,True
2024-05-05 19:20:00,1.8700005,104,12,-8.3,0.29867712,-34.66702,17.651081,True,-17.37,-1.4822086,-36.128223,16.277378,True
2024-05-05 19:25:00,1.9899994,104,8,-8.62,-1.0476059,-38.230213,17.12371,True,-20.07,-4.359349,-40.48421,14.425137,True
2024-05-05 19:30:00,1.9099995,104,9,-5.5500007,-2.1963065,-40.54095,16.577,True,-20.24,-6.604215,-43.334816,12.927147,True
2024-05-05 19:35:00,-5.0100007,104,3,-6.6,-10.81331,-46.35994,9.183241,True,-23.61,-16.910664,-50.12543,4.0214515,True
2024-05-05 19:40:00,-4.7600007,104,-4,-12.37,-12.040648,-48.92077,8.64843,True,-25.26,-19.550861,-53.36282,2.2570474,True
2024-05-05 19:45:00,-6.7000003,104,-4,-12.73,-15.600245,-52.486855,6.0744987,True,-27.91,-24.579552,-57.706417,-1.6134742,True
2024-05-05 19:50:00,-6.52,104,-7,-10.92,-16.944649,-54.82986,5.487785,True,-29.54,-27.26638,-60.66774,-3.3734248,True
2024-05-05 19:55:00,-8.78,104,-7,-13.79,-20.932936,-58.139385,2.484472,True,-31.37,-32.63381,-64.75811,-7.612102,True
2024-05-05 20:00:00,-9.99,104,-9,-15.57,-23.752657,-60.640575,0.5048272,True,-32.45,-36.683968,-67.94287,-10.693126,True
2024-05-05 20:05:00,-6.6200004,104,-6,-16.25,-21.823345,-60.785873,2.7409341,True,-33.64,-35.977226,-68.42053,-9.541797,True
2024-05-05 20:10:00,-5.77,104,-5,-16.5,-22.249838,-61.9268,2.786865,True,-34.75,-37.37853,-69.95131,-10.372037,True
2024-05-05 20:15:00,-8.11,104,-7,-16.39,-25.432856,-64.09768,0.27133337,True,-36.74,-41.059563,-72.548035,-13.346975,True
2024-05-05 20:20:00,-8.3,104,-9,-17.37,-26.080225,-64.38808,-0.1446956,True,-37.07,-41.99134,-72.983635,-14.059819,True
2024-05-05 20:25:00,-8.62,104,-9,-20.07,-26.672003,-64.455956,-0.54088813,True,-36.68,-42.72233,-73.13668,-14.629116,True
2024-05-05 20:30:00,-5.5500007,104,-7,-20.24,-24.082792,-63.221245,1.9700028,True,-37.2,-40.586685,-71.80845,-12.572155,True
2024-05-05 20:35:00,-6.6,104,-7,-23.61,-25.74991,-64.457275,0.7217042,True,-38.2,-42.59315,-73.28353,-14.134977,True
2024-05-05 20:40:00,-12.37,104,-9,-25.26,-31.53622,-67.39918,-4.3401856,True,-37.84,-48.055576,-76.64307,-18.867231,True
2024-05-05 20:45:00,-12.73,104,-15,-27.91,-32.86093,-69.45978,-5.016289,True,-38.11,-49.98083,-79.01704,-20.016668,True
2024-05-05 20:50:00,-10.92,104,-14,-29.54,-31.733097,-69.15056,-3.727753,True,-39.51,-49.36789,-78.75545,-19.223337,True
2024-05-05 20:55:00,-13.79,104,-13,-31.37,-34.923004,-70.82881,-6.437591,True,-39.57,-52.55783,-80.76967,-21.890133,True
2024-05-05 21:00:00,-15.57,104,-18,-32.45,-36.74441,-71.53836,-7.952146,True,-41.03,-54.270874,-81.642334,-23.289213,True
2024-05-05 21:05:00,-16.25,104,-21,-33.64,-37.605286,-72.15699,-8.5748005,True,-41.63,-55.175125,-82.34648,-23.927752,True
2024-05-05 21:10:00,-16.5,104,-21,-34.75,-37.847595,-72.19589,-8.756932,True,-43.3,-55.362244,-82.36318,-24.068134,True
2024-05-05 21:15:00,-16.39,104,-22,-36.74,-38.073837,-72.75238,-8.716617,True,-44.31,-55.777027,-82.97361,-24.176235,True
2024-05-05 21:20:00,-17.37,104,-22,-37.07,-38.871273,-72.98347,-9.548707,True,-44.74,-56.37626,-83.21038,-24.82115,True
2024-05-05 21:25:00,-20.07,104,-24,-36.68,-41.108395,-73.96778,-11.605505,True,-44.27,-58.172348,-84.28709,-26.42664,True
2024-05-05 21:30:00,-20.24,104,-26,-37.2,-41.055805,-73.667465,-11.664899,True,-44.28,-57.930767,-83.8828,-26.343885,True
2024-05-05 21:35:00,-23.61,104,-27,-38.2,-43.88423,-75.18142,-14.281683,True,-44.62,-60.248974,-85.51039,-28.414652,True
2024-05-05 21:40:00,-25.26,104,-31,-37.84,-45.19508,-75.85275,-15.488945,True,-47.940002,-61.263783,-86.200226,-29.316233,True
2024-05-05 21:45:00,-27.91,104,-32,-38.11,-47.493652,-77.06224,-17.623915,True,-50.84,-63.25202,-87.55011,-31.094042,True
2024-05-05 21:50:00,-29.54,104,-35,-39.51,-48.904327,-77.97861,-18.81372,True,-49.43,-64.49231,-88.54751,-32.07597,True
2024-05-05 21:55:00,-31.37,104,-35,-39.57,-50.52114,-79.569336,-20.105213,True,-50.480003,-65.95802,-90.22111,-33.135387,True
2024-05-05 22:00:00,-32.45,104,-36,-41.03,-51.75528,-81.286224,-20.83929,True,-50.97,-67.3171,-92.10582,-33.874832,True
2024-05-05 22:05:00,-33.64,104,-37,-41.63,-53.123642,-82.45075,-21.992775,True,-41.47,-68.796196,-93.47741,-35.04691,True
2024-05-05 22:10:00,-34.75,104,-39,-43.3,-54.26502,-83.442314,-22.898764,True,-44.68,-69.99242,-94.64012,-35.93221,True
2024-05-05 22:15:00,-36.74,104,-39,-44.31,-56.00391,-84.829025,-24.335665,True,-46.82,-71.601,-96.154434,-37.1614,True
2024-05-05 22:20:00,-37.07,104,-41,-44.74,-56.248283,-85.228424,-24.531296,True,-48.82,-71.79758,-96.53531,-37.296265,True
2024-05-05 22:25:00,-36.68,104,-40,-44.27,-55.930023,-85.2313,-24.155249,True,-52.49,-71.518585,-96.50371,-36.9583,True
2024-05-05 22:30:00,-37.2,104,-39,-44.28,-55.94672,-84.75349,-24.281485,True,-56.67,-71.10793,-95.75646,-36.74641,True
2024-05-05 22:35:00,-38.2,104,-40,-44.62,-56.62837,-85.26607,-24.81333,True,-62.05,-71.513,-96.144394,-37.00709,True
2024-05-05 22:40:00,-37.84,104,-40,-47.940002,-56.514423,-85.79884,-24.386831,True,-63.32,-71.58328,-96.740524,-36.7082,True
2024-05-05 22:45:00,-38.11,104,-39,-50.84,-57.04924,-87.078964,-24.404875,True,-63.16,-72.25791,-98.08134,-36.76075,True
2024-05-05 22:50:00,-39.51,104,-40,-49.43,-58.164864,-87.31308,-25.691454,True,-62.09,-73.11922,-98.29904,-37.83009,True
2024-05-05 22:55:00,-39.57,104,-39,-50.480003,-58.02467,-86.95388,-25.522629,True,-59.490005,-72.754295,-97.78069,-37.49793,True
2024-05-05 23:00:00,-41.03,104,-41,-50.97,-58.710365,-87.34831,-26.067001,True,-63.19,-72.83174,-97.841965,-37.505962,True
2024-05-05 23:05:00,-41.63,104,-42,-41.47,-58.356247,-87.32674,-25.659998,True,-69.83,-71.78649,-97.30917,-36.515583,True
2024-05-05 23:10:00,-43.3,104,-43,-44.68,-58.763237,-87.30194,-26.241701,True,-70.74,-71.209015,-96.66733,-36.280624,True
2024-05-05 23:15:00,-44.31,104,-44,-46.82,-58.54036,-86.6692,-26.000603,True,-69.73,-70.08418,-95.43826,-35.32397,True
2024-05-05 23:20:00,-44.74,104,-45,-48.82,-57.974968,-86.093124,-25.585367,True,-66.62,-68.79844,-94.33319,-34.350735,True
2024-05-05 23:25:00,-44.27,104,-44,-52.49,-57.343304,-85.39596,-25.277065,True,-63.63,-68.051476,-93.52376,-33.98828,True
2024-05-05 23:30:00,-44.28,104,-42,-56.67,-57.230938,-84.45426,-25.537632,True,-59.56,-67.7568,-92.468666,-34.14438,True
2024-05-05 23:35:00,-44.62,104,-42,-62.05,-57.66074,-84.31793,-26.123014,True,-55.64,-68.19217,-92.36829,-34.743156,True
2024-05-05 23:40:00,-47.940002,104,-42,-63.32,-61.089054,-86.77598,-29.113321,True,-54.98,-71.68915,-95.13856,-37.68369,True
2024-05-05 23:45:00,-50.84,104,-44,-63.16,-63.594696,-87.284355,-31.67456,True,-53.19,-73.71708,-95.48648,-39.82669,True
2024-05-05 23:50:00,-49.43,104,-43,-62.09,-62.418026,-85.611046,-30.859423,True,-52.13,-72.61896,-93.81043,-39.146255,True
2024-05-05 23:55:00,-50.480003,104,-39,-59.490005,-63.481796,-84.8139,-32.399673,True,-48.87,-73.51537,-93.00798,-40.577,True
2024-05-06 00:00:00,-50.97,104,-43,-63.19,-64.76014,-83.78663,-33.73075,True,-46.08,-74.93926,-92.23127,-42.044224,True
2024-05-06 00:05:00,-41.47,104,-35,-69.83,-58.6559,-76.860466,-28.364826,True,-45.11,-70.50431,-86.15165,-38.411964,True
2024-05-06 00:10:00,-44.68,104,-31,-70.74,-61.6311,-78.00395,-30.79605,True,-47.93,-72.847855,-87.12648,-40.245804,True
2024-05-06 00:15:00,-46.82,104,-33,-69.73,-62.9315,-78.19384,-32.064243,True,-49.65,-73.31161,-86.800606,-40.78915,True
2024-05-06 00:20:00,-48.82,104,-37,-66.62,-63.4454,-78.33068,-32.636837,True,-49.56,-72.64049,-86.00452,-40.348667,True
2024-05-06 00:25:00,-52.49,104,-40,-63.63,-64.44951,-79.34966,-33.698498,True,-48.58,-71.81961,-85.51189,-39.83807,True
2024-05-06 00:30:00,-56.67,104,-43,-59.56,-65.45519,-80.72914,-35.17778,True,-47.17,-70.747116,-85.07592,-39.562054,True
2024-05-06 00:35:00,-62.05,104,-46,-55.64,-66.49723,-81.84814,-36.872272,True,-46.15,-69.10256,-83.8078,-39.067375,True
2024-05-06 00:40:00,-63.32,104,-48,-54.98,-65.1281,-81.09259,-36.574158,True,-45.27,-66.105644,-81.520515,-37.457367,True
2024-05-06 00:45:00,-63.16,104,-49,-53.19,-62.17573,-78.91212,-35.158497,True,-44.41,-61.48321,-77.77511,-34.683453,True
2024-05-06 00:50:00,-62.09,104,-50,-52.13,-57.663498,-75.442276,-32.435085,True,-44.04,-54.93555,-72.430664,-30.258919,True
2024-05-06 00:55:00,-59.490005,104,-49,-48.87,-53.38795,-71.66527,-30.027765,True,-43.910004,-49.63008,-67.74691,-26.941696,True
2024-05-06 01:00:00,-63.19,104,-51,-46.08,-53.32757,-72.737495,-30.708982,True,-43.83,-47.228603,-66.515015,-25.640419,True
2024-05-06 01:05:00,-69.83,104,-58,-45.11,-57.301373,-77.037315,-34.513626,True,-44.17,-49.399124,-68.74662,-28.017193,True
2024-05-06 01:10:00,-70.74,104,-65,-47.93,-58.8414,-78.111176,-36.05717,True,-44.16,-51.20013,-70.01875,-29.817398,True
2024-05-06 01:15:00,-69.73,104,-65,-49.65,-58.76202,-77.56295,-36.20447,True,-44.88,-51.610313,-69.983696,-30.370684,True
2024-05-06 01:20:00,-66.62,104,-61,-49.56,-57.439777,-75.76854,-35.201626,True,-45.77,-51.3833,-69.3859,-30.268513,True
2024-05-06 01:25:00,-63.63,104,-58,-48.58,-55.779194,-73.826996,-33.918945,True,-45.86,-50.53936,-68.33233,-29.653452,True
2024-05-06 01:30:00,-59.56,104,-55,-47.17,-52.847527,-70.5676,-31.895658,True,-45.41,-48.30518,-65.82059,-28.17967,True
2024-05-06 01:35:00,-55.64,104,-52,-46.15,-50.06559,-67.8525,-29.62316,True,-45.36,-46.268368,-63.891758,-26.51842,True
2024-05-06 01:40:00,-54.98,104,-52,-45.27,-49.48199,-67.248795,-29.298779,True,-45.23,-45.733387,-63.340294,-26.23135,True
2024-05-06 01:45:00,-53.19,104,-51,-44.41,-47.672653,-65.41143,-28.380907,True,-45.34,-43.862835,-61.45083,-25.24244,True
2024-05-06 01:50:00,-52.13,104,-50,-44.04,-46.60309,-64.085976,-27.750721,True,-45.38,-42.72676,-60.048702,-24.543518,True
2024-05-06 01:55:00,-48.87,104,-47,-43.910004,-43.06098,-60.977715,-24.5963,True,-45.14,-38.9417,-56.762184,-21.133081,True
2024-05-06 02:00:00,-46.08,104,-44,-43.83,-40.17995,-58.61103,-22.220009,True,-44.95,-35.93119,-54.322308,-18.61198,True
2024-05-06 02:05:00,-45.11,104,-43,-44.17,-38.939507,-57.820263,-20.979336,True,-44.47,-34.43831,-53.298573,-17.136501,True
2024-05-06 02:10:00,-47.93,104,-44,-44.16,-40.980328,-60.091095,-22.945032,True,-44.59,-35.874653,-54.925438,-18.589457,True
2024-05-06 02:15:00,-49.65,104,-48,-44.88,-43.069534,-61.334755,-24.996555,True,-44.44,-38.214447,-56.332214,-20.889275,True
2024-05-06 02:20:00,-49.56,104,-50,-45.77,-44.082066,-61.68591,-25.92139,True,-44.43,-40.01489,-57.438717,-22.528992,True
2024-05-06 02:25:00,-48.58,104,-50,-45.86,-43.761642,-60.843117,-25.862566,True,-44.850002,-40.158154,-57.038395,-22.88529,True
2024-05-06 02:30:00,-47.17,104,-49,-45.41,-43.434853,-59.997646,-26.11023,True,-44.15,-40.591072,-56.905243,-23.815264,True
2024-05-06 02:35:00,-46.15,104,-48,-45.36,-43.265198,-59.656193,-25.76735,True,-44.28,-41.04151,-57.13995,-24.032202,True
2024-05-06 02:40:00,-45.27,104,-47,-45.23,-42.04721,-58.62175,-25.04439,True,-43.7,-39.54255,-55.85975,-23.061964,True
2024-05-06 02:45:00,-44.41,104,-46,-45.34,-40.93751,-57.845238,-24.097427,True,-42.71,-38.223743,-54.905796,-21.930521,True
2024-05-06 02:50:00,-44.04,104,-46,-45.38,-40.26995,-57.353878,-23.44781,True,-40.5,-37.31164,-54.198692,-21.065685,True
2024-05-06 02:55:00,-43.910004,104,-45,-45.14,-39.265686,-56.942493,-22.411457,True,-41.12,-35.599266,-53.15382,-19.404568,True
2024-05-06 03:00:00,-43.83,104,-46,-44.95,-38.85981,-56.871487,-22.146511,True,-41.09,-34.87269,-52.782333,-18.875324,True
2024-05-06 03:05:00,-44.17,104,-45,-44.47,-38.888153,-57.19748,-22.24056,True,-40.41,-34.60022,-52.827568,-18.720264,True
2024-05-06 03:10:00,-44.16,104,-46,-44.59,-39.22825,-57.46395,-22.682947,True,-39.26,-35.182526,-53.310226,-19.39307,True
2024-05-06 03:15:00,-44.88,104,-45,-44.44,-40.109356,-58.152454,-23.469614,True,-37.39,-36.187115,-54.096222,-20.301155,True
2024-05-06 03:20:00,-45.77,104,-46,-44.43,-41.94607,-58.912315,-25.393627,True,-36.25,-38.799904,-55.541332,-22.911867,True
2024-05-06 03:25:00,-45.86,104,-47,-44.850002,-42.936584,-58.93607,-26.660046,True,-38.62,-40.511192,-56.214104,-24.811388,True
2024-05-06 03:30:00,-45.41,104,-46,-44.15,-43.341587,-58.596626,-27.080215,True,-38.48,-41.60594,-56.501648,-25.833294,True
2024-05-06 03:35:00,-45.36,104,-46,-44.28,-43.929268,-58.479652,-27.761045,True,-37.05,-42.697712,-56.8371,-26.956121,True
2024-05-06 03:40:00,-45.23,104,-46,-43.7,-43.57401,-58.22105,-27.14539,True,-34.13,-42.18109,-56.43644,-26.189009,True
2024-05-06 03:45:00,-45.34,104,-45,-42.71,-42.871746,-58.045994,-26.465294,True,-32.67,-40.856037,-55.714405,-24.955597,True
2024-05-06 03:50:00,-45.38,104,-45,-40.5,-42.651844,-58.468513,-26.56393,True,-32.18,-40.40965,-55.938145,-24.864958,True
2024-05-06 03:55:00,-45.14,104,-45,-41.12,-42.92137,-58.43484,-26.577198,True,-31.03,-41.091976,-56.272636,-25.233625,True
2024-05-06 04:00:00,-44.95,104,-44,-41.09,-42.95614,-57.956432,-26.876675,True,-30.05,-41.294724,-55.94848,-25.677496,True
2024-05-06 04:05:00,-44.47,104,-44,-40.41,-42.601627,-57.358944,-26.696493,True,-29.430002,-41.034824,-55.438427,-25.577778,True
2024-05-06 04:10:00,-44.59,104,-44,-39.26,-42.032684,-57.14548,-26.128355,True,-28.72,-39.92075,-54.740925,-24.53227,True
2024-05-06 04:15:00,-44.44,104,-44,-37.39,-41.16247,-57.92439,-25.393347,True,-28.34,-38.42664,-54.97459,-23.270332,True
2024-05-06 04:20:00,-44.43,104,-43,-36.25,-42.474304,-60.776592,-26.151299,True,-27.97,-40.778156,-58.73835,-24.95114,True
2024-05-06 04:25:00,-44.850002,104,-44,-38.62,-43.992237,-60.778027,-27.719976,True,-26.7,-43.191967,-59.520313,-27.28514,False
2024-05-06 04:30:00,-44.15,104,-44,-38.48,-44.499123,-60.03486,-28.473454,True,-25.55,-44.67047,-59.614727,-28.876236,False
2024-05-06 04:35:00,-44.28,104,-44,-37.05,-45.374416,-60.02326,-29.29594,True,-25.24,-46.138355,-60.11929,-30.206858,False
2024-05-06 04:40:00,-43.7,104,-44,-34.13,-44.514874,-60.186096,-27.998943,True,-24.39,-45.057255,-60.0678,-28.705559,False
2024-05-06 04:45:00,-42.71,104,-43,-32.67,-44.194595,-59.880447,-27.600044,True,-24.85,-45.277428,-60.20888,-28.761307,False
2024-05-06 04:50:00,-40.5,104,-41,-32.18,-42.79533,-58.847897,-26.127417,True,-24.49,-44.529076,-59.666687,-27.842138,False
2024-05-06 04:55:00,-41.12,104,-40,-31.03,-44.253647,-60.67504,-26.86961,True,-24.13,-46.64633,-62.01409,-29.124622,False
2024-05-06 05:00:00,-41.09,104,-42,-30.05,-45.466736,-61.735794,-27.435873,True,-25.73,-48.814342,-63.822647,-30.481312,False
2024-05-06 05:05:00,-40.41,104,-42,-29.430002,-45.977142,-62.062687,-27.513647,True,-25.93,-50.23609,-64.841446,-31.315905,False
2024-05-06 05:10:00,-39.26,104,-42,-28.72,-45.911472,-62.044815,-27.017767,True,-29.33,-50.970486,-65.38442,-31.484955,False
2024-05-06 05:15:00,-37.39,104,-39,-28.34,-44.978992,-61.12557,-25.86723,True,-30.1,-50.72033,-64.898895,-30.920137,False
2024-05-06 05:20:00,-36.25,104,-35,-27.97,-44.722095,-60.966385,-25.206963,True,-28.86,-51.079277,-65.12855,-30.780659,False
2024-05-06 05:25:00,-38.62,104,-38,-26.7,-47.090904,-62.28547,-27.01003,False,-28.39,-53.336613,-66.48656,-32.465313,False
2024-05-06 05:30:00,-38.48,104,-41,-25.55,-47.215317,-62.57748,-26.704853,False,-29.02,-53.626694,-66.88545,-32.281246,False
2024-05-06 05:35:00,-37.05,104,-40,-25.24,-46.3023,-62.422592,-25.4831,False,-27.97,-53.12896,-66.94463,-31.39604,False
2024-05-06 05:40:00,-34.13,104,-37,-24.39,-44.346634,-61.46974,-23.324903,True,-26.63,-51.902813,-66.31996,-29.863018,False
2024-05-06 05:45:00,-32.67,104,-35,-24.85,-43.44949,-61.07411,-22.363628,True,-26.21,-51.49164,-66.17702,-29.308922,False
2024-05-06 05:50:00,-32.18,104,-35,-24.49,-43.713608,-59.62106,-22.958,True,-25.03,-52.206947,-65.11264,-30.351522,False
2024-05-06 05:55:00,-31.03,104,-35,-24.13,-43.526077,-57.928738,-22.96798,True,-24.49,-52.494324,-63.758057,-30.865768,False
2024-05-06 06:00:00,-30.05,104,-34,-25.73,-43.357525,-56.832645,-22.575735,True,-23.68,-52.53004,-62.75453,-30.75596,False
2024-05-06 06:05:00,-29.430002,104,-33,-25.93,-41.491047,-55.495056,-20.881298,True,-23.18,-49.910522,-60.84804,-28.408836,False
2024-05-06 06:10:00,-28.72,104,-32,-29.33,-40.5811,-54.565964,-20.203674,True,-22.81,-48.911392,-59.868057,-27.670052,False
2024-05-06 06:15:00,-28.34,104,-31,-30.1,-41.160614,-54.124672,-20.644577,True,-22.76,-49.88274,-59.72784,-28.529594,False
2024-05-06 06:20:00,-27.97,104,-30,-28.86,-42.10174,-54.45184,-20.980927,True,-19.94,-51.213573,-60.259476,-29.302263,False
2024-05-06 06:25:00,-26.7,104,-28,-28.39,-42.104008,-54.365845,-20.585909,True,-20.68,-51.584476,-60.264034,-29.34096,False
2024-05-06 06:30:00,-25.55,104,-25,-29.02,-40.5719,-52.878414,-19.410011,True,-22.1,-49.69334,-58.444004,-27.913147,False
2024-05-06 06:35:00,-25.24,104,-23,-27.97,-38.28473,-50.69182,-17.87826,True,-21.99,-46.302433,-55.542027,-25.395247,False
2024-05-06 06:40:00,-24.39,104,-22,-26.63,-36.726536,-49.566265,-16.513367,True,-21.95,-44.256,-53.982677,-23.608414,False
2024-05-06 06:45:00,-24.85,104,-23,-26.21,-35.410015,-48.48711,-15.570658,True,-22.81,-41.866844,-52.20543,-21.676641,True
2024-05-06 06:50:00,-24.49,104,-23,-25.03,-32.40369,-45.46606,-13.676191,True,-22.9,-37.397984,-48.320107,-18.432959,True
2024-05-06 06:55:00,-24.13,104,-21,-24.49,-29.615852,-42.946907,-11.884955,True,-22.97,-33.16294,-44.89747,-15.294569,True
2024-05-06 07:00:00,-25.73,104,-23,-23.68,-27.95794,-41.549232,-11.137903,True,-23.14,-29.330853,-42.05876,-12.526336,True
2024-05-06 07:05:00,-25.93,104,-26,-23.18,-25.67376,-39.82586,-10.075148,True,-22.22,-25.25307,-39.039505,-9.820193,True
2024-05-06 07:10:00,-29.33,104,-28,-22.81,-26.619148,-41.015118,-11.552224,True,-21.7,-24.251104,-38.65816,-9.5512705,True
2024-05-06 07:15:00,-30.1,104,-33,-22.76,-26.249884,-41.2602,-11.571059,True,-21.66,-22.868101,-38.042313,-8.692964,True
2024-05-06 07:20:00,-28.86,104,-31,-19.94,-23.938229,-41.078358,-8.879467,True,-20.97,-19.509977,-37.047276,-5.13456,True
2024-05-06 07:25:00,-28.39,104,-30,-20.68,-23.737555,-43.1759,-7.71318,True,-20.71,-19.451563,-39.345177,-4.1513524,True
2024-05-06 07:30:00,-29.02,104,-32,-22.1,-25.356245,-45.65469,-8.76167,True,-19.29,-21.916565,-42.53954,-5.9422593,True
2024-05-06 07:35:00,-27.97,104,-32,-21.99,-26.081682,-45.611454,-10.0335,True,-19.21,-24.206629,-43.73998,-8.527874,True
2024-05-06 07:40:00,-26.63,104,-30,-21.95,-26.47371,-44.693737,-10.805429,True,-18.95,-26.123268,-43.973663,-10.590889,True
2024-05-06 07:45:00,-26.21,104,-30,-22.81,-27.78105,-44.43985,-11.970467,True,-19.11,-28.880253,-44.76652,-13.006574,True
2024-05-06 07:50:00,-25.03,104,-29,-22.9,-29.120056,-44.652195,-12.839528,True,-17.81,-32.163544,-46.270397,-15.600053,True
2024-05-06 07:55:00,-24.49,104,-28,-22.97,-31.186018,-46.396767,-13.795518,True,-17.49,-35.984318,-49.06407,-18.147257,False
2024-05-06 08:00:00,-23.68,104,-27,-23.14,-32.619377,-48.040394,-13.9844675,True,-17.08,-38.736443,-51.40843,-19.562483,False
2024-05-06 08:05:00,-23.18,104,-26,-22.22,-34.34825,-49.95164,-14.500631,True,-17.75,-41.596043,-53.869633,-21.163464,False
2024-05-06 08:10:00,-22.81,104,-25,-21.7,-35.788647,-51.196144,-15.242701,True,-17.41,-43.82951,-55.498974,-22.703947,False
2024-05-06 08:15:00,-22.76,104,-25,-21.66,-36.124775,-51.135452,-15.451644,True,-16.24,-44.20697,-55.454895,-23.002096,False
2024-05-06 08:20:00,-19.94,104,-20,-20.97,-32.43768,-48.451046,-12.188447,True,-16.64,-40.115425,-52.34178,-19.410614,False
2024-05-06 08:25:00,-20.68,104,-19,-20.71,-31.254463,-46.944935,-11.5470915,True,-16.57,-37.827297,-50.320065,-17.738825,False
2024-05-06 08:30:00,-22.1,104,-19,-19.29,-29.9861,-45.2242,-11.044164,True,-15.83,-35.002026,-47.853874,-15.76303,True
2024-05-06 08:35:00,-21.99,104,-19,-19.21,-26.15509,-42.356506,-8.022277,True,-17.08,-28.868715,-43.671856,-10.573261,True
2024-05-06 08:40:00,-21.95,104,-18,-18.95,-21.965872,-38.01538,-5.5764823,True,-17.37,-21.714743,-37.5489,-5.388869,True
2024-05-06 08:45:00,-22.81,104,-19,-19.11,-20.315401,-35.561047,-5.58711,True,-20.19,-18.019056,-33.679256,-3.5526679,True
2024-05-06 08:50:00,-22.9,104,-22,-17.81,-18.205206,-34.038677,-4.6210723,True,-19.96,-13.927301,-30.65892,-0.84383994,True
2024-05-06 08:55:00,-22.97,104,-22,-17.49,-17.324217,-34.09046,-4.192059,True,-17.73,-12.090447,-29.98269,0.3844296,True
2024-05-06 09:00:00,-23.14,104,-23,-17.08,-16.873602,-35.44606,-3.5323985,True,-17.75,-10.984822,-30.916546,1.5445915,True
2024-05-06 09:05:00,-22.22,104,-22,-17.75,-16.930622,-37.48975,-2.9479716,True,-13.18,-11.903675,-33.754288,1.3375756,True
2024-05-06 09:10:00,-21.7,104,-22,-17.41,-17.691591,-39.48916,-3.0430605,True,-10.81,-13.825938,-36.660675,0.23028152,True
2024-05-06 09:15:00,-21.66,104,-22,-16.24,-18.899748,-41.143505,-3.700579,True,-10.2300005,-16.17611,-39.13487,-1.3980755,True
2024-05-06 09:20:00,-20.97,104,-21,-16.64,-19.516233,-42.06622,-3.935983,True,-8.62,-17.973286,-40.867588,-2.6266367,True
2024-05-06 09:25:00,-20.71,104,-21,-16.57,-20.715315,-43.454376,-4.546064,True,-7.23,-20.472994,-43.102665,-4.327638,True
2024-05-06 09:30:00,-19.29,104,-18,-15.83,-20.69337,-43.298016,-4.2363877,True,-6.98,-21.66938,-43.70458,-5.0411124,True
2024-05-06 09:35:00,-19.21,104,-18,-17.08,-21.715364,-43.861748,-4.604429,True,-7.2100005,-23.62035,-44.82802,-6.1964526,True
2024-05-06 09:40:00,-18.95,104,-16,-17.37,-22.701866,-43.67809,-4.8458343,True,-6.1,-25.61414,-45.237335,-7.3174205,False
2024-05-06 09:45:00,-19.11,104,-18,-20.19,-23.797787,-45.365765,-3.999143,True,-8.32,-27.402763,-47.286263,-7.0636144,True
2024-05-06 09:50:00,-17.81,104,-16,-19.96,-23.896614,-46.677864,-2.3451731,True,-8.28,-28.511036,-49.03664,-6.2897897,True
2024-05-06 09:55:00,-17.49,104,-15,-17.73,-23.808147,-49.02226,-0.012277918,True,-7.64,-28.611168,-51.40483,-4.069142,True
2024-05-06 10:00:00,-17.08,104,-14,-17.75,-24.138292,-47.640987,-0.66171485,True,-8.32,-29.469215,-50.335854,-5.220839,True
2024-05-06 10:05:00,-17.75,104,-15,-13.18,-26.017065,-48.903744,-2.0146353,True,-8.39,-32.041954,-51.898006,-7.2765183,True
2024-05-06 10:10:00,-17.41,104,-15,-10.81,-26.032097,-46.657085,-2.6336539,True,-7.9600005,-32.263424,-49.888077,-8.15005,False
2024-05-06 10:15:00,-16.24,104,-13,-10.2300005,-25.967234,-45.287365,-3.2389739,True,-7.4200006,-32.83202,-48.858177,-9.425033,False
2024-05-06 10:20:00,-16.64,104,-11,-8.62,-25.464005,-43.448517,-3.237055,True,-6.7099996,-31.660303,-46.78788,-8.871976,False
2024-05-06 10:25:00,-16.57,104,-13,-7.23,-23.22165,-41.54878,-1.1807312,True,-5.77,-27.981348,-44.169037,-5.4996867,True
2024-05-06 10:30:00,-15.83,104,-12,-6.98,-21.034575,-40.258675,1.0728928,True,-6.19,-24.7784,-42.319313,-2.3149683,True
2024-05-06 10:35:00,-17.08,104,-12,-7.2100005,-21.408728,-39.69668,0.21534507,True,-6.0500007,-24.492485,-41.459465,-2.592007,True
2024-05-06 10:40:00,-17.37,104,-14,-6.1,-21.132057,-40.009296,0.69260377,True,-5.9500003,-23.776897,-41.515587,-1.7255405,True
2024-05-06 10:45:00,-20.19,104,-13,-8.32,-23.554073,-39.44638,-2.8509963,True,-7.77,-25.921824,-40.961334,-5.0187163,True
2024-05-06 10:50:00,-19.96,104,-18,-8.28,-23.024279,-37.768227,-3.4799922,True,-8.44,-25.211601,-39.23471,-5.480457,True
2024-05-06 10:55:00,-17.73,104,-15,-7.64,-20.348831,-34.89635,-2.0746958,True,-8.1,-22.252867,-36.2051,-3.809337,True
2024-05-06 11:00:00,-17.75,104,-15,-8.32,-20.350237,-34.329117,-2.8797019,True,-6.9200006,-22.267136,-35.676586,-4.6223063,True
2024-05-06 11:05:00,-13.18,104,-14,-8.39,-16.197884,-30.975643,0.15396278,True,-5.35,-18.49805,-32.515293,-1.9255184,True
2024-05-06 11:10:00,-10.81,104,-15,-7.9600005,-13.533326,-28.476765,1.8739754,True,-5.47,-15.644524,-29.91032,-0.017624216,True
2024-05-06 11:15:00,-10.2300005,104,-15,-7.4200006,-12.231973,-26.925749,2.2765844,True,-5.5500007,-13.783541,-28.049053,0.905935,True
2024-05-06 11:20:00,-8.62,104,-13,-6.7099996,-9.767637,-24.930338,3.9222276,True,-5.6700006,-10.617774,-25.619368,3.1985357,True
2024-05-06 11:25:00,-7.23,104,-11,-5.77,-7.149504,-23.371767,6.055265,True,-5.82,-6.929251,-23.400078,6.301866,True
2024-05-06 11:30:00,-6.98,104,-10,-6.19,-5.115521,-22.157486,7.6005874,True,-5.8300014,-3.2901251,-21.192196,9.2704315,True
2024-05-06 11:35:00,-7.2100005,104,-10,-6.0500007,-3.976394,-21.121515,8.197563,True,-7.23,-0.8869594,-19.329193,10.97525,True
2024-05-06 11:40:00,-6.1,104,-9,-5.9500003,-1.7512001,-18.898096,9.301161,True,-7.4200006,2.381582,-16.390787,12.993763,True
2024-05-06 11:45:00,-8.32,104,-9,-7.77,-3.1344988,-19.506845,7.507793,True,-7.43,1.7876068,-16.349016,11.893354,True
2024-05-06 11:50:00,-8.28,104,-10,-8.44,-2.496237,-19.855335,8.545662,True,-8.8,2.9688985,-16.368183,13.368443,True
2024-05-06 11:55:00,-7.64,104,-9,-8.1,-0.8876098,-20.045486,10.775778,True,-8.67,5.419334,-16.117218,16.25082,True
2024-05-06 12:00:00,-8.32,104,-10,-6.9200006,-0.46844134,-21.281006,12.144604,True,-9.36,6.8048606,-16.834452,18.342339,True
2024-05-06 12:05:00,-8.39,104,-9,-5.35,-0.22808106,-22.881432,13.72324,True,-9.17,7.2800517,-18.501804,20.010471,True
2024-05-06 12:10:00,-7.9600005,104,-9,-5.47,-0.08350976,-24.004976,14.831261,True,-9.49,7.115457,-20.038757,20.793694,True
2024-05-06 12:15:00,-7.4200006,104,-7,-5.5500007,-0.1794761,-25.79106,16.0075,True,-9.4,6.409635,-22.406715,21.406319,True
2024-05-06 12:20:00,-6.7099996,104,-6,-5.6700006,-0.97616035,-27.154968,16.26176,True,-10.1,4.275743,-24.621326,20.56417,True
2024-05-06 12:25:00,-5.77,104,-3,-5.82,-0.90572006,-27.615213,17.018295,True,-10.63,3.5413702,-25.611761,20.661613,True
2024-05-06 12:30:00,-6.19,104,-4,-5.8300014,-2.4036696,-28.553923,16.447784,True,-11.14,1.0813938,-27.10236,19.319176,True
2024-05-06 12:35:00,-6.0500007,104,-5,-7.23,-3.3364222,-26.22435,14.317848,True,-11.39,-0.7943328,-25.20931,16.466652,True
2024-05-06 12:40:00,-5.9500003,104,-5,-7.4200006,-4.4179425,-24.989449,12.717819,True,-10.2,-2.9494288,-24.561592,14.00716,True
2024-05-06 12:45:00,-7.77,104,-5,-7.43,-7.4540353,-26.593826,10.466681,True,-10.58,-7.0957885,-26.822372,10.821968,True
2024-05-06 12:50:00,-8.44,104,-7,-8.8,-8.559651,-26.94947,10.231495,True,-10.96,-8.60761,-27.429373,10.23628,True
2024-05-06 12:55:00,-8.1,104,-7,-8.67,-8.45174,-27.520708,10.788685,True,-10.94,-8.699984,-28.140028,10.614119,True
2024-05-06 13:00:00,-6.9200006,104,-6,-9.36,-7.2682614,-27.002077,12.392811,True,-10.22,-7.514441,-27.641356,12.221998,True
2024-05-06 13:05:00,-5.35,104,-5,-9.17,-6.9321923,-26.753387,12.13072,True,-11.66,-8.240592,-27.9826,11.037128,True
2024-05-06 13:10:00,-5.47,104,-3,-9.49,-7.9944825,-27.619766,10.74374,True,-12.62,-10.108701,-29.290012,8.933723,True
2024-05-06 13:15:00,-5.5500007,104,-3,-9.4,-9.128304,-28.784323,9.2445965,True,-11.0,-12.122146,-30.89395,6.636211,True
2024-05-06 13:20:00,-5.6700006,104,-3,-10.1,-9.872832,-29.087133,8.030411,True,-11.12,-13.381743,-31.470545,4.9468455,True
2024-05-06 13:25:00,-5.82,104,-4,-10.63,-10.442064,-29.43674,6.916572,True,-10.01,-14.297789,-32.009308,3.513109,True
2024-05-06 13:30:00,-5.8300014,104,-5,-11.14,-10.159338,-28.866266,6.4555564,True,-9.38,-13.808881,-31.37311,3.2523592,True
2024-05-06 13:35:00,-7.23,104,-4,-11.39,-10.886794,-28.73644,5.0571494,True,-13.25,-14.01371,-31.059137,2.3436105,True
2024-05-06 13:40:00,-7.4200006,104,-6,-10.2,-10.071958,-27.509563,4.9965243,True,-12.689999,-12.377494,-29.430046,3.0532186,True
2024-05-06 13:45:00,-7.43,104,-6,-10.58,-9.020658,-25.8392,4.9309382,True,-12.19,-10.426365,-27.29121,3.8376462,True
2024-05-06 13:50:00,-8.8,104,-7,-10.96,-8.909264,-24.628635,4.016027,True,-13.89,-8.99309,-25.281473,4.148414,True
2024-05-06 13:55:00,-8.67,104,-8,-10.94,-6.8499665,-22.683384,5.0506454,True,-13.67,-5.1040587,-22.10878,6.8478923,True
2024-05-06 14:00:00,-9.36,104,-8,-10.22,-5.929069,-21.210646,4.586639,True,-12.74,-2.5939314,-19.41893,7.8318515,True
2024-05-06 14:05:00,-9.17,104,-9,-11.66,-4.431994,-20.331295,5.1981196,True,-12.52,0.25151983,-17.556318,9.649279,True
2024-05-06 14:10:00,-9.49,104,-8,-12.62,-3.0999606,-20.705564,6.5927844,True,-12.3,3.2673814,-16.854197,12.476707,True
2024-05-06 14:15:00,-9.4,104,-8,-11.0,-4.179086,-20.641632,4.883655,True,-12.17,1.0965687,-17.492996,9.877377,True
2024-05-06 14:20:00,-10.1,104,-7,-11.12,-5.7679324,-20.555523,2.4282262,True,-12.12,-1.323109,-17.893045,6.7780585,True
2024-05-06 14:25:00,-10.63,104,-7,-10.01,-5.88131,-20.051992,1.7850186,True,-12.77,-0.99947387,-16.961235,6.564861,True
2024-05-06 14:30:00,-11.14,104,-8,-9.38,-6.1951127,-21.180677,2.1415594,True,-12.8,-1.1295799,-18.016792,7.0446467,True
2024-05-06 14:35:00,-11.39,104,-8,-13.25,-6.331056,-23.87811,3.8425195,True,-11.6,-1.1847786,-20.977024,8.700317,True
2024-05-06 14:40:00,-10.2,104,-8,-12.689999,-6.9434247,-24.463326,3.6388528,True,-12.4,-3.6423247,-22.950857,6.9019446,True
2024-05-06 14:45:00,-10.58,104,-7,-12.19,-7.970815,-22.954218,1.142593,True,-12.14,-5.28754,-21.714441,3.9571893,True
2024-05-06 14:50:00,-10.96,104,-6,-13.89,-8.856655,-22.690088,-0.1364692,True,-11.73,-6.685081,-21.773586,2.265865,True
2024-05-06 14:55:00,-10.94,104,-6,-13.67,-9.061576,-22.40742,-0.4830459,True,-12.93,-7.1229606,-21.64432,1.7338902,True
2024-05-06 15:00:00,-10.22,104,-5,-12.74,-8.717288,-21.8865,-0.2549499,True,-13.57,-7.16058,-21.406757,1.6301724,True
2024-05-06 15:05:00,-11.66,104,-4,-12.52,-10.2642565,-23.601875,-1.3748764,True,-13.92,-8.828741,-23.25566,0.4026467,True
2024-05-06 15:10:00,-12.62,104,-5,-12.3,-10.325442,-24.554392,-0.8345836,True,-14.26,-7.9800677,-23.590292,1.7421528,True
2024-05-06 15:15:00,-11.0,104,-4,-12.17,-8.8551655,-25.144768,1.9482151,True,-15.81,-6.688041,-24.465485,4.319114,True
2024-05-06 15:20:00,-11.12,104,-3,-12.12,-8.53745,-24.769707,2.0036542,True,-15.9,-5.9086013,-23.74004,4.794616,True
2024-05-06 15:25:00,-10.01,104,-2,-12.77,-7.038236,-23.299644,3.1299417,True,-15.69,-3.9835122,-21.969643,6.3290076,True
2024-05-06 15:30:00,-9.38,104,-1,-12.8,-6.0973306,-22.118128,3.5171258,True,-15.56,-2.6891444,-20.494907,7.074491,True
2024-05-06 15:35:00,-13.25,104,-4,-11.6,-10.08793,-24.922733,-0.47533068,True,-17.24,-6.807012,-23.225445,3.0199697,True
2024-05-06 15:40:00,-12.689999,104,-8,-12.4,-9.1743145,-24.361357,0.47007528,True,-17.74,-5.502788,-22.407816,4.329345,True
2024-05-06 15:45:00,-12.19,104,-7,-12.14,-8.600203,-24.02767,1.1053196,True,-17.37,-4.8348756,-22.017532,5.054399,True
2024-05-06 15:50:00,-13.89,104,-8,-11.73,-10.71799,-25.643553,-0.8241008,True,-16.05,-7.38339,-23.916279,2.7608144,True
2024-05-06 15:55:00,-13.67,104,-9,-12.93,-10.686384,-25.74427,-0.65807945,True,-16.78,-7.5391593,-24.20124,2.763664,True
2024-05-06 16:00:00,-12.74,104,-8,-13.57,-9.989639,-25.12063,0.12086837,True,-19.9,-7.08427,-23.78859,3.334257,True
2024-05-06 16:05:00,-12.52,104,-8,-13.92,-9.796948,-25.034899,0.44009557,True,-19.83,-6.9141574,-23.725473,3.634506,True
2024-05-06 16:10:00,-12.3,104,-9,-14.26,-9.566716,-24.786701,0.6561906,True,-19.66,-6.6686053,-23.45579,3.8723238,True
2024-05-06 16:15:00,-12.17,104,-9,-15.81,-9.295968,-24.39043,0.71610993,True,-20.01,-6.2387795,-22.897318,4.083717,True
2024-05-06 16:20:00,-12.12,104,-9,-15.9,-8.853926,-24.039528,0.9478261,True,-19.25,-5.353803,-22.206059,4.7245727,True
2024-05-06 16:25:00,-12.77,104,-11,-15.69,-9.4105,-24.20737,0.30321088,True,-18.45,-5.7882476,-22.193956,4.2047305,True
2024-05-06 16:30:00,-12.8,104,-11,-15.56,-9.100098,-23.75977,0.33481947,True,-18.13,-5.0831523,-21.370152,4.610542,True
2024-05-06 16:35:00,-11.6,104,-10,-17.24,-7.661365,-22.248144,1.0673119,True,-16.06,-3.3492796,-19.57213,5.629432,True
2024-05-06 16:40:00,-12.4,104,-11,-17.74,-8.678359,-22.599874,-0.5161155,True,-14.77,-4.5585685,-19.94983,3.9089563,True
2024-05-06 16:45:00,-12.14,104,-12,-17.37,-8.729668,-22.20412,-1.1587108,True,-13.89,-4.908733,-19.727901,3.0106142,True
2024-05-06 16:50:00,-11.73,104,-11,-16.05,-8.482075,-21.881044,-1.2417969,True,-13.0,-4.82317,-19.506977,2.7759912,True
2024-05-06 16:55:00,-12.93,104,-11,-16.78,-9.526847,-22.909437,-2.399937,True,-13.23,-5.6610637,-20.316029,1.7991692,True
2024-05-06 17:00:00,-13.57,104,-13,-19.9,-10.130354,-23.70448,-2.844475,True,-13.7,-6.2022786,-21.077126,1.3858429,True
2024-05-06 17:05:00,-13.92,104,-14,-19.83,-10.229947,-24.221575,-2.6660407,True,-13.08,-6.0154347,-21.38555,1.7970558,True
2024-05-06 17:10:00,-14.26,104,-14,-19.66,-10.267662,-24.838509,-2.387028,True,-11.68,-5.698005,-21.766096,2.3655527,True
2024-05-06 17:15:00,-15.81,104,-15,-20.01,-11.66165,-26.426903,-3.4792254,True,-8.8,-6.8892455,-23.175669,1.4457222,True
2024-05-06 17:20:00,-15.9,104,-16,-19.25,-11.962286,-26.735188,-3.614258,True,-10.46,-7.4231343,-23.681253,1.0908047,True
2024-05-06 17:25:00,-15.69,104,-15,-18.45,-11.898666,-26.657099,-3.3907607,True,-11.68,-7.5378375,-23.739584,1.1559616,True
2024-05-06 17:30:00,-15.56,104,-15,-18.13,-11.738977,-27.015625,-2.836838,True,-12.02,-7.3649755,-24.12741,1.689592,True
2024-05-06 17:35:00,-17.24,104,-15,-16.06,-13.799112,-29.780085,-4.024758,True,-11.94,-9.903154,-27.310131,0.025510473,True
2024-05-06 17:40:00,-17.74,104,-16,-14.77,-14.42595,-30.44569,-4.5574327,True,-12.57,-10.664349,-28.063532,-0.6446441,True
2024-05-06 17:45:00,-17.37,104,-15,-13.89,-13.89369,-30.317072,-3.918956,True,-11.72,-9.955816,-27.82492,0.12603538,True
2024-05-06 17:50:00,-16.05,104,-14,-13.0,-11.850964,-29.765263,-1.4336494,True,-12.28,-7.073684,-26.768723,3.292011,True
2024-05-06 17:55:00,-16.78,104,-14,-13.23,-13.486809,-30.725746,-2.7470343,True,-12.58,-9.796854,-28.483593,1.0361401,True
2024-05-06 18:00:00,-19.9,104,-15,-13.7,-17.40679,-34.62137,-5.7023005,True,-11.74,-14.669699,-33.052814,-2.797804,True
2024-05-06 18:05:00,-19.83,104,-17,-13.08,-17.51684,-34.852253,-5.5931926,True,-10.39,-14.989711,-33.437626,-2.889334,True
2024-05-06 18:10:00,-19.66,104,-17,-11.68,-17.576654,-34.90741,-5.433453,True,-11.47,-15.324619,-33.695126,-2.9931529,True
2024-05-06 18:15:00,-20.01,104,-18,-8.8,-18.707357,-36.95735,-5.83804,True,-12.37,-17.331085,-36.440456,-4.226072,True
2024-05-06 18:20:00,-19.25,104,-18,-10.46,-18.961006,-38.029118,-5.595773,True,-14.0,-18.682264,-38.32453,-5.001473,True
2024-05-06 18:25:00,-18.45,104,-18,-11.68,-18.664806,-37.21691,-5.2998157,True,-13.66,-18.920185,-37.8721,-5.1940227,True
2024-05-06 18:30:00,-18.13,104,-19,-12.02,-18.664087,-36.885296,-5.0205226,True,-13.58,-19.252115,-37.759556,-5.2256465,True
2024-05-06 18:35:00,-16.06,104,-17,-11.94,-16.704256,-35.489162,-2.9966185,True,-14.68,-17.410772,-36.428654,-3.3264906,True
2024-05-06 18:40:00,-14.77,104,-15,-12.57,-15.816147,-35.361614,-1.6299614,True,-15.45,-16.939268,-36.56944,-2.3529265,True
2024-05-06 18:45:00,-13.89,104,-15,-11.72,-15.426926,-36.3393,-0.52000266,True,-14.42,-17.052109,-37.852974,-1.7109054,True
2024-05-06 18:50:00,-13.0,104,-16,-12.28,-14.491396,-34.89525,0.077529594,True,-13.77,-16.073956,-36.36574,-1.0885509,True
2024-05-06 18:55:00,-13.23,104,-16,-12.58,-14.82184,-35.669716,0.05067794,True,-14.85,-16.505754,-37.18863,-1.2182888,True
2024-05-06 19:00:00,-13.7,104,-17,-11.74,-14.952309,-34.46854,-0.62971145,True,-15.39,-16.289011,-35.765614,-1.5924267,True
2024-05-06 19:05:00,-13.08,104,-18,-10.39,-13.297976,-31.981207,0.26864782,True,-15.78,-13.568822,-32.54422,0.27263227,True
2024-05-06 19:10:00,-11.68,104,-17,-11.47,-11.406495,-29.537184,1.588224,True,-16.27,-11.1631775,-29.731256,2.0603273,True
2024-05-06 19:15:00,-8.8,104,-14,-12.37,-8.661896,-29.11013,4.750013,True,-15.32,-8.580447,-29.42309,5.0412917,True
2024-05-06 19:20:00,-10.46,104,-16,-14.0,-10.894797,-32.53876,3.2567365,True,-13.3,-11.414118,-33.231926,2.986328,True
2024-05-06 19:25:00,-11.68,104,-17,-13.66,-12.230778,-34.99901,2.44186,True,-14.74,-12.872258,-35.755116,2.046291,True
2024-05-06 19:30:00,-12.02,104,-19,-13.58,-12.346249,-34.98109,2.1299303,True,-16.4,-12.759092,-35.583027,1.9312454,True
2024-05-06 19:35:00,-11.94,104,-19,-14.68,-11.795154,-32.48489,1.7575012,True,-17.2,-11.712055,-32.74439,2.0038602,True
2024-05-06 19:40:00,-12.57,104,-20,-15.45,-12.567818,-30.771704,-0.027201014,True,-16.68,-12.620659,-31.089115,0.09655921,True
2024-05-06 19:45:00,-11.72,104,-20,-14.42,-11.852762,-30.028921,0.29933324,True,-15.64,-12.051167,-30.436638,0.2785069,True
2024-05-06 19:50:00,-12.28,104,-20,-13.77,-12.288357,-30.448023,-0.28247866,True,-15.61,-12.354495,-30.752623,-0.19207604,True
2024-05-06 19:55:00,-12.58,104,-21,-14.85,-13.019746,-31.80089,-0.706013,True,-15.86,-13.549076,-32.414253,-1.0563949,True
2024-05-06 20:00:00,-11.74,104,-20,-15.39,-11.89234,-30.056839,-0.096115425,True,-15.76,-12.122547,-30.455372,-0.18367417,True
2024-05-06 20:05:00,-10.39,104,-18,-15.78,-10.072086,-28.226362,1.4335552,True,-15.59,-9.805468,-28.273619,1.7862679,True
2024-05-06 20:10:00,-11.47,104,-19,-16.27,-10.920771,-28.56197,0.52085656,True,-14.6,-10.398718,-28.408102,1.0982891,True
2024-05-06 20:15:00,-12.37,104,-19,-15.32,-11.553687,-28.907875,-0.21406968,True,-14.03,-10.739373,-28.523787,0.6232545,True
2024-05-06 20:20:00,-14.0,104,-20,-13.3,-13.081234,-30.28102,-1.6646541,True,-12.56,-12.152136,-29.789043,-0.73031455,True
2024-05-06 20:25:00,-13.66,104,-21,-14.74,-12.508369,-30.980867,-0.73773414,True,-12.48,-11.342284,-30.32925,0.38758817,True
2024-05-06 20:30:00,-13.58,104,-20,-16.4,-12.259297,-29.127869,-1.0233635,True,-12.5,-10.911658,-28.296694,0.2753407,True
2024-05-06 20:35:00,-14.68,104,-21,-17.2,-13.273705,-29.032232,-2.2262557,True,-10.95,-11.829713,-28.079231,-0.83524734,True
2024-05-06 20:40:00,-15.45,104,-21,-16.68,-13.67357,-29.079643,-2.786486,True,-11.25,-11.826321,-27.782925,-1.027491,True
2024-05-06 20:45:00,-14.42,104,-21,-15.64,-12.377088,-28.103912,-1.7132667,True,-11.08,-10.231543,-26.581411,0.30302778,True
2024-05-06 20:50:00,-13.77,104,-19,-15.61,-11.923291,-27.188187,-1.3479179,True,-11.03,-10.002657,-25.825726,0.45366254,True
2024-05-06 20:55:00,-14.85,104,-20,-15.86,-13.073192,-28.077816,-2.525551,True,-11.62,-11.217352,-26.733072,-0.7919162,True
2024-05-06 21:00:00,-15.39,104,-21,-15.76,-13.517606,-28.081083,-2.9786665,True,-11.85,-11.564668,-26.62339,-1.1596245,True
2024-05-06 21:05:00,-15.78,104,-21,-15.59,-13.882029,-28.06031,-3.3801482,True,-11.6,-11.905613,-26.556547,-1.5466655,True
2024-05-06 21:10:00,-16.27,104,-22,-14.6,-14.210173,-28.210442,-3.7211678,True,-11.87,-12.06669,-26.551178,-1.7416137,True
2024-05-06 21:15:00,-15.32,104,-20,-14.03,-12.932196,-26.934021,-2.6253493,True,-11.77,-10.445069,-24.999105,-0.33750758,True
2024-05-06 21:20:00,-13.3,104,-19,-12.56,-10.175037,-24.479883,-0.111042336,True,-11.62,-6.9104724,-21.950096,2.884073,True
2024-05-06 21:25:00,-14.74,104,-19,-12.48,-11.4757185,-25.528961,-1.4758247,True,-11.3,-8.050568,-22.807714,1.6645161,True
2024-05-06 21:30:00,-16.4,104,-21,-12.5,-13.133571,-27.230412,-3.1217864,True,-10.95,-9.698133,-24.454277,0.0152050685,True
2024-05-06 21:35:00,-17.2,104,-23,-10.95,-14.024351,-28.1308,-4.0908456,True,-11.34,-10.684396,-25.408976,-1.0560573,True
2024-05-06 21:40:00,-16.68,104,-23,-11.25,-13.468763,-27.807728,-3.6546519,True,-11.86,-10.097443,-25.07461,-0.610411,True
2024-05-06 21:45:00,-15.64,104,-23,-11.08,-12.418145,-26.976614,-2.8371623,True,-12.06,-9.042674,-24.269062,0.19064681,True
2024-05-06 21:50:00,-15.61,104,-23,-11.03,-12.526711,-27.346928,-2.8438818,True,-12.01,-9.316361,-24.79106,0.008746786,True
2024-05-06 21:55:00,-15.86,104,-23,-11.62,-13.0680065,-27.853146,-3.4500182,True,-11.49,-10.168972,-25.537584,-0.898722,True
2024-05-06 22:00:00,-15.76,104,-23,-11.85,-12.870293,-27.713078,-3.2979186,True,-11.05,-9.870416,-25.307285,-0.6654952,True
2024-05-06 22:05:00,-15.59,104,-23,-11.6,-12.633526,-27.618563,-3.0933955,True,-10.67,-9.571608,-25.162493,-0.4169334,True
2024-05-06 22:10:00,-14.6,104,-22,-11.87,-11.228612,-26.233702,-1.7956051,True,-12.13,-7.7357535,-23.425138,1.270168,True
2024-05-06 22:15:00,-14.03,104,-22,-11.77,-10.446378,-25.157467,-1.0062603,True,-12.06,-6.7578406,-22.18019,2.2378633,True
2024-05-06 22:20:00,-12.56,104,-20,-11.62,-9.16526,-24.586681,0.30074087,True,-12.92,-5.6938453,-21.845432,3.312721,True
2024-05-06 22:25:00,-12.48,104,-20,-11.3,-9.377235,-25.848162,0.26008192,True,-13.37,-6.207031,-23.38433,2.9565523,True
2024-05-06 22:30:00,-12.5,104,-21,-10.95,-9.487333,-26.332514,0.33357015,True,-13.12,-6.4177756,-23.952242,2.9201524,True
2024-05-06 22:35:00,-10.95,104,-19,-11.34,-7.7238727,-24.69204,2.0508745,True,-13.089999,-4.457421,-22.171696,4.808433,True
2024-05-06 22:40:00,-11.25,104,-19,-11.86,-8.0497675,-23.47357,1.6791359,True,-13.27,-4.842838,-20.918146,4.4083743,True
2024-05-06 22:45:00,-11.08,104,-19,-12.06,-7.815718,-23.8113,2.048641,True,-13.539999,-4.5600324,-21.23959,4.8019214,True
2024-05-06 22:50:00,-11.03,104,-19,-12.01,-7.862243,-24.09447,1.985437,True,-13.45,-4.7176337,-21.61456,4.623445,True
2024-05-06 22:55:00,-11.62,104,-19,-11.49,-8.337301,-24.125122,1.3584667,True,-12.49,-5.0718207,-21.511566,4.1087832,True
2024-05-06 23:00:00,-11.85,104,-20,-11.05,-8.664925,-24.153414,1.0580765,True,-12.39,-5.511864,-21.61033,3.705261,True
2024-05-06 23:05:00,-11.6,104,-19,-10.67,-8.880271,-24.411476,0.79057664,True,-12.92,-6.217322,-22.257038,2.9763315,True
2024-05-06 23:10:00,-11.87,104,-19,-12.13,-9.137188,-25.068424,0.34649816,True,-13.2,-6.4411016,-22.878529,2.5465543,True
2024-05-06 23:15:00,-11.77,104,-19,-12.06,-8.898009,-24.995104,0.7542626,True,-12.97,-6.086395,-22.70471,3.0549848,True
2024-05-06 23:20:00,-11.62,104,-17,-12.92,-8.821349,-25.805948,1.2813431,True,-13.04,-6.1007085,-23.601154,3.4777486,True
2024-05-06 23:25:00,-11.3,104,-17,-13.37,-8.46254,-25.8401,1.775127,True,-12.14,-5.713938,-23.618399,3.9841592,True
2024-05-06 23:30:00,-10.95,104,-15,-13.12,-8.329993,-24.517704,1.4495407,True,-11.789999,-5.8075004,-22.440275,3.462118,True
2024-05-06 23:35:00,-11.34,104,-15,-13.089999,-8.664655,-23.985685,0.7132279,True,-11.7,-6.08192,-21.830475,2.7914827,True
2024-05-06 23:40:00,-11.86,104,-15,-13.27,-8.416235,-23.579748,0.6439664,True,-11.33,-5.046942,-20.764034,3.449169,True
2024-05-06 23:45:00,-12.06,104,-16,-13.539999,-8.180186,-22.869871,0.73025674,True,-10.77,-4.3839087,-19.6739,3.935457,True
2024-05-06 23:50:00,-12.01,104,-15,-13.45,-8.339744,-22.511635,0.4443089,True,-10.02,-4.7680154,-19.47644,3.4441507,True
2024-05-06 23:55:00,-11.49,104,-15,-12.49,-7.528053,-21.913685,1.0732285,True,-9.09,-3.681637,-18.663074,4.320598,True
2024-05-07 00:00:00,-11.05,104,-14,-12.39,-7.307256,-21.62756,1.2175881,True,-8.91,-3.699177,-18.574121,4.2344623,True
2024-05-07 00:05:00,-10.67,104,-14,-12.92,-7.042728,-21.368488,1.3598725,True,-9.07,-3.5630152,-18.422968,4.251701,True
2024-05-07 00:10:00,-12.13,104,-13,-13.2,-8.319091,-22.71571,0.021924658,True,-8.39,-4.6490865,-19.573996,3.08551,True
2024-05-07 00:15:00,-12.06,104,-15,-12.97,-8.036592,-23.151169,0.48432317,True,-8.99,-4.164458,-19.869633,3.7134607,True
2024-05-07 00:20:00,-12.92,104,-14,-13.04,-8.935941,-23.96783,-0.50066596,True,-9.07,-5.0987134,-20.690905,2.6904047,True
2024-05-07 00:25:00,-13.37,104,-16,-12.14,-9.321109,-24.650372,-0.91469795,True,-7.3700004,-5.4157586,-21.313719,2.3260267,True
2024-05-07 00:30:00,-13.12,104,-16,-11.789999,-9.247589,-24.192772,-1.0565361,True,-5.889999,-5.5211434,-20.983276,2.0214517,True
2024-05-07 00:35:00,-13.089999,104,-16,-11.7,-9.382213,-24.130175,-1.1948227,True,-6.14,-5.820851,-21.033573,1.7248322,True
2024-05-07 00:40:00,-13.27,104,-16,-11.33,-9.845475,-24.674313,-1.5303463,True,-6.39,-6.566484,-21.802382,1.1199833,True
2024-05-07 00:45:00,-13.539999,104,-16,-10.77,-10.483523,-25.254454,-2.2057402,True,-6.85,-7.56836,-22.664488,0.10505836,True
2024-05-07 00:50:00,-13.45,104,-16,-10.02,-10.588433,-24.911469,-2.2609847,True,-7.0100007,-7.8722157,-22.462824,-0.13149102,True
2024-05-07 00:55:00,-12.49,104,-16,-9.09,-10.030755,-24.31919,-1.6811355,True,-7.27,-7.7251067,-22.211823,0.065946266,True
2024-05-07 01:00:00,-12.39,104,-15,-8.91,-10.375351,-24.816158,-1.9019188,True,-7.43,-8.510837,-23.057827,-0.56532127,True
2024-05-07 01:05:00,-12.92,104,-15,-9.07,-11.144468,-25.66417,-2.4240935,True,-7.39,-9.515091,-24.079527,-1.3066028,True
2024-05-07 01:10:00,-13.2,104,-15,-8.39,-11.625604,-26.165565,-2.619139,True,-8.08,-10.194013,-24.726555,-1.6864094,True
2024-05-07 01:15:00,-12.97,104,-16,-8.99,-11.663787,-26.262478,-2.6146395,True,-8.430001,-10.500206,-25.02797,-1.932072,True
2024-05-07 01:20:00,-13.04,104,-16,-9.07,-12.105978,-26.63,-3.0533354,True,-8.67,-11.303561,-25.67078,-2.7004569,True
2024-05-07 01:25:00,-12.14,104,-15,-7.3700004,-11.297225,-26.746264,-2.0384352,True,-9.61,-10.591846,-25.851166,-1.7751468,True
2024-05-07 01:30:00,-11.789999,104,-14,-5.889999,-10.945094,-27.02679,-1.4990963,True,-10.29,-10.241027,-26.12037,-1.2377437,True
2024-05-07 01:35:00,-11.7,104,-14,-6.14,-11.318086,-27.114773,-1.7497715,True,-10.49,-11.062101,-26.542984,-1.8959163,True
2024-05-07 01:40:00,-11.33,104,-14,-6.39,-11.551389,-27.376865,-1.9056953,True,-11.46,-11.882535,-27.239029,-2.5847952,True
2024-05-07 01:45:00,-10.77,104,-14,-6.85,-11.429123,-28.613409,-1.1305813,True,-11.83,-12.196563,-28.748047,-2.197346,True
2024-05-07 01:50:00,-10.02,104,-13,-7.0100007,-10.607511,-28.606573,0.07375686,True,-11.09,-11.309679,-28.658508,-0.92632896,True
2024-05-07 01:55:00,-9.09,104,-12,-7.27,-9.060381,-27.427965,1.6610638,True,-10.85,-9.164271,-27.03799,1.1991879,True
2024-05-07 02:00:00,-8.91,104,-12,-7.43,-8.797549,-27.536322,2.088785,True,-10.29,-8.81774,-27.073566,1.7063023,True
2024-05-07 02:05:00,-9.07,104,-12,-7.39,-9.406363,-28.126957,1.5739819,True,-10.91,-9.852501,-27.952158,0.8129899,True
2024-05-07 02:10:00,-8.39,104,-11,-8.08,-9.37002,-28.898014,1.7761551,True,-11.77,-10.435032,-29.124666,0.47621122,True
2024-05-07 02:15:00,-8.99,104,-11,-8.430001,-10.485874,-30.397404,1.071386,True,-12.06,-12.027307,-30.933125,-0.63550216,True
2024-05-07 02:20:00,-9.07,104,-12,-8.67,-11.267644,-30.42218,0.32137457,True,-12.5,-13.45499,-31.409502,-1.9637893,True
2024-05-07 02:25:00,-7.3700004,104,-10,-9.61,-10.090836,-29.705715,1.4850537,True,-13.02,-12.782182,-30.983042,-1.245499,True
2024-05-07 02:30:00,-5.889999,104,-8,-10.29,-8.867001,-27.884474,2.3146226,True,-13.12,-11.799672,-29.324053,-0.64422446,True
2024-05-07 02:35:00,-6.14,104,-9,-10.49,-9.217074,-27.942848,1.8658558,True,-12.59,-12.241097,-29.455153,-1.1750644,True
2024-05-07 02:40:00,-6.39,104,-10,-11.46,-9.52334,-27.478838,1.346727,True,-12.17,-12.587299,-29.046324,-1.7438148,True
2024-05-07 02:45:00,-6.85,104,-11,-11.83,-10.136285,-27.667717,0.77635545,True,-12.2,-13.31672,-29.33614,-2.4191096,True
2024-05-07 02:50:00,-7.0100007,104,-11,-11.09,-10.409241,-27.504898,0.42737737,True,-12.55,-13.681729,-29.250828,-2.8541834,True
2024-05-07 02:55:00,-7.27,104,-11,-10.85,-10.781735,-26.926874,-0.04681237,True,-12.3,-14.116657,-28.755438,-3.4029047,True
2024-05-07 03:00:00,-7.43,104,-10,-10.29,-11.198697,-26.348541,-0.5444816,True,-12.45,-14.729385,-28.356716,-4.0999045,True
2024-05-07 03:05:00,-7.39,104,-11,-10.91,-11.089659,-25.673466,-0.66244346,True,-12.23,-14.517344,-27.633835,-4.125376,True
2024-05-07 03:10:00,-8.08,104,-11,-11.77,-11.263987,-25.37987,-1.1435875,True,-12.04,-14.194647,-27.029501,-4.147263,True
2024-05-07 03:15:00,-8.430001,104,-12,-12.06,-10.966703,-24.744017,-1.1672729,True,-11.86,-13.282725,-25.969685,-3.6084807,True
2024-05-07 03:20:00,-8.67,104,-12,-12.5,-10.403129,-23.98016,-1.0127434,True,-11.83,-11.979209,-24.680506,-2.7801669,True
2024-05-07 03:25:00,-9.61,104,-13,-13.02,-10.567403,-23.763601,-1.6031479,True,-11.44,-11.439242,-23.971394,-2.7256758,True
2024-05-07 03:30:00,-10.29,104,-14,-13.12,-10.355629,-23.366453,-1.8122619,True,-11.37,-10.435732,-22.987503,-2.2124007,True
2024-05-07 03:35:00,-10.49,104,-14,-12.59,-9.572282,-22.47962,-1.772591,True,-11.08,-8.780938,-21.436731,-1.3791069,True
2024-05-07 03:40:00,-11.46,104,-14,-12.17,-9.538835,-22.473593,-2.4937575,True,-11.33,-7.844723,-20.71727,-1.2723526,True
2024-05-07 03:45:00,-11.83,104,-16,-12.2,-9.102472,-22.066948,-2.719334,True,-11.33,-6.6729465,-19.707596,-0.83106834,True
2024-05-07 03:50:00,-11.09,104,-15,-12.55,-7.809295,-21.105808,-1.9585556,True,-11.12,-4.867146,-18.342953,0.3934857,True
2024-05-07 03:55:00,-10.85,104,-14,-12.3,-7.1804595,-20.494036,-1.6398166,True,-11.17,-3.881921,-17.455889,1.0386959,True
2024-05-07 04:00:00,-10.29,104,-13,-12.45,-6.6085973,-20.052895,-1.279013,True,-11.53,-3.285723,-17.01546,1.4211613,True
2024-05-07 04:05:00,-10.91,104,-13,-12.23,-7.3508496,-21.395296,-1.6346534,True,-11.43,-4.113396,-18.425724,0.964462,True
2024-05-07 04:10:00,-11.77,104,-15,-12.04,-8.81184,-22.629265,-2.8631728,True,-10.45,-6.105786,-20.07155,-0.75014144,True
2024-05-07 04:15:00,-12.06,104,-16,-11.86,-9.460076,-22.5107,-3.689192,True,-10.76,-7.0801806,-20.211683,-1.8637127,True
2024-05-07 04:20:00,-12.5,104,-15,-11.83,-10.237314,-22.716162,-4.450479,True,-10.61,-8.168808,-20.668858,-2.8978179,True
2024-05-07 04:25:00,-13.02,104,-16,-11.44,-11.084138,-22.79519,-5.2021356,True,-10.43,-9.320639,-20.99627,-3.9202292,True
2024-05-07 04:30:00,-13.12,104,-16,-11.37,-11.352761,-22.765953,-5.41215,True,-10.56,-9.740253,-21.08254,-4.266705,True
2024-05-07 04:35:00,-12.59,104,-15,-11.08,-11.113994,-22.301105,-5.1751666,True,-10.34,-9.763967,-20.83101,-4.2648015,True
2024-05-07 04:40:00,-12.17,104,-14,-11.33,-10.698424,-22.049883,-4.714442,True,-10.15,-9.350631,-20.582396,-3.8022006,True
2024-05-07 04:45:00,-12.2,104,-13,-11.33,-10.538983,-21.954454,-4.584209,True,-9.819999,-9.015703,-20.35108,-3.5050128,True
2024-05-07 04:50:00,-12.55,104,-14,-11.12,-10.759201,-21.959482,-4.9950843,True,-9.4,-9.111781,-20.25343,-3.802499,True
2024-05-07 04:55:00,-12.3,104,-14,-11.17,-10.259223,-21.348461,-4.930637,True,-8.450001,-8.37903,-19.458796,-3.521559,True
2024-05-07 05:00:00,-12.45,104,-13,-11.53,-10.1046095,-21.133541,-5.1939445,True,-8.21,-7.939573,-19.012964,-3.5205348,True
2024-05-07 05:05:00,-12.23,104,-12,-11.43,-9.712951,-20.912098,-5.071424,True,-9.11,-7.382977,-18.665592,-3.2418177,True
2024-05-07 05:10:00,-12.04,104,-12,-10.45,-9.471328,-20.7021,-4.993444,True,-9.07,-7.084555,-18.410099,-3.1124728,True
2024-05-07 05:15:00,-11.86,104,-12,-10.76,-9.33812,-20.40856,-5.0428386,True,-8.77,-6.9862885,-18.1478,-3.1897852,True
2024-05-07 05:20:00,-11.83,104,-13,-10.61,-9.178529,-20.354326,-4.955567,True,-8.48,-6.699202,-17.98983,-2.9845831,True
2024-05-07 05:25:00,-11.44,104,-13,-10.43,-8.7560835,-20.057333,-4.5134435,True,-8.76,-6.2386384,-17.662636,-2.5089457,True
2024-05-07 05:30:00,-11.37,104,-12,-10.56,-8.688322,-19.961052,-4.3840413,True,-8.62,-6.168691,-17.571157,-2.3715594,True
2024-05-07 05:35:00,-11.08,104,-12,-10.34,-8.516471,-20.061113,-3.9780905,True,-8.27,-6.0995917,-17.759785,-2.0602992,True
2024-05-07 05:40:00,-11.33,104,-12,-10.15,-8.974284,-20.615337,-4.1168675,True,-8.76,-6.7392697,-18.4556,-2.3675578,True
2024-05-07 05:45:00,-11.33,104,-12,-9.819999,-9.164909,-20.634445,-4.2279267,True,-8.87,-7.1001954,-18.612177,-2.6295455,True
2024-05-07 05:50:00,-11.12,104,-12,-9.4,-8.952717,-20.411087,-3.8149817,True,-9.02,-6.885919,-18.396822,-2.2073405,True
2024-05-07 05:55:00,-11.17,104,-11,-8.450001,-9.078608,-20.456343,-3.7371314,True,-9.55,-7.0782037,-18.493149,-2.1879294,True
2024-05-07 06:00:00,-11.53,104,-12,-8.21,-9.272785,-20.71875,-3.7294066,True,-9.57,-7.1173167,-18.630314,-2.0375807,True
2024-05-07 06:05:00,-11.43,104,-12,-9.11,-8.884251,-20.742344,-3.038603,True,-9.7,-6.462686,-18.443602,-1.1093506,True
2024-05-07 06:10:00,-10.45,104,-9,-9.07,-8.101982,-20.431519,-1.9600147,True,-9.7,-5.859842,-18.291677,-0.18901856,True
2024-05-07 06:15:00,-10.76,104,-8,-8.77,-8.752774,-20.575193,-2.7356646,True,-9.17,-6.813291,-18.667767,-1.2313484,True
2024-05-07 06:20:00,-10.61,104,-7,-8.48,-8.43792,-20.070633,-2.6323245,True,-8.35,-6.346948,-18.051754,-0.9854415,True
2024-05-07 06:25:00,-10.43,104,-7,-8.76,-8.0840645,-19.804333,-2.2427008,True,-7.39,-5.834682,-17.66864,-0.44930872,True
2024-05-07 06:30:00,-10.56,104,-7,-8.62,-7.880654,-19.866827,-1.9507488,True,-7.9600005,-5.3266215,-17.496136,0.116317436,True
2024-05-07 06:35:00,-10.34,104,-7,-8.27,-7.7461143,-19.72256,-1.840401,True,-8.96,-5.265694,-17.415073,0.16268508,True
2024-05-07 06:40:00,-10.15,104,-6,-8.76,-7.525658,-19.534729,-1.680077,True,-8.919999,-5.01837,-17.220087,0.35292783,True
2024-05-07 06:45:00,-9.819999,104,-6,-8.87,-7.3417516,-19.491302,-1.369862,True,-8.12,-4.962545,-17.285967,0.549524,True
2024-05-07 06:50:00,-9.4,104,-5,-9.02,-7.197184,-19.270409,-1.1798061,True,-7.93,-5.059831,-17.259218,0.52697915,True
2024-05-07 06:55:00,-8.450001,104,-4,-9.55,-6.351786,-18.56859,-0.4341472,True,-9.2,-4.3080277,-16.645367,1.1955162,True
2024-05-07 07:00:00,-8.21,104,-4,-9.57,-6.568517,-18.468298,-0.6874679,True,-8.64,-4.928329,-16.855364,0.5856263,True
2024-05-07 07:05:00,-9.11,104,-4,-9.7,-7.706822,-18.72004,-2.0904772,True,-7.2600007,-6.2777963,-17.277708,-0.998833,True
2024-05-07 07:10:00,-9.07,104,-6,-9.7,-7.6489863,-18.415503,-2.2437136,True,-6.86,-6.2001605,-16.962496,-1.1312889,True
2024-05-07 07:15:00,-8.77,104,-5,-9.17,-7.3377233,-18.232306,-1.7723011,True,-5.48,-5.8762717,-16.777771,-0.64341575,True
2024-05-07 07:20:00,-8.48,104,-5,-8.35,-7.055759,-18.24434,-1.0900482,True,-4.23,-5.599049,-16.800762,0.038978264,True
2024-05-07 07:25:00,-8.76,104,-6,-7.39,-7.366156,-18.622469,-0.98578864,True,-4.4100003,-5.932241,-17.203285,0.1274411,True
2024-05-07 07:30:00,-8.62,104,-6,-7.9600005,-6.937939,-18.410305,-0.39459452,True,-4.61,-5.242745,-16.800402,0.9554383,True
2024-05-07 07:35:00,-8.27,104,-5,-8.96,-6.5738235,-18.18085,0.044854805,True,-4.61,-4.862407,-16.568386,1.4136559,True
2024-05-07 07:40:00,-8.76,104,-5,-8.919999,-6.913153,-18.436752,-0.3331798,True,-5.27,-5.06031,-16.719093,1.1638561,True
2024-05-07 07:45:00,-8.87,104,-6,-8.12,-6.949345,-18.139164,-0.71702605,True,-6.0000005,-5.028335,-16.38025,0.84991235,True
2024-05-07 07:50:00,-9.02,104,-7,-7.93,-7.0627112,-18.104174,-0.8154414,True,-5.6300006,-5.106424,-16.32354,0.7869641,True
2024-05-07 07:55:00,-9.55,104,-7,-9.2,-7.4927974,-18.322138,-1.3652099,True,-4.3000007,-5.443352,-16.470345,0.3242871,True
2024-05-07 08:00:00,-9.57,104,-9,-8.64,-7.488871,-18.288294,-1.271643,True,-4.520001,-5.415755,-16.425838,0.4422833,True
2024-05-07 08:05:00,-9.7,104,-9,-7.2600007,-7.5873885,-18.185495,-1.4909252,True,-4.48,-5.4842954,-16.30517,0.25517622,True
2024-05-07 08:10:00,-9.7,104,-9,-6.86,-7.483539,-17.850266,-1.6261829,True,-5.0900006,-5.2892385,-15.907496,0.2110955,True
2024-05-07 08:15:00,-9.17,104,-9,-5.48,-6.937613,-17.296917,-1.0942386,True,-5.6,-4.7288423,-15.357772,0.76317185,True
2024-05-07 08:20:00,-8.35,104,-8,-4.23,-6.1559796,-16.55371,-0.4669269,True,-6.1,-3.982485,-14.655441,1.3649327,True
2024-05-07 08:25:00,-7.39,104,-6,-4.4100003,-5.1171184,-15.517158,0.2174565,True,-6.3800006,-2.8740733,-13.580738,2.123739,True
2024-05-07 08:30:00,-7.9600005,104,-6,-4.61,-6.052912,-15.758661,-1.1073059,True,-6.9100003,-4.13491,-14.072422,0.5131814,True
2024-05-07 08:35:00,-8.96,104,-8,-4.61,-7.048717,-16.299612,-2.3932498,True,-7.19,-5.1254354,-14.609199,-0.75920326,True
2024-05-07 08:40:00,-8.919999,104,-10,-5.27,-6.874661,-16.109217,-2.3526785,True,-6.97,-4.831386,-14.331442,-0.6016448,True
2024-05-07 08:45:00,-8.12,104,-9,-6.0000005,-5.589833,-15.281359,-1.0996994,True,-6.5000005,-3.1071284,-13.169155,1.0564514,True
2024-05-07 08:50:00,-7.93,104,-8,-5.6300006,-5.2729135,-14.87713,-1.1825393,True,-6.19,-2.6728556,-12.676154,1.0932099,True
2024-05-07 08:55:00,-9.2,104,-9,-4.3000007,-6.5730376,-15.6559725,-2.9178984,True,-5.9600005,-3.993127,-13.449434,-0.65143424,True
2024-05-07 09:00:00,-8.64,104,-11,-4.520001,-5.983972,-15.020134,-2.7144015,True,-6.3800006,-3.3781893,-12.799093,-0.4113296,True
2024-05-07 09:05:00,-7.2600007,104,-12,-4.48,-4.3227897,-13.778409,-1.1961807,True,-6.86,-1.4651779,-11.377081,1.3468357,True
2024-05-07 09:10:00,-6.86,104,-12,-5.0900006,-3.7197936,-13.43735,-0.605902,True,-6.78,-0.6765159,-10.904272,2.1123846,True
2024-05-07 09:15:00,-5.48,104,-11,-5.6,-2.4031813,-12.245294,0.4467198,True,-6.6300006,0.57364815,-9.788538,3.1194494,True
2024-05-07 09:20:00,-4.23,104,-10,-6.1,-1.1597809,-11.185769,1.5419499,True,-6.52,1.802221,-8.763384,4.211656,True
2024-05-07 09:25:00,-4.4100003,104,-10,-6.3800006,-1.3437008,-11.307687,1.3499619,True,-4.77,1.6194016,-8.889509,4.0264297,True
2024-05-07 09:30:00,-4.61,104,-10,-6.9100003,-1.4765819,-11.500933,1.3293873,True,-4.86,1.5465676,-9.046161,4.063564,True
2024-05-07 09:35:00,-4.61,104,-9,-7.19,-1.4814457,-11.473772,1.3516194,True,-5.5000005,1.5372292,-9.031465,4.086864,True
2024-05-07 09:40:00,-5.27,104,-9,-6.97,-2.2250006,-12.268724,0.961765,True,-5.8400006,0.7245862,-9.896943,3.6270387,True
2024-05-07 09:45:00,-6.0000005,104,-10,-6.5000005,-3.1765158,-13.253715,0.5121152,True,-5.07,-0.42104372,-11.056195,2.9930494,True
2024-05-07 09:50:00,-5.6300006,104,-11,-6.19,-2.9817832,-13.237758,1.0577713,True,-4.35,-0.383118,-11.190956,3.3959157,True
2024-05-07 09:55:00,-4.3000007,104,-9,-5.9600005,-1.660313,-12.223867,2.3482091,True,-4.2400002,0.9186627,-10.221609,4.6771083,True
2024-05-07 10:00:00,-4.520001,104,-8,-6.3800006,-1.816317,-12.316364,2.2554052,True,-4.1700006,0.8187844,-10.275753,4.6409907,True
2024-05-07 10:05:00,-4.48,104,-9,-6.86,-1.6835846,-12.284798,2.5720327,True,-4.28,1.0319496,-10.197908,5.03375,True
2024-05-07 10:10:00,-5.0900006,104,-10,-6.78,-2.268469,-12.892446,2.2809446,True,-4.2100005,0.47139135,-10.799043,4.763948,True
2024-05-07 10:15:00,-5.6,104,-10,-6.6300006,-2.7444518,-13.704788,2.4076593,True,-4.7900004,0.02971427,-11.615243,4.9122405,True
2024-05-07 10:20:00,-6.1,104,-11,-6.52,-3.2011378,-14.101008,2.158056,True,-4.82,-0.38528475,-11.989951,4.703386,True
2024-05-07 10:25:00,-6.3800006,104,-11,-4.77,-3.6495726,-14.178843,1.5339714,True,-4.6,-0.98402053,-12.176657,3.9564989,True
2024-05-07 10:30:00,-6.9100003,104,-12,-4.86,-4.4262605,-14.627285,0.8236863,True,-4.73,-1.9878792,-12.797307,3.0476434,True
2024-05-07 10:35:00,-7.19,104,-11,-5.5000005,-4.782539,-15.0424795,0.68844384,True,-4.85,-2.4136584,-13.282326,2.8510168,True
2024-05-07 10:40:00,-6.97,104,-11,-5.8400006,-4.7371774,-15.017909,0.7713601,True,-5.14,-2.5300028,-13.397565,2.7927988,True
2024-05-07 10:45:00,-6.5000005,104,-11,-5.07,-4.4115443,-14.84979,1.1750332,True,-5.7400002,-2.3332026,-13.353491,3.0850923,True
2024-05-07 10:50:00,-6.19,104,-11,-4.35,-4.1173387,-15.081464,1.8008972,True,-5.7500005,-2.052481,-13.631012,3.6973226,True
2024-05-07 10:55:00,-5.9600005,104,-10,-4.2400002,-3.5699713,-15.163207,2.5505083,True,-6.0100007,-1.2104858,-13.533147,4.710546,True
2024-05-07 11:00:00,-6.3800006,104,-9,-4.1700006,-4.1338334,-15.216209,1.6814553,True,-6.07,-1.900349,-13.669195,3.743944,True
2024-05-07 11:05:00,-6.86,104,-9,-4.28,-4.6137795,-15.298557,0.99777573,True,-6.0800004,-2.3830607,-13.737391,3.068754,True
2024-05-07 11:10:00,-6.78,104,-10,-4.2100005,-4.561218,-15.0006695,0.84924287,True,-5.9600005,-2.356434,-13.451262,2.9075487,True
2024-05-07 11:15:00,-6.6300006,104,-10,-4.7900004,-4.423022,-14.927348,0.943113,True,-5.81,-2.2306979,-13.39243,2.9950178,True
2024-05-07 11:20:00,-6.52,104,-10,-4.82,-4.202499,-14.8945465,1.1823765,True,-6.27,-1.9103168,-13.295135,3.327541,True
2024-05-07 11:25:00,-4.77,104,-9,-4.6,-2.3996031,-13.674135,2.9721525,True,-6.48,-0.060230568,-12.07958,5.163915,True
2024-05-07 11:30:00,-4.86,104,-9,-4.73,-2.549456,-13.366034,2.4164903,True,-6.9,-0.26437983,-11.790435,4.5750747,True
2024-05-07 11:35:00,-5.5000005,104,-9,-4.85,-3.1089156,-13.503872,1.4951035,True,-7.2400002,-0.7467063,-11.8441515,3.7379606,True
2024-05-07 11:40:00,-5.8400006,104,-10,-5.14,-3.3329165,-13.647701,1.1646935,True,-7.93,-0.86450034,-11.899299,3.5115888,True
2024-05-07 11:45:00,-5.07,104,-9,-5.7400002,-2.6502783,-13.179483,1.9000317,True,-8.65,-0.26578173,-11.519246,4.174354,True
2024-05-07 11:50:00,-4.35,104,-9,-5.7500005,-1.9373688,-12.62915,2.5676973,True,-9.35,0.44009557,-10.993539,4.841701,True
2024-05-07 11:55:00,-4.2400002,104,-9,-6.0100007,-1.754517,-12.574292,2.7864416,True,-9.67,0.69179887,-10.903876,5.1266265,True
2024-05-07 12:00:00,-4.1700006,104,-9,-6.07,-1.6892418,-12.5981045,2.8750417,True,-9.58,0.75465935,-10.944027,5.216573,True
2024-05-07 12:05:00,-4.28,104,-9,-6.0800004,-1.7111152,-12.899445,3.1488588,True,-9.25,0.8155591,-11.214324,5.565397,True
2024-05-07 12:10:00,-4.2100005,104,-9,-5.9600005,-1.6764015,-12.84482,3.2656667,True,-8.41,0.81860894,-11.19629,5.661638,True
2024-05-07 12:15:00,-4.7900004,104,-9,-5.81,-2.2733119,-13.470171,2.8489358,True,-7.1,0.20827644,-11.842086,5.2360053,True
2024-05-07 12:20:00,-4.82,104,-10,-6.27,-2.2447207,-13.483721,2.8895872,True,-7.32,0.2915074,-11.820945,5.3325076,True
2024-05-07 12:25:00,-4.6,104,-10,-6.48,-1.9755577,-13.229674,3.0193727,True,-7.36,0.60733575,-11.5337715,5.5136275,True
2024-05-07 12:30:00,-4.73,104,-9,-6.9,-2.1375868,-13.388749,2.890375,True,-7.4600005,0.41608968,-11.720023,5.366058,True
2024-05-07 12:35:00,-4.85,104,-9,-7.2400002,-2.205372,-13.517624,2.898649,True,-7.31,0.39783826,-11.818305,5.4239326,True
2024-05-07 12:40:00,-5.14,104,-9,-7.93,-2.3941615,-13.558976,2.5417173,True,-7.02,0.30800596,-11.773648,5.1703696,True
2024-05-07 12:45:00,-5.7400002,104,-9,-8.65,-3.0216887,-13.805212,1.6870743,True,-7.15,-0.3393272,-12.001797,4.3143477,True
2024-05-07 12:50:00,-5.7500005,104,-9,-9.35,-3.0796645,-13.704386,1.487949,True,-6.86,-0.4395679,-11.925826,4.091554,True
2024-05-07 12:55:00,-6.0100007,104,-9,-9.67,-3.3203204,-13.82156,1.1120545,True,-7.15,-0.6606048,-12.01668,3.746637,True
2024-05-07 13:00:00,-6.07,104,-9,-9.58,-3.3415282,-13.761534,0.96263283,True,-7.4200006,-0.6411174,-11.921062,3.6486146,True
2024-05-07 13:05:00,-6.0800004,104,-9,-9.25,-3.3309863,-13.659093,0.83618706,True,-7.52,-0.60632735,-11.796274,3.560148,True
2024-05-07 13:10:00,-5.9600005,104,-8,-8.41,-3.181082,-13.514969,0.95028275,True,-7.8300004,-0.42393908,-11.6351595,3.7166994,True
2024-05-07 13:15:00,-5.81,104,-8,-7.1,-3.0256007,-13.346576,0.9833638,True,-7.69,-0.256615,-11.463656,3.7763784,True
2024-05-07 13:20:00,-6.27,104,-8,-7.32,-3.4346583,-13.734334,0.5513913,True,-7.5500016,-0.61341125,-11.81109,3.403324,True
2024-05-07 13:25:00,-6.48,104,-8,-7.36,-3.5907862,-14.038125,0.50982064,True,-7.3300004,-0.71715385,-12.092924,3.4180772,True
2024-05-07 13:30:00,-6.9,104,-9,-7.4600005,-3.8799756,-14.3310795,0.11930053,True,-7.35,-0.8778499,-12.272492,3.156553,True
2024-05-07 13:35:00,-7.2400002,104,-9,-7.31,-4.1590743,-14.539995,-0.2755607,True,-7.219999,-1.0904602,-12.422761,2.8428113,True
2024-05-07 13:40:00,-7.93,104,-10,-7.02,-4.8536553,-15.043351,-1.0834583,True,-7.35,-1.7801231,-12.902458,2.0597093,True
2024-05-07 13:45:00,-8.65,104,-10,-7.15,-5.584954,-15.593926,-1.9567474,True,-7.19,-2.5144904,-13.435046,1.2051655,True
2024-05-07 13:50:00,-9.35,104,-11,-6.86,-6.2900205,-16.114506,-2.8605692,True,-6.6200004,-3.2171519,-13.927326,0.32861677,True
2024-05-07 13:55:00,-9.67,104,-12,-7.15,-6.622268,-16.313984,-3.4136565,True,-6.48,-3.5535014,-14.106549,-0.20549615,True
2024-05-07 14:00:00,-9.58,104,-12,-7.4200006,-6.5372148,-16.210384,-3.4961855,True,-6.15,-3.4634345,-13.997042,-0.263285,True
2024-05-07 14:05:00,-9.25,104,-11,-7.52,-6.1777024,-15.9085245,-3.2530787,True,-6.22,-3.0645468,-13.677501,0.04003112,True
2024-05-07 14:10:00,-8.41,104,-10,-7.8300004,-5.3395505,-15.17949,-2.3743517,True,-6.1700006,-2.2180426,-12.97821,0.9497239,True
2024-05-07 14:15:00,-7.1,104,-8,-7.69,-4.034164,-14.022518,-1.1001934,True,-5.81,-0.90343696,-11.842111,2.2511175,True
2024-05-07 14:20:00,-7.32,104,-8,-7.5500016,-4.060801,-14.240335,-1.1382278,True,-6.0100007,-0.7354949,-11.910439,2.40855,True
2024-05-07 14:25:00,-7.36,104,-9,-7.3300004,-3.9250243,-14.227149,-1.0419887,True,-6.14,-0.41391024,-11.752016,2.6962678,True
2024-05-07 14:30:00,-7.4600005,104,-9,-7.35,-3.8448145,-14.238893,-1.0237907,True,-5.11,-0.14396317,-11.612032,2.9146001,True
2024-05-07 14:35:00,-7.31,104,-9,-7.219999,-3.532017,-14.049721,-0.763634,True,-4.93,0.3438584,-11.290652,3.357374,True
2024-05-07 14:40:00,-7.02,104,-9,-7.35,-3.063368,-13.901131,-0.16495354,True,-4.6600003,0.9980218,-11.036559,4.1353774,True
2024-05-07 14:45:00,-7.15,104,-10,-7.19,-3.0630858,-14.121128,-0.005930261,True,-4.3400006,1.1398884,-11.181566,4.437885,True
2024-05-07 14:50:00,-6.86,104,-9,-6.6200004,-2.799925,-14.004352,0.3730599,True,-4.61,1.3851143,-11.118045,4.807693,True
2024-05-07 14:55:00,-7.15,104,-9,-6.48,-3.2822192,-14.426541,0.04779403,True,-6.14,0.7201955,-11.700922,4.328014,True
2024-05-07 15:00:00,-7.4200006,104,-10,-6.15,-3.608948,-14.69812,-0.12003739,True,-7.0900006,0.34302106,-12.017503,4.130323,True
2024-05-07 15:05:00,-7.52,104,-10,-6.22,-3.7480376,-14.828034,-0.20593293,True,-6.7000003,0.17288367,-12.169662,4.0333304,True
2024-05-07 15:10:00,-7.8300004,104,-11,-6.1700006,-4.263456,-15.307129,-0.5863612,True,-5.7400002,-0.54338104,-12.80847,3.473276,True
2024-05-07 15:15:00,-7.69,104,-11,-5.81,-4.307797,-15.272182,-0.6441482,True,-5.6,-0.7612689,-12.915208,3.273136,True
2024-05-07 15:20:00,-7.5500016,104,-11,-6.0100007,-4.147652,-15.094347,-0.53487235,True,-4.5100007,-0.5643199,-12.710691,3.4335287,True
2024-05-07 15:25:00,-7.3300004,104,-11,-6.14,-3.8311646,-15.02063,-0.020134287,True,-4.61,-0.14512475,-12.595946,4.0501704,True
2024-05-07 15:30:00,-7.35,104,-11,-5.11,-3.9771073,-15.192847,-0.091799095,True,-3.6800005,-0.41088519,-12.879268,3.8747995,True
2024-05-07 15:35:00,-7.219999,104,-12,-4.93,-3.8761513,-15.210945,0.15910499,True,-2.6800005,-0.33313975,-12.9364,4.1096854,True
2024-05-07 15:40:00,-7.35,104,-12,-4.6600003,-4.0663466,-15.469943,0.14967506,True,-2.4699996,-0.57835037,-13.255531,4.0535045,True
2024-05-07 15:45:00,-7.19,104,-13,-4.3400006,-3.808841,-15.540988,0.5303609,True,-1.6299995,-0.2150348,-13.276295,4.522821,True
2024-05-07 15:50:00,-6.6200004,104,-13,-4.61,-3.13254,-15.2169075,1.3808056,True,-0.7799991,0.5731465,-12.91869,5.4729896,True
2024-05-07 15:55:00,-6.48,104,-12,-6.14,-2.9570868,-15.503721,1.8819977,True,-0.32000002,0.7774121,-13.246252,5.9858375,True
2024-05-07 16:00:00,-6.15,104,-13,-7.0900006,-2.6108763,-15.76331,2.6760442,True,-0.05999978,1.1259114,-13.590983,6.7609916,True
2024-05-07 16:05:00,-6.22,104,-13,-6.7000003,-2.6828616,-16.23776,2.9657342,True,0.17999999,1.0428883,-14.119858,7.0210853,True
2024-05-07 16:10:00,-6.1700006,104,-13,-5.7400002,-2.685385,-16.644886,3.258457,True,0.27000013,0.9794442,-14.618141,7.2424655,True
2024-05-07 16:15:00,-5.81,104,-14,-5.6,-2.3187258,-16.971466,4.0392013,True,0.50999993,1.3368946,-15.021085,7.9848514,True
2024-05-07 16:20:00,-6.0100007,104,-14,-4.5100007,-2.5253966,-17.400862,4.135946,True,0.42999998,1.1210228,-15.476375,8.065901,True
2024-05-07 16:25:00,-6.14,104,-15,-4.61,-2.6437457,-17.689901,4.2131705,True,0.6300027,1.014259,-15.760069,8.144022,True
2024-05-07 16:30:00,-5.11,104,-17,-3.6800005,-1.5801338,-16.704168,5.260883,True,0.9899995,2.1112955,-14.755085,9.222263,True
2024-05-07 16:35:00,-4.93,104,-16,-2.6800005,-1.4424137,-16.496235,5.384649,True,1.4400002,2.2108686,-14.556168,9.310486,True
2024-05-07 16:40:00,-4.6600003,104,-16,-2.4699996,-1.1975178,-16.267933,5.661884,True,0.69000024,2.4241788,-14.349187,9.558207,True
2024-05-07 16:45:00,-4.3400006,104,-16,-1.6299995,-0.8643554,-16.156267,6.185577,True,-0.1399997,2.7728574,-14.236309,10.086529,True
2024-05-07 16:50:00,-4.61,104,-16,-0.7799991,-1.1608108,-16.50916,6.0329127,True,-0.3500007,2.4572732,-14.5879545,9.908339,True
2024-05-07 16:55:00,-6.14,104,-17,-0.32000002,-2.924391,-17.921532,4.4403243,True,0.24999969,0.46242872,-16.104183,8.101662,True
2024-05-07 17:00:00,-7.0900006,104,-20,-0.05999978,-4.094175,-18.948917,3.4140089,True,-0.4900001,-0.933863,-17.26047,6.86058,True
2024-05-07 17:05:00,-6.7000003,104,-21,0.17999999,-3.77117,-19.024466,3.928911,True,-0.43000063,-0.6879466,-17.419127,7.2853484,True
2024-05-07 17:10:00,-5.7400002,104,-19,0.27000013,-2.4790194,-18.796076,5.5334353,True,0.27999845,0.93776864,-17.029676,9.1579075,True
2024-05-07 17:15:00,-5.6,104,-20,0.50999993,-2.1864035,-18.482567,5.734531,True,-3.1455318e-07,1.4006516,-16.584848,9.515066,True
2024-05-07 17:20:00,-4.5100007,104,-19,0.42999998,-0.73067313,-17.164082,6.9394183,True,0.1100003,3.2366083,-14.997153,11.0625515,True
2024-05-07 17:25:00,-4.61,104,-19,0.6300027,-0.67793876,-16.92318,6.8628745,True,-0.17000039,3.4631307,-14.59262,11.145098,True
2024-05-07 17:30:00,-3.6800005,104,-18,0.9899995,0.3403031,-15.840325,7.671022,True,-0.17000039,4.571176,-13.440498,12.039791,True
2024-05-07 17:35:00,-2.6800005,104,-17,1.4400002,1.3107983,-14.73743,8.384884,True,0.22999923,5.5110755,-12.349718,12.731155,True
2024-05-07 17:40:00,-2.4699996,104,-17,0.69000024,1.5290295,-14.432907,8.502321,True,-3.1455318e-07,5.739591,-12.010261,12.848461,True
2024-05-07 17:45:00,-1.6299995,104,-16,-0.1399997,2.576452,-13.332624,9.300095,True,0.19000022,6.9971576,-10.757106,13.841839,True
2024-05-07 17:50:00,-0.7799991,104,-15,-0.3500007,3.648544,-12.513651,10.294527,True,0.12000053,8.270025,-9.812104,15.007168,True
2024-05-07 17:55:00,-0.32000002,104,-15,0.24999969,4.396871,-12.2011,11.055552,True,0.13000076,9.285099,-9.342053,15.994392,True
2024-05-07 18:00:00,-0.05999978,104,-14,-0.4900001,4.747497,-12.129453,11.413063,True,-0.2700008,9.709814,-9.234217,16.403858,True
2024-05-07 18:05:00,0.17999999,104,-14,-0.43000063,4.93564,-12.732117,11.856564,True,-0.4200004,9.814867,-9.947754,16.728867,True
2024-05-07 18:10:00,0.27000013,104,-14,0.27999845,5.0035415,-13.275977,12.110109,True,-0.109999016,9.842028,-10.557119,16.91285,True
2024-05-07 18:15:00,0.50999993,104,-14,-3.1455318e-07,5.3668857,-12.769525,12.387966,True,-0.19999917,10.318409,-9.953227,17.29116,True
2024-05-07 18:20:00,0.42999998,104,-14,0.1100003,5.3622966,-12.39867,12.353416,True,-0.08000024,10.402046,-9.478948,17.342758,True
2024-05-07 18:25:00,0.6300027,104,-13,-0.17000039,5.504564,-12.377226,12.550564,True,-0.03999932,10.476774,-9.500881,17.459412,True
2024-05-07 18:30:00,0.9899995,104,-12,-0.17000039,5.6393085,-12.856224,12.991802,True,0.040000603,10.352299,-10.193788,17.627365,True
2024-05-07 18:35:00,1.4400002,104,-11,0.22999923,6.0396724,-13.836418,13.89777,True,0.55000085,10.650438,-11.322692,18.38387,True
2024-05-07 18:40:00,0.69000024,104,-11,-3.1455318e-07,5.154371,-14.8628435,13.278221,True,0.6700017,9.6412525,-12.424466,17.63234,True
2024-05-07 18:45:00,-0.1399997,104,-11,0.19000022,4.332269,-14.863261,12.433731,True,0.38000074,8.87018,-12.32086,16.843472,True
2024-05-07 18:50:00,-0.3500007,104,-12,0.12000053,4.0574183,-14.516878,12.137758,True,-0.4900001,8.534445,-11.968656,16.502644,True
2024-05-07 18:55:00,0.24999969,104,-11,0.13000076,4.596967,-15.1099825,13.135853,True,-0.4900001,8.961149,-12.688178,17.352974,True
2024-05-07 19:00:00,-0.4900001,104,-11,-0.2700008,3.8183324,-15.501922,12.397587,True,-0.74000007,8.177628,-13.032535,16.603779,True
2024-05-07 19:05:00,-0.43000063,104,-12,-0.4200004,3.8707101,-15.924214,12.66198,True,-1.1900009,8.209581,-13.481326,16.825603,True
2024-05-07 19:10:00,0.27999845,104,-11,-0.109999016,4.7003264,-15.882609,13.626205,True,-2.24,9.124905,-13.411664,17.831947,True
2024-05-07 19:15:00,-3.1455318e-07,104,-10,-0.19999917,4.463308,-15.17026,13.125473,True,-2.5800002,8.956078,-12.588599,17.40873,True
2024-05-07 19:20:00,0.1100003,104,-11,-0.08000024,4.637962,-14.350077,13.076458,True,-1.9300007,9.19277,-11.679454,17.424797,True
2024-05-07 19:25:00,-0.17000039,104,-10,-0.03999932,4.498075,-13.813174,12.708233,True,-1.9300007,9.194662,-10.989605,17.1992,True
2024-05-07 19:30:00,-0.17000039,104,-10,0.040000603,4.4699187,-13.423189,12.53149,True,-2.6299994,9.136059,-10.582158,16.998516,True
2024-05-07 19:35:00,0.22999923,104,-9,0.55000085,4.744493,-14.165612,13.077972,True,-2.5200007,9.241739,-11.486562,17.345879,True
2024-05-07 19:40:00,-3.1455318e-07,104,-8,0.6700017,4.3972487,-15.679629,13.155476,True,-1.9599994,8.754831,-13.141493,17.248798,True
2024-05-07 19:45:00,0.19000022,104,-8,0.38000074,4.478845,-16.181068,13.462425,True,-0.59000045,8.706429,-13.746273,17.40981,True
2024-05-07 19:50:00,0.12000053,104,-8,-0.4900001,4.221166,-17.045067,13.480968,True,-1.3899997,8.245264,-14.759303,17.218067,True
2024-05-07 19:55:00,0.13000076,104,-8,-0.4900001,4.2237124,-17.360437,13.593788,True,-2.1000006,8.229666,-15.086672,17.295094,True
2024-05-07 20:00:00,-0.2700008,104,-8,-0.74000007,3.6862524,-17.879765,13.132679,True,-2.57,7.560201,-15.675656,16.702477,True
2024-05-07 20:05:00,-0.4200004,104,-8,-1.1900009,3.3313158,-18.553362,12.993843,True,-2.5499995,6.9955306,-16.477682,16.353596,True
2024-05-07 20:10:00,-0.109999016,104,-7,-2.24,3.4781988,-18.105972,13.080227,True,-1.6199993,6.977123,-16.117508,16.285023,True
2024-05-07 20:15:00,-0.19999917,104,-7,-2.5800002,3.1476629,-17.179836,12.539528,True,-1.3600029,6.419946,-15.28697,15.553059,True
2024-05-07 20:20:00,-0.08000024,104,-7,-1.9300007,3.1784704,-16.468367,12.48875,True,-2.2999995,6.3636107,-14.596577,15.4235115,True
2024-05-07 20:25:00,-0.03999932,104,-6,-1.9300007,3.0550992,-16.412048,12.452805,True,-2.3799994,6.0714583,-14.636477,15.225605,True
2024-05-07 20:30:00,0.040000603,104,-6,-2.6299994,2.9220312,-16.373388,12.429775,True,-2.699999,5.7167754,-14.730621,14.993202,True
2024-05-07 20:35:00,0.55000085,104,-5,-2.5200007,3.4200284,-16.376087,13.09779,True,-2.6900008,6.176658,-14.765841,15.60825,True
2024-05-07 20:40:00,0.6700017,104,-4,-1.9599994,3.7097528,-16.10209,13.353897,True,-3.2999995,6.623796,-14.379333,15.996452,True
2024-05-07 20:45:00,0.38000074,104,-4,-0.59000045,3.334606,-16.10106,12.896763,True,-3.359999,6.1623874,-14.41017,15.456165,True
2024-05-07 20:50:00,-0.4900001,104,-5,-1.3899997,2.091108,-17.644543,11.91106,True,-3.2500002,4.5391574,-16.190893,14.109951,True
2024-05-07 20:55:00,-0.4900001,104,-5,-2.1000006,1.9109684,-18.647276,12.003117,True,-3.199999,4.160377,-17.331028,13.999752,True
2024-05-07 21:00:00,-0.74000007,104,-4,-2.57,2.0659559,-18.410538,12.027336,True,-3.07,4.718946,-16.813597,14.3782425,True
2024-05-07 21:05:00,-1.1900009,104,-5,-2.5499995,2.0626905,-17.575083,11.69195,True,-3.1399996,5.171106,-15.635228,14.457603,True
2024-05-07 21:10:00,-2.24,104,-5,-1.6199993,0.97190064,-18.346758,10.600275,True,-3.2899992,4.049356,-16.389627,13.331821,True
2024-05-07 21:15:00,-2.5800002,104,-5,-1.3600029,0.37836424,-18.599058,9.921564,True,-4.32,3.2071645,-16.784634,12.420746,True
2024-05-07 21:20:00,-1.9300007,104,-5,-2.2999995,0.80750436,-18.7803,10.443926,True,-4.65,3.3968847,-17.142195,12.703083,True
2024-05-07 21:25:00,-1.9300007,104,-4,-2.3799994,0.7188336,-19.27209,10.532873,True,-4.68,3.21022,-17.697617,12.685131,True
2024-05-07 21:30:00,-2.6299994,104,-5,-2.699999,-0.050039604,-19.398617,9.735794,True,-4.0500016,2.3836954,-17.829395,11.833193,True
2024-05-07 21:35:00,-2.5200007,104,-4,-2.6900008,0.11125152,-18.579414,9.731728,True,-3.9299996,2.596172,-16.950647,11.874628,True
2024-05-07 21:40:00,-1.9599994,104,-4,-3.2999995,0.7593476,-18.070541,10.361231,True,-3.5399992,3.3149698,-16.38993,12.55463,True
2024-05-07 21:45:00,-0.59000045,104,-2,-3.359999,2.4106061,-16.530296,11.845285,True,-3.5200007,5.216787,-14.686698,14.256756,True
2024-05-07 21:50:00,-1.3899997,104,-2,-3.2500002,1.7159325,-16.677727,11.034725,True,-4.02,4.6367126,-14.711851,13.551498,True
2024-05-07 21:55:00,-2.1000006,104,-2,-3.199999,1.2416683,-17.142822,10.574045,True,-3.7500002,4.397573,-14.98484,13.297169,True
2024-05-07 22:00:00,-2.57,104,-3,-3.07,0.7360017,-17.220778,9.973227,True,-2.07,3.8607728,-15.050418,12.666275,True
2024-05-07 22:05:00,-2.5499995,104,-3,-3.1399996,0.66677636,-17.367388,9.861437,True,-1.0200008,3.6971376,-15.251462,12.457855,True
2024-05-07 22:10:00,-1.6199993,104,-2,-3.2899992,1.5381638,-16.821775,10.662708,True,-0.62000114,4.4887176,-14.773081,13.1718025,True
2024-05-07 22:15:00,-1.3600029,104,0,-4.32,1.826141,-16.211039,10.714077,True,-0.109999016,4.7979236,-14.129778,13.239532,True
2024-05-07 22:20:00,-2.2999995,104,-1,-4.65,0.9629399,-16.339504,9.627037,True,-0.21999963,4.0247397,-14.144764,12.241987,True
2024-05-07 22:25:00,-2.3799994,104,-1,-4.68,0.96639794,-15.969076,9.367903,True,-0.3099998,4.107351,-13.691007,12.054331,True
2024-05-07 22:30:00,-2.699999,104,-2,-4.0500016,0.716232,-15.736983,8.87105,True,-0.010000544,3.9285123,-13.37304,11.624081,True
2024-05-07 22:35:00,-2.6900008,104,-2,-3.9299996,0.78644913,-15.440502,8.724991,True,0.4400002,4.0541816,-13.016845,11.525124,True
2024-05-07 22:40:00,-3.2999995,104,-2,-3.5399992,0.23814933,-15.63311,8.051985,True,0.7499978,3.5713384,-13.127104,10.9131565,True
2024-05-07 22:45:00,-3.359999,104,-3,-3.5200007,0.27083746,-15.562249,8.006241,True,0.9600007,3.6863897,-12.982857,10.936922,True
2024-05-07 22:50:00,-3.2500002,104,-3,-4.02,0.61227006,-15.31789,8.292065,True,1.0200001,4.2424083,-12.570962,11.4123745,True
2024-05-07 22:55:00,-3.199999,104,-3,-3.7500002,0.7262742,-15.068595,8.280823,True,1.2299992,4.4096236,-12.262157,11.446943,True
2024-05-07 23:00:00,-3.07,104,-3,-2.07,0.7478196,-14.807955,8.191259,True,1.4400002,4.317165,-12.073937,11.248774,True
2024-05-07 23:05:00,-3.1399996,104,-3,-1.0200008,0.9532506,-14.599095,8.247175,True,2.6100004,4.780561,-11.657539,11.542,True
2024-05-07 23:10:00,-3.2899992,104,-3,-0.62000114,1.0954701,-14.403959,8.189501,True,2.0799978,5.192041,-11.234396,11.733223,True
2024-05-07 23:15:00,-4.32,104,-4,-0.109999016,-0.0016539858,-15.199325,6.9834514,True,2.3199995,4.0462146,-12.01771,10.481022,True
2024-05-07 23:20:00,-4.65,104,-5,-0.21999963,-0.35856852,-15.651562,6.5101237,True,3.5400007,3.668123,-12.471705,9.974464,True
2024-05-07 23:25:00,-4.68,104,-5,-0.3099998,-0.24609216,-15.633974,6.5461497,True,5.1699977,3.9133413,-12.345885,10.123528,True
2024-05-07 23:30:00,-4.0500016,104,-4,-0.010000544,0.26713148,-14.939963,6.8511157,True,5.0499988,4.3036284,-11.747237,10.310806,True
2024-05-07 23:35:00,-3.9299996,104,-2,0.4400002,0.42612615,-14.510681,6.799049,True,5.0400004,4.495933,-11.269516,10.290955,True
2024-05-07 23:40:00,-3.5399992,104,-4,0.7499978,0.78035325,-13.944192,6.965631,True,5.889999,4.8071074,-10.722871,10.417318,True
2024-05-07 23:45:00,-3.5200007,104,-4,0.9600007,0.72205895,-13.889679,6.7928348,True,6.2900004,4.67345,-10.717148,10.173498,True
2024-05-07 23:50:00,-4.02,104,-5,1.0200001,0.12865989,-14.522174,6.169128,True,6.4999976,4.000568,-11.39303,9.465233,True
2024-05-07 23:55:00,-3.7500002,104,-5,1.2299992,0.2155587,-14.531092,6.2715755,True,6.4099994,3.904825,-11.550753,9.386375,True
2024-05-08 00:00:00,-2.07,104,-4,1.4400002,1.8310448,-13.316663,7.875726,True,6.729999,5.416616,-10.463781,10.881744,True
2024-05-08 00:05:00,-1.0200008,104,-3,2.6100004,2.655155,-12.637923,8.698442,True,6.6699996,5.9993415,-9.988062,11.469093,True
2024-05-08 00:10:00,-0.62000114,104,-3,2.0799978,3.0695455,-12.424392,9.123138,True,6.43,6.411224,-9.779724,11.885002,True
2024-05-08 00:15:00,-0.109999016,104,-3,2.3199995,3.3703191,-12.117565,9.397818,True,6.0400004,6.4971595,-9.632758,11.957758,True
2024-05-08 00:20:00,-0.21999963,104,-4,3.5400007,3.6278036,-12.054145,9.652164,True,6.11,7.0848613,-9.311528,12.516548,True
2024-05-08 00:25:00,-0.3099998,104,-5,5.1699977,3.6603467,-12.250125,9.680248,True,5.77,7.221956,-9.423292,12.635696,True
2024-05-08 00:30:00,-0.010000544,104,-5,5.0499988,4.0748973,-12.423084,10.233795,True,5.7100005,7.725696,-9.544361,13.256775,True
2024-05-08 00:35:00,0.4400002,104,-5,5.0400004,4.1348815,-12.188307,10.226133,True,5.2100005,7.420017,-9.577922,12.907272,True
2024-05-08 00:40:00,0.7499978,104,-6,5.889999,4.069074,-11.7171335,9.968403,True,3.9999998,7.003515,-9.350952,12.328617,True
2024-05-08 00:45:00,0.9600007,104,-6,6.2900004,4.2629485,-11.191969,10.016216,True,3.640003,7.172071,-8.830592,12.353626,True
2024-05-08 00:50:00,1.0200001,104,-6,6.4999976,4.243051,-10.992176,9.886536,True,3.2900026,7.074857,-8.677271,12.152891,True
2024-05-08 00:55:00,1.2299992,104,-6,6.4099994,4.5062957,-10.712125,10.093044,True,2.1200006,7.3780246,-8.36396,12.395882,True
2024-05-08 01:00:00,1.4400002,104,-7,6.729999,4.7022853,-10.701613,10.321293,True,1.4099995,7.54684,-8.377825,12.595161,True
2024-05-08 01:05:00,2.6100004,104,-5,6.6699996,5.912376,-9.878084,11.535545,True,0.9199998,8.7572,-7.576401,13.806942,True
2024-05-08 01:10:00,2.0799978,104,-7,6.43,5.4628596,-10.233499,11.180651,True,0.6100003,8.384552,-7.858911,13.522285,True
2024-05-08 01:15:00,2.3199995,104,-7,6.0400004,5.577333,-10.04183,11.271198,True,0.10000007,8.375032,-7.7494273,13.493862,True
2024-05-08 01:20:00,3.5400007,104,-6,6.11,6.6713157,-9.312704,12.348347,True,-0.7899993,9.325623,-7.143677,14.434456,True
2024-05-08 01:25:00,5.1699977,104,-4,5.77,8.167095,-7.9859977,13.73127,True,-1.6900009,10.6655445,-5.9485135,15.673912,True
2024-05-08 01:30:00,5.0499988,104,-5,5.7100005,8.057535,-7.846885,13.565258,True,-2.3500006,10.565964,-5.7863803,15.52055,True
2024-05-08 01:35:00,5.0400004,104,-5,5.2100005,7.5446067,-7.92254,12.946762,True,-2.9300005,9.610823,-6.16392,14.490673,True
2024-05-08 01:40:00,5.889999,104,-5,3.9999998,7.9626937,-8.04347,13.464176,True,-2.9599993,9.629873,-6.5744023,14.628181,True
2024-05-08 01:45:00,6.2900004,104,-5,3.640003,7.88289,-8.326144,13.4067955,True,-3.2500002,9.116285,-7.1539664,14.158581,True
2024-05-08 01:50:00,6.4999976,104,-4,3.2900026,7.9273887,-7.6424317,13.203747,True,-4.4500003,9.014925,-6.570645,13.822552,True
2024-05-08 01:55:00,6.4099994,104,-5,2.1200006,7.720794,-7.201999,12.814323,True,-5.3700004,8.709818,-6.195192,13.343784,True
2024-05-08 02:00:00,6.729999,104,-5,1.4099995,8.230192,-7.3552346,13.259155,True,-3.7599995,9.382887,-6.2258296,13.940281,True
2024-05-08 02:05:00,6.6699996,104,-5,0.9199998,8.336876,-7.576265,13.430515,True,-3.8099997,9.637878,-6.3314786,14.243664,True
2024-05-08 02:10:00,6.43,104,-5,0.6100003,8.102617,-7.5915627,13.180855,True,-4.070001,9.413641,-6.3323236,14.004234,True
2024-05-08 02:15:00,6.0400004,104,-6,0.10000007,7.8124747,-7.76098,12.865612,True,-4.68,9.222099,-6.424812,13.785847,True
2024-05-08 02:20:00,6.11,104,-6,-0.7899993,7.901418,-7.7831626,12.974693,True,-4.7500005,9.328119,-6.4288726,13.911472,True
2024-05-08 02:25:00,5.77,104,-6,-1.6900009,7.570232,-8.301314,12.701263,True,-5.19,9.008253,-6.926039,13.6442795,True
2024-05-08 02:30:00,5.7100005,104,-6,-2.3500006,7.378574,-8.286345,12.531055,True,-5.5400004,8.701889,-6.9859967,13.370693,True
2024-05-08 02:35:00,5.2100005,104,-5,-2.9300005,6.8492293,-8.649074,12.075489,True,-5.35,8.153233,-7.354098,12.899105,True
2024-05-08 02:40:00,3.9999998,104,-6,-2.9599993,5.4395347,-10.122272,11.036093,True,-5.8400006,6.5790954,-8.922222,11.702675,True
2024-05-08 02:45:00,3.640003,104,-6,-3.2500002,4.4364524,-12.408401,10.82679,True,-5.8699994,5.000213,-11.5872555,10.9671955,True
2024-05-08 02:50:00,3.2900026,104,-6,-4.4500003,3.706453,-14.8497925,10.935381,True,-5.4600005,3.9258478,-14.218054,10.770168,True
2024-05-08 02:55:00,2.1200006,104,-6,-5.3700004,2.0839326,-16.913172,9.941093,True,-5.57,1.8934647,-16.530815,9.415396,True
2024-05-08 03:00:00,1.4099995,104,-7,-3.7599995,1.1540085,-17.799742,9.214346,True,-5.53,0.7637002,-17.535162,8.512142,True
2024-05-08 03:05:00,0.9199998,104,-7,-3.8099997,0.40634504,-17.466425,8.309952,True,-5.1200004,-0.21479829,-17.381218,7.402168,True
2024-05-08 03:10:00,0.6100003,104,-7,-4.070001,-0.05487664,-17.46772,7.891538,True,-4.64,-0.8105338,-17.481012,6.8612,True
2024-05-08 03:15:00,0.10000007,104,-7,-4.68,-0.83711654,-17.41239,7.033727,True,-4.109999,-1.8389877,-17.613419,5.778854,True
2024-05-08 03:20:00,-0.7899993,104,-7,-4.7500005,-1.9659313,-17.459618,5.805515,True,-3.8300002,-3.1789954,-17.836035,4.351846,True
2024-05-08 03:25:00,-1.6900009,104,-8,-5.19,-2.9696505,-18.170332,4.8931613,True,-4.0400004,-4.270883,-18.621525,3.3688905,True
2024-05-08 03:30:00,-2.3500006,104,-7,-5.5400004,-3.8523734,-18.366549,3.948652,True,-4.109999,-5.35047,-18.981035,2.2478158,True
2024-05-08 03:35:00,-2.9300005,104,-7,-5.35,-4.490256,-18.400682,3.2474058,True,-4.2000003,-6.02397,-19.06549,1.5127198,True
2024-05-08 03:40:00,-2.9599993,104,-7,-5.8400006,-4.313968,-18.077408,3.3737695,True,-4.0100007,-5.6389174,-18.59447,1.8314911,True
2024-05-08 03:45:00,-3.2500002,104,-7,-5.8699994,-4.324023,-17.982384,3.2261312,True,-3.3300002,-5.374702,-18.304115,1.9369065,True
2024-05-08 03:50:00,-4.4500003,104,-7,-5.4600005,-5.11529,-18.304747,2.2771966,True,-3.4200003,-5.769378,-18.351309,1.3504177,True
2024-05-08 03:55:00,-5.3700004,104,-7,-5.57,-5.6038423,-18.416994,1.5034195,True,-3.4400008,-5.8497624,-18.171099,0.95082253,True
2024-05-08 04:00:00,-3.7599995,104,-6,-5.53,-3.6071932,-16.62217,3.109184,True,-3.359999,-3.503342,-16.114,2.883705,True
2024-05-08 04:05:00,-3.8099997,104,-4,-5.1200004,-3.121092,-15.907729,3.1811903,True,-3.0800002,-2.530514,-15.034184,3.39978,True
2024-05-08 04:10:00,-4.070001,104,-4,-4.64,-2.8729098,-15.520265,3.053724,True,-3.8099997,-1.8237861,-14.296273,3.6951883,True
2024-05-08 04:15:00,-4.68,104,-4,-4.109999,-3.126938,-15.745605,2.532293,True,-4.2000003,-1.7533001,-14.264536,3.4736211,True
2024-05-08 04:20:00,-4.7500005,104,-5,-3.8300002,-2.966406,-15.70964,2.4375398,True,-5.1600003,-1.3820804,-14.0658655,3.5764844,True
2024-05-08 04:25:00,-5.19,104,-5,-4.0400004,-3.2621195,-15.827896,1.8924156,True,-5.0800004,-1.5405124,-14.074319,3.1590478,True
2024-05-08 04:30:00,-5.5400004,104,-6,-4.109999,-3.418835,-15.720319,1.3904911,True,-4.0400004,-1.5160736,-13.816579,2.8238714,True
2024-05-08 04:35:00,-5.35,104,-6,-4.2000003,-3.1034224,-15.189434,1.381908,True,-4.65,-1.0860409,-13.198214,2.925619,True
2024-05-08 04:40:00,-5.8400006,104,-6,-4.0100007,-3.5267127,-15.337063,0.7686078,True,-4.72,-1.4397854,-13.288609,2.3833444,True
2024-05-08 04:45:00,-5.8699994,104,-6,-3.3300002,-3.4554617,-15.404339,0.7669198,True,-4.1200004,-1.270367,-13.272097,2.4719732,True
2024-05-08 04:50:00,-5.4600005,104,-5,-3.4200003,-3.2074912,-15.421411,1.2732979,True,-3.3699992,-1.1670631,-13.4091,2.8404348,True
2024-05-08 04:55:00,-5.57,104,-5,-3.4400008,-3.8118327,-15.972197,1.061813,True,-3.49,-2.210356,-14.311423,2.226467,True
2024-05-08 05:00:00,-5.53,104,-5,-3.359999,-4.2731805,-16.450333,0.9843938,True,-3.6199992,-3.1159327,-15.13962,1.7437702,True
2024-05-08 05:05:00,-5.1200004,104,-4,-3.0800002,-4.112305,-16.422462,1.2547432,True,-3.5599997,-3.1745646,-15.284472,1.8196484,True
2024-05-08 05:10:00,-4.64,104,-3,-3.8099997,-3.789819,-16.035286,1.5870243,True,-3.1900008,-2.9909976,-15.003939,2.0264528,True
2024-05-08 05:15:00,-4.109999,104,-1,-4.2000003,-3.3045561,-15.456263,2.0042589,True,-2.3300002,-2.5435889,-14.45838,2.4134328,True
2024-05-08 05:20:00,-3.8300002,104,-1,-5.1600003,-2.9821951,-15.020392,2.289749,True,-2.2899992,-2.179972,-13.995806,2.7408178,True
2024-05-08 05:25:00,-4.0400004,104,-2,-5.0800004,-3.0178854,-14.9418125,2.297098,True,-2.3799994,-2.0540621,-13.7928705,2.8974378,True
2024-05-08 05:30:00,-4.109999,104,-3,-4.0400004,-2.921532,-14.837445,2.4424398,True,-2.279999,-1.8054699,-13.577851,3.189449,True
2024-05-08 05:35:00,-4.2000003,104,-3,-4.65,-2.8614771,-14.898376,2.5489957,True,-2.199999,-1.6070141,-13.531741,3.4258783,True
2024-05-08 05:40:00,-4.0100007,104,-3,-4.72,-2.6764185,-14.6046505,2.725067,True,-2.3799994,-1.4233459,-13.241404,3.6030538,True
2024-05-08 05:45:00,-3.3300002,104,-1,-4.1200004,-1.9418548,-13.852832,3.2816389,True,-0.8300002,-0.6407359,-12.459054,4.2088885,True
2024-05-08 05:50:00,-3.4200003,104,-2,-3.3699992,-1.9608101,-13.785413,3.1516817,True,-0.9699996,-0.59244186,-12.344388,4.1453605,True
2024-05-08 05:55:00,-3.4400008,104,-2,-3.49,-1.8305267,-13.521305,3.1283777,True,-0.4200004,-0.3255466,-11.979888,4.251552,True
2024-05-08 06:00:00,-3.359999,104,-2,-3.6199992,-1.5007461,-13.159021,3.2285154,True,-0.55999976,0.2273194,-11.448396,4.560579,True
2024-05-08 06:05:00,-3.0800002,104,-1,-3.5599997,-1.041655,-12.690304,3.4743288,True,-1.15,0.84568757,-10.8585615,4.955322,True
2024-05-08 06:10:00,-3.8099997,104,-2,-3.1900008,-1.5126632,-13.012406,2.9469526,True,-1.1600002,0.6100251,-10.999608,4.649839,True
2024-05-08 06:15:00,-4.2000003,104,-4,-2.3300002,-1.9085869,-13.152411,2.4379575,True,-1.2500004,0.21848075,-11.133618,4.147098,True
2024-05-08 06:20:00,-5.1600003,104,-5,-2.2899992,-2.7727778,-13.725503,1.4704052,True,-1.1900009,-0.5499614,-11.625472,3.2707174,True
2024-05-08 06:25:00,-5.0800004,104,-5,-2.3799994,-2.6799586,-13.474841,1.382547,True,-0.6399997,-0.4418243,-11.368084,3.2033994,True
2024-05-08 06:30:00,-4.0400004,104,-2,-2.279999,-1.6267685,-12.499764,2.213495,True,0.49999967,0.6189591,-10.401192,4.0488257,True
2024-05-08 06:35:00,-4.65,104,-4,-2.199999,-2.033787,-12.759389,1.6500622,True,1.0400006,0.39963117,-10.506595,3.660713,True
2024-05-08 06:40:00,-4.72,104,-5,-2.3799994,-1.9293846,-12.636801,1.5962788,True,1.3800007,0.66059846,-10.264799,3.7592618,True
2024-05-08 06:45:00,-4.1200004,104,-4,-0.8300002,-1.2460407,-11.957758,2.0825288,True,1.3999993,1.416864,-9.534433,4.319328,True
2024-05-08 06:50:00,-3.3699992,104,-2,-0.9699996,-0.1304725,-11.1377125,3.020191,True,1.2800003,2.8431623,-8.480491,5.5524955,True
2024-05-08 06:55:00,-3.49,104,-1,-0.4200004,-0.012420969,-11.413495,3.3183553,True,1.7200009,3.1686647,-8.600126,6.0378013,True
2024-05-08 07:00:00,-3.6199992,104,-2,-0.55999976,-0.5809348,-12.144206,3.0751283,True,1.8600003,2.2377088,-9.623214,5.4507327,True
2024-05-08 07:05:00,-3.5599997,104,-3,-1.15,-0.7067378,-12.248557,2.8820646,True,1.6099983,1.961496,-9.850937,5.121492,True
2024-05-08 07:10:00,-3.1900008,104,-3,-1.1600002,-0.27886614,-11.797864,3.1213472,True,1.5500008,2.4442384,-9.3636875,5.4177547,True
2024-05-08 07:15:00,-2.3300002,104,-2,-1.2500004,0.6753079,-11.049042,4.0794425,True,1.85,3.473829,-8.5760355,6.450649,True
2024-05-08 07:20:00,-2.2899992,104,-2,-1.1900009,0.65999573,-10.818388,4.0408053,True,1.6599995,3.4150198,-8.384667,6.380588,True
2024-05-08 07:25:00,-2.3799994,104,-3,-0.6399997,0.6415288,-10.553826,3.996639,True,1.8299996,3.4599035,-8.072846,6.4049373,True
2024-05-08 07:30:00,-2.279999,104,-3,0.49999967,0.60489243,-10.443747,4.102899,True,2.2399995,3.3058736,-8.061557,6.406482,True
2024-05-08 07:35:00,-2.199999,104,-3,1.0400006,0.6214196,-10.947326,4.777721,True,2.0799978,3.267244,-8.631543,7.022247,True
2024-05-08 07:40:00,-2.3799994,104,-3,1.3800007,-0.0152190495,-11.109013,4.2652545,True,1.8399998,2.2464063,-9.093355,6.164211,True
2024-05-08 07:45:00,-0.8300002,104,1,1.3999993,1.2842976,-9.925337,5.629522,True,1.7100006,3.3143613,-8.111712,7.3277946,True
2024-05-08 07:50:00,-0.9699996,104,0,1.2800003,0.85497826,-10.079891,5.307924,True,1.8999993,2.6389215,-8.461418,6.786592,True
2024-05-08 07:55:00,-0.4200004,104,1,1.7200009,1.4240395,-9.596666,5.868913,True,2.220001,3.220287,-7.9800305,7.3647685,True
2024-05-08 08:00:00,-0.55999976,104,1,1.8600003,1.4936577,-10.011533,6.2513747,True,2.220001,3.4723527,-8.266687,7.9123626,True
2024-05-08 08:05:00,-1.15,104,0,1.6099983,1.0507141,-10.259685,5.576738,True,2.2399995,3.1698854,-8.416133,7.373998,True
2024-05-08 08:10:00,-1.1600002,104,-1,1.5500008,1.3535973,-9.776936,5.4214263,True,2.5699995,3.746374,-7.724959,7.4787707,True
2024-05-08 08:15:00,-1.2500004,104,-3,1.85,1.4341561,-9.436822,5.040405,True,3.050001,3.9719846,-7.273129,7.243793,True
2024-05-08 08:20:00,-1.1900009,104,-3,1.6599995,1.8955113,-9.135068,5.1629996,True,4.719999,4.7747855,-6.7066674,7.6875567,True
2024-05-08 08:25:00,-0.6399997,104,-3,1.8299996,2.6046617,-9.080458,6.0610614,True,5.3000007,5.618934,-6.5791183,8.703775,True
2024-05-08 08:30:00,0.49999967,104,-3,2.2399995,3.7841928,-8.522124,7.430591,True,5.1300006,6.820579,-6.0455832,10.094116,True
2024-05-08 08:35:00,1.0400006,104,-3,2.0799978,4.1692977,-8.361336,7.9533057,True,4.7000003,7.075729,-6.0059075,10.499552,True
2024-05-08 08:40:00,1.3800007,104,-4,1.8399998,4.1531177,-8.37968,8.0885105,True,3.7100008,6.7593837,-6.2667747,10.364656,True
2024-05-08 08:45:00,1.3999993,104,-4,1.7100006,3.9310434,-8.486248,8.013571,True,3.18,6.3330054,-6.5344224,10.10615,True
2024-05-08 08:50:00,1.2800003,104,-4,1.8999993,3.4925992,-8.669858,7.738563,True,2.68,5.6269717,-6.925116,9.592442,True
2024-05-08 08:55:00,1.7200009,104,-4,2.220001,3.778404,-8.910717,8.538887,True,2.6499994,5.7801757,-7.287935,10.269066,True
2024-05-08 09:00:00,1.8600003,104,-3,2.220001,3.7040136,-8.922662,8.709414,True,2.1699998,5.520242,-7.4483085,10.276682,True
2024-05-08 09:05:00,1.6099983,104,-4,2.2399995,3.3614976,-8.767554,8.290281,True,2.18,5.098167,-7.355,9.793692,True
2024-05-08 09:10:00,1.5500008,104,-4,2.5699995,3.2774866,-8.820643,8.441069,True,2.4799993,4.989637,-7.4398036,9.926331,True
2024-05-08 09:15:00,1.85,104,-4,3.050001,3.4181478,-8.597124,8.669888,True,2.2499998,4.991014,-7.3294816,10.035759,True
2024-05-08 09:20:00,1.6599995,104,-4,4.719999,3.260904,-8.598348,8.615782,True,2.1499994,4.8597217,-7.3220515,10.011045,True
2024-05-08 09:25:00,1.8299996,104,-4,5.3000007,3.353317,-8.717795,8.914339,True,1.9400002,4.8828845,-7.508593,10.250099,True
2024-05-08 09:30:00,2.2399995,104,-2,5.1300006,3.8890035,-8.749835,9.759226,True,1.7200009,5.523586,-7.4855027,11.1894455,True
2024-05-08 09:35:00,2.0799978,104,-4,4.7000003,3.7571828,-8.6226425,9.488167,True,1.85,5.4161296,-7.3475804,10.946642,True
2024-05-08 09:40:00,1.8399998,104,-3,3.7100008,3.292217,-8.581283,8.767,True,2.0599992,4.764486,-7.44379,10.068085,True
2024-05-08 09:45:00,1.7100006,104,-4,3.18,3.0770433,-8.213293,8.231049,True,1.8800007,4.471002,-7.1345477,9.472052,True
2024-05-08 09:50:00,1.8999993,104,-3,2.68,3.1523397,-7.759051,7.88376,True,1.8199993,4.444698,-6.759251,9.042728,True
2024-05-08 09:55:00,2.220001,104,-3,2.6499994,3.7132928,-7.095655,8.087896,True,2.0000017,5.2090926,-5.950229,9.442265,True
2024-05-08 10:00:00,2.220001,104,-4,2.1699998,3.741556,-6.848683,7.8361335,True,2.9799974,5.2629313,-5.6870866,9.224379,True
2024-05-08 10:05:00,2.2399995,104,-5,2.18,3.903547,-6.551477,7.6835246,True,2.76,5.5492644,-5.298203,9.197773,True
2024-05-08 10:10:00,2.5699995,104,-5,2.4799993,4.401975,-5.954064,7.771066,True,2.4500005,6.1921954,-4.5913806,9.433165,True
2024-05-08 10:15:00,3.050001,104,-6,2.2499998,5.123924,-5.1726336,7.987928,True,2.1699998,7.118362,-3.6514723,9.85704,True
2024-05-08 10:20:00,4.719999,104,-5,2.1499994,6.9810405,-3.4495203,9.247395,True,2.390003,9.122353,-1.8202118,11.279196,True
2024-05-08 10:25:00,5.3000007,104,-5,1.9400002,7.912084,-2.578623,9.672012,True,2.3099992,10.341547,-0.72216254,11.998592,True
2024-05-08 10:30:00,5.1300006,104,-4,1.7200009,8.108896,-2.5173476,9.580767,True,2.1599996,10.844019,-0.41788134,12.208765,True
2024-05-08 10:35:00,4.7000003,104,-3,1.85,8.097219,-2.8296072,9.4265785,True,1.6499974,11.189398,-0.46131548,12.395519,True
2024-05-08 10:40:00,3.7100008,104,-3,2.0599992,7.4949317,-3.674391,8.987055,True,1.6099983,10.924459,-1.0534481,12.264734,True
2024-05-08 10:45:00,3.18,104,-2,1.8800007,7.0205913,-4.1486697,8.615353,True,1.7900006,10.513699,-1.4814247,11.951239,True
2024-05-08 10:50:00,2.68,104,-2,1.8199993,6.4155726,-4.5142417,8.005699,True,2.3800008,9.835218,-1.8908085,11.279196,True
2024-05-08 10:55:00,2.6499994,104,-2,2.0000017,6.3632865,-4.60799,8.091795,True,1.85,9.769798,-2.0094244,11.355108,True
2024-05-08 11:00:00,2.1699998,104,-2,2.9799974,5.8090434,-5.0482335,7.6462207,True,1.5200001,9.165215,-2.4900305,10.863632,True
2024-05-08 11:05:00,2.18,104,-2,2.76,5.694389,-4.9464602,7.5070834,True,1.2900006,8.950455,-2.4636729,10.641893,True
2024-05-08 11:10:00,2.4799993,104,-1,2.4500005,5.847263,-4.9828362,8.056591,True,1.7200009,8.976429,-2.6385539,11.066511,True
2024-05-08 11:15:00,2.2499998,104,0,2.1699998,5.530288,-5.4766717,8.198805,True,1.6099983,8.591511,-3.216717,11.134981,True
2024-05-08 11:20:00,2.1499994,104,0,2.390003,5.2566104,-5.829,8.343023,True,2.140001,8.167955,-3.7116969,11.132507,True
2024-05-08 11:25:00,1.9400002,104,-1,2.3099992,4.986984,-6.2838607,8.440527,True,2.3800008,7.852718,-4.2324605,11.181927,True
2024-05-08 11:30:00,1.7200009,104,-1,2.1599996,4.744409,-6.5755935,8.417341,True,2.2299993,7.59559,-4.550361,11.145226,True
2024-05-08 11:35:00,1.85,104,-1,1.6499974,4.7174315,-6.603087,8.524439,True,2.0699995,7.431026,-4.6949115,11.128225,True
2024-05-08 11:40:00,2.0599992,104,-1,1.6099983,4.7762046,-6.490539,8.614767,True,2.1900003,7.357866,-4.690903,11.104279,True
2024-05-08 11:45:00,1.8800007,104,-1,1.7900006,4.57579,-6.3854604,8.229919,True,2.2700002,7.1479487,-4.578213,10.726612,True
2024-05-08 11:50:00,1.8199993,104,-1,2.3800008,4.434152,-6.1966567,7.7949634,True,1.7800003,6.941108,-4.4229608,10.248377,True
2024-05-08 11:55:00,2.0000017,104,-1,1.85,4.47187,-6.03795,7.8549457,True,1.9700009,6.8482947,-4.365272,10.195438,True
2024-05-08 12:00:00,2.9799974,104,1,1.5200001,5.535957,-5.23004,8.857555,True,1.7100006,7.9773917,-3.528412,11.267784,True
2024-05-08 12:05:00,2.76,104,1,1.2900006,5.281547,-5.4452004,8.581219,True,1.4199997,7.6956363,-3.7663243,10.970188,True
2024-05-08 12:10:00,2.4500005,104,-1,1.7200009,4.908033,-5.639313,8.006081,True,1.9099995,7.2716804,-3.986767,10.358276,True
2024-05-08 12:15:00,2.1699998,104,-2,1.6099983,4.817348,-5.825273,7.9079814,True,0.83999985,7.3495593,-4.0437627,10.423937,True
2024-05-08 12:20:00,2.390003,104,-1,2.140001,5.1603217,-5.651378,8.2097,True,1.4600006,7.80339,-3.7986357,10.839548,True
2024-05-08 12:25:00,2.3099992,104,-2,2.3800008,5.3609138,-5.5553,8.275078,True,1.1300007,8.254999,-3.5046446,11.152153,True
2024-05-08 12:30:00,2.1599996,104,-2,2.2299993,5.4530826,-5.3865695,8.058592,True,0.8199994,8.568621,-3.1416419,11.16291,True
2024-05-08 12:35:00,1.6499974,104,-2,2.0699995,5.1831985,-5.503447,7.47455,True,1.0200001,8.528904,-3.0478404,10.817465,True
2024-05-08 12:40:00,1.6099983,104,-3,2.1900003,5.2519145,-5.293427,7.173494,True,0.6300027,8.7034,-2.72567,10.638248,True
2024-05-08 12:45:00,1.7900006,104,-2,2.2700002,5.4203715,-5.18241,7.304563,True,0.059999153,8.86891,-2.6311572,10.776913,True
2024-05-08 12:50:00,2.3800008,104,-2,1.7800003,5.9541965,-4.954263,8.037199,True,-1.0399994,9.351782,-2.4959605,11.460718,True
2024-05-08 12:55:00,1.85,104,-2,1.9700009,5.411428,-5.5142226,7.705753,True,-1.8099998,8.807489,-3.066315,11.127962,True
2024-05-08 13:00:00,1.5200001,104,-2,1.7100006,5.03857,-5.772101,7.444446,True,-2.5900004,8.403679,-3.3448355,10.846462,True
2024-05-08 13:05:00,1.2900006,104,-2,1.4199997,4.7824035,-6.0677905,7.3981757,True,-2.3999999,8.130798,-3.6718752,10.788071,True
2024-05-08 13:10:00,1.7200009,104,-2,1.9099995,5.129659,-5.9183927,7.9640574,True,-1.4300007,8.40369,-3.6215746,11.28735,True
2024-05-08 13:15:00,1.6099983,104,-2,0.83999985,4.9459224,-5.977901,7.740928,True,-0.5100005,8.165941,-3.721823,11.027765,True
2024-05-08 13:20:00,2.140001,104,-2,1.4600006,5.3815,-5.5802064,8.186047,True,-0.66000015,8.521467,-3.408417,11.411716,True
2024-05-08 13:25:00,2.3800008,104,-1,1.1300007,5.626661,-5.39708,8.443476,True,-1.4300007,8.774059,-3.2333071,11.687672,True
2024-05-08 13:30:00,2.2299993,104,-1,0.8199994,5.413835,-5.392879,8.069784,True,-1.610001,8.526672,-3.246178,11.306158,True
2024-05-08 13:35:00,2.0699995,104,-1,1.0200001,5.291801,-5.44192,7.9228396,True,-2.1299994,8.451164,-3.2582877,11.221195,True
2024-05-08 13:40:00,2.1900003,104,-1,0.6300027,5.514278,-5.3582616,8.158136,True,-2.529999,8.771795,-3.1169798,11.563314,True
2024-05-08 13:45:00,2.2700002,104,-1,0.059999153,5.7007003,-5.277847,8.355349,True,-2.5200007,9.0626545,-2.9724734,11.872461,True
2024-05-08 13:50:00,1.7800003,104,-1,-1.0399994,5.23644,-5.710565,7.9582095,True,-2.57,8.633049,-3.3763926,11.520706,True
2024-05-08 13:55:00,1.9700009,104,-1,-1.8099998,5.479831,-5.499287,8.111502,True,-2.4799998,8.940426,-3.1283782,11.7570305,True
2024-05-08 14:00:00,1.7100006,104,-1,-2.5900004,5.3388915,-5.514343,7.7313666,True,-2.3699992,8.933392,-3.0221827,11.529778,True
2024-05-08 14:05:00,1.4199997,104,-2,-2.3999999,5.1026073,-5.5934043,7.320232,True,-2.1399996,8.764994,-3.0294707,11.213903,True
2024-05-08 14:10:00,1.9099995,104,-2,-1.4300007,5.5564895,-5.116587,7.5970244,True,-1.8799995,9.187586,-2.5769408,11.487091,True
2024-05-08 14:15:00,0.83999985,104,-3,-0.5100005,4.563213,-6.0060487,6.5747924,True,-1.6299995,8.277498,-3.3637526,10.563295,True
2024-05-08 14:20:00,1.4600006,104,-3,-0.66000015,5.2764792,-5.5142846,7.316074,True,-1.1800007,9.074902,-2.8356535,11.400213,True
2024-05-08 14:25:00,1.1300007,104,-4,-1.4300007,5.279659,-5.7055936,7.34415,True,-0.91000015,9.395142,-2.785662,11.746094,True
2024-05-08 14:30:00,0.8199994,104,-5,-1.610001,5.0857024,-5.8359733,7.03618,True,-0.9699996,9.325348,-2.7895892,11.582762,True
2024-05-08 14:35:00,1.0200001,104,-4,-2.1299994,5.2169185,-5.5025306,6.900945,True,-1.1600002,9.409952,-2.4596503,11.440891,True
2024-05-08 14:40:00,0.6300027,104,-5,-2.529999,4.843414,-5.7005563,6.3183055,True,-1.4100002,9.0704155,-2.5804713,10.92227,True
2024-05-08 14:45:00,0.059999153,104,-6,-2.5200007,4.300777,-6.169993,5.642545,True,-1.6800007,8.575602,-2.973858,10.313459,True
2024-05-08 14:50:00,-1.0399994,104,-6,-2.57,3.217365,-7.2784715,4.5646377,True,-1.8699993,7.540317,-4.029432,9.290489,True
2024-05-08 14:55:00,-1.8099998,104,-7,-2.4799998,2.5885274,-8.006927,4.0853457,True,-2.5499995,7.0738196,-4.619057,8.971043,True
2024-05-08 15:00:00,-2.5900004,104,-8,-2.3699992,1.7791611,-8.728605,3.428539,True,-3.3699992,6.2514186,-5.3246055,8.318895,True
2024-05-08 15:05:00,-2.3999999,104,-8,-2.1399996,2.0949914,-8.58576,3.9552763,True,-3.78,6.69935,-5.1111407,8.976717,True
2024-05-08 15:10:00,-1.4300007,104,-7,-1.8799995,3.0820138,-8.186965,5.4815555,True,-4.2500005,7.7058196,-4.8608356,10.501503,True
2024-05-08 15:15:00,-0.5100005,104,-6,-1.6299995,4.1128955,-7.7086253,6.886192,True,-5.07,8.839369,-4.431129,11.987295,False
2024-05-08 15:20:00,-0.66000015,104,-6,-1.1800007,4.056434,-8.013492,7.0309176,True,-5.9,8.887825,-4.6990714,12.226664,False
2024-05-08 15:25:00,-1.4300007,104,-7,-0.91000015,3.402393,-8.834941,6.53375,True,-6.7099996,8.368887,-5.4289975,11.855656,False
2024-05-08 15:30:00,-1.610001,104,-8,-0.9699996,3.4460924,-9.080639,6.713056,True,-6.9,8.639801,-5.5291944,12.2446575,False
2024-05-08 15:35:00,-2.1299994,104,-8,-1.1600002,3.0568006,-9.334667,6.5016437,True,-7.06,8.383026,-5.6563697,12.179232,False
2024-05-08 15:40:00,-2.529999,104,-8,-1.4100002,2.6861837,-9.869021,6.3660026,True,-7.180001,8.051136,-6.176766,12.071968,False
2024-05-08 15:45:00,-2.5200007,104,-8,-1.6800007,2.5215185,-9.952738,6.3112693,True,-7.0000005,7.725778,-6.3794494,11.874327,False
2024-05-08 15:50:00,-2.57,104,-8,-1.8699993,2.2066934,-10.224419,6.1411567,True,-5.3700004,7.164602,-6.844747,11.468052,True
2024-05-08 15:55:00,-2.4799998,104,-8,-2.5499995,2.1004522,-10.414581,6.2286525,True,-6.0400004,6.868753,-7.215054,11.371704,True
2024-05-08 16:00:00,-2.3699992,104,-8,-3.3699992,2.1081789,-10.121222,6.383291,True,-6.7500005,6.7745395,-6.9743695,11.456114,True
2024-05-08 16:05:00,-2.1399996,104,-8,-3.78,2.186094,-10.070044,6.566253,True,-6.8800006,6.7093463,-7.0390153,11.507561,True
2024-05-08 16:10:00,-1.8799995,104,-8,-4.2500005,2.3098829,-9.988311,6.7441497,True,-6.4600005,6.7092185,-7.053475,11.566708,True
2024-05-08 16:15:00,-1.6299995,104,-8,-5.07,2.4800832,-9.837891,6.886045,True,-6.319999,6.8130393,-6.953892,11.64958,True
2024-05-08 16:20:00,-1.1800007,104,-8,-5.9,3.0519674,-9.520741,7.470638,True,-5.93,7.5113063,-6.570147,12.340916,True
2024-05-08 16:25:00,-0.91000015,104,-8,-6.7099996,3.403919,-9.204142,7.7809386,True,-5.43,7.9552817,-6.183988,12.738743,True
2024-05-08 16:30:00,-0.9699996,104,-8,-6.9,3.332649,-9.267396,7.7385097,True,-4.7500005,7.885629,-6.242082,12.696228,True
2024-05-08 16:35:00,-1.1600002,104,-8,-7.06,3.2293546,-9.565104,7.7565417,True,-4.109999,7.8803344,-6.484447,12.797844,True
2024-05-08 16:40:00,-1.4100002,104,-9,-7.180001,2.98863,-9.873331,7.587013,True,-4.31,7.663032,-6.778889,12.640705,True
2024-05-08 16:45:00,-1.6800007,104,-9,-7.0000005,2.833248,-10.203623,7.5228515,True,-4.1,7.6244884,-7.0219893,12.671864,True
2024-05-08 16:50:00,-1.8699993,104,-9,-5.3700004,2.805702,-10.54882,7.66542,True,-3.699999,7.7695823,-7.2591777,12.953754,True
2024-05-08 16:55:00,-2.5499995,104,-9,-6.0400004,2.2091959,-11.2316475,7.2178283,True,-3.5499995,7.2760997,-7.83954,12.599415,True
2024-05-08 17:00:00,-3.3699992,104,-10,-6.7500005,1.4308811,-11.580266,6.3075995,True,-3.41,6.5764823,-8.020521,11.787386,True
2024-05-08 17:05:00,-3.78,104,-10,-6.8800006,0.92302483,-12.042604,5.8828197,True,-3.2899992,5.9787745,-8.531386,11.270201,True
2024-05-08 17:10:00,-4.2500005,104,-10,-6.4600005,0.5120923,-12.403472,5.51782,True,-3.4699996,5.6380057,-8.804296,10.967428,True
2024-05-08 17:15:00,-5.07,104,-10,-6.319999,-0.3949283,-13.033601,4.627746,True,-3.4599993,4.665643,-9.430394,10.017822,True
2024-05-08 17:20:00,-5.9,104,-11,-5.93,-1.2187313,-14.016877,4.0143714,True,-3.5200007,3.8622663,-10.406045,9.402992,True
2024-05-08 17:25:00,-6.7099996,104,-11,-5.43,-2.078541,-14.975129,3.3822896,True,-3.5000002,2.9583318,-11.391988,8.703609,True
2024-05-08 17:30:00,-6.9,104,-11,-4.7500005,-2.0722258,-14.838991,3.4088628,True,-3.1299994,3.1724107,-11.048285,8.93586,True
2024-05-08 17:35:00,-7.06,104,-11,-4.109999,-2.0539134,-14.832394,3.5618093,True,-3.9600003,3.371349,-10.878565,9.25152,True
2024-05-08 17:40:00,-7.180001,104,-12,-4.31,-2.0079596,-15.172027,3.860502,True,-4.4600005,3.5831487,-11.112791,9.677414,True
2024-05-08 17:45:00,-7.0000005,104,-12,-4.1,-1.7087444,-14.988732,4.2468333,True,-4.89,4.003078,-10.830502,10.162888,True
2024-05-08 17:50:00,-5.3700004,104,-13,-3.699999,0.034797356,-13.690812,6.1218886,True,-6.2900004,5.8269286,-9.578169,12.083223,True
2024-05-08 17:55:00,-6.0400004,104,-13,-3.5499995,-0.7286647,-14.580719,5.5466647,True,-6.7099996,4.9765563,-10.511701,11.39863,True
2024-05-08 18:00:00,-6.7500005,104,-12,-3.41,-1.4834789,-15.269554,4.843864,True,-6.48,4.191486,-11.174769,10.662867,True
2024-05-08 18:05:00,-6.8800006,104,-12,-3.2899992,-1.5847343,-15.30578,4.734319,True,-6.5500007,4.123037,-11.154912,10.581335,True
2024-05-08 18:10:00,-6.4600005,104,-10,-3.4699996,-1.2121452,-14.818314,5.0334926,True,-6.7099996,4.441808,-10.69602,10.825211,True
2024-05-08 18:15:00,-6.319999,104,-10,-3.4599993,-1.1163868,-14.851474,5.2215266,True,-6.72,4.48517,-10.781777,10.945675,True
2024-05-08 18:20:00,-5.93,104,-10,-3.5200007,-0.8387149,-14.737213,5.615907,True,-6.7600007,4.639028,-10.792523,11.197557,True
2024-05-08 18:25:00,-5.43,104,-10,-3.5000002,-0.45505366,-14.681741,6.163337,True,-6.57,4.889503,-10.899457,11.587193,True
2024-05-08 18:30:00,-4.7500005,104,-9,-3.1299994,0.07299583,-14.223534,6.7761054,True,-6.7400002,5.2478633,-10.608158,12.023203,True
2024-05-08 18:35:00,-4.109999,104,-9,-3.9600003,0.63318795,-13.983992,7.49892,True,-6.85,5.7060905,-10.500492,12.61718,True
2024-05-08 18:40:00,-4.31,104,-9,-4.4600005,0.23950736,-14.134137,7.17897,True,-7.180001,5.1186996,-10.767146,12.114244,True
2024-05-08 18:45:00,-4.1,104,-9,-4.89,0.43620268,-13.806059,7.382318,True,-7.219999,5.300184,-10.430365,12.300049,True
2024-05-08 18:50:00,-3.699999,104,-8,-6.2900004,0.8813073,-13.452775,7.880222,True,-7.3400006,5.7782035,-10.059258,12.809673,True
2024-05-08 18:55:00,-3.5499995,104,-8,-6.7099996,0.8972718,-13.343105,7.963165,True,-7.78,5.646032,-10.0607,12.748413,True
2024-05-08 19:00:00,-3.41,104,-7,-6.48,0.9258916,-13.098924,8.001009,True,-8.3,5.5523734,-9.8861,12.665577,True
2024-05-08 19:05:00,-3.2899992,104,-7,-6.5500007,0.9650952,-13.156393,8.133532,True,-8.2,5.500921,-10.021894,12.688877,True
2024-05-08 19:10:00,-3.4699996,104,-6,-6.7099996,0.8068711,-13.327517,8.001972,True,-6.7600007,5.3605285,-10.165076,12.561699,True
2024-05-08 19:15:00,-3.4599993,104,-6,-6.72,1.0536896,-13.339846,8.265373,True,-5.7400002,5.838325,-10.0106945,13.018944,True
2024-05-08 19:20:00,-3.5200007,104,-6,-6.7600007,1.2376343,-13.361618,8.438513,True,-5.8400006,6.2677817,-9.842017,13.404495,True
2024-05-08 19:25:00,-3.5000002,104,-6,-6.57,1.5155903,-13.189166,8.670109,True,-5.4600005,6.803085,-9.470746,13.862595,True
2024-05-08 19:30:00,-3.1299994,104,-5,-6.7400002,2.1662881,-12.848611,9.30747,True,-5.0500007,7.720451,-8.94662,14.723499,True
2024-05-08 19:35:00,-3.9600003,104,-4,-6.85,1.5415951,-13.6595335,8.735434,True,-4.65,7.310045,-9.570451,14.334236,True
2024-05-08 19:40:00,-4.4600005,104,-4,-7.180001,1.1409127,-13.979338,8.337908,True,-4.73,7.0077147,-9.7668915,14.021168,True
2024-05-08 19:45:00,-4.89,104,-4,-7.219999,0.834192,-14.245952,8.036978,True,-4.4600005,6.8273025,-9.902902,13.829578,True
2024-05-08 19:50:00,-6.2900004,104,-4,-7.3400006,-0.7266181,-15.846236,6.6347327,True,-4.1700006,5.135801,-11.56183,12.282135,True
2024-05-08 19:55:00,-6.7099996,104,-5,-7.78,-1.2218059,-15.965331,6.0621104,True,-4.0000005,4.572366,-11.6626005,11.649593,True
2024-05-08 20:00:00,-6.48,104,-4,-8.3,-0.9298671,-15.738054,6.3843493,True,-4.070001,4.913236,-11.402182,12.000916,True
2024-05-08 20:05:00,-6.5500007,104,-4,-8.2,-1.0693516,-16.153732,6.447719,True,-4.5800004,4.6988997,-11.888765,11.96529,True
2024-05-08 20:10:00,-6.7099996,104,-3,-6.7600007,-1.4266266,-17.07107,6.4356914,True,-4.8000007,4.1311584,-13.023056,11.7097435,True
2024-05-08 20:15:00,-6.72,104,-4,-5.7400002,-1.6777347,-17.686092,6.4573092,True,-4.7100005,3.6134794,-13.876093,11.44869,True
2024-05-08 20:20:00,-6.7600007,104,-3,-5.8400006,-1.9733261,-17.73126,6.1992087,True,-4.8300004,3.0444257,-14.103665,10.934164,True
2024-05-08 20:25:00,-6.57,104,-2,-5.4600005,-1.9607567,-17.049702,6.081636,True,-5.06,2.8629262,-13.517827,10.651068,True
2024-05-08 20:30:00,-6.7400002,104,-2,-5.0500007,-2.3072722,-16.90109,5.67226,True,-5.35,2.323877,-13.469114,10.068636,True
2024-05-08 20:35:00,-6.85,104,-2,-4.65,-2.4457514,-16.921867,5.5480514,True,-5.889999,2.1464593,-13.494707,9.898298,True
2024-05-08 20:40:00,-7.180001,104,-2,-4.73,-2.9506419,-17.514336,5.191303,True,-7.1599994,1.4608208,-14.225216,9.352682,True
2024-05-08 20:45:00,-7.219999,104,-1,-4.4600005,-3.1373293,-17.790028,5.134353,True,-7.28,1.113998,-14.628268,9.127054,True
2024-05-08 20:50:00,-7.3400006,104,-1,-4.1700006,-3.2827628,-17.971321,5.0550075,True,-7.4500003,0.9322087,-14.827453,8.999815,True
2024-05-08 20:55:00,-7.78,104,0,-4.0000005,-3.754123,-18.42162,4.603811,True,-7.7000003,0.41945043,-15.286498,8.499735,True
2024-05-08 21:00:00,-8.3,104,0,-4.070001,-4.3121543,-18.927172,4.0427337,True,-8.34,-0.17931397,-15.802079,7.8895946,True
2024-05-08 21:05:00,-8.2,104,0,-4.5800004,-4.0499473,-18.687098,4.201202,True,-9.28,0.24254386,-15.426746,8.184008,True
2024-05-08 21:10:00,-6.7600007,104,2,-4.8000007,-2.364527,-17.037472,5.638248,True,-9.5,2.1419618,-13.636315,9.810226,True
2024-05-08 21:15:00,-5.7400002,104,3,-4.7100005,-1.0606235,-15.946973,6.7735667,True,-9.42,3.6977842,-12.379967,11.161928,True
2024-05-08 21:20:00,-5.8400006,104,3,-4.8300004,-0.99321204,-15.970816,6.7348285,True,-9.94,3.9220312,-12.267004,11.257355,True
2024-05-08 21:25:00,-5.4600005,104,3,-5.06,-0.43111452,-15.505894,7.2091517,True,-10.01,4.6392226,-11.681139,11.865635,True
2024-05-08 21:30:00,-5.0500007,104,3,-5.35,0.00460784,-15.265416,7.6318603,True,-11.26,5.0812488,-11.449861,12.274635,True
2024-05-08 21:35:00,-4.65,104,3,-5.889999,0.39412466,-14.970816,7.9855514,True,-11.55,5.4407783,-11.188633,12.584232,False
2024-05-08 21:40:00,-4.73,104,4,-7.1599994,0.33855596,-14.943675,7.89121,True,-9.73,5.39817,-11.137472,12.4927635,True
2024-05-08 21:45:00,-4.4600005,104,4,-7.28,0.65262574,-14.82484,8.208532,True,-9.89,5.7342467,-11.018924,12.810856,True
2024-05-08 21:50:00,-4.1700006,104,6,-7.4500003,0.9016072,-14.635309,8.46512,True,-9.77,5.9116035,-10.891907,12.988281,True
2024-05-08 21:55:00,-4.0000005,104,5,-7.7000003,0.9522683,-14.280522,8.492899,True,-9.75,5.82978,-10.61274,12.892677,True
2024-05-08 22:00:00,-4.070001,104,5,-8.34,0.66905373,-14.36182,8.239147,True,-9.22,5.3357005,-10.836427,12.43404,True
2024-05-08 22:05:00,-4.5800004,104,5,-9.28,-0.06701119,-14.9690075,7.606836,True,-9.32,4.3858256,-11.578819,11.591017,True
2024-05-08 22:10:00,-4.8000007,104,4,-9.5,-0.527283,-15.484555,7.251682,True,-8.7,3.682102,-12.273737,10.993225,True
2024-05-08 22:15:00,-4.7100005,104,5,-9.42,-0.5888694,-15.664823,7.2501903,True,-8.48,3.450977,-12.586818,10.8209,True
2024-05-08 22:20:00,-4.8300004,104,5,-9.94,-0.8350833,-15.824476,7.00328,True,-8.15,3.0645063,-12.83996,10.436729,True
2024-05-08 22:25:00,-5.06,104,5,-10.01,-1.0631508,-15.86224,6.731567,True,-6.6600003,2.8382566,-12.84067,10.164204,True
2024-05-08 22:30:00,-5.35,104,6,-11.26,-1.2371429,-15.984614,6.49785,True,-6.3300004,2.7780397,-12.843554,10.0312805,True
2024-05-08 22:35:00,-5.889999,104,6,-11.55,-1.7006744,-16.504004,5.9932094,True,-5.78,2.39616,-13.276844,9.595379,True
2024-05-08 22:40:00,-7.1599994,104,5,-9.73,-2.934645,-17.862568,4.792972,True,-5.2500005,1.2155586,-14.557069,8.43058,True
2024-05-08 22:45:00,-7.28,104,4,-9.89,-3.1536162,-18.277452,4.6137576,True,-4.6,0.89295167,-15.056677,8.137104,True
2024-05-08 22:50:00,-7.4500003,104,4,-9.77,-3.5584567,-18.837156,4.310985,True,-4.2600007,0.25017133,-15.801829,7.596372,True
2024-05-08 22:55:00,-7.7000003,104,5,-9.75,-3.9437478,-18.884628,3.8303316,True,-4.0100007,-0.2682174,-15.922675,6.991468,True
2024-05-08 23:00:00,-8.34,104,5,-9.22,-4.9412885,-19.075146,2.661947,True,-4.070001,-1.6199573,-16.343815,5.5040565,True
2024-05-08 23:05:00,-9.28,104,4,-9.32,-6.1297355,-19.922873,1.4925972,True,-3.8899996,-3.0468695,-17.342524,4.110988,True
2024-05-08 23:10:00,-9.5,104,4,-8.7,-6.4069552,-20.107302,1.196014,True,-3.7999995,-3.3895,-17.563345,3.7488477,True
2024-05-08 23:15:00,-9.42,104,4,-8.48,-6.450873,-20.093285,1.1807572,True,-3.9799998,-3.5667803,-17.647755,3.606899,True
2024-05-08 23:20:00,-9.94,104,4,-8.15,-7.146875,-20.780952,0.57893723,True,-4.0400004,-4.4429984,-18.463627,2.8300931,True
2024-05-08 23:25:00,-10.01,104,4,-6.6600003,-7.399218,-21.067465,0.3711125,True,-3.9799998,-4.8858237,-18.89976,2.4363954,True
2024-05-08 23:30:00,-11.26,104,4,-6.3300004,-8.719161,-22.21809,-0.9501613,True,-3.7099993,-6.2720685,-20.07883,1.0498959,True
2024-05-08 23:35:00,-11.55,104,3,-5.78,-8.927758,-22.261026,-1.2899307,True,-3.74,-6.4030957,-20.039978,0.7774808,True
2024-05-08 23:40:00,-9.73,104,5,-5.2500005,-6.826752,-20.30511,0.4694611,True,-3.5200007,-4.0447764,-17.894148,2.770397,True
2024-05-08 23:45:00,-9.89,104,6,-4.6,-6.7143836,-20.242893,0.34259573,True,-3.6199992,-3.6651652,-17.597862,2.8897245,True
2024-05-08 23:50:00,-9.77,104,5,-4.2600007,-6.440953,-19.934263,0.41428724,True,-3.0599997,-3.2442,-17.161713,3.0992544,True
2024-05-08 23:55:00,-9.75,104,5,-4.0100007,-6.3357005,-19.764544,0.39976087,True,-3.66,-3.0612185,-16.919325,3.1532667,True
2024-05-09 00:00:00,-9.22,104,5,-4.070001,-5.746965,-19.137857,0.87278336,True,-3.8300002,-2.427729,-16.25731,3.6637495,True
2024-05-09 00:05:00,-9.32,104,5,-3.8899996,-5.9088206,-19.204073,0.681379,True,-3.7999995,-2.6554892,-16.367046,3.4059045,True
2024-05-09 00:10:00,-8.7,104,5,-3.7999995,-5.377834,-18.708015,1.2090088,True,-3.609999,-2.2248976,-15.9618635,3.831621,True
2024-05-09 00:15:00,-8.48,104,4,-3.9799998,-5.2807193,-18.4635,1.2836319,True,-3.7299998,-2.2551024,-15.814111,3.7796724,True
2024-05-09 00:20:00,-8.15,104,4,-4.0400004,-4.9782195,-18.080145,1.5476185,True,-3.91,-1.9904064,-15.459405,4.004619,True
2024-05-09 00:25:00,-6.6600003,104,4,-3.9799998,-3.5169623,-16.891853,2.9574106,True,-4.18,-0.5805896,-14.342728,5.3562484,True
2024-05-09 00:30:00,-6.3300004,104,4,-3.7099993,-3.140589,-16.564726,3.291971,True,-4.2500005,-0.16723855,-13.983485,5.7211566,True
2024-05-09 00:35:00,-5.78,104,4,-3.74,-2.4927447,-15.982657,3.8522584,True,-4.14,0.5622708,-13.3377075,6.3546786,True
2024-05-09 00:40:00,-5.2500005,104,4,-3.5200007,-1.9331192,-15.545002,4.3691726,True,-4.28,1.1381203,-12.891256,6.8817744,True
2024-05-09 00:45:00,-4.6,104,4,-3.6199992,-1.2402061,-15.084434,4.9691367,True,-3.7299998,1.8558117,-12.423223,7.4987826,True
2024-05-09 00:50:00,-4.2600007,104,4,-3.0599997,-0.9086955,-14.819626,5.2763286,True,-3.8399994,2.1690671,-12.170831,7.780704,True
2024-05-09 00:55:00,-4.0100007,104,4,-3.66,-0.5492061,-14.677495,5.594991,True,-3.8700001,2.6211946,-11.958712,8.180128,True
2024-05-09 01:00:00,-4.070001,104,4,-3.8300002,-0.7730449,-15.408807,5.524114,True,-4.31,2.2436578,-12.821452,7.9481997,True
2024-05-09 01:05:00,-3.8899996,104,3,-3.7999995,-0.74531204,-15.441992,5.5683227,True,-4.31,2.120567,-12.974103,7.845878,True
2024-05-09 01:10:00,-3.7999995,104,3,-3.609999,-0.81046325,-14.889834,5.3324695,True,-4.39,1.8997933,-12.531765,7.4725337,True
2024-05-09 01:15:00,-3.9799998,104,3,-3.7299998,-1.0896229,-14.889384,4.9478755,True,-4.28,1.5260845,-12.584658,6.9979186,True
2024-05-09 01:20:00,-4.0400004,104,3,-3.91,-1.2690967,-14.795377,4.657741,True,-4.9200006,1.232431,-12.56699,6.6032786,True
2024-05-09 01:25:00,-3.9799998,104,3,-4.18,-1.3068165,-14.449145,4.5602775,True,-4.78,1.095905,-12.287361,6.4181685,True
2024-05-09 01:30:00,-3.7099993,104,3,-4.2500005,-1.115702,-14.386789,4.751243,True,-5.53,1.2033154,-12.291881,6.5291324,True
2024-05-09 01:35:00,-3.74,104,3,-4.14,-1.3910316,-15.238577,4.7166953,True,-6.6300006,0.69602746,-13.325906,6.2671447,True
2024-05-09 01:40:00,-3.5200007,104,4,-4.28,-1.4102577,-15.584566,4.8809924,True,-7.23,0.44958082,-13.847339,6.213012,True
2024-05-09 01:45:00,-3.6199992,104,3,-3.7299998,-1.7486366,-16.267872,4.733175,True,-7.15,-0.11409409,-14.696102,5.846149,True
2024-05-09 01:50:00,-3.0599997,104,3,-3.8399994,-1.388285,-16.022165,5.1420035,True,-5.850001,0.052438423,-14.597634,6.073461,True
2024-05-09 01:55:00,-3.66,104,3,-3.8700001,-2.129532,-16.21838,4.280458,True,-6.22,-0.81543,-14.881632,5.0970206,True
2024-05-09 02:00:00,-3.8300002,104,3,-4.31,-2.2801344,-16.06152,3.9892023,True,-6.39,-0.9451259,-14.703417,4.826925,True
2024-05-09 02:05:00,-3.7999995,104,3,-4.31,-2.3926127,-15.877668,3.770807,True,-6.7099996,-1.1940616,-14.61859,4.4792914,True
2024-05-09 02:10:00,-3.609999,104,4,-4.39,-2.3932269,-15.593104,3.6868722,True,-6.93,-1.3759006,-14.473338,4.229505,True
2024-05-09 02:15:00,-3.7299998,104,4,-4.28,-2.6823847,-15.64781,3.3912542,True,-6.7400002,-1.8217586,-14.649124,3.7941358,True
2024-05-09 02:20:00,-3.91,104,4,-4.9200006,-2.908419,-15.885352,3.2944696,True,-6.1300006,-2.0886214,-14.911047,3.6614149,True
2024-05-09 02:25:00,-4.18,104,4,-4.78,-3.2435439,-16.180788,3.1082475,True,-5.6600003,-2.4831812,-15.242334,3.4174612,True
2024-05-09 02:30:00,-4.2500005,104,3,-5.53,-3.324278,-16.260971,3.057882,True,-5.73,-2.5716593,-15.322667,3.3613737,True
2024-05-09 02:35:00,-4.14,104,4,-6.6300006,-2.954594,-16.197863,3.3744428,True,-5.1600003,-1.9592575,-15.064611,3.9031637,True
2024-05-09 02:40:00,-4.28,104,4,-7.23,-2.8940928,-16.247162,3.3591459,True,-5.3300004,-1.7095245,-14.956992,4.059446,True
2024-05-09 02:45:00,-3.7299998,104,4,-7.15,-2.1969912,-15.841345,3.9359796,True,-6.06,-0.8784984,-14.450944,4.76415,True
2024-05-09 02:50:00,-3.8399994,104,4,-5.850001,-2.1351683,-15.791232,3.8586328,True,-5.8400006,-0.65445167,-14.272014,4.83699,True
2024-05-09 02:55:00,-3.8700001,104,3,-6.22,-2.0492976,-15.689193,3.8385484,True,-6.2599998,-0.45881686,-14.080988,4.9187064,True
2024-05-09 03:00:00,-4.31,104,3,-6.39,-2.528927,-15.765081,3.2462041,True,-5.8800006,-0.97115165,-14.173197,4.295791,True
2024-05-09 03:05:00,-4.31,104,2,-6.7099996,-2.6495154,-15.60103,3.0164716,True,-5.2600007,-1.200024,-14.094166,3.973459,True
2024-05-09 03:10:00,-4.39,104,2,-6.93,-2.9781477,-15.63633,2.6377294,True,-4.6200004,-1.7559112,-14.30608,3.386936,True
2024-05-09 03:15:00,-4.28,104,2,-6.7400002,-3.1347048,-15.453883,2.4584997,True,-3.9399998,-2.1575358,-14.317395,2.9833486,True
2024-05-09 03:20:00,-4.9200006,104,2,-6.1300006,-3.914903,-15.931697,1.7831799,True,-3.49,-3.0610335,-14.885542,2.1931627,True
2024-05-09 03:25:00,-4.78,104,2,-5.6600003,-3.8561556,-16.052067,1.9104553,True,-2.9300005,-3.0738757,-15.059234,2.2619436,True
2024-05-09 03:30:00,-5.53,104,1,-5.73,-4.7375693,-17.395193,1.3680073,True,-2.3699992,-4.06854,-16.473576,1.6171623,True
2024-05-09 03:35:00,-6.6300006,104,1,-5.1600003,-5.881333,-18.5641,0.43557325,True,-1.5100006,-5.242522,-17.656216,0.65947884,True
2024-05-09 03:40:00,-7.23,104,0,-5.3300004,-6.470904,-18.842094,-0.2121299,True,-0.7600005,-5.8148236,-17.921236,0.030688925,True
2024-05-09 03:45:00,-7.15,104,1,-6.06,-6.248031,-18.336037,-0.23323281,True,-0.32000002,-5.457352,-17.3133,0.13707893,True
2024-05-09 03:50:00,-5.850001,104,3,-5.8400006,-4.7188525,-16.83407,0.9688069,True,0.35000005,-3.7224667,-15.654097,1.533115,True
2024-05-09 03:55:00,-6.22,104,4,-6.2599998,-4.921038,-16.941698,0.6303155,True,1.2399994,-3.765402,-15.631925,1.3456818,True
2024-05-09 04:00:00,-6.39,104,4,-5.8800006,-4.989722,-16.994719,0.42389265,True,1.7499996,-3.7367709,-15.608206,1.2363869,False
2024-05-09 04:05:00,-6.7099996,104,4,-5.2600007,-5.358072,-17.380394,0.1325833,True,2.3099992,-4.144564,-16.018322,0.90696687,False
2024-05-09 04:10:00,-6.93,104,3,-4.6200004,-5.5406547,-17.597937,0.048804924,True,2.8500001,-4.2885156,-16.201982,0.86037225,False
2024-05-09 04:15:00,-6.7400002,104,2,-3.9399998,-5.3150725,-17.509119,0.40639654,True,3.300001,-4.028995,-16.085503,1.2505261,False
2024-05-09 04:20:00,-6.1300006,104,2,-3.49,-4.8272653,-16.944323,0.92743844,True,3.7700002,-3.6534426,-15.61919,1.6746193,False
2024-05-09 04:25:00,-5.6600003,104,3,-2.9300005,-4.434216,-16.346605,1.2293049,True,4.2100005,-3.330107,-15.078401,1.9133354,False
2024-05-09 04:30:00,-5.73,104,2,-2.3699992,-4.362723,-16.110464,1.1349274,True,4.53,-3.127024,-14.739878,1.9451805,False
2024-05-09 04:35:00,-5.1600003,104,4,-1.5100006,-3.721905,-15.43934,1.6009384,True,4.78,-2.4232523,-14.023812,2.4739988,False
2024-05-09 04:40:00,-5.3300004,104,4,-0.7600005,-3.9369004,-15.390448,1.2833287,True,5.4899993,-2.6746848,-14.010398,2.1304452,False
2024-05-09 04:45:00,-6.06,104,3,-0.32000002,-4.654636,-15.800545,0.50374573,True,5.85,-3.3742583,-14.405801,1.3715397,False
2024-05-09 04:50:00,-5.8400006,104,2,0.35000005,-4.4371266,-15.456183,0.5714566,True,6.059999,-3.1571867,-14.06242,1.4402996,False
2024-05-09 04:55:00,-6.2599998,104,0,1.2399994,-4.672936,-15.514347,0.1918618,False,6.149999,-3.2227232,-13.984065,1.2228771,False
2024-05-09 05:00:00,-5.8800006,104,-1,1.7499996,-4.0210967,-14.921968,0.6426236,False,6.3799987,-2.326897,-13.197092,1.9055401,False
2024-05-09 05:05:00,-5.2600007,104,-1,2.3099992,-3.0701487,-14.201568,1.2823159,False,6.4899993,-1.0823482,-12.245245,2.826824,False
2024-05-09 05:10:00,-4.6200004,104,0,2.8500001,-2.131325,-13.593617,2.014671,False,6.7000003,0.12051742,-11.425027,3.8053892,False
2024-05-09 05:15:00,-3.9399998,104,0,3.300001,-1.4298939,-13.030209,2.4808652,False,6.5799994,0.8414628,-10.8531065,4.29343,False
2024-05-09 05:20:00,-3.49,104,-1,3.7700002,-0.948561,-12.527644,2.7408693,False,6.5799994,1.3529621,-10.333348,4.586042,False
2024-05-09 05:25:00,-2.9300005,104,-1,4.2100005,-0.36145243,-11.857296,3.1060731,False,6.8399997,1.9633499,-9.65359,4.9800563,False
2024-05-09 05:30:00,-2.3699992,104,-2,4.53,0.41355672,-11.182967,3.7508428,False,6.8800006,2.9227026,-8.840569,5.802694,False
2024-05-09 05:35:00,-1.5100006,104,-2,4.78,1.3006436,-10.355003,4.5354667,False,6.890001,3.826679,-8.013063,6.6094775,False
2024-05-09 05:40:00,-0.7600005,104,-2,5.4899993,1.9878842,-9.683069,5.1119304,False,6.979999,4.454807,-7.395846,7.134441,True
2024-05-09 05:45:00,-0.32000002,104,-2,5.85,2.3679426,-9.420949,5.501449,False,7.0400004,4.7825484,-7.184336,7.4773784,True
2024-05-09 05:50:00,0.35000005,104,-2,6.059999,2.8744962,-9.088922,6.122724,True,7.0899997,5.1437316,-6.979222,7.966108,True
2024-05-09 05:55:00,1.2399994,104,-1,6.149999,3.5976026,-8.507236,6.9306808,True,7.200002,5.716274,-6.527102,8.63858,True
2024-05-09 06:00:00,1.7499996,104,-1,6.3799987,3.9655893,-8.28423,7.36136,True,7.3299994,5.962301,-6.404115,8.958706,True
2024-05-09 06:05:00,2.3099992,104,-1,6.4899993,4.358005,-7.9565187,7.74377,True,7.1,6.210809,-6.1877065,9.20908,True
2024-05-09 06:10:00,2.8500001,104,0,6.7000003,4.7787356,-7.3851647,8.035873,True,6.8299994,6.5270343,-5.7051787,9.41378,True
2024-05-09 06:15:00,3.300001,104,1,6.5799994,5.12412,-6.7608504,8.23325,True,6.569999,6.782165,-5.1522746,9.533039,True
2024-05-09 06:20:00,3.7700002,104,1,6.5799994,5.5387206,-6.1670594,8.478981,True,6.4899993,7.147228,-4.6022506,9.740532,True
2024-05-09 06:25:00,4.2100005,104,1,6.8399997,5.908155,-5.742172,8.79855,True,6.5500007,7.4555125,-4.23,10.009926,True
2024-05-09 06:30:00,4.53,104,1,6.8800006,6.135385,-5.4975324,9.061438,True,6.61,7.603702,-4.0506244,10.204124,True
2024-05-09 06:35:00,4.78,104,0,6.890001,6.2882266,-5.37923,9.277073,True,6.569999,7.6769366,-3.9935496,10.347616,True
2024-05-09 06:40:00,5.4899993,104,0,6.979999,6.8686996,-5.041716,9.918518,True,6.6699996,8.146456,-3.7453272,10.891083,True
2024-05-09 06:45:00,5.85,104,1,7.0400004,7.246883,-4.924929,10.3673,True,7.059999,8.541819,-3.6202853,11.360434,True
2024-05-09 06:50:00,6.059999,104,1,7.0899997,7.436046,-4.698252,10.555508,True,6.8399997,8.716965,-3.4116633,11.541704,True
2024-05-09 06:55:00,6.149999,104,0,7.200002,7.6904597,-4.3730693,10.715626,True,6.78,9.112078,-2.9907,11.83987,True
2024-05-09 07:00:00,6.3799987,104,0,7.3299994,8.047352,-3.9807293,10.93269,True,6.3000026,9.577576,-2.5214217,12.163906,True
2024-05-09 07:05:00,6.4899993,104,0,7.1,8.330374,-3.709389,11.0401535,True,6.0799994,10.005966,-2.1482909,12.415108,True
2024-05-09 07:10:00,6.7000003,104,0,6.8299994,8.651611,-3.4159167,11.251465,True,6.78,10.420221,-1.7924103,12.720417,True
2024-05-09 07:15:00,6.5799994,104,-1,6.569999,8.560209,-3.3518355,11.052734,True,7.0099998,10.358902,-1.7103962,12.556114,True
2024-05-09 07:20:00,6.5799994,104,-1,6.4899993,8.6312275,-3.23127,11.075184,True,6.53,10.492144,-1.5490307,12.642906,True
2024-05-09 07:25:00,6.8399997,104,-1,6.5500007,9.037516,-2.9200346,11.471884,True,6.729999,11.017302,-1.1587032,13.159149,True
2024-05-09 07:30:00,6.8800006,104,-1,6.61,9.167456,-2.7943957,11.5497,True,6.899999,11.226309,-0.97792274,13.3161125,True
2024-05-09 07:35:00,6.890001,104,-1,6.569999,9.125391,-2.6642382,11.398151,True,7.18,11.144796,-0.8838294,13.135799,True
2024-05-09 07:40:00,6.979999,104,-1,6.6699996,9.237524,-2.5028079,11.481651,True,6.8800006,11.275911,-0.7151702,13.243862,True
2024-05-09 07:45:00,7.0400004,104,-1,7.059999,9.38793,-2.4243186,11.677628,True,6.4200015,11.500597,-0.5890773,13.514927,True
2024-05-09 07:50:00,7.0899997,104,-1,6.8399997,9.48036,-2.4430048,11.830345,True,5.8800006,11.629652,-0.58981735,13.706188,True
2024-05-09 07:55:00,7.200002,104,-1,6.78,9.56015,-2.4494193,11.960686,True,5.18,11.686743,-0.6215289,13.81839,True
2024-05-09 08:00:00,7.3299994,104,0,6.3000026,9.64119,-2.3726656,12.027126,True,4.5799994,11.7315445,-0.5804389,13.855591,True
2024-05-09 08:05:00,7.1,104,0,6.0799994,9.461214,-2.417042,11.819382,True,4.479999,11.599728,-0.5958083,13.699665,True
2024-05-09 08:10:00,6.8299994,104,0,6.78,9.281078,-2.4422457,11.617292,True,4.9999995,11.502518,-0.5606788,13.580662,True
2024-05-09 08:15:00,6.569999,104,0,7.0099998,9.238873,-2.4774153,11.554762,True,4.9500003,11.6419525,-0.4664825,13.696167,True
2024-05-09 08:20:00,6.4899993,104,0,6.53,9.32659,-2.4673655,11.68516,True,5.8000007,11.865898,-0.36129603,13.959202,True
2024-05-09 08:25:00,6.5500007,104,0,6.729999,9.349176,-2.4923403,11.861622,True,5.7000003,11.859287,-0.4194301,14.111286,True
2024-05-09 08:30:00,6.61,104,1,6.899999,9.293877,-2.5060732,11.892523,True,5.479999,11.710512,-0.51403266,14.0587845,True
2024-05-09 08:35:00,6.569999,104,0,7.18,9.029985,-2.602894,11.711382,True,5.8000007,11.269499,-0.74885017,13.714523,True
2024-05-09 08:40:00,6.6699996,104,1,6.8800006,9.256977,-2.4491713,11.935326,True,6.6300006,11.595741,-0.5322059,14.038029,True
2024-05-09 08:45:00,7.059999,104,2,6.4200015,9.557234,-2.2353785,12.311989,True,8.42,11.821472,-0.38678965,14.3489,True
2024-05-09 08:50:00,6.8399997,104,3,5.8800006,9.335619,-2.4064505,12.128815,True,8.17,11.601711,-0.5644401,14.17062,True
2024-05-09 08:55:00,6.78,104,3,5.18,9.278971,-2.4351485,12.0879345,True,7.78,11.550251,-0.5978282,14.138897,True
2024-05-09 09:00:00,6.3000026,104,3,4.5799994,8.763374,-2.7894843,11.632753,True,7.469999,11.016048,-0.9719985,13.670303,True
2024-05-09 09:05:00,6.0799994,104,4,4.479999,8.452753,-2.9611323,11.413322,True,7.03,10.638649,-1.2001156,13.392956,True
2024-05-09 09:10:00,6.78,104,6,4.9999995,9.027731,-2.5290663,12.057333,True,7.1300006,11.100985,-0.87107307,13.938908,True
2024-05-09 09:15:00,7.0099998,104,6,4.9500003,9.196138,-2.4603198,12.343533,True,7.1599994,11.215143,-0.85619766,14.177879,True
2024-05-09 09:20:00,6.53,104,6,5.8000007,8.668903,-2.7694628,11.870047,True,7.6200004,10.658257,-1.1902393,13.681023,True
2024-05-09 09:25:00,6.729999,104,5,5.7000003,8.8486,-2.4996512,11.9314,True,8.08,10.817522,-0.94298774,13.731895,True
2024-05-09 09:30:00,6.899999,104,5,5.479999,9.225361,-2.2329314,12.227415,True,8.49,11.360184,-0.5617793,14.19022,True
2024-05-09 09:35:00,7.18,104,6,5.8000007,9.617014,-2.1507914,12.75433,True,8.470001,11.83983,-0.4332851,14.8022995,True
2024-05-09 09:40:00,6.8800006,104,5,6.6300006,9.480127,-2.5433104,12.790924,True,8.6,11.843855,-0.7383521,14.968643,True
2024-05-09 09:45:00,6.4200015,104,4,8.42,9.19948,-2.9864752,12.638058,True,8.620001,11.717178,-1.0828823,14.958839,True
2024-05-09 09:50:00,5.8800006,104,3,8.17,8.798182,-3.438801,12.368496,True,8.360001,11.440077,-1.4528145,14.804317,True
2024-05-09 09:55:00,5.18,104,2,7.78,8.086538,-3.855039,11.6164875,True,8.100002,10.735279,-1.858414,14.0638275,True
2024-05-09 10:00:00,4.5799994,104,1,7.469999,7.4258056,-4.0811667,10.784803,True,7.9099994,10.040089,-2.0974963,13.211517,True
2024-05-09 10:05:00,4.479999,104,1,7.03,7.1903834,-3.9398482,10.400612,True,8.110001,9.697369,-2.0301592,12.741505,True
2024-05-09 10:10:00,4.9999995,104,2,7.1300006,7.532499,-3.5214503,10.727381,True,8.26,9.881533,-1.7409233,12.930038,True
2024-05-09 10:15:00,4.9500003,104,2,7.1599994,7.358867,-3.6511786,10.715307,True,8.190001,9.602362,-1.9594864,12.821468,True
2024-05-09 10:20:00,5.8000007,104,4,7.6200004,8.044252,-3.1893942,11.573708,True,8.060003,10.139715,-1.633221,13.545208,True
2024-05-09 10:25:00,5.7000003,104,3,8.08,7.8927836,-3.3646414,11.567015,True,8.280001,9.942566,-1.8528026,13.49728,True
2024-05-09 10:30:00,5.479999,104,4,8.49,7.6328177,-3.4857123,11.263235,True,8.800001,9.650589,-1.9993652,13.169106,True
2024-05-09 10:35:00,5.8000007,104,4,8.470001,7.8582873,-3.1295607,11.290001,True,9.140001,9.7992115,-1.7057251,13.135906,True
2024-05-09 10:40:00,6.6300006,104,4,8.6,8.758566,-2.2641642,11.877211,True,9.390003,10.752932,-0.80709296,13.788853,True
2024-05-09 10:45:00,8.42,104,5,8.620001,10.476227,-0.721186,13.27784,True,9.530001,12.395729,0.66360253,15.138847,True
2024-05-09 10:50:00,8.17,104,6,8.360001,10.478945,-0.64502746,13.076836,True,9.52,12.612041,0.90302247,15.15144,True
2024-05-09 10:55:00,7.78,104,5,8.100002,10.319176,-0.8194507,12.87785,True,9.68,12.647373,0.8759362,15.144413,True
2024-05-09 11:00:00,7.469999,104,5,7.9099994,10.167707,-1.075291,12.761753,True,9.870001,12.628174,0.71440285,15.156448,True
2024-05-09 11:05:00,7.03,104,5,8.110001,9.735794,-1.3267483,12.258486,True,10.02,12.209391,0.48067632,14.672508,True
2024-05-09 11:10:00,7.1300006,104,4,8.26,9.798895,-1.0783886,12.137417,True,10.4,12.244925,0.71391267,14.539158,True
2024-05-09 11:15:00,7.1599994,104,4,8.190001,9.914825,-0.8484748,12.028734,True,10.700001,12.434261,1.0089241,14.514118,True
2024-05-09 11:20:00,7.6200004,104,4,8.060003,10.553713,-0.30206904,12.428978,True,10.74,13.211952,1.6609665,15.061386,True
2024-05-09 11:25:00,8.08,104,4,8.280001,11.187174,0.13768165,12.9375305,True,10.66,13.981686,2.1924016,15.711685,True
2024-05-09 11:30:00,8.49,104,5,8.800001,11.635864,0.45127645,13.391907,True,10.35,14.45924,2.511995,16.20391,True
2024-05-09 11:35:00,8.470001,104,5,9.140001,11.648064,0.43482175,13.44138,True,9.99,14.498932,2.5098417,16.285732,True
2024-05-09 11:40:00,8.6,104,5,9.390003,11.783482,0.49479643,13.652485,True,9.780001,14.636768,2.5595243,16.50444,True
2024-05-09 11:45:00,8.620001,104,5,9.530001,11.80335,0.4154431,13.775421,True,9.5,14.657101,2.4663446,16.629192,True
2024-05-09 11:50:00,8.360001,104,5,9.52,11.64113,0.095636055,13.76936,True,9.32,14.581203,2.1974103,16.70377,True
2024-05-09 11:55:00,8.100002,104,5,9.68,11.497248,-0.11926873,13.686863,True,9.1,14.540291,2.053354,16.723438,True
2024-05-09 12:00:00,7.9099994,104,4,9.870001,11.364092,-0.34087595,13.658413,True,8.76,14.462368,1.862516,16.74804,True
2024-05-09 12:05:00,8.110001,104,4,10.02,11.547525,-0.18012841,13.875519,True,8.52,14.631973,2.0033624,16.95892,True
2024-05-09 12:10:00,8.26,104,4,10.4,11.697102,-0.06367333,14.049824,True,8.32,14.784485,2.1109884,17.142796,True
2024-05-09 12:15:00,8.190001,104,4,10.700001,11.628113,-0.1837085,14.077297,True,8.220001,14.724255,1.9840256,17.182201,True
2024-05-09 12:20:00,8.060003,104,3,10.74,11.450737,-0.3635982,14.041607,True,7.9500003,14.515835,1.769838,17.119606,True
2024-05-09 12:25:00,8.280001,104,3,10.66,11.661613,-0.4074653,14.458813,True,8.040001,14.716644,1.6842781,17.526737,True
2024-05-09 12:30:00,8.800001,104,3,10.35,12.217686,-0.22034295,15.21254,True,7.969999,15.290291,1.8431412,18.296883,True
2024-05-09 12:35:00,9.140001,104,3,9.99,12.520641,-0.10956986,15.661564,True,8.310001,15.558998,1.8991295,18.718777,True
2024-05-09 12:40:00,9.390003,104,4,9.780001,12.720081,0.1198384,15.887093,True,8.26,15.714222,2.091831,18.912857,True
2024-05-09 12:45:00,9.530001,104,4,9.5,12.904449,0.29518095,16.047115,True,7.979999,15.932598,2.2874734,19.117481,True
2024-05-09 12:50:00,9.52,104,4,9.32,12.867241,0.3992974,15.942356,True,7.36,15.877552,2.3859022,19.009815,True
2024-05-09 12:55:00,9.68,104,4,9.1,12.963013,0.6136605,15.9673,True,7.1699996,15.921303,2.5654333,18.99759,True
2024-05-09 13:00:00,9.870001,104,5,8.76,13.019833,0.6264512,16.071968,True,6.8399997,15.869869,2.4839551,19.005169,True
2024-05-09 13:05:00,10.02,104,5,8.52,13.118748,0.55615014,16.28817,True,6.1300006,15.928951,2.3586156,19.186813,True
2024-05-09 13:10:00,10.4,104,6,8.32,13.426876,0.8331563,16.585762,True,6.1300006,16.181042,2.5763738,19.443127,True
2024-05-09 13:15:00,10.700001,104,6,8.220001,13.641335,1.1316143,16.786789,True,5.4600005,16.331642,2.8202207,19.598927,True
2024-05-09 13:20:00,10.74,104,6,7.9500003,13.653034,1.2350746,16.755234,True,5.069999,16.331287,2.9103334,19.57288,True
2024-05-09 13:25:00,10.66,104,7,8.040001,13.635738,1.2239109,16.735283,True,4.7000003,16.372093,2.9402864,19.618404,True
2024-05-09 13:30:00,10.35,104,7,7.969999,13.349426,1.1733013,16.318787,True,4.3700004,16.124298,2.932655,19.259953,True
2024-05-09 13:35:00,9.99,104,7,8.310001,13.004768,1.0206467,15.862511,True,4.2399993,15.805935,2.8154962,18.845013,True
2024-05-09 13:40:00,9.780001,104,7,8.26,12.853184,0.9747998,15.57851,True,4.52,15.718693,2.826164,18.642494,True
2024-05-09 13:45:00,9.5,104,7,7.979999,12.74905,0.8542668,15.353287,True,5.1,15.776577,2.830507,18.587925,True
2024-05-09 13:50:00,9.32,104,6,7.36,12.892452,0.89253205,15.397755,True,5.6699996,16.199272,3.0806596,18.91861,True
2024-05-09 13:55:00,9.1,104,6,7.1699996,13.083637,0.7887818,15.512798,True,5.7000003,16.739922,3.2344587,19.38356,True
2024-05-09 14:00:00,8.76,104,7,6.8399997,13.115555,0.5974862,15.555973,True,6.1300006,17.103172,3.2737482,19.761345,True
2024-05-09 14:05:00,8.52,104,6,6.1300006,13.153824,0.6109387,15.486214,True,6.149999,17.389751,3.4878976,19.95522,True
2024-05-09 14:10:00,8.32,104,6,6.1300006,13.191818,0.69472474,15.4140625,True,6.44,17.640316,3.7490003,20.118076,True
2024-05-09 14:15:00,8.220001,104,6,5.4600005,13.130119,0.7087228,15.286007,True,6.5099998,17.629028,3.8113344,20.063286,True
2024-05-09 14:20:00,7.9500003,104,6,5.069999,12.929283,0.49697462,15.096664,True,7.0400004,17.507725,3.6609304,19.964638,True
2024-05-09 14:25:00,8.040001,104,6,4.7000003,12.991444,0.5159375,15.202694,True,7.0099998,17.559086,3.651594,20.076962,True
2024-05-09 14:30:00,7.969999,104,6,4.3700004,12.911392,0.35924116,15.2285385,True,7.149999,17.48307,3.4779851,20.114834,True
2024-05-09 14:35:00,8.310001,104,7,4.2399993,13.170883,0.5519368,15.5658455,True,7.3700004,17.678501,3.592714,20.403267,True
2024-05-09 14:40:00,8.26,104,7,4.52,12.899887,0.37408224,15.411961,True,7.53,17.24905,3.2805479,20.106518,True
2024-05-09 14:45:00,7.979999,104,7,5.1,12.485775,0.10850684,15.069454,True,7.8000007,16.751434,2.9549043,19.697662,True
2024-05-09 14:50:00,7.36,104,6,5.6699996,11.757256,-0.45509943,14.406006,True,7.979999,15.966938,2.3636014,18.991352,True
2024-05-09 14:55:00,7.1699996,104,5,5.7000003,11.5694065,-0.6754821,14.272018,True,8.130001,15.802193,2.147455,18.894943,True
2024-05-09 15:00:00,6.8399997,104,5,6.1300006,11.234501,-1.024258,14.013706,True,8.179998,15.485699,1.8120857,18.661263,True
2024-05-09 15:05:00,6.1300006,104,4,6.149999,10.459063,-1.6754974,13.329216,True,8.460001,14.685921,1.1564518,17.96579,True
2024-05-09 15:10:00,6.1300006,104,4,6.44,10.450577,-1.7050518,13.370476,True,8.26,14.680996,1.1204907,18.026062,True
2024-05-09 15:15:00,5.4600005,104,3,6.5099998,9.891226,-2.2552722,12.853226,True,8.23,14.242981,0.6858956,17.63332,True
2024-05-09 15:20:00,5.069999,104,3,7.0400004,9.673031,-2.5702593,12.685566,True,8.09,14.194603,0.5089223,17.636166,True
2024-05-09 15:25:00,4.7000003,104,3,7.0099998,9.179771,-2.907984,12.2341385,True,8.220001,13.61652,0.12358634,17.123642,True
2024-05-09 15:30:00,4.3700004,104,2,7.149999,9.018602,-3.0320933,12.038454,True,9.060001,13.62661,0.16355102,17.10952,True
2024-05-09 15:35:00,4.2399993,104,2,7.3700004,8.9457,-3.2206633,12.053225,True,10.99,13.623528,0.01642005,17.192944,True
2024-05-09 15:40:00,4.52,104,2,7.53,9.293898,-3.0787566,12.484268,True,11.790001,14.040878,0.17685859,17.689632,True
2024-05-09 15:45:00,5.1,104,3,7.8000007,9.976,-2.6386168,13.2349205,True,12.380001,14.810001,0.63887376,18.52472,True
2024-05-09 15:50:00,5.6699996,104,4,7.979999,10.684105,-2.2089388,14.044125,True,11.93,15.631065,1.10803,19.442413,True
2024-05-09 15:55:00,5.7000003,104,5,8.130001,10.7905655,-2.1450808,14.22831,True,11.450001,15.816463,1.2325836,19.705402,True
2024-05-09 16:00:00,6.1300006,104,4,8.179998,11.209761,-1.7490944,14.694546,True,11.140001,16.228065,1.6036316,20.174149,True
2024-05-09 16:05:00,6.149999,104,4,8.460001,11.196447,-1.7452377,14.732109,True,11.09,16.20169,1.5962883,20.205006,True
2024-05-09 16:10:00,6.44,104,3,8.26,11.464302,-1.5956157,15.077038,True,10.98,16.450401,1.7135807,20.526104,True
2024-05-09 16:15:00,6.5099998,104,3,8.23,11.488176,-1.6888794,15.196239,True,10.369999,16.445168,1.5730454,20.611954,True
2024-05-09 16:20:00,7.0400004,104,3,8.09,11.988083,-1.3775371,15.794331,True,12.27,16.915611,1.8190037,21.172192,True
2024-05-09 16:25:00,7.0099998,104,3,8.220001,11.963739,-1.407103,15.850822,True,15.689999,16.908085,1.8036457,21.241352,True
2024-05-09 16:30:00,7.149999,104,3,9.060001,12.139227,-1.3079246,16.10012,True,17.220001,17.114132,1.9253956,21.515335,True
2024-05-09 16:35:00,7.3700004,104,3,10.99,12.407871,-1.1344246,16.44273,True,17.330002,17.418884,2.1218698,21.89209,True
2024-05-09 16:40:00,7.53,104,3,11.790001,12.718559,-1.0702595,16.849918,True,17.670002,17.861397,2.2535665,22.41124,True
2024-05-09 16:45:00,7.8000007,104,3,12.380001,13.121548,-0.8893817,17.346,True,16.690002,18.374638,2.489641,23.00077,True
2024-05-09 16:50:00,7.979999,104,3,11.93,13.383423,-0.73508674,17.70739,True,15.91,18.703701,2.6786268,23.422035,True
2024-05-09 16:55:00,8.130001,104,3,11.450001,13.599297,-0.5932563,18.004734,True,16.130001,18.974617,2.8564737,23.763447,True
2024-05-09 17:00:00,8.179998,104,3,11.140001,13.668983,-0.5378383,18.143211,True,15.93,19.065308,2.9320428,23.913391,True
2024-05-09 17:05:00,8.460001,104,4,11.09,13.838524,-0.41639933,18.418327,True,15.049999,19.13095,2.9657953,24.075775,True
2024-05-09 17:10:00,8.26,104,4,10.98,13.632893,-0.69927055,18.334244,True,13.630001,18.927906,2.692146,23.977322,True
2024-05-09 17:15:00,8.23,104,3,10.369999,13.48,-0.86045486,18.343449,True,13.310001,18.664745,2.4551141,23.866756,True
2024-05-09 17:20:00,8.09,104,3,12.27,13.288105,-1.1789325,18.300625,True,13.689999,18.424053,2.097654,23.76202,True
2024-05-09 17:25:00,8.220001,104,3,15.689999,13.294781,-1.4640602,18.522202,True,15.209999,18.304916,1.6862675,23.832268,True
2024-05-09 17:30:00,9.060001,104,3,17.220001,14.493969,-1.3488659,19.95826,True,14.740002,19.749435,1.8605648,25.451534,True
2024-05-09 17:35:00,10.99,104,3,17.330002,17.287483,-0.1319545,22.913002,True,12.540001,23.093441,3.2916524,28.89178,True
2024-05-09 17:40:00,11.790001,104,3,17.670002,18.992912,-0.14566071,24.923256,True,11.42,25.371094,3.504711,31.399422,True
2024-05-09 17:45:00,12.380001,104,3,16.690002,20.351192,0.3556935,26.408428,True,10.26,27.175209,4.2276187,33.306084,True
2024-05-09 17:50:00,11.93,104,4,15.91,20.157227,-0.25006327,26.439457,True,9.07,27.16969,3.7466314,33.47906,True
2024-05-09 17:55:00,11.450001,104,4,16.130001,19.684883,-0.88469726,26.213589,True,6.9899993,26.728096,3.1449945,33.251007,True
2024-05-09 18:00:00,11.140001,104,4,15.93,19.178677,-1.0975021,25.874317,True,6.5899997,26.10646,2.9054658,32.785145,True
2024-05-09 18:05:00,11.09,104,4,15.049999,18.878815,-0.93668586,25.683933,True,7.469999,25.638916,3.0029085,32.431656,True
2024-05-09 18:10:00,10.98,104,5,13.630001,18.32483,-1.3108314,25.374554,True,7.86,24.775639,2.4460351,31.799252,True
2024-05-09 18:15:00,10.369999,104,4,13.310001,16.827168,-2.6372874,24.2934,True,8.540001,22.660522,0.7229344,30.088463,True
2024-05-09 18:20:00,12.27,104,7,13.689999,17.754234,-3.2936614,25.829006,True,7.9899993,22.64756,-0.692776,30.685608,True
2024-05-09 18:25:00,15.689999,104,12,15.209999,20.42672,-2.1271594,28.774063,True,6.94,24.486973,-0.15718491,32.84335,True
2024-05-09 18:30:00,17.220001,104,13,14.740002,21.589207,-1.6223587,30.074543,True,6.5099998,25.261242,0.08393447,33.7756,True
2024-05-09 18:35:00,17.330002,104,13,12.540001,22.009296,-1.8047775,30.601482,True,5.8800006,25.89241,0.02453391,34.482433,True
2024-05-09 18:40:00,17.670002,104,14,11.42,23.028801,-0.29274973,31.405315,True,4.389999,27.400486,1.8606087,35.761044,True
2024-05-09 18:45:00,16.690002,104,13,10.26,22.495327,0.2440087,30.686844,True,4.389999,27.290012,2.7271917,35.445744,True
2024-05-09 18:50:00,15.91,104,12,9.07,21.956108,0.10192649,30.014244,True,4.0400004,26.989807,2.7760847,34.993046,True
2024-05-09 18:55:00,16.130001,104,12,6.9899993,22.159416,-0.15192635,30.297607,True,3.9999998,27.14627,2.4865968,35.20784,True
2024-05-09 19:00:00,15.93,104,13,6.5899997,21.65464,-1.1249355,30.051464,True,-0.3099998,26.422825,1.372665,34.719463,False
2024-05-09 19:05:00,15.049999,104,12,7.469999,20.283928,-2.7695696,29.054852,True,-3.1199992,24.73975,-0.45178828,33.38447,False
2024-05-09 19:10:00,13.630001,104,11,7.86,18.65091,-4.748094,27.77533,True,-3.449999,23.024445,-2.4637587,31.981686,False
2024-05-09 19:15:00,13.310001,104,9,8.540001,18.511162,-4.700153,27.638466,True,-2.8099997,23.057098,-2.2793677,31.990143,False
2024-05-09 19:20:00,13.689999,104,10,7.9899993,19.217957,-3.593201,28.156425,True,-2.0399992,24.004116,-0.99731857,32.74044,False
2024-05-09 19:25:00,15.209999,104,13,6.94,20.95068,-1.7323154,29.641983,True,-2.529999,25.783817,0.8887555,34.292633,False
2024-05-09 19:30:00,14.740002,104,13,6.5099998,20.988663,-1.2010273,29.505615,True,-3.57,26.23304,1.7229592,34.550404,False
2024-05-09 19:35:00,12.540001,104,12,5.8800006,19.323227,-1.9786705,27.79036,True,-4.8800006,25.15686,1.4364048,33.371235,False
2024-05-09 19:40:00,11.42,104,9,4.389999,18.51426,-2.4984095,27.008923,True,-5.8400006,24.669365,1.1891323,32.874012,False
2024-05-09 19:45:00,10.26,104,9,4.389999,17.224865,-3.4417708,25.834389,True,-6.81,23.385403,0.31392446,31.675434,False
2024-05-09 19:50:00,9.07,104,8,4.0400004,15.836159,-4.5054717,24.577621,True,-7.3400006,21.935848,-0.7251151,30.33435,False
2024-05-09 19:55:00,6.9899993,104,8,3.9999998,13.636158,-6.218576,22.521164,True,-7.3800006,19.794815,-2.2948477,28.304523,False
2024-05-09 20:00:00,6.5899997,104,7,-0.3099998,13.120285,-6.461352,21.963928,True,-7.3300004,19.20647,-2.5463374,27.675304,False
2024-05-09 20:05:00,7.469999,104,9,-3.1199992,14.093536,-5.4969554,22.70422,True,-7.43,20.18755,-1.5813679,28.428715,False
2024-05-09 20:10:00,7.86,104,10,-3.449999,14.449757,-4.9705386,22.88139,True,-6.89,20.489017,-1.083567,28.556324,False
2024-05-09 20:15:00,8.540001,104,11,-2.8099997,14.316551,-4.884829,22.767975,True,-5.8699994,19.639275,-1.5105442,27.763855,False
2024-05-09 20:20:00,7.9899993,104,11,-2.0399992,13.1839905,-6.050656,21.618206,True,-5.94,18.01875,-2.9943717,26.140938,False
2024-05-09 20:25:00,6.94,104,11,-2.529999,11.741341,-7.4771466,20.273308,True,-6.39,16.267159,-4.6021237,24.4864,False
2024-05-09 20:30:00,6.5099998,104,10,-3.57,11.126036,-8.007599,19.689312,True,-7.32,15.494869,-5.2203383,23.744518,False
2024-05-09 20:35:00,5.8800006,104,11,-4.8800006,10.452074,-8.51464,19.041851,True,-7.3800006,14.800293,-5.708652,23.067966,False
2024-05-09 20:40:00,4.389999,104,12,-5.8400006,9.008713,-9.554113,17.618996,True,-10.37,13.454327,-6.613189,21.728802,False
2024-05-09 20:45:00,4.389999,104,11,-6.81,9.291336,-9.261821,17.832706,True,-10.57,13.990112,-6.123961,22.168568,False
2024-05-09 20:50:00,4.0400004,104,12,-7.3400006,9.159422,-9.423469,17.712917,True,-8.15,14.063408,-6.1133704,22.225357,False
2024-05-09 20:55:00,3.9999998,104,13,-7.3800006,9.364492,-9.602721,17.9967,True,-8.14,14.481342,-6.1491866,22.68084,False
2024-05-09 21:00:00,-0.3099998,104,13,-7.3300004,5.1831813,-13.151373,14.111828,True,-8.78,10.588869,-9.293126,19.05045,True
2024-05-09 21:05:00,-3.1199992,104,8,-7.43,1.9161774,-15.65601,11.144684,True,-8.82,6.9610343,-11.922897,15.756668,True
2024-05-09 21:10:00,-3.449999,104,8,-6.89,1.4644066,-16.02619,10.880293,True,-10.28,6.3840804,-12.361995,15.365971,True
2024-05-09 21:15:00,-2.8099997,104,10,-5.8699994,1.8095623,-15.830142,11.370476,True,-10.34,6.407991,-12.436614,15.542633,True
2024-05-09 21:20:00,-2.0399992,104,12,-5.94,2.2386243,-15.775823,12.044617,True,-9.98,6.467792,-12.705793,15.8525505,True
2024-05-09 21:25:00,-2.529999,104,13,-6.39,1.5371853,-16.068518,11.480339,True,-9.77,5.5604606,-13.110186,15.098743,True
2024-05-09 21:30:00,-3.57,104,13,-7.32,0.21373717,-16.75497,10.060268,True,-9.51,3.9682004,-13.935294,13.438755,True
2024-05-09 21:35:00,-4.8800006,104,13,-7.3800006,-1.8706535,-18.155317,8.104029,True,-10.56,1.1169983,-15.874036,10.77845,True
2024-05-09 21:40:00,-5.8400006,104,12,-10.37,-3.43071,-19.140749,6.689449,True,-10.74,-1.0495895,-17.299896,8.801744,True
2024-05-09 21:45:00,-6.81,104,12,-10.57,-4.6527953,-19.855377,5.3763785,True,-10.44,-2.527428,-18.179565,7.2513766,True
2024-05-09 21:50:00,-7.3400006,104,11,-8.15,-5.1977954,-20.544044,4.7249846,True,-11.09,-3.0871089,-18.861311,6.5762324,True
2024-05-09 21:55:00,-7.3800006,104,11,-8.14,-5.0511374,-20.50935,4.7786155,True,-11.82,-2.7533572,-18.668276,6.792766,True
2024-05-09 22:00:00,-7.3300004,104,11,-8.78,-4.676436,-19.945522,4.8780646,True,-12.239999,-2.051779,-17.819765,7.1923785,True
2024-05-09 22:05:00,-7.43,104,12,-8.82,-3.8514063,-19.284346,5.2676005,True,-13.58,-0.29878458,-16.373604,8.442051,True
2024-05-09 22:10:00,-6.89,104,12,-10.28,-2.6734412,-18.696337,6.182544,True,-13.62,1.5055882,-15.295562,9.917364,True
2024-05-09 22:15:00,-5.8699994,104,13,-10.34,-1.0985683,-18.415148,7.7956157,True,-14.28,3.6121633,-14.678883,11.969536,True
2024-05-09 22:20:00,-5.94,104,12,-9.98,-1.22901,-19.295147,7.885038,True,-15.45,3.4279745,-15.650674,11.964596,True
2024-05-09 22:25:00,-6.39,104,12,-9.77,-1.8960384,-20.027603,7.3516517,True,-15.85,2.558376,-16.535784,11.226021,True
2024-05-09 22:30:00,-7.32,104,12,-9.51,-3.0374281,-21.171347,6.424293,True,-16.73,1.22179,-17.804323,10.104544,True
2024-05-09 22:35:00,-7.3800006,104,11,-10.56,-3.3598998,-21.659908,6.3256392,True,-16.43,0.63318795,-18.50452,9.744511,True
2024-05-09 22:40:00,-10.37,104,9,-10.74,-6.9907327,-24.629553,3.1150033,True,-13.89,-3.6033232,-21.847256,5.9863677,True
2024-05-09 22:45:00,-10.57,104,8,-10.44,-7.663629,-25.278084,2.7569253,True,-14.07,-4.7610126,-22.873941,5.17884,True
2024-05-09 22:50:00,-8.15,104,11,-11.09,-5.87888,-23.901587,4.771829,True,-14.61,-3.6617358,-22.080769,6.551767,True
2024-05-09 22:55:00,-8.14,104,11,-11.82,-6.5815578,-23.800383,4.3159556,True,-14.93,-5.0971065,-22.523476,5.4326224,True
2024-05-09 23:00:00,-8.78,104,10,-12.239999,-7.8403916,-24.221914,3.1766813,True,-15.06,-6.983602,-23.411379,3.719734,True
2024-05-09 23:05:00,-8.82,104,9,-13.58,-8.403501,-24.544071,2.791828,True,-15.36,-8.079411,-24.136942,2.8403947,True
2024-05-09 23:10:00,-10.28,104,9,-13.62,-10.265795,-26.256487,1.2551972,True,-15.21,-10.3368225,-26.143673,0.93857163,True
2024-05-09 23:15:00,-10.34,104,8,-14.28,-10.440083,-26.56926,1.2276512,True,-15.77,-10.624645,-26.533577,0.8024575,True
2024-05-09 23:20:00,-9.98,104,8,-15.45,-9.971329,-26.000698,1.5799252,True,-16.29,-10.045641,-25.873716,1.2548405,True
2024-05-09 23:25:00,-9.77,104,8,-15.85,-9.274184,-25.029774,1.8715588,True,-16.28,-8.862663,-24.517239,1.9896084,True
2024-05-09 23:30:00,-9.51,104,9,-16.73,-8.607615,-24.795023,2.2199552,True,-16.44,-7.795778,-23.959227,2.698242,True
2024-05-09 23:35:00,-10.56,104,8,-16.43,-9.55131,-26.223381,1.3309323,True,-16.27,-8.628552,-25.284746,1.9027668,True
2024-05-09 23:40:00,-10.74,104,8,-13.89,-9.607804,-26.686016,1.2976052,True,-17.13,-8.562681,-25.640774,1.9728371,True
2024-05-09 23:45:00,-10.44,104,7,-14.07,-9.182996,-26.587175,1.6988541,True,-17.41,-8.018761,-25.440674,2.4715555,True
2024-05-09 23:50:00,-11.09,104,8,-14.61,-10.098719,-27.05614,0.7789075,True,-17.06,-9.197105,-26.103872,1.3084217,True
2024-05-09 23:55:00,-11.82,104,7,-14.93,-10.907188,-26.98943,-0.21611436,True,-17.67,-10.076161,-26.084513,0.25261274,True
2024-05-10 00:00:00,-12.239999,104,6,-15.06,-11.277535,-26.925165,-0.7766517,True,-18.2,-10.392869,-25.966286,-0.2610248,True
2024-05-10 00:05:00,-13.58,104,5,-15.36,-12.867248,-28.401348,-2.1803076,True,-19.02,-12.220716,-27.621489,-1.8871273,True
2024-05-10 00:10:00,-13.62,104,4,-15.21,-13.404026,-29.21955,-2.3562357,True,-18.73,-13.253369,-28.832716,-2.5239718,True
2024-05-10 00:15:00,-14.28,104,3,-15.77,-14.623355,-30.66102,-3.1036856,True,-17.59,-15.025799,-30.7056,-3.7801573,True
2024-05-10 00:20:00,-15.45,104,2,-16.29,-16.164492,-32.4914,-4.134254,True,-17.0,-16.928589,-32.808105,-5.1434474,True
2024-05-10 00:25:00,-15.85,104,1,-16.28,-16.921629,-33.372894,-4.5956025,True,-16.84,-18.036568,-33.95572,-5.9233546,True
2024-05-10 00:30:00,-16.73,104,0,-16.44,-17.993895,-34.326584,-5.5480046,True,-14.59,-19.290073,-35.050224,-7.041595,True
2024-05-10 00:35:00,-16.43,104,-1,-16.27,-17.887703,-34.025223,-5.4988847,True,-13.07,-19.372984,-34.891045,-7.1689677,True
2024-05-10 00:40:00,-13.89,104,2,-17.13,-15.38291,-31.671553,-3.279011,True,-11.33,-16.923695,-32.550102,-5.0060763,True
2024-05-10 00:45:00,-14.07,104,1,-17.41,-15.749131,-31.774475,-3.6335127,True,-9.99,-17.46427,-32.788532,-5.5243077,True
2024-05-10 00:50:00,-14.61,104,0,-17.06,-16.392107,-32.07507,-4.2462907,True,-10.57,-18.193605,-33.166626,-6.2207274,True
2024-05-10 00:55:00,-14.93,104,-1,-17.67,-16.995823,-32.595848,-4.7295527,True,-10.53,-19.071238,-33.902077,-6.9599595,True
2024-05-10 01:00:00,-15.06,104,-2,-18.2,-17.496017,-33.492256,-4.769094,True,-9.41,-19.925024,-35.050392,-7.3115973,True
2024-05-10 01:05:00,-15.36,104,-2,-19.02,-17.973597,-33.930885,-4.800836,True,-9.02,-20.532461,-35.569572,-7.4536824,True
2024-05-10 01:10:00,-15.21,104,-3,-18.73,-17.913843,-33.293915,-4.8308425,True,-2.0800002,-20.516254,-34.97036,-7.530624,False
2024-05-10 01:15:00,-15.77,104,-2,-17.59,-18.433441,-33.010914,-5.627279,True,2.6699998,-20.948565,-34.65059,-8.26265,False
2024-05-10 01:20:00,-16.29,104,-3,-17.0,-18.521225,-32.81722,-6.0452704,True,-2.6299994,-20.603836,-34.13836,-8.288019,False
2024-05-10 01:25:00,-16.28,104,-3,-16.84,-18.551828,-32.822067,-6.200642,True,-0.05999978,-20.658619,-34.172436,-8.467128,False
2024-05-10 01:30:00,-16.44,104,-3,-14.59,-18.775503,-33.03195,-6.387468,True,-1.15,-20.925611,-34.421978,-8.694752,False
2024-05-10 01:35:00,-16.27,104,-3,-13.07,-18.191566,-32.77471,-5.65643,True,-2.8999999,-19.949995,-33.821323,-7.5946565,False
2024-05-10 01:40:00,-17.13,104,-3,-11.33,-18.103823,-32.62117,-5.9453034,True,-5.2900004,-18.987246,-32.965115,-7.0817466,False
2024-05-10 01:45:00,-17.41,104,-3,-9.99,-17.62044,-32.20478,-5.8799996,True,-6.22,-17.80993,-31.964458,-6.3809104,False
2024-05-10 01:50:00,-17.06,104,-3,-10.57,-16.06435,-30.91694,-4.8617606,True,-6.81,-15.161024,-29.751776,-4.3579345,True
2024-05-10 01:55:00,-17.67,104,-3,-10.53,-15.580741,-30.28382,-5.0742297,True,-7.65,-13.684078,-28.261003,-3.656071,True
2024-05-10 02:00:00,-18.2,104,-5,-9.41,-15.058809,-29.7433,-5.101276,True,-8.17,-12.211124,-26.872293,-2.8049319,True
2024-05-10 02:05:00,-19.02,104,-5,-9.02,-15.373979,-30.092155,-5.6060863,True,-8.77,-12.071039,-26.795013,-2.8951743,True
2024-05-10 02:10:00,-18.73,104,-6,-2.0800002,-13.595916,-29.420326,-3.7887118,False,-9.0,-8.9524555,-24.941643,0.12762038,True
2024-05-10 02:15:00,-17.59,104,-5,2.6699998,-10.573354,-28.021042,-0.637194,False,-10.34,-4.252253,-22.133432,4.7449965,True
2024-05-10 02:20:00,-17.0,104,-5,-2.6299994,-10.151373,-27.335854,-0.5107406,True,-9.75,-4.009216,-21.61901,4.719341,True
2024-05-10 02:25:00,-16.84,104,-5,-0.05999978,-9.4135685,-26.833376,0.04034011,True,-10.01,-2.7933295,-20.699636,5.6883445,True
2024-05-10 02:30:00,-14.59,104,-4,-1.15,-4.514787,-23.940212,4.604463,True,-10.2300005,4.274837,-16.099678,12.111647,True
2024-05-10 02:35:00,-13.07,104,-1,-2.8999999,-1.496653,-22.14649,6.967584,True,-10.33,8.412468,-13.483225,15.432426,True
2024-05-10 02:40:00,-11.33,104,0,-5.2900004,0.14647453,-21.304531,8.399473,True,-9.93,9.957987,-12.913009,16.716278,True
2024-05-10 02:45:00,-9.99,104,1,-6.22,0.6774575,-21.554384,9.132217,True,-10.14,9.890636,-13.849843,16.835125,True
2024-05-10 02:50:00,-10.57,104,-1,-6.81,-1.9185909,-23.759375,6.925081,True,-10.18,5.8163676,-17.238432,13.296207,True
2024-05-10 02:55:00,-10.53,104,-1,-7.65,-3.8653595,-25.46261,5.4423804,True,-10.26,2.23328,-20.267475,10.375614,True
2024-05-10 03:00:00,-9.41,104,0,-8.17,-5.014501,-26.308762,4.7586646,True,-10.72,-0.9595912,-22.726925,7.927257,True
2024-05-10 03:05:00,-9.02,104,0,-8.77,-6.682306,-27.863932,3.8380907,True,-11.2,-4.545322,-25.72049,5.359052,True
2024-05-10 03:10:00,-2.0800002,104,8,-9.0,-1.8763641,-24.810623,8.732126,True,-10.69,-1.8045238,-24.133621,8.481201,True
2024-05-10 03:15:00,2.6699998,104,16,-10.34,0.6855199,-24.109993,11.840704,True,-10.69,-1.3042644,-24.677652,9.837908,True
2024-05-10 03:20:00,-2.6299994,104,14,-9.75,-6.267014,-29.697992,6.618324,True,-11.19,-9.806118,-31.262468,3.2926557,True
2024-05-10 03:25:00,-0.05999978,104,14,-10.01,-5.608598,-29.809687,7.971397,True,-11.37,-10.918628,-32.34084,3.142101,True
2024-05-10 03:30:00,-1.15,104,19,-10.2300005,-7.8255897,-31.559153,6.696443,True,-11.63,-14.134557,-34.68005,1.0013443,True
2024-05-10 03:35:00,-2.8999999,104,14,-10.33,-10.233127,-33.406666,5.1650977,True,-11.63,-17.068935,-36.865837,-0.993048,True
2024-05-10 03:40:00,-5.2900004,104,12,-9.93,-13.080163,-35.19861,3.0257585,True,-11.29,-20.220764,-38.932556,-3.4205744,True
2024-05-10 03:45:00,-6.22,104,10,-10.14,-14.227671,-36.00515,2.2909048,True,-10.1,-21.490019,-39.846054,-4.2706027,True
2024-05-10 03:50:00,-6.81,104,10,-10.18,-14.750472,-35.977203,1.8878533,True,-9.6,-21.886868,-39.78969,-4.584971,True
2024-05-10 03:55:00,-7.65,104,10,-10.26,-15.3399105,-35.760178,1.2324044,True,-8.96,-22.19554,-39.486637,-5.0211654,True
2024-05-10 04:00:00,-8.17,104,10,-10.72,-15.55611,-35.501682,0.89884347,True,-8.08,-22.10981,-39.110046,-5.099756,True
2024-05-10 04:05:00,-8.77,104,9,-11.2,-16.052172,-35.393845,0.21464698,True,-6.81,-22.469894,-38.97543,-5.6845794,True
2024-05-10 04:10:00,-9.0,104,9,-10.69,-16.484722,-35.24764,-0.47932276,True,-6.2100005,-23.023052,-38.93888,-6.507235,False
2024-05-10 04:15:00,-10.34,104,8,-10.69,-17.983122,-35.540974,-2.059252,True,-5.97,-24.55116,-39.35111,-8.14174,False
2024-05-10 04:20:00,-9.75,104,7,-11.19,-17.483383,-34.141518,-1.9332298,True,-5.6700006,-24.067184,-38.01246,-8.06643,False
2024-05-10 04:25:00,-10.01,104,6,-11.37,-17.85738,-33.411934,-2.6109831,True,-5.5800004,-24.423948,-37.339386,-8.77275,False
2024-05-10 04:30:00,-10.2300005,104,5,-11.63,-18.03637,-32.988243,-2.7881186,True,-5.0900006,-24.455963,-36.84621,-8.840357,False
2024-05-10 04:35:00,-10.33,104,3,-11.63,-17.740295,-32.199287,-2.765776,True,-3.57,-23.770855,-35.846664,-8.480959,False
2024-05-10 04:40:00,-9.93,104,2,-11.29,-16.83786,-31.097872,-2.269543,True,-2.779999,-22.432775,-34.478703,-7.592912,False
2024-05-10 04:45:00,-10.14,104,2,-10.1,-16.189974,-30.324324,-2.0632975,True,-1.8699993,-21.071499,-33.249374,-6.736736,False
2024-05-10 04:50:00,-10.18,104,0,-9.6,-15.207208,-29.222906,-1.7065681,True,-1.0900005,-19.254375,-31.593828,-5.6223607,False
2024-05-10 04:55:00,-10.26,104,0,-8.96,-14.161405,-28.127312,-1.3319954,True,-1.439999,-17.289759,-29.872952,-4.4095674,False
2024-05-10 05:00:00,-10.72,104,0,-8.08,-13.352012,-27.380276,-1.1466831,True,-0.4599994,-15.436238,-28.39116,-3.270613,False
2024-05-10 05:05:00,-11.2,104,-2,-6.81,-12.627322,-26.683222,-0.9619029,True,1.1300007,-13.711742,-26.9738,-2.1751368,False
2024-05-10 05:10:00,-10.69,104,-2,-6.2100005,-11.181144,-25.54641,-0.10909684,True,1.9400002,-11.48952,-25.256775,-0.6173175,False
2024-05-10 05:15:00,-10.69,104,-3,-5.97,-10.495023,-25.018633,0.1646115,True,1.639999,-10.226138,-24.296926,0.1793,False
2024-05-10 05:20:00,-11.19,104,-5,-5.6700006,-10.4669285,-24.73443,-0.089338616,True,5.2100005,-9.749316,-23.680586,0.32904592,False
2024-05-10 05:25:00,-11.37,104,-7,-5.5800004,-10.485008,-24.561447,-0.26882586,True,6.2599998,-9.625065,-23.40206,0.2791554,False
2024-05-10 05:30:00,-11.63,104,-8,-5.0900006,-10.861623,-24.81262,-0.78529197,True,5.7399993,-10.095428,-23.729355,-0.31998858,False
2024-05-10 05:35:00,-11.63,104,-9,-3.57,-10.93578,-24.784344,-0.8599456,True,6.890001,-10.227799,-23.749834,-0.44554934,False
2024-05-10 05:40:00,-11.29,104,-9,-2.779999,-10.521405,-24.489992,-0.41262087,True,7.1300006,-9.743451,-23.3961,0.064084694,False
2024-05-10 05:45:00,-10.1,104,-7,-1.8699993,-9.342972,-23.568607,0.7479512,True,6.8000007,-8.570887,-22.47863,1.2217633,False
2024-05-10 05:50:00,-9.6,104,-7,-1.0900005,-8.46337,-22.71031,1.4377095,True,5.7000003,-7.361056,-21.374802,2.205631,False
2024-05-10 05:55:00,-8.96,104,-7,-1.439999,-7.5621085,-21.77361,2.122566,True,5.61,-6.230785,-20.268747,3.093908,False
2024-05-10 06:00:00,-8.08,104,-6,-0.4599994,-6.710468,-20.807938,2.7792718,True,5.5400004,-5.3986993,-19.324602,3.7341592,False
2024-05-10 06:05:00,-6.81,104,-5,1.1300007,-5.223781,-19.757038,4.16344,True,5.5500007,-3.720465,-18.133465,5.287296,False
2024-05-10 06:10:00,-6.2100005,104,-4,1.9400002,-4.499001,-19.496674,5.0403647,True,5.93,-2.8809302,-17.789352,6.2628245,True
2024-05-10 06:15:00,-5.97,104,-4,1.639999,-4.50509,-19.799255,5.251962,True,6.8299994,-3.0903475,-18.24186,6.2941623,False
2024-05-10 06:20:00,-5.6700006,104,-4,5.2100005,-4.485871,-20.589518,5.824138,True,7.6599994,-3.308163,-19.202145,6.660093,False
2024-05-10 06:25:00,-5.5800004,104,-5,6.2599998,-4.555041,-21.599663,6.476665,True,8.32,-3.5075743,-20.296963,7.2018104,False
2024-05-10 06:30:00,-5.0900006,104,-4,5.7399993,-4.4979653,-21.593134,6.724836,True,7.93,-3.824155,-20.552639,7.1330924,False
2024-05-10 06:35:00,-3.57,104,-2,6.890001,-3.4233687,-20.825506,7.8174567,True,6.729999,-3.1394293,-20.055874,7.8979278,True
2024-05-10 06:40:00,-2.779999,104,1,7.1300006,-3.2112296,-20.38815,8.022007,True,5.560001,-3.4307673,-19.967283,7.6758227,True
2024-05-10 06:45:00,-1.8699993,104,4,6.8000007,-2.7283041,-20.203379,8.688902,True,4.5099998,-3.317015,-20.021496,8.033382,True
2024-05-10 06:50:00,-1.0900005,104,7,5.7000003,-2.4630625,-19.798351,9.107763,True,3.4600008,-3.4931414,-19.909782,8.076405,True
2024-05-10 06:55:00,-1.439999,104,8,5.61,-3.3020232,-19.977413,8.502573,True,2.5200002,-4.75186,-20.387457,7.110393,True
2024-05-10 07:00:00,-0.4599994,104,9,5.5400004,-2.4677165,-19.557806,9.494978,True,2.4400003,-4.0321765,-20.019545,8.013378,True
2024-05-10 07:05:00,1.1300007,104,9,5.5500007,-1.4415249,-18.74413,10.516455,True,2.8199995,-3.4834006,-19.491943,8.6277485,True
2024-05-10 07:10:00,1.9400002,104,8,5.93,-0.4017509,-17.906483,11.479166,True,2.0699995,-2.22835,-18.513004,9.779058,True
2024-05-10 07:15:00,1.639999,104,5,6.8299994,0.04247062,-17.356544,11.886692,True,2.7000005,-1.1294597,-17.569809,10.750423,True
2024-05-10 07:20:00,5.2100005,104,8,7.6599994,3.7191179,-14.533391,15.06786,True,3.0599992,2.6615083,-14.643553,14.0324745,True
2024-05-10 07:25:00,6.2599998,104,10,8.32,5.3296123,-13.091792,16.303596,True,1.2599999,4.7535644,-12.917281,15.685116,True
2024-05-10 07:30:00,5.7399993,104,8,7.93,5.4815326,-12.645242,16.182983,True,1.0799996,5.472408,-12.141778,16.053074,True
2024-05-10 07:35:00,6.890001,104,7,6.729999,6.8638854,-11.656713,17.321983,True,2.1900003,7.0513186,-11.037448,17.365715,True
2024-05-10 07:40:00,7.1300006,104,6,5.560001,7.495727,-10.939294,17.635712,True,3.550001,8.006844,-10.137742,17.961926,True
2024-05-10 07:45:00,6.8000007,104,6,4.5099998,7.1864257,-10.792463,17.08273,True,4.0400004,7.718641,-9.994673,17.429733,True
2024-05-10 07:50:00,5.7000003,104,4,3.4600008,6.2396502,-10.792123,16.042988,True,3.0599992,6.9022956,-9.933972,16.504269,True
2024-05-10 07:55:00,5.61,104,3,2.5200002,6.084352,-10.341532,15.686024,True,1.2299992,6.6946197,-9.534458,16.103523,True
2024-05-10 08:00:00,5.5400004,104,2,2.4400003,5.7385573,-10.072834,15.057083,True,1.2900006,6.1246047,-9.430519,15.280834,True
2024-05-10 08:05:00,5.5500007,104,2,2.8199995,5.58909,-9.749201,14.668602,True,0.5400006,5.8429008,-9.214672,14.779648,True
2024-05-10 08:10:00,5.93,104,1,2.0699995,5.9994082,-9.064674,14.791889,True,-0.109999016,6.280458,-8.525827,14.928303,True
2024-05-10 08:15:00,6.8299994,104,2,2.7000005,7.226255,-7.786403,15.502682,True,0.1499993,7.7704463,-7.0932393,15.876736,True
2024-05-10 08:20:00,7.6599994,104,3,3.0599992,7.777057,-7.0433373,15.723949,True,0.55000085,8.089392,-6.5211368,15.897255,True
2024-05-10 08:25:00,8.32,104,2,1.2599999,8.628572,-6.245918,16.298866,True,-0.46999964,9.098579,-5.6283097,16.6167,True
2024-05-10 08:30:00,7.93,104,2,1.0799996,8.455782,-6.321715,16.05661,True,-1.110001,9.103554,-5.601847,16.53772,True
2024-05-10 08:35:00,6.729999,104,3,2.1900003,7.4115596,-7.175754,15.290527,True,-0.32000002,8.192757,-6.3773494,15.891346,True
2024-05-10 08:40:00,5.560001,104,3,3.550001,6.6350017,-7.86581,14.688854,True,0.12000053,7.7398467,-6.861954,15.578819,True
2024-05-10 08:45:00,4.5099998,104,3,4.0400004,5.9867435,-8.301082,14.026852,True,-0.33000025,7.426643,-7.073234,15.214775,True
2024-05-10 08:50:00,3.4600008,104,3,3.0599992,5.541082,-8.658118,13.362545,True,-2.5900004,7.479049,-7.0899425,14.994946,True
2024-05-10 08:55:00,2.5200002,104,2,1.2299992,4.724914,-9.177462,12.257605,True,-3.9699996,6.7772117,-7.5280204,13.995117,True
2024-05-10 09:00:00,2.4400003,104,2,1.2900006,5.064853,-8.941232,12.380669,True,-4.32,7.457969,-7.0605435,14.428566,True
2024-05-10 09:05:00,2.8199995,104,3,0.5400006,5.169517,-8.543661,12.20359,True,-3.8499997,7.339956,-6.826756,14.063572,True
2024-05-10 09:10:00,2.0699995,104,2,-0.109999016,4.077375,-9.008038,11.065788,True,-4.65,5.9754233,-7.4856515,12.6875725,True
2024-05-10 09:15:00,2.7000005,104,3,0.1499993,4.299072,-8.737809,11.360878,True,-4.65,5.8565326,-7.4778113,12.680641,True
2024-05-10 09:20:00,3.0599992,104,5,0.55000085,4.427402,-9.122013,11.96722,True,-4.4,5.7940173,-8.01963,13.113964,True
2024-05-10 09:25:00,1.2599999,104,3,-0.46999964,2.6223524,-10.650942,10.724634,True,-5.2900004,3.9913461,-9.556646,11.871599,True
2024-05-10 09:30:00,1.0799996,104,1,-1.110001,2.2746732,-11.077721,10.854097,True,-5.8699994,3.5032098,-10.097749,11.878914,True
2024-05-10 09:35:00,2.1900003,104,3,-0.32000002,2.9510877,-10.697655,11.820034,True,-6.5000005,3.8096902,-9.993859,12.523899,True
2024-05-10 09:40:00,3.550001,104,5,0.12000053,4.332477,-9.986221,13.477879,True,-6.5400004,5.2062163,-9.288794,14.19891,True
2024-05-10 09:45:00,4.0400004,104,6,-0.33000025,4.8222613,-9.657157,14.132946,True,-6.3000007,5.6886992,-8.981291,14.852226,True
2024-05-10 09:50:00,3.0599992,104,5,-2.5900004,4.0565543,-10.085746,13.524826,True,-4.23,5.102039,-9.298454,14.402409,True
2024-05-10 09:55:00,1.2299992,104,5,-3.9699996,2.2928197,-11.155833,11.96402,True,-2.9300005,3.3937242,-10.33458,12.89196,True
2024-05-10 10:00:00,1.2900006,104,2,-4.32,2.0247457,-11.269997,11.847002,True,-2.1000006,2.8442533,-10.658085,12.532482,True
2024-05-10 10:05:00,0.5400006,104,3,-3.8499997,0.80511445,-11.908675,10.878111,True,-2.4300005,1.2169319,-11.595271,11.20911,True
2024-05-10 10:10:00,-0.109999016,104,1,-4.65,0.13630836,-12.451666,10.520189,True,-3.2899992,0.5257451,-12.167107,10.833744,True
2024-05-10 10:15:00,0.1499993,104,1,-4.65,0.30287328,-12.297604,10.677471,True,-3.7999995,0.6074559,-12.084463,10.920504,True
2024-05-10 10:20:00,0.55000085,104,2,-4.4,0.60977525,-11.750712,10.978241,True,-3.7599995,0.82795876,-11.611469,11.147707,True
2024-05-10 10:25:00,-0.46999964,104,1,-5.2900004,-0.1601394,-11.748404,10.068283,True,-3.1900008,0.26307645,-11.472131,10.419231,True
2024-05-10 10:30:00,-1.110001,104,0,-5.8699994,-0.42021784,-11.605933,9.480125,True,-3.3400004,0.3228623,-11.097101,10.118303,True
2024-05-10 10:35:00,-0.32000002,104,0,-6.5000005,0.48657194,-10.702023,9.98242,True,-3.0900004,1.328035,-10.127816,10.715071,True
2024-05-10 10:40:00,0.12000053,104,1,-6.5400004,0.9910924,-10.129654,10.081652,True,-3.1000006,1.8861157,-9.521314,10.869902,True
2024-05-10 10:45:00,-0.33000025,104,1,-6.3000007,0.883661,-10.140342,9.6574745,True,-3.3899996,2.0728319,-9.310829,10.714703,True
2024-05-10 10:50:00,-2.5900004,104,-1,-4.23,-0.9111846,-11.5739765,7.796293,True,-3.3500006,0.67975205,-10.42055,9.217342,True
2024-05-10 10:55:00,-3.9699996,104,-4,-2.9300005,-1.7640613,-12.388109,6.8412147,True,-3.1800005,0.2860829,-10.863547,8.67767,True
2024-05-10 11:00:00,-4.32,104,-6,-2.1000006,-1.7248462,-12.483068,6.6986384,True,-3.029999,0.6626145,-10.688412,8.843508,True
2024-05-10 11:05:00,-3.8499997,104,-5,-2.4300005,-1.069384,-12.071321,7.116899,True,-1.9300007,1.4790398,-10.160675,9.413639,True
2024-05-10 11:10:00,-4.65,104,-6,-3.2899992,-1.7053913,-12.752571,6.4676375,True,-1.5399994,0.992109,-10.721561,8.901102,True
2024-05-10 11:15:00,-4.65,104,-6,-3.7999995,-1.7523617,-12.631122,6.084085,True,-2.3999999,0.90732545,-10.620611,8.498566,True
2024-05-10 11:20:00,-4.4,104,-6,-3.7599995,-1.5205692,-12.422902,6.147533,True,-2.5900004,1.1221806,-10.428925,8.5571785,True
2024-05-10 11:25:00,-5.2900004,104,-6,-3.1900008,-2.301699,-13.110169,5.417846,True,-2.6000006,0.43879667,-11.024044,7.9209285,True
2024-05-10 11:30:00,-5.8699994,104,-7,-3.3400004,-2.792477,-13.591819,5.012649,True,-2.3300002,0.028651876,-11.438274,7.5923476,True
2024-05-10 11:35:00,-6.5000005,104,-8,-3.0900004,-3.3762038,-14.111817,4.441774,True,-1.9699997,-0.5118087,-11.916267,7.0659575,True
2024-05-10 11:40:00,-6.5400004,104,-9,-3.1000006,-3.2493136,-14.05452,4.518102,True,-1.8099998,-0.24087937,-11.742878,7.27836,True
2024-05-10 11:45:00,-6.3000007,104,-9,-3.3899996,-2.9431899,-13.726384,4.614267,True,-1.0900005,0.12135284,-11.366751,7.4383845,True
2024-05-10 11:50:00,-4.23,104,-9,-3.3500006,-1.1124576,-12.048257,6.1513267,True,0.5400006,1.7359253,-9.903954,8.795578,True
2024-05-10 11:55:00,-2.9300005,104,-9,-3.1800005,0.15249984,-10.998564,7.228866,True,2.2299993,2.968994,-8.912167,9.854162,True
2024-05-10 12:00:00,-2.1000006,104,-9,-3.029999,1.078386,-10.434074,8.160936,True,2.1900003,3.9773576,-8.322189,10.864265,True
2024-05-10 12:05:00,-2.4300005,104,-8,-1.9300007,0.8900792,-10.817698,8.0816765,True,2.1699998,3.9200418,-8.62452,10.905514,True
2024-05-10 12:10:00,-3.2899992,104,-9,-1.5399994,0.21211402,-11.570331,7.5691333,True,2.430002,3.4064596,-9.248909,10.542456,True
2024-05-10 12:15:00,-3.7999995,104,-9,-2.3999999,0.32476583,-11.78928,7.693111,True,2.68,4.0628085,-9.043289,11.156534,True
2024-05-10 12:20:00,-3.7599995,104,-10,-2.5900004,-0.119661644,-11.764185,6.8526835,True,2.800001,3.2061021,-9.318304,9.970459,True
2024-05-10 12:25:00,-3.1900008,104,-9,-2.6000006,0.28729406,-11.443431,7.3586745,True,1.5899998,3.4639413,-9.142118,10.346035,True
2024-05-10 12:30:00,-3.3400004,104,-9,-2.3300002,0.012696905,-11.595397,7.0231185,True,1.5799996,3.0808065,-9.378224,9.9222145,True
2024-05-10 12:35:00,-3.0900004,104,-9,-1.9699997,0.14682738,-11.427848,7.134258,True,2.01,3.111925,-9.301579,9.948427,True
2024-05-10 12:40:00,-3.1000006,104,-9,-1.8099998,0.018899603,-11.471306,7.0024066,True,1.8999993,2.8807085,-9.431085,9.733995,True
2024-05-10 12:45:00,-3.3899996,104,-9,-1.0900005,-0.22516091,-11.671093,6.7037673,True,3.300001,2.6798456,-9.593698,9.485769,True
2024-05-10 12:50:00,-3.3500006,104,-9,0.5400006,-0.28061327,-11.717033,6.637771,True,6.2399993,2.543678,-9.712522,9.354773,True
2024-05-10 12:55:00,-3.1800005,104,-9,2.2299993,-0.035959557,-11.558632,6.8309035,True,13.150002,2.8564985,-9.511591,9.62014,False
2024-05-10 13:00:00,-3.029999,104,-8,2.1900003,0.5611035,-11.456932,7.5866084,True,12.030001,3.8449037,-9.1324625,10.7308655,False
2024-05-10 13:05:00,-1.9300007,104,-6,2.1699998,2.4815786,-10.622923,9.756708,True,11.48,6.4614596,-7.8438354,13.517918,True
2024-05-10 13:10:00,-1.5399994,104,-6,2.430002,3.4373872,-10.613603,11.187359,True,11.130001,7.8876414,-7.576113,15.352428,True
2024-05-10 13:15:00,-2.3999999,104,-5,2.68,3.1138513,-11.309466,11.112085,True,10.440001,8.033144,-7.9318404,15.685009,True
2024-05-10 13:20:00,-2.5900004,104,-5,2.800001,3.4299428,-11.482622,11.66357,True,8.48,8.768574,-7.8292384,16.59903,True
2024-05-10 13:25:00,-2.6000006,104,-5,1.5899998,3.7534235,-11.581417,12.20294,True,8.460001,9.35964,-7.7812514,17.36625,True
2024-05-10 13:30:00,-2.3300002,104,-4,1.5799996,3.5414445,-11.229928,11.7054405,True,9.380001,8.760956,-7.68187,16.561386,True
2024-05-10 13:35:00,-1.9699997,104,-3,2.01,3.5124223,-10.633077,11.319086,True,9.77,8.444773,-7.283651,15.967648,True
2024-05-10 13:40:00,-1.8099998,104,-2,1.8999993,4.2184424,-9.972972,11.867249,True,8.66,9.587215,-6.2673116,16.940975,True
2024-05-10 13:45:00,-1.0900005,104,-2,3.300001,5.7878604,-8.934049,13.253483,True,9.59,11.7801285,-4.7493806,18.920502,True
2024-05-10 13:50:00,0.5400006,104,1,6.2399993,8.615202,-7.687307,16.25137,True,9.48,15.416084,-3.087952,22.649036,True
2024-05-10 13:55:00,2.2299993,104,3,13.150002,12.15066,-5.858251,19.477016,True,10.73,20.109837,-0.602505,26.99171,True
2024-05-10 14:00:00,2.1900003,104,3,12.030001,13.484829,-5.2865567,20.44125,True,11.84,22.323605,0.5691697,28.835472,True
2024-05-10 14:05:00,2.1699998,104,4,11.48,15.039051,-4.9425073,21.770882,True,12.040001,24.794369,1.4491974,31.077854,True
2024-05-10 14:10:00,2.430002,104,4,11.130001,16.153156,-4.6037383,22.697632,True,11.300001,26.347599,1.979654,32.477768,True
2024-05-10 14:15:00,2.68,104,4,10.440001,16.282608,-4.3838725,22.568459,True,10.24,26.419613,2.1564271,32.33403,True
2024-05-10 14:20:00,2.800001,104,4,8.48,15.277336,-4.432671,21.276722,True,9.57,24.83691,1.8368851,30.507294,True
2024-05-10 14:25:00,1.5899998,104,3,8.460001,12.621277,-5.519567,18.517056,True,9.66,21.488361,0.53622407,27.067509,True
2024-05-10 14:30:00,1.5799996,104,3,9.380001,10.654896,-6.118076,16.67971,True,10.280001,18.260288,-0.8966201,24.044693,True
2024-05-10 14:35:00,2.01,104,4,9.77,10.3918705,-6.1105304,16.696465,True,12.07,17.480366,-1.3130592,23.586182,True
2024-05-10 14:40:00,1.8999993,104,3,8.66,9.824263,-6.49478,16.365429,True,15.43,16.604042,-1.9443191,22.966824,True
2024-05-10 14:45:00,3.300001,104,4,9.59,10.791798,-5.6999507,17.410305,True,14.0,17.174995,-1.5320209,23.673523,True
2024-05-10 14:50:00,6.2399993,104,8,9.48,13.285194,-3.7895215,19.829704,True,14.260002,19.18827,-0.1473945,25.695549,True
2024-05-10 14:55:00,13.150002,104,14,10.73,19.269886,0.7765309,25.481335,True,14.369999,24.139973,3.3849046,30.502235,True
2024-05-10 15:00:00,12.030001,104,17,11.84,18.451515,0.30307165,24.489124,True,12.73,23.615784,3.1813009,29.801014,True
2024-05-10 15:05:00,11.48,104,17,12.040001,17.95683,0.22957198,23.842049,True,42.220005,23.220535,3.239885,29.270958,False
2024-05-10 15:10:00,11.130001,104,15,11.300001,17.734253,0.14615028,23.505379,True,56.960003,23.13266,3.2796018,29.083523,False
2024-05-10 15:15:00,10.440001,104,14,10.24,16.970272,-0.3496059,22.748222,True,58.350002,22.391235,2.8360364,28.349888,False
2024-05-10 15:20:00,8.48,104,14,9.57,14.707077,-1.9027027,20.574669,True,39.25,20.05772,1.3415638,26.091793,False
2024-05-10 15:25:00,8.460001,104,12,9.66,13.951405,-2.351391,19.999851,True,24.57,18.783192,0.50356835,25.030067,True
2024-05-10 15:30:00,9.380001,104,12,10.280001,13.244686,-2.8075583,19.853626,True,6.219999,16.803112,-0.97174484,23.678448,True
2024-05-10 15:35:00,9.77,104,11,12.07,14.082314,-2.7183802,21.001251,True,6.8299994,17.991169,-0.719971,25.139694,True
2024-05-10 15:40:00,8.66,104,12,15.43,14.03883,-3.1533797,20.93483,True,-7.5000005,18.816399,-0.51600486,25.886276,False
2024-05-10 15:45:00,9.59,104,13,14.0,15.479858,-2.2615645,22.193474,True,-17.25,20.621017,0.5771615,27.508064,False
2024-05-10 15:50:00,9.48,104,13,14.260002,16.269299,-1.8337711,22.669647,True,-23.55,22.075378,1.4890438,28.640278,False
2024-05-10 15:55:00,10.73,104,14,14.369999,18.276005,-0.6336749,24.504581,True,-24.18,24.522366,2.906553,30.932907,False
2024-05-10 16:00:00,11.84,104,14,12.73,19.164402,0.16615646,25.248833,True,-40.04,25.203285,3.5299776,31.511337,False
2024-05-10 16:05:00,12.040001,104,14,42.220005,19.142147,0.3252484,25.068909,False,-60.46,25.047756,3.6154382,31.21661,False
2024-05-10 16:10:00,11.300001,104,13,56.960003,17.204739,-0.51898414,23.1334,False,-80.12,22.396976,2.364168,28.582283,False
2024-05-10 16:15:00,10.24,104,11,58.350002,15.3042755,-1.6576065,21.2541,False,-90.08,19.96043,0.9065053,26.190975,False
2024-05-10 16:20:00,9.57,104,9,39.25,14.731598,-2.004244,20.625175,False,-86.9,19.507607,0.6932675,25.679024,False
2024-05-10 16:25:00,9.66,104,8,24.57,14.206272,-2.6834815,20.403381,False,-65.89,18.509308,-0.3885158,24.98502,False
2024-05-10 16:30:00,10.280001,104,8,6.219999,14.4789505,-2.7127345,20.769474,True,-61.26,18.483776,-0.67873603,25.06091,False
2024-05-10 16:35:00,12.07,104,11,6.8299994,21.352604,-1.6066345,28.11282,True,-85.49,28.633686,2.2009923,35.46675,False
2024-05-10 16:40:00,15.43,104,14,-7.5000005,32.15425,-6.4182515,42.009335,False,-98.83,41.473583,-3.0502264,51.779408,False
2024-05-10 16:45:00,14.0,104,18,-17.25,35.478287,-31.448715,54.211338,True,-104.34,44.79175,-28.963066,63.558743,False
2024-05-10 16:50:00,14.260002,104,13,-23.55,30.515625,-82.05985,64.03504,True,-114.42,36.260895,-78.86683,68.56704,False
2024-05-10 16:55:00,14.369999,104,16,-24.18,23.528584,-111.125275,65.08802,True,-135.32,26.705013,-109.59349,67.2954,False
2024-05-10 17:00:00,12.73,104,12,-40.04,20.757717,-116.26623,64.273895,True,-142.73,23.54372,-114.92859,66.0912,False
2024-05-10 17:05:00,42.220005,104,46,-60.46,20.32536,-125.442024,67.30023,True,-130.66,12.603165,-136.15468,61.627003,True
2024-05-10 17:10:00,56.960003,104,79,-80.12,20.652176,-119.78001,67.35559,True,-122.82,9.803535,-134.15686,58.369892,True
2024-05-10 17:15:00,58.350002,104,79,-90.08,7.659885,-136.60793,59.998943,True,-120.92,-12.270881,-152.14467,44.496616,True
2024-05-10 17:20:00,39.25,104,67,-86.9,-11.072664,-147.27657,45.56322,True,-116.83,-37.447037,-156.5517,25.933796,True
2024-05-10 17:25:00,24.57,104,55,-65.89,-19.02942,-139.0527,35.185127,True,-113.87,-43.917057,-144.64061,16.031368,True
2024-05-10 17:30:00,6.219999,104,40,-61.26,-52.8456,-157.93446,15.193527,True,-119.0,-82.14626,-167.04898,-6.7217317,True
2024-05-10 17:35:00,6.8299994,104,38,-85.49,-73.87302,-170.80379,2.6390321,True,-109.7,-109.277176,-186.74876,-23.477425,True
2024-05-10 17:40:00,-7.5000005,104,41,-98.83,-122.70427,-212.54976,-25.07753,True,-92.99,-172.76729,-254.4533,-56.695892,True
2024-05-10 17:45:00,-17.25,104,22,-104.34,-125.59868,-206.43637,-31.408749,True,-75.31,-172.16232,-246.904,-61.290176,True
2024-05-10 17:50:00,-23.55,104,6,-114.42,-122.44151,-199.80774,-32.35049,True,-89.98,-161.82047,-232.91803,-58.807587,True
2024-05-10 17:55:00,-24.18,104,-9,-135.32,-117.42797,-194.3285,-30.240461,True,-116.59999,-151.04579,-220.22736,-54.56006,True
2024-05-10 18:00:00,-40.04,104,-2,-142.73,-106.657104,-173.33739,-31.552856,True,-139.26,-131.90155,-192.42601,-49.856068,True
2024-05-10 18:05:00,-60.46,104,-18,-130.66,-127.110016,-200.6131,-38.43523,True,-143.07,-157.6157,-230.34926,-55.757233,True
2024-05-10 18:10:00,-80.12,104,-39,-122.82,-154.0007,-231.54944,-50.777325,True,-138.66,-194.90086,-276.72006,-71.30657,True
2024-05-10 18:15:00,-90.08,104,-72,-120.92,-173.89641,-253.40982,-60.508904,True,-134.67,-223.97641,-310.14526,-86.33571,True
2024-05-10 18:20:00,-86.9,104,-76,-116.83,-186.76828,-268.19336,-65.55657,True,-132.7,-246.78587,-336.523,-98.399445,True
2024-05-10 18:25:00,-65.89,104,-46,-113.87,-183.91806,-263.807,-64.074684,True,-146.93,-252.64651,-340.35922,-103.39055,True
2024-05-10 18:30:00,-61.26,104,-50,-119.0,-145.92395,-212.23705,-54.376728,True,-142.06,-185.03653,-251.92427,-77.800865,True
2024-05-10 18:35:00,-85.49,104,-81,-109.7,-142.87624,-199.31888,-59.56161,True,-157.65,-171.29633,-228.04445,-76.29503,True
2024-05-10 18:40:00,-98.83,104,-84,-92.99,-140.97227,-191.55678,-62.6016,True,-154.06,-163.11278,-213.8006,-75.39777,True
2024-05-10 18:45:00,-104.34,104,-82,-75.31,-139.18272,-188.77844,-62.176968,True,-154.99,-157.5153,-207.29729,-72.57477,True
2024-05-10 18:50:00,-114.42,104,-82,-89.98,-138.03902,-187.68881,-61.932426,True,-159.71,-150.96846,-200.77666,-69.00917,True
2024-05-10 18:55:00,-135.32,104,-104,-116.59999,-143.6168,-192.23326,-66.65421,True,-183.37,-148.90906,-197.77428,-69.438705,True
2024-05-10 19:00:00,-142.73,104,-148,-139.26,-144.5979,-193.57599,-67.242516,True,-192.1,-146.11418,-195.40218,-67.98538,True
2024-05-10 19:05:00,-130.66,104,-166,-143.07,-133.52599,-187.75117,-57.660263,True,-199.57,-135.41096,-189.9457,-58.61119,False
2024-05-10 19:10:00,-122.82,104,-158,-138.66,-120.43098,-178.90169,-48.94733,True,-216.09,-119.5897,-178.43048,-48.40696,False
2024-05-10 19:15:00,-120.92,104,-170,-134.67,-114.208824,-180.43509,-42.75985,True,-232.44,-111.485695,-178.14873,-41.189217,False
2024-05-10 19:20:00,-116.83,104,-178,-132.7,-108.47627,-181.61821,-37.52831,True,-239.5,-105.24792,-178.8591,-35.6698,False
2024-05-10 19:25:00,-113.87,104,-171,-146.93,-110.97025,-190.24995,-36.652542,True,-242.25,-110.08209,-189.73755,-36.091427,False
2024-05-10 19:30:00,-119.0,104,-176,-142.06,-125.92234,-210.50548,-42.25169,True,-249.99,-129.12819,-213.98688,-43.784916,False
2024-05-10 19:35:00,-109.7,104,-169,-157.65,-149.52385,-243.94391,-48.693924,True,-252.51,-167.27885,-263.12366,-57.325375,True
2024-05-10 19:40:00,-92.99,104,-140,-154.06,-170.53487,-270.79132,-55.39463,True,-296.17,-207.80072,-313.05554,-75.15353,True
2024-05-10 19:45:00,-75.31,104,-120,-154.99,-174.16965,-271.75763,-57.075943,True,-298.62,-223.90114,-328.2934,-84.31909,True
2024-05-10 19:50:00,-89.98,104,-108,-159.71,-194.83383,-287.1998,-69.53525,True,-304.64,-249.75638,-350.27036,-101.83464,True
2024-05-10 19:55:00,-116.59999,104,-103,-183.37,-214.20169,-300.27753,-84.27309,True,-325.40997,-266.14508,-359.6521,-116.1315,True
2024-05-10 20:00:00,-139.26,104,-149,-192.1,-228.79283,-312.08194,-95.175545,True,-320.36002,-276.31033,-365.96585,-124.727806,True
2024-05-10 20:05:00,-143.07,104,-158,-199.57,-225.43251,-304.1496,-96.28077,True,-296.16,-269.35797,-353.6052,-122.951355,True
2024-05-10 20:10:00,-138.66,104,-144,-216.09,-232.13547,-310.00204,-99.00587,True,-307.51,-281.44724,-366.08334,-130.44472,True
2024-05-10 20:15:00,-134.67,104,-126,-232.44,-241.85237,-319.9981,-103.25473,True,-323.51,-298.47437,-384.86722,-141.28627,True
2024-05-10 20:20:00,-132.7,104,-132,-239.5,-241.89111,-318.24924,-104.57151,True,-331.95,-300.2541,-384.9873,-143.93701,True
2024-05-10 20:25:00,-146.93,104,-123,-242.25,-252.518,-327.78253,-112.957054,True,-325.57,-308.5684,-391.51,-151.11891,True
2024-05-10 20:30:00,-142.06,104,-125,-249.99,-258.4991,-333.59326,-114.79237,True,-284.86,-319.61536,-403.38492,-157.85666,True
2024-05-10 20:35:00,-157.65,104,-141,-252.51,-268.16406,-340.8733,-123.50345,True,-321.59,-326.4785,-406.77466,-164.39783,True
2024-05-10 20:40:00,-154.06,104,-149,-296.17,-277.2059,-348.09848,-128.52786,True,-333.29,-342.65836,-422.09903,-176.1071,True
2024-05-10 20:45:00,-154.99,104,-147,-298.62,-284.22192,-354.73346,-133.50772,True,-337.28,-353.32803,-432.85834,-184.5774,True
2024-05-10 20:50:00,-159.71,104,-143,-304.64,-284.54178,-354.23404,-135.56207,True,-354.32,-352.0655,-430.259,-184.73062,True
2024-05-10 20:55:00,-183.37,104,-159,-325.40997,-295.29544,-364.1891,-145.96602,True,-332.24,-356.5228,-432.30063,-189.3203,True
2024-05-10 21:00:00,-192.1,104,-182,-320.36002,-298.6739,-366.561,-149.64265,True,-302.45,-357.36182,-431.47144,-190.43643,True
2024-05-10 21:05:00,-199.57,104,-188,-296.16,-301.22055,-367.79343,-152.62257,True,-320.11,-357.74518,-429.92206,-191.06987,True
2024-05-10 21:10:00,-216.09,104,-204,-307.51,-304.7895,-368.50723,-157.41931,True,-326.76,-354.9512,-422.82452,-189.86984,True
2024-05-10 21:15:00,-232.44,104,-216,-323.51,-312.5656,-375.35693,-163.4226,True,-322.82,-357.7446,-423.82828,-191.98433,True
2024-05-10 21:20:00,-239.5,104,-204,-331.95,-312.43222,-373.89105,-163.78854,True,-306.65,-353.1632,-417.3086,-188.90538,True
2024-05-10 21:25:00,-242.25,104,-197,-325.57,-306.99496,-366.2381,-160.80771,True,-286.38,-343.0765,-404.3836,-182.29997,True
2024-05-10 21:30:00,-249.99,104,-217,-284.86,-302.9874,-359.69913,-158.64673,True,-292.53,-332.8938,-390.90564,-175.8214,True
2024-05-10 21:35:00,-252.51,104,-211,-321.59,-286.63574,-338.06497,-149.71696,True,-287.47,-307.7275,-359.8192,-161.27576,True
2024-05-10 21:40:00,-296.17,104,-242,-333.29,-308.3589,-356.9264,-164.79758,True,-320.1,-316.31183,-364.97354,-169.33507,True
2024-05-10 21:45:00,-298.62,104,-292,-337.28,-304.12177,-350.09058,-163.19772,True,-327.14,-307.82513,-353.83737,-165.21857,True
2024-05-10 21:50:00,-304.64,104,-280,-354.32,-302.77527,-345.9025,-164.7191,False,-326.63,-301.66824,-344.6469,-163.8385,True
2024-05-10 21:55:00,-325.40997,104,-276,-332.24,-313.88995,-356.72922,-173.92361,True,-320.99,-306.41687,-348.6662,-168.9117,True
2024-05-10 22:00:00,-320.36002,104,-280,-302.45,-295.68314,-334.1429,-171.78363,True,-303.37,-279.77676,-316.57013,-160.52359,True
2024-05-10 22:05:00,-296.16,104,-232,-320.11,-274.87408,-312.46988,-157.63199,False,-298.82,-260.97766,-297.10788,-148.32896,False
2024-05-10 22:10:00,-307.51,104,-270,-326.76,-278.77786,-321.06873,-159.81393,False,-293.07,-260.67508,-300.88394,-147.59442,True
2024-05-10 22:15:00,-323.51,104,-295,-322.82,-287.702,-331.236,-166.06361,True,-289.14,-265.8403,-306.71912,-151.05888,True
2024-05-10 22:20:00,-331.95,104,-307,-306.65,-291.26886,-335.93243,-167.31952,True,-285.25,-266.86356,-308.3889,-150.67186,True
2024-05-10 22:25:00,-325.57,104,-290,-286.38,-292.73282,-339.99936,-162.75797,True,-272.55,-272.9728,-318.1641,-149.81995,True
2024-05-10 22:30:00,-284.86,104,-271,-292.53,-272.01874,-322.3467,-143.50294,True,-286.46,-264.42462,-314.12277,-138.83232,True
2024-05-10 22:35:00,-321.59,104,-257,-287.47,-297.16953,-347.77972,-162.83202,True,-306.75,-282.42676,-331.86014,-153.36072,True
2024-05-10 22:40:00,-333.29,104,-315,-320.1,-307.51355,-359.82462,-170.09508,True,-310.53,-292.07578,-343.26358,-159.99797,True
2024-05-10 22:45:00,-337.28,104,-320,-327.14,-320.60995,-376.14606,-178.1869,True,-320.04,-310.68707,-365.85867,-171.6383,True
2024-05-10 22:50:00,-354.32,104,-324,-326.63,-333.57175,-390.76852,-188.07416,True,-330.39,-321.29294,-378.1604,-179.63728,True
2024-05-10 22:55:00,-332.24,104,-328,-320.99,-326.945,-386.4936,-181.63206,True,-345.9,-323.95667,-383.43463,-179.60123,True
2024-05-10 23:00:00,-302.45,104,-292,-303.37,-312.16003,-372.2555,-171.32188,True,-368.02,-318.30722,-378.22028,-174.83446,True
2024-05-10 23:05:00,-320.11,104,-283,-298.82,-325.83405,-385.0151,-180.41093,True,-385.24,-329.5946,-388.60083,-182.59207,True
2024-05-10 23:10:00,-326.76,104,-335,-293.07,-332.7817,-392.04904,-184.69347,True,-393.98,-336.7554,-395.83414,-187.03786,True
2024-05-10 23:15:00,-322.82,104,-328,-289.14,-330.1618,-384.30438,-186.14098,True,-411.51,-335.05215,-388.998,-189.06471,False
2024-05-10 23:20:00,-306.65,104,-318,-285.25,-322.4387,-375.14706,-182.5489,True,-427.41,-333.11533,-385.484,-188.8658,False
2024-05-10 23:25:00,-286.38,104,-294,-272.55,-311.0782,-361.8904,-176.10709,True,-455.28,-328.2301,-378.53235,-185.89412,False
2024-05-10 23:30:00,-292.53,104,-303,-286.46,-318.86362,-367.50912,-182.29936,True,-446.9,-337.38742,-385.31747,-193.06479,False
2024-05-10 23:35:00,-287.47,104,-308,-306.75,-318.37143,-366.03912,-182.77484,True,-455.18,-340.4056,-387.1835,-195.4875,False
2024-05-10 23:40:00,-320.1,104,-306,-310.53,-345.01697,-390.50174,-201.25131,True,-460.13,-362.62775,-407.2333,-212.39948,False
2024-05-10 23:45:00,-327.14,104,-340,-320.04,-352.67838,-397.09412,-207.33081,True,-454.4,-370.76025,-414.2652,-219.04047,False
2024-05-10 23:50:00,-326.63,104,-341,-330.39,-355.97504,-400.65222,-210.17346,True,-450.35,-376.98196,-420.57684,-223.69157,False
2024-05-10 23:55:00,-320.99,104,-330,-345.9,-356.04865,-401.74576,-210.73494,True,-448.59003,-381.49057,-425.87207,-226.77354,False
2024-05-11 00:00:00,-303.37,104,-315,-368.02,-337.44858,-380.0334,-198.48921,True,-461.89,-362.25125,-403.86218,-213.41154,False
2024-05-11 00:05:00,-298.82,104,-309,-385.24,-344.78592,-391.3917,-203.76393,True,-455.4,-377.65863,-423.57764,-223.39586,False
2024-05-11 00:10:00,-293.07,104,-300,-393.98,-357.8523,-409.5784,-212.56772,True,-437.2,-402.1351,-453.8593,-239.65837,True
2024-05-11 00:15:00,-289.14,104,-296,-411.51,-365.3735,-420.37958,-216.86345,True,-426.91,-414.70383,-470.25195,-247.59024,True
2024-05-11 00:20:00,-285.25,104,-286,-427.41,-371.4952,-428.928,-220.22142,True,-419.19,-423.90536,-482.504,-253.53247,True
2024-05-11 00:25:00,-272.55,104,-271,-455.28,-371.4536,-431.53534,-218.82994,False,-417.76,-427.65033,-489.67316,-255.35704,True
2024-05-11 00:30:00,-286.46,104,-265,-446.9,-386.10178,-448.50638,-230.03703,True,-433.56,-441.6566,-505.29315,-266.3045,True
2024-05-11 00:35:00,-306.75,104,-287,-455.18,-391.16946,-454.86194,-233.44293,False,-432.95,-441.802,-504.64288,-264.98376,True
2024-05-11 00:40:00,-310.53,104,-300,-460.13,-396.63333,-461.50372,-236.44954,True,-419.48,-447.06033,-511.5064,-268.25027,True
2024-05-11 00:45:00,-320.04,104,-298,-454.4,-405.66986,-475.54205,-240.73265,True,-417.8,-454.6412,-524.7184,-272.17865,True
2024-05-11 00:50:00,-330.39,104,-311,-450.35,-414.47174,-487.2138,-245.49582,True,-428.04,-461.76138,-534.8743,-276.26022,True
2024-05-11 00:55:00,-345.9,104,-324,-448.59003,-421.2137,-488.95392,-253.44759,True,-447.54,-464.48007,-532.3369,-281.53375,True
2024-05-11 01:00:00,-368.02,104,-336,-461.89,-426.2922,-486.92233,-257.99966,True,-448.66,-461.7432,-522.36633,-280.9775,True
2024-05-11 01:05:00,-385.24,104,-345,-455.4,-436.6655,-493.60324,-265.87485,True,-450.23,-467.88086,-524.50446,-286.31216,True
2024-05-11 01:10:00,-393.98,104,-360,-437.2,-433.69464,-484.81793,-264.7804,True,-463.34,-458.87192,-509.82373,-281.3017,True
2024-05-11 01:15:00,-411.51,104,-357,-426.91,-425.72067,-466.62222,-262.32657,True,-455.94,-435.32022,-476.17212,-268.72363,True
2024-05-11 01:20:00,-427.41,104,-360,-419.19,-416.8923,-450.64093,-262.39325,True,-455.26,-410.25534,-443.35583,-257.22705,False
2024-05-11 01:25:00,-455.28,104,-388,-417.76,-414.4696,-449.27744,-268.9059,True,-450.58,-390.84528,-423.39462,-248.79454,False
2024-05-11 01:30:00,-446.9,104,-383,-433.56,-386.9897,-420.7606,-257.30002,False,-449.23,-355.19992,-385.53467,-228.18593,False
2024-05-11 01:35:00,-455.18,104,-397,-432.95,-395.81506,-431.30444,-261.34393,False,-445.83,-363.66235,-395.68118,-232.72765,False
2024-05-11 01:40:00,-460.13,104,-413,-419.48,-424.7158,-459.30862,-273.57535,True,-445.0,-403.69485,-436.4243,-256.07004,False
2024-05-11 01:45:00,-454.4,104,-417,-417.8,-450.25204,-480.64642,-289.0736,True,-447.53,-447.56638,-477.56216,-286.8233,True
2024-05-11 01:50:00,-450.35,104,-419,-428.04,-453.99466,-482.3308,-292.8323,True,-443.74,-456.32483,-484.4566,-294.47043,True
2024-05-11 01:55:00,-448.59003,104,-431,-447.54,-452.83337,-483.57278,-290.71432,True,-445.56,-455.6862,-486.2485,-292.70996,True
2024-05-11 02:00:00,-461.89,104,-432,-448.66,-441.87643,-473.43393,-286.599,True,-450.83,-429.20862,-459.90598,-276.08368,True
2024-05-11 02:05:00,-455.4,104,-431,-450.23,-440.9198,-476.3982,-282.4324,True,-452.01,-431.55954,-466.42938,-274.9778,True
2024-05-11 02:10:00,-437.2,104,-489,-463.34,-438.6046,-480.7989,-275.99643,True,-451.95,-439.86847,-481.84283,-276.78012,True
2024-05-11 02:15:00,-426.91,104,-497,-455.94,-436.52206,-482.98154,-273.29288,True,-456.27,-443.29092,-489.59354,-277.89447,True
2024-05-11 02:20:00,-419.19,104,-485,-455.26,-432.64648,-479.4826,-270.456,True,-465.49,-441.75793,-488.4631,-276.60614,True
2024-05-11 02:25:00,-417.76,104,-468,-450.58,-439.5091,-487.6269,-275.06378,True,-464.99,-453.1078,-500.9343,-284.23315,True
2024-05-11 02:30:00,-433.56,104,-439,-449.23,-439.20575,-478.5862,-277.922,True,-466.15,-442.6557,-481.8779,-280.32114,True
2024-05-11 02:35:00,-432.95,104,-428,-445.83,-438.90164,-477.5289,-277.62338,True,-462.96,-442.56177,-481.03915,-280.15723,True
2024-05-11 02:40:00,-419.48,104,-422,-445.0,-433.26443,-472.45462,-272.89032,True,-457.71,-441.93393,-481.06168,-278.7895,True
2024-05-11 02:45:00,-417.8,104,-386,-447.53,-433.012,-471.7851,-273.19528,True,-466.39,-442.518,-481.2554,-279.62146,True
2024-05-11 02:50:00,-428.04,104,-369,-443.74,-439.45233,-475.92636,-279.76105,True,-468.11,-446.51154,-482.90833,-284.60858,True
2024-05-11 02:55:00,-447.54,104,-386,-445.56,-450.99283,-481.41772,-292.5445,True,-467.3,-452.96417,-483.1693,-293.93613,True
2024-05-11 03:00:00,-448.66,104,-392,-450.83,-451.34756,-475.15848,-296.0883,True,-453.92,-452.81055,-476.39523,-297.1517,True
2024-05-11 03:05:00,-450.23,104,-390,-452.01,-448.99106,-468.491,-297.19763,True,-445.32,-448.03143,-467.19592,-296.33505,True
2024-05-11 03:10:00,-463.34,104,-375,-451.95,-453.50497,-471.5978,-304.10666,True,-436.12,-447.47723,-464.95514,-298.87228,True
2024-05-11 03:15:00,-455.94,104,-383,-456.27,-444.09885,-461.34656,-297.55927,True,-434.27,-436.85968,-453.433,-291.2885,True
2024-05-11 03:20:00,-455.26,104,-426,-465.49,-435.61414,-452.77277,-293.78714,False,-419.7,-423.82318,-440.0793,-283.3785,True
2024-05-11 03:25:00,-450.58,104,-416,-464.99,-415.0863,-434.95294,-282.56857,False,-411.52,-394.49875,-412.9811,-263.6728,True
2024-05-11 03:30:00,-449.23,104,-394,-466.15,-402.0117,-425.20926,-275.0777,False,-400.71,-375.29715,-396.7378,-249.99124,False
2024-05-11 03:35:00,-445.83,104,-388,-462.96,-395.84964,-419.8562,-271.19156,False,-396.07,-367.78708,-389.95224,-244.66666,False
2024-05-11 03:40:00,-445.0,104,-384,-457.71,-399.94028,-422.1266,-273.8311,False,-387.91,-374.5234,-394.99112,-249.92332,True
2024-05-11 03:45:00,-447.53,104,-382,-466.39,-398.0726,-420.85562,-273.3507,False,-376.11,-370.5147,-391.23294,-247.48279,True
2024-05-11 03:50:00,-443.74,104,-385,-468.11,-395.6575,-417.58826,-271.541,False,-356.81,-368.7682,-388.57968,-246.63982,True
2024-05-11 03:55:00,-445.56,104,-389,-467.3,-403.17426,-422.8148,-277.5107,False,-359.98,-379.34933,-397.12122,-255.552,True
2024-05-11 04:00:00,-450.83,104,-391,-453.92,-405.1705,-422.05527,-283.82855,False,-362.49,-380.25775,-395.19162,-260.14575,True
2024-05-11 04:05:00,-452.01,104,-388,-445.32,-398.95932,-415.94183,-284.19647,False,-357.97998,-370.88608,-385.45895,-256.83847,True
2024-05-11 04:10:00,-451.95,104,-388,-436.12,-392.79785,-410.93814,-282.73584,False,-349.27002,-362.3748,-377.6411,-252.50317,True
2024-05-11 04:15:00,-456.27,104,-392,-434.27,-393.3229,-412.18396,-284.28287,False,-328.18,-361.1737,-377.00836,-252.17256,True
2024-05-11 04:20:00,-465.49,104,-391,-419.7,-387.1067,-409.82343,-285.12933,False,-317.93,-349.7984,-367.96747,-246.02414,True
2024-05-11 04:25:00,-464.99,104,-403,-411.52,-378.83783,-403.83292,-282.0116,False,-302.35,-339.07745,-358.6281,-239.5298,True
2024-05-11 04:30:00,-466.15,104,-396,-400.71,-377.5228,-402.91882,-282.6176,True,-310.94,-336.9214,-356.68015,-238.91994,True
2024-05-11 04:35:00,-462.96,104,-425,-396.07,-369.74472,-397.37045,-277.13547,True,-311.57,-327.01694,-348.6795,-231.33113,True
2024-05-11 04:40:00,-457.71,104,-388,-387.91,-367.03836,-395.16122,-273.28754,True,-305.84998,-324.92523,-347.25024,-228.84668,True
2024-05-11 04:45:00,-466.39,104,-399,-376.11,-371.848,-400.76816,-278.18872,True,-286.03,-328.64682,-351.49292,-231.9107,True
2024-05-11 04:50:00,-468.11,104,-412,-356.81,-372.05164,-401.4481,-278.93552,True,-285.78,-328.10516,-351.353,-231.95134,True
2024-05-11 04:55:00,-467.3,104,-408,-359.98,-371.19586,-400.5114,-278.09534,True,-293.44,-326.50842,-349.5906,-231.34279,True
2024-05-11 05:00:00,-453.92,104,-394,-362.49,-365.98465,-393.63007,-271.61288,True,-316.80997,-323.62192,-345.61115,-228.82343,True
2024-05-11 05:05:00,-445.32,104,-383,-357.97998,-365.3157,-390.93436,-267.892,True,-334.41,-325.19342,-345.77036,-228.99777,True
2024-05-11 05:10:00,-436.12,104,-370,-349.27002,-366.08893,-389.73868,-264.04556,True,-340.08,-329.27878,-348.73593,-229.99709,True
2024-05-11 05:15:00,-434.27,104,-351,-328.18,-368.55704,-390.6824,-264.8397,True,-337.2,-333.53418,-351.94968,-232.50467,True
2024-05-11 05:20:00,-419.7,104,-368,-317.93,-364.52115,-383.27567,-260.03983,True,-371.13,-333.9423,-349.84424,-232.4703,False
2024-05-11 05:25:00,-411.52,104,-361,-302.35,-365.88174,-380.74908,-260.84116,True,-379.81,-340.028,-352.7245,-237.67168,False
2024-05-11 05:30:00,-400.71,104,-352,-310.94,-370.5577,-377.2981,-264.37692,True,-403.63,-352.5094,-357.88702,-248.90518,False
2024-05-11 05:35:00,-396.07,104,-342,-311.57,-367.29242,-374.33478,-260.34146,True,-451.67,-349.8121,-355.53296,-245.63956,False
2024-05-11 05:40:00,-387.91,104,-351,-305.84998,-359.9189,-367.88553,-253.47385,True,-463.58,-342.88168,-349.54883,-239.1485,False
2024-05-11 05:45:00,-376.11,104,-333,-286.03,-362.72162,-371.685,-247.91179,True,-464.64,-353.67535,-362.0423,-241.0043,False
2024-05-11 05:50:00,-356.81,104,-305,-285.78,-357.48917,-369.25128,-238.23521,True,-469.51,-357.60086,-369.18762,-238.25578,False
2024-05-11 05:55:00,-359.98,104,-304,-293.44,-371.52545,-384.81076,-245.81802,True,-480.33,-379.29428,-392.51822,-250.94427,False
2024-05-11 06:00:00,-362.49,104,-312,-316.80997,-373.42615,-386.86575,-246.54482,True,-476.42,-380.71863,-394.06458,-251.48409,False
2024-05-11 06:05:00,-357.97998,104,-311,-334.41,-371.09488,-382.65057,-245.93285,True,-447.54,-379.97217,-391.4697,-251.89287,False
2024-05-11 06:10:00,-349.27002,104,-307,-340.08,-364.1192,-375.6338,-242.13533,True,-444.27,-374.08142,-385.56494,-248.53093,False
2024-05-11 06:15:00,-328.18,104,-296,-337.2,-356.51065,-377.26788,-231.99918,True,-422.11,-375.20267,-395.61304,-243.57066,False
2024-05-11 06:20:00,-317.93,104,-299,-371.13,-352.5278,-378.37106,-227.68204,True,-417.73,-374.72888,-400.1799,-241.52795,False
2024-05-11 06:25:00,-302.35,104,-302,-379.81,-349.79306,-380.50146,-223.52057,True,-403.26,-378.71613,-409.59674,-242.04517,True
2024-05-11 06:30:00,-310.94,104,-317,-403.63,-365.19382,-399.3902,-232.79976,False,-415.72,-397.16553,-432.22968,-253.67232,True
2024-05-11 06:35:00,-311.57,104,-315,-451.67,-369.83,-406.14502,-233.57117,False,-441.47,-403.68564,-441.29727,-256.04892,False
2024-05-11 06:40:00,-305.84998,104,-306,-463.58,-366.4662,-404.8257,-228.42734,False,-415.07,-401.53528,-441.37802,-251.97295,True
2024-05-11 06:45:00,-286.03,104,-289,-464.64,-360.26257,-402.70206,-219.89903,False,-375.6,-401.8657,-446.88138,-248.45433,True
2024-05-11 06:50:00,-285.78,104,-301,-469.51,-361.1725,-408.08533,-217.72157,False,-313.2,-403.59534,-453.48264,-246.68925,True
2024-05-11 06:55:00,-293.44,104,-340,-480.33,-362.47147,-410.67245,-216.62772,False,-275.45,-402.16226,-453.32593,-243.28505,True
2024-05-11 07:00:00,-316.80997,104,-372,-476.42,-359.8114,-402.4765,-218.5369,False,-258.94,-385.5313,-429.37378,-235.01369,True
2024-05-11 07:05:00,-334.41,104,-362,-447.54,-349.94357,-385.1029,-216.36955,False,-275.66,-358.9454,-394.00635,-221.91005,True
2024-05-11 07:10:00,-340.08,104,-360,-444.27,-333.13477,-362.17477,-207.79245,False,-288.08,-327.54443,-356.41455,-204.16351,True
2024-05-11 07:15:00,-337.2,104,-367,-422.11,-321.95135,-349.91855,-201.42656,False,-306.28,-310.685,-338.4081,-194.10648,True
2024-05-11 07:20:00,-371.13,104,-380,-417.73,-334.34528,-361.13547,-218.77667,False,-318.15,-310.49762,-336.26913,-200.53288,True
2024-05-11 07:25:00,-379.81,104,-388,-403.26,-330.75656,-357.98145,-223.10896,False,-333.95,-301.7239,-327.28983,-198.49329,False
2024-05-11 07:30:00,-403.63,104,-381,-415.72,-341.6978,-370.26123,-235.55278,False,-334.48,-307.25723,-333.54517,-204.42015,False
2024-05-11 07:35:00,-451.67,104,-400,-441.47,-365.7146,-396.3533,-262.57455,False,-291.62,-322.72635,-349.9273,-219.30861,True
2024-05-11 07:40:00,-463.58,104,-403,-415.07,-366.30997,-398.20367,-268.61005,False,-234.55,-320.76868,-348.1785,-219.96896,True
2024-05-11 07:45:00,-464.64,104,-374,-375.6,-363.68607,-396.21695,-267.8156,True,-251.14,-317.32086,-344.8265,-217.62209,True
2024-05-11 07:50:00,-469.51,104,-399,-313.2,-364.78418,-397.35785,-269.5266,True,-247.4,-317.21136,-344.34296,-217.67357,True
2024-05-11 07:55:00,-480.33,104,-384,-275.45,-368.7883,-401.00375,-275.66998,False,-279.93,-319.7301,-345.75806,-220.65707,True
2024-05-11 08:00:00,-476.42,104,-407,-258.94,-365.07233,-399.157,-272.49084,False,-298.49,-316.1966,-344.14487,-217.6604,True
2024-05-11 08:05:00,-447.54,104,-399,-275.66,-353.09122,-385.9802,-256.39767,True,-320.17,-309.06726,-337.1347,-209.48225,True
2024-05-11 08:10:00,-444.27,104,-408,-288.08,-354.54257,-386.53458,-254.79068,True,-341.36,-311.6176,-339.29068,-209.91327,False
2024-05-11 08:15:00,-422.11,104,-379,-306.28,-346.9989,-377.52066,-242.57912,True,-340.31,-308.26163,-335.5854,-204.62898,False
2024-05-11 08:20:00,-417.73,104,-346,-318.15,-348.99988,-379.14902,-240.55602,True,-342.38,-311.81622,-339.41217,-205.48265,False
2024-05-11 08:25:00,-403.26,104,-356,-333.95,-348.955,-377.63394,-233.32758,True,-361.48,-316.47263,-343.64288,-205.29106,False
2024-05-11 08:30:00,-415.72,104,-355,-334.48,-364.63467,-392.3175,-242.64943,True,-375.35,-332.8026,-359.3831,-215.7617,False
2024-05-11 08:35:00,-441.47,104,-397,-291.62,-388.4725,-415.993,-259.6184,True,-353.1,-355.29538,-381.87384,-231.20932,True
2024-05-11 08:40:00,-415.07,104,-383,-234.55,-392.05658,-417.11334,-251.00589,False,-366.61,-375.8619,-400.8147,-238.51271,True
2024-05-11 08:45:00,-375.6,104,-378,-251.14,-375.9108,-401.57062,-232.61897,True,-365.71997,-375.31738,-401.07465,-232.12506,True
2024-05-11 08:50:00,-313.2,104,-375,-247.4,-350.9021,-383.9316,-209.19527,True,-372.14,-376.4367,-409.4124,-224.80737,True
2024-05-11 08:55:00,-275.45,104,-370,-279.93,-331.13153,-367.1375,-193.55045,True,-357.49,-367.2644,-404.24255,-215.61125,True
2024-05-11 09:00:00,-258.94,104,-358,-298.49,-322.74414,-359.40457,-187.04877,True,-351.44,-363.5663,-401.67874,-212.35316,True
2024-05-11 09:05:00,-275.66,104,-354,-320.17,-341.4002,-377.90338,-200.28712,True,-351.61,-383.4852,-421.56964,-226.22865,True
2024-05-11 09:10:00,-288.08,104,-339,-341.36,-352.24408,-386.56372,-209.90326,True,-351.56,-393.7115,-429.5773,-235.48991,True
2024-05-11 09:15:00,-306.28,104,-330,-340.31,-359.288,-388.44888,-219.0883,True,-348.76,-394.84738,-425.0081,-240.96605,True
2024-05-11 09:20:00,-318.15,104,-329,-342.38,-358.49936,-384.0854,-220.78488,True,-343.92,-386.15332,-412.2469,-237.80832,True
2024-05-11 09:25:00,-333.95,104,-332,-361.48,-367.9066,-390.89322,-228.1517,True,-331.27,-391.5223,-414.8211,-242.7033,True
2024-05-11 09:30:00,-334.48,104,-337,-375.35,-350.84433,-371.26492,-218.31215,False,-310.18,-362.00412,-382.441,-225.2408,True
2024-05-11 09:35:00,-291.62,104,-300,-353.1,-301.5728,-323.18018,-185.10649,False,-279.44,-307.98834,-329.59415,-188.86267,True
2024-05-11 09:40:00,-234.55,104,-259,-366.61,-258.95746,-281.75787,-156.24055,False,-282.05,-274.71265,-297.20145,-165.75418,True
2024-05-11 09:45:00,-251.14,104,-262,-365.71997,-278.15015,-300.03772,-168.92421,False,-285.85,-295.80725,-317.43127,-179.60133,True
2024-05-11 09:50:00,-247.4,104,-276,-372.14,-278.7216,-301.12747,-168.57321,False,-287.74,-298.94818,-321.15387,-180.86673,True
2024-05-11 09:55:00,-279.93,104,-287,-357.49,-295.38376,-314.76102,-182.11598,False,-276.67,-305.37976,-324.77893,-188.03076,True
2024-05-11 10:00:00,-298.49,104,-317,-351.44,-303.23566,-320.63208,-189.53362,False,-283.96,-305.99237,-323.62997,-191.1047,True
2024-05-11 10:05:00,-320.17,104,-326,-351.61,-317.5056,-333.73096,-200.40813,False,-279.47,-315.29993,-331.7537,-198.88399,True
2024-05-11 10:10:00,-341.36,104,-341,-351.56,-332.2118,-346.87442,-211.9788,False,-285.18,-325.8145,-340.5037,-207.65889,True
2024-05-11 10:15:00,-340.31,104,-345,-348.76,-335.19513,-348.98486,-212.9135,True,-277.82,-331.4648,-345.3632,-210.43294,True
2024-05-11 10:20:00,-342.38,104,-330,-343.92,-334.6266,-347.7701,-213.30069,True,-275.85,-329.19644,-342.36368,-209.66953,True
2024-05-11 10:25:00,-361.48,104,-311,-331.27,-346.16132,-357.21466,-224.771,True,-268.37,-335.97128,-346.6642,-217.53268,True
2024-05-11 10:30:00,-375.35,104,-346,-310.18,-341.5879,-356.4518,-228.21535,True,-236.55,-320.61725,-334.42123,-211.29564,True
2024-05-11 10:35:00,-353.1,104,-331,-279.44,-318.9045,-336.14066,-212.23633,True,-207.14,-297.15768,-313.5147,-194.94774,True
2024-05-11 10:40:00,-366.61,104,-337,-282.05,-324.6617,-343.4617,-218.07314,True,-197.23,-299.1718,-316.7816,-196.70457,True
2024-05-11 10:45:00,-365.71997,104,-343,-285.85,-322.0474,-342.39807,-215.24925,True,-205.9,-295.65906,-314.73508,-193.08865,True
2024-05-11 10:50:00,-372.14,104,-353,-287.74,-325.58478,-347.1798,-216.6677,True,-208.71,-297.69016,-317.86963,-193.12883,True
2024-05-11 10:55:00,-357.49,104,-344,-276.67,-314.67194,-337.3679,-205.46744,True,-207.77,-288.387,-309.71002,-184.14629,True
2024-05-11 11:00:00,-351.44,104,-318,-283.96,-308.381,-332.2179,-199.56119,True,-208.36,-282.19672,-304.3571,-178.3895,True
2024-05-11 11:05:00,-351.61,104,-330,-279.47,-307.3133,-332.27536,-198.2733,True,-209.27,-280.50226,-303.5611,-176.75052,True
2024-05-11 11:10:00,-351.56,104,-324,-285.18,-305.19656,-332.41855,-194.38065,True,-210.06,-277.24933,-302.32574,-172.14078,True
2024-05-11 11:15:00,-348.76,104,-326,-277.82,-301.4666,-331.20782,-188.80055,True,-210.18,-272.97,-300.34192,-166.48593,True
2024-05-11 11:20:00,-343.92,104,-320,-275.85,-297.9228,-329.10443,-183.13054,True,-212.84,-270.049,-298.83658,-161.7274,True
2024-05-11 11:25:00,-331.27,104,-299,-268.37,-291.1933,-322.25375,-174.78136,True,-213.62,-266.24316,-295.34406,-156.53395,True
2024-05-11 11:30:00,-310.18,104,-276,-236.55,-280.92468,-309.5809,-164.24927,True,-215.3,-262.0405,-289.56696,-151.31367,True
2024-05-11 11:35:00,-279.44,104,-275,-207.14,-262.524,-288.21625,-150.17896,True,-213.11,-251.37033,-276.74084,-143.09303,True
2024-05-11 11:40:00,-282.05,104,-265,-197.23,-269.21548,-290.7756,-156.80402,True,-210.84,-260.7075,-282.14917,-151.32361,True
2024-05-11 11:45:00,-285.85,104,-261,-205.9,-276.1517,-293.23898,-164.52586,True,-219.19,-269.69104,-286.78024,-160.26718,True
2024-05-11 11:50:00,-287.74,104,-271,-208.71,-280.05807,-293.0536,-170.93645,True,-232.42,-274.9518,-287.9677,-167.48785,True
2024-05-11 11:55:00,-276.67,104,-274,-207.77,-275.26834,-284.94708,-169.78828,True,-232.46,-274.44806,-284.381,-169.1922,True
2024-05-11 12:00:00,-283.96,104,-278,-208.36,-281.2358,-290.48428,-175.31306,True,-234.13,-279.51483,-288.96606,-174.11697,True
2024-05-11 12:05:00,-279.47,104,-280,-209.27,-278.33536,-287.6825,-173.88872,True,-232.91,-277.7318,-287.33054,-173.44896,True
2024-05-11 12:10:00,-285.18,104,-290,-210.06,-283.5127,-292.61874,-178.45628,True,-237.81,-282.56372,-291.89307,-177.77846,True
2024-05-11 12:15:00,-277.82,104,-287,-210.18,-278.22644,-287.61774,-173.58078,True,-241.87,-278.73404,-288.4208,-173.89754,True
2024-05-11 12:20:00,-275.85,104,-283,-212.84,-276.39276,-286.01047,-171.88716,True,-245.09,-277.00845,-286.92477,-172.2825,True
2024-05-11 12:25:00,-268.37,104,-284,-213.62,-270.88272,-280.28214,-167.75165,True,-245.47,-272.92838,-282.66663,-169.08168,True
2024-05-11 12:30:00,-236.55,104,-290,-215.3,-247.8229,-257.15842,-150.69902,True,-245.29001,-256.11917,-265.80032,-155.84958,True
2024-05-11 12:35:00,-207.14,104,-296,-213.11,-226.73677,-236.97177,-135.11353,True,-237.67,-240.26044,-250.6589,-143.62541,True
2024-05-11 12:40:00,-197.23,104,-290,-210.84,-219.55396,-230.15524,-129.95729,True,-232.9,-234.82487,-245.49509,-139.63,True
2024-05-11 12:45:00,-205.9,104,-286,-219.19,-225.15932,-235.18388,-133.93524,True,-233.27,-238.66537,-248.88527,-142.3875,True
2024-05-11 12:50:00,-208.71,104,-288,-232.42,-228.2589,-238.64244,-135.0623,True,-219.59,-241.6171,-252.26967,-143.55214,True
2024-05-11 12:55:00,-207.77,104,-291,-232.46,-225.95975,-237.46263,-132.55667,True,-211.53,-238.28993,-250.14763,-140.40213,True
2024-05-11 13:00:00,-208.36,104,-289,-234.13,-225.17323,-237.39325,-131.65733,True,-210.55,-236.51299,-249.15938,-138.89935,True
2024-05-11 13:05:00,-209.27,104,-292,-232.91,-223.71353,-236.9543,-130.57285,True,-198.34,-233.45874,-247.18529,-136.8016,True
2024-05-11 13:10:00,-210.06,104,-298,-237.81,-225.03201,-237.336,-132.44345,False,-196.73,-235.37738,-248.14201,-139.02928,True
2024-05-11 13:15:00,-210.18,104,-302,-241.87,-220.85904,-233.4178,-130.24419,False,-196.09,-228.47238,-241.56339,-135.07964,True
2024-05-11 13:20:00,-212.84,104,-303,-245.09,-220.38078,-231.89156,-131.17229,False,-196.88,-225.91214,-237.97462,-134.73944,True
2024-05-11 13:25:00,-213.62,104,-304,-245.47,-221.0142,-233.00333,-131.25943,False,-193.81,-226.2829,-238.84465,-134.73047,True
2024-05-11 13:30:00,-215.3,104,-306,-245.29001,-220.89864,-235.18271,-130.64053,False,-190.59,-224.90239,-239.72658,-133.3224,True
2024-05-11 13:35:00,-213.11,104,-306,-237.67,-217.4409,-234.3708,-128.50229,False,-188.19,-220.6191,-238.0633,-130.66437,True
2024-05-11 13:40:00,-210.84,104,-306,-232.9,-206.59276,-232.35776,-119.52974,False,-183.99,-204.3097,-230.38446,-118.29484,True
2024-05-11 13:45:00,-219.19,104,-308,-233.27,-210.97475,-238.06235,-122.68227,True,-190.47,-206.142,-233.411,-119.90094,True
2024-05-11 13:50:00,-232.42,104,-307,-219.59,-219.66791,-247.30078,-128.90236,True,-186.22,-211.80089,-239.39824,-124.27357,True
2024-05-11 13:55:00,-232.46,104,-306,-211.53,-220.73975,-247.79643,-129.68767,True,-185.18,-213.5225,-240.61357,-125.467224,True
2024-05-11 14:00:00,-234.13,104,-306,-210.55,-222.24939,-249.18147,-131.04141,True,-186.43,-214.86443,-241.80354,-126.72761,True
2024-05-11 14:05:00,-232.91,104,-310,-198.34,-220.591,-248.54584,-130.13239,True,-184.67001,-212.80559,-240.74777,-125.59166,True
2024-05-11 14:10:00,-237.81,104,-314,-196.73,-219.11438,-250.99413,-129.33334,True,-183.18,-206.73637,-238.37141,-121.94714,True
2024-05-11 14:15:00,-241.87,104,-314,-196.09,-222.20978,-254.5325,-131.39774,True,-181.99002,-209.16472,-241.20763,-123.55323,True
2024-05-11 14:20:00,-245.09,104,-303,-196.88,-223.98338,-256.8102,-132.57567,True,-181.63,-210.0076,-242.4483,-124.108734,True
2024-05-11 14:25:00,-245.47,104,-303,-193.81,-223.45648,-256.62918,-132.07861,True,-190.21,-208.9356,-241.62276,-123.27206,True
2024-05-11 14:30:00,-245.29001,104,-303,-190.59,-223.45744,-256.50095,-131.59312,True,-193.11,-209.24234,-241.81982,-123.022095,True
2024-05-11 14:35:00,-237.67,104,-297,-188.19,-218.36967,-250.63219,-127.423836,True,-200.2,-206.11221,-238.0604,-120.18141,True
2024-05-11 14:40:00,-232.9,104,-291,-183.99,-216.62614,-247.34859,-125.761795,True,-202.7,-206.60129,-237.17805,-119.91516,True
2024-05-11 14:45:00,-233.27,104,-286,-190.47,-218.91527,-248.28505,-127.095314,True,-202.47,-210.25252,-239.60036,-122.06371,True
2024-05-11 14:50:00,-219.59,104,-283,-186.22,-212.50426,-239.49402,-122.60719,True,-203.03,-208.64415,-235.97269,-120.51784,True
2024-05-11 14:55:00,-211.53,104,-277,-185.18,-211.99777,-235.16881,-123.02379,True,-204.08,-212.865,-236.57648,-123.90025,True
2024-05-11 15:00:00,-210.55,104,-274,-186.43,-217.78976,-236.716,-128.38077,True,-208.67,-222.91257,-242.43614,-132.04317,True
2024-05-11 15:05:00,-198.34,104,-282,-184.67001,-217.46674,-232.56409,-129.56541,True,-204.92,-230.00363,-245.64359,-138.27151,True
2024-05-11 15:10:00,-196.73,104,-281,-183.18,-217.31744,-233.46866,-128.69052,True,-204.76999,-230.6211,-247.3218,-137.98756,True
2024-05-11 15:15:00,-196.09,104,-281,-181.99002,-216.59322,-233.82626,-127.887024,True,-203.47,-229.83997,-247.6267,-137.16217,True
2024-05-11 15:20:00,-196.88,104,-280,-181.63,-214.37437,-232.68497,-126.71806,True,-205.65,-225.85397,-244.7116,-134.70912,True
2024-05-11 15:25:00,-193.81,104,-278,-190.21,-204.69719,-227.6771,-119.08556,True,-199.98,-211.87563,-235.4474,-124.15926,True
2024-05-11 15:30:00,-190.59,104,-283,-193.11,-194.52798,-221.0563,-112.20429,True,-201.11,-197.46382,-224.60931,-114.47788,True
2024-05-11 15:35:00,-188.19,104,-283,-200.2,-195.88582,-219.50589,-113.973145,True,-198.96,-201.01886,-225.28516,-117.70465,True
2024-05-11 15:40:00,-183.99,104,-285,-202.7,-193.38373,-216.18787,-113.26771,True,-199.63,-199.62466,-223.0489,-117.70754,True
2024-05-11 15:45:00,-190.47,104,-287,-202.47,-192.4227,-217.9143,-113.05347,True,-206.26,-194.36067,-220.4005,-114.62167,True
2024-05-11 15:50:00,-186.22,104,-285,-203.03,-188.10149,-213.44173,-111.268196,True,-199.74,-190.08344,-215.95326,-112.82298,True
2024-05-11 15:55:00,-185.18,104,-288,-204.08,-179.88371,-209.10684,-106.15947,True,-202.17,-177.03957,-206.77557,-104.74361,True
2024-05-11 16:00:00,-186.43,104,-289,-208.67,-179.0508,-208.57248,-106.348816,False,-197.83,-174.6247,-204.6401,-103.97168,True
2024-05-11 16:05:00,-184.67001,104,-291,-204.92,-177.2968,-206.75153,-105.611496,True,-200.46,-172.8031,-202.7418,-103.189606,True
2024-05-11 16:10:00,-183.18,104,-292,-204.76999,-176.3245,-205.12541,-105.68201,True,-192.5,-172.14798,-201.4267,-103.440125,True
2024-05-11 16:15:00,-181.99002,104,-295,-203.47,-175.22093,-204.1568,-105.558,True,-194.62,-171.03969,-200.46275,-103.30763,True
2024-05-11 16:20:00,-181.63,104,-294,-205.65,-174.62785,-203.7577,-105.572464,False,-179.98,-170.22491,-199.84875,-103.186646,True
2024-05-11 16:25:00,-190.21,104,-293,-199.98,-181.62471,-210.78435,-110.36365,True,-175.8,-175.9127,-205.5033,-107.19664,True
2024-05-11 16:30:00,-193.11,104,-293,-201.11,-184.10812,-213.22969,-112.21054,True,-180.62,-178.02356,-207.54408,-108.815544,True
2024-05-11 16:35:00,-200.2,104,-291,-198.96,-189.84975,-219.26756,-116.032036,True,-174.1,-182.68787,-212.42944,-111.98041,True
2024-05-11 16:40:00,-202.7,104,-295,-199.63,-191.60902,-221.20274,-117.24998,True,-160.05,-183.87459,-213.75185,-112.84198,True
2024-05-11 16:45:00,-202.47,104,-289,-206.26,-190.99316,-221.57129,-116.163025,True,-180.53,-183.07622,-213.91635,-111.68617,True
2024-05-11 16:50:00,-203.03,104,-286,-199.74,-190.60158,-221.8509,-114.93745,True,-175.72,-182.16158,-213.58443,-110.15827,True
2024-05-11 16:55:00,-204.08,104,-283,-202.17,-191.35596,-222.94453,-114.6532,True,-180.06,-182.94766,-214.58592,-109.892456,True
2024-05-11 17:00:00,-208.67,104,-279,-197.83,-195.58824,-225.30153,-118.38477,True,-175.18,-187.0389,-216.65112,-113.46996,True
2024-05-11 17:05:00,-204.92,104,-271,-200.46,-194.22206,-220.3165,-118.933876,True,-184.58,-187.51741,-213.5507,-115.034836,True
2024-05-11 17:10:00,-204.76999,104,-265,-192.5,-195.21431,-218.36299,-121.37741,True,-180.13,-189.3085,-212.38647,-117.89136,True
2024-05-11 17:15:00,-203.47,104,-263,-194.62,-194.40782,-216.97545,-121.52125,True,-176.72002,-188.82114,-211.32861,-118.215744,True
2024-05-11 17:20:00,-205.65,104,-261,-179.98,-196.20918,-218.72441,-122.5641,True,-180.14998,-190.358,-212.7706,-119.09462,True
2024-05-11 17:25:00,-199.98,104,-250,-175.8,-193.1572,-212.99583,-121.5301,True,-182.09001,-189.13924,-208.98257,-119.15506,True
2024-05-11 17:30:00,-201.11,104,-252,-180.62,-195.12573,-213.09354,-123.79766,True,-198.97002,-191.63654,-209.61635,-121.72794,True
2024-05-11 17:35:00,-198.96,104,-250,-174.1,-193.53937,-210.55385,-123.879036,True,-194.84,-190.39696,-207.43309,-122.0066,True
2024-05-11 17:40:00,-199.63,104,-239,-160.05,-192.78441,-212.86076,-121.677795,True,-190.08,-188.6634,-208.71547,-119.23546,True
2024-05-11 17:45:00,-206.26,104,-237,-180.53,-199.37799,-217.76865,-127.297134,True,-201.27,-195.1101,-213.45007,-124.73565,True
2024-05-11 17:50:00,-199.74,104,-242,-175.72,-197.39864,-211.52455,-128.95602,True,-198.87,-196.25928,-210.52995,-128.31404,True
2024-05-11 17:55:00,-202.17,104,-233,-180.06,-201.31651,-212.78499,-134.46457,True,-213.6,-201.2189,-212.85999,-134.4728,False
2024-05-11 18:00:00,-197.83,104,-223,-175.18,-196.87177,-210.25626,-130.56456,True,-230.32,-196.69188,-210.25461,-130.53339,False
2024-05-11 18:05:00,-200.46,104,-222,-184.58,-197.56265,-214.039,-129.08778,True,-231.41,-195.98961,-212.5865,-128.18413,False
2024-05-11 18:10:00,-192.5,104,-220,-180.13,-190.16566,-210.69868,-121.35038,True,-223.19,-188.9884,-209.69011,-120.723076,False
2024-05-11 18:15:00,-194.62,104,-218,-176.72002,-192.91574,-213.64941,-123.370094,True,-198.98,-192.15108,-213.07736,-122.98528,True
2024-05-11 18:20:00,-179.98,104,-200,-180.14998,-183.55112,-202.44188,-118.054085,True,-200.49,-186.49005,-205.6091,-119.94239,True
2024-05-11 18:25:00,-175.8,104,-190,-182.09001,-182.47821,-196.9422,-120.31123,True,-196.81,-187.6231,-202.29326,-123.63154,True
2024-05-11 18:30:00,-180.62,104,-193,-198.97002,-185.52542,-198.62778,-124.703125,False,-196.36,-189.49547,-202.81349,-127.25704,True
2024-05-11 18:35:00,-174.1,104,-198,-194.84,-178.76788,-193.81789,-119.82347,False,-203.98,-182.41797,-197.67879,-122.2202,False
2024-05-11 18:40:00,-160.05,104,-177,-190.08,-168.71223,-184.24556,-112.88049,False,-203.92,-174.92052,-190.59967,-117.07152,False
2024-05-11 18:45:00,-180.53,104,-178,-201.27,-186.00337,-202.8691,-124.07797,True,-202.87,-190.26875,-207.24231,-126.82536,True
2024-05-11 18:50:00,-175.72,104,-200,-198.87,-184.16144,-200.08495,-122.99059,True,-206.75,-190.40587,-206.3932,-127.027824,False
2024-05-11 18:55:00,-180.06,104,-195,-213.6,-191.32,-206.84694,-127.286896,False,-222.53,-199.49947,-215.02751,-132.50113,False
2024-05-11 19:00:00,-175.18,104,-190,-230.32,-186.2066,-200.19571,-126.33757,False,-224.83,-194.50201,-208.49683,-131.55032,False
2024-05-11 19:05:00,-184.58,104,-187,-231.41,-188.95653,-207.08162,-126.44791,False,-213.7,-192.50569,-210.74945,-128.5836,False
2024-05-11 19:10:00,-180.13,104,-198,-223.19,-183.76453,-203.72948,-122.92178,False,-225.53,-186.75705,-206.84395,-124.68975,False
2024-05-11 19:15:00,-176.72002,104,-188,-198.98,-180.18796,-200.40717,-120.92966,True,-225.46,-183.03404,-203.3765,-122.602806,False
2024-05-11 19:20:00,-180.14998,104,-178,-200.49,-182.75711,-202.19238,-123.31034,True,-225.0,-184.99364,-204.54868,-124.60247,False
2024-05-11 19:25:00,-182.09001,104,-202,-196.81,-183.2196,-202.85443,-124.38368,True,-221.78,-184.32092,-204.0708,-124.99027,False
2024-05-11 19:30:00,-198.97002,104,-209,-196.36,-197.02966,-216.31187,-133.89647,True,-216.11,-195.63483,-215.01675,-133.01833,False
2024-05-11 19:35:00,-194.84,104,-225,-203.98,-192.3381,-211.23395,-132.04077,True,-214.25,-190.4443,-209.43446,-130.84892,False
2024-05-11 19:40:00,-190.08,104,-206,-203.92,-187.52301,-205.90953,-129.9219,True,-223.17,-185.52875,-204.00719,-128.65419,False
2024-05-11 19:45:00,-201.27,104,-216,-202.87,-194.46498,-213.16872,-135.83736,True,-223.46999,-188.92024,-207.63249,-132.33612,False
2024-05-11 19:50:00,-198.87,104,-218,-206.75,-189.94739,-210.72008,-133.17863,True,-225.28,-182.7993,-203.5443,-128.65453,False
2024-05-11 19:55:00,-213.6,104,-219,-222.53,-201.36359,-226.8918,-139.05443,True,-220.08,-191.91383,-217.31993,-133.0979,False
2024-05-11 20:00:00,-230.32,104,-208,-224.83,-217.48895,-248.83621,-146.08296,True,-215.59,-207.82957,-239.07028,-140.08511,True
2024-05-11 20:05:00,-231.41,104,-240,-213.7,-222.7929,-254.73729,-148.09814,True,-206.67,-216.25426,-248.2192,-144.09427,True
2024-05-11 20:10:00,-223.19,104,-225,-225.53,-221.81528,-253.97327,-146.1742,True,-204.62,-220.84526,-253.09512,-145.54297,True
2024-05-11 20:15:00,-198.98,104,-190,-225.46,-205.87773,-237.77455,-135.58604,True,-211.15,-211.34387,-243.15031,-138.59406,True
2024-05-11 20:20:00,-200.49,104,-191,-225.0,-209.15967,-239.55058,-137.76285,True,-205.97,-216.09064,-246.29987,-141.55792,True
2024-05-11 20:25:00,-196.81,104,-184,-221.78,-208.77405,-239.40526,-136.88306,True,-203.97,-218.31148,-248.58803,-142.07635,True
2024-05-11 20:30:00,-196.36,104,-176,-216.11,-208.40094,-236.77744,-137.06097,True,-202.28,-218.2084,-246.14314,-142.35635,True
2024-05-11 20:35:00,-203.98,104,-187,-214.25,-216.45033,-244.31934,-141.4255,True,-196.0,-226.70847,-254.10333,-146.91873,True
2024-05-11 20:40:00,-203.92,104,-191,-223.17,-217.54239,-246.16914,-140.79219,True,-204.63,-228.69745,-256.78436,-146.70815,True
2024-05-11 20:45:00,-202.87,104,-180,-223.46999,-214.20042,-239.84647,-139.22261,True,-211.58,-223.72192,-248.86899,-144.30234,True
2024-05-11 20:50:00,-206.75,104,-173,-225.28,-211.9256,-234.18016,-138.71423,True,-214.49,-216.31595,-238.41487,-141.18968,True
2024-05-11 20:55:00,-222.53,104,-176,-220.08,-223.09041,-244.6204,-147.05565,True,-224.05,-223.45303,-244.99222,-147.15201,True
2024-05-11 21:00:00,-224.83,104,-179,-215.59,-223.54213,-245.00122,-148.0944,True,-227.62,-222.43105,-243.90465,-147.1775,True
2024-05-11 21:05:00,-213.7,104,-164,-206.67,-213.56732,-235.07402,-141.2814,True,-223.45,-213.31387,-234.82283,-140.995,True
2024-05-11 21:10:00,-225.53,104,-148,-204.62,-222.11461,-243.54428,-147.97342,True,-221.62,-219.30753,-240.72154,-145.90173,True
2024-05-11 21:15:00,-225.46,104,-172,-211.15,-220.7388,-241.9539,-148.04822,True,-225.34,-216.88696,-238.0476,-145.29689,True
2024-05-11 21:20:00,-225.0,104,-169,-205.97,-218.71576,-239.58058,-148.14578,True,-221.02,-213.60909,-234.36111,-144.58502,True
2024-05-11 21:25:00,-221.78,104,-174,-203.97,-213.96986,-234.81001,-146.40125,True,-216.58,-207.58955,-228.25282,-142.0494,True
2024-05-11 21:30:00,-216.11,104,-169,-202.28,-207.09126,-227.61499,-143.48463,True,-217.93,-199.64218,-219.91142,-138.49614,True
2024-05-11 21:35:00,-214.25,104,-160,-196.0,-204.22255,-224.59828,-142.8621,True,-214.36,-195.91298,-215.98073,-137.25162,True
2024-05-11 21:40:00,-223.17,104,-176,-204.63,-211.30261,-231.74686,-148.86969,True,-210.21,-201.85732,-221.92934,-142.10776,True
2024-05-11 21:45:00,-223.46999,104,-182,-211.58,-209.93234,-230.8549,-148.73358,True,-210.63,-199.24911,-219.73257,-140.96315,True
2024-05-11 21:50:00,-225.28,104,-183,-214.49,-208.89282,-231.15599,-148.43733,True,-207.06,-196.14145,-217.85446,-139.0313,True
2024-05-11 21:55:00,-220.08,104,-177,-224.05,-202.15886,-225.72945,-143.46405,True,-206.4,-187.91881,-210.89386,-133.16354,True
2024-05-11 22:00:00,-215.59,104,-169,-227.62,-199.92273,-228.67714,-137.0306,True,-206.51,-186.9836,-215.42381,-128.32004,True
2024-05-11 22:05:00,-206.67,104,-159,-223.45,-193.93796,-224.85222,-130.72179,True,-205.19,-182.98293,-213.757,-123.71951,True
2024-05-11 22:10:00,-204.62,104,-150,-221.62,-192.26158,-220.609,-131.25133,False,-202.68,-181.54573,-209.7182,-124.31594,True
2024-05-11 22:15:00,-211.15,104,-159,-225.34,-200.95589,-226.66003,-138.01166,True,-200.54,-192.10994,-217.66592,-132.21736,True
2024-05-11 22:20:00,-205.97,104,-158,-221.02,-201.33754,-223.43608,-138.53746,True,-201.81,-197.02475,-219.0244,-135.78261,True
2024-05-11 22:25:00,-203.97,104,-156,-216.58,-202.08975,-221.50774,-139.09738,True,-201.13,-200.1057,-219.4139,-137.83026,True
2024-05-11 22:30:00,-202.28,104,-153,-217.93,-202.53674,-221.05219,-138.15704,True,-201.85,-202.36836,-220.76706,-138.04674,True
2024-05-11 22:35:00,-196.0,104,-144,-214.36,-198.88312,-216.80296,-134.60164,True,-202.05,-201.0069,-218.77596,-135.89209,True
2024-05-11 22:40:00,-204.63,104,-146,-210.21,-206.35849,-223.13466,-139.8728,True,-204.1,-207.40317,-224.06232,-140.5362,True
2024-05-11 22:45:00,-211.58,104,-161,-210.63,-213.57898,-230.5512,-143.71866,True,-205.22,-214.79736,-231.6582,-144.51297,True
2024-05-11 22:50:00,-214.49,104,-165,-207.06,-218.14659,-235.72147,-145.34996,True,-202.84,-220.70808,-238.1614,-147.0291,True
2024-05-11 22:55:00,-224.05,104,-174,-206.4,-225.66154,-243.71843,-150.69469,True,-201.96,-226.46988,-244.42621,-151.26042,True
2024-05-11 23:00:00,-227.62,104,-186,-206.51,-227.41826,-245.57341,-152.83873,True,-202.07,-226.82019,-244.86525,-152.40767,True
2024-05-11 23:05:00,-223.45,104,-184,-205.19,-223.3726,-241.35208,-150.64256,True,-203.4,-222.84914,-240.71733,-150.2804,True
2024-05-11 23:10:00,-221.62,104,-180,-202.68,-223.43954,-241.17415,-150.32436,True,-208.63,-224.36653,-241.9982,-151.02565,True
2024-05-11 23:15:00,-225.34,104,-181,-200.54,-227.30907,-244.92473,-152.9468,True,-211.32,-228.31976,-245.83253,-153.73326,True
2024-05-11 23:20:00,-221.02,104,-176,-201.81,-224.40335,-241.5907,-150.69159,True,-217.74,-226.53871,-243.6092,-152.2835,True
2024-05-11 23:25:00,-216.58,104,-169,-201.13,-221.59616,-238.53796,-148.15161,True,-220.13,-225.13206,-241.92084,-150.67032,True
2024-05-11 23:30:00,-217.93,104,-167,-201.85,-223.24046,-240.29997,-148.81009,True,-220.09,-227.01988,-243.91423,-151.48384,True
2024-05-11 23:35:00,-214.36,104,-169,-202.05,-221.40936,-238.7786,-146.51959,True,-227.37,-226.76164,-243.90082,-150.14096,True
2024-05-11 23:40:00,-210.21,104,-162,-204.1,-218.45122,-236.02023,-143.79758,True,-239.3,-224.95677,-242.23434,-148.0382,True
2024-05-11 23:45:00,-210.63,104,-160,-205.22,-218.31148,-235.31665,-144.01715,True,-242.61,-224.29518,-241.043,-147.92676,False
2024-05-11 23:50:00,-207.06,104,-156,-202.84,-213.28566,-229.53804,-141.87024,True,-244.3,-218.0714,-234.08968,-144.97748,False
2024-05-11 23:55:00,-206.4,104,-158,-201.96,-215.15677,-232.8599,-141.0011,True,-234.54001,-222.19853,-239.56418,-145.40431,True
2024-05-12 00:00:00,-206.51,104,-158,-202.07,-216.77782,-235.06364,-140.99997,True,-233.74,-225.16833,-243.04279,-146.17487,True
2024-05-12 00:05:00,-205.19,104,-157,-203.4,-215.19499,-232.78117,-140.58401,True,-229.05998,-223.36346,-240.54692,-145.62401,True
2024-05-12 00:10:00,-202.68,104,-153,-208.63,-212.90082,-230.36212,-139.18266,True,-223.69002,-221.29532,-238.32991,-144.30739,True
2024-05-12 00:15:00,-200.54,104,-153,-211.32,-212.80547,-231.46178,-137.86435,True,-229.31,-223.08269,-241.15445,-143.97218,True
2024-05-12 00:20:00,-201.81,104,-153,-217.74,-214.38298,-233.16743,-138.56523,True,-216.25,-224.88351,-243.07097,-144.79399,True
2024-05-12 00:25:00,-201.13,104,-153,-220.13,-214.51979,-233.68248,-138.24939,True,-209.43,-225.71878,-244.22678,-144.82231,True
2024-05-12 00:30:00,-201.85,104,-153,-220.09,-216.16646,-235.72583,-138.70723,True,-205.97,-228.11615,-246.98141,-145.67215,True
2024-05-12 00:35:00,-202.05,104,-151,-227.37,-216.74133,-236.24484,-138.983,True,-203.57,-228.96216,-247.76526,-146.08438,True
2024-05-12 00:40:00,-204.1,104,-152,-239.3,-220.1749,-240.40675,-140.21797,True,-201.57,-233.50188,-252.9827,-147.89828,True
2024-05-12 00:45:00,-205.22,104,-152,-242.61,-222.37842,-243.48518,-140.75688,True,-205.81,-236.56693,-256.85187,-148.87102,True
2024-05-12 00:50:00,-202.84,104,-146,-244.3,-221.70552,-244.0254,-139.31259,False,-204.16,-237.27942,-258.6347,-148.09496,True
2024-05-12 00:55:00,-201.96,104,-147,-234.54001,-222.32256,-245.50897,-138.81961,True,-239.27,-239.05704,-261.18863,-148.18025,True
2024-05-12 01:00:00,-202.07,104,-145,-233.74,-223.6699,-248.57454,-138.44104,True,-234.84,-241.31061,-265.02145,-148.25276,True
2024-05-12 01:05:00,-203.4,104,-143,-229.05998,-225.40475,-250.71236,-138.92496,True,-222.78,-243.17065,-267.30737,-148.79497,True
2024-05-12 01:10:00,-208.63,104,-143,-223.69002,-231.3654,-257.0626,-141.8088,True,-224.56,-249.54877,-274.09375,-151.9367,True
2024-05-12 01:15:00,-211.32,104,-144,-229.31,-233.7421,-259.52118,-142.81456,True,-220.1,-251.50218,-276.1575,-152.73964,True
2024-05-12 01:20:00,-217.74,104,-145,-216.25,-238.34409,-263.848,-145.20132,True,-210.52,-254.4276,-278.9739,-154.27444,True
2024-05-12 01:25:00,-220.13,104,-147,-209.43,-238.59973,-262.83655,-145.6879,True,-203.92,-252.80176,-276.27026,-153.76288,True
2024-05-12 01:30:00,-220.09,104,-135,-205.97,-237.14522,-261.24213,-144.34033,True,-197.39,-250.05447,-273.47375,-151.68341,True
2024-05-12 01:35:00,-227.37,104,-140,-203.57,-238.9662,-262.74014,-145.594,True,-204.25,-247.44142,-270.77414,-150.52083,True
2024-05-12 01:40:00,-239.3,104,-147,-201.57,-248.22556,-273.00085,-150.35332,True,-197.17,-254.51138,-278.91522,-154.09555,True
2024-05-12 01:45:00,-242.61,104,-153,-205.81,-250.19872,-275.43036,-151.08922,True,-203.46,-255.41911,-280.29376,-154.2202,True
2024-05-12 01:50:00,-244.3,104,-155,-204.16,-250.45204,-274.6445,-152.46912,True,-201.02,-254.57297,-278.44604,-154.9765,True
2024-05-12 01:55:00,-234.54001,104,-142,-239.27,-242.05115,-264.23587,-148.69646,True,-197.7,-247.20494,-269.0797,-151.76274,True
2024-05-12 02:00:00,-233.74,104,-132,-234.84,-240.91069,-262.53723,-148.51324,True,-199.49,-245.81407,-267.1311,-151.43172,True
2024-05-12 02:05:00,-229.05998,104,-135,-222.78,-235.80928,-257.54062,-145.21925,True,-207.84,-240.38316,-261.79175,-147.92982,True
2024-05-12 02:10:00,-223.69002,104,-132,-224.56,-231.24905,-252.84143,-141.8996,True,-214.56,-236.37492,-257.64392,-144.9024,True
2024-05-12 02:15:00,-229.31,104,-139,-220.1,-236.50024,-259.07184,-144.12184,True,-216.26,-241.3342,-263.57156,-146.9625,True
2024-05-12 02:20:00,-216.25,104,-142,-210.52,-227.38701,-251.27895,-136.7814,True,-220.74,-234.98273,-258.46234,-141.13486,True
2024-05-12 02:25:00,-209.43,104,-137,-203.92,-223.06479,-248.49797,-132.53258,True,-230.56,-232.26515,-257.21057,-137.78197,True
2024-05-12 02:30:00,-205.97,104,-136,-197.39,-216.70467,-240.32059,-130.59259,True,-238.78,-223.8699,-247.08281,-134.71907,True
2024-05-12 02:35:00,-203.57,104,-132,-204.25,-209.08939,-232.22797,-127.43631,True,-239.58998,-212.60858,-235.36482,-129.51515,False
2024-05-12 02:40:00,-201.57,104,-125,-197.17,-203.952,-227.5865,-124.454025,True,-230.23,-205.26323,-228.47697,-125.27311,False
2024-05-12 02:45:00,-205.81,104,-126,-203.46,-205.09628,-227.58101,-126.208496,True,-215.95001,-204.2692,-226.28175,-125.7839,True
2024-05-12 02:50:00,-204.16,104,-120,-201.02,-201.16927,-224.40399,-123.791725,True,-204.87,-198.81335,-221.49438,-122.45598,True
2024-05-12 02:55:00,-239.27,104,-128,-197.7,-226.40065,-248.82289,-141.92557,True,-197.48,-217.18687,-238.55072,-136.3802,True
2024-05-12 03:00:00,-234.84,104,-166,-199.49,-221.38284,-243.98605,-138.79999,True,-194.6,-211.8582,-233.36798,-133.06688,True
2024-05-12 03:05:00,-222.78,104,-151,-207.84,-211.16722,-232.91338,-132.7784,True,-189.67,-202.976,-223.78304,-127.846596,True
2024-05-12 03:10:00,-224.56,104,-151,-214.56,-212.56285,-235.47798,-133.20815,True,-185.87,-204.14996,-226.16121,-128.14153,True
2024-05-12 03:15:00,-220.1,104,-153,-216.26,-212.33206,-237.0392,-131.04306,True,-185.06,-206.86743,-230.91849,-127.793816,True
2024-05-12 03:20:00,-210.52,104,-148,-220.74,-205.99635,-231.2171,-126.262115,True,-182.72998,-202.75081,-227.44058,-124.330696,True
2024-05-12 03:25:00,-203.92,104,-140,-230.56,-202.01663,-228.00334,-123.2394,False,-178.98,-200.51468,-226.03064,-122.35109,True
2024-05-12 03:30:00,-197.39,104,-132,-238.78,-196.16933,-221.18394,-120.75253,False,-175.67,-195.11751,-219.66919,-120.12918,True
2024-05-12 03:35:00,-204.25,104,-131,-239.58998,-201.69612,-227.09628,-124.37354,False,-175.07,-199.77016,-224.693,-123.22991,True
2024-05-12 03:40:00,-197.17,104,-118,-230.23,-196.96893,-221.79318,-121.632034,False,-170.81,-196.5619,-220.94098,-121.402306,True
2024-05-12 03:45:00,-203.46,104,-122,-215.95001,-200.98973,-227.22572,-123.897255,True,-167.63,-199.11832,-224.8627,-122.79076,True
2024-05-12 03:50:00,-201.02,104,-119,-204.87,-199.1719,-226.43228,-121.85704,True,-166.49,-197.71034,-224.48962,-120.99486,True
2024-05-12 03:55:00,-197.7,104,-111,-197.48,-196.76329,-223.84468,-120.17643,True,-165.35,-195.87975,-222.49739,-119.661476,True
2024-05-12 04:00:00,-199.49,104,-105,-194.6,-198.01506,-224.56006,-121.01919,True,-163.23,-196.77972,-222.85811,-120.2951,True
2024-05-12 04:05:00,-207.84,104,-109,-189.67,-203.05025,-229.5798,-124.509285,True,-159.68,-199.6231,-225.59352,-122.48499,True
2024-05-12 04:10:00,-214.56,104,-125,-185.87,-206.84589,-232.85191,-127.68457,True,-158.38,-201.41197,-226.74321,-124.47218,True
2024-05-12 04:15:00,-216.26,104,-135,-185.06,-207.19775,-232.7022,-128.67229,True,-155.96,-200.79752,-225.5607,-124.8803,True
2024-05-12 04:20:00,-220.74,104,-143,-182.72998,-209.82666,-235.18144,-131.0731,True,-154.06,-202.07709,-226.6095,-126.47086,True
2024-05-12 04:25:00,-230.56,104,-149,-178.98,-216.7842,-241.37592,-136.89275,True,-151.47,-206.88686,-230.48679,-130.96355,True
2024-05-12 04:30:00,-238.78,104,-140,-175.67,-222.2979,-246.64423,-141.57141,True,-149.4,-210.38887,-233.5796,-134.31595,True
2024-05-12 04:35:00,-239.58998,104,-144,-175.07,-222.41402,-245.52048,-142.80042,True,-147.97,-209.97018,-231.86018,-135.14668,True
2024-05-12 04:40:00,-230.23,104,-140,-170.81,-215.24681,-236.59418,-138.99136,True,-147.37,-204.22824,-224.51508,-132.26764,True
2024-05-12 04:45:00,-215.95001,104,-137,-167.63,-204.61693,-222.56505,-133.93652,True,-146.92,-196.08861,-213.19829,-128.75432,True
2024-05-12 04:50:00,-204.87,104,-142,-166.49,-195.91847,-212.84943,-129.01779,True,-144.01,-189.02686,-205.2766,-124.83188,True
2024-05-12 04:55:00,-197.48,104,-155,-165.35,-190.07198,-206.2661,-125.74998,True,-142.7,-184.26115,-199.86664,-122.21052,True
2024-05-12 05:00:00,-194.6,104,-158,-163.23,-187.74345,-203.3944,-124.78784,True,-142.05,-182.28413,-197.38274,-121.456856,True
2024-05-12 05:05:00,-189.67,104,-155,-159.68,-183.76498,-199.07068,-122.445915,True,-140.07,-178.98305,-193.78896,-119.521645,True
2024-05-12 05:10:00,-185.87,104,-158,-158.38,-180.66771,-195.61377,-120.74773,True,-139.78,-176.38557,-190.87,-118.12202,True
2024-05-12 05:15:00,-185.06,104,-157,-155.96,-179.88289,-194.73041,-120.42477,True,-138.34,-175.5989,-189.99786,-117.79253,True
2024-05-12 05:20:00,-182.72998,104,-156,-154.06,-177.85481,-192.67659,-119.19225,True,-138.46,-173.78267,-188.17424,-116.68419,True
2024-05-12 05:25:00,-178.98,104,-156,-151.47,-174.67787,-189.36678,-117.292656,True,-138.76,-171.03848,-185.32333,-115.039055,True
2024-05-12 05:30:00,-175.67,104,-154,-149.4,-171.832,-186.39131,-115.55096,True,-138.45,-168.55763,-182.7317,-113.507385,True
2024-05-12 05:35:00,-175.07,104,-156,-147.97,-171.40877,-185.64914,-115.47546,True,-139.19,-168.25868,-182.12411,-113.5045,True
2024-05-12 05:40:00,-170.81,104,-151,-147.37,-167.95483,-181.8071,-113.34563,True,-138.0,-165.43765,-178.93411,-111.75182,True
2024-05-12 05:45:00,-167.63,104,-145,-146.92,-165.40544,-179.28781,-111.61158,True,-139.07,-163.3769,-176.92085,-110.31659,True
2024-05-12 05:50:00,-166.49,104,-144,-144.01,-164.63869,-178.76712,-110.926315,True,-139.85,-162.89133,-176.695,-109.807365,True
2024-05-12 05:55:00,-165.35,104,-144,-142.7,-163.08624,-178.89958,-108.96732,True,-138.35,-161.0473,-176.52899,-107.65655,True
2024-05-12 06:00:00,-163.23,104,-142,-142.05,-162.05916,-176.65854,-108.96158,True,-135.09,-160.82745,-175.12134,-108.16042,True
2024-05-12 06:05:00,-159.68,104,-139,-140.07,-160.01976,-173.78764,-108.075,True,-134.2,-159.91496,-173.40788,-107.99116,True
2024-05-12 06:10:00,-158.38,104,-139,-139.78,-159.17369,-172.99402,-107.82359,True,-133.96,-159.40652,-172.9569,-107.95217,True
2024-05-12 06:15:00,-155.96,104,-138,-138.34,-157.15404,-171.08125,-106.710335,True,-132.45,-157.69284,-171.35194,-107.03168,True
2024-05-12 06:20:00,-154.06,104,-138,-138.46,-155.32472,-169.35486,-105.72025,True,-131.21,-155.92082,-169.68141,-106.07509,True
2024-05-12 06:25:00,-151.47,104,-137,-138.76,-152.51437,-167.38756,-103.59344,True,-129.94,-152.9516,-167.55504,-103.84346,True
2024-05-12 06:30:00,-149.4,104,-137,-138.45,-150.11565,-165.82271,-101.49743,True,-129.3,-150.30255,-165.7386,-101.58197,True
2024-05-12 06:35:00,-147.97,104,-137,-139.19,-148.80347,-164.36798,-100.488304,True,-127.079994,-149.07768,-164.3773,-100.62624,True
2024-05-12 06:40:00,-147.37,104,-137,-138.0,-147.55165,-164.26991,-98.64677,True,-126.74,-147.33713,-163.79572,-98.46122,True
2024-05-12 06:45:00,-146.92,104,-138,-139.07,-147.08234,-164.50269,-97.19456,True,-125.54,-146.84946,-164.0175,-96.99003,True
2024-05-12 06:50:00,-144.01,104,-137,-139.85,-144.96896,-161.7651,-95.42428,True,-122.43,-145.30568,-161.86086,-95.5873,True
2024-05-12 06:55:00,-142.7,104,-137,-138.35,-143.82896,-160.02669,-94.621574,True,-120.13,-144.28285,-160.24858,-94.85974,True
2024-05-12 07:00:00,-142.05,104,-138,-135.09,-143.0351,-159.03261,-93.90926,True,-121.11,-143.38902,-159.16563,-94.07911,True
2024-05-12 07:05:00,-140.07,104,-137,-134.2,-140.79924,-156.45511,-92.373024,True,-120.64,-140.96556,-156.40428,-92.41797,True
2024-05-12 07:10:00,-139.78,104,-136,-133.96,-140.08624,-155.09152,-92.10896,True,-120.0,-139.96097,-154.75754,-91.95989,True
2024-05-12 07:15:00,-138.34,104,-135,-132.45,-138.32722,-152.79626,-91.20198,True,-109.27,-137.97665,-152.23817,-90.90173,True
2024-05-12 07:20:00,-138.46,104,-133,-131.21,-137.96928,-152.312,-90.88286,True,-104.84,-137.2822,-151.4201,-90.35625,True
2024-05-12 07:25:00,-138.76,104,-135,-129.94,-137.76747,-152.02167,-90.62279,True,-105.69,-136.72423,-150.7738,-89.85888,True
2024-05-12 07:30:00,-138.45,104,-136,-129.3,-136.96861,-151.44438,-89.81593,True,-105.59,-135.58089,-149.8512,-88.82055,True
2024-05-12 07:35:00,-139.19,104,-137,-127.079994,-137.01997,-151.33255,-89.949646,True,-103.41,-135.1339,-149.23526,-88.624344,True
2024-05-12 07:40:00,-138.0,104,-139,-126.74,-135.38242,-149.15523,-89.33364,True,-103.12,-133.16849,-146.72478,-87.787895,True
2024-05-12 07:45:00,-139.07,104,-140,-125.54,-135.7849,-149.2302,-90.062004,True,-103.92,-133.05373,-146.27437,-88.174835,True
2024-05-12 07:50:00,-139.85,104,-144,-122.43,-135.23279,-150.15088,-88.67339,True,-106.27,-131.55185,-146.20982,-86.17199,True
2024-05-12 07:55:00,-138.35,104,-142,-120.13,-133.61757,-148.67216,-87.30754,True,-103.39,-129.86475,-144.66368,-84.752914,True
2024-05-12 08:00:00,-135.09,104,-140,-121.11,-130.70355,-145.50993,-85.37586,True,-99.77,-127.210724,-141.77959,-82.98237,True
2024-05-12 08:05:00,-134.2,104,-139,-120.64,-129.44089,-144.56091,-84.15836,True,-98.649994,-125.68705,-140.56427,-81.59412,True
2024-05-12 08:10:00,-133.96,104,-138,-120.0,-128.55122,-144.50752,-82.792755,True,-99.88,-124.35488,-140.05325,-79.94143,True
2024-05-12 08:15:00,-132.45,104,-140,-109.27,-127.05295,-143.06497,-81.44896,True,-102.53,-122.88749,-138.64952,-78.61507,True
2024-05-12 08:20:00,-131.21,104,-139,-104.84,-125.34747,-141.74182,-79.95719,True,-106.54,-120.87345,-137.00645,-76.91778,True
2024-05-12 08:25:00,-129.94,104,-137,-105.69,-123.79333,-140.48604,-78.379,True,-107.04,-119.15482,-135.57593,-75.23464,True
2024-05-12 08:30:00,-129.3,104,-136,-105.59,-122.825905,-139.49333,-77.41352,True,-103.18,-117.97922,-134.3609,-74.13431,True
2024-05-12 08:35:00,-127.079994,104,-134,-103.41,-120.45696,-137.28462,-75.17357,True,-106.14,-115.57949,-132.10777,-71.879555,True
2024-05-12 08:40:00,-126.74,104,-135,-103.12,-119.802666,-136.55617,-74.384605,True,-110.850006,-114.732765,-131.16716,-70.97568,True
2024-05-12 08:45:00,-125.54,104,-134,-103.92,-118.25537,-135.01343,-73.05936,True,-114.31,-112.9964,-129.41559,-69.53369,True
2024-05-12 08:50:00,-122.43,104,-134,-106.27,-115.45112,-132.17426,-70.64027,True,-115.9,-110.48922,-126.89393,-67.31348,True
2024-05-12 08:55:00,-120.13,104,-133,-103.39,-113.8787,-131.0382,-68.7366,True,-115.38,-109.48536,-126.402725,-65.7676,True
2024-05-12 09:00:00,-121.11,104,-133,-99.77,-114.702965,-132.96059,-68.527435,True,-113.18,-110.241066,-128.29173,-65.50811,True
2024-05-12 09:05:00,-120.64,104,-132,-98.649994,-114.33053,-133.31445,-67.33193,True,-111.94,-110.00922,-128.81029,-64.42056,True
2024-05-12 09:10:00,-120.0,104,-130,-99.88,-113.91276,-132.17155,-67.14967,True,-111.68,-109.76342,-127.84702,-64.34286,True
2024-05-12 09:15:00,-109.27,104,-117,-102.53,-106.0398,-122.49957,-62.36947,True,-111.27,-103.79822,-120.19127,-60.827477,True
2024-05-12 09:20:00,-104.84,104,-102,-106.54,-102.41071,-117.655914,-60.750874,True,-109.95,-100.68472,-115.89606,-59.55487,True
2024-05-12 09:25:00,-105.69,104,-112,-107.04,-102.56698,-116.93271,-61.494488,True,-106.78,-100.417465,-114.72609,-60.01201,True
2024-05-12 09:30:00,-105.59,104,-115,-103.18,-101.91521,-115.20401,-62.184288,True,-105.75,-99.39813,-112.611244,-60.4466,True
2024-05-12 09:35:00,-103.41,104,-115,-106.14,-99.345314,-112.083626,-61.097107,True,-109.04,-96.5837,-109.23073,-59.207275,True
2024-05-12 09:40:00,-103.12,104,-115,-110.850006,-98.47366,-110.7494,-61.37791,False,-109.38,-95.30219,-107.46822,-59.2147,False
2024-05-12 09:45:00,-103.92,104,-115,-114.31,-98.359985,-110.98335,-61.41127,False,-109.27,-94.53996,-107.02685,-58.827835,False
2024-05-12 09:50:00,-106.27,104,-116,-115.9,-99.42444,-111.41693,-63.420227,False,-109.15,-94.6164,-106.39918,-60.163933,False
2024-05-12 09:55:00,-103.39,104,-113,-115.38,-96.609276,-108.15849,-62.06233,False,-108.42,-91.830055,-103.209854,-58.810833,False
2024-05-12 10:00:00,-99.77,104,-107,-113.18,-93.391205,-104.21011,-60.648342,False,-107.86,-88.88083,-99.58936,-57.556377,False
2024-05-12 10:05:00,-98.649994,104,-104,-111.94,-92.098526,-102.85765,-60.03403,False,-107.13,-87.448845,-98.12382,-56.839733,False
2024-05-12 10:10:00,-99.88,104,-104,-111.68,-92.90063,-103.8274,-60.729496,False,-107.27,-87.904526,-98.75557,-57.2955,False
2024-05-12 10:15:00,-102.53,104,-104,-111.27,-95.12393,-106.18305,-62.612495,False,-107.48,-89.73739,-100.71958,-58.90647,False
2024-05-12 10:20:00,-106.54,104,-105,-109.95,-98.83047,-110.20398,-65.64954,True,-107.24999,-93.060234,-104.3809,-61.668514,False
2024-05-12 10:25:00,-107.04,104,-109,-106.78,-99.99559,-111.23833,-67.3817,True,-105.16,-94.55267,-105.832535,-63.59737,True
2024-05-12 10:30:00,-103.18,104,-105,-105.75,-97.54424,-107.68894,-66.786804,True,-105.3,-93.12383,-103.39927,-63.658157,False
2024-05-12 10:35:00,-106.14,104,-103,-109.04,-100.537674,-111.21223,-68.61818,True,-105.33,-96.0917,-106.91125,-65.49291,True
2024-05-12 10:40:00,-110.850006,104,-108,-109.38,-104.97311,-115.686905,-71.97753,True,-105.63,-100.21581,-111.05644,-68.65764,True
2024-05-12 10:45:00,-114.31,104,-114,-109.27,-108.420555,-118.91317,-74.709946,True,-105.100006,-103.59448,-114.199875,-71.359,True
2024-05-12 10:50:00,-115.9,104,-120,-109.15,-109.978386,-120.14702,-76.22104,True,-104.06,-105.114395,-115.38024,-72.85146,True
2024-05-12 10:55:00,-115.38,104,-121,-108.42,-109.79866,-119.76473,-76.167,True,-103.56,-105.23793,-115.313614,-73.00497,True
2024-05-12 11:00:00,-113.18,104,-120,-107.86,-107.94532,-117.91187,-74.70699,True,-103.02,-103.71329,-113.81467,-71.76187,True
2024-05-12 11:05:00,-111.94,104,-118,-107.13,-106.551704,-116.31674,-73.992516,True,-102.24,-102.24066,-112.13611,-70.9864,True
2024-05-12 11:10:00,-111.68,104,-117,-107.27,-105.88817,-115.90419,-73.569595,True,-102.07,-101.278656,-111.41921,-70.36267,True
2024-05-12 11:15:00,-111.27,104,-117,-107.48,-106.06803,-115.38014,-74.15617,True,-101.27,-101.908424,-111.3788,-71.2359,True
2024-05-12 11:20:00,-109.95,104,-115,-107.24999,-105.29797,-114.40911,-73.887764,True,-100.98,-101.5783,-110.882,-71.2569,True
2024-05-12 11:25:00,-106.78,104,-112,-105.16,-103.04197,-111.372734,-73.22476,True,-99.79,-100.05206,-108.61057,-71.07362,True
2024-05-12 11:30:00,-105.75,104,-108,-105.3,-102.157,-110.48964,-72.91002,True,-100.74,-99.295105,-107.870384,-70.840195,True
2024-05-12 11:35:00,-109.04,104,-110,-105.33,-105.29569,-113.63541,-75.47513,True,-100.95,-102.268074,-110.8464,-73.29479,True
2024-05-12 11:40:00,-109.38,104,-113,-105.63,-105.788216,-114.05662,-76.0806,True,-101.15,-102.87644,-111.3913,-73.97869,True
2024-05-12 11:45:00,-109.27,104,-114,-105.100006,-105.78759,-113.97828,-76.2991,True,-101.38,-102.96652,-111.41358,-74.25584,True
2024-05-12 11:50:00,-109.15,104,-114,-104.06,-105.86227,-114.27517,-76.30668,True,-101.36,-103.19924,-111.88371,-74.37407,True
2024-05-12 11:55:00,-108.42,104,-114,-103.56,-105.232864,-113.55534,-76.06085,True,-101.42,-102.65362,-111.2575,-74.18055,True
2024-05-12 12:00:00,-107.86,104,-114,-103.02,-104.76895,-112.8666,-76.07375,True,-101.0,-102.271706,-110.65716,-74.24396,True
2024-05-12 12:05:00,-107.13,104,-112,-102.24,-104.20341,-112.22178,-75.910736,True,-100.94,-101.84459,-110.16078,-74.17265,True
2024-05-12 12:10:00,-107.27,104,-111,-102.07,-104.4324,-112.639694,-76.03668,True,-100.95,-102.148,-110.66354,-74.35172,True
2024-05-12 12:15:00,-107.48,104,-112,-101.27,-104.84358,-113.73059,-75.67013,True,-101.11,-102.73997,-111.95325,-74.121376,True
2024-05-12 12:20:00,-107.24999,104,-113,-100.98,-105.06035,-115.210236,-74.33593,True,-101.17,-103.35926,-113.86352,-73.085495,True
2024-05-12 12:25:00,-105.16,104,-110,-99.79,-102.88871,-112.150314,-73.729225,True,-100.9,-101.12492,-110.73919,-72.41891,True
2024-05-12 12:30:00,-105.3,104,-109,-100.74,-102.91455,-111.64194,-74.226585,True,-100.84,-101.05792,-110.134735,-72.845116,True
2024-05-12 12:35:00,-105.33,104,-110,-100.95,-103.02756,-111.99398,-73.909706,True,-100.18,-101.25713,-110.58416,-72.59389,True
2024-05-12 12:40:00,-105.63,104,-111,-101.15,-103.30693,-112.33926,-73.93189,True,-98.95,-101.52814,-110.925446,-72.61207,True
2024-05-12 12:45:00,-105.100006,104,-111,-101.38,-102.56497,-111.143555,-73.98747,True,-99.64,-100.611145,-109.55642,-72.533325,True
2024-05-12 12:50:00,-104.06,104,-110,-101.36,-101.54279,-110.14633,-73.24052,True,-98.27,-99.61697,-108.599174,-71.80268,True
2024-05-12 12:55:00,-103.56,104,-109,-101.42,-101.03361,-109.78718,-72.6777,True,-98.48,-99.11306,-108.25802,-71.2433,True
2024-05-12 13:00:00,-103.02,104,-109,-101.0,-100.42583,-108.93237,-72.44125,True,-97.94,-98.45846,-107.359825,-70.96887,True
2024-05-12 13:05:00,-102.24,104,-108,-100.94,-99.601265,-108.00672,-71.93949,True,-97.99,-97.609825,-106.41931,-70.44491,True
2024-05-12 13:10:00,-102.07,104,-108,-100.95,-99.46239,-108.33681,-71.30894,True,-97.77,-97.513535,-106.81143,-69.84933,True
2024-05-12 13:15:00,-101.27,104,-107,-101.11,-98.63603,-107.76461,-70.38666,True,-97.32,-96.68081,-106.24978,-68.921486,True
2024-05-12 13:20:00,-100.98,104,-107,-101.17,-98.3217,-107.45191,-70.17496,True,-98.07,-96.35582,-105.93722,-68.69887,True
2024-05-12 13:25:00,-99.79,104,-105,-100.9,-97.29862,-106.509,-69.386536,True,-97.17,-95.48571,-105.16324,-68.01719,True
2024-05-12 13:30:00,-100.74,104,-106,-100.84,-98.115906,-107.4962,-69.87198,True,-97.11,-96.20183,-106.061584,-68.431625,True
2024-05-12 13:35:00,-100.95,104,-107,-100.18,-98.33054,-107.63602,-70.073006,True,-98.03,-96.43061,-106.22203,-68.64136,True
2024-05-12 13:40:00,-101.15,104,-107,-98.95,-98.52226,-107.81191,-70.221596,True,-98.28,-96.62722,-106.41454,-68.791504,True
2024-05-12 13:45:00,-101.38,104,-108,-99.64,-98.67943,-107.44381,-70.92523,True,-98.66,-96.720924,-105.9756,-69.43927,True
2024-05-12 13:50:00,-101.36,104,-108,-98.27,-98.66529,-107.47976,-70.975,True,-99.28,-96.72021,-106.036,-69.49504,True
2024-05-12 13:55:00,-101.42,104,-108,-98.48,-98.764946,-107.04542,-71.52967,True,-99.4,-96.858536,-105.63851,-70.067024,True
2024-05-12 14:00:00,-101.0,104,-109,-97.94,-98.49414,-107.09756,-70.92039,True,-99.98,-96.73274,-105.85581,-69.56455,True
2024-05-12 14:05:00,-100.94,104,-109,-97.99,-98.51946,-107.48403,-70.856255,True,-100.0,-96.83684,-106.345215,-69.55342,True
2024-05-12 14:10:00,-100.95,104,-109,-97.77,-98.608025,-108.12792,-70.51751,True,-99.69,-97.00023,-107.08528,-69.27049,True
2024-05-12 14:15:00,-101.11,104,-109,-97.32,-98.75563,-108.32206,-70.67088,True,-100.78,-97.15092,-107.29762,-69.42078,True
2024-05-12 14:20:00,-101.17,104,-109,-98.07,-99.0253,-109.05145,-70.41904,True,-100.3,-97.61117,-108.235725,-69.31002,True
2024-05-12 14:25:00,-100.9,104,-110,-97.17,-98.98837,-109.61289,-69.95012,True,-100.4,-97.78828,-109.037865,-68.998314,True
2024-05-12 14:30:00,-100.84,104,-110,-97.11,-99.02752,-109.83083,-69.93068,True,-100.63,-97.92226,-109.36166,-69.04561,True
2024-05-12 14:35:00,-100.18,104,-109,-98.03,-98.86116,-110.678116,-68.90286,True,-100.62,-98.18972,-110.6675,-68.34143,True
2024-05-12 14:40:00,-98.95,104,-108,-98.28,-98.02878,-110.60194,-67.31674,True,-101.59,-97.7064,-110.956955,-67.014656,True
2024-05-12 14:45:00,-99.64,104,-108,-98.66,-98.95011,-112.207085,-67.30718,True,-101.99,-98.84026,-112.791534,-67.16418,True
2024-05-12 14:50:00,-98.27,104,-107,-99.28,-97.9136,-111.81841,-65.70759,True,-101.99,-98.08437,-112.69725,-65.770546,True
2024-05-12 14:55:00,-98.48,104,-106,-99.4,-97.85668,-111.31243,-66.06581,True,-101.61,-97.81959,-111.98168,-65.975525,True
2024-05-12 15:00:00,-97.94,104,-107,-99.98,-97.23393,-110.60785,-65.4321,True,-101.81999,-97.14455,-111.23786,-65.29862,True
2024-05-12 15:05:00,-97.99,104,-107,-100.0,-96.79572,-109.213524,-65.99331,True,-102.21,-96.31289,-109.438995,-65.56335,True
2024-05-12 15:10:00,-97.77,104,-107,-99.69,-96.231926,-107.85402,-66.31904,True,-102.38,-95.473175,-107.79841,-65.673584,True
2024-05-12 15:15:00,-97.32,104,-106,-100.78,-95.61923,-107.41026,-65.914116,True,-101.50001,-94.733536,-107.23846,-65.169365,True
2024-05-12 15:20:00,-98.07,104,-106,-100.3,-96.0089,-107.59142,-66.59893,True,-101.42,-94.81982,-107.104866,-65.621826,True
2024-05-12 15:25:00,-97.17,104,-106,-100.4,-94.93028,-106.28773,-66.26613,True,-101.13,-93.58893,-105.648254,-65.16076,True
2024-05-12 15:30:00,-97.11,104,-105,-100.63,-94.82638,-106.51116,-66.007866,True,-100.14,-93.447914,-105.845314,-64.8672,True
2024-05-12 15:35:00,-98.03,104,-107,-100.62,-95.52258,-107.182755,-66.85782,True,-100.23,-93.93755,-106.301414,-65.55121,True
2024-05-12 15:40:00,-98.28,104,-108,-101.59,-95.66595,-107.268486,-67.356476,True,-97.53,-93.9719,-106.27109,-65.953896,True
2024-05-12 15:45:00,-98.66,104,-107,-101.99,-96.067184,-107.83903,-67.872665,True,-95.89,-94.362526,-106.82206,-66.45205,True
2024-05-12 15:50:00,-99.28,104,-106,-101.99,-96.743484,-108.63446,-68.53684,True,-95.51,-95.067726,-107.63999,-67.12859,True
2024-05-12 15:55:00,-99.4,104,-106,-101.61,-96.877686,-108.68787,-69.12452,True,-94.86,-95.188126,-107.67292,-67.68874,True
2024-05-12 16:00:00,-99.98,104,-107,-101.81999,-97.5734,-109.45627,-69.92439,True,-93.96,-95.95765,-108.503914,-68.53383,True
2024-05-12 16:05:00,-100.0,104,-106,-102.21,-97.72569,-109.131676,-70.855354,True,-92.62999,-96.20037,-108.25297,-69.50852,True
2024-05-12 16:10:00,-99.69,104,-106,-102.38,-97.53726,-108.84588,-71.276085,True,-91.17,-96.089905,-108.04042,-69.9656,True
2024-05-12 16:15:00,-100.78,104,-106,-101.50001,-98.926506,-110.1103,-72.551636,True,-88.84,-97.72759,-109.5342,-71.418144,True
2024-05-12 16:20:00,-100.3,104,-108,-101.42,-98.83576,-110.948845,-71.8051,True,-87.59,-97.983574,-110.73636,-70.93544,True
2024-05-12 16:25:00,-100.4,104,-107,-101.13,-99.28436,-111.2007,-72.33321,True,-86.91,-98.74021,-111.274185,-71.6852,True
2024-05-12 16:30:00,-100.63,104,-107,-100.14,-99.57687,-111.78283,-72.63493,True,-84.79,-99.07354,-111.88952,-72.0134,True
2024-05-12 16:35:00,-100.62,104,-106,-100.23,-99.59091,-111.81643,-73.00533,True,-85.11,-99.09074,-111.91568,-72.378975,True
2024-05-12 16:40:00,-101.59,104,-105,-97.53,-100.78548,-113.263794,-73.90582,True,-84.88,-100.48927,-113.558014,-73.429985,True
2024-05-12 16:45:00,-101.99,104,-105,-95.89,-101.330444,-114.13212,-74.42699,True,-83.13,-101.15672,-114.53884,-74.041565,True
2024-05-12 16:50:00,-101.99,104,-104,-95.51,-101.3909,-114.4928,-74.66325,True,-81.81,-101.25896,-114.93381,-74.30972,True
2024-05-12 16:55:00,-101.61,104,-104,-94.86,-101.31878,-115.072014,-74.28418,True,-81.54,-101.458115,-115.775185,-74.13156,True
2024-05-12 17:00:00,-101.81999,104,-103,-93.96,-102.05731,-116.48578,-74.13258,True,-81.08,-102.69273,-117.66005,-74.34809,True
2024-05-12 17:05:00,-102.21,104,-103,-92.62999,-102.466805,-117.81603,-73.80897,True,-82.55,-103.106636,-118.98835,-74.035286,True
2024-05-12 17:10:00,-102.38,104,-102,-91.17,-102.74001,-119.00497,-73.26008,True,-81.46,-103.46331,-120.24896,-73.553535,True
2024-05-12 17:15:00,-101.50001,104,-101,-88.84,-102.04574,-118.60984,-72.39195,True,-80.37001,-102.92139,-119.98625,-72.802986,True
2024-05-12 17:20:00,-101.42,104,-101,-87.59,-102.16889,-119.17592,-72.11566,True,-81.13,-103.21476,-120.69992,-72.658,True
2024-05-12 17:25:00,-101.13,104,-100,-86.91,-102.061,-119.259224,-71.791336,True,-80.49,-103.25453,-120.90876,-72.44764,True
2024-05-12 17:30:00,-100.14,104,-100,-84.79,-101.336334,-119.47149,-70.56705,True,-79.02,-102.738075,-121.30506,-71.38117,True
2024-05-12 17:35:00,-100.23,104,-99,-85.11,-101.84346,-120.51589,-70.34327,True,-79.23,-103.59832,-122.67022,-71.41075,True
2024-05-12 17:40:00,-97.53,104,-99,-84.88,-99.38855,-118.211205,-68.51272,True,-80.33,-101.30779,-120.502205,-69.71491,True
2024-05-12 17:45:00,-95.89,104,-99,-83.13,-98.15411,-117.15235,-67.19834,True,-80.73,-100.38067,-119.71185,-68.63025,True
2024-05-12 17:50:00,-95.51,104,-99,-81.81,-97.79424,-116.78468,-66.89574,True,-82.33,-100.01875,-119.33262,-68.331024,True
2024-05-12 17:55:00,-94.86,104,-99,-81.54,-97.250206,-116.546776,-66.20791,True,-80.41,-99.5412,-119.14632,-67.693375,True
2024-05-12 18:00:00,-93.96,104,-99,-81.08,-96.71901,-116.2833,-65.402626,True,-80.69,-99.27369,-119.10565,-67.08602,True
2024-05-12 18:05:00,-92.62999,104,-98,-82.55,-95.61141,-115.74157,-64.19267,True,-80.35,-98.30676,-118.678856,-65.98363,True
2024-05-12 18:10:00,-91.17,104,-97,-81.46,-93.157326,-112.24014,-63.612495,True,-81.21,-95.04432,-114.418015,-64.8312,True
2024-05-12 18:15:00,-88.84,104,-95,-80.37001,-91.24872,-110.38685,-62.141838,True,-81.58,-93.43761,-112.82549,-63.595486,True
2024-05-12 18:20:00,-87.59,104,-95,-81.13,-90.94172,-111.4877,-60.759148,True,-82.42,-93.82656,-114.53612,-62.721806,True
2024-05-12 18:25:00,-86.91,104,-95,-80.49,-89.73669,-109.85781,-60.403893,True,-83.04,-92.21504,-112.529144,-62.072865,True
2024-05-12 18:30:00,-84.79,104,-93,-79.02,-88.2178,-108.9629,-58.856365,True,-83.29,-91.11507,-111.986885,-60.842724,True
2024-05-12 18:35:00,-85.11,104,-92,-79.23,-88.451294,-108.884254,-59.22642,True,-83.93,-91.28778,-111.844734,-61.16693,True
2024-05-12 18:40:00,-84.88,104,-93,-80.33,-88.924446,-109.98715,-59.01082,True,-85.45,-92.271866,-113.38867,-61.322754,True
2024-05-12 18:45:00,-83.13,104,-92,-80.73,-87.86299,-109.22895,-57.95132,True,-85.81,-91.68477,-113.03076,-60.622726,True
2024-05-12 18:50:00,-81.81,104,-91,-82.33,-86.90013,-108.02161,-57.390472,True,-87.09,-90.957596,-112.016525,-60.25298,True
2024-05-12 18:55:00,-81.54,104,-91,-80.41,-87.2298,-108.62664,-57.230675,True,-86.33,-91.690956,-112.964836,-60.38912,True
2024-05-12 19:00:00,-81.08,104,-90,-80.69,-87.17552,-108.56957,-56.998215,True,-90.44,-91.90784,-113.13701,-60.358826,True
2024-05-12 19:05:00,-82.55,104,-92,-80.35,-88.03341,-108.49509,-58.13412,True,-91.60999,-92.35871,-112.7138,-61.195126,True
2024-05-12 19:10:00,-81.46,104,-92,-81.21,-86.893616,-107.23621,-57.40567,True,-94.47,-91.15597,-111.37918,-60.436043,True
2024-05-12 19:15:00,-80.37001,104,-91,-81.58,-85.73146,-106.263664,-56.48577,True,-96.56,-89.908325,-110.303696,-59.464104,True
2024-05-12 19:20:00,-81.13,104,-92,-82.42,-86.1623,-107.07187,-56.51305,True,-99.55,-90.09904,-110.88862,-59.2986,True
2024-05-12 19:25:00,-80.49,104,-92,-83.04,-85.756584,-107.15848,-55.827477,True,-101.09,-89.834785,-111.07727,-58.71424,True
2024-05-12 19:30:00,-79.02,104,-90,-83.29,-84.78439,-107.18679,-54.486927,True,-102.02,-89.169235,-111.33815,-57.59754,True
2024-05-12 19:35:00,-79.23,104,-90,-83.93,-85.521935,-108.91115,-54.32846,True,-103.23,-90.24664,-113.3417,-57.66474,True
2024-05-12 19:40:00,-80.33,104,-90,-85.45,-86.69499,-110.871086,-54.705723,True,-101.89,-91.46445,-115.33796,-58.046127,True
2024-05-12 19:45:00,-80.73,104,-90,-85.81,-88.95051,-114.80533,-55.03905,True,-100.98,-94.94297,-120.34284,-59.20002,True
2024-05-12 19:50:00,-82.33,104,-88,-87.09,-91.572556,-117.66646,-56.42302,True,-101.45,-98.26531,-123.84949,-61.036987,True
2024-05-12 19:55:00,-80.41,104,-89,-86.33,-91.196526,-117.284676,-55.917984,True,-103.380005,-98.83604,-124.27214,-61.231564,True
2024-05-12 20:00:00,-80.69,104,-86,-90.44,-92.35868,-118.16868,-56.585506,True,-104.07,-100.55867,-125.66103,-62.296032,True
2024-05-12 20:05:00,-80.35,104,-85,-91.60999,-93.02143,-119.062096,-56.633472,True,-105.23,-101.82034,-127.069725,-62.764153,True
2024-05-12 20:10:00,-81.21,104,-85,-94.47,-94.33702,-120.54792,-57.187866,True,-104.31,-103.410965,-128.81137,-63.489586,True
2024-05-12 20:15:00,-81.58,104,-84,-96.56,-95.07217,-121.60933,-57.153324,True,-102.28,-104.33256,-130.04001,-63.559418,True
2024-05-12 20:20:00,-82.42,104,-83,-99.55,-96.45097,-122.749954,-57.674294,True,-101.11,-106.0345,-131.49893,-64.27281,True
2024-05-12 20:25:00,-83.04,104,-83,-101.09,-97.54952,-124.33549,-57.8374,True,-120.39,-107.42365,-133.34955,-64.5886,True
2024-05-12 20:30:00,-83.29,104,-80,-102.02,-98.422935,-126.49215,-57.468792,True,-116.71001,-108.65185,-135.81328,-64.384605,True
2024-05-12 20:35:00,-83.93,104,-78,-103.23,-99.02899,-126.85815,-57.77432,True,-117.37,-109.23658,-136.17764,-64.65766,True
2024-05-12 20:40:00,-85.45,104,-78,-101.89,-102.43063,-131.51932,-58.869324,True,-120.16,-113.85547,-142.00009,-66.42342,True
2024-05-12 20:45:00,-85.81,104,-78,-100.98,-104.87866,-136.0217,-59.122158,True,-120.94,-117.61607,-147.72665,-67.39013,True
2024-05-12 20:50:00,-87.09,104,-76,-101.45,-106.86084,-138.53078,-59.925133,True,-114.71999,-120.088684,-150.72202,-68.43262,True
2024-05-12 20:55:00,-86.33,104,-75,-103.380005,-107.13176,-138.51979,-59.99451,True,-111.08,-120.99964,-151.28514,-68.93834,True
2024-05-12 21:00:00,-90.44,104,-74,-104.07,-111.431885,-142.9844,-62.3864,True,-108.74,-125.659386,-156.18877,-71.39197,True
2024-05-12 21:05:00,-91.60999,104,-78,-105.23,-113.33265,-144.63757,-63.449867,True,-103.6,-128.10248,-158.35764,-72.764244,True
2024-05-12 21:10:00,-94.47,104,-76,-104.31,-117.842705,-149.63824,-65.65414,True,-101.56,-133.93434,-164.66974,-75.62083,True
2024-05-12 21:15:00,-96.56,104,-77,-102.28,-121.510155,-153.47803,-67.53012,True,-92.65,-138.89297,-169.76796,-78.158005,True
2024-05-12 21:20:00,-99.55,104,-79,-101.11,-126.25879,-159.57637,-69.40341,True,-90.61,-145.13582,-177.36029,-80.668396,True
2024-05-12 21:25:00,-101.09,104,-80,-120.39,-129.54796,-163.95715,-70.50136,True,-92.07,-149.79729,-183.09985,-82.394424,True
2024-05-12 21:30:00,-102.02,104,-78,-116.71001,-132.06927,-167.22383,-71.30998,True,-86.0,-153.58762,-187.6138,-83.79887,True
2024-05-12 21:35:00,-103.23,104,-77,-117.37,-135.19649,-171.90477,-71.98891,True,-83.25,-158.22531,-193.82468,-85.11412,False
2024-05-12 21:40:00,-101.89,104,-77,-120.16,-135.17493,-172.52682,-71.19846,True,-81.67,-159.06158,-195.2964,-84.74394,False
2024-05-12 21:45:00,-100.98,104,-75,-120.94,-135.69943,-174.83221,-70.069016,True,-81.75,-160.46802,-198.53311,-83.92905,False
2024-05-12 21:50:00,-101.45,104,-70,-114.71999,-136.25746,-174.87602,-70.43245,True,-81.19,-161.18098,-198.65898,-84.37184,False
2024-05-12 21:55:00,-103.380005,104,-74,-111.08,-137.7161,-175.88663,-71.32252,True,-83.21,-162.49127,-199.45702,-85.12337,False
2024-05-12 22:00:00,-104.07,104,-78,-108.74,-128.8713,-163.17621,-67.642746,True,-85.03,-146.36813,-179.57838,-77.69088,True
2024-05-12 22:05:00,-105.23,104,-76,-103.6,-123.7584,-155.79462,-65.413315,True,-86.14,-136.46994,-167.68814,-72.90982,True
2024-05-12 22:10:00,-104.31,104,-69,-101.56,-118.10633,-150.23119,-61.428005,True,-85.04,-127.16979,-158.69746,-66.84516,True
2024-05-12 22:15:00,-102.28,104,-74,-92.65,-110.19766,-142.15874,-57.047684,True,-83.94,-115.1251,-146.69205,-60.03504,True
2024-05-12 22:20:00,-101.11,104,-69,-90.61,-104.848946,-138.12378,-53.176613,True,-83.11,-107.06996,-140.04962,-54.4548,True
2024-05-12 22:25:00,-120.39,104,-67,-92.07,-113.5488,-149.56194,-58.553402,True,-83.12,-109.24385,-145.07608,-55.704365,True
2024-05-12 22:30:00,-116.71001,104,-94,-86.0,-107.44282,-147.96184,-53.04858,True,-84.67,-101.87479,-142.2779,-49.444508,True
2024-05-12 22:35:00,-117.37,104,-86,-83.25,-105.56642,-146.33658,-53.373093,True,-82.86,-98.5032,-139.14847,-48.780136,True
2024-05-12 22:40:00,-120.16,104,-98,-81.67,-105.20655,-148.27316,-53.3871,True,-84.44,-96.29123,-139.24776,-47.635418,True
2024-05-12 22:45:00,-120.94,104,-103,-81.75,-102.79008,-147.5758,-52.69504,True,-85.35,-91.77649,-136.53128,-45.614876,True
2024-05-12 22:50:00,-114.71999,104,-104,-81.19,-99.41169,-146.64578,-50.25835,True,-87.91,-90.307884,-137.59692,-44.514076,True
2024-05-12 22:55:00,-111.08,104,-99,-83.21,-97.391624,-147.46323,-48.63481,True,-88.3,-89.26108,-139.45926,-43.58073,True
2024-05-12 23:00:00,-108.74,104,-100,-85.03,-95.79453,-147.93039,-47.625195,True,-88.53,-88.02833,-140.34569,-42.851395,True
2024-05-12 23:05:00,-103.6,104,-96,-86.14,-92.52483,-145.42896,-46.067425,True,-90.11,-85.87715,-138.97658,-41.9675,True
2024-05-12 23:10:00,-101.56,104,-96,-85.04,-93.100044,-147.80731,-46.113026,True,-89.34,-88.044,-142.82602,-43.004383,True
2024-05-12 23:15:00,-92.65,104,-85,-83.94,-89.80534,-146.10826,-43.453773,True,-90.92,-88.15383,-144.27272,-42.376793,True
2024-05-12 23:20:00,-90.61,104,-82,-83.11,-91.0163,-144.87628,-44.979286,True,-90.66,-91.25113,-144.74826,-45.02768,True
2024-05-12 23:25:00,-92.07,104,-86,-83.12,-94.9256,-143.05875,-49.46822,True,-92.83,-96.59021,-144.24469,-50.42846,True
2024-05-12 23:30:00,-86.0,104,-82,-84.67,-93.97873,-138.28409,-49.7405,True,-93.22,-98.57938,-142.13179,-52.652134,True
2024-05-12 23:35:00,-83.25,104,-79,-82.86,-94.41359,-137.00996,-49.873913,True,-95.26,-100.77435,-142.43896,-53.9896,True
2024-05-12 23:40:00,-81.67,104,-78,-84.44,-94.61321,-136.53574,-49.400337,True,-97.6,-101.910446,-142.79967,-54.145515,True
2024-05-12 23:45:00,-81.75,104,-78,-85.35,-95.44582,-137.4593,-49.07883,True,-99.91,-103.10842,-144.07455,-54.032917,True
2024-05-12 23:50:00,-81.19,104,-78,-87.91,-94.40525,-135.36116,-48.458046,True,-101.09,-101.75027,-141.66783,-53.238144,True
2024-05-12 23:55:00,-83.21,104,-81,-88.3,-94.83824,-135.82187,-48.456013,True,-100.049995,-101.2854,-141.33849,-52.619637,True
2024-05-13 00:00:00,-85.03,104,-82,-88.53,-95.61441,-137.36261,-48.38482,True,-100.36,-101.463745,-142.36366,-52.115547,True
2024-05-13 00:05:00,-86.14,104,-83,-90.11,-95.57088,-138.02998,-47.917305,True,-100.95999,-100.76735,-142.44064,-51.192406,True
2024-05-13 00:10:00,-85.04,104,-83,-89.34,-94.54409,-138.06859,-46.710136,True,-99.189995,-99.74131,-142.45049,-49.965153,True
2024-05-13 00:15:00,-83.94,104,-82,-90.92,-95.29315,-139.35884,-46.782707,True,-98.80999,-101.4693,-144.64159,-50.65984,True
2024-05-13 00:20:00,-83.11,104,-80,-90.66,-96.612785,-140.60754,-47.309288,True,-98.33001,-103.94878,-146.9841,-51.936394,True
2024-05-13 00:25:00,-83.12,104,-78,-92.83,-96.20663,-138.21524,-47.721706,True,-98.96,-103.328545,-144.38806,-52.27704,True
2024-05-13 00:30:00,-84.67,104,-78,-93.22,-97.18704,-137.55293,-48.81531,True,-101.17,-104.02055,-143.48969,-53.217,True
2024-05-13 00:35:00,-82.86,104,-75,-95.26,-97.198105,-137.33028,-48.402267,True,-102.96,-104.9792,-144.13173,-53.429688,True
2024-05-13 00:40:00,-84.44,104,-73,-97.6,-100.75043,-141.30757,-49.771263,True,-106.59,-109.65528,-149.25163,-55.47864,True
2024-05-13 00:45:00,-85.35,104,-72,-99.91,-102.80715,-143.49028,-50.324406,True,-112.58,-112.38786,-152.1219,-56.43036,True
2024-05-13 00:50:00,-87.91,104,-72,-101.09,-105.08235,-144.94247,-51.5671,True,-116.19,-114.586685,-153.5547,-57.620464,True
2024-05-13 00:55:00,-88.3,104,-74,-100.049995,-106.40305,-146.34428,-51.46655,True,-121.12,-116.4216,-155.46527,-57.80852,True
2024-05-13 01:00:00,-88.53,104,-75,-100.36,-107.89058,-147.8654,-51.44883,True,-125.23,-118.62482,-157.70882,-58.201538,True
2024-05-13 01:05:00,-90.11,104,-75,-100.95999,-109.80588,-149.3583,-52.099636,True,-128.63,-120.79775,-159.48573,-58.99024,True
2024-05-13 01:10:00,-89.34,104,-75,-99.189995,-109.75197,-147.25647,-52.40355,True,-128.76,-121.13453,-157.74469,-59.61688,True
2024-05-13 01:15:00,-90.92,104,-74,-98.80999,-111.87546,-148.02245,-53.686836,True,-128.51,-123.6217,-158.9055,-61.15392,True
2024-05-13 01:20:00,-90.66,104,-75,-98.33001,-112.40473,-146.90228,-54.1727,True,-127.32,-124.58064,-158.19507,-61.966694,True
2024-05-13 01:25:00,-92.83,104,-74,-98.96,-113.50499,-146.38153,-55.141117,True,-125.22,-125.09202,-157.15164,-62.58022,True
2024-05-13 01:30:00,-93.22,104,-78,-101.17,-112.95143,-146.25719,-53.800095,True,-119.37,-123.911026,-156.42432,-60.76329,True
2024-05-13 01:35:00,-95.26,104,-80,-102.96,-113.373245,-146.68596,-53.654556,True,-115.68,-123.41676,-156.00188,-59.99125,True
2024-05-13 01:40:00,-97.6,104,-84,-106.59,-113.43247,-147.11522,-53.28127,True,-115.11,-122.16003,-155.17345,-58.750263,True
2024-05-13 01:45:00,-99.91,104,-88,-112.58,-112.950874,-148.24629,-51.925156,True,-118.26,-120.06423,-154.72874,-56.310738,True
2024-05-13 01:50:00,-101.09,104,-92,-116.19,-110.338036,-146.85382,-49.803825,True,-120.99,-115.26932,-151.16985,-52.809105,True
2024-05-13 01:55:00,-100.049995,104,-91,-121.12,-106.66516,-144.78886,-46.824936,True,-121.65,-110.079544,-147.56941,-48.87084,True
2024-05-13 02:00:00,-100.36,104,-90,-125.23,-106.23535,-146.21313,-45.582237,True,-122.39,-109.20926,-148.55437,-47.331875,True
2024-05-13 02:05:00,-100.95999,104,-90,-128.63,-106.390396,-147.30574,-45.250095,True,-123.76,-109.1082,-149.39467,-46.831875,True
2024-05-13 02:10:00,-99.189995,104,-89,-128.76,-109.078255,-154.29599,-44.15334,True,-124.770004,-114.06239,-158.63194,-47.016193,True
2024-05-13 02:15:00,-98.80999,104,-87,-128.51,-112.66251,-160.78398,-44.203186,True,-123.8,-119.67838,-167.1687,-48.195675,True
2024-05-13 02:20:00,-98.33001,104,-88,-127.32,-115.762344,-167.36449,-43.390945,True,-121.4,-124.62712,-175.6669,-48.33163,True
2024-05-13 02:25:00,-98.96,104,-87,-125.22,-117.64885,-169.39499,-43.81837,True,-118.78,-127.191185,-178.38658,-49.147602,True
2024-05-13 02:30:00,-101.17,104,-89,-119.37,-120.89732,-171.63579,-45.672073,True,-118.04,-131.08972,-181.33044,-51.41207,True
2024-05-13 02:35:00,-102.96,104,-91,-115.68,-124.539116,-174.76714,-47.454086,True,-117.97,-135.85005,-185.63217,-53.8582,True
2024-05-13 02:40:00,-106.59,104,-91,-115.11,-128.97763,-177.61282,-50.43089,True,-118.07,-140.96472,-189.20328,-57.280262,True
2024-05-13 02:45:00,-112.58,104,-90,-118.26,-132.23872,-178.64442,-53.248676,True,-116.24,-142.95241,-188.94981,-59.409843,True
2024-05-13 02:50:00,-116.19,104,-87,-120.99,-133.34938,-177.26122,-54.983498,True,-113.12,-142.77515,-186.25243,-60.451805,True
2024-05-13 02:55:00,-121.12,104,-83,-121.65,-135.07767,-176.6898,-57.071724,True,-110.259995,-142.79404,-183.96718,-61.581413,True
2024-05-13 03:00:00,-125.23,104,-84,-122.39,-136.82896,-176.25926,-59.19541,True,-108.06,-143.27036,-182.26663,-62.99013,True
2024-05-13 03:05:00,-128.63,104,-84,-123.76,-136.63052,-173.27888,-60.887398,True,-106.89,-141.0324,-177.24539,-63.51999,True
2024-05-13 03:10:00,-128.76,104,-82,-124.770004,-134.57997,-169.53241,-60.613052,True,-104.98,-137.69513,-172.194,-62.4948,True
2024-05-13 03:15:00,-128.51,104,-81,-123.8,-133.20113,-166.80148,-60.55497,True,-103.59,-135.64082,-168.77748,-62.04211,True
2024-05-13 03:20:00,-127.32,104,-89,-121.4,-131.10197,-162.71138,-60.591885,True,-103.18,-132.9943,-164.12599,-61.761284,True
2024-05-13 03:25:00,-125.22,104,-98,-118.78,-128.90617,-157.96823,-60.995968,True,-102.67,-130.71484,-159.31763,-62.137802,True
2024-05-13 03:30:00,-119.37,104,-94,-118.04,-124.22396,-150.80635,-59.544083,True,-100.99,-126.60116,-152.76627,-61.07653,True
2024-05-13 03:35:00,-115.68,104,-93,-117.97,-120.5932,-145.8927,-58.03861,True,-100.44,-122.93462,-147.82074,-59.563873,True
2024-05-13 03:40:00,-115.11,104,-94,-118.07,-118.871796,-143.68309,-57.588684,True,-101.48,-120.57245,-144.92912,-58.699394,True
2024-05-13 03:45:00,-118.26,104,-94,-116.24,-119.56204,-143.98172,-58.881523,True,-101.93001,-119.99487,-143.88016,-59.155,True
2024-05-13 03:50:00,-120.99,104,-95,-113.12,-118.855865,-143.63188,-59.032963,True,-101.22,-117.54321,-141.62079,-58.13306,True
2024-05-13 03:55:00,-121.65,104,-98,-110.259995,-117.28272,-142.37148,-58.57814,True,-100.43,-114.86021,-139.13628,-56.917877,True
2024-05-13 04:00:00,-122.39,104,-99,-108.06,-116.15484,-141.31668,-58.57195,True,-99.46,-112.815094,-137.07135,-56.269894,True
2024-05-13 04:05:00,-123.76,104,-101,-106.89,-115.932816,-140.56561,-59.595432,True,-98.97,-111.78074,-135.40465,-56.707954,True
2024-05-13 04:10:00,-124.770004,104,-104,-104.98,-115.577675,-140.16959,-60.073444,True,-99.5,-110.73578,-134.23248,-56.689545,True
2024-05-13 04:15:00,-123.8,104,-105,-103.59,-114.12097,-138.79459,-59.51677,True,-99.49,-109.05113,-132.6051,-55.967968,True
2024-05-13 04:20:00,-121.4,104,-104,-103.18,-111.8884,-136.2854,-58.60215,True,-99.21,-106.92237,-130.22116,-55.117153,True
2024-05-13 04:25:00,-118.78,104,-103,-102.67,-109.72435,-134.10258,-57.552525,True,-97.24,-104.993355,-128.31113,-54.231777,True
2024-05-13 04:30:00,-118.04,104,-103,-100.99,-107.37481,-134.09344,-55.535454,True,-94.8,-101.86091,-127.49364,-51.711388,True
2024-05-13 04:35:00,-117.97,104,-104,-100.44,-106.695465,-136.89491,-53.68156,True,-92.12,-100.89234,-130.0581,-49.728523,True
2024-05-13 04:40:00,-118.07,104,-104,-101.48,-107.088745,-140.01653,-52.894028,True,-88.38,-101.41572,-133.39217,-49.070705,True
2024-05-13 04:45:00,-116.24,104,-103,-101.93001,-106.9433,-141.93709,-51.759014,True,-85.49,-102.103966,-136.25739,-48.53152,True
2024-05-13 04:50:00,-113.12,104,-101,-101.22,-106.01843,-140.53566,-51.425755,True,-82.83,-102.255844,-136.01003,-48.89966,True
2024-05-13 04:55:00,-110.259995,104,-99,-100.43,-106.50854,-140.80704,-51.38767,True,-78.67,-104.390205,-138.0181,-49.952938,True
2024-05-13 05:00:00,-108.06,104,-97,-99.46,-109.3884,-143.30788,-52.22188,True,-74.87,-109.735374,-143.09511,-52.430637,True
2024-05-13 05:05:00,-106.89,104,-96,-98.97,-112.188484,-143.71992,-53.913963,True,-71.82,-114.478165,-145.5547,-55.429108,True
2024-05-13 05:10:00,-104.98,104,-95,-99.5,-112.890114,-142.31694,-54.099083,True,-70.05,-116.454895,-145.49983,-56.473454,True
2024-05-13 05:15:00,-103.59,104,-93,-99.49,-111.79123,-138.68547,-53.8918,True,-67.19,-115.48085,-142.03406,-56.36288,True
2024-05-13 05:20:00,-103.18,104,-93,-99.21,-110.96034,-135.77322,-53.768078,True,-67.41,-114.42792,-138.93242,-56.09432,True
2024-05-13 05:25:00,-102.67,104,-95,-97.24,-109.22197,-132.46098,-53.03528,True,-65.46,-112.07159,-135.00592,-54.945534,True
2024-05-13 05:30:00,-100.99,104,-93,-94.8,-106.50251,-128.43112,-51.688126,True,-67.19,-108.82534,-130.43672,-53.245674,True
2024-05-13 05:35:00,-100.44,104,-92,-92.12,-104.565186,-125.06918,-51.11725,True,-70.43,-106.21674,-126.3813,-52.226307,True
2024-05-13 05:40:00,-101.48,104,-93,-88.38,-103.76579,-123.26074,-51.29253,True,-72.66,-104.527855,-123.63128,-51.80278,True
2024-05-13 05:45:00,-101.93001,104,-94,-85.49,-102.93925,-121.65328,-51.326736,True,-73.11,-103.07926,-121.359764,-51.41682,True
2024-05-13 05:50:00,-101.22,104,-95,-82.83,-101.787094,-119.59826,-51.127487,True,-72.59,-101.71209,-119.08125,-51.07247,True
2024-05-13 05:55:00,-100.43,104,-95,-78.67,-101.0464,-116.956635,-51.702282,True,-69.9,-101.003784,-116.48996,-51.67397,True
2024-05-13 06:00:00,-99.46,104,-94,-74.87,-99.45121,-114.59682,-51.403675,True,-71.37,-99.088905,-113.78814,-51.15324,True
2024-05-13 06:05:00,-98.97,104,-93,-71.82,-98.25679,-111.73613,-52.046173,True,-71.93,-97.537636,-110.55456,-51.54429,True
2024-05-13 06:10:00,-99.5,104,-92,-70.05,-97.756676,-109.61014,-53.288292,True,-67.8,-96.48682,-107.83275,-52.39018,True
2024-05-13 06:15:00,-99.49,104,-92,-67.19,-96.37631,-108.27581,-52.64368,True,-65.05,-94.3993,-105.7125,-51.239876,True
2024-05-13 06:20:00,-99.21,104,-92,-67.41,-94.5177,-106.912415,-51.559917,True,-65.96,-91.73812,-103.45678,-49.58326,True
2024-05-13 06:25:00,-97.24,104,-91,-65.46,-91.31081,-104.97144,-49.057476,True,-67.77,-87.948265,-100.90035,-46.681843,True
2024-05-13 06:30:00,-94.8,104,-91,-67.19,-86.690254,-101.65979,-46.272896,True,-66.51,-82.26297,-96.51068,-43.12983,True
2024-05-13 06:35:00,-92.12,104,-91,-70.43,-82.15892,-98.48888,-43.44075,True,-69.32,-76.84518,-92.50313,-39.649467,True
2024-05-13 06:40:00,-88.38,104,-90,-72.66,-76.80417,-95.91357,-39.28054,True,-71.32,-70.71914,-89.34773,-34.937767,True
2024-05-13 06:45:00,-85.49,104,-89,-73.11,-72.69852,-95.49646,-35.50919,True,-71.68,-66.033066,-88.61701,-30.765738,True
2024-05-13 06:50:00,-82.83,104,-88,-72.59,-70.38878,-94.93412,-33.720627,True,-69.06,-63.88118,-88.397575,-29.061975,True
2024-05-13 06:55:00,-78.67,104,-85,-69.9,-67.96615,-93.77032,-31.783428,True,-69.02,-62.32554,-88.23461,-27.710566,True
2024-05-13 07:00:00,-74.87,104,-80,-71.37,-67.31709,-93.239784,-31.184881,True,-71.92,-63.270046,-89.226295,-28.251852,True
2024-05-13 07:05:00,-71.82,104,-74,-71.93,-67.724396,-93.19953,-31.34764,True,-72.27,-65.3893,-90.705154,-29.661509,True
2024-05-13 07:10:00,-70.05,104,-70,-67.8,-68.65395,-93.67578,-31.802345,True,-72.47,-67.62372,-92.31468,-31.075089,True
2024-05-13 07:15:00,-67.19,104,-65,-65.05,-69.311554,-93.231346,-32.164753,True,-73.68,-69.942665,-93.29392,-32.6623,True
2024-05-13 07:20:00,-67.41,104,-66,-65.96,-70.71729,-93.37178,-33.286987,True,-73.78,-71.90263,-93.9462,-34.19014,True
2024-05-13 07:25:00,-65.46,104,-64,-67.77,-69.64955,-92.532524,-32.151947,True,-73.39,-71.24472,-93.435486,-33.361492,True
2024-05-13 07:30:00,-67.19,104,-65,-66.51,-70.08056,-92.0029,-33.03018,True,-71.39,-71.07861,-92.444626,-33.79638,True
2024-05-13 07:35:00,-70.43,104,-68,-69.32,-70.98031,-93.09544,-33.804356,True,-68.32,-70.86631,-92.59831,-33.749218,True
2024-05-13 07:40:00,-72.66,104,-72,-71.32,-72.50008,-93.68813,-35.287796,True,-66.59,-72.04691,-92.91646,-34.984634,True
2024-05-13 07:45:00,-73.11,104,-75,-71.68,-72.62029,-93.91667,-35.25886,True,-64.92,-72.00226,-93.00661,-34.83776,True
2024-05-13 07:50:00,-72.59,104,-76,-69.06,-71.77547,-93.091156,-34.814533,True,-60.430004,-71.00418,-92.0611,-34.281284,True
2024-05-13 07:55:00,-69.9,104,-72,-69.02,-70.19697,-91.17597,-33.937695,True,-57.81,-69.968895,-90.64403,-33.798733,True
2024-05-13 08:00:00,-71.37,104,-73,-71.92,-71.635994,-91.57783,-35.37539,True,-62.78,-71.39339,-91.05562,-35.2246,True
2024-05-13 08:05:00,-71.93,104,-75,-72.27,-72.541,-91.656815,-36.155457,True,-67.05,-72.46565,-91.309135,-36.125572,True
2024-05-13 08:10:00,-67.8,104,-70,-72.47,-70.17024,-88.936646,-34.58206,True,-68.28,-70.947845,-89.35266,-35.1802,True
2024-05-13 08:15:00,-65.05,104,-65,-73.68,-68.701355,-86.67824,-33.896347,True,-65.35,-70.09703,-87.63269,-34.961483,True
2024-05-13 08:20:00,-65.96,104,-62,-73.78,-69.24889,-85.78216,-35.041443,True,-66.11,-70.49175,-86.65366,-35.993816,True
2024-05-13 08:25:00,-67.77,104,-67,-73.39,-70.14604,-85.661385,-36.234283,True,-67.0,-70.96082,-86.19826,-36.863285,True
2024-05-13 08:30:00,-66.51,104,-65,-71.39,-69.03296,-84.08938,-35.716515,True,-66.68,-69.930374,-84.71512,-36.408325,True
2024-05-13 08:35:00,-69.32,104,-65,-68.32,-70.162254,-84.86216,-36.821487,True,-69.4,-70.24888,-84.78144,-36.909534,True
2024-05-13 08:40:00,-71.32,104,-69,-66.59,-71.08093,-85.156364,-37.876095,True,-67.95,-70.63197,-84.58991,-37.57385,True
2024-05-13 08:45:00,-71.68,104,-70,-64.92,-70.816185,-84.53994,-38.08921,True,-67.41,-70.05814,-83.6941,-37.5619,True
2024-05-13 08:50:00,-69.06,104,-67,-60.430004,-69.127045,-82.30984,-37.24687,True,-65.46,-68.85142,-81.939384,-37.07049,True
2024-05-13 08:55:00,-69.02,104,-65,-57.81,-68.62028,-81.731346,-37.107567,True,-64.78,-68.11464,-81.159325,-36.76223,True
2024-05-13 09:00:00,-71.92,104,-67,-62.78,-69.77664,-82.787895,-38.454487,True,-64.19,-68.361465,-81.35131,-37.44433,True
2024-05-13 09:05:00,-72.27,104,-71,-67.05,-69.72195,-82.51902,-38.86822,True,-64.01,-68.091225,-80.88688,-37.69858,True
2024-05-13 09:10:00,-72.47,104,-71,-68.28,-69.19921,-82.65817,-38.333508,True,-64.26,-67.18238,-80.67648,-36.883778,True
2024-05-13 09:15:00,-73.68,104,-71,-65.35,-69.43523,-83.86604,-37.80576,True,-64.05,-66.89212,-81.39318,-35.994846,True
2024-05-13 09:20:00,-73.78,104,-72,-66.11,-69.47483,-85.787544,-36.17764,True,-64.270004,-66.9044,-83.34316,-34.378223,True
2024-05-13 09:25:00,-73.39,104,-72,-67.0,-69.18562,-85.14023,-35.855553,True,-64.09,-66.66487,-82.75434,-34.093487,True
2024-05-13 09:30:00,-71.39,104,-69,-66.68,-68.11343,-82.03099,-36.63068,True,-63.77,-66.090126,-80.121605,-35.19226,True
2024-05-13 09:35:00,-68.32,104,-65,-69.4,-67.0013,-79.546715,-36.660168,True,-64.02,-66.05132,-78.67798,-35.98544,True
2024-05-13 09:40:00,-66.59,104,-61,-67.95,-66.50922,-78.419395,-36.552536,True,-65.14,-66.23601,-78.20108,-36.37454,True
2024-05-13 09:45:00,-64.92,104,-58,-67.41,-65.7506,-76.96864,-36.389454,True,-64.81,-65.97777,-77.225365,-36.585533,True
2024-05-13 09:50:00,-60.430004,104,-52,-65.46,-62.986004,-73.72346,-34.708046,True,-64.0,-64.14826,-74.81807,-35.62394,True
2024-05-13 09:55:00,-57.81,104,-48,-64.78,-60.927734,-71.85855,-33.23106,True,-63.62,-62.40254,-73.209656,-34.397087,True
2024-05-13 10:00:00,-62.78,104,-48,-64.19,-63.636543,-74.08829,-35.505737,True,-62.57,-63.914223,-74.427414,-35.74438,True
2024-05-13 10:05:00,-67.05,104,-58,-64.01,-66.16636,-75.614204,-38.068127,True,-62.07,-65.50434,-75.07745,-37.602337,True
2024-05-13 10:10:00,-68.28,104,-64,-64.26,-66.80956,-75.90779,-39.090595,True,-62.41,-65.819466,-75.05539,-38.380955,True
2024-05-13 10:15:00,-65.35,104,-64,-64.05,-64.47888,-73.36537,-37.924812,True,-62.44,-63.835228,-72.86897,-37.463963,True
2024-05-13 10:20:00,-66.11,104,-63,-64.270004,-64.57565,-73.230415,-38.682476,True,-65.08,-63.544502,-72.36635,-37.92565,True
2024-05-13 10:25:00,-67.0,104,-66,-64.09,-64.68003,-73.28586,-39.36621,True,-58.23,-63.166397,-71.9542,-38.242393,True
2024-05-13 10:30:00,-66.68,104,-65,-63.77,-64.13472,-72.69651,-39.52722,True,-56.0,-62.46586,-71.222466,-38.279503,True
2024-05-13 10:35:00,-69.4,104,-67,-64.02,-65.76028,-74.20341,-41.426273,True,-55.25,-63.369385,-71.99696,-39.635254,True
2024-05-13 10:40:00,-67.95,104,-68,-65.14,-64.50963,-72.8633,-41.087753,True,-55.72,-62.210175,-70.781586,-39.34,True
2024-05-13 10:45:00,-67.41,104,-67,-64.81,-64.01882,-72.245674,-41.352875,True,-54.31,-61.714302,-70.17419,-39.584526,True
2024-05-13 10:50:00,-65.46,104,-66,-64.0,-62.561188,-70.64164,-40.850822,True,-60.670002,-60.55731,-68.88978,-39.293205,True
2024-05-13 10:55:00,-64.78,104,-65,-63.62,-62.020473,-70.00772,-41.03582,True,-60.79,-60.083122,-68.333694,-39.516685,True
2024-05-13 11:00:00,-64.19,104,-64,-62.57,-61.677967,-69.4668,-41.377235,True,-61.39,-59.890358,-67.946884,-39.96199,True
2024-05-13 11:05:00,-64.01,104,-64,-62.07,-61.86546,-69.20162,-42.209633,True,-62.79,-60.326035,-67.9219,-40.981026,True
2024-05-13 11:10:00,-64.26,104,-64,-62.41,-62.30144,-69.33856,-43.196392,True,-60.7,-60.883995,-68.17646,-42.05718,True
2024-05-13 11:15:00,-64.05,104,-64,-62.44,-62.397064,-69.17868,-43.862446,True,-60.85,-61.193863,-68.22762,-42.88579,True
2024-05-13 11:20:00,-64.270004,104,-64,-65.08,-62.520878,-69.368225,-44.311993,True,-60.84,-61.23555,-68.34474,-43.26312,True
2024-05-13 11:25:00,-64.09,104,-64,-58.23,-62.42102,-69.23468,-44.456345,True,-62.24,-61.191353,-68.27408,-43.446083,True
2024-05-13 11:30:00,-63.77,104,-63,-56.0,-62.11348,-68.86828,-44.321007,True,-62.08,-60.891037,-67.92421,-43.30973,True
2024-05-13 11:35:00,-64.02,104,-64,-55.25,-62.262592,-69.05534,-44.64681,True,-61.9,-60.957554,-68.03983,-43.56356,True
2024-05-13 11:40:00,-65.14,104,-65,-55.72,-63.23627,-69.929886,-45.62175,True,-62.5,-61.817398,-68.80368,-44.44514,True
2024-05-13 11:45:00,-64.81,104,-67,-54.31,-63.223186,-69.3951,-46.02393,True,-62.28,-62.054245,-68.50869,-45.0403,True
2024-05-13 11:50:00,-64.0,104,-66,-60.670002,-62.392044,-69.31914,-44.91246,True,-62.65,-61.19821,-68.435585,-43.904205,True
2024-05-13 11:55:00,-63.62,104,-66,-60.79,-62.078712,-68.93576,-45.169235,True,-62.59,-60.93108,-68.100525,-44.188835,True
2024-05-13 12:00:00,-62.57,104,-66,-61.39,-60.941013,-68.325066,-44.158577,True,-61.7,-59.711662,-67.43344,-43.103096,True
2024-05-13 12:05:00,-62.07,104,-65,-62.79,-60.397694,-67.8936,-43.714493,True,-61.82,-59.132862,-66.977554,-42.623817,True
2024-05-13 12:10:00,-62.41,104,-65,-60.7,-60.352016,-68.22051,-43.55689,True,-61.25,-58.765987,-67.01104,-42.19791,True
2024-05-13 12:15:00,-62.44,104,-66,-60.85,-61.228188,-68.07879,-44.564293,True,-61.07,-60.35598,-67.52811,-43.78919,True
2024-05-13 12:20:00,-65.08,104,-68,-60.84,-63.955498,-69.72747,-47.38762,True,-60.78,-63.177185,-69.24404,-46.688965,True
2024-05-13 12:25:00,-58.23,104,-62,-62.24,-58.687717,-63.541893,-43.73015,True,-60.15,-59.170773,-64.26377,-44.06913,True
2024-05-13 12:30:00,-56.0,104,-60,-62.08,-57.08453,-61.61002,-42.938534,False,-58.53,-58.06474,-62.792397,-43.699577,True
2024-05-13 12:35:00,-55.25,104,-58,-61.9,-56.592457,-60.867195,-43.00272,False,-58.33,-57.784668,-62.24845,-43.94469,True
2024-05-13 12:40:00,-55.72,104,-60,-62.5,-57.148354,-61.06655,-44.143734,False,-61.449997,-58.424103,-62.528465,-45.155506,True
2024-05-13 12:45:00,-54.31,104,-59,-62.28,-55.989372,-59.741142,-43.958385,False,-62.28,-57.484314,-61.399124,-45.158783,False
2024-05-13 12:50:00,-60.670002,104,-65,-62.65,-61.303158,-64.89934,-48.978424,True,-62.85,-61.981354,-65.82361,-49.45682,True
2024-05-13 12:55:00,-60.79,104,-67,-62.59,-61.335682,-65.132835,-49.506443,True,-61.48,-61.95437,-66.006065,-49.925034,True
2024-05-13 13:00:00,-61.39,104,-68,-61.7,-61.81053,-65.76185,-50.3624,True,-61.34,-62.337242,-66.55305,-50.691593,True
2024-05-13 13:05:00,-62.79,104,-68,-61.82,-62.85331,-66.89847,-51.60347,True,-60.58,-63.091793,-67.41861,-51.675823,True
2024-05-13 13:10:00,-60.7,104,-67,-61.25,-60.737553,-64.96527,-50.30562,True,-58.34,-60.952816,-65.46453,-50.3447,True
2024-05-13 13:15:00,-60.85,104,-67,-61.07,-60.62702,-65.2029,-50.46623,True,-57.95,-60.619877,-65.49643,-50.301693,True
2024-05-13 13:20:00,-60.84,104,-68,-60.78,-60.4241,-65.2135,-50.51518,True,-58.74,-60.249897,-65.35795,-50.191998,True
2024-05-13 13:25:00,-62.24,104,-68,-60.15,-61.44756,-66.68482,-51.357445,True,-58.81,-60.93538,-66.515175,-50.734978,True
2024-05-13 13:30:00,-62.08,104,-69,-58.53,-61.232464,-66.79501,-51.186565,True,-58.789997,-60.666656,-66.59107,-50.50446,True
2024-05-13 13:35:00,-61.9,104,-69,-58.33,-60.99487,-66.770836,-50.987976,True,-59.32,-60.373463,-66.52572,-50.246136,True
2024-05-13 13:40:00,-62.5,104,-69,-61.449997,-61.48187,-67.44499,-51.319916,True,-61.73,-60.759365,-67.11881,-50.479877,True
2024-05-13 13:45:00,-62.28,104,-68,-62.28,-61.327923,-67.35778,-51.096573,True,-60.69,-60.666153,-67.10329,-50.298622,True
2024-05-13 13:50:00,-62.65,104,-67,-62.85,-61.531914,-68.02697,-50.82854,True,-63.75,-60.710365,-67.64632,-49.8868,True
2024-05-13 13:55:00,-62.59,104,-67,-61.48,-61.2637,-68.39946,-50.08065,True,-64.04,-60.23318,-67.85397,-48.95105,True
2024-05-13 14:00:00,-61.7,104,-67,-61.34,-60.244335,-68.05341,-48.707638,True,-63.39,-59.077335,-67.41976,-47.44693,True
2024-05-13 14:05:00,-61.82,104,-67,-60.58,-60.53764,-68.39227,-48.64627,True,-61.61,-59.549583,-67.93728,-47.530632,True
2024-05-13 14:10:00,-61.25,104,-66,-58.34,-60.19464,-67.677,-48.269638,True,-65.73,-59.44503,-67.44795,-47.34246,True
2024-05-13 14:15:00,-61.07,104,-65,-57.95,-60.25154,-67.430534,-48.31773,True,-65.84,-59.74199,-67.430565,-47.58178,True
2024-05-13 14:20:00,-60.78,104,-65,-58.74,-60.11504,-67.18236,-48.025036,True,-64.94,-59.761288,-67.33493,-47.412575,True
2024-05-13 14:25:00,-60.15,104,-64,-58.81,-59.629498,-66.55051,-47.514328,True,-63.43,-59.41648,-66.84498,-47.004475,True
2024-05-13 14:30:00,-58.53,104,-62,-58.789997,-58.22439,-65.1295,-46.395973,True,-62.22,-58.205418,-65.61334,-46.037083,True
2024-05-13 14:35:00,-58.33,104,-60,-59.32,-57.76057,-65.275925,-45.58894,True,-62.78,-57.490578,-65.551544,-44.99953,True
2024-05-13 14:40:00,-61.449997,104,-65,-61.73,-60.83484,-68.32752,-47.9905,True,-61.95,-60.549614,-68.593605,-47.383537,True
2024-05-13 14:45:00,-62.28,104,-65,-60.69,-61.654015,-69.287735,-48.607365,True,-64.4,-61.363956,-69.55933,-47.983395,True
2024-05-13 14:50:00,-62.85,104,-65,-63.75,-62.25518,-69.99523,-49.009285,True,-64.26,-62.002987,-70.317566,-48.402702,True
2024-05-13 14:55:00,-61.48,104,-64,-64.04,-60.976517,-68.97361,-47.85939,True,-64.49,-60.796917,-69.38275,-47.299255,True
2024-05-13 15:00:00,-61.34,104,-62,-63.39,-60.83645,-69.12143,-47.525986,True,-64.82,-60.65212,-69.53768,-46.951576,True
2024-05-13 15:05:00,-60.58,104,-64,-61.61,-60.355465,-68.55269,-47.089348,True,-64.45,-60.4381,-69.2311,-46.731567,True
2024-05-13 15:10:00,-58.34,104,-59,-65.73,-58.338955,-66.68476,-45.327328,True,-65.55,-58.6142,-67.550064,-45.12808,True
2024-05-13 15:15:00,-57.95,104,-60,-65.84,-58.388893,-66.31536,-45.394848,True,-66.2,-59.082798,-67.56424,-45.554115,True
2024-05-13 15:20:00,-58.74,104,-60,-64.94,-59.62125,-66.908844,-46.457195,True,-66.26,-60.73304,-68.53575,-46.9834,True
2024-05-13 15:25:00,-58.81,104,-60,-63.43,-60.19375,-66.7241,-47.1089,True,-66.08,-61.761402,-68.761635,-48.03405,True
2024-05-13 15:30:00,-58.789997,104,-60,-62.22,-60.39921,-66.6478,-47.32253,True,-66.35,-62.16632,-68.87184,-48.418903,True
2024-05-13 15:35:00,-59.32,104,-59,-62.78,-60.998917,-67.12682,-47.9076,True,-66.63,-62.82889,-69.41003,-49.055904,True
2024-05-13 15:40:00,-61.73,104,-61,-61.95,-63.28804,-69.31735,-49.7623,True,-65.8,-65.02499,-71.52455,-50.822674,True
2024-05-13 15:45:00,-60.69,104,-62,-64.4,-62.372982,-68.3217,-49.030594,True,-65.67,-64.21329,-70.614395,-50.176888,True
2024-05-13 15:50:00,-63.75,104,-62,-64.26,-65.19595,-70.89384,-51.7392,True,-66.37001,-66.85367,-73.01268,-52.71286,True
2024-05-13 15:55:00,-64.04,104,-67,-64.49,-65.40347,-71.109055,-52.21062,True,-66.88,-66.993454,-73.15571,-53.11255,True
2024-05-13 16:00:00,-63.39,104,-65,-64.82,-64.67124,-70.51433,-51.85841,True,-66.44,-66.18232,-72.476456,-52.680058,True
2024-05-13 16:05:00,-61.61,104,-64,-64.45,-62.796364,-68.89436,-50.465313,True,-65.91,-64.20389,-70.74062,-51.187008,True
2024-05-13 16:10:00,-65.73,104,-65,-65.55,-66.65065,-72.81171,-53.830727,True,-62.87,-67.84822,-74.462166,-54.34969,True
2024-05-13 16:15:00,-65.84,104,-69,-66.2,-66.78187,-72.96529,-54.11366,True,-61.86,-67.99726,-74.619995,-54.64094,True
2024-05-13 16:20:00,-64.94,104,-67,-66.26,-65.91435,-72.18628,-53.52691,True,-62.84,-67.15011,-73.85127,-54.064056,True
2024-05-13 16:25:00,-63.43,104,-65,-66.08,-64.36811,-70.8824,-52.25623,True,-62.78,-65.54853,-72.48388,-52.744183,True
2024-05-13 16:30:00,-62.22,104,-64,-66.35,-63.069153,-69.93171,-51.08892,True,-63.17,-64.144135,-71.426346,-51.483784,True
2024-05-13 16:35:00,-62.78,104,-65,-66.63,-63.26498,-70.99384,-50.8029,True,-63.29,-63.975883,-72.15545,-50.87635,True
2024-05-13 16:40:00,-61.95,104,-64,-65.8,-62.025574,-70.969215,-48.92642,True,-63.5,-62.306103,-71.75556,-48.62472,True
2024-05-13 16:45:00,-64.4,104,-66,-65.67,-64.87541,-73.44757,-51.339317,True,-63.14,-65.5711,-74.6063,-51.404034,True
2024-05-13 16:50:00,-64.26,104,-67,-66.37001,-64.89155,-73.270355,-51.42634,True,-62.61,-65.734825,-74.55305,-51.621735,True
2024-05-13 16:55:00,-64.49,104,-68,-66.88,-65.24726,-73.43858,-51.748287,True,-61.68,-66.2126,-74.82611,-52.049366,True
2024-05-13 17:00:00,-64.82,104,-68,-66.44,-65.570496,-73.90626,-51.954838,True,-61.51,-66.52282,-75.27432,-52.250763,True
2024-05-13 17:05:00,-64.45,104,-67,-65.91,-64.26748,-74.7893,-49.507458,True,-60.5,-64.249504,-75.295654,-48.978817,True
2024-05-13 17:10:00,-65.55,104,-68,-62.87,-65.3291,-77.28417,-49.30152,True,-58.61,-65.26957,-77.78188,-48.771206,True
2024-05-13 17:15:00,-66.2,104,-70,-61.86,-65.67592,-79.14809,-48.52669,True,-58.11,-65.30217,-79.386986,-47.75837,True
2024-05-13 17:20:00,-66.26,104,-70,-62.84,-65.72681,-79.54584,-48.111576,True,-58.82,-65.33374,-79.76607,-47.34337,True
2024-05-13 17:25:00,-66.08,104,-70,-62.78,-65.47909,-80.00408,-47.102455,True,-59.029995,-64.9964,-80.158554,-46.268898,True
2024-05-13 17:30:00,-66.35,104,-69,-63.17,-66.92088,-79.02476,-49.437603,True,-60.11,-67.631584,-80.173485,-49.608124,True
2024-05-13 17:35:00,-66.63,104,-71,-63.29,-66.693954,-79.19562,-49.05889,True,-58.64,-66.88724,-79.87921,-48.79772,True
2024-05-13 17:40:00,-65.8,104,-71,-63.5,-67.08519,-77.20599,-50.517677,True,-57.47,-68.48359,-78.92794,-51.295776,True
2024-05-13 17:45:00,-65.67,104,-70,-63.14,-67.34102,-75.947136,-51.571007,True,-57.47,-69.101524,-77.9825,-52.673256,True
2024-05-13 17:50:00,-66.37001,104,-71,-62.61,-68.1773,-76.21557,-52.496323,True,-57.98,-70.05834,-78.35294,-53.71562,True
2024-05-13 17:55:00,-66.88,104,-72,-61.68,-68.70885,-76.60516,-52.946365,True,-59.23,-70.599815,-78.742455,-54.18645,True
2024-05-13 18:00:00,-66.44,104,-71,-61.51,-68.17754,-75.95886,-52.52311,True,-60.46,-69.97065,-77.99538,-53.687813,True
2024-05-13 18:05:00,-65.91,104,-71,-60.5,-67.56752,-75.29408,-52.169758,True,-60.48,-69.279076,-77.23981,-53.27383,True
2024-05-13 18:10:00,-62.87,104,-69,-58.61,-64.27322,-72.26255,-49.572216,True,-60.15,-65.716644,-73.9394,-50.460526,True
2024-05-13 18:15:00,-61.86,104,-68,-58.11,-62.92571,-71.163216,-48.632008,True,-60.14,-64.03689,-72.52159,-49.238075,True
2024-05-13 18:20:00,-62.84,104,-69,-58.82,-63.506763,-71.96476,-49.289883,True,-59.729996,-64.23034,-72.96286,-49.553944,True
2024-05-13 18:25:00,-62.78,104,-70,-59.029995,-63.2605,-71.79991,-49.27362,True,-59.38,-63.79431,-72.611,-49.376717,True
2024-05-13 18:30:00,-63.17,104,-71,-60.11,-63.07569,-72.29606,-49.001434,True,-59.31,-63.026062,-72.56885,-48.59048,True
2024-05-13 18:35:00,-63.29,104,-72,-58.64,-62.655296,-72.70475,-48.37513,True,-60.03,-62.039772,-72.45383,-47.479233,True
2024-05-13 18:40:00,-63.5,104,-71,-57.47,-62.880203,-72.9495,-48.59971,True,-59.649998,-62.270897,-72.69143,-47.719975,True
2024-05-13 18:45:00,-63.14,104,-72,-57.47,-62.175068,-72.91574,-47.66366,True,-59.7,-61.196705,-72.3204,-46.475037,True
2024-05-13 18:50:00,-62.61,104,-71,-57.98,-61.549084,-72.501816,-47.026714,True,-59.54,-60.46584,-71.80786,-45.757114,True
2024-05-13 18:55:00,-61.68,104,-69,-59.23,-60.24905,-71.8984,-45.580482,True,-58.94,-58.771355,-70.85168,-43.985085,True
2024-05-13 19:00:00,-61.51,104,-68,-60.46,-59.45479,-72.33276,-44.204693,True,-59.36,-57.299984,-70.69109,-42.045086,True
2024-05-13 19:05:00,-60.5,104,-66,-60.48,-58.12245,-71.717094,-42.67524,True,-59.58,-55.61596,-69.77797,-40.227066,True
2024-05-13 19:10:00,-58.61,104,-64,-60.15,-56.12861,-70.16652,-40.79714,True,-59.83,-53.522556,-68.16202,-38.2765,True
2024-05-13 19:15:00,-58.11,104,-62,-60.14,-55.888683,-69.74215,-40.678734,True,-59.97,-53.573277,-67.98822,-38.418587,True
2024-05-13 19:20:00,-58.82,104,-64,-59.729996,-57.090992,-70.4621,-41.8921,True,-59.98,-55.30638,-69.15234,-40.105057,True
2024-05-13 19:25:00,-59.029995,104,-62,-59.38,-57.866714,-70.61654,-42.78707,True,-60.95,-56.685143,-69.81977,-41.533466,True
2024-05-13 19:30:00,-60.11,104,-62,-59.31,-59.340763,-71.67453,-44.12245,True,-61.93,-58.56664,-71.21701,-43.237675,True
2024-05-13 19:35:00,-58.64,104,-60,-60.03,-58.11895,-70.49863,-43.077766,True,-61.55,-57.60521,-70.2675,-42.4319,True
2024-05-13 19:40:00,-57.47,104,-58,-59.649998,-57.041397,-69.721146,-42.036316,True,-62.47,-56.625412,-69.57331,-41.487103,True
2024-05-13 19:45:00,-57.47,104,-57,-59.7,-57.325443,-69.98192,-42.240444,True,-62.34,-57.19116,-70.06673,-41.949806,True
2024-05-13 19:50:00,-57.98,104,-57,-59.54,-58.013107,-70.119156,-42.990654,True,-61.05,-58.0483,-70.33786,-42.856205,True
2024-05-13 19:55:00,-59.23,104,-57,-58.94,-59.359245,-71.19969,-44.180943,True,-60.03,-59.483265,-71.48579,-44.13161,True
2024-05-13 20:00:00,-60.46,104,-58,-59.36,-60.71608,-72.17,-45.421104,True,-58.98,-60.957977,-72.54818,-45.48411,True
2024-05-13 20:05:00,-60.48,104,-59,-59.58,-60.74342,-71.99827,-45.488094,True,-61.43,-60.989826,-72.37026,-45.565186,True
2024-05-13 20:10:00,-60.15,104,-57,-59.83,-60.316757,-72.07911,-44.884056,True,-62.48,-60.472637,-72.36349,-44.894768,True
2024-05-13 20:15:00,-60.14,104,-57,-59.97,-60.13939,-71.61617,-44.887257,True,-63.83,-60.132328,-71.7453,-44.766888,True
2024-05-13 20:20:00,-59.729996,104,-56,-59.98,-59.583843,-71.15065,-44.400795,True,-64.74,-59.43624,-71.144104,-44.17115,True
2024-05-13 20:25:00,-59.38,104,-56,-60.95,-59.246872,-70.67864,-44.16778,True,-65.85,-59.11005,-70.67192,-43.957508,True
2024-05-13 20:30:00,-59.31,104,-55,-61.93,-59.11917,-70.48451,-44.056,True,-66.08,-58.924587,-70.41682,-43.80506,True
2024-05-13 20:35:00,-60.03,104,-55,-61.55,-59.578857,-70.96374,-44.39596,True,-66.04,-59.127205,-70.65573,-43.93076,True
2024-05-13 20:40:00,-59.649998,104,-55,-62.47,-58.894436,-70.47426,-43.799675,True,-66.59,-58.146107,-69.89202,-43.089,True
2024-05-13 20:45:00,-59.7,104,-54,-62.34,-58.706425,-70.52854,-43.555153,True,-66.86,-57.723392,-69.72835,-42.652214,True
2024-05-13 20:50:00,-59.54,104,-54,-61.05,-58.15105,-70.59003,-42.804478,True,-66.15,-56.77796,-69.438034,-41.578766,True
2024-05-13 20:55:00,-58.94,104,-52,-60.03,-57.145996,-70.2047,-41.730286,True,-66.78,-55.372643,-68.69715,-40.173336,True
2024-05-13 21:00:00,-59.36,104,-52,-58.98,-57.438084,-70.66206,-41.897762,True,-66.42,-55.530132,-69.022316,-40.238964,True
2024-05-13 21:05:00,-59.58,104,-52,-61.43,-57.42576,-71.048874,-41.692303,True,-68.91,-55.27929,-69.188576,-39.845284,True
2024-05-13 21:10:00,-59.83,104,-51,-62.48,-57.354534,-71.70111,-41.27265,True,-68.42,-54.87957,-69.54542,-39.16649,True
2024-05-13 21:15:00,-59.97,104,-50,-63.83,-57.233986,-72.2281,-40.834167,True,-69.75,-54.490913,-69.83084,-38.52204,True
2024-05-13 21:20:00,-59.98,104,-49,-64.74,-57.051716,-72.645355,-40.361,True,-68.61,-54.1136,-70.07474,-37.90455,True
2024-05-13 21:25:00,-60.95,104,-49,-65.85,-57.908936,-74.065445,-40.70783,True,-65.91,-54.849514,-71.37469,-38.177525,True
2024-05-13 21:30:00,-61.93,104,-48,-66.08,-58.881596,-75.26704,-41.293224,True,-66.7,-55.80323,-72.5374,-38.769802,True
2024-05-13 21:35:00,-61.55,104,-48,-66.04,-58.406883,-75.29674,-40.63558,True,-57.89,-55.239094,-72.49088,-38.05548,True
2024-05-13 21:40:00,-62.47,104,-48,-66.59,-59.590733,-76.58829,-41.47474,True,-61.09,-56.69238,-74.00037,-39.14008,True
2024-05-13 21:45:00,-62.34,104,-47,-66.86,-60.410694,-76.28246,-42.652454,True,-59.84,-58.488327,-74.53702,-41.126778,True
2024-05-13 21:50:00,-61.05,104,-45,-66.15,-60.12152,-74.50574,-43.07421,True,-58.99,-59.19682,-73.630615,-42.37846,True
2024-05-13 21:55:00,-60.03,104,-44,-66.78,-59.748463,-73.16012,-43.137066,True,-58.31,-59.447716,-72.82702,-42.972534,True
2024-05-13 22:00:00,-58.98,104,-43,-66.42,-59.128414,-72.12341,-42.721695,True,-56.43,-59.23338,-72.13861,-42.910034,True
2024-05-13 22:05:00,-61.43,104,-43,-68.91,-61.544697,-74.17991,-44.73521,True,-56.97,-61.602825,-74.14574,-44.887234,True
2024-05-13 22:10:00,-62.48,104,-45,-68.42,-62.583164,-74.81315,-45.698845,True,-56.66,-62.620445,-74.75309,-45.83953,True
2024-05-13 22:15:00,-63.83,104,-45,-69.75,-63.673954,-75.8548,-46.613487,True,-55.37,-63.460102,-75.559296,-46.548435,True
2024-05-13 22:20:00,-64.74,104,-47,-68.61,-64.47047,-76.341385,-47.440804,True,-54.51,-64.140915,-75.93196,-47.285378,True
2024-05-13 22:25:00,-65.85,104,-47,-65.91,-65.40585,-76.998405,-48.396034,True,-54.13,-64.90126,-76.41903,-48.10096,True
2024-05-13 22:30:00,-66.08,104,-49,-66.7,-65.599495,-76.715614,-48.88016,True,-54.99,-65.05212,-76.08906,-48.555695,True
2024-05-13 22:35:00,-66.04,104,-48,-57.89,-65.64837,-76.301865,-49.192554,True,-55.01,-65.1809,-75.744354,-48.940205,True
2024-05-13 22:40:00,-66.59,104,-48,-61.09,-66.06765,-76.43846,-49.756542,True,-54.82,-65.4707,-75.75231,-49.401684,True
2024-05-13 22:45:00,-66.86,104,-49,-59.84,-66.285904,-76.441315,-50.1037,True,-54.91,-65.63715,-75.69897,-49.712227,True
2024-05-13 22:50:00,-66.15,104,-48,-58.99,-65.48224,-75.59684,-49.560143,True,-54.4,-64.75097,-74.77151,-49.106106,True
2024-05-13 22:55:00,-66.78,104,-48,-58.31,-65.73487,-76.12507,-49.766636,True,-54.920002,-64.64543,-74.95467,-49.01858,True
2024-05-13 23:00:00,-66.42,104,-49,-56.43,-65.11005,-76.15528,-49.016808,True,-54.83,-63.780712,-74.75582,-48.07896,True
2024-05-13 23:05:00,-68.91,104,-50,-56.97,-67.08878,-78.49948,-50.469433,True,-54.83,-65.2559,-76.611084,-49.12344,True
2024-05-13 23:10:00,-68.42,104,-52,-56.66,-66.283,-78.099144,-49.642803,True,-54.09,-64.15908,-75.935905,-48.06447,True
2024-05-13 23:15:00,-69.75,104,-53,-55.37,-67.23165,-79.65976,-50.101418,True,-53.0,-64.72878,-77.12802,-48.230576,True
2024-05-13 23:20:00,-68.61,104,-53,-54.51,-65.97829,-78.86635,-48.869503,True,-54.85,-63.384686,-76.25703,-46.934093,True
2024-05-13 23:25:00,-65.91,104,-50,-54.13,-63.231636,-76.40347,-46.580097,True,-55.939995,-60.633297,-73.810234,-44.637817,True
2024-05-13 23:30:00,-66.7,104,-52,-54.99,-64.12219,-77.35401,-47.280403,True,-55.45,-61.62013,-74.837395,-45.43291,True
2024-05-13 23:35:00,-57.89,104,-44,-55.01,-55.739296,-69.64861,-40.33379,True,-54.56,-53.75618,-67.68302,-38.893394,True
2024-05-13 23:40:00,-61.09,104,-44,-54.82,-59.254036,-72.63877,-43.33616,True,-55.83,-57.536983,-70.87095,-42.13623,True
2024-05-13 23:45:00,-59.84,104,-47,-54.91,-57.94702,-71.53923,-42.21969,True,-55.71,-56.192833,-69.74093,-40.992607,True
2024-05-13 23:50:00,-58.99,104,-46,-54.4,-57.15822,-71.1506,-41.43393,True,-55.939995,-55.472996,-69.4132,-40.272297,True
2024-05-13 23:55:00,-58.31,104,-47,-54.920002,-56.549145,-70.5696,-40.96887,True,-55.19,-54.93567,-68.89224,-39.87255,True
2024-05-14 00:00:00,-56.43,104,-47,-54.83,-54.8232,-68.8302,-39.645554,True,-55.58,-53.36575,-67.29461,-38.681942,True
2024-05-14 00:05:00,-56.97,104,-49,-54.83,-55.034218,-69.425285,-39.66675,True,-54.33,-53.27108,-67.614265,-38.45451,True
2024-05-14 00:10:00,-56.66,104,-50,-54.09,-54.353256,-69.50822,-38.777702,True,-53.05,-52.252,-67.40229,-37.2924,True
2024-05-14 00:15:00,-55.37,104,-50,-53.0,-53.022243,-68.61577,-37.536777,True,-54.88,-50.893074,-66.49289,-36.033184,True
2024-05-14 00:20:00,-54.51,104,-50,-54.85,-52.3398,-67.96291,-36.989784,True,-56.18,-50.37921,-65.983315,-35.631348,True
2024-05-14 00:25:00,-54.13,104,-51,-55.939995,-52.33696,-67.667114,-37.11196,True,-57.43,-50.72548,-65.97803,-36.050137,True
2024-05-14 00:30:00,-54.99,104,-52,-55.45,-53.83266,-68.28401,-38.681946,True,-57.96,-52.79347,-67.06879,-38.10477,True
2024-05-14 00:35:00,-55.01,104,-53,-54.56,-54.356434,-68.448715,-39.1735,True,-58.43,-53.76961,-67.60986,-38.98356,True
2024-05-14 00:40:00,-54.82,104,-54,-55.83,-54.26682,-68.519,-38.908875,True,-58.89,-53.772408,-67.75037,-38.800587,True
2024-05-14 00:45:00,-54.91,104,-54,-55.71,-54.666424,-68.30123,-39.46578,True,-59.36,-54.440487,-67.759384,-39.588085,True
2024-05-14 00:50:00,-54.4,104,-54,-55.939995,-54.842953,-67.571144,-39.938583,True,-59.82,-55.211807,-67.54129,-40.569836,True
2024-05-14 00:55:00,-54.920002,104,-54,-55.19,-55.506985,-67.79141,-40.678215,True,-61.47,-55.989906,-67.86093,-41.408695,True
2024-05-14 01:00:00,-54.83,104,-55,-55.58,-55.494743,-67.68192,-40.737015,True,-61.68,-56.0373,-67.79965,-41.519127,True
2024-05-14 01:05:00,-54.83,104,-55,-54.33,-55.57803,-68.21338,-40.58463,True,-61.12,-56.19213,-68.37425,-41.428318,True
2024-05-14 01:10:00,-54.09,104,-54,-53.05,-55.130596,-67.16929,-40.49003,True,-61.46,-55.993107,-67.545425,-41.55153,True
2024-05-14 01:15:00,-53.0,104,-53,-54.88,-54.17551,-66.1606,-39.764015,True,-61.2,-55.15717,-66.62948,-40.932785,True
2024-05-14 01:20:00,-54.85,104,-52,-56.18,-55.479954,-67.59712,-40.80683,True,-60.97,-55.987167,-67.651634,-41.570854,True
2024-05-14 01:25:00,-55.939995,104,-55,-57.43,-56.285587,-68.86464,-41.224617,True,-60.37,-56.549343,-68.69631,-41.782425,True
2024-05-14 01:30:00,-55.45,104,-56,-57.96,-55.608086,-67.48058,-41.078423,True,-60.27,-55.710693,-67.17957,-41.506203,True
2024-05-14 01:35:00,-54.56,104,-54,-58.43,-54.727043,-67.1969,-40.022453,True,-60.58,-54.84894,-66.89588,-40.468056,True
2024-05-14 01:40:00,-55.83,104,-55,-58.89,-55.931355,-67.428604,-41.46118,True,-60.53,-55.98573,-67.07864,-41.854973,True
2024-05-14 01:45:00,-55.71,104,-56,-59.36,-55.732357,-66.974304,-41.448074,True,-60.46,-55.71713,-66.56274,-41.78519,True
2024-05-14 01:50:00,-55.939995,104,-56,-59.82,-56.024315,-67.389435,-41.61066,True,-60.5,-56.060616,-67.0113,-41.99624,True
2024-05-14 01:55:00,-55.19,104,-55,-61.47,-55.21695,-67.21504,-40.666676,True,-60.15,-55.210598,-66.786896,-41.01718,True
2024-05-14 02:00:00,-55.58,104,-55,-61.68,-55.80526,-67.740906,-41.103992,True,-59.47,-55.965458,-67.4515,-41.596188,True
2024-05-14 02:05:00,-54.33,104,-54,-61.12,-54.86203,-66.16149,-40.58898,True,-58.53,-55.285248,-66.102776,-41.30851,True
2024-05-14 02:10:00,-53.05,104,-53,-61.46,-53.911507,-64.69037,-40.01967,True,-58.21,-54.614986,-64.87021,-40.98751,True
2024-05-14 02:15:00,-54.88,104,-53,-61.2,-55.779186,-65.827415,-41.798256,True,-57.81,-56.49731,-66.0337,-42.776558,True
2024-05-14 02:20:00,-56.18,104,-54,-60.97,-57.257393,-66.74964,-43.138786,True,-57.26,-58.112743,-67.08988,-44.228504,True
2024-05-14 02:25:00,-57.43,104,-54,-60.37,-58.5296,-66.922745,-44.622932,True,-56.47,-59.38431,-67.28372,-45.717224,True
2024-05-14 02:30:00,-57.96,104,-55,-60.27,-59.035534,-66.90106,-45.284714,True,-56.129997,-59.861534,-67.246994,-46.355145,True
2024-05-14 02:35:00,-58.43,104,-54,-60.58,-59.416584,-67.352516,-45.578697,True,-55.780003,-60.164276,-67.626,-46.57983,True
2024-05-14 02:40:00,-58.89,104,-55,-60.53,-59.611507,-67.412674,-45.89383,True,-55.81,-60.128437,-67.48209,-46.697277,True
2024-05-14 02:45:00,-59.36,104,-55,-60.46,-59.62115,-67.21155,-46.19004,True,-55.88,-59.741646,-66.91983,-46.657825,True
2024-05-14 02:50:00,-59.82,104,-55,-60.5,-59.441917,-67.09401,-46.28875,True,-56.34,-59.014862,-66.30288,-46.282814,True
2024-05-14 02:55:00,-61.47,104,-56,-60.15,-60.49007,-68.44877,-47.257572,True,-55.43,-59.534283,-67.15958,-46.801243,True
2024-05-14 03:00:00,-61.68,104,-58,-59.47,-60.407387,-68.80585,-47.164845,True,-53.41,-59.193447,-67.26609,-46.495407,True
2024-05-14 03:05:00,-61.12,104,-57,-58.53,-59.706253,-68.603676,-46.46105,True,-53.46,-58.372307,-66.949234,-45.69186,True
2024-05-14 03:10:00,-61.46,104,-57,-58.21,-59.938107,-69.142136,-46.557343,True,-52.86,-58.507984,-67.39692,-45.706287,True
2024-05-14 03:15:00,-61.2,104,-57,-57.81,-59.78986,-69.13572,-46.38149,True,-52.9,-58.459576,-67.48155,-45.615894,True
2024-05-14 03:20:00,-60.97,104,-55,-57.26,-59.76849,-69.027306,-46.37478,True,-52.98,-58.622643,-67.538445,-45.76708,True
2024-05-14 03:25:00,-60.37,104,-55,-56.47,-59.267982,-68.64598,-45.881306,True,-52.21,-58.215775,-67.24631,-45.346485,True
2024-05-14 03:30:00,-60.27,104,-54,-56.129997,-59.2843,-68.939285,-45.6862,True,-52.56,-58.336163,-67.629776,-45.238434,True
2024-05-14 03:35:00,-60.58,104,-55,-55.780003,-59.6654,-69.401375,-45.880222,True,-53.17,-58.77931,-68.144295,-45.48345,True
2024-05-14 03:40:00,-60.53,104,-56,-55.81,-59.840622,-69.43177,-46.03202,True,-53.11,-59.151897,-68.353645,-45.79787,True
2024-05-14 03:45:00,-60.46,104,-57,-55.88,-60.02992,-69.50324,-46.172726,True,-53.33,-59.56634,-68.628105,-46.12392,True
2024-05-14 03:50:00,-60.5,104,-57,-56.34,-60.145756,-69.76313,-46.12735,True,-52.47,-59.74833,-68.94367,-46.130795,True
2024-05-14 03:55:00,-60.15,104,-57,-55.43,-59.94632,-69.80902,-45.756554,True,-50.73,-59.68101,-69.10262,-45.86643,True
2024-05-14 04:00:00,-59.47,104,-56,-53.41,-59.52863,-69.76883,-45.111557,True,-50.52,-59.49129,-69.26217,-45.40331,True
2024-05-14 04:05:00,-58.53,104,-55,-53.46,-58.959953,-69.75804,-44.23027,True,-50.07,-59.24029,-69.5137,-44.78337,True
2024-05-14 04:10:00,-58.21,104,-55,-52.86,-59.17164,-70.04058,-44.163933,True,-49.76,-59.896973,-70.17864,-45.080345,True
2024-05-14 04:15:00,-57.81,104,-55,-52.9,-59.18135,-70.1466,-43.901253,True,-49.93,-60.242413,-70.56883,-45.089058,True
2024-05-14 04:20:00,-57.26,104,-55,-52.98,-59.01917,-70.11355,-43.484604,True,-49.76,-60.394165,-70.8025,-44.92143,True
2024-05-14 04:25:00,-56.47,104,-54,-52.21,-58.67989,-69.24038,-43.25436,True,-50.16,-60.412773,-70.24107,-44.98924,True
2024-05-14 04:30:00,-56.129997,104,-54,-52.56,-58.66365,-68.51494,-43.358482,True,-50.44,-60.64305,-69.73635,-45.304234,True
2024-05-14 04:35:00,-55.780003,104,-54,-53.17,-58.672684,-67.95746,-43.391605,True,-50.52,-60.924297,-69.424034,-45.566135,True
2024-05-14 04:40:00,-55.81,104,-55,-53.11,-58.914997,-67.61121,-43.640755,True,-51.64,-61.31482,-69.22165,-45.939934,True
2024-05-14 04:45:00,-55.88,104,-55,-53.33,-59.01405,-67.26729,-43.751575,True,-51.7,-61.41603,-68.89892,-46.04894,True
2024-05-14 04:50:00,-56.34,104,-56,-52.47,-59.32901,-67.60314,-43.843376,True,-52.0,-61.59761,-69.11981,-46.02089,True
2024-05-14 04:55:00,-55.43,104,-55,-50.73,-58.33475,-66.38223,-43.15915,True,-52.51,-60.526913,-67.833405,-45.277992,True
2024-05-14 05:00:00,-53.41,104,-52,-50.52,-56.36061,-64.02035,-41.786682,True,-51.58,-58.579525,-65.491844,-43.94375,True
2024-05-14 05:05:00,-53.46,104,-52,-50.07,-56.149925,-63.22611,-41.939133,True,-49.67,-58.152718,-64.53423,-43.916542,True
2024-05-14 05:10:00,-52.86,104,-52,-49.76,-55.39994,-62.29623,-41.466476,True,-48.990005,-57.279507,-63.503014,-43.34024,True
2024-05-14 05:15:00,-52.9,104,-51,-49.93,-55.04681,-61.966934,-41.261654,True,-49.32,-56.614044,-62.906387,-42.863487,True
2024-05-14 05:20:00,-52.98,104,-53,-49.76,-54.71951,-61.75531,-41.067543,True,-49.33,-55.965553,-62.416927,-42.38857,True
2024-05-14 05:25:00,-52.21,104,-52,-50.16,-53.720978,-61.11378,-40.21778,True,-48.990005,-54.789562,-61.60879,-41.38433,True
2024-05-14 05:30:00,-52.56,104,-52,-50.44,-53.756172,-61.025402,-40.473907,True,-48.92,-54.57694,-61.31776,-41.421368,True
2024-05-14 05:35:00,-53.17,104,-54,-50.52,-54.088688,-61.10596,-41.09137,True,-47.86,-54.688946,-61.21637,-41.846226,True
2024-05-14 05:40:00,-53.11,104,-55,-51.64,-53.875027,-60.71998,-41.247787,True,-48.47,-54.352238,-60.725098,-41.896885,True
2024-05-14 05:45:00,-53.33,104,-56,-51.7,-54.103397,-60.37751,-41.845238,True,-48.67,-54.586033,-60.403015,-42.498684,True
2024-05-14 05:50:00,-52.47,104,-56,-52.0,-53.34389,-59.263924,-41.514713,True,-48.44,-53.906578,-59.370567,-42.237408,True
2024-05-14 05:55:00,-50.73,104,-53,-52.51,-51.768528,-57.61931,-40.367603,True,-48.36,-52.46373,-57.8438,-41.20623,True
2024-05-14 06:00:00,-50.52,104,-53,-51.58,-51.78929,-57.285286,-40.479248,True,-48.1,-52.658974,-57.667,-41.46811,True
2024-05-14 06:05:00,-50.07,104,-53,-49.67,-51.43906,-56.452522,-40.44623,True,-48.12,-52.379196,-56.909126,-41.494213,True
2024-05-14 06:10:00,-49.76,104,-52,-48.990005,-51.19637,-55.802155,-40.477974,True,-48.49,-52.18216,-56.306835,-41.56715,True
2024-05-14 06:15:00,-49.93,104,-53,-49.32,-51.227074,-55.6878,-40.666542,True,-48.48,-52.100197,-56.10134,-41.65247,True
2024-05-14 06:20:00,-49.76,104,-54,-49.33,-50.66642,-55.260532,-40.380817,True,-49.35,-51.2329,-55.407303,-41.09639,True
2024-05-14 06:25:00,-50.16,104,-54,-48.990005,-50.55217,-55.239315,-40.53614,True,-50.41,-50.714153,-55.04333,-40.891266,True
2024-05-14 06:30:00,-50.44,104,-55,-48.92,-50.25921,-55.227245,-40.49167,True,-50.43,-49.958862,-54.625698,-40.440197,True
2024-05-14 06:35:00,-50.52,104,-55,-47.86,-49.984848,-54.982124,-40.59735,True,-49.75,-49.393993,-54.132984,-40.290817,True
2024-05-14 06:40:00,-51.64,104,-56,-48.47,-50.596012,-55.75676,-41.31526,True,-49.35,-49.58068,-54.53275,-40.635887,True
2024-05-14 06:45:00,-51.7,104,-58,-48.67,-50.413425,-55.6636,-41.413277,True,-49.33,-49.18955,-54.25928,-40.55143,True
2024-05-14 06:50:00,-52.0,104,-58,-48.44,-50.501938,-55.816757,-41.66241,True,-49.67,-49.094402,-54.253273,-40.638367,True
2024-05-14 06:55:00,-52.51,104,-60,-48.36,-50.908073,-56.38276,-42.045815,True,-49.95,-49.40726,-54.73555,-40.94056,True
2024-05-14 07:00:00,-51.58,104,-59,-48.1,-50.19945,-55.378338,-41.769417,True,-49.97,-48.88176,-53.914974,-40.816456,True
2024-05-14 07:05:00,-49.67,104,-56,-48.12,-48.565983,-53.636314,-40.585598,True,-49.95,-47.477642,-52.392445,-39.828587,True
2024-05-14 07:10:00,-48.990005,104,-55,-48.49,-48.06325,-52.933624,-40.329605,True,-49.89,-47.12465,-51.83502,-39.698513,True
2024-05-14 07:15:00,-49.32,104,-55,-48.48,-48.444115,-53.052364,-40.82231,True,-50.42,-47.549156,-52.001114,-40.225456,True
2024-05-14 07:20:00,-49.33,104,-57,-49.35,-48.45827,-52.929493,-40.933964,True,-51.650005,-47.566124,-51.89,-40.33409,True
2024-05-14 07:25:00,-48.990005,104,-57,-50.41,-48.216507,-52.606922,-40.79322,True,-52.07,-47.408165,-51.65046,-40.261913,False
2024-05-14 07:30:00,-48.92,104,-57,-50.43,-48.184757,-52.493084,-40.843887,True,-51.77,-47.409416,-51.574474,-40.336315,False
2024-05-14 07:35:00,-47.86,104,-55,-49.75,-47.221207,-51.56592,-40.061317,True,-50.66,-46.52569,-50.725636,-39.620346,True
2024-05-14 07:40:00,-48.47,104,-55,-49.35,-47.868233,-51.993923,-40.695774,True,-49.55,-47.209087,-51.19724,-40.28158,True
2024-05-14 07:45:00,-48.67,104,-57,-49.33,-48.050842,-52.24805,-40.748245,True,-49.98,-47.375656,-51.44016,-40.31515,True
2024-05-14 07:50:00,-48.44,104,-57,-49.67,-47.89152,-52.07164,-40.5915,True,-50.92,-47.278496,-51.328278,-40.205082,True
2024-05-14 07:55:00,-48.36,104,-57,-49.95,-47.69925,-51.80947,-40.526478,True,-51.57,-46.99092,-50.991074,-40.051468,False
2024-05-14 08:00:00,-48.1,104,-57,-49.97,-47.3789,-51.504093,-40.23259,True,-51.55,-46.61837,-50.64777,-39.70622,False
2024-05-14 08:05:00,-48.12,104,-57,-49.95,-47.271526,-51.356415,-40.27795,True,-51.49,-46.401005,-50.41183,-39.648952,False
2024-05-14 08:10:00,-48.49,104,-57,-49.89,-47.562916,-51.65258,-40.559155,True,-51.2,-46.626163,-50.657326,-39.864082,False
2024-05-14 08:15:00,-48.48,104,-58,-50.42,-47.613792,-51.56042,-40.73543,True,-50.87,-46.73096,-50.622555,-40.08266,False
2024-05-14 08:20:00,-49.35,104,-57,-51.650005,-48.372776,-52.244698,-41.430454,True,-51.39,-47.396084,-51.22963,-40.689274,False
2024-05-14 08:25:00,-50.41,104,-59,-52.07,-49.23984,-53.088932,-42.2412,True,-51.32,-48.097088,-51.929176,-41.34933,True
2024-05-14 08:30:00,-50.43,104,-60,-51.77,-49.412758,-53.044216,-42.52948,True,-51.49,-48.408283,-52.020306,-41.753063,True
2024-05-14 08:35:00,-49.75,104,-59,-50.66,-48.83489,-52.370266,-42.184647,True,-51.49,-47.921074,-51.44065,-41.48101,False
2024-05-14 08:40:00,-49.35,104,-58,-49.55,-48.42761,-52.048775,-41.81433,True,-51.340004,-47.505375,-51.119263,-41.096764,False
2024-05-14 08:45:00,-49.33,104,-58,-49.98,-48.370052,-52.116795,-41.670353,True,-51.220005,-47.415928,-51.167076,-40.91705,False
2024-05-14 08:50:00,-49.67,104,-58,-50.92,-48.6829,-52.56184,-41.70504,True,-50.68,-47.70675,-51.599392,-40.927185,True
2024-05-14 08:55:00,-49.95,104,-59,-51.57,-49.003338,-52.769398,-42.093163,True,-49.57,-48.066837,-51.852066,-41.343624,True
2024-05-14 09:00:00,-49.97,104,-59,-51.55,-49.016563,-52.552505,-42.511417,True,-48.97,-48.077095,-51.64143,-41.75451,True
2024-05-14 09:05:00,-49.95,104,-59,-51.49,-48.987446,-52.476643,-42.671898,True,-49.27,-48.042213,-51.56928,-41.903893,True
2024-05-14 09:10:00,-49.89,104,-59,-51.2,-48.861164,-52.43212,-42.472424,True,-49.46,-47.85959,-51.481953,-41.649696,True
2024-05-14 09:15:00,-50.42,104,-59,-50.87,-49.278313,-52.875748,-42.749092,True,-51.47,-48.18081,-51.846043,-41.83757,True
2024-05-14 09:20:00,-51.650005,104,-60,-51.39,-50.33868,-53.92995,-43.682472,True,-51.4,-49.098198,-52.77537,-42.64034,True
2024-05-14 09:25:00,-52.07,104,-62,-51.32,-50.796658,-54.38933,-43.912758,True,-51.3,-49.591938,-53.274933,-42.89582,True
2024-05-14 09:30:00,-51.77,104,-62,-51.49,-50.581413,-54.167706,-43.71839,True,-52.13,-49.45323,-53.131916,-42.76183,True
2024-05-14 09:35:00,-50.66,104,-60,-51.49,-49.578514,-53.178986,-42.873627,True,-52.9,-48.54391,-52.23891,-41.99162,False
2024-05-14 09:40:00,-49.55,104,-58,-51.340004,-48.605953,-52.167023,-42.054512,True,-53.06,-47.69327,-51.3486,-41.272114,False
2024-05-14 09:45:00,-49.98,104,-58,-51.220005,-49.013638,-52.503616,-42.428806,True,-53.06,-48.087048,-51.67898,-41.629856,False
2024-05-14 09:50:00,-50.92,104,-59,-50.68,-49.959568,-53.366,-43.152695,True,-50.790005,-49.044586,-52.558434,-42.359352,True
2024-05-14 09:55:00,-51.57,104,-60,-49.57,-50.6442,-53.996246,-43.69965,True,-49.26,-49.763855,-53.226185,-42.93095,True
2024-05-14 10:00:00,-51.55,104,-60,-48.97,-50.750385,-54.070496,-43.6836,True,-48.36,-49.9825,-53.410847,-43.006176,True
2024-05-14 10:05:00,-51.49,104,-60,-49.27,-50.76564,-54.05226,-43.646362,True,-48.17,-50.066696,-53.46206,-43.023315,True
2024-05-14 10:10:00,-51.2,104,-59,-49.46,-50.56318,-54.001034,-43.2385,True,-47.91,-49.94153,-53.489437,-42.676533,True
2024-05-14 10:15:00,-50.87,104,-59,-51.47,-50.332035,-54.115208,-42.587254,True,-48.51,-49.797398,-53.690502,-42.09565,True
2024-05-14 10:20:00,-51.39,104,-59,-51.4,-50.95076,-54.95424,-42.637802,True,-48.69,-50.50751,-54.61967,-42.22103,True
2024-05-14 10:25:00,-51.32,104,-59,-51.3,-51.017967,-55.50196,-42.02037,True,-49.41,-50.69567,-55.2861,-41.70281,True
2024-05-14 10:30:00,-51.49,104,-59,-52.13,-51.25416,-56.017296,-41.756073,True,-49.99,-50.994102,-55.865543,-41.488155,True
2024-05-14 10:35:00,-51.49,104,-59,-52.9,-51.351944,-56.068398,-41.67323,True,-50.12,-51.18294,-56.00439,-41.48049,True
2024-05-14 10:40:00,-51.340004,104,-59,-53.06,-51.404675,-56.506977,-40.99724,True,-50.19,-51.415066,-56.609447,-40.95502,True
2024-05-14 10:45:00,-51.220005,104,-59,-53.06,-51.435005,-56.619717,-40.68236,True,-49.77,-51.580387,-56.849915,-40.75266,True
2024-05-14 10:50:00,-50.68,104,-58,-50.790005,-50.93657,-55.96266,-40.306496,True,-49.1,-51.12329,-56.23544,-40.41132,True
2024-05-14 10:55:00,-49.57,104,-56,-49.26,-49.92422,-54.4485,-39.901073,True,-49.31,-50.200596,-54.804024,-40.084354,True
2024-05-14 11:00:00,-48.97,104,-55,-48.36,-49.503517,-54.051258,-39.227203,True,-49.06,-49.936913,-54.549088,-39.54558,True
2024-05-14 11:05:00,-49.27,104,-56,-48.17,-49.838505,-54.04809,-39.597134,True,-48.79,-50.308575,-54.586815,-39.946075,True
2024-05-14 11:10:00,-49.46,104,-56,-47.91,-50.05372,-53.935387,-39.91512,True,-47.95,-50.553493,-54.507996,-40.28953,True
2024-05-14 11:15:00,-51.47,104,-57,-48.51,-52.012142,-55.236603,-41.922333,True,-48.16,-52.479416,-55.79312,-42.267044,True
2024-05-14 11:20:00,-51.4,104,-59,-48.69,-51.99952,-55.12896,-41.75316,True,-48.250004,-52.51807,-55.73903,-42.141598,True
2024-05-14 11:25:00,-51.3,104,-60,-49.41,-51.919548,-55.286022,-41.301228,True,-48.250004,-52.456562,-55.91928,-41.703068,True
2024-05-14 11:30:00,-52.13,104,-60,-49.99,-52.554955,-56.51521,-41.12385,True,-47.89,-52.93052,-57.017326,-41.37685,True
2024-05-14 11:35:00,-52.9,104,-61,-50.12,-52.996525,-56.84318,-41.8355,True,-48.04,-53.102596,-57.11212,-41.848522,True
2024-05-14 11:40:00,-53.06,104,-63,-50.19,-52.9368,-56.515686,-42.472855,True,-48.27,-52.86191,-56.620796,-42.32481,True
2024-05-14 11:45:00,-53.06,104,-63,-49.77,-52.822002,-56.223354,-42.874737,True,-48.45,-52.654,-56.243958,-42.641182,True
2024-05-14 11:50:00,-50.790005,104,-63,-49.1,-50.639793,-53.989883,-41.580406,True,-48.680004,-50.546173,-54.07884,-41.406334,True
2024-05-14 11:55:00,-49.26,104,-63,-49.31,-49.171196,-52.39722,-40.945843,True,-48.7,-49.132133,-52.53521,-40.814682,True
2024-05-14 12:00:00,-48.36,104,-62,-49.06,-48.311222,-51.54469,-40.473846,True,-48.69,-48.30842,-51.720737,-40.368126,True
2024-05-14 12:05:00,-48.17,104,-63,-48.79,-48.172268,-51.519882,-40.32216,True,-48.36,-48.21531,-51.743267,-40.251896,True
2024-05-14 12:10:00,-47.91,104,-62,-47.95,-48.0309,-51.424957,-40.223415,True,-48.370003,-48.180378,-51.749146,-40.24302,True
2024-05-14 12:15:00,-48.51,104,-62,-48.16,-48.646877,-51.99571,-40.80836,True,-48.370003,-48.815834,-52.34305,-40.84049,True
2024-05-14 12:20:00,-48.69,104,-62,-48.250004,-48.840225,-52.16109,-41.08107,True,-48.31,-49.025097,-52.527218,-41.121944,True
2024-05-14 12:25:00,-49.41,104,-61,-48.250004,-49.46913,-52.719383,-41.86362,True,-48.44,-49.58094,-53.02609,-41.831486,True
2024-05-14 12:30:00,-49.99,104,-61,-47.89,-49.847145,-53.195587,-42.414017,True,-48.42,-49.783012,-53.346527,-42.217842,True
2024-05-14 12:35:00,-50.12,104,-61,-48.04,-49.83901,-53.275974,-42.628456,True,-48.45,-49.652542,-53.318256,-42.3158,True
2024-05-14 12:40:00,-50.19,104,-61,-48.27,-49.80336,-53.299435,-42.81408,True,-48.53,-49.524616,-53.264614,-42.408524,True
2024-05-14 12:45:00,-49.77,104,-61,-48.45,-49.291054,-52.903553,-42.556732,True,-48.28,-48.927605,-52.796627,-42.065456,True
2024-05-14 12:50:00,-49.1,104,-60,-48.680004,-48.549335,-52.228146,-42.120853,True,-47.92,-48.115746,-52.058956,-41.557175,True
2024-05-14 12:55:00,-49.31,104,-61,-48.7,-48.69965,-52.357063,-42.47488,True,-47.52,-48.2123,-52.141994,-41.85248,True
2024-05-14 13:00:00,-49.06,104,-61,-48.69,-48.376617,-52.13192,-42.3592,True,-47.66,-47.81792,-51.855206,-41.662853,True
2024-05-14 13:05:00,-48.79,104,-61,-48.36,-48.049652,-51.96196,-42.116974,True,-47.56,-47.435776,-51.6431,-41.360794,True
2024-05-14 13:10:00,-47.95,104,-59,-48.370003,-47.187126,-51.225937,-41.41491,True,-47.43,-46.548225,-50.896103,-40.621258,True
2024-05-14 13:15:00,-48.16,104,-59,-48.370003,-47.364174,-51.48684,-41.515797,True,-47.62,-46.69554,-51.13921,-40.6867,True
2024-05-14 13:20:00,-48.250004,104,-59,-48.31,-47.437973,-51.60664,-41.551407,True,-48.28,-46.75496,-51.255005,-40.70009,True
2024-05-14 13:25:00,-48.250004,104,-58,-48.44,-47.453465,-51.632523,-41.55466,True,-48.21,-46.78427,-51.302856,-40.70361,True
2024-05-14 13:30:00,-47.89,104,-58,-48.42,-47.07161,-51.34224,-41.18917,True,-48.9,-46.378098,-51.005016,-40.300697,True
2024-05-14 13:35:00,-48.04,104,-58,-48.45,-47.115448,-51.584602,-41.05313,True,-49.0,-46.3175,-51.169155,-40.060555,True
2024-05-14 13:40:00,-48.27,104,-58,-48.53,-47.3684,-51.95119,-41.081547,True,-48.79,-46.592865,-51.570526,-40.10012,True
2024-05-14 13:45:00,-48.45,104,-58,-48.28,-47.569946,-52.122643,-41.313717,True,-48.370003,-46.81776,-51.772747,-40.337723,True
2024-05-14 13:50:00,-48.680004,104,-58,-47.92,-47.730724,-52.446438,-41.323837,True,-48.77,-46.911972,-52.055336,-40.275284,True
2024-05-14 13:55:00,-48.7,104,-59,-47.52,-47.645153,-52.939457,-40.710117,True,-48.78,-46.71852,-52.486763,-39.558216,True
2024-05-14 14:00:00,-48.69,104,-58,-47.66,-47.519012,-53.155304,-40.182148,True,-46.020004,-46.47532,-52.62859,-38.912315,True
2024-05-14 14:05:00,-48.36,104,-58,-47.56,-47.20635,-53.256626,-39.50093,True,-45.77,-46.178547,-52.7708,-38.2392,True
2024-05-14 14:10:00,-48.370003,104,-57,-47.43,-47.233562,-53.49228,-39.322365,True,-45.87,-46.225025,-53.039307,-38.06901,True
2024-05-14 14:15:00,-48.370003,104,-58,-47.62,-47.25852,-53.594593,-39.21444,True,-45.82,-46.278587,-53.182163,-37.973557,True
2024-05-14 14:20:00,-48.31,104,-58,-48.28,-47.25089,-53.8845,-38.847958,True,-45.4,-46.325333,-53.54767,-37.647087,True
2024-05-14 14:25:00,-48.44,104,-58,-48.21,-47.53359,-54.16415,-38.9438,True,-45.29,-46.761833,-53.972137,-37.872173,True
2024-05-14 14:30:00,-48.42,104,-57,-48.9,-47.676655,-54.33863,-38.89631,True,-45.62,-47.067757,-54.29988,-37.962162,True
2024-05-14 14:35:00,-48.45,104,-57,-49.0,-47.911167,-54.601067,-38.85886,True,-45.42,-47.50614,-54.757824,-38.09922,True
2024-05-14 14:40:00,-48.53,104,-57,-48.79,-48.23967,-54.788815,-38.995132,True,-45.54,-48.07985,-55.16545,-38.448414,True
2024-05-14 14:45:00,-48.28,104,-57,-48.370003,-48.25958,-54.44468,-39.147358,True,-45.23,-48.359955,-55.041687,-38.826202,True
2024-05-14 14:50:00,-47.92,104,-56,-48.77,-48.135376,-54.18779,-38.97555,True,-39.07,-48.46218,-54.992702,-38.84607,True
2024-05-14 14:55:00,-47.52,104,-56,-48.78,-47.88043,-53.84729,-38.69042,True,-40.36,-48.345963,-54.77786,-38.67608,True
2024-05-14 15:00:00,-47.66,104,-55,-46.020004,-48.00094,-54.123158,-38.586304,True,-42.06,-48.450775,-55.047813,-38.55296,True
2024-05-14 15:05:00,-47.56,104,-55,-45.77,-47.771263,-54.14016,-38.231056,True,-43.82,-48.101562,-54.976604,-38.076046,True
2024-05-14 15:10:00,-47.43,104,-54,-45.87,-47.49911,-54.188686,-37.817413,True,-44.81,-47.69313,-54.916145,-37.531654,True
2024-05-14 15:15:00,-47.62,104,-54,-45.82,-47.52733,-54.862385,-37.397427,True,-45.43,-47.56724,-55.478092,-36.971252,True
2024-05-14 15:20:00,-48.28,104,-54,-45.4,-48.11039,-55.617138,-37.806553,True,-45.590004,-48.08163,-56.183167,-37.308086,True
2024-05-14 15:25:00,-48.21,104,-55,-45.29,-47.990273,-55.401474,-37.88079,True,-45.73,-47.911274,-55.917408,-37.324085,True
2024-05-14 15:30:00,-48.9,104,-55,-45.62,-48.737995,-55.64048,-38.956577,True,-45.89,-48.718296,-56.18634,-38.437687,True
2024-05-14 15:35:00,-49.0,104,-54,-45.42,-48.791958,-55.51216,-39.29659,True,-45.64,-48.72727,-56.009758,-38.717712,True
2024-05-14 15:40:00,-48.79,104,-53,-45.54,-48.64107,-55.595276,-38.915863,True,-45.14,-48.631966,-56.14831,-38.389114,True
2024-05-14 15:45:00,-48.370003,104,-53,-45.23,-48.29886,-54.905594,-38.994133,True,-45.06,-48.356857,-55.500675,-38.510963,True
2024-05-14 15:50:00,-48.77,104,-52,-39.07,-48.772823,-54.941883,-39.75244,False,-44.78,-48.90187,-55.574913,-39.323475,True
2024-05-14 15:55:00,-48.78,104,-52,-40.36,-48.79894,-55.040024,-39.800907,True,-45.01,-48.940655,-55.68344,-39.378506,True
2024-05-14 16:00:00,-46.020004,104,-50,-42.06,-45.91923,-52.3744,-37.41828,True,-44.32,-45.920006,-52.88814,-36.849747,True
2024-05-14 16:05:00,-45.77,104,-49,-43.82,-45.46751,-52.21434,-37.068775,True,-45.55,-45.26035,-52.542778,-36.30205,True
2024-05-14 16:10:00,-45.87,104,-49,-44.81,-45.40355,-52.256813,-37.06798,True,-45.14,-45.027557,-52.429028,-36.135292,True
2024-05-14 16:15:00,-45.82,104,-49,-45.43,-45.217834,-52.148613,-37.020256,True,-45.41,-44.699142,-52.18527,-35.946968,True
2024-05-14 16:20:00,-45.4,104,-50,-45.590004,-44.50521,-51.585567,-36.551193,True,-45.080006,-43.675484,-51.332687,-35.182186,True
2024-05-14 16:25:00,-45.29,104,-49,-45.73,-44.389187,-51.812386,-36.156006,True,-45.19,-43.54597,-51.55754,-34.783478,True
2024-05-14 16:30:00,-45.62,104,-51,-45.89,-44.766228,-52.28987,-36.39405,True,-45.42,-43.96698,-52.07481,-35.063705,True
2024-05-14 16:35:00,-45.42,104,-51,-45.64,-44.539333,-52.31889,-36.09272,True,-45.42,-43.70353,-52.073166,-34.739597,True
2024-05-14 16:40:00,-45.54,104,-51,-45.14,-44.66314,-52.665604,-36.05998,True,-45.12,-43.828835,-52.425377,-34.71334,True
2024-05-14 16:45:00,-45.23,104,-51,-45.06,-44.34186,-52.526833,-35.705452,True,-45.16,-43.49188,-52.26762,-34.350697,True
2024-05-14 16:50:00,-39.07,104,-53,-44.78,-37.62287,-46.667183,-29.617771,True,-43.44,-36.163956,-45.9376,-27.682453,True
2024-05-14 16:55:00,-40.36,104,-53,-45.01,-38.97948,-48.07013,-30.494352,True,-40.86,-37.594006,-47.387733,-28.64572,True
2024-05-14 17:00:00,-42.06,104,-52,-44.32,-40.83406,-50.070354,-31.889376,True,-40.97,-39.613247,-49.514187,-30.212614,True
2024-05-14 17:05:00,-43.82,104,-51,-45.55,-42.86557,-52.46825,-33.221386,True,-40.86,-41.93702,-52.163044,-31.843151,True
2024-05-14 17:10:00,-44.81,104,-51,-45.14,-43.932465,-53.286015,-34.276615,True,-42.07,-43.0809,-53.018513,-32.971897,True
2024-05-14 17:15:00,-45.43,104,-50,-45.41,-44.55589,-54.39532,-34.345978,True,-41.990005,-43.711132,-54.142048,-33.07091,True
2024-05-14 17:20:00,-45.590004,104,-50,-45.080006,-44.88018,-54.519306,-34.74719,True,-41.2,-44.197224,-54.383034,-33.621243,True
2024-05-14 17:25:00,-45.73,104,-50,-45.19,-45.126038,-54.510445,-35.02653,True,-41.09,-44.54705,-54.447384,-33.994797,True
2024-05-14 17:30:00,-45.89,104,-50,-45.42,-45.37594,-54.636417,-35.233658,True,-39.89,-44.88531,-54.63434,-34.290203,True
2024-05-14 17:35:00,-45.64,104,-50,-45.42,-45.34818,-54.576492,-35.092888,True,-41.58,-45.083073,-54.759975,-34.366512,True
2024-05-14 17:40:00,-45.14,104,-49,-45.12,-45.039314,-54.27964,-34.678276,True,-41.5,-44.96686,-54.62084,-34.141598,True
2024-05-14 17:45:00,-45.06,104,-49,-45.16,-45.0999,-54.449722,-34.571033,True,-41.02,-45.169415,-54.910034,-34.173874,True
2024-05-14 17:50:00,-44.78,104,-48,-43.44,-44.924774,-54.525608,-34.113064,True,-40.45,-45.099377,-55.070004,-33.83004,True
2024-05-14 17:55:00,-45.01,104,-49,-40.86,-45.252613,-55.1394,-34.123734,True,-39.93,-45.52564,-55.76173,-33.947144,True
2024-05-14 18:00:00,-44.32,104,-48,-40.97,-44.567608,-54.608833,-33.45497,True,-39.75,-44.8429,-55.2258,-33.28919,True
2024-05-14 18:05:00,-45.55,104,-49,-40.86,-45.808308,-55.95833,-34.47769,True,-39.1,-46.094597,-56.575985,-34.332394,True
2024-05-14 18:10:00,-45.14,104,-50,-42.07,-45.31678,-55.80111,-33.9448,True,-38.6,-45.518482,-56.341633,-33.730442,True
2024-05-14 18:15:00,-45.41,104,-50,-41.990005,-45.500023,-56.19304,-34.02876,True,-38.37,-45.612118,-56.647663,-33.744137,True
2024-05-14 18:20:00,-45.080006,104,-50,-41.2,-45.147747,-56.32308,-33.425632,True,-38.45,-45.236797,-56.756767,-33.134705,True
2024-05-14 18:25:00,-45.19,104,-50,-41.09,-45.262928,-56.596783,-33.380505,True,-38.65,-45.35615,-57.0242,-33.107525,True
2024-05-14 18:30:00,-45.42,104,-51,-39.89,-45.502777,-56.686596,-33.634087,True,-38.83,-45.603485,-57.10979,-33.37519,True
2024-05-14 18:35:00,-45.42,104,-51,-41.58,-45.511547,-56.956196,-33.44866,True,-39.2,-45.620247,-57.384304,-33.20769,True
2024-05-14 18:40:00,-45.12,104,-50,-41.5,-45.266808,-56.931152,-33.00245,True,-39.78,-45.431774,-57.40199,-32.82707,True
2024-05-14 18:45:00,-45.16,104,-51,-41.02,-45.401093,-56.900673,-33.058693,True,-40.0,-45.659103,-57.436234,-32.980663,True
2024-05-14 18:50:00,-43.44,104,-50,-40.45,-43.611744,-54.851986,-31.680304,True,-39.77,-43.798836,-55.311558,-31.550493,True
2024-05-14 18:55:00,-40.86,104,-47,-39.93,-40.94461,-52.787327,-29.16002,True,-39.83,-41.04853,-53.178867,-28.967403,True
2024-05-14 19:00:00,-40.97,104,-46,-39.75,-40.991474,-52.627937,-29.264914,True,-40.44,-41.030426,-52.952972,-29.02324,True
2024-05-14 19:05:00,-40.86,104,-47,-39.1,-40.814335,-52.190407,-29.178051,True,-40.69,-40.785007,-52.446312,-28.881712,True
2024-05-14 19:10:00,-42.07,104,-47,-38.6,-42.015553,-52.94203,-30.396412,True,-40.86,-41.97517,-53.17221,-30.099102,True
2024-05-14 19:15:00,-41.990005,104,-49,-38.37,-41.898293,-53.05902,-30.268267,True,-40.43,-41.82183,-53.253746,-29.94952,True
2024-05-14 19:20:00,-41.2,104,-48,-38.45,-41.004246,-52.588234,-29.4088,True,-41.59,-40.825817,-52.692955,-29.011911,True
2024-05-14 19:25:00,-41.09,104,-48,-38.65,-40.78449,-52.703613,-29.111122,True,-41.71,-40.496525,-52.71392,-28.625202,True
2024-05-14 19:30:00,-39.89,104,-46,-38.83,-39.412037,-51.415684,-27.862843,True,-42.15,-38.95351,-51.276917,-27.233885,True
2024-05-14 19:35:00,-41.58,104,-46,-39.2,-41.00894,-52.716446,-29.329828,True,-42.81,-40.45307,-52.480495,-28.61889,True
2024-05-14 19:40:00,-41.5,104,-48,-39.78,-40.777832,-52.487785,-29.149483,True,-42.9,-40.070576,-52.113277,-28.313295,True
2024-05-14 19:45:00,-41.02,104,-47,-40.0,-40.08205,-51.774876,-28.590984,True,-43.03,-39.15816,-51.21064,-27.566225,True
2024-05-14 19:50:00,-40.45,104,-46,-39.77,-39.316105,-50.964043,-27.954674,True,-42.91,-38.196037,-50.227997,-26.759748,True
2024-05-14 19:55:00,-39.93,104,-45,-39.83,-38.658104,-50.455257,-27.367455,True,-43.03,-37.399784,-49.59751,-26.059683,True
2024-05-14 20:00:00,-39.75,104,-45,-40.44,-38.367496,-50.278133,-27.092505,True,-43.56,-36.9996,-49.32301,-25.69646,True
2024-05-14 20:05:00,-39.1,104,-45,-40.69,-37.589836,-49.45198,-26.434,True,-43.73,-36.098156,-48.389812,-24.933655,True
2024-05-14 20:10:00,-38.6,104,-45,-40.86,-36.981678,-48.839256,-25.888597,True,-43.73,-35.385952,-47.683987,-24.305685,True
2024-05-14 20:15:00,-38.37,104,-44,-40.43,-36.447567,-48.627476,-25.327442,True,-43.51,-34.54346,-47.21527,-23.475708,True
2024-05-14 20:20:00,-38.45,104,-44,-41.59,-36.594852,-48.66298,-25.444603,True,-42.9,-34.761566,-47.29792,-23.668919,True
2024-05-14 20:25:00,-38.65,104,-43,-41.71,-36.855484,-48.920174,-25.642874,True,-42.32,-35.08569,-47.596317,-23.938086,True
2024-05-14 20:30:00,-38.83,104,-43,-42.15,-36.982033,-49.143887,-25.708956,True,-42.18,-35.154457,-47.76076,-23.964472,True
2024-05-14 20:35:00,-39.2,104,-43,-42.81,-37.475426,-49.861206,-25.973543,True,-41.35,-35.779167,-48.57764,-24.368965,True
2024-05-14 20:40:00,-39.78,104,-43,-42.9,-38.11428,-50.28308,-26.59366,True,-40.77,-36.47489,-49.02746,-25.050991,True
2024-05-14 20:45:00,-40.0,104,-43,-43.03,-38.39269,-50.316643,-26.907866,True,-40.68,-36.813602,-49.096252,-25.429579,True
2024-05-14 20:50:00,-39.77,104,-43,-42.91,-38.101395,-49.90604,-26.720882,True,-40.58,-36.461567,-48.624397,-25.19634,True
2024-05-14 20:55:00,-39.83,104,-42,-43.03,-38.17152,-49.821846,-26.860598,True,-40.07,-36.54043,-48.534565,-25.353971,True
2024-05-14 21:00:00,-40.44,104,-42,-43.56,-38.697517,-50.293938,-27.381166,True,-39.9,-36.978252,-48.916092,-25.805138,True
2024-05-14 21:05:00,-40.69,104,-43,-43.73,-38.916107,-50.502064,-27.607302,True,-39.5,-37.163857,-49.083267,-26.014076,True
2024-05-14 21:10:00,-40.86,104,-43,-43.73,-39.02514,-50.633255,-27.742321,True,-39.140003,-37.210762,-49.150417,-26.104713,True
2024-05-14 21:15:00,-40.43,104,-41,-43.51,-38.61275,-50.174423,-27.428917,True,-39.05,-36.821537,-48.705864,-25.823614,True
2024-05-14 21:20:00,-41.59,104,-42,-42.9,-39.780388,-51.210003,-28.534996,True,-39.13,-37.987495,-49.71498,-26.940983,True
2024-05-14 21:25:00,-41.71,104,-42,-42.32,-39.836555,-51.348587,-28.630589,True,-39.08,-37.977688,-49.786446,-26.989344,True
2024-05-14 21:30:00,-42.15,104,-42,-42.18,-40.265995,-51.849297,-29.048338,True,-39.2,-38.39485,-50.264767,-27.40927,True
2024-05-14 21:35:00,-42.81,104,-43,-41.35,-40.824226,-52.54706,-29.546942,True,-38.99,-38.842655,-50.85135,-27.82225,True
2024-05-14 21:40:00,-42.9,104,-43,-40.77,-40.90927,-52.51534,-29.739416,True,-39.35,-38.91987,-50.79864,-28.018194,True
2024-05-14 21:45:00,-43.03,104,-43,-40.68,-41.150875,-52.72541,-30.048075,True,-39.4,-39.271477,-51.091526,-28.43789,True
2024-05-14 21:50:00,-42.91,104,-43,-40.58,-41.130318,-52.84613,-30.04344,True,-39.33,-39.3519,-51.292526,-28.53703,True
2024-05-14 21:55:00,-43.03,104,-43,-40.07,-41.38598,-53.194225,-30.245325,True,-38.55,-39.74807,-51.75421,-28.878515,True
2024-05-14 22:00:00,-43.56,104,-42,-39.9,-42.05833,-53.936302,-30.74001,True,-37.89,-40.560734,-52.604862,-29.512718,True
2024-05-14 22:05:00,-43.73,104,-43,-39.5,-42.317295,-54.16291,-30.934132,True,-36.8,-40.911095,-52.90087,-29.799906,True
2024-05-14 22:10:00,-43.73,104,-43,-39.140003,-42.422737,-54.14917,-31.055225,True,-36.84,-41.129063,-52.977455,-30.031446,True
2024-05-14 22:15:00,-43.51,104,-43,-39.05,-42.340633,-53.992718,-30.951944,True,-36.8,-41.194206,-52.94401,-30.070097,True
2024-05-14 22:20:00,-42.9,104,-43,-39.13,-41.814323,-53.380604,-30.476044,True,-36.59,-40.760864,-52.408707,-29.686876,True
2024-05-14 22:25:00,-42.32,104,-43,-39.08,-41.257404,-52.8281,-29.949709,True,-37.08,-40.235645,-51.87959,-29.19851,True
2024-05-14 22:30:00,-42.18,104,-44,-39.2,-41.170784,-52.63759,-29.876781,True,-37.08,-40.209457,-51.73456,-29.188858,True
2024-05-14 22:35:00,-41.35,104,-44,-38.99,-40.374264,-51.731388,-29.194664,True,-36.67,-39.456974,-50.862984,-28.555464,True
2024-05-14 22:40:00,-40.77,104,-44,-39.35,-39.637543,-50.796394,-28.692144,True,-36.34,-38.56984,-49.794895,-27.921543,True
2024-05-14 22:45:00,-40.68,104,-45,-39.4,-39.397446,-50.550117,-28.58345,True,-36.01,-38.182213,-49.41416,-27.687412,True
2024-05-14 22:50:00,-40.58,104,-45,-39.33,-39.343903,-50.555363,-28.561962,True,-36.09,-38.178158,-49.455463,-27.720688,True
2024-05-14 22:55:00,-40.07,104,-46,-38.55,-38.77899,-50.09045,-28.146414,True,-36.26,-37.56525,-48.94617,-27.269636,True
2024-05-14 23:00:00,-39.9,104,-46,-37.89,-38.55816,-49.945927,-28.007803,True,-36.57,-37.30041,-48.75919,-27.099108,True
2024-05-14 23:05:00,-39.5,104,-46,-36.8,-38.108944,-49.735157,-27.581276,True,-36.67,-36.81596,-48.51807,-26.64943,True
2024-05-14 23:10:00,-39.140003,104,-46,-36.84,-37.803757,-49.729412,-27.195662,True,-36.66,-36.583195,-48.577103,-26.334173,True
2024-05-14 23:15:00,-39.05,104,-47,-36.8,-37.444683,-49.677944,-26.79463,True,-36.98,-35.974884,-48.315315,-25.71632,True
2024-05-14 23:20:00,-39.13,104,-47,-36.59,-37.629932,-50.87055,-26.468216,True,-37.06,-36.28093,-49.60754,-25.5149,True
2024-05-14 23:25:00,-39.08,104,-48,-37.08,-37.961517,-51.364307,-26.516754,True,-37.77,-36.98624,-50.399593,-25.908272,True
2024-05-14 23:30:00,-39.2,104,-48,-37.08,-38.21253,-50.552494,-27.126955,True,-37.78,-37.356567,-49.677475,-26.62723,True
2024-05-14 23:35:00,-38.99,104,-49,-36.67,-37.931774,-50.041557,-27.021135,True,-37.45,-37.01144,-49.111423,-26.462656,True
2024-05-14 23:40:00,-39.35,104,-49,-36.34,-37.971806,-49.21567,-27.465723,True,-37.79,-36.742252,-48.01683,-26.63259,True
2024-05-14 23:45:00,-39.4,104,-49,-36.01,-37.97191,-48.833378,-27.686554,True,-38.99,-36.691956,-47.583023,-26.812405,True
2024-05-14 23:50:00,-39.33,104,-49,-36.09,-37.936943,-48.62783,-27.788168,True,-39.31,-36.68968,-47.397484,-26.948349,True
2024-05-14 23:55:00,-38.55,104,-49,-36.26,-37.13379,-47.689476,-27.231264,True,-38.75,-35.86625,-46.43893,-26.377338,True
2024-05-15 00:00:00,-37.89,104,-48,-36.57,-36.49788,-47.078808,-26.74015,True,-38.58,-35.25591,-45.846794,-25.915512,True
2024-05-15 00:05:00,-36.8,104,-47,-36.67,-35.31612,-46.122055,-25.76125,True,-38.74,-33.994255,-44.82772,-24.865114,True
2024-05-15 00:10:00,-36.84,104,-48,-36.66,-35.13891,-46.103065,-25.700499,True,-38.92,-33.61147,-44.62941,-24.626078,True
2024-05-15 00:15:00,-36.8,104,-49,-36.98,-34.997707,-45.8886,-25.766537,True,-39.07,-33.36914,-44.322315,-24.605375,True
2024-05-15 00:20:00,-36.59,104,-49,-37.06,-34.279736,-45.9457,-25.04533,True,-38.48,-32.16833,-43.978348,-23.45451,True
2024-05-15 00:25:00,-37.08,104,-50,-37.77,-34.6587,-46.913845,-25.225298,True,-37.83,-32.444542,-44.857803,-23.555496,True
2024-05-15 00:30:00,-37.08,104,-50,-37.78,-34.732563,-47.315544,-25.166441,True,-37.9,-32.590717,-45.315266,-23.573309,True
2024-05-15 00:35:00,-36.67,104,-50,-37.45,-34.452923,-46.614876,-25.157112,True,-37.59,-32.428154,-44.69718,-23.67454,True
2024-05-15 00:40:00,-36.34,104,-50,-37.79,-34.34038,-46.051243,-25.276264,True,-37.96,-32.52752,-44.304672,-23.98459,True
2024-05-15 00:45:00,-36.01,104,-50,-38.99,-34.184708,-45.73401,-25.254076,True,-37.92,-32.53609,-44.115936,-24.113485,True
2024-05-15 00:50:00,-36.09,104,-50,-39.31,-34.525795,-46.125233,-25.536043,True,-38.27,-33.11908,-44.69601,-24.61861,True
2024-05-15 00:55:00,-36.26,104,-50,-38.75,-35.07036,-46.371075,-25.982765,True,-38.36,-34.020107,-45.230263,-25.39105,True
2024-05-15 01:00:00,-36.57,104,-51,-38.58,-35.611862,-46.675537,-26.434769,True,-38.85,-34.780346,-45.70908,-26.04195,True
2024-05-15 01:05:00,-36.67,104,-51,-38.74,-35.859306,-46.30877,-26.785044,True,-38.64,-35.16557,-45.45206,-26.521317,True
2024-05-15 01:10:00,-36.66,104,-51,-38.92,-35.98696,-46.340496,-26.918148,True,-38.96,-35.421757,-45.585865,-26.77095,True
2024-05-15 01:15:00,-36.98,104,-51,-39.07,-36.265526,-46.184902,-27.273731,True,-38.96,-35.658085,-45.39122,-27.091894,True
2024-05-15 01:20:00,-37.06,104,-51,-38.48,-36.219975,-46.009884,-27.352812,True,-38.89,-35.49679,-45.11425,-27.066734,True
2024-05-15 01:25:00,-37.77,104,-51,-37.83,-36.75487,-46.441727,-27.938501,True,-38.79,-35.86694,-45.395313,-27.5082,True
2024-05-15 01:30:00,-37.78,104,-51,-37.9,-36.6182,-46.41081,-27.875193,True,-38.97,-35.5935,-45.24152,-27.323324,True
2024-05-15 01:35:00,-37.45,104,-50,-37.59,-36.13129,-46.260292,-27.476883,True,-39.18,-34.96078,-44.96177,-26.796394,True
2024-05-15 01:40:00,-37.79,104,-50,-37.96,-36.488426,-46.54961,-27.922901,True,-39.12,-35.329384,-45.254337,-27.255861,True
2024-05-15 01:45:00,-38.99,104,-50,-37.92,-37.668167,-47.61562,-29.111395,True,-39.37,-36.48115,-46.283962,-28.421328,True
2024-05-15 01:50:00,-39.31,104,-50,-38.27,-37.877182,-47.702496,-29.470903,True,-38.92,-36.582214,-46.26726,-28.688725,True
2024-05-15 01:55:00,-38.75,104,-50,-38.36,-37.236248,-47.031326,-29.051498,True,-38.84,-35.868305,-45.533245,-28.204287,True
2024-05-15 02:00:00,-38.58,104,-49,-38.85,-37.003613,-46.839108,-28.934431,True,-38.52,-35.57894,-45.28962,-28.037102,True
2024-05-15 02:05:00,-38.74,104,-50,-38.64,-37.12333,-47.01144,-29.076178,True,-37.89,-35.659878,-45.422977,-28.145905,True
2024-05-15 02:10:00,-38.92,104,-50,-38.96,-37.263657,-47.21369,-29.195545,True,-37.26,-35.7655,-45.586807,-28.23928,True
2024-05-15 02:15:00,-39.07,104,-50,-38.96,-37.483997,-47.627033,-29.279701,True,-36.95,-36.053783,-46.053135,-28.386545,True
2024-05-15 02:20:00,-38.48,104,-50,-38.89,-36.972057,-47.206642,-28.745636,True,-36.42,-35.620728,-45.70084,-27.923489,True
2024-05-15 02:25:00,-37.83,104,-49,-38.79,-36.416763,-46.717606,-28.16434,True,-35.32,-35.160408,-45.29346,-27.427439,True
2024-05-15 02:30:00,-37.9,104,-49,-38.97,-36.517994,-47.09282,-28.077837,True,-35.5,-35.293976,-45.690372,-27.370646,True
2024-05-15 02:35:00,-37.59,104,-49,-39.18,-36.26908,-47.114346,-27.680788,True,-35.49,-35.108715,-45.76314,-27.029383,True
2024-05-15 02:40:00,-37.96,104,-49,-39.12,-36.97685,-47.956,-28.04274,True,-36.04,-36.125282,-46.85459,-27.668863,True
2024-05-15 02:45:00,-37.92,104,-49,-39.37,-37.192524,-47.876522,-28.21607,True,-36.78,-36.57333,-46.96424,-28.053612,True
2024-05-15 02:50:00,-38.27,104,-49,-38.92,-37.813847,-48.2632,-28.741758,True,-37.0,-37.437202,-47.554066,-28.79075,True
2024-05-15 02:55:00,-38.36,104,-49,-38.84,-38.119312,-48.379894,-28.957737,True,-37.4,-37.935158,-47.829346,-29.178413,True
2024-05-15 03:00:00,-38.85,104,-48,-38.52,-38.861973,-49.120674,-29.455318,True,-37.37,-38.90117,-48.74872,-29.872034,True
2024-05-15 03:05:00,-38.64,104,-48,-37.89,-38.93289,-49.476864,-29.24037,True,-38.2,-39.221756,-49.294384,-29.87932,True
2024-05-15 03:10:00,-38.96,104,-48,-37.26,-39.48136,-50.07594,-29.540514,True,-38.31,-39.966366,-50.05161,-30.345732,True
2024-05-15 03:15:00,-38.96,104,-48,-36.95,-39.74825,-50.283474,-29.670712,True,-38.06,-40.46465,-50.444653,-30.678772,True
2024-05-15 03:20:00,-38.89,104,-47,-36.42,-40.064056,-51.025257,-29.603235,True,-38.16,-41.117287,-51.442253,-30.902317,True
2024-05-15 03:25:00,-38.79,104,-47,-35.32,-40.49253,-52.057655,-29.492105,True,-37.93,-42.00095,-52.812897,-31.181908,True
2024-05-15 03:30:00,-38.97,104,-47,-35.5,-41.134277,-53.155212,-29.660463,True,-38.590004,-43.03492,-54.20084,-31.68171,True
2024-05-15 03:35:00,-39.18,104,-47,-35.49,-41.75125,-54.15185,-29.85462,True,-39.020004,-43.994953,-55.450016,-32.162422,True
2024-05-15 03:40:00,-39.12,104,-47,-36.04,-42.09823,-54.61687,-29.942396,True,-38.51,-44.682518,-56.170704,-32.53848,True
2024-05-15 03:45:00,-39.37,104,-46,-36.78,-42.671425,-55.229,-30.254612,True,-37.69,-45.518406,-56.981552,-33.068993,True
2024-05-15 03:50:00,-38.92,104,-45,-37.0,-42.51744,-54.89129,-30.059052,True,-37.87,-45.60961,-56.833706,-33.086903,True
2024-05-15 03:55:00,-38.84,104,-45,-37.4,-42.844524,-55.274944,-30.113018,True,-38.07,-46.26375,-57.459057,-33.416405,True
2024-05-15 04:00:00,-38.52,104,-45,-37.37,-42.779396,-55.008488,-30.007233,True,-38.63,-46.393906,-57.338352,-33.480286,True
2024-05-15 04:05:00,-37.89,104,-44,-38.2,-42.484398,-54.78851,-29.558775,True,-38.97,-46.359978,-57.298664,-33.25456,True
2024-05-15 04:10:00,-37.26,104,-43,-38.31,-42.11785,-54.4095,-29.125036,True,-38.72,-46.203403,-57.0711,-33.000393,True
2024-05-15 04:15:00,-36.95,104,-43,-38.06,-42.081074,-54.674725,-28.846273,True,-39.11,-46.36646,-57.456543,-32.883324,True
2024-05-15 04:20:00,-36.42,104,-43,-38.16,-41.568436,-53.64631,-28.572681,True,-39.28,-45.84971,-56.43381,-32.619915,True
2024-05-15 04:25:00,-35.32,104,-42,-37.93,-40.36293,-51.590164,-27.909458,True,-40.13,-44.544376,-54.330242,-31.895119,True
2024-05-15 04:30:00,-35.5,104,-40,-38.590004,-40.21841,-51.278698,-27.925318,True,-40.99,-44.110096,-53.80411,-31.654163,True
2024-05-15 04:35:00,-35.49,104,-40,-39.020004,-39.92123,-50.550926,-27.848398,True,-41.7,-43.556072,-52.898304,-31.355698,True
2024-05-15 04:40:00,-36.04,104,-40,-38.51,-40.173336,-50.191578,-28.27901,True,-42.26,-43.538956,-52.366287,-31.550653,True
2024-05-15 04:45:00,-36.78,104,-40,-37.69,-40.333702,-49.380978,-28.948776,True,-42.68,-43.21141,-51.238037,-31.794594,True
2024-05-15 04:50:00,-37.0,104,-40,-37.87,-40.226997,-49.605785,-28.817915,True,-42.77,-42.846912,-51.25456,-31.426065,True
2024-05-15 04:55:00,-37.4,104,-40,-38.07,-40.763454,-50.98229,-28.808403,True,-43.31,-43.498898,-52.695713,-31.491095,True
2024-05-15 05:00:00,-37.37,104,-40,-38.63,-40.796047,-52.08456,-28.375051,True,-43.78,-43.58614,-53.79498,-31.079037,True
2024-05-15 05:05:00,-38.2,104,-40,-38.97,-41.472973,-52.936443,-28.90339,True,-43.46,-44.136776,-54.555367,-31.479355,True
2024-05-15 05:10:00,-38.31,104,-41,-38.72,-41.56667,-53.388683,-28.815855,True,-43.34,-44.213963,-54.97521,-31.366209,True
2024-05-15 05:15:00,-38.06,104,-41,-39.11,-41.11888,-52.586143,-28.674957,True,-42.88,-43.603596,-54.05951,-31.08698,True
2024-05-15 05:20:00,-38.16,104,-41,-39.28,-41.094646,-52.12199,-28.857454,True,-42.99,-43.473423,-53.53362,-31.17769,True
2024-05-15 05:25:00,-37.93,104,-42,-40.13,-41.303375,-52.893024,-28.53905,True,-42.84,-44.035774,-54.55024,-31.147646,True
2024-05-15 05:30:00,-38.590004,104,-43,-40.99,-42.542854,-54.298992,-29.115242,True,-42.84,-45.73008,-56.30927,-32.091133,True
2024-05-15 05:35:00,-39.020004,104,-44,-41.7,-43.70525,-54.82857,-29.883528,True,-42.34,-47.44697,-57.29212,-33.330242,True
2024-05-15 05:40:00,-38.51,104,-42,-42.26,-42.978523,-52.07081,-30.25783,True,-41.79,-46.483124,-54.412544,-33.55385,True
2024-05-15 05:45:00,-37.69,104,-40,-42.68,-41.88323,-50.12618,-29.720854,True,-40.71,-45.13091,-52.29408,-32.81355,True
2024-05-15 05:50:00,-37.87,104,-39,-42.77,-41.646774,-49.287228,-29.817963,True,-40.64,-44.532066,-51.200806,-32.595463,True
2024-05-15 05:55:00,-38.07,104,-39,-43.31,-41.25384,-48.839607,-29.537348,True,-39.33,-43.66186,-50.388153,-31.887083,True
2024-05-15 06:00:00,-38.63,104,-39,-43.78,-41.413784,-49.518806,-29.46538,True,-39.63,-43.508522,-50.809727,-31.52287,True
2024-05-15 06:05:00,-38.97,104,-40,-43.46,-41.555073,-50.196262,-29.42175,True,-39.69,-43.497562,-51.354362,-31.329962,True
2024-05-15 06:10:00,-38.72,104,-40,-43.34,-41.01712,-50.23316,-28.90371,True,-40.39,-42.735065,-51.192894,-30.603865,True
2024-05-15 06:15:00,-39.11,104,-41,-42.88,-40.93413,-49.91553,-29.231358,True,-40.21,-42.279156,-50.594128,-30.605503,True
2024-05-15 06:20:00,-39.28,104,-42,-42.99,-40.55366,-48.934647,-29.643684,True,-40.18,-41.454853,-49.275932,-30.637589,True
2024-05-15 06:25:00,-40.13,104,-42,-42.84,-40.806923,-48.629044,-30.532202,True,-39.84,-41.22065,-48.59737,-31.098389,True
2024-05-15 06:30:00,-40.99,104,-44,-42.84,-41.14054,-48.534348,-31.308317,True,-39.6,-41.11611,-48.14962,-31.490768,True
2024-05-15 06:35:00,-41.7,104,-46,-42.34,-41.546482,-48.420185,-32.023945,True,-39.36,-41.26749,-47.83544,-31.98155,True
2024-05-15 06:40:00,-42.26,104,-48,-41.79,-42.25031,-49.185913,-32.304073,True,-38.88,-42.08834,-48.70478,-32.356213,True
2024-05-15 06:45:00,-42.68,104,-49,-40.71,-42.863174,-49.82316,-32.57856,True,-37.95,-42.857296,-49.47695,-32.758976,True
2024-05-15 06:50:00,-42.77,104,-49,-40.64,-43.031567,-49.551647,-32.89184,True,-37.8,-43.086407,-49.2698,-33.121372,True
2024-05-15 06:55:00,-43.31,104,-49,-39.33,-43.357742,-49.77574,-33.284187,True,-37.96,-43.232258,-49.342865,-33.351772,True
2024-05-15 07:00:00,-43.78,104,-50,-39.63,-43.61099,-50.227364,-33.409035,True,-38.07,-43.306465,-49.645714,-33.31173,True
2024-05-15 07:05:00,-43.46,104,-50,-39.69,-43.109234,-49.6871,-33.186615,True,-38.32,-42.650925,-48.978115,-32.952484,True
2024-05-15 07:10:00,-43.34,104,-49,-40.39,-42.87712,-49.06708,-33.386986,True,-38.26,-42.325256,-48.291515,-33.068695,True
2024-05-15 07:15:00,-42.88,104,-49,-40.21,-42.30561,-48.62144,-32.99327,True,-38.6,-41.658016,-47.76729,-32.58601,True
2024-05-15 07:20:00,-42.99,104,-49,-40.18,-42.590298,-48.71064,-33.202744,True,-39.2,-42.08516,-47.9865,-32.913532,True
2024-05-15 07:25:00,-42.84,104,-50,-39.84,-42.633972,-48.41798,-33.25087,True,-39.21,-42.286373,-47.83946,-33.09553,True
2024-05-15 07:30:00,-42.84,104,-50,-39.6,-42.7015,-48.298523,-33.301647,True,-38.84,-42.408848,-47.77795,-33.19011,True
2024-05-15 07:35:00,-42.34,104,-50,-39.36,-42.30141,-47.748653,-33.067852,True,-38.05,-42.089203,-47.306396,-33.025185,True
2024-05-15 07:40:00,-41.79,104,-49,-38.88,-41.7932,-47.23553,-32.725483,True,-38.76,-41.616627,-46.83499,-32.709076,True
2024-05-15 07:45:00,-40.71,104,-47,-37.95,-40.802696,-46.118767,-32.103954,True,-38.1,-40.698395,-45.790222,-32.150948,True
2024-05-15 07:50:00,-40.64,104,-48,-37.8,-40.62759,-45.77909,-32.295273,True,-37.59,-40.440823,-45.3959,-32.266365,True
2024-05-15 07:55:00,-39.33,104,-45,-37.96,-39.183807,-44.3805,-31.544466,True,-37.220005,-38.88632,-43.915203,-31.416473,True
2024-05-15 08:00:00,-39.63,104,-46,-38.07,-39.088005,-44.13715,-32.01324,True,-37.61,-38.45966,-43.399612,-31.590464,True
2024-05-15 08:05:00,-39.69,104,-46,-38.32,-38.758434,-43.85152,-32.157383,True,-38.32,-37.796844,-42.83267,-31.435162,True
2024-05-15 08:10:00,-40.39,104,-47,-38.26,-39.11968,-44.184788,-32.854008,True,-39.06,-37.867622,-42.917126,-31.86993,True
2024-05-15 08:15:00,-40.21,104,-47,-38.6,-38.68408,-43.692646,-32.943195,True,-40.02,-37.204525,-42.23194,-31.754414,True
2024-05-15 08:20:00,-40.18,104,-47,-39.2,-38.281998,-43.66808,-32.728294,True,-40.93,-36.46541,-41.90891,-31.235044,True
2024-05-15 08:25:00,-39.84,104,-46,-39.21,-37.722813,-43.52377,-32.05542,True,-41.73,-35.698063,-41.58699,-30.371964,False
2024-05-15 08:30:00,-39.6,104,-45,-38.84,-37.277287,-43.569695,-31.232119,True,-41.81,-35.055744,-41.47148,-29.36804,False
2024-05-15 08:35:00,-39.36,104,-44,-38.05,-36.90486,-43.598335,-30.621069,True,-41.61,-34.555252,-41.402634,-28.638567,False
2024-05-15 08:40:00,-38.88,104,-43,-38.76,-36.381397,-43.66504,-29.547102,True,-41.11,-33.978355,-41.441277,-27.514553,True
2024-05-15 08:45:00,-37.95,104,-41,-38.1,-35.607033,-43.389313,-28.32404,True,-41.250004,-33.337383,-41.31066,-26.40221,True
2024-05-15 08:50:00,-37.8,104,-41,-37.59,-35.668976,-43.626793,-28.036293,True,-41.31,-33.591087,-41.730103,-26.278288,True
2024-05-15 08:55:00,-37.96,104,-42,-37.220005,-36.175747,-44.284283,-27.821684,True,-41.12,-34.41884,-42.679924,-26.339485,True
2024-05-15 09:00:00,-38.07,104,-42,-37.61,-36.63359,-45.094334,-27.357733,True,-40.47,-35.193665,-43.77466,-26.147343,True
2024-05-15 09:05:00,-38.32,104,-42,-38.32,-37.287846,-46.154285,-26.92583,True,-40.0,-36.215294,-45.157265,-26.029547,True
2024-05-15 09:10:00,-38.26,104,-43,-39.06,-37.560562,-46.373573,-26.64161,True,-40.17,-36.78558,-45.634697,-25.998205,True
2024-05-15 09:15:00,-38.6,104,-43,-40.02,-38.375847,-46.915325,-26.985521,True,-40.48,-38.020885,-46.53268,-26.701967,True
2024-05-15 09:20:00,-39.2,104,-44,-40.93,-39.21444,-48.055527,-26.947233,True,-40.83,-39.06812,-47.854298,-26.837353,True
2024-05-15 09:25:00,-39.21,104,-44,-41.73,-39.51376,-47.744473,-27.309841,True,-40.36,-39.62106,-47.764774,-27.418797,True
2024-05-15 09:30:00,-38.84,104,-44,-41.81,-39.419556,-47.444977,-27.07105,True,-41.04,-39.76122,-47.668503,-27.382132,True
2024-05-15 09:35:00,-38.05,104,-42,-41.61,-38.994366,-46.862625,-26.56807,True,-41.05,-39.640804,-47.34238,-27.143051,True
2024-05-15 09:40:00,-38.76,104,-42,-41.11,-39.87363,-47.324238,-27.267855,True,-40.74,-40.666542,-47.94198,-27.96871,True
2024-05-15 09:45:00,-38.1,104,-42,-41.250004,-39.437626,-46.85149,-26.707928,True,-39.69,-40.41593,-47.627487,-27.569996,True
2024-05-15 09:50:00,-37.59,104,-41,-41.31,-39.040955,-46.409313,-26.315725,True,-39.77,-40.114655,-47.27289,-27.261404,True
2024-05-15 09:55:00,-37.220005,104,-40,-41.12,-38.711517,-46.28477,-25.773424,True,-40.48,-39.819817,-47.181778,-26.74687,True
2024-05-15 10:00:00,-37.61,104,-40,-40.47,-38.918903,-46.575333,-25.800003,True,-40.62,-39.879906,-47.368126,-26.640396,True
2024-05-15 10:05:00,-38.32,104,-40,-40.0,-39.47641,-46.322823,-26.943996,True,-41.01,-40.324677,-47.05051,-27.688597,True
2024-05-15 10:10:00,-39.06,104,-41,-40.17,-39.982315,-46.600723,-27.580044,True,-41.31,-40.64621,-47.196262,-28.160341,True
2024-05-15 10:15:00,-40.02,104,-43,-40.48,-40.710835,-47.119434,-28.393152,True,-41.35,-41.19325,-47.579773,-28.811033,True
2024-05-15 10:20:00,-40.93,104,-44,-40.83,-41.40174,-47.512535,-29.287527,True,-41.65,-41.71489,-47.844955,-29.55425,True
2024-05-15 10:25:00,-41.73,104,-45,-40.36,-42.052086,-47.961243,-29.9661,True,-42.09,-42.247574,-48.20644,-30.126913,True
2024-05-15 10:30:00,-41.81,104,-46,-41.04,-42.00283,-47.7833,-30.184399,True,-43.0,-42.09941,-47.95261,-30.255417,True
2024-05-15 10:35:00,-41.61,104,-47,-41.05,-41.7062,-47.455025,-30.1669,True,-43.87,-41.729176,-47.568653,-30.170609,True
2024-05-15 10:40:00,-41.11,104,-47,-40.74,-41.191654,-46.850723,-29.940502,True,-43.83,-41.207638,-46.96601,-29.935299,True
2024-05-15 10:45:00,-41.250004,104,-48,-39.69,-41.222324,-46.675663,-30.345306,True,-43.71,-41.155678,-46.725845,-30.2643,True
2024-05-15 10:50:00,-41.31,104,-49,-39.77,-41.16613,-46.540726,-30.561874,True,-44.01,-41.00942,-46.518047,-30.397652,True
2024-05-15 10:55:00,-41.12,104,-50,-40.48,-41.03703,-46.04156,-31.088818,True,-43.95,-40.939087,-46.077557,-30.97414,True
2024-05-15 11:00:00,-40.47,104,-50,-40.62,-40.24376,-45.429264,-30.423676,True,-43.790005,-40.02861,-45.36749,-30.200348,True
2024-05-15 11:05:00,-40.0,104,-51,-41.01,-39.7153,-44.834114,-30.279978,True,-44.04,-39.455215,-44.737614,-30.01295,True
2024-05-15 11:10:00,-40.17,104,-51,-41.31,-39.783745,-44.78646,-30.542173,True,-44.45,-39.443817,-44.62259,-30.200209,True
2024-05-15 11:15:00,-40.48,104,-52,-41.35,-39.848034,-45.076008,-30.503412,True,-43.97,-39.30147,-44.73414,-29.971819,True
2024-05-15 11:20:00,-40.83,104,-52,-41.65,-39.99566,-45.811897,-30.113556,True,-44.29,-39.27535,-45.325245,-29.423038,True
2024-05-15 11:25:00,-40.36,104,-51,-42.09,-39.364082,-45.38029,-29.750845,True,-44.04,-38.501457,-44.769894,-28.928183,True
2024-05-15 11:30:00,-41.04,104,-51,-43.0,-39.84397,-45.594124,-30.852993,True,-43.77,-38.810516,-44.822155,-29.872663,True
2024-05-15 11:35:00,-41.05,104,-51,-43.87,-39.865704,-45.246826,-31.71363,True,-43.65,-38.84351,-44.477585,-30.735897,True
2024-05-15 11:40:00,-40.74,104,-50,-43.83,-39.59673,-44.734497,-32.104828,True,-42.96,-38.610672,-43.994164,-31.151798,True
2024-05-15 11:45:00,-39.69,104,-48,-43.71,-38.68131,-43.76356,-31.573187,True,-42.42,-37.810482,-43.13328,-30.715918,True
2024-05-15 11:50:00,-39.77,104,-49,-44.01,-38.825592,-43.771328,-31.910006,False,-41.78,-38.0155,-43.19837,-31.101654,True
2024-05-15 11:55:00,-40.48,104,-49,-43.95,-39.532715,-44.46698,-32.377327,True,-41.59,-38.725754,-43.90051,-31.568125,True
2024-05-15 12:00:00,-40.62,104,-50,-43.790005,-39.64745,-44.79075,-32.08167,True,-41.52,-38.818592,-44.217373,-31.248793,True
2024-05-15 12:05:00,-41.01,104,-50,-44.04,-39.956024,-45.387882,-31.965616,True,-41.63,-39.05519,-44.7618,-31.064531,True
2024-05-15 12:10:00,-41.31,104,-51,-44.45,-40.179127,-45.871674,-31.961378,True,-41.63,-39.208466,-45.197414,-30.992,True
2024-05-15 12:15:00,-41.35,104,-52,-43.97,-40.143913,-46.09964,-31.746138,True,-41.88,-39.101574,-45.374134,-30.707235,True
2024-05-15 12:20:00,-41.65,104,-52,-44.29,-40.3046,-46.54733,-31.75283,True,-42.36,-39.133545,-45.71953,-30.593307,True
2024-05-15 12:25:00,-42.09,104,-53,-44.04,-40.635693,-46.908913,-32.273834,True,-42.27,-39.367054,-45.989002,-31.021181,True
2024-05-15 12:30:00,-43.0,104,-53,-43.77,-41.594955,-47.540623,-33.69976,True,-42.55,-40.380222,-46.655876,-32.48601,True
2024-05-15 12:35:00,-43.87,104,-54,-43.65,-42.6032,-48.2824,-34.884617,True,-42.93,-41.5255,-47.51386,-33.78748,True
2024-05-15 12:40:00,-43.83,104,-55,-42.96,-42.77563,-48.131355,-35.31563,True,-43.58,-41.904045,-47.548306,-34.393696,True
2024-05-15 12:45:00,-43.71,104,-55,-42.42,-42.71844,-48.10639,-35.1631,True,-43.43,-41.911667,-47.586895,-34.29586,True
2024-05-15 12:50:00,-44.01,104,-55,-41.78,-43.052635,-48.544285,-35.17495,True,-42.99,-42.28211,-48.073227,-34.33585,True
2024-05-15 12:55:00,-43.95,104,-54,-41.59,-43.10541,-48.750187,-34.680557,True,-44.18,-42.440166,-48.39754,-33.930992,True
2024-05-15 13:00:00,-43.790005,104,-54,-41.52,-43.01869,-48.96858,-33.96104,True,-44.92,-42.420284,-48.70225,-33.266823,True
2024-05-15 13:05:00,-44.04,104,-53,-41.63,-43.285892,-49.535004,-33.692863,True,-45.05,-42.705456,-49.307747,-33.0107,True
2024-05-15 13:10:00,-44.45,104,-52,-41.63,-43.663452,-50.00969,-33.88396,True,-45.54,-43.05703,-49.767723,-33.17325,True
2024-05-15 13:15:00,-43.97,104,-52,-41.88,-43.126556,-49.626785,-33.4007,True,-45.42,-42.468193,-49.3542,-32.632927,True
2024-05-15 13:20:00,-44.29,104,-52,-42.36,-43.448227,-49.87786,-33.93738,True,-44.83,-42.79477,-49.61167,-33.165874,True
2024-05-15 13:25:00,-44.04,104,-50,-42.27,-43.2663,-49.566414,-34.042393,True,-45.38,-42.67433,-49.365692,-33.31245,True
2024-05-15 13:30:00,-43.77,104,-50,-42.55,-43.274555,-49.56433,-33.960648,True,-45.45,-42.933556,-49.599766,-33.44589,True
2024-05-15 13:35:00,-43.65,104,-48,-42.93,-43.31354,-49.101326,-34.190414,True,-45.39,-43.125526,-49.27368,-33.793636,True
2024-05-15 13:40:00,-42.96,104,-48,-43.58,-42.76318,-48.798656,-33.379147,True,-45.05,-42.706085,-49.10422,-33.092796,True
2024-05-15 13:45:00,-42.42,104,-47,-43.43,-42.32924,-48.56148,-32.746887,True,-44.75,-42.37577,-48.975876,-32.544563,True
2024-05-15 13:50:00,-41.78,104,-47,-42.99,-41.778725,-48.1201,-32.249363,True,-44.81,-41.91392,-48.62642,-32.117046,True
2024-05-15 13:55:00,-41.59,104,-47,-44.18,-41.397022,-48.016376,-31.938671,True,-44.79,-41.360672,-48.38039,-31.643112,True
2024-05-15 14:00:00,-41.52,104,-47,-44.92,-41.333443,-48.036163,-31.920568,True,-44.51,-41.30427,-48.4161,-31.62049,True
2024-05-15 14:05:00,-41.63,104,-48,-45.05,-41.582718,-48.174313,-32.245876,True,-44.57,-41.684673,-48.682377,-32.04952,True
2024-05-15 14:10:00,-41.63,104,-49,-45.54,-41.79931,-48.042862,-32.874863,True,-44.52,-42.1038,-48.735016,-32.8432,True
2024-05-15 14:15:00,-41.88,104,-50,-45.42,-42.16827,-48.14411,-33.42688,True,-44.47,-42.58589,-48.935493,-33.485634,True
2024-05-15 14:20:00,-42.36,104,-50,-44.83,-42.615044,-48.647957,-33.69892,True,-44.2,-43.01023,-49.43342,-33.723076,True
2024-05-15 14:25:00,-42.27,104,-51,-45.38,-42.468166,-48.789433,-33.249016,True,-43.64,-42.814697,-49.546154,-33.21889,True
2024-05-15 14:30:00,-42.55,104,-52,-45.45,-42.686764,-49.10408,-33.438293,True,-43.85,-42.983974,-49.82989,-33.349022,True
2024-05-15 14:35:00,-42.93,104,-55,-45.39,-42.957554,-49.6226,-33.6352,True,-44.06,-43.15922,-50.280857,-33.445942,True
2024-05-15 14:40:00,-43.58,104,-57,-45.05,-43.518124,-50.1257,-34.237385,True,-44.15,-43.644722,-50.717247,-33.96342,True
2024-05-15 14:45:00,-43.43,104,-57,-44.75,-43.230713,-49.940647,-34.069542,True,-44.03,-43.228535,-50.419704,-33.66021,True
2024-05-15 14:50:00,-42.99,104,-56,-44.81,-42.686424,-49.658905,-33.628063,True,-44.21,-42.58091,-50.049786,-33.112865,True
2024-05-15 14:55:00,-44.18,104,-54,-44.79,-43.717594,-50.946182,-34.41636,True,-44.52,-43.46843,-51.22652,-33.76021,True
2024-05-15 15:00:00,-44.92,104,-53,-44.51,-44.44949,-51.826397,-34.798233,True,-44.7,-44.193455,-52.117687,-34.128067,True
2024-05-15 15:05:00,-45.05,104,-53,-44.57,-44.87317,-51.80507,-35.482956,True,-45.4,-44.894756,-52.333725,-35.046776,True
2024-05-15 15:10:00,-45.54,104,-53,-44.52,-45.483917,-52.145504,-36.287743,True,-46.09,-45.622852,-52.777103,-35.93992,True
2024-05-15 15:15:00,-45.42,104,-52,-44.47,-45.341553,-52.104588,-36.064,True,-46.22,-45.45515,-52.72419,-35.67995,True
2024-05-15 15:20:00,-44.83,104,-50,-44.2,-44.75966,-51.7441,-35.359222,True,-46.19,-44.87609,-52.379417,-34.967136,True
2024-05-15 15:25:00,-45.38,104,-49,-43.64,-45.317825,-52.416462,-35.732273,True,-46.06,-45.44438,-53.066235,-35.34494,True
2024-05-15 15:30:00,-45.45,104,-49,-43.85,-45.298935,-52.658806,-35.47205,True,-46.05,-45.337883,-53.238693,-35.001087,True
2024-05-15 15:35:00,-45.39,104,-48,-44.06,-45.17395,-52.872463,-35.055447,True,-46.06,-45.146885,-53.404034,-34.521408,True
2024-05-15 15:40:00,-45.05,104,-48,-44.15,-44.74654,-52.629795,-34.63033,True,-46.020004,-44.629395,-53.082325,-34.006042,True
2024-05-15 15:45:00,-44.75,104,-48,-44.03,-44.370003,-52.46251,-34.253475,True,-45.98,-44.173462,-52.84344,-33.54788,True
2024-05-15 15:50:00,-44.81,104,-48,-44.21,-44.344666,-52.64704,-34.127026,True,-45.64,-44.061024,-52.949104,-33.33237,True
2024-05-15 15:55:00,-44.79,104,-48,-44.52,-44.397995,-52.982384,-33.96247,True,-45.29,-44.181393,-53.344383,-33.229168,True
2024-05-15 16:00:00,-44.51,104,-48,-44.7,-44.31606,-52.764843,-34.072636,True,-45.33,-44.28964,-53.282875,-33.49877,True
2024-05-15 16:05:00,-44.57,104,-48,-45.4,-44.6259,-52.7104,-34.65983,True,-44.94,-44.845467,-53.42711,-34.293583,True
2024-05-15 16:10:00,-44.52,104,-49,-46.09,-44.7478,-52.66399,-34.890026,True,-45.54,-45.13642,-53.513912,-34.673714,True
2024-05-15 16:15:00,-44.47,104,-49,-46.22,-44.938625,-52.746063,-35.027832,True,-45.74,-45.56252,-53.80237,-35.02486,True
2024-05-15 16:20:00,-44.2,104,-49,-46.19,-44.79092,-52.671013,-34.866898,True,-45.2,-45.529842,-53.824375,-34.973583,True
2024-05-15 16:25:00,-43.64,104,-48,-46.06,-44.29266,-52.474686,-34.205578,True,-45.18,-45.08365,-53.675076,-34.369427,True
2024-05-15 16:30:00,-43.85,104,-48,-46.05,-44.499817,-52.893673,-34.21217,True,-43.33,-45.285004,-54.090656,-34.372276,True
2024-05-15 16:35:00,-44.06,104,-49,-46.06,-44.664066,-53.354027,-34.182068,True,-37.69,-45.398895,-54.4998,-34.307392,True
2024-05-15 16:40:00,-44.15,104,-49,-46.020004,-44.614147,-53.56962,-34.052715,True,-35.87,-45.207756,-54.58731,-34.04868,True
2024-05-15 16:45:00,-44.03,104,-49,-45.98,-44.48418,-53.529037,-33.945942,True,-37.2,-45.06291,-54.52199,-33.929558,True
2024-05-15 16:50:00,-44.21,104,-49,-45.64,-44.608246,-53.726116,-34.18006,True,-38.06,-45.127655,-54.659077,-34.10696,True
2024-05-15 16:55:00,-44.52,104,-49,-45.29,-44.826084,-54.05968,-34.386845,True,-39.2,-45.249374,-54.896477,-34.23084,True
2024-05-15 17:00:00,-44.7,104,-49,-45.33,-45.023933,-54.53387,-34.313843,True,-39.67,-45.45851,-55.379898,-34.176277,True
2024-05-15 17:05:00,-45.4,104,-49,-44.94,-45.780617,-55.360764,-34.810123,True,-40.63,-46.268852,-56.248158,-34.727135,True
2024-05-15 17:10:00,-46.09,104,-49,-45.54,-46.540726,-56.18404,-35.29865,True,-41.62,-47.09603,-57.12531,-35.283184,True
2024-05-15 17:15:00,-46.22,104,-49,-45.74,-46.69041,-56.499844,-35.21778,True,-43.01,-47.258778,-57.448315,-35.224716,True
2024-05-15 17:20:00,-46.19,104,-49,-45.2,-46.73179,-56.5948,-35.063526,True,-43.22,-47.365337,-57.593063,-35.13705,True
2024-05-15 17:25:00,-46.06,104,-48,-45.18,-46.63872,-56.59298,-34.871822,True,-42.97,-47.303524,-57.615635,-34.978294,True
2024-05-15 17:30:00,-46.05,104,-48,-43.33,-46.587925,-56.743473,-34.62974,True,-43.25,-47.206425,-57.717133,-34.704453,True
2024-05-15 17:35:00,-46.06,104,-48,-37.69,-46.659946,-56.972866,-34.473385,True,-43.24,-47.334843,-57.994278,-34.606945,True
2024-05-15 17:40:00,-46.020004,104,-48,-35.87,-46.65254,-57.250225,-34.171062,True,-43.49,-47.353115,-58.285583,-34.34563,True
2024-05-15 17:45:00,-45.98,104,-48,-37.2,-46.596443,-57.471386,-33.85652,True,-44.26,-47.276245,-58.485394,-34.020863,True
2024-05-15 17:50:00,-45.64,104,-47,-38.06,-46.271755,-57.424652,-33.31255,True,-44.31,-46.959793,-58.438168,-33.499474,True
2024-05-15 17:55:00,-45.29,104,-47,-39.2,-46.000256,-57.218086,-32.936497,True,-44.7,-46.759937,-58.2841,-33.19974,True
2024-05-15 18:00:00,-45.33,104,-47,-39.67,-46.033566,-57.135136,-32.95588,True,-45.1,-46.782574,-58.181305,-33.214973,True
2024-05-15 18:05:00,-44.94,104,-46,-40.63,-45.655743,-57.049103,-32.42383,True,-44.78,-46.412148,-58.097122,-32.698772,True
2024-05-15 18:10:00,-45.54,104,-46,-41.62,-46.2429,-57.68978,-32.82355,True,-45.78,-46.983425,-58.714275,-33.094387,True
2024-05-15 18:15:00,-45.74,104,-46,-43.01,-46.136738,-58.295105,-32.23261,True,-46.0,-46.572567,-59.05246,-32.24072,True
2024-05-15 18:20:00,-45.2,104,-45,-43.22,-45.514465,-59.06395,-30.578571,True,-44.9,-45.867943,-59.754925,-30.540415,True
2024-05-15 18:25:00,-45.18,104,-45,-42.97,-45.65609,-60.156662,-29.866438,True,-44.05,-46.165985,-60.98024,-29.98283,True
2024-05-15 18:30:00,-43.33,104,-42,-43.25,-43.707012,-58.722748,-27.960178,True,-42.79,-44.11686,-59.45101,-28.003891,True
2024-05-15 18:35:00,-37.69,104,-34,-43.24,-37.96198,-53.789513,-22.870207,True,-42.93,-38.268486,-54.424255,-22.840418,True
2024-05-15 18:40:00,-35.87,104,-31,-43.49,-36.18778,-52.421364,-21.149702,True,-43.06,-36.53992,-53.08221,-21.17334,True
2024-05-15 18:45:00,-37.2,104,-33,-44.26,-37.721527,-53.785072,-22.393732,True,-44.79,-38.26814,-54.583313,-22.601322,True
2024-05-15 18:50:00,-38.06,104,-34,-44.31,-38.836937,-54.726654,-23.212658,True,-47.22,-39.626057,-55.704304,-23.644987,True
2024-05-15 18:55:00,-39.2,104,-35,-44.7,-40.43039,-56.63801,-24.26525,True,-48.95,-41.64746,-57.948322,-25.08472,True
2024-05-15 19:00:00,-39.67,104,-36,-45.1,-41.39014,-57.41101,-24.930876,True,-50.55,-43.060295,-59.064697,-26.16315,True
2024-05-15 19:05:00,-40.63,104,-36,-44.78,-42.776306,-58.66575,-25.985205,True,-51.97,-44.832584,-60.619053,-27.564653,True
2024-05-15 19:10:00,-41.62,104,-38,-45.78,-44.09388,-59.92393,-27.015434,True,-52.55,-46.44212,-62.10986,-28.854969,True
2024-05-15 19:15:00,-43.01,104,-39,-46.0,-45.609093,-61.55786,-28.137205,True,-53.03,-48.064053,-63.83347,-30.071054,True
2024-05-15 19:20:00,-43.22,104,-40,-44.9,-45.96886,-61.86837,-28.296122,True,-53.76,-48.549484,-64.23779,-30.349463,True
2024-05-15 19:25:00,-42.97,104,-41,-44.05,-46.00431,-62.05349,-28.068453,True,-54.15,-48.830276,-64.5964,-30.349182,True
2024-05-15 19:30:00,-43.25,104,-40,-42.79,-46.54469,-62.380363,-28.406584,True,-55.03,-49.594692,-65.10067,-30.890617,True
2024-05-15 19:35:00,-43.24,104,-40,-42.93,-46.69019,-62.327507,-28.505114,True,-55.13,-49.871403,-65.146286,-31.117197,True
2024-05-15 19:40:00,-43.49,104,-40,-43.06,-47.09362,-62.790375,-28.734596,True,-53.86,-50.406746,-65.71126,-31.466549,True
2024-05-15 19:45:00,-44.26,104,-41,-44.79,-47.863903,-63.227707,-29.463425,True,-54.41,-51.17251,-66.159485,-32.195953,True
2024-05-15 19:50:00,-44.31,104,-41,-47.22,-47.610577,-62.21249,-29.731504,True,-56.03,-50.641468,-64.929344,-32.242943,True
2024-05-15 19:55:00,-44.7,104,-41,-48.95,-47.603024,-61.776157,-30.052452,True,-57.62,-50.26401,-64.19707,-32.250618,True
2024-05-15 20:00:00,-45.1,104,-42,-50.55,-47.654076,-61.868504,-30.154892,True,-59.16,-49.992214,-64.02074,-32.07527,True
2024-05-15 20:05:00,-44.78,104,-42,-51.97,-47.094975,-61.3563,-29.76029,True,-60.7,-49.209774,-63.307247,-31.497581,True
2024-05-15 20:10:00,-45.78,104,-42,-52.55,-47.785515,-62.05905,-30.431969,True,-62.03,-49.6116,-63.767075,-31.918123,True
2024-05-15 20:15:00,-46.0,104,-44,-53.03,-47.72219,-62.093643,-30.453217,True,-63.23,-49.28836,-63.57459,-31.718658,True
2024-05-15 20:20:00,-44.9,104,-42,-53.76,-46.40848,-60.87852,-29.440636,True,-64.69,-47.783077,-62.181973,-30.552511,False
2024-05-15 20:25:00,-44.05,104,-40,-54.15,-45.18689,-59.472626,-28.65433,True,-65.31,-46.22475,-60.480362,-29.48284,False
2024-05-15 20:30:00,-42.79,104,-41,-55.03,-43.633236,-58.117985,-27.508219,True,-65.28,-44.407394,-58.88849,-28.11676,False
2024-05-15 20:35:00,-42.93,104,-40,-55.13,-43.482975,-57.873047,-27.662735,True,-66.47,-43.988873,-58.40902,-28.040644,False
2024-05-15 20:40:00,-43.06,104,-40,-53.86,-43.391502,-57.626667,-27.870955,True,-66.69,-43.68972,-57.977436,-28.071928,False
2024-05-15 20:45:00,-44.79,104,-40,-54.41,-44.916748,-58.825462,-29.473251,True,-66.82,-45.014217,-58.99365,-29.500381,False
2024-05-15 20:50:00,-47.22,104,-42,-56.03,-47.197067,-61.037434,-31.546871,True,-67.33,-47.143238,-61.06232,-31.444864,False
2024-05-15 20:55:00,-48.95,104,-45,-57.62,-48.757446,-62.827084,-32.824287,True,-67.22,-48.536797,-62.69194,-32.584286,False
2024-05-15 21:00:00,-50.55,104,-46,-59.16,-50.331524,-64.41506,-34.12806,True,-67.12,-50.079582,-64.24076,-33.86965,False
2024-05-15 21:05:00,-51.97,104,-48,-60.7,-51.58247,-65.479675,-35.254013,True,-67.45,-51.162895,-65.14123,-34.856953,False
2024-05-15 21:10:00,-52.55,104,-49,-62.03,-52.090115,-65.96063,-35.730175,True,-67.42,-51.59595,-65.5429,-35.27781,False
2024-05-15 21:15:00,-53.03,104,-50,-63.23,-52.557926,-66.31004,-36.17604,True,-67.39,-52.044685,-65.86283,-35.717068,False
2024-05-15 21:20:00,-53.76,104,-50,-64.69,-53.252316,-66.75236,-36.89494,True,-68.01,-52.698242,-66.25456,-36.41026,False
2024-05-15 21:25:00,-54.15,104,-51,-65.31,-53.682472,-67.005196,-37.338234,True,-68.060005,-53.162785,-66.528984,-36.89271,False
2024-05-15 21:30:00,-55.03,104,-51,-65.28,-54.552673,-67.66609,-38.17486,True,-67.4,-54.018288,-67.16424,-37.725117,False
2024-05-15 21:35:00,-55.13,104,-52,-66.47,-54.61335,-67.86092,-38.160294,True,-67.37,-54.043766,-67.318954,-37.69014,False
2024-05-15 21:40:00,-53.86,104,-51,-66.69,-53.32643,-66.8131,-36.976788,True,-67.42,-52.746323,-66.256294,-36.508583,False
2024-05-15 21:45:00,-54.41,104,-51,-66.82,-53.71161,-67.310104,-37.262753,True,-67.55,-52.97491,-66.59829,-36.668785,False
2024-05-15 21:50:00,-56.03,104,-52,-67.33,-55.231556,-68.9343,-38.487633,True,-67.54,-54.388626,-68.1084,-37.812977,True
2024-05-15 21:55:00,-57.62,104,-52,-67.22,-56.738007,-70.4933,-39.695965,True,-67.29,-55.806538,-69.57019,-38.957287,True
2024-05-15 22:00:00,-59.16,104,-52,-67.12,-58.128944,-71.815346,-40.90835,True,-67.31,-57.0476,-70.73606,-40.05286,True
2024-05-15 22:05:00,-60.7,104,-53,-67.45,-59.553295,-72.83931,-42.34674,True,-64.63,-58.348064,-71.62484,-41.392982,True
2024-05-15 22:10:00,-62.03,104,-53,-67.42,-60.82562,-73.96993,-43.51853,True,-62.92,-59.552998,-72.67528,-42.515915,True
2024-05-15 22:15:00,-63.23,104,-54,-67.39,-62.025322,-75.32623,-44.456043,True,-62.33,-60.741753,-74.00801,-43.4548,True
2024-05-15 22:20:00,-64.69,104,-54,-68.01,-63.446255,-76.839005,-45.56831,True,-62.1,-62.116173,-75.462425,-44.53897,True
2024-05-15 22:25:00,-65.31,104,-56,-68.060005,-63.988293,-77.18467,-46.116383,True,-62.86,-62.580524,-75.721,-45.029926,True
2024-05-15 22:30:00,-65.28,104,-56,-67.4,-64.02224,-77.18488,-46.126995,True,-62.52,-62.674995,-75.77211,-45.101505,True
2024-05-15 22:35:00,-66.47,104,-56,-67.37,-65.17818,-78.45955,-46.935986,True,-62.12,-63.794075,-76.998665,-45.89129,True
2024-05-15 22:40:00,-66.69,104,-57,-67.42,-65.50381,-78.99116,-47.050663,True,-62.93,-64.217735,-77.61743,-46.10026,True
2024-05-15 22:45:00,-66.82,104,-57,-67.55,-65.77639,-79.51797,-47.022106,True,-63.53,-64.627144,-78.27115,-46.196957,True
2024-05-15 22:50:00,-67.33,104,-57,-67.54,-66.33475,-80.238075,-47.31356,True,-63.31,-65.230484,-79.02584,-46.53746,True
2024-05-15 22:55:00,-67.22,104,-57,-67.29,-66.28703,-80.36852,-47.12713,True,-63.47,-65.24339,-79.207184,-46.41261,True
2024-05-15 23:00:00,-67.12,104,-57,-67.31,-66.253204,-79.97583,-47.23492,True,-63.21,-65.2694,-78.8639,-46.578613,True
2024-05-15 23:05:00,-67.45,104,-57,-64.63,-66.511345,-79.89633,-47.653122,True,-62.92,-65.45182,-78.69989,-46.94004,True
2024-05-15 23:10:00,-67.42,104,-57,-62.92,-66.697716,-80.37331,-47.618824,True,-63.13,-65.8365,-79.36242,-47.077995,True
2024-05-15 23:15:00,-67.39,104,-57,-62.33,-66.94847,-80.71179,-47.6476,True,-63.090004,-66.34653,-79.9434,-47.3305,True
2024-05-15 23:20:00,-68.01,104,-58,-62.1,-67.66019,-81.19627,-48.239372,True,-63.19,-67.13844,-80.497505,-47.994682,True
2024-05-15 23:25:00,-68.060005,104,-58,-62.86,-67.92794,-81.516045,-48.29789,True,-63.29,-67.60669,-81.002556,-48.225025,True
2024-05-15 23:30:00,-67.4,104,-57,-62.52,-67.681595,-81.60376,-47.75374,True,-62.84,-67.74376,-81.44804,-48.00447,True
2024-05-15 23:35:00,-67.37,104,-57,-62.12,-67.80912,-81.57062,-47.786606,True,-61.959995,-68.01608,-81.54855,-48.158863,True
2024-05-15 23:40:00,-67.42,104,-58,-62.93,-68.03003,-81.576515,-47.949196,True,-62.01,-68.390465,-81.694275,-48.451942,True
2024-05-15 23:45:00,-67.55,104,-59,-63.53,-68.27422,-81.328636,-48.292747,True,-62.2,-68.73296,-81.53399,-48.882324,True
2024-05-15 23:50:00,-67.54,104,-60,-63.31,-68.21158,-80.7524,-48.39125,True,-63.02,-68.61992,-80.90458,-48.943867,True
2024-05-15 23:55:00,-67.29,104,-60,-63.47,-67.61452,-79.74133,-48.065273,True,-62.88,-67.713394,-79.59041,-48.367096,True
2024-05-16 00:00:00,-67.31,104,-60,-63.21,-67.284454,-79.381294,-47.884525,True,-62.56,-67.07388,-78.92588,-47.934086,True
2024-05-16 00:05:00,-64.63,104,-58,-62.92,-64.628044,-76.92719,-45.724392,True,-61.720005,-64.455315,-76.503876,-45.807568,True
2024-05-16 00:10:00,-62.92,104,-57,-63.13,-62.995014,-75.46354,-44.391857,True,-60.58,-62.8967,-75.1013,-44.544895,True
2024-05-16 00:15:00,-62.33,104,-57,-63.090004,-62.188725,-74.260544,-43.999424,True,-58.25,-61.90781,-73.720665,-43.999638,True
2024-05-16 00:20:00,-62.1,104,-57,-63.19,-61.657383,-73.48316,-43.794533,True,-57.67,-61.12417,-72.697174,-43.580944,True
2024-05-16 00:25:00,-62.86,104,-57,-63.29,-61.568676,-73.44301,-43.982697,True,-57.41,-60.316776,-71.958015,-43.158062,True
2024-05-16 00:30:00,-62.52,104,-58,-62.84,-61.01989,-73.298904,-43.814743,True,-56.989998,-59.577335,-71.62449,-42.836338,True
2024-05-16 00:35:00,-62.12,104,-57,-61.959995,-60.425568,-73.03253,-43.45448,True,-56.32,-58.810905,-71.18397,-42.338104,True
2024-05-16 00:40:00,-62.93,104,-58,-62.01,-60.856625,-73.81174,-43.859665,True,-55.92,-58.905987,-71.626144,-42.467175,True
2024-05-16 00:45:00,-63.53,104,-59,-62.2,-61.512486,-74.593025,-44.550423,True,-55.33,-59.587822,-72.42347,-43.192684,True
2024-05-16 00:50:00,-63.31,104,-59,-63.02,-61.619366,-75.0438,-44.50269,True,-55.08,-59.967247,-73.133965,-43.389202,True
2024-05-16 00:55:00,-63.47,104,-59,-62.88,-62.010017,-75.72009,-44.60512,True,-55.23,-60.552322,-73.990776,-43.667717,True
2024-05-16 01:00:00,-63.21,104,-59,-62.56,-61.878265,-75.50179,-44.45931,True,-55.21,-60.534378,-73.87774,-43.623703,True
2024-05-16 01:05:00,-62.92,104,-59,-61.720005,-61.81102,-75.112656,-44.48865,True,-54.95,-60.6616,-73.66967,-43.82325,True
2024-05-16 01:10:00,-63.13,104,-59,-60.58,-62.22278,-75.11129,-44.88151,True,-53.56,-61.251102,-73.83491,-44.367645,True
2024-05-16 01:15:00,-63.090004,104,-59,-58.25,-62.296665,-74.79327,-44.91709,True,-51.76,-61.432556,-73.61584,-44.49297,True
2024-05-16 01:20:00,-63.19,104,-59,-57.67,-62.59226,-75.0653,-44.9052,True,-50.22,-61.902374,-74.04746,-44.628685,True
2024-05-16 01:25:00,-63.29,104,-59,-57.41,-63.1738,-75.385994,-45.10312,True,-49.39,-62.89988,-74.75606,-45.17607,True
2024-05-16 01:30:00,-62.84,104,-59,-56.989998,-63.234844,-75.005615,-44.947548,True,-48.87,-63.399162,-74.78768,-45.38198,True
2024-05-16 01:35:00,-61.959995,104,-58,-56.32,-62.26065,-73.74648,-44.13204,True,-48.81,-62.34989,-73.45077,-44.499844,True
2024-05-16 01:40:00,-62.01,104,-58,-55.92,-62.016792,-73.53539,-43.981697,True,-48.71,-61.861607,-73.00324,-44.144333,True
2024-05-16 01:45:00,-62.2,104,-58,-55.33,-61.96693,-73.56806,-44.061844,True,-48.05,-61.612934,-72.8424,-44.05905,True
2024-05-16 01:50:00,-63.02,104,-59,-55.08,-62.400894,-73.95973,-44.626575,True,-47.41,-61.723076,-72.91562,-44.35617,True
2024-05-16 01:55:00,-62.88,104,-59,-55.23,-61.84616,-73.09572,-44.546864,True,-46.84,-60.833843,-71.72801,-43.99103,True
2024-05-16 02:00:00,-62.56,104,-60,-55.21,-61.188004,-72.32876,-44.37472,True,-46.42,-59.902386,-70.69515,-43.585518,True
2024-05-16 02:05:00,-61.720005,104,-59,-54.95,-60.202515,-71.23395,-43.91627,True,-46.2,-58.80275,-69.49055,-43.02696,True
2024-05-16 02:10:00,-60.58,104,-59,-53.56,-59.107212,-70.01483,-43.319324,True,-46.06,-57.749645,-68.31118,-42.465725,True
2024-05-16 02:15:00,-58.25,104,-57,-51.76,-56.995834,-68.051155,-41.693584,True,-46.57,-55.83078,-66.53807,-41.00187,True
2024-05-16 02:20:00,-57.67,104,-55,-50.22,-56.673573,-67.49539,-41.500248,True,-46.59,-55.723938,-66.18879,-40.9931,True
2024-05-16 02:25:00,-57.41,104,-56,-49.39,-56.24244,-66.54301,-41.210426,True,-47.04,-55.171314,-65.12312,-40.587414,True
2024-05-16 02:30:00,-56.989998,104,-56,-48.87,-55.436348,-65.65914,-40.641,True,-47.34,-54.068275,-63.950027,-39.758286,True
2024-05-16 02:35:00,-56.32,104,-56,-48.81,-54.2382,-65.16193,-39.84875,True,-47.38,-52.437565,-63.036026,-38.594334,True
2024-05-16 02:40:00,-55.92,104,-56,-48.71,-53.7988,-65.06595,-39.685905,True,-47.24,-51.94822,-62.890495,-38.395184,True
2024-05-16 02:45:00,-55.33,104,-55,-48.05,-53.21858,-64.927505,-39.30859,True,-47.46,-51.356495,-62.73635,-38.019817,True
2024-05-16 02:50:00,-55.08,104,-54,-47.41,-52.97984,-64.985916,-39.186096,True,-47.5,-51.111332,-62.79153,-37.89762,True
2024-05-16 02:55:00,-55.23,104,-55,-46.84,-53.19906,-65.71279,-39.244648,True,-47.6,-51.36845,-63.549778,-38.00328,True
2024-05-16 03:00:00,-55.21,104,-56,-46.42,-53.400135,-66.212166,-39.2413,True,-47.97,-51.743393,-64.21132,-38.160343,True
2024-05-16 03:05:00,-54.95,104,-57,-46.2,-53.624596,-66.27042,-39.36439,True,-47.93,-52.37314,-64.648155,-38.638706,True
2024-05-16 03:10:00,-53.56,104,-56,-46.06,-52.718937,-64.6261,-38.827393,True,-47.820004,-51.890038,-63.41327,-38.454643,True
2024-05-16 03:15:00,-51.76,104,-53,-46.57,-51.5524,-62.902794,-37.90692,True,-44.95,-51.272392,-62.202938,-38.000797,True
2024-05-16 03:20:00,-50.22,104,-52,-46.59,-50.986332,-61.862885,-37.199326,True,-43.39,-51.532413,-61.91426,-38.00189,True
2024-05-16 03:25:00,-49.39,104,-51,-47.04,-50.83925,-61.033882,-36.836723,True,-44.04,-51.94002,-61.57556,-38.116577,True
2024-05-16 03:30:00,-48.87,104,-52,-47.34,-50.75461,-60.70582,-36.359158,True,-47.46,-52.19353,-61.542274,-37.921227,True
2024-05-16 03:35:00,-48.81,104,-52,-47.38,-50.895374,-61.201267,-35.91691,True,-51.47,-52.48415,-62.152733,-37.59628,True
2024-05-16 03:40:00,-48.71,104,-53,-47.24,-51.08703,-61.881035,-35.55278,True,-54.12,-52.90463,-63.012527,-37.41695,True
2024-05-16 03:45:00,-48.05,104,-53,-47.46,-50.710155,-61.55521,-35.061195,True,-56.92,-52.74754,-62.86498,-37.111465,True
2024-05-16 03:50:00,-47.41,104,-51,-47.5,-50.130173,-61.359592,-34.41564,True,-56.84,-52.218388,-62.694824,-36.5047,True
2024-05-16 03:55:00,-46.84,104,-50,-47.6,-49.432182,-61.142746,-33.730877,True,-55.47,-51.4246,-62.374763,-35.732468,True
2024-05-16 04:00:00,-46.42,104,-48,-47.97,-48.88917,-60.74605,-33.351246,True,-55.28,-50.79145,-61.892483,-35.274933,True
2024-05-16 04:05:00,-46.2,104,-47,-47.93,-48.587547,-60.954407,-32.95569,True,-62.22,-50.435547,-62.042168,-34.82246,False
2024-05-16 04:10:00,-46.06,104,-46,-47.820004,-48.619358,-61.29094,-32.796364,True,-69.5,-50.611355,-62.482044,-34.77946,False
2024-05-16 04:15:00,-46.57,104,-46,-44.95,-49.551468,-62.270546,-33.238842,True,-75.64,-51.873104,-63.734818,-35.485798,False
2024-05-16 04:20:00,-46.59,104,-45,-43.39,-50.011116,-62.108288,-33.57307,True,-77.46,-52.6613,-63.85805,-36.095142,False
2024-05-16 04:25:00,-47.04,104,-45,-44.04,-50.890465,-62.842182,-34.003174,True,-80.91,-53.86018,-64.86652,-36.777092,False
2024-05-16 04:30:00,-47.34,104,-47,-47.46,-51.665524,-63.82774,-34.14088,True,-83.48,-54.98706,-66.128845,-37.191757,False
2024-05-16 04:35:00,-47.38,104,-48,-51.47,-52.16279,-65.98373,-33.35934,True,-85.47,-55.829327,-68.503716,-36.64452,False
2024-05-16 04:40:00,-47.24,104,-48,-54.12,-52.642673,-68.86971,-32.11281,True,-85.22,-56.76093,-71.65659,-35.689457,False
2024-05-16 04:45:00,-47.46,104,-48,-56.92,-53.91244,-72.65682,-31.398264,True,-83.38,-58.805294,-75.98242,-35.488995,False
2024-05-16 04:50:00,-47.5,104,-47,-56.84,-55.561665,-76.144554,-31.34742,True,-79.67,-61.647926,-80.350624,-36.269062,True
2024-05-16 04:55:00,-47.6,104,-47,-55.47,-57.1378,-78.447624,-31.769238,True,-78.75,-64.29499,-83.47758,-37.437347,True
2024-05-16 05:00:00,-47.97,104,-47,-55.28,-58.99378,-80.50128,-32.494923,True,-76.31,-67.20517,-86.38714,-38.890747,True
2024-05-16 05:05:00,-47.93,104,-47,-62.22,-60.443336,-82.37322,-32.853924,True,-72.88,-69.7007,-89.085434,-39.96153,True
2024-05-16 05:10:00,-47.820004,104,-46,-69.5,-61.858173,-82.93243,-33.691067,True,-72.2,-72.14827,-90.49489,-41.57459,True
2024-05-16 05:15:00,-44.95,104,-41,-75.64,-61.915398,-84.06068,-32.41644,True,-69.41,-74.06038,-92.877914,-41.67632,True
2024-05-16 05:20:00,-43.39,104,-36,-77.46,-64.915474,-91.14391,-31.46191,True,-68.71,-79.94414,-102.19683,-42.46143,True
2024-05-16 05:25:00,-44.04,104,-31,-80.91,-69.60558,-99.04203,-32.16671,True,-67.37,-87.21169,-112.5181,-44.481506,True
2024-05-16 05:30:00,-47.46,104,-32,-83.48,-75.238754,-106.29572,-34.504955,True,-63.96,-94.43255,-121.78563,-47.374065,True
2024-05-16 05:35:00,-51.47,104,-33,-85.47,-79.79704,-109.92457,-37.266674,True,-66.15,-99.36847,-126.249794,-50.18658,True
2024-05-16 05:40:00,-54.12,104,-34,-85.22,-80.697426,-106.01296,-39.007008,True,-66.6,-98.48951,-120.762665,-51.18329,True
2024-05-16 05:45:00,-56.92,104,-35,-83.38,-83.09,-104.0552,-40.600243,True,-67.45,-99.07529,-117.28843,-52.083042,True
2024-05-16 05:50:00,-56.84,104,-36,-79.67,-83.77868,-103.8639,-39.436096,True,-67.78,-98.72171,-116.2154,-50.50174,True
2024-05-16 05:55:00,-55.47,104,-28,-78.75,-82.08853,-102.23569,-36.472446,True,-64.41,-95.523155,-113.22054,-46.651924,True
2024-05-16 06:00:00,-55.28,104,-28,-76.31,-78.190094,-99.368706,-32.643147,True,-68.04,-89.12741,-108.073685,-40.964565,True
2024-05-16 06:05:00,-62.22,104,-25,-72.88,-76.57449,-99.34361,-31.100237,True,-68.36,-83.20537,-104.55829,-35.98764,True
2024-05-16 06:10:00,-69.5,104,-36,-72.2,-74.32681,-99.70725,-29.274467,True,-69.15,-76.342,-100.92265,-30.721756,True
2024-05-16 06:15:00,-75.64,104,-44,-69.41,-72.43653,-99.9206,-28.261517,True,-68.97,-70.583275,-97.63493,-26.984917,True
2024-05-16 06:20:00,-77.46,104,-51,-68.71,-67.85735,-96.760185,-26.114084,True,-67.58,-62.885555,-91.680145,-22.644352,True
2024-05-16 06:25:00,-80.91,104,-51,-67.37,-64.02865,-95.24161,-24.321115,True,-66.09,-55.309227,-86.80293,-18.20717,True
2024-05-16 06:30:00,-83.48,104,-56,-63.96,-61.71513,-94.51183,-23.691801,True,-66.05,-50.296207,-83.51101,-15.642674,True
2024-05-16 06:35:00,-85.47,104,-60,-66.15,-60.888054,-93.920494,-24.529917,True,-69.07,-47.710598,-81.02222,-15.210415,True
2024-05-16 06:40:00,-85.22,104,-63,-66.6,-60.49812,-93.25728,-26.257923,True,-73.59,-46.83192,-79.64779,-16.656214,True
2024-05-16 06:45:00,-83.38,104,-61,-67.45,-58.982,-91.722946,-25.667732,True,-76.42,-45.27067,-78.06522,-15.971377,True
2024-05-16 06:50:00,-79.67,104,-58,-67.78,-58.520767,-91.77394,-25.80317,True,-79.560005,-46.313576,-79.740295,-17.301563,True
2024-05-16 06:55:00,-78.75,104,-58,-64.41,-62.211357,-95.64428,-28.23466,True,-80.97,-52.3482,-85.84462,-21.656897,True
2024-05-16 07:00:00,-76.31,104,-56,-68.04,-64.79649,-98.5134,-29.184065,True,-81.36,-57.664448,-91.379745,-24.59249,True
2024-05-16 07:05:00,-72.88,104,-54,-68.36,-65.56479,-97.984985,-29.61799,True,-80.9,-60.788048,-93.12076,-26.560303,True
2024-05-16 07:10:00,-72.2,104,-54,-69.15,-67.54175,-96.22212,-32.008278,True,-83.32,-64.30293,-92.78233,-29.914154,True
2024-05-16 07:15:00,-69.41,104,-53,-68.97,-67.915344,-97.89056,-30.432678,True,-86.17,-66.65758,-96.270035,-29.669352,True
2024-05-16 07:20:00,-68.71,104,-53,-67.58,-69.42177,-99.2203,-30.43125,True,-89.41001,-69.5711,-98.861885,-30.580765,True
2024-05-16 07:25:00,-67.37,104,-50,-66.09,-70.19596,-96.999985,-31.673733,True,-96.82,-71.73945,-97.905365,-32.741264,True
2024-05-16 07:30:00,-63.96,104,-43,-66.05,-69.68005,-95.189545,-31.10483,True,-104.19001,-73.11796,-97.72377,-33.456116,False
2024-05-16 07:35:00,-66.15,104,-43,-69.07,-73.15482,-96.14657,-33.94056,True,-108.49,-77.488365,-99.58535,-36.897903,False
2024-05-16 07:40:00,-66.6,104,-45,-73.59,-75.365776,-96.97201,-35.3035,True,-109.96,-80.90363,-101.54687,-39.080173,False
2024-05-16 07:45:00,-67.45,104,-43,-76.42,-77.52612,-97.56666,-36.88006,True,-112.2,-83.97265,-103.03394,-41.298138,False
2024-05-16 07:50:00,-67.78,104,-44,-79.560005,-78.85554,-98.06938,-37.524277,True,-115.04,-86.028564,-104.249054,-42.439987,False
2024-05-16 07:55:00,-64.41,104,-37,-80.97,-77.06304,-96.219055,-35.909863,True,-117.61,-85.26388,-103.19337,-41.590492,False
2024-05-16 08:00:00,-68.04,104,-34,-81.36,-80.55245,-100.22416,-37.633324,True,-117.53,-88.82079,-107.433075,-43.211147,False
2024-05-16 08:05:00,-68.36,104,-43,-80.9,-81.84652,-102.4778,-37.75196,True,-111.78,-90.804565,-110.328316,-43.70224,False
2024-05-16 08:10:00,-69.15,104,-47,-83.32,-83.102356,-102.51133,-39.43205,True,-114.48,-92.41867,-110.78162,-45.65988,False
2024-05-16 08:15:00,-68.97,104,-48,-86.17,-83.43078,-102.223595,-40.090454,True,-110.44,-93.129425,-110.873405,-46.595066,True
2024-05-16 08:20:00,-67.58,104,-48,-89.41001,-82.57532,-100.53278,-40.01807,True,-104.28,-92.585594,-109.43982,-46.821156,True
2024-05-16 08:25:00,-66.09,104,-47,-96.82,-81.22152,-97.93477,-40.053535,True,-107.61,-91.13794,-106.69221,-46.984085,False
2024-05-16 08:30:00,-66.05,104,-47,-104.19001,-81.841156,-98.29813,-40.084763,False,-110.29,-92.04575,-107.31863,-47.25849,False
2024-05-16 08:35:00,-69.07,104,-49,-108.49,-84.92452,-102.251595,-40.877926,False,-111.82001,-95.19154,-111.459984,-47.952415,False
2024-05-16 08:40:00,-73.59,104,-50,-109.96,-88.14418,-104.744484,-43.27483,False,-111.26,-97.6432,-113.474365,-49.783737,True
2024-05-16 08:45:00,-76.42,104,-51,-112.2,-90.430244,-107.76523,-44.091225,False,-106.75,-99.61063,-116.28464,-50.294624,True
2024-05-16 08:50:00,-79.560005,104,-55,-115.04,-92.666306,-110.230934,-45.43675,False,-105.16,-101.28234,-118.32226,-51.205544,True
2024-05-16 08:55:00,-80.97,104,-61,-117.61,-93.409546,-110.03176,-46.624264,False,-104.72,-101.502945,-117.70941,-52.098534,True
2024-05-16 09:00:00,-81.36,104,-67,-117.53,-93.646675,-110.38844,-46.615005,False,-107.21,-101.57611,-117.92706,-51.978638,True
2024-05-16 09:05:00,-80.9,104,-72,-111.78,-93.38876,-110.99987,-45.734234,False,-105.52,-101.40718,-118.59595,-51.118454,True
2024-05-16 09:10:00,-83.32,104,-79,-114.48,-94.50987,-110.90923,-47.479603,False,-100.83,-101.68559,-117.82406,-52.32879,True
2024-05-16 09:15:00,-86.17,104,-86,-110.44,-96.09907,-112.034325,-49.102013,True,-95.09,-102.45482,-118.24948,-53.39828,True
2024-05-16 09:20:00,-89.41001,104,-90,-104.28,-98.46538,-114.59101,-50.656555,True,-94.18,-104.26161,-120.3284,-54.550823,True
2024-05-16 09:25:00,-96.82,104,-91,-107.61,-103.9335,-121.99684,-52.90849,True,-91.8,-108.57481,-126.65857,-55.92803,True
2024-05-16 09:30:00,-104.19001,104,-99,-110.29,-108.377106,-128.36179,-54.640747,True,-89.66,-111.100784,-131.15208,-56.35887,True
2024-05-16 09:35:00,-108.49,104,-105,-111.82001,-110.20513,-130.7099,-56.012184,True,-89.0,-111.18836,-131.77345,-56.621548,True
2024-05-16 09:40:00,-109.96,104,-104,-111.26,-110.21524,-131.51791,-55.626316,True,-86.56,-110.17175,-131.5525,-55.58708,True
2024-05-16 09:45:00,-112.2,104,-100,-106.75,-111.25069,-132.49112,-56.587704,True,-86.0,-110.379295,-131.7048,-56.01899,True
2024-05-16 09:50:00,-115.04,104,-100,-105.16,-113.14396,-133.84114,-58.5291,True,-86.18,-111.6499,-132.43823,-57.54849,True
2024-05-16 09:55:00,-117.61,104,-101,-104.72,-114.45288,-135.44072,-59.12316,True,-86.21,-112.1449,-133.21483,-57.60871,True
2024-05-16 10:00:00,-117.53,104,-99,-107.21,-113.799255,-134.95671,-58.684017,True,-84.02,-111.1833,-132.42963,-56.96015,True
2024-05-16 10:05:00,-111.78,104,-90,-105.52,-108.91826,-129.90115,-55.23529,True,-82.93,-106.943794,-128.051,-53.937466,True
2024-05-16 10:10:00,-114.48,104,-92,-100.83,-110.03051,-130.68127,-56.772537,True,-80.59,-107.14205,-127.8911,-54.843227,True
2024-05-16 10:15:00,-110.44,104,-91,-95.09,-106.37905,-127.20228,-54.47152,True,-80.37001,-103.85528,-124.80122,-52.786297,True
2024-05-16 10:20:00,-104.28,104,-84,-94.18,-100.66359,-120.9731,-51.087433,True,-80.07,-98.50176,-118.96025,-49.64846,True
2024-05-16 10:25:00,-107.61,104,-90,-91.8,-100.68745,-120.530945,-52.354332,True,-78.43,-96.80248,-116.70098,-49.700867,True
2024-05-16 10:30:00,-110.29,104,-96,-89.66,-99.26036,-119.44136,-52.36312,True,-78.19,-93.265305,-113.33919,-48.230877,True
2024-05-16 10:35:00,-111.82001,104,-102,-89.0,-97.58423,-117.26551,-53.1243,True,-75.83,-89.89469,-109.27741,-47.76099,True
2024-05-16 10:40:00,-111.26,104,-103,-86.56,-95.436935,-114.391205,-53.337368,True,-75.89,-86.919495,-105.45951,-47.338253,True
2024-05-16 10:45:00,-106.75,104,-96,-86.0,-91.067566,-109.09455,-51.68846,True,-76.37,-82.672325,-100.362885,-45.736034,True
2024-05-16 10:50:00,-105.16,104,-91,-86.18,-89.01427,-106.39382,-51.459595,True,-75.7,-80.318756,-97.35373,-45.254505,True
2024-05-16 10:55:00,-104.72,104,-91,-86.21,-88.61112,-105.060356,-52.39349,True,-72.22,-79.776436,-95.85604,-46.047417,True
2024-05-16 11:00:00,-107.21,104,-94,-84.02,-90.11655,-106.30548,-54.50362,True,-82.920006,-80.48858,-96.17715,-47.557568,True
2024-05-16 11:05:00,-105.52,104,-95,-82.93,-89.33901,-104.50949,-55.07834,True,-83.11,-80.05879,-94.79633,-48.337475,True
2024-05-16 11:10:00,-100.83,104,-91,-80.59,-86.34521,-100.36958,-54.138985,True,-80.39,-77.90641,-91.67809,-47.966164,True
2024-05-16 11:15:00,-95.09,104,-83,-80.37001,-82.70094,-95.63159,-52.615314,True,-77.53,-75.36834,-88.25361,-47.21114,True
2024-05-16 11:20:00,-94.18,104,-83,-80.07,-82.20985,-94.19074,-53.33811,True,-74.81,-74.94696,-86.88327,-47.940857,True
2024-05-16 11:25:00,-91.8,104,-80,-78.43,-80.82729,-91.90689,-53.194717,True,-73.92,-74.04368,-85.13531,-48.110493,True
2024-05-16 11:30:00,-89.66,104,-79,-78.19,-79.66134,-90.09179,-52.953785,True,-72.18,-73.38022,-83.88292,-48.21635,True
2024-05-16 11:35:00,-89.0,104,-78,-75.83,-79.82206,-89.85165,-53.426674,True,-71.64,-73.95486,-84.08485,-48.997192,True
2024-05-16 11:40:00,-86.56,104,-76,-75.89,-78.719986,-88.29549,-52.75158,True,-72.61,-73.66555,-83.414696,-48.93151,True
2024-05-16 11:45:00,-86.0,104,-75,-76.37,-78.98583,-88.1857,-53.061012,True,-72.090004,-74.41551,-83.80627,-49.609207,True
2024-05-16 11:50:00,-86.18,104,-76,-75.7,-79.62355,-88.74862,-53.35641,True,-72.76,-75.31848,-84.63768,-50.122425,True
2024-05-16 11:55:00,-86.21,104,-76,-72.22,-79.9016,-88.94656,-53.549576,True,-73.7,-75.72952,-84.97713,-50.41484,True
2024-05-16 12:00:00,-84.02,104,-75,-82.920006,-78.414665,-87.39151,-52.214172,True,-72.66,-74.724686,-83.95362,-49.438274,True
2024-05-16 12:05:00,-82.93,104,-74,-83.11,-77.8947,-86.74945,-51.816414,True,-71.87,-74.58361,-83.720665,-49.31817,True
2024-05-16 12:10:00,-80.59,104,-72,-80.39,-77.23956,-85.84143,-50.960613,True,-72.37,-75.07322,-83.996025,-49.331944,True
2024-05-16 12:15:00,-80.37001,104,-72,-77.53,-78.79209,-86.66373,-51.99467,True,-72.15,-77.80396,-86.01791,-51.251427,True
2024-05-16 12:20:00,-80.07,104,-72,-74.81,-79.98692,-87.2822,-52.734806,True,-71.99,-79.97991,-87.653786,-52.73673,True
2024-05-16 12:25:00,-78.43,104,-71,-73.92,-79.29908,-86.11235,-52.00737,True,-71.57,-79.896355,-87.10877,-52.477783,True
2024-05-16 12:30:00,-78.19,104,-70,-72.18,-79.08676,-85.61058,-51.743965,True,-72.79,-79.70104,-86.63372,-52.23277,True
2024-05-16 12:35:00,-75.83,104,-69,-71.64,-77.15128,-83.39944,-50.433334,True,-73.810005,-78.02723,-84.695206,-51.13207,True
2024-05-16 12:40:00,-75.89,104,-68,-72.61,-76.44473,-82.79125,-50.14989,True,-73.98,-76.85465,-83.618645,-50.48655,True
2024-05-16 12:45:00,-76.37,104,-69,-72.090004,-75.95817,-82.54762,-50.062916,True,-74.23,-75.77545,-82.77818,-49.935486,True
2024-05-16 12:50:00,-75.7,104,-70,-72.76,-74.64878,-81.34909,-49.423,True,-73.92,-74.07062,-81.18231,-48.982002,True
2024-05-16 12:55:00,-72.22,104,-70,-73.7,-71.31646,-78.05498,-47.239273,True,-74.6,-70.83904,-78.00666,-46.866043,True
2024-05-16 13:00:00,-82.920006,104,-74,-72.66,-78.13438,-85.79064,-52.71093,True,-75.79,-75.05868,-82.96898,-50.35655,True
2024-05-16 13:05:00,-83.11,104,-86,-71.87,-77.64268,-85.67888,-52.550137,True,-76.61,-74.0691,-82.33908,-49.81817,True
2024-05-16 13:10:00,-80.39,104,-84,-72.37,-75.31081,-83.52788,-50.904404,True,-76.97,-71.99224,-80.51263,-48.359383,True
2024-05-16 13:15:00,-77.53,104,-83,-72.15,-73.02337,-81.82358,-48.89194,True,-76.74,-70.08416,-79.26965,-46.644043,True
2024-05-16 13:20:00,-74.81,104,-82,-71.99,-70.59495,-79.92174,-46.362976,True,-76.94,-67.87703,-77.65881,-44.29337,True
2024-05-16 13:25:00,-73.92,104,-82,-71.57,-69.6567,-79.70857,-44.725677,True,-77.21,-66.93572,-77.49138,-42.682125,True
2024-05-16 13:30:00,-72.18,104,-82,-72.79,-68.30654,-78.26574,-43.291916,True,-78.1,-65.87917,-76.39657,-41.45462,False
2024-05-16 13:35:00,-71.64,104,-81,-73.810005,-67.91546,-76.96127,-43.42589,True,-77.9,-65.563774,-75.169846,-41.59487,False
2024-05-16 13:40:00,-72.61,104,-82,-73.98,-69.16842,-77.43541,-45.517765,True,-77.39,-66.92356,-75.733116,-43.704792,False
2024-05-16 13:45:00,-72.090004,104,-82,-74.23,-69.01645,-77.0886,-45.81139,True,-72.79,-67.02072,-75.64489,-44.166595,True
2024-05-16 13:50:00,-72.76,104,-80,-73.92,-69.51573,-77.48823,-46.625294,True,-72.37,-67.37829,-75.89888,-44.85286,True
2024-05-16 13:55:00,-73.7,104,-82,-74.6,-69.99095,-77.96835,-47.166233,True,-71.17,-67.53033,-76.05472,-45.1433,True
2024-05-16 14:00:00,-72.66,104,-82,-75.79,-69.28872,-76.99201,-47.162777,True,-70.58,-67.06897,-75.33402,-45.298824,True
2024-05-16 14:05:00,-71.87,104,-81,-76.61,-68.77226,-76.259026,-47.43464,False,-69.87,-66.74327,-74.8103,-45.689648,True
2024-05-16 14:10:00,-72.37,104,-81,-76.97,-69.30713,-76.54259,-48.779892,False,-69.25,-67.26657,-75.069046,-46.987785,True
2024-05-16 14:15:00,-72.15,104,-81,-76.74,-69.25701,-76.34846,-49.412167,False,-68.59,-67.348404,-75.00858,-47.706135,True
2024-05-16 14:20:00,-71.99,104,-79,-76.94,-69.202805,-76.24254,-49.92695,False,-67.83,-67.37519,-74.98211,-48.26934,True
2024-05-16 14:25:00,-71.57,104,-80,-77.21,-68.929054,-75.99948,-50.340347,False,-67.44,-67.20205,-74.848045,-48.736504,True
2024-05-16 14:30:00,-72.79,104,-79,-78.1,-70.174225,-77.23944,-51.82917,False,-66.88,-68.46327,-76.08679,-50.226696,True
2024-05-16 14:35:00,-73.810005,104,-80,-77.9,-71.21935,-78.502884,-52.934067,True,-66.83,-69.52551,-77.36272,-51.342564,True
2024-05-16 14:40:00,-73.98,104,-80,-77.39,-71.604126,-78.61187,-53.75584,True,-65.74,-70.0849,-77.6425,-52.285076,True
2024-05-16 14:45:00,-74.23,104,-80,-72.79,-71.36806,-79.26876,-53.566956,True,-66.12,-69.43187,-77.898155,-51.746487,True
2024-05-16 14:50:00,-73.92,104,-79,-72.37,-71.04752,-79.61895,-53.12598,True,-65.78,-69.079346,-78.23859,-51.272102,True
2024-05-16 14:55:00,-74.6,104,-79,-71.17,-71.626625,-80.459625,-53.55919,True,-66.26,-69.56043,-78.981766,-51.618557,True
2024-05-16 15:00:00,-75.79,104,-79,-70.58,-72.64473,-81.41273,-54.45322,True,-66.54,-70.443726,-79.7928,-52.388363,True
2024-05-16 15:05:00,-76.61,104,-79,-69.87,-73.22706,-81.91281,-55.11587,True,-66.11,-70.827835,-80.0702,-52.87048,True
2024-05-16 15:10:00,-76.97,104,-80,-69.25,-73.54017,-82.6608,-55.217342,True,-66.61001,-71.085785,-80.78134,-52.91818,True
2024-05-16 15:15:00,-76.74,104,-79,-68.59,-73.47872,-82.50267,-55.312653,True,-66.5,-71.155334,-80.757324,-53.09898,True
2024-05-16 15:20:00,-76.94,104,-78,-67.83,-73.63757,-82.69879,-55.52763,True,-66.17,-71.26273,-80.8976,-53.249557,True
2024-05-16 15:25:00,-77.21,104,-78,-67.44,-73.95422,-83.13073,-55.75155,True,-64.38,-71.60644,-81.36646,-53.478195,True
2024-05-16 15:30:00,-78.1,104,-77,-66.88,-75.03529,-84.10311,-56.650307,True,-67.08,-72.85129,-82.49418,-54.50393,True
2024-05-16 15:35:00,-77.9,104,-78,-66.83,-75.05834,-84.06203,-56.66976,True,-66.2,-73.06278,-82.64441,-54.667408,True
2024-05-16 15:40:00,-77.39,104,-75,-65.74,-74.63491,-83.78316,-56.316574,True,-64.47,-72.70265,-82.434814,-54.35219,True
2024-05-16 15:45:00,-72.79,104,-71,-66.12,-70.713425,-80.08292,-53.11599,True,-64.96,-69.331085,-79.33099,-51.578434,True
2024-05-16 15:50:00,-72.37,104,-70,-65.78,-70.43062,-80.15053,-52.757446,True,-65.15,-69.149574,-79.5137,-51.299984,True
2024-05-16 15:55:00,-71.17,104,-68,-66.26,-69.40197,-79.6219,-51.657272,True,-65.38,-68.24455,-79.13285,-50.29573,True
2024-05-16 16:00:00,-70.58,104,-69,-66.54,-69.05673,-79.36432,-51.37214,True,-65.7,-68.095314,-79.06862,-50.16557,True
2024-05-16 16:05:00,-69.87,104,-68,-66.11,-68.36986,-78.69179,-50.813835,True,-64.75,-67.418205,-78.39926,-49.59822,True
2024-05-16 16:10:00,-69.25,104,-67,-66.61001,-67.6838,-78.24403,-50.11123,True,-63.42,-66.65478,-77.87111,-48.8186,True
2024-05-16 16:15:00,-68.59,104,-67,-66.5,-67.233894,-77.594986,-49.821,True,-65.03,-66.38164,-77.38446,-48.65998,True
2024-05-16 16:20:00,-67.83,104,-66,-66.17,-66.826004,-76.88386,-49.703373,True,-65.1,-66.27544,-76.95486,-48.7825,True
2024-05-16 16:25:00,-67.44,104,-66,-64.38,-66.76105,-76.79512,-49.737362,True,-64.45,-66.483925,-77.118774,-49.05183,True
2024-05-16 16:30:00,-66.88,104,-65,-67.08,-66.440575,-76.54894,-49.454487,True,-63.04,-66.36613,-77.06942,-48.94004,True
2024-05-16 16:35:00,-66.83,104,-65,-66.2,-66.37691,-76.5943,-49.36078,True,-63.520004,-66.283195,-77.08955,-48.825195,True
2024-05-16 16:40:00,-65.74,104,-64,-64.47,-65.368996,-75.806885,-48.414707,True,-63.51,-65.327385,-76.344086,-47.927193,True
2024-05-16 16:45:00,-66.12,104,-65,-64.96,-65.60349,-76.249535,-48.471706,True,-59.219997,-65.42373,-76.64323,-47.866856,True
2024-05-16 16:50:00,-65.78,104,-65,-65.15,-65.34531,-76.14717,-48.235477,True,-58.200005,-65.22643,-76.59643,-47.678333,True
2024-05-16 16:55:00,-66.26,104,-64,-65.38,-65.80269,-77.12525,-48.37616,True,-58.53,-65.65075,-77.545074,-47.79773,True
2024-05-16 17:00:00,-66.54,104,-65,-65.7,-66.02962,-77.7822,-48.284706,True,-57.79,-65.81765,-78.14332,-47.660133,True
2024-05-16 17:05:00,-66.11,104,-65,-64.75,-65.58403,-77.465,-47.84591,True,-58.870003,-65.34293,-77.7859,-47.191887,True
2024-05-16 17:10:00,-66.61001,104,-65,-63.42,-65.89524,-78.18843,-47.83394,True,-59.74,-65.470055,-78.32199,-47.022243,True
2024-05-16 17:15:00,-66.5,104,-65,-65.03,-65.88605,-78.25604,-47.660294,True,-59.42,-65.54557,-78.45558,-46.92094,True
2024-05-16 17:20:00,-66.17,104,-64,-65.1,-65.71518,-78.1027,-47.25144,True,-58.61,-65.51541,-78.42265,-46.63385,True
2024-05-16 17:25:00,-64.38,104,-60,-64.45,-64.19371,-76.30905,-45.88017,True,-57.37,-64.22962,-76.84065,-45.456856,True
2024-05-16 17:30:00,-67.08,104,-63,-63.04,-66.85894,-78.704056,-48.082565,True,-56.77,-66.86929,-79.18305,-47.63864,True
2024-05-16 17:35:00,-66.2,104,-65,-63.520004,-66.122185,-78.007805,-47.429573,True,-56.7,-66.24807,-78.58837,-47.089905,True
2024-05-16 17:40:00,-64.47,104,-63,-63.51,-64.53219,-76.37693,-46.120255,True,-56.58,-64.76887,-77.05531,-45.875473,True
2024-05-16 17:45:00,-64.96,104,-62,-59.219997,-65.054375,-76.772545,-46.590614,True,-56.02,-65.31331,-77.455765,-46.370495,True
2024-05-16 17:50:00,-65.15,104,-63,-58.200005,-65.266495,-77.15541,-46.66052,True,-56.28,-65.53768,-77.84306,-46.465782,True
2024-05-16 17:55:00,-65.38,104,-62,-58.53,-65.511154,-77.25034,-46.830467,True,-56.61,-65.78935,-77.93113,-46.643417,True
2024-05-16 18:00:00,-65.7,104,-64,-57.79,-65.756325,-77.76538,-46.93188,True,-56.69,-65.957275,-78.36192,-46.686745,True
2024-05-16 18:05:00,-64.75,104,-63,-58.870003,-65.02257,-76.95165,-46.30742,True,-59.32,-65.41173,-77.715775,-46.22676,True
2024-05-16 18:10:00,-63.42,104,-62,-59.74,-63.99902,-75.92837,-45.3651,True,-59.37,-64.66127,-76.937584,-45.53227,True
2024-05-16 18:15:00,-65.03,104,-62,-59.42,-65.71606,-78.014084,-46.462276,True,-57.340004,-66.4799,-79.112656,-46.725113,True
2024-05-16 18:20:00,-65.1,104,-65,-58.61,-65.97997,-78.90175,-46.163097,True,-57.53,-66.92002,-80.15635,-46.591366,True
2024-05-16 18:25:00,-64.45,104,-64,-57.37,-65.56121,-79.11082,-45.266644,True,-57.09,-66.70872,-80.549675,-45.883816,True
2024-05-16 18:30:00,-63.04,104,-62,-56.77,-64.13168,-78.51148,-43.715008,True,-55.32,-65.248825,-79.90805,-44.319744,True
2024-05-16 18:35:00,-63.520004,104,-63,-56.7,-64.43869,-76.88014,-45.237823,True,-57.8,-65.38245,-78.10481,-45.694214,True
2024-05-16 18:40:00,-63.51,104,-63,-56.58,-64.29565,-76.32369,-45.468224,True,-57.770004,-65.10636,-77.410576,-45.817257,True
2024-05-16 18:45:00,-59.219997,104,-58,-56.02,-60.15375,-72.16978,-42.067627,True,-58.42,-61.08452,-73.35665,-42.538708,True
2024-05-16 18:50:00,-58.200005,104,-55,-56.28,-59.21402,-71.31439,-41.168537,True,-58.53,-60.210197,-72.54832,-41.71511,True
2024-05-16 18:55:00,-58.53,104,-58,-56.61,-59.66694,-71.932045,-41.315056,True,-58.440002,-60.771137,-73.25427,-41.972187,True
2024-05-16 19:00:00,-57.79,104,-57,-56.69,-59.128807,-71.53291,-40.673725,True,-58.62,-60.41222,-73.006454,-41.50325,True
2024-05-16 19:05:00,-58.870003,104,-57,-59.32,-60.263634,-72.72317,-41.54762,True,-59.19,-61.590374,-74.2311,-42.4232,True
2024-05-16 19:10:00,-59.74,104,-60,-59.37,-61.09521,-73.57507,-42.242233,True,-58.95,-62.380356,-75.04062,-43.088165,True
2024-05-16 19:15:00,-59.42,104,-60,-57.340004,-60.645737,-73.297806,-41.833523,True,-58.72,-61.805786,-74.63451,-42.584007,True
2024-05-16 19:20:00,-58.61,104,-60,-57.53,-59.61098,-72.52007,-40.959843,True,-58.12,-60.559704,-73.65384,-41.532745,True
2024-05-16 19:25:00,-57.37,104,-58,-57.09,-58.17199,-71.42567,-39.7113,True,-59.04,-58.93066,-72.37096,-40.13044,True
2024-05-16 19:30:00,-56.77,104,-56,-55.32,-57.50974,-70.98336,-39.153095,True,-60.5,-58.20543,-71.86192,-39.52612,True
2024-05-16 19:35:00,-56.7,104,-58,-57.8,-57.42913,-71.07529,-39.06326,True,-60.72,-58.10954,-71.92879,-39.43443,True
2024-05-16 19:40:00,-56.58,104,-57,-57.770004,-57.24097,-71.058975,-38.863533,True,-60.61,-57.85251,-71.839836,-39.18497,True
2024-05-16 19:45:00,-56.02,104,-57,-58.42,-56.856346,-70.65892,-38.537437,True,-60.03,-57.627956,-71.57253,-39.014637,True
2024-05-16 19:50:00,-56.28,104,-58,-58.53,-57.216835,-70.72758,-38.98397,True,-60.93,-58.07695,-71.713,-39.54812,True
2024-05-16 19:55:00,-56.61,104,-58,-58.440002,-57.52839,-71.08395,-39.28167,True,-61.529995,-58.366066,-72.03953,-39.835907,True
2024-05-16 20:00:00,-56.69,104,-56,-58.62,-57.442524,-70.99191,-39.30166,True,-60.53,-58.119183,-71.789825,-39.725445,True
2024-05-16 20:05:00,-59.32,104,-59,-59.19,-59.86811,-73.353714,-41.487816,True,-61.57,-60.34464,-73.95988,-41.74285,True
2024-05-16 20:10:00,-59.37,104,-61,-58.95,-59.80494,-72.45166,-41.845913,True,-62.1,-60.166954,-72.937706,-42.012592,True
2024-05-16 20:15:00,-57.340004,104,-58,-58.72,-57.85178,-70.094345,-40.309036,True,-62.22,-58.28527,-70.633286,-40.556114,True
2024-05-16 20:20:00,-57.53,104,-58,-58.12,-58.014446,-70.229126,-40.48909,True,-61.31,-58.415516,-70.72847,-40.719765,True
2024-05-16 20:25:00,-57.09,104,-58,-59.04,-57.476177,-69.65596,-40.072193,True,-61.57,-57.777996,-70.05392,-40.226967,True
2024-05-16 20:30:00,-55.32,104,-56,-60.5,-55.64082,-68.029625,-38.425358,True,-60.66,-55.879974,-68.35929,-38.54066,True
2024-05-16 20:35:00,-57.8,104,-57,-60.72,-58.08361,-70.4668,-40.481853,True,-61.01,-58.277195,-70.74636,-40.563732,True
2024-05-16 20:40:00,-57.770004,104,-59,-60.61,-58.08845,-70.52816,-40.413837,True,-61.17,-58.3126,-70.8272,-40.536304,True
2024-05-16 20:45:00,-58.42,104,-59,-60.03,-58.766464,-71.30916,-40.912228,True,-61.48,-59.01319,-71.62045,-41.066315,True
2024-05-16 20:50:00,-58.53,104,-60,-60.93,-58.91389,-71.46367,-41.012833,True,-61.28,-59.193245,-71.795166,-41.209217,True
2024-05-16 20:55:00,-58.440002,104,-59,-61.529995,-58.729763,-71.147995,-40.967587,True,-61.449997,-58.914062,-71.38192,-41.09141,True
2024-05-16 21:00:00,-58.62,104,-59,-60.53,-58.957497,-71.148415,-41.261505,True,-61.65,-59.18209,-71.411766,-41.432484,True
2024-05-16 21:05:00,-59.19,104,-59,-61.57,-59.410774,-71.64236,-41.704647,True,-61.6,-59.516197,-71.78502,-41.781013,True
2024-05-16 21:10:00,-58.95,104,-60,-62.1,-59.039364,-71.699936,-41.24786,True,-61.47,-59.016582,-71.71258,-41.223934,True
2024-05-16 21:15:00,-58.72,104,-60,-62.22,-58.791695,-71.5839,-40.98063,True,-61.44,-58.749306,-71.56913,-40.952015,True
2024-05-16 21:20:00,-58.12,104,-60,-61.31,-58.199833,-71.065285,-40.44718,True,-59.87,-58.16618,-71.049126,-40.44029,True
2024-05-16 21:25:00,-59.04,104,-59,-61.57,-59.15626,-71.88523,-41.33004,True,-58.57,-59.150772,-71.88668,-41.35834,True
2024-05-16 21:30:00,-60.5,104,-61,-60.66,-60.536716,-73.05517,-42.671116,True,-59.01,-60.444984,-72.96646,-42.63189,True
2024-05-16 21:35:00,-60.72,104,-63,-61.01,-60.676304,-73.19761,-42.84843,True,-57.58,-60.502956,-73.02258,-42.74854,True
2024-05-16 21:40:00,-60.61,104,-62,-61.17,-60.606518,-73.10582,-42.777622,True,-57.1,-60.469997,-72.957306,-42.722607,True
2024-05-16 21:45:00,-60.03,104,-63,-61.48,-60.06716,-72.50135,-42.34974,True,-56.9,-59.96821,-72.38028,-42.340046,True
2024-05-16 21:50:00,-60.93,104,-62,-61.28,-61.001415,-73.37436,-43.16911,True,-57.21,-60.92837,-73.269196,-43.192062,True
2024-05-16 21:55:00,-61.529995,104,-64,-61.449997,-61.621845,-73.81179,-43.800884,True,-58.38,-61.563694,-73.712555,-43.84663,True
2024-05-16 22:00:00,-60.53,104,-63,-61.65,-60.802227,-72.61813,-43.241943,True,-58.429726,-60.918377,-72.67709,-43.453426,True
2024-05-16 22:05:00,-61.57,104,-63,-61.6,-61.801388,-73.1942,-44.331905,True,-58.479458,-61.871376,-73.20318,-44.51077,True
2024-05-16 22:10:00,-62.1,104,-64,-61.47,-62.257526,-73.57823,-44.81031,True,-58.529182,-62.254414,-73.50944,-44.935047,True
2024-05-16 22:15:00,-62.22,104,-65,-61.44,-62.348194,-73.68931,-44.92082,True,-58.57891,-62.31643,-73.58649,-45.029152,True
2024-05-16 22:20:00,-61.31,104,-64,-59.87,-61.37713,-72.90284,-44.118904,True,-58.62864,-61.29121,-72.73999,-44.192013,True
2024-05-16 22:25:00,-61.57,104,-64,-58.57,-61.519672,-73.29631,-44.25651,True,-58.678368,-61.321434,-73.0173,-44.241608,True
2024-05-16 22:30:00,-60.66,104,-64,-59.01,-60.282627,-72.18118,-43.391594,True,-58.728092,-59.778267,-71.60307,-43.117958,True
2024-05-16 22:35:00,-61.01,104,-64,-57.58,-60.279743,-72.25659,-43.47099,True,-58.77782,-59.436306,-71.34504,-42.907448,True
2024-05-16 22:40:00,-61.17,104,-64,-57.1,-60.27502,-72.24398,-43.57527,True,-58.82755,-59.270058,-71.16788,-42.877792,True
2024-05-16 22:45:00,-61.48,104,-64,-56.9,-60.463856,-72.778915,-43.71516,True,-58.877274,-59.342125,-71.58115,-42.926086,True
2024-05-16 22:50:00,-61.28,104,-64,-57.21,-60.121693,-72.71007,-43.434658,True,-58.927006,-58.860836,-71.37209,-42.532722,True
2024-05-16 22:55:00,-61.449997,104,-64,-58.38,-60.30472,-73.292854,-43.419197,True,-58.97673,-59.055622,-71.95876,-42.54202,True
2024-05-16 23:00:00,-61.65,104,-64,-58.429726,-60.58261,-73.92161,-43.454945,True,-59.026463,-59.411095,-72.65433,-42.657578,True
2024-05-16 23:05:00,-61.6,104,-65,-58.479458,-60.62208,-73.85937,-43.50917,True,-59.076187,-59.539783,-72.66987,-42.796646,True
2024-05-16 23:10:00,-61.47,104,-65,-58.529182,-60.44377,-73.410484,-43.58475,True,-59.12591,-59.316372,-72.1721,-42.836414,True
2024-05-16 23:15:00,-61.44,104,-65,-58.57891,-60.453968,-72.81046,-43.89159,True,-59.175644,-59.362564,-71.59822,-43.18014,True
2024-05-16 23:20:00,-59.87,104,-63,-58.62864,-59.009743,-70.840675,-42.917458,True,-59.22537,-58.04802,-69.75148,-42.32349,True
2024-05-16 23:25:00,-58.57,104,-61,-58.678368,-57.677708,-68.926834,-41.944363,True,-59.2751,-56.708084,-67.82641,-41.34353,True
2024-05-16 23:30:00,-59.01,104,-62,-58.728092,-58.01343,-69.11504,-42.29706,True,-59.324825,-56.94962,-67.91525,-41.61856,True
2024-05-16 23:35:00,-57.58,104,-61,-58.77782,-56.734253,-67.851906,-41.16265,True,-59.374554,-55.82617,-66.80134,-40.62442,True
2024-05-16 23:40:00,-57.1,104,-60,-58.82755,-56.581184,-67.763535,-40.966816,True,-59.424282,-55.975132,-66.99456,-40.70537,True
2024-05-16 23:45:00,-56.9,104,-61,-58.877274,-56.45396,-67.30022,-40.959076,True,-59.474007,-55.91814,-66.593475,-40.764027,True
2024-05-16 23:50:00,-57.21,104,-61,-58.927006,-56.590122,-67.25436,-41.19721,True,-59.523735,-55.89646,-66.38912,-40.867813,True
2024-05-16 23:55:00,-58.38,104,-62,-58.97673,-57.615623,-68.37084,-42.23373,True,-59.573463,-56.779594,-67.3607,-41.787567,True
2024-05-17 00:00:00,-58.429726,104,-62,-59.026463,-57.612137,-68.97525,-42.207565,True,-59.62319,-56.71975,-67.90406,-41.72468,True
2024-05-17 00:05:00,-58.479458,104,-61,-59.076187,-57.58944,-69.18716,-42.24736,True,-59.67292,-56.627884,-68.04594,-41.708214,True
2024-05-17 00:10:00,-58.529182,104,-61,-59.12591,-57.41478,-69.25505,-42.183735,True,-59.72265,-56.24069,-67.90146,-41.469055,True
2024-05-17 00:15:00,-58.57891,104,-61,-59.175644,-57.360916,-69.17793,-42.276443,True,-59.772373,-56.085953,-67.72069,-41.480453,True
2024-05-17 00:20:00,-58.62864,104,-64,-59.22537,-57.182186,-68.79062,-42.446266,True,-59.8221,-55.690495,-67.116974,-41.463474,True
2024-05-17 00:25:00,-58.678368,104,-62,-59.2751,-57.096565,-68.676575,-42.496,True,-59.87183,-55.482227,-66.87902,-41.410625,True
2024-05-17 00:30:00,-58.728092,104,-60,-59.324825,-57.398117,-68.80035,-42.76066,True,-59.921555,-56.020355,-67.226906,-41.890137,True
2024-05-17 00:35:00,-58.77782,104,-60,-59.374554,-57.61801,-68.75406,-42.994198,True,-59.971287,-56.402298,-67.33052,-42.273026,True
2024-05-17 00:40:00,-58.82755,104,-62,-59.424282,-57.617363,-68.81829,-42.9618,True,-60.02101,-56.360134,-67.34912,-42.208763,True
2024-05-17 00:45:00,-58.877274,104,-60,-59.474007,-57.555817,-69.101425,-42.774696,True,-60.070744,-56.20048,-67.53117,-41.941986,True
2024-05-17 00:50:00,-58.927006,104,-61,-59.523735,-57.6189,-69.03344,-42.797432,True,-60.12047,-56.284237,-67.47723,-41.984825,True
2024-05-17 00:55:00,-58.97673,104,-61,-59.573463,-57.425003,-68.884735,-42.66177,True,-60.170193,-55.87371,-67.11388,-41.661613,True
2024-05-17 01:00:00,-59.026463,104,-62,-59.62319,-57.187397,-68.81532,-42.450447,True,-60.219925,-55.38002,-66.789795,-41.228474,True
2024-05-17 01:05:00,-59.076187,104,-61,-59.67292,-57.138393,-68.71787,-42.509037,True,-60.26965,-55.24118,-66.595726,-41.21412,True
2024-05-17 01:10:00,-59.12591,104,-62,-59.72265,-57.237656,-68.40247,-42.829502,True,-60.319378,-55.39328,-66.32741,-41.58057,True
2024-05-17 01:15:00,-59.175644,104,-61,-59.772373,-57.206184,-68.185585,-42.91846,True,-60.369106,-55.298428,-66.04503,-41.614048,True
2024-05-17 01:20:00,-59.22537,104,-61,-59.8221,-57.423374,-68.223305,-43.149498,True,-60.418835,-55.670433,-66.22827,-41.98376,True
2024-05-17 01:25:00,-59.2751,104,-59,-59.87183,-57.61145,-68.16947,-43.287445,True,-60.468563,-55.99596,-66.30259,-42.24129,True
2024-05-17 01:30:00,-59.324825,104,-59,-59.921555,-57.738808,-67.79929,-43.28287,True,-60.518288,-56.219425,-66.016266,-42.316917,True
2024-05-17 01:35:00,-59.374554,104,-60,-59.971287,-57.737415,-67.55672,-43.312744,True,-60.568016,-56.1863,-65.73836,-42.31557,True
2024-05-17 01:40:00,-59.424282,104,-59,-60.02101,-57.74856,-67.36189,-43.36483,True,-60.617744,-56.175495,-65.518135,-42.346394,True
2024-05-17 01:45:00,-59.474007,104,-55,-60.070744,-57.763977,-67.47409,-43.500553,True,-60.667473,-56.158745,-65.59587,-42.458202,True
2024-05-17 01:50:00,-59.523735,104,-57,-60.12047,-57.828514,-68.021805,-43.556034,True,-60.717197,-56.223885,-66.13952,-42.523804,True
2024-05-17 01:55:00,-59.573463,104,-58,-60.170193,-58.00136,-68.54203,-43.53918,True,-60.76693,-56.50404,-66.753006,-42.60957,True
2024-05-17 02:00:00,-59.62319,104,-56,-60.219925,-58.188652,-69.00695,-43.633835,True,-60.816654,-56.809746,-67.32534,-42.812073,True
2024-05-17 02:05:00,-59.67292,104,-54,-60.26965,-58.385002,-69.76078,-43.5443,True,-60.86638,-57.132584,-68.19185,-42.837902,True
2024-05-17 02:10:00,-59.72265,104,-55,-60.319378,-58.054222,-70.66222,-42.777218,True,-60.91611,-56.474525,-68.772255,-41.797935,True
2024-05-17 02:15:00,-59.772373,104,-54,-60.369106,-57.93733,-70.73042,-42.563454,True,-60.965836,-56.219112,-68.69993,-41.47221,True
2024-05-17 02:20:00,-59.8221,104,-55,-60.418835,-57.96302,-71.05558,-42.6383,True,-61.015568,-56.211452,-68.9893,-41.52713,True
2024-05-17 02:25:00,-59.87183,104,-57,-60.468563,-57.788933,-70.36431,-42.89559,True,-61.065292,-55.834698,-68.101425,-41.608425,True
2024-05-17 02:30:00,-59.921555,104,-55,-60.518288,-57.731483,-69.22247,-43.70112,True,-61.11502,-55.66362,-66.85265,-42.31299,True
2024-05-17 02:35:00,-59.971287,104,-54,-60.568016,-58.510567,-69.38527,-44.378956,True,-61.16475,-57.087242,-67.63618,-43.547993,True
2024-05-17 02:40:00,-60.02101,104,-54,-60.617744,-59.089756,-69.88306,-44.640682,True,-61.214474,-58.13288,-68.57636,-44.21371,True
2024-05-17 02:45:00,-60.070744,104,-53,-60.667473,-59.530792,-70.29895,-44.742226,True,-61.264206,-58.92013,-69.31523,-44.6107,True
2024-05-17 02:50:00,-60.12047,104,-52,-60.717197,-60.030903,-71.17822,-44.684555,True,-61.31393,-59.81218,-70.54925,-44.88967,True
2024-05-17 02:55:00,-60.170193,104,-52,-60.76693,-59.987087,-70.30448,-44.831055,True,-61.36366,-59.68996,-69.60865,-44.957893,True
2024-05-17 03:00:00,-60.219925,104,-54,-60.816654,-60.0295,-70.31512,-44.76179,True,-61.413387,-59.726025,-69.61304,-44.880917,True
2024-05-17 03:05:00,-60.26965,104,-53,-60.86638,-59.57727,-68.66027,-44.522064,True,-61.463116,-58.86797,-67.57025,-44.276585,True
2024-05-17 03:10:00,-60.319378,104,-52,-60.91611,-59.22981,-67.704704,-44.28456,True,-61.51284,-58.21033,-66.318886,-43.756256,True
2024-05-17 03:15:00,-60.369106,104,-53,-60.965836,-59.03767,-67.21701,-43.932606,True,-61.56257,-57.845036,-65.665276,-43.23469,True
2024-05-17 03:20:00,-60.418835,104,-51,-61.015568,-59.018764,-67.07145,-43.6128,True,-61.612297,-57.794167,-65.48311,-42.87294,True
2024-05-17 03:25:00,-60.468563,104,-52,-61.065292,-58.86661,-67.04088,-43.13751,True,-61.662025,-57.507523,-65.313286,-42.26982,True
2024-05-17 03:30:00,-60.518288,104,-52,-61.11502,-58.34731,-66.93254,-42.46354,True,-61.711754,-56.576378,-64.81135,-41.22189,True
2024-05-17 03:35:00,-60.568016,104,-52,-61.16475,-57.675266,-66.76949,-41.796333,True,-61.76148,-55.377,-64.142494,-40.087074,True
2024-05-17 03:40:00,-60.617744,104,-54,-61.214474,-56.619564,-66.51772,-40.860504,True,-61.81121,-53.495712,-63.097652,-38.4273,True
2024-05-17 03:45:00,-60.667473,104,-54,-61.264206,-55.491524,-66.48527,-39.686016,True,-61.860935,-51.475174,-62.20411,-36.48289,True
2024-05-17 03:50:00,-60.717197,104,-50,-61.31393,-53.409546,-66.344475,-37.519123,True,-61.91066,-47.697483,-60.422184,-32.85741,False
2024-05-17 03:55:00,-60.76693,104,-53,-61.36366,-53.27825,-66.23165,-37.869347,True,-61.960392,-47.32681,-60.049515,-33.003075,False
2024-05-17 04:00:00,-60.816654,104,-54,-61.413387,-52.292526,-66.311,-36.945885,True,-62.010117,-45.392418,-59.177788,-31.283836,False
2024-05-17 04:05:00,-60.86638,104,-53,-61.463116,-51.187557,-66.808334,-35.86896,True,-62.05985,-43.13692,-58.510002,-29.272196,False
2024-05-17 04:10:00,-60.91611,104,-52,-61.51284,-52.245884,-67.22583,-37.18497,True,-62.109573,-44.92878,-59.648186,-31.239708,False
2024-05-17 04:15:00,-60.965836,104,-52,-61.56257,-53.021873,-67.47999,-38.393032,True,-62.1593,-46.20244,-60.392097,-32.889973,False
2024-05-17 04:20:00,-61.015568,104,-51,-61.612297,-54.177067,-67.75574,-40.183666,True,-62.20903,-48.22454,-61.52457,-35.42824,False
2024-05-17 04:25:00,-61.065292,104,-48,-61.662025,-57.179375,-69.18658,-43.44296,True,-62.258755,-53.742905,-65.457634,-40.845924,True
2024-05-17 04:30:00,-61.11502,104,-46,-61.711754,-58.8041,-72.5827,-43.169044,True,-62.308483,-56.716705,-70.15058,-41.747135,True
2024-05-17 04:35:00,-61.16475,104,-45,-61.76148,-59.92738,-73.89866,-43.52892,True,-62.35821,-58.753372,-72.32322,-42.864815,True
2024-05-17 04:40:00,-61.214474,104,-48,-61.81121,-60.426857,-74.56495,-43.698982,True,-62.40794,-59.630432,-73.3382,-43.34347,True
2024-05-17 04:45:00,-61.264206,104,-47,-61.860935,-60.654964,-74.613,-43.864227,True,-62.45767,-60.008984,-73.532326,-43.62636,True
2024-05-17 04:50:00,-61.31393,104,-39,-61.91066,-60.91471,-73.68409,-44.498238,True,-62.507397,-60.441933,-72.77208,-44.402294,True
2024-05-17 04:55:00,-61.36366,104,-48,-61.960392,-60.902164,-72.916306,-44.725445,True,-62.55712,-60.375816,-71.96389,-44.581272,True
2024-05-17 05:00:00,-61.413387,104,-42,-62.010117,-60.95826,-71.96585,-44.94123,True,-62.60685,-60.436634,-71.02847,-44.793243,True
2024-05-17 05:05:00,-61.463116,104,-37,-62.05985,-61.37692,-71.57392,-45.142258,True,-62.656578,-61.159904,-70.92611,-45.23637,True
2024-05-17 05:10:00,-61.51284,104,-44,-62.109573,-62.130566,-71.53303,-45.38034,True,-62.706303,-62.477848,-71.41291,-45.93024,True
2024-05-17 05:15:00,-61.56257,104,-41,-62.1593,-62.999542,-71.94448,-45.456364,True,-62.756035,-63.979183,-72.407394,-46.516098,True
2024-05-17 05:20:00,-61.612297,104,-45,-62.20903,-63.812878,-72.18698,-45.555557,True,-62.80576,-65.34866,-73.16286,-47.062065,True
2024-05-17 05:25:00,-61.662025,104,-46,-62.258755,-64.18114,-72.11752,-45.515907,True,-62.85549,-65.921074,-73.285034,-47.184948,True
2024-05-17 05:30:00,-61.711754,104,-45,-62.308483,-63.975204,-71.704544,-45.305172,True,-62.905216,-65.49683,-72.68217,-46.785248,True
2024-05-17 05:35:00,-61.76148,104,-44,-62.35821,-63.413612,-70.96844,-45.074,True,-62.95494,-64.461914,-71.51436,-46.157013,True
2024-05-17 05:40:00,-61.81121,104,-44,-62.40794,-62.763645,-69.97524,-44.963943,True,-63.004673,-63.28211,-70.03288,-45.603394,True
2024-05-17 05:45:00,-61.860935,104,-44,-62.45767,-61.869938,-69.09296,-44.555542,True,-63.054398,-61.691666,-68.504265,-44.602295,True
2024-05-17 05:50:00,-61.91066,104,-47,-62.507397,-61.068466,-68.2367,-44.40707,True,-63.104126,-60.26399,-67.069595,-43.91852,True
2024-05-17 05:55:00,-61.960392,104,-49,-62.55712,-60.597393,-67.72047,-44.383915,True,-63.153854,-59.40756,-66.19726,-43.56153,True
2024-05-17 06:00:00,-62.010117,104,-50,-62.60685,-60.147697,-67.32219,-44.21799,True,-63.203583,-58.58775,-65.455086,-43.072803,True
2024-05-17 06:05:00,-62.05985,104,-52,-62.656578,-59.826405,-67.146904,-44.118225,True,-63.25331,-57.98652,-65.01563,-42.730183,True
2024-05-17 06:10:00,-62.109573,104,-52,-62.706303,-59.561264,-66.97536,-44.030132,True,-63.303036,-57.486576,-64.62941,-42.433212,True
2024-05-17 06:15:00,-62.1593,104,-52,-62.756035,-59.300743,-66.75348,-43.939705,True,-63.352764,-56.989834,-64.183495,-42.135258,True
2024-05-17 06:20:00,-62.20903,104,-51,-62.80576,-59.022507,-66.45307,-43.92196,True,-63.402493,-56.45698,-63.64434,-41.89217,True
2024-05-17 06:25:00,-62.258755,104,-50,-62.85549,-58.935104,-66.102875,-44.16338,True,-63.45222,-56.253506,-63.188465,-42.025887,False
2024-05-17 06:30:00,-62.308483,104,-50,-62.905216,-58.932404,-65.93644,-44.4123,True,-63.501945,-56.197044,-62.974785,-42.224342,False
2024-05-17 06:35:00,-62.35821,104,-50,-62.95494,-58.50501,-65.72973,-44.27769,True,-63.551678,-55.384377,-62.401493,-41.75292,False
2024-05-17 06:40:00,-62.40794,104,-48,-63.004673,-57.872982,-65.58215,-43.88954,True,-63.601402,-54.194134,-61.71739,-40.88092,False
2024-05-17 06:45:00,-62.45767,104,-49,-63.054398,-57.778484,-65.59913,-44.05026,True,-63.65113,-53.956398,-61.596798,-40.920723,False
2024-05-17 06:50:00,-62.507397,104,-49,-63.104126,-57.697624,-65.69211,-44.171913,True,-63.70086,-53.73899,-61.561924,-40.928684,False
2024-05-17 06:55:00,-62.55712,104,-49,-63.153854,-57.78466,-65.80542,-44.44457,True,-63.750584,-53.81998,-61.67272,-41.20155,False
2024-05-17 07:00:00,-62.60685,104,-48,-63.203583,-57.888187,-65.89795,-44.684994,True,-63.800316,-53.93608,-61.786232,-41.454155,False
2024-05-17 07:05:00,-62.656578,104,-48,-63.25331,-58.034637,-65.959785,-45.00815,True,-63.85004,-54.13077,-61.901855,-41.818977,False
2024-05-17 07:10:00,-62.706303,104,-48,-63.303036,-58.225555,-66.01615,-45.394547,True,-63.89977,-54.40691,-62.048733,-42.279926,False
2024-05-17 07:15:00,-62.756035,104,-47,-63.352764,-58.400375,-66.06751,-45.78994,True,-63.949497,-54.65888,-62.186195,-42.73922,False
2024-05-17 07:20:00,-62.80576,104,-48,-63.402493,-58.753334,-66.07639,-46.246056,True,-63.99922,-55.24819,-62.432743,-43.39454,False
2024-05-17 07:25:00,-62.85549,104,-48,-63.45222,-58.91622,-66.16862,-46.430553,True,-64.04896,-55.50271,-62.62473,-43.654324,False
2024-05-17 07:30:00,-62.905216,104,-48,-63.501945,-59.109615,-66.26494,-46.674213,True,-64.09868,-55.813835,-62.844875,-43.99671,False
2024-05-17 07:35:00,-62.95494,104,-44,-63.551678,-59.228615,-66.36953,-46.780285,True,-64.14841,-55.9879,-63.010696,-44.14831,False
2024-05-17 07:40:00,-63.004673,104,-42,-63.601402,-59.237793,-66.34669,-46.861805,True,-64.198135,-55.954235,-62.95644,-44.18602,False
2024-05-17 07:45:00,-63.054398,104,-43,-63.65113,-59.323524,-66.353836,-47.04507,True,-64.24786,-56.06492,-62.9918,-44.38835,False
2024-05-17 07:50:00,-63.104126,104,-44,-63.70086,-59.372017,-66.364685,-47.18961,True,-64.29759,-56.11651,-63.014652,-44.53232,False
2024-05-17 07:55:00,-63.153854,104,-45,-63.750584,-59.51505,-66.367584,-47.46058,True,-64.34732,-56.33949,-63.101654,-44.869232,False
2024-05-17 08:00:00,-63.203583,104,-44,-63.800316,-59.518906,-66.413925,-47.557354,True,-64.39705,-56.295845,-63.109764,-44.92375,False
2024-05-17 08:05:00,-63.25331,104,-44,-63.85004,-59.53693,-66.49631,-47.595917,True,-64.44678,-56.28335,-63.172066,-44.932106,False
2024-05-17 08:10:00,-63.303036,104,-43,-63.89977,-59.821884,-66.524155,-48.016705,True,-64.496506,-56.77283,-63.41111,-45.519775,False
2024-05-17 08:15:00,-63.352764,104,-42,-63.949497,-60.04887,-66.431984,-48.36018,True,-64.54623,-57.157776,-63.48076,-45.98923,False
2024-05-17 08:20:00,-63.402493,104,-42,-63.99922,-60.15953,-66.35529,-48.590908,True,-64.59596,-57.32532,-63.468243,-46.261494,False
2024-05-17 08:25:00,-63.45222,104,-42,-64.04896,-60.142548,-66.34532,-48.61667,True,-64.64568,-57.25258,-63.413185,-46.2341,False
2024-05-17 08:30:00,-63.501945,104,-43,-64.09868,-60.126816,-66.34338,-48.553066,True,-64.69541,-57.18447,-63.370407,-46.11802,False
2024-05-17 08:35:00,-63.551678,104,-43,-64.14841,-60.142677,-66.38875,-48.56313,True,-64.74514,-57.17318,-63.398193,-46.09955,False
2024-05-17 08:40:00,-63.601402,104,-42,-64.198135,-60.15897,-66.420845,-48.498444,True,-64.79487,-57.16235,-63.412334,-46.006847,False
2024-05-17 08:45:00,-63.65113,104,-42,-64.24786,-60.200233,-66.49379,-48.526978,True,-64.8446,-57.19218,-63.487957,-46.018448,False
2024-05-17 08:50:00,-63.70086,104,-44,-64.29759,-60.3178,-66.56539,-48.59917,True,-64.894325,-57.369404,-63.626347,-46.136494,False
2024-05-17 08:55:00,-63.750584,104,-45,-64.34732,-60.31076,-66.62231,-48.65132,True,-64.944046,-57.30948,-63.641876,-46.137123,False
2024-05-17 09:00:00,-63.800316,104,-45,-64.39705,-60.41236,-66.648575,-48.899456,True,-64.99378,-57.454044,-63.71787,-46.417194,False
2024-05-17 09:05:00,-63.85004,104,-48,-64.44678,-60.516033,-66.643166,-49.119953,True,-65.0435,-57.603775,-63.76812,-46.669403,False
2024-05-17 09:10:00,-63.89977,104,-48,-64.496506,-60.54432,-66.70172,-49.161022,True,-65.09323,-57.6098,-63.816273,-46.686707,False
2024-05-17 09:15:00,-63.949497,104,-43,-64.54623,-60.633404,-66.74861,-49.357334,True,-65.14296,-57.731857,-63.90409,-46.90596,False
2024-05-17 09:20:00,-63.99922,104,-42,-64.59596,-60.704422,-66.85339,-49.45195,True,-65.19269,-57.81391,-64.031456,-47.00318,False
2024-05-17 09:25:00,-64.04896,104,-41,-64.64568,-60.96997,-66.94712,-49.73794,True,-65.24242,-58.266163,-64.31506,-47.44241,False
2024-05-17 09:30:00,-64.09868,104,-42,-64.69541,-60.998966,-67.06505,-49.7604,True,-65.292145,-58.279827,-64.42481,-47.449615,False
2024-05-17 09:35:00,-64.14841,104,-42,-64.74514,-60.89743,-67.1936,-49.599297,True,-65.34187,-58.043697,-64.43056,-47.17171,False
2024-05-17 09:40:00,-64.198135,104,-41,-64.79487,-60.773712,-67.39083,-49.30676,True,-65.3916,-57.77173,-64.491745,-46.75446,False
2024-05-17 09:45:00,-64.24786,104,-44,-64.8446,-60.703747,-67.517136,-49.13839,True,-65.44133,-57.600834,-64.52773,-46.499615,False
2024-05-17 09:50:00,-64.29759,104,-43,-64.894325,-60.821552,-67.61727,-49.25509,True,-65.49105,-57.779274,-64.695946,-46.66318,False
2024-05-17 09:55:00,-64.34732,104,-42,-64.944046,-60.79949,-67.63539,-49.225704,True,-65.54079,-57.69583,-64.65958,-46.57817,False
2024-05-17 10:00:00,-64.39705,104,-41,-64.99378,-61.034515,-67.544334,-49.59012,True,-65.59051,-58.107796,-64.74686,-47.084335,False
2024-05-17 10:05:00,-64.44678,104,-42,-65.0435,-61.412502,-67.47758,-50.022747,True,-65.640236,-58.78853,-64.98052,-47.765495,False
2024-05-17 10:10:00,-64.496506,104,-39,-65.09323,-61.622437,-67.443665,-50.28091,True,-65.689964,-59.143055,-65.095665,-48.136818,False
2024-05-17 10:15:00,-64.54623,104,-38,-65.14296,-61.683117,-67.353966,-50.207504,True,-65.73969,-59.23021,-65.03824,-48.07851,False
2024-05-17 10:20:00,-64.59596,104,-40,-65.19269,-61.94203,-67.32023,-50.422836,True,-65.78942,-59.678783,-65.198395,-48.447483,False
2024-05-17 10:25:00,-64.64568,104,-40,-65.24242,-61.89662,-67.27369,-50.239906,True,-65.83915,-59.56254,-65.088974,-48.199627,False
2024-05-17 10:30:00,-64.69541,104,-39,-65.292145,-61.818077,-67.20009,-50.118866,True,-65.88888,-59.38124,-64.92427,-47.983513,False
2024-05-17 10:35:00,-64.74514,104,-37,-65.34187,-61.65024,-67.22863,-49.88606,True,-65.93861,-59.02701,-64.77892,-47.58653,False
2024-05-17 10:40:00,-64.79487,104,-36,-65.3916,-61.493595,-67.34186,-49.66497,True,-65.98833,-58.686077,-64.72414,-47.202557,False
2024-05-17 10:45:00,-64.8446,104,-37,-65.44133,-61.497936,-67.44123,-49.815823,True,-66.03806,-58.6427,-64.78425,-47.306156,False
2024-05-17 10:50:00,-64.894325,104,-36,-65.49105,-61.76757,-67.56565,-50.329086,True,-66.08778,-59.090412,-65.088524,-47.962208,False
2024-05-17 10:55:00,-64.944046,104,-38,-65.54079,-62.110672,-67.70061,-50.91319,True,-66.13751,-59.689053,-65.47694,-48.75906,False
2024-05-17 11:00:00,-64.99378,104,-41,-65.59051,-62.644424,-67.59622,-51.57568,True,-66.18724,-60.644466,-65.781136,-49.771538,False
2024-05-17 11:05:00,-65.0435,104,-38,-65.640236,-62.655895,-67.623024,-51.667427,True,-66.23697,-60.622696,-65.780495,-49.828903,False
2024-05-17 11:10:00,-65.09323,104,-39,-65.689964,-62.672268,-67.75928,-51.561893,True,-66.2867,-60.60874,-65.895355,-49.69287,False
2024-05-17 11:15:00,-65.14296,104,-40,-65.73969,-62.588783,-67.93164,-51.368435,True,-66.336426,-60.402103,-65.95486,-49.389515,False
2024-05-17 11:20:00,-65.19269,104,-40,-65.78942,-62.77409,-68.0469,-51.501225,True,-66.386154,-60.713127,-66.19787,-49.626556,False
2024-05-17 11:25:00,-65.24242,104,-39,-65.83915,-63.43456,-67.97647,-52.125492,True,-66.43588,-61.937588,-66.67471,-50.73398,True
2024-05-17 11:30:00,-65.292145,104,-38,-65.88888,-63.694847,-68.14758,-52.07924,True,-66.48561,-62.390602,-67.03755,-50.854324,True
2024-05-17 11:35:00,-65.34187,104,-38,-65.93861,-64.10213,-68.483116,-51.845642,True,-66.53533,-63.119762,-67.69463,-50.899002,True
2024-05-17 11:40:00,-65.3916,104,-38,-65.98833,-64.503044,-68.28752,-52.355446,True,-66.58507,-63.838226,-67.80677,-51.67928,True
2024-05-17 11:45:00,-65.44133,104,-39,-66.03806,-64.742905,-68.10751,-52.776127,True,-66.63479,-64.25352,-67.79788,-52.248558,True
2024-05-17 11:50:00,-65.49105,104,-40,-66.08778,-64.789055,-68.16103,-52.997253,True,-66.68452,-64.30048,-67.85588,-52.46552,True
2024-05-17 11:55:00,-65.54079,104,-39,-66.13751,-64.44936,-68.453896,-52.674664,True,-66.734245,-63.625786,-67.82636,-51.849335,True
2024-05-17 12:00:00,-65.59051,104,-40,-66.18724,-64.03571,-69.511475,-51.471714,True,-66.78397,-62.796776,-68.49838,-50.291126,True
2024-05-17 12:05:00,-65.640236,104,-40,-66.23697,-63.775665,-70.173004,-50.971344,True,-66.8337,-62.24623,-68.89136,-49.539215,True
2024-05-17 12:10:00,-65.689964,104,-38,-66.2867,-63.313614,-70.36501,-50.651573,True,-66.88343,-61.319874,-68.63446,-48.819096,True
2024-05-17 12:15:00,-65.73969,104,-35,-66.336426,-62.686695,-70.55233,-50.10955,True,-66.93316,-60.076668,-68.2263,-47.75225,True
2024-05-17 12:20:00,-65.78942,104,-40,-66.386154,-62.03172,-70.97985,-48.984295,True,-66.98289,-58.766853,-68.04036,-46.088028,True
2024-05-17 12:25:00,-65.83915,104,-45,-66.43588,-62.04455,-71.191666,-48.604454,True,-67.03261,-58.750862,-68.24495,-45.685116,True
2024-05-17 12:30:00,-65.88888,104,-47,-66.48561,-62.754032,-71.06694,-49.40982,True,-67.08234,-60.083645,-68.72779,-47.004665,True
2024-05-17 12:35:00,-65.93861,104,-51,-66.53533,-63.32628,-70.80738,-49.83248,True,-67.132065,-61.160957,-68.96209,-47.845535,True
2024-05-17 12:40:00,-65.98833,104,-50,-66.58507,-63.567234,-71.37085,-48.984932,True,-67.18179,-61.57544,-69.737724,-47.14691,True
2024-05-17 12:45:00,-66.03806,104,-49,-66.63479,-63.874767,-72.4293,-47.438877,True,-67.23152,-62.12542,-71.09526,-45.817513,True
2024-05-17 12:50:00,-66.08778,104,-45,-66.68452,-63.817562,-73.19497,-46.104404,True,-67.28125,-61.981014,-71.83021,-44.416004,True
2024-05-17 12:55:00,-66.13751,104,-38,-66.734245,-63.399784,-73.85279,-44.82615,True,-67.33098,-61.1393,-72.13904,-42.784874,True
2024-05-17 13:00:00,-66.18724,104,-36,-66.78397,-63.27815,-73.41354,-45.30246,True,-67.38071,-60.852337,-71.544,-43.099705,True
2024-05-17 13:05:00,-66.23697,104,-36,-66.8337,-63.79839,-72.81196,-46.92603,True,-67.430435,-61.79617,-71.31996,-45.056053,True
2024-05-17 13:10:00,-66.2867,104,-37,-66.88343,-64.04937,-72.52649,-47.74245,True,-67.480156,-62.232334,-71.20746,-46.013184,True
2024-05-17 13:15:00,-66.336426,104,-36,-66.93316,-64.72633,-72.24052,-49.009754,True,-67.52989,-63.48197,-71.44343,-47.759323,True
2024-05-17 13:20:00,-66.386154,104,-38,-66.98289,-65.18164,-72.0,-49.86331,True,-67.57961,-64.3085,-71.54477,-48.924168,True
2024-05-17 13:25:00,-66.43588,104,-34,-67.03261,-65.59609,-71.85788,-50.561234,True,-67.62935,-65.05212,-71.7125,-49.898277,True
2024-05-17 13:30:00,-66.48561,104,-24,-67.08234,-66.031975,-71.67271,-51.14794,True,-67.67907,-65.83707,-71.85935,-50.77815,True
2024-05-17 13:35:00,-66.53533,104,-25,-67.132065,-66.06237,-71.5687,-51.24511,True,-67.7288,-65.86352,-71.75204,-50.86076,True
2024-05-17 13:40:00,-66.58507,104,-22,-67.18179,-65.91336,-71.395134,-51.396286,True,-67.77853,-65.55837,-71.42932,-50.859833,True
2024-05-17 13:45:00,-66.63479,104,-20,-67.23152,-65.60968,-71.1591,-51.63044,True,-67.828255,-64.958694,-70.89953,-50.81785,True
2024-05-17 13:50:00,-66.68452,104,-17,-67.28125,-65.355,-71.10814,-51.806206,True,-67.87798,-64.44239,-70.587776,-50.74621,True
2024-05-17 13:55:00,-66.734245,104,-18,-67.33098,-65.1337,-71.21462,-51.90549,True,-67.92771,-63.98246,-70.463875,-50.617184,True
2024-05-17 14:00:00,-66.78397,104,-17,-67.38071,-65.09248,-71.263466,-52.217144,True,-67.97744,-63.863194,-70.4377,-50.839214,True
2024-05-17 14:05:00,-66.8337,104,-19,-67.430435,-64.97669,-71.39887,-52.274998,True,-68.02717,-63.588356,-70.42394,-50.73782,True
2024-05-17 14:10:00,-66.88343,104,-20,-67.480156,-65.07132,-71.64215,-52.35952,True,-68.07689,-63.718277,-70.70937,-50.835358,True
2024-05-17 14:15:00,-66.93316,104,-20,-67.52989,-64.84754,-72.31696,-51.543224,True,-68.12662,-63.229298,-71.15699,-49.775734,True
2024-05-17 14:20:00,-66.98289,104,-26,-67.57961,-64.38067,-73.759514,-49.652603,True,-68.176346,-62.247356,-72.17322,-47.44349,True
2024-05-17 14:25:00,-67.03261,104,-29,-67.62935,-64.47618,-75.06497,-48.63808,True,-68.226074,-62.36978,-73.56214,-46.463654,True
2024-05-17 14:30:00,-67.08234,104,-26,-67.67907,-64.74799,-78.28779,-45.92369,True,-68.2758,-62.84223,-77.128784,-43.991425,True
2024-05-17 14:35:00,-67.132065,104,-25,-67.7288,-65.288734,-82.66539,-43.064568,True,-68.32553,-63.852127,-82.09488,-41.604546,True
2024-05-17 14:40:00,-67.18179,104,-23,-67.77853,-66.00097,-85.51958,-42.003696,True,-68.37526,-65.1869,-85.57207,-41.079887,True
2024-05-17 14:45:00,-67.23152,104,-23,-67.828255,-67.07606,-88.512634,-41.32924,True,-68.42499,-67.19907,-89.425476,-41.157543,True
2024-05-17 14:50:00,-67.28125,104,-29,-67.87798,-68.093544,-88.623024,-42.242367,True,-68.47472,-69.081375,-90.268524,-42.738644,True
2024-05-17 14:55:00,-67.33098,104,-30,-67.92771,-69.206375,-89.384926,-42.857697,True,-68.52444,-71.1138,-91.814156,-44.06472,True
2024-05-17 15:00:00,-67.38071,104,-28,-67.97744,-70.44669,-88.73353,-44.205276,True,-68.57417,-73.354546,-92.00897,-46.20904,True
2024-05-17 15:05:00,-67.430435,104,-27,-68.02717,-72.00407,-90.04804,-44.713413,True,-68.62389,-76.112236,-94.34531,-47.655037,True
2024-05-17 15:10:00,-67.480156,104,-25,-68.07689,-72.67454,-88.579895,-45.761757,True,-68.67363,-77.24212,-93.285805,-49.11849,True
2024-05-17 15:15:00,-67.52989,104,-21,-68.12662,-73.633064,-89.5117,-45.68197,True,-68.72335,-78.88418,-94.817795,-49.57969,True
2024-05-17 15:20:00,-67.57961,104,-25,-68.176346,-74.10262,-89.22094,-45.806175,True,-68.77308,-79.642876,-94.80472,-49.963406,True
2024-05-17 15:25:00,-67.62935,104,-29,-68.226074,-74.47708,-89.545395,-45.61939,True,-68.82281,-80.24567,-95.35268,-49.968246,True
2024-05-17 15:30:00,-67.67907,104,-29,-68.2758,-74.0848,-87.93621,-45.935493,True,-68.872536,-79.49136,-93.47915,-50.042435,True
2024-05-17 15:35:00,-67.7288,104,-30,-68.32553,-73.12356,-85.490685,-46.23038,True,-68.922264,-77.69934,-90.36201,-49.721367,True
2024-05-17 15:40:00,-67.77853,104,-28,-68.37526,-72.399994,-84.472435,-46.009018,True,-68.97199,-76.36672,-88.8247,-49.011826,True
2024-05-17 15:45:00,-67.828255,104,-30,-68.42499,-72.09056,-84.942,-45.365154,True,-69.02172,-75.79926,-89.04246,-48.138084,True
2024-05-17 15:50:00,-67.87798,104,-37,-68.47472,-71.70212,-85.97418,-44.317566,True,-69.07144,-75.09205,-89.765495,-46.802593,True
2024-05-17 15:55:00,-67.92771,104,-39,-68.52444,-71.36024,-86.62718,-43.67873,True,-69.12117,-74.45493,-90.14512,-45.90887,True
2024-05-17 16:00:00,-67.97744,104,-36,-68.57417,-71.4414,-87.40712,-43.523148,True,-69.1709,-74.574715,-90.94195,-45.773483,True
2024-05-17 16:05:00,-68.02717,104,-38,-68.62389,-71.82966,-88.43359,-43.58883,True,-69.22063,-75.24248,-92.20153,-46.04793,True
2024-05-17 16:10:00,-68.07689,104,-41,-68.67363,-72.14653,-89.98814,-43.17218,True,-69.270355,-75.778625,-93.93147,-45.77693,True
2024-05-17 16:15:00,-68.12662,104,-42,-68.72335,-72.315544,-89.953445,-43.40261,True,-69.32008,-76.04551,-93.9768,-46.08672,True
2024-05-17 16:20:00,-68.176346,104,-44,-68.77308,-73.15559,-91.27491,-43.651276,True,-69.36981,-77.5021,-95.82222,-46.8085,True
2024-05-17 16:25:00,-68.226074,104,-48,-68.82281,-73.917984,-92.26011,-43.8563,True,-69.41954,-78.80078,-97.25266,-47.43265,True
2024-05-17 16:30:00,-68.2758,104,-50,-68.872536,-74.88304,-93.328255,-44.22264,True,-69.46926,-80.44487,-98.90585,-48.326607,True
2024-05-17 16:35:00,-68.32553,104,-50,-68.922264,-75.446465,-93.316895,-44.765835,True,-69.519,-81.393166,-99.245155,-49.181797,True
2024-05-17 16:40:00,-68.37526,104,-55,-68.97199,-76.28872,-94.26214,-45.068382,True,-69.56872,-82.81381,-100.68052,-49.933495,True
2024-05-17 16:45:00,-68.42499,104,-60,-69.02172,-76.72423,-94.62054,-45.310238,True,-69.618454,-83.53512,-101.28864,-50.399216,True
2024-05-17 16:50:00,-68.47472,104,-61,-69.07144,-77.05648,-94.98343,-45.355717,True,-69.668175,-84.09019,-101.84954,-50.610622,True
2024-05-17 16:55:00,-68.52444,104,-64,-69.12117,-77.24567,-95.111664,-45.54893,True,-69.7179,-84.39169,-102.077515,-50.891808,True
2024-05-17 17:00:00,-68.57417,104,-66,-69.1709,-76.98588,-94.302666,-45.78819,True,-69.76763,-83.91695,-101.101875,-50.974003,True
2024-05-17 17:05:00,-68.62389,104,-66,-69.22063,-76.892555,-94.119156,-45.867622,True,-69.81736,-83.72938,-100.836464,-50.97804,True
2024-05-17 17:10:00,-68.67363,104,-68,-69.270355,-76.77786,-93.93628,-45.962643,True,-69.86709,-83.497154,-100.55103,-50.982143,True
2024-05-17 17:15:00,-68.72335,104,-71,-69.32008,-76.85768,-94.06947,-46.14028,True,-69.91682,-83.60441,-100.69965,-51.17892,True
2024-05-17 17:20:00,-68.77308,104,-73,-69.36981,-77.06314,-94.63764,-46.166435,True,-69.966545,-83.92406,-101.347336,-51.28464,True
2024-05-17 17:25:00,-68.82281,104,-71,-69.41954,-77.67784,-95.82488,-46.323166,True,-70.01627,-84.97104,-102.88628,-51.754642,True
2024-05-17 17:30:00,-68.872536,104,-72,-69.46926,-77.92376,-96.46118,-46.290607,True,-70.066,-85.368576,-103.632324,-51.82288,True
2024-05-17 17:35:00,-68.922264,104,-72,-69.519,-78.35095,-97.34759,-46.52376,True,-70.11572,-86.06805,-104.7311,-52.25075,True
2024-05-17 17:40:00,-68.97199,104,-74,-69.56872,-78.30461,-97.42675,-46.527145,True,-70.16545,-85.951004,-104.74897,-52.19169,True
2024-05-17 17:45:00,-69.02172,104,-75,-69.618454,-78.40572,-97.48556,-46.615982,True,-70.21518,-86.065956,-104.82844,-52.292053,True
2024-05-17 17:50:00,-69.07144,104,-80,-69.668175,-78.755516,-97.64655,-46.85524,True,-70.26491,-86.59883,-105.15489,-52.67845,True
2024-05-17 17:55:00,-69.12117,104,-84,-69.7179,-78.921265,-97.365204,-47.127293,True,-70.31464,-86.82322,-104.95041,-53.00483,True
2024-05-17 18:00:00,-69.1709,104,-84,-69.76763,-78.70888,-96.49685,-47.256104,True,-70.364365,-86.3672,-103.90511,-52.96249,True
2024-05-17 18:05:00,-69.22063,104,-81,-69.81736,-78.50635,-95.91578,-47.18075,True,-70.41409,-85.93815,-103.15239,-52.71325,True
2024-05-17 18:10:00,-69.270355,104,-76,-69.86709,-77.864456,-94.74171,-47.011547,True,-70.46382,-84.734604,-101.516014,-52.116493,True
2024-05-17 18:15:00,-69.32008,104,-74,-69.91682,-76.91397,-93.402885,-46.51548,True,-70.51354,-82.964455,-99.470924,-50.989437,True
2024-05-17 18:20:00,-69.36981,104,-73,-69.966545,-76.36136,-92.94656,-46.10187,True,-70.56328,-81.898605,-98.54974,-50.176308,True
2024-05-17 18:25:00,-69.41954,104,-71,-70.01627,-75.879395,-92.81833,-45.576366,True,-70.613,-81.011024,-98.028015,-49.33242,True
2024-05-17 18:30:00,-69.46926,104,-73,-70.066,-75.466225,-92.70465,-45.24117,True,-70.662735,-80.23943,-97.56609,-48.71763,True
2024-05-17 18:35:00,-69.519,104,-78,-70.11572,-74.67515,-91.666306,-45.02626,True,-70.712456,-78.800804,-95.93274,-48.009007,True
2024-05-17 18:40:00,-69.56872,104,-81,-70.16545,-74.442474,-91.93176,-44.80124,True,-70.762184,-78.36423,-95.97095,-47.62788,True
2024-05-17 18:45:00,-69.618454,104,-81,-70.21518,-74.11842,-91.67683,-44.834225,True,-70.81191,-77.75445,-95.43376,-47.444008,True
2024-05-17 18:50:00,-69.668175,104,-81,-70.26491,-73.843994,-92.57142,-44.47449,True,-70.86164,-77.261185,-96.06374,-46.91238,True
2024-05-17 18:55:00,-69.7179,104,-81,-70.31464,-71.551926,-90.16342,-43.247097,True,-70.91137,-73.14341,-91.96933,-44.27949,True
2024-05-17 19:00:00,-69.76763,104,-81,-70.364365,-69.8735,-89.65282,-41.596367,True,-70.9611,-70.10273,-90.19742,-41.576797,True
2024-05-17 19:05:00,-69.81736,104,-75,-70.41409,-68.39959,-89.443886,-40.294052,True,-71.010826,-67.44458,-88.91428,-39.357994,True
2024-05-17 19:10:00,-69.86709,104,-79,-70.46382,-67.54621,-89.32267,-39.746136,True,-71.06055,-65.89652,-88.17043,-38.2703,True
2024-05-17 19:15:00,-69.91682,104,-83,-70.51354,-67.5985,-89.47347,-40.27497,True,-71.11028,-65.95941,-88.324066,-38.810387,True
2024-05-17 19:20:00,-69.966545,104,-86,-70.56328,-68.001945,-89.95734,-41.079853,True,-71.16,-66.63846,-89.03429,-39.843014,True
2024-05-17 19:25:00,-70.01627,104,-87,-70.613,-68.469986,-90.203545,-41.950703,True,-75.47,-67.42649,-89.54856,-40.970615,True
2024-05-17 19:30:00,-70.066,104,-85,-70.662735,-68.660995,-89.905624,-42.817303,True,-79.19,-67.70188,-89.30363,-41.904022,True
2024-05-17 19:35:00,-70.11572,104,-84,-70.712456,-69.50793,-88.74282,-44.442158,True,-82.52,-69.1377,-88.647415,-43.982216,True
2024-05-17 19:40:00,-70.16545,104,-84,-70.762184,-70.26629,-88.84887,-45.460884,True,-86.68,-70.435905,-89.23735,-45.422226,True
2024-05-17 19:45:00,-70.21518,104,-81,-70.81191,-70.57978,-89.18259,-45.867027,True,-89.71,-70.95028,-89.74551,-45.9878,True
2024-05-17 19:50:00,-70.26491,104,-80,-70.86164,-70.160774,-88.58379,-45.65437,True,-91.41,-70.13782,-88.77005,-45.464527,False
2024-05-17 19:55:00,-70.31464,104,-83,-70.91137,-70.4516,-88.73167,-45.9521,True,-92.92,-70.61809,-89.09084,-45.912617,False
2024-05-17 20:00:00,-70.364365,104,-88,-70.9611,-70.85039,-88.97921,-46.303738,True,-94.63,-71.2984,-89.58556,-46.49559,False
2024-05-17 20:05:00,-70.41409,104,-91,-71.010826,-71.58759,-89.26563,-46.820198,True,-95.44,-72.60422,-90.39082,-47.467575,False
2024-05-17 20:10:00,-70.46382,104,-92,-71.06055,-72.75397,-91.33289,-47.063046,True,-99.59,-74.701096,-93.29129,-48.443268,False
2024-05-17 20:15:00,-70.51354,104,-95,-71.11028,-74.37992,-94.53566,-47.203384,True,-99.37,-77.61718,-97.612274,-49.567978,False
2024-05-17 20:20:00,-70.56328,104,-96,-71.16,-75.481834,-96.28205,-47.463192,True,-98.9,-79.57386,-100.086,-50.469112,True
2024-05-17 20:25:00,-70.613,104,-92,-75.47,-76.39775,-96.52614,-48.218025,True,-99.89,-81.17628,-100.94035,-51.746826,True
2024-05-17 20:30:00,-70.662735,104,-89,-79.19,-77.56266,-97.290504,-48.96799,True,-99.37,-83.22405,-102.48417,-53.161774,True
2024-05-17 20:35:00,-70.712456,104,-85,-82.52,-78.69343,-97.81841,-49.883495,True,-94.83,-85.21815,-103.77924,-54.72751,True
2024-05-17 20:40:00,-70.762184,104,-83,-86.68,-79.208725,-97.29248,-50.448994,True,-90.5,-86.129105,-103.63712,-55.612465,True
2024-05-17 20:45:00,-70.81191,104,-80,-89.71,-79.64187,-97.24089,-50.60047,True,-91.15,-86.89456,-103.904495,-56.03531,True
2024-05-17 20:50:00,-70.86164,104,-78,-91.41,-79.44342,-96.11197,-50.654743,True,-92.62,-86.52146,-102.65848,-55.999058,True
2024-05-17 20:55:00,-70.91137,104,-77,-92.92,-79.26206,-95.183525,-50.609764,True,-99.07,-86.224236,-101.64984,-55.90527,True
2024-05-17 21:00:00,-70.9611,104,-75,-94.63,-78.85946,-94.44363,-50.291206,False,-107.83,-85.5022,-100.61355,-55.36145,False
2024-05-17 21:05:00,-71.010826,104,-75,-95.44,-77.835686,-92.642456,-49.678684,False,-106.91,-83.44181,-97.879234,-53.976936,False
2024-05-17 21:10:00,-71.06055,104,-76,-99.59,-77.08675,-92.340805,-48.94219,False,-106.37,-81.9036,-96.81751,-52.635105,False
2024-05-17 21:15:00,-71.11028,104,-77,-99.37,-75.96458,-92.07439,-47.67976,False,-106.43,-79.71503,-95.518776,-50.551483,False
2024-05-17 21:20:00,-71.16,104,-80,-98.9,-74.93009,-92.0144,-46.643303,False,-107.54,-77.75023,-94.56144,-48.796684,False
2024-05-17 21:25:00,-75.47,104,-83,-99.89,-78.947556,-96.355576,-49.747276,False,-107.67,-81.48189,-98.66091,-51.6404,False
2024-05-17 21:30:00,-79.19,104,-83,-99.37,-82.47003,-98.945076,-53.09563,False,-109.92,-84.859436,-101.16092,-54.861248,False
2024-05-17 21:35:00,-82.52,104,-84,-94.83,-85.17347,-101.38515,-55.497826,True,-110.63,-87.127846,-103.209045,-56.923843,False
2024-05-17 21:40:00,-86.68,104,-85,-90.5,-88.18133,-104.35828,-58.15102,True,-110.32,-89.27991,-105.36449,-58.931164,False
2024-05-17 21:45:00,-89.71,104,-87,-91.15,-90.634575,-107.39843,-60.308273,True,-109.0,-91.28668,-107.965996,-60.757145,False
2024-05-17 21:50:00,-91.41,104,-88,-92.62,-92.0236,-108.560265,-62.066402,True,-107.74,-92.41729,-108.87345,-62.33333,True
2024-05-17 21:55:00,-92.92,104,-88,-99.07,-93.27911,-109.60602,-63.702133,True,-107.69,-93.442726,-109.68971,-63.811012,True
2024-05-17 22:00:00,-94.63,104,-89,-107.83,-94.86073,-111.15607,-65.51475,True,-107.42,-94.88664,-111.1003,-65.53232,True
2024-05-17 22:05:00,-95.44,104,-90,-106.91,-95.92366,-112.461876,-66.739075,True,-106.22,-96.15312,-112.60836,-66.9167,True
2024-05-17 22:10:00,-99.59,104,-92,-106.37,-99.86751,-115.90421,-70.37276,True,-103.29,-99.876595,-115.83018,-70.38603,True
2024-05-17 22:15:00,-99.37,104,-97,-106.43,-100.02452,-115.63877,-70.938446,True,-101.50001,-100.357895,-115.89425,-71.20096,True
2024-05-17 22:20:00,-98.9,104,-96,-107.54,-100.04003,-115.31258,-71.15692,True,-102.24,-100.807915,-116.01038,-71.75154,True
2024-05-17 22:25:00,-99.89,104,-98,-107.67,-101.49558,-117.103065,-71.782074,True,-101.71,-102.68504,-118.224365,-72.68634,True
2024-05-17 22:30:00,-99.37,104,-99,-109.92,-101.335556,-117.09788,-71.11923,True,-101.99,-102.85299,-118.54116,-72.26667,True
2024-05-17 22:35:00,-94.83,104,-95,-110.63,-96.99829,-112.43849,-67.706924,True,-102.91,-98.68691,-114.03211,-69.00123,True
2024-05-17 22:40:00,-90.5,104,-90,-110.32,-92.66442,-108.18461,-64.18351,False,-104.89,-94.33153,-109.72562,-65.48055,True
2024-05-17 22:45:00,-91.15,104,-90,-109.0,-92.52069,-108.19141,-63.981544,False,-106.98,-93.47505,-109.00229,-64.752426,True
2024-05-17 22:50:00,-92.62,104,-89,-107.74,-92.87085,-108.62023,-64.174065,True,-107.27,-92.848885,-108.436005,-64.21475,True
2024-05-17 22:55:00,-99.07,104,-89,-107.69,-97.87142,-113.99645,-68.07466,True,-107.52,-96.56304,-112.48795,-67.16255,True
2024-05-17 23:00:00,-107.83,104,-100,-107.42,-105.24192,-121.347565,-73.901985,True,-107.65,-102.65087,-118.48882,-72.05128,True
2024-05-17 23:05:00,-106.91,104,-107,-106.22,-103.82334,-119.32531,-73.55638,True,-107.36001,-100.81301,-116.01572,-71.37205,True
2024-05-17 23:10:00,-106.37,104,-103,-103.29,-102.731255,-118.32267,-72.91632,True,-106.51,-99.2719,-114.52849,-70.387344,True
2024-05-17 23:15:00,-106.43,104,-98,-101.50001,-102.74223,-118.33726,-73.46367,True,-106.12,-99.20545,-114.46223,-70.87572,True
2024-05-17 23:20:00,-107.54,104,-96,-102.24,-103.68387,-119.571976,-74.35637,True,-105.95,-99.96227,-115.4982,-71.645454,True
2024-05-17 23:25:00,-107.67,104,-94,-101.71,-103.69774,-119.464195,-74.80725,True,-105.01,-99.85563,-115.259766,-72.006874,True
2024-05-17 23:30:00,-109.92,104,-91,-101.99,-105.65058,-121.61741,-76.71982,True,-104.84,-101.49455,-117.07577,-73.69899,True
2024-05-17 23:35:00,-110.63,104,-92,-102.91,-106.03041,-122.17519,-77.40361,True,-104.16,-101.56369,-117.29317,-74.14472,True
2024-05-17 23:40:00,-110.32,104,-92,-104.89,-106.23543,-122.73063,-77.70688,True,-103.2,-102.17086,-118.27478,-74.7564,True
2024-05-17 23:45:00,-109.0,104,-92,-106.98,-105.12299,-121.65467,-76.736565,True,-102.69,-101.23199,-117.38066,-73.93258,True
2024-05-17 23:50:00,-107.74,104,-90,-107.27,-103.51196,-120.09068,-75.145386,True,-103.0,-99.33319,-115.50208,-72.14794,True
2024-05-17 23:55:00,-107.69,104,-90,-107.52,-103.66525,-120.48151,-75.285934,True,-103.09,-99.63388,-116.05072,-72.422714,True
2024-05-18 00:00:00,-107.42,104,-91,-107.65,-103.42783,-120.08616,-75.3168,True,-102.62,-99.42501,-115.682526,-72.46888,True
2024-05-18 00:05:00,-106.22,104,-91,-107.36001,-102.36741,-118.77747,-74.5902,True,-102.82,-98.50638,-114.52159,-71.84882,True
2024-05-18 00:10:00,-103.29,104,-89,-106.51,-99.68345,-116.33724,-72.53032,True,-102.83999,-96.06175,-112.34192,-69.98103,True
2024-05-18 00:15:00,-101.50001,104,-87,-106.12,-97.831726,-114.53731,-71.029465,True,-102.44,-94.16934,-110.493546,-68.45411,True
2024-05-18 00:20:00,-102.24,104,-88,-105.95,-98.98414,-115.48897,-72.00359,True,-102.43,-95.649475,-111.78932,-69.70442,True
2024-05-18 00:25:00,-101.71,104,-88,-105.01,-98.88999,-114.94036,-72.21366,True,-102.55,-95.93289,-111.6345,-70.20736,True
2024-05-18 00:30:00,-101.99,104,-89,-104.84,-99.29446,-114.98913,-72.89149,True,-101.84,-96.434845,-111.783035,-70.96327,True
2024-05-18 00:35:00,-102.91,104,-88,-104.16,-100.33799,-116.23257,-73.5641,True,-100.55,-97.555534,-113.10101,-71.71659,True
2024-05-18 00:40:00,-104.89,104,-90,-103.2,-102.05014,-118.122734,-74.694016,True,-99.65,-99.00183,-114.70881,-72.66553,True
2024-05-18 00:45:00,-106.98,104,-92,-102.69,-103.754005,-120.04939,-75.76142,True,-98.36,-100.33867,-116.24536,-73.47586,True
2024-05-18 00:50:00,-107.27,104,-94,-103.0,-103.90169,-119.66568,-76.052185,True,-97.35,-100.36585,-115.72477,-73.676445,True
2024-05-18 00:55:00,-107.52,104,-93,-103.09,-103.97739,-119.37435,-76.495384,True,-96.18001,-100.28763,-115.26688,-73.99736,True
2024-05-18 01:00:00,-107.65,104,-93,-102.62,-104.184326,-119.34479,-76.765816,True,-95.62,-100.55492,-115.29176,-74.31968,True
2024-05-18 01:05:00,-107.36001,104,-92,-102.82,-103.82601,-118.58938,-76.712036,True,-94.44,-100.14511,-114.474335,-74.224686,True
2024-05-18 01:10:00,-106.51,104,-92,-102.83999,-102.84673,-117.367325,-76.15413,True,-93.99,-99.06953,-113.1449,-73.58757,True
2024-05-18 01:15:00,-106.12,104,-92,-102.44,-102.61442,-116.95413,-76.07734,True,-93.329994,-98.97214,-112.86926,-73.61773,True
2024-05-18 01:20:00,-105.95,104,-92,-102.43,-102.58558,-116.78777,-76.25843,True,-92.19,-99.05551,-112.82082,-73.881195,True
2024-05-18 01:25:00,-105.01,104,-91,-102.55,-101.66036,-115.853615,-75.59645,True,-91.85,-98.144455,-111.90354,-73.23274,True
2024-05-18 01:30:00,-104.84,104,-90,-101.84,-101.239136,-114.94486,-75.53474,True,-91.33999,-97.509995,-110.768845,-72.99988,True
2024-05-18 01:35:00,-104.16,104,-90,-100.55,-100.26188,-113.80773,-74.962746,True,-90.95,-96.27911,-109.36478,-72.23422,True
2024-05-18 01:40:00,-103.2,104,-88,-99.65,-99.15335,-113.01655,-73.952446,True,-90.14,-95.04561,-108.44884,-71.14523,True
2024-05-18 01:45:00,-102.69,104,-87,-98.36,-98.38563,-112.48438,-73.19001,True,-92.3,-94.05633,-107.68769,-70.22487,True
2024-05-18 01:50:00,-103.0,104,-87,-97.35,-98.425095,-112.4811,-73.18191,True,-93.81,-93.86326,-107.44184,-70.043915,True
2024-05-18 01:55:00,-103.09,104,-86,-96.18001,-98.35551,-112.21592,-73.155014,True,-94.75,-93.665146,-107.03761,-69.92129,True
2024-05-18 02:00:00,-102.62,104,-86,-95.62,-97.62308,-111.33029,-72.55096,True,-95.11,-92.74148,-105.9505,-69.16222,True
2024-05-18 02:05:00,-102.82,104,-86,-94.44,-97.97279,-111.03501,-73.13757,True,-95.25,-93.23825,-105.80485,-69.84767,True
2024-05-18 02:10:00,-102.83999,104,-87,-93.99,-98.34063,-110.82235,-73.70007,True,-95.55,-93.92389,-105.92143,-70.649315,True
2024-05-18 02:15:00,-102.44,104,-86,-93.329994,-98.62808,-110.38472,-74.13224,True,-95.58,-94.824875,-106.11318,-71.55513,True
2024-05-18 02:20:00,-102.43,104,-86,-92.19,-99.2231,-111.30074,-74.30121,True,-95.33,-95.93895,-107.56724,-72.145676,True
2024-05-18 02:25:00,-102.55,104,-87,-91.85,-99.690994,-111.84422,-74.450096,True,-94.82,-96.71724,-108.428566,-72.544426,True
2024-05-18 02:30:00,-101.84,104,-87,-91.33999,-99.20073,-111.474144,-73.93712,True,-93.94,-96.43965,-108.276085,-72.195694,True
2024-05-18 02:35:00,-100.55,104,-87,-90.95,-98.27634,-111.0021,-72.62179,True,-93.32,-95.86682,-108.156166,-71.1501,True
2024-05-18 02:40:00,-99.65,104,-87,-90.14,-97.693825,-111.13012,-71.589966,True,-92.8,-95.57207,-108.57328,-70.3432,True
2024-05-18 02:45:00,-98.36,104,-87,-92.3,-96.459785,-109.1635,-70.80874,True,-92.53,-94.40126,-106.6674,-69.59882,True
2024-05-18 02:50:00,-97.35,104,-87,-93.81,-95.53491,-105.90933,-71.377716,True,-92.46,-93.55501,-103.498245,-70.212006,True
2024-05-18 02:55:00,-96.18001,104,-87,-94.75,-94.52648,-103.66574,-71.34731,True,-92.26,-92.696915,-101.418,-70.28624,True
2024-05-18 03:00:00,-95.62,104,-86,-95.11,-94.18412,-103.0294,-71.23204,True,-90.49,-92.565384,-100.995224,-70.32509,True
2024-05-18 03:05:00,-94.44,104,-86,-95.25,-93.19031,-101.94152,-70.46677,True,-88.52,-91.76429,-100.09987,-69.69798,True
2024-05-18 03:10:00,-93.99,104,-86,-95.55,-92.80072,-101.46725,-70.1432,True,-88.93,-91.44796,-99.691315,-69.4234,True
2024-05-18 03:15:00,-93.329994,104,-86,-95.58,-91.993835,-100.53446,-69.53083,True,-89.19,-90.5453,-98.660904,-68.7184,True
2024-05-18 03:20:00,-92.19,104,-84,-95.33,-90.7434,-99.29586,-68.627754,True,-89.29,-89.22486,-97.34956,-67.74945,True
2024-05-18 03:25:00,-91.85,104,-83,-94.82,-90.106285,-98.81874,-68.29677,True,-89.63,-88.344246,-96.624725,-67.22272,True
2024-05-18 03:30:00,-91.33999,104,-82,-93.94,-89.76558,-98.764565,-68.18043,True,-89.8,-88.147415,-96.71022,-67.22432,True
2024-05-18 03:35:00,-90.95,104,-81,-93.32,-89.32075,-99.44566,-67.47219,True,-89.1,-87.65003,-97.33763,-66.48103,True
2024-05-18 03:40:00,-90.14,104,-79,-92.8,-88.73697,-98.82372,-67.07235,True,-88.75,-87.257,-96.91019,-66.22914,True
2024-05-18 03:45:00,-92.3,104,-79,-92.53,-91.20957,-101.14132,-68.95481,True,-88.72,-89.97257,-99.4753,-68.30744,True
2024-05-18 03:50:00,-93.81,104,-82,-92.46,-92.97157,-103.60703,-69.97292,True,-88.83,-91.94137,-102.14524,-69.49253,True
2024-05-18 03:55:00,-94.75,104,-84,-92.26,-93.82528,-105.38028,-70.184326,True,-89.21,-92.71097,-103.828354,-69.64626,True
2024-05-18 04:00:00,-95.11,104,-84,-90.49,-94.38782,-107.33348,-69.8266,True,-89.17,-93.44812,-105.94499,-69.42918,True
2024-05-18 04:05:00,-95.25,104,-85,-88.52,-93.63426,-105.9561,-69.618324,True,-88.95707,-91.91858,-103.79588,-68.62854,True
2024-05-18 04:10:00,-95.55,104,-85,-88.93,-93.497574,-105.58883,-69.66226,True,-88.74414,-91.40773,-103.05318,-68.38688,True
2024-05-18 04:15:00,-95.58,104,-86,-89.19,-93.58859,-104.76928,-70.08028,True,-88.531204,-91.57115,-102.30954,-68.843285,True
2024-05-18 04:20:00,-95.33,104,-87,-89.29,-93.35821,-104.28534,-69.8663,True,-88.318275,-91.384445,-101.87129,-68.64915,True
2024-05-18 04:25:00,-94.82,104,-87,-89.63,-93.08158,-103.56931,-69.56563,True,-88.10535,-91.33702,-101.38241,-68.507996,True
2024-05-18 04:30:00,-93.94,104,-87,-89.8,-92.72234,-102.89946,-69.05863,True,-87.89242,-91.44084,-101.180305,-68.338646,True
2024-05-18 04:35:00,-93.32,104,-87,-89.1,-92.52722,-102.321556,-68.75642,True,-87.67949,-91.61573,-100.96704,-68.30876,True
2024-05-18 04:40:00,-92.8,104,-88,-88.75,-92.18505,-102.146805,-68.14847,True,-87.46656,-91.42906,-100.94665,-67.81266,True
2024-05-18 04:45:00,-92.53,104,-88,-88.72,-91.70176,-101.4544,-67.71451,True,-87.253624,-90.77583,-100.08879,-67.24231,True
2024-05-18 04:50:00,-92.46,104,-88,-88.83,-91.17958,-100.691536,-67.41859,True,-87.040695,-89.89091,-98.97287,-66.66068,True
2024-05-18 04:55:00,-92.26,104,-88,-89.21,-90.242165,-100.45428,-66.320305,True,-86.82777,-88.359825,-98.14342,-65.1045,True
2024-05-18 05:00:00,-90.49,104,-83,-89.17,-88.154655,-98.927444,-64.54396,True,-86.61484,-86.040726,-96.39248,-63.143654,True
2024-05-18 05:05:00,-88.52,104,-78,-88.95707,-85.951,-96.48931,-63.0716,True,-86.40191,-83.68497,-93.810005,-61.534138,True
2024-05-18 05:10:00,-88.93,104,-78,-88.74414,-86.08027,-95.97557,-63.57976,True,-86.18897,-83.59887,-93.08479,-61.86017,True
2024-05-18 05:15:00,-89.19,104,-78,-88.531204,-86.61392,-96.23925,-64.28116,True,-85.97604,-84.34628,-93.56658,-62.720894,True
2024-05-18 05:20:00,-89.29,104,-79,-88.318275,-86.88788,-96.83897,-64.60168,True,-85.763115,-84.75803,-94.30791,-63.146652,True
2024-05-18 05:25:00,-89.63,104,-81,-88.10535,-87.40351,-97.9923,-64.909645,True,-85.550186,-85.40595,-95.58848,-63.560555,True
2024-05-18 05:30:00,-89.8,104,-83,-87.89242,-87.59047,-98.355415,-64.914986,True,-85.33726,-85.60384,-95.96252,-63.573086,True
2024-05-18 05:35:00,-89.1,104,-84,-87.67949,-86.95862,-97.08169,-64.64568,True,-85.12433,-85.04483,-94.76904,-63.343235,True
2024-05-18 05:40:00,-88.75,104,-85,-87.46656,-86.41444,-96.61387,-64.17302,True,-84.91139,-84.3538,-94.15423,-62.75358,True
2024-05-18 05:45:00,-88.72,104,-86,-87.253624,-86.12573,-96.14961,-64.03239,True,-84.69846,-83.87173,-93.5034,-62.455265,True
2024-05-18 05:50:00,-88.83,104,-86,-87.040695,-85.92772,-96.0571,-63.879128,True,-84.485535,-83.43735,-93.182106,-62.114906,True
2024-05-18 05:55:00,-89.21,104,-86,-86.82777,-85.88118,-96.22682,-63.726284,True,-84.272606,-83.061325,-93.029724,-61.70519,True
2024-05-18 06:00:00,-89.17,104,-86,-86.61484,-85.72801,-96.354004,-63.390457,True,-84.05968,-82.82369,-93.08332,-61.30353,True
2024-05-18 06:05:00,-88.95707,104,-84,-86.40191,-85.745926,-96.08668,-63.40867,True,-83.84674,-83.02682,-93.00791,-61.45646,True
2024-05-18 06:10:00,-88.74414,104,-83,-86.18897,-85.80658,-95.827034,-63.487793,True,-83.63381,-83.30137,-92.97166,-61.692535,True
2024-05-18 06:15:00,-88.531204,104,-83,-85.97604,-85.96638,-95.42354,-63.72837,True,-83.420876,-83.744026,-92.852234,-62.145393,True
2024-05-18 06:20:00,-88.318275,104,-84,-85.763115,-85.77858,-95.06464,-63.552452,True,-83.20795,-83.57958,-92.5237,-61.98105,True
2024-05-18 06:25:00,-88.10535,104,-85,-85.550186,-85.91827,-94.80829,-63.80263,True,-82.99502,-83.987236,-92.541504,-62.432724,True
2024-05-18 06:30:00,-87.89242,104,-86,-85.33726,-85.974266,-94.61802,-63.821934,True,-82.78209,-84.25052,-92.56099,-62.60766,True
2024-05-18 06:35:00,-87.67949,104,-87,-85.12433,-86.06036,-94.41828,-63.88948,True,-82.56916,-84.56919,-92.59931,-62.8489,True
2024-05-18 06:40:00,-87.46656,104,-87,-84.91139,-86.1006,-94.33302,-63.85885,True,-82.356224,-84.80515,-92.71668,-62.964317,True
2024-05-18 06:45:00,-87.253624,104,-86,-84.69846,-86.34245,-94.55149,-63.877537,True,-82.143295,-85.39951,-93.29079,-63.250202,True
2024-05-18 06:50:00,-87.040695,104,-86,-84.485535,-86.37879,-94.96275,-63.600742,True,-81.93037,-85.62745,-93.893326,-63.1172,True
2024-05-18 06:55:00,-86.82777,104,-84,-84.272606,-86.315956,-95.40322,-63.19181,True,-81.71744,-85.681625,-94.45482,-62.792442,True
2024-05-18 07:00:00,-86.61484,104,-83,-84.05968,-86.2817,-95.47562,-62.938435,True,-81.50451,-85.78646,-94.669785,-62.64043,True
2024-05-18 07:05:00,-86.40191,104,-81,-83.84674,-86.228806,-95.662834,-62.635784,True,-81.29157,-85.857704,-94.98542,-62.426323,True
2024-05-18 07:10:00,-86.18897,104,-82,-83.63381,-85.94947,-95.87438,-61.856457,True,-81.07864,-85.52737,-95.153824,-61.60346,True
2024-05-18 07:15:00,-85.97604,104,-83,-83.420876,-86.40496,-95.81946,-62.195114,True,-80.865715,-86.49789,-95.608795,-62.326733,True
2024-05-18 07:20:00,-85.763115,104,-84,-83.20795,-86.5763,-96.22435,-61.845657,True,-80.65279,-86.96068,-96.29982,-62.191124,True
2024-05-18 07:25:00,-85.550186,104,-84,-82.99502,-86.732155,-95.950554,-61.857548,True,-80.43986,-87.396225,-96.3098,-62.409386,True
2024-05-18 07:30:00,-85.33726,104,-83,-82.78209,-86.85096,-95.64691,-61.867214,True,-80.22692,-87.761,-96.255745,-62.60151,True
2024-05-18 07:35:00,-85.12433,104,-83,-82.56916,-86.86762,-95.57389,-61.597622,True,-80.01399,-87.94158,-96.34856,-62.45108,True
2024-05-18 07:40:00,-84.91139,104,-83,-82.356224,-87.148705,-94.83973,-61.958996,True,-79.80106,-88.588806,-95.98748,-63.092957,True
2024-05-18 07:45:00,-84.69846,104,-83,-82.143295,-87.26269,-94.11992,-62.22053,True,-79.588135,-88.940865,-95.51328,-63.540985,True
2024-05-18 07:50:00,-84.485535,104,-83,-81.93037,-86.60644,-93.90993,-61.471886,True,-79.375206,-87.947845,-94.98853,-62.528618,True
2024-05-18 07:55:00,-84.272606,104,-83,-81.71744,-86.19936,-93.777565,-60.86946,True,-79.16228,-87.39494,-94.724464,-61.809006,True
2024-05-18 08:00:00,-84.05968,104,-84,-81.50451,-85.820885,-93.65392,-60.41543,True,-78.94934,-86.894936,-94.49042,-61.25687,True
2024-05-18 08:05:00,-83.84674,104,-84,-81.29157,-85.08118,-93.07326,-59.77866,True,-78.73641,-85.76879,-93.54652,-60.321247,True
2024-05-18 08:10:00,-83.63381,104,-84,-81.07864,-84.58825,-92.56823,-59.42922,True,-78.52348,-85.071236,-92.85339,-59.812943,True
2024-05-18 08:15:00,-83.420876,104,-83,-80.865715,-83.9575,-92.27134,-58.89117,True,-78.310555,-84.13318,-92.27032,-59.036125,True
2024-05-18 08:20:00,-83.20795,104,-81,-80.65279,-83.39479,-92.69981,-58.01328,True,-78.097626,-83.31375,-92.45903,-57.95719,True
2024-05-18 08:25:00,-82.99502,104,-78,-80.43986,-83.36212,-92.66716,-57.94919,True,-77.8847,-83.421974,-92.572296,-57.99645,True
2024-05-18 08:30:00,-82.78209,104,-76,-80.22692,-83.480705,-92.79373,-57.77674,True,-77.67176,-83.793564,-92.95427,-58.0113,True
2024-05-18 08:35:00,-82.56916,104,-74,-80.01399,-83.70243,-92.718216,-57.83379,True,-77.45883,-84.34142,-93.20445,-58.311695,True
2024-05-18 08:40:00,-82.356224,104,-73,-79.80106,-83.61491,-91.59512,-58.07248,True,-77.2459,-84.342186,-92.18246,-58.620632,True
2024-05-18 08:45:00,-82.143295,104,-73,-79.588135,-83.577,-90.91157,-57.916622,True,-77.032974,-84.4237,-91.63159,-58.557774,True
2024-05-18 08:50:00,-81.93037,104,-71,-79.375206,-83.52297,-90.84551,-57.521835,True,-76.820045,-84.475845,-91.68055,-58.243343,True
2024-05-18 08:55:00,-81.71744,104,-70,-79.16228,-83.507774,-90.90474,-57.045673,True,-76.60711,-84.59915,-91.886375,-57.870693,True
2024-05-18 09:00:00,-81.50451,104,-71,-78.94934,-83.443756,-90.70584,-56.77942,True,-76.39418,-84.63834,-91.79961,-57.68329,True
2024-05-18 09:05:00,-81.29157,104,-74,-78.73641,-83.13175,-90.655334,-56.300213,True,-76.18125,-84.25431,-91.69113,-57.147007,True
2024-05-18 09:10:00,-81.07864,104,-74,-78.52348,-82.51895,-90.2422,-55.695755,True,-75.96832,-83.35601,-91.014565,-56.32333,True
2024-05-18 09:15:00,-80.865715,104,-73,-78.310555,-81.6207,-89.79777,-54.813377,True,-75.755394,-81.97596,-90.115135,-55.070297,True
2024-05-18 09:20:00,-80.65279,104,-73,-78.097626,-80.94954,-89.29979,-54.28848,True,-75.542465,-80.98602,-89.32175,-54.29998,True
2024-05-18 09:25:00,-80.43986,104,-74,-77.8847,-80.437775,-88.365875,-54.279346,True,-75.32953,-80.2693,-88.201775,-54.132637,True
2024-05-18 09:30:00,-80.22692,104,-74,-77.67176,-79.931984,-87.60654,-54.192287,True,-75.1166,-79.56052,-87.25746,-53.88847,True
2024-05-18 09:35:00,-80.01399,104,-73,-77.45883,-79.68326,-87.0352,-54.03021,True,-74.90367,-79.29238,-86.67865,-53.71065,True
2024-05-18 09:40:00,-79.80106,104,-72,-77.2459,-79.51187,-86.45051,-54.109444,True,-74.69074,-79.159195,-86.14082,-53.81827,True
2024-05-18 09:45:00,-79.588135,104,-74,-77.032974,-79.46421,-86.22684,-54.074654,True,-74.47781,-79.23707,-86.05074,-53.87982,True
2024-05-18 09:50:00,-79.375206,104,-75,-76.820045,-79.38188,-86.04297,-53.941895,True,-74.26488,-79.254295,-85.97355,-53.824245,True
2024-05-18 09:55:00,-79.16228,104,-76,-76.60711,-79.28195,-85.67778,-54.005684,True,-74.05195,-79.242165,-85.70422,-53.956165,True
2024-05-18 10:00:00,-78.94934,104,-76,-76.39418,-78.696465,-85.131935,-53.747475,True,-73.83902,-78.39857,-84.91703,-53.49693,True
2024-05-18 10:05:00,-78.73641,104,-76,-76.18125,-78.23037,-84.27764,-53.852463,True,-73.62609,-77.75973,-83.90398,-53.465946,True
2024-05-18 10:10:00,-78.52348,104,-77,-75.96832,-77.296585,-83.75368,-53.2012,True,-73.41316,-76.319695,-82.896225,-52.41647,True
2024-05-18 10:15:00,-78.310555,104,-78,-75.755394,-75.952194,-82.89912,-52.21672,True,-73.20023,-74.179634,-81.27812,-50.804977,True
2024-05-18 10:20:00,-78.097626,104,-78,-75.542465,-74.9079,-82.33313,-51.366882,True,-72.9873,-72.55577,-80.163445,-49.496803,True
2024-05-18 10:25:00,-77.8847,104,-78,-75.32953,-74.36415,-82.30676,-50.857254,True,-72.77437,-71.774704,-79.92221,-48.801685,True
2024-05-18 10:30:00,-77.67176,104,-78,-75.1166,-73.63197,-82.46361,-50.083664,True,-72.56144,-70.658905,-79.73123,-47.733696,True
2024-05-18 10:35:00,-77.45883,104,-78,-74.90367,-72.7052,-81.97881,-49.225456,True,-72.34851,-69.20348,-78.74897,-46.46548,True
2024-05-18 10:40:00,-77.2459,104,-78,-74.69074,-72.62838,-81.89331,-49.247643,True,-72.13558,-69.202675,-78.754074,-46.547714,True
2024-05-18 10:45:00,-77.032974,104,-79,-74.47781,-71.985725,-82.23662,-48.46843,True,-71.922646,-68.210625,-78.79941,-45.50574,True
2024-05-18 10:50:00,-76.820045,104,-80,-74.26488,-71.73535,-82.11536,-48.47364,True,-71.70972,-67.901794,-78.63302,-45.461,True
2024-05-18 10:55:00,-76.60711,104,-81,-74.05195,-71.95082,-81.739265,-49.038506,True,-71.49679,-68.42512,-78.54367,-46.254906,True
2024-05-18 11:00:00,-76.39418,104,-80,-73.83902,-72.48742,-81.199776,-49.978527,True,-71.28386,-69.52138,-78.52971,-47.61794,True
2024-05-18 11:05:00,-76.18125,104,-80,-73.62609,-72.41927,-81.226135,-49.75652,True,-71.07093,-69.56128,-78.67391,-47.479816,True
2024-05-18 11:10:00,-75.96832,104,-81,-73.41316,-73.60138,-81.306335,-50.661427,True,-70.858,-71.81958,-79.78731,-49.22446,True
2024-05-18 11:15:00,-75.755394,104,-80,-73.20023,-73.813866,-81.42462,-50.348293,True,-70.645065,-72.37097,-80.23858,-49.17978,True
2024-05-18 11:20:00,-75.542465,104,-78,-72.9873,-73.8394,-80.7636,-50.684036,True,-70.43214,-72.586754,-79.75895,-49.660038,True
2024-05-18 11:25:00,-75.32953,104,-78,-72.77437,-73.50105,-80.66342,-50.508797,True,-70.21921,-72.162796,-79.583786,-49.41389,True
2024-05-18 11:30:00,-75.1166,104,-76,-72.56144,-73.09065,-80.27965,-50.21246,True,-70.00628,-71.616394,-79.07203,-49.00615,True
2024-05-18 11:35:00,-74.90367,104,-77,-72.34851,-72.600555,-79.82914,-49.816948,True,-69.79335,-70.93082,-78.4341,-48.452484,True
2024-05-18 11:40:00,-74.69074,104,-77,-72.13558,-72.1838,-79.76655,-49.457794,True,-69.58042,-70.366425,-78.24085,-47.975674,True
2024-05-18 11:45:00,-74.47781,104,-76,-71.922646,-71.54278,-79.4163,-48.703224,True,-69.367485,-69.4162,-77.604485,-46.97703,True
2024-05-18 11:50:00,-74.26488,104,-74,-71.70972,-71.0209,-79.14508,-48.128098,True,-69.15456,-68.668785,-77.13314,-46.224426,True
2024-05-18 11:55:00,-74.05195,104,-74,-71.49679,-70.595085,-79.11981,-47.525875,True,-68.94163,-68.08651,-76.9794,-45.502354,True
2024-05-18 12:00:00,-73.83902,104,-75,-71.28386,-71.03313,-79.15815,-47.912422,True,-68.7287,-69.00563,-77.49514,-46.26702,True
2024-05-18 12:05:00,-73.62609,104,-76,-71.07093,-70.87127,-78.95608,-47.921,True,-68.51577,-68.883385,-77.3374,-46.302944,True
2024-05-18 12:10:00,-73.41316,104,-76,-70.858,-70.77704,-78.863174,-47.938442,True,-68.30283,-68.88023,-77.338425,-46.389427,True
2024-05-18 12:15:00,-73.20023,104,-76,-70.645065,-70.476166,-78.44052,-47.686993,True,-68.089905,-68.52437,-76.86538,-46.090515,True
2024-05-18 12:20:00,-72.9873,104,-75,-70.43214,-70.502975,-78.20699,-47.912876,True,-67.876976,-68.7358,-76.80985,-46.458534,True
2024-05-18 12:25:00,-72.77437,104,-74,-70.21921,-70.40221,-77.97989,-47.944378,True,-67.66405,-68.72964,-76.674545,-46.56269,True
2024-05-18 12:30:00,-72.56144,104,-74,-70.00628,-70.285774,-77.70933,-47.78621,True,-67.45112,-68.69987,-76.49582,-46.472218,True
2024-05-18 12:35:00,-72.34851,104,-70,-69.79335,-70.202965,-77.28587,-47.95523,True,-67.23819,-68.72405,-76.17695,-46.7237,True
2024-05-18 12:40:00,-72.13558,104,-70,-69.58042,-70.40743,-77.286865,-48.09313,True,-67.02525,-69.24654,-76.49789,-47.114857,True
2024-05-18 12:45:00,-71.922646,104,-70,-69.367485,-70.60588,-77.41025,-48.18523,True,-66.812325,-69.75427,-76.93011,-47.45533,True
2024-05-18 12:50:00,-71.70972,104,-70,-69.15456,-70.63731,-77.36792,-48.11165,True,-66.599396,-69.97455,-77.08328,-47.533615,True
2024-05-18 12:55:00,-71.49679,104,-70,-68.94163,-70.45663,-77.06024,-48.161057,True,-66.38647,-69.82271,-76.81436,-47.602413,True
2024-05-18 13:00:00,-71.28386,104,-70,-68.7287,-70.33996,-76.86296,-48.264217,True,-66.17354,-69.78074,-76.69931,-47.759758,True
2024-05-18 13:05:00,-71.07093,104,-71,-68.51577,-70.05324,-76.444,-48.347286,True,-65.9606,-69.44617,-76.241,-47.797855,True
2024-05-18 13:10:00,-70.858,104,-72,-68.30283,-69.35297,-76.028915,-48.04638,True,-65.74767,-68.38874,-75.48919,-47.202095,True
2024-05-18 13:15:00,-70.645065,104,-71,-68.089905,-68.59898,-75.44159,-47.63849,True,-65.534744,-67.23697,-74.52818,-46.463417,True
2024-05-18 13:20:00,-70.43214,104,-71,-67.876976,-68.234924,-75.27512,-47.585327,True,-65.321815,-66.75852,-74.26374,-46.311028,True
2024-05-18 13:25:00,-70.21921,104,-70,-67.66405,-67.52301,-74.915924,-47.076412,True,-65.10889,-65.667854,-73.55679,-45.483463,True
2024-05-18 13:30:00,-70.00628,104,-69,-67.45112,-66.98696,-74.67928,-46.673492,True,-64.89595,-64.8743,-73.07847,-44.859646,True
2024-05-18 13:35:00,-69.79335,104,-70,-67.23819,-66.444496,-74.28842,-46.466606,True,-64.68302,-64.07542,-72.44906,-44.428417,True
2024-05-18 13:40:00,-69.58042,104,-70,-67.02525,-66.49465,-74.027985,-46.86102,True,-64.47009,-64.32833,-72.3827,-44.97361,True
2024-05-18 13:45:00,-69.367485,104,-70,-66.812325,-66.50433,-73.8686,-47.091446,True,-64.257164,-64.51412,-72.400604,-45.335957,True
2024-05-18 13:50:00,-69.15456,104,-70,-66.599396,-66.59143,-73.944984,-47.14558,True,-64.044235,-64.84123,-72.724754,-45.579525,True
2024-05-18 13:55:00,-68.94163,104,-68,-66.38647,-66.758125,-74.03844,-47.323895,True,-63.8313,-65.30992,-73.122574,-46.00176,True
2024-05-18 14:00:00,-68.7287,104,-67,-66.17354,-66.9429,-74.005905,-47.62407,True,-63.61837,-65.81103,-73.40616,-46.555332,True
2024-05-18 14:05:00,-68.51577,104,-67,-65.9606,-67.186905,-74.0054,-47.91154,True,-63.405437,-66.42293,-73.77724,-47.138306,True
2024-05-18 14:10:00,-68.30283,104,-66,-65.74767,-67.211876,-73.784966,-48.185932,True,-63.19251,-66.64404,-73.758385,-47.563805,True
2024-05-18 14:15:00,-68.089905,104,-66,-65.534744,-67.100266,-73.58088,-48.192734,True,-62.97958,-66.62081,-73.646866,-47.633736,True
2024-05-18 14:20:00,-67.876976,104,-67,-65.321815,-66.80577,-73.35868,-48.174084,True,-62.766647,-66.27037,-73.3806,-47.555695,True
2024-05-18 14:25:00,-67.66405,104,-67,-65.10889,-66.60152,-73.04282,-48.411934,True,-62.55372,-66.07747,-73.07611,-47.786068,True
2024-05-18 14:30:00,-67.45112,104,-68,-64.89595,-66.190384,-72.568085,-48.541416,True,-62.340786,-65.51589,-72.45705,-47.76954,True
2024-05-18 14:35:00,-67.23819,104,-68,-64.68302,-65.81095,-72.27101,-48.61526,True,-62.127857,-65.00496,-72.03342,-47.715076,True
2024-05-18 14:40:00,-67.02525,104,-68,-64.47009,-65.449715,-72.07224,-48.679535,True,-61.91493,-64.52199,-71.71951,-47.658524,True
2024-05-18 14:45:00,-66.812325,104,-68,-64.257164,-65.34405,-71.949776,-48.931824,True,-61.701996,-64.50065,-71.679115,-47.963108,True
2024-05-18 14:50:00,-66.599396,104,-68,-64.044235,-65.037224,-71.84285,-48.916267,True,-61.489067,-64.1119,-71.48778,-47.855545,True
2024-05-18 14:55:00,-66.38647,104,-67,-63.8313,-64.78575,-71.88149,-48.833214,True,-61.27614,-63.820045,-71.48982,-47.719925,True
2024-05-18 15:00:00,-66.17354,104,-66,-63.61837,-64.53943,-71.839905,-48.78044,True,-61.063206,-63.538563,-71.41762,-47.619423,True
2024-05-18 15:05:00,-65.9606,104,-65,-63.405437,-64.13465,-71.86814,-48.56555,True,-60.850277,-62.957336,-71.28597,-47.235703,True
2024-05-18 15:10:00,-65.74767,104,-65,-63.19251,-63.897545,-71.85803,-48.623146,True,-60.637344,-62.67929,-71.238045,-47.238235,True
2024-05-18 15:15:00,-65.534744,104,-65,-62.97958,-63.40425,-72.00474,-48.07604,True,-60.424416,-61.92725,-71.145905,-46.452023,True
2024-05-18 15:20:00,-65.321815,104,-64,-62.766647,-63.19212,-72.08034,-47.897667,True,-60.211487,-61.69544,-71.20901,-46.240025,True
2024-05-18 15:25:00,-65.10889,104,-64,-62.55372,-63.149734,-72.08087,-47.92363,True,-59.998554,-61.790466,-71.341446,-46.36776,True
2024-05-18 15:30:00,-64.89595,104,-65,-62.340786,-63.305107,-72.14471,-48.03142,True,-59.785625,-62.267387,-71.72315,-46.73774,True
2024-05-18 15:35:00,-64.68302,104,-65,-62.127857,-63.30446,-72.11629,-48.0054,True,-59.572693,-62.450344,-71.87196,-46.85865,True
2024-05-18 15:40:00,-64.47009,104,-64,-61.91493,-63.57247,-72.14791,-48.108494,True,-59.359764,-63.146362,-72.31621,-47.32528,True
2024-05-18 15:45:00,-64.257164,104,-64,-61.701996,-63.79102,-72.13267,-48.149475,True,-59.146835,-63.750774,-72.67814,-47.692684,True
2024-05-18 15:50:00,-64.044235,104,-64,-61.489067,-63.95335,-72.310875,-47.95406,True,-58.933907,-64.235756,-73.17331,-47.78159,True
2024-05-18 15:55:00,-63.8313,104,-64,-61.27614,-64.00916,-72.305435,-47.78085,True,-58.720974,-64.523926,-73.39382,-47.807613,True
2024-05-18 16:00:00,-63.61837,104,-63,-61.063206,-63.99837,-72.33386,-47.54115,True,-58.508045,-64.68444,-73.58993,-47.71433,True
2024-05-18 16:05:00,-63.405437,104,-63,-60.850277,-64.01279,-72.17058,-47.660168,True,-58.295113,-64.88766,-73.600784,-47.996174,True
2024-05-18 16:10:00,-63.19251,104,-63,-60.637344,-63.808117,-71.88899,-47.622902,True,-58.082184,-64.68541,-73.314804,-47.956203,True
2024-05-18 16:15:00,-62.97958,104,-62,-60.424416,-63.082176,-71.60242,-47.096054,True,-57.869255,-63.503994,-72.57796,-47.025196,True
2024-05-18 16:20:00,-62.766647,104,-62,-60.211487,-62.510452,-71.63138,-46.578148,True,-57.656322,-62.604347,-72.291016,-46.209694,True
2024-05-18 16:25:00,-62.55372,104,-62,-59.998554,-62.02718,-71.518684,-46.30874,True,-57.443394,-61.864258,-71.92163,-45.704056,True
2024-05-18 16:30:00,-62.340786,104,-61,-59.785625,-61.467773,-71.36082,-46.01484,True,-57.23046,-60.971138,-71.43031,-45.102592,True
2024-05-18 16:35:00,-62.127857,104,-61,-59.572693,-61.216534,-71.25979,-45.969753,True,-57.017532,-60.667667,-71.26704,-44.99394,True
2024-05-18 16:40:00,-61.91493,104,-62,-59.359764,-60.898468,-71.238144,-45.88595,True,-56.804604,-60.231956,-71.11808,-44.79634,True
2024-05-18 16:45:00,-61.701996,104,-62,-59.146835,-60.546124,-71.306244,-45.64996,True,-56.591675,-59.72398,-71.02071,-44.42011,True
2024-05-18 16:50:00,-61.489067,104,-61,-58.933907,-60.922115,-71.29446,-46.072754,True,-56.378742,-60.643562,-71.52106,-45.315712,True
2024-05-18 16:55:00,-61.27614,104,-61,-58.720974,-60.7692,-71.15389,-45.978497,True,-56.16581,-60.53342,-71.41299,-45.259663,True
2024-05-18 17:00:00,-61.063206,104,-59,-58.508045,-60.358463,-71.34285,-45.23,True,-55.95288,-59.91892,-71.41167,-44.34145,True
2024-05-18 17:05:00,-60.850277,104,-59,-58.295113,-61.02489,-71.34533,-45.67459,True,-55.739952,-61.407562,-72.190025,-45.517597,True
2024-05-18 17:10:00,-60.637344,104,-59,-58.082184,-61.340588,-71.18534,-45.83523,True,-55.527023,-62.20896,-72.48748,-46.11129,True
2024-05-18 17:15:00,-60.424416,104,-59,-57.869255,-61.474297,-71.05241,-45.81644,True,-55.314095,-62.652317,-72.639435,-46.37458,True
2024-05-18 17:20:00,-60.211487,104,-60,-57.656322,-61.555916,-71.027756,-45.68208,True,-55.10116,-62.992138,-72.849434,-46.478977,True
2024-05-18 17:25:00,-59.998554,104,-60,-57.443394,-61.42541,-70.882614,-45.55609,True,-54.88823,-62.926266,-72.754875,-46.419277,True
2024-05-18 17:30:00,-59.785625,104,-60,-57.23046,-61.284485,-70.97293,-45.27108,True,-54.6753,-62.84073,-72.887886,-46.191868,True
2024-05-18 17:35:00,-59.572693,104,-61,-57.017532,-60.97966,-70.658455,-45.026947,True,-54.46237,-62.443363,-72.47151,-45.87419,True
2024-05-18 17:40:00,-59.359764,104,-61,-56.804604,-60.567997,-70.48325,-44.746338,True,-54.24944,-61.844395,-72.11241,-45.42902,True
2024-05-18 17:45:00,-59.146835,104,-60,-56.591675,-60.080807,-70.39465,-44.34735,True,-54.03651,-61.098053,-71.77411,-44.80085,True
2024-05-18 17:50:00,-58.933907,104,-60,-56.378742,-59.37476,-70.32455,-43.71804,True,-53.82358,-59.92017,-71.24688,-43.76189,True
2024-05-18 17:55:00,-58.720974,104,-61,-56.16581,-59.038185,-70.31357,-43.375694,True,-53.61065,-59.458748,-71.11029,-43.30955,True
2024-05-18 18:00:00,-58.508045,104,-59,-55.95288,-58.90739,-70.127716,-43.369072,True,-53.39772,-59.39916,-70.97936,-43.36588,True
2024-05-18 18:05:00,-58.295113,104,-57,-55.739952,-58.627335,-69.987656,-43.165695,True,-53.184788,-59.047787,-70.75697,-43.10324,True
2024-05-18 18:10:00,-58.082184,104,-58,-55.527023,-58.4164,-69.79152,-43.022842,True,-52.97186,-58.830666,-70.537384,-42.96155,True
2024-05-18 18:15:00,-57.869255,104,-59,-55.314095,-58.03006,-69.76196,-42.63828,True,-52.75893,-58.268074,-70.329796,-42.427002,True
2024-05-18 18:20:00,-57.656322,104,-59,-55.10116,-57.77191,-70.01904,-42.09548,True,-52.545998,-57.957287,-70.536575,-41.846684,True
2024-05-18 18:25:00,-57.443394,104,-59,-54.88823,-57.780525,-70.005135,-41.93696,True,-52.33307,-58.174995,-70.71298,-41.88063,True
2024-05-18 18:30:00,-57.23046,104,-58,-54.6753,-58.10139,-69.835754,-42.100025,True,-52.12014,-59.00351,-71.012985,-42.505585,True
2024-05-18 18:35:00,-57.017532,104,-58,-54.46237,-57.566322,-69.542274,-41.625614,True,-51.907207,-58.15009,-70.407845,-41.75873,True
2024-05-18 18:40:00,-56.804604,104,-57,-54.24944,-57.391518,-69.69398,-41.06068,True,-51.69428,-58.004692,-70.58069,-41.234642,True
2024-05-18 18:45:00,-56.591675,104,-58,-54.03651,-56.789993,-69.406296,-40.525696,True,-51.48135,-57.01982,-69.92189,-40.371162,True
2024-05-18 18:50:00,-56.378742,104,-58,-53.82358,-56.382923,-69.83605,-39.682148,True,-51.268417,-56.417934,-70.17089,-39.372578,True
2024-05-18 18:55:00,-56.16581,104,-59,-53.61065,-56.103355,-69.57484,-39.47396,True,-51.05549,-56.06539,-69.831726,-39.107483,True
2024-05-18 19:00:00,-55.95288,104,-58,-53.39772,-55.794937,-69.623795,-39.039036,True,-50.84256,-55.656128,-69.780136,-38.598667,True
2024-05-18 19:05:00,-55.739952,104,-57,-53.184788,-55.730656,-69.85733,-38.82529,True,-50.629627,-55.733624,-70.147606,-38.52658,True
2024-05-18 19:10:00,-55.527023,104,-57,-52.97186,-55.732906,-69.66135,-38.81456,True,-50.4167,-55.94029,-70.12582,-38.705975,True
2024-05-18 19:15:00,-55.314095,104,-57,-52.75893,-55.45207,-69.166306,-38.641487,True,-50.203766,-55.58641,-69.55098,-38.47266,True
2024-05-18 19:20:00,-55.10116,104,-56,-52.545998,-55.396152,-69.205086,-38.39077,True,-49.990837,-55.67833,-69.71497,-38.367413,True
2024-05-18 19:25:00,-54.88823,104,-55,-52.33307,-55.453014,-69.160904,-38.32458,True,-49.77791,-55.99199,-69.89843,-38.540493,True
2024-05-18 19:30:00,-54.6753,104,-54,-52.12014,-55.838764,-69.080765,-38.55406,True,-49.564976,-56.94388,-70.3233,-39.28493,True
2024-05-18 19:35:00,-54.46237,104,-54,-51.907207,-56.02761,-68.675735,-38.812492,True,-49.352047,-57.502514,-70.24919,-39.880344,True
2024-05-18 19:40:00,-54.24944,104,-53,-51.69428,-56.37608,-68.512535,-39.002655,True,-49.13912,-58.364105,-70.539536,-40.540596,True
2024-05-18 19:45:00,-54.03651,104,-53,-51.48135,-56.49581,-68.14149,-39.12319,True,-48.926186,-58.77465,-70.42356,-40.93376,True
2024-05-18 19:50:00,-53.82358,104,-53,-51.268417,-56.288322,-67.86034,-38.95608,True,-48.713257,-58.561996,-70.12704,-40.774693,True
2024-05-18 19:55:00,-53.61065,104,-53,-51.05549,-55.93095,-67.64782,-38.658497,True,-48.500328,-58.068886,-69.77673,-40.370216,True
2024-05-18 20:00:00,-53.39772,104,-53,-50.84256,-55.542942,-67.388176,-38.370777,True,-48.287395,-57.518448,-69.3584,-39.95007,True
2024-05-18 20:05:00,-53.184788,104,-53,-50.629627,-55.146015,-67.07954,-38.132942,True,-48.074467,-56.952362,-68.887596,-39.572277,True
2024-05-18 20:10:00,-52.97186,104,-52,-50.4167,-54.589687,-66.72391,-37.82689,True,-47.861534,-56.079643,-68.23509,-38.996727,True
2024-05-18 20:15:00,-52.75893,104,-51,-50.203766,-53.8469,-66.47154,-37.284973,True,-47.648605,-54.841885,-67.520035,-38.028282,True
2024-05-18 20:20:00,-52.545998,104,-51,-49.990837,-53.130753,-66.30004,-36.69887,True,-47.435677,-53.647892,-66.90421,-37.02969,True
2024-05-18 20:25:00,-52.33307,104,-51,-49.77791,-52.592106,-66.11917,-36.265953,True,-47.222744,-52.794308,-66.428566,-36.32932,True
2024-05-18 20:30:00,-52.12014,104,-51,-49.564976,-52.25453,-65.75626,-36.061905,True,-47.009815,-52.33399,-65.943855,-36.0294,True
2024-05-18 20:35:00,-51.907207,104,-50,-49.352047,-51.95726,-65.71386,-35.7223,True,-46.796883,-51.955082,-65.818596,-35.63126,True
2024-05-18 20:40:00,-51.69428,104,-49,-49.13912,-51.70857,-65.6994,-35.41595,True,-46.583954,-51.67144,-65.76442,-35.306606,True
2024-05-18 20:45:00,-51.48135,104,-49,-48.926186,-51.537415,-65.597755,-35.230522,True,-46.371025,-51.53934,-65.68837,-35.16771,True
2024-05-18 20:50:00,-51.268417,104,-49,-48.713257,-51.52838,-65.279396,-35.298164,True,-46.158092,-51.722332,-65.53182,-35.4166,True
2024-05-18 20:55:00,-51.05549,104,-49,-48.500328,-51.375042,-65.12971,-35.147728,True,-45.945164,-51.62526,-65.423256,-35.32794,True
2024-05-18 21:00:00,-50.84256,104,-48,-48.287395,-51.266956,-64.88563,-35.07864,True,-45.732235,-51.616245,-65.257484,-35.358994,True
2024-05-18 21:05:00,-50.629627,104,-47,-48.074467,-51.138725,-64.640686,-34.9747,True,-45.519302,-51.56567,-65.07134,-35.336273,True
2024-05-18 21:10:00,-50.4167,104,-47,-47.861534,-50.931507,-64.36814,-34.816948,True,-45.306374,-51.36175,-64.79159,-35.193798,True
2024-05-18 21:15:00,-50.203766,104,-46,-47.648605,-50.691475,-64.0509,-34.66459,True,-45.09344,-51.09425,-64.43972,-35.0291,True
2024-05-18 21:20:00,-49.990837,104,-46,-47.435677,-50.502094,-63.913414,-34.47985,True,-44.880512,-50.92473,-64.31065,-34.87249,True
2024-05-18 21:25:00,-49.77791,104,-45,-47.222744,-50.23882,-63.868977,-34.172085,True,-44.667583,-50.614956,-64.21383,-34.53517,True
2024-05-18 21:30:00,-49.564976,104,-44,-47.009815,-50.090965,-63.602825,-34.074097,True,-44.45465,-50.530785,-63.994,-34.507046,True
2024-05-18 21:35:00,-49.352047,104,-44,-46.796883,-49.908096,-63.523327,-33.87112,True,-44.241722,-50.380287,-63.931103,-34.34486,True
2024-05-18 21:40:00,-49.13912,104,-43,-46.583954,-49.819397,-63.550297,-33.694958,True,-44.02879,-50.41037,-64.05092,-34.283985,True
2024-05-18 21:45:00,-48.926186,104,-43,-46.371025,-49.580147,-63.523872,-33.41961,True,-43.81586,-50.148205,-63.99219,-33.997818,True
2024-05-18 21:50:00,-48.713257,104,-43,-46.158092,-49.14167,-63.389645,-33.009125,True,-43.602932,-49.50078,-63.662685,-33.414284,True
2024-05-18 21:55:00,-48.500328,104,-42,-45.945164,-48.776737,-63.04326,-32.74409,True,-43.39,-48.993847,-63.182224,-33.036064,True
2024-05-18 22:00:00,-48.287395,104,-42,-45.732235,-48.381096,-62.78265,-32.42833,True,-43.26,-48.42813,-62.76321,-32.58139,True
2024-05-18 22:05:00,-48.074467,104,-42,-45.519302,-47.998154,-62.449684,-32.127144,True,-42.75,-47.88268,-62.278927,-32.147488,True
2024-05-18 22:10:00,-47.861534,104,-42,-45.306374,-47.81618,-62.360775,-31.93711,True,-41.91,-47.730785,-62.206505,-31.993649,True
2024-05-18 22:15:00,-47.648605,104,-42,-45.09344,-47.574886,-61.98807,-31.806528,True,-41.3,-47.46026,-61.799446,-31.846731,True
2024-05-18 22:20:00,-47.435677,104,-42,-44.880512,-47.44353,-61.497185,-31.836292,True,-40.58,-47.40476,-61.36834,-31.95225,True
2024-05-18 22:25:00,-47.222744,104,-43,-44.667583,-47.30169,-60.96937,-31.89579,True,-39.49,-47.32783,-60.89017,-32.07982,True
2024-05-18 22:30:00,-47.009815,104,-42,-44.45465,-47.25846,-60.689495,-31.939236,True,-38.36,-47.44412,-60.742092,-32.27529,True
2024-05-18 22:35:00,-46.796883,104,-43,-44.241722,-47.195744,-60.4345,-31.952826,True,-37.8,-47.51953,-60.60047,-32.420578,True
2024-05-18 22:40:00,-46.583954,104,-43,-44.02879,-47.10595,-60.40219,-31.848995,True,-37.25,-47.543667,-60.657978,-32.425247,True
2024-05-18 22:45:00,-46.371025,104,-44,-43.81586,-47.064686,-60.56799,-31.700214,True,-36.59,-47.658676,-60.94891,-32.419453,True
2024-05-18 22:50:00,-46.158092,104,-44,-43.602932,-47.02346,-60.52749,-31.633179,True,-35.82,-47.775093,-61.037178,-32.496346,True
2024-05-18 22:55:00,-45.945164,104,-44,-43.39,-46.919132,-60.130615,-31.6619,True,-35.22,-47.767925,-60.718903,-32.62115,True
2024-05-18 23:00:00,-45.732235,104,-44,-43.26,-46.628674,-59.56874,-31.59179,True,-34.35,-47.40277,-60.08925,-32.49486,True
2024-05-18 23:05:00,-45.519302,104,-44,-42.75,-46.28322,-59.11399,-31.410898,True,-34.0,-46.934116,-59.521637,-32.213024,True
2024-05-18 23:10:00,-45.306374,104,-44,-41.91,-45.986557,-59.036873,-31.128345,True,-32.96,-46.561848,-59.367737,-31.867968,True
2024-05-18 23:15:00,-45.09344,104,-43,-41.3,-45.644047,-58.71127,-30.917173,True,-32.31,-46.10471,-58.93543,-31.559868,True
2024-05-18 23:20:00,-44.880512,104,-44,-40.58,-45.293,-58.433533,-30.684088,True,-31.230001,-45.631737,-58.54022,-31.228035,True
2024-05-18 23:25:00,-44.667583,104,-44,-39.49,-44.9365,-58.269585,-30.391184,True,-30.3,-45.1492,-58.25598,-30.829355,False
2024-05-18 23:30:00,-44.45465,104,-44,-38.36,-44.80736,-57.94499,-30.362637,True,-30.37,-45.09901,-57.992916,-30.878574,False
2024-05-18 23:35:00,-44.241722,104,-45,-37.8,-44.493862,-57.79198,-30.139977,True,-29.22,-44.70122,-57.75878,-30.582996,False
2024-05-18 23:40:00,-44.02879,104,-44,-37.25,-44.085747,-57.552475,-29.871273,True,-28.39,-44.119675,-57.3617,-30.166798,False
2024-05-18 23:45:00,-43.81586,104,-44,-36.59,-43.841095,-57.43835,-29.681059,True,-28.3,-43.850384,-57.2172,-29.960165,False
2024-05-18 23:50:00,-43.602932,104,-44,-35.82,-43.453087,-57.024464,-29.455969,True,-28.12,-43.302544,-56.658375,-29.60135,False
2024-05-18 23:55:00,-43.39,104,-44,-35.22,-42.97216,-56.718224,-29.12987,True,-28.530003,-42.57847,-56.136982,-29.064707,False
2024-05-19 00:00:00,-43.26,104,-45,-34.35,-42.494865,-56.24349,-28.89172,True,-28.45,-41.777576,-55.38066,-28.54265,False
2024-05-19 00:05:00,-42.75,104,-45,-34.0,-41.919346,-56.021816,-28.345053,True,-28.85,-41.14071,-55.09815,-27.947243,True
2024-05-19 00:10:00,-41.91,104,-45,-32.96,-40.983883,-55.66322,-27.382862,True,-29.03,-40.11587,-54.654346,-26.91035,True
2024-05-19 00:15:00,-41.3,104,-46,-32.31,-40.28489,-55.8011,-26.517075,True,-29.060001,-39.33895,-54.71541,-25.984406,True
2024-05-19 00:20:00,-40.58,104,-46,-31.230001,-39.616478,-55.30524,-25.875181,True,-29.25,-38.719547,-54.254093,-25.39087,True
2024-05-19 00:25:00,-39.49,104,-46,-30.3,-38.744427,-54.422344,-25.106283,True,-29.8,-38.055183,-53.541977,-24.810665,True
2024-05-19 00:30:00,-38.36,104,-45,-30.37,-37.925182,-53.784714,-24.324146,True,-30.24,-37.536255,-53.1492,-24.299267,True
2024-05-19 00:35:00,-37.8,104,-45,-29.22,-37.60904,-53.30926,-24.05346,True,-31.05,-37.44733,-52.85263,-24.239323,True
2024-05-19 00:40:00,-37.25,104,-45,-28.39,-37.605946,-53.262897,-23.9802,True,-32.06,-37.94912,-53.210926,-24.620314,True
2024-05-19 00:45:00,-36.59,104,-45,-28.3,-37.597942,-53.355217,-23.81194,True,-32.62,-38.535957,-53.763054,-24.982466,True
2024-05-19 00:50:00,-35.82,104,-45,-28.12,-37.33112,-52.45383,-23.63469,True,-33.23,-38.714966,-53.22299,-25.214796,True
2024-05-19 00:55:00,-35.22,104,-44,-28.530003,-37.2276,-52.469208,-23.383728,True,-34.76,-39.05059,-53.5665,-25.356146,True
2024-05-19 01:00:00,-34.35,104,-44,-28.45,-36.9232,-52.67349,-22.862118,True,-36.11,-39.24263,-54.10309,-25.275814,True
2024-05-19 01:05:00,-34.0,104,-44,-28.85,-36.804028,-51.976288,-22.89786,True,-38.05,-39.317493,-53.56255,-25.498507,True
2024-05-19 01:10:00,-32.96,104,-44,-29.03,-35.95048,-51.262394,-22.143568,True,-39.43,-38.633312,-52.95719,-24.902311,True
2024-05-19 01:15:00,-32.31,104,-44,-29.060001,-35.533714,-51.084583,-21.738699,True,-40.05,-38.419357,-52.90517,-24.678724,True
2024-05-19 01:20:00,-31.230001,104,-44,-29.25,-34.593742,-49.98008,-21.007767,True,-40.87,-37.61231,-51.89481,-24.080973,True
2024-05-19 01:25:00,-30.3,104,-43,-29.8,-33.87042,-49.801132,-20.269753,True,-41.28,-37.07877,-51.816753,-23.509432,True
2024-05-19 01:30:00,-30.37,104,-44,-30.24,-34.11728,-49.75152,-20.473406,True,-41.77,-37.469486,-51.887985,-23.844038,True
2024-05-19 01:35:00,-29.22,104,-43,-31.05,-32.929054,-48.4956,-19.475937,True,-42.74,-36.258816,-50.601074,-22.841028,True
2024-05-19 01:40:00,-28.39,104,-43,-32.06,-32.07393,-47.975254,-18.66385,True,-43.31,-35.395462,-50.052597,-22.021587,True
2024-05-19 01:45:00,-28.3,104,-43,-32.62,-31.995401,-47.71761,-18.623924,True,-44.5,-35.320507,-49.804882,-21.98583,True
2024-05-19 01:50:00,-28.12,104,-44,-33.23,-32.000706,-47.962616,-18.551674,True,-45.26,-35.47459,-50.128853,-22.038328,True
2024-05-19 01:55:00,-28.530003,104,-44,-34.76,-32.80031,-48.597466,-19.178751,True,-46.2,-36.58767,-50.998096,-22.941837,True
2024-05-19 02:00:00,-28.45,104,-44,-36.11,-33.186718,-48.486893,-19.469767,True,-46.92,-37.35239,-51.180256,-23.581594,True
2024-05-19 02:05:00,-28.85,104,-44,-38.05,-33.9368,-48.86673,-20.076674,True,-47.1,-38.372627,-51.77865,-24.429457,True
2024-05-19 02:10:00,-29.03,104,-45,-39.43,-34.257195,-48.77117,-20.341799,True,-46.97,-38.794594,-51.792805,-24.791143,True
2024-05-19 02:15:00,-29.060001,104,-44,-40.05,-34.337433,-48.82637,-20.456808,True,-46.62,-38.90573,-51.861904,-24.928839,True
2024-05-19 02:20:00,-29.25,104,-44,-40.87,-34.67342,-48.9564,-20.778969,True,-46.32,-39.339943,-52.061485,-25.33839,True
2024-05-19 02:25:00,-29.8,104,-44,-41.28,-35.14163,-49.099876,-21.324472,True,-48.17,-39.711506,-52.148064,-25.7956,True
2024-05-19 02:30:00,-30.24,104,-44,-41.77,-35.497196,-48.426037,-21.83342,True,-49.02,-39.98862,-51.521282,-26.260141,True
2024-05-19 02:35:00,-31.05,104,-44,-42.74,-36.13511,-49.198124,-22.41111,True,-49.85,-40.45815,-52.158142,-26.66702,True
2024-05-19 02:40:00,-32.06,104,-44,-43.31,-36.84813,-49.265244,-23.164158,True,-50.51,-40.887863,-52.07717,-27.175434,True
2024-05-19 02:45:00,-32.62,104,-45,-44.5,-37.23079,-49.864517,-23.418882,True,-51.17,-41.100082,-52.527027,-27.258377,True
2024-05-19 02:50:00,-33.23,104,-45,-45.26,-37.63847,-49.621445,-24.013397,True,-51.58,-41.312927,-52.17174,-27.686663,True
2024-05-19 02:55:00,-34.76,104,-45,-46.2,-38.80093,-50.43284,-25.206673,True,-51.68,-42.14073,-52.748154,-28.57423,True
2024-05-19 03:00:00,-36.11,104,-46,-46.92,-39.526924,-51.11765,-26.009773,True,-51.67,-42.329628,-53.016052,-28.881746,True
2024-05-19 03:05:00,-38.05,104,-45,-47.1,-40.819096,-52.311512,-27.36489,True,-51.33,-43.072475,-53.783867,-29.735395,True
2024-05-19 03:10:00,-39.43,104,-46,-46.97,-41.59275,-53.28618,-28.106644,True,-50.52,-43.332527,-54.328426,-30.011293,True
2024-05-19 03:15:00,-40.05,104,-46,-46.62,-41.889786,-54.06697,-28.307142,True,-49.53,-43.361977,-54.863583,-29.960648,True
2024-05-19 03:20:00,-40.87,104,-46,-46.32,-42.18752,-54.838806,-28.531797,True,-49.02,-43.22437,-55.25372,-29.785849,True
2024-05-19 03:25:00,-41.28,104,-46,-48.17,-42.410267,-55.71548,-28.43076,True,-49.06,-43.289043,-55.97046,-29.532148,True
2024-05-19 03:30:00,-41.77,104,-46,-49.02,-42.9474,-56.3272,-28.816154,True,-48.98,-43.8625,-56.60472,-29.94701,True
2024-05-19 03:35:00,-42.74,104,-45,-49.85,-44.028736,-57.719738,-29.489382,True,-48.91,-45.02926,-58.059658,-30.677727,True
2024-05-19 03:40:00,-43.31,104,-45,-50.51,-44.93827,-58.021572,-30.298157,True,-48.87,-46.209396,-58.606266,-31.720081,True
2024-05-19 03:45:00,-44.5,104,-46,-51.17,-46.555717,-58.7108,-31.795969,True,-48.86,-48.16377,-59.61506,-33.5093,True
2024-05-19 03:50:00,-45.26,104,-48,-51.58,-48.202007,-59.09362,-33.3795,True,-48.91,-50.523964,-60.64753,-35.718304,True
2024-05-19 03:55:00,-46.2,104,-49,-51.68,-49.838665,-59.481472,-34.8892,True,-49.12,-52.701824,-61.549824,-37.695778,True
2024-05-19 04:00:00,-46.92,104,-49,-51.67,-50.9217,-59.592274,-35.930458,True,-49.14,-54.051804,-61.93028,-38.97253,True
2024-05-19 04:05:00,-47.1,104,-49,-51.33,-51.313267,-59.27369,-36.353245,True,-49.13,-54.587936,-61.764084,-39.52688,True
2024-05-19 04:10:00,-46.97,104,-49,-50.52,-51.094044,-58.591866,-36.341156,True,-48.75,-54.273335,-61.01771,-39.435688,True
2024-05-19 04:15:00,-46.62,104,-48,-49.53,-50.478638,-57.995293,-35.958767,True,-48.42,-53.441246,-60.2249,-38.86864,True
2024-05-19 04:20:00,-46.32,104,-47,-49.02,-49.87911,-57.574444,-35.58148,True,-48.12,-52.609856,-59.593746,-38.2869,True
2024-05-19 04:25:00,-48.17,104,-47,-49.06,-50.996124,-58.747147,-36.79918,True,-47.75,-53.137978,-60.25796,-38.97598,True
2024-05-19 04:30:00,-49.02,104,-50,-48.98,-51.0907,-58.838276,-37.25347,True,-47.42,-52.632427,-59.83101,-38.90276,True
2024-05-19 04:35:00,-49.85,104,-53,-48.91,-51.06371,-59.061596,-37.579117,True,-47.15,-51.91833,-59.433746,-38.627907,True
2024-05-19 04:40:00,-50.51,104,-55,-48.87,-50.825737,-59.256855,-37.641083,True,-46.84,-50.95387,-58.96259,-38.05145,True
2024-05-19 04:45:00,-51.17,104,-56,-48.86,-50.78804,-59.619514,-37.78455,True,-46.53,-50.343987,-58.792767,-37.6924,True
2024-05-19 04:50:00,-51.58,104,-57,-48.91,-50.727306,-59.830902,-37.879726,True,-46.47,-49.891838,-58.642223,-37.441753,True
2024-05-19 04:55:00,-51.68,104,-59,-49.12,-50.64013,-59.978497,-37.821236,True,-46.41,-49.644512,-58.63438,-37.244804,True
2024-05-19 05:00:00,-51.67,104,-59,-49.14,-50.666584,-59.976597,-37.87494,True,-46.61,-49.69916,-58.661037,-37.320892,True
2024-05-19 05:05:00,-51.33,104,-59,-49.13,-50.331043,-59.72355,-37.561127,True,-46.64,-49.36611,-58.411797,-37.00575,True
2024-05-19 05:10:00,-50.52,104,-58,-48.75,-49.44229,-59.0744,-36.683605,True,-46.54,-48.411198,-57.701527,-36.065674,True
2024-05-19 05:15:00,-49.53,104,-56,-48.42,-48.57875,-58.206593,-35.897766,True,-46.4,-47.65449,-56.937725,-35.36658,True
2024-05-19 05:20:00,-49.02,104,-55,-48.12,-48.167698,-57.74664,-35.53092,True,-46.31,-47.32646,-56.558372,-35.067093,True
2024-05-19 05:25:00,-49.06,104,-56,-47.75,-48.207394,-57.852787,-35.454098,True,-46.11,-47.365807,-56.66464,-34.984997,True
2024-05-19 05:30:00,-48.98,104,-55,-47.42,-48.045723,-57.828262,-35.154438,True,-45.58,-47.134266,-56.5719,-34.621708,True
2024-05-19 05:35:00,-48.91,104,-55,-47.15,-47.99557,-57.747868,-35.020115,True,-44.64,-47.102036,-56.51484,-34.49488,True
2024-05-19 05:40:00,-48.87,104,-55,-46.84,-48.094124,-57.523064,-35.088715,True,-43.34,-47.314312,-56.39737,-34.65971,True
2024-05-19 05:45:00,-48.86,104,-55,-46.53,-48.31199,-57.310425,-35.327328,True,-42.67,-47.720425,-56.366257,-35.057354,True
2024-05-19 05:50:00,-48.91,104,-55,-46.47,-48.50829,-57.218197,-35.480083,True,-42.42,-48.036507,-56.390804,-35.309196,True
2024-05-19 05:55:00,-49.12,104,-55,-46.41,-48.821632,-57.249958,-35.71949,True,-41.98,-48.43321,-56.50623,-35.615334,True
2024-05-19 06:00:00,-49.14,104,-55,-46.61,-48.991146,-57.20394,-35.815495,True,-41.72,-48.723377,-56.576153,-35.810417,True
2024-05-19 06:05:00,-49.13,104,-55,-46.64,-49.094612,-57.121925,-35.85165,True,-41.4,-48.91564,-56.576805,-35.919758,True
2024-05-19 06:10:00,-48.75,104,-55,-46.54,-48.866432,-56.712498,-35.633694,True,-40.6,-48.808723,-56.284126,-35.802246,True
2024-05-19 06:15:00,-48.42,104,-54,-46.4,-48.604294,-56.316566,-35.450813,True,-40.510002,-48.59945,-55.941875,-35.660023,True
2024-05-19 06:20:00,-48.12,104,-54,-46.31,-48.129368,-55.949764,-35.050694,True,-40.310005,-47.982277,-55.448715,-35.13111,True
2024-05-19 06:25:00,-47.75,104,-54,-46.11,-47.47477,-55.45832,-34.529514,True,-40.510002,-47.094967,-54.745335,-34.40423,True
2024-05-19 06:30:00,-47.42,104,-53,-45.58,-46.93423,-55.000034,-34.079445,True,-40.58,-46.38424,-54.14136,-33.799007,True
2024-05-19 06:35:00,-47.15,104,-53,-44.64,-46.467323,-54.61698,-33.66815,True,-40.42,-45.75464,-53.611965,-33.242413,True
2024-05-19 06:40:00,-46.84,104,-53,-43.34,-46.19199,-54.33347,-33.4315,True,-40.19,-45.50584,-53.359592,-33.023735,True
2024-05-19 06:45:00,-46.53,104,-53,-42.67,-45.833546,-54.04678,-33.07955,True,-39.92,-45.106438,-53.0404,-32.63045,True
2024-05-19 06:50:00,-46.47,104,-52,-42.42,-45.842632,-53.93934,-33.036625,True,-39.52,-45.16934,-52.985912,-32.631233,True
2024-05-19 06:55:00,-46.41,104,-52,-41.98,-45.7998,-53.940804,-32.716995,True,-39.07,-45.139828,-53.005093,-32.31613,True
2024-05-19 07:00:00,-46.61,104,-52,-41.72,-45.972466,-53.94226,-32.800533,True,-38.72,-45.29052,-52.993366,-32.374783,True
2024-05-19 07:05:00,-46.64,104,-53,-41.4,-45.94344,-53.966496,-32.6065,True,-38.39,-45.213203,-52.980465,-32.132507,True
2024-05-19 07:10:00,-46.54,104,-53,-40.6,-46.00662,-53.807606,-32.663074,True,-38.05,-45.408012,-52.95013,-32.299564,True
2024-05-19 07:15:00,-46.4,104,-53,-40.510002,-45.81097,-53.603447,-32.486,True,-38.14,-45.167007,-52.713306,-32.077957,True
2024-05-19 07:20:00,-46.31,104,-53,-40.310005,-45.467747,-53.516273,-32.107616,True,-37.91,-44.616318,-52.44124,-31.515432,True
2024-05-19 07:25:00,-46.11,104,-53,-40.510002,-45.0922,-53.37312,-31.774555,True,-36.71,-44.097557,-52.178497,-31.052439,True
2024-05-19 07:30:00,-45.58,104,-52,-40.58,-44.276234,-52.746468,-31.015747,True,-34.72,-43.04406,-51.3423,-30.084568,True
2024-05-19 07:35:00,-44.64,104,-51,-40.42,-43.184036,-51.780014,-30.104338,True,-32.16,-41.823666,-50.272903,-29.05543,True
2024-05-19 07:40:00,-43.34,104,-50,-40.19,-41.809826,-50.5621,-28.969822,True,-29.64,-40.38031,-49.00615,-27.854351,True
2024-05-19 07:45:00,-42.67,104,-49,-39.92,-41.056942,-49.804573,-28.375443,True,-28.02,-39.55223,-48.18902,-27.191263,True
2024-05-19 07:50:00,-42.42,104,-48,-39.52,-40.902847,-49.40898,-28.34214,True,-26.98,-39.48016,-47.88039,-27.224552,False
2024-05-19 07:55:00,-41.98,104,-48,-39.07,-40.764442,-48.877766,-28.340431,True,-26.03,-39.595573,-47.59206,-27.440552,False
2024-05-19 08:00:00,-41.72,104,-48,-38.72,-40.755993,-48.523582,-28.405708,True,-26.38,-39.799423,-47.44167,-27.687714,False
2024-05-19 08:05:00,-41.4,104,-48,-38.39,-40.506657,-48.19946,-28.091585,True,-27.21,-39.611526,-47.185783,-27.42139,False
2024-05-19 08:10:00,-40.6,104,-48,-38.05,-39.978542,-47.529976,-27.566183,True,-28.09,-39.3072,-46.727535,-27.089025,True
2024-05-19 08:15:00,-40.510002,104,-48,-38.14,-39.926624,-47.52768,-27.396866,True,-28.22,-39.289078,-46.766464,-26.942091,True
2024-05-19 08:20:00,-40.310005,104,-48,-37.91,-39.297104,-47.399227,-26.650145,True,-27.93,-38.300907,-46.325603,-25.8727,True
2024-05-19 08:25:00,-40.510002,104,-48,-36.71,-39.45546,-47.62353,-26.72548,True,-26.25,-38.426292,-46.529667,-25.91538,True
2024-05-19 08:30:00,-40.58,104,-49,-34.72,-39.567436,-47.595425,-26.94896,True,-26.1,-38.57738,-46.549366,-26.169237,False
2024-05-19 08:35:00,-40.42,104,-48,-32.16,-39.347492,-47.356487,-26.880426,True,-26.8,-38.3076,-46.276264,-26.053865,True
2024-05-19 08:40:00,-40.19,104,-47,-29.64,-39.306175,-47.022404,-27.027718,True,-27.23,-38.428738,-46.101944,-26.339434,True
2024-05-19 08:45:00,-39.92,104,-47,-28.02,-39.301937,-46.65082,-27.147638,True,-26.76,-38.650974,-45.946537,-26.65488,True
2024-05-19 08:50:00,-39.52,104,-47,-26.98,-39.12727,-46.233334,-27.03238,False,-26.52,-38.66647,-45.71034,-26.703241,False
2024-05-19 08:55:00,-39.07,104,-47,-26.03,-38.59178,-45.790543,-26.497263,False,-26.79,-38.061695,-45.21729,-26.10048,True
2024-05-19 09:00:00,-38.72,104,-46,-26.38,-37.639835,-45.44159,-25.302465,True,-26.85,-36.60338,-44.426838,-24.451166,True
2024-05-19 09:05:00,-38.39,104,-45,-27.21,-36.540874,-45.371426,-23.742012,True,-30.45,-34.844692,-43.78467,-22.305967,True
2024-05-19 09:10:00,-38.05,104,-44,-28.09,-35.334988,-45.250435,-22.1743,True,-32.47,-32.87909,-43.01463,-20.073036,True
2024-05-19 09:15:00,-38.14,104,-44,-28.22,-34.261967,-45.46094,-20.6305,True,-32.14,-30.760878,-42.328014,-17.6318,True
2024-05-19 09:20:00,-37.91,104,-44,-27.93,-33.1013,-45.2551,-19.261482,True,-31.01,-28.726198,-41.381897,-15.521076,True
2024-05-19 09:25:00,-36.71,104,-43,-26.25,-30.815044,-44.18183,-16.78949,True,-30.94,-25.371813,-39.43987,-12.15289,True
2024-05-19 09:30:00,-34.72,104,-42,-26.1,-28.52307,-42.3948,-14.645042,True,-29.66,-22.729174,-37.420567,-9.717701,True
2024-05-19 09:35:00,-32.16,104,-40,-26.8,-26.974985,-40.157085,-13.884509,True,-27.37,-22.0948,-36.030064,-9.703877,True
2024-05-19 09:40:00,-29.64,104,-39,-27.23,-25.854296,-38.147324,-13.383075,True,-30.31,-22.269142,-35.168377,-10.282963,True
2024-05-19 09:45:00,-28.02,104,-39,-26.76,-25.519281,-37.29417,-13.167823,True,-30.69,-23.12339,-35.338543,-11.084505,True
2024-05-19 09:50:00,-26.98,104,-37,-26.52,-25.627493,-37.23761,-12.958191,True,-29.61,-24.278587,-36.15182,-11.78243,True
2024-05-19 09:55:00,-26.03,104,-35,-26.79,-25.867744,-37.23781,-12.740076,True,-29.55,-25.573544,-36.991028,-12.48701,True
2024-05-19 10:00:00,-26.38,104,-33,-26.85,-27.534327,-37.900814,-14.12621,True,-30.12,-28.370024,-38.5351,-14.877259,True
2024-05-19 10:05:00,-27.21,104,-33,-30.45,-29.910051,-38.905926,-16.33218,True,-30.12,-32.007477,-40.535465,-18.225172,True
2024-05-19 10:10:00,-28.09,104,-32,-32.47,-31.67081,-39.847023,-17.849443,True,-29.77,-34.443344,-42.022236,-20.362072,True
2024-05-19 10:15:00,-28.22,104,-32,-32.14,-32.73752,-40.3654,-18.793692,True,-30.2,-36.214043,-43.089123,-21.955439,True
2024-05-19 10:20:00,-27.93,104,-32,-31.01,-32.749695,-39.991005,-18.937223,True,-30.85,-36.45202,-42.906662,-22.314499,True
2024-05-19 10:25:00,-26.25,104,-30,-30.94,-31.154184,-38.570404,-17.755491,True,-30.54,-34.94769,-41.528824,-21.222738,True
2024-05-19 10:30:00,-26.1,104,-29,-29.66,-30.908264,-38.12474,-17.78887,True,-30.2,-34.643845,-41.05837,-21.205334,True
2024-05-19 10:35:00,-26.8,104,-29,-27.37,-31.432192,-38.261642,-18.697788,True,-30.14,-35.032238,-41.128273,-21.993313,True
2024-05-19 10:40:00,-27.23,104,-29,-30.31,-31.084646,-37.76608,-18.874113,True,-29.89,-34.10753,-40.23497,-21.637682,True
2024-05-19 10:45:00,-26.76,104,-29,-30.69,-28.83975,-36.53791,-17.079704,True,-29.94,-30.48834,-37.94625,-18.566156,True
2024-05-19 10:50:00,-26.52,104,-28,-29.61,-26.605455,-35.453922,-15.416851,True,-29.91,-26.600134,-35.553066,-15.38651,True
2024-05-19 10:55:00,-26.79,104,-29,-29.55,-25.053389,-35.114464,-14.113091,True,-30.47,-23.43609,-33.907734,-12.629909,True
2024-05-19 11:00:00,-26.85,104,-29,-30.12,-24.475225,-34.953827,-13.806993,True,-31.95,-22.256392,-33.25309,-11.78998,True
2024-05-19 11:05:00,-30.45,104,-30,-30.12,-27.4211,-38.058098,-16.243338,True,-32.54,-24.616161,-35.83878,-13.716944,True
2024-05-19 11:10:00,-32.47,104,-35,-29.77,-30.001326,-39.62094,-19.090092,True,-32.35,-27.732779,-37.821213,-17.030075,True
2024-05-19 11:15:00,-32.14,104,-36,-30.2,-30.489784,-38.943676,-20.379087,True,-31.75,-28.975384,-37.779705,-18.975567,True
2024-05-19 11:20:00,-31.01,104,-35,-30.85,-30.337864,-38.073418,-20.63182,True,-31.73,-29.711403,-37.683506,-20.016144,True
2024-05-19 11:25:00,-30.94,104,-34,-30.54,-31.193752,-38.17624,-21.395798,True,-31.14,-31.40235,-38.507816,-21.531525,True
2024-05-19 11:30:00,-29.66,104,-33,-30.2,-30.873508,-37.49397,-20.850693,True,-29.95,-31.921263,-38.535423,-21.74905,True
2024-05-19 11:35:00,-27.37,104,-29,-30.14,-29.429003,-36.306286,-18.921394,True,-29.000002,-31.19452,-37.913445,-20.477476,True
2024-05-19 11:40:00,-30.31,104,-29,-29.89,-32.58184,-38.802567,-21.707321,True,-28.9,-34.511684,-40.57873,-23.414204,True
2024-05-19 11:45:00,-30.69,104,-32,-29.94,-32.929043,-39.48662,-21.708574,True,-30.85,-34.812458,-41.221092,-23.368776,True
2024-05-19 11:50:00,-29.61,104,-32,-29.91,-31.907467,-38.71966,-21.01299,True,-30.59,-33.834362,-40.472805,-22.714153,True
2024-05-19 11:55:00,-29.55,104,-31,-30.47,-31.216244,-38.051308,-20.985697,True,-29.85,-32.631924,-39.406097,-22.211466,True
2024-05-19 12:00:00,-30.12,104,-32,-31.95,-30.9313,-37.54585,-21.7567,True,-31.660002,-31.639254,-38.335327,-22.321983,True
2024-05-19 12:05:00,-30.12,104,-32,-32.54,-29.763922,-37.463238,-20.417574,True,-32.09,-29.449606,-37.40094,-20.033154,True
2024-05-19 12:10:00,-29.77,104,-31,-32.35,-28.339886,-36.310074,-20.230883,True,-31.73,-27.037344,-35.383133,-18.932934,True
2024-05-19 12:15:00,-30.2,104,-31,-31.75,-27.812895,-36.881653,-19.542072,True,-32.03,-25.586927,-35.172188,-17.40897,True
2024-05-19 12:20:00,-30.85,104,-32,-31.73,-28.326876,-37.744114,-19.809984,True,-32.52,-25.96292,-35.921432,-17.555775,True
2024-05-19 12:25:00,-30.54,104,-32,-31.14,-27.29319,-37.41714,-18.852695,True,-32.79,-24.196123,-34.968353,-15.940484,True
2024-05-19 12:30:00,-30.2,104,-32,-29.95,-25.724031,-37.50332,-16.546474,True,-33.03,-21.354244,-34.044765,-12.528556,True
2024-05-19 12:35:00,-30.14,104,-32,-29.000002,-25.900879,-38.28665,-16.029505,True,-33.29,-21.752949,-35.095535,-12.226308,True
2024-05-19 12:40:00,-29.89,104,-31,-28.9,-25.57815,-38.14373,-15.6085825,True,-34.28,-21.345018,-34.90088,-11.728182,True
2024-05-19 12:45:00,-29.94,104,-32,-30.85,-25.302994,-38.21227,-15.083481,True,-34.91,-20.73063,-34.701653,-10.912583,False
2024-05-19 12:50:00,-29.91,104,-31,-30.59,-25.421415,-39.0955,-14.21141,True,-34.91,-21.006804,-35.82425,-10.203537,True
2024-05-19 12:55:00,-30.47,104,-31,-29.85,-26.680025,-40.768738,-14.235186,True,-35.19,-23.005741,-38.187927,-10.889006,True
2024-05-19 13:00:00,-31.95,104,-33,-31.660002,-29.462975,-43.084084,-15.75676,True,-35.81,-27.13559,-41.614647,-13.583346,True
2024-05-19 13:05:00,-32.54,104,-34,-32.09,-31.545853,-43.463936,-17.745321,True,-36.17,-30.680206,-43.151443,-16.834263,True
2024-05-19 13:10:00,-32.35,104,-35,-31.73,-32.0711,-43.30525,-18.161802,True,-36.51,-31.879406,-43.54714,-17.840666,True
2024-05-19 13:15:00,-31.75,104,-34,-32.03,-31.950974,-43.769035,-17.085587,True,-36.58,-32.195713,-44.38505,-17.154491,True
2024-05-19 13:20:00,-31.73,104,-34,-32.52,-32.46084,-44.363113,-16.983139,True,-36.54,-33.183437,-45.376114,-17.474669,True
2024-05-19 13:25:00,-31.14,104,-33,-32.79,-32.3,-44.172997,-16.613724,True,-36.04,-33.401516,-45.490753,-17.441818,True
2024-05-19 13:30:00,-29.95,104,-32,-33.03,-31.805586,-43.577366,-16.032715,True,-35.74,-33.507893,-45.357555,-17.399021,True
2024-05-19 13:35:00,-29.000002,104,-31,-33.29,-31.563107,-42.8199,-16.033081,True,-35.5,-33.86874,-45.065296,-17.94451,True
2024-05-19 13:40:00,-28.9,104,-31,-34.28,-31.841698,-42.245106,-16.869091,True,-34.86,-34.47068,-44.761234,-19.077047,True
2024-05-19 13:45:00,-30.85,104,-33,-34.91,-33.612373,-43.533722,-18.69147,True,-33.77,-36.087067,-45.983353,-20.753199,True
2024-05-19 13:50:00,-30.59,104,-34,-34.91,-33.38048,-43.20334,-18.658388,True,-33.65,-35.88513,-45.689568,-20.741928,True
2024-05-19 13:55:00,-29.85,104,-33,-35.19,-32.181614,-42.308945,-17.883162,True,-33.83,-34.313972,-44.517532,-19.614857,True
2024-05-19 14:00:00,-31.660002,104,-34,-35.81,-33.16097,-43.52934,-18.84591,True,-33.67,-34.59511,-45.216995,-19.925545,True
2024-05-19 14:05:00,-32.09,104,-36,-36.17,-32.91198,-43.578217,-18.85465,True,-33.03,-33.770355,-44.824398,-19.393185,True
2024-05-19 14:10:00,-31.73,104,-37,-36.51,-32.052837,-42.833435,-18.49611,True,-32.94,-32.478424,-43.73498,-18.623932,True
2024-05-19 14:15:00,-32.03,104,-37,-36.58,-31.720686,-42.74372,-18.485615,True,-32.04,-31.584257,-43.194485,-18.08405,True
2024-05-19 14:20:00,-32.52,104,-37,-36.54,-31.686787,-42.986317,-18.673653,True,-31.47,-31.071316,-43.044067,-17.822334,True
2024-05-19 14:25:00,-32.79,104,-38,-36.04,-31.35219,-43.15043,-18.504559,True,-31.37,-30.166334,-42.74985,-17.124722,True
2024-05-19 14:30:00,-33.03,104,-38,-35.74,-31.194008,-43.559986,-18.158833,True,-32.62,-29.62459,-42.86773,-16.42905,True
2024-05-19 14:35:00,-33.29,104,-39,-35.5,-31.285578,-44.09208,-18.029905,True,-33.09,-29.550884,-43.295197,-16.148981,True
2024-05-19 14:40:00,-34.28,104,-40,-34.86,-32.33331,-45.144382,-18.832083,True,-32.96,-30.667042,-44.41526,-17.001806,True
2024-05-19 14:45:00,-34.91,104,-41,-33.77,-33.512543,-46.153156,-19.777897,True,-32.45,-32.37994,-45.884388,-18.419144,True
2024-05-19 14:50:00,-34.91,104,-42,-33.65,-33.95675,-46.772854,-19.82683,True,-32.38,-33.24628,-46.889587,-18.844547,True
2024-05-19 14:55:00,-35.19,104,-41,-33.83,-34.3423,-46.96639,-20.118454,True,-31.36,-33.741375,-47.175453,-19.221224,True
2024-05-19 15:00:00,-35.81,104,-41,-33.67,-35.255657,-47.76461,-20.821827,True,-30.89,-34.93903,-48.21757,-20.173887,True
2024-05-19 15:05:00,-36.17,104,-41,-33.03,-35.812607,-48.242573,-21.172209,True,-30.44,-35.68778,-48.862648,-20.687628,True
2024-05-19 15:10:00,-36.51,104,-41,-32.94,-36.315517,-48.45325,-21.66754,True,-30.53,-36.350616,-49.204266,-21.314539,True
2024-05-19 15:15:00,-36.58,104,-41,-32.04,-36.277336,-48.640408,-21.502275,True,-30.72,-36.21729,-49.315456,-21.056759,True
2024-05-19 15:20:00,-36.54,104,-42,-31.47,-36.913155,-49.121708,-21.881968,True,-31.3,-37.46908,-50.3235,-21.986296,True
2024-05-19 15:25:00,-36.04,104,-42,-31.37,-37.158363,-48.609554,-22.500193,True,-31.2,-38.380207,-50.359707,-23.196716,True
2024-05-19 15:30:00,-35.74,104,-42,-32.62,-37.051914,-48.312195,-22.537884,True,-30.96,-38.445206,-50.21029,-23.37901,True
2024-05-19 15:35:00,-35.5,104,-41,-33.09,-36.98224,-48.220898,-22.443449,True,-30.75,-38.524128,-50.242233,-23.4145,True
2024-05-19 15:40:00,-34.86,104,-41,-32.96,-36.395275,-47.6894,-21.95554,True,-30.01,-37.98164,-49.738678,-22.9633,True
2024-05-19 15:45:00,-33.77,104,-41,-32.45,-35.516865,-46.97775,-21.1412,True,-29.13,-37.28793,-49.173546,-22.312372,True
2024-05-19 15:50:00,-33.65,104,-41,-32.38,-35.54189,-47.060326,-21.114874,True,-28.96,-37.44291,-49.36618,-22.395,True
2024-05-19 15:55:00,-33.83,104,-41,-31.36,-35.602993,-47.324142,-21.095675,True,-28.47,-37.401062,-49.538853,-22.276194,True
2024-05-19 16:00:00,-33.67,104,-40,-30.89,-34.90001,-46.9499,-20.645407,True,-29.03,-36.2185,-48.765163,-21.372993,True
2024-05-19 16:05:00,-33.03,104,-40,-30.44,-34.13898,-46.128345,-20.320757,True,-28.61,-35.348106,-47.837204,-20.935776,True
2024-05-19 16:10:00,-32.94,104,-40,-30.53,-33.88205,-45.83223,-20.376917,True,-28.74,-34.93995,-47.405704,-20.838533,True
2024-05-19 16:15:00,-32.04,104,-39,-30.72,-32.98729,-44.831947,-19.852638,True,-28.97,-34.049152,-46.396656,-20.30428,True
2024-05-19 16:20:00,-31.47,104,-38,-31.3,-32.357666,-44.248848,-19.557692,True,-29.8,-33.357666,-45.74909,-19.94414,True
2024-05-19 16:25:00,-31.37,104,-39,-31.2,-32.192997,-44.35312,-19.329378,True,-30.46,-33.126358,-45.79066,-19.65459,True
2024-05-19 16:30:00,-32.62,104,-39,-30.96,-33.503265,-45.714176,-20.399551,True,-31.74,-34.49153,-47.191593,-20.778862,True
2024-05-19 16:35:00,-33.09,104,-40,-30.75,-33.447586,-46.10492,-20.327297,True,-32.33,-33.93559,-47.158783,-20.240334,True
2024-05-19 16:40:00,-32.96,104,-40,-30.01,-33.239597,-46.100395,-20.065346,True,-31.59,-33.64764,-47.077896,-19.90624,True
2024-05-19 16:45:00,-32.45,104,-39,-29.13,-32.73563,-45.56931,-19.668308,True,-31.74,-33.145687,-46.531456,-19.50813,True
2024-05-19 16:50:00,-32.38,104,-39,-28.96,-32.70086,-45.340855,-19.738287,True,-32.85,-33.14421,-46.308674,-19.604063,True
2024-05-19 16:55:00,-31.36,104,-38,-28.47,-31.68285,-44.306652,-18.902649,True,-34.16,-32.12314,-45.254856,-18.763517,True
2024-05-19 17:00:00,-30.89,104,-38,-29.03,-31.219137,-44.05825,-18.365423,True,-35.57,-31.659042,-45.000732,-18.23369,True
2024-05-19 17:05:00,-30.44,104,-37,-28.61,-30.72454,-43.88046,-17.685974,True,-36.29,-31.114449,-44.7756,-17.517033,True
2024-05-19 17:10:00,-30.53,104,-37,-28.74,-31.105766,-44.257854,-17.811178,True,-37.27,-31.775558,-45.388535,-17.908186,True
2024-05-19 17:15:00,-30.72,104,-37,-28.97,-31.292957,-44.49103,-17.849077,True,-37.11,-31.954636,-45.605015,-17.947454,True
2024-05-19 17:20:00,-31.3,104,-38,-29.8,-31.646816,-45.03668,-18.030197,True,-35.47,-32.084026,-45.948833,-17.928837,True
2024-05-19 17:25:00,-31.2,104,-38,-30.46,-31.488976,-45.212914,-17.717638,True,-32.83,-31.863815,-46.071854,-17.567457,True
2024-05-19 17:30:00,-30.96,104,-38,-31.74,-31.104216,-45.135075,-17.290133,True,-30.99,-31.329597,-45.855675,-17.016857,True
2024-05-19 17:35:00,-30.75,104,-38,-32.33,-31.03749,-44.98879,-17.212254,True,-31.25,-31.397188,-45.80644,-17.072218,True
2024-05-19 17:40:00,-30.01,104,-37,-31.59,-29.931028,-44.68012,-15.988301,True,-31.18,-29.924667,-45.19942,-15.52332,True
2024-05-19 17:45:00,-29.13,104,-36,-31.74,-29.489086,-44.131367,-15.615957,True,-32.68,-29.908237,-44.993298,-15.551749,True
2024-05-19 17:50:00,-28.96,104,-36,-32.85,-29.641077,-44.009903,-15.87619,True,-34.17,-30.37031,-45.10572,-16.110374,True
2024-05-19 17:55:00,-28.47,104,-35,-34.16,-29.205908,-43.580105,-15.575386,True,-36.33,-29.983793,-44.699444,-15.867401,True
2024-05-19 18:00:00,-29.03,104,-36,-35.57,-29.799377,-44.189045,-16.134243,True,-35.83,-30.605396,-45.31942,-16.463081,True
2024-05-19 18:05:00,-28.61,104,-36,-36.29,-29.533546,-44.046642,-15.87179,True,-29.66,-30.486767,-45.27826,-16.351156,True
2024-05-19 18:10:00,-28.74,104,-36,-37.27,-29.802141,-44.48925,-16.055676,True,-28.5,-30.886288,-45.809944,-16.670841,True
2024-05-19 18:15:00,-28.97,104,-36,-37.11,-29.893627,-44.50769,-16.183842,True,-29.03,-30.841803,-45.70884,-16.682468,True
2024-05-19 18:20:00,-29.8,104,-36,-35.47,-30.620981,-45.178104,-16.889292,True,-30.68,-31.466837,-46.289074,-17.299223,True
2024-05-19 18:25:00,-30.46,104,-36,-32.83,-31.169432,-45.676964,-17.463781,True,-31.34,-31.903969,-46.686817,-17.781256,True
2024-05-19 18:30:00,-31.74,104,-37,-30.99,-32.646343,-46.538544,-18.978365,True,-30.26,-33.56892,-47.69437,-19.470291,True
2024-05-19 18:35:00,-32.33,104,-37,-31.25,-33.343105,-47.02821,-19.736712,True,-31.15,-34.367153,-48.258286,-20.33171,True
2024-05-19 18:40:00,-31.59,104,-37,-31.18,-32.533337,-46.59482,-18.916525,True,-31.86,-33.49132,-47.76339,-19.460278,True
2024-05-19 18:45:00,-31.74,104,-36,-32.68,-32.528,-46.767723,-18.821095,True,-31.98,-33.331257,-47.797283,-19.234339,True
2024-05-19 18:50:00,-32.85,104,-36,-34.17,-33.34273,-48.127384,-19.30633,True,-32.67,-33.85326,-48.9096,-19.466045,True
2024-05-19 18:55:00,-34.16,104,-36,-36.33,-34.193947,-49.856686,-19.715662,True,-32.52,-34.256516,-50.27945,-19.479382,True
2024-05-19 19:00:00,-35.57,104,-36,-35.83,-35.712357,-51.600113,-20.929665,True,-32.38,-35.883724,-52.10006,-20.81083,True
2024-05-19 19:05:00,-36.29,104,-37,-29.66,-35.353672,-52.20168,-20.302635,True,-32.26,-34.4782,-51.860786,-19.249062,True
2024-05-19 19:10:00,-37.27,104,-36,-28.5,-36.14695,-52.639763,-21.246725,True,-32.26,-35.0847,-52.1145,-20.027163,True
2024-05-19 19:15:00,-37.11,104,-36,-29.03,-35.359024,-52.359127,-20.57135,True,-32.05,-33.663033,-51.305225,-18.788084,True
2024-05-19 19:20:00,-35.47,104,-32,-30.68,-32.79828,-50.321957,-18.222837,True,-31.58,-30.13561,-48.471127,-15.573951,True
2024-05-19 19:25:00,-32.83,104,-29,-31.34,-29.758013,-47.774128,-15.416267,True,-31.75,-26.643,-45.589375,-12.365396,True
2024-05-19 19:30:00,-30.99,104,-26,-30.26,-27.930668,-46.181087,-13.795592,True,-32.05,-24.813011,-44.03506,-10.756838,True
2024-05-19 19:35:00,-31.25,104,-25,-31.15,-27.847563,-46.047447,-13.805385,True,-32.73,-24.356892,-43.56944,-10.438815,True
2024-05-19 19:40:00,-31.18,104,-24,-31.86,-28.264193,-46.27875,-14.233497,True,-33.27,-25.287983,-44.21022,-11.34707,True
2024-05-19 19:45:00,-32.68,104,-24,-31.98,-30.164492,-46.67121,-16.43757,True,-34.14,-27.59701,-44.81884,-13.902954,True
2024-05-19 19:50:00,-34.17,104,-24,-32.67,-32.19354,-47.90778,-18.515175,True,-34.82,-30.178097,-46.440918,-16.480886,True
2024-05-19 19:55:00,-36.33,104,-26,-32.52,-35.00886,-50.079556,-21.205133,True,-33.89,-33.658047,-49.11485,-19.783304,True
2024-05-19 20:00:00,-35.83,104,-26,-32.38,-35.171066,-51.00296,-20.961239,True,-35.2,-34.49817,-50.63948,-20.181479,True
2024-05-19 20:05:00,-29.66,104,-18,-32.26,-29.162128,-44.25546,-15.953554,True,-35.57,-28.652546,-44.019714,-15.327089,True
2024-05-19 20:10:00,-28.5,104,-15,-32.26,-28.218462,-43.836205,-14.925114,True,-35.42,-27.933659,-43.78836,-14.526404,True
2024-05-19 20:15:00,-29.03,104,-16,-32.05,-28.885805,-44.416348,-15.55884,True,-34.71,-28.740717,-44.471626,-15.300891,True
2024-05-19 20:20:00,-30.68,104,-16,-31.58,-30.779804,-45.589603,-17.448704,True,-34.06,-30.870764,-45.82074,-17.413307,True
2024-05-19 20:25:00,-31.34,104,-17,-31.75,-31.517326,-46.24224,-18.158028,True,-33.36,-31.682354,-46.525906,-18.20044,True
2024-05-19 20:30:00,-30.26,104,-15,-32.05,-30.425951,-45.51835,-17.090591,True,-32.29,-30.588188,-45.792072,-17.148983,True
2024-05-19 20:35:00,-31.15,104,-16,-32.73,-31.160978,-45.868526,-17.930346,True,-32.5,-31.157227,-45.98827,-17.843052,True
2024-05-19 20:40:00,-31.86,104,-17,-33.27,-31.594265,-46.230743,-18.329988,True,-32.25,-31.300623,-46.08877,-17.981838,True
2024-05-19 20:45:00,-31.98,104,-17,-34.14,-31.47819,-46.510006,-18.079182,True,-31.27,-30.943325,-46.156162,-17.522839,True
2024-05-19 20:50:00,-32.67,104,-17,-34.82,-32.066807,-47.27207,-18.52226,True,-31.18,-31.428125,-46.821514,-17.884672,True
2024-05-19 20:55:00,-32.52,104,-17,-33.89,-31.829987,-47.176373,-18.252348,True,-31.15,-31.106873,-46.650326,-17.553265,True
2024-05-19 21:00:00,-32.38,104,-16,-35.2,-31.691605,-46.680626,-18.281101,True,-30.9,-30.973679,-46.144764,-17.599089,True
2024-05-19 21:05:00,-32.26,104,-16,-35.57,-31.623281,-46.254612,-18.386496,True,-30.14,-30.95668,-45.74706,-17.76076,True
2024-05-19 21:10:00,-32.26,104,-16,-35.42,-31.823544,-46.586857,-18.471064,True,-32.86,-31.362732,-46.250233,-18.04928,True
2024-05-19 21:15:00,-32.05,104,-16,-34.71,-31.638004,-46.482212,-18.255552,True,-32.46,-31.206423,-46.164562,-17.87511,True
2024-05-19 21:20:00,-31.58,104,-15,-34.06,-31.136045,-46.030926,-17.83359,True,-35.54,-30.67917,-45.686527,-17.444649,True
2024-05-19 21:25:00,-31.75,104,-15,-33.36,-31.02771,-46.291027,-17.74654,True,-36.58,-30.293821,-45.709793,-17.118196,True
2024-05-19 21:30:00,-32.05,104,-15,-32.29,-30.90966,-46.266644,-17.776909,True,-36.66,-29.747358,-45.31242,-16.766644,True
2024-05-19 21:35:00,-32.73,104,-16,-32.5,-31.397137,-46.323547,-18.46045,True,-36.17,-30.027327,-45.161575,-17.26375,True
2024-05-19 21:40:00,-33.27,104,-16,-32.25,-31.802652,-46.75262,-18.849226,True,-35.47,-30.28716,-45.444035,-17.528503,True
2024-05-19 21:45:00,-34.14,104,-16,-31.27,-32.571674,-47.625637,-19.461597,True,-33.55,-30.944206,-46.199417,-18.050701,True
2024-05-19 21:50:00,-34.82,104,-18,-31.18,-33.43438,-48.024372,-20.384382,True,-30.86,-31.983583,-46.72125,-19.139568,True
2024-05-19 21:55:00,-33.89,104,-18,-31.15,-32.471325,-47.29721,-19.337473,True,-30.78,-30.98802,-45.967438,-18.077377,True
2024-05-19 22:00:00,-35.2,104,-17,-30.9,-33.98416,-48.585503,-20.685167,True,-30.9,-32.707096,-47.41839,-19.625154,True
2024-05-19 22:05:00,-35.57,104,-19,-30.14,-34.42225,-48.90019,-21.093203,True,-30.56,-33.218185,-47.78696,-20.111168,True
2024-05-19 22:10:00,-35.42,104,-19,-32.86,-34.03055,-48.82163,-20.597336,True,-30.89,-32.584114,-47.487904,-19.406437,True
2024-05-19 22:15:00,-34.71,104,-18,-32.46,-33.012047,-48.155888,-19.584976,True,-31.67,-31.255615,-46.54809,-18.124212,True
2024-05-19 22:20:00,-34.06,104,-18,-35.54,-32.34519,-47.532265,-18.991022,True,-32.51,-30.57454,-45.907974,-17.528156,True
2024-05-19 22:25:00,-33.36,104,-17,-36.58,-31.614212,-46.88712,-18.36209,True,-33.01,-29.820444,-45.24701,-16.888008,True
2024-05-19 22:30:00,-32.29,104,-17,-36.66,-31.001432,-45.838184,-17.99439,True,-32.76,-29.684763,-44.612984,-16.964823,True
2024-05-19 22:35:00,-32.5,104,-18,-36.17,-31.516737,-45.9793,-18.570654,True,-32.3,-30.512121,-45.01313,-17.835737,True
2024-05-19 22:40:00,-32.25,104,-19,-35.47,-31.269424,-45.73008,-18.398045,True,-31.36,-30.274704,-44.76806,-17.682674,True
2024-05-19 22:45:00,-31.27,104,-18,-33.55,-29.929644,-44.631584,-17.230852,True,-30.91,-28.580378,-43.365047,-16.200647,True
2024-05-19 22:50:00,-31.18,104,-19,-30.86,-29.735126,-44.27788,-17.122566,True,-31.51,-28.276667,-42.905403,-15.996723,True
2024-05-19 22:55:00,-31.15,104,-19,-30.78,-30.445147,-44.36298,-17.932123,True,-32.24,-29.735401,-43.626507,-17.504042,True
2024-05-19 23:00:00,-30.9,104,-19,-30.9,-30.314934,-43.944942,-18.100992,True,-32.6,-29.727308,-43.306965,-17.79407,True
2024-05-19 23:05:00,-30.14,104,-19,-30.56,-29.144737,-43.030563,-17.072882,True,-32.72,-28.147858,-42.035114,-16.396715,True
2024-05-19 23:10:00,-32.86,104,-19,-30.89,-31.73673,-45.622795,-19.377329,True,-32.67,-30.598982,-44.481514,-18.579422,True
2024-05-19 23:15:00,-32.46,104,-21,-31.67,-31.2395,-45.33868,-18.925295,True,-32.29,-30.02022,-44.133713,-18.061878,True
2024-05-19 23:20:00,-35.54,104,-21,-32.51,-34.822433,-47.64135,-22.627285,True,-32.3,-34.088055,-46.834877,-22.213345,True
2024-05-19 23:25:00,-36.58,104,-26,-33.01,-35.97861,-48.473225,-23.829142,True,-32.25,-35.3502,-47.748985,-23.521023,True
2024-05-19 23:30:00,-36.66,104,-26,-32.76,-36.250816,-48.592278,-24.100498,True,-32.31,-35.812225,-48.03034,-23.974241,True
2024-05-19 23:35:00,-36.17,104,-26,-32.3,-35.865925,-48.051662,-23.83356,True,-32.56,-35.534054,-47.581635,-23.809772,True
2024-05-19 23:40:00,-35.47,104,-26,-31.36,-34.98767,-47.465977,-22.98943,True,-33.5,-34.492138,-46.84485,-22.821337,True
2024-05-19 23:45:00,-33.55,104,-23,-30.91,-32.520546,-45.787933,-20.61096,True,-33.46,-31.502691,-44.70759,-19.971317,True
2024-05-19 23:50:00,-30.86,104,-21,-31.51,-29.584063,-43.406113,-17.918674,True,-33.47,-28.33439,-42.133617,-17.07968,True
2024-05-19 23:55:00,-30.78,104,-20,-32.24,-29.277065,-43.07078,-17.765316,True,-34.21,-27.796783,-41.590984,-16.722008,True
2024-05-20 00:00:00,-30.9,104,-21,-32.6,-29.540092,-43.03527,-18.243832,True,-34.03,-28.20809,-41.68119,-17.34026,True
2024-05-20 00:05:00,-30.56,104,-21,-32.72,-29.176685,-42.732544,-17.985035,True,-32.58,-27.82486,-41.35844,-17.070683,True
2024-05-20 00:10:00,-30.89,104,-21,-32.67,-29.337122,-42.847248,-18.255516,True,-32.49,-27.814566,-41.316284,-17.190516,True
2024-05-20 00:15:00,-31.67,104,-22,-32.29,-30.103786,-43.41416,-19.090908,True,-32.11,-28.562206,-41.847816,-18.01636,True
2024-05-20 00:20:00,-32.51,104,-22,-32.3,-30.584652,-44.359,-19.423239,True,-30.38,-28.680737,-42.463657,-18.026052,True
2024-05-20 00:25:00,-33.01,104,-24,-32.25,-31.155893,-44.81966,-20.007221,True,-30.65,-29.321867,-42.97177,-18.679548,True
2024-05-20 00:30:00,-32.76,104,-24,-32.31,-30.794525,-44.45493,-19.79372,True,-31.13,-28.84713,-42.497913,-18.36676,True
2024-05-20 00:35:00,-32.3,104,-24,-32.56,-30.847134,-44.165283,-19.961483,True,-32.32,-29.4218,-42.66654,-19.020409,True
2024-05-20 00:40:00,-31.36,104,-23,-33.5,-30.289627,-43.114887,-19.646542,True,-32.93,-29.249891,-41.955795,-19.057621,True
2024-05-20 00:45:00,-30.91,104,-22,-33.46,-30.05374,-42.426556,-19.624458,True,-32.88,-29.23023,-41.45429,-19.237902,True
2024-05-20 00:50:00,-31.51,104,-23,-33.47,-30.784447,-42.817905,-20.43096,True,-32.36,-30.086123,-41.947937,-20.162865,True
2024-05-20 00:55:00,-32.24,104,-24,-34.21,-31.619972,-43.422077,-21.290607,True,-31.99,-31.02395,-42.635506,-21.119282,True
2024-05-20 01:00:00,-32.6,104,-24,-34.03,-32.14071,-43.774693,-21.744202,True,-31.75,-31.699501,-43.11452,-21.721933,True
2024-05-20 01:05:00,-32.72,104,-25,-32.58,-32.31475,-43.706425,-22.012177,True,-31.38,-31.926239,-43.08607,-22.04652,True
2024-05-20 01:10:00,-32.67,104,-24,-32.49,-32.25205,-43.373207,-22.139359,True,-32.78,-31.84814,-42.738945,-22.163715,True
2024-05-20 01:15:00,-32.29,104,-23,-32.11,-31.509535,-42.97631,-21.526031,True,-33.31,-30.756788,-42.028477,-21.230255,True
2024-05-20 01:20:00,-32.3,104,-23,-30.38,-30.980053,-43.145714,-21.019337,True,-34.5,-29.704369,-41.72858,-20.246483,True
2024-05-20 01:25:00,-32.25,104,-23,-30.65,-30.688293,-43.186638,-20.745605,True,-34.55,-29.176222,-41.556396,-19.761396,True
2024-05-20 01:30:00,-32.31,104,-22,-31.13,-30.188383,-43.326504,-20.175524,True,-35.2,-28.126177,-41.209743,-18.696888,True
2024-05-20 01:35:00,-32.56,104,-23,-32.32,-30.123386,-43.920055,-19.930975,True,-36.2,-27.74403,-41.523495,-18.178083,True
2024-05-20 01:40:00,-33.5,104,-23,-32.93,-31.273445,-44.873795,-21.128204,True,-36.14,-29.114447,-42.659367,-19.589687,True
2024-05-20 01:45:00,-33.46,104,-24,-32.88,-31.519009,-44.336544,-21.614223,True,-36.7,-29.647383,-42.366882,-20.330708,True
2024-05-20 01:50:00,-33.47,104,-24,-32.36,-31.692804,-44.015785,-21.971447,True,-37.0,-29.984001,-42.184566,-20.833555,True
2024-05-20 01:55:00,-34.21,104,-24,-31.99,-32.69506,-44.594738,-22.986507,True,-36.8,-31.245543,-42.985306,-22.084639,True
2024-05-20 02:00:00,-34.03,104,-25,-31.75,-32.783993,-44.33106,-23.168158,True,-35.98,-31.600407,-42.952057,-22.513123,True
2024-05-20 02:05:00,-32.58,104,-23,-31.38,-31.468412,-42.96651,-22.091957,True,-36.4,-30.42415,-41.717983,-21.56013,True
2024-05-20 02:10:00,-32.49,104,-22,-32.78,-31.06998,-43.076256,-21.763762,True,-36.19,-29.729641,-41.565983,-20.964287,True
2024-05-20 02:15:00,-32.11,104,-23,-33.31,-30.714365,-44.14503,-20.884611,True,-36.42,-29.411036,-42.662064,-20.125463,True
2024-05-20 02:20:00,-30.38,104,-20,-34.5,-28.95703,-43.3481,-19.062622,True,-37.28,-27.641476,-41.85833,-18.300745,True
2024-05-20 02:25:00,-30.65,104,-20,-34.55,-29.06689,-44.73613,-18.731167,True,-37.32,-27.60165,-43.11597,-17.841633,True
2024-05-20 02:30:00,-31.13,104,-20,-35.2,-29.506472,-46.039253,-18.77406,True,-35.95,-27.998892,-44.371864,-17.85422,True
2024-05-20 02:35:00,-32.32,104,-22,-36.2,-30.282429,-45.52856,-20.013329,True,-33.3,-28.35196,-43.493626,-18.714563,True
2024-05-20 02:40:00,-32.93,104,-24,-36.14,-30.550005,-45.15196,-20.662231,True,-35.68,-28.270872,-42.805954,-19.049555,True
2024-05-20 02:45:00,-32.88,104,-25,-36.7,-30.627655,-44.59969,-21.079618,True,-35.86,-28.470615,-42.351543,-19.570774,True
2024-05-20 02:50:00,-32.36,104,-24,-37.0,-30.606691,-43.771336,-21.333046,True,-35.26,-28.944328,-41.951523,-20.261284,True
2024-05-20 02:55:00,-31.99,104,-24,-36.8,-31.116005,-44.591988,-21.389286,True,-33.67,-30.315498,-43.49526,-21.09576,True
2024-05-20 03:00:00,-31.75,104,-23,-35.98,-32.462578,-45.270924,-22.108324,True,-33.42,-33.14957,-45.40903,-23.149132,True
2024-05-20 03:05:00,-31.38,104,-23,-36.4,-33.516754,-44.708984,-23.048283,True,-33.27,-35.45721,-45.87894,-25.228199,True
2024-05-20 03:10:00,-32.78,104,-23,-36.19,-35.182117,-45.277885,-24.494581,True,-32.82,-37.2932,-46.623604,-26.831615,True
2024-05-20 03:15:00,-33.31,104,-25,-36.42,-35.421734,-45.38862,-24.72892,True,-32.73,-37.272533,-46.542572,-26.83328,True
2024-05-20 03:20:00,-34.5,104,-26,-37.28,-36.30575,-45.964,-25.542192,True,-31.59,-37.853043,-46.872902,-27.357239,True
2024-05-20 03:25:00,-34.55,104,-27,-37.32,-36.03504,-45.627266,-25.372536,True,-28.9,-37.29226,-46.28876,-26.916616,True
2024-05-20 03:30:00,-35.2,104,-23,-35.95,-36.43389,-45.871773,-25.841024,True,-29.25,-37.461746,-46.34703,-27.16972,True
2024-05-20 03:35:00,-36.2,104,-27,-33.3,-36.8563,-45.91258,-26.767012,True,-29.1,-37.385185,-45.978695,-27.646133,True
2024-05-20 03:40:00,-36.14,104,-28,-35.68,-36.034294,-45.72652,-26.433609,True,-28.43,-35.901978,-45.222637,-26.705828,True
2024-05-20 03:45:00,-36.7,104,-28,-35.86,-36.077747,-46.25554,-26.75961,True,-27.29,-35.48042,-45.338684,-26.609732,True
2024-05-20 03:50:00,-37.0,104,-30,-35.26,-36.127174,-47.339962,-26.70954,True,-28.78,-35.29788,-46.203102,-26.351988,True
2024-05-20 03:55:00,-36.8,104,-30,-33.67,-36.11217,-48.141056,-26.381714,True,-29.13,-35.45407,-47.13932,-26.1757,True
2024-05-20 04:00:00,-35.98,104,-29,-33.42,-35.55073,-48.27184,-25.5852,True,-30.25,-35.135628,-47.46546,-25.59061,True
2024-05-20 04:05:00,-36.4,104,-27,-33.27,-36.233818,-49.753593,-25.664486,True,-31.06,-36.0606,-49.131252,-25.876451,True
2024-05-20 04:10:00,-36.19,104,-30,-32.82,-36.396057,-49.40656,-25.963243,True,-31.29,-36.561382,-49.071133,-26.47131,True
2024-05-20 04:15:00,-36.42,104,-29,-32.73,-36.81997,-50.86607,-25.7006,True,-32.8,-37.159153,-50.647385,-26.348335,True
2024-05-20 04:20:00,-37.28,104,-30,-31.59,-37.900166,-51.56245,-26.562767,True,-32.87,-38.427006,-51.502216,-27.369667,True
2024-05-20 04:25:00,-37.32,104,-32,-28.9,-38.40709,-52.10478,-26.658207,True,-32.27,-39.341846,-52.36995,-27.813204,True
2024-05-20 04:30:00,-35.95,104,-32,-29.25,-37.981003,-52.078976,-25.619642,True,-33.68,-39.74093,-52.978836,-27.484192,True
2024-05-20 04:35:00,-33.3,104,-28,-29.1,-36.752697,-51.61092,-23.713854,True,-35.3,-39.73568,-53.39205,-26.627295,True
2024-05-20 04:40:00,-35.68,104,-29,-28.43,-40.413715,-54.951527,-26.1059,True,-36.57,-44.41128,-57.52956,-29.865967,True
2024-05-20 04:45:00,-35.86,104,-33,-27.29,-41.79117,-55.42361,-26.985119,True,-37.98,-46.710754,-58.72055,-31.544538,True
2024-05-20 04:50:00,-35.26,104,-34,-28.78,-42.13535,-54.720337,-27.19079,True,-38.35,-47.746845,-58.553154,-32.377907,True
2024-05-20 04:55:00,-33.67,104,-33,-29.13,-40.736378,-52.18622,-26.36833,True,-39.01,-46.442677,-56.094284,-31.696066,True
2024-05-20 05:00:00,-33.42,104,-33,-30.25,-40.287582,-51.72566,-25.951925,True,-38.88,-45.833595,-55.518585,-31.1431,True
2024-05-20 05:05:00,-33.27,104,-33,-31.06,-40.079235,-51.86898,-25.591658,True,-40.45,-45.584293,-55.624424,-30.73288,True
2024-05-20 05:10:00,-32.82,104,-32,-31.29,-39.46195,-51.012215,-25.254726,True,-45.11,-44.834858,-54.679512,-30.291271,True
2024-05-20 05:15:00,-32.73,104,-32,-32.8,-39.041443,-50.395966,-25.095715,True,-49.110004,-44.150448,-53.883682,-29.904068,True
2024-05-20 05:20:00,-31.59,104,-31,-32.87,-37.81254,-49.890644,-23.840536,True,-50.71,-42.881542,-53.295616,-28.601725,True
2024-05-20 05:25:00,-28.9,104,-26,-32.27,-34.887253,-47.06895,-21.64828,True,-50.28,-39.805855,-50.297615,-26.302734,True
2024-05-20 05:30:00,-29.25,104,-24,-33.68,-34.621754,-46.09335,-21.957401,True,-49.18,-39.033974,-48.995388,-26.17756,False
2024-05-20 05:35:00,-29.1,104,-28,-35.3,-34.124508,-45.035217,-21.935627,True,-47.71,-38.248005,-47.75129,-25.910845,True
2024-05-20 05:40:00,-28.43,104,-27,-36.57,-33.28883,-44.02891,-21.388474,True,-46.6,-37.2783,-46.648163,-25.246159,True
2024-05-20 05:45:00,-27.29,104,-21,-37.98,-32.218464,-43.056072,-20.405806,True,-45.64,-36.265015,-45.68936,-24.316858,True
2024-05-20 05:50:00,-28.78,104,-23,-38.35,-33.66196,-44.1282,-21.575615,True,-44.63,-37.63834,-46.75814,-25.41049,True
2024-05-20 05:55:00,-29.13,104,-26,-39.01,-34.224567,-44.590763,-21.899292,True,-43.54,-38.352913,-47.338028,-25.860235,True
2024-05-20 06:00:00,-30.25,104,-24,-38.88,-35.32112,-45.44233,-22.748247,True,-42.54,-39.40375,-48.191776,-26.650412,True
2024-05-20 06:05:00,-31.06,104,-28,-40.45,-35.81591,-45.531418,-23.337364,True,-41.44,-39.62525,-48.107674,-26.992247,True
2024-05-20 06:10:00,-31.29,104,-29,-45.11,-35.61313,-44.66405,-23.67169,False,-40.49,-39.065018,-47.00752,-27.016344,True
2024-05-20 06:15:00,-32.8,104,-30,-49.110004,-36.411156,-44.815666,-24.913284,False,-39.54,-39.26553,-46.747547,-27.720882,True
2024-05-20 06:20:00,-32.87,104,-33,-50.71,-36.29431,-43.70896,-25.522415,False,-38.65,-39.009483,-45.584457,-28.220774,True
2024-05-20 06:25:00,-32.27,104,-31,-50.28,-36.129063,-42.702305,-25.709272,False,-37.71,-39.178898,-44.86307,-28.72757,True
2024-05-20 06:30:00,-33.68,104,-32,-49.18,-37.617947,-43.484257,-27.125553,False,-37.03,-40.7041,-45.723267,-30.171686,True
2024-05-20 06:35:00,-35.3,104,-33,-47.71,-39.20388,-44.645477,-28.449936,False,-35.69,-42.230892,-46.870773,-31.431648,True
2024-05-20 06:40:00,-36.57,104,-35,-46.6,-40.346893,-45.510513,-29.430302,False,-34.64,-43.252514,-47.660053,-32.291637,True
2024-05-20 06:45:00,-37.98,104,-36,-45.64,-41.24122,-46.21776,-30.40503,True,-34.13,-43.73529,-48.059208,-32.881912,True
2024-05-20 06:50:00,-38.35,104,-37,-44.63,-40.999546,-46.156235,-30.494402,True,-33.25,-43.010437,-47.595745,-32.529484,True
2024-05-20 06:55:00,-39.01,104,-38,-43.54,-41.038376,-46.388733,-30.739874,True,-32.53,-42.55204,-47.419025,-32.315067,True
2024-05-20 07:00:00,-38.88,104,-38,-42.54,-40.17496,-45.561665,-30.374405,True,-32.11,-41.10128,-46.10361,-31.423754,True
2024-05-20 07:05:00,-40.45,104,-37,-41.44,-40.753174,-46.205315,-31.515104,True,-31.71,-40.86145,-46.043686,-31.822645,False
2024-05-20 07:10:00,-45.11,104,-41,-40.49,-44.23724,-49.68523,-35.17733,True,-31.59,-43.354637,-48.63089,-34.593018,False
2024-05-20 07:15:00,-49.110004,104,-50,-39.54,-47.427628,-52.938423,-38.30796,True,-31.32,-45.853527,-51.232918,-37.11121,False
2024-05-20 07:20:00,-50.71,104,-56,-38.65,-48.671776,-54.26388,-39.569767,False,-31.41,-46.786972,-52.26178,-38.10246,False
2024-05-20 07:25:00,-50.28,104,-57,-37.71,-48.14468,-53.88024,-39.104076,False,-31.41,-46.172318,-51.805256,-37.55193,False
2024-05-20 07:30:00,-49.18,104,-57,-37.03,-47.192265,-52.902912,-38.260216,False,-31.47,-45.344368,-50.95665,-36.81232,False
2024-05-20 07:35:00,-47.71,104,-55,-35.69,-45.97601,-51.577385,-37.129993,False,-31.56,-44.349174,-49.856144,-35.86643,False
2024-05-20 07:40:00,-46.6,104,-54,-34.64,-45.148514,-50.562134,-36.42788,False,-31.62,-43.76615,-49.084423,-35.374577,False
2024-05-20 07:45:00,-45.64,104,-52,-34.13,-44.377068,-49.77523,-35.78074,False,-31.64,-43.155155,-48.457767,-34.864136,False
2024-05-20 07:50:00,-44.63,104,-51,-33.25,-43.50107,-48.820602,-35.07807,False,-31.59,-42.392082,-47.620796,-34.255604,False
2024-05-20 07:55:00,-43.54,104,-51,-32.53,-42.50786,-47.823086,-34.338615,False,-31.51,-41.478455,-46.706207,-33.58226,False
2024-05-20 08:00:00,-42.54,104,-50,-32.11,-41.529533,-47.019035,-33.38456,False,-31.41,-40.51546,-45.92714,-32.63392,False
2024-05-20 08:05:00,-41.44,104,-50,-31.71,-40.69347,-45.95103,-32.769226,False,-31.17,-39.912357,-45.086876,-32.21935,False
2024-05-20 08:10:00,-40.49,104,-48,-31.59,-39.893368,-45.029583,-32.156,False,-31.02,-39.241528,-44.29252,-31.718029,False
2024-05-20 08:15:00,-39.54,104,-47,-31.32,-38.99235,-44.097946,-31.369354,False,-30.75,-38.38353,-43.411285,-30.962643,False
2024-05-20 08:20:00,-38.65,104,-47,-31.41,-38.040096,-43.258118,-30.558558,True,-30.74,-37.37532,-42.529495,-30.092926,True
2024-05-20 08:25:00,-37.71,104,-46,-31.41,-36.975487,-42.452053,-29.550842,True,-30.77,-36.195034,-41.624447,-28.974716,True
2024-05-20 08:30:00,-37.03,104,-45,-31.47,-36.117397,-41.857445,-28.629519,True,-30.84,-35.175243,-40.892628,-27.897215,True
2024-05-20 08:35:00,-35.69,104,-44,-31.56,-34.832775,-40.586803,-27.597202,True,-30.84,-33.934174,-39.67284,-26.898848,True
2024-05-20 08:40:00,-34.64,104,-42,-31.62,-33.802612,-39.542,-26.810844,True,-30.86,-32.91972,-38.654156,-26.118876,True
2024-05-20 08:45:00,-34.13,104,-41,-31.64,-33.155167,-38.908348,-26.432081,True,-30.77,-32.147617,-37.918877,-25.62215,True
2024-05-20 08:50:00,-33.25,104,-40,-31.59,-32.1205,-38.006725,-25.703524,True,-30.64,-30.967611,-36.897873,-24.75538,True
2024-05-20 08:55:00,-32.53,104,-38,-31.51,-31.208174,-37.28908,-24.925182,True,-30.3,-29.87543,-36.0295,-23.80521,True
2024-05-20 09:00:00,-32.11,104,-38,-31.41,-30.843445,-36.867596,-24.769306,True,-30.11,-29.561785,-35.662323,-23.692719,True
2024-05-20 09:05:00,-31.71,104,-38,-31.17,-30.523506,-36.534515,-24.539312,True,-29.78,-29.31747,-35.40587,-23.527376,True
2024-05-20 09:10:00,-31.59,104,-37,-31.02,-30.451303,-36.46441,-24.454412,True,-29.72,-29.294142,-35.38825,-23.482485,True
2024-05-20 09:15:00,-31.32,104,-38,-30.75,-30.18878,-36.277138,-24.215025,True,-29.52,-29.03901,-35.215954,-23.244974,True
2024-05-20 09:20:00,-31.41,104,-37,-30.74,-30.313606,-36.410267,-24.254011,True,-29.34,-29.197786,-35.387142,-23.308716,True
2024-05-20 09:25:00,-31.41,104,-36,-30.77,-30.309763,-36.44557,-24.149849,True,-29.05,-29.19359,-35.430603,-23.196558,True
2024-05-20 09:30:00,-31.47,104,-36,-30.84,-30.31657,-36.519962,-24.22166,True,-28.79,-29.152227,-35.46945,-23.21897,True
2024-05-20 09:35:00,-31.56,104,-36,-30.84,-30.361866,-36.530945,-24.37836,True,-28.43,-29.158619,-35.45213,-23.333046,True
2024-05-20 09:40:00,-31.62,104,-36,-30.86,-30.561167,-36.480656,-24.55624,True,-27.94,-29.489855,-35.527252,-23.622923,True
2024-05-20 09:45:00,-31.64,104,-36,-30.77,-30.613392,-36.48862,-24.69797,True,-27.28,-29.576654,-35.57257,-23.791693,True
2024-05-20 09:50:00,-31.59,104,-36,-30.64,-30.530529,-36.43707,-24.7544,True,-26.61,-29.469929,-35.504673,-23.821682,True
2024-05-20 09:55:00,-31.51,104,-36,-30.3,-30.398548,-36.373314,-24.745554,True,-25.66,-29.29635,-35.407825,-23.772352,True
2024-05-20 10:00:00,-31.41,104,-36,-30.11,-30.124416,-36.296368,-24.57208,True,-24.71,-28.867977,-35.192863,-23.456743,True
2024-05-20 10:05:00,-31.17,104,-36,-29.78,-29.650726,-36.039005,-24.209747,True,-23.77,-28.182093,-34.744404,-22.899975,True
2024-05-20 10:10:00,-31.02,104,-36,-29.72,-29.273165,-35.796906,-24.012508,True,-22.67,-27.594114,-34.311474,-22.505753,True
2024-05-20 10:15:00,-30.75,104,-36,-29.52,-28.949125,-35.520645,-23.717005,True,-22.09,-27.219517,-33.994987,-22.157103,False
2024-05-20 10:20:00,-30.74,104,-36,-29.34,-28.988138,-35.533733,-23.586542,True,-21.85,-27.308176,-34.06309,-22.064795,False
2024-05-20 10:25:00,-30.77,104,-36,-29.05,-29.26822,-35.598934,-23.812225,True,-21.45,-27.827156,-34.35548,-22.499987,False
2024-05-20 10:30:00,-30.84,104,-36,-28.79,-29.697426,-35.740913,-23.904734,True,-20.51,-28.599562,-34.81998,-22.896559,False
2024-05-20 10:35:00,-30.84,104,-36,-28.43,-29.754381,-35.704807,-23.738817,True,-19.8,-28.715466,-34.845005,-22.778141,False
2024-05-20 10:40:00,-30.86,104,-36,-27.94,-29.781466,-35.84811,-23.158857,True,-19.94,-28.750757,-35.010307,-22.19752,False
2024-05-20 10:45:00,-30.77,104,-37,-27.28,-30.101473,-35.898556,-23.423351,True,-19.9,-29.452028,-35.41166,-22.802883,False
2024-05-20 10:50:00,-30.64,104,-37,-26.61,-30.041742,-35.919052,-23.232101,True,-19.54,-29.454319,-35.496754,-22.66063,False
2024-05-20 10:55:00,-30.3,104,-37,-25.66,-29.923197,-35.995926,-22.859335,True,-19.26,-29.531364,-35.755505,-22.456465,False
2024-05-20 11:00:00,-30.11,104,-36,-24.71,-29.789501,-35.53364,-22.937805,True,-19.01,-29.454468,-35.34648,-22.578629,False
2024-05-20 11:05:00,-29.78,104,-36,-23.77,-29.271416,-35.046738,-22.69074,True,-18.7,-28.770912,-34.715958,-22.174458,False
2024-05-20 11:10:00,-29.72,104,-35,-22.67,-29.037062,-34.947773,-23.022352,False,-18.26,-28.379091,-34.478355,-22.357698,False
2024-05-20 11:15:00,-29.52,104,-36,-22.09,-28.652803,-34.51939,-23.152042,False,-17.62,-27.823227,-33.892693,-22.320297,False
2024-05-20 11:20:00,-29.34,104,-36,-21.85,-28.19325,-34.28681,-23.21906,False,-17.49,-27.096788,-33.41209,-22.135118,False
2024-05-20 11:25:00,-29.05,104,-35,-21.45,-27.832947,-34.025337,-23.391216,False,-17.56,-26.672087,-33.08358,-22.240904,False
2024-05-20 11:30:00,-28.79,104,-35,-20.51,-27.261263,-33.714108,-23.347317,False,-13.16,-25.809547,-32.48783,-21.91927,False
2024-05-20 11:35:00,-28.43,104,-34,-19.8,-26.604391,-33.306686,-23.16682,False,-14.02,-24.868593,-31.810184,-21.469189,False
2024-05-20 11:40:00,-27.94,104,-34,-19.94,-25.888613,-32.738358,-22.682323,False,-14.54,-23.934647,-31.035202,-20.771816,False
2024-05-20 11:45:00,-27.28,104,-33,-19.9,-24.94341,-31.94979,-21.955616,False,-16.07,-22.710217,-29.982342,-19.774326,False
2024-05-20 11:50:00,-26.61,104,-33,-19.54,-24.322786,-31.328955,-21.371237,False,-18.91,-22.127289,-29.408949,-19.215008,False
2024-05-20 11:55:00,-25.66,104,-32,-19.26,-23.607702,-30.542088,-20.562359,False,-19.05,-21.625837,-28.844448,-18.596603,True
2024-05-20 12:00:00,-24.71,104,-31,-19.01,-22.95051,-29.811134,-19.911259,False,-19.23,-21.239363,-28.383173,-18.189182,True
2024-05-20 12:05:00,-23.77,104,-30,-18.7,-22.134516,-28.957172,-19.18918,False,-19.38,-20.538357,-27.642307,-17.562742,True
2024-05-20 12:10:00,-22.67,104,-28,-18.26,-21.089418,-28.001463,-18.223164,True,-20.32,-19.531002,-26.736383,-16.622307,True
2024-05-20 12:15:00,-22.09,104,-28,-17.62,-20.278814,-27.348047,-17.653368,False,-20.42,-18.482895,-25.866913,-15.816195,True
2024-05-20 12:20:00,-21.85,104,-28,-17.49,-18.316408,-26.596199,-15.796357,True,-20.0,-14.745298,-23.524214,-12.28373,True
2024-05-20 12:25:00,-21.45,104,-28,-17.56,-16.694578,-25.938997,-14.230715,True,-20.06,-11.813946,-21.706785,-9.493511,True
2024-05-20 12:30:00,-20.51,104,-27,-13.16,-15.268135,-24.984089,-12.857844,True,-20.43,-9.827672,-20.29217,-7.594953,False
2024-05-20 12:35:00,-19.8,104,-26,-14.02,-14.814086,-24.52437,-12.400591,True,-20.69,-9.606213,-20.087095,-7.3453555,False
2024-05-20 12:40:00,-19.94,104,-26,-14.54,-15.411407,-24.871372,-13.003003,True,-21.26,-10.66871,-20.850206,-8.369131,False
2024-05-20 12:45:00,-19.9,104,-26,-16.07,-15.476576,-24.948639,-12.890126,True,-21.34,-10.836638,-21.046654,-8.344448,False
2024-05-20 12:50:00,-19.54,104,-25,-18.91,-15.896744,-24.794548,-13.317222,True,-21.4,-12.0896845,-21.610111,-9.518894,True
2024-05-20 12:55:00,-19.26,104,-25,-19.05,-16.45995,-24.834726,-13.7519655,True,-21.77,-13.553717,-22.458675,-10.789232,True
2024-05-20 13:00:00,-19.01,104,-24,-19.23,-17.079659,-24.975487,-14.030799,True,-21.91,-15.084857,-23.430645,-11.914712,True
2024-05-20 13:05:00,-18.7,104,-23,-19.38,-17.448696,-25.044203,-13.9953985,True,-22.08,-16.155735,-24.140368,-12.526359,True
2024-05-20 13:10:00,-18.26,104,-22,-20.32,-17.479115,-24.992994,-13.648628,True,-22.35,-16.665337,-24.526348,-12.622559,True
2024-05-20 13:15:00,-17.62,104,-21,-20.42,-17.042236,-24.650654,-13.010498,True,-22.72,-16.428413,-24.374155,-12.162663,True
2024-05-20 13:20:00,-17.49,104,-20,-20.0,-16.90586,-24.481709,-12.961447,True,-23.42,-16.284752,-24.20241,-12.089183,True
2024-05-20 13:25:00,-17.56,104,-20,-20.06,-16.7797,-24.391088,-13.058833,True,-23.91,-15.957164,-23.940163,-11.978873,True
2024-05-20 13:30:00,-13.16,104,-15,-20.43,-11.797983,-20.142246,-8.556998,False,-24.46,-10.32086,-19.183983,-6.826818,False
2024-05-20 13:35:00,-14.02,104,-11,-20.69,-12.330267,-20.669098,-9.37042,False,-24.55,-10.514265,-19.40558,-7.2996993,False
2024-05-20 13:40:00,-14.54,104,-14,-21.26,-12.523891,-20.977396,-9.796554,False,-24.58,-10.360005,-19.409725,-7.374747,False
2024-05-20 13:45:00,-16.07,104,-15,-21.34,-13.714849,-22.230585,-11.146725,True,-24.54,-11.199352,-20.330862,-8.376271,False
2024-05-20 13:50:00,-18.91,104,-18,-21.4,-16.507406,-24.915714,-13.898114,True,-24.29,-13.9671545,-22.948616,-11.094709,False
2024-05-20 13:55:00,-19.05,104,-20,-21.77,-16.464848,-25.030607,-13.89703,True,-24.35,-13.717793,-22.887865,-10.876289,False
2024-05-20 14:00:00,-19.23,104,-21,-21.91,-16.511997,-25.183077,-13.986313,True,-24.3,-13.611379,-22.906439,-10.793539,False
2024-05-20 14:05:00,-19.38,104,-21,-22.08,-16.59421,-25.327019,-14.122605,True,-24.47,-13.609401,-22.96927,-10.82897,False
2024-05-20 14:10:00,-20.32,104,-21,-22.35,-17.288904,-26.211056,-14.755298,True,-24.51,-14.031997,-23.61413,-11.179737,False
2024-05-20 14:15:00,-20.42,104,-22,-22.72,-17.11731,-26.30436,-14.414123,True,-24.47,-13.557289,-23.46539,-10.529843,False
2024-05-20 14:20:00,-20.0,104,-21,-23.42,-16.634521,-25.840176,-13.9692,True,-24.24,-12.995175,-22.92263,-9.979284,False
2024-05-20 14:25:00,-20.06,104,-21,-23.91,-16.54822,-25.987368,-13.718928,True,-23.97,-12.754159,-22.948523,-9.573728,False
2024-05-20 14:30:00,-20.43,104,-21,-24.46,-16.995321,-26.704815,-13.693771,True,-23.91,-13.287055,-23.799088,-9.63529,False
2024-05-20 14:35:00,-20.69,104,-21,-24.55,-17.337975,-27.160852,-13.753223,True,-23.88,-13.7269,-24.361956,-9.778325,True
2024-05-20 14:40:00,-21.26,104,-21,-24.58,-17.730413,-27.74263,-14.054172,True,-24.12,-13.92692,-24.769566,-9.887667,True
2024-05-20 14:45:00,-21.34,104,-22,-24.54,-17.52263,-27.93961,-13.571651,True,-24.29,-13.3897085,-24.732027,-9.089975,True
2024-05-20 14:50:00,-21.4,104,-22,-24.29,-17.44221,-28.218197,-13.181004,True,-24.59,-13.134238,-24.929808,-8.538545,True
2024-05-20 14:55:00,-21.77,104,-22,-24.35,-17.774958,-28.832043,-13.089439,True,-24.89,-13.428136,-25.55257,-8.411384,True
2024-05-20 15:00:00,-21.91,104,-22,-24.3,-18.067394,-29.17251,-13.048019,True,-25.22,-13.903411,-26.0632,-8.527076,True
2024-05-20 15:05:00,-22.08,104,-22,-24.47,-18.098509,-29.461555,-12.792328,True,-25.57,-13.78629,-26.254824,-8.129197,True
2024-05-20 15:10:00,-22.35,104,-22,-24.51,-19.14663,-30.384954,-13.114987,True,-26.05,-15.716867,-28.007639,-9.279117,True
2024-05-20 15:15:00,-22.72,104,-22,-24.47,-20.229488,-30.870356,-14.051595,True,-26.58,-17.592371,-29.142414,-10.934783,True
2024-05-20 15:20:00,-23.42,104,-22,-24.24,-21.46575,-31.668673,-15.099017,True,-27.0,-19.417307,-30.436932,-12.517857,True
2024-05-20 15:25:00,-23.91,104,-22,-23.97,-22.393013,-32.375004,-15.66802,True,-27.18,-20.821135,-31.554878,-13.530219,True
2024-05-20 15:30:00,-24.46,104,-23,-23.91,-23.368786,-33.206825,-16.23517,True,-27.25,-22.257858,-32.789227,-14.5319605,True
2024-05-20 15:35:00,-24.55,104,-23,-23.88,-23.78302,-33.626026,-16.238401,True,-27.55,-23.019907,-33.521317,-14.859434,True
2024-05-20 15:40:00,-24.58,104,-23,-24.12,-24.06097,-34.006752,-16.141956,True,-27.88,-23.560295,-34.139492,-15.013692,True
2024-05-20 15:45:00,-24.54,104,-23,-24.29,-24.162256,-34.117218,-16.061724,True,-28.04,-23.809444,-34.371334,-15.074093,True
2024-05-20 15:50:00,-24.29,104,-22,-24.59,-23.877499,-33.880116,-15.803322,True,-28.17,-23.48446,-34.10169,-14.762942,True
2024-05-20 15:55:00,-24.35,104,-22,-24.89,-23.80594,-34.07262,-15.705946,True,-28.02,-23.268433,-34.18285,-14.523732,True
2024-05-20 16:00:00,-24.3,104,-22,-25.22,-23.521492,-33.654022,-15.7285,True,-27.87,-22.727386,-33.515366,-14.284901,True
2024-05-20 16:05:00,-24.47,104,-21,-25.57,-23.46828,-33.75295,-15.726979,True,-27.56,-22.430237,-33.39947,-14.041522,True
2024-05-20 16:10:00,-24.51,104,-21,-26.05,-23.24016,-33.85947,-15.44979,True,-27.24,-21.90699,-33.255295,-13.486659,True
2024-05-20 16:15:00,-24.47,104,-21,-26.58,-22.811235,-33.691185,-15.1771,True,-26.51,-21.046825,-32.701916,-12.794392,True
2024-05-20 16:20:00,-24.24,104,-20,-27.0,-22.053017,-33.393887,-14.515663,True,-26.03,-19.69003,-31.879251,-11.573356,True
2024-05-20 16:25:00,-23.97,104,-20,-27.18,-21.229168,-32.997227,-13.809221,True,-25.67,-18.220354,-30.920174,-10.251155,True
2024-05-20 16:30:00,-23.91,104,-19,-27.25,-20.719103,-32.726093,-13.409927,True,-25.57,-17.175764,-30.1357,-9.328927,True
2024-05-20 16:35:00,-23.88,104,-19,-27.55,-20.573776,-32.660164,-13.228712,True,-25.56,-16.876684,-29.913225,-9.007307,True
2024-05-20 16:40:00,-24.12,104,-19,-27.88,-20.876871,-33.09199,-13.3260765,True,-25.16,-17.243538,-30.40422,-9.170845,True
2024-05-20 16:45:00,-24.29,104,-18,-28.04,-21.185654,-33.567455,-13.316493,True,-24.72,-17.707851,-31.031473,-9.325815,True
2024-05-20 16:50:00,-24.59,104,-18,-28.17,-21.66656,-34.234455,-13.421977,True,-24.46,-18.396008,-31.899918,-9.648913,True
2024-05-20 16:55:00,-24.89,104,-18,-28.02,-22.166073,-34.658203,-13.750672,True,-24.92,-19.127087,-32.49209,-10.197433,True
2024-05-20 17:00:00,-25.22,104,-18,-27.87,-22.801865,-35.201973,-14.170843,True,-25.11,-20.112091,-33.335304,-10.958926,True
2024-05-20 17:05:00,-25.57,104,-18,-27.56,-23.35577,-35.783535,-14.480934,True,-24.84,-20.89961,-34.125374,-11.500613,True
2024-05-20 17:10:00,-26.05,104,-17,-27.24,-23.969973,-36.372993,-14.945194,True,-24.14,-21.66644,-34.83215,-12.119523,True
2024-05-20 17:15:00,-26.58,104,-18,-26.51,-24.680023,-37.09589,-15.444597,True,-24.61,-22.574633,-35.721867,-12.8189,True
2024-05-20 17:20:00,-27.0,104,-18,-26.03,-25.133272,-37.593628,-15.73821,True,-25.33,-23.063341,-36.24609,-13.153321,True
2024-05-20 17:25:00,-27.18,104,-18,-25.67,-25.399002,-37.86271,-15.834099,True,-26.24,-23.42436,-36.585915,-13.350915,True
2024-05-20 17:30:00,-27.25,104,-18,-25.57,-25.399088,-38.04557,-15.644,True,-26.0,-23.3422,-36.69495,-13.099036,True
2024-05-20 17:35:00,-27.55,104,-17,-25.56,-25.770796,-38.542774,-15.7680025,True,-25.02,-23.794844,-37.26657,-13.319157,True
2024-05-20 17:40:00,-27.88,104,-17,-25.16,-26.047312,-39.01753,-15.867408,True,-23.94,-24.017044,-37.681393,-13.385638,True
2024-05-20 17:45:00,-28.04,104,-18,-24.72,-26.22145,-39.287148,-15.944924,True,-22.63,-24.206417,-37.954216,-13.486379,True
2024-05-20 17:50:00,-28.17,104,-18,-24.46,-26.32635,-39.50832,-15.965369,True,-23.67,-24.280819,-38.141396,-13.495222,True
2024-05-20 17:55:00,-28.02,104,-17,-24.92,-26.072515,-39.449303,-15.667764,True,-24.45,-23.90766,-37.98015,-13.10438,True
2024-05-20 18:00:00,-27.87,104,-17,-25.11,-25.891264,-39.345398,-15.4754305,True,-24.91,-23.687513,-37.843018,-12.886056,True
2024-05-20 18:05:00,-27.56,104,-17,-24.84,-25.37377,-38.92172,-15.017463,True,-25.16,-22.938055,-37.211502,-12.225829,True
2024-05-20 18:10:00,-27.24,104,-16,-24.14,-24.851852,-38.93621,-14.253249,True,-25.5,-22.203499,-37.077667,-11.298775,True
2024-05-20 18:15:00,-26.51,104,-16,-24.61,-24.166464,-38.46237,-13.455823,True,-25.88,-21.577015,-36.692905,-10.579755,True
2024-05-20 18:20:00,-26.03,104,-15,-25.33,-23.616432,-38.02938,-12.844643,True,-25.73,-20.96388,-36.217297,-9.930629,True
2024-05-20 18:25:00,-25.67,104,-15,-26.24,-23.075392,-37.859318,-12.211942,True,-25.32,-20.228672,-35.92386,-9.1438465,True
2024-05-20 18:30:00,-25.57,104,-15,-26.0,-22.97366,-37.60326,-12.126734,True,-25.46,-20.124472,-35.655514,-9.067023,True
2024-05-20 18:35:00,-25.56,104,-15,-25.02,-22.78424,-37.574615,-11.875444,True,-25.33,-19.741144,-35.484123,-8.653426,True
2024-05-20 18:40:00,-25.16,104,-15,-23.94,-22.263649,-36.770603,-11.439895,True,-24.75,-19.069752,-34.506042,-8.069672,True
2024-05-20 18:45:00,-24.72,104,-14,-22.63,-21.88783,-36.696274,-10.849587,True,-24.39,-18.769945,-34.520027,-7.5787473,True
2024-05-20 18:50:00,-24.46,104,-14,-23.67,-21.781713,-36.808426,-10.511507,True,-24.2,-18.846579,-34.7967,-7.4333253,True
2024-05-20 18:55:00,-24.92,104,-14,-24.45,-22.539928,-37.5059,-11.025538,True,-24.05,-19.93869,-35.732895,-8.266241,True
2024-05-20 19:00:00,-25.11,104,-15,-24.91,-23.018661,-38.13952,-11.227309,True,-24.09,-20.750166,-36.63679,-8.801681,True
2024-05-20 19:05:00,-24.84,104,-15,-25.16,-22.63578,-38.09337,-10.700028,True,-24.23,-20.25361,-36.498196,-8.188182,True
2024-05-20 19:10:00,-24.14,104,-14,-25.5,-21.910486,-37.223225,-10.036001,True,-24.23,-19.497028,-35.59339,-7.4995675,True
2024-05-20 19:15:00,-24.61,104,-14,-25.88,-22.509228,-37.833977,-10.443926,True,-24.03,-20.242277,-36.319466,-8.06288,True
2024-05-20 19:20:00,-25.33,104,-16,-25.73,-23.153555,-38.269398,-11.101419,True,-23.74,-20.8066,-36.661423,-8.653085,True
2024-05-20 19:25:00,-26.24,104,-16,-25.32,-24.145643,-39.055595,-12.063633,True,-23.45,-21.894539,-37.496834,-9.716116,True
2024-05-20 19:30:00,-26.0,104,-17,-25.46,-23.92641,-38.85508,-11.855747,True,-23.35,-21.706491,-37.318066,-9.5512295,True
2024-05-20 19:35:00,-25.02,104,-16,-25.33,-22.874834,-37.933613,-10.880497,True,-22.75,-20.586716,-36.35096,-8.528108,True
2024-05-20 19:40:00,-23.94,104,-14,-24.75,-21.59326,-36.659615,-9.77389,True,-22.95,-19.085108,-34.887768,-7.2278514,True
2024-05-20 19:45:00,-22.63,104,-14,-24.39,-20.073702,-35.24204,-8.438023,True,-22.46,-17.33627,-33.290695,-5.69041,True
2024-05-20 19:50:00,-23.67,104,-14,-24.2,-21.052986,-35.947372,-9.490935,True,-21.93,-18.247952,-33.88865,-6.687526,True
2024-05-20 19:55:00,-24.45,104,-16,-24.05,-21.537022,-36.277466,-10.140871,True,-22.46,-18.389936,-33.87274,-7.018275,True
2024-05-20 20:00:00,-24.91,104,-16,-24.09,-21.86868,-36.547577,-10.5005,True,-22.87,-18.562757,-33.96514,-7.2361436,True
2024-05-20 20:05:00,-25.16,104,-17,-24.23,-21.986238,-36.659153,-10.608493,True,-22.6,-18.518099,-33.894405,-7.203011,True
2024-05-20 20:10:00,-25.5,104,-17,-24.23,-22.359144,-37.07526,-10.873861,True,-21.87,-18.91896,-34.29548,-7.5058026,True
2024-05-20 20:15:00,-25.88,104,-18,-24.03,-22.91658,-37.40477,-11.530448,True,-21.17,-19.67301,-34.74418,-8.351195,True
2024-05-20 20:20:00,-25.73,104,-18,-23.74,-22.554243,-37.21986,-11.138513,True,-20.43,-19.094854,-34.373512,-7.7773194,True
2024-05-20 20:25:00,-25.32,104,-18,-23.45,-22.03755,-37.30974,-10.385576,True,-19.52,-18.49885,-34.460346,-6.993712,True
2024-05-20 20:30:00,-25.46,104,-18,-23.35,-22.381039,-38.00142,-10.491902,True,-18.68,-19.09848,-35.411877,-7.369759,True
2024-05-20 20:35:00,-25.33,104,-18,-22.75,-22.457388,-37.69148,-10.592134,True,-18.93,-19.41019,-35.288784,-7.693172,True
2024-05-20 20:40:00,-24.75,104,-18,-22.95,-21.71621,-36.86343,-10.005625,True,-19.88,-18.511599,-34.34557,-6.9747176,True
2024-05-20 20:45:00,-24.39,104,-18,-22.46,-20.996038,-35.824715,-9.520011,True,-22.18,-17.417984,-32.98488,-6.146108,True
2024-05-20 20:50:00,-24.2,104,-18,-21.93,-20.683294,-35.301163,-9.321529,True,-23.48,-16.976816,-32.332397,-5.83408,True
2024-05-20 20:55:00,-24.05,104,-18,-22.46,-20.35575,-34.870422,-9.098931,True,-23.78,-16.47025,-31.728344,-5.4537234,True
2024-05-20 21:00:00,-24.09,104,-19,-22.87,-20.588612,-34.867165,-9.325811,True,-24.21,-16.92249,-31.887049,-5.893474,True
2024-05-20 21:05:00,-24.23,104,-19,-22.6,-21.16663,-35.246147,-9.766661,True,-24.19,-17.984644,-32.664944,-6.7995715,True
2024-05-20 21:10:00,-24.23,104,-19,-21.87,-21.233522,-35.23047,-9.900834,True,-24.38,-18.132149,-32.70552,-7.021068,True
2024-05-20 21:15:00,-24.03,104,-19,-21.17,-20.283577,-34.96491,-8.909484,True,-24.4,-16.393036,-31.785376,-5.3148437,True
2024-05-20 21:20:00,-23.74,104,-19,-20.43,-19.431543,-35.91522,-7.7273507,True,-23.95,-14.964376,-32.331074,-3.6627371,True
2024-05-20 21:25:00,-23.45,104,-19,-19.52,-19.026491,-36.883205,-6.9438815,True,-23.67,-14.459004,-33.289757,-2.8422644,True
2024-05-20 21:30:00,-23.35,104,-19,-18.68,-19.196701,-37.504932,-6.9554095,True,-23.16,-14.927957,-34.175983,-3.1559298,True
2024-05-20 21:35:00,-22.75,104,-19,-18.93,-18.780628,-35.7067,-7.110595,True,-23.33,-14.693614,-32.45349,-3.4524024,True
2024-05-20 21:40:00,-22.95,104,-19,-19.88,-19.132732,-35.349285,-7.7293973,True,-22.69,-15.199507,-32.169098,-4.2075677,True
2024-05-20 21:45:00,-22.46,104,-19,-22.18,-18.694527,-34.971977,-7.3633914,True,-22.19,-14.823667,-31.84707,-3.9129145,True
2024-05-20 21:50:00,-21.93,104,-18,-23.48,-18.48392,-34.688786,-7.1186395,True,-22.64,-14.964661,-31.853415,-4.0034738,True
2024-05-20 21:55:00,-22.46,104,-19,-23.78,-19.658812,-34.855194,-8.382558,True,-22.84,-16.818123,-32.52124,-5.887234,True
2024-05-20 22:00:00,-22.87,104,-20,-24.21,-20.667189,-35.232006,-9.343636,True,-23.34,-18.453968,-33.386673,-7.434235,True
2024-05-20 22:05:00,-22.6,104,-20,-24.19,-21.040771,-35.652485,-9.420416,True,-23.34,-19.504389,-34.368404,-8.155637,True
2024-05-20 22:10:00,-21.87,104,-20,-24.38,-21.038374,-36.013485,-8.8726635,True,-23.11,-20.256237,-35.33823,-8.321573,True
2024-05-20 22:15:00,-21.17,104,-20,-24.4,-20.826864,-35.88804,-8.301209,True,-23.82,-20.536554,-35.59139,-8.2164755,True
2024-05-20 22:20:00,-20.43,104,-20,-23.95,-20.466696,-35.78221,-7.6555448,True,-24.23,-20.560656,-35.777378,-7.935661,True
2024-05-20 22:25:00,-19.52,104,-19,-23.67,-19.645823,-35.447624,-6.7144074,True,-23.54,-19.838623,-35.507336,-7.0918994,True
2024-05-20 22:30:00,-18.68,104,-18,-23.16,-18.364794,-34.175186,-5.7618213,True,-23.32,-18.116938,-33.88816,-5.7392316,True
2024-05-20 22:35:00,-18.93,104,-18,-23.33,-18.699785,-34.03547,-6.1259894,True,-21.96,-18.529394,-33.79804,-6.181874,True
2024-05-20 22:40:00,-19.88,104,-19,-22.69,-19.537766,-34.49356,-7.1358905,True,-22.64,-19.244606,-34.148743,-7.0828996,True
2024-05-20 22:45:00,-22.18,104,-22,-22.19,-21.554789,-35.907585,-9.535361,True,-22.58,-20.9568,-35.298466,-9.200841,True
2024-05-20 22:50:00,-23.48,104,-24,-22.64,-22.414564,-36.714214,-10.85204,True,-22.24,-21.358534,-35.706184,-10.094217,True
2024-05-20 22:55:00,-23.78,104,-26,-22.84,-22.368813,-36.68204,-11.1304455,True,-20.9,-20.955273,-35.360344,-10.049111,True
2024-05-20 23:00:00,-24.21,104,-27,-23.34,-22.603909,-36.695946,-11.652541,True,-20.71,-20.985075,-35.185883,-10.388782,True
2024-05-20 23:05:00,-24.19,104,-28,-23.34,-22.086084,-36.675026,-11.230553,True,-20.49,-19.958618,-34.742195,-9.514065,True
2024-05-20 23:10:00,-24.38,104,-28,-23.11,-21.976395,-36.27079,-11.487847,True,-19.82,-19.543823,-34.063507,-9.494127,True
2024-05-20 23:15:00,-24.4,104,-28,-23.82,-21.784136,-35.889633,-11.543126,True,-18.88,-19.127695,-33.47282,-9.342851,True
2024-05-20 23:20:00,-23.95,104,-28,-24.23,-21.405712,-35.556297,-11.081658,True,-18.05,-18.831266,-33.21495,-8.968321,True
2024-05-20 23:25:00,-23.67,104,-28,-23.54,-21.15816,-35.255104,-10.898985,True,-17.51,-18.624266,-32.943893,-8.834639,True
2024-05-20 23:30:00,-23.16,104,-27,-23.32,-20.680365,-34.794502,-10.485299,True,-17.26,-18.192196,-32.525734,-8.471921,True
2024-05-20 23:35:00,-23.33,104,-28,-21.96,-20.912788,-34.972187,-10.745614,True,-16.57,-18.495827,-32.75752,-8.801677,True
2024-05-20 23:40:00,-22.69,104,-27,-22.64,-20.350828,-34.398163,-10.220342,True,-15.78,-18.023445,-32.26219,-8.366784,True
2024-05-20 23:45:00,-22.19,104,-26,-22.58,-19.759459,-33.9386,-9.82646,True,-15.41,-17.343641,-31.728495,-7.8998275,True
2024-05-20 23:50:00,-22.64,104,-26,-22.24,-20.097008,-34.346645,-10.1838045,True,-14.45,-17.566183,-32.023426,-8.159698,True
2024-05-20 23:55:00,-22.84,104,-26,-20.9,-20.05836,-34.482777,-10.109289,True,-14.16,-17.283955,-31.939701,-7.8615565,True
2024-05-21 00:00:00,-23.34,104,-26,-20.71,-20.386194,-35.287746,-10.42375,True,-14.36,-17.427174,-32.5749,-8.020659,True
2024-05-21 00:05:00,-23.34,104,-27,-20.49,-20.53934,-35.201893,-10.669457,True,-15.37,-17.728462,-32.592033,-8.40539,True
2024-05-21 00:10:00,-23.11,104,-26,-19.82,-20.488596,-34.461884,-10.826629,True,-17.29,-17.860645,-31.97777,-8.724075,True
2024-05-21 00:15:00,-23.82,104,-26,-18.88,-21.385506,-34.69063,-12.023935,True,-18.41,-18.942423,-32.32757,-10.091848,True
2024-05-21 00:20:00,-24.23,104,-26,-18.05,-21.89061,-34.711067,-12.786106,True,-18.85,-19.544123,-32.408447,-10.9416065,True
2024-05-21 00:25:00,-23.54,104,-26,-17.51,-21.325014,-33.89041,-12.346666,True,-19.5,-19.112864,-31.706966,-10.630243,True
2024-05-21 00:30:00,-23.32,104,-25,-17.26,-21.217815,-33.7041,-12.238787,True,-19.84,-19.126675,-31.63065,-10.636675,True
2024-05-21 00:35:00,-21.96,104,-23,-16.57,-19.910757,-32.50935,-10.942412,True,-20.08,-17.885168,-30.5052,-9.411965,True
2024-05-21 00:40:00,-22.64,104,-23,-15.78,-20.586294,-33.156944,-11.648575,True,-20.03,-18.55951,-31.140291,-10.120594,True
2024-05-21 00:45:00,-22.58,104,-24,-15.41,-20.45415,-33.09387,-11.5957575,True,-19.0,-18.360983,-31.013975,-10.009361,True
2024-05-21 00:50:00,-22.24,104,-24,-14.45,-19.892136,-32.527157,-11.365,True,-18.24,-17.578962,-30.245674,-9.5748625,True
2024-05-21 00:55:00,-20.9,104,-23,-14.16,-18.32757,-31.690506,-9.847545,True,-18.03,-15.792844,-29.230982,-7.869222,True
2024-05-21 01:00:00,-20.71,104,-23,-14.36,-18.14342,-32.03605,-9.532429,True,-18.89,-15.616447,-29.591928,-7.576244,True
2024-05-21 01:05:00,-20.49,104,-23,-15.37,-17.83284,-32.045624,-9.205895,True,-19.83,-15.216936,-29.52915,-7.1777606,True
2024-05-21 01:10:00,-19.82,104,-22,-17.29,-17.086746,-31.57692,-8.437934,True,-19.85,-14.399973,-29.010193,-6.3540673,True
2024-05-21 01:15:00,-18.88,104,-21,-18.41,-16.041378,-30.989458,-7.3618703,True,-19.43,-13.255267,-28.354023,-5.202314,True
2024-05-21 01:20:00,-18.05,104,-20,-18.85,-15.184867,-29.433157,-6.8757176,True,-19.48,-12.3829365,-26.781282,-4.691583,True
2024-05-21 01:25:00,-17.51,104,-20,-19.5,-14.701783,-28.119095,-6.549996,True,-20.06,-11.970604,-25.515293,-4.4182363,True
2024-05-21 01:30:00,-17.26,104,-20,-19.84,-14.770685,-27.670464,-6.617885,True,-19.99,-12.370755,-25.344719,-4.7945905,True
2024-05-21 01:35:00,-16.57,104,-20,-20.08,-14.639148,-27.430819,-6.2496696,True,-19.96,-12.807057,-25.593039,-4.958301,True
2024-05-21 01:40:00,-15.78,104,-19,-20.03,-14.515443,-27.153625,-5.782,True,-19.93,-13.357661,-25.882938,-5.120212,True
2024-05-21 01:45:00,-15.41,104,-19,-19.0,-14.672555,-27.373674,-5.4978433,True,-19.89,-14.037464,-26.522388,-5.326054,True
2024-05-21 01:50:00,-14.45,104,-18,-18.24,-14.439009,-27.240934,-4.927385,True,-19.57,-14.51062,-26.94781,-5.41281,True
2024-05-21 01:55:00,-14.16,104,-17,-18.03,-14.341023,-26.949465,-4.9641395,True,-19.21,-14.594669,-26.800217,-5.6204457,True
2024-05-21 02:00:00,-14.36,104,-16,-18.89,-14.5427475,-27.040962,-5.3569283,True,-19.6,-14.794272,-26.888002,-6.0104623,True
2024-05-21 02:05:00,-15.37,104,-17,-19.83,-14.883288,-27.411488,-6.2310395,True,-19.94,-14.485181,-26.73031,-6.2813687,True
2024-05-21 02:10:00,-17.29,104,-18,-19.85,-15.883874,-28.181791,-7.9247117,True,-19.99,-14.580172,-26.741758,-7.1303277,True
2024-05-21 02:15:00,-18.41,104,-20,-19.43,-16.3348,-28.58561,-8.923371,True,-19.8,-14.363433,-26.561195,-7.501263,True
2024-05-21 02:20:00,-18.85,104,-22,-19.48,-16.235643,-28.440289,-9.312221,True,-19.59,-13.725392,-25.93105,-7.3852916,True
2024-05-21 02:25:00,-19.5,104,-23,-20.06,-16.605797,-28.591343,-9.942984,True,-19.58,-13.816142,-25.81689,-7.7575793,True
2024-05-21 02:30:00,-19.84,104,-24,-19.99,-16.836489,-28.777933,-10.202233,True,-19.63,-13.934819,-25.89883,-7.915053,True
2024-05-21 02:35:00,-20.08,104,-25,-19.96,-16.803371,-28.769344,-10.313031,True,-19.55,-13.624187,-25.631033,-7.767699,True
2024-05-21 02:40:00,-20.03,104,-25,-19.93,-16.702734,-28.786509,-10.222788,True,-19.42,-13.468956,-25.596626,-7.6364913,True
2024-05-21 02:45:00,-19.0,104,-23,-19.89,-15.769091,-28.00073,-9.357909,True,-19.19,-12.634069,-24.923206,-6.863314,True
2024-05-21 02:50:00,-18.24,104,-22,-19.57,-15.209544,-27.49027,-8.794701,True,-18.67,-12.2783,-24.607136,-6.4920564,True
2024-05-21 02:55:00,-18.03,104,-21,-19.21,-15.40284,-27.52024,-8.900544,True,-18.4,-12.874123,-24.994501,-6.9734645,True
2024-05-21 03:00:00,-18.89,104,-21,-19.6,-16.48498,-28.214466,-9.999233,True,-18.72,-14.174512,-25.862474,-8.277249,True
2024-05-21 03:05:00,-19.83,104,-22,-19.94,-17.255362,-28.412733,-11.070247,True,-18.99,-14.783555,-25.906605,-9.1843605,True
2024-05-21 03:10:00,-19.85,104,-23,-19.99,-17.215353,-28.21685,-11.118507,True,-19.07,-14.68795,-25.658773,-9.177194,True
2024-05-21 03:15:00,-19.43,104,-23,-19.8,-16.892756,-27.98673,-10.781468,True,-19.27,-14.460001,-25.51274,-8.933712,True
2024-05-21 03:20:00,-19.48,104,-21,-19.59,-17.04995,-28.31097,-10.865473,True,-19.33,-14.720502,-25.926579,-9.11622,True
2024-05-21 03:25:00,-20.06,104,-22,-19.58,-17.819078,-29.356636,-11.422305,True,-19.32,-15.669014,-27.126469,-9.840685,True
2024-05-21 03:30:00,-19.99,104,-22,-19.63,-18.136623,-29.777277,-11.519062,True,-19.12,-16.362328,-27.875862,-10.288339,True
2024-05-21 03:35:00,-19.96,104,-22,-19.55,-18.268593,-30.163607,-11.479535,True,-18.85,-16.647987,-28.387726,-10.396793,True
2024-05-21 03:40:00,-19.93,104,-22,-19.42,-18.41972,-30.25485,-11.608833,True,-18.71,-16.973848,-28.633905,-10.682115,True
2024-05-21 03:45:00,-19.89,104,-22,-19.19,-18.516413,-30.290335,-11.722276,True,-18.52,-17.201862,-28.783136,-10.91538,True
2024-05-21 03:50:00,-19.57,104,-21,-18.67,-18.421934,-29.993616,-11.680182,True,-18.12,-17.32543,-28.676825,-11.072361,True
2024-05-21 03:55:00,-19.21,104,-21,-18.4,-18.096891,-29.555555,-11.411898,True,-17.72,-17.033943,-28.270477,-10.8328705,True
2024-05-21 04:00:00,-19.6,104,-21,-18.72,-18.829475,-29.99451,-12.039519,True,-17.17,-18.093056,-28.988844,-11.760317,True
2024-05-21 04:05:00,-19.94,104,-22,-18.99,-19.503231,-30.563314,-12.499387,True,-17.05,-19.08379,-29.82476,-12.509167,True
2024-05-21 04:10:00,-19.99,104,-22,-19.07,-20.025629,-30.819393,-12.759365,True,-16.64,-20.051865,-30.45613,-13.174093,True
2024-05-21 04:15:00,-19.8,104,-21,-19.27,-20.160984,-30.774488,-12.709596,True,-17.55,-20.49,-30.665556,-13.394212,True
2024-05-21 04:20:00,-19.59,104,-21,-19.33,-20.194382,-30.773216,-12.494429,True,-17.78,-20.744469,-30.83394,-13.37812,True
2024-05-21 04:25:00,-19.58,104,-21,-19.32,-20.266783,-30.52423,-12.505769,True,-17.74,-20.884214,-30.647661,-13.449962,True
2024-05-21 04:30:00,-19.63,104,-22,-19.12,-20.310444,-30.019352,-12.53836,True,-17.37,-20.90914,-30.148714,-13.468984,True
2024-05-21 04:35:00,-19.55,104,-22,-18.85,-20.166605,-29.828533,-12.384957,True,-17.07,-20.698088,-29.90696,-13.242873,True
2024-05-21 04:40:00,-19.42,104,-22,-18.71,-19.761211,-29.441364,-12.229854,True,-17.38,-20.03566,-29.306425,-12.84864,True
2024-05-21 04:45:00,-19.19,104,-21,-18.52,-19.068356,-29.073885,-11.918003,True,-17.79,-18.914816,-28.577806,-12.135604,True
2024-05-21 04:50:00,-18.67,104,-21,-18.12,-18.27161,-28.622566,-11.474527,True,-18.23,-17.859291,-27.90312,-11.4481125,True
2024-05-21 04:55:00,-18.4,104,-20,-17.72,-17.571619,-28.2282,-11.097039,True,-18.39,-16.751984,-27.160645,-10.690662,True
2024-05-21 05:00:00,-18.72,104,-20,-17.17,-17.443747,-28.379196,-11.133378,True,-18.38,-16.193386,-26.939823,-10.326648,True
2024-05-21 05:05:00,-18.99,104,-21,-17.05,-17.613253,-28.250986,-11.545153,True,-18.34,-16.263262,-26.7303,-10.642122,True
2024-05-21 05:10:00,-19.07,104,-21,-16.64,-17.565357,-28.225206,-11.682528,True,-18.19,-16.088638,-26.596802,-10.6586685,True
2024-05-21 05:15:00,-19.27,104,-22,-17.55,-17.547789,-28.490799,-11.743238,True,-18.36,-15.8504925,-26.661472,-10.519826,True
2024-05-21 05:20:00,-19.33,104,-23,-17.78,-17.661795,-28.6539,-11.792301,True,-18.6,-16.01094,-26.869486,-10.606094,True
2024-05-21 05:25:00,-19.32,104,-23,-17.74,-17.94505,-29.273067,-11.657058,True,-18.53,-16.570795,-27.722944,-10.721801,True
2024-05-21 05:30:00,-19.12,104,-24,-17.37,-18.353733,-30.031437,-11.415071,True,-18.32,-17.558401,-28.958841,-11.004133,True
2024-05-21 05:35:00,-18.85,104,-24,-17.07,-18.725061,-30.1203,-11.579601,True,-18.38,-18.536345,-29.552828,-11.712114,True
2024-05-21 05:40:00,-18.71,104,-24,-17.38,-18.98153,-29.928734,-11.783432,True,-18.07,-19.163055,-29.676329,-12.244833,True
2024-05-21 05:45:00,-18.52,104,-24,-17.79,-18.95285,-29.535465,-11.741641,True,-17.78,-19.277218,-29.40323,-12.332719,True
2024-05-21 05:50:00,-18.12,104,-24,-18.23,-18.405224,-28.88185,-11.311731,True,-17.39,-18.588291,-28.643217,-11.771949,True
2024-05-21 05:55:00,-17.72,104,-23,-18.39,-18.179811,-28.476622,-11.060748,True,-17.49,-18.518955,-28.366121,-11.661477,True
2024-05-21 06:00:00,-17.17,104,-22,-18.38,-17.750893,-27.915693,-10.684624,True,-17.41,-18.197739,-27.897457,-11.37526,True
2024-05-21 06:05:00,-17.05,104,-22,-18.34,-17.907099,-27.899952,-10.695535,True,-17.21,-18.596556,-28.07022,-11.604326,True
2024-05-21 06:10:00,-16.64,104,-21,-18.19,-17.482546,-27.469671,-10.205658,True,-16.11,-18.15183,-27.623468,-11.090381,True
2024-05-21 06:15:00,-17.55,104,-21,-18.36,-18.329548,-27.896046,-10.926147,True,-15.81,-18.929312,-28.014091,-11.74459,True
2024-05-21 06:20:00,-17.78,104,-23,-18.6,-18.310028,-27.68206,-10.95449,True,-15.84,-18.675512,-27.623741,-11.554883,True
2024-05-21 06:25:00,-17.74,104,-23,-18.53,-18.023848,-27.302309,-10.825121,True,-15.57,-18.1586,-27.061935,-11.211113,True
2024-05-21 06:30:00,-17.37,104,-23,-18.32,-17.108036,-26.452822,-10.150042,True,-14.91,-16.741053,-25.813023,-10.067546,True
2024-05-21 06:35:00,-17.07,104,-22,-18.38,-16.315943,-26.003067,-9.546327,True,-14.37,-15.4902525,-24.98205,-9.03827,True
2024-05-21 06:40:00,-17.38,104,-22,-18.07,-16.367672,-26.218208,-9.6946945,True,-14.68,-15.298907,-24.99674,-8.958349,True
2024-05-21 06:45:00,-17.79,104,-22,-17.78,-16.638676,-26.277248,-10.236272,True,-15.4,-15.4370775,-24.952362,-9.374803,True
2024-05-21 06:50:00,-18.23,104,-23,-17.39,-16.86905,-26.250093,-10.741094,True,-15.41,-15.469044,-24.763153,-9.696191,True
2024-05-21 06:55:00,-18.39,104,-24,-17.49,-16.740902,-26.003323,-10.883923,True,-15.12,-15.070851,-24.296183,-9.582891,True
2024-05-21 07:00:00,-18.38,104,-24,-17.41,-16.534021,-25.69019,-10.9454,True,-15.6,-14.674744,-23.825201,-9.467245,True
2024-05-21 07:05:00,-18.34,104,-24,-17.21,-16.246746,-25.50039,-10.98355,True,-15.75,-14.148088,-23.434849,-9.281665,True
2024-05-21 07:10:00,-18.19,104,-24,-16.11,-16.101166,-25.339966,-11.003475,True,-15.44,-13.999361,-23.277584,-9.295523,True
2024-05-21 07:15:00,-18.36,104,-24,-15.81,-16.51274,-25.51165,-11.5286,True,-15.64,-14.632936,-23.649029,-10.0203085,True
2024-05-21 07:20:00,-18.6,104,-24,-15.84,-16.84665,-25.646053,-11.976045,True,-15.28,-15.052848,-23.863588,-10.542686,True
2024-05-21 07:25:00,-18.53,104,-25,-15.57,-16.698725,-25.436367,-11.894586,True,-14.45,-14.828475,-23.594774,-10.384602,True
2024-05-21 07:30:00,-18.32,104,-24,-14.91,-16.4469,-25.106243,-11.601398,True,-13.01,-14.533939,-23.23398,-10.046763,True
2024-05-21 07:35:00,-18.38,104,-25,-14.37,-16.296284,-24.953695,-11.411988,True,-11.38,-14.184664,-22.916506,-9.664621,True
2024-05-21 07:40:00,-18.07,104,-25,-14.68,-15.626547,-24.573816,-10.627143,True,-11.25,-13.170729,-22.247267,-8.55975,True
2024-05-21 07:45:00,-17.78,104,-25,-15.4,-15.37525,-24.315708,-10.19928,True,-12.07,-12.956496,-22.03625,-8.158071,True
2024-05-21 07:50:00,-17.39,104,-25,-15.41,-15.257776,-24.231745,-9.880764,True,-11.94,-13.091243,-22.185148,-8.065803,True
2024-05-21 07:55:00,-17.49,104,-25,-15.12,-15.051482,-24.247889,-9.681551,True,-11.13,-12.593936,-21.957054,-7.5980363,True
2024-05-21 08:00:00,-17.41,104,-25,-15.6,-15.013,-24.066067,-9.58736,True,-11.77,-12.594485,-21.81759,-7.529597,True
2024-05-21 08:05:00,-17.21,104,-24,-15.75,-14.749025,-23.794395,-9.386714,True,-12.58,-12.268786,-21.506598,-7.2629275,True
2024-05-21 08:10:00,-16.11,104,-23,-15.44,-13.306121,-22.5678,-8.283827,True,-13.059999,-10.494773,-20.006136,-5.850737,True
2024-05-21 08:15:00,-15.81,104,-22,-15.64,-12.709734,-22.010067,-7.9578757,True,-13.539999,-9.616799,-19.208656,-5.255299,True
2024-05-21 08:20:00,-15.84,104,-22,-15.28,-12.5489645,-21.909895,-7.9830146,True,-14.64,-9.272253,-18.948694,-5.1059184,True
2024-05-21 08:25:00,-15.57,104,-22,-14.45,-12.151458,-21.805012,-7.549561,True,-14.96,-8.748841,-18.745758,-4.5579095,True
2024-05-21 08:30:00,-14.91,104,-21,-13.01,-11.329294,-21.268457,-6.7326493,True,-14.9,-7.769836,-18.097218,-3.5942252,True
2024-05-21 08:35:00,-14.37,104,-20,-11.38,-9.885945,-21.268154,-4.541983,True,-14.48,-5.4632926,-17.43641,-0.6559184,True
2024-05-21 08:40:00,-14.68,104,-20,-11.25,-9.52287,-23.198702,-2.5285208,True,-14.18,-4.4411454,-18.956123,1.8533722,True
2024-05-21 08:45:00,-15.4,104,-21,-12.07,-9.810965,-25.046669,-1.6141456,True,-14.48,-4.296992,-20.541094,3.0687883,True
2024-05-21 08:50:00,-15.41,104,-22,-11.94,-10.880281,-24.599937,-3.3453867,True,-14.36,-6.362065,-20.842905,0.5216195,True
2024-05-21 08:55:00,-15.12,104,-22,-11.13,-11.51219,-23.067535,-5.007914,True,-14.13,-7.887367,-19.97927,-1.8573745,True
2024-05-21 09:00:00,-15.6,104,-22,-11.77,-12.463153,-22.9946,-6.1690764,True,-13.41,-9.306296,-20.276085,-3.4114096,True
2024-05-21 09:05:00,-15.75,104,-23,-12.58,-13.552633,-23.325012,-6.97063,True,-12.89,-11.303577,-21.37164,-5.013148,True
2024-05-21 09:10:00,-15.44,104,-22,-13.059999,-14.254256,-23.64984,-6.906306,True,-12.39,-12.972603,-22.51133,-5.812596,True
2024-05-21 09:15:00,-15.64,104,-22,-13.539999,-15.078588,-24.589508,-6.5763316,True,-12.639999,-14.383886,-23.935349,-6.0085654,True
2024-05-21 09:20:00,-15.28,104,-22,-14.64,-15.932178,-24.950317,-6.8790936,True,-12.6,-16.3488,-25.182281,-7.311176,True
2024-05-21 09:25:00,-14.45,104,-21,-14.96,-15.187758,-24.472656,-5.848205,True,-12.59,-15.677268,-24.763702,-6.3391156,True
2024-05-21 09:30:00,-13.01,104,-18,-14.9,-13.469431,-23.190763,-4.341862,True,-12.11,-13.706023,-23.28915,-4.5963235,True
2024-05-21 09:35:00,-11.38,104,-16,-14.48,-11.276752,-21.328533,-2.813557,True,-11.78,-10.997887,-21.040163,-2.594103,True
2024-05-21 09:40:00,-11.25,104,-14,-14.18,-10.400757,-20.2521,-2.7121317,True,-11.71,-9.438187,-19.44722,-1.8656429,True
2024-05-21 09:45:00,-12.07,104,-16,-14.48,-10.252008,-19.995604,-3.2191699,True,-11.45,-8.394347,-18.47725,-1.5514435,True
2024-05-21 09:50:00,-11.94,104,-15,-14.36,-9.359892,-19.54126,-2.607855,True,-12.06,-6.7887607,-17.450611,-0.29042658,True
2024-05-21 09:55:00,-11.13,104,-14,-14.13,-8.163579,-18.746494,-1.5651153,True,-12.04,-5.228167,-16.378183,1.0835663,True
2024-05-21 10:00:00,-11.77,104,-13,-13.41,-8.555206,-20.033585,-1.1258987,True,-13.41,-5.3877463,-17.520205,1.7051274,True
2024-05-21 10:05:00,-12.58,104,-15,-12.89,-9.33458,-21.425648,-1.1377777,True,-13.92,-6.1372523,-18.921192,1.697519,True
2024-05-21 10:10:00,-13.059999,104,-16,-12.39,-9.747654,-22.184258,-1.0978492,True,-14.67,-6.4846616,-19.654465,1.7846028,True
2024-05-21 10:15:00,-13.539999,104,-17,-12.639999,-10.50204,-22.687498,-1.7098755,True,-15.9,-7.4964795,-20.363695,0.95017403,True
2024-05-21 10:20:00,-14.64,104,-18,-12.6,-11.684322,-24.192818,-2.050337,True,-16.33,-8.758642,-21.952673,0.52822846,True
2024-05-21 10:25:00,-14.96,104,-20,-12.59,-12.055479,-24.961279,-1.7367443,True,-16.34,-9.178112,-22.78845,0.78975457,True
2024-05-21 10:30:00,-14.9,104,-20,-12.11,-12.003754,-25.397383,-1.0550884,True,-16.43,-9.135563,-23.267065,1.451677,True
2024-05-21 10:35:00,-14.48,104,-19,-11.78,-11.990713,-25.423433,-0.66952735,True,-17.36,-9.5129385,-23.61844,1.4989353,True
2024-05-21 10:40:00,-14.18,104,-19,-11.71,-12.473016,-24.701105,-1.6612362,True,-18.21,-10.742366,-23.45364,-0.12293656,True
2024-05-21 10:45:00,-14.48,104,-19,-11.45,-13.713577,-24.57812,-3.223593,True,-18.16,-12.879195,-24.014679,-2.4598315,True
2024-05-21 10:50:00,-14.36,104,-19,-12.06,-13.887475,-24.692978,-2.9092524,True,-18.47,-13.335052,-24.359509,-2.3929827,True
2024-05-21 10:55:00,-14.13,104,-19,-12.04,-13.918581,-25.124872,-2.239176,True,-18.46,-13.612277,-24.993687,-1.9399265,True
2024-05-21 11:00:00,-13.41,104,-17,-13.41,-14.191089,-24.684074,-2.7466586,True,-18.59,-14.797989,-25.249823,-3.2625315,True
2024-05-21 11:05:00,-12.89,104,-17,-13.92,-13.605966,-24.082392,-2.1821768,True,-18.22,-14.154431,-24.613485,-2.6440089,True
2024-05-21 11:10:00,-12.39,104,-17,-14.67,-13.013121,-23.481115,-1.854792,True,-17.2,-13.48042,-23.958872,-2.2413275,True
2024-05-21 11:15:00,-12.639999,104,-18,-15.9,-12.901024,-23.365417,-2.035435,True,-15.84,-13.042838,-23.608252,-2.1256278,True
2024-05-21 11:20:00,-12.6,104,-18,-16.33,-12.976692,-23.065353,-2.7297518,True,-14.71,-13.227523,-23.398329,-2.9156115,True
2024-05-21 11:25:00,-12.59,104,-18,-16.34,-12.972994,-22.735977,-3.2092726,True,-14.85,-13.236235,-23.084797,-3.4020884,True
2024-05-21 11:30:00,-12.11,104,-18,-16.43,-11.919038,-21.653894,-2.6745837,True,-15.13,-11.658194,-21.60455,-2.381943,True
2024-05-21 11:35:00,-11.78,104,-19,-17.36,-11.049642,-20.80763,-2.2666361,True,-15.2,-10.293355,-20.372217,-1.5133995,True
2024-05-21 11:40:00,-11.71,104,-21,-18.21,-10.612441,-20.38248,-2.2084734,True,-15.15,-9.516805,-19.679285,-1.1376499,True
2024-05-21 11:45:00,-11.45,104,-21,-18.16,-10.013592,-19.878983,-1.9543747,True,-15.15,-8.601006,-18.924673,-0.5852893,True
2024-05-21 11:50:00,-12.06,104,-23,-18.47,-10.033462,-19.99808,-2.2599528,True,-15.23,-8.074436,-18.59109,-0.3845962,True
2024-05-21 11:55:00,-12.04,104,-24,-18.46,-9.527863,-19.783976,-2.1109393,True,-14.57,-7.107428,-17.994226,0.19238822,True
2024-05-21 12:00:00,-13.41,104,-24,-18.59,-10.324701,-20.72814,-3.106066,True,-14.28,-7.3581443,-18.467104,-0.3014873,True
2024-05-21 12:05:00,-13.92,104,-25,-18.22,-10.406576,-21.158995,-3.252844,True,-14.56,-7.016129,-18.542112,-0.062223747,True
2024-05-21 12:10:00,-14.67,104,-25,-17.2,-11.453118,-21.206627,-5.364754,True,-14.63,-8.319921,-18.715307,-2.3633826,True
2024-05-21 12:15:00,-15.9,104,-25,-15.84,-12.828735,-21.918528,-7.3691382,True,-14.22,-9.826583,-19.47442,-4.4558597,True
2024-05-21 12:20:00,-16.33,104,-26,-14.71,-13.396654,-22.145418,-8.336927,True,-14.03,-10.528667,-19.7846,-5.5274787,True
2024-05-21 12:25:00,-16.34,104,-25,-14.85,-13.631012,-22.207516,-8.637263,True,-13.97,-10.984397,-20.038687,-6.021322,True
2024-05-21 12:30:00,-16.43,104,-24,-15.13,-13.906735,-22.45265,-8.716977,True,-14.78,-11.449219,-20.459764,-6.2755437,True
2024-05-21 12:35:00,-17.36,104,-24,-15.2,-14.870802,-23.449118,-9.361503,True,-15.289999,-12.465987,-21.500576,-6.9712367,True
2024-05-21 12:40:00,-18.21,104,-24,-15.15,-15.522002,-24.34317,-9.706754,True,-15.66,-12.938576,-22.24321,-7.1531615,True
2024-05-21 12:45:00,-18.16,104,-24,-15.15,-15.120559,-24.318459,-9.169195,True,-15.84,-12.195335,-21.9332,-6.29651,True
2024-05-21 12:50:00,-18.47,104,-24,-15.23,-15.354705,-24.614246,-9.533896,True,-16.14,-12.349624,-22.1546,-6.578463,True
2024-05-21 12:55:00,-18.46,104,-23,-14.57,-14.55135,-24.67475,-8.343055,True,-15.96,-10.761638,-21.564518,-4.677262,True
2024-05-21 13:00:00,-18.59,104,-23,-14.28,-14.382403,-24.66953,-8.480442,True,-15.95,-10.283779,-21.256788,-4.5107474,True
2024-05-21 13:05:00,-18.22,104,-23,-14.56,-13.777005,-24.217571,-8.225764,True,-15.69,-9.435913,-20.578135,-4.0168004,True
2024-05-21 13:10:00,-17.2,104,-22,-14.63,-12.11487,-23.221497,-6.4140286,True,-15.2,-7.1291833,-19.075428,-1.6229805,True
2024-05-21 13:15:00,-15.84,104,-20,-14.22,-10.780502,-21.95982,-5.20857,True,-15.05,-5.81832,-17.870544,-0.42258868,True
2024-05-21 13:20:00,-14.71,104,-18,-14.03,-9.459966,-21.22314,-3.339163,True,-15.62,-4.3045583,-17.10819,1.5930496,True
2024-05-21 13:25:00,-14.85,104,-17,-13.97,-9.778543,-21.2511,-3.7904942,True,-16.31,-4.7632146,-17.256683,1.0417362,True
2024-05-21 13:30:00,-15.13,104,-17,-14.78,-10.056361,-21.570118,-3.5675776,True,-16.8,-5.0342727,-17.61794,1.2736851,True
2024-05-21 13:35:00,-15.2,104,-16,-15.289999,-10.570538,-21.99096,-3.5826914,True,-17.15,-5.9923186,-18.471123,0.8600499,True
2024-05-21 13:40:00,-15.15,104,-16,-15.66,-11.081885,-22.78923,-3.1659472,True,-17.3,-7.085171,-19.846565,0.7295987,True
2024-05-21 13:45:00,-15.15,104,-16,-15.84,-11.263445,-23.730074,-2.3033373,True,-17.44,-7.4773993,-21.074583,1.3674618,True
2024-05-21 13:50:00,-15.23,104,-16,-16.14,-11.834094,-24.816072,-2.0199873,True,-17.65,-8.54609,-22.66576,1.1934925,True
2024-05-21 13:55:00,-14.57,104,-15,-15.96,-11.678768,-24.976482,-1.4265083,True,-17.75,-8.889316,-23.293549,1.3409477,True
2024-05-21 14:00:00,-14.28,104,-15,-15.95,-11.613155,-25.25087,-1.1264995,True,-17.51,-9.039506,-23.790003,1.4517723,True
2024-05-21 14:05:00,-14.56,104,-15,-15.69,-12.115416,-25.483402,-1.8525738,True,-17.25,-9.755095,-24.184351,0.55895776,True
2024-05-21 14:10:00,-14.63,104,-15,-15.2,-12.693103,-24.342972,-3.9598315,True,-17.46,-10.808436,-23.32001,-1.9038452,True
2024-05-21 14:15:00,-14.22,104,-15,-15.05,-12.293085,-23.481508,-3.9875863,True,-17.76,-10.418439,-22.42985,-1.9061931,True
2024-05-21 14:20:00,-14.03,104,-14,-15.62,-12.202935,-23.40108,-3.8243163,True,-17.83,-10.430417,-22.447212,-1.8183655,True
2024-05-21 14:25:00,-13.97,104,-14,-16.31,-12.194716,-23.676493,-3.4472106,True,-17.45,-10.477513,-22.806768,-1.4888195,True
2024-05-21 14:30:00,-14.78,104,-13,-16.8,-13.3021755,-25.14254,-3.6596606,True,-18.17,-11.899675,-24.586475,-1.9938396,True
2024-05-21 14:35:00,-15.289999,104,-14,-17.15,-14.026439,-26.309542,-3.596596,True,-17.7,-12.850981,-25.985641,-2.141722,True
2024-05-21 14:40:00,-15.66,104,-15,-17.3,-14.508067,-27.21439,-3.582926,True,-16.55,-13.453023,-27.022493,-2.2356741,True
2024-05-21 14:45:00,-15.84,104,-15,-17.44,-14.575745,-27.874214,-3.2863886,True,-15.42,-13.415126,-27.639494,-1.8409103,True
2024-05-21 14:50:00,-16.14,104,-16,-17.65,-14.7451,-28.311575,-3.345175,True,-15.12,-13.457933,-27.994955,-1.7736324,True
2024-05-21 14:55:00,-15.96,104,-17,-17.75,-14.322301,-28.017826,-3.1547892,True,-14.31,-12.787813,-27.512983,-1.3437923,True
2024-05-21 15:00:00,-15.95,104,-17,-17.51,-14.081729,-27.827745,-3.1688216,True,-13.89,-12.313435,-27.139973,-1.1263279,True
2024-05-21 15:05:00,-15.69,104,-17,-17.25,-13.75695,-27.452257,-3.079182,True,-13.17,-11.914506,-26.691534,-0.95035774,True
2024-05-21 15:10:00,-15.2,104,-17,-17.46,-13.458234,-26.769396,-3.1174643,True,-13.57,-11.796487,-26.128891,-1.1241077,True
2024-05-21 15:15:00,-15.05,104,-17,-17.76,-13.578031,-26.557829,-3.389599,True,-13.81,-12.181594,-26.122427,-1.6125187,True
2024-05-21 15:20:00,-15.62,104,-16,-17.83,-14.450152,-27.080784,-4.263825,True,-13.74,-13.359534,-26.87557,-2.7504752,True
2024-05-21 15:25:00,-16.31,104,-16,-17.45,-15.395585,-27.76037,-5.0159364,True,-13.22,-14.569008,-27.76954,-3.7295907,True
2024-05-21 15:30:00,-16.8,104,-17,-18.17,-16.549395,-28.481651,-6.089298,True,-12.82,-16.384254,-29.031301,-5.403294,True
2024-05-21 15:35:00,-17.15,104,-17,-17.7,-17.283688,-28.880726,-6.743068,True,-12.94,-17.506536,-29.738907,-6.4029794,True
2024-05-21 15:40:00,-17.3,104,-19,-16.55,-17.624384,-29.153316,-7.0363,True,-12.65,-18.0391,-30.164925,-6.870567,True
2024-05-21 15:45:00,-17.44,104,-19,-15.42,-17.822687,-29.323948,-7.2306275,True,-11.91,-18.29623,-30.380363,-7.11167,True
2024-05-21 15:50:00,-17.65,104,-20,-15.12,-17.871227,-29.541515,-7.3700995,True,-10.53,-18.184443,-30.465874,-7.102877,True
2024-05-21 15:55:00,-17.75,104,-21,-14.31,-17.479395,-29.35026,-7.119656,True,-10.34,-17.302496,-29.874628,-6.377686,True
2024-05-21 16:00:00,-17.51,104,-22,-13.89,-16.548788,-28.903627,-6.405542,True,-9.83,-15.672255,-28.843307,-5.005179,True
2024-05-21 16:05:00,-17.25,104,-22,-13.17,-15.544312,-28.295681,-5.8947244,True,-9.48,-13.896618,-27.567097,-3.7606852,True
2024-05-21 16:10:00,-17.46,104,-22,-13.57,-15.287722,-28.115618,-6.1743636,True,-8.87,-13.140357,-26.912983,-3.5551817,True
2024-05-21 16:15:00,-17.76,104,-23,-13.81,-14.937862,-28.241697,-6.083713,True,-8.8,-12.093962,-26.421797,-2.8225386,True
2024-05-21 16:20:00,-17.83,104,-23,-13.74,-14.664264,-28.495125,-5.778315,True,-8.74,-11.429543,-26.365164,-2.175299,True
2024-05-21 16:25:00,-17.45,104,-24,-13.22,-14.443854,-28.261805,-5.682463,True,-8.7,-11.346542,-26.2477,-2.2060835,True
2024-05-21 16:30:00,-18.17,104,-25,-12.82,-15.666656,-28.603056,-7.4726033,True,-8.16,-13.0719185,-26.923414,-4.423674,True
2024-05-21 16:35:00,-17.7,104,-25,-12.94,-15.12198,-27.976492,-7.0197883,True,-7.98,-12.394359,-26.18964,-3.845814,True
2024-05-21 16:40:00,-16.55,104,-25,-12.65,-13.896206,-26.825977,-5.7459035,True,-7.6200004,-11.066218,-24.98627,-2.4692214,True
2024-05-21 16:45:00,-15.42,104,-24,-11.91,-12.8388815,-25.84966,-4.4158273,True,-7.3000007,-10.090472,-24.10868,-1.2144722,True
2024-05-21 16:50:00,-15.12,104,-25,-10.53,-12.701553,-25.886215,-3.723674,True,-6.3300004,-10.15263,-24.33016,-0.714701,True
2024-05-21 16:55:00,-14.31,104,-25,-10.34,-12.374854,-25.541378,-3.2436068,True,-5.65,-10.323055,-24.425093,-0.7169059,True
2024-05-21 17:00:00,-13.89,104,-24,-9.83,-11.969343,-25.222927,-2.669514,True,-5.14,-9.924437,-24.129148,-0.15973695,True
2024-05-21 17:05:00,-13.17,104,-23,-9.48,-11.234314,-24.722315,-1.9831966,True,-4.77,-9.161895,-23.624092,0.54356927,True
2024-05-21 17:10:00,-13.57,104,-22,-8.87,-11.406186,-24.988031,-2.3804305,True,-4.43,-9.078336,-23.640654,0.38077703,True
2024-05-21 17:15:00,-13.81,104,-23,-8.8,-11.520918,-24.806711,-2.6878588,True,-4.0400004,-9.0465,-23.287169,0.22337501,True
2024-05-21 17:20:00,-13.74,104,-23,-8.74,-10.973848,-24.446833,-2.434973,True,-2.9599993,-7.9623275,-22.465546,0.97524995,True
2024-05-21 17:25:00,-13.22,104,-22,-8.7,-10.113275,-23.634249,-1.8199047,True,-3.1900008,-6.7089524,-21.299597,1.9561955,True
2024-05-21 17:30:00,-12.82,104,-21,-8.16,-9.66299,-23.050732,-1.54015,True,-3.029999,-6.190437,-20.62498,2.3029916,True
2024-05-21 17:35:00,-12.94,104,-21,-7.98,-9.59878,-23.161058,-1.5450977,True,-2.8099997,-5.9197745,-20.537895,2.4799726,True
2024-05-21 17:40:00,-12.65,104,-21,-7.6200004,-9.243824,-23.057524,-1.1835197,True,-0.99000007,-5.478291,-20.371685,2.8986242,True
2024-05-21 17:45:00,-11.91,104,-20,-7.3000007,-8.2112465,-22.789175,0.024379415,True,-1.6700004,-4.119591,-19.915478,4.365482,True
2024-05-21 17:50:00,-10.53,104,-19,-6.3300004,-6.4820685,-21.363861,1.6101967,True,-2.5100005,-1.9949745,-18.207684,6.2932487,True
2024-05-21 17:55:00,-10.34,104,-19,-5.65,-5.97683,-21.068203,2.2014883,True,-3.1399996,-1.0942692,-17.638252,7.2193713,True
2024-05-21 18:00:00,-9.83,104,-19,-5.14,-5.224385,-20.344894,3.0055997,True,-4.0100007,-0.048328713,-16.700243,8.282597,True
2024-05-21 18:05:00,-9.48,104,-19,-4.77,-4.8573203,-19.877848,3.34436,True,-4.7400002,0.3320538,-16.212677,8.625383,True
2024-05-21 18:10:00,-8.87,104,-18,-4.43,-4.185205,-19.457037,4.175819,True,-6.1,1.0610691,-15.798315,9.479963,True
2024-05-21 18:15:00,-8.8,104,-18,-4.0400004,-4.419105,-20.125938,4.4401507,True,-7.2900004,0.49289098,-16.821419,9.39193,True
2024-05-21 18:20:00,-8.74,104,-18,-2.9599993,-4.3642144,-20.528046,4.888902,True,-7.7900004,0.5284669,-17.289804,9.78537,True
2024-05-21 18:25:00,-8.7,104,-18,-3.1900008,-4.75129,-20.871948,4.6121936,True,-8.08,-0.34926638,-17.996525,9.055557,True
2024-05-21 18:30:00,-8.16,104,-18,-3.029999,-3.911445,-20.582476,5.476663,True,-8.14,0.79455346,-17.491121,10.17416,True
2024-05-21 18:35:00,-7.98,104,-18,-2.8099997,-4.065676,-20.153166,5.1826034,True,-8.24,0.2757832,-17.271145,9.5760765,True
2024-05-21 18:40:00,-7.6200004,104,-18,-0.99000007,-2.724686,-19.937992,6.603433,True,-8.36,2.636253,-16.324364,11.884865,True
2024-05-21 18:45:00,-7.3000007,104,-18,-1.6700004,-1.2054695,-19.72216,8.195974,True,-8.61,5.442493,-15.234112,14.566891,True
2024-05-21 18:50:00,-6.3300004,104,-16,-2.5100005,0.7800099,-18.11429,10.072069,True,-9.85,8.498884,-12.856231,17.377937,True
2024-05-21 18:55:00,-5.65,104,-16,-3.1399996,1.7903782,-16.43836,10.825722,True,-10.0,9.816486,-10.838682,18.46262,True
2024-05-21 19:00:00,-5.14,104,-16,-4.0100007,2.5219991,-16.036139,11.503307,True,-10.12,10.758402,-10.320244,19.286625,True
2024-05-21 19:05:00,-4.77,104,-15,-4.7400002,2.611015,-16.023975,11.692518,True,-10.74,10.511955,-10.59079,19.158825,False
2024-05-21 19:10:00,-4.43,104,-15,-6.1,2.1766737,-16.153439,11.3913765,True,-10.98,9.247234,-11.338797,18.112984,True
2024-05-21 19:15:00,-4.0400004,104,-14,-7.2900004,1.6814038,-15.423387,10.929367,True,-11.09,7.7896094,-11.210504,16.8278,True
2024-05-21 19:20:00,-2.9599993,104,-13,-7.7900004,2.3104646,-14.6316,11.639914,True,-11.19,7.9114947,-10.826928,17.064835,False
2024-05-21 19:25:00,-3.1900008,104,-14,-8.08,1.9454247,-15.382435,11.382868,True,-11.75,7.402202,-11.721263,16.6367,False
2024-05-21 19:30:00,-3.029999,104,-14,-8.14,1.782478,-15.531321,11.279535,True,-12.37,6.8993125,-12.1305275,16.205292,False
2024-05-21 19:35:00,-2.8099997,104,-14,-8.24,1.6299301,-15.49154,11.127968,True,-13.58,6.3470244,-12.374482,15.677143,False
2024-05-21 19:40:00,-0.99000007,104,-12,-8.36,3.6295145,-14.0474825,13.053986,True,-14.06,8.48349,-10.909603,17.69749,False
2024-05-21 19:45:00,-1.6700004,104,-13,-8.61,2.9945848,-14.960379,12.522728,True,-14.62,7.913959,-11.76994,17.198112,False
2024-05-21 19:50:00,-2.5100005,104,-13,-9.85,2.3162363,-15.98451,12.04401,True,-14.88,7.4199424,-12.647036,16.857388,False
2024-05-21 19:55:00,-3.1399996,104,-14,-10.0,1.6741196,-16.635798,11.578838,True,-14.69,6.7675586,-13.279858,16.371822,False
2024-05-21 20:00:00,-4.0100007,104,-15,-10.12,0.7392556,-17.371218,10.776707,True,-14.61,5.772905,-13.99328,15.513184,False
2024-05-21 20:05:00,-4.7400002,104,-16,-10.74,-0.2621387,-16.944544,9.654465,True,-15.2,4.464254,-13.638842,14.160061,False
2024-05-21 20:10:00,-6.1,104,-17,-10.98,-1.3560032,-17.941814,8.613789,True,-15.22,3.6614168,-14.336591,13.383263,False
2024-05-21 20:15:00,-7.2900004,104,-19,-11.09,-2.8272154,-19.2025,7.328319,True,-15.65,1.9224468,-15.749387,11.839014,True
2024-05-21 20:20:00,-7.7900004,104,-19,-11.19,-2.9658911,-19.519224,7.2404037,True,-15.69,2.172487,-15.740925,12.088293,True
2024-05-21 20:25:00,-8.08,104,-20,-11.75,-2.8647807,-19.725975,7.355243,True,-15.87,2.686138,-15.616775,12.55323,False
2024-05-21 20:30:00,-8.14,104,-19,-12.37,-2.728823,-19.95771,7.4416595,True,-15.289999,3.0167062,-15.704475,12.788338,True
2024-05-21 20:35:00,-8.24,104,-19,-13.58,-3.0186045,-20.501457,7.1787543,True,-14.98,2.5234563,-16.423464,12.309605,True
2024-05-21 20:40:00,-8.36,104,-19,-14.06,-3.4656699,-21.054136,6.742109,True,-14.34,1.7178417,-17.264647,11.525005,True
2024-05-21 20:45:00,-8.61,104,-19,-14.62,-4.2319283,-21.872171,6.0386443,True,-14.65,0.39424863,-18.517097,10.295031,True
2024-05-21 20:50:00,-9.85,104,-20,-14.88,-6.051851,-23.517712,4.2910895,True,-15.18,-2.01701,-20.58062,7.990913,True
2024-05-21 20:55:00,-10.0,104,-20,-14.69,-6.455073,-23.15071,3.6838682,True,-15.15,-2.696812,-20.368095,7.143043,True
2024-05-21 21:00:00,-10.12,104,-20,-14.61,-6.7063746,-23.21038,3.3626554,True,-14.91,-3.0930464,-20.525232,6.679765,True
2024-05-21 21:05:00,-10.74,104,-21,-15.2,-7.689899,-24.018738,2.4353921,True,-15.31,-4.473458,-21.626875,5.37598,True
2024-05-21 21:10:00,-10.98,104,-21,-15.22,-7.949514,-24.408297,2.2369363,True,-14.97,-4.770682,-22.040539,5.127952,True
2024-05-21 21:15:00,-11.09,104,-21,-15.65,-8.481741,-24.829037,1.796846,True,-13.48,-5.774422,-22.829079,4.2398314,True
2024-05-21 21:20:00,-11.19,104,-20,-15.69,-8.664723,-24.493607,1.5762535,True,-12.73,-6.0631804,-22.535847,3.9221494,True
2024-05-21 21:25:00,-11.75,104,-21,-15.87,-9.541167,-25.624475,0.9636685,True,-11.66,-7.275561,-23.923391,2.9806802,True
2024-05-21 21:30:00,-12.37,104,-21,-15.289999,-10.387377,-26.729927,0.3712708,True,-11.3,-8.358745,-25.200623,2.1538198,True
2024-05-21 21:35:00,-13.58,104,-22,-14.98,-11.940805,-29.225052,-0.63191825,True,-11.04,-10.275482,-27.977749,0.79172677,True
2024-05-21 21:40:00,-14.06,104,-23,-14.34,-12.681403,-30.78023,-0.9079421,True,-10.31,-11.299531,-29.750708,0.23630302,True
2024-05-21 21:45:00,-14.62,104,-23,-14.65,-13.504792,-32.19989,-1.3048481,True,-9.56,-12.409183,-31.379814,-0.43685564,True
2024-05-21 21:50:00,-14.88,104,-23,-15.18,-14.096879,-33.05999,-1.6273845,True,-8.900001,-13.362529,-32.50078,-1.0986751,True
2024-05-21 21:55:00,-14.69,104,-23,-15.15,-14.096273,-33.07668,-1.5498012,True,-7.9,-13.568166,-32.6597,-1.2193264,True
2024-05-21 22:00:00,-14.61,104,-23,-14.91,-14.141564,-31.402288,-2.0597575,True,-7.19,-13.73635,-31.06094,-1.846249,True
2024-05-21 22:05:00,-15.2,104,-23,-15.31,-15.085103,-29.852655,-3.2759364,True,-6.69,-15.032008,-29.768042,-3.391064,True
2024-05-21 22:10:00,-15.22,104,-24,-14.97,-14.981672,-30.276525,-2.9149573,True,-5.6700006,-14.805124,-30.084644,-2.9218104,True
2024-05-21 22:15:00,-15.65,104,-24,-13.48,-15.379261,-30.653027,-3.2064402,True,-4.6700006,-15.170023,-30.424662,-3.1899817,True
2024-05-21 22:20:00,-15.69,104,-24,-12.73,-15.572478,-31.072857,-3.1142523,True,-4.2500005,-15.525365,-30.957907,-3.2554648,True
2024-05-21 22:25:00,-15.87,104,-24,-11.66,-15.804278,-31.701859,-3.1774294,True,-4.15,-15.813651,-31.619093,-3.3742774,True
2024-05-21 22:30:00,-15.289999,104,-24,-11.3,-14.954927,-31.258877,-2.4005435,True,-3.8800004,-14.698275,-30.964981,-2.3598158,True
2024-05-21 22:35:00,-14.98,104,-24,-11.04,-14.164009,-30.793514,-1.8054813,True,-3.3799994,-13.422801,-30.125154,-1.3277935,True
2024-05-21 22:40:00,-14.34,104,-23,-10.31,-12.683668,-29.554722,-0.8066276,True,-3.3300002,-11.081703,-28.226429,0.44880643,True
2024-05-21 22:45:00,-14.65,104,-23,-9.56,-12.011777,-28.763092,-0.7056945,True,-3.3999999,-9.377398,-26.605984,1.4862076,True
2024-05-21 22:50:00,-15.18,104,-24,-8.900001,-11.669883,-28.24078,-0.86278945,True,-2.7600005,-8.101219,-25.29554,2.1808336,True
2024-05-21 22:55:00,-15.15,104,-25,-7.9,-10.944713,-27.428312,-0.6274093,True,-1.8899997,-6.619118,-23.828205,3.0995748,True
2024-05-21 23:00:00,-14.91,104,-24,-7.19,-9.887343,-26.624947,0.11392562,True,-1.82,-4.6835856,-22.278162,4.6244845,True
2024-05-21 23:05:00,-15.31,104,-26,-6.69,-10.080894,-26.592085,-0.32831034,True,-2.2099993,-4.6517425,-22.003838,4.3869987,True
2024-05-21 23:10:00,-14.97,104,-26,-5.6700006,-10.199895,-26.146122,-0.7934974,True,-3.029999,-5.249537,-21.930264,3.4939706,True
2024-05-21 23:15:00,-13.48,104,-25,-4.6700006,-8.869382,-24.525396,0.06566398,True,-3.3799994,-4.1158814,-20.500008,4.17398,True
2024-05-21 23:20:00,-12.73,104,-25,-4.2500005,-8.294096,-23.524456,0.2603394,True,-3.9399998,-3.75443,-19.673475,4.1798244,True
2024-05-21 23:25:00,-11.66,104,-24,-4.15,-7.114759,-21.956161,1.0853459,True,-4.520001,-2.5075266,-18.037107,5.078647,True
2024-05-21 23:30:00,-11.3,104,-24,-3.8800004,-6.811607,-22.330519,1.5148369,True,-5.439999,-2.2687514,-18.520838,5.417173,True
2024-05-21 23:35:00,-11.04,104,-25,-3.3799994,-6.8998437,-22.320862,1.4100395,True,-6.11,-2.7283843,-18.822392,4.959413,True
2024-05-21 23:40:00,-10.31,104,-24,-3.3300002,-6.4799,-21.83498,1.7592369,True,-6.72,-2.6523726,-18.638834,4.9814315,True
2024-05-21 23:45:00,-9.56,104,-23,-3.3999999,-6.249575,-21.424517,1.9955555,True,-7.1200013,-2.9797938,-18.691969,4.694881,True
2024-05-21 23:50:00,-8.900001,104,-23,-2.7600005,-6.007505,-21.639427,2.376335,True,-7.19,-3.1855261,-19.29259,4.640226,True
2024-05-21 23:55:00,-7.9,104,-22,-1.8899997,-5.2737594,-21.821934,3.298576,True,-7.1,-2.7452948,-19.746613,5.2756057,True
2024-05-22 00:00:00,-7.19,104,-22,-1.82,-4.615188,-22.328579,4.2903876,True,-7.31,-2.1534274,-20.329967,6.1847644,True
2024-05-22 00:05:00,-6.69,104,-22,-2.2099993,-4.5058455,-23.129313,4.791656,True,-7.9,-2.4610312,-21.449932,6.2925525,True
2024-05-22 00:10:00,-5.6700006,104,-21,-3.029999,-3.885916,-23.573975,5.733482,True,-7.9200006,-2.2725775,-22.21272,6.829139,True
2024-05-22 00:15:00,-4.6700006,104,-21,-3.3799994,-3.2496455,-23.458002,6.547319,True,-8.36,-2.0212004,-22.362743,7.289581,True
2024-05-22 00:20:00,-4.2500005,104,-21,-3.9399998,-2.44969,-23.526602,7.523662,True,-8.81,-0.8409141,-22.16563,8.59576,True
2024-05-22 00:25:00,-4.15,104,-21,-4.520001,-2.269005,-20.874287,7.2840075,True,-9.52,-0.5631698,-19.417713,8.459656,True
2024-05-22 00:30:00,-3.8800004,104,-21,-5.439999,-1.88419,-18.792892,7.3782573,True,-9.720001,-0.06589158,-17.230955,8.665443,True
2024-05-22 00:35:00,-3.3799994,104,-21,-6.11,-1.3787025,-18.298166,7.804443,True,-9.87,0.43557134,-16.73832,9.088203,True
2024-05-22 00:40:00,-3.3300002,104,-21,-6.72,-1.6201576,-18.330246,7.497558,True,-10.02,-0.100740746,-16.97439,8.51103,True
2024-05-22 00:45:00,-3.3999999,104,-21,-7.1200013,-1.9640392,-18.68321,7.198137,True,-10.18,-0.7131408,-17.505678,7.9633594,True
2024-05-22 00:50:00,-2.7600005,104,-21,-7.19,-1.2674125,-17.179853,7.699207,True,-10.69,0.03085105,-15.960395,8.510468,True
2024-05-22 00:55:00,-1.8899997,104,-19,-7.1,-0.38092837,-16.36885,8.432413,True,-10.77,0.921024,-15.143384,9.241648,True
2024-05-22 01:00:00,-1.82,104,-19,-7.31,-0.4060882,-16.54089,8.305935,True,-10.85,0.7996003,-15.380658,9.025095,True
2024-05-22 01:05:00,-2.2099993,104,-19,-7.9,-0.6073516,-16.235435,7.7842,True,-10.85,0.7886731,-14.924599,8.6810055,True
2024-05-22 01:10:00,-3.029999,104,-19,-7.9200006,-0.89927894,-15.594979,6.916515,True,-10.18,1.0187947,-13.870945,8.306444,True
2024-05-22 01:15:00,-3.3799994,104,-20,-8.36,-0.7118209,-15.495669,6.7976184,True,-10.4,1.7271286,-13.361141,8.676598,True
2024-05-22 01:20:00,-3.9399998,104,-20,-8.81,-1.0264629,-15.726852,6.1872745,True,-10.41,1.6549908,-13.385685,8.2868595,True
2024-05-22 01:25:00,-4.520001,104,-21,-9.52,-1.730286,-16.39777,5.5410113,True,-10.14,0.8364541,-14.134768,7.524654,True
2024-05-22 01:30:00,-5.439999,104,-21,-9.720001,-2.637152,-17.329386,4.613092,True,-9.63,-0.046284035,-15.030585,6.6154666,True
2024-05-22 01:35:00,-6.11,104,-22,-9.87,-3.1491969,-17.97528,4.026378,True,-9.75,-0.4026092,-15.542815,6.170566,True
2024-05-22 01:40:00,-6.72,104,-22,-10.02,-3.8691857,-18.776915,3.4398057,True,-10.43,-1.2220844,-16.40901,5.486282,True
2024-05-22 01:45:00,-7.1200013,104,-22,-10.18,-4.2450347,-18.209604,2.8012903,True,-10.639999,-1.5761169,-15.786166,4.881023,True
2024-05-22 01:50:00,-7.19,104,-22,-10.69,-4.1321816,-16.971603,2.4353235,True,-10.620001,-1.2993015,-14.375384,4.6839595,True
2024-05-22 01:55:00,-7.1,104,-21,-10.77,-4.308519,-16.740486,2.1689107,True,-11.24,-1.7300953,-14.343749,4.1787753,True
2024-05-22 02:00:00,-7.31,104,-20,-10.85,-4.636063,-17.092987,1.8262917,True,-11.62,-2.1715987,-14.788243,3.726362,True
2024-05-22 02:05:00,-7.9,104,-19,-10.85,-5.10792,-17.336887,1.1895138,True,-11.58,-2.5298483,-14.921827,3.2008092,True
2024-05-22 02:10:00,-7.9200006,104,-19,-10.18,-5.2831607,-17.236372,0.86273926,True,-10.89,-2.8527224,-14.932738,2.7303426,True
2024-05-22 02:15:00,-8.36,104,-19,-10.4,-5.6314645,-17.731903,0.5109994,True,-10.63,-3.1074107,-15.337582,2.467943,True
2024-05-22 02:20:00,-8.81,104,-19,-10.41,-6.112494,-18.811903,0.09674804,True,-11.14,-3.6072466,-16.43906,2.0295293,True
2024-05-22 02:25:00,-9.52,104,-19,-10.14,-7.036247,-19.835499,-0.6577819,True,-11.25,-4.7285914,-17.614489,1.0804096,True
2024-05-22 02:30:00,-9.720001,104,-19,-9.63,-7.1219087,-19.890377,-0.7658637,True,-11.53,-4.7018113,-17.56949,1.0769058,True
2024-05-22 02:35:00,-9.87,104,-19,-9.75,-7.233786,-20.341303,-1.0454792,True,-11.9,-4.779303,-18.001453,0.82474107,True
2024-05-22 02:40:00,-10.02,104,-19,-10.43,-7.2053304,-19.927286,-1.2573665,True,-11.99,-4.586572,-17.44078,0.7739026,True
2024-05-22 02:45:00,-10.18,104,-18,-10.639999,-7.1870456,-19.45139,-1.4453243,True,-11.97,-4.4008956,-16.802822,0.7477967,True
2024-05-22 02:50:00,-10.69,104,-18,-10.620001,-7.394281,-20.077742,-1.6527141,True,-11.96,-4.312659,-17.177347,0.8164117,True
2024-05-22 02:55:00,-10.77,104,-18,-11.24,-7.7488227,-20.614458,-1.8858742,True,-11.67,-4.925012,-17.934559,0.33561483,True
2024-05-22 03:00:00,-10.85,104,-18,-11.62,-7.921806,-21.063036,-1.9506496,True,-11.62,-5.1817594,-18.450062,0.18273322,True
2024-05-22 03:05:00,-10.85,104,-18,-11.58,-7.9709125,-21.198395,-1.8738922,True,-11.85,-5.2741838,-18.616724,0.21775787,True
2024-05-22 03:10:00,-10.18,104,-17,-10.89,-7.136476,-21.117315,-0.86735564,True,-12.14,-4.2856174,-18.43097,1.3620602,True
2024-05-22 03:15:00,-10.4,104,-16,-10.63,-7.5007014,-21.606083,-1.0297741,True,-12.26,-4.7863975,-19.029293,1.0709969,True
2024-05-22 03:20:00,-10.41,104,-16,-11.14,-7.810962,-21.949533,-1.1848549,True,-11.98,-5.38712,-19.606323,0.6448533,True
2024-05-22 03:25:00,-10.14,104,-16,-11.25,-7.590757,-21.684072,-0.92821914,True,-11.22,-5.2108483,-19.378998,0.8663842,True
2024-05-22 03:30:00,-9.63,104,-15,-11.53,-7.161778,-21.315578,-0.4863151,True,-11.68,-4.859118,-19.07529,1.2382427,True
2024-05-22 03:35:00,-9.75,104,-14,-11.9,-7.6887746,-21.423124,-1.0063537,True,-11.86,-5.7759967,-19.490091,0.36570898,True
2024-05-22 03:40:00,-10.43,104,-15,-11.99,-8.810888,-22.120985,-2.0423586,True,-11.9,-7.3169703,-20.509861,-1.0548271,True
2024-05-22 03:45:00,-10.639999,104,-15,-11.97,-9.273738,-22.434675,-2.4823859,True,-11.9,-8.01847,-21.016836,-1.7069744,True
2024-05-22 03:50:00,-10.620001,104,-15,-11.96,-9.916638,-22.687471,-3.003319,True,-11.89,-9.290897,-21.771444,-2.8041422,True
2024-05-22 03:55:00,-11.24,104,-15,-11.67,-10.581612,-22.79884,-3.9864123,True,-11.84,-9.99064,-21.915987,-3.8194487,True
2024-05-22 04:00:00,-11.62,104,-16,-11.62,-11.058145,-22.813324,-4.381061,True,-11.67,-10.552425,-22.003147,-4.2889132,True
2024-05-22 04:05:00,-11.58,104,-15,-11.85,-10.682464,-22.209032,-4.3064475,True,-11.77,-9.857651,-21.149155,-3.9150155,True
2024-05-22 04:10:00,-10.89,104,-14,-12.14,-9.513637,-20.976633,-3.4430335,True,-11.759999,-8.239861,-19.557842,-2.6296694,True
2024-05-22 04:15:00,-10.63,104,-13,-12.26,-8.946052,-20.51135,-2.901478,True,-11.6,-7.383656,-18.857042,-1.8139004,True
2024-05-22 04:20:00,-11.14,104,-13,-11.98,-9.139879,-20.857262,-3.1905825,True,-11.28,-7.2770724,-18.954514,-1.8162082,True
2024-05-22 04:25:00,-11.25,104,-13,-11.22,-9.15995,-21.128096,-3.1883948,True,-11.28,-7.2074857,-19.144148,-1.733334,True
2024-05-22 04:30:00,-11.53,104,-14,-11.68,-9.706982,-21.411669,-3.812837,True,-11.46,-7.996494,-19.623259,-2.5797255,True
2024-05-22 04:35:00,-11.9,104,-14,-11.86,-10.074384,-21.652998,-4.2353015,True,-11.71,-8.354353,-19.85286,-2.9909499,True
2024-05-22 04:40:00,-11.99,104,-14,-11.9,-10.083461,-21.520226,-4.342117,True,-11.7,-8.279829,-19.651684,-3.0141451,True
2024-05-22 04:45:00,-11.97,104,-15,-11.9,-9.904162,-21.154531,-4.3365293,True,-11.57,-7.946367,-19.153101,-2.8649104,True
2024-05-22 04:50:00,-11.96,104,-14,-11.89,-10.000745,-21.009005,-4.6304746,True,-11.5,-8.14041,-19.092928,-3.2449954,True
2024-05-22 04:55:00,-11.67,104,-14,-11.84,-9.531743,-20.595285,-4.4350553,True,-11.42,-7.4990516,-18.537426,-2.886141,True
2024-05-22 05:00:00,-11.62,104,-14,-11.67,-9.241918,-20.481558,-4.322663,True,-11.72,-6.9784865,-18.235275,-2.5540183,True
2024-05-22 05:05:00,-11.85,104,-15,-11.77,-9.327466,-20.63833,-4.54843,True,-11.7,-6.9184175,-18.26474,-2.647301,True
2024-05-22 05:10:00,-12.14,104,-15,-11.759999,-9.518853,-20.778183,-5.0078483,True,-11.67,-7.004866,-18.312828,-3.0077384,True
2024-05-22 05:15:00,-12.26,104,-16,-11.6,-9.486239,-20.950737,-5.0762935,True,-11.73,-6.817203,-18.35631,-2.9343283,True
2024-05-22 05:20:00,-11.98,104,-16,-11.28,-9.20621,-20.646448,-4.9035325,True,-11.59,-6.5295177,-18.048605,-2.7551005,True
2024-05-22 05:25:00,-11.22,104,-15,-11.28,-8.466428,-20.011343,-4.300384,True,-11.72,-5.803737,-17.442581,-2.1590273,True
2024-05-22 05:30:00,-11.68,104,-15,-11.46,-8.4839525,-20.461473,-4.199885,True,-11.69,-5.3893847,-17.533754,-1.6662925,True
2024-05-22 05:35:00,-11.86,104,-16,-11.71,-8.817769,-20.683313,-4.41499,True,-11.22,-5.859677,-17.86862,-2.008547,True
2024-05-22 05:40:00,-11.9,104,-16,-11.7,-8.8908615,-20.682665,-4.3448176,True,-10.659999,-5.959789,-17.895506,-1.9600109,True
2024-05-22 05:45:00,-11.9,104,-16,-11.57,-8.959316,-20.672577,-4.2694297,True,-11.3,-6.0921187,-17.94601,-1.9378265,True
2024-05-22 05:50:00,-11.89,104,-15,-11.5,-9.273152,-20.647585,-4.440821,True,-11.29,-6.713328,-18.17837,-2.3830454,True
2024-05-22 05:55:00,-11.84,104,-16,-11.42,-9.424362,-20.113955,-4.812573,True,-11.16,-7.0564036,-17.799177,-2.9205878,True
2024-05-22 06:00:00,-11.67,104,-15,-11.72,-9.613994,-19.437183,-4.985065,True,-10.65,-7.5914855,-17.420248,-3.4007742,True
2024-05-22 06:05:00,-11.77,104,-15,-11.7,-9.818859,-19.44573,-5.116509,True,-10.69,-7.8936267,-17.516487,-3.6139758,True
2024-05-22 06:10:00,-11.759999,104,-15,-11.67,-10.102959,-19.576723,-5.228688,True,-10.84,-8.451901,-17.880417,-3.9804623,True
2024-05-22 06:15:00,-11.6,104,-14,-11.73,-9.825968,-19.321095,-4.9892163,True,-10.84,-8.062595,-17.535015,-3.6305354,True
2024-05-22 06:20:00,-11.28,104,-14,-11.59,-9.302462,-19.008398,-4.524464,True,-10.77,-7.3430495,-17.06133,-2.9776423,True
2024-05-22 06:25:00,-11.28,104,-14,-11.72,-9.238919,-18.96453,-4.3674016,True,-10.77,-7.2140203,-16.962034,-2.7573397,True
2024-05-22 06:30:00,-11.46,104,-14,-11.69,-9.197247,-18.900566,-4.4137044,True,-10.73,-6.960094,-16.720263,-2.60063,True
2024-05-22 06:35:00,-11.71,104,-14,-11.22,-9.037526,-18.991978,-4.3543334,True,-10.52,-6.4111886,-16.482319,-2.1759226,True
2024-05-22 06:40:00,-11.7,104,-15,-10.659999,-8.90884,-18.898079,-4.4291472,True,-10.06,-6.162292,-16.287378,-2.1360419,True
2024-05-22 06:45:00,-11.57,104,-15,-11.3,-8.801651,-18.680868,-4.456349,True,-10.25,-6.070314,-16.088552,-2.1718333,True
2024-05-22 06:50:00,-11.5,104,-14,-11.29,-8.916829,-18.599651,-4.622688,True,-10.45,-6.3521085,-16.152143,-2.490929,True
2024-05-22 06:55:00,-11.42,104,-13,-11.16,-8.936277,-18.410574,-4.7704587,True,-10.32,-6.460507,-16.044218,-2.7121546,True
2024-05-22 07:00:00,-11.72,104,-14,-10.65,-9.085571,-18.476593,-5.102608,True,-9.96,-6.461992,-15.977232,-2.902735,True
2024-05-22 07:05:00,-11.7,104,-14,-10.69,-8.878335,-18.304594,-5.026342,True,-9.81,-6.076485,-15.648388,-2.6540358,True
2024-05-22 07:10:00,-11.67,104,-14,-10.84,-8.919311,-18.281532,-5.1438613,True,-9.7,-6.1829057,-15.686994,-2.82807,True
2024-05-22 07:15:00,-11.73,104,-14,-10.84,-8.922475,-18.332767,-5.195328,True,-9.73,-6.129169,-15.693254,-2.825514,True
2024-05-22 07:20:00,-11.59,104,-14,-10.77,-8.862124,-18.24948,-5.228724,True,-9.720001,-6.140819,-15.682873,-2.9196227,True
2024-05-22 07:25:00,-11.72,104,-14,-10.77,-8.871729,-18.245567,-5.361158,True,-9.73,-6.032459,-15.579471,-2.9357264,True
2024-05-22 07:30:00,-11.69,104,-14,-10.73,-8.508485,-18.000595,-5.1421666,True,-9.819999,-5.3515096,-15.059032,-2.4154074,True
2024-05-22 07:35:00,-11.22,104,-14,-10.52,-7.872314,-17.422613,-4.7339377,True,-9.51,-4.558475,-14.356219,-1.8501362,True
2024-05-22 07:40:00,-10.659999,104,-13,-10.06,-7.2112775,-16.794743,-4.2852445,True,-9.47,-3.799371,-13.652726,-1.3019966,True
2024-05-22 07:45:00,-11.3,104,-14,-10.25,-7.9211993,-17.318836,-5.0686145,True,-9.71,-4.5693364,-14.228388,-2.134373,True
2024-05-22 07:50:00,-11.29,104,-14,-10.45,-7.910319,-17.291746,-5.1222453,True,-9.77,-4.5537543,-14.207746,-2.179083,True
2024-05-22 07:55:00,-11.16,104,-14,-10.32,-7.956349,-17.305832,-5.124686,True,-9.61,-4.7592006,-14.377317,-2.328747,True
2024-05-22 08:00:00,-10.65,104,-14,-9.96,-7.410562,-16.836155,-4.586017,True,-9.3,-4.177032,-13.894954,-1.7500442,True
2024-05-22 08:05:00,-10.69,104,-14,-9.81,-7.511582,-16.89885,-4.632334,True,-9.25,-4.3285127,-14.010435,-1.838652,True
2024-05-22 08:10:00,-10.84,104,-13,-9.7,-7.6198297,-16.996872,-4.6907926,True,-9.08,-4.3909907,-14.077735,-1.8484806,True
2024-05-22 08:15:00,-10.84,104,-14,-9.73,-7.7977805,-17.046423,-4.765778,True,-9.01,-4.7295747,-14.280271,-2.0655138,True
2024-05-22 08:20:00,-10.77,104,-14,-9.720001,-7.6898637,-16.696903,-4.848202,True,-9.09,-4.5833735,-13.897997,-2.0926592,True
2024-05-22 08:25:00,-10.77,104,-13,-9.73,-7.7771754,-16.629562,-4.942516,True,-8.919999,-4.749641,-13.90575,-2.2494357,True
2024-05-22 08:30:00,-10.73,104,-14,-9.819999,-7.6295257,-16.513313,-4.8363204,True,-8.85,-4.4974923,-13.705851,-2.0366442,True
2024-05-22 08:35:00,-10.52,104,-14,-9.51,-7.2108016,-16.16168,-4.586861,True,-8.75,-3.8807557,-13.184214,-1.5925888,True
2024-05-22 08:40:00,-10.06,104,-13,-9.47,-6.8878074,-15.807596,-4.300097,True,-8.81,-3.6862166,-12.95828,-1.4169487,True
2024-05-22 08:45:00,-10.25,104,-13,-9.71,-7.181309,-16.070442,-4.553859,True,-8.74,-4.0713906,-13.312889,-1.7539848,True
2024-05-22 08:50:00,-10.45,104,-13,-9.77,-7.522557,-16.29022,-4.9108233,True,-8.68,-4.545818,-13.652772,-2.228161,True
2024-05-22 08:55:00,-10.32,104,-13,-9.61,-7.4647527,-16.077555,-4.9753814,True,-8.51,-4.5578246,-13.502346,-2.3457472,True
2024-05-22 09:00:00,-9.96,104,-13,-9.3,-7.072536,-15.645748,-4.7535567,True,-8.35,-4.1360326,-13.047791,-2.0816138,True
2024-05-22 09:05:00,-9.81,104,-13,-9.25,-7.0380416,-15.599205,-4.7936826,True,-7.8800006,-4.2089763,-13.105678,-2.2187788,True
2024-05-22 09:10:00,-9.7,104,-12,-9.08,-6.676332,-15.397198,-4.5417647,True,-7.86,-3.601002,-12.6993885,-1.726807,True
2024-05-22 09:15:00,-9.73,104,-13,-9.01,-6.464434,-15.255165,-4.4187055,True,-7.9500003,-3.1577246,-12.352167,-1.3750576,True
2024-05-22 09:20:00,-9.720001,104,-13,-9.09,-6.590176,-15.20963,-4.677675,True,-8.01,-3.409859,-12.41487,-1.7394089,True
2024-05-22 09:25:00,-9.73,104,-13,-8.919999,-6.6531825,-15.235438,-4.852737,True,-8.01,-3.5216887,-12.486672,-1.9523681,True
2024-05-22 09:30:00,-9.819999,104,-13,-8.85,-7.067716,-15.476066,-5.2871385,True,-7.8800006,-4.2504773,-13.006,-2.6786692,True
2024-05-22 09:35:00,-9.51,104,-13,-8.75,-6.69338,-15.099723,-5.0332,True,-7.6,-3.8136418,-12.580433,-2.3538,True
2024-05-22 09:40:00,-9.47,104,-13,-8.81,-6.140184,-14.772453,-4.552773,True,-7.1700006,-2.762627,-11.814244,-1.3881477,True
2024-05-22 09:45:00,-9.71,104,-13,-8.74,-6.2958493,-14.894244,-4.671601,True,-6.9500003,-2.8364413,-11.8580675,-1.4186634,True
2024-05-22 09:50:00,-9.77,104,-13,-8.68,-6.334785,-14.880869,-4.737061,True,-6.9500003,-2.85557,-11.826487,-1.4543747,True
2024-05-22 09:55:00,-9.61,104,-13,-8.51,-6.2725263,-14.801936,-4.6307483,True,-7.02,-2.8844206,-11.838213,-1.4282287,True
2024-05-22 10:00:00,-9.3,104,-13,-8.35,-6.24252,-14.631129,-4.599376,True,-7.02,-3.1292899,-11.914653,-1.6509231,True
2024-05-22 10:05:00,-9.25,104,-13,-7.8800006,-6.218823,-14.582303,-4.5862403,True,-6.9200006,-3.139067,-11.893635,-1.6612076,True
2024-05-22 10:10:00,-9.08,104,-13,-7.86,-5.904176,-14.368609,-4.2242312,True,-6.8400006,-2.6778357,-11.562573,-1.152903,True
2024-05-22 10:15:00,-9.01,104,-12,-7.9500003,-5.9983277,-14.340738,-4.236728,True,-6.6700015,-2.9326384,-11.680059,-1.3097538,True
2024-05-22 10:20:00,-9.09,104,-13,-8.01,-6.2370543,-14.417628,-4.5001435,True,-6.4,-3.328604,-11.8957205,-1.7122539,True
2024-05-22 10:25:00,-8.919999,104,-13,-8.01,-6.2444177,-14.318396,-4.58017,True,-6.52,-3.5123904,-11.95127,-1.9499973,True
2024-05-22 10:30:00,-8.85,104,-12,-7.8800006,-6.306728,-14.348702,-4.7078023,True,-6.52,-3.7075408,-12.105569,-2.2014563,True
2024-05-22 10:35:00,-8.75,104,-12,-7.6,-6.037291,-14.150991,-4.5242143,True,-6.5100007,-3.2739356,-11.763893,-1.8496937,True
2024-05-22 10:40:00,-8.81,104,-12,-7.1700006,-6.1266904,-14.262866,-4.654945,True,-6.56,-3.38674,-11.90693,-1.9977287,True
2024-05-22 10:45:00,-8.74,104,-12,-6.9500003,-5.8623357,-14.159102,-4.4387918,True,-6.6,-2.9271815,-11.641408,-1.5904964,True
2024-05-22 10:50:00,-8.68,104,-12,-6.9500003,-5.4451394,-13.939778,-4.122174,True,-6.61,-2.1580203,-11.115625,-0.9278396,True
2024-05-22 10:55:00,-8.51,104,-12,-7.02,-4.988315,-13.716832,-3.7108443,True,-6.53,-1.4129089,-10.65528,-0.23671944,True
2024-05-22 11:00:00,-8.35,104,-11,-7.02,-4.7832866,-13.701896,-3.4773753,True,-6.4200006,-1.152697,-10.628154,0.04398887,True
2024-05-22 11:05:00,-7.8800006,104,-11,-6.9200006,-4.5192885,-13.455609,-3.1854765,True,-6.19,-1.0868629,-10.573544,0.14786689,True
2024-05-22 11:10:00,-7.86,104,-11,-6.8400006,-4.4735074,-13.350934,-3.2319643,True,-6.1,-1.0138401,-10.43901,0.14207427,True
2024-05-22 11:15:00,-7.9500003,104,-11,-6.6700015,-4.5961432,-13.426412,-3.3858607,True,-5.9600005,-1.163586,-10.536543,-0.027183848,True
2024-05-22 11:20:00,-8.01,104,-11,-6.4,-4.556418,-13.41583,-3.3836138,True,-5.850001,-1.0204548,-10.436531,0.08389251,True
2024-05-22 11:25:00,-8.01,104,-11,-6.52,-4.849976,-13.595128,-3.5978167,True,-5.93,-1.5996574,-10.875206,-0.3985866,True
2024-05-22 11:30:00,-7.8800006,104,-11,-6.52,-4.782884,-13.552946,-3.4752162,True,-5.8000007,-1.5922092,-10.897013,-0.3271812,True
2024-05-22 11:35:00,-7.6,104,-11,-6.5100007,-4.5038333,-13.388273,-3.0669138,True,-5.6600003,-1.3087639,-10.749084,0.089017555,True
2024-05-22 11:40:00,-7.1700006,104,-11,-6.56,-4.0905747,-13.02368,-2.534239,True,-5.5900006,-0.9108775,-10.408989,0.6153638,True
2024-05-22 11:45:00,-6.9500003,104,-10,-6.6,-3.7790587,-12.753751,-2.218016,True,-5.64,-0.5053943,-10.059873,1.034824,True
2024-05-22 11:50:00,-6.9500003,104,-10,-6.61,-3.6753619,-12.5285845,-2.0940592,True,-5.6200004,-0.31842074,-9.717371,1.2599236,True
2024-05-22 11:55:00,-7.02,104,-10,-6.53,-3.7039187,-12.642136,-2.1083777,True,-5.53,-0.281319,-9.809896,1.3108708,True
2024-05-22 12:00:00,-7.02,104,-11,-6.4200006,-3.7334406,-12.702543,-2.0846922,True,-5.52,-0.34499583,-9.88988,1.3094517,True
2024-05-22 12:05:00,-6.9200006,104,-10,-6.19,-3.7037222,-12.668207,-1.9564804,True,-5.9500003,-0.38432154,-9.930806,1.3770729,True
2024-05-22 12:10:00,-6.8400006,104,-10,-6.1,-3.7150366,-12.654331,-1.9203972,True,-6.1200004,-0.4812511,-9.999878,1.3400475,True
2024-05-22 12:15:00,-6.6700015,104,-10,-5.9600005,-3.5062582,-12.563674,-1.6416496,True,-6.2500005,-0.23026498,-9.890863,1.6629502,True
2024-05-22 12:20:00,-6.4,104,-10,-5.850001,-3.213837,-12.300168,-1.3817352,True,-6.35,0.08956878,-9.610413,1.9614846,True
2024-05-22 12:25:00,-6.52,104,-10,-5.93,-3.153105,-12.242276,-1.4152416,True,-6.47,0.33001485,-9.378164,2.1184728,True
2024-05-22 12:30:00,-6.52,104,-10,-5.8000007,-3.0681021,-12.132832,-1.3530887,True,-6.5100007,0.5053651,-9.181837,2.2858045,True
2024-05-22 12:35:00,-6.5100007,104,-10,-5.6600003,-2.8551104,-12.00296,-1.1404213,True,-6.3000007,0.92852753,-8.86962,2.7121198,True
2024-05-22 12:40:00,-6.56,104,-10,-5.5900006,-2.9629328,-12.107631,-1.1811641,True,-6.4,0.76950234,-9.023948,2.6313627,True
2024-05-22 12:45:00,-6.6,104,-10,-5.64,-3.0516894,-12.225978,-1.1688179,True,-6.4900002,0.6326577,-9.191606,2.6004274,True
2024-05-22 12:50:00,-6.61,104,-10,-5.6200004,-3.401066,-12.491372,-1.340237,True,-6.7099996,-0.05480607,-9.765856,2.1099966,True
2024-05-22 12:55:00,-6.53,104,-10,-5.53,-3.2919104,-12.507754,-1.1294445,True,-7.14,0.08727424,-9.775973,2.3559186,True
2024-05-22 13:00:00,-6.4200006,104,-10,-5.52,-3.1236174,-12.4445915,-0.898022,True,-7.4900002,0.31799474,-9.668068,2.65641,True
2024-05-22 13:05:00,-6.19,104,-9,-5.9500003,-2.7812808,-12.250423,-0.49127612,True,-8.07,0.7758176,-9.384401,3.1810224,True
2024-05-22 13:10:00,-6.1,104,-9,-6.1200004,-2.8066294,-12.298479,-0.4471763,True,-8.58,0.6443879,-9.538983,3.13397,True
2024-05-22 13:15:00,-5.9600005,104,-9,-6.2500005,-2.190861,-11.948813,0.102132484,True,-8.83,1.7488228,-8.773797,4.166393,False
2024-05-22 13:20:00,-5.850001,104,-8,-6.35,-1.6178173,-11.731825,0.76543015,True,-9.02,2.8050172,-8.16691,5.302568,False
2024-05-22 13:25:00,-5.93,104,-9,-6.47,-1.5578083,-11.790848,0.9281537,True,-9.15,3.0248067,-8.096217,5.629844,False
2024-05-22 13:30:00,-5.8000007,104,-8,-6.5100007,-1.18685,-11.498569,1.2466046,True,-9.35,3.6450002,-7.5732646,6.215095,False
2024-05-22 13:35:00,-5.6600003,104,-8,-6.3000007,-0.87973434,-11.307408,1.557674,True,-9.69,4.1350875,-7.2321134,6.724397,False
2024-05-22 13:40:00,-5.5900006,104,-8,-6.4,-0.6278346,-11.209373,1.852142,True,-10.08,4.5857673,-6.9814343,7.2224593,False
2024-05-22 13:45:00,-5.64,104,-7,-6.4900002,-0.5872634,-11.232784,1.9441525,True,-10.43,4.728479,-6.9223046,7.4322677,False
2024-05-22 13:50:00,-5.6200004,104,-7,-6.7099996,-0.5526183,-11.1035595,1.943874,True,-10.73,4.7662406,-6.7328544,7.473064,False
2024-05-22 13:55:00,-5.53,104,-7,-7.14,-0.5260394,-10.935933,1.9071442,True,-10.78,4.7400565,-6.596848,7.4245906,False
2024-05-22 14:00:00,-5.52,104,-6,-7.4900002,-0.62952834,-11.0844555,1.854242,True,-10.73,4.538589,-6.8615966,7.2836967,False
2024-05-22 14:05:00,-5.9500003,104,-6,-8.07,-1.2780689,-11.622142,1.2139889,True,-10.88,3.6807783,-7.564811,6.4663863,False
2024-05-22 14:10:00,-6.1200004,104,-6,-8.58,-2.5983813,-12.45033,0.09355132,True,-10.97,1.1828209,-9.433664,4.21862,False
2024-05-22 14:15:00,-6.2500005,104,-7,-8.83,-2.761532,-12.607541,-0.10904153,True,-11.21,0.9844453,-9.619075,4.0049243,False
2024-05-22 14:20:00,-6.35,104,-7,-9.02,-2.731766,-12.612033,-0.11500199,True,-11.72,1.1588856,-9.482276,4.1680903,False
2024-05-22 14:25:00,-6.47,104,-6,-9.15,-2.6351779,-12.737542,0.06768195,True,-12.17,1.4961354,-9.41993,4.597463,False
2024-05-22 14:30:00,-6.5100007,104,-6,-9.35,-2.4002879,-12.801811,0.4193913,True,-12.26,2.0354383,-9.250758,5.247709,False
2024-05-22 14:35:00,-6.3000007,104,-6,-9.69,-1.9340404,-12.440715,0.89452904,True,-12.22,2.76379,-8.63406,6.01177,False
2024-05-22 14:40:00,-6.4,104,-6,-10.08,-1.8732971,-12.456405,0.9813172,True,-12.26,3.0142038,-8.489576,6.3064475,False
2024-05-22 14:45:00,-6.4900002,104,-6,-10.43,-1.7699398,-12.406318,1.0840222,True,-12.45,3.3301218,-8.232851,6.6445804,False
2024-05-22 14:50:00,-6.7099996,104,-6,-10.73,-2.009474,-12.68043,0.9224507,True,-12.74,3.0810068,-8.509476,6.4907546,False
2024-05-22 14:55:00,-7.14,104,-5,-10.78,-2.6536543,-13.324235,0.4218308,True,-13.28,2.2251337,-9.342091,5.79713,False
2024-05-22 15:00:00,-7.4900002,104,-5,-10.73,-3.1343348,-13.7761545,-0.0023654269,True,-13.58,1.6146294,-9.899881,5.266874,False
2024-05-22 15:05:00,-8.07,104,-5,-10.88,-4.0865808,-14.595174,-0.78959113,True,-13.4,0.27415243,-11.061366,4.1216235,False
2024-05-22 15:10:00,-8.58,104,-5,-10.97,-4.8498435,-15.279069,-1.4452747,True,-12.89,-0.7583507,-11.979057,3.2213876,False
2024-05-22 15:15:00,-8.83,104,-5,-11.21,-5.3052106,-15.676664,-1.7545589,True,-12.75,-1.4324707,-12.571152,2.7198465,False
2024-05-22 15:20:00,-9.02,104,-5,-11.72,-5.844856,-16.096403,-2.1197913,True,-12.4,-2.3427641,-13.330263,2.0063932,True
2024-05-22 15:25:00,-9.15,104,-4,-12.17,-5.993652,-16.292793,-2.1774638,True,-12.36,-2.5015776,-13.544361,1.9495083,True
2024-05-22 15:30:00,-9.35,104,-4,-12.26,-6.214253,-16.549786,-2.2848742,True,-12.06,-2.7392237,-13.815699,1.8435303,True
2024-05-22 15:35:00,-9.69,104,-3,-12.22,-6.6180043,-16.972092,-2.5533278,True,-11.45,-3.207432,-14.28729,1.5182148,True
2024-05-22 15:40:00,-10.08,104,-3,-12.26,-7.019152,-17.437288,-2.7963164,True,-10.54,-3.6182044,-14.760696,1.2802159,True
2024-05-22 15:45:00,-10.43,104,-3,-12.45,-7.38005,-17.899231,-3.0074084,True,-9.63,-3.987075,-15.228466,1.0664135,True
2024-05-22 15:50:00,-10.73,104,-3,-12.74,-7.6780944,-18.281704,-3.14419,True,-8.81,-4.2762427,-15.606148,0.9448506,True
2024-05-22 15:55:00,-10.78,104,-2,-13.28,-7.6505265,-18.379257,-2.995415,True,-7.81,-4.153005,-15.621532,1.1845394,True
2024-05-22 16:00:00,-10.73,104,-2,-13.58,-7.413548,-18.274263,-2.6977046,True,-7.609999,-3.7006533,-15.318108,1.699413,True
2024-05-22 16:05:00,-10.88,104,-1,-13.4,-7.714538,-18.614025,-2.7123187,True,-7.06,-4.152636,-15.816218,1.5325466,True
2024-05-22 16:10:00,-10.97,104,-1,-12.89,-7.376085,-18.564632,-2.2639105,True,-6.4100003,-3.3353293,-15.34099,2.4455411,True
2024-05-22 16:15:00,-11.21,104,-1,-12.75,-7.153795,-18.721903,-1.9180244,True,-7.4500003,-2.5842211,-15.041411,3.2870824,True
2024-05-22 16:20:00,-11.72,104,-1,-12.4,-7.41754,-19.165613,-2.03669,True,-7.4,-2.5379527,-15.198586,3.4731748,True
2024-05-22 16:25:00,-12.17,104,-2,-12.36,-7.6605773,-19.52905,-2.194647,True,-6.61,-2.5296938,-15.307409,3.5634744,True
2024-05-22 16:30:00,-12.26,104,-2,-12.06,-7.5248866,-19.586077,-1.9646991,True,-6.8800006,-2.1242468,-15.106845,4.0467963,True
2024-05-22 16:35:00,-12.22,104,-2,-11.45,-7.370559,-19.513224,-1.7404732,True,-6.6200004,-1.8176826,-14.901224,4.413585,True
2024-05-22 16:40:00,-12.26,104,-1,-10.54,-7.5706162,-19.688984,-1.8004001,True,-4.86,-2.1815112,-15.229293,4.1900535,True
2024-05-22 16:45:00,-12.45,104,-1,-9.63,-8.00728,-20.069569,-2.0506423,True,-3.8700001,-2.8902209,-15.860752,3.6682699,True
2024-05-22 16:50:00,-12.74,104,-1,-8.81,-8.499146,-20.569931,-2.3719885,True,-3.7299998,-3.605759,-16.566345,3.1251028,True
2024-05-22 16:55:00,-13.28,104,-2,-7.81,-9.337306,-21.343967,-3.047129,True,-3.9399998,-4.7864757,-17.624819,2.1131532,True
2024-05-22 17:00:00,-13.58,104,-2,-7.609999,-9.742382,-21.801245,-3.2891028,True,-4.22,-5.308659,-18.185183,1.7454792,True
2024-05-22 17:05:00,-13.4,104,-2,-7.06,-9.625079,-21.767866,-3.0193388,True,-5.0100007,-5.2497315,-18.222593,1.9492794,True
2024-05-22 17:10:00,-12.89,104,-2,-6.4100003,-8.978478,-21.285994,-2.2708533,True,-5.31,-4.433994,-17.621628,2.8408582,True
2024-05-22 17:15:00,-12.75,104,-2,-7.4500003,-8.7567835,-21.131407,-1.9883617,True,-5.31,-4.1198554,-17.368502,3.2046278,True
2024-05-22 17:20:00,-12.4,104,-1,-7.4,-8.393976,-20.881117,-1.4729904,True,-5.8400006,-3.7356274,-17.126184,3.7203577,True
2024-05-22 17:25:00,-12.36,104,-2,-6.61,-8.372743,-21.052988,-1.1979507,True,-6.22,-3.7288926,-17.353676,3.952257,True
2024-05-22 17:30:00,-12.06,104,-2,-6.8800006,-8.188555,-21.076006,-0.67126113,True,-6.68,-3.6698096,-17.543528,4.323524,True
2024-05-22 17:35:00,-11.45,104,-2,-6.6200004,-7.2373023,-20.235659,0.26075903,True,-11.71,-2.3187544,-16.347023,5.626634,True
2024-05-22 17:40:00,-10.54,104,-2,-4.86,-5.837259,-18.943554,1.5880772,True,-13.73,-0.35806307,-14.56681,7.480907,True
2024-05-22 17:45:00,-9.63,104,-2,-3.8700001,-4.8761134,-18.242907,2.7518137,True,-12.11,0.6677968,-13.908748,8.670647,True
2024-05-22 17:50:00,-8.81,104,-2,-3.7299998,-3.7841752,-17.353437,3.8793046,True,-11.9,2.0644796,-12.803656,10.061296,True
2024-05-22 17:55:00,-7.81,104,-2,-3.9399998,-2.470339,-16.379536,5.309633,True,-12.02,3.7170637,-11.6217,11.775431,False
2024-05-22 18:00:00,-7.609999,104,-2,-4.22,-2.2054217,-16.269281,5.6530128,True,-10.93,4.053758,-11.47246,12.165836,True
2024-05-22 18:05:00,-7.06,104,-2,-5.0100007,-1.5555538,-15.607681,6.3312526,True,-9.83,4.802982,-10.728821,12.924889,True
2024-05-22 18:10:00,-6.4100003,104,-2,-5.31,-0.723635,-14.790315,7.172153,True,-10.2,5.817577,-9.770933,13.927204,False
2024-05-22 18:15:00,-7.4500003,104,-3,-5.31,-1.7465824,-15.869687,6.2109523,True,-10.59,4.8315444,-10.75318,12.990593,True
2024-05-22 18:20:00,-7.4,104,-4,-5.8400006,-1.6050686,-15.797101,6.421518,True,-11.03,5.0681033,-10.589435,13.272438,False
2024-05-22 18:25:00,-6.61,104,-3,-6.22,-0.6042388,-15.0749445,7.5380797,True,-11.77,6.2792716,-9.7612,14.552082,False
2024-05-22 18:30:00,-6.8800006,104,-3,-6.68,-0.99051505,-15.50925,7.28877,True,-13.2,5.775253,-10.288963,14.166309,False
2024-05-22 18:35:00,-6.6200004,104,-4,-11.71,-1.2299236,-15.587366,7.2520766,True,-12.27,4.9675097,-10.864744,13.583851,False
2024-05-22 18:40:00,-4.86,104,-2,-13.73,-0.12592347,-14.786979,8.874651,True,-12.16,5.3037105,-10.890087,14.419018,False
2024-05-22 18:45:00,-3.8700001,104,0,-12.11,0.77264374,-13.835087,9.746851,True,-12.54,6.0737624,-10.061742,15.153458,False
2024-05-22 18:50:00,-3.7299998,104,0,-11.9,0.61964387,-14.148767,9.837158,True,-12.74,5.583156,-10.676395,14.894741,False
2024-05-22 18:55:00,-3.9399998,104,0,-12.02,0.29775968,-14.6064415,9.65023,True,-12.6,5.129024,-11.245971,14.562389,False
2024-05-22 19:00:00,-4.22,104,-1,-10.93,-0.23979218,-15.133362,9.344854,True,-11.32,4.28927,-12.003171,13.957859,True
2024-05-22 19:05:00,-5.0100007,104,0,-9.83,-0.98301154,-15.682006,8.515238,True,-11.74,3.6052969,-12.436605,13.179535,True
2024-05-22 19:10:00,-5.31,104,-2,-10.2,-0.8887809,-15.488256,8.446865,True,-12.4,4.147918,-11.809759,13.536644,False
2024-05-22 19:15:00,-5.31,104,-2,-10.59,-0.25574717,-15.070087,8.94977,True,-12.34,5.487558,-10.7809,14.686794,False
2024-05-22 19:20:00,-5.8400006,104,-1,-11.03,-0.27360377,-15.463812,8.974592,True,-14.28,6.047441,-10.688212,15.227722,False
2024-05-22 19:25:00,-6.22,104,-1,-11.77,-0.15455277,-15.768768,9.185713,True,-14.36,6.7356353,-10.512917,15.93092,False
2024-05-22 19:30:00,-6.68,104,-2,-13.2,-0.17817338,-16.13713,9.2265625,True,-14.28,7.2055354,-10.457088,16.397404,False
2024-05-22 19:35:00,-11.71,104,-3,-12.27,-5.7361655,-21.366385,3.9462202,True,-14.389999,1.1814095,-15.7306185,10.706903,True
2024-05-22 19:40:00,-13.73,104,-8,-12.16,-8.068038,-23.67823,1.8572956,True,-14.4,-1.4731449,-18.206589,8.309919,True
2024-05-22 19:45:00,-12.11,104,-8,-12.54,-6.2671676,-22.020899,3.6336153,True,-14.19,0.50434846,-16.488037,10.2137985,True
2024-05-22 19:50:00,-11.9,104,-6,-12.74,-6.1524434,-21.942019,3.8033426,True,-12.56,0.4994389,-16.526937,10.253643,True
2024-05-22 19:55:00,-12.02,104,-6,-12.6,-6.1838365,-22.137981,3.8627908,True,-10.84,0.5556924,-16.660034,10.368731,True
2024-05-22 20:00:00,-10.93,104,-5,-11.32,-4.8907046,-21.494158,5.2661357,True,-12.45,2.0356386,-16.01711,11.875435,True
2024-05-22 20:05:00,-9.83,104,-3,-11.74,-3.4836123,-20.56552,6.69692,True,-13.23,3.7435434,-14.9396925,13.54108,True
2024-05-22 20:10:00,-10.2,104,-2,-12.4,-4.080649,-21.137802,6.2315383,True,-13.44,2.8922536,-15.697591,12.8293915,True
2024-05-22 20:15:00,-10.59,104,-3,-12.34,-4.888969,-21.513348,5.393472,True,-10.24,1.6086556,-16.392935,11.565126,True
2024-05-22 20:20:00,-11.03,104,-3,-14.28,-5.8169217,-21.830471,4.423038,True,-9.53,0.12694518,-17.081352,10.099083,True
2024-05-22 20:25:00,-11.77,104,-3,-14.36,-6.961885,-22.47786,3.2670095,True,-8.67,-1.4835991,-18.047543,8.521059,True
2024-05-22 20:30:00,-13.2,104,-4,-14.28,-8.746281,-23.918121,1.5611817,True,-9.16,-3.670912,-19.746185,6.443134,True
2024-05-22 20:35:00,-12.27,104,-4,-14.389999,-7.756678,-23.037285,2.6060865,True,-8.63,-2.6384585,-18.879381,7.5024695,True
2024-05-22 20:40:00,-12.16,104,-3,-14.4,-7.782745,-23.142595,2.7327573,True,-8.82,-2.8368113,-19.154995,7.4448047,True
2024-05-22 20:45:00,-12.54,104,-3,-14.19,-8.277129,-23.71552,2.3783853,True,-7.8000007,-3.4802763,-19.855835,6.9316573,True
2024-05-22 20:50:00,-12.74,104,-4,-12.56,-8.382564,-24.072908,2.3627508,True,-10.06,-3.488209,-20.13018,6.981918,True
2024-05-22 20:55:00,-12.6,104,-3,-10.84,-7.8188863,-23.722973,2.9035223,True,-9.0,-2.4582675,-19.382683,7.938228,True
2024-05-22 21:00:00,-11.32,104,-1,-12.45,-6.404156,-22.433626,4.208856,True,-7.2100005,-0.92002326,-18.0499,9.331167,True
2024-05-22 21:05:00,-11.74,104,-1,-13.23,-6.6482606,-22.813122,3.892986,True,-5.8400006,-0.9783309,-18.256048,9.169176,True
2024-05-22 21:10:00,-12.4,104,-2,-13.44,-7.76771,-23.789236,2.793226,True,-6.2500005,-2.6232607,-19.644003,7.5685077,True
2024-05-22 21:15:00,-12.34,104,-3,-10.24,-7.1511035,-23.423265,3.2371747,True,-6.3000007,-1.408194,-18.7777,8.551144,True
2024-05-22 21:20:00,-14.28,104,-3,-9.53,-9.224699,-25.785868,1.3947293,True,-6.4,-3.6333582,-21.229782,6.542318,True
2024-05-22 21:25:00,-14.36,104,-6,-8.67,-9.391377,-26.841076,1.6046253,True,-6.22,-3.9267294,-22.47513,6.5802913,True
2024-05-22 21:30:00,-14.28,104,-5,-9.16,-9.184483,-27.427458,2.057243,True,-6.69,-3.6087306,-23.030107,7.090862,True
2024-05-22 21:35:00,-14.389999,104,-5,-8.63,-9.432979,-27.660204,1.8585335,True,-6.78,-4.030165,-23.395233,6.720981,True
2024-05-22 21:40:00,-14.4,104,-5,-8.82,-9.426486,-27.628313,1.8344456,True,-6.64,-4.0208077,-23.3486,6.688152,True
2024-05-22 21:45:00,-14.19,104,-5,-7.8000007,-9.633064,-27.110498,1.5083367,True,-7.3000007,-4.7030396,-23.168028,5.9385467,True
2024-05-22 21:50:00,-12.56,104,-3,-10.06,-8.16312,-26.25783,3.1283147,True,-7.9500003,-3.4505236,-22.592264,7.3211055,True
2024-05-22 21:55:00,-10.84,104,-1,-9.0,-6.8226943,-25.088224,4.453956,True,-8.83,-2.557545,-21.829494,8.215801,True
2024-05-22 22:00:00,-12.45,104,-2,-7.2100005,-9.15062,-25.752028,1.9329506,True,-8.91,-5.6584992,-22.968622,5.017076,True
2024-05-22 22:05:00,-13.23,104,-3,-5.8400006,-10.192069,-27.44922,1.273336,True,-9.87,-7.0048614,-24.922644,4.047624,True
2024-05-22 22:10:00,-13.44,104,-4,-6.2500005,-11.366874,-27.156172,0.05622451,True,-10.56,-9.225282,-25.409376,1.8711754,True
2024-05-22 22:15:00,-10.24,104,-1,-6.3000007,-8.1606455,-23.827745,3.2134168,True,-11.07,-6.041096,-22.137602,4.993734,True
2024-05-22 22:20:00,-9.53,104,-1,-6.4,-7.7555785,-23.21149,3.7654512,True,-11.03,-5.9790835,-21.792166,5.2129626,True
2024-05-22 22:25:00,-8.67,104,0,-6.22,-6.990127,-22.4796,4.581907,True,-11.15,-5.326175,-21.151548,5.914739,True
2024-05-22 22:30:00,-9.16,104,-1,-6.69,-7.6585193,-23.018723,4.0269694,True,-12.36,-6.1881385,-21.823626,5.170633,True
2024-05-22 22:35:00,-8.63,104,-2,-6.78,-7.023396,-22.522211,4.6014743,True,-12.37,-5.4512267,-21.244986,5.830503,True
2024-05-22 22:40:00,-8.82,104,-2,-6.64,-6.828509,-22.110382,4.357267,True,-13.059999,-4.845673,-20.485956,5.9686694,True
2024-05-22 22:45:00,-7.8000007,104,-2,-7.3000007,-5.2327924,-20.571962,5.434564,True,-13.15,-2.645346,-18.46293,7.6068797,True
2024-05-22 22:50:00,-10.06,104,-2,-7.9500003,-7.0382714,-22.151747,3.1281278,True,-12.61,-3.947655,-19.561285,5.7799354,True
2024-05-22 22:55:00,-9.0,104,-4,-8.83,-5.523582,-20.722528,4.2636123,True,-13.81,-1.9568352,-17.748611,7.352861,True
2024-05-22 23:00:00,-7.2100005,104,-3,-8.91,-2.892464,-18.355171,6.477628,True,-14.12,1.5398976,-14.710207,10.366051,True
2024-05-22 23:05:00,-5.8400006,104,-2,-9.87,-1.0445904,-16.60497,7.9745708,True,-14.57,3.8636854,-12.603935,12.295788,False
2024-05-22 23:10:00,-6.2500005,104,-2,-10.56,-0.68424636,-16.787031,8.019632,True,-14.34,5.0075088,-12.1562605,13.057663,False
2024-05-22 23:15:00,-6.3000007,104,-3,-11.07,-0.63505584,-17.018604,8.061031,True,-13.36,5.145595,-12.328819,13.159996,False
2024-05-22 23:20:00,-6.4,104,-3,-11.03,-0.7325404,-17.270845,7.9428096,True,-12.59,5.037357,-12.592922,13.015461,True
2024-05-22 23:25:00,-6.22,104,-3,-11.15,-0.7061103,-17.073488,7.986154,True,-11.95,4.886499,-12.524505,12.887444,True
2024-05-22 23:30:00,-6.69,104,-4,-12.36,-1.2866462,-17.57993,7.4695716,True,-12.01,4.1893115,-13.1020775,12.258324,True
2024-05-22 23:35:00,-6.78,104,-4,-12.37,-1.6180443,-17.811316,7.1200233,True,-12.33,3.6007059,-13.534824,11.661221,True
2024-05-22 23:40:00,-6.64,104,-3,-13.059999,-1.8276047,-17.903322,6.9060225,True,-12.209999,3.0195997,-13.924025,11.094347,True
2024-05-22 23:45:00,-7.3000007,104,-4,-13.15,-2.992945,-18.704838,5.7996516,True,-12.12,1.3364636,-15.109707,9.50429,True
2024-05-22 23:50:00,-7.9500003,104,-4,-12.61,-3.938409,-19.432037,4.8592296,True,-11.65,0.08617179,-16.048012,8.278969,True
2024-05-22 23:55:00,-8.83,104,-5,-13.81,-5.29199,-20.627266,3.5426252,True,-11.49,-1.7570518,-17.615793,6.4987617,True
2024-05-23 00:00:00,-8.91,104,-5,-14.12,-5.706267,-20.631733,2.969097,True,-10.96,-2.5265791,-17.894075,5.594291,True
2024-05-23 00:05:00,-9.87,104,-5,-14.57,-7.0075183,-21.472216,1.5258785,True,-10.94,-4.1729026,-18.977234,3.829933,True
2024-05-23 00:10:00,-10.56,104,-5,-14.34,-7.9843574,-22.038315,0.4758679,True,-10.69,-5.4466844,-19.75982,2.4977434,True
2024-05-23 00:15:00,-11.07,104,-5,-13.36,-8.495049,-21.684158,-0.34939227,True,-10.88,-5.9594674,-19.365307,1.6809117,True
2024-05-23 00:20:00,-11.03,104,-4,-12.59,-8.592087,-21.576921,-0.41029772,True,-11.32,-6.2008805,-19.372196,1.4848095,True
2024-05-23 00:25:00,-11.15,104,-4,-11.95,-8.807173,-21.661304,-0.5806392,True,-11.44,-6.517676,-19.531935,1.2144848,True
2024-05-23 00:30:00,-12.36,104,-4,-12.01,-10.188957,-22.878538,-1.8661159,True,-11.29,-8.074109,-20.875937,-0.244469,True
2024-05-23 00:35:00,-12.37,104,-4,-12.33,-10.305548,-22.973745,-1.9505962,True,-12.07,-8.30481,-21.065142,-0.44274935,True
2024-05-23 00:40:00,-13.059999,104,-3,-12.209999,-11.134956,-23.68322,-2.7528079,True,-12.1,-9.27622,-21.882393,-1.382954,True
2024-05-23 00:45:00,-13.15,104,-4,-12.12,-11.320486,-23.762262,-2.9435713,True,-12.36,-9.560777,-22.037216,-1.670134,True
2024-05-23 00:50:00,-12.61,104,-3,-11.65,-10.763669,-23.223269,-2.4983408,True,-12.72,-8.994172,-21.48752,-1.2240204,True
2024-05-23 00:55:00,-13.81,104,-4,-11.49,-12.04768,-24.25107,-3.8176272,True,-12.52,-10.359925,-22.568441,-2.6212447,True
2024-05-23 01:00:00,-14.12,104,-5,-10.96,-12.315195,-24.367235,-4.2308755,True,-12.17,-10.588129,-22.6451,-2.9990103,True
2024-05-23 01:05:00,-14.57,104,-5,-10.94,-12.692147,-24.644762,-4.687759,True,-12.0,-10.894334,-22.854044,-3.3897402,True
2024-05-23 01:10:00,-14.34,104,-6,-10.69,-12.192945,-24.174566,-4.355086,True,-11.47,-10.133713,-22.15452,-2.8095343,True
2024-05-23 01:15:00,-13.36,104,-4,-10.88,-10.925753,-23.09379,-3.452181,True,-11.4,-8.587958,-20.841917,-1.6470169,True
2024-05-23 01:20:00,-12.59,104,-3,-11.32,-10.041551,-22.422102,-2.7347147,True,-11.44,-7.597777,-20.086725,-0.8396495,True
2024-05-23 01:25:00,-11.95,104,-2,-11.44,-9.410951,-21.770388,-2.2188418,True,-11.98,-6.983935,-19.453974,-0.34215578,True
2024-05-23 01:30:00,-12.01,104,-2,-11.29,-9.356522,-21.541622,-2.3427718,True,-12.76,-6.816729,-19.107418,-0.3599399,True
2024-05-23 01:35:00,-12.33,104,-3,-12.07,-9.571289,-21.747684,-2.6682951,True,-13.44,-6.9283004,-19.215256,-0.5889972,True
2024-05-23 01:40:00,-12.209999,104,-3,-12.1,-9.342322,-21.598381,-2.5381167,True,-13.35,-6.5971913,-18.98248,-0.3658336,True
2024-05-23 01:45:00,-12.12,104,-3,-12.36,-9.2918825,-21.419502,-2.5507681,True,-12.68,-6.5880866,-18.83386,-0.41764292,True
2024-05-23 01:50:00,-11.65,104,-3,-12.72,-8.751692,-20.882238,-2.0574343,True,-11.96,-5.9854608,-18.24647,0.13405387,True
2024-05-23 01:55:00,-11.49,104,-3,-12.52,-8.712943,-20.729641,-1.9712242,True,-11.25,-6.0710797,-18.19556,0.09678809,True
2024-05-23 02:00:00,-10.96,104,-2,-12.17,-8.176946,-20.15587,-1.506718,True,-10.36,-5.5374713,-17.627579,0.5593087,True
2024-05-23 02:05:00,-10.94,104,-2,-12.0,-7.99046,-20.063152,-1.3111995,True,-10.24,-5.19437,-17.396215,0.9032952,True
2024-05-23 02:10:00,-10.69,104,-2,-11.47,-7.544851,-19.669636,-1.0060009,True,-9.330001,-4.5640645,-16.835524,1.3864723,True
2024-05-23 02:15:00,-10.88,104,-2,-11.4,-7.6735063,-19.803566,-1.1607288,True,-8.18,-4.6391826,-16.915209,1.2772003,True
2024-05-23 02:20:00,-11.32,104,-2,-11.44,-7.743131,-19.967234,-1.3998779,True,-7.68,-4.3541913,-16.759926,1.375301,True
2024-05-23 02:25:00,-11.44,104,-2,-11.98,-7.8128076,-19.919651,-1.6736149,True,-7.02,-4.379226,-16.672932,1.1441227,True
2024-05-23 02:30:00,-11.29,104,-1,-12.76,-7.6744685,-19.72889,-1.7282833,True,-6.31,-4.2571626,-16.513908,1.0696198,True
2024-05-23 02:35:00,-12.07,104,0,-13.44,-8.358686,-20.39378,-2.4805834,True,-6.7600007,-4.849212,-17.105259,0.39914098,True
2024-05-23 02:40:00,-12.1,104,-1,-13.35,-8.340946,-19.987192,-2.719519,True,-7.1700006,-4.780849,-16.613516,0.22384994,True
2024-05-23 02:45:00,-12.36,104,-1,-12.68,-8.597079,-20.23547,-3.0711482,True,-6.61,-5.0335507,-16.85486,-0.13143952,True
2024-05-23 02:50:00,-12.72,104,-1,-11.96,-9.090387,-20.567194,-3.5968382,True,-6.68,-5.650583,-17.279678,-0.7727664,True
2024-05-23 02:55:00,-12.52,104,-2,-11.25,-8.840354,-20.402033,-3.4218485,True,-6.48,-5.352775,-17.07787,-0.54822,True
2024-05-23 03:00:00,-12.17,104,-1,-10.36,-8.55242,-19.98034,-3.2561877,True,-7.1,-5.1197295,-16.681185,-0.42546687,True
2024-05-23 03:05:00,-12.0,104,0,-10.24,-8.261494,-19.724115,-2.968323,True,-7.5800004,-4.716085,-16.307737,-0.029787378,True
2024-05-23 03:10:00,-11.47,104,0,-9.330001,-7.4839625,-19.12322,-2.412369,True,-7.77,-3.705065,-15.499387,0.75162476,True
2024-05-23 03:15:00,-11.4,104,0,-8.18,-7.436091,-19.112612,-2.3842967,True,-7.31,-3.680113,-15.517328,0.7598149,True
2024-05-23 03:20:00,-11.44,104,0,-7.68,-7.267237,-19.562119,-2.126982,True,-6.8400006,-3.3047144,-15.797956,1.196159,True
2024-05-23 03:25:00,-11.98,104,-1,-7.02,-8.059155,-20.804432,-2.562525,True,-6.7400002,-4.318894,-17.237072,0.522968,True
2024-05-23 03:30:00,-12.76,104,-2,-6.31,-9.251484,-21.932571,-3.5714324,True,-7.02,-5.892452,-18.692844,-0.8481391,True
2024-05-23 03:35:00,-13.44,104,-3,-6.7600007,-10.343863,-23.0678,-4.402661,True,-7.3300004,-7.3730025,-20.161882,-2.0509913,True
2024-05-23 03:40:00,-13.35,104,-4,-7.1700006,-10.648251,-24.287933,-4.102094,True,-8.24,-8.051826,-21.716331,-2.117987,True
2024-05-23 03:45:00,-12.68,104,-3,-6.61,-10.560222,-24.42377,-3.7216399,True,-8.34,-8.53246,-22.33801,-2.2635653,True
2024-05-23 03:50:00,-11.96,104,-2,-6.68,-10.382241,-24.46506,-3.2211955,True,-7.9500003,-8.886577,-22.819605,-2.24914,True
2024-05-23 03:55:00,-11.25,104,-2,-6.48,-10.306777,-25.283024,-2.5850108,True,-7.4600005,-9.431966,-24.120932,-2.1757605,True
2024-05-23 04:00:00,-10.36,104,-1,-7.1,-10.177885,-25.769154,-1.904734,True,-6.94,-10.050518,-25.169199,-2.1642992,True
2024-05-23 04:05:00,-10.24,104,-1,-7.5800004,-11.012569,-27.141964,-1.9888595,True,-6.5400004,-11.815766,-27.214493,-3.0717375,True
2024-05-23 04:10:00,-9.330001,104,0,-7.77,-11.12773,-28.104145,-1.2783893,True,-6.4600005,-12.928841,-28.856316,-3.2316973,True
2024-05-23 04:15:00,-8.18,104,1,-7.31,-11.08382,-28.193468,-0.650822,True,-6.4200006,-13.946978,-29.6595,-3.53706,True
2024-05-23 04:20:00,-7.68,104,2,-6.8400006,-11.417034,-29.506327,-0.15123208,True,-6.319999,-15.074006,-31.45025,-3.7055933,True
2024-05-23 04:25:00,-7.02,104,2,-6.7400002,-11.50259,-28.745535,-0.034155205,True,-6.769999,-15.837308,-31.146305,-4.201263,True
2024-05-23 04:30:00,-6.31,104,3,-7.02,-11.236955,-28.06832,0.4316937,True,-6.6600003,-15.952922,-30.710121,-4.0782676,True
2024-05-23 04:35:00,-6.7600007,104,3,-7.3300004,-12.087821,-28.127924,-0.13002045,True,-6.43,-17.112757,-31.007612,-4.929706,True
2024-05-23 04:40:00,-7.1700006,104,1,-8.24,-12.759846,-28.055206,-0.6175502,True,-6.48,-17.94775,-31.079536,-5.579245,True
2024-05-23 04:45:00,-6.61,104,2,-8.34,-12.799242,-27.30561,-0.5890601,True,-6.0100007,-18.429596,-30.635214,-5.980717,True
2024-05-23 04:50:00,-6.68,104,2,-7.9500003,-12.482002,-27.164011,-0.29781565,True,-5.6700006,-17.779442,-30.315834,-5.368485,True
2024-05-23 04:55:00,-6.48,104,3,-7.4600005,-12.269275,-27.54105,-0.058901146,True,-5.439999,-17.556944,-30.652725,-5.088527,True
2024-05-23 05:00:00,-7.1,104,3,-6.94,-12.530645,-27.399136,-0.6927474,True,-5.28,-17.48926,-30.344229,-5.426721,False
2024-05-23 05:05:00,-7.5800004,104,2,-6.5400004,-12.212795,-26.47128,-1.1690582,True,-5.3000007,-16.447905,-28.985174,-5.2607436,True
2024-05-23 05:10:00,-7.77,104,1,-6.4600005,-11.755927,-25.095581,-1.5495495,True,-4.9200006,-15.378271,-27.246042,-5.109342,False
2024-05-23 05:15:00,-7.31,104,1,-6.4200006,-10.258878,-23.453405,-0.90813285,True,-4.89,-12.934022,-24.944088,-3.613087,True
2024-05-23 05:20:00,-6.8400006,104,1,-6.319999,-8.810537,-22.164444,-0.12574418,True,-5.8800006,-10.585959,-22.996214,-2.0151312,True
2024-05-23 05:25:00,-6.7400002,104,1,-6.769999,-8.245302,-21.385433,0.03845565,True,-5.86,-9.583893,-21.915012,-1.4537815,True
2024-05-23 05:30:00,-7.02,104,0,-6.6600003,-8.314497,-21.144629,-0.09995492,True,-5.86,-9.443199,-21.530943,-1.4002022,True
2024-05-23 05:35:00,-7.3300004,104,-1,-6.43,-8.610758,-21.214262,-0.3600448,True,-5.72,-9.715068,-21.588465,-1.6368583,True
2024-05-23 05:40:00,-8.24,104,-3,-6.48,-9.66062,-22.075352,-1.2335361,True,-6.1700006,-10.88209,-22.548765,-2.6114466,True
2024-05-23 05:45:00,-8.34,104,-6,-6.0100007,-9.829312,-22.676622,-1.1110481,True,-6.47,-11.11506,-23.187311,-2.5301764,True
2024-05-23 05:50:00,-7.9500003,104,-5,-5.6700006,-9.57146,-22.788227,-0.57870895,True,-6.5900006,-10.981524,-23.37022,-2.1019938,True
2024-05-23 05:55:00,-7.4600005,104,-5,-5.439999,-9.335229,-22.919737,-0.14898713,True,-7.9900002,-10.977912,-23.648378,-1.8709472,True
2024-05-23 06:00:00,-6.94,104,-5,-5.28,-8.625093,-22.55582,0.49320188,True,-9.01,-10.0973835,-23.13814,-1.0681404,True
2024-05-23 06:05:00,-6.5400004,104,-5,-5.3000007,-7.9714894,-21.633785,1.0223423,True,-9.47,-9.205282,-22.061586,-0.32766756,True
2024-05-23 06:10:00,-6.4600005,104,-6,-4.9200006,-7.625854,-21.271997,1.3534828,True,-10.49,-8.609684,-21.516153,0.22933738,True
2024-05-23 06:15:00,-6.4200006,104,-7,-4.89,-7.387325,-21.505669,1.6589676,True,-11.37,-8.184301,-21.597881,0.7144849,True
2024-05-23 06:20:00,-6.319999,104,-7,-5.8800006,-7.5248303,-21.405792,1.5917679,True,-11.91,-8.53662,-21.66045,0.46150365,True
2024-05-23 06:25:00,-6.769999,104,-8,-5.86,-8.214901,-22.229263,1.2567173,True,-12.77,-9.444289,-22.635809,-0.054533318,True
2024-05-23 06:30:00,-6.6600003,104,-10,-5.86,-8.724437,-22.876915,1.1381184,True,-14.68,-10.520603,-23.66992,-0.6627658,True
2024-05-23 06:35:00,-6.43,104,-11,-5.72,-8.993744,-23.594625,1.3998772,True,-15.72,-11.244135,-24.678085,-0.778292,True
2024-05-23 06:40:00,-6.48,104,-12,-6.1700006,-9.502582,-24.734629,1.6028229,True,-15.79,-12.168794,-26.068892,-0.9130748,True
2024-05-23 06:45:00,-6.0100007,104,-11,-6.47,-9.395424,-25.516695,2.2453077,True,-15.17,-12.388203,-27.010517,-0.52500373,True
2024-05-23 06:50:00,-5.6700006,104,-11,-6.5900006,-9.446771,-26.165592,2.7336519,True,-15.39,-12.792035,-27.860207,-0.31824526,True
2024-05-23 06:55:00,-5.439999,104,-10,-7.9900002,-9.518242,-26.713148,3.0863607,True,-15.59,-13.133303,-28.549166,-0.17837365,True
2024-05-23 07:00:00,-5.28,104,-10,-9.01,-9.6329775,-26.965508,3.14525,True,-15.45,-13.494575,-28.949152,-0.31710848,True
2024-05-23 07:05:00,-5.3000007,104,-11,-9.47,-9.896369,-27.481178,3.1968172,True,-15.43,-13.966288,-29.57387,-0.4261535,True
2024-05-23 07:10:00,-4.9200006,104,-11,-10.49,-9.781888,-27.72069,3.6184442,True,-14.96,-14.079867,-29.931288,-0.18302567,True
2024-05-23 07:15:00,-4.89,104,-11,-11.37,-10.109038,-27.585007,3.3630216,True,-14.31,-14.70697,-29.989515,-0.70597106,True
2024-05-23 07:20:00,-5.8800006,104,-11,-11.91,-11.281245,-28.01553,2.4631345,True,-13.79,-16.011906,-30.555286,-1.7326816,True
2024-05-23 07:25:00,-5.86,104,-13,-12.77,-11.933989,-27.233715,1.6281716,True,-13.5,-17.17989,-30.137983,-3.0783007,True
2024-05-23 07:30:00,-5.86,104,-14,-14.68,-11.442176,-26.645266,2.2033632,True,-13.23,-16.24671,-29.316599,-2.1019309,True
2024-05-23 07:35:00,-5.72,104,-14,-15.72,-11.376979,-26.438894,2.3436983,True,-13.33,-16.216963,-29.144762,-1.9940246,True
2024-05-23 07:40:00,-6.1700006,104,-14,-15.79,-13.264755,-27.703896,0.94602174,True,-12.98,-19.164822,-31.016117,-4.3968644,True
2024-05-23 07:45:00,-6.47,104,-14,-15.17,-13.339141,-27.243706,1.0002228,True,-12.85,-18.941954,-30.404768,-4.112307,True
2024-05-23 07:50:00,-6.5900006,104,-14,-15.39,-12.693461,-26.255587,1.4349686,True,-12.38,-17.60104,-29.028301,-3.068474,True
2024-05-23 07:55:00,-7.9900002,104,-13,-15.59,-13.306683,-26.282478,0.79286164,True,-12.14,-17.507751,-28.690876,-3.0869963,True
2024-05-23 08:00:00,-9.01,104,-15,-15.45,-13.564983,-26.285791,0.43023077,True,-12.07,-17.0995,-28.29676,-2.8531897,True
2024-05-23 08:05:00,-9.47,104,-16,-15.43,-13.059628,-25.630726,0.56889886,True,-12.1,-15.790421,-27.139183,-1.9904121,True
2024-05-23 08:10:00,-10.49,104,-16,-14.96,-13.05551,-25.101376,-0.07683976,True,-11.46,-14.951502,-26.102352,-1.887236,True
2024-05-23 08:15:00,-11.37,104,-17,-14.31,-12.4077835,-23.977804,-0.34497294,True,-10.65,-13.045396,-24.146656,-1.0231174,True
2024-05-23 08:20:00,-11.91,104,-19,-13.79,-12.106056,-23.322598,-0.90556365,True,-10.22,-12.043738,-23.005589,-0.95394164,True
2024-05-23 08:25:00,-12.77,104,-20,-13.5,-11.855058,-22.717785,-1.5386127,True,-10.25,-10.847178,-21.706573,-0.7328895,True
2024-05-23 08:30:00,-14.68,104,-21,-13.23,-12.628205,-22.957312,-3.2544653,True,-10.639999,-10.632036,-21.15823,-1.5555195,True
2024-05-23 08:35:00,-15.72,104,-24,-13.33,-12.687823,-22.847435,-4.2580686,True,-10.77,-9.822302,-20.314844,-1.7680668,True
2024-05-23 08:40:00,-15.79,104,-24,-12.98,-12.070873,-22.310387,-4.401279,True,-10.74,-8.57949,-19.236397,-1.3393234,True
2024-05-23 08:45:00,-15.17,104,-22,-12.85,-10.930481,-21.39985,-3.954898,True,-10.45,-6.9512067,-17.904457,-0.4482387,True
2024-05-23 08:50:00,-15.39,104,-23,-12.38,-10.855004,-21.329405,-4.291863,True,-10.2,-6.588857,-17.568943,-0.51678115,True
2024-05-23 08:55:00,-15.59,104,-23,-12.14,-10.800719,-21.351929,-4.5728498,True,-10.76,-6.2818675,-17.354445,-0.5664237,True
2024-05-23 09:00:00,-15.45,104,-23,-12.07,-10.58971,-21.2332,-4.502853,True,-11.18,-5.9835706,-17.160673,-0.4149917,True
2024-05-23 09:05:00,-15.43,104,-22,-12.1,-10.562195,-21.307217,-4.555284,True,-11.49,-5.9261537,-17.214539,-0.44435534,True
2024-05-23 09:10:00,-14.96,104,-22,-11.46,-10.057731,-20.89132,-4.2220454,True,-11.43,-5.3798404,-16.776293,-0.074095085,True
2024-05-23 09:15:00,-14.31,104,-21,-10.65,-9.278584,-20.398838,-3.2970374,True,-11.88,-4.4779162,-16.223242,0.9558522,True
2024-05-23 09:20:00,-13.79,104,-20,-10.22,-8.851651,-19.961378,-2.7272475,True,-11.45,-4.136168,-15.890775,1.453199,True
2024-05-23 09:25:00,-13.5,104,-19,-10.25,-8.843714,-19.745646,-2.5654624,True,-10.5,-4.390269,-15.920272,1.3858162,True
2024-05-23 09:30:00,-13.23,104,-19,-10.639999,-8.854932,-19.506613,-2.4563677,True,-10.89,-4.6662564,-15.921246,1.265987,True
2024-05-23 09:35:00,-13.33,104,-18,-10.77,-9.287091,-20.263079,-1.9914497,True,-10.57,-5.408113,-16.990028,1.4307839,True
2024-05-23 09:40:00,-12.98,104,-18,-10.74,-9.540225,-20.594435,-1.5900406,True,-10.11,-6.2164006,-17.829208,1.3296791,True
2024-05-23 09:45:00,-12.85,104,-18,-10.45,-9.611951,-20.74205,-1.1077293,True,-9.65,-6.482043,-18.166403,1.6373612,True
2024-05-23 09:50:00,-12.38,104,-18,-10.2,-9.448367,-20.677256,-0.5158866,True,-9.53,-6.6034493,-18.365337,1.9758431,True
2024-05-23 09:55:00,-12.14,104,-17,-10.76,-9.5812,-20.628448,-0.44923434,True,-9.21,-7.083655,-18.610723,1.7392899,True
2024-05-23 10:00:00,-12.07,104,-17,-11.18,-9.614079,-20.682344,-0.18944009,True,-8.880001,-7.2151113,-18.7601,1.9132954,True
2024-05-23 10:05:00,-12.1,104,-17,-11.49,-9.526097,-20.876259,0.19972579,True,-8.53,-7.0243316,-18.892502,2.3906972,True
2024-05-23 10:10:00,-11.46,104,-16,-11.43,-8.70932,-20.812422,1.5570008,True,-8.29,-6.048942,-18.748503,3.8782156,True
2024-05-23 10:15:00,-10.65,104,-15,-11.88,-8.020431,-20.748339,2.6852148,True,-8.14,-5.470307,-18.817526,4.902639,True
2024-05-23 10:20:00,-10.22,104,-15,-11.45,-7.45406,-20.942043,3.7754304,True,-8.430001,-4.7834773,-18.965584,6.0866694,True
2024-05-23 10:25:00,-10.25,104,-15,-10.5,-7.3416457,-21.415646,4.5089602,True,-8.67,-4.544602,-19.380919,6.918506,True
2024-05-23 10:30:00,-10.639999,104,-15,-10.89,-7.837671,-21.068027,3.6873338,True,-8.78,-5.1414723,-19.091682,6.028396,True
2024-05-23 10:35:00,-10.77,104,-16,-10.57,-7.765243,-20.944487,3.8438013,True,-8.15,-4.895905,-18.842041,6.3366733,True
2024-05-23 10:40:00,-10.74,104,-16,-10.11,-8.006908,-20.55553,3.3350046,True,-8.16,-5.3928504,-18.640732,5.623853,True
2024-05-23 10:45:00,-10.45,104,-15,-9.65,-8.365513,-20.36842,2.9688814,True,-8.2,-6.347342,-18.92193,4.7532306,True
2024-05-23 10:50:00,-10.2,104,-15,-9.53,-8.770471,-20.432636,2.7722318,True,-8.42,-7.3567863,-19.461273,4.0328155,True
2024-05-23 10:55:00,-10.76,104,-15,-9.21,-9.672163,-21.147694,2.2040117,True,-8.79,-8.578175,-20.428104,3.1850164,True
2024-05-23 11:00:00,-11.18,104,-17,-8.880001,-10.219154,-21.825758,2.0032308,True,-8.84,-9.248745,-21.211496,2.8760164,True
2024-05-23 11:05:00,-11.49,104,-17,-8.53,-10.123725,-22.002514,2.1583726,True,-8.56,-8.798351,-21.126513,3.3433797,True
2024-05-23 11:10:00,-11.43,104,-17,-8.29,-9.82508,-21.741556,2.1065977,True,-8.07,-8.286716,-20.705795,3.4824255,True
2024-05-23 11:15:00,-11.88,104,-18,-8.14,-9.472678,-21.437857,1.871801,True,-8.93,-7.213697,-19.830318,3.8838289,True
2024-05-23 11:20:00,-11.45,104,-19,-8.430001,-8.417474,-20.51874,2.3081396,True,-9.819999,-5.5859,-18.451246,4.829719,True
2024-05-23 11:25:00,-10.5,104,-17,-8.67,-7.0057235,-19.276995,3.1226652,True,-10.39,-3.7501767,-16.87108,6.02576,True
2024-05-23 11:30:00,-10.89,104,-17,-8.78,-6.901506,-19.17136,2.801561,True,-10.71,-3.1911376,-16.374882,6.11202,True
2024-05-23 11:35:00,-10.57,104,-18,-8.15,-6.2581534,-18.60238,3.1467474,True,-10.89,-2.2523768,-15.566494,6.721765,True
2024-05-23 11:40:00,-10.11,104,-19,-8.16,-5.897473,-18.306067,3.5737474,True,-10.9,-1.9804596,-15.362226,7.0739207,True
2024-05-23 11:45:00,-9.65,104,-19,-8.2,-5.5907817,-18.248995,4.218002,True,-10.83,-1.8122352,-15.463802,7.589948,True
2024-05-23 11:50:00,-9.53,104,-19,-8.42,-5.685676,-18.497742,4.5509276,True,-10.82,-2.1023943,-15.909161,7.7452464,True
2024-05-23 11:55:00,-9.21,104,-19,-8.79,-5.8007655,-18.75074,4.8787723,True,-10.86,-2.611914,-16.514051,7.72537,True
2024-05-23 12:00:00,-8.880001,104,-19,-8.84,-5.844711,-19.076689,5.2983546,True,-11.33,-2.9957373,-17.150146,7.8445106,True
2024-05-23 12:05:00,-8.53,104,-18,-8.56,-5.739178,-19.473558,5.905473,True,-11.85,-3.1114905,-17.769207,8.253233,True
2024-05-23 12:10:00,-8.29,104,-18,-8.07,-5.792558,-19.78022,6.2034545,True,-12.27,-3.434189,-18.309557,8.318243,True
2024-05-23 12:15:00,-8.14,104,-17,-8.93,-5.9182143,-19.937525,6.2608027,True,-12.83,-3.8133357,-18.673056,8.161192,True
2024-05-23 12:20:00,-8.430001,104,-17,-9.819999,-6.6054215,-20.332123,5.691108,True,-13.37,-4.8678117,-19.341034,7.2843337,True
2024-05-23 12:25:00,-8.67,104,-17,-10.39,-6.828527,-20.719837,5.6657786,True,-13.64,-5.0776496,-19.733942,7.2737403,True
2024-05-23 12:30:00,-8.78,104,-17,-10.71,-6.7553754,-21.253803,6.2351394,True,-14.54,-4.8397574,-20.181744,7.9816985,True
2024-05-23 12:35:00,-8.15,104,-17,-10.89,-5.9093156,-20.957237,7.178655,True,-15.37,-3.794531,-19.781813,9.097496,True
2024-05-23 12:40:00,-8.16,104,-18,-10.9,-5.685102,-20.931183,7.3621383,True,-15.82,-3.3574297,-19.614782,9.465639,True
2024-05-23 12:45:00,-8.2,104,-18,-10.83,-5.2267528,-20.596687,7.4866824,True,-16.02,-2.4422877,-18.960896,9.986595,True
2024-05-23 12:50:00,-8.42,104,-18,-10.82,-5.287376,-20.833754,7.48706,True,-16.42,-2.3547919,-19.107624,10.116482,True
2024-05-23 12:55:00,-8.79,104,-19,-10.86,-5.5645766,-21.156422,7.3131537,True,-16.54,-2.5471957,-19.374992,10.020704,True
2024-05-23 13:00:00,-8.84,104,-19,-11.33,-5.623078,-21.26862,7.347173,True,-16.86,-2.6157,-19.502855,10.050945,True
2024-05-23 13:05:00,-8.56,104,-19,-11.85,-5.451511,-21.349989,7.6382174,True,-16.88,-2.5431025,-19.696964,10.262016,True
2024-05-23 13:10:00,-8.07,104,-19,-12.27,-5.1199584,-21.238869,7.9917026,True,-17.01,-2.355551,-19.727016,10.496555,True
2024-05-23 13:15:00,-8.93,104,-19,-12.83,-6.151585,-22.192999,7.206783,True,-16.97,-3.5466921,-20.806625,9.580017,True
2024-05-23 13:20:00,-9.819999,104,-20,-13.37,-7.3249993,-23.167124,6.258369,True,-17.14,-4.985844,-21.971249,8.412001,True
2024-05-23 13:25:00,-10.39,104,-20,-13.64,-8.102989,-23.91615,5.7801776,True,-17.45,-5.9625793,-22.884819,7.771066,True
2024-05-23 13:30:00,-10.71,104,-21,-14.54,-8.555568,-24.237148,5.364284,True,-17.8,-6.5442643,-23.314117,7.2548175,True
2024-05-23 13:35:00,-10.89,104,-21,-15.37,-8.800331,-24.276814,5.0045238,True,-18.5,-6.854213,-23.405357,6.851169,True
2024-05-23 13:40:00,-10.9,104,-21,-15.82,-8.818745,-24.311016,4.9353194,True,-19.71,-6.8832192,-23.470964,6.783441,True
2024-05-23 13:45:00,-10.83,104,-21,-16.02,-8.9220705,-24.46716,4.8551173,True,-20.6,-7.1507735,-23.768297,6.5713058,True
2024-05-23 13:50:00,-10.82,104,-21,-16.42,-9.043033,-24.60639,4.730659,True,-21.27,-7.3971515,-24.016844,6.34872,True
2024-05-23 13:55:00,-10.86,104,-21,-16.54,-9.415211,-24.694927,4.238384,True,-21.68,-8.085645,-24.338093,5.597217,True
2024-05-23 14:00:00,-11.33,104,-21,-16.86,-9.929111,-25.21313,3.8363588,True,-21.97,-8.649601,-24.919056,5.1647506,True
2024-05-23 14:05:00,-11.85,104,-22,-16.88,-10.517345,-25.66345,3.2251909,True,-21.97,-9.308452,-25.421291,4.5027995,True
2024-05-23 14:10:00,-12.27,104,-22,-17.01,-10.988298,-26.136175,2.8111494,True,-22.31,-9.834377,-25.95478,4.0536437,True
2024-05-23 14:15:00,-12.83,104,-23,-16.97,-11.673688,-26.859423,2.2730997,True,-22.47,-10.647328,-26.793564,3.4165037,True
2024-05-23 14:20:00,-13.37,104,-23,-17.14,-12.154458,-27.264061,1.7432915,True,-22.56,-11.078822,-27.175446,2.9442785,True
2024-05-23 14:25:00,-13.64,104,-24,-17.45,-12.424231,-27.4682,1.3452126,True,-22.87,-11.351558,-27.388668,2.558231,True
2024-05-23 14:30:00,-14.54,104,-24,-17.8,-13.323368,-28.105274,0.33954206,True,-23.88,-12.258253,-28.025019,1.5617958,True
2024-05-23 14:35:00,-15.37,104,-25,-18.5,-14.045471,-28.854193,-0.35218653,True,-24.4,-12.8829365,-28.708826,0.9671456,True
2024-05-23 14:40:00,-15.82,104,-25,-19.71,-14.37202,-29.384056,-0.5922988,True,-24.66,-13.093834,-29.17007,0.8376214,True
2024-05-23 14:45:00,-16.02,104,-26,-20.6,-14.516162,-29.725151,-0.69407684,True,-24.86,-13.186323,-29.49935,0.79304475,True
2024-05-23 14:50:00,-16.42,104,-26,-21.27,-15.01046,-30.36999,-1.0534347,True,-25.96,-13.775715,-30.236156,0.35784307,True
2024-05-23 14:55:00,-16.54,104,-26,-21.68,-15.263661,-30.967976,-1.0947803,True,-26.42,-14.159545,-30.966646,0.20555465,True
2024-05-23 15:00:00,-16.86,104,-27,-21.97,-15.784528,-31.772322,-1.4201187,True,-26.65,-14.876923,-31.94754,-0.28756556,True
2024-05-23 15:05:00,-16.88,104,-28,-21.97,-15.834358,-32.59682,-0.9691127,True,-26.93,-14.958907,-32.8486,0.13069122,True
2024-05-23 15:10:00,-17.01,104,-28,-22.31,-16.269674,-33.295425,-1.1391128,True,-27.01,-15.694089,-33.790825,-0.2974418,True
2024-05-23 15:15:00,-16.97,104,-29,-22.47,-16.504051,-33.620335,-1.2785057,True,-26.59,-16.19297,-34.312588,-0.66152984,True
2024-05-23 15:20:00,-17.14,104,-28,-22.56,-16.837807,-34.27012,-1.2734436,True,-26.4,-16.689209,-35.098778,-0.7928279,True
2024-05-23 15:25:00,-17.45,104,-28,-22.87,-17.226643,-35.31651,-1.374945,True,-25.72,-17.154984,-36.22419,-0.96892196,True
2024-05-23 15:30:00,-17.8,104,-28,-23.88,-17.750431,-36.27718,-1.6039871,True,-25.62,-17.846579,-37.321636,-1.3430713,True
2024-05-23 15:35:00,-18.5,104,-29,-24.4,-18.487673,-36.792435,-2.0519755,True,-25.36,-18.623287,-37.855133,-1.8128933,True
2024-05-23 15:40:00,-19.71,104,-30,-24.66,-19.83122,-37.889187,-3.3085215,True,-25.09,-20.101973,-39.04157,-3.1859,True
2024-05-23 15:45:00,-20.6,104,-31,-24.86,-20.95829,-38.783848,-4.441381,True,-24.98,-21.455305,-40.091846,-4.515281,True
2024-05-23 15:50:00,-21.27,104,-31,-25.96,-21.70384,-39.389442,-5.1872754,True,-24.89,-22.273794,-40.74575,-5.3215766,True
2024-05-23 15:55:00,-21.68,104,-31,-26.42,-22.07229,-39.86955,-5.4258056,True,-25.02,-22.604868,-41.196392,-5.5202365,True
2024-05-23 16:00:00,-21.97,104,-32,-26.65,-22.214869,-40.20428,-5.518142,True,-24.93,-22.610231,-41.423534,-5.488258,True
2024-05-23 16:05:00,-21.97,104,-33,-26.93,-21.961784,-40.171177,-5.29674,True,-24.49,-22.119993,-41.216743,-5.0488286,True
2024-05-23 16:10:00,-22.31,104,-33,-27.01,-22.123384,-40.578495,-5.4410853,True,-24.17,-22.113033,-41.490883,-5.0430627,True
2024-05-23 16:15:00,-22.47,104,-34,-26.59,-21.939243,-40.4207,-5.2832227,True,-23.17,-21.600414,-41.082222,-4.582577,True
2024-05-23 16:20:00,-22.56,104,-34,-26.4,-21.865734,-40.54733,-5.2232738,True,-23.59,-21.366533,-41.080227,-4.38024,True
2024-05-23 16:25:00,-22.87,104,-34,-25.72,-22.154781,-40.77747,-5.563832,True,-23.2,-21.634321,-41.28146,-4.696282,True
2024-05-23 16:30:00,-23.88,104,-35,-25.62,-23.184362,-41.90577,-6.408281,True,-23.34,-22.684977,-42.40636,-5.56453,True
2024-05-23 16:35:00,-24.4,104,-35,-25.36,-23.89983,-42.589832,-7.0657506,True,-23.8,-23.585371,-43.210785,-6.3877263,True
2024-05-23 16:40:00,-24.66,104,-35,-25.09,-24.420696,-43.084797,-7.545234,True,-23.76,-24.352999,-43.881687,-7.0841517,True
2024-05-23 16:45:00,-24.86,104,-35,-24.98,-24.933462,-43.57067,-7.955872,True,-23.51,-25.158558,-44.565426,-7.759833,True
2024-05-23 16:50:00,-25.96,104,-35,-24.89,-26.30157,-44.688816,-9.202433,True,-23.44,-26.781166,-45.862633,-9.232074,True
2024-05-23 16:55:00,-26.42,104,-35,-25.02,-27.050913,-45.521988,-9.7413435,True,-23.34,-27.79908,-46.884766,-10.015778,True
2024-05-23 17:00:00,-26.65,104,-35,-24.93,-27.356556,-46.134857,-9.849832,True,-23.96,-28.171095,-47.53528,-10.190417,True
2024-05-23 17:05:00,-26.93,104,-35,-24.49,-27.197664,-46.721252,-9.429131,True,-24.15,-27.596611,-47.801743,-9.409949,True
2024-05-23 17:10:00,-27.01,104,-35,-24.17,-27.040592,-46.77533,-9.282391,True,-23.56,-27.211447,-47.675495,-9.061517,True
2024-05-23 17:15:00,-26.59,104,-34,-23.17,-26.34781,-46.216885,-8.7575035,True,-23.79,-26.251568,-46.896378,-8.298939,True
2024-05-23 17:20:00,-26.4,104,-34,-23.59,-26.211946,-45.843163,-8.8554325,True,-24.53,-26.160046,-46.529842,-8.432485,True
2024-05-23 17:25:00,-25.72,104,-34,-23.2,-25.47171,-45.141068,-8.388147,True,-24.43,-25.352388,-45.75571,-7.903766,True
2024-05-23 17:30:00,-25.62,104,-33,-23.34,-25.512077,-45.32223,-8.603679,True,-23.29,-25.518932,-46.019585,-8.23692,True
2024-05-23 17:35:00,-25.36,104,-33,-23.8,-25.397741,-45.638462,-8.317276,True,-23.72,-25.541874,-46.429176,-8.083046,True
2024-05-23 17:40:00,-25.09,104,-33,-23.76,-25.471952,-45.74814,-8.359105,True,-24.26,-25.942795,-46.765022,-8.422017,True
2024-05-23 17:45:00,-24.98,104,-32,-23.51,-25.690596,-45.99354,-8.526747,True,-25.51,-26.473206,-47.230934,-8.870604,True
2024-05-23 17:50:00,-24.89,104,-32,-23.44,-25.748278,-46.232388,-8.491411,True,-26.71,-26.668139,-47.55376,-8.965573,True
2024-05-23 17:55:00,-25.02,104,-32,-23.34,-26.00175,-46.401207,-8.7768955,True,-26.98,-27.037117,-47.79648,-9.357045,True
2024-05-23 18:00:00,-24.93,104,-32,-23.96,-26.265053,-46.431572,-9.06693,True,-28.59,-27.633886,-48.05749,-9.952676,True
2024-05-23 18:05:00,-24.49,104,-32,-24.15,-26.14957,-46.847202,-8.753866,True,-29.37,-27.822657,-48.676476,-9.920924,True
2024-05-23 18:10:00,-24.17,104,-32,-23.56,-25.785603,-47.365246,-8.1569195,True,-30.62,-27.413324,-49.12743,-9.2969265,True
2024-05-23 18:15:00,-23.17,104,-31,-23.79,-25.000555,-47.285072,-7.230087,True,-31.81,-26.828773,-49.156902,-8.558801,True
2024-05-23 18:20:00,-23.59,104,-31,-24.53,-25.35041,-47.93542,-7.420671,True,-32.46,-27.101322,-49.72919,-8.690898,True
2024-05-23 18:25:00,-23.2,104,-31,-24.43,-24.626015,-47.26269,-6.682715,True,-32.43,-26.059702,-48.819958,-7.6774116,True
2024-05-23 18:30:00,-23.34,104,-31,-23.29,-24.330692,-47.461605,-6.2725997,True,-33.85,-25.352388,-48.71322,-6.9108977,True
2024-05-23 18:35:00,-23.8,104,-31,-23.72,-24.135286,-47.402725,-5.945954,True,-35.8,-24.5317,-48.205036,-6.0324864,True
2024-05-23 18:40:00,-23.76,104,-31,-24.26,-23.678596,-46.994244,-5.4873557,True,-35.96,-23.67256,-47.48959,-5.224938,True
2024-05-23 18:45:00,-23.51,104,-30,-25.51,-23.218098,-46.738945,-5.1335692,True,-34.61,-23.005291,-47.074604,-4.6956124,True
2024-05-23 18:50:00,-23.44,104,-30,-26.71,-22.832937,-46.6321,-4.918677,True,-34.17,-22.305847,-46.725166,-4.2123055,True
2024-05-23 18:55:00,-23.34,104,-29,-26.98,-22.760462,-46.525238,-5.016977,True,-32.84,-22.253216,-46.612267,-4.335955,True
2024-05-23 19:00:00,-23.96,104,-29,-28.59,-23.532852,-47.232727,-5.7795787,True,-32.33,-23.17284,-47.41167,-5.232982,True
2024-05-23 19:05:00,-24.15,104,-29,-29.37,-23.83077,-47.21863,-6.155145,True,-33.02,-23.573149,-47.44773,-5.705811,True
2024-05-23 19:10:00,-23.56,104,-28,-30.62,-23.537968,-46.603176,-6.0962386,True,-34.68,-23.569338,-47.027985,-5.9083495,True
2024-05-23 19:15:00,-23.79,104,-27,-31.81,-23.991486,-46.55066,-6.6477323,True,-35.33,-24.237347,-47.110184,-6.658112,True
2024-05-23 19:20:00,-24.53,104,-28,-32.46,-25.101551,-47.299473,-7.7594886,True,-36.59,-25.700203,-48.10527,-8.089267,True
2024-05-23 19:25:00,-24.43,104,-27,-32.43,-24.926723,-47.971306,-7.570665,True,-38.49,-25.452124,-48.70279,-7.8474727,True
2024-05-23 19:30:00,-23.29,104,-24,-33.85,-25.089489,-47.821205,-7.7905383,True,-39.43,-26.853704,-49.42597,-9.182767,True
2024-05-23 19:35:00,-23.72,104,-25,-35.8,-26.141422,-48.991055,-8.618908,True,-39.83,-28.47753,-50.982285,-10.532268,True
2024-05-23 19:40:00,-24.26,104,-24,-35.96,-27.161097,-50.05871,-9.419717,True,-40.81,-29.934454,-52.345867,-11.729378,True
2024-05-23 19:45:00,-25.51,104,-24,-34.61,-29.11569,-50.755527,-11.411618,True,-43.59,-32.52121,-53.526917,-14.298416,True
2024-05-23 19:50:00,-26.71,104,-25,-34.17,-30.236197,-51.24244,-12.450919,True,-45.14,-33.55572,-53.981285,-15.269618,True
2024-05-23 19:55:00,-26.98,104,-24,-32.84,-30.715591,-52.013298,-12.784265,True,-44.51,-34.221836,-54.868687,-15.776027,True
2024-05-23 20:00:00,-28.59,104,-23,-32.33,-32.71568,-53.857883,-14.4782715,True,-47.36,-36.55323,-56.970398,-17.765196,True
2024-05-23 20:05:00,-29.37,104,-24,-33.02,-33.810413,-55.110966,-15.280639,True,-47.87,-37.922577,-58.420555,-18.812067,True
2024-05-23 20:10:00,-30.62,104,-24,-34.68,-35.21933,-56.157024,-16.582043,True,-47.95,-39.47239,-59.603664,-20.24021,True
2024-05-23 20:15:00,-31.81,104,-24,-35.33,-36.5271,-57.132755,-17.772268,True,-51.58,-40.885284,-60.693947,-21.526245,True
2024-05-23 20:20:00,-32.46,104,-24,-36.59,-37.309147,-57.813267,-18.470337,True,-53.79,-41.791004,-61.476574,-22.337236,True
2024-05-23 20:25:00,-32.43,104,-24,-38.49,-37.28044,-58.037254,-18.421417,True,-51.64,-41.777702,-61.687794,-22.306828,True
2024-05-23 20:30:00,-33.85,104,-23,-39.43,-38.566624,-59.317787,-19.50924,True,-47.74,-42.936882,-62.89708,-23.277506,True
2024-05-23 20:35:00,-35.8,104,-24,-39.83,-40.557697,-61.206886,-21.13061,True,-47.47,-44.942345,-64.83426,-24.899588,True
2024-05-23 20:40:00,-35.96,104,-25,-40.81,-41.19531,-61.59337,-21.602621,True,-47.57,-45.998226,-65.54428,-25.744797,True
2024-05-23 20:45:00,-34.61,104,-23,-43.59,-40.709988,-60.97584,-20.934015,True,-47.510002,-46.266228,-65.45234,-25.758522,True
2024-05-23 20:50:00,-34.17,104,-21,-45.14,-40.801495,-59.57137,-21.169174,True,-46.89,-46.748055,-64.372185,-26.379032,True
2024-05-23 20:55:00,-32.84,104,-20,-44.51,-40.239952,-58.2873,-20.54774,True,-43.72,-46.740738,-63.458405,-26.299358,True
2024-05-23 21:00:00,-32.33,104,-19,-47.36,-40.45789,-58.105515,-20.49871,True,-42.58,-47.45272,-63.621754,-26.719875,True
2024-05-23 21:05:00,-33.02,104,-20,-47.87,-41.37035,-58.634926,-21.212542,True,-43.36,-48.45301,-64.25333,-27.518705,True
2024-05-23 21:10:00,-34.68,104,-21,-47.95,-43.234547,-59.739132,-22.87014,True,-44.04,-50.348072,-65.45895,-29.194029,True
2024-05-23 21:15:00,-35.33,104,-22,-51.58,-44.042767,-60.030357,-23.723917,True,-41.51,-51.222214,-65.84943,-30.1162,True
2024-05-23 21:20:00,-36.59,104,-23,-53.79,-44.76356,-60.305153,-24.618258,True,-38.54,-51.453438,-65.7948,-30.575912,True
2024-05-23 21:25:00,-38.49,104,-23,-51.64,-45.22971,-60.792587,-25.302874,True,-36.85,-50.705112,-65.356445,-30.17726,True
2024-05-23 21:30:00,-39.43,104,-25,-47.74,-44.379482,-60.29,-25.022959,True,-36.27,-48.39095,-63.65998,-28.607801,True
2024-05-23 21:35:00,-39.83,104,-25,-47.47,-42.58015,-59.283077,-23.975037,True,-35.4,-44.802624,-61.146923,-25.977808,True
2024-05-23 21:40:00,-40.81,104,-26,-47.57,-41.712097,-58.823578,-23.912954,True,-35.92,-42.413544,-59.39253,-24.559502,True
2024-05-23 21:45:00,-43.59,104,-27,-47.510002,-43.02696,-60.332916,-25.683977,True,-37.19,-42.483326,-59.795937,-25.215395,True
2024-05-23 21:50:00,-45.14,104,-31,-46.89,-43.159748,-61.217648,-25.915451,True,-37.26,-41.400303,-59.555847,-24.36495,True
2024-05-23 21:55:00,-44.51,104,-31,-43.72,-41.359753,-60.363102,-24.309164,True,-37.31,-38.570934,-57.752384,-21.845953,True
2024-05-23 22:00:00,-47.36,104,-33,-42.58,-42.703278,-62.65248,-25.382988,True,-40.63,-38.576225,-58.73181,-21.753616,True
2024-05-23 22:05:00,-47.87,104,-37,-43.36,-42.66958,-63.088055,-25.451471,True,-40.36,-37.993607,-58.6147,-21.357986,True
2024-05-23 22:10:00,-47.95,104,-38,-44.04,-42.74162,-63.656246,-25.796688,True,-39.19,-37.985172,-59.088043,-21.658806,True
2024-05-23 22:15:00,-51.58,104,-39,-41.51,-46.763554,-67.65422,-29.327158,True,-38.41,-42.320503,-63.30631,-25.518585,True
2024-05-23 22:20:00,-53.79,104,-43,-38.54,-49.21971,-70.432,-31.232113,True,-38.9,-44.955223,-66.21902,-27.62803,True
2024-05-23 22:25:00,-51.64,104,-42,-36.85,-47.60231,-68.99237,-29.584425,True,-39.6,-43.788548,-65.25616,-26.386702,True
2024-05-23 22:30:00,-47.74,104,-37,-36.27,-44.50341,-65.61493,-26.884277,True,-39.99,-41.411522,-62.61882,-24.310682,True
2024-05-23 22:35:00,-47.47,104,-36,-35.4,-44.616196,-65.1442,-26.86581,True,-39.68,-41.88083,-62.47108,-24.60873,True
2024-05-23 22:40:00,-47.57,104,-35,-35.92,-44.761177,-64.99545,-27.018278,True,-38.77,-42.06272,-62.340675,-24.80085,True
2024-05-23 22:45:00,-47.510002,104,-36,-37.19,-44.95227,-65.0914,-27.167686,True,-39.03,-42.48786,-62.646877,-25.163633,True
2024-05-23 22:50:00,-46.89,104,-35,-37.26,-45.214966,-64.66077,-27.522469,True,-41.35,-43.573715,-62.976322,-26.235182,True
2024-05-23 22:55:00,-43.72,104,-31,-37.31,-42.992054,-61.957222,-25.556616,True,-40.7,-42.237194,-61.08579,-25.044746,True
2024-05-23 23:00:00,-42.58,104,-29,-40.63,-43.084274,-60.9639,-25.801323,True,-40.9,-43.448505,-61.080784,-26.277359,True
2024-05-23 23:05:00,-43.36,104,-29,-40.36,-44.756733,-61.646122,-27.603552,True,-41.36,-45.90423,-62.458492,-28.777998,True
2024-05-23 23:10:00,-44.04,104,-31,-39.19,-46.063786,-62.205727,-28.846,True,-41.75,-47.75106,-63.501408,-30.500809,True
2024-05-23 23:15:00,-41.51,104,-29,-38.41,-44.029064,-60.0466,-27.065838,True,-41.96,-46.158577,-61.691833,-29.131094,True
2024-05-23 23:20:00,-38.54,104,-26,-38.9,-41.281322,-57.445015,-24.715588,True,-42.94,-43.623047,-59.222275,-26.99406,True
2024-05-23 23:25:00,-36.85,104,-24,-39.6,-39.457874,-55.76599,-23.26992,True,-44.11,-41.696224,-57.425396,-25.478088,True
2024-05-23 23:30:00,-36.27,104,-24,-39.99,-38.447384,-54.91379,-22.524744,True,-43.89,-40.315147,-56.252705,-24.410446,True
2024-05-23 23:35:00,-35.4,104,-23,-39.68,-37.035885,-53.83325,-21.36404,True,-43.56,-38.434784,-54.75978,-22.837658,True
2024-05-23 23:40:00,-35.92,104,-24,-38.77,-37.10499,-53.827026,-21.624065,True,-42.55,-38.10078,-54.41442,-22.74119,True
2024-05-23 23:45:00,-37.19,104,-24,-39.03,-38.2342,-54.55513,-22.853977,True,-42.28,-39.09366,-55.03403,-23.852976,True
2024-05-23 23:50:00,-37.26,104,-26,-41.35,-37.98241,-54.440437,-22.690641,True,-43.38,-38.558846,-54.668213,-23.439306,True
2024-05-23 23:55:00,-37.31,104,-25,-40.7,-37.80229,-54.335114,-22.623339,True,-43.71,-38.173935,-54.37849,-23.193344,True
2024-05-24 00:00:00,-40.63,104,-28,-40.9,-40.71714,-57.106537,-25.248089,True,-43.6,-40.705997,-56.811726,-25.474081,True
2024-05-24 00:05:00,-40.36,104,-31,-41.36,-40.393448,-56.8405,-24.948477,True,-43.26,-40.33734,-56.496605,-25.139101,True
2024-05-24 00:10:00,-39.19,104,-29,-41.75,-39.18905,-55.693275,-23.967447,True,-42.54,-39.10928,-55.317757,-24.145475,True
2024-05-24 00:15:00,-38.41,104,-28,-41.96,-38.630974,-54.963673,-23.550104,True,-42.88,-38.753723,-54.76311,-23.912436,True
2024-05-24 00:20:00,-38.9,104,-28,-42.94,-39.224308,-55.23691,-24.113188,True,-40.23,-39.433804,-55.107376,-24.556341,True
2024-05-24 00:25:00,-39.6,104,-28,-44.11,-39.8136,-55.704548,-24.690903,True,-39.22,-39.92114,-55.479668,-25.045313,True
2024-05-24 00:30:00,-39.99,104,-29,-43.89,-40.032,-55.932507,-24.98481,True,-39.94,-39.985367,-55.562412,-25.207417,True
2024-05-24 00:35:00,-39.68,104,-28,-43.56,-40.16141,-55.640232,-25.208923,True,-41.54,-40.497463,-55.606117,-25.779032,True
2024-05-24 00:40:00,-38.77,104,-26,-42.55,-39.702553,-54.623234,-24.618343,True,-41.51,-40.422855,-54.916367,-25.535454,True
2024-05-24 00:45:00,-39.03,104,-26,-42.28,-40.20866,-54.393078,-25.426508,True,-40.98,-41.12779,-54.871372,-26.530977,True
2024-05-24 00:50:00,-41.35,104,-27,-43.38,-42.507687,-56.082226,-27.71731,True,-39.99,-43.386982,-56.537872,-28.78904,True
2024-05-24 00:55:00,-40.7,104,-28,-43.71,-41.933697,-55.262207,-27.39684,True,-39.15,-42.877506,-55.774197,-28.534765,True
2024-05-24 01:00:00,-40.9,104,-27,-43.6,-41.483376,-55.028328,-27.122374,True,-39.36,-41.87382,-55.03952,-27.762136,True
2024-05-24 01:05:00,-41.36,104,-27,-43.26,-41.456318,-55.038033,-27.04569,True,-40.310005,-41.433743,-54.66749,-27.31158,True
2024-05-24 01:10:00,-41.75,104,-27,-42.54,-40.40359,-54.90843,-26.519007,True,-41.67,-39.154957,-53.403294,-25.678915,True
2024-05-24 01:15:00,-41.96,104,-27,-42.88,-39.48482,-55.391468,-25.778488,True,-42.42,-37.243404,-52.946457,-24.054129,True
2024-05-24 01:20:00,-42.94,104,-27,-40.23,-40.219963,-56.675034,-26.36496,True,-43.480003,-37.733772,-53.98382,-24.44036,True
2024-05-24 01:25:00,-44.11,104,-28,-39.22,-41.25958,-58.20489,-27.135017,True,-43.98,-38.63942,-55.374207,-25.111324,True
2024-05-24 01:30:00,-43.89,104,-29,-39.94,-41.54485,-58.725224,-27.068579,True,-44.01,-39.361107,-56.305973,-25.449116,True
2024-05-24 01:35:00,-43.56,104,-28,-41.54,-41.77848,-59.225502,-26.97426,True,-44.24,-40.092068,-57.261955,-25.81051,True
2024-05-24 01:40:00,-42.55,104,-26,-41.51,-41.42754,-59.11164,-26.26956,True,-44.93,-40.339527,-57.69231,-25.637524,True
2024-05-24 01:45:00,-42.28,104,-25,-40.98,-42.17503,-60.02225,-26.533821,True,-45.24,-42.002445,-59.409622,-26.706131,True
2024-05-24 01:50:00,-43.38,104,-26,-39.99,-44.450626,-61.795,-28.233635,True,-45.68,-45.313145,-62.08832,-29.303501,True
2024-05-24 01:55:00,-43.71,104,-28,-39.15,-45.970486,-62.655098,-29.36111,True,-45.79,-47.866566,-63.84412,-31.320038,True
2024-05-24 02:00:00,-43.6,104,-28,-39.36,-47.04525,-63.274994,-29.929474,True,-45.98,-49.95563,-65.314316,-32.756992,True
2024-05-24 02:05:00,-43.26,104,-27,-40.310005,-47.709984,-63.393776,-30.156431,True,-45.91,-51.455563,-66.13047,-33.70002,True
2024-05-24 02:10:00,-42.54,104,-24,-41.67,-47.889023,-62.992874,-30.17733,True,-47.09,-52.37089,-66.32987,-34.36154,True
2024-05-24 02:15:00,-42.88,104,-25,-42.42,-48.819313,-63.488922,-30.780197,True,-48.33,-53.758774,-67.21174,-35.358105,True
2024-05-24 02:20:00,-40.23,104,-23,-43.480003,-46.868042,-61.80244,-28.84715,True,-49.36,-52.382874,-65.89811,-33.943466,True
2024-05-24 02:25:00,-39.22,104,-21,-43.98,-46.42381,-60.72798,-28.587852,True,-50.88,-52.38075,-65.17032,-34.09701,True
2024-05-24 02:30:00,-39.94,104,-22,-44.01,-47.36698,-61.515923,-29.461512,True,-52.27,-53.521526,-66.15048,-35.136574,True
2024-05-24 02:35:00,-41.54,104,-23,-44.24,-49.03512,-63.064266,-30.893904,True,-53.47,-55.241787,-67.792496,-36.58819,True
2024-05-24 02:40:00,-41.51,104,-25,-44.93,-49.171185,-63.437767,-30.871449,True,-53.84,-55.517235,-68.26165,-36.6753,True
2024-05-24 02:45:00,-40.98,104,-23,-45.24,-48.71177,-63.346752,-30.348112,True,-54.64,-55.12695,-68.18389,-36.206577,True
2024-05-24 02:50:00,-39.99,104,-21,-45.68,-47.778572,-62.664383,-29.55791,True,-55.780003,-54.24599,-67.48014,-35.47244,True
2024-05-24 02:55:00,-39.15,104,-20,-45.79,-47.014942,-62.28795,-28.827103,True,-57.03,-53.55164,-67.09885,-34.79986,True
2024-05-24 03:00:00,-39.36,104,-19,-45.98,-47.27215,-62.86805,-28.879267,True,-57.6,-53.84201,-67.69693,-34.85593,True
2024-05-24 03:05:00,-40.310005,104,-19,-45.91,-48.357162,-63.44077,-29.918488,True,-57.65,-55.026497,-68.40534,-35.96845,True
2024-05-24 03:10:00,-41.67,104,-20,-47.09,-49.917446,-64.28581,-31.286453,True,-57.0,-56.694775,-69.40826,-37.41389,True
2024-05-24 03:15:00,-42.42,104,-21,-48.33,-51.009388,-65.26913,-31.96598,True,-57.23,-58.00759,-70.58723,-38.243664,True
2024-05-24 03:20:00,-43.480003,104,-21,-49.36,-52.29107,-66.49532,-32.795174,True,-56.92,-59.4475,-71.9588,-39.166492,True
2024-05-24 03:25:00,-43.98,104,-22,-50.88,-53.051567,-66.8057,-33.461422,True,-56.1,-60.328808,-72.372635,-39.92407,True
2024-05-24 03:30:00,-44.01,104,-23,-52.27,-53.317802,-66.64277,-33.64068,True,-54.27,-60.722435,-72.323105,-40.2144,True
2024-05-24 03:35:00,-44.24,104,-23,-53.47,-53.593468,-66.35124,-33.926003,True,-52.5,-60.951935,-72.02395,-40.469604,True
2024-05-24 03:40:00,-44.93,104,-25,-53.84,-54.012352,-65.83206,-34.45758,True,-51.0,-61.032494,-71.28797,-40.73479,True
2024-05-24 03:45:00,-45.24,104,-26,-54.64,-54.021557,-65.61095,-34.63236,True,-50.7,-60.782116,-70.89142,-40.705143,True
2024-05-24 03:50:00,-45.68,104,-27,-55.780003,-53.963097,-65.48092,-34.704884,True,-50.66,-60.310467,-70.4407,-40.421192,True
2024-05-24 03:55:00,-45.79,104,-28,-57.03,-53.577564,-64.83496,-34.571255,True,-48.45,-59.50107,-69.455734,-39.939217,True
2024-05-24 04:00:00,-45.98,104,-28,-57.6,-53.20676,-64.14313,-34.44384,True,-46.86,-58.64735,-68.37714,-39.411217,True
2024-05-24 04:05:00,-45.91,104,-28,-57.65,-52.77192,-63.52958,-34.276546,True,-48.43,-57.930367,-67.54757,-39.014084,True
2024-05-24 04:10:00,-47.09,104,-29,-57.0,-53.524303,-64.60309,-34.97248,True,-50.63,-58.392498,-68.41079,-39.43792,True
2024-05-24 04:15:00,-48.33,104,-31,-57.23,-54.308212,-65.3124,-35.738186,True,-54.02,-58.83106,-68.85974,-39.890118,True
2024-05-24 04:20:00,-49.36,104,-33,-56.92,-54.96348,-65.93928,-36.38254,True,-54.31,-59.20675,-69.26573,-40.281834,True
2024-05-24 04:25:00,-50.88,104,-34,-56.1,-55.94878,-66.87346,-37.442642,True,-53.61,-59.791912,-69.875534,-40.984425,True
2024-05-24 04:30:00,-52.27,104,-36,-54.27,-56.727123,-67.95799,-38.228725,True,-50.88,-60.10327,-70.54167,-41.359276,True
2024-05-24 04:35:00,-53.47,104,-37,-52.5,-57.340187,-68.570946,-39.005062,True,-48.45,-60.25971,-70.74719,-41.73993,True
2024-05-24 04:40:00,-53.84,104,-38,-51.0,-57.39717,-68.41768,-39.36084,True,-46.59,-60.068863,-70.36748,-41.88599,True
2024-05-24 04:45:00,-54.64,104,-38,-50.7,-57.72085,-68.393616,-39.830204,True,-44.25,-60.011353,-70.02587,-42.031322,True
2024-05-24 04:50:00,-55.780003,104,-39,-50.66,-57.955006,-69.14604,-40.04047,True,-43.86,-59.52739,-70.120605,-41.626682,True
2024-05-24 04:55:00,-57.03,104,-41,-48.45,-58.222668,-69.19193,-40.210686,True,-43.78,-58.994873,-69.43292,-41.111423,True
2024-05-24 05:00:00,-57.6,104,-44,-46.86,-58.31358,-68.65821,-40.534737,True,-44.15,-58.701527,-68.55173,-41.106422,True
2024-05-24 05:05:00,-57.65,104,-46,-48.43,-58.443985,-69.19882,-40.3665,True,-44.74,-58.89136,-69.14507,-40.97686,True
2024-05-24 05:10:00,-57.0,104,-46,-50.63,-58.47614,-70.14514,-39.54698,True,-44.48,-59.446144,-70.55284,-40.574596,True
2024-05-24 05:15:00,-57.23,104,-49,-54.02,-59.66858,-71.13099,-40.1409,True,-44.17,-61.377693,-72.21498,-41.766186,True
2024-05-24 05:20:00,-56.92,104,-51,-54.31,-60.10959,-71.66244,-40.06712,True,-43.9,-62.39087,-73.25151,-42.145958,True
2024-05-24 05:25:00,-56.1,104,-51,-53.61,-59.787754,-71.09723,-39.646408,True,-43.74,-62.443336,-73.00848,-42.0296,True
2024-05-24 05:30:00,-54.27,104,-48,-50.88,-58.35973,-69.00274,-38.620785,True,-42.3,-61.30883,-71.171776,-41.26063,True
2024-05-24 05:35:00,-52.5,104,-46,-48.45,-56.430595,-67.195946,-37.256676,True,-42.15,-59.27753,-69.2498,-39.82849,True
2024-05-24 05:40:00,-51.0,104,-44,-46.59,-55.051056,-66.15306,-36.10702,True,-40.89,-57.99616,-68.259995,-38.76234,True
2024-05-24 05:45:00,-50.7,104,-45,-44.25,-54.683018,-65.48953,-35.803062,True,-39.06,-57.55933,-67.54192,-38.403633,True
2024-05-24 05:50:00,-50.66,104,-45,-43.86,-54.46153,-64.68129,-35.763073,True,-36.96,-57.185772,-66.626335,-38.244503,False
2024-05-24 05:55:00,-48.45,104,-41,-43.78,-52.70756,-62.47858,-34.26191,True,-35.65,-55.74195,-64.67494,-37.025646,False
2024-05-24 06:00:00,-46.86,104,-37,-44.15,-50.967983,-60.82671,-32.646725,True,-34.64,-53.862465,-62.875885,-35.303444,False
2024-05-24 06:05:00,-48.43,104,-38,-44.74,-51.667027,-61.471745,-33.254086,True,-34.0,-53.889328,-62.96645,-35.324635,False
2024-05-24 06:10:00,-50.63,104,-40,-44.48,-52.916904,-62.575672,-34.327877,True,-33.76,-54.410824,-63.458828,-35.764828,False
2024-05-24 06:15:00,-54.02,104,-47,-44.17,-55.174168,-64.56258,-36.224762,True,-33.09,-55.818924,-64.71318,-36.927845,False
2024-05-24 06:20:00,-54.31,104,-53,-43.9,-55.097324,-64.26948,-36.416862,True,-33.15,-55.468086,-64.17883,-36.88693,False
2024-05-24 06:25:00,-53.61,104,-54,-43.74,-54.34884,-63.391495,-35.69726,True,-33.37,-54.675564,-63.268013,-36.12314,False
2024-05-24 06:30:00,-50.88,104,-51,-42.3,-51.822357,-60.85949,-33.67305,True,-33.66,-52.289566,-60.859863,-34.22147,False
2024-05-24 06:35:00,-48.45,104,-47,-42.15,-49.565304,-58.521694,-32.008152,True,-35.21,-50.161953,-58.64585,-32.670967,True
2024-05-24 06:40:00,-46.59,104,-44,-40.89,-48.13091,-56.64959,-31.288946,True,-36.19,-49.03977,-57.05479,-32.23193,True
2024-05-24 06:45:00,-44.25,104,-41,-39.06,-45.90726,-54.610485,-29.781223,True,-35.07,-46.920673,-55.102077,-30.824226,True
2024-05-24 06:50:00,-43.86,104,-40,-36.96,-45.370136,-54.178364,-29.456121,True,-33.23,-46.287743,-54.596294,-30.411734,True
2024-05-24 06:55:00,-43.78,104,-40,-35.65,-44.89105,-54.112156,-29.136358,True,-32.84,-45.527676,-54.28837,-29.842901,True
2024-05-24 07:00:00,-44.15,104,-40,-34.64,-44.866932,-54.31461,-29.070662,True,-31.89,-45.21513,-54.245213,-29.51884,True
2024-05-24 07:05:00,-44.74,104,-41,-34.0,-45.054214,-54.773636,-29.191835,True,-31.13,-45.103992,-54.44874,-29.375404,True
2024-05-24 07:10:00,-44.48,104,-42,-33.76,-44.687077,-54.138706,-29.071331,True,-31.2,-44.656933,-53.75391,-29.18388,True
2024-05-24 07:15:00,-44.17,104,-44,-33.09,-44.127834,-53.63375,-28.620285,True,-32.78,-43.905334,-53.0833,-28.562893,True
2024-05-24 07:20:00,-43.9,104,-45,-33.15,-43.82536,-53.146862,-28.383215,True,-32.7,-43.57917,-52.58798,-28.300007,True
2024-05-24 07:25:00,-43.74,104,-45,-33.37,-43.546707,-53.2331,-27.87107,True,-31.84,-43.206726,-52.593483,-27.700636,True
2024-05-24 07:30:00,-42.3,104,-44,-33.66,-42.7192,-52.33047,-27.05962,True,-29.51,-42.85728,-52.116993,-27.299826,True
2024-05-24 07:35:00,-42.15,104,-45,-35.21,-42.887554,-52.480476,-26.983635,True,-28.15,-43.27162,-52.482506,-27.432152,True
2024-05-24 07:40:00,-40.89,104,-45,-36.19,-41.92142,-52.02189,-25.686562,True,-26.21,-42.535496,-52.21467,-26.32357,False
2024-05-24 07:45:00,-39.06,104,-44,-35.07,-40.14279,-51.159462,-23.474659,True,-24.38,-40.796608,-51.36595,-24.13417,True
2024-05-24 07:50:00,-36.96,104,-41,-33.23,-38.055103,-50.240894,-21.055614,True,-23.99,-38.719162,-50.425858,-21.712,True
2024-05-24 07:55:00,-35.65,104,-40,-32.84,-36.394676,-49.778774,-19.026884,True,-23.96,-36.78406,-49.730145,-19.432775,True
2024-05-24 08:00:00,-34.64,104,-38,-31.89,-35.260487,-49.569096,-17.566372,True,-23.65,-35.552708,-49.440193,-17.87781,True
2024-05-24 08:05:00,-34.0,104,-36,-31.13,-34.40895,-49.81251,-16.206387,True,-23.6,-34.525745,-49.539608,-16.357212,True
2024-05-24 08:10:00,-33.76,104,-35,-31.2,-34.83349,-49.28177,-16.783398,True,-23.16,-35.479767,-49.43355,-17.387165,True
2024-05-24 08:15:00,-33.09,104,-33,-32.78,-34.90285,-48.532516,-16.928394,True,-23.65,-36.12275,-49.132984,-18.028812,True
2024-05-24 08:20:00,-33.15,104,-32,-32.7,-35.675346,-48.562252,-17.49603,True,-24.14,-37.422756,-49.575943,-19.056246,True
2024-05-24 08:25:00,-33.37,104,-32,-31.84,-36.572884,-48.949314,-18.16035,True,-24.51,-38.801178,-50.339382,-20.140125,True
2024-05-24 08:30:00,-33.66,104,-32,-29.51,-37.646152,-49.69406,-18.911041,True,-25.0,-40.403915,-51.486958,-21.353891,True
2024-05-24 08:35:00,-35.21,104,-32,-28.15,-39.517532,-50.72605,-20.437748,True,-24.87,-42.443554,-52.703167,-23.034084,True
2024-05-24 08:40:00,-36.19,104,-36,-26.21,-40.165325,-51.030956,-21.007566,True,-22.79,-42.816486,-52.843437,-23.365295,False
2024-05-24 08:45:00,-35.07,104,-35,-24.38,-39.049126,-49.658455,-20.136961,True,-23.91,-41.691315,-51.471584,-22.502834,True
2024-05-24 08:50:00,-33.23,104,-32,-23.99,-36.834576,-47.548504,-18.484833,True,-25.9,-39.23618,-49.177166,-20.652239,True
2024-05-24 08:55:00,-32.84,104,-31,-23.96,-35.7344,-46.172565,-18.012423,True,-25.68,-37.643353,-47.456398,-19.753284,True
2024-05-24 09:00:00,-31.89,104,-30,-23.65,-34.356125,-44.376476,-17.487902,True,-27.19,-35.974632,-45.462322,-18.982246,True
2024-05-24 09:05:00,-31.13,104,-30,-23.6,-32.516483,-42.45532,-16.318077,True,-27.35,-33.36035,-42.969303,-17.121826,True
2024-05-24 09:10:00,-31.2,104,-29,-23.16,-31.975601,-41.59213,-16.547571,True,-26.74,-32.374733,-41.78302,-16.952473,True
2024-05-24 09:15:00,-32.78,104,-31,-23.65,-32.515656,-41.90795,-17.605192,True,-26.2,-32.13713,-41.499634,-17.309189,True
2024-05-24 09:20:00,-32.7,104,-32,-24.14,-32.011784,-41.48046,-17.608698,True,-26.23,-31.307583,-40.8166,-17.020718,True
2024-05-24 09:25:00,-31.84,104,-33,-24.51,-31.558569,-40.53697,-17.737103,True,-26.16,-31.177092,-40.15274,-17.437283,True
2024-05-24 09:30:00,-29.51,104,-32,-25.0,-29.489944,-38.466644,-16.279465,True,-26.16,-29.315775,-38.264355,-16.16549,True
2024-05-24 09:35:00,-28.15,104,-31,-24.87,-27.181736,-37.356953,-13.748319,True,-26.21,-26.2346,-36.540176,-12.934015,True
2024-05-24 09:40:00,-26.21,104,-30,-22.79,-24.287636,-36.254654,-10.562147,True,-24.88,-22.52479,-34.81776,-9.026528,True
2024-05-24 09:45:00,-24.38,104,-30,-23.91,-21.822035,-35.01055,-8.123544,True,-25.4,-19.47876,-33.157497,-6.0869555,True
2024-05-24 09:50:00,-23.99,104,-30,-25.9,-22.22168,-34.205288,-9.230868,True,-27.05,-20.547983,-32.865906,-7.7765317,True
2024-05-24 09:55:00,-23.96,104,-30,-25.68,-22.90254,-33.68079,-10.421931,True,-28.83,-21.84724,-32.830704,-9.50733,True
2024-05-24 10:00:00,-23.65,104,-29,-27.19,-23.099758,-33.314743,-10.857713,True,-29.19,-22.488865,-32.827576,-10.33583,True
2024-05-24 10:05:00,-23.6,104,-27,-27.35,-23.57466,-33.60178,-11.043708,True,-29.13,-23.421932,-33.492737,-10.927334,True
2024-05-24 10:10:00,-23.16,104,-25,-26.74,-23.562355,-33.681973,-10.624543,True,-28.51,-23.781857,-33.877865,-10.835761,True
2024-05-24 10:15:00,-23.65,104,-24,-26.2,-24.136955,-34.11376,-11.009767,True,-28.66,-24.438187,-34.389557,-11.290654,True
2024-05-24 10:20:00,-24.14,104,-25,-26.23,-24.565502,-34.50637,-11.210587,True,-28.66,-24.823227,-34.761158,-11.44975,True
2024-05-24 10:25:00,-24.51,104,-25,-26.16,-24.862522,-34.90981,-11.14168,True,-28.86,-25.063097,-35.13006,-11.327168,True
2024-05-24 10:30:00,-25.0,104,-25,-26.16,-25.232872,-35.52757,-11.058602,True,-27.75,-25.336641,-35.68119,-11.154214,True
2024-05-24 10:35:00,-24.87,104,-25,-26.21,-25.086353,-35.42843,-10.868383,True,-26.07,-25.18265,-35.586174,-10.953951,True
2024-05-24 10:40:00,-22.79,104,-22,-24.88,-22.734806,-33.601856,-8.742634,True,-25.0,-22.5904,-33.57859,-8.612151,True
2024-05-24 10:45:00,-23.91,104,-21,-25.4,-23.465506,-34.416157,-9.248427,True,-23.99,-22.989367,-34.142544,-8.823022,True
2024-05-24 10:50:00,-25.9,104,-22,-27.05,-25.365568,-35.714413,-11.18427,True,-23.91,-24.827126,-35.395844,-10.700969,True
2024-05-24 10:55:00,-25.68,104,-22,-28.83,-26.03792,-35.536133,-12.077756,True,-24.23,-26.282822,-35.857895,-12.284886,True
2024-05-24 11:00:00,-27.19,104,-23,-29.19,-28.20088,-37.09079,-13.724388,True,-24.16,-29.002686,-37.87514,-14.428408,True
2024-05-24 11:05:00,-27.35,104,-27,-29.13,-29.368223,-37.924274,-14.408086,True,-24.56,-30.992601,-39.36443,-15.855468,True
2024-05-24 11:10:00,-26.74,104,-27,-28.51,-29.886757,-38.440155,-14.414797,True,-24.98,-32.382904,-40.529354,-16.663261,True
2024-05-24 11:15:00,-26.2,104,-26,-28.66,-30.206451,-38.90399,-14.280682,True,-24.91,-33.326447,-41.424747,-17.112732,True
2024-05-24 11:20:00,-26.23,104,-26,-28.66,-31.146084,-39.666004,-14.952721,True,-24.52,-34.90823,-42.642403,-18.389185,True
2024-05-24 11:25:00,-26.16,104,-26,-28.86,-31.55555,-39.9198,-15.33163,True,-24.64,-35.640408,-43.12857,-19.07757,True
2024-05-24 11:30:00,-26.16,104,-26,-27.75,-31.50348,-39.592384,-15.626356,True,-24.21,-35.556454,-42.807205,-19.348845,True
2024-05-24 11:35:00,-26.21,104,-26,-26.07,-30.936182,-38.765305,-15.743102,True,-23.96,-34.566925,-41.71995,-19.076109,True
2024-05-24 11:40:00,-24.88,104,-24,-25.0,-28.805231,-36.69735,-14.681741,True,-23.61,-31.895872,-39.266327,-17.511969,True
2024-05-24 11:45:00,-25.4,104,-23,-23.99,-28.100315,-35.67451,-15.186382,True,-23.13,-30.283632,-37.60729,-17.166357,True
2024-05-24 11:50:00,-27.05,104,-25,-23.91,-28.321083,-35.59286,-16.7142,True,-22.85,-29.381134,-36.670418,-17.64241,True
2024-05-24 11:55:00,-28.83,104,-26,-24.23,-28.994009,-36.076206,-18.644218,True,-22.43,-29.148489,-36.4042,-18.724216,True
2024-05-24 12:00:00,-29.19,104,-29,-24.16,-28.254484,-35.71012,-19.106316,True,-22.53,-27.457003,-35.19976,-18.297668,True
2024-05-24 12:05:00,-29.13,104,-29,-24.56,-27.013609,-35.169483,-18.612076,True,-22.44,-25.135508,-33.689655,-16.804064,True
2024-05-24 12:10:00,-28.51,104,-29,-24.98,-25.9168,-34.38192,-18.181416,True,-22.04,-23.568373,-32.469315,-15.93333,True
2024-05-24 12:15:00,-28.66,104,-29,-24.91,-26.191391,-34.41814,-19.09402,True,-22.06,-23.946772,-32.570236,-16.93066,True
2024-05-24 12:20:00,-28.66,104,-29,-24.52,-26.132381,-34.318325,-19.427286,True,-22.02,-23.827078,-32.39671,-17.20016,True
2024-05-24 12:25:00,-28.86,104,-31,-24.64,-26.282482,-34.494118,-19.755259,True,-22.06,-23.92501,-32.518593,-17.471306,True
2024-05-24 12:30:00,-27.75,104,-31,-24.21,-25.15711,-33.474216,-19.009953,True,-19.97,-22.764648,-31.468199,-16.679459,True
2024-05-24 12:35:00,-26.07,104,-30,-23.96,-23.119898,-31.832233,-17.153341,True,-20.24,-20.35239,-29.502792,-14.463898,True
2024-05-24 12:40:00,-25.0,104,-29,-23.61,-21.564878,-30.856781,-15.592326,True,-20.48,-18.293291,-28.096561,-12.430711,True
2024-05-24 12:45:00,-23.99,104,-29,-23.13,-20.473675,-29.983229,-14.418253,True,-20.49,-17.102737,-27.148487,-11.15404,True
2024-05-24 12:50:00,-23.91,104,-28,-22.85,-20.670132,-30.155434,-14.466598,True,-20.57,-17.554598,-27.57051,-11.427536,True
2024-05-24 12:55:00,-24.23,104,-28,-22.43,-21.031092,-30.652534,-14.572723,True,-21.26,-17.952145,-28.127966,-11.568977,True
2024-05-24 13:00:00,-24.16,104,-28,-22.53,-20.967638,-30.8343,-14.201457,True,-21.69,-17.884724,-28.356207,-11.204575,True
2024-05-24 13:05:00,-24.56,104,-27,-22.44,-21.404299,-31.434517,-14.098847,True,-22.09,-18.366457,-29.029219,-11.148695,True
2024-05-24 13:10:00,-24.98,104,-27,-22.04,-22.172365,-32.140537,-14.426286,True,-23.32,-19.494299,-30.074547,-11.800412,True
2024-05-24 13:15:00,-24.91,104,-26,-22.06,-22.138815,-32.381943,-13.801901,True,-24.41,-19.503197,-30.400978,-11.21348,True
2024-05-24 13:20:00,-24.52,104,-26,-22.02,-22.113724,-32.229218,-13.529947,True,-24.81,-19.845524,-30.587357,-11.2635,True
2024-05-24 13:25:00,-24.64,104,-25,-22.06,-22.431559,-32.49921,-13.505053,True,-24.72,-20.374002,-31.051735,-11.420342,True
2024-05-24 13:30:00,-24.21,104,-25,-19.97,-22.059052,-32.126213,-12.936137,True,-24.28,-20.06637,-30.743715,-10.902228,True
2024-05-24 13:35:00,-23.96,104,-24,-20.24,-22.062576,-32.36558,-12.412282,True,-24.35,-20.318998,-31.24879,-10.601114,True
2024-05-24 13:40:00,-23.61,104,-23,-20.48,-21.954668,-32.52036,-11.810436,True,-24.86,-20.447126,-31.646801,-10.208409,True
2024-05-24 13:45:00,-23.13,104,-23,-20.49,-21.5422,-32.47186,-10.98183,True,-24.67,-20.10035,-31.692339,-9.434061,True
2024-05-24 13:50:00,-22.85,104,-23,-20.57,-21.686829,-32.427807,-11.122891,True,-24.14,-20.657427,-32.012714,-9.929144,True
2024-05-24 13:55:00,-22.43,104,-22,-21.26,-21.39073,-31.942568,-10.976768,True,-24.05,-20.482325,-31.627674,-9.875767,True
2024-05-24 14:00:00,-22.53,104,-22,-21.69,-21.735697,-32.03046,-11.408352,True,-24.17,-21.06835,-31.919855,-10.511052,True
2024-05-24 14:05:00,-22.44,104,-22,-22.09,-21.871305,-32.227314,-11.378822,True,-24.0,-21.423048,-32.324543,-10.668235,True
2024-05-24 14:10:00,-22.04,104,-22,-23.32,-21.541388,-32.120605,-10.963615,True,-24.13,-21.158983,-32.29993,-10.300083,True
2024-05-24 14:15:00,-22.06,104,-22,-24.41,-21.84371,-32.023335,-11.705294,True,-24.05,-21.734629,-32.428802,-11.273987,True
2024-05-24 14:20:00,-22.02,104,-22,-24.81,-22.040363,-32.05483,-11.992487,True,-24.12,-22.159256,-32.660816,-11.756795,True
2024-05-24 14:25:00,-22.06,104,-22,-24.72,-22.133709,-32.23723,-12.004425,True,-24.06,-22.306679,-32.910263,-11.804599,True
2024-05-24 14:30:00,-19.97,104,-22,-24.28,-20.171558,-30.58911,-10.10052,True,-23.94,-20.4562,-31.37641,-9.988481,True
2024-05-24 14:35:00,-20.24,104,-22,-24.35,-20.584232,-30.841846,-10.512657,True,-23.8,-21.015728,-31.752157,-10.524803,True
2024-05-24 14:40:00,-20.48,104,-23,-24.86,-20.921936,-31.17776,-10.824791,True,-23.92,-21.454365,-32.179993,-10.920203,True
2024-05-24 14:45:00,-20.49,104,-23,-24.67,-20.73532,-31.189169,-10.770651,True,-23.97,-21.081354,-32.048687,-10.677156,True
2024-05-24 14:50:00,-20.57,104,-23,-24.14,-20.72787,-31.119276,-11.05173,True,-24.2,-20.992632,-31.912811,-10.861976,True
2024-05-24 14:55:00,-21.26,104,-23,-24.05,-21.241928,-31.5754,-11.770108,True,-24.52,-21.341658,-32.229702,-11.405967,True
2024-05-24 15:00:00,-21.69,104,-23,-24.17,-21.34771,-31.717466,-12.119435,True,-25.07,-21.133175,-32.10889,-11.437045,True
2024-05-24 15:05:00,-22.09,104,-24,-24.0,-21.461464,-31.750889,-12.555433,True,-25.14,-20.96723,-31.8791,-11.58702,True
2024-05-24 15:10:00,-23.32,104,-24,-24.13,-22.542336,-32.743324,-13.7883835,True,-25.24,-21.91436,-32.73449,-12.673961,True
2024-05-24 15:15:00,-24.41,104,-25,-24.05,-23.494846,-33.745323,-14.68969,True,-25.41,-22.745508,-33.61128,-13.450717,True
2024-05-24 15:20:00,-24.81,104,-25,-24.12,-23.62836,-34.26041,-14.690819,True,-25.55,-22.61423,-33.905136,-13.199815,True
2024-05-24 15:25:00,-24.72,104,-25,-24.06,-23.72313,-34.16057,-15.024148,True,-25.71,-22.888977,-33.93988,-13.679316,True
2024-05-24 15:30:00,-24.28,104,-24,-23.94,-23.404146,-33.753536,-14.862295,True,-25.8,-22.681143,-33.624527,-13.605685,True
2024-05-24 15:35:00,-24.35,104,-24,-23.8,-23.439842,-33.869675,-14.917505,True,-25.62,-22.676546,-33.70916,-13.607515,True
2024-05-24 15:40:00,-24.86,104,-24,-23.92,-24.001186,-34.50109,-15.343261,True,-25.28,-23.28964,-34.38847,-14.07409,True
2024-05-24 15:45:00,-24.67,104,-25,-23.97,-23.730024,-34.478218,-14.922658,True,-24.66,-22.925789,-34.296616,-13.56107,True
2024-05-24 15:50:00,-24.14,104,-24,-24.2,-23.228323,-34.054497,-14.428723,True,-24.16,-22.437653,-33.892216,-13.067314,True
2024-05-24 15:55:00,-24.05,104,-24,-24.52,-23.282118,-34.20655,-14.262732,True,-23.66,-22.626183,-34.18453,-13.02362,True
2024-05-24 16:00:00,-24.17,104,-24,-25.07,-23.555752,-34.620346,-14.202912,True,-23.29,-23.048637,-34.745377,-13.106174,True
2024-05-24 16:05:00,-24.0,104,-24,-25.14,-23.567192,-34.677883,-13.990111,True,-22.67,-23.23749,-34.966866,-13.053346,True
2024-05-24 16:10:00,-24.13,104,-25,-25.24,-23.892267,-34.993877,-14.128312,True,-22.4,-23.757677,-35.448433,-13.375669,True
2024-05-24 16:15:00,-24.05,104,-25,-25.41,-23.863977,-35.001556,-14.018623,True,-22.65,-23.777498,-35.49706,-13.306365,True
2024-05-24 16:20:00,-24.12,104,-24,-25.55,-23.979687,-35.151314,-14.0548,True,-22.8,-23.936598,-35.681816,-13.379504,True
2024-05-24 16:25:00,-24.06,104,-24,-25.71,-23.915537,-35.20624,-13.927489,True,-23.31,-23.861355,-35.723274,-13.244062,True
2024-05-24 16:30:00,-23.94,104,-24,-25.8,-23.779423,-35.074657,-13.787432,True,-23.43,-23.70461,-35.56044,-13.083484,True
2024-05-24 16:35:00,-23.8,104,-24,-25.62,-23.505846,-35.030697,-13.489087,True,-23.25,-23.285658,-35.390694,-12.653942,True
2024-05-24 16:40:00,-23.92,104,-25,-25.28,-23.556023,-35.214916,-13.457743,True,-23.2,-23.259003,-35.507374,-12.549708,True
2024-05-24 16:45:00,-23.97,104,-25,-24.66,-23.525272,-35.31512,-13.421285,True,-22.88,-23.13806,-35.521408,-12.431945,True
2024-05-24 16:50:00,-24.2,104,-25,-24.16,-23.804203,-35.435417,-13.745888,True,-22.65,-23.461962,-35.655735,-12.795547,True
2024-05-24 16:55:00,-24.52,104,-26,-23.66,-24.1219,-35.70236,-14.081773,True,-22.41,-23.772793,-35.897404,-13.125579,True
2024-05-24 17:00:00,-25.07,104,-27,-23.29,-24.688562,-36.32289,-14.676638,True,-22.04,-24.354101,-36.513523,-13.738384,True
2024-05-24 17:05:00,-25.14,104,-27,-22.67,-24.482407,-36.269337,-14.642823,True,-21.93,-23.849663,-36.183796,-13.4243765,True
2024-05-24 17:10:00,-25.24,104,-27,-22.4,-24.553314,-36.514183,-14.656549,True,-21.92,-23.880213,-36.39755,-13.406513,True
2024-05-24 17:15:00,-25.41,104,-28,-22.65,-24.718214,-36.67906,-14.806097,True,-22.03,-24.034615,-36.538605,-13.554014,True
2024-05-24 17:20:00,-25.55,104,-29,-22.8,-24.867062,-36.737053,-14.973776,True,-22.32,-24.190819,-36.58026,-13.733816,True
2024-05-24 17:25:00,-25.71,104,-29,-23.31,-25.177404,-37.12852,-15.174619,True,-22.54,-24.655403,-37.10304,-14.094242,True
2024-05-24 17:30:00,-25.8,104,-29,-23.43,-25.425732,-37.45156,-15.34641,True,-23.05,-25.065178,-37.5699,-14.42777,True
2024-05-24 17:35:00,-25.62,104,-29,-23.25,-25.0592,-37.558937,-14.786444,True,-23.86,-24.489794,-37.507423,-13.690948,True
2024-05-24 17:40:00,-25.28,104,-28,-23.2,-24.52886,-37.14435,-14.2373295,True,-24.49,-23.748047,-36.891758,-12.955032,True
2024-05-24 17:45:00,-24.66,104,-27,-22.88,-23.886442,-36.35751,-13.699565,True,-25.04,-23.074074,-36.06018,-12.384539,True
2024-05-24 17:50:00,-24.16,104,-27,-22.65,-23.568684,-35.855103,-13.44206,True,-25.31,-22.944283,-35.70259,-12.309977,True
2024-05-24 17:55:00,-23.66,104,-27,-22.41,-22.766077,-35.59069,-12.604381,True,-25.32,-21.804945,-35.161945,-11.173203,True
2024-05-24 18:00:00,-23.29,104,-26,-22.04,-22.330566,-35.512383,-12.033351,True,-25.46,-21.290237,-35.02477,-10.549264,True
2024-05-24 18:05:00,-22.67,104,-26,-21.93,-21.686975,-35.061558,-11.281558,True,-25.73,-20.615334,-34.554214,-9.782754,True
2024-05-24 18:10:00,-22.4,104,-26,-21.92,-21.333212,-34.827305,-10.863614,True,-25.56,-20.168161,-34.225525,-9.296974,True
2024-05-24 18:15:00,-22.65,104,-27,-22.03,-21.454248,-35.232765,-10.839954,True,-25.15,-20.144821,-34.512478,-9.153574,True
2024-05-24 18:20:00,-22.8,104,-28,-22.32,-21.447802,-35.60851,-10.692282,True,-24.84,-19.962397,-34.748337,-8.864192,True
2024-05-24 18:25:00,-23.31,104,-28,-22.54,-21.819252,-36.247066,-10.913668,True,-24.55,-20.177364,-35.252934,-8.9542675,True
2024-05-24 18:30:00,-23.43,104,-29,-23.05,-21.732426,-36.409237,-10.660829,True,-24.17,-19.85758,-35.212814,-8.50058,True
2024-05-24 18:35:00,-23.25,104,-29,-23.86,-21.426107,-36.278282,-10.22628,True,-23.35,-19.407795,-34.95977,-7.9449267,True
2024-05-24 18:40:00,-23.2,104,-29,-24.49,-21.401405,-36.338043,-10.006713,True,-22.96,-19.413279,-35.05055,-7.766048,True
2024-05-24 18:45:00,-22.88,104,-29,-25.04,-21.041582,-35.876427,-9.621948,True,-22.71,-19.019657,-34.554085,-7.3590093,True
2024-05-24 18:50:00,-22.65,104,-30,-25.31,-20.838581,-35.47505,-9.358208,True,-22.27,-18.861475,-34.178658,-7.1478257,True
2024-05-24 18:55:00,-22.41,104,-29,-25.32,-20.55446,-35.29462,-8.928532,True,-21.94,-18.537775,-33.969536,-6.7009425,True
2024-05-24 19:00:00,-22.04,104,-29,-25.46,-19.975079,-34.81994,-8.357986,True,-21.77,-17.7406,-33.317192,-5.9385104,True
2024-05-24 19:05:00,-21.93,104,-30,-25.73,-19.71621,-34.474785,-8.1292925,True,-21.56,-17.326603,-32.823532,-5.577419,True
2024-05-24 19:10:00,-21.92,104,-29,-25.56,-19.597107,-34.345802,-8.018722,True,-21.32,-17.092375,-32.585705,-5.370132,True
2024-05-24 19:15:00,-22.03,104,-29,-25.15,-19.572365,-34.464714,-7.9471545,True,-21.23,-16.926287,-32.580856,-5.18593,True
2024-05-24 19:20:00,-22.32,104,-29,-24.84,-19.782013,-34.771885,-8.090668,True,-21.19,-17.047789,-32.8055,-5.2588267,True
2024-05-24 19:25:00,-22.54,104,-29,-24.55,-19.88167,-35.03725,-8.160894,True,-20.85,-17.016548,-32.94549,-5.225802,True
2024-05-24 19:30:00,-23.05,104,-29,-24.17,-20.493887,-35.63543,-8.714799,True,-20.55,-17.73895,-33.61606,-5.895057,True
2024-05-24 19:35:00,-23.86,104,-29,-23.35,-21.41293,-36.400436,-9.541675,True,-20.18,-18.778957,-34.45043,-6.847382,True
2024-05-24 19:40:00,-24.49,104,-29,-22.96,-22.103683,-36.98704,-10.178593,True,-19.95,-19.538954,-35.07139,-7.5580087,True
2024-05-24 19:45:00,-25.04,104,-30,-22.71,-22.976213,-37.708763,-10.927529,True,-20.11,-20.768934,-36.076458,-8.656369,True
2024-05-24 19:50:00,-25.31,104,-30,-22.27,-23.311947,-38.21567,-11.177124,True,-19.98,-21.182247,-36.645775,-8.996333,True
2024-05-24 19:55:00,-25.32,104,-30,-21.94,-23.664955,-38.51741,-11.430647,True,-20.03,-21.904165,-37.25085,-9.6071825,True
2024-05-24 20:00:00,-25.46,104,-30,-21.77,-23.946043,-38.714638,-11.725176,True,-20.29,-22.334646,-37.55243,-10.054024,True
2024-05-24 20:05:00,-25.73,104,-30,-21.56,-24.111755,-38.829792,-11.939403,True,-20.75,-22.385002,-37.544876,-10.168832,True
2024-05-24 20:10:00,-25.56,104,-30,-21.32,-23.866032,-38.569923,-11.703688,True,-20.76,-22.053232,-37.193653,-9.861836,True
2024-05-24 20:15:00,-25.15,104,-29,-21.23,-23.376501,-38.247616,-11.219465,True,-20.31,-21.472216,-36.789005,-9.306878,True
2024-05-24 20:20:00,-24.84,104,-29,-21.19,-23.124588,-37.761986,-11.054426,True,-20.13,-21.27915,-36.334194,-9.206641,True
2024-05-24 20:25:00,-24.55,104,-29,-20.85,-22.62327,-37.273155,-10.679089,True,-20.53,-20.545809,-35.62654,-8.624691,True
2024-05-24 20:30:00,-24.17,104,-29,-20.55,-22.324394,-36.926212,-10.36633,True,-20.62,-20.336803,-35.353848,-8.4102,True
2024-05-24 20:35:00,-23.35,104,-28,-20.18,-21.385796,-36.33778,-9.319165,True,-20.36,-19.273605,-34.675457,-7.268699,True
2024-05-24 20:40:00,-22.96,104,-28,-19.95,-21.049044,-36.180523,-8.773652,True,-18.29,-19.00157,-34.582283,-6.8046584,True
2024-05-24 20:45:00,-22.71,104,-28,-20.11,-20.800571,-36.05024,-8.4449625,True,-17.5,-18.76478,-34.468758,-6.504378,True
2024-05-24 20:50:00,-22.27,104,-28,-19.98,-20.295422,-35.737164,-7.9285436,True,-18.2,-18.1937,-34.106453,-5.9441047,True
2024-05-24 20:55:00,-21.94,104,-27,-20.03,-19.894653,-35.394688,-7.7008796,True,-18.23,-17.718843,-33.698235,-5.6622987,True
2024-05-24 21:00:00,-21.77,104,-27,-20.29,-19.418268,-35.2037,-7.4313264,True,-18.43,-16.91292,-33.227108,-5.103912,True
2024-05-24 21:05:00,-21.56,104,-27,-20.75,-18.966614,-35.044598,-6.9821124,True,-19.4,-16.198242,-32.847996,-4.4295783,True
2024-05-24 21:10:00,-21.32,104,-26,-20.76,-18.646168,-34.786522,-6.652554,True,-20.09,-15.7867565,-32.509426,-4.031347,True
2024-05-24 21:15:00,-21.23,104,-26,-20.31,-18.437908,-34.530743,-6.432551,True,-19.65,-15.445431,-32.127865,-3.7004626,True
2024-05-24 21:20:00,-21.19,104,-26,-20.13,-18.136194,-34.379036,-6.203564,True,-19.85,-14.854736,-31.725157,-3.2217486,True
2024-05-24 21:25:00,-20.85,104,-26,-20.53,-17.20466,-34.03709,-5.4941096,True,-20.68,-13.281413,-30.853165,-1.9495643,True
2024-05-24 21:30:00,-20.55,104,-26,-20.62,-16.633179,-34.316307,-4.7727256,True,-20.67,-12.421324,-30.937054,-1.0036167,True
2024-05-24 21:35:00,-20.18,104,-25,-20.36,-15.976803,-34.28699,-4.015598,True,-20.88,-11.466188,-30.698656,-0.007328348,True
2024-05-24 21:40:00,-19.95,104,-25,-18.29,-15.789173,-34.19486,-3.8027594,True,-21.3,-11.332261,-30.658566,0.14087646,True
2024-05-24 21:45:00,-20.11,104,-25,-17.5,-15.903312,-34.080135,-3.9305966,True,-20.32,-11.406442,-30.481108,0.044950172,True
2024-05-24 21:50:00,-19.98,104,-25,-18.2,-15.253174,-33.62681,-3.3139136,True,-19.88,-10.195329,-29.559088,1.1527573,True
2024-05-24 21:55:00,-20.03,104,-24,-18.23,-15.099096,-33.552284,-3.0337222,True,-19.8,-9.827751,-29.30821,1.6081959,True
2024-05-24 22:00:00,-20.29,104,-24,-18.43,-15.38175,-33.88212,-3.1779463,True,-20.74,-10.142579,-29.654379,1.4186074,True
2024-05-24 22:05:00,-20.75,104,-24,-19.4,-16.15589,-34.145237,-3.8149807,True,,,,,False
2024-05-24 22:10:00,-20.76,104,-24,-20.09,-16.491106,-33.43373,-4.5223002,True,,,,,False
2024-05-24 22:15:00,-20.31,104,-23,-19.65,-16.301073,-33.00075,-4.3126826,True,,,,,False
2024-05-24 22:20:00,-20.13,104,-22,-19.85,-16.519012,-33.194366,-4.3904643,True,,,,,False
2024-05-24 22:25:00,-20.53,104,-22,-20.68,-17.314787,-34.02935,-4.9253736,True,,,,,False
2024-05-24 22:30:00,-20.62,104,-22,-20.67,-17.329306,-34.2489,-4.8769135,True,,,,,False
2024-05-24 22:35:00,-20.36,104,-21,-20.88,-17.170584,-33.974697,-5.066566,True,,,,,False
2024-05-24 22:40:00,-18.29,104,-18,-21.3,-14.952584,-31.972324,-3.207472,True,,,,,False
2024-05-24 22:45:00,-17.5,104,-15,-20.32,-13.705692,-30.807682,-2.259516,True,,,,,False
2024-05-24 22:50:00,-18.2,104,-16,-19.88,-14.55005,-31.329336,-3.1880686,True,,,,,False
2024-05-24 22:55:00,-18.23,104,-15,-19.8,-14.806433,-31.1417,-3.657221,True,,,,,False
2024-05-24 23:00:00,-18.43,104,-15,-20.74,-14.850624,-31.15784,-3.9463675,True,,,,,False
2024-05-24 23:05:00,-19.4,104,-15,,,,,False,,,,,False
2024-05-24 23:10:00,-20.09,104,-16,,,,,False,,,,,False
2024-05-24 23:15:00,-19.65,104,-14,,,,,False,,,,,False
2024-05-24 23:20:00,-19.85,104,-14,,,,,False,,,,,False
2024-05-24 23:25:00,-20.68,104,-14,,,,,False,,,,,False
2024-05-24 23:30:00,-20.67,104,-15,,,,,False,,,,,False
2024-05-24 23:35:00,-20.88,104,-13,,,,,False,,,,,False
2024-05-24 23:40:00,-21.3,104,-14,,,,,False,,,,,False
2024-05-24 23:45:00,-20.32,104,-13,,,,,False,,,,,False
2024-05-24 23:50:00,-19.88,104,-11,,,,,False,,,,,False
2024-05-24 23:55:00,-19.8,104,-10,,,,,False,,,,,False
