,LDi_HON,storm_index,SYM_H,Observed_LDi_HON-1h,Predicted_LDi_HON-1h,Quantile_05_LDi_HON-1h,Quantile_95_LDi_HON-1h,inside_90%_LDi_HON-1h,Observed_LDi_HON-2h,Predicted_LDi_HON-2h,Quantile_05_LDi_HON-2h,Quantile_95_LDi_HON-2h,inside_90%_LDi_HON-2h
2017-09-05 08:00:00,-3.49,89,6,-8.11,-1.7585453,-13.548952,5.0398536,True,-9.17,-0.06525071,-12.007467,6.407661,True
2017-09-05 08:05:00,-4.8400006,89,6,-8.09,-3.0369418,-14.133862,3.6195524,True,-8.87,-1.2788242,-12.544664,5.0509257,True
2017-09-05 08:10:00,-5.98,89,7,-7.7400002,-4.113813,-14.609231,2.2722433,True,-8.450001,-2.298447,-12.971751,3.7588613,True
2017-09-05 08:15:00,-7.4100003,89,6,-7.7500005,-5.5370584,-15.609496,0.8638627,True,-8.22,-3.709141,-13.964753,2.366882,True
2017-09-05 08:20:00,-8.07,89,6,-7.8400006,-5.7372117,-15.737935,0.49940267,True,-7.4100003,-3.5159552,-13.776954,2.3570154,True
2017-09-05 08:25:00,-8.24,89,6,-7.98,-5.759293,-15.923083,0.6029851,True,-7.19,-3.4138472,-13.872084,2.5737035,True
2017-09-05 08:30:00,-7.6300006,89,8,-8.15,-5.177296,-15.349784,0.89881676,True,-6.8700004,-2.854008,-13.328574,2.8573167,True
2017-09-05 08:35:00,-7.69,89,8,-9.47,-5.0073133,-15.016636,0.61824006,True,-6.93,-2.4844286,-12.83208,2.76597,True
2017-09-05 08:40:00,-7.7600007,89,8,-9.94,-4.993398,-14.7995,0.22334068,True,-6.52,-2.3930094,-12.549886,2.45166,True
2017-09-05 08:45:00,-8.06,89,7,-9.88,-5.133079,-14.727744,-0.3708423,True,-6.07,-2.389374,-12.3516245,1.999746,True
2017-09-05 08:50:00,-8.1,89,8,-9.819999,-4.780392,-14.433328,-0.2653068,True,-5.5500007,-1.6957935,-11.769305,2.4207036,True
2017-09-05 08:55:00,-8.02,89,7,-9.51,-4.6408687,-14.262706,-0.29747424,True,-4.070001,-1.5032848,-11.560692,2.4440057,True
2017-09-05 09:00:00,-8.11,89,7,-9.17,-4.9940724,-14.411465,-0.73054534,True,-3.109999,-2.0802767,-11.906838,1.8161808,True
2017-09-05 09:05:00,-8.09,89,7,-8.87,-5.1709886,-14.235114,-1.2882408,True,-3.359999,-2.4280188,-11.8740835,1.1181313,True
2017-09-05 09:10:00,-7.7400002,89,7,-8.450001,-5.155165,-14.019948,-1.3663448,True,-3.8700001,-2.7035906,-11.917937,0.7835404,True
2017-09-05 09:15:00,-7.7500005,89,7,-8.22,-5.2172484,-14.061228,-1.398909,True,-3.6499999,-2.8065226,-12.005914,0.7184331,True
2017-09-05 09:20:00,-7.8400006,89,8,-7.4100003,-5.4040093,-14.150186,-1.6335052,True,-4.27,-3.075741,-12.173353,0.4172322,True
2017-09-05 09:25:00,-7.98,89,8,-7.19,-5.527716,-14.170032,-1.9677337,True,-4.44,-3.1822226,-12.181347,0.107843086,True
2017-09-05 09:30:00,-8.15,89,9,-6.8700004,-5.525394,-14.09324,-2.362305,True,-3.66,-3.026316,-11.970202,-0.13400681,True
2017-09-05 09:35:00,-9.47,89,8,-6.93,-6.593677,-15.004819,-3.760136,True,-2.5599997,-3.8673766,-12.67194,-1.3129314,True
2017-09-05 09:40:00,-9.94,89,7,-6.52,-6.820008,-15.234573,-4.3546205,True,-1.0800003,-3.8681233,-12.699863,-1.688248,False
2017-09-05 09:45:00,-9.88,89,6,-6.07,-6.668979,-15.165099,-4.4241767,True,-0.19999917,-3.6280692,-12.558905,-1.6663841,False
2017-09-05 09:50:00,-9.819999,89,6,-5.5500007,-6.528073,-15.130434,-4.4122014,True,0.020000143,-3.4047892,-12.46363,-1.5698913,False
2017-09-05 09:55:00,-9.51,89,6,-4.070001,-5.9371734,-14.811865,-3.893266,True,0.2900006,-2.5510314,-11.935014,-0.80174476,False
2017-09-05 10:00:00,-9.17,89,6,-3.109999,-5.463471,-14.816175,-2.978783,True,-0.07000001,-1.9446052,-11.875266,0.22424667,True
2017-09-05 10:05:00,-8.87,89,7,-3.359999,-5.1634965,-14.766571,-2.445431,True,-0.6100009,-1.6336273,-11.852098,0.7663819,True
2017-09-05 10:10:00,-8.450001,89,7,-3.8700001,-4.94797,-14.476235,-2.299679,True,-1.3099998,-1.5989269,-11.724944,0.75575227,True
2017-09-05 10:15:00,-8.22,89,7,-3.6499999,-5.004933,-14.191646,-2.6205275,True,-1.1700004,-1.9170593,-11.650858,0.21295707,True
2017-09-05 10:20:00,-7.4100003,89,8,-4.27,-4.529799,-13.444506,-2.3561003,True,-1.3300003,-1.7436813,-11.164563,0.21694724,True
2017-09-05 10:25:00,-7.19,89,9,-4.44,-4.3784833,-13.255593,-2.1206667,True,-2.0399992,-1.6558574,-11.041016,0.40052953,True
2017-09-05 10:30:00,-6.8700004,89,9,-3.66,-4.0169053,-13.204781,-1.2714103,True,-2.8400004,-1.2569755,-10.994759,1.2791764,True
2017-09-05 10:35:00,-6.93,89,8,-2.5599997,-3.8813593,-13.836996,-0.10978539,True,-3.6000006,-0.94021636,-11.54801,2.5848615,True
2017-09-05 10:40:00,-6.52,89,8,-1.0800003,-3.3962271,-13.965459,1.0379273,True,-3.9699996,-0.38457522,-11.682348,3.7845705,True
2017-09-05 10:45:00,-6.07,89,10,-0.19999917,-3.0925658,-13.866163,1.5200573,True,-4.35,-0.21396859,-11.716527,4.1484523,True
2017-09-05 10:50:00,-5.5500007,89,10,0.020000143,-2.562651,-13.254402,1.8154122,True,-4.81,0.32513586,-11.103104,4.4663177,True
2017-09-05 10:55:00,-4.070001,89,10,0.2900006,-1.2100662,-11.898358,2.7843416,True,-5.03,1.553846,-9.855149,5.3414645,True
2017-09-05 11:00:00,-3.109999,89,9,-0.07000001,-0.4752086,-10.9684515,3.1525972,True,-5.28,2.0827043,-9.085772,5.541431,True
2017-09-05 11:05:00,-3.359999,89,9,-0.6100009,-0.7163642,-10.961547,2.7409399,True,-5.36,1.8481175,-9.062175,5.1476665,True
2017-09-05 11:10:00,-3.8700001,89,8,-1.3099998,-1.505484,-11.281991,1.7945515,True,-5.5400004,0.80825585,-9.565548,3.9840848,True
2017-09-05 11:15:00,-3.6499999,89,9,-1.1700004,-1.4791588,-11.081673,1.7507588,True,-5.889999,0.65792435,-9.509291,3.78779,True
2017-09-05 11:20:00,-4.27,89,9,-1.3300003,-2.085251,-11.5734415,1.200214,True,-6.19,0.06517379,-9.991328,3.2555215,True
2017-09-05 11:25:00,-4.44,89,8,-2.0399992,-2.27376,-11.833716,1.1986672,True,-6.2100005,-0.14407952,-10.279223,3.2378385,True
2017-09-05 11:30:00,-3.66,89,8,-2.8400004,-1.5264076,-11.249595,1.8473011,True,-6.2000003,0.57328385,-9.7331505,3.8674505,True
2017-09-05 11:35:00,-2.5599997,89,7,-3.6000006,-0.389994,-10.298047,2.765062,True,-6.0500007,1.742292,-8.769868,4.8283286,True
2017-09-05 11:40:00,-1.0800003,89,6,-3.9699996,1.2662083,-8.977454,4.1669555,True,-5.9200006,3.5563219,-7.3476453,6.3899646,True
2017-09-05 11:45:00,-0.19999917,89,6,-4.35,2.809076,-8.095608,5.659576,True,-5.9200006,5.684715,-6.048384,8.432356,True
2017-09-05 11:50:00,0.020000143,89,5,-4.81,3.4735963,-8.0310755,6.5376506,True,-6.3300004,6.737016,-5.725838,9.664812,False
2017-09-05 11:55:00,0.2900006,89,5,-5.03,4.0408854,-7.7380404,7.0564303,True,-6.319999,7.565717,-5.2557626,10.433529,False
2017-09-05 12:00:00,-0.07000001,89,5,-5.28,3.6663167,-7.714001,6.34917,True,-5.93,7.189426,-5.1898007,9.745575,False
2017-09-05 12:05:00,-0.6100009,89,5,-5.36,2.9886014,-7.6404233,5.0206313,True,-5.9600005,6.41015,-5.1182265,8.361088,False
2017-09-05 12:10:00,-1.3099998,89,4,-5.5400004,2.091129,-8.037653,3.807575,True,-6.0500007,5.3556476,-5.5961576,7.0206256,False
2017-09-05 12:15:00,-1.1700004,89,3,-5.889999,1.9375225,-7.9888673,3.5699918,True,-5.78,4.948732,-5.7562823,6.559669,False
2017-09-05 12:20:00,-1.3300003,89,4,-6.19,1.7807099,-8.246347,3.564449,True,-5.98,4.8032317,-6.029841,6.566015,True
2017-09-05 12:25:00,-2.0399992,89,3,-6.2100005,0.99606293,-9.039387,3.1031587,True,-6.6300006,3.9568708,-6.887254,6.0451236,True
2017-09-05 12:30:00,-2.8400004,89,3,-6.2000003,0.027486486,-9.786829,2.2099702,True,-6.4100003,2.8461492,-7.744058,5.029176,True
2017-09-05 12:35:00,-3.6000006,89,2,-6.0500007,-0.9445613,-10.445615,1.0893551,True,-4.5399995,1.6912342,-8.52948,3.7516153,True
2017-09-05 12:40:00,-3.9699996,89,2,-5.9200006,-1.428574,-10.622597,0.13388984,True,-6.0500007,1.1070229,-8.749254,2.7250097,True
2017-09-05 12:45:00,-4.35,89,1,-5.9200006,-1.6681484,-10.751806,-0.4858211,True,-6.14,1.0041519,-8.735635,2.2545545,True
2017-09-05 12:50:00,-4.81,89,1,-6.3300004,-1.8870567,-10.947525,-1.0176567,True,-5.27,1.022102,-8.710251,1.9672829,True
2017-09-05 12:55:00,-5.03,89,1,-6.319999,-1.877438,-11.021787,-1.1716446,True,-5.28,1.2571179,-8.586445,2.0448034,True
2017-09-05 13:00:00,-5.28,89,0,-5.93,-2.0488799,-11.182747,-1.4316429,True,-5.0000005,1.1666485,-8.6727915,1.8778931,True
2017-09-05 13:05:00,-5.36,89,0,-5.9600005,-1.9024242,-11.085949,-1.3869556,True,-4.94,1.5385281,-8.378374,2.1544015,True
2017-09-05 13:10:00,-5.5400004,89,0,-6.0500007,-1.9290813,-11.288265,-1.316523,True,-5.4600005,1.6618916,-8.464729,2.3729246,True
2017-09-05 13:15:00,-5.889999,89,0,-5.78,-2.1639578,-11.747621,-1.3069633,True,-5.47,1.5469738,-8.85062,2.4958646,True
2017-09-05 13:20:00,-6.19,89,-1,-5.98,-2.396662,-12.102839,-1.3738865,True,-4.77,1.3846833,-9.163199,2.500261,True
2017-09-05 13:25:00,-6.2100005,89,-1,-6.6300006,-2.428675,-12.110742,-1.429171,True,-4.94,1.3465344,-9.172577,2.4569242,True
2017-09-05 13:30:00,-6.2000003,89,-1,-6.4100003,-2.5232165,-12.16711,-1.4448932,True,-5.1200004,1.1622349,-9.313958,2.3692796,True
2017-09-05 13:35:00,-6.0500007,89,-1,-4.5399995,-2.4294302,-12.061006,-1.2861656,True,-5.2100005,1.2024285,-9.25292,2.48863,True
2017-09-05 13:40:00,-5.9200006,89,-2,-6.0500007,-2.3491633,-12.143729,-0.9345954,True,-5.32,1.2341648,-9.416821,2.7984388,True
2017-09-05 13:45:00,-5.9200006,89,-2,-6.14,-2.3621848,-12.1004305,-1.0119442,True,-5.2400002,1.2128102,-9.377386,2.7323854,True
2017-09-05 13:50:00,-6.3300004,89,-2,-5.27,-2.8764365,-12.512942,-1.3713344,True,-5.7400002,0.59921044,-9.874464,2.2919576,True
2017-09-05 13:55:00,-6.319999,89,-2,-5.28,-2.9709837,-12.678362,-1.1538528,True,-5.7000003,0.4107434,-10.156453,2.4262846,True
2017-09-05 14:00:00,-5.93,89,-1,-5.0000005,-2.5221636,-12.696472,-0.26565394,True,-5.82,0.93128175,-10.204583,3.3728654,True
2017-09-05 14:05:00,-5.9600005,89,-1,-4.94,-2.5002863,-12.991895,0.11090438,True,-4.65,1.0114456,-10.512451,3.8016431,True
2017-09-05 14:10:00,-6.0500007,89,-2,-5.4600005,-2.6057227,-13.3473015,0.3474957,True,-5.0000005,0.89961976,-10.928253,4.03107,True
2017-09-05 14:15:00,-5.78,89,-1,-5.47,-2.3221114,-13.280211,0.7962701,True,-4.81,1.2014862,-10.892908,4.5033946,True
2017-09-05 14:20:00,-5.98,89,-1,-4.77,-2.481951,-13.163308,0.33283582,True,-4.35,1.1034905,-10.694406,4.129558,True
2017-09-05 14:25:00,-6.6300006,89,-1,-4.94,-3.155081,-13.6347275,-0.3532928,True,-3.82,0.4221646,-11.152535,3.4592454,True
2017-09-05 14:30:00,-6.4100003,89,-2,-5.1200004,-3.0030348,-13.374297,-0.16698869,True,-3.4400008,0.50984734,-10.943487,3.6061723,True
2017-09-05 14:35:00,-4.5399995,89,0,-5.2100005,-1.1634659,-11.922014,1.8651253,True,-2.7600005,2.3232954,-9.609356,5.6285853,True
2017-09-05 14:40:00,-6.0500007,89,0,-5.32,-2.8170817,-13.3643,0.38158193,True,-2.3099997,0.53837556,-11.133004,4.0343986,True
2017-09-05 14:45:00,-6.14,89,0,-5.2400002,-2.8951476,-13.523522,0.36770216,True,-1.8899997,0.4768025,-11.289359,4.044416,True
2017-09-05 14:50:00,-5.27,89,1,-5.7400002,-2.0189936,-12.781777,1.1994416,True,-1.9599994,1.3697602,-10.561717,4.9124084,True
2017-09-05 14:55:00,-5.28,89,0,-5.7000003,-1.8019356,-12.633848,1.303907,True,-2.0100005,1.8247925,-10.218441,5.2585387,True
2017-09-05 15:00:00,-5.0000005,89,1,-5.82,-1.3277019,-12.390903,1.765802,True,-1.5299991,2.4964254,-9.834451,5.9138446,True
2017-09-05 15:05:00,-4.94,89,1,-4.65,-1.1121296,-12.43377,2.0101373,True,-1.0500015,2.8733003,-9.776743,6.3167243,True
2017-09-05 15:10:00,-5.4600005,89,1,-5.0000005,-1.569796,-12.915001,1.5302788,True,-1.110001,2.4912508,-10.185831,5.9159217,True
2017-09-05 15:15:00,-5.47,89,1,-4.81,-1.4929069,-13.057501,1.7367817,True,-1.7299999,2.6646173,-10.280377,6.2140193,True
2017-09-05 15:20:00,-4.77,89,2,-4.35,-0.6949485,-12.726049,2.7856042,True,-2.4400008,3.560417,-9.957007,7.3499675,True
2017-09-05 15:25:00,-4.94,89,3,-3.82,-0.85250884,-12.969658,2.7717683,True,-1.7799991,3.4241483,-10.191856,7.356109,True
2017-09-05 15:30:00,-5.1200004,89,4,-3.4400008,-1.0617603,-13.342769,2.812082,True,1.9099995,3.1918867,-10.61409,7.3757167,True
2017-09-05 15:35:00,-5.2100005,89,3,-2.7600005,-1.3275245,-14.004797,2.9657705,True,0.38000074,2.748533,-11.473913,7.3399425,True
2017-09-05 15:40:00,-5.32,89,3,-2.3099997,-1.4697345,-14.5530615,3.253763,True,-0.94000083,2.5727136,-12.11043,7.581205,True
2017-09-05 15:45:00,-5.2400002,89,3,-1.8899997,-1.6476787,-15.185739,3.6303918,True,-2.07,2.1205537,-13.026229,7.6840205,True
2017-09-05 15:50:00,-5.7400002,89,3,-1.9599994,-2.1403258,-15.8493395,3.457197,True,-2.6800005,1.6353413,-13.697979,7.50687,True
2017-09-05 15:55:00,-5.7000003,89,3,-2.0100005,-2.3383067,-15.529049,3.1171548,True,-3.82,1.2125622,-13.495345,6.9887366,True
2017-09-05 16:00:00,-5.82,89,3,-1.5299991,-2.741007,-16.070671,3.0720212,True,-4.98,0.5119931,-14.282217,6.662084,True
2017-09-05 16:05:00,-4.65,89,3,-1.0500015,-1.636042,-15.339782,4.2941566,True,-5.02,1.5489937,-13.644866,7.813823,True
2017-09-05 16:10:00,-5.0000005,89,3,-1.110001,-2.2253783,-15.966811,4.0157924,True,-4.8000007,0.7136685,-14.457369,7.305557,True
2017-09-05 16:15:00,-4.81,89,2,-1.7299999,-2.0985587,-16.230776,4.3441405,True,-4.5399995,0.772968,-14.793895,7.555305,True
2017-09-05 16:20:00,-4.35,89,3,-2.4400008,-1.4594349,-16.232681,5.2170405,True,-4.89,1.5904537,-14.711026,8.570812,True
2017-09-05 16:25:00,-3.82,89,4,-1.7799991,-0.9802974,-16.137718,5.920257,True,-4.78,2.0077646,-14.694726,9.208902,True
2017-09-05 16:30:00,-3.4400008,89,4,1.9099995,-0.6879886,-16.167755,6.39735,True,-5.2500005,2.2012575,-14.8134985,9.582901,True
2017-09-05 16:35:00,-2.7600005,89,3,0.38000074,0.25153318,-15.695507,7.355325,True,-5.19,3.3997324,-14.194021,10.768761,True
2017-09-05 16:40:00,-2.3099997,89,4,-0.94000083,0.8743569,-15.352965,7.961761,True,-5.32,4.192926,-13.737434,11.5162735,True
2017-09-05 16:45:00,-1.8899997,89,3,-2.07,2.1336915,-15.116152,9.304916,True,-7.570001,6.2872386,-12.992387,13.591263,True
2017-09-05 16:50:00,-1.9599994,89,3,-2.6800005,2.5602567,-14.95369,9.694815,True,-7.7500005,7.2080626,-12.49326,14.425133,True
2017-09-05 16:55:00,-2.0100005,89,3,-3.82,2.783697,-14.864528,9.950228,True,-7.8300004,7.698005,-12.206653,14.911102,True
2017-09-05 17:00:00,-1.5299991,89,3,-4.98,3.1488702,-14.484471,10.390013,True,-8.03,7.935243,-11.916498,15.238659,True
2017-09-05 17:05:00,-1.0500015,89,3,-5.02,3.2210996,-14.597904,10.689983,True,-10.13,7.5865474,-12.33534,15.146069,True
2017-09-05 17:10:00,-1.110001,89,2,-4.8000007,2.1596105,-15.135422,9.860746,True,-11.14,5.5272956,-13.508329,13.413158,True
2017-09-05 17:15:00,-1.7299999,89,1,-4.5399995,0.94081086,-16.123217,8.9802265,True,-10.58,3.7045476,-14.881849,11.978378,True
2017-09-05 17:20:00,-2.4400008,89,0,-4.89,-0.22891648,-16.953796,8.038063,True,-12.42,2.0716321,-15.990473,10.609564,True
2017-09-05 17:25:00,-1.7799991,89,1,-4.78,0.47339597,-16.718681,8.900005,True,-13.71,2.8085,-15.749357,11.4900875,True
2017-09-05 17:30:00,1.9099995,89,7,-5.2500005,4.303901,-13.946724,12.515392,True,-13.94,6.7509093,-12.955149,15.1896515,False
2017-09-05 17:35:00,0.38000074,89,6,-5.19,2.68634,-14.78285,10.897688,True,-13.85,5.0689692,-13.77311,13.51667,False
2017-09-05 17:40:00,-0.94000083,89,1,-5.32,1.3601052,-15.587558,9.539356,True,-13.69,3.7552125,-14.529046,12.177185,True
2017-09-05 17:45:00,-2.07,89,-3,-7.570001,0.38033453,-16.121721,8.476927,True,-13.18,2.9476812,-14.8952265,11.271685,True
2017-09-05 17:50:00,-2.6800005,89,-3,-7.7500005,-0.014570551,-16.457546,8.057577,True,-12.66,2.7848585,-15.04201,11.056004,True
2017-09-05 17:55:00,-3.82,89,-3,-7.8300004,-1.0290531,-17.649006,7.1979766,True,-11.89,1.9081227,-16.12825,10.312054,True
2017-09-05 18:00:00,-4.98,89,-5,-8.03,-2.043999,-18.367453,6.2052264,True,-10.2,1.0557686,-16.684599,9.464365,True
2017-09-05 18:05:00,-5.02,89,-6,-10.13,-1.688826,-17.976007,6.4524684,True,-9.71,1.8253113,-15.97624,10.0844345,True
2017-09-05 18:10:00,-4.8000007,89,-5,-11.14,-0.6550601,-17.137358,7.2907214,True,-8.34,3.6990964,-14.531253,11.68985,True
2017-09-05 18:15:00,-4.5399995,89,-5,-10.58,-0.45575175,-16.59277,7.3718295,True,-7.3000007,3.832483,-13.993025,11.714594,True
2017-09-05 18:20:00,-4.89,89,-5,-12.42,-0.8596538,-17.02709,7.0524707,True,-5.68,3.37771,-14.442063,11.336748,True
2017-09-05 18:25:00,-4.78,89,-5,-13.71,-1.1467556,-17.121662,6.7458224,True,-5.14,2.6808126,-14.808208,10.644533,True
2017-09-05 18:30:00,-5.2500005,89,-4,-13.94,-1.9238399,-17.881239,6.079984,True,-3.4699996,1.5864617,-15.790633,9.677851,True
2017-09-05 18:35:00,-5.19,89,-4,-13.85,-1.9542545,-17.757545,6.060783,True,-2.99,1.4617516,-15.721999,9.568171,True
2017-09-05 18:40:00,-5.32,89,-3,-13.69,-2.1325705,-17.810474,5.947269,True,-2.5200007,1.2331368,-15.78976,9.399502,True
2017-09-05 18:45:00,-7.570001,89,-3,-13.18,-4.565806,-19.462448,3.5553892,True,-2.16,-1.379702,-17.482735,6.853782,True
2017-09-05 18:50:00,-7.7500005,89,-3,-12.66,-4.702437,-19.556595,3.434326,True,-1.7400001,-1.4748348,-17.537502,6.7662654,True
2017-09-05 18:55:00,-7.8300004,89,-2,-11.89,-4.6993203,-19.52137,3.4249227,True,-0.82,-1.3895706,-17.425371,6.8213363,True
2017-09-05 19:00:00,-8.03,89,-2,-10.2,-4.7066627,-19.540098,3.3744962,True,0.20000236,-1.1977009,-17.27947,6.9475207,True
2017-09-05 19:05:00,-10.13,89,-2,-9.71,-6.8412766,-21.23559,1.3341957,True,0.8600003,-3.362488,-18.920517,4.881988,True
2017-09-05 19:10:00,-11.14,89,-4,-8.34,-7.823295,-21.821354,0.29602018,True,1.4899994,-4.3058925,-19.410742,3.8822286,True
2017-09-05 19:15:00,-10.58,89,-2,-7.3000007,-7.0381083,-21.0506,0.9208619,True,1.68,-3.2803557,-18.444645,4.722833,True
2017-09-05 19:20:00,-12.42,89,-2,-5.68,-8.94249,-22.767225,-0.92795974,True,1.7399994,-5.2369895,-20.129868,2.8204114,True
2017-09-05 19:25:00,-13.71,89,-3,-5.14,-10.197347,-23.876673,-2.144499,True,1.3600003,-6.449655,-21.151464,1.6373612,True
2017-09-05 19:30:00,-13.94,89,-2,-3.4699996,-10.436597,-24.152658,-2.3410761,True,0.1499993,-6.703449,-21.430552,1.4091107,True
2017-09-05 19:35:00,-13.85,89,-1,-2.99,-10.387377,-24.253729,-2.2277682,True,-0.5299991,-6.70826,-21.594826,1.4540325,True
2017-09-05 19:40:00,-13.69,89,0,-2.5200007,-10.249418,-24.314236,-2.036217,True,-0.99000007,-6.600117,-21.696806,1.5973774,True
2017-09-05 19:45:00,-13.18,89,0,-2.16,-9.690996,-24.127413,-1.3425773,True,-2.4699996,-6.001537,-21.513649,2.3024118,True
2017-09-05 19:50:00,-12.66,89,1,-1.7400001,-9.118805,-23.698376,-0.6968177,True,-2.7899992,-5.396277,-21.076391,2.9591024,True
2017-09-05 19:55:00,-11.89,89,2,-0.82,-8.045826,-22.662535,0.29741827,True,-3.07,-4.024078,-19.81398,4.2210784,True
2017-09-05 20:00:00,-10.2,89,3,0.20000236,-5.9326434,-20.672249,2.2228048,True,-3.1399996,-1.5017875,-17.541586,6.5159354,True
2017-09-05 20:05:00,-9.71,89,3,0.8600003,-5.2467065,-20.126713,2.8556688,True,-3.5599997,-0.62875587,-16.86179,7.3071723,True
2017-09-05 20:10:00,-8.34,89,4,1.4899994,-3.6033251,-18.947895,4.436437,True,-3.7099993,1.2705742,-15.541325,9.096025,True
2017-09-05 20:15:00,-7.3000007,89,4,1.68,-2.524296,-18.28952,5.5199428,True,-3.7099993,2.3624113,-14.923109,10.164066,True
2017-09-05 20:20:00,-5.68,89,6,1.7399994,-0.8348544,-17.049873,7.1671195,True,-4.28,4.0866904,-13.720082,11.817144,True
2017-09-05 20:25:00,-5.14,89,5,1.3600003,-0.13241799,-16.506086,7.8505797,True,-4.47,4.9322543,-13.077373,12.617954,True
2017-09-05 20:30:00,-3.4699996,89,6,0.1499993,1.717178,-14.84042,9.608742,True,-4.5100007,6.9167075,-11.347378,14.487602,True
2017-09-05 20:35:00,-2.99,89,6,-0.5299991,2.2256734,-14.139998,10.07674,True,-4.0000005,7.4516997,-10.593037,14.975861,True
2017-09-05 20:40:00,-2.5200007,89,6,-0.99000007,2.521116,-13.818694,10.370327,True,-3.4200003,7.562343,-10.403096,15.085735,True
2017-09-05 20:45:00,-2.16,89,5,-2.4699996,2.776264,-13.468608,10.59211,True,-3.3799994,7.7024074,-10.12554,15.191452,True
2017-09-05 20:50:00,-1.7400001,89,6,-2.7899992,3.1391141,-13.309276,10.966528,True,-3.8099997,7.9881682,-10.031862,15.475067,True
2017-09-05 20:55:00,-0.82,89,7,-3.07,4.2555213,-12.55057,12.048246,True,-3.8999999,9.25716,-9.191994,16.677078,True
2017-09-05 21:00:00,0.20000236,89,7,-3.1399996,5.2817416,-11.559953,12.984619,True,-4.0899997,10.254129,-8.224468,17.575829,True
2017-09-05 21:05:00,0.8600003,89,9,-3.5599997,5.9138026,-11.320499,13.609486,True,-4.8800006,10.8299465,-8.051996,18.123226,True
2017-09-05 21:10:00,1.4899994,89,8,-3.7099993,6.597484,-11.031906,14.291981,True,-5.2100005,11.528383,-7.7818866,18.796494,True
2017-09-05 21:15:00,1.68,89,9,-3.7099993,6.7981296,-10.93435,14.497559,True,-5.47,11.718742,-7.6935287,18.978561,True
2017-09-05 21:20:00,1.7399994,89,8,-4.28,6.8806586,-10.608102,14.506348,True,-5.43,11.810616,-7.3341985,18.99237,True
2017-09-05 21:25:00,1.3600003,89,7,-4.47,6.485143,-10.848957,14.087124,True,-5.19,11.407839,-7.5486217,18.558098,True
2017-09-05 21:30:00,0.1499993,89,7,-4.5100007,5.7344947,-11.637625,13.322727,True,-4.15,11.128393,-7.942781,18.215866,True
2017-09-05 21:35:00,-0.5299991,89,6,-4.0000005,5.3352637,-12.404341,13.009773,True,-4.23,11.005459,-8.501094,18.130222,True
2017-09-05 21:40:00,-0.99000007,89,6,-3.4200003,4.77523,-12.600995,12.465317,True,-3.91,10.351353,-8.715996,17.500652,True
2017-09-05 21:45:00,-2.4699996,89,5,-3.3799994,3.0967042,-13.8746805,10.858599,True,-3.99,8.528921,-10.010354,15.753849,True
2017-09-05 21:50:00,-2.7899992,89,4,-3.8099997,2.8322275,-14.263152,10.629667,True,-3.5399992,8.3209095,-10.340168,15.557938,True
2017-09-05 21:55:00,-3.07,89,5,-3.8999999,2.678602,-14.687324,10.53582,True,-3.3799994,8.286718,-10.672186,15.550915,True
2017-09-05 22:00:00,-3.1399996,89,6,-4.0899997,2.4717138,-14.943879,10.373026,True,-3.1399996,7.935161,-11.03712,15.240437,True
2017-09-05 22:05:00,-3.5599997,89,6,-4.8800006,2.2117517,-15.390541,10.17411,True,-3.0000002,7.826923,-11.366606,15.162544,True
2017-09-05 22:10:00,-3.7099993,89,5,-5.2100005,2.139654,-15.448533,10.129831,True,-3.1700003,7.819122,-11.360971,15.166912,True
2017-09-05 22:15:00,-3.7099993,89,5,-5.47,2.2577302,-14.783789,10.096178,True,-4.23,8.028175,-10.5686035,15.234089,True
2017-09-05 22:20:00,-4.28,89,6,-5.43,1.5526711,-15.166584,9.339775,True,-4.35,7.20676,-10.983017,14.371395,True
2017-09-05 22:25:00,-4.47,89,5,-5.19,1.174028,-15.35706,8.903233,True,-4.070001,6.646848,-11.280792,13.762665,True
2017-09-05 22:30:00,-4.5100007,89,6,-4.15,1.0784756,-15.481767,8.772789,True,-4.1200004,6.4917026,-11.440016,13.565605,True
2017-09-05 22:35:00,-4.0000005,89,6,-4.23,1.5435883,-14.903687,9.130434,True,-4.2000003,6.8833346,-10.911947,13.850567,True
2017-09-05 22:40:00,-3.4200003,89,7,-3.91,2.0923517,-14.338385,9.592649,True,-3.2299998,7.3763995,-10.388961,14.255329,True
2017-09-05 22:45:00,-3.3799994,89,7,-3.99,2.1768034,-14.205557,9.607267,True,-5.27,7.4939933,-10.206399,14.296799,True
2017-09-05 22:50:00,-3.8099997,89,7,-3.5399992,1.5865742,-14.491485,8.942253,True,-8.16,6.7625957,-10.550653,13.501186,True
2017-09-05 22:55:00,-3.8999999,89,7,-3.3799994,1.3986126,-14.7526655,8.755615,True,-8.64,6.4817653,-10.874119,13.2136345,True
2017-09-05 23:00:00,-4.0899997,89,7,-3.1399996,1.2242771,-14.944282,8.534267,True,-8.78,6.3201175,-11.038266,12.994068,True
2017-09-05 23:05:00,-4.8800006,89,7,-3.0000002,0.37974897,-15.551315,7.6305156,True,-7.3000007,5.432508,-11.625071,12.045479,True
2017-09-05 23:10:00,-5.2100005,89,6,-3.1700003,0.12826888,-15.8922825,7.333568,True,-4.9700007,5.25654,-11.884659,11.8095,True
2017-09-05 23:15:00,-5.47,89,7,-4.23,-0.0023749636,-16.196993,7.1815524,True,-4.03,5.2430835,-12.081246,11.7529335,True
2017-09-05 23:20:00,-5.43,89,7,-4.35,0.297897,-15.972163,7.3606353,True,-3.699999,5.774324,-11.658683,12.139656,True
2017-09-05 23:25:00,-5.19,89,8,-4.070001,0.39417425,-15.844166,7.3758445,True,-2.7299998,5.717605,-11.643071,12.003113,True
2017-09-05 23:30:00,-4.15,89,9,-4.1200004,1.4784695,-15.11437,8.4414425,True,-3.3799994,6.804374,-10.958529,13.052483,True
2017-09-05 23:35:00,-4.23,89,9,-4.2000003,1.2018467,-15.297018,8.167351,True,-3.449999,6.33604,-11.277342,12.597202,True
2017-09-05 23:40:00,-3.91,89,10,-3.2299998,1.2864434,-15.204515,8.23517,True,-3.2899992,6.179666,-11.378835,12.434502,True
2017-09-05 23:45:00,-3.99,89,10,-5.27,0.9206597,-15.168993,7.7843013,True,-2.8300002,5.5290713,-11.527734,11.723999,True
2017-09-05 23:50:00,-3.5399992,89,10,-8.16,1.3986336,-14.480064,8.113583,True,-3.16,6.014686,-10.810261,12.0658245,True
2017-09-05 23:55:00,-3.3799994,89,11,-8.64,1.5456997,-14.577006,8.281658,True,-3.5599997,6.1435523,-10.92764,12.201664,True
2017-09-06 00:00:00,-3.1399996,89,12,-8.78,1.8149563,-14.322472,8.49226,True,-4.32,6.4243827,-10.658037,12.418858,True
2017-09-06 00:05:00,-3.0000002,89,12,-7.3000007,1.6704403,-14.348053,8.336679,True,-5.6700006,6.0062804,-10.886379,12.004086,True
2017-09-06 00:10:00,-3.1700003,89,13,-4.9700007,0.22789161,-14.786301,6.919082,True,-5.93,3.361368,-12.216494,9.479603,True
2017-09-06 00:15:00,-4.23,89,12,-4.03,-1.5208,-15.782276,5.2090735,True,-5.6300006,0.96118134,-13.675467,7.168178,True
2017-09-06 00:20:00,-4.35,89,12,-3.699999,-1.4865898,-15.933198,5.283485,True,-5.7500005,1.1364151,-13.7088175,7.3643126,True
2017-09-06 00:25:00,-4.070001,89,12,-2.7299998,-1.0563339,-15.678022,5.6501536,True,-5.850001,1.7013966,-13.3497095,7.8549895,True
2017-09-06 00:30:00,-4.1200004,89,13,-3.3799994,-0.39641795,-15.471347,6.2386355,True,-6.2400002,3.028135,-12.610826,9.059055,True
2017-09-06 00:35:00,-4.2000003,89,13,-3.449999,-0.35239443,-15.422999,6.201837,True,-6.1700006,3.1807783,-12.45489,9.118292,True
2017-09-06 00:40:00,-3.2299998,89,14,-3.2899992,0.8314416,-14.339969,7.220655,True,-5.9,4.5382857,-11.2399435,10.298803,True
2017-09-06 00:45:00,-5.27,89,13,-2.8300002,-1.0921043,-15.814327,5.2201495,True,-5.6,2.754009,-12.5326,8.43478,True
2017-09-06 00:50:00,-8.16,89,10,-3.16,-3.8247445,-18.151375,2.490053,True,-5.28,0.21180694,-14.625791,5.882322,True
2017-09-06 00:55:00,-8.64,89,7,-3.5599997,-4.5588746,-18.613098,1.7054726,True,-5.439999,-0.7591365,-15.266902,4.870292,True
2017-09-06 01:00:00,-8.78,89,7,-4.32,-4.853539,-18.73665,1.3837982,True,-5.53,-1.2001861,-15.505348,4.4083896,True
2017-09-06 01:05:00,-7.3000007,89,9,-5.6700006,-3.4447215,-17.45199,2.6938646,True,-5.47,0.117339775,-14.333609,5.6303744,True
2017-09-06 01:10:00,-4.9700007,89,12,-5.93,-1.2036937,-15.496052,4.7565703,True,-5.400001,2.230932,-12.527717,7.566194,True
2017-09-06 01:15:00,-4.03,89,13,-5.6300006,-0.7140735,-14.7423525,5.1034617,True,-5.4500003,2.2819116,-12.130325,7.5059295,True
2017-09-06 01:20:00,-3.699999,89,13,-5.7500005,-0.7768672,-14.49522,4.943382,True,-5.2000003,1.8465687,-12.177476,7.002355,True
2017-09-06 01:25:00,-2.7299998,89,14,-5.850001,0.3454949,-13.534631,5.9165034,True,-4.94,3.0913312,-11.128941,8.084377,True
2017-09-06 01:30:00,-3.3799994,89,14,-6.2400002,0.15161674,-13.815939,5.5861716,True,-5.0800004,3.3291662,-11.050512,8.156511,True
2017-09-06 01:35:00,-3.449999,89,13,-6.1700006,-0.28789553,-13.826884,4.9674773,True,-5.2400002,2.5500314,-11.322818,7.2258105,True
2017-09-06 01:40:00,-3.2899992,89,13,-5.9,-0.39102396,-13.646069,4.7509513,True,-4.85,2.1990125,-11.3352785,6.7775626,True
2017-09-06 01:45:00,-2.8300002,89,14,-5.6,-0.11116059,-13.290202,4.9524436,True,-4.6200004,2.3017004,-11.120856,6.8070045,True
2017-09-06 01:50:00,-3.16,89,14,-5.28,-0.41585955,-13.529939,4.616216,True,-4.2400002,2.024845,-11.329609,6.4951396,True
2017-09-06 01:55:00,-3.5599997,89,13,-5.439999,-0.78720886,-13.72789,4.190738,True,-1.9900001,1.683685,-11.493213,6.1034045,True
2017-09-06 02:00:00,-4.32,89,13,-5.53,-1.6530021,-14.261202,3.265928,True,0.42999998,0.72800034,-12.077734,5.096311,True
2017-09-06 02:05:00,-5.6700006,89,11,-5.47,-2.991482,-15.330637,1.9137589,True,0.55999917,-0.58701354,-13.097755,3.7633665,True
2017-09-06 02:10:00,-5.93,89,10,-5.400001,-3.25441,-15.621278,1.6013218,True,-0.1399997,-0.8506568,-13.390153,3.4515417,True
2017-09-06 02:15:00,-5.6300006,89,10,-5.4500003,-2.5802824,-15.361645,2.2717206,True,0.1499993,0.16674964,-12.854057,4.441116,True
2017-09-06 02:20:00,-5.7500005,89,11,-5.2000003,-2.4795878,-15.321003,2.3272417,True,1.5799996,0.47297254,-12.637335,4.6885486,True
2017-09-06 02:25:00,-5.850001,89,11,-4.94,-2.5722678,-15.312431,2.1441896,True,1.9600025,0.38750234,-12.615536,4.512838,True
2017-09-06 02:30:00,-6.2400002,89,11,-5.0800004,-2.63538,-15.462274,2.0090902,True,2.640001,0.6283261,-12.5053425,4.662334,True
2017-09-06 02:35:00,-6.1700006,89,10,-5.2400002,-2.5030997,-15.325924,2.0599306,True,2.6900003,0.816776,-12.3211565,4.765268,True
2017-09-06 02:40:00,-5.9,89,10,-4.85,-2.3369753,-15.0716715,2.1548898,True,2.720001,0.88347024,-12.150334,4.7678027,True
2017-09-06 02:45:00,-5.6,89,11,-4.6200004,-2.1671298,-14.832402,2.2338445,True,3.0699995,0.9298684,-12.01816,4.7362533,True
2017-09-06 02:50:00,-5.28,89,11,-4.2400002,-1.9910873,-14.542657,2.3332822,True,3.0300004,0.9693219,-11.836919,4.705766,True
2017-09-06 02:55:00,-5.439999,89,11,-1.9900001,-2.4357512,-14.716814,1.8653275,True,3.09,0.26556745,-12.2135935,3.9973047,True
2017-09-06 03:00:00,-5.53,89,11,0.42999998,-2.6801054,-14.930374,1.6732975,True,2.2100008,-0.119978264,-12.542196,3.6714876,True
2017-09-06 03:05:00,-5.47,89,11,0.55999917,-2.4261496,-14.852441,1.9430405,True,1.6900002,0.3115212,-12.324108,4.1109424,True
2017-09-06 03:10:00,-5.400001,89,12,-0.1399997,-2.3613112,-14.769313,1.9652382,True,-0.44000086,0.37022558,-12.241201,4.124803,True
2017-09-06 03:15:00,-5.4500003,89,12,0.1499993,-1.9208034,-14.774455,2.4232557,True,-0.9699996,1.2605397,-11.882552,4.999122,True
2017-09-06 03:20:00,-5.2000003,89,12,1.5799996,-0.18642648,-14.314391,4.1718917,True,-0.2799991,4.3256507,-10.377717,7.965751,True
2017-09-06 03:25:00,-4.94,89,12,1.9600025,0.7115094,-14.136817,4.96228,True,-0.39999995,5.7818847,-9.789909,9.2606125,True
2017-09-06 03:30:00,-5.0800004,89,12,2.640001,1.0913368,-14.400767,5.430967,True,-0.3799995,6.6179004,-9.710777,10.121483,True
2017-09-06 03:35:00,-5.2400002,89,12,2.6900003,1.1523167,-14.48374,5.487676,True,-0.19999917,6.879352,-9.634334,10.353113,True
2017-09-06 03:40:00,-4.85,89,12,2.720001,1.4254586,-14.340938,5.75649,True,0.10000007,7.046182,-9.598689,10.5170765,True
2017-09-06 03:45:00,-4.6200004,89,12,3.0699995,1.5513684,-14.361513,5.9723907,True,1.2800003,7.0764003,-9.708445,10.636444,True
2017-09-06 03:50:00,-4.2400002,89,14,3.0300004,1.7244183,-14.222587,6.233644,True,1.7399994,7.0557895,-9.728517,10.718956,True
2017-09-06 03:55:00,-1.9900001,89,16,3.09,3.1373346,-12.734946,7.572902,True,2.6000001,7.6779246,-8.908792,11.352892,True
2017-09-06 04:00:00,0.42999998,89,19,2.2100008,4.464885,-11.476936,9.016096,True,2.3299997,7.9983344,-8.460156,11.884596,True
2017-09-06 04:05:00,0.55999917,89,20,1.6900002,3.9289606,-11.852681,8.79435,True,2.26,6.884876,-9.256789,11.134907,True
2017-09-06 04:10:00,-0.1399997,89,19,-0.44000086,2.4776304,-12.976291,7.7333827,True,2.2399995,4.7873015,-10.837846,9.48555,True
2017-09-06 04:15:00,0.1499993,89,18,-0.9699996,2.1968496,-13.126475,7.69688,True,1.8000008,3.9944417,-11.360132,8.988594,True
2017-09-06 04:20:00,1.5799996,89,19,-0.2799991,3.0883348,-12.444753,8.692299,True,1.2800003,4.3904395,-11.042952,9.540827,True
2017-09-06 04:25:00,1.9600025,89,20,-0.39999995,2.9423025,-12.586523,8.784353,True,1.0599991,3.7734582,-11.517239,9.211021,True
2017-09-06 04:30:00,2.640001,89,20,-0.3799995,3.2279356,-12.535716,9.2977085,True,0.69000024,3.7057817,-11.70868,9.4110985,True
2017-09-06 04:35:00,2.6900003,89,20,-0.19999917,2.8270242,-12.726597,9.025679,True,1.2000004,2.904453,-12.177931,8.781998,True
2017-09-06 04:40:00,2.720001,89,19,0.10000007,2.075115,-12.891982,8.409079,True,1.7599999,1.4506928,-12.840055,7.533235,True
2017-09-06 04:45:00,3.0699995,89,20,1.2800003,1.407539,-13.159668,8.111067,True,1.1499993,-0.1336673,-13.734943,6.4064174,True
2017-09-06 04:50:00,3.0300004,89,19,1.7399994,0.6386201,-13.569523,7.779346,True,0.05000083,-1.5501274,-14.593928,5.495401,True
2017-09-06 04:55:00,3.09,89,19,2.6000001,0.34206548,-13.8007,7.8259616,True,-0.03999932,-2.149443,-15.021929,5.2758517,True
2017-09-06 05:00:00,2.2100008,89,18,2.3299997,-0.60890037,-14.569284,7.1675105,True,-0.029999094,-3.1439726,-15.830752,4.585851,True
2017-09-06 05:05:00,1.6900002,89,16,2.26,-1.0413688,-14.961474,6.901666,True,0.07999961,-3.4803717,-16.156525,4.4124846,True
2017-09-06 05:10:00,-0.44000086,89,15,2.2399995,-2.876383,-16.182205,5.097646,True,-0.4599994,-5.0360656,-17.242249,2.8641908,True
2017-09-06 05:15:00,-0.9699996,89,12,1.8000008,-3.0823138,-15.907513,4.5775313,True,-0.86999923,-4.9419694,-16.789402,2.6119058,True
2017-09-06 05:20:00,-0.2799991,89,13,1.2800003,-1.8669857,-14.678701,5.268789,True,-0.6000007,-3.2515032,-15.229539,3.7338808,True
2017-09-06 05:25:00,-0.39999995,89,13,1.0599991,-1.4014972,-13.944655,5.212585,True,-0.2799991,-2.2555678,-14.130728,4.155874,True
2017-09-06 05:30:00,-0.3799995,89,13,0.69000024,-0.8289054,-13.263335,5.2291617,True,-0.04999955,-1.1858486,-13.102982,4.6299453,True
2017-09-06 05:35:00,-0.19999917,89,13,1.2000004,-0.20547326,-12.716605,5.452604,True,0.13000076,-0.16376908,-12.265991,5.2209334,True
2017-09-06 05:40:00,0.10000007,89,13,1.7599999,0.47013822,-12.095584,5.8648887,True,0.27000013,0.8490388,-11.399573,5.945352,True
2017-09-06 05:45:00,1.2800003,89,15,1.1499993,1.7817513,-10.993304,6.97512,True,0.08999984,2.2770555,-10.213117,7.1676536,True
2017-09-06 05:50:00,1.7399994,89,16,0.05000083,2.4001024,-10.617316,7.584131,True,-0.3500007,3.0377672,-9.730971,7.9118,True
2017-09-06 05:55:00,2.6000001,89,17,-0.03999932,3.24275,-9.957286,8.388144,True,-0.17000039,3.8655775,-9.08255,8.707569,True
2017-09-06 06:00:00,2.3299997,89,16,-0.029999094,2.9473398,-10.026754,8.095646,True,0.90999955,3.555391,-9.163489,8.402857,True
2017-09-06 06:05:00,2.26,89,16,0.07999961,2.8563325,-9.876238,7.927028,True,0.93,3.4510267,-9.033531,8.228638,True
2017-09-06 06:10:00,2.2399995,89,16,-0.4599994,3.1540868,-9.828855,8.281755,True,1.6900002,4.032104,-8.778256,8.846764,True
2017-09-06 06:15:00,1.8000008,89,15,-0.86999923,2.9714544,-10.101843,8.163403,True,1.3000008,4.0829062,-8.876992,8.942455,True
2017-09-06 06:20:00,1.2800003,89,15,-0.6000007,2.6381795,-10.337108,7.86762,True,0.49999967,3.9205358,-8.988968,8.805662,True
2017-09-06 06:25:00,1.0599991,89,14,-0.2799991,2.6111028,-10.317717,7.8877025,True,-0.69000083,4.0661025,-8.849515,8.989481,True
2017-09-06 06:30:00,0.69000024,89,14,-0.04999955,2.2851274,-10.702473,7.728002,True,-1.2600006,3.787464,-9.195315,8.8727665,True
2017-09-06 06:35:00,1.2000004,89,14,0.13000076,2.7817342,-10.881618,8.604761,True,-1.0900005,4.274751,-9.381724,9.741171,True
2017-09-06 06:40:00,1.7599999,89,15,0.27000013,3.1279027,-11.193084,9.361998,True,0.70000046,4.439241,-9.823101,10.335669,True
2017-09-06 06:45:00,1.1499993,89,15,0.08999984,2.4588125,-12.140249,9.081001,True,0.32000127,3.7313192,-10.79456,10.02006,True
2017-09-06 06:50:00,0.05000083,89,14,-0.3500007,1.1524082,-12.623507,7.6870284,True,0.50999993,2.2572572,-11.404932,8.480492,True
2017-09-06 06:55:00,-0.03999932,89,13,-0.17000039,0.91048783,-12.504086,7.373836,True,0.5799996,1.888084,-11.382169,8.056347,True
2017-09-06 07:00:00,-0.029999094,89,13,0.90999955,0.76080483,-12.589762,7.341623,True,0.4400002,1.6017529,-11.575697,7.908294,True
2017-09-06 07:05:00,0.07999961,89,14,0.93,0.6316773,-12.953527,7.5456347,True,0.1100003,1.2675377,-12.085033,7.933807,True
2017-09-06 07:10:00,-0.4599994,89,13,1.6900002,0.05518119,-13.994379,7.5176463,True,0.30000082,0.6698434,-13.130128,7.8895545,True
2017-09-06 07:15:00,-0.86999923,89,12,1.3000008,-0.40357623,-14.123338,7.1134677,True,0.020000143,0.17185752,-13.301977,7.4563384,True
2017-09-06 07:20:00,-0.6000007,89,13,0.49999967,-0.19514497,-13.908026,7.3661056,True,-0.3099998,0.3313519,-13.124924,7.669477,True
2017-09-06 07:25:00,-0.2799991,89,14,-0.69000083,0.11847274,-13.988669,8.008835,True,-1.4200004,0.64440125,-13.204693,8.317106,True
2017-09-06 07:30:00,-0.04999955,89,14,-1.2600006,0.33670583,-13.91057,8.36665,True,-2.6299994,0.85702866,-13.135815,8.675379,True
2017-09-06 07:35:00,0.13000076,89,15,-1.0900005,0.5577466,-13.725831,8.679337,True,-2.6399996,1.11787,-12.930682,9.027563,True
2017-09-06 07:40:00,0.27000013,89,15,0.70000046,0.7835652,-13.452252,8.949495,True,-2.5399992,1.4240509,-12.607562,9.371471,True
2017-09-06 07:45:00,0.08999984,89,15,0.32000127,0.3139073,-13.371912,8.484566,True,-2.779999,0.70131844,-12.724111,8.6891,True
2017-09-06 07:50:00,-0.3500007,89,14,0.50999993,-0.58686477,-13.606405,7.5967937,True,-0.7199996,-0.59962875,-13.255438,7.4492908,True
2017-09-06 07:55:00,-0.17000039,89,14,0.5799996,-0.82065994,-13.60438,7.4347167,True,0.95000046,-1.1954769,-13.521344,6.972055,True
2017-09-06 08:00:00,0.90999955,89,15,0.4400002,0.049388573,-13.261062,8.464615,True,3.43,-0.50084144,-13.286774,7.855783,True
2017-09-06 08:05:00,0.93,89,16,0.1100003,0.15091865,-13.585382,8.7750435,True,3.4999998,-0.31814608,-13.548206,8.245316,True
2017-09-06 08:10:00,1.6900002,89,18,0.30000082,0.8283612,-13.110841,9.494022,True,1.889999,0.29004255,-13.126173,8.909813,True
2017-09-06 08:15:00,1.3000008,89,17,0.020000143,0.61031884,-13.156644,9.34717,True,0.41999975,0.22614829,-13.081703,8.900703,True
2017-09-06 08:20:00,0.49999967,89,16,-0.3099998,0.54229707,-13.419409,9.35483,True,-1.1199993,0.7971265,-12.925049,9.47522,True
2017-09-06 08:25:00,-0.69000083,89,15,-1.4200004,-0.25849566,-13.834151,8.378244,True,-2.8300002,0.3367764,-13.122381,8.799347,True
2017-09-06 08:30:00,-1.2600006,89,12,-2.6299994,-0.682669,-13.47243,7.3257804,True,-2.2500002,0.03951995,-12.6924095,7.8634315,True
2017-09-06 08:35:00,-1.0900005,89,11,-2.6399996,-0.16880257,-12.730204,7.4598346,True,-0.36999926,0.8529908,-11.7502165,8.268171,True
2017-09-06 08:40:00,0.70000046,89,14,-2.5399992,1.931913,-11.199572,9.265831,True,-0.9300025,3.2177637,-10.048938,10.316381,True
2017-09-06 08:45:00,0.32000127,89,13,-2.779999,2.1070135,-11.364291,9.559965,True,-1.2099994,3.8719347,-9.88688,11.036093,True
2017-09-06 08:50:00,0.50999993,89,11,-0.7199996,2.66555,-11.073944,10.050652,True,-4.1700006,4.742061,-9.394288,11.807152,True
2017-09-06 08:55:00,0.5799996,89,11,0.95000046,2.9536684,-10.963704,10.418737,True,-4.9700007,5.2154994,-9.167172,12.340889,True
2017-09-06 09:00:00,0.4400002,89,11,3.43,2.9848783,-11.04653,10.54232,True,-4.2000003,5.39644,-9.154862,12.596828,True
2017-09-06 09:05:00,0.1100003,89,11,3.4999998,2.981592,-11.223937,10.614397,True,-3.3799994,5.670652,-9.15096,12.913185,True
2017-09-06 09:10:00,0.30000082,89,12,1.889999,3.3982427,-11.009797,11.008772,True,-3.0599997,6.274242,-8.822936,13.474529,True
2017-09-06 09:15:00,0.020000143,89,13,0.41999975,3.2028959,-11.130094,10.866373,True,-4.1,6.1515727,-8.902341,13.399193,True
2017-09-06 09:20:00,-0.3099998,89,13,-1.1199993,2.8404481,-11.321764,10.573978,True,-4.06,5.7658,-9.116011,13.089001,True
2017-09-06 09:25:00,-1.4200004,89,12,-2.8300002,1.5374657,-12.034832,9.352421,True,-3.74,4.3119407,-9.92582,11.739832,True
2017-09-06 09:30:00,-2.6299994,89,10,-2.2500002,-0.04560311,-13.006907,7.855169,True,-4.64,2.4195974,-11.115897,9.977804,True
2017-09-06 09:35:00,-2.6399996,89,10,-0.36999926,-0.32382807,-13.222676,7.814199,True,-4.6300006,1.9095742,-11.515282,9.734753,True
2017-09-06 09:40:00,-2.5399992,89,10,-0.9300025,-0.37168536,-13.1215925,7.799463,True,-4.4200006,1.7273937,-11.524676,9.608259,True
2017-09-06 09:45:00,-2.779999,89,9,-1.2099994,-0.6949733,-13.19374,7.4910197,True,-3.6700003,1.329393,-11.657953,9.23984,True
2017-09-06 09:50:00,-0.7199996,89,9,-4.1700006,1.0161568,-11.787811,9.002867,True,-2.7199996,2.7270906,-10.507453,10.484079,True
2017-09-06 09:55:00,0.95000046,89,9,-4.9700007,2.5572927,-10.584698,10.369688,True,-1.6600002,4.1487155,-9.41255,11.75313,True
2017-09-06 10:00:00,3.43,89,12,-4.2000003,4.6915336,-8.947742,12.244726,True,-1.0099987,5.9767966,-8.014521,13.367489,True
2017-09-06 10:05:00,3.4999998,89,13,-3.3799994,4.879249,-8.733985,12.316135,True,-0.47999987,6.261888,-7.7452903,13.53075,True
2017-09-06 10:10:00,1.889999,89,13,-3.0599997,3.5110815,-9.654368,10.934942,True,0.040000603,5.105636,-8.518649,12.340385,True
2017-09-06 10:15:00,0.41999975,89,12,-4.1,2.324785,-10.447963,9.746168,True,0.38999906,4.165647,-9.135022,11.3738785,True
2017-09-06 10:20:00,-1.1199993,89,10,-4.06,1.1016766,-11.312716,8.524769,True,0.05000083,3.2205694,-9.791374,10.403273,True
2017-09-06 10:25:00,-2.8300002,89,8,-3.74,-0.39115748,-12.305584,7.008388,True,-0.36999926,1.9198376,-10.62422,9.062239,True
2017-09-06 10:30:00,-2.2500002,89,7,-4.64,0.08459823,-11.754422,7.270782,True,-0.54999954,2.3016222,-10.152258,9.251024,True
2017-09-06 10:35:00,-0.36999926,89,10,-4.6300006,1.8484741,-10.510831,8.981436,True,-0.6000007,3.953592,-9.028916,10.868666,True
2017-09-06 10:40:00,-0.9300025,89,10,-4.4200006,1.4963719,-10.787437,8.61474,True,-0.7199996,3.7798193,-9.175268,10.664989,True
2017-09-06 10:45:00,-1.2099994,89,10,-3.6700003,1.2328869,-10.776207,8.133123,True,-0.97999984,3.5321996,-9.1467495,10.207481,True
2017-09-06 10:50:00,-4.1700006,89,8,-2.7199996,-1.4792255,-12.694786,5.4047427,True,-1.0500015,1.050018,-10.843247,7.6895423,True
2017-09-06 10:55:00,-4.9700007,89,5,-1.6600002,-2.0049498,-13.083287,4.848308,True,-1.2400001,0.7657334,-11.030575,7.3552413,True
2017-09-06 11:00:00,-4.2000003,89,6,-1.0099987,-1.4233154,-12.488739,5.3505054,True,-1.1600002,1.176973,-10.57797,7.7135177,True
2017-09-06 11:05:00,-3.3799994,89,7,-0.47999987,-0.47226176,-11.796127,6.355329,True,-0.2799991,2.2330186,-9.823805,8.81674,True
2017-09-06 11:10:00,-3.0599997,89,9,0.040000603,0.024900122,-11.436065,6.987556,True,-0.17000039,2.8715456,-9.3626795,9.578104,True
2017-09-06 11:15:00,-4.1,89,7,0.38999906,-0.7514594,-11.9209,6.265657,True,0.16999976,2.3173368,-9.642458,9.063667,True
2017-09-06 11:20:00,-4.06,89,6,0.05000083,-0.55688316,-11.785353,6.306127,True,0.6000001,2.6399019,-9.404469,9.228207,True
2017-09-06 11:25:00,-3.74,89,7,-0.36999926,-0.21764024,-11.5630045,6.577396,True,0.35000005,2.9979093,-9.184126,9.523615,True
2017-09-06 11:30:00,-4.64,89,7,-0.54999954,-0.9079192,-12.134286,5.858091,True,0.21000068,2.4925458,-9.585145,8.977943,True
2017-09-06 11:35:00,-4.6300006,89,6,-0.6000007,-0.80112296,-12.059714,5.8689456,True,-0.3099998,2.6826513,-9.444211,9.073559,True
2017-09-06 11:40:00,-4.4200006,89,6,-0.7199996,-0.58195907,-11.778354,5.8605247,True,-0.72999984,2.9122827,-9.147924,9.089888,True
2017-09-06 11:45:00,-3.6700003,89,6,-0.97999984,0.022252722,-11.167723,6.328712,True,-0.80999976,3.3865736,-8.656197,9.455357,True
2017-09-06 11:50:00,-2.7199996,89,8,-1.0500015,0.93043107,-10.38206,7.082172,True,-1.5299991,4.2522597,-7.927609,10.182922,True
2017-09-06 11:55:00,-1.6600002,89,8,-1.2400001,1.8449475,-9.599882,7.856586,True,-2.1900008,5.0386977,-7.2763658,10.853748,True
2017-09-06 12:00:00,-1.0099987,89,6,-1.1600002,2.3135068,-9.137417,8.233498,True,-2.3400004,5.349174,-6.9539857,11.098766,True
2017-09-06 12:05:00,-0.47999987,89,5,-0.2799991,2.7425363,-8.779044,8.556494,True,-2.359999,5.6924834,-6.6814685,11.354948,True
2017-09-06 12:10:00,0.040000603,89,6,-0.17000039,3.089712,-8.425277,8.784908,True,-1.9599994,5.8909545,-6.456532,11.459572,True
2017-09-06 12:15:00,0.38999906,89,7,0.16999976,3.3588445,-8.151325,8.88129,True,-2.0100005,6.0939345,-6.244594,11.508356,True
2017-09-06 12:20:00,0.05000083,89,7,0.6000001,2.9835374,-8.452098,8.38006,True,-2.5399992,5.700866,-6.5605903,10.999979,True
2017-09-06 12:25:00,-0.36999926,89,7,0.35000005,2.5048902,-8.8342085,7.7800536,True,-2.6399996,5.181833,-6.974133,10.373077,True
2017-09-06 12:30:00,-0.54999954,89,7,0.21000068,2.3250062,-8.992203,7.4356456,True,-2.859999,5.014091,-7.130649,10.052656,True
2017-09-06 12:35:00,-0.6000007,89,7,-0.3099998,2.235771,-9.168249,7.2365394,True,-2.9699996,4.9056334,-7.340611,9.845215,True
2017-09-06 12:40:00,-0.7199996,89,6,-0.72999984,2.0226705,-9.460527,7.039869,True,-2.7999995,4.6246085,-7.7081647,9.593443,True
2017-09-06 12:45:00,-0.97999984,89,6,-0.80999976,1.7523209,-9.678785,6.705419,True,-3.359999,4.3527846,-7.926535,9.26771,True
2017-09-06 12:50:00,-1.0500015,89,5,-1.5299991,1.6868302,-9.68808,6.5320106,True,-3.7999995,4.2968097,-7.926583,9.116724,True
2017-09-06 12:55:00,-1.2400001,89,5,-2.1900008,1.559261,-9.808749,6.3198333,True,-4.070001,4.2295604,-7.9960837,8.970055,True
2017-09-06 13:00:00,-1.1600002,89,5,-2.3400004,1.7120911,-9.719851,6.409961,True,-4.47,4.4514155,-7.861837,9.134422,True
2017-09-06 13:05:00,-0.2799991,89,5,-2.359999,2.8326547,-8.931191,7.3838077,True,-5.1300006,5.790918,-6.9280295,10.321989,True
2017-09-06 13:10:00,-0.17000039,89,4,-1.9599994,3.0809476,-8.729064,7.5417914,True,-5.57,6.1698947,-6.6312556,10.618971,True
2017-09-06 13:15:00,0.16999976,89,3,-2.0100005,3.479431,-8.45531,7.9149737,True,-5.68,6.621818,-6.3296533,11.051907,True
2017-09-06 13:20:00,0.6000001,89,3,-2.5399992,3.7843854,-8.179046,8.212112,True,-5.5500007,6.8202605,-6.157697,11.266731,True
2017-09-06 13:25:00,0.35000005,89,1,-2.6399996,3.399227,-8.5478525,7.9559226,True,-5.5000005,6.321653,-6.624306,10.910868,True
2017-09-06 13:30:00,0.21000068,89,0,-2.859999,3.1596887,-8.872753,7.9282775,True,-5.52,6.000026,-7.0382333,10.8129635,True
2017-09-06 13:35:00,-0.3099998,89,-1,-2.9699996,2.6245973,-9.444779,7.5780883,True,-5.2500005,5.4600577,-7.6278825,10.464312,True
2017-09-06 13:40:00,-0.72999984,89,-3,-2.7999995,2.0508306,-9.988983,7.1703773,True,-4.6700006,4.753177,-8.288228,9.94249,True
2017-09-06 13:45:00,-0.80999976,89,-3,-3.359999,1.9938351,-10.116606,7.1719413,True,-3.91,4.72327,-8.409617,9.97962,True
2017-09-06 13:50:00,-1.5299991,89,-4,-3.7999995,1.2887665,-10.745349,6.550483,True,-3.5200007,4.0369525,-9.019304,9.387445,True
2017-09-06 13:55:00,-2.1900008,89,-5,-4.070001,0.6253335,-11.338979,5.973167,True,-2.2899992,3.3736265,-9.60824,8.822237,True
2017-09-06 14:00:00,-2.3400004,89,-5,-4.47,0.5087258,-11.458399,5.891248,True,-1.6000007,3.290836,-9.703455,8.785391,True
2017-09-06 14:05:00,-2.359999,89,-5,-5.1300006,0.40647474,-11.559582,5.8373103,True,-1.3099998,3.1137311,-9.871435,8.675293,True
2017-09-06 14:10:00,-1.9599994,89,-5,-5.57,0.66765183,-11.310135,6.090694,True,-0.16000016,3.249832,-9.737505,8.831909,True
2017-09-06 14:15:00,-2.0100005,89,-5,-5.68,0.6988084,-11.269482,6.050409,True,0.9899995,3.3616922,-9.632703,8.8833885,True
2017-09-06 14:20:00,-2.5399992,89,-6,-5.5500007,0.11168258,-11.712197,5.432609,True,1.9500004,2.723232,-10.09928,8.232037,True
2017-09-06 14:25:00,-2.6399996,89,-7,-5.5000005,-0.0459636,-11.847672,5.2227435,True,2.7499998,2.5159738,-10.280577,7.993959,True
2017-09-06 14:30:00,-2.859999,89,-7,-5.52,-0.24669297,-12.067833,5.00575,True,3.2800004,2.3421266,-10.477627,7.8128104,True
2017-09-06 14:35:00,-2.9699996,89,-8,-5.2500005,-0.22928078,-12.1970005,5.0751777,True,3.2700002,2.4868982,-10.520107,8.012283,True
2017-09-06 14:40:00,-2.7999995,89,-8,-4.6700006,0.2860047,-11.982553,5.606601,True,2.3999994,3.3383214,-10.059156,8.867302,True
2017-09-06 14:45:00,-3.359999,89,-8,-3.91,-0.0019896792,-12.292203,5.2982936,True,1.8800007,3.3108995,-10.136821,8.815079,True
2017-09-06 14:50:00,-3.7999995,89,-8,-3.5200007,0.1313607,-12.546584,5.538614,True,1.4099995,3.9932096,-9.967951,9.565439,True
2017-09-06 14:55:00,-4.070001,89,-8,-2.2899992,0.06380813,-12.566878,5.318273,True,1.0400006,4.131946,-9.792497,9.55438,True
2017-09-06 15:00:00,-4.47,89,-8,-1.6000007,-0.36474833,-12.891883,4.8730655,True,0.69000024,3.6841104,-10.109499,9.110176,True
2017-09-06 15:05:00,-5.1300006,89,-7,-1.3099998,-1.2407497,-13.686876,4.192817,True,-0.6000007,2.6145475,-11.059562,8.26243,True
2017-09-06 15:10:00,-5.57,89,-7,-0.16000016,-1.9118065,-14.389203,3.8407686,True,-1.5399994,1.7226216,-11.954052,7.7052493,True
2017-09-06 15:15:00,-5.68,89,-5,0.9899995,-2.1240714,-14.748086,3.885328,True,-2.5399992,1.4151989,-12.426161,7.6649795,True
2017-09-06 15:20:00,-5.5500007,89,-4,1.9500004,-2.140509,-14.8164625,3.9571302,True,-2.66,1.2664238,-12.620772,7.6213317,True
2017-09-06 15:25:00,-5.5000005,89,-3,2.7499998,-2.0730097,-14.82201,4.065204,True,-2.7600005,1.3617684,-12.612797,7.7661757,True
2017-09-06 15:30:00,-5.52,89,-2,3.2800004,-2.0257533,-15.014794,4.3030257,True,-2.5900004,1.4842087,-12.778001,8.073742,True
2017-09-06 15:35:00,-5.2500005,89,-1,3.2700002,-1.8679107,-14.787884,4.3824954,True,-2.74,1.5504051,-12.62706,8.08671,True
2017-09-06 15:40:00,-4.6700006,89,-1,2.3999994,-1.3428329,-14.373908,4.8768992,True,-2.66,2.03458,-12.266498,8.548843,True
2017-09-06 15:45:00,-3.91,89,0,1.8800007,-0.5765899,-13.778109,5.606752,True,-3.2099993,2.8194292,-11.687535,9.3085575,True
2017-09-06 15:50:00,-3.5200007,89,1,1.4099995,-0.30051455,-13.6360855,5.957544,True,-3.7999995,2.9930665,-11.645079,9.563498,True
2017-09-06 15:55:00,-2.2899992,89,1,1.0400006,0.86525315,-12.755436,7.1406493,True,-4.6700006,4.1034713,-10.856416,10.696447,True
2017-09-06 16:00:00,-1.6000007,89,1,0.69000024,1.5457665,-12.1866,7.8126006,True,-6.3800006,4.7826953,-10.3000965,11.369337,True
2017-09-06 16:05:00,-1.3099998,89,2,-0.6000007,1.94095,-11.8305435,8.148354,True,-6.9,5.292436,-9.849228,11.815371,True
2017-09-06 16:10:00,-0.16000016,89,3,-1.5399994,3.0370557,-10.854961,9.195431,True,-7.3300004,6.3453975,-8.942644,12.834278,True
2017-09-06 16:15:00,0.9899995,89,4,-2.5399992,4.0401587,-9.871173,10.135258,True,-7.5400004,7.216474,-8.077449,13.657005,True
2017-09-06 16:20:00,1.9500004,89,5,-2.66,4.8907523,-9.08889,10.967337,True,-7.5500016,7.9707313,-7.391315,14.40247,False
2017-09-06 16:25:00,2.7499998,89,6,-2.7600005,5.6559005,-8.484758,11.809505,True,-7.5800004,8.696257,-6.82721,15.207527,False
2017-09-06 16:30:00,3.2800004,89,7,-2.5900004,6.248054,-8.17577,12.483795,True,-7.52,9.3448715,-6.4985566,15.929756,False
2017-09-06 16:35:00,3.2700002,89,8,-2.74,6.3658423,-8.188795,12.633461,True,-7.2900004,9.586758,-6.4088187,16.189205,False
2017-09-06 16:40:00,2.3999994,89,8,-2.66,5.495231,-8.864746,11.79001,True,-7.07,8.726505,-7.033509,15.361023,False
2017-09-06 16:45:00,1.8800007,89,6,-3.2099993,4.9297805,-9.1145525,11.155691,True,-7.0000005,8.124155,-7.249621,14.695007,True
2017-09-06 16:50:00,1.4099995,89,7,-3.7999995,4.5467753,-9.306165,10.646423,True,-6.9900002,7.8389983,-7.3253837,14.286221,True
2017-09-06 16:55:00,1.0400006,89,7,-4.6700006,4.3931365,-9.3212595,10.308741,True,-6.82,7.9139686,-7.1236176,14.173157,True
2017-09-06 17:00:00,0.69000024,89,7,-6.3800006,3.8519495,-9.5753145,9.730436,True,-6.48,7.198484,-7.477365,13.436016,True
2017-09-06 17:05:00,-0.6000007,89,7,-6.9,2.3590448,-10.762457,8.3368435,True,-5.7900004,5.5137477,-8.768619,11.866144,True
2017-09-06 17:10:00,-1.5399994,89,5,-7.3300004,1.2962147,-11.800452,7.4868617,True,-4.9700007,4.331344,-9.883573,10.886892,True
2017-09-06 17:15:00,-2.5399992,89,5,-7.5400004,0.22715728,-12.880615,6.6309714,True,-4.81,3.1966665,-11.008279,9.961836,True
2017-09-06 17:20:00,-2.66,89,4,-7.5500016,0.17432754,-13.178696,6.752191,True,-4.6600003,3.2180574,-11.272849,10.14097,True
2017-09-06 17:25:00,-2.7600005,89,6,-7.5800004,0.21501128,-13.336213,6.8918204,True,-4.73,3.4100683,-11.322805,10.41349,True
2017-09-06 17:30:00,-2.5900004,89,7,-7.52,0.5414979,-13.197676,7.254331,True,-4.5800004,3.9009988,-11.059931,10.916843,True
2017-09-06 17:35:00,-2.74,89,7,-7.2900004,0.49062505,-13.18841,7.1697555,True,-4.36,3.9579046,-10.944696,10.93433,True
2017-09-06 17:40:00,-2.66,89,8,-7.07,0.80113953,-12.961666,7.4210505,True,-4.3700004,4.5092673,-10.517218,11.403004,True
2017-09-06 17:45:00,-3.2099993,89,8,-7.0000005,0.39372984,-13.306963,6.973676,True,-4.39,4.2581058,-10.708101,11.102062,True
2017-09-06 17:50:00,-3.7999995,89,7,-6.9900002,-0.0942405,-13.623043,6.4220824,True,-4.4600005,3.887409,-10.886485,10.664076,True
2017-09-06 17:55:00,-4.6700006,89,7,-6.82,-0.93058044,-14.343562,5.597221,True,-4.4100003,3.094978,-11.524618,9.875774,True
2017-09-06 18:00:00,-6.3800006,89,6,-6.48,-2.6651633,-15.836185,3.8888052,True,-4.0100007,1.3493229,-12.942385,8.162914,True
2017-09-06 18:05:00,-6.9,89,4,-5.7900004,-3.0852435,-16.24714,3.4904268,True,-3.6199992,1.0402294,-13.231554,7.8604274,True
2017-09-06 18:10:00,-7.3300004,89,5,-4.9700007,-3.4628165,-16.653519,3.175371,True,-3.95,0.7252328,-13.575151,7.600551,True
2017-09-06 18:15:00,-7.5400004,89,5,-4.81,-3.6673357,-16.86327,3.0350606,True,-4.0100007,0.5303666,-13.761246,7.4575896,True
2017-09-06 18:20:00,-7.5500016,89,6,-4.6600003,-3.6418803,-16.898136,3.1054456,True,-3.7900002,0.5966298,-13.761042,7.5570655,True
2017-09-06 18:25:00,-7.5800004,89,6,-4.73,-3.6422064,-17.018047,3.189224,True,-3.66,0.63293236,-13.857416,7.6602798,True
2017-09-06 18:30:00,-7.52,89,7,-4.5800004,-3.520428,-17.065487,3.3906171,True,-4.03,0.8238885,-13.862252,7.9103503,True
2017-09-06 18:35:00,-7.2900004,89,7,-4.36,-3.2410834,-16.804579,3.6919763,True,-4.1,1.1514622,-13.555705,8.245226,True
2017-09-06 18:40:00,-7.07,89,8,-4.3700004,-3.0826514,-16.600332,3.891403,True,-4.1,1.238813,-13.4040365,8.371731,True
2017-09-06 18:45:00,-7.0000005,89,9,-4.39,-3.2511618,-16.590786,3.7832048,True,-3.7099993,0.8107125,-13.59428,8.01792,True
2017-09-06 18:50:00,-6.9900002,89,8,-4.4600005,-3.3294127,-16.661127,3.7520654,True,-3.3899996,0.6327912,-13.734014,7.877332,True
2017-09-06 18:55:00,-6.82,89,8,-4.4100003,-3.0792048,-16.513308,4.0422206,True,-3.4699996,0.9677369,-13.525864,8.232447,True
2017-09-06 19:00:00,-6.48,89,9,-4.0100007,-2.3491747,-16.096302,4.784261,True,-3.3799994,2.1062868,-12.795208,9.339115,True
2017-09-06 19:05:00,-5.7900004,89,10,-3.6199992,-1.610186,-15.595671,5.6023917,True,-3.1399996,2.8853643,-12.311356,10.17473,True
2017-09-06 19:10:00,-4.9700007,89,11,-3.95,-0.7458404,-14.781747,6.4705806,True,-2.4599993,3.7861898,-11.487183,11.059885,True
2017-09-06 19:15:00,-4.81,89,10,-4.0100007,-0.5674823,-14.656319,6.6894946,True,-2.0100005,3.9779222,-11.352232,11.27771,True
2017-09-06 19:20:00,-4.6600003,89,10,-3.7900002,-0.37593493,-14.644776,6.9618545,True,-2.6299994,4.2054915,-11.326115,11.563932,True
2017-09-06 19:25:00,-4.73,89,10,-3.66,-0.45720705,-14.751972,6.95841,True,-3.57,4.1096206,-11.434912,11.529539,True
2017-09-06 19:30:00,-4.5800004,89,10,-4.03,-0.08947404,-14.604171,7.36268,True,-4.8300004,4.690023,-11.132091,12.115969,True
2017-09-06 19:35:00,-4.36,89,10,-4.1,0.2457978,-14.425823,7.7654605,True,-5.1700006,5.1222014,-10.88819,12.591545,True
2017-09-06 19:40:00,-4.3700004,89,10,-4.1,0.087556526,-14.534811,7.6908164,True,-4.8400006,4.805513,-11.126643,12.35392,True
2017-09-06 19:45:00,-4.39,89,10,-3.7099993,-0.0047286316,-14.601831,7.6325088,True,-4.1700006,4.631849,-11.2469425,12.2038765,True
2017-09-06 19:50:00,-4.4600005,89,10,-3.3899996,-0.058119133,-14.678191,7.614902,True,-4.23,4.589023,-11.308414,12.1824,True
2017-09-06 19:55:00,-4.4100003,89,10,-3.4699996,-0.11541398,-14.740819,7.6336207,True,-4.7500005,4.4124465,-11.468261,12.073727,True
2017-09-06 20:00:00,-4.0100007,89,11,-3.3799994,0.37016454,-14.342287,8.124792,True,-5.1700006,4.968223,-11.026706,12.615932,True
2017-09-06 20:05:00,-3.6199992,89,12,-3.1399996,0.7414872,-14.088319,8.554203,True,-5.0400004,5.300245,-10.817797,12.987221,True
2017-09-06 20:10:00,-3.95,89,11,-2.4599993,0.43767515,-14.303219,8.236071,True,-4.9600005,5.0198913,-10.985069,12.683315,True
2017-09-06 20:15:00,-4.0100007,89,11,-2.0100005,0.44546857,-14.327647,8.227592,True,-4.7500005,5.089523,-10.948971,12.719837,True
2017-09-06 20:20:00,-3.7900002,89,11,-2.6299994,1.0165917,-13.991094,8.729818,True,-4.6700006,6.0072837,-10.341679,13.529037,True
2017-09-06 20:25:00,-3.66,89,11,-3.57,1.3940369,-13.70162,9.038837,True,-4.3000007,6.624042,-9.856724,14.049149,True
2017-09-06 20:30:00,-4.03,89,12,-4.8300004,1.1727787,-13.961553,8.790842,True,-4.3800006,6.557281,-9.963094,13.931156,True
2017-09-06 20:35:00,-4.1,89,10,-5.1700006,1.0209957,-14.122832,8.669661,True,-4.3000007,6.321296,-10.185247,13.71479,True
2017-09-06 20:40:00,-4.1,89,10,-4.8400006,0.9561307,-14.179741,8.64979,True,-3.4300005,6.181257,-10.29392,13.610283,True
2017-09-06 20:45:00,-3.7099993,89,10,-4.1700006,1.0647827,-14.026439,8.823555,True,-3.109999,5.9883075,-10.387687,13.485699,True
2017-09-06 20:50:00,-3.3899996,89,10,-4.23,1.351194,-13.89379,9.160889,True,-2.5200007,6.2178397,-10.314513,13.749886,True
2017-09-06 20:55:00,-3.4699996,89,10,-4.7500005,1.2671925,-14.017454,9.143208,True,-1.2799991,6.1217,-10.44217,13.705383,True
2017-09-06 21:00:00,-3.3799994,89,10,-5.1700006,1.1425015,-14.049542,9.060961,True,-0.44000086,5.7670455,-10.641754,13.395672,True
2017-09-06 21:05:00,-3.1399996,89,11,-5.0400004,1.2787663,-13.882757,9.234535,True,-0.38999972,5.7843165,-10.564723,13.4451065,True
2017-09-06 21:10:00,-2.4599993,89,12,-4.9600005,2.133539,-13.31167,10.074272,True,-0.8999999,6.787494,-9.907097,14.402287,True
2017-09-06 21:15:00,-2.0100005,89,12,-4.7500005,2.7097661,-13.018677,10.646858,True,-1.1999992,7.464668,-9.55969,15.04607,True
2017-09-06 21:20:00,-2.6299994,89,13,-4.6700006,1.883411,-13.605899,9.843164,True,-0.55999976,6.4445014,-10.258143,14.0530205,True
2017-09-06 21:25:00,-3.57,89,12,-4.3000007,0.8319928,-14.434973,8.795176,True,0.1100003,5.295387,-11.112891,12.907894,True
2017-09-06 21:30:00,-4.8300004,89,10,-4.3800006,-0.647898,-15.411226,7.3011603,True,1.139999,3.615732,-12.171316,11.22975,True
2017-09-06 21:35:00,-5.1700006,89,9,-4.3000007,-1.0940498,-15.603494,6.801824,True,3.1900003,3.062864,-12.416107,10.625719,True
2017-09-06 21:40:00,-4.8400006,89,9,-3.4300005,-0.5581897,-15.154101,7.2423987,True,5.8299994,3.7909791,-11.808704,11.233955,True
2017-09-06 21:45:00,-4.1700006,89,10,-3.109999,0.3400456,-14.586945,8.115259,True,21.100006,4.893678,-11.109425,12.276451,False
2017-09-06 21:50:00,-4.23,89,10,-2.5200007,0.34376302,-14.825639,8.18298,True,25.98,4.950937,-11.312147,12.37347,False
2017-09-06 21:55:00,-4.7500005,89,9,-1.2799991,-0.28764185,-15.374975,7.541116,True,24.190006,4.2111487,-11.916965,11.619041,False
2017-09-06 22:00:00,-5.1700006,89,9,-0.44000086,-0.9290126,-15.65551,6.869968,True,23.810001,3.3505418,-12.330569,10.739819,False
2017-09-06 22:05:00,-5.0400004,89,9,-0.38999972,-0.80433875,-15.31983,6.881986,True,24.8,3.4593217,-11.988275,10.729687,False
2017-09-06 22:10:00,-4.9600005,89,9,-0.8999999,-0.56103736,-14.977414,7.0089545,True,25.799995,3.858734,-11.491685,10.999228,False
2017-09-06 22:15:00,-4.7500005,89,9,-1.1999992,-0.017309504,-14.621728,7.5875297,True,25.27,4.7219977,-10.882428,11.862528,False
2017-09-06 22:20:00,-4.6700006,89,9,-0.55999976,0.4493977,-14.501305,7.9082637,True,26.41,5.550422,-10.474318,12.506672,False
2017-09-06 22:25:00,-4.3000007,89,10,0.1100003,0.7509648,-14.297431,8.230352,True,25.670002,5.7681327,-10.3470545,12.734009,False
2017-09-06 22:30:00,-4.3800006,89,10,1.139999,0.52957124,-14.50452,8.02276,True,28.25,5.4051204,-10.654519,12.378311,False
2017-09-06 22:35:00,-4.3000007,89,10,3.1900003,0.5048463,-14.428656,7.9793925,True,31.3,5.269119,-10.650255,12.223364,False
2017-09-06 22:40:00,-3.4300005,89,11,5.8299994,1.5824829,-13.589198,8.987463,True,33.65,6.5146136,-9.702811,13.375679,False
2017-09-06 22:45:00,-3.109999,89,11,21.100006,2.5285566,-13.070959,9.920443,False,31.440002,8.038033,-8.739193,14.829292,False
2017-09-06 22:50:00,-2.5200007,89,11,25.98,4.0340133,-12.083065,11.322338,False,30.82,10.354204,-7.1311736,16.97287,False
2017-09-06 22:55:00,-1.2799991,89,13,24.190006,4.640634,-11.3127775,11.86866,False,30.490002,10.319641,-6.9165807,16.907131,False
2017-09-06 23:00:00,-0.44000086,89,13,23.810001,5.1722693,-10.96933,12.244394,False,34.240005,10.519552,-6.8765044,16.961018,False
2017-09-06 23:05:00,-0.38999972,89,13,24.8,5.0420966,-11.483746,12.1815605,False,34.29,10.208454,-7.5568776,16.708557,False
2017-09-06 23:10:00,-0.8999999,89,12,25.799995,7.418216,-13.008232,15.275337,False,34.46,15.118519,-7.3473754,21.995903,False
2017-09-06 23:15:00,-1.1999992,89,12,25.27,12.981007,-17.083435,23.080929,False,32.7,24.834904,-8.97124,33.008263,True
2017-09-06 23:20:00,-0.55999976,89,12,26.41,16.8656,-17.79535,28.113548,True,33.36,30.143955,-8.980164,39.113358,True
2017-09-06 23:25:00,0.1100003,89,13,25.670002,20.048767,-19.076061,31.865482,True,34.82,33.94445,-10.104146,43.321976,True
2017-09-06 23:30:00,1.139999,89,15,28.25,22.238693,-19.900723,34.406593,True,35.06,36.057083,-11.164517,45.81059,True
2017-09-06 23:35:00,3.1900003,89,16,31.3,24.190128,-18.621143,36.159313,True,37.36,37.3609,-10.535584,47.222904,True
2017-09-06 23:40:00,5.8299994,89,20,33.65,25.63546,-17.804121,36.937405,True,33.65,37.68849,-10.495251,47.176334,True
2017-09-06 23:45:00,21.100006,89,38,31.440002,35.52484,-12.638199,46.1852,True,33.810005,42.45376,-8.874504,52.65433,True
2017-09-06 23:50:00,25.98,89,46,30.82,38.16637,-12.740691,49.151844,True,31.470001,43.523197,-9.831823,54.259495,True
2017-09-06 23:55:00,24.190006,89,44,30.490002,36.97488,-13.350296,48.439396,True,29.05,42.862133,-10.117176,53.959003,True
2017-09-07 00:00:00,23.810001,89,42,34.240005,36.98613,-13.003053,48.613895,True,27.920002,43.091667,-9.696834,54.37012,True
2017-09-07 00:05:00,24.8,89,43,34.29,37.046856,-11.726929,48.77528,True,28.420002,42.767136,-8.621981,54.168484,True
2017-09-07 00:10:00,25.799995,89,43,34.46,35.71596,-11.742743,47.287815,True,29.52,40.5828,-8.912849,51.698017,True
2017-09-07 00:15:00,25.27,89,45,32.7,34.27441,-12.137854,45.871273,True,29.310001,38.911907,-9.327483,49.958813,True
2017-09-07 00:20:00,26.41,89,47,33.36,35.94125,-13.499262,48.175236,True,29.720001,40.54186,-10.721602,52.314182,True
2017-09-07 00:25:00,25.670002,89,44,34.82,35.365284,-12.742268,46.733173,True,31.64,40.18305,-9.880336,51.064945,True
2017-09-07 00:30:00,28.25,89,48,35.06,34.63765,-18.444347,45.78995,True,31.21,37.77058,-16.233406,48.39797,True
2017-09-07 00:35:00,31.3,89,48,37.36,35.818695,-15.801214,46.357235,True,28.95,37.907017,-14.211764,48.030094,True
2017-09-07 00:40:00,33.65,89,53,33.65,35.538654,-16.847267,45.832584,True,28.09,36.23802,-16.000513,46.189816,True
2017-09-07 00:45:00,31.440002,89,53,33.810005,34.241917,-16.0474,44.301716,True,27.73,35.504353,-14.875566,45.155903,True
2017-09-07 00:50:00,30.82,89,48,31.470001,33.975872,-16.549028,44.06159,True,25.89,35.44172,-15.240011,45.093365,True
2017-09-07 00:55:00,30.490002,89,46,29.05,34.71231,-11.408821,44.285,True,23.79,36.76214,-9.881153,45.897846,True
2017-09-07 01:00:00,34.240005,89,50,27.920002,37.599663,-6.9390388,47.216816,True,22.600002,39.019924,-5.8190656,48.295506,True
2017-09-07 01:05:00,34.29,89,52,28.420002,37.845642,-5.6472945,47.633717,True,22.75,39.343147,-4.4981904,48.802113,True
2017-09-07 01:10:00,34.46,89,49,29.52,38.41083,-8.112272,49.417812,True,22.86,40.0205,-6.857221,50.71171,True
2017-09-07 01:15:00,32.7,89,50,29.310001,37.153736,-10.532982,48.65305,True,22.36,39.080006,-9.062135,50.225513,True
2017-09-07 01:20:00,33.36,89,49,29.720001,36.260098,-8.9908085,46.431164,True,19.870003,37.486507,-7.900082,47.308315,True
2017-09-07 01:25:00,34.82,89,51,31.64,36.8176,-7.4813695,46.231182,True,17.530003,37.5669,-6.648968,46.656322,True
2017-09-07 01:30:00,35.06,89,50,31.21,36.922676,-4.627174,45.66357,True,16.650002,37.619896,-3.8523724,46.04407,True
2017-09-07 01:35:00,37.36,89,54,28.95,38.664135,-3.7320397,47.320515,True,13.810001,39.03127,-3.1244814,47.384113,True
2017-09-07 01:40:00,33.65,89,52,28.09,36.198334,-6.871019,44.712147,True,11.630001,37.27622,-5.852755,45.44647,True
2017-09-07 01:45:00,33.810005,89,48,27.73,35.05863,-11.975618,43.918617,True,9.780001,35.448254,-11.228508,43.973682,True
2017-09-07 01:50:00,31.470001,89,49,25.89,30.760078,-21.947002,40.528515,True,7.2399993,30.048943,-21.765123,39.59168,True
2017-09-07 01:55:00,29.05,89,45,23.79,25.871449,-30.87965,36.813313,True,4.6300006,23.475906,-31.783848,34.505985,True
2017-09-07 02:00:00,27.920002,89,42,22.600002,22.459839,-33.93185,34.113567,True,2.9199998,18.265297,-35.943645,30.364594,True
2017-09-07 02:05:00,28.420002,89,42,22.75,20.127499,-36.2944,32.80994,True,1.0300003,13.647045,-39.610565,27.22644,True
2017-09-07 02:10:00,29.52,89,45,22.86,19.090328,-33.642246,32.40566,True,-1.110001,10.783577,-37.758034,25.273808,True
2017-09-07 02:15:00,29.310001,89,44,22.36,17.304722,-32.687103,31.7593,True,-2.0599997,7.469688,-37.34687,23.358894,True
2017-09-07 02:20:00,29.720001,89,45,19.870003,16.559685,-32.931564,32.408096,True,-4.1600003,5.687288,-37.93237,23.162296,True
2017-09-07 02:25:00,31.64,89,47,17.530003,15.326744,-40.10913,33.466213,True,-5.03,1.9598271,-46.36669,22.37756,True
2017-09-07 02:30:00,31.21,89,47,16.650002,15.059124,-39.979378,34.292942,True,-4.4500003,1.7166096,-45.95707,23.217644,True
2017-09-07 02:35:00,28.95,89,47,13.810001,11.301323,-45.516277,32.58262,True,-1.4100002,-3.6976225,-51.859493,20.287144,True
2017-09-07 02:40:00,28.09,89,45,11.630001,9.097143,-49.34338,31.997688,True,-1.4100002,-7.212259,-55.928402,18.695793,True
2017-09-07 02:45:00,27.73,89,45,9.780001,7.1344085,-51.475613,31.184654,True,-1.6199993,-10.666864,-58.364624,16.642284,True
2017-09-07 02:50:00,25.89,89,44,7.2399993,3.3638742,-53.84073,28.480522,True,-1.4699997,-16.210363,-61.074806,12.39225,True
2017-09-07 02:55:00,23.79,89,41,4.6300006,-2.3852408,-59.748344,24.58068,True,-0.66000015,-24.749737,-67.63222,6.1126056,True
2017-09-07 03:00:00,22.600002,89,39,2.9199998,-7.649606,-66.484055,21.466156,True,-2.2700007,-32.79403,-75.14685,0.7502553,True
2017-09-07 03:05:00,22.75,89,38,1.0300003,-7.688437,-63.801857,21.3619,True,-6.89,-32.988758,-72.181145,0.2373635,True
2017-09-07 03:10:00,22.86,89,39,-1.110001,-8.382951,-63.732674,21.28328,True,-8.22,-34.17878,-72.0312,-0.3754886,True
2017-09-07 03:15:00,22.36,89,41,-2.0599997,-8.794157,-62.63105,21.203648,True,-12.88,-34.47766,-70.72457,-0.4948314,True
2017-09-07 03:20:00,19.870003,89,39,-4.1600003,-9.620256,-59.721092,20.653946,True,-16.07,-33.7431,-66.98337,-0.07780297,True
2017-09-07 03:25:00,17.530003,89,35,-5.03,-9.785064,-57.330147,20.83947,True,-17.5,-31.946085,-63.8019,1.566589,True
2017-09-07 03:30:00,16.650002,89,34,-4.4500003,-8.36191,-54.48609,22.187092,True,-18.08,-28.567688,-60.236668,4.474159,True
2017-09-07 03:35:00,13.810001,89,32,-1.4100002,-7.9937816,-51.522717,22.372753,True,-17.72,-25.57413,-56.667255,6.88133,True
2017-09-07 03:40:00,11.630001,89,29,-1.4100002,-7.612287,-48.677742,22.293488,True,-16.26,-23.090124,-53.39829,8.597109,True
2017-09-07 03:45:00,9.780001,89,27,-1.6199993,-7.570041,-49.253635,22.916103,True,-14.87,-21.502014,-53.574192,10.675783,True
2017-09-07 03:50:00,7.2399993,89,25,-1.4699997,-6.4736724,-47.578747,24.044052,True,-13.81,-17.31587,-50.808823,14.519295,True
2017-09-07 03:55:00,4.6300006,89,22,-0.66000015,-5.098184,-44.89005,24.874226,True,-12.32,-12.581512,-46.860634,18.273361,True
2017-09-07 04:00:00,2.9199998,89,19,-2.2700007,-2.165398,-39.608864,25.921852,True,-10.59,-6.03328,-40.294193,22.49057,True
2017-09-07 04:05:00,1.0300003,89,18,-6.89,-0.53381187,-32.55085,23.752048,True,-9.06,-1.6788296,-32.2192,22.632244,True
2017-09-07 04:10:00,-1.110001,89,15,-8.22,-0.9226592,-32.815567,22.165405,True,-9.330001,-0.699446,-31.784397,22.191856,True
2017-09-07 04:15:00,-2.0599997,89,13,-12.88,-1.6740612,-36.01648,21.601303,True,-9.42,-1.2889313,-34.84587,21.753483,True
2017-09-07 04:20:00,-4.1600003,89,12,-16.07,-4.0028977,-39.234707,19.54366,True,-9.58,-3.7885516,-38.15217,19.554768,True
2017-09-07 04:25:00,-5.03,89,10,-17.5,-5.7764735,-42.240986,18.572811,True,-9.02,-6.275743,-41.55049,18.005768,True
2017-09-07 04:30:00,-4.4500003,89,11,-18.08,-6.087834,-41.688274,18.20451,True,-8.83,-7.30837,-41.413677,17.052837,True
2017-09-07 04:35:00,-1.4100002,89,16,-17.72,-4.412893,-38.82733,18.928074,True,-6.53,-6.763059,-39.166782,16.841736,True
2017-09-07 04:40:00,-1.4100002,89,18,-16.26,-5.0471816,-37.95682,18.160824,True,-6.1,-7.92485,-38.631348,15.642399,True
2017-09-07 04:45:00,-1.6199993,89,17,-14.87,-5.9890914,-37.396877,17.201866,True,-4.8000007,-9.462933,-38.433002,14.188732,True
2017-09-07 04:50:00,-1.4699997,89,17,-13.81,-6.2342343,-36.78541,16.998615,True,-9.85,-10.04426,-38.03263,13.7165985,True
2017-09-07 04:55:00,-0.66000015,89,19,-12.32,-5.6723866,-36.43504,18.094059,True,-15.54,-9.689156,-37.743435,14.666767,True
2017-09-07 05:00:00,-2.2700007,89,19,-10.59,-7.811378,-38.02901,16.850754,True,-21.42,-12.235265,-39.574783,13.096088,True
2017-09-07 05:05:00,-6.89,89,18,-9.06,-11.990692,-40.915314,14.145401,True,-27.83,-15.983803,-42.315403,10.751059,True
2017-09-07 05:10:00,-8.22,89,16,-9.330001,-13.297137,-42.207497,13.481022,True,-31.1,-17.251202,-43.5969,10.134933,True
2017-09-07 05:15:00,-12.88,89,16,-9.42,-17.612682,-44.73267,9.760647,True,-32.01,-21.229763,-46.087166,6.687053,True
2017-09-07 05:20:00,-16.07,89,13,-9.58,-20.444838,-45.788845,6.9435496,True,-33.97,-23.727066,-47.051746,4.135183,True
2017-09-07 05:25:00,-17.5,89,12,-9.02,-21.499107,-45.52405,5.675176,True,-34.18,-24.466572,-46.66419,3.1206548,True
2017-09-07 05:30:00,-18.08,89,11,-8.83,-22.09971,-45.661846,4.8889194,True,-33.46,-25.092163,-46.853893,2.3172853,True
2017-09-07 05:35:00,-17.72,89,11,-6.53,-21.227238,-44.562763,5.330568,True,-31.57,-23.84058,-45.515125,3.0767133,True
2017-09-07 05:40:00,-16.26,89,11,-6.1,-19.778336,-43.34177,6.396322,True,-28.51,-22.433264,-44.296482,4.119304,True
2017-09-07 05:45:00,-14.87,89,11,-4.8000007,-20.312346,-45.68952,6.553861,True,-27.44,-24.550528,-47.549107,3.0242689,True
2017-09-07 05:50:00,-13.81,89,11,-9.85,-19.815248,-47.6289,7.9351993,True,-24.57,-24.585644,-49.67784,4.0550075,True
2017-09-07 05:55:00,-12.32,89,10,-15.54,-19.206018,-53.52325,10.941929,True,-22.53,-24.78124,-55.79362,6.6247973,True
2017-09-07 06:00:00,-10.59,89,10,-21.42,-19.437563,-59.48685,12.652061,True,-23.82,-26.646013,-62.45427,7.27758,True
2017-09-07 06:05:00,-9.06,89,10,-27.83,-20.328787,-62.09898,12.222155,True,-24.9,-29.482246,-65.94815,5.440088,True
2017-09-07 06:10:00,-9.330001,89,10,-31.1,-23.820913,-65.567245,9.683855,True,-26.68,-35.414215,-70.67945,1.0940739,True
2017-09-07 06:15:00,-9.42,89,12,-32.01,-26.421822,-60.536964,4.6741767,True,-28.8,-39.926,-66.89624,-5.7487407,True
2017-09-07 06:20:00,-9.58,89,13,-33.97,-28.889875,-59.764946,2.1490972,True,-29.25,-43.936695,-66.98368,-9.718183,True
2017-09-07 06:25:00,-9.02,89,13,-34.18,-31.132935,-60.718723,1.2004086,True,-30.330002,-47.674175,-68.45601,-12.124877,True
2017-09-07 06:30:00,-8.83,89,13,-33.46,-32.892265,-60.93538,0.759031,True,-31.28,-50.010727,-68.719246,-13.387493,True
2017-09-07 06:35:00,-6.53,89,17,-31.57,-32.457153,-60.76754,2.5140054,True,-31.87,-50.072308,-68.20557,-12.411597,True
2017-09-07 06:40:00,-6.1,89,17,-28.51,-31.501421,-59.638805,4.349712,True,-33.14,-48.415047,-66.50594,-10.199259,True
2017-09-07 06:45:00,-4.8000007,89,21,-27.44,-28.438904,-57.9482,7.9168906,True,-32.0,-44.241867,-63.93556,-5.7527843,True
2017-09-07 06:50:00,-9.85,89,20,-24.57,-30.075047,-57.273594,6.2030044,True,-28.16,-43.162575,-62.41725,-5.30228,True
2017-09-07 06:55:00,-15.54,89,16,-22.53,-30.090904,-55.493492,6.1524997,True,-22.15,-39.47628,-59.36919,-2.1007693,True
2017-09-07 07:00:00,-21.42,89,12,-23.82,-30.836603,-56.884094,6.5009,True,-14.48,-36.949757,-59.422752,1.2243801,True
2017-09-07 07:05:00,-27.83,89,6,-24.9,-33.522263,-58.38279,3.4172876,True,-10.74,-37.13673,-59.83557,0.31962362,True
2017-09-07 07:10:00,-31.1,89,0,-26.68,-34.781063,-58.320457,0.81484765,True,-7.9500003,-37.057,-59.115696,-1.134108,True
2017-09-07 07:15:00,-32.01,89,-2,-28.8,-34.714153,-57.5873,-0.20832284,True,-6.43,-36.358482,-58.051792,-1.6087383,True
2017-09-07 07:20:00,-33.97,89,-2,-29.25,-35.757042,-57.602604,-1.8449672,True,-7.7900004,-36.77327,-57.718838,-2.7179892,True
2017-09-07 07:25:00,-34.18,89,-5,-30.330002,-35.971138,-57.356815,-2.6531622,True,-9.309999,-37.004486,-57.513153,-3.5340521,True
2017-09-07 07:30:00,-33.46,89,-6,-31.28,-35.292244,-56.75382,-2.179289,True,-9.5,-36.371964,-56.954697,-3.0901167,True
2017-09-07 07:35:00,-31.57,89,-6,-31.87,-33.838566,-55.117535,-1.1191372,True,-10.16,-35.249386,-55.53848,-2.3038218,True
2017-09-07 07:40:00,-28.51,89,-6,-33.14,-32.188175,-54.430233,0.59617394,True,-11.29,-34.659836,-55.486637,-1.4525036,True
2017-09-07 07:45:00,-27.44,89,-5,-32.0,-31.87256,-54.47423,1.2035996,True,-11.36,-34.905407,-55.853416,-1.3007168,True
2017-09-07 07:50:00,-24.57,89,-2,-28.16,-30.196651,-54.264835,3.2351434,True,-11.4,-34.146107,-56.099777,0.00070158974,True
2017-09-07 07:55:00,-22.53,89,1,-22.15,-29.070404,-54.51049,4.7965693,True,-13.57,-33.708233,-56.638283,1.0161644,True
2017-09-07 08:00:00,-23.82,89,0,-14.48,-30.708803,-56.74423,4.0999465,True,-15.73,-35.59282,-59.055332,0.16064994,True
2017-09-07 08:05:00,-24.9,89,-1,-10.74,-32.068024,-58.3529,3.4889848,True,-17.74,-37.119892,-60.772743,-0.57930976,True
2017-09-07 08:10:00,-26.68,89,-3,-7.9500003,-33.88382,-59.75846,2.6043527,True,-19.85,-38.926846,-62.24237,-1.4415516,True
2017-09-07 08:15:00,-28.8,89,-3,-6.43,-35.83375,-60.38727,1.1325184,True,-21.14,-40.682625,-62.860085,-2.778662,True
2017-09-07 08:20:00,-29.25,89,-6,-7.7900004,-35.74861,-59.629253,1.1658798,True,-23.25,-40.10787,-61.786266,-2.4233172,True
2017-09-07 08:25:00,-30.330002,89,-7,-9.309999,-36.247528,-59.960342,0.89229935,True,-24.95,-40.115185,-61.822887,-2.3455393,True
2017-09-07 08:30:00,-31.28,89,-8,-9.5,-36.954765,-60.620663,0.5464131,True,-26.12,-40.63408,-62.42088,-2.530987,True
2017-09-07 08:35:00,-31.87,89,-9,-10.16,-36.932163,-61.16796,0.9968259,True,-27.32,-40.182365,-62.723667,-1.7315086,True
2017-09-07 08:40:00,-33.14,89,-11,-11.29,-37.370323,-61.181988,0.3458325,True,-27.25,-40.0524,-62.462738,-1.9038395,True
2017-09-07 08:45:00,-32.0,89,-12,-11.36,-35.945683,-59.722176,0.8939263,True,-23.63,-38.44694,-60.892715,-1.2189201,True
2017-09-07 08:50:00,-28.16,89,-13,-11.4,-32.22919,-57.458694,3.9355142,True,-21.91,-34.87881,-58.646828,1.7132965,True
2017-09-07 08:55:00,-22.15,89,-14,-13.57,-26.694366,-54.36387,8.563534,True,-21.26,-29.765308,-55.650707,6.009174,True
2017-09-07 09:00:00,-14.48,89,-14,-15.73,-19.710854,-50.821747,14.457924,True,-20.06,-23.355057,-52.205647,11.456657,True
2017-09-07 09:05:00,-10.74,89,-14,-17.74,-15.609458,-49.81437,18.473576,True,-19.01,-19.023321,-51.02286,15.716499,True
2017-09-07 09:10:00,-7.9500003,89,-14,-19.85,-12.273317,-48.865932,21.68874,True,-17.86,-15.275386,-49.850956,19.286514,True
2017-09-07 09:15:00,-6.43,89,-14,-21.14,-10.195758,-48.5575,24.10049,True,-17.36,-12.755264,-49.301926,22.041061,True
2017-09-07 09:20:00,-7.7900004,89,-12,-23.25,-10.977941,-48.351574,23.352146,True,-17.51,-13.112658,-48.96512,21.6259,True
2017-09-07 09:25:00,-9.309999,89,-9,-24.95,-11.870532,-47.76368,22.388824,True,-18.24,-13.544449,-48.23537,21.029587,True
2017-09-07 09:30:00,-9.5,89,-9,-26.12,-11.727091,-47.416645,22.825,True,-18.48,-13.158327,-47.796524,21.652973,True
2017-09-07 09:35:00,-10.16,89,-9,-27.32,-12.169533,-46.943707,22.489788,True,-19.03,-13.447529,-47.287334,21.432045,True
2017-09-07 09:40:00,-11.29,89,-10,-27.25,-13.448542,-46.68644,21.20647,True,-19.1,-14.853498,-47.135345,20.042446,True
2017-09-07 09:45:00,-11.36,89,-10,-23.63,-14.083155,-47.254204,20.756084,True,-18.49,-15.918765,-47.9188,19.238762,True
2017-09-07 09:50:00,-11.4,89,-8,-21.91,-14.640982,-47.544514,20.045979,True,-18.17,-16.868505,-48.412567,18.199287,True
2017-09-07 09:55:00,-13.57,89,-8,-21.26,-16.97451,-48.10901,17.6809,True,-20.02,-19.317383,-49.10402,15.720299,True
2017-09-07 10:00:00,-15.73,89,-8,-20.06,-19.062334,-49.45087,16.143337,True,-20.83,-21.338879,-50.467255,14.219498,True
2017-09-07 10:05:00,-17.74,89,-8,-19.01,-20.781574,-49.87626,14.483093,True,-20.47,-22.828701,-50.845467,12.73502,True
2017-09-07 10:10:00,-19.85,89,-8,-17.86,-22.512129,-49.682747,12.509369,True,-19.2,-24.270664,-50.573734,10.982445,True
2017-09-07 10:15:00,-21.14,89,-7,-17.36,-23.330658,-49.124863,11.495665,True,-15.41,-24.741127,-49.883675,10.247393,True
2017-09-07 10:20:00,-23.25,89,-8,-17.51,-24.876337,-48.625847,9.173216,True,-13.25,-25.871922,-49.223835,8.267803,True
2017-09-07 10:25:00,-24.95,89,-10,-18.24,-26.029861,-48.004787,7.254827,True,-12.34,-26.63574,-48.436813,6.6786284,True
2017-09-07 10:30:00,-26.12,89,-12,-18.48,-26.570328,-47.474903,6.148187,True,-10.86,-26.731901,-47.683323,5.950954,True
2017-09-07 10:35:00,-27.32,89,-13,-19.03,-27.016562,-47.157997,5.1877303,True,-9.53,-26.645725,-47.072323,5.449205,True
2017-09-07 10:40:00,-27.25,89,-15,-19.1,-26.864021,-46.373486,4.4773,True,-10.01,-26.442356,-46.27475,4.784082,True
2017-09-07 10:45:00,-23.63,89,-14,-18.49,-23.635307,-44.13463,6.8081317,True,-10.19,-23.493288,-44.223297,6.8722835,True
2017-09-07 10:50:00,-21.91,89,-14,-18.17,-21.596487,-43.136944,8.397051,True,-8.37,-21.21947,-43.1125,8.663675,True
2017-09-07 10:55:00,-21.26,89,-15,-20.02,-20.534292,-42.900307,9.046944,True,-8.3,-19.849846,-42.72813,9.574734,True
2017-09-07 11:00:00,-20.06,89,-15,-20.83,-19.39766,-42.20871,9.531742,True,-8.29,-18.763048,-42.080715,10.014814,True
2017-09-07 11:05:00,-19.01,89,-14,-20.47,-18.073002,-41.73983,10.476614,True,-7.7400002,-17.22685,-41.522873,11.135687,True
2017-09-07 11:10:00,-17.86,89,-14,-19.2,-17.967072,-40.40649,9.031929,True,-8.31,-17.9201,-40.63309,9.01712,True
2017-09-07 11:15:00,-17.36,89,-13,-15.41,-17.812315,-39.361862,8.46364,True,-6.8300004,-18.035265,-39.754845,8.220631,True
2017-09-07 11:20:00,-17.51,89,-12,-13.25,-17.16867,-39.05791,9.01679,True,-6.64,-16.796497,-39.138126,9.280205,True
2017-09-07 11:25:00,-18.24,89,-11,-12.34,-15.889538,-39.56053,10.904207,True,-6.6300006,-13.96845,-38.828136,12.471329,True
2017-09-07 11:30:00,-18.48,89,-9,-10.86,-14.982594,-39.840256,11.882196,True,-6.39,-12.154187,-38.65491,14.203957,True
2017-09-07 11:35:00,-19.03,89,-8,-9.53,-15.126386,-41.08891,12.042915,True,-6.02,-11.974769,-39.794483,14.635468,True
2017-09-07 11:40:00,-19.1,89,-7,-10.01,-15.736845,-41.60386,10.969366,True,-5.72,-13.020422,-40.562054,13.211815,True
2017-09-07 11:45:00,-18.49,89,-6,-10.19,-15.902881,-41.52271,10.261066,True,-6.319999,-13.820791,-40.83553,11.972647,True
2017-09-07 11:50:00,-18.17,89,-4,-8.37,-16.262516,-41.094223,9.326405,True,-6.2100005,-14.729925,-40.696026,10.576281,True
2017-09-07 11:55:00,-20.02,89,-4,-8.3,-18.605171,-40.954983,6.2220798,True,-5.39,-17.486595,-40.74815,7.1293616,True
2017-09-07 12:00:00,-20.83,89,-6,-8.29,-18.691042,-38.786587,4.889829,True,-5.0000005,-17.038843,-38.22639,6.2685103,True
2017-09-07 12:05:00,-20.47,89,-6,-7.7400002,-18.428078,-37.64234,4.37178,True,-4.2000003,-16.848734,-37.108055,5.692167,True
2017-09-07 12:10:00,-19.2,89,-4,-8.31,-17.558756,-35.89134,3.6143491,True,-5.1,-16.262356,-35.509514,4.6926913,True
2017-09-07 12:15:00,-15.41,89,0,-6.8300004,-15.571113,-32.952843,3.4539297,True,-4.98,-15.674408,-33.435356,3.3387086,True
2017-09-07 12:20:00,-13.25,89,3,-6.64,-15.143102,-32.034405,2.3099763,True,-3.7999995,-16.631449,-33.37347,1.0093781,True
2017-09-07 12:25:00,-12.34,89,3,-6.6300006,-14.668368,-30.60668,1.3136708,True,-3.1700003,-16.538921,-32.203014,-0.3036922,True
2017-09-07 12:30:00,-10.86,89,3,-6.39,-13.352062,-29.014103,1.463617,True,-3.8300002,-15.385409,-30.729221,-0.28107104,True
2017-09-07 12:35:00,-9.53,89,3,-6.02,-11.851071,-27.423094,1.9767262,True,-4.3000007,-13.77318,-29.079832,0.34415975,True
2017-09-07 12:40:00,-10.01,89,5,-5.72,-12.11509,-27.017689,0.99702424,True,-5.68,-13.877046,-28.608137,-0.48661456,True
2017-09-07 12:45:00,-10.19,89,3,-6.319999,-12.428107,-26.839853,0.11710136,True,-6.0800004,-14.32158,-28.536503,-1.4746383,True
2017-09-07 12:50:00,-8.37,89,5,-6.2100005,-10.62664,-24.96791,0.976751,True,-6.53,-12.558216,-26.696907,-0.6340907,True
2017-09-07 12:55:00,-8.3,89,5,-5.39,-9.411701,-23.494022,1.1729561,True,-6.7000003,-10.372116,-24.583157,0.4287602,True
2017-09-07 13:00:00,-8.29,89,4,-5.0000005,-8.484605,-22.349068,1.2276703,True,-8.01,-8.639269,-22.879234,1.2062165,True
2017-09-07 13:05:00,-7.7400002,89,5,-4.2000003,-7.152435,-20.7493,1.4366013,True,-8.19,-6.595368,-20.750422,2.0579069,True
2017-09-07 13:10:00,-8.31,89,3,-5.1,-7.0026116,-20.368761,0.8915116,True,-8.59,-5.7766356,-19.864708,2.1217268,True
2017-09-07 13:15:00,-6.8300004,89,4,-4.98,-4.9636884,-18.48812,2.1462305,True,-8.78,-3.1947043,-17.571472,3.8778799,True
2017-09-07 13:20:00,-6.64,89,3,-3.7999995,-4.3221135,-17.779715,2.3161066,True,-8.71,-2.1136973,-16.522957,4.457563,True
2017-09-07 13:25:00,-6.6300006,89,3,-3.1700003,-3.7124312,-17.276241,2.6776578,True,-8.469999,-0.9225467,-15.580006,5.351127,True
2017-09-07 13:30:00,-6.39,89,3,-3.8300002,-3.3284419,-16.597794,2.646526,True,-8.03,-0.4089912,-14.756515,5.462808,True
2017-09-07 13:35:00,-6.02,89,3,-4.3000007,-2.3254397,-15.6453495,3.2199857,True,-8.72,1.2203308,-13.312409,6.6191306,True
2017-09-07 13:40:00,-5.72,89,3,-5.68,-2.2016585,-15.18215,3.0238664,True,-8.450001,1.2220188,-12.939339,6.338943,True
2017-09-07 13:45:00,-6.319999,89,2,-6.0800004,-3.729499,-15.898227,1.5485779,True,-7.4500003,-1.1934265,-14.307678,4.0903697,True
2017-09-07 13:50:00,-6.2100005,89,2,-6.53,-3.897568,-16.088139,1.5000206,True,-8.24,-1.6193813,-14.72555,3.816038,True
2017-09-07 13:55:00,-5.39,89,2,-6.7000003,-3.5136874,-15.748471,1.8643471,True,-8.24,-1.6275638,-14.745814,3.846937,True
2017-09-07 14:00:00,-5.0000005,89,2,-8.01,-3.378836,-15.954727,2.2964857,True,-7.4900002,-1.7255768,-15.196127,4.0815883,True
2017-09-07 14:05:00,-4.2000003,89,2,-8.19,-3.2501605,-16.177908,2.6518075,True,-7.0500007,-2.2405207,-15.95422,3.872938,True
2017-09-07 14:10:00,-5.1,89,3,-8.59,-4.3313775,-17.526237,2.052532,True,-6.36,-3.5080855,-17.474483,3.1178205,True
2017-09-07 14:15:00,-4.98,89,1,-8.78,-4.8636203,-18.440685,1.8201386,True,-5.8400006,-4.6870513,-18.893732,2.316923,True
2017-09-07 14:20:00,-3.7999995,89,2,-8.71,-4.3945823,-18.410368,2.4712713,True,-5.57,-4.9138026,-19.374395,2.3616598,True
2017-09-07 14:25:00,-3.1700003,89,2,-8.469999,-3.806204,-18.01997,3.124996,True,-5.18,-4.3630443,-19.021364,2.995424,True
2017-09-07 14:30:00,-3.8300002,89,0,-8.03,-3.7433484,-17.96524,3.0660322,True,-4.7500005,-3.5917418,-18.49056,3.5865457,True
2017-09-07 14:35:00,-4.3000007,89,-6,-8.72,-3.363661,-17.556845,3.106693,True,-4.4900002,-2.3666365,-17.482565,4.400705,True
2017-09-07 14:40:00,-5.68,89,-7,-8.450001,-4.4557405,-18.11388,1.7317444,True,-4.0899997,-3.1733725,-17.803703,3.3065336,True
2017-09-07 14:45:00,-6.0800004,89,-7,-7.4500003,-4.8724866,-18.057205,1.0132328,True,-4.1200004,-3.6006835,-17.722956,2.6030214,True
2017-09-07 14:50:00,-6.53,89,-7,-8.24,-5.2431245,-17.845013,0.049546883,True,-3.57,-3.868317,-17.394363,1.7635819,True
2017-09-07 14:55:00,-6.7000003,89,-7,-8.24,-4.8895926,-17.643925,0.14781348,True,-4.2000003,-2.9398673,-16.770535,2.400787,True
2017-09-07 15:00:00,-8.01,89,-7,-7.4900002,-5.841286,-18.360498,-0.9204448,True,-4.1,-3.513508,-17.16647,1.70318,True
2017-09-07 15:05:00,-8.19,89,-8,-7.0500007,-5.899245,-18.377064,-1.1002258,True,-3.6800005,-3.4241145,-17.066402,1.6836468,True
2017-09-07 15:10:00,-8.59,89,-7,-6.36,-6.321881,-18.664953,-1.62896,True,-3.32,-3.851166,-17.339243,1.1672951,True
2017-09-07 15:15:00,-8.78,89,-6,-5.8400006,-6.357553,-18.627123,-1.7877201,True,-3.0200007,-3.7043765,-17.152866,1.2011124,True
2017-09-07 15:20:00,-8.71,89,-5,-5.57,-5.9419227,-18.258318,-1.5178932,True,-2.609999,-2.8976367,-16.466097,1.8459297,True
2017-09-07 15:25:00,-8.469999,89,-3,-5.18,-5.2084584,-17.593254,-1.0401291,True,-2.1299994,-1.6104625,-15.353107,2.8606641,True
2017-09-07 15:30:00,-8.03,89,-3,-4.7500005,-4.3035026,-16.802383,-0.42724833,True,-1.7199997,-0.17612298,-14.126185,3.9796293,True
2017-09-07 15:35:00,-8.72,89,-2,-4.4900002,-4.8249097,-17.240074,-1.0165848,True,-1.2700008,-0.47744974,-14.361813,3.6173284,True
2017-09-07 15:40:00,-8.450001,89,-3,-4.0899997,-4.3217196,-16.967978,-0.591265,True,-0.5299991,0.28776708,-13.879677,4.2868056,True
2017-09-07 15:45:00,-7.4500003,89,-1,-4.1200004,-3.0036032,-15.989623,0.6177289,True,0.19000022,1.9720188,-12.665483,5.8393474,True
2017-09-07 15:50:00,-8.24,89,0,-3.57,-3.5746634,-16.659634,0.13255851,True,0.05000083,1.6637875,-13.116663,5.598579,True
2017-09-07 15:55:00,-8.24,89,-1,-4.2000003,-3.2984698,-16.636435,0.49610868,True,0.15999953,2.2640798,-12.876246,6.256967,True
2017-09-07 16:00:00,-7.4900002,89,0,-4.1,-2.39234,-15.945704,1.4344898,True,0.32000127,3.3431718,-12.101763,7.35296,True
2017-09-07 16:05:00,-7.0500007,89,2,-3.6800005,-2.0035594,-15.640801,1.9518124,True,0.75999993,3.6840036,-11.876328,7.8237224,True
2017-09-07 16:10:00,-6.36,89,3,-3.32,-1.707621,-15.194694,2.370567,True,1.1100003,3.5489423,-11.79063,7.8604426,True
2017-09-07 16:15:00,-5.8400006,89,3,-3.0200007,-1.6646045,-14.991854,2.60243,True,1.3800007,3.0673616,-12.00499,7.6133647,True
2017-09-07 16:20:00,-5.57,89,3,-2.609999,-1.6201576,-15.031258,2.842056,True,1.9099995,2.8629434,-12.270343,7.6181045,True
2017-09-07 16:25:00,-5.18,89,4,-2.1299994,-1.1668972,-15.0121355,3.5495527,True,1.7900006,3.3821218,-12.268507,8.360598,True
2017-09-07 16:30:00,-4.7500005,89,4,-1.7199997,-0.5571731,-14.75396,4.310037,True,2.2499998,4.186628,-11.9128475,9.287401,True
2017-09-07 16:35:00,-4.4900002,89,4,-1.2700008,-0.35478434,-14.466327,4.5716395,True,2.7499998,4.3291736,-11.649296,9.495716,True
2017-09-07 16:40:00,-4.0899997,89,5,-0.5299991,0.20369117,-13.895125,5.061891,True,3.1300008,5.066871,-10.938794,10.163076,True
2017-09-07 16:45:00,-4.1200004,89,5,0.19000022,0.428991,-13.75095,5.238977,True,3.7399995,5.5900187,-10.569585,10.616709,True
2017-09-07 16:50:00,-3.57,89,5,0.05000083,1.6218296,-12.810336,6.2683063,True,4.059999,7.4866652,-9.103637,12.2855835,True
2017-09-07 16:55:00,-4.2000003,89,4,0.15999953,1.5448662,-13.04215,6.2070937,True,5.2599998,8.051315,-8.840749,12.810745,True
2017-09-07 17:00:00,-4.1,89,3,0.32000127,1.7958771,-13.0654545,6.5827155,True,6.809999,8.479982,-8.775576,13.331696,True
2017-09-07 17:05:00,-3.6800005,89,4,0.75999993,2.3452432,-12.802764,7.224775,True,7.309999,9.1552105,-8.466053,14.067108,True
2017-09-07 17:10:00,-3.32,89,3,1.1100003,2.9272554,-12.499714,7.8252997,True,8.110001,9.965946,-8.033298,14.86216,True
2017-09-07 17:15:00,-3.0200007,89,4,1.3800007,3.7329614,-11.989773,8.69351,True,7.8800006,11.296141,-7.1692433,16.195778,True
2017-09-07 17:20:00,-2.609999,89,4,1.9099995,4.31521,-11.752485,9.468288,True,6.9600005,12.038361,-6.872784,17.093002,True
2017-09-07 17:25:00,-2.1299994,89,5,1.7900006,4.997915,-11.518102,10.271412,True,7.4999995,12.898178,-6.577459,18.023598,True
2017-09-07 17:30:00,-1.7199997,89,5,2.2499998,5.528093,-11.35131,10.900013,True,9.469999,13.51907,-6.3944592,18.706474,True
2017-09-07 17:35:00,-1.2700008,89,6,2.7499998,6.2795825,-11.260338,11.830534,True,9.77,14.527634,-6.2131915,19.829628,True
2017-09-07 17:40:00,-0.5299991,89,7,3.1300008,7.0320277,-10.809238,12.631435,True,10.360001,15.242706,-5.8405585,20.579319,True
2017-09-07 17:45:00,0.19000022,89,7,3.7399995,7.781177,-10.265839,13.508312,True,10.5,15.973431,-5.340715,21.425232,True
2017-09-07 17:50:00,0.05000083,89,7,4.059999,7.6374145,-10.711894,13.523361,True,10.83,15.818356,-5.824761,21.406254,True
2017-09-07 17:55:00,0.15999953,89,7,5.2599998,7.958938,-10.9539385,13.951519,True,10.85,16.315807,-5.997351,21.952194,True
2017-09-07 18:00:00,0.32000127,89,7,6.809999,8.275133,-11.104561,14.453236,True,13.010002,16.7485,-6.112592,22.528534,True
2017-09-07 18:05:00,0.75999993,89,7,7.309999,8.403902,-11.768288,14.886326,True,13.670002,16.486038,-7.1280828,22.566956,True
2017-09-07 18:10:00,1.1100003,89,7,8.110001,8.787132,-11.502603,15.343872,True,13.119999,16.864704,-6.862618,23.011463,True
2017-09-07 18:15:00,1.3800007,89,7,7.8800006,9.033897,-11.3390665,15.72443,True,9.970001,17.051483,-6.737185,23.332329,True
2017-09-07 18:20:00,1.9099995,89,8,6.9600005,9.696344,-11.129911,16.476963,True,10.380001,17.764748,-6.5233483,24.101643,True
2017-09-07 18:25:00,1.7900006,89,7,7.4999995,9.900791,-10.894998,16.651756,True,12.66,18.280216,-6.068479,24.552956,True
2017-09-07 18:30:00,2.2499998,89,8,9.469999,10.805185,-10.380043,17.582512,True,12.580002,19.524769,-5.353521,25.767273,True
2017-09-07 18:35:00,2.7499998,89,9,9.77,11.152639,-10.169431,18.03463,True,12.18,19.663605,-5.2888722,26.01511,True
2017-09-07 18:40:00,3.1300008,89,9,10.360001,11.855608,-9.702193,18.785385,True,10.369999,20.595875,-4.685288,26.95934,True
2017-09-07 18:45:00,3.7399995,89,9,10.5,12.695641,-9.464585,19.708492,True,9.120001,21.527996,-4.4261355,27.935272,True
2017-09-07 18:50:00,4.059999,89,10,10.83,13.721775,-9.331065,20.85822,True,11.51,23.043724,-4.010443,29.481056,True
2017-09-07 18:55:00,5.2599998,89,12,10.85,15.172829,-9.991911,22.575115,True,10.43,24.397243,-4.855374,31.032017,True
2017-09-07 19:00:00,6.809999,89,13,13.010002,16.125671,-10.246493,23.730663,True,10.66,24.616901,-5.6368766,31.508118,True
2017-09-07 19:05:00,7.309999,89,14,13.670002,16.450172,-9.757997,24.185207,True,8.74,24.739494,-5.2626863,31.793652,True
2017-09-07 19:10:00,8.110001,89,15,13.119999,16.974297,-9.919916,24.807354,True,7.149999,24.927357,-5.6466146,32.091625,True
2017-09-07 19:15:00,7.8800006,89,15,9.970001,16.075016,-9.615626,23.999973,True,5.4199996,23.597618,-5.569264,30.919708,True
2017-09-07 19:20:00,6.9600005,89,14,10.380001,14.713295,-9.20697,22.65416,True,3.3800008,22.036278,-5.2071815,29.430641,True
2017-09-07 19:25:00,7.4999995,89,14,12.66,14.506889,-9.10486,22.643356,True,3.800001,21.11047,-5.529761,28.773483,True
2017-09-07 19:30:00,9.469999,89,17,12.580002,15.249336,-11.61826,24.166153,True,0.40999952,20.470394,-8.965349,28.974766,True
2017-09-07 19:35:00,9.77,89,17,12.18,14.9572525,-13.25504,24.30252,True,-2.859999,19.578468,-10.964869,28.541927,True
2017-09-07 19:40:00,10.360001,89,18,10.369999,15.1206665,-11.106527,24.178059,True,-4.23,19.399052,-8.991252,28.144386,True
2017-09-07 19:45:00,10.5,89,17,9.120001,14.6331215,-10.298651,23.63137,True,-6.9,18.393307,-8.462209,27.138584,True
2017-09-07 19:50:00,10.83,89,17,11.51,15.911251,-9.13856,24.752983,True,-10.26,20.50867,-6.798264,29.000355,False
2017-09-07 19:55:00,10.85,89,17,10.43,15.758778,-8.650441,24.45161,True,-13.67,20.221928,-6.3595843,28.572067,False
2017-09-07 20:00:00,13.010002,89,19,10.66,17.39262,-10.181476,26.501854,True,-14.92,21.162647,-8.319517,29.949623,False
2017-09-07 20:05:00,13.670002,89,18,8.74,17.12899,-13.2741,27.125523,True,-18.81,19.992722,-11.932192,29.72411,False
2017-09-07 20:10:00,13.119999,89,18,7.149999,15.93372,-17.053633,26.690659,True,-25.47,18.208279,-16.036781,28.730747,False
2017-09-07 20:15:00,9.970001,89,15,5.4199996,11.786045,-23.160105,23.72247,True,-28.06,13.2173,-22.611729,24.993027,False
2017-09-07 20:20:00,10.380001,89,11,3.3800008,11.278994,-26.382523,23.639969,True,-30.3,11.838186,-26.308619,24.138367,False
2017-09-07 20:25:00,12.66,89,15,3.800001,12.7841,-27.862604,25.191269,True,-31.33,12.60994,-28.181026,25.047989,False
2017-09-07 20:30:00,12.580002,89,15,0.40999952,11.990423,-29.580263,24.608818,True,-31.660002,11.178579,-30.241716,23.912338,False
2017-09-07 20:35:00,12.18,89,12,-2.859999,10.767012,-31.267347,23.667751,True,-34.25,9.211094,-32.33171,22.332008,False
2017-09-07 20:40:00,10.369999,89,16,-4.23,7.880098,-34.226765,21.49348,True,-35.35,5.3162665,-35.826885,19.303059,True
2017-09-07 20:45:00,9.120001,89,9,-6.9,4.3878417,-38.517056,19.087593,True,-37.4,-0.2775539,-41.216026,15.127628,True
2017-09-07 20:50:00,11.51,89,12,-10.26,3.7689817,-40.71539,19.396442,True,-39.89,-3.5662158,-44.79281,13.172615,True
2017-09-07 20:55:00,10.43,89,14,-13.67,-0.5778602,-45.621788,16.573818,True,-41.42,-10.854262,-51.09461,7.862533,True
2017-09-07 21:00:00,10.66,89,14,-14.92,-3.0689108,-48.77098,15.136147,True,-34.41,-15.673406,-55.3082,4.4445434,True
2017-09-07 21:05:00,8.74,89,14,-18.81,-6.444881,-50.909462,12.640926,True,-47.28,-20.353313,-57.97474,0.7947423,True
2017-09-07 21:10:00,7.149999,89,12,-25.47,-9.81615,-53.87054,10.303419,True,-52.72,-25.17771,-61.57108,-2.8105414,True
2017-09-07 21:15:00,5.4199996,89,11,-28.06,-12.685978,-55.91983,8.15288,True,-64.18,-28.92765,-64.02296,-5.7474627,False
2017-09-07 21:20:00,3.3800008,89,8,-30.3,-15.22372,-57.253025,6.1044803,True,-80.36,-31.828934,-65.55104,-8.151595,False
2017-09-07 21:25:00,3.800001,89,5,-31.33,-14.535988,-56.056763,6.6235957,True,-115.22,-30.980902,-64.23646,-7.5546117,False
2017-09-07 21:30:00,0.40999952,89,4,-31.660002,-17.24581,-55.938892,4.107063,True,-118.47,-33.146717,-63.999268,-9.709437,False
2017-09-07 21:35:00,-2.859999,89,0,-34.25,-19.272564,-55.147232,1.9632069,True,-116.43,-34.180233,-62.888767,-11.098944,False
2017-09-07 21:40:00,-4.23,89,-4,-35.35,-20.190275,-55.536934,1.1072365,True,-114.33999,-34.73738,-63.138096,-11.661211,False
2017-09-07 21:45:00,-6.9,89,-4,-37.4,-21.974747,-55.780018,-0.6044181,True,-111.37,-35.77937,-63.15164,-12.769742,False
2017-09-07 21:50:00,-10.26,89,-5,-39.89,-24.228436,-55.628204,-2.6696017,True,-115.11,-37.076805,-62.77734,-14.059298,False
2017-09-07 21:55:00,-13.67,89,-9,-41.42,-26.999308,-57.066483,-5.0650697,True,-112.42,-39.254402,-64.132675,-15.922384,False
2017-09-07 22:00:00,-14.92,89,-11,-34.41,-27.611992,-57.98092,-5.6479363,True,-118.11,-39.359165,-64.81015,-16.023638,False
2017-09-07 22:05:00,-18.81,89,-12,-47.28,-30.938494,-60.152576,-8.7093315,True,-129.7,-42.121613,-66.90882,-18.556053,False
2017-09-07 22:10:00,-25.47,89,-18,-52.72,-37.33625,-65.38297,-13.996931,True,-134.19,-48.14522,-72.36811,-23.369658,False
2017-09-07 22:15:00,-28.06,89,-24,-64.18,-39.816452,-67.5295,-16.109829,True,-140.56,-50.496014,-74.60884,-25.301727,False
2017-09-07 22:20:00,-30.3,89,-25,-80.36,-41.735058,-67.99629,-18.19585,False,-140.03,-52.069794,-75.01171,-27.095655,False
2017-09-07 22:25:00,-31.33,89,-25,-115.22,-42.604412,-67.460014,-19.366203,False,-155.0,-52.76427,-74.46534,-28.16117,False
2017-09-07 22:30:00,-31.660002,89,-24,-118.47,-43.204384,-67.2731,-20.17919,False,-174.49,-53.5292,-74.426506,-29.157406,False
2017-09-07 22:35:00,-34.25,89,-23,-116.43,-50.304646,-86.99359,-20.448076,False,-177.74,-63.729927,-96.047066,-31.064487,False
2017-09-07 22:40:00,-35.35,89,-26,-114.33999,-67.18111,-125.45745,-23.534046,True,-181.74,-90.6229,-143.82347,-38.80027,False
2017-09-07 22:45:00,-37.4,89,-28,-111.37,-85.144966,-148.98251,-31.37629,True,-185.45,-118.26174,-178.3937,-51.318924,False
2017-09-07 22:50:00,-39.89,89,-27,-115.11,-98.14634,-162.12263,-38.085262,True,-188.69,-137.79066,-199.22844,-61.65657,True
2017-09-07 22:55:00,-41.42,89,-29,-112.42,-105.23922,-166.7155,-43.11042,True,-190.84,-148.57506,-207.76054,-69.37768,True
2017-09-07 23:00:00,-34.41,89,-4,-118.11,-112.05839,-172.30676,-46.842133,True,-192.50998,-163.44951,-220.48076,-79.681404,True
2017-09-07 23:05:00,-47.28,89,-13,-129.7,-127.69097,-179.60066,-59.457836,True,-191.99,-182.7448,-232.5941,-94.82057,True
2017-09-07 23:10:00,-52.72,89,-22,-134.19,-141.59782,-189.47688,-68.673195,True,-185.56,-203.19489,-249.6041,-108.716286,True
2017-09-07 23:15:00,-64.18,89,-21,-140.56,-153.84357,-196.95438,-78.423546,True,-179.07999,-217.95915,-259.93784,-119.78178,True
2017-09-07 23:20:00,-80.36,89,-38,-140.03,-167.94463,-207.8806,-89.32954,True,-187.16,-233.05992,-272.05573,-130.26157,True
2017-09-07 23:25:00,-115.22,89,-56,-155.0,-195.25192,-232.78098,-109.624374,True,-188.33002,-259.111,-294.92316,-147.2306,True
2017-09-07 23:30:00,-118.47,89,-88,-174.49,-198.65656,-235.35088,-111.81269,True,-186.66,-262.84958,-297.60825,-149.5561,True
2017-09-07 23:35:00,-116.43,89,-90,-177.74,-198.55077,-235.49855,-110.84639,True,-188.10999,-263.4454,-298.61307,-149.3181,True
2017-09-07 23:40:00,-114.33999,89,-90,-181.74,-196.65068,-233.82782,-108.95295,True,-192.24,-261.32718,-296.83978,-147.25735,True
2017-09-07 23:45:00,-111.37,89,-91,-185.45,-195.53973,-233.76355,-106.920425,True,-192.94,-260.73517,-297.69388,-145.60219,True
2017-09-07 23:50:00,-115.11,89,-95,-188.69,-196.88022,-235.43582,-107.34751,True,-193.1,-260.6174,-297.84763,-144.51949,True
2017-09-07 23:55:00,-112.42,89,-94,-190.84,-196.88966,-236.96585,-105.39809,True,-193.33,-261.23126,-300.5886,-143.09006,True
2017-09-08 00:00:00,-118.11,89,-94,-192.50998,-196.8669,-237.3083,-105.13793,True,-190.4,-257.33478,-296.77383,-139.40276,True
2017-09-08 00:05:00,-129.7,89,-96,-191.99,-198.75414,-240.06992,-106.38257,True,-185.48,-252.58383,-292.36716,-135.07187,True
2017-09-08 00:10:00,-134.19,89,-98,-185.56,-194.71927,-236.85426,-103.476105,True,-181.13002,-241.14606,-281.55258,-126.93918,True
2017-09-08 00:15:00,-140.56,89,-98,-179.07999,-191.88287,-233.09674,-101.844765,True,-175.9,-230.9957,-270.21533,-120.796165,True
2017-09-08 00:20:00,-140.03,89,-106,-187.16,-191.13997,-233.31352,-100.60045,True,-168.49,-229.73471,-270.0071,-119.24295,True
2017-09-08 00:25:00,-155.0,89,-115,-188.33002,-203.88332,-247.37581,-107.04193,True,-161.91,-242.6527,-283.93042,-125.4676,True
2017-09-08 00:30:00,-174.49,89,-128,-186.66,-216.61685,-258.0223,-114.357376,True,-156.84,-251.85066,-290.54813,-131.14044,True
2017-09-08 00:35:00,-177.74,89,-136,-188.10999,-215.51283,-253.28764,-114.730156,True,-154.9,-247.69798,-282.75574,-130.34503,True
2017-09-08 00:40:00,-181.74,89,-138,-192.24,-218.10641,-253.37737,-116.99545,True,-154.94,-249.39789,-281.9872,-132.51334,True
2017-09-08 00:45:00,-185.45,89,-140,-192.94,-220.63477,-253.60359,-119.35349,True,-152.71,-250.96266,-281.3787,-134.70964,True
2017-09-08 00:50:00,-188.69,89,-143,-193.1,-222.43678,-253.6314,-121.23497,True,-152.83,-251.47417,-280.2936,-136.1956,True
2017-09-08 00:55:00,-190.84,89,-143,-193.33,-207.63306,-233.46342,-117.53146,True,-152.33,-221.14584,-246.30994,-125.15214,True
2017-09-08 01:00:00,-192.50998,89,-142,-190.4,-213.03282,-238.32507,-120.04323,True,-149.38,-229.78938,-254.13194,-129.48381,True
2017-09-08 01:05:00,-191.99,89,-144,-185.48,-209.39214,-233.32466,-119.15021,True,-146.34,-223.30225,-246.60957,-127.187996,True
2017-09-08 01:10:00,-185.56,89,-143,-181.13002,-204.46085,-228.05827,-116.06348,True,-136.31,-219.71521,-242.58272,-124.69567,True
2017-09-08 01:15:00,-179.07999,89,-138,-175.9,-198.1522,-221.69698,-112.24299,True,-129.94,-213.56961,-236.35307,-120.85957,True
2017-09-08 01:20:00,-187.16,89,-136,-168.49,-206.24915,-229.77191,-116.71767,True,-130.01,-221.61455,-244.43248,-125.45391,True
2017-09-08 01:25:00,-188.33002,89,-133,-161.91,-203.28976,-226.46571,-115.949905,True,-126.77,-215.00757,-237.74342,-122.71399,True
2017-09-08 01:30:00,-186.66,89,-132,-156.84,-201.11456,-224.25499,-114.612915,True,-128.34,-212.35925,-235.06746,-121.03143,True
2017-09-08 01:35:00,-188.10999,89,-129,-154.9,-199.46832,-222.18938,-114.26624,True,-124.47,-208.07999,-230.47543,-119.22853,True
2017-09-08 01:40:00,-192.24,89,-122,-154.94,-198.42117,-220.92491,-114.58252,True,-124.45,-202.8205,-225.03531,-117.200966,True
2017-09-08 01:45:00,-192.94,89,-125,-152.71,-195.9183,-218.94237,-113.09341,True,-127.86,-197.79747,-220.4779,-114.26414,True
2017-09-08 01:50:00,-193.1,89,-127,-152.83,-192.96307,-216.77592,-111.26276,True,-128.04,-192.49599,-215.87158,-111.06071,True
2017-09-08 01:55:00,-193.33,89,-128,-152.33,-190.96588,-215.95268,-109.50153,True,-133.79,-188.94365,-213.39696,-108.361694,True
2017-09-08 02:00:00,-190.4,89,-127,-149.38,-185.78835,-211.77855,-106.10776,True,-138.24,-182.33833,-207.65996,-104.07674,True
2017-09-08 02:05:00,-185.48,89,-123,-146.34,-179.15005,-205.7441,-102.06926,True,-139.96,-174.81114,-200.61409,-99.40251,True
2017-09-08 02:10:00,-181.13002,89,-120,-136.31,-171.8278,-199.6067,-97.5099,True,-138.88,-166.01328,-192.77707,-93.7634,True
2017-09-08 02:15:00,-175.9,89,-122,-129.94,-164.20236,-192.6431,-93.055534,True,-137.26,-157.38461,-184.59163,-88.47063,True
2017-09-08 02:20:00,-168.49,89,-121,-130.01,-155.76804,-184.10133,-88.18561,True,-135.71,-148.74884,-175.70659,-83.27272,True
2017-09-08 02:25:00,-161.91,89,-123,-126.77,-148.22119,-176.11879,-83.95925,True,-133.2,-141.03146,-167.42024,-78.749855,True
2017-09-08 02:30:00,-156.84,89,-123,-128.34,-141.79958,-168.86305,-80.913994,True,-130.28,-134.19203,-159.57555,-75.24816,True
2017-09-08 02:35:00,-154.9,89,-119,-124.47,-137.3609,-164.11418,-79.09251,True,-128.23,-128.74226,-153.56215,-72.5481,True
2017-09-08 02:40:00,-154.94,89,-119,-124.45,-134.71724,-161.82784,-77.895454,True,-127.13,-124.933624,-149.86357,-70.40719,True
2017-09-08 02:45:00,-152.71,89,-117,-127.86,-129.66,-157.70874,-74.718796,True,-126.28,-118.67144,-144.30988,-66.27298,True
2017-09-08 02:50:00,-152.83,89,-116,-128.04,-127.23105,-156.4072,-73.1062,True,-122.99,-115.03535,-141.63364,-63.765804,True
2017-09-08 02:55:00,-152.33,89,-113,-133.79,-123.896225,-154.61795,-71.022,True,-120.85,-110.341576,-138.31989,-60.682293,True
2017-09-08 03:00:00,-149.38,89,-109,-138.24,-121.46694,-152.73328,-70.09086,True,-115.7,-108.27682,-136.97888,-60.00044,True
2017-09-08 03:05:00,-146.34,89,-107,-139.96,-123.226974,-159.04857,-68.63908,True,-111.8,-112.42277,-146.38348,-60.620575,True
2017-09-08 03:10:00,-136.31,89,-101,-138.88,-126.12396,-169.05836,-64.99716,True,-112.08,-121.33053,-163.30367,-61.584946,True
2017-09-08 03:15:00,-129.94,89,-94,-137.26,-131.34995,-179.84894,-64.51403,True,-111.32,-131.81223,-179.78181,-64.74208,True
2017-09-08 03:20:00,-130.01,89,-97,-135.71,-140.11734,-186.33842,-70.482506,True,-107.51,-144.80098,-190.77007,-73.591545,True
2017-09-08 03:25:00,-126.77,89,-96,-133.2,-131.24985,-161.01425,-73.12674,True,-105.99,-133.21614,-162.60017,-74.50639,True
2017-09-08 03:30:00,-128.34,89,-97,-130.28,-130.72697,-152.5095,-77.61084,True,-103.89,-131.70804,-153.06882,-78.32565,True
2017-09-08 03:35:00,-124.47,89,-96,-128.23,-128.98587,-147.42374,-78.01051,True,-102.77,-131.06023,-149.18474,-79.56934,True
2017-09-08 03:40:00,-124.45,89,-95,-127.13,-126.85441,-144.29727,-78.00643,True,-97.75,-127.8369,-144.87016,-78.750725,True
2017-09-08 03:45:00,-127.86,89,-95,-126.28,-127.38299,-144.84668,-78.80938,True,-94.39,-126.923386,-143.81833,-78.43323,True
2017-09-08 03:50:00,-128.04,89,-100,-122.99,-124.8883,-143.33707,-76.75227,True,-97.34,-123.174835,-140.86707,-75.378784,True
2017-09-08 03:55:00,-133.79,89,-101,-120.85,-124.17501,-144.80595,-76.161125,True,-97.03,-119.44554,-138.8197,-72.42396,True
2017-09-08 04:00:00,-138.24,89,-109,-115.7,-123.234634,-144.3123,-76.87823,True,-97.44,-115.817856,-135.12993,-71.026665,True
2017-09-08 04:05:00,-139.96,89,-114,-111.8,-120.56388,-142.90318,-75.56441,True,-97.15,-111.00484,-131.15831,-68.019,True
2017-09-08 04:10:00,-138.88,89,-114,-112.08,-116.85172,-138.32635,-74.907776,True,-95.159996,-105.55427,-124.54559,-65.98103,True
2017-09-08 04:15:00,-137.26,89,-113,-111.32,-113.753624,-134.29614,-74.822395,True,-90.71,-101.11093,-119.027756,-64.80362,True
2017-09-08 04:20:00,-135.71,89,-112,-107.51,-110.323235,-131.43079,-74.15384,True,-97.91,-96.0462,-114.40717,-62.841442,True
2017-09-08 04:25:00,-133.2,89,-112,-105.99,-107.78763,-128.3316,-74.46963,True,-101.84,-92.68534,-110.535645,-62.469078,True
2017-09-08 04:30:00,-130.28,89,-110,-103.89,-105.854965,-125.42148,-74.40198,True,-101.67,-90.67454,-107.676926,-62.34379,True
2017-09-08 04:35:00,-128.23,89,-110,-102.77,-105.47274,-123.79888,-74.99402,True,-99.23999,-90.8319,-106.78068,-63.40294,True
2017-09-08 04:40:00,-127.13,89,-107,-97.75,-105.56107,-123.08961,-75.263824,True,-99.51,-91.38348,-106.70077,-64.10137,True
2017-09-08 04:45:00,-126.28,89,-105,-94.39,-106.11145,-122.70136,-75.72107,True,-103.89,-92.65141,-107.227516,-65.17575,True
2017-09-08 04:50:00,-122.99,89,-101,-97.34,-104.294464,-120.14434,-74.257614,True,-106.61,-91.81555,-105.8681,-64.50619,False
2017-09-08 04:55:00,-120.85,89,-99,-97.03,-103.04079,-118.428444,-73.418015,True,-104.46,-91.08823,-104.81527,-64.10987,True
2017-09-08 05:00:00,-115.7,89,-95,-97.44,-99.605484,-114.285965,-70.9285,True,-105.75,-88.8241,-102.08841,-62.551243,False
2017-09-08 05:05:00,-111.8,89,-91,-97.15,-97.36136,-111.37001,-69.50326,True,-104.34,-87.591774,-100.40797,-61.941246,False
2017-09-08 05:10:00,-112.08,89,-92,-95.159996,-97.41523,-111.63373,-69.8043,True,-104.079994,-87.335266,-100.38135,-62.034782,False
2017-09-08 05:15:00,-111.32,89,-92,-90.71,-96.95072,-111.722694,-69.1673,True,-103.48,-87.00443,-100.69436,-61.56354,False
2017-09-08 05:20:00,-107.51,89,-89,-97.91,-94.72022,-109.45405,-67.32096,True,-103.87,-85.77347,-99.623665,-60.535027,False
2017-09-08 05:25:00,-105.99,89,-88,-101.84,-94.62061,-109.33155,-66.999016,True,-104.87,-86.54172,-100.50112,-60.926777,False
2017-09-08 05:30:00,-103.89,89,-88,-101.67,-95.55431,-110.669266,-66.911514,True,-102.41,-89.503006,-104.04005,-62.48513,True
2017-09-08 05:35:00,-102.77,89,-85,-99.23999,-97.069885,-113.24186,-67.01474,True,-99.26,-92.84323,-108.52647,-64.00087,True
2017-09-08 05:40:00,-97.75,89,-80,-99.51,-95.67814,-113.50439,-64.5509,True,-96.86,-94.01002,-111.40288,-63.427418,True
2017-09-08 05:45:00,-94.39,89,-77,-103.89,-94.57752,-113.69149,-62.599808,True,-93.57,-94.44199,-113.09808,-62.58569,True
2017-09-08 05:50:00,-97.34,89,-76,-106.61,-93.83725,-109.369835,-63.927635,True,-90.11,-91.218346,-106.30306,-62.084465,True
2017-09-08 05:55:00,-97.03,89,-82,-104.46,-92.831215,-106.79421,-64.256386,True,-86.79,-89.70239,-103.20542,-62.026085,True
2017-09-08 06:00:00,-97.44,89,-85,-105.75,-94.15877,-109.26211,-64.589485,True,-83.58,-91.62329,-106.30641,-62.81768,True
2017-09-08 06:05:00,-97.15,89,-88,-104.34,-96.38807,-114.2117,-64.34557,True,-82.24,-95.58611,-112.99825,-63.839558,True
2017-09-08 06:10:00,-95.159996,89,-86,-104.079994,-95.148445,-113.39358,-63.033165,True,-81.47001,-94.86254,-112.68344,-62.89439,True
2017-09-08 06:15:00,-90.71,89,-79,-103.48,-92.90251,-111.54171,-60.853985,True,-81.92,-94.10389,-112.25236,-61.77848,True
2017-09-08 06:20:00,-97.91,89,-78,-103.87,-96.71447,-112.43129,-65.30175,True,-80.76,-95.596825,-110.93077,-64.55529,True
2017-09-08 06:25:00,-101.84,89,-84,-104.87,-100.00652,-115.77274,-67.54439,True,-79.03,-98.40949,-113.79868,-66.45469,True
2017-09-08 06:30:00,-101.67,89,-90,-102.41,-100.134766,-114.48899,-68.93295,True,-79.71,-98.75316,-112.73417,-67.98683,True
2017-09-08 06:35:00,-99.23999,89,-88,-99.26,-97.59647,-112.21303,-67.881676,True,-80.16,-96.12407,-110.375496,-66.875084,True
2017-09-08 06:40:00,-99.51,89,-87,-96.86,-97.79346,-112.61529,-68.2318,True,-79.9,-96.259674,-110.72301,-67.17488,True
2017-09-08 06:45:00,-103.89,89,-83,-93.57,-100.89915,-115.73847,-70.75655,True,-80.48,-98.41113,-112.88824,-69.00454,True
2017-09-08 06:50:00,-106.61,89,-88,-90.11,-102.47685,-117.11907,-72.4334,True,-78.08,-99.158005,-113.42738,-70.05437,True
2017-09-08 06:55:00,-104.46,89,-88,-86.79,-100.403984,-115.24536,-71.515205,True,-75.86,-97.141205,-111.63404,-69.15022,True
2017-09-08 07:00:00,-105.75,89,-89,-83.58,-100.61096,-116.086205,-71.580185,True,-75.57,-96.50987,-111.64527,-68.58911,True
2017-09-08 07:05:00,-104.34,89,-90,-82.24,-100.2611,-118.07018,-69.620865,True,-76.07,-96.909134,-114.43959,-67.21321,True
2017-09-08 07:10:00,-104.079994,89,-83,-81.47001,-100.45028,-118.92816,-69.204704,True,-76.29,-97.42104,-115.65121,-67.04559,True
2017-09-08 07:15:00,-103.48,89,-87,-81.92,-99.702705,-118.10709,-68.795906,True,-75.9,-96.53943,-114.70782,-66.54642,True
2017-09-08 07:20:00,-103.87,89,-86,-80.76,-99.74701,-118.225815,-68.74978,True,-74.2,-96.29037,-114.5426,-66.29918,True
2017-09-08 07:25:00,-104.87,89,-86,-79.03,-101.470795,-121.77271,-68.34345,True,-74.32,-98.57813,-118.68086,-66.319214,True
2017-09-08 07:30:00,-102.41,89,-85,-79.71,-99.8864,-120.66834,-66.64731,True,-74.38,-97.68535,-118.25837,-65.11055,True
2017-09-08 07:35:00,-99.26,89,-83,-80.16,-97.361725,-117.82984,-64.844246,True,-73.79,-95.65815,-115.90834,-63.64966,True
2017-09-08 07:40:00,-96.86,89,-84,-79.9,-96.24016,-117.07097,-63.59275,True,-73.66,-95.5025,-116.0735,-63.08078,True
2017-09-08 07:45:00,-93.57,89,-83,-80.48,-94.904236,-115.98989,-62.37696,True,-72.7,-95.580315,-116.29363,-62.88115,True
2017-09-08 07:50:00,-90.11,89,-81,-78.08,-92.92557,-113.27999,-61.147804,True,-71.1,-94.6084,-114.49201,-62.400383,True
2017-09-08 07:55:00,-86.79,89,-76,-75.86,-90.08871,-108.514465,-59.906574,True,-70.48,-92.0595,-110.00545,-61.40393,True
2017-09-08 08:00:00,-83.58,89,-73,-75.57,-87.298515,-103.2212,-58.973763,True,-70.67,-89.494026,-104.9361,-60.68721,True
2017-09-08 08:05:00,-82.24,89,-72,-76.07,-86.33095,-100.76601,-58.73691,True,-70.09,-88.742935,-102.69773,-60.647064,True
2017-09-08 08:10:00,-81.47001,89,-71,-76.29,-85.49171,-99.59331,-58.271595,True,-70.06,-87.8495,-101.48357,-60.15886,True
2017-09-08 08:15:00,-81.92,89,-71,-75.9,-85.22915,-100.23692,-57.740746,True,-69.95,-87.1369,-101.73141,-59.265022,True
2017-09-08 08:20:00,-80.76,89,-70,-74.2,-84.330956,-100.53743,-56.215824,True,-69.98,-86.400986,-102.17495,-57.8642,True
2017-09-08 08:25:00,-79.03,89,-68,-74.32,-82.36093,-97.90912,-55.42039,True,-69.98,-84.26484,-99.41671,-56.945168,True
2017-09-08 08:30:00,-79.71,89,-67,-74.38,-82.58589,-98.05635,-55.43153,True,-69.09,-84.20206,-99.324234,-56.72607,True
2017-09-08 08:35:00,-80.16,89,-67,-73.79,-82.8324,-98.58415,-55.23075,True,-68.99,-84.32197,-99.74917,-56.420753,True
2017-09-08 08:40:00,-79.9,89,-66,-73.66,-82.675514,-98.54205,-54.855335,True,-68.05,-84.227684,-99.769104,-56.098427,True
2017-09-08 08:45:00,-80.48,89,-66,-72.7,-83.401215,-99.17201,-55.080208,True,-68.17,-85.041115,-100.48528,-56.395912,True
2017-09-08 08:50:00,-78.08,89,-63,-71.1,-81.944855,-96.45162,-54.542202,True,-68.72,-84.17927,-98.27699,-56.36934,True
2017-09-08 08:55:00,-75.86,89,-58,-70.48,-79.377266,-95.78623,-51.897453,True,-67.03,-81.37531,-97.39793,-53.520275,True
2017-09-08 09:00:00,-75.57,89,-57,-70.67,-78.988914,-94.11109,-52.588333,True,-64.52,-80.93292,-95.71882,-54.169033,True
2017-09-08 09:05:00,-76.07,89,-57,-70.09,-79.45996,-94.00646,-53.455326,True,-66.79,-81.39791,-95.64498,-55.028553,True
2017-09-08 09:10:00,-76.29,89,-57,-70.06,-79.68866,-93.84858,-53.870056,True,-64.43,-81.64257,-95.53133,-55.448544,True
2017-09-08 09:15:00,-75.9,89,-56,-69.95,-80.22348,-95.53688,-53.293743,True,-60.6,-82.757904,-97.74112,-55.330856,True
2017-09-08 09:20:00,-74.2,89,-54,-69.98,-79.8815,-95.36048,-52.348587,True,-54.8,-83.22683,-98.264275,-55.046417,False
2017-09-08 09:25:00,-74.32,89,-54,-69.98,-80.43683,-96.51684,-52.06061,True,-57.55,-84.04543,-99.6651,-54.954235,True
2017-09-08 09:30:00,-74.38,89,-54,-69.09,-80.71964,-96.2034,-52.358116,True,-58.37,-84.462204,-99.50872,-55.35051,True
2017-09-08 09:35:00,-73.79,89,-53,-68.99,-80.72116,-95.499725,-52.408817,True,-58.88,-84.821045,-99.13555,-55.695667,True
2017-09-08 09:40:00,-73.66,89,-52,-68.05,-80.58166,-95.11234,-52.271946,True,-64.9,-84.68934,-98.77273,-55.566414,True
2017-09-08 09:45:00,-72.7,89,-52,-68.17,-79.74911,-93.80567,-51.748806,True,-64.2,-83.93539,-97.54401,-55.11734,True
2017-09-08 09:50:00,-71.1,89,-50,-68.72,-78.290794,-92.333084,-50.78434,True,-64.46001,-82.57164,-96.13694,-54.249866,True
2017-09-08 09:55:00,-70.48,89,-48,-67.03,-77.72382,-91.87198,-50.026333,True,-67.07,-82.03467,-95.70467,-53.513054,True
2017-09-08 10:00:00,-70.67,89,-47,-64.52,-77.696236,-91.707375,-49.8361,True,-69.21,-81.885376,-95.44527,-53.22583,True
2017-09-08 10:05:00,-70.09,89,-47,-66.79,-77.15612,-90.532845,-49.628002,True,-75.5,-81.39707,-94.31301,-53.078213,True
2017-09-08 10:10:00,-70.06,89,-46,-64.43,-76.96437,-91.12767,-48.86451,True,-75.04,-81.10165,-94.80488,-52.228024,True
2017-09-08 10:15:00,-69.95,89,-46,-60.6,-76.243774,-90.87941,-48.137947,True,-77.39,-80.007,-94.23953,-51.19465,True
2017-09-08 10:20:00,-69.98,89,-46,-54.8,-76.151306,-90.98172,-47.643208,True,-70.36,-79.842545,-94.287865,-50.638756,True
2017-09-08 10:25:00,-69.98,89,-46,-57.55,-76.201584,-91.051414,-47.328815,True,-73.48,-79.93444,-94.39712,-50.3601,True
2017-09-08 10:30:00,-69.09,89,-45,-58.37,-75.7526,-90.99824,-46.311188,True,-73.45,-79.75702,-94.54661,-49.57212,True
2017-09-08 10:35:00,-68.99,89,-45,-58.88,-75.04685,-89.189415,-46.713234,True,-65.11,-78.72174,-92.491005,-49.7246,True
2017-09-08 10:40:00,-68.05,89,-45,-64.9,-73.9341,-87.114914,-46.743336,True,-55.47,-77.49943,-90.332794,-49.7004,True
2017-09-08 10:45:00,-68.17,89,-45,-64.2,-74.17967,-86.35638,-48.24492,True,-46.86,-77.81631,-89.66626,-51.294937,False
2017-09-08 10:50:00,-68.72,89,-46,-64.46001,-74.42167,-86.7008,-48.283875,True,-30.69,-77.867905,-89.841644,-51.206398,False
2017-09-08 10:55:00,-67.03,89,-45,-67.07,-72.70038,-88.13984,-45.023632,True,-23.98,-76.068275,-91.09945,-47.901474,False
2017-09-08 11:00:00,-64.52,89,-43,-69.21,-70.27339,-88.63551,-41.32079,True,-30.56,-73.64258,-91.477844,-44.20782,False
2017-09-08 11:05:00,-66.79,89,-44,-75.5,-70.68324,-87.383026,-43.386898,True,-27.11,-73.01041,-89.53642,-45.33688,False
2017-09-08 11:10:00,-64.43,89,-47,-75.04,-69.68658,-85.64215,-42.43786,True,-27.24,-72.808136,-88.47046,-45.057144,False
2017-09-08 11:15:00,-60.6,89,-45,-77.39,-70.532555,-90.48169,-39.070072,True,-26.15,-76.08488,-94.98599,-43.82064,False
2017-09-08 11:20:00,-54.8,89,-40,-70.36,-69.641426,-92.115005,-35.695175,True,-26.95,-77.664566,-98.01644,-42.66416,False
2017-09-08 11:25:00,-57.55,89,-41,-73.48,-70.97783,-94.80922,-35.584496,True,-36.46,-78.31151,-100.30621,-41.852524,False
2017-09-08 11:30:00,-58.37,89,-44,-73.45,-70.88105,-96.542946,-34.114147,True,-40.510002,-77.69246,-101.69631,-39.840816,True
2017-09-08 11:35:00,-58.88,89,-43,-65.11,-71.80023,-98.372696,-32.949783,True,-39.34,-78.915825,-103.78725,-38.753166,True
2017-09-08 11:40:00,-64.9,89,-47,-55.47,-75.87856,-102.47353,-35.236416,True,-35.37,-82.10976,-107.52616,-40.123787,False
2017-09-08 11:45:00,-64.2,89,-51,-46.86,-75.42506,-102.30175,-34.342396,True,-39.71,-81.79406,-107.47538,-39.325096,True
2017-09-08 11:50:00,-64.46001,89,-56,-30.69,-75.585106,-102.56096,-34.110363,False,-46.24,-81.92849,-107.77853,-39.030586,True
2017-09-08 11:55:00,-67.07,89,-56,-23.98,-77.39924,-104.57681,-34.898994,False,-49.21,-83.36781,-109.641235,-39.43768,True
2017-09-08 12:00:00,-69.21,89,-59,-30.56,-79.33684,-107.32696,-35.201622,False,-38.03,-85.217545,-112.4281,-39.56498,False
2017-09-08 12:05:00,-75.5,89,-60,-27.11,-84.182846,-112.48461,-37.73004,False,-29.8,-89.37936,-117.228676,-41.44683,False
2017-09-08 12:10:00,-75.04,89,-59,-27.24,-84.75336,-114.31074,-36.927048,False,-29.36,-90.477,-119.50475,-40.97467,False
2017-09-08 12:15:00,-77.39,89,-58,-26.15,-87.25259,-117.96624,-37.469822,False,-25.86,-93.05276,-123.31031,-41.474583,False
2017-09-08 12:20:00,-70.36,89,-55,-26.95,-83.91095,-117.687035,-33.344635,False,-29.3,-91.456215,-124.24114,-38.596493,False
2017-09-08 12:25:00,-73.48,89,-72,-36.46,-86.25014,-119.93307,-34.802734,True,-32.59,-93.45661,-126.36447,-39.732147,False
2017-09-08 12:30:00,-73.45,89,-73,-40.510002,-86.752396,-122.01932,-34.24297,True,-36.06,-94.15809,-128.62202,-39.256584,False
2017-09-08 12:35:00,-65.11,89,-76,-39.34,-82.44074,-119.40956,-30.337688,True,-37.6,-91.66257,-127.09615,-36.75757,True
2017-09-08 12:40:00,-55.47,89,-77,-35.37,-77.86092,-117.61025,-25.745275,True,-45.25,-89.15608,-126.19266,-33.94092,True
2017-09-08 12:45:00,-46.86,89,-73,-39.71,-73.3816,-114.67167,-22.094353,True,-46.17,-86.17487,-123.456604,-31.903316,True
2017-09-08 12:50:00,-30.69,89,-66,-46.24,-65.85825,-111.65012,-14.975776,True,-42.01,-81.66102,-119.93675,-28.434793,True
2017-09-08 12:55:00,-23.98,89,-70,-49.21,-63.411304,-112.10504,-11.8231,True,-48.92,-80.54057,-119.76634,-27.063292,True
2017-09-08 13:00:00,-30.56,89,-81,-38.03,-65.979416,-110.20548,-15.3667965,True,-55.03,-81.6315,-118.418304,-28.884562,True
2017-09-08 13:05:00,-27.11,89,-80,-29.8,-64.03542,-109.00314,-13.699585,True,-52.09,-80.08949,-116.758064,-27.968376,True
2017-09-08 13:10:00,-27.24,89,-87,-29.36,-64.13337,-108.73887,-13.808752,True,-60.69,-80.11374,-116.46874,-28.067366,True
2017-09-08 13:15:00,-26.15,89,-91,-25.86,-62.97679,-105.5999,-13.958805,True,-66.1,-78.924866,-113.21352,-28.433151,True
2017-09-08 13:20:00,-26.95,89,-97,-29.3,-63.014244,-104.1596,-14.602067,True,-64.74,-78.76,-111.86537,-28.892727,True
2017-09-08 13:25:00,-36.46,89,-99,-32.59,-67.43842,-104.7433,-19.3789,True,-68.29,-81.20032,-113.01771,-31.350122,True
2017-09-08 13:30:00,-40.510002,89,-101,-36.06,-69.16114,-105.96197,-20.884554,True,-72.28,-81.97949,-114.2231,-31.821619,True
2017-09-08 13:35:00,-39.34,89,-96,-37.6,-68.15396,-105.05547,-20.41036,True,-71.66,-80.995735,-113.36068,-31.410892,True
2017-09-08 13:40:00,-35.37,89,-92,-45.25,-64.82088,-99.48415,-19.712994,True,-69.52,-78.013405,-108.07432,-31.163696,True
2017-09-08 13:45:00,-39.71,89,-97,-46.17,-65.82206,-96.74867,-22.262167,True,-70.95,-77.97451,-105.39843,-32.516182,True
2017-09-08 13:50:00,-46.24,89,-107,-42.01,-68.86314,-96.632515,-26.153559,True,-75.65,-79.65281,-105.2529,-34.96087,True
2017-09-08 13:55:00,-49.21,89,-104,-48.92,-70.096565,-98.03953,-27.149551,True,-75.75,-80.00471,-106.338974,-35.099556,True
2017-09-08 14:00:00,-38.03,89,-96,-55.03,-64.39954,-93.84971,-22.558744,True,-77.12,-76.29958,-102.888374,-32.558525,True
2017-09-08 14:05:00,-29.8,89,-85,-52.09,-60.2422,-90.66647,-19.388855,True,-76.83,-73.79975,-100.10722,-31.12997,True
2017-09-08 14:10:00,-29.36,89,-91,-60.69,-59.278008,-90.44319,-18.767136,True,-78.1,-72.7689,-99.79827,-30.36602,True
2017-09-08 14:15:00,-25.86,89,-92,-66.1,-55.809097,-90.00922,-15.5414095,True,-78.24,-69.62146,-98.48881,-27.607634,True
2017-09-08 14:20:00,-29.3,89,-99,-64.74,-54.125595,-89.07825,-15.335883,True,-75.98,-66.11068,-96.45869,-25.65552,True
2017-09-08 14:25:00,-32.59,89,-96,-68.29,-52.97424,-87.16326,-15.826545,True,-77.4,-63.17489,-93.544395,-24.57101,True
2017-09-08 14:30:00,-36.06,89,-96,-72.28,-52.77663,-92.491104,-13.721715,True,-75.31,-61.290413,-97.65979,-20.939835,True
2017-09-08 14:35:00,-37.6,89,-90,-71.66,-48.68827,-89.53934,-11.685086,True,-73.08,-54.77681,-93.39726,-16.930044,True
2017-09-08 14:40:00,-45.25,89,-90,-69.52,-50.7048,-90.14424,-14.072932,True,-71.47,-53.9206,-92.87788,-16.839903,True
2017-09-08 14:45:00,-46.17,89,-93,-70.95,-51.111755,-92.849884,-13.615726,True,-71.46,-54.055283,-95.43385,-16.130083,True
2017-09-08 14:50:00,-42.01,89,-99,-75.65,-49.124886,-91.48675,-12.266844,True,-71.14,-53.261635,-94.56814,-15.78077,True
2017-09-08 14:55:00,-48.92,89,-98,-75.75,-54.548717,-94.13071,-17.01471,True,-70.28,-57.88348,-97.08984,-19.755688,True
2017-09-08 15:00:00,-55.03,89,-94,-77.12,-61.833225,-98.81119,-22.823666,True,-68.060005,-65.75026,-102.43125,-25.862795,True
2017-09-08 15:05:00,-52.09,89,-88,-76.83,-60.8131,-99.52708,-21.437704,True,-66.43,-65.731064,-103.66879,-25.224667,True
2017-09-08 15:10:00,-60.69,89,-80,-78.1,-67.16365,-102.73741,-26.926767,True,-68.75,-71.00284,-106.53111,-29.762585,True
2017-09-08 15:15:00,-66.1,89,-77,-78.24,-71.78223,-106.017494,-30.262539,True,-68.45,-75.26554,-109.71446,-32.773952,True
2017-09-08 15:20:00,-64.74,89,-79,-75.98,-70.96766,-103.64544,-30.576777,True,-67.84,-74.75516,-107.58908,-33.303684,True
2017-09-08 15:25:00,-68.29,89,-83,-77.4,-73.486946,-103.842636,-33.223476,True,-68.47,-76.79319,-107.53033,-35.584606,True
2017-09-08 15:30:00,-72.28,89,-87,-75.31,-76.51313,-105.43798,-35.63035,True,-67.83,-79.328,-108.78556,-37.630432,True
2017-09-08 15:35:00,-71.66,89,-91,-73.08,-76.32022,-104.8304,-35.51473,True,-68.65,-79.35342,-108.37867,-37.66043,True
2017-09-08 15:40:00,-69.52,89,-94,-71.47,-75.4442,-103.66999,-34.889297,True,-71.69001,-79.125114,-107.76955,-37.47636,True
2017-09-08 15:45:00,-70.95,89,-95,-71.46,-77.108086,-105.60065,-35.427284,True,-74.240005,-80.89479,-109.79917,-38.075138,True
2017-09-08 15:50:00,-75.65,89,-101,-71.14,-80.02873,-108.4629,-37.17417,True,-77.3,-82.88967,-111.88316,-39.17938,True
2017-09-08 15:55:00,-75.75,89,-107,-70.28,-80.26192,-107.67646,-37.85373,True,-77.840004,-83.20117,-111.17318,-39.913162,True
2017-09-08 16:00:00,-77.12,89,-109,-68.060005,-82.56765,-111.12839,-38.307343,True,-76.95,-85.97004,-115.03637,-40.661503,True
2017-09-08 16:05:00,-76.83,89,-105,-66.43,-83.37612,-112.88814,-38.067703,True,-80.94,-87.31507,-117.25293,-40.77342,True
2017-09-08 16:10:00,-78.1,89,-102,-68.75,-84.66221,-114.74383,-38.480827,True,-85.54,-88.60438,-119.11269,-41.176025,True
2017-09-08 16:15:00,-78.24,89,-96,-68.45,-85.048935,-115.17138,-38.722263,True,-84.67,-89.095276,-119.61968,-41.47804,True
2017-09-08 16:20:00,-75.98,89,-94,-67.84,-83.92083,-113.32456,-38.30947,True,-78.61,-88.53504,-118.234886,-41.459915,True
2017-09-08 16:25:00,-77.4,89,-89,-68.47,-84.832664,-114.32607,-38.89433,True,-72.83,-89.17469,-119.015945,-41.844627,True
2017-09-08 16:30:00,-75.31,89,-87,-67.83,-83.7644,-113.917046,-37.914337,True,-67.61,-88.560486,-118.95616,-41.170517,True
2017-09-08 16:35:00,-73.08,89,-88,-68.65,-82.50271,-112.69222,-37.249805,True,-63.56,-87.73598,-118.06829,-40.809795,True
2017-09-08 16:40:00,-71.47,89,-92,-71.69001,-81.98488,-112.23996,-36.948452,True,-59.21,-87.701805,-117.99165,-40.842052,True
2017-09-08 16:45:00,-71.46,89,-98,-74.240005,-82.58499,-112.343315,-37.640697,True,-57.99,-88.586235,-118.35338,-41.729187,True
2017-09-08 16:50:00,-71.14,89,-102,-77.3,-82.78877,-111.854164,-38.24426,True,-60.87,-89.07296,-118.1138,-42.534454,True
2017-09-08 16:55:00,-70.28,89,-106,-77.840004,-82.560165,-111.22987,-38.28716,True,-61.95,-89.12959,-117.69275,-42.79331,True
2017-09-08 17:00:00,-68.060005,89,-109,-76.95,-81.36964,-110.00298,-37.46591,True,-62.43,-88.32337,-116.7139,-42.27295,True
2017-09-08 17:05:00,-66.43,89,-111,-80.94,-80.42185,-109.04326,-36.826607,True,-63.87,-87.59246,-115.86339,-41.807262,True
2017-09-08 17:10:00,-68.75,89,-108,-85.54,-81.73821,-110.32025,-37.72706,True,-64.59,-88.42451,-116.8239,-42.322655,True
2017-09-08 17:15:00,-68.45,89,-105,-84.67,-81.57137,-109.83871,-37.921444,True,-64.37,-88.3123,-116.40242,-42.553364,True
2017-09-08 17:20:00,-67.84,89,-104,-78.61,-81.252754,-109.54907,-37.834663,True,-62.819996,-88.11205,-116.18642,-42.54918,True
2017-09-08 17:25:00,-68.47,89,-105,-72.83,-81.3379,-109.358574,-38.197124,True,-65.09,-87.991425,-115.80382,-42.762398,True
2017-09-08 17:30:00,-67.83,89,-105,-67.61,-80.8212,-109.41042,-37.75811,True,-67.11,-87.50135,-115.82053,-42.335335,True
2017-09-08 17:35:00,-68.65,89,-104,-63.56,-81.2213,-109.58534,-38.35184,True,-67.13,-87.74794,-115.889015,-42.799908,True
2017-09-08 17:40:00,-71.69001,89,-106,-59.21,-83.29323,-111.7388,-39.73899,True,-68.16,-89.430855,-117.76673,-43.87283,True
2017-09-08 17:45:00,-74.240005,89,-107,-57.99,-84.80863,-113.7366,-40.57137,True,-69.75,-90.51065,-119.41119,-44.36912,True
2017-09-08 17:50:00,-77.3,89,-108,-60.87,-85.1055,-112.574585,-42.069714,True,-69.69,-89.53498,-117.18228,-45.00489,True
2017-09-08 17:55:00,-77.840004,89,-106,-61.95,-85.03239,-112.09551,-42.50364,True,-70.17,-89.145584,-116.42177,-45.228836,True
2017-09-08 18:00:00,-76.95,89,-102,-62.43,-84.861824,-111.867424,-42.499146,True,-71.81,-89.30452,-116.470085,-45.45147,True
2017-09-08 18:05:00,-80.94,89,-104,-63.87,-87.04704,-113.70515,-44.3496,True,-72.61,-90.62369,-117.56289,-46.700592,True
2017-09-08 18:10:00,-85.54,89,-107,-64.59,-89.81745,-115.89656,-46.743973,True,-73.2,-92.49441,-118.92626,-48.48758,True
2017-09-08 18:15:00,-84.67,89,-103,-64.37,-89.388466,-115.38599,-46.73179,True,-76.01,-92.28758,-118.61056,-48.623745,True
2017-09-08 18:20:00,-78.61,89,-95,-62.819996,-85.99284,-111.6191,-44.864037,True,-76.91,-90.20957,-115.99995,-47.673862,True
2017-09-08 18:25:00,-72.83,89,-93,-65.09,-82.82628,-108.13349,-43.149483,True,-79.3,-88.28582,-113.53479,-46.86562,True
2017-09-08 18:30:00,-67.61,89,-97,-67.11,-79.525444,-103.979904,-41.676235,True,-81.29,-85.90564,-110.030396,-46.135006,True
2017-09-08 18:35:00,-63.56,89,-96,-67.13,-76.610245,-99.96953,-40.684006,True,-81.03,-83.570724,-106.3747,-45.676586,True
2017-09-08 18:40:00,-59.21,89,-93,-68.16,-73.480255,-95.48349,-39.63409,True,-80.74,-81.11308,-102.289055,-45.278053,True
2017-09-08 18:45:00,-57.99,89,-93,-69.75,-72.941284,-94.14912,-40.116665,True,-80.9,-80.92349,-101.26723,-46.093346,True
2017-09-08 18:50:00,-60.87,89,-95,-69.69,-74.392044,-95.04851,-41.882435,True,-82.0,-81.84697,-101.908,-47.417652,True
2017-09-08 18:55:00,-61.95,89,-96,-70.17,-74.21563,-93.51159,-42.973583,True,-82.96,-81.17936,-100.00523,-48.180912,True
2017-09-08 19:00:00,-62.43,89,-95,-71.81,-73.96889,-91.703804,-43.961063,True,-82.1,-80.677925,-97.98054,-49.05029,True
2017-09-08 19:05:00,-63.87,89,-94,-72.61,-75.13774,-93.21311,-45.297558,True,-82.36,-81.85273,-99.54825,-50.379288,True
2017-09-08 19:10:00,-64.59,89,-94,-73.2,-75.10817,-95.2612,-44.801533,True,-83.45,-81.598045,-101.3921,-49.613476,True
2017-09-08 19:15:00,-64.37,89,-93,-76.01,-74.32977,-94.750275,-44.43545,True,-82.84,-80.60532,-100.66951,-49.07638,True
2017-09-08 19:20:00,-62.819996,89,-91,-76.91,-72.509476,-92.75218,-43.477783,True,-82.26,-78.69117,-98.53089,-48.079327,True
2017-09-08 19:25:00,-65.09,89,-91,-79.3,-73.415146,-93.307724,-44.616833,True,-81.45,-78.901276,-98.53708,-48.661175,True
2017-09-08 19:30:00,-67.11,89,-93,-81.29,-74.453804,-94.03899,-45.83279,True,-82.36,-79.43446,-98.85939,-49.474537,True
2017-09-08 19:35:00,-67.13,89,-93,-81.03,-74.26958,-93.82704,-45.963192,True,-82.57,-79.17157,-98.563484,-49.548485,True
2017-09-08 19:40:00,-68.16,89,-92,-80.74,-74.85517,-94.534294,-46.47394,True,-86.88,-79.52746,-99.06495,-49.871082,True
2017-09-08 19:45:00,-69.75,89,-94,-80.9,-75.59282,-94.682236,-47.38409,True,-89.05,-79.753586,-98.776794,-50.391754,True
2017-09-08 19:50:00,-69.69,89,-94,-82.0,-75.36924,-94.3354,-47.32756,True,-89.94,-79.44597,-98.345146,-50.275738,True
2017-09-08 19:55:00,-70.17,89,-93,-82.96,-75.61989,-94.53001,-47.562817,True,-90.94,-79.56064,-98.41121,-50.407074,True
2017-09-08 20:00:00,-71.81,89,-94,-82.1,-76.69903,-95.60326,-48.421665,True,-93.63,-80.27576,-99.15495,-50.981125,True
2017-09-08 20:05:00,-72.61,89,-95,-82.36,-77.322235,-96.14784,-48.923904,True,-93.99,-80.795784,-99.60373,-51.40246,True
2017-09-08 20:10:00,-73.2,89,-93,-83.45,-77.40548,-95.66907,-49.42234,True,-95.31,-80.54021,-98.81289,-51.653057,True
2017-09-08 20:15:00,-76.01,89,-94,-82.84,-79.22351,-96.7831,-51.30528,True,-95.36,-81.67193,-99.30077,-53.012245,True
2017-09-08 20:20:00,-76.91,89,-97,-82.26,-79.54834,-96.54034,-52.059223,True,-95.53,-81.57547,-98.65273,-53.454212,True
2017-09-08 20:25:00,-79.3,89,-97,-81.45,-81.12743,-97.69253,-53.700417,True,-96.58,-82.55137,-99.21622,-54.639492,True
2017-09-08 20:30:00,-81.29,89,-102,-82.36,-82.27021,-98.97567,-54.723076,True,-97.86,-83.050125,-99.85927,-55.172363,True
2017-09-08 20:35:00,-81.03,89,-101,-82.57,-81.52705,-98.10932,-54.51811,True,-100.76,-81.926,-98.60536,-54.683235,False
2017-09-08 20:40:00,-80.74,89,-100,-86.88,-80.75708,-97.1483,-54.46513,True,-103.82,-80.77324,-97.25422,-54.34195,False
2017-09-08 20:45:00,-80.9,89,-96,-89.05,-81.02349,-97.52615,-54.851334,True,-102.79001,-81.11156,-97.69459,-54.787937,False
2017-09-08 20:50:00,-82.0,89,-96,-89.94,-82.2073,-99.08409,-55.648434,True,-101.46,-82.352486,-99.29823,-55.635654,False
2017-09-08 20:55:00,-82.96,89,-97,-90.94,-82.72726,-99.825096,-56.15067,True,-100.25,-82.50571,-99.665565,-55.862793,False
2017-09-08 21:00:00,-82.1,89,-95,-93.63,-81.90208,-98.40535,-56.085304,True,-99.55,-81.695885,-98.252266,-55.813957,False
2017-09-08 21:05:00,-82.36,89,-90,-93.99,-82.26027,-98.61426,-56.545265,True,-97.78,-82.11877,-98.51644,-56.32938,True
2017-09-08 21:10:00,-83.45,89,-89,-95.31,-83.53737,-99.93009,-57.461246,True,-98.4,-83.53956,-99.96507,-57.363266,True
2017-09-08 21:15:00,-82.84,89,-88,-95.36,-83.45167,-99.80558,-57.234245,True,-99.73001,-83.88816,-100.25794,-57.479027,True
2017-09-08 21:20:00,-82.26,89,-87,-95.53,-83.678856,-99.694695,-57.290943,True,-100.23,-84.790825,-100.797844,-58.05912,True
2017-09-08 21:25:00,-81.45,89,-84,-96.58,-83.91457,-99.74816,-57.094532,True,-100.92,-85.898476,-101.68168,-58.53036,True
2017-09-08 21:30:00,-82.36,89,-86,-97.86,-85.30878,-101.223694,-57.615494,True,-101.75,-87.6941,-103.53162,-59.347904,True
2017-09-08 21:35:00,-82.57,89,-87,-100.76,-85.84964,-101.50997,-57.83191,True,-101.9,-88.50165,-104.05884,-59.76902,True
2017-09-08 21:40:00,-86.88,89,-88,-103.82,-89.5225,-104.744415,-60.62689,True,-101.85,-91.64821,-106.8024,-62.15791,True
2017-09-08 21:45:00,-89.05,89,-93,-102.79001,-91.02552,-106.1067,-61.8475,True,-102.66,-92.58459,-107.610306,-62.95766,True
2017-09-08 21:50:00,-89.94,89,-94,-101.46,-91.36344,-106.656265,-62.036957,True,-102.51,-92.44237,-107.67779,-62.792904,True
2017-09-08 21:55:00,-90.94,89,-93,-100.25,-91.62846,-107.38791,-62.08217,True,-102.62,-92.06991,-107.76646,-62.36856,True
2017-09-08 22:00:00,-93.63,89,-93,-99.55,-93.15433,-108.951744,-63.404343,True,-101.54,-92.57588,-108.30587,-62.935818,True
2017-09-08 22:05:00,-93.99,89,-94,-97.78,-92.62443,-108.20913,-63.39029,True,-101.77,-91.268654,-106.77147,-62.342068,True
2017-09-08 22:10:00,-95.31,89,-94,-98.4,-93.233955,-108.25695,-64.6109,True,-101.63,-91.23171,-106.15114,-63.073025,True
2017-09-08 22:15:00,-95.36,89,-93,-99.73001,-93.073235,-107.30443,-65.55926,True,-102.11,-90.83499,-104.948875,-63.838882,True
2017-09-08 22:20:00,-95.53,89,-91,-100.23,-92.83798,-107.15106,-65.92571,True,-101.98,-90.20917,-104.389854,-63.907013,True
2017-09-08 22:25:00,-96.58,89,-89,-100.92,-93.40392,-107.74862,-66.97072,True,-101.95,-90.32167,-104.51343,-64.60017,True
2017-09-08 22:30:00,-97.86,89,-90,-101.75,-94.805405,-107.99002,-69.34988,True,-102.26,-91.719406,-104.738144,-66.96899,True
2017-09-08 22:35:00,-100.76,89,-90,-101.9,-97.90096,-110.982895,-72.39948,True,-102.65,-94.93634,-107.85097,-70.12994,True
2017-09-08 22:40:00,-103.82,89,-90,-101.85,-101.222786,-114.811165,-75.08297,True,-102.85,-98.45079,-111.87346,-72.99071,True
2017-09-08 22:45:00,-102.79001,89,-88,-102.66,-100.819824,-113.856674,-75.3912,True,-103.32,-98.601524,-111.4894,-73.73571,True
2017-09-08 22:50:00,-101.46,89,-81,-102.51,-100.03239,-112.778206,-75.18936,True,-103.93,-98.31207,-110.91935,-73.92909,True
2017-09-08 22:55:00,-100.25,89,-78,-102.62,-98.88076,-111.968445,-74.09858,True,-103.86,-97.21607,-110.160774,-72.892784,True
2017-09-08 23:00:00,-99.55,89,-75,-101.54,-98.470024,-111.34066,-73.82804,True,-103.6,-97.07398,-109.79986,-72.83979,True
2017-09-08 23:05:00,-97.78,89,-72,-101.77,-97.05652,-109.929054,-72.606064,True,-103.649994,-95.99641,-108.72159,-71.891754,True
2017-09-08 23:10:00,-98.4,89,-71,-101.63,-97.889015,-110.38879,-73.39326,True,-103.56,-97.01544,-109.36534,-72.83327,True
2017-09-08 23:15:00,-99.73001,89,-73,-102.11,-99.484276,-111.50713,-74.86679,True,-104.25,-98.84868,-110.7195,-74.50435,True
2017-09-08 23:20:00,-100.23,89,-74,-101.98,-100.13602,-111.88072,-75.550575,True,-104.29,-99.64204,-111.23126,-75.3078,True
2017-09-08 23:25:00,-100.92,89,-74,-101.95,-100.64248,-112.22095,-76.10613,True,-104.34,-99.95772,-111.37124,-75.72688,True
2017-09-08 23:30:00,-101.75,89,-75,-102.26,-101.32361,-112.57389,-76.97517,True,-103.86,-100.4827,-111.56195,-76.48334,True
2017-09-08 23:35:00,-101.9,89,-75,-102.65,-101.34941,-112.53156,-77.19435,True,-102.86,-100.38231,-111.38565,-76.61331,True
2017-09-08 23:40:00,-101.85,89,-75,-102.85,-101.29886,-112.649956,-77.12694,True,-101.11,-100.32592,-111.49045,-76.55065,True
2017-09-08 23:45:00,-102.66,89,-76,-103.32,-102.082306,-113.43208,-77.78907,True,-99.15,-101.07153,-112.2273,-77.19487,True
2017-09-08 23:50:00,-102.51,89,-75,-103.93,-102.08141,-113.319855,-77.99801,True,-97.51999,-101.210304,-112.25126,-77.52004,True
2017-09-08 23:55:00,-102.62,89,-75,-103.86,-102.3876,-114.06268,-77.93044,True,-95.48,-101.7038,-113.174286,-77.60685,True
2017-09-09 00:00:00,-101.54,89,-74,-103.6,-101.268105,-112.85565,-77.05648,True,-93.56,-100.549255,-111.92076,-76.71459,True
2017-09-09 00:05:00,-101.77,89,-74,-103.649994,-101.78292,-113.43029,-77.203636,True,-93.07,-101.34346,-112.769066,-77.084305,True
2017-09-09 00:10:00,-101.63,89,-73,-103.56,-101.66705,-113.16162,-77.1199,True,-92.99,-101.25172,-112.51738,-77.02684,True
2017-09-09 00:15:00,-102.11,89,-73,-104.25,-102.20345,-113.69653,-77.39284,True,-92.77,-101.83298,-113.087555,-77.345215,True
2017-09-09 00:20:00,-101.98,89,-73,-104.29,-102.40371,-113.634056,-77.521965,True,-92.73,-102.35531,-113.341034,-77.72669,True
2017-09-09 00:25:00,-101.95,89,-73,-104.34,-102.632484,-113.62954,-77.6533,True,-92.68,-102.84248,-113.58996,-78.05893,True
2017-09-09 00:30:00,-102.26,89,-72,-103.86,-103.22738,-113.84406,-78.20701,True,-92.34,-103.712006,-114.07031,-78.82997,True
2017-09-09 00:35:00,-102.65,89,-72,-102.86,-103.62839,-113.98888,-78.649254,True,-91.96,-104.120476,-114.21861,-79.2838,True
2017-09-09 00:40:00,-102.85,89,-72,-101.11,-103.674416,-114.00481,-78.69187,True,-91.42,-104.015045,-114.07651,-79.21819,True
2017-09-09 00:45:00,-103.32,89,-72,-99.15,-103.98068,-114.13878,-79.06027,True,-90.85,-104.15767,-114.0419,-79.47,True
2017-09-09 00:50:00,-103.93,89,-72,-97.51999,-104.44235,-114.721756,-79.33298,True,-90.14,-104.4718,-114.47013,-79.63717,True
2017-09-09 00:55:00,-103.86,89,-72,-95.48,-104.07406,-114.25339,-79.20711,True,-88.98,-103.8139,-113.70685,-79.29715,True
2017-09-09 01:00:00,-103.6,89,-72,-93.56,-103.48006,-113.60909,-78.880714,True,-87.8,-102.90163,-112.73645,-78.73446,True
2017-09-09 01:05:00,-103.649994,89,-72,-93.07,-103.121925,-113.12532,-78.83645,True,-86.55,-102.15327,-111.85579,-78.39657,True
2017-09-09 01:10:00,-103.56,89,-72,-92.99,-102.54706,-112.371544,-78.71129,True,-85.44,-101.12032,-110.63545,-77.922745,True
2017-09-09 01:15:00,-104.25,89,-73,-92.77,-102.75794,-112.60953,-79.00788,True,-84.46,-100.878365,-110.40813,-77.87774,True
2017-09-09 01:20:00,-104.29,89,-74,-92.73,-102.42941,-112.24496,-78.92302,True,-83.32,-100.20925,-109.69184,-77.53397,True
2017-09-09 01:25:00,-104.34,89,-74,-92.68,-102.25998,-111.99709,-78.96452,True,-82.02,-99.83768,-109.23453,-77.423454,True
2017-09-09 01:30:00,-103.86,89,-73,-92.34,-101.46732,-111.37361,-78.33185,True,-81.29,-98.76409,-108.3192,-76.58096,True
2017-09-09 01:35:00,-102.86,89,-71,-91.96,-100.37224,-110.70449,-77.18084,True,-80.54,-97.59997,-107.574875,-75.387054,True
2017-09-09 01:40:00,-101.11,89,-71,-91.42,-98.811844,-109.0562,-75.959724,True,-79.79,-96.24489,-106.13432,-74.32232,True
2017-09-09 01:45:00,-99.15,89,-69,-90.85,-97.109406,-106.75372,-75.07919,True,-78.84,-94.80996,-104.109474,-73.63557,True
2017-09-09 01:50:00,-97.51999,89,-68,-90.14,-95.69511,-105.533226,-73.955696,True,-78.33,-93.61536,-103.10256,-72.68715,True
2017-09-09 01:55:00,-95.48,89,-67,-88.98,-93.77422,-103.93927,-72.34299,True,-77.67,-91.83296,-101.643456,-71.182396,True
2017-09-09 02:00:00,-93.56,89,-66,-87.8,-92.038765,-102.28293,-70.96655,True,-76.94,-90.303024,-100.19143,-69.960686,True
2017-09-09 02:05:00,-93.07,89,-65,-86.55,-91.68418,-101.99715,-70.64882,True,-76.2,-90.083176,-100.034294,-69.75063,True
2017-09-09 02:10:00,-92.99,89,-66,-85.44,-91.7535,-101.969536,-70.73432,True,-75.34,-90.29181,-100.13621,-69.94974,True
2017-09-09 02:15:00,-92.77,89,-66,-84.46,-91.66992,-101.61075,-70.795166,True,-74.57,-90.345474,-99.91396,-70.1122,True
2017-09-09 02:20:00,-92.73,89,-66,-83.32,-91.665695,-101.260124,-70.96096,True,-73.95,-90.38164,-99.60158,-70.30703,True
2017-09-09 02:25:00,-92.68,89,-66,-82.02,-91.63279,-100.88058,-71.0996,True,-73.73,-90.372604,-99.24413,-70.461365,True
2017-09-09 02:30:00,-92.34,89,-66,-81.29,-91.27607,-100.29358,-70.94358,True,-73.37,-90.01313,-98.65218,-70.30025,True
2017-09-09 02:35:00,-91.96,89,-67,-80.54,-90.84812,-99.78227,-70.66742,True,-73.01,-89.55388,-98.10761,-69.997505,True
2017-09-09 02:40:00,-91.42,89,-66,-79.79,-90.37771,-99.254776,-70.35746,True,-73.02,-89.157326,-97.65072,-69.74326,True
2017-09-09 02:45:00,-90.85,89,-66,-78.84,-89.85906,-98.540436,-70.124214,True,-72.51,-88.694984,-96.99094,-69.55097,True
2017-09-09 02:50:00,-90.14,89,-66,-78.33,-89.1102,-97.6759,-69.73742,True,-71.94,-87.92563,-96.109764,-69.14198,True
2017-09-09 02:55:00,-88.98,89,-65,-77.67,-87.81519,-96.56494,-68.80355,True,-71.50001,-86.52112,-94.8854,-68.12248,True
2017-09-09 03:00:00,-87.8,89,-65,-76.94,-86.533325,-95.39434,-67.83603,True,-70.74,-85.166145,-93.641975,-67.09315,True
2017-09-09 03:05:00,-86.55,89,-64,-76.2,-85.32748,-94.333466,-66.84249,True,-70.17,-84.02043,-92.63823,-66.142876,True
2017-09-09 03:10:00,-85.44,89,-64,-75.34,-84.14892,-93.23846,-65.9438,True,-69.18,-82.80159,-91.50777,-65.20449,True
2017-09-09 03:15:00,-84.46,89,-63,-74.57,-83.12592,-92.213234,-65.21677,True,-68.04,-81.75512,-90.45562,-64.45716,True
2017-09-09 03:20:00,-83.32,89,-62,-73.95,-82.04052,-91.27232,-64.33375,True,-67.18,-80.73616,-89.57773,-63.621624,True
2017-09-09 03:25:00,-82.02,89,-62,-73.73,-80.93673,-90.486786,-63.26393,True,-67.37,-79.824394,-88.972664,-62.699074,True
2017-09-09 03:30:00,-81.29,89,-61,-73.37,-80.38764,-90.189354,-62.62528,True,-67.53,-79.44689,-88.83851,-62.188732,True
2017-09-09 03:35:00,-80.54,89,-60,-73.01,-79.85485,-89.83449,-62.02178,True,-67.69,-79.11064,-88.6607,-61.73889,True
2017-09-09 03:40:00,-79.79,89,-60,-73.02,-79.38049,-89.03112,-61.753242,True,-67.45,-78.87917,-88.08677,-61.65664,True
2017-09-09 03:45:00,-78.84,89,-59,-72.51,-78.665146,-88.32313,-61.130234,True,-66.83,-78.37077,-87.57023,-61.192432,True
2017-09-09 03:50:00,-78.33,89,-59,-71.94,-78.301865,-87.763214,-60.896313,True,-66.7,-78.13293,-87.1228,-61.056152,True
2017-09-09 03:55:00,-77.67,89,-58,-71.50001,-77.862,-87.172035,-60.563244,True,-66.42,-77.8825,-86.71216,-60.86578,True
2017-09-09 04:00:00,-76.94,89,-57,-70.74,-77.346886,-86.69152,-60.06375,True,-65.35,-77.54963,-86.397606,-60.507187,True
2017-09-09 04:05:00,-76.2,89,-56,-70.17,-76.807076,-85.88677,-59.724636,True,-64.270004,-77.177216,-85.74872,-60.29932,True
2017-09-09 04:10:00,-75.34,89,-55,-69.18,-76.07295,-84.99505,-59.230705,True,-63.5,-76.54612,-84.94775,-59.888638,True
2017-09-09 04:15:00,-74.57,89,-54,-68.04,-75.36454,-84.20398,-58.781807,True,-62.79,-75.889275,-84.20821,-59.47586,True
2017-09-09 04:20:00,-73.95,89,-53,-67.18,-74.823425,-83.436844,-58.566647,True,-61.99,-75.412,-83.50199,-59.3114,True
2017-09-09 04:25:00,-73.73,89,-53,-67.37,-74.56049,-83.01298,-58.5111,True,-61.61,-75.11279,-83.04829,-59.225384,True
2017-09-09 04:30:00,-73.37,89,-53,-67.53,-74.12873,-82.41843,-58.305206,True,-61.959995,-74.618904,-82.395996,-58.96995,True
2017-09-09 04:35:00,-73.01,89,-53,-67.69,-73.72134,-81.94971,-58.07259,True,-62.28,-74.172935,-81.898735,-58.700214,True
2017-09-09 04:40:00,-73.02,89,-53,-67.45,-73.66546,-82.12043,-57.95256,True,-62.389996,-74.06139,-82.01578,-58.529865,True
2017-09-09 04:45:00,-72.51,89,-53,-66.83,-73.187706,-81.547104,-57.632133,True,-61.98,-73.60718,-81.46052,-58.227837,True
2017-09-09 04:50:00,-71.94,89,-53,-66.7,-72.69982,-80.725494,-57.378166,True,-61.09,-73.18577,-80.70949,-58.023273,True
2017-09-09 04:55:00,-71.50001,89,-53,-66.42,-72.34512,-80.28067,-57.10198,True,-61.21,-72.89856,-80.327614,-57.798286,True
2017-09-09 05:00:00,-70.74,89,-53,-65.35,-71.66295,-79.54806,-56.575554,True,-61.19,-72.27762,-79.65122,-57.31849,True
2017-09-09 05:05:00,-70.17,89,-53,-64.270004,-71.172646,-79.0128,-56.18838,True,-60.85,-71.84774,-79.16691,-56.979027,True
2017-09-09 05:10:00,-69.18,89,-53,-63.5,-70.29942,-78.22601,-55.430477,True,-60.430004,-71.06704,-78.46482,-56.290775,True
2017-09-09 05:15:00,-68.04,89,-53,-62.79,-69.25024,-77.287476,-54.547676,True,-60.42,-70.08883,-77.58536,-55.4638,True
2017-09-09 05:20:00,-67.18,89,-53,-61.99,-68.472664,-76.6994,-53.782715,True,-60.24,-69.37242,-77.04744,-54.74408,True
2017-09-09 05:25:00,-67.37,89,-53,-61.61,-68.64671,-76.42463,-54.083427,True,-60.12,-69.52926,-76.764404,-55.02975,True
2017-09-09 05:30:00,-67.53,89,-52,-61.959995,-68.83377,-76.373436,-54.303265,True,-60.22,-69.737946,-76.74424,-55.26112,True
2017-09-09 05:35:00,-67.69,89,-52,-62.28,-69.01305,-76.40904,-54.480465,True,-60.32,-69.93039,-76.7971,-55.444733,True
2017-09-09 05:40:00,-67.45,89,-52,-62.389996,-68.804016,-75.98154,-54.40526,True,-60.53,-69.74383,-76.395546,-55.385494,True
2017-09-09 05:45:00,-66.83,89,-52,-61.98,-68.2885,-75.5793,-53.876827,True,-60.64,-69.305664,-76.06137,-54.914795,True
2017-09-09 05:50:00,-66.7,89,-52,-61.09,-68.20445,-75.501854,-53.7246,True,-60.74,-69.25453,-76.015625,-54.783955,True
2017-09-09 05:55:00,-66.42,89,-52,-61.21,-67.860565,-74.90309,-53.572796,True,-60.860004,-68.85786,-75.37711,-54.5874,True
2017-09-09 06:00:00,-65.35,89,-52,-61.19,-66.76968,-73.71607,-52.81258,True,-60.63,-67.74581,-74.1685,-53.811802,True
2017-09-09 06:05:00,-64.270004,89,-51,-60.85,-65.69091,-72.685486,-51.938885,True,-60.56,-66.66569,-73.13957,-52.933327,True
2017-09-09 06:10:00,-63.5,89,-50,-60.430004,-64.9273,-71.81258,-51.35673,True,-60.46,-65.90314,-72.27063,-52.350258,True
2017-09-09 06:15:00,-62.79,89,-49,-60.42,-64.118286,-70.80688,-50.82251,True,-60.27,-65.01211,-71.19489,-51.748924,True
2017-09-09 06:20:00,-61.99,89,-48,-60.24,-63.295555,-69.86291,-50.245975,True,-60.18,-64.17048,-70.23917,-51.155323,True
2017-09-09 06:25:00,-61.61,89,-48,-60.12,-62.926514,-69.49056,-50.013622,True,-60.22,-63.808285,-69.879906,-50.923058,True
2017-09-09 06:30:00,-61.959995,89,-48,-60.22,-63.22944,-69.773,-50.26928,True,-60.24,-64.06858,-70.12785,-51.137936,True
2017-09-09 06:35:00,-62.28,89,-48,-60.32,-63.49121,-69.93479,-50.504578,True,-60.28,-64.281685,-70.25524,-51.326683,True
2017-09-09 06:40:00,-62.389996,89,-48,-60.53,-63.54179,-69.8994,-50.596535,True,-60.14,-64.28352,-70.18447,-51.37313,True
2017-09-09 06:45:00,-61.98,89,-49,-60.64,-63.23305,-69.615906,-50.367077,True,-60.15,-64.05081,-69.9713,-51.202408,True
2017-09-09 06:50:00,-61.09,89,-49,-60.74,-62.564995,-69.11437,-49.75565,True,-59.76,-63.552185,-69.61532,-50.728764,True
2017-09-09 06:55:00,-61.21,89,-49,-60.860004,-62.576794,-69.00103,-49.836224,True,-59.19,-63.47799,-69.436455,-50.733116,True
2017-09-09 07:00:00,-61.19,89,-48,-60.63,-62.422062,-68.671974,-49.830997,True,-59.04,-63.216957,-69.02488,-50.635635,True
2017-09-09 07:05:00,-60.85,89,-49,-60.56,-62.035835,-68.08321,-49.657833,True,-58.35,-62.794537,-68.41302,-50.430603,True
2017-09-09 07:10:00,-60.430004,89,-48,-60.46,-61.55053,-67.604546,-49.295074,True,-58.41,-62.254864,-67.88963,-50.019756,True
2017-09-09 07:15:00,-60.42,89,-48,-60.27,-61.463978,-67.37061,-49.286293,True,-58.41,-62.109436,-67.6178,-49.955883,True
2017-09-09 07:20:00,-60.24,89,-48,-60.18,-61.36025,-67.25414,-49.173683,True,-58.52,-62.065697,-67.5601,-49.888615,True
2017-09-09 07:25:00,-60.12,89,-48,-60.22,-61.23447,-67.11351,-49.088272,True,-58.440002,-61.934124,-67.419556,-49.794483,True
2017-09-09 07:30:00,-60.22,89,-47,-60.24,-61.38053,-67.235565,-49.195564,True,-58.19,-62.11898,-67.58693,-49.92737,True
2017-09-09 07:35:00,-60.32,89,-47,-60.28,-61.503918,-67.43131,-49.216183,True,-58.32,-62.260334,-67.80353,-49.957233,True
2017-09-09 07:40:00,-60.53,89,-47,-60.14,-61.59508,-67.37036,-49.416706,True,-58.359997,-62.25921,-67.67363,-50.07654,True
2017-09-09 07:45:00,-60.64,89,-47,-60.15,-61.587627,-67.10695,-49.603218,True,-58.41,-62.161133,-67.344795,-50.183784,True
2017-09-09 07:50:00,-60.74,89,-47,-59.76,-61.582565,-66.97231,-49.752575,True,-58.46,-62.07404,-67.14903,-50.260666,True
2017-09-09 07:55:00,-60.860004,89,-48,-59.19,-61.707027,-67.081985,-49.857147,True,-58.39,-62.201515,-67.26816,-50.363136,True
2017-09-09 08:00:00,-60.63,89,-48,-59.04,-61.399635,-66.65498,-49.695175,True,-58.39,-61.834038,-66.80114,-50.146683,True
2017-09-09 08:05:00,-60.56,89,-48,-58.35,-61.342457,-66.34392,-49.75582,True,-58.3,-61.787136,-66.51008,-50.213104,True
2017-09-09 08:10:00,-60.46,89,-48,-58.41,-61.258545,-66.13487,-49.694675,True,-58.1,-61.715595,-66.322716,-50.15795,True
2017-09-09 08:15:00,-60.27,89,-48,-58.41,-61.076748,-65.940254,-49.456364,True,-58.010002,-61.53935,-66.14149,-49.91976,True
2017-09-09 08:20:00,-60.18,89,-48,-58.52,-60.98954,-65.819885,-49.301712,True,-57.83,-61.45219,-66.02903,-49.760693,True
2017-09-09 08:25:00,-60.22,89,-48,-58.440002,-60.936565,-65.68005,-49.26459,True,-57.86,-61.32848,-65.83991,-49.658916,True
2017-09-09 08:30:00,-60.24,89,-48,-58.19,-60.921017,-65.53259,-49.31909,True,-57.88,-61.287624,-65.68101,-49.68845,True
2017-09-09 08:35:00,-60.28,89,-48,-58.32,-60.892647,-65.49591,-49.298203,True,-57.75,-61.20749,-65.60978,-49.618958,True
2017-09-09 08:40:00,-60.14,89,-48,-58.359997,-60.692104,-65.31644,-49.131577,True,-57.57,-60.96123,-65.39961,-49.409515,True
2017-09-09 08:45:00,-60.15,89,-48,-58.41,-60.636578,-65.278496,-49.062317,True,-57.47,-60.85674,-65.329994,-49.293835,True
2017-09-09 08:50:00,-59.76,89,-48,-58.46,-60.270355,-64.83672,-48.812874,True,-57.33,-60.513718,-64.91883,-49.0607,True
2017-09-09 08:55:00,-59.19,89,-48,-58.39,-59.666653,-64.29214,-48.349224,True,-57.12,-59.88766,-64.36516,-48.57403,True
2017-09-09 09:00:00,-59.04,89,-47,-58.39,-59.41657,-63.788403,-48.38826,True,-56.97,-59.562927,-63.80806,-48.547733,True
2017-09-09 09:05:00,-58.35,89,-47,-58.3,-58.797527,-63.099968,-47.95513,True,-56.75,-59.00473,-63.18278,-48.163258,True
2017-09-09 09:10:00,-58.41,89,-47,-58.1,-58.735928,-63.0882,-47.93027,True,-56.32,-58.85082,-63.102303,-48.054672,True
2017-09-09 09:15:00,-58.41,89,-47,-58.010002,-58.62398,-62.868664,-47.972073,True,-56.19,-58.653103,-62.81887,-48.019997,True
2017-09-09 09:20:00,-58.52,89,-47,-57.83,-58.66063,-62.770233,-48.107697,True,-55.92,-58.637356,-62.68731,-48.10701,True
2017-09-09 09:25:00,-58.440002,89,-47,-57.86,-58.56482,-62.754963,-47.95109,True,-55.76,-58.532314,-62.67421,-47.937702,True
2017-09-09 09:30:00,-58.19,89,-47,-57.88,-58.243214,-62.543934,-47.613045,True,-55.540005,-58.154522,-62.423553,-47.54805,True
2017-09-09 09:35:00,-58.32,89,-47,-57.75,-58.19163,-62.43918,-47.585453,True,-55.18,-57.959694,-62.204514,-47.394447,True
2017-09-09 09:40:00,-58.359997,89,-47,-57.57,-58.064896,-62.15281,-47.585854,True,-54.86,-57.6993,-61.811832,-47.276913,True
2017-09-09 09:45:00,-58.41,89,-47,-57.47,-58.154346,-62.21195,-47.649353,True,-54.41,-57.826748,-61.915665,-47.3683,True
2017-09-09 09:50:00,-58.46,89,-47,-57.33,-58.240017,-62.28312,-47.63264,True,-54.05,-57.945896,-62.02774,-47.375595,True
2017-09-09 09:55:00,-58.39,89,-47,-57.12,-58.299644,-62.5298,-47.50631,True,-53.96,-58.11479,-62.38091,-47.337666,True
2017-09-09 10:00:00,-58.39,89,-47,-56.97,-58.32655,-62.715034,-47.389156,True,-53.62,-58.167595,-62.5988,-47.237865,True
2017-09-09 10:05:00,-58.3,89,-47,-56.75,-58.231686,-62.38095,-47.53348,True,-53.46,-58.075752,-62.2772,-47.381638,True
2017-09-09 10:10:00,-58.1,89,-48,-56.32,-58.047005,-62.18912,-47.37254,True,-53.5,-57.907764,-62.110367,-47.230675,True
2017-09-09 10:15:00,-58.010002,89,-48,-56.19,-57.954243,-62.023075,-47.348537,True,-53.58,-57.81789,-61.95714,-47.20504,True
2017-09-09 10:20:00,-57.83,89,-48,-55.92,-57.774105,-61.817398,-47.22519,True,-53.37,-57.642574,-61.765816,-47.081882,True
2017-09-09 10:25:00,-57.86,89,-48,-55.76,-57.799026,-61.868782,-47.207455,True,-53.22,-57.66829,-61.82833,-47.060635,True
2017-09-09 10:30:00,-57.88,89,-48,-55.540005,-57.840843,-61.96749,-47.159424,True,-53.41,-57.73353,-61.95664,-47.02915,True
2017-09-09 10:35:00,-57.75,89,-48,-55.18,-57.676228,-61.857807,-46.98827,True,-53.45,-57.544025,-61.835182,-46.832893,True
2017-09-09 10:40:00,-57.57,89,-48,-54.86,-57.57807,-62.136597,-46.44565,True,-53.75,-57.516663,-62.188915,-46.345596,True
2017-09-09 10:45:00,-57.47,89,-48,-54.41,-57.55074,-62.252895,-46.151245,True,-53.82,-57.553833,-62.371986,-46.1024,True
2017-09-09 10:50:00,-57.33,89,-47,-54.05,-57.484184,-62.224728,-45.988964,True,-53.91,-57.55348,-62.412296,-45.992508,True
2017-09-09 10:55:00,-57.12,89,-47,-53.96,-57.323997,-62.13312,-45.821117,True,-54.18,-57.439224,-62.370537,-45.860268,True
2017-09-09 11:00:00,-56.97,89,-47,-53.62,-57.186935,-61.856884,-45.80603,True,-54.5,-57.318684,-62.11673,-45.857063,True
2017-09-09 11:05:00,-56.75,89,-47,-53.46,-56.943317,-61.302044,-45.910572,True,-54.06,-57.063984,-61.55992,-45.94874,True
2017-09-09 11:10:00,-56.32,89,-47,-53.5,-56.4956,-60.888702,-45.609077,True,-53.79,-56.605385,-61.143604,-45.63474,True
2017-09-09 11:15:00,-56.19,89,-47,-53.58,-56.38086,-60.763306,-45.57256,True,-53.79,-56.509407,-61.043587,-45.610737,True
2017-09-09 11:20:00,-55.92,89,-47,-53.37,-56.217808,-60.566025,-45.523056,True,-53.8,-56.44191,-60.935307,-45.64145,True
2017-09-09 11:25:00,-55.76,89,-47,-53.22,-56.089863,-60.253857,-45.63499,True,-53.82,-56.347675,-60.66004,-45.7795,True
2017-09-09 11:30:00,-55.540005,89,-47,-53.41,-55.884148,-59.94388,-45.56681,True,-53.29,-56.158817,-60.371872,-45.723164,True
2017-09-09 11:35:00,-55.18,89,-47,-53.45,-55.55748,-59.54181,-45.38197,True,-52.77,-55.86574,-60.00705,-45.563953,True
2017-09-09 11:40:00,-54.86,89,-46,-53.75,-55.235744,-59.28548,-45.080917,True,-52.28,-55.546898,-59.759144,-45.26282,True
2017-09-09 11:45:00,-54.41,89,-46,-53.82,-54.807274,-58.95083,-44.7161,True,-51.81,-55.139812,-59.452965,-44.911655,True
2017-09-09 11:50:00,-54.05,89,-46,-53.91,-54.4398,-58.742184,-44.369118,True,-51.45,-54.769608,-59.24752,-44.55954,True
2017-09-09 11:55:00,-53.96,89,-46,-54.18,-54.289707,-58.66593,-44.279297,True,-51.24,-54.57426,-59.140152,-44.425983,True
2017-09-09 12:00:00,-53.62,89,-46,-54.5,-53.84136,-58.29515,-44.02165,True,-51.26,-54.03769,-58.698532,-44.086857,True
2017-09-09 12:05:00,-53.46,89,-45,-54.06,-53.522945,-58.05165,-43.87599,True,-51.38,-53.588657,-58.348297,-43.821373,True
2017-09-09 12:10:00,-53.5,89,-45,-53.79,-53.38335,-57.89391,-43.93755,True,-51.37,-53.30002,-58.06851,-43.745564,True
2017-09-09 12:15:00,-53.58,89,-45,-53.79,-53.27755,-57.78679,-44.0182,True,-51.26,-53.037365,-57.826096,-43.68401,True
2017-09-09 12:20:00,-53.37,89,-46,-53.8,-52.97122,-57.540714,-43.869007,True,-51.14,-52.649715,-57.517395,-43.45601,True
2017-09-09 12:25:00,-53.22,89,-46,-53.82,-52.87267,-57.456753,-43.84801,True,-50.99,-52.599922,-57.4827,-43.471542,True
2017-09-09 12:30:00,-53.41,89,-46,-53.29,-53.027035,-57.667522,-43.917606,True,-50.98,-52.728252,-57.680866,-43.512306,True
2017-09-09 12:35:00,-53.45,89,-46,-52.77,-53.01535,-57.721607,-43.90332,True,-51.19,-52.673595,-57.70097,-43.456165,True
2017-09-09 12:40:00,-53.75,89,-46,-52.28,-53.217358,-57.848938,-44.247013,True,-51.21,-52.793777,-57.76222,-43.71979,True
2017-09-09 12:45:00,-53.82,89,-47,-51.81,-53.27165,-57.919113,-44.39887,True,-51.12,-52.837177,-57.827984,-43.855274,True
2017-09-09 12:50:00,-53.91,89,-47,-51.45,-53.36995,-58.116776,-44.44057,True,-51.06,-52.945934,-58.045364,-43.89899,True
2017-09-09 12:55:00,-54.18,89,-47,-51.24,-53.621952,-58.448982,-44.58445,True,-50.89,-53.186954,-58.37941,-44.025715,True
2017-09-09 13:00:00,-54.5,89,-48,-51.26,-53.934483,-58.85888,-44.704506,True,-51.01,-53.49824,-58.800133,-44.13878,True
2017-09-09 13:05:00,-54.06,89,-48,-51.38,-53.556293,-58.71346,-44.14045,True,-51.18,-53.17602,-58.717056,-43.61889,True
2017-09-09 13:10:00,-53.79,89,-48,-51.37,-53.380157,-58.645275,-43.846115,True,-51.29,-53.08601,-58.73363,-43.394844,True
2017-09-09 13:15:00,-53.79,89,-48,-51.26,-53.49078,-58.870056,-43.809795,True,-51.35,-53.30033,-59.06576,-43.440815,True
2017-09-09 13:20:00,-53.8,89,-48,-51.14,-53.52693,-58.900517,-43.795494,True,-51.45,-53.36408,-59.125694,-43.44455,True
2017-09-09 13:25:00,-53.82,89,-48,-50.99,-53.52256,-58.83478,-43.861862,True,-51.52,-53.34377,-59.052948,-43.488365,True
2017-09-09 13:30:00,-53.29,89,-48,-50.98,-53.05433,-58.49436,-43.438572,True,-51.57,-52.931515,-58.77339,-43.10499,True
2017-09-09 13:35:00,-52.77,89,-47,-51.19,-52.609856,-58.17574,-43.028816,True,-51.61,-52.55496,-58.52535,-42.74614,True
2017-09-09 13:40:00,-52.28,89,-47,-51.21,-52.207184,-57.941967,-42.591,True,-51.56,-52.23189,-58.374073,-42.37003,True
2017-09-09 13:45:00,-51.81,89,-47,-51.12,-51.781113,-57.593945,-42.140842,True,-51.51,-51.84731,-58.072937,-41.94755,True
2017-09-09 13:50:00,-51.45,89,-46,-51.06,-51.45894,-57.31681,-41.779747,True,-51.38,-51.561554,-57.83756,-41.609386,True
2017-09-09 13:55:00,-51.24,89,-46,-50.89,-51.294983,-57.20537,-41.556564,True,-51.31,-51.441456,-57.77031,-41.418186,True
2017-09-09 14:00:00,-51.26,89,-46,-51.01,-51.37334,-57.35655,-41.54662,True,-51.31,-51.5777,-57.98748,-41.44815,True
2017-09-09 14:05:00,-51.38,89,-46,-51.18,-51.50322,-57.579094,-41.571613,True,-51.28,-51.720974,-58.233116,-41.47627,True
2017-09-09 14:10:00,-51.37,89,-46,-51.29,-51.48768,-57.524452,-41.591938,True,-51.14,-51.705124,-58.18548,-41.486458,True
2017-09-09 14:15:00,-51.26,89,-46,-51.35,-51.402893,-57.56042,-41.460197,True,-50.78,-51.645,-58.249275,-41.369877,True
2017-09-09 14:20:00,-51.14,89,-46,-51.45,-51.275528,-57.468857,-41.366642,True,-50.6,-51.515163,-58.16829,-41.26026,True
2017-09-09 14:25:00,-50.99,89,-46,-51.52,-51.147713,-57.561943,-41.12031,True,-50.35,-51.407684,-58.287495,-41.02582,True
2017-09-09 14:30:00,-50.98,89,-45,-51.57,-51.158066,-57.608177,-41.117928,True,-49.99,-51.440582,-58.361824,-41.03303,True
2017-09-09 14:35:00,-51.19,89,-46,-51.61,-51.38645,-57.899666,-41.255573,True,-49.74,-51.689724,-58.680984,-41.18057,True
2017-09-09 14:40:00,-51.21,89,-45,-51.56,-51.4323,-58.02742,-41.244904,True,-49.57,-51.76294,-58.841946,-41.184315,True
2017-09-09 14:45:00,-51.12,89,-45,-51.51,-51.35474,-57.98001,-41.17169,True,-49.22,-51.698654,-58.8083,-41.115334,True
2017-09-09 14:50:00,-51.06,89,-45,-51.38,-51.313416,-58.02687,-41.029076,True,-49.03,-51.676567,-58.88013,-40.97999,True
2017-09-09 14:55:00,-50.89,89,-45,-51.31,-51.09848,-57.78882,-40.91753,True,-48.7,-51.421494,-58.606026,-40.82346,True
2017-09-09 15:00:00,-51.01,89,-44,-51.31,-51.15216,-57.80869,-41.103462,True,-48.41,-51.41628,-58.57356,-40.945843,True
2017-09-09 15:05:00,-51.18,89,-44,-51.28,-51.27665,-57.868446,-41.36444,True,-48.1,-51.500793,-58.59601,-41.160984,True
2017-09-09 15:10:00,-51.29,89,-44,-51.14,-51.362785,-58.074898,-41.43006,True,-47.85,-51.56617,-58.792347,-41.197033,True
2017-09-09 15:15:00,-51.35,89,-44,-50.78,-51.3622,-58.23612,-41.402287,True,-47.61,-51.508827,-58.907467,-41.111908,True
2017-09-09 15:20:00,-51.45,89,-44,-50.6,-51.41093,-58.35158,-41.46015,True,-47.24,-51.50958,-58.980976,-41.11871,True
2017-09-09 15:25:00,-51.52,89,-43,-50.35,-51.41693,-58.574703,-41.36847,True,-47.0,-51.454086,-59.155556,-40.96711,True
2017-09-09 15:30:00,-51.57,89,-43,-49.99,-51.422974,-58.78035,-41.246395,True,-46.82,-51.41779,-59.32836,-40.803185,True
2017-09-09 15:35:00,-51.61,89,-43,-49.74,-51.48157,-58.906937,-41.237446,True,-46.81,-51.491646,-59.469395,-40.8022,True
2017-09-09 15:40:00,-51.56,89,-43,-49.57,-51.42657,-59.002983,-41.100246,True,-46.81,-51.42785,-59.555416,-40.655945,True
2017-09-09 15:45:00,-51.51,89,-42,-49.22,-51.380463,-59.096928,-40.984768,True,-46.9,-51.383907,-59.658108,-40.533997,True
2017-09-09 15:50:00,-51.38,89,-42,-49.03,-51.272976,-59.196835,-40.765682,True,-46.94,-51.293583,-59.771473,-40.330025,True
2017-09-09 15:55:00,-51.31,89,-42,-48.7,-51.214138,-59.139187,-40.696598,True,-47.05,-51.242332,-59.717037,-40.261322,True
2017-09-09 16:00:00,-51.31,89,-42,-48.41,-51.242783,-59.183403,-40.704773,True,-47.28,-51.29487,-59.773674,-40.28991,True
2017-09-09 16:05:00,-51.28,89,-42,-48.1,-51.260128,-59.28277,-40.647068,True,-47.77,-51.355503,-59.90922,-40.268497,True
2017-09-09 16:10:00,-51.14,89,-42,-47.85,-51.13042,-59.302784,-40.446976,True,-48.12,-51.231983,-59.928978,-40.07566,True
2017-09-09 16:15:00,-50.78,89,-41,-47.61,-50.762863,-59.041138,-40.109547,True,-48.61,-50.853355,-59.655495,-39.72399,True
2017-09-09 16:20:00,-50.6,89,-41,-47.24,-50.538013,-58.849346,-39.93157,True,-48.87,-50.58104,-59.412407,-39.50312,True
2017-09-09 16:25:00,-50.35,89,-41,-47.0,-50.281918,-58.732784,-39.64846,True,-49.1,-50.315517,-59.286434,-39.209663,True
2017-09-09 16:30:00,-49.99,89,-41,-46.82,-49.912598,-58.575783,-39.229607,True,-49.44,-49.93148,-59.107193,-38.785294,True
2017-09-09 16:35:00,-49.74,89,-40,-46.81,-49.65074,-58.53963,-38.886837,True,-49.87,-49.655006,-59.059093,-38.429615,True
2017-09-09 16:40:00,-49.57,89,-41,-46.81,-49.49113,-58.521618,-38.640835,True,-50.16,-49.503082,-59.04576,-38.190857,True
2017-09-09 16:45:00,-49.22,89,-40,-46.9,-49.146164,-58.258083,-38.265656,True,-50.42,-49.159187,-58.77283,-37.8211,True
2017-09-09 16:50:00,-49.03,89,-40,-46.94,-48.965965,-58.073235,-38.07477,True,-50.55,-48.98548,-58.58112,-37.64075,True
2017-09-09 16:55:00,-48.7,89,-40,-47.05,-48.625595,-57.87949,-37.677124,True,-50.59,-48.63151,-58.371967,-37.232838,True
2017-09-09 17:00:00,-48.41,89,-40,-47.28,-48.38163,-57.928185,-37.267666,True,-50.37,-48.42879,-58.45263,-36.86901,True
2017-09-09 17:05:00,-48.1,89,-40,-47.77,-48.064255,-57.70282,-36.938026,True,-50.24,-48.10134,-58.212822,-36.532307,True
2017-09-09 17:10:00,-47.85,89,-40,-48.12,-47.804836,-57.489155,-36.693512,True,-50.08,-47.82846,-57.97761,-36.280422,True
2017-09-09 17:15:00,-47.61,89,-40,-48.61,-47.57621,-57.451385,-36.374096,True,-49.98,-47.60802,-57.944607,-35.9717,True
2017-09-09 17:20:00,-47.24,89,-40,-48.87,-47.205544,-57.234123,-35.96541,True,-49.71,-47.233578,-57.715157,-35.567284,True
2017-09-09 17:25:00,-47.0,89,-40,-49.1,-46.954594,-56.965137,-35.737137,True,-49.51,-46.968407,-57.422157,-35.33167,True
2017-09-09 17:30:00,-46.82,89,-40,-49.44,-46.780067,-56.79118,-35.556656,True,-49.33,-46.79715,-57.248318,-35.152725,True
2017-09-09 17:35:00,-46.81,89,-40,-49.87,-46.791454,-56.856094,-35.502094,True,-48.98,-46.827156,-57.31834,-35.123665,True
2017-09-09 17:40:00,-46.81,89,-40,-50.16,-46.859062,-57.18321,-35.375893,True,-48.46,-46.95855,-57.694122,-35.066113,True
2017-09-09 17:45:00,-46.9,89,-40,-50.42,-47.004856,-57.604305,-35.29393,True,-48.09,-47.157738,-58.158398,-35.04002,True
2017-09-09 17:50:00,-46.94,89,-40,-50.55,-47.009956,-57.600147,-35.2749,True,-47.67,-47.127995,-58.116497,-34.993984,True
2017-09-09 17:55:00,-47.05,89,-40,-50.59,-47.10562,-57.73473,-35.308746,True,-47.4,-47.2079,-58.226425,-35.02245,True
2017-09-09 18:00:00,-47.28,89,-40,-50.37,-47.303024,-57.868366,-35.478394,True,-47.510002,-47.372013,-58.327324,-35.162422,True
2017-09-09 18:05:00,-47.77,89,-40,-50.24,-47.78559,-58.5203,-35.790577,True,-47.59,-47.84634,-58.963253,-35.477814,True
2017-09-09 18:10:00,-48.12,89,-40,-50.08,-48.134575,-58.931343,-36.02927,True,-47.79,-48.193027,-59.366783,-35.71995,True
2017-09-09 18:15:00,-48.61,89,-40,-49.98,-48.581635,-59.39746,-36.381363,True,-47.9,-48.596836,-59.78777,-36.039394,True
2017-09-09 18:20:00,-48.87,89,-40,-49.71,-48.835117,-59.73525,-36.53658,True,-47.95,-48.842644,-60.112373,-36.194542,True
2017-09-09 18:25:00,-49.1,89,-40,-49.51,-49.03361,-59.99303,-36.682606,True,-48.09,-49.00901,-60.33553,-36.318462,True
2017-09-09 18:30:00,-49.44,89,-40,-49.33,-49.38011,-60.507244,-36.896275,True,-48.31,-49.36046,-60.844482,-36.548687,True
2017-09-09 18:35:00,-49.87,89,-40,-48.98,-49.887283,-61.456066,-37.09084,True,-48.26,-49.943867,-61.86147,-36.81893,True
2017-09-09 18:40:00,-50.16,89,-40,-48.46,-50.14645,-61.804733,-37.24306,True,-48.1,-50.17219,-62.17717,-36.951275,True
2017-09-09 18:45:00,-50.42,89,-39,-48.09,-50.395508,-62.19873,-37.30964,True,-47.86,-50.40944,-62.550224,-37.019024,True
2017-09-09 18:50:00,-50.55,89,-39,-47.67,-50.487183,-62.253147,-37.357555,True,-47.44,-50.46267,-62.563107,-37.039936,True
2017-09-09 18:55:00,-50.59,89,-39,-47.4,-50.476894,-62.170826,-37.33039,True,-46.86,-50.401554,-62.428787,-36.97373,True
2017-09-09 19:00:00,-50.37,89,-39,-47.510002,-50.156197,-61.812466,-37.034496,True,-46.38,-49.980927,-61.974495,-36.596687,True
2017-09-09 19:05:00,-50.24,89,-38,-47.59,-49.923077,-61.611618,-36.837654,True,-46.32,-49.64636,-61.679398,-36.317177,True
2017-09-09 19:10:00,-50.08,89,-38,-47.79,-49.751965,-61.585705,-36.554024,True,-45.63,-49.46452,-61.638462,-36.033363,True
2017-09-09 19:15:00,-49.98,89,-38,-47.9,-49.579372,-61.523598,-36.309547,True,-44.92,-49.221226,-61.504807,-35.73866,True
2017-09-09 19:20:00,-49.71,89,-38,-47.95,-49.246666,-61.220543,-35.982624,True,-44.31,-48.827496,-61.14394,-35.364307,True
2017-09-09 19:25:00,-49.51,89,-37,-48.09,-48.97538,-61.089684,-35.67732,True,-43.7,-48.487476,-60.947205,-35.007927,True
2017-09-09 19:30:00,-49.33,89,-37,-48.31,-48.760094,-60.947613,-35.442955,True,-43.42,-48.237396,-60.767555,-34.751957,True
2017-09-09 19:35:00,-48.98,89,-37,-48.26,-48.387825,-60.658817,-35.094994,True,-42.93,-47.8432,-60.44983,-34.396328,True
2017-09-09 19:40:00,-48.46,89,-36,-48.1,-47.863647,-60.31445,-34.557907,True,-42.64,-47.317535,-60.098152,-33.869133,True
2017-09-09 19:45:00,-48.09,89,-36,-47.86,-47.409267,-59.963623,-34.124657,True,-42.43,-46.782784,-59.67396,-33.37278,True
2017-09-09 19:50:00,-47.67,89,-36,-47.44,-46.89742,-59.460068,-33.686913,True,-42.21,-46.181652,-59.086838,-32.864285,True
2017-09-09 19:55:00,-47.4,89,-35,-46.86,-46.64382,-59.081047,-33.51131,True,-41.97,-45.94399,-58.710083,-32.71228,True
2017-09-09 20:00:00,-47.510002,89,-35,-46.38,-46.739445,-59.05208,-33.6265,True,-41.85,-46.02391,-58.65395,-32.824757,True
2017-09-09 20:05:00,-47.59,89,-35,-46.32,-46.78147,-59.08687,-33.64617,True,-41.73,-46.02946,-58.648468,-32.82206,True
2017-09-09 20:10:00,-47.79,89,-35,-45.63,-46.9813,-59.219,-33.824783,True,-41.65,-46.227806,-58.768097,-33.00943,True
2017-09-09 20:15:00,-47.9,89,-35,-44.92,-47.08875,-59.354042,-33.885094,True,-41.63,-46.33329,-58.893375,-33.078247,True
2017-09-09 20:20:00,-47.95,89,-35,-44.31,-47.16872,-59.466976,-33.898136,True,-41.72,-46.4426,-59.019783,-33.13069,True
2017-09-09 20:25:00,-48.09,89,-34,-43.7,-47.358116,-59.71375,-34.00985,True,-42.02,-46.68025,-59.297806,-33.296787,True
2017-09-09 20:30:00,-48.31,89,-34,-43.42,-47.56318,-59.753166,-34.251236,True,-42.34,-46.86894,-59.310345,-33.533424,True
2017-09-09 20:35:00,-48.26,89,-34,-42.93,-47.47576,-59.490467,-34.25404,True,-42.63,-46.7439,-59.004223,-33.512455,True
2017-09-09 20:40:00,-48.1,89,-34,-42.64,-47.347885,-59.387714,-34.130116,True,-43.09,-46.64829,-58.921055,-33.42896,True
2017-09-09 20:45:00,-47.86,89,-34,-42.43,-47.159492,-59.393177,-33.920265,True,-43.4,-46.512974,-58.96312,-33.280327,True
2017-09-09 20:50:00,-47.44,89,-34,-42.21,-46.80782,-59.388912,-33.501854,True,-43.63,-46.233234,-59.01594,-32.938892,True
2017-09-09 20:55:00,-46.86,89,-34,-41.97,-46.299557,-59.2228,-32.945282,True,-43.68,-45.799885,-58.90839,-32.46149,True
2017-09-09 21:00:00,-46.38,89,-34,-41.85,-45.83759,-59.040943,-32.457504,True,-43.790005,-45.35963,-58.738426,-32.004955,True
2017-09-09 21:05:00,-46.32,89,-34,-41.73,-45.799324,-58.93601,-32.428093,True,-43.81,-45.341343,-58.639545,-32.004204,True
2017-09-09 21:10:00,-45.63,89,-34,-41.65,-45.12433,-58.32266,-31.832073,True,-43.76,-44.68479,-58.033676,-31.436008,True
2017-09-09 21:15:00,-44.92,89,-33,-41.63,-44.42884,-57.721478,-31.212896,True,-43.77,-44.00734,-57.43874,-30.844994,True
2017-09-09 21:20:00,-44.31,89,-33,-41.72,-43.834846,-57.131824,-30.709162,True,-43.89,-43.432354,-56.856705,-30.369215,True
2017-09-09 21:25:00,-43.7,89,-33,-42.02,-43.23745,-56.551655,-30.207968,True,-44.0,-42.851097,-56.281666,-29.894405,True
2017-09-09 21:30:00,-43.42,89,-33,-42.34,-42.943798,-56.18767,-29.998697,True,-44.1,-42.545612,-55.898727,-29.685062,True
2017-09-09 21:35:00,-42.93,89,-33,-42.63,-42.385616,-55.70459,-29.532589,True,-44.21,-41.92616,-55.35782,-29.174995,True
2017-09-09 21:40:00,-42.64,89,-33,-43.09,-42.059277,-55.411938,-29.276157,True,-44.26,-41.56723,-55.02979,-28.899727,True
2017-09-09 21:45:00,-42.43,89,-33,-43.4,-41.847687,-55.29037,-29.09036,True,-44.25,-41.35721,-54.901264,-28.725904,True
2017-09-09 21:50:00,-42.21,89,-33,-43.63,-41.638683,-55.111614,-28.908321,True,-44.24,-41.161842,-54.72458,-28.567747,True
2017-09-09 21:55:00,-41.97,89,-33,-43.68,-41.360836,-54.83298,-28.693737,True,-44.18,-40.85019,-54.409626,-28.333345,True
2017-09-09 22:00:00,-41.85,89,-33,-43.790005,-41.231815,-54.78238,-28.563507,True,-44.43,-40.715263,-54.34526,-28.208359,True
2017-09-09 22:05:00,-41.73,89,-33,-43.81,-41.073895,-54.57291,-28.468119,True,-44.46,-40.521564,-54.097137,-28.090155,True
2017-09-09 22:10:00,-41.65,89,-33,-43.76,-41.000977,-54.428757,-28.445608,True,-44.46,-40.455677,-53.949028,-28.083632,True
2017-09-09 22:15:00,-41.63,89,-32,-43.77,-40.995728,-54.41166,-28.462599,True,-44.42,-40.466885,-53.934746,-28.126902,True
2017-09-09 22:20:00,-41.72,89,-33,-43.89,-41.077854,-54.533646,-28.538542,True,-44.19,-40.54423,-54.043957,-28.207705,True
2017-09-09 22:25:00,-42.02,89,-33,-44.0,-41.310417,-54.545258,-28.828835,True,-44.03,-40.710667,-53.99153,-28.446064,True
2017-09-09 22:30:00,-42.34,89,-33,-44.1,-41.574986,-54.740845,-29.10901,True,-43.8,-40.922146,-54.133472,-28.687073,True
2017-09-09 22:35:00,-42.63,89,-33,-44.21,-41.821438,-54.870544,-29.363537,True,-43.49,-41.1251,-54.216656,-28.911263,True
2017-09-09 22:40:00,-43.09,89,-33,-44.26,-42.20424,-55.09773,-29.77479,True,-43.19,-41.43182,-54.367653,-29.26491,True
2017-09-09 22:45:00,-43.4,89,-33,-44.25,-42.52152,-55.51693,-30.005062,True,-42.79,-41.756393,-54.782158,-29.510471,True
2017-09-09 22:50:00,-43.63,89,-33,-44.24,-42.717022,-55.334152,-30.326073,True,-42.53,-41.913765,-54.55642,-29.803442,True
2017-09-09 22:55:00,-43.68,89,-33,-44.18,-42.74447,-55.03872,-30.482183,True,-42.27,-41.916416,-54.229847,-29.945227,True
2017-09-09 23:00:00,-43.790005,89,-33,-44.43,-42.80529,-54.903828,-30.634523,True,-42.19,-41.928837,-54.042778,-30.064783,True
2017-09-09 23:05:00,-43.81,89,-33,-44.46,-42.8412,-54.91325,-30.707752,True,-42.03,-41.980297,-54.056385,-30.160055,True
2017-09-09 23:10:00,-43.76,89,-33,-44.46,-42.7987,-54.950882,-30.6925,True,-42.05,-41.948223,-54.094677,-30.162977,True
2017-09-09 23:15:00,-43.77,89,-33,-44.42,-42.877735,-55.12786,-30.746407,True,-42.01,-42.09453,-54.320213,-30.284163,True
2017-09-09 23:20:00,-43.89,89,-33,-44.19,-43.035847,-55.226913,-30.937653,True,-42.01,-42.290447,-54.440075,-30.519629,True
2017-09-09 23:25:00,-44.0,89,-33,-44.03,-43.13809,-55.322136,-31.057348,True,-41.93,-42.387897,-54.52307,-30.642168,True
2017-09-09 23:30:00,-44.1,89,-34,-43.8,-43.201103,-55.288113,-31.176533,True,-41.8,-42.41661,-54.451996,-30.737703,True
2017-09-09 23:35:00,-44.21,89,-34,-43.49,-43.30236,-55.19486,-31.365978,True,-41.67,-42.50776,-54.34148,-30.924488,True
2017-09-09 23:40:00,-44.26,89,-33,-43.19,-43.323982,-55.29422,-31.387012,True,-41.55,-42.50545,-54.41189,-30.93233,True
2017-09-09 23:45:00,-44.25,89,-33,-42.79,-43.40023,-55.441456,-31.413204,True,-41.42,-42.662945,-54.618164,-31.03857,True
2017-09-09 23:50:00,-44.24,89,-34,-42.53,-43.46459,-55.429024,-31.492487,True,-41.24,-42.79691,-54.65595,-31.186146,True
2017-09-09 23:55:00,-44.18,89,-34,-42.27,-43.475456,-55.395206,-31.51404,True,-41.24,-42.874878,-54.667706,-31.277115,True
2017-09-10 00:00:00,-44.43,89,-34,-42.19,-43.742653,-55.388424,-31.854916,True,-41.08,-43.154793,-54.66555,-31.631025,True
2017-09-10 00:05:00,-44.46,89,-34,-42.03,-43.756374,-55.17069,-31.993868,True,-40.89,-43.15148,-54.42665,-31.759762,True
2017-09-10 00:10:00,-44.46,89,-34,-42.05,-43.725983,-54.94031,-32.08558,True,-40.84,-43.09276,-54.16308,-31.835342,True
2017-09-10 00:15:00,-44.42,89,-34,-42.01,-43.67667,-54.753212,-32.14679,True,-40.69,-43.035065,-53.962463,-31.894024,True
2017-09-10 00:20:00,-44.19,89,-34,-42.01,-43.464905,-54.45345,-32.05066,True,-40.59,-42.841248,-53.674232,-31.815983,True
2017-09-10 00:25:00,-44.03,89,-34,-41.93,-43.339195,-54.244667,-32.0168,True,-40.510002,-42.74823,-53.484184,-31.819841,True
2017-09-10 00:30:00,-43.8,89,-34,-41.8,-43.124165,-53.94684,-31.912296,True,-40.4,-42.548943,-53.194252,-31.734007,True
2017-09-10 00:35:00,-43.49,89,-34,-41.67,-42.802177,-53.60882,-31.695942,True,-40.310005,-42.218582,-52.843845,-31.514551,True
2017-09-10 00:40:00,-43.19,89,-35,-41.55,-42.493763,-53.2682,-31.50307,True,-40.18,-41.904335,-52.491936,-31.320791,True
2017-09-10 00:45:00,-42.79,89,-35,-41.42,-42.090458,-52.970367,-31.18819,True,-40.15,-41.50146,-52.188763,-31.009949,True
2017-09-10 00:50:00,-42.53,89,-34,-41.24,-41.813362,-52.711174,-31.006453,True,-40.1,-41.21103,-51.90961,-30.823206,True
2017-09-10 00:55:00,-42.27,89,-34,-41.24,-41.5489,-52.34406,-30.883797,True,-39.99,-40.943306,-51.537754,-30.697414,True
2017-09-10 01:00:00,-42.19,89,-35,-41.08,-41.48287,-52.30606,-30.864021,True,-40.05,-40.891533,-51.505554,-30.693974,True
2017-09-10 01:05:00,-42.03,89,-35,-40.89,-41.33025,-52.0729,-30.808212,True,-40.02,-40.747437,-51.27142,-30.653112,True
2017-09-10 01:10:00,-42.05,89,-35,-40.84,-41.34142,-52.028065,-30.893156,True,-39.93,-40.750023,-51.216217,-30.729675,True
2017-09-10 01:15:00,-42.01,89,-35,-40.69,-41.284252,-52.00458,-30.880894,True,-39.9,-40.677788,-51.173878,-30.706781,True
2017-09-10 01:20:00,-42.01,89,-35,-40.59,-41.253,-51.83972,-30.968449,True,-39.8,-40.618134,-50.977394,-30.775637,True
2017-09-10 01:25:00,-41.93,89,-35,-40.510002,-41.189514,-51.714294,-30.993435,True,-39.7,-40.569134,-50.862183,-30.812557,True
2017-09-10 01:30:00,-41.8,89,-35,-40.4,-41.083405,-51.594948,-30.958143,True,-39.67,-40.485065,-50.756622,-30.799131,True
2017-09-10 01:35:00,-41.67,89,-35,-40.310005,-40.96909,-51.467194,-30.910357,True,-39.67,-40.38554,-50.63673,-30.766407,True
2017-09-10 01:40:00,-41.55,89,-35,-40.18,-40.866806,-51.308727,-30.887732,True,-39.7,-40.299225,-50.48681,-30.759727,True
2017-09-10 01:45:00,-41.42,89,-35,-40.15,-40.77104,-51.102787,-30.885159,True,-39.5,-40.233902,-50.302795,-30.78578,True
2017-09-10 01:50:00,-41.24,89,-35,-40.1,-40.618904,-50.884785,-30.834124,True,-39.53,-40.10651,-50.10525,-30.754179,True
2017-09-10 01:55:00,-41.24,89,-35,-39.99,-40.642868,-50.90104,-30.891457,True,-39.5,-40.151764,-50.130978,-30.835403,True
2017-09-10 02:00:00,-41.08,89,-35,-40.05,-40.532883,-50.705917,-30.841885,True,-39.35,-40.086395,-49.969448,-30.82646,True
2017-09-10 02:05:00,-40.89,89,-35,-40.02,-40.358143,-50.337555,-30.817368,True,-39.29,-39.923412,-49.612915,-30.809223,True
2017-09-10 02:10:00,-40.84,89,-35,-39.93,-40.327118,-50.14386,-30.895365,True,-39.15,-39.907265,-49.42938,-30.900812,True
2017-09-10 02:15:00,-40.69,89,-35,-39.9,-40.20417,-49.9091,-30.869274,True,-39.01,-39.80744,-49.21151,-30.89554,True
2017-09-10 02:20:00,-40.59,89,-35,-39.8,-40.09307,-49.726128,-30.85403,True,-38.9,-39.685524,-49.016438,-30.870289,True
2017-09-10 02:25:00,-40.510002,89,-35,-39.7,-40.071766,-49.68129,-30.870605,True,-38.64,-39.71593,-49.011192,-30.933279,True
2017-09-10 02:30:00,-40.4,89,-35,-39.67,-40.032448,-49.644604,-30.84472,True,-38.4,-39.738846,-49.022934,-30.963596,True
2017-09-10 02:35:00,-40.310005,89,-35,-39.67,-40.00723,-49.65923,-30.8198,True,-38.24,-39.770275,-49.080788,-30.988932,True
2017-09-10 02:40:00,-40.18,89,-35,-39.7,-39.9288,-49.60237,-30.755102,True,-37.87,-39.73683,-49.056904,-30.963491,True
2017-09-10 02:45:00,-40.15,89,-35,-39.5,-39.857788,-49.27597,-30.843504,True,-37.48,-39.626076,-48.69885,-31.015963,True
2017-09-10 02:50:00,-40.1,89,-35,-39.53,-39.76944,-48.92346,-30.932787,True,-37.04,-39.501053,-48.317387,-31.072477,True
2017-09-10 02:55:00,-39.99,89,-35,-39.5,-39.628345,-48.61448,-30.94687,True,-36.86,-39.330116,-47.987083,-31.055372,True
2017-09-10 03:00:00,-40.05,89,-36,-39.35,-39.639984,-48.435623,-31.089268,True,-36.83,-39.295555,-47.765972,-31.159647,True
2017-09-10 03:05:00,-40.02,89,-35,-39.29,-39.608425,-48.359863,-31.12017,True,-36.93,-39.260067,-47.684807,-31.18509,True
2017-09-10 03:10:00,-39.93,89,-35,-39.15,-39.55352,-48.240036,-31.131939,True,-37.14,-39.233887,-47.587814,-31.220741,True
2017-09-10 03:15:00,-39.9,89,-35,-39.01,-39.576595,-48.17134,-31.20636,True,-37.62,-39.301308,-47.555527,-31.333393,True
2017-09-10 03:20:00,-39.8,89,-35,-38.9,-39.541668,-48.12564,-31.195026,True,-37.99,-39.32163,-47.553627,-31.369175,True
2017-09-10 03:25:00,-39.7,89,-35,-38.64,-39.467403,-48.009655,-31.160927,True,-38.47,-39.267544,-47.453384,-31.351341,True
2017-09-10 03:30:00,-39.67,89,-35,-38.4,-39.435955,-47.90213,-31.20084,True,-38.94,-39.231766,-47.34182,-31.385258,True
2017-09-10 03:35:00,-39.67,89,-35,-38.24,-39.426865,-47.979984,-31.197664,True,-39.2,-39.21198,-47.406742,-31.369055,True
2017-09-10 03:40:00,-39.7,89,-35,-37.87,-39.414993,-47.879295,-31.278088,True,-39.44,-39.15989,-47.272243,-31.410572,True
2017-09-10 03:45:00,-39.5,89,-35,-37.48,-39.162605,-47.725124,-31.052261,True,-39.6,-38.86014,-47.07579,-31.139166,True
2017-09-10 03:50:00,-39.53,89,-35,-37.04,-39.175533,-47.868706,-31.007153,True,-39.58,-38.85591,-47.200718,-31.075235,True
2017-09-10 03:55:00,-39.5,89,-35,-36.86,-39.107853,-47.828636,-30.946482,True,-39.61,-38.752426,-47.129208,-30.979586,True
2017-09-10 04:00:00,-39.35,89,-35,-36.83,-39.017616,-47.626404,-30.946115,True,-39.51,-38.71127,-46.969105,-31.02023,True
2017-09-10 04:05:00,-39.29,89,-34,-36.93,-38.92229,-47.656086,-30.812082,True,-39.450005,-38.582294,-46.967453,-30.852438,True
2017-09-10 04:10:00,-39.15,89,-34,-37.14,-38.76903,-47.64175,-30.615843,True,-39.37,-38.41493,-46.938114,-30.639563,True
2017-09-10 04:15:00,-39.01,89,-34,-37.62,-38.699615,-47.51645,-30.589964,True,-39.28,-38.403725,-46.857826,-30.666023,True
2017-09-10 04:20:00,-38.9,89,-34,-37.99,-38.680157,-47.394543,-30.632662,True,-39.01,-38.46017,-46.804466,-30.770105,True
2017-09-10 04:25:00,-38.64,89,-34,-38.47,-38.531094,-47.14103,-30.563286,True,-38.81,-38.404816,-46.63068,-30.782019,True
2017-09-10 04:30:00,-38.4,89,-33,-38.94,-38.363514,-46.8901,-30.459934,True,-38.52,-38.296913,-46.430473,-30.729105,True
2017-09-10 04:35:00,-38.24,89,-33,-39.2,-38.288006,-46.822075,-30.397612,True,-38.07,-38.29112,-46.41516,-30.728481,True
2017-09-10 04:40:00,-37.87,89,-33,-39.44,-38.033115,-46.454094,-30.243181,True,-37.54,-38.133522,-46.13412,-30.654545,True
2017-09-10 04:45:00,-37.48,89,-33,-39.6,-37.804096,-46.18559,-30.058815,True,-37.16,-38.04179,-45.97974,-30.590546,True
2017-09-10 04:50:00,-37.04,89,-32,-39.58,-37.468147,-45.757034,-29.832222,True,-36.72,-37.791958,-45.62,-30.442028,True
2017-09-10 04:55:00,-36.86,89,-32,-39.61,-37.340652,-45.406853,-29.834301,True,-36.34,-37.70479,-45.30833,-30.478357,True
2017-09-10 05:00:00,-36.83,89,-32,-39.51,-37.34265,-45.187557,-29.930592,True,-35.85,-37.72951,-45.117588,-30.588902,True
2017-09-10 05:05:00,-36.93,89,-31,-39.450005,-37.44688,-45.12804,-30.094248,True,-36.09,-37.832428,-45.061867,-30.747639,True
2017-09-10 05:10:00,-37.14,89,-31,-39.37,-37.66134,-45.27075,-30.26233,True,-36.06,-38.0438,-45.199703,-30.91049,True
2017-09-10 05:15:00,-37.62,89,-31,-39.28,-38.12779,-45.715206,-30.588383,True,-36.22,-38.492058,-45.632854,-31.209938,True
2017-09-10 05:20:00,-37.99,89,-31,-39.01,-38.544083,-46.064705,-30.89904,True,-36.25,-38.94214,-46.011726,-31.545048,True
2017-09-10 05:25:00,-38.47,89,-30,-38.81,-39.05857,-46.409584,-31.356613,True,-36.24,-39.480064,-46.380795,-32.01866,True
2017-09-10 05:30:00,-38.94,89,-30,-38.52,-39.438732,-46.93024,-31.537704,True,-36.25,-39.77586,-46.825058,-32.118202,True
2017-09-10 05:35:00,-39.2,89,-30,-38.07,-39.54396,-47.240177,-31.457075,True,-36.25,-39.743404,-47.020096,-31.903181,True
2017-09-10 05:40:00,-39.44,89,-29,-37.54,-39.715195,-47.598053,-31.491005,True,-36.16,-39.85229,-47.323433,-31.87444,True
2017-09-10 05:45:00,-39.6,89,-29,-37.16,-39.867706,-47.979317,-31.468994,True,-36.14,-39.99518,-47.694008,-31.836748,True
2017-09-10 05:50:00,-39.58,89,-29,-36.72,-39.978172,-48.238327,-31.419792,True,-36.18,-40.212517,-48.039314,-31.875008,True
2017-09-10 05:55:00,-39.61,89,-28,-36.34,-40.130463,-48.283108,-31.568953,True,-36.19,-40.465443,-48.170883,-32.10882,True
2017-09-10 06:00:00,-39.51,89,-28,-35.85,-40.109016,-48.38671,-31.40162,True,-36.19,-40.505753,-48.32314,-31.989265,True
2017-09-10 06:05:00,-39.450005,89,-27,-36.09,-40.18434,-48.47151,-31.334106,True,-36.06,-40.688953,-48.492775,-32.012638,True
2017-09-10 06:10:00,-39.37,89,-27,-36.06,-40.27131,-48.564266,-31.203495,True,-36.03,-40.910416,-48.699352,-31.990767,True
2017-09-10 06:15:00,-39.28,89,-27,-36.22,-40.528732,-48.195747,-31.612059,True,-35.83,-41.459167,-48.58714,-32.65781,True
2017-09-10 06:20:00,-39.01,89,-26,-36.25,-40.36643,-47.40394,-31.75715,True,-35.83,-41.378075,-47.87642,-32.880177,True
2017-09-10 06:25:00,-38.81,89,-26,-36.24,-40.264675,-46.69364,-31.970797,True,-35.86,-41.353878,-47.25059,-33.166103,True
2017-09-10 06:30:00,-38.52,89,-25,-36.25,-40.014297,-46.172443,-31.91712,True,-35.86,-41.1329,-46.768032,-33.13547,True
2017-09-10 06:35:00,-38.07,89,-25,-36.25,-39.54501,-45.546173,-31.66363,True,-35.79,-40.64374,-46.131065,-32.864784,True
2017-09-10 06:40:00,-37.54,89,-25,-36.16,-38.93014,-44.863102,-31.284697,True,-35.71,-39.958637,-45.39824,-32.421238,True
2017-09-10 06:45:00,-37.16,89,-24,-36.14,-38.443005,-44.360607,-30.971203,True,-35.65,-39.381565,-44.828552,-32.02363,True
2017-09-10 06:50:00,-36.72,89,-23,-36.18,-37.86027,-43.76189,-30.63235,True,-35.67,-38.678627,-44.138237,-31.57351,True
2017-09-10 06:55:00,-36.34,89,-23,-36.19,-37.373672,-43.13469,-30.503016,True,-35.68,-38.103935,-43.44996,-31.364582,True
2017-09-10 07:00:00,-35.85,89,-22,-36.19,-36.68606,-42.551113,-30.078014,True,-35.6,-37.248985,-42.732304,-30.785452,True
2017-09-10 07:05:00,-36.09,89,-23,-36.06,-36.61985,-42.644554,-30.068224,True,-35.27,-36.91895,-42.610664,-30.53048,True
2017-09-10 07:10:00,-36.06,89,-23,-36.03,-36.391697,-42.567516,-29.8425,True,-35.2,-36.51963,-42.39455,-30.144564,True
2017-09-10 07:15:00,-36.22,89,-23,-35.83,-36.446827,-42.45876,-30.030184,True,-35.23,-36.481747,-42.215675,-30.24645,True
2017-09-10 07:20:00,-36.25,89,-23,-35.83,-36.347885,-42.373302,-29.993551,True,-35.26,-36.271156,-42.045506,-30.101974,True
2017-09-10 07:25:00,-36.24,89,-23,-35.86,-36.314854,-42.366634,-29.942064,True,-35.48,-36.216457,-42.026016,-30.025335,True
2017-09-10 07:30:00,-36.25,89,-23,-35.86,-36.359417,-42.29511,-30.041742,True,-35.49,-36.288067,-41.98315,-30.14631,True
2017-09-10 07:35:00,-36.25,89,-23,-35.79,-36.315193,-42.36171,-29.968733,True,-35.65,-36.204605,-42.0226,-30.029737,True
2017-09-10 07:40:00,-36.16,89,-23,-35.71,-36.12648,-42.24877,-29.774303,True,-35.66,-35.92691,-41.83865,-29.751043,True
2017-09-10 07:45:00,-36.14,89,-23,-35.65,-36.086063,-42.113075,-29.827084,True,-35.66,-35.868744,-41.697376,-29.78419,True
2017-09-10 07:50:00,-36.18,89,-23,-35.67,-35.99409,-41.99483,-29.816908,True,-35.67,-35.660744,-41.49056,-29.664503,True
2017-09-10 07:55:00,-36.19,89,-23,-35.68,-35.911476,-41.83615,-29.800278,True,-35.61,-35.496536,-41.272533,-29.569946,True
2017-09-10 08:00:00,-36.19,89,-23,-35.6,-35.848843,-41.698048,-29.838089,True,-35.4,-35.376663,-41.09322,-29.552734,True
2017-09-10 08:05:00,-36.06,89,-23,-35.27,-35.742184,-41.445496,-29.832384,True,-35.31,-35.29159,-40.87035,-29.559938,True
2017-09-10 08:10:00,-36.03,89,-23,-35.2,-35.64966,-41.333733,-29.778334,True,-35.0,-35.143528,-40.71967,-29.450882,True
2017-09-10 08:15:00,-35.83,89,-22,-35.23,-35.465107,-41.16778,-29.640327,True,-34.81,-34.972054,-40.573753,-29.319517,True
2017-09-10 08:20:00,-35.83,89,-22,-35.26,-35.43397,-41.080807,-29.650492,True,-34.55,-34.91388,-40.472515,-29.30041,True
2017-09-10 08:25:00,-35.86,89,-23,-35.48,-35.458687,-40.96809,-29.724146,True,-34.56,-34.933285,-40.36358,-29.365152,True
2017-09-10 08:30:00,-35.86,89,-23,-35.49,-35.443832,-40.928444,-29.661385,True,-34.48,-34.907333,-40.32457,-29.285183,True
2017-09-10 08:35:00,-35.79,89,-23,-35.65,-35.37994,-40.78764,-29.588297,True,-34.5,-34.849873,-40.1983,-29.21257,True
2017-09-10 08:40:00,-35.71,89,-22,-35.66,-35.296913,-40.69806,-29.463896,True,-34.38,-34.765038,-40.116356,-29.080273,True
2017-09-10 08:45:00,-35.65,89,-23,-35.66,-35.295425,-40.617905,-29.445482,True,-34.43,-34.816883,-40.09061,-29.104942,True
2017-09-10 08:50:00,-35.67,89,-23,-35.67,-35.3788,-40.525402,-29.617094,True,-34.55,-34.961147,-40.061905,-29.326231,True
2017-09-10 08:55:00,-35.68,89,-23,-35.61,-35.417778,-40.46332,-29.721272,True,-34.45,-35.026863,-40.031284,-29.45033,True
2017-09-10 09:00:00,-35.6,89,-23,-35.4,-35.37532,-40.28245,-29.784592,True,-34.53,-35.021984,-39.893738,-29.541885,True
2017-09-10 09:05:00,-35.27,89,-23,-35.31,-35.062614,-39.8976,-29.595907,True,-34.39,-34.72641,-39.532986,-29.363897,True
2017-09-10 09:10:00,-35.2,89,-23,-35.0,-34.949986,-39.805958,-29.463608,True,-34.28,-34.57758,-39.418587,-29.192976,True
2017-09-10 09:15:00,-35.23,89,-24,-34.81,-34.90569,-39.817043,-29.348162,True,-34.18,-34.469063,-39.38378,-29.012455,True
2017-09-10 09:20:00,-35.26,89,-24,-34.55,-34.860504,-39.85891,-29.201353,True,-34.18,-34.358376,-39.377457,-28.799917,True
2017-09-10 09:25:00,-35.48,89,-24,-34.56,-34.996086,-40.093597,-29.174324,True,-34.26,-34.42236,-39.55969,-28.700813,True
2017-09-10 09:30:00,-35.49,89,-25,-34.48,-34.93948,-40.174473,-28.937252,True,-34.06,-34.307358,-39.598927,-28.404387,True
2017-09-10 09:35:00,-35.65,89,-26,-34.5,-34.943142,-40.44462,-28.621155,True,-33.94,-34.171955,-39.75937,-27.955732,True
2017-09-10 09:40:00,-35.66,89,-26,-34.38,-34.715336,-40.64746,-28.000721,True,-33.94,-33.732117,-39.794106,-27.137302,True
2017-09-10 09:45:00,-35.66,89,-27,-34.43,-34.57705,-40.730103,-27.685623,True,-33.71,-33.47048,-39.78338,-26.70617,True
2017-09-10 09:50:00,-35.67,89,-27,-34.55,-34.48889,-40.80851,-27.463324,True,-33.69,-33.29429,-39.798393,-26.399557,True
2017-09-10 09:55:00,-35.61,89,-27,-34.45,-34.39537,-40.705242,-27.351702,True,-33.67,-33.173244,-39.682323,-26.257305,True
2017-09-10 10:00:00,-35.4,89,-27,-34.53,-34.23055,-40.467236,-27.270937,True,-33.65,-33.050858,-39.489017,-26.208958,True
2017-09-10 10:05:00,-35.31,89,-27,-34.39,-34.256073,-40.21668,-27.499037,True,-33.55,-33.18529,-39.337166,-26.529129,True
2017-09-10 10:10:00,-35.0,89,-27,-34.28,-34.11151,-39.88008,-27.495476,True,-33.55,-33.193798,-39.138493,-26.657574,True
2017-09-10 10:15:00,-34.81,89,-27,-34.18,-34.09169,-39.69709,-27.574472,True,-33.53,-33.333572,-39.09919,-26.874813,True
2017-09-10 10:20:00,-34.55,89,-27,-34.18,-33.995262,-39.420094,-27.615208,True,-33.53,-33.389496,-38.959408,-27.047794,True
2017-09-10 10:25:00,-34.56,89,-27,-34.26,-34.099392,-39.427864,-27.790756,True,-33.53,-33.584545,-39.051113,-27.300934,True
2017-09-10 10:30:00,-34.48,89,-27,-34.06,-34.034542,-39.267887,-27.815943,True,-33.53,-33.53816,-38.91478,-27.33767,True
2017-09-10 10:35:00,-34.5,89,-26,-33.94,-33.980785,-39.237038,-27.707829,True,-33.43,-33.42126,-38.839035,-27.166494,True
2017-09-10 10:40:00,-34.38,89,-26,-33.94,-33.813343,-39.133022,-27.479652,True,-33.33,-33.213173,-38.70975,-26.895031,True
2017-09-10 10:45:00,-34.43,89,-27,-33.71,-33.779106,-39.2044,-27.313791,True,-33.33,-33.106125,-38.72737,-26.657887,True
2017-09-10 10:50:00,-34.55,89,-27,-33.69,-33.8478,-39.260548,-27.398762,True,-33.2,-33.132298,-38.755257,-26.698189,True
2017-09-10 10:55:00,-34.45,89,-27,-33.67,-33.70384,-39.169216,-27.253283,True,-33.18,-32.95082,-38.640675,-26.512457,True
2017-09-10 11:00:00,-34.53,89,-26,-33.65,-33.736637,-39.190212,-27.324026,True,-33.06,-32.94526,-38.63447,-26.543348,True
2017-09-10 11:05:00,-34.39,89,-27,-33.55,-33.589046,-39.07581,-27.202076,True,-32.96,-32.793354,-38.52458,-26.411139,True
2017-09-10 11:10:00,-34.28,89,-27,-33.55,-33.486034,-38.984272,-27.134378,True,-32.93,-32.700317,-38.447258,-26.347282,True
2017-09-10 11:15:00,-34.18,89,-27,-33.53,-33.381046,-38.897976,-27.061779,True,-32.73,-32.593777,-38.367374,-26.266998,True
2017-09-10 11:20:00,-34.18,89,-26,-33.53,-33.40803,-38.82667,-27.268347,True,-32.62,-32.650173,-38.323536,-26.494743,True
2017-09-10 11:25:00,-34.26,89,-27,-33.53,-33.488167,-38.79414,-27.54106,True,-32.32,-32.73459,-38.29911,-26.763983,True
2017-09-10 11:30:00,-34.06,89,-27,-33.53,-33.2939,-38.594418,-27.472507,True,-32.09,-32.5482,-38.10984,-26.696772,True
2017-09-10 11:35:00,-33.94,89,-27,-33.43,-33.163475,-38.520046,-27.394922,True,-31.74,-32.41,-38.036015,-26.605223,True
2017-09-10 11:40:00,-33.94,89,-26,-33.33,-33.153896,-38.61787,-27.328861,True,-31.53,-32.393784,-38.134964,-26.528387,True
2017-09-10 11:45:00,-33.71,89,-26,-33.33,-32.944386,-38.461296,-27.150013,True,-31.51,-32.204296,-38.004627,-26.359983,True
2017-09-10 11:50:00,-33.69,89,-26,-33.2,-32.904404,-38.50868,-27.069818,True,-31.28,-32.148228,-38.043724,-26.260109,True
2017-09-10 11:55:00,-33.67,89,-26,-33.18,-32.859135,-38.43867,-27.140347,True,-31.17,-32.082745,-37.96008,-26.30479,True
2017-09-10 12:00:00,-33.65,89,-26,-33.06,-32.87439,-38.44037,-27.281813,True,-31.07,-32.13345,-37.99849,-26.47026,True
2017-09-10 12:05:00,-33.55,89,-27,-32.96,-32.852074,-38.295113,-27.432024,True,-30.97,-32.188583,-37.918102,-26.68526,True
2017-09-10 12:10:00,-33.55,89,-27,-32.93,-32.833466,-38.254364,-27.455832,True,-30.89,-32.156353,-37.871174,-26.688251,True
2017-09-10 12:15:00,-33.53,89,-26,-32.73,-32.771442,-38.272858,-27.334393,True,-30.72,-32.057316,-37.864937,-26.525852,True
2017-09-10 12:20:00,-33.53,89,-27,-32.62,-32.751568,-38.32911,-27.253723,True,-30.330002,-32.021145,-37.913464,-26.424118,True
2017-09-10 12:25:00,-33.53,89,-26,-32.32,-32.725876,-38.42079,-27.120228,True,-29.87,-31.973717,-37.99463,-26.264065,True
2017-09-10 12:30:00,-33.53,89,-26,-32.09,-32.66449,-38.391346,-27.114138,True,-29.53,-31.857698,-37.92293,-26.199118,True
2017-09-10 12:35:00,-33.43,89,-27,-31.74,-32.508125,-38.27437,-27.065716,True,-29.21,-31.649296,-37.76367,-26.094475,True
2017-09-10 12:40:00,-33.33,89,-27,-31.53,-32.37564,-38.27682,-26.897974,True,-29.03,-31.486559,-37.749245,-25.889532,True
2017-09-10 12:45:00,-33.33,89,-27,-31.51,-32.377125,-38.320984,-26.884348,True,-28.9,-31.490322,-37.80033,-25.868786,True
2017-09-10 12:50:00,-33.2,89,-27,-31.28,-32.34612,-38.17693,-27.028723,True,-28.97,-31.555523,-37.740974,-26.088726,True
2017-09-10 12:55:00,-33.18,89,-27,-31.17,-32.354717,-38.15091,-27.120066,True,-29.13,-31.59391,-37.74293,-26.198412,True
2017-09-10 13:00:00,-33.06,89,-27,-31.07,-32.269035,-38.038036,-27.099989,True,-29.14,-31.542974,-37.66346,-26.201399,True
2017-09-10 13:05:00,-32.96,89,-27,-30.97,-32.24343,-37.99556,-27.116192,True,-29.52,-31.589672,-37.692257,-26.273703,True
2017-09-10 13:10:00,-32.93,89,-27,-30.89,-32.218002,-38.064316,-27.001638,True,-29.48,-31.570368,-37.77789,-26.154451,True
2017-09-10 13:15:00,-32.73,89,-27,-30.72,-31.965462,-38.031914,-26.578365,True,-29.36,-31.267292,-37.712833,-25.677568,True
2017-09-10 13:20:00,-32.62,89,-27,-30.330002,-31.83847,-38.01065,-26.471447,True,-29.42,-31.125643,-37.689884,-25.5432,True
2017-09-10 13:25:00,-32.32,89,-27,-29.87,-31.505795,-37.84267,-26.171349,True,-29.38,-30.759478,-37.500904,-25.203768,True
2017-09-10 13:30:00,-32.09,89,-27,-29.53,-31.201635,-37.657276,-25.93068,True,-29.51,-30.382097,-37.26048,-24.88254,True
2017-09-10 13:35:00,-31.74,89,-27,-29.21,-30.716167,-37.253357,-25.656761,True,-29.56,-29.762407,-36.74167,-24.469488,True
2017-09-10 13:40:00,-31.53,89,-27,-29.03,-30.43108,-37.11498,-25.410368,True,-29.66,-29.400684,-36.546535,-24.139359,True
2017-09-10 13:45:00,-31.51,89,-26,-28.9,-30.40093,-37.171444,-25.35223,True,-29.55,-29.358395,-36.603466,-24.057283,True
2017-09-10 13:50:00,-31.28,89,-26,-28.97,-30.161163,-37.085327,-24.947083,True,-29.74,-29.106169,-36.524593,-23.629496,True
2017-09-10 13:55:00,-31.17,89,-26,-29.13,-30.10362,-37.251114,-24.628355,True,-30.21,-29.098406,-36.75838,-23.348658,True
2017-09-10 14:00:00,-31.07,89,-26,-29.14,-30.02814,-37.339027,-24.348335,True,-30.52,-29.046679,-36.885822,-23.081303,True
2017-09-10 14:05:00,-30.97,89,-26,-29.52,-29.946915,-37.534836,-23.921963,True,-30.66,-28.98412,-37.122906,-22.665073,True
2017-09-10 14:10:00,-30.89,89,-26,-29.48,-29.809156,-37.40822,-23.718533,True,-30.54,-28.78996,-36.948402,-22.397797,True
2017-09-10 14:15:00,-30.72,89,-26,-29.36,-29.723427,-37.21671,-23.614264,True,-30.13,-28.787071,-36.836773,-22.349531,True
2017-09-10 14:20:00,-30.330002,89,-25,-29.42,-29.289783,-36.843933,-23.21897,True,-29.93,-28.306507,-36.42539,-21.8977,True
2017-09-10 14:25:00,-29.87,89,-25,-29.38,-28.809196,-36.501472,-22.725046,True,-29.94,-27.801199,-36.07321,-21.366472,True
2017-09-10 14:30:00,-29.53,89,-25,-29.51,-28.440039,-36.17724,-22.417337,True,-30.28,-27.399397,-35.72521,-21.011185,True
2017-09-10 14:35:00,-29.21,89,-24,-29.56,-28.086306,-35.895878,-22.109388,True,-30.63,-27.007622,-35.413414,-20.656065,True
2017-09-10 14:40:00,-29.03,89,-24,-29.66,-27.905981,-35.78683,-21.9252,True,-30.79,-26.82359,-35.30955,-20.453419,True
2017-09-10 14:45:00,-28.9,89,-24,-29.55,-27.781227,-35.646763,-21.822506,True,-30.81,-26.701761,-35.171474,-20.341433,True
2017-09-10 14:50:00,-28.97,89,-24,-29.74,-27.874273,-35.79374,-21.782219,True,-31.32,-26.818832,-35.346912,-20.310852,True
2017-09-10 14:55:00,-29.13,89,-23,-30.21,-28.070272,-35.97909,-21.983109,True,-31.73,-27.050716,-35.561684,-20.536303,True
2017-09-10 15:00:00,-29.14,89,-23,-30.52,-28.118994,-36.077114,-22.000853,True,-31.81,-27.136942,-35.701244,-20.577028,True
2017-09-10 15:05:00,-29.52,89,-23,-30.66,-28.524612,-36.493187,-22.348913,True,-32.21,-27.56976,-36.139183,-20.943073,True
2017-09-10 15:10:00,-29.48,89,-23,-30.54,-28.46944,-36.371975,-22.34361,True,-32.42,-27.496952,-36.00127,-20.904896,True
2017-09-10 15:15:00,-29.36,89,-23,-30.13,-28.349947,-36.35694,-22.175283,True,-32.87,-27.373516,-35.983425,-20.729515,True
2017-09-10 15:20:00,-29.42,89,-23,-29.93,-28.409285,-36.560017,-22.121212,True,-33.56,-27.430285,-36.19488,-20.663046,True
2017-09-10 15:25:00,-29.38,89,-23,-29.94,-28.372036,-36.533222,-22.087969,True,-34.09,-27.392088,-36.16514,-20.619677,True
2017-09-10 15:30:00,-29.51,89,-22,-30.28,-28.485361,-36.707893,-22.135138,True,-34.73,-27.487225,-36.3193,-20.648764,True
2017-09-10 15:35:00,-29.56,89,-22,-30.63,-28.505642,-36.733894,-22.223337,True,-35.38,-27.473637,-36.313175,-20.690903,True
2017-09-10 15:40:00,-29.66,89,-22,-30.79,-28.55105,-36.94031,-22.160643,True,-35.76,-27.458109,-36.467182,-20.570568,True
2017-09-10 15:45:00,-29.55,89,-23,-30.81,-28.400072,-36.946278,-21.9148,True,-35.98,-27.25941,-36.44108,-20.276237,True
2017-09-10 15:50:00,-29.74,89,-23,-31.32,-28.548075,-37.25321,-21.938906,True,-36.1,-27.360092,-36.70954,-20.258827,True
2017-09-10 15:55:00,-30.21,89,-29,-31.73,-29.047018,-37.701958,-22.365292,True,-36.18,-27.888397,-37.177437,-20.708715,True
2017-09-10 16:00:00,-30.52,89,-39,-31.81,-29.359695,-37.938843,-22.76788,True,-36.08,-28.19637,-37.398876,-21.09643,True
2017-09-10 16:05:00,-30.66,89,-43,-32.21,-29.477516,-38.044567,-22.979607,True,-35.85,-28.284872,-37.463135,-21.271101,True
2017-09-10 16:10:00,-30.54,89,-42,-32.42,-29.315792,-38.01277,-22.828247,True,-35.59,-28.070143,-37.37733,-21.067802,True
2017-09-10 16:15:00,-30.13,89,-42,-32.87,-28.857819,-37.825584,-22.184582,True,-35.52,-27.554241,-37.15474,-20.376184,True
2017-09-10 16:20:00,-29.93,89,-40,-33.56,-28.638414,-37.813114,-21.81098,True,-35.31,-27.308298,-37.128048,-19.984308,True
2017-09-10 16:25:00,-29.94,89,-39,-34.09,-28.639753,-38.044907,-21.643297,True,-34.78,-27.296768,-37.358913,-19.80814,True
2017-09-10 16:30:00,-30.28,89,-37,-34.73,-29.013754,-38.53534,-21.845373,True,-34.32,-27.705606,-37.880333,-20.045277,True
2017-09-10 16:35:00,-30.63,89,-35,-35.38,-29.385118,-39.011784,-22.054895,True,-33.22,-28.0979,-38.368435,-20.281559,True
2017-09-10 16:40:00,-30.79,89,-33,-35.76,-29.499842,-39.263256,-22.042984,True,-32.44,-28.161818,-38.570114,-20.228712,True
2017-09-10 16:45:00,-30.81,89,-31,-35.98,-29.461788,-39.33051,-21.90687,True,-31.600002,-28.058676,-38.579647,-20.032497,True
2017-09-10 16:50:00,-31.32,89,-29,-36.1,-29.969963,-39.84386,-22.292639,True,-30.89,-28.564856,-39.078045,-20.423334,True
2017-09-10 16:55:00,-31.73,89,-28,-36.18,-30.690315,-40.16414,-23.350946,True,-29.84,-29.603033,-39.619312,-21.757967,True
2017-09-10 17:00:00,-31.81,89,-27,-36.08,-30.8085,-40.076405,-23.719172,True,-28.52,-29.755318,-39.52937,-22.152838,True
2017-09-10 17:05:00,-32.21,89,-25,-35.85,-31.23107,-40.491512,-24.147375,True,-27.15,-30.199434,-39.94876,-22.60603,True
2017-09-10 17:10:00,-32.42,89,-24,-35.59,-31.412216,-40.78076,-24.238754,True,-26.88,-30.346714,-40.20275,-22.674633,True
2017-09-10 17:15:00,-32.87,89,-24,-35.52,-31.85322,-41.32933,-24.527065,True,-26.93,-30.77718,-40.74414,-22.953566,True
2017-09-10 17:20:00,-33.56,89,-23,-35.31,-32.541225,-42.184196,-24.954716,True,-26.97,-31.463652,-41.59522,-23.394579,True
2017-09-10 17:25:00,-34.09,89,-23,-34.78,-33.050827,-42.940044,-25.150234,True,-26.91,-31.952055,-42.338367,-23.582884,True
2017-09-10 17:30:00,-34.73,89,-22,-34.32,-33.662804,-43.8264,-25.405218,True,-26.02,-32.536755,-43.20447,-23.832775,True
2017-09-10 17:35:00,-35.38,89,-22,-33.22,-34.28009,-44.78779,-25.624737,True,-25.84,-33.121933,-44.141243,-24.043499,True
2017-09-10 17:40:00,-35.76,89,-22,-32.44,-34.65161,-45.436146,-25.645857,True,-24.95,-33.484898,-44.78896,-24.063757,True
2017-09-10 17:45:00,-35.98,89,-21,-31.600002,-34.920895,-45.904377,-25.610422,True,-24.45,-33.805744,-45.29985,-24.091011,True
2017-09-10 17:50:00,-36.1,89,-21,-30.89,-35.06475,-46.30143,-25.452097,True,-25.05,-33.974907,-45.72447,-23.967945,True
2017-09-10 17:55:00,-36.18,89,-20,-29.84,-35.17731,-46.67425,-25.269339,True,-25.41,-34.122078,-46.13247,-23.830431,True
2017-09-10 18:00:00,-36.08,89,-20,-28.52,-35.110565,-46.84075,-24.974987,True,-25.76,-34.08921,-46.328934,-23.583012,True
2017-09-10 18:05:00,-35.85,89,-20,-27.15,-34.86664,-46.92369,-24.526005,True,-27.37,-33.829018,-46.405376,-23.131546,True
2017-09-10 18:10:00,-35.59,89,-19,-26.88,-34.552464,-46.95483,-24.000385,True,-28.45,-33.456657,-46.39421,-22.565744,True
2017-09-10 18:15:00,-35.52,89,-18,-26.93,-34.452526,-47.105762,-23.684376,True,-28.87,-33.325375,-46.520233,-22.234077,True
2017-09-10 18:20:00,-35.31,89,-18,-26.97,-34.216198,-47.00112,-23.320868,True,-29.18,-33.061344,-46.390106,-21.854849,True
2017-09-10 18:25:00,-34.78,89,-18,-26.91,-33.64038,-46.604282,-22.651274,True,-30.17,-32.43637,-45.94945,-21.155106,True
2017-09-10 18:30:00,-34.32,89,-17,-26.02,-33.16571,-46.29164,-22.088564,True,-30.23,-31.947056,-45.627014,-20.590063,True
2017-09-10 18:35:00,-33.22,89,-16,-25.84,-32.00809,-45.418457,-20.862041,True,-30.2,-30.729435,-44.71933,-19.31835,True
2017-09-10 18:40:00,-32.44,89,-15,-24.95,-31.219662,-44.91889,-19.94065,True,-30.52,-29.935652,-44.22104,-18.4107,True
2017-09-10 18:45:00,-31.600002,89,-14,-24.45,-30.407103,-44.28129,-19.033957,True,-32.54,-29.156973,-43.617695,-17.54772,True
2017-09-10 18:50:00,-30.89,89,-14,-25.05,-29.750772,-43.834614,-18.2688,True,-32.56,-28.562502,-43.227013,-16.852856,True
2017-09-10 18:55:00,-29.84,89,-13,-25.41,-28.715277,-43.093742,-17.157051,True,-32.15,-27.547255,-42.51075,-15.775099,True
2017-09-10 19:00:00,-28.52,89,-12,-25.76,-27.347109,-42.10297,-15.776523,True,-32.47,-26.133455,-41.496033,-14.367732,True
2017-09-10 19:05:00,-27.15,89,-11,-27.37,-25.892935,-41.020744,-14.350296,True,-33.34,-24.59425,-40.358627,-12.877633,True
2017-09-10 19:10:00,-26.88,89,-11,-28.45,-25.581217,-40.844757,-14.0051775,True,-34.03,-24.240734,-40.145756,-12.50538,True
2017-09-10 19:15:00,-26.93,89,-12,-28.87,-25.58553,-40.90482,-13.934232,True,-34.03,-24.19706,-40.153934,-12.403905,True
2017-09-10 19:20:00,-26.97,89,-12,-29.18,-25.623182,-40.998966,-13.890773,True,-32.86,-24.23282,-40.240276,-12.36714,True
2017-09-10 19:25:00,-26.91,89,-13,-30.17,-25.559904,-41.08447,-13.745596,True,-31.61,-24.168858,-40.3209,-12.233895,True
2017-09-10 19:30:00,-26.02,89,-12,-30.23,-24.570057,-40.490417,-12.761633,True,-31.63,-23.08027,-39.658855,-11.176199,True
2017-09-10 19:35:00,-25.84,89,-12,-30.2,-24.43992,-40.517075,-12.53921,True,-29.26,-23.006845,-39.722233,-11.021193,True
2017-09-10 19:40:00,-24.95,89,-12,-30.52,-23.505312,-39.81595,-11.616568,True,-28.55,-22.031454,-38.994404,-10.074966,True
2017-09-10 19:45:00,-24.45,89,-11,-32.54,-22.958649,-39.457443,-11.067273,True,-31.08,-21.44152,-38.603428,-9.49829,True
2017-09-10 19:50:00,-25.05,89,-12,-32.56,-23.528849,-39.94911,-11.54317,True,-31.02,-21.980913,-39.051594,-9.955558,True
2017-09-10 19:55:00,-25.41,89,-12,-32.15,-23.816217,-40.164146,-11.766149,True,-29.84,-22.191347,-39.186974,-10.120049,True
2017-09-10 20:00:00,-25.76,89,-13,-32.47,-24.051262,-40.49537,-11.902939,True,-32.05,-22.302677,-39.40899,-10.155845,True
2017-09-10 20:05:00,-27.37,89,-13,-33.34,-25.69013,-41.891167,-13.362733,True,-33.12,-23.968782,-40.78941,-11.647995,True
2017-09-10 20:10:00,-28.45,89,-16,-34.03,-26.686047,-42.870342,-14.2331,True,-33.36,-24.876049,-41.674904,-12.448342,True
2017-09-10 20:15:00,-28.87,89,-15,-34.03,-27.126476,-43.452065,-14.526614,True,-34.65,-25.343102,-42.266163,-12.780428,True
2017-09-10 20:20:00,-29.18,89,-15,-32.86,-27.559885,-44.01899,-14.802144,True,-34.7,-25.913036,-42.92836,-13.196346,True
2017-09-10 20:25:00,-30.17,89,-15,-31.61,-28.623392,-45.038857,-15.683105,True,-36.06,-27.056334,-43.988785,-14.161109,True
2017-09-10 20:30:00,-30.23,89,-17,-31.63,-28.637993,-45.215294,-15.613386,True,-37.06,-27.028645,-44.123386,-14.066712,True
2017-09-10 20:35:00,-30.2,89,-17,-29.26,-28.494404,-45.357964,-15.397803,True,-36.86,-26.773647,-44.174496,-13.765712,True
2017-09-10 20:40:00,-30.52,89,-17,-28.55,-28.64367,-45.73757,-15.490177,True,-36.89,-26.750383,-44.404373,-13.717728,True
2017-09-10 20:45:00,-32.54,89,-18,-31.08,-30.7885,-47.43343,-17.46988,True,-35.96,-29.017591,-46.14784,-15.814653,True
2017-09-10 20:50:00,-32.56,89,-19,-31.02,-30.744246,-47.24414,-17.569567,True,-34.18,-28.909857,-45.89241,-15.865761,True
2017-09-10 20:55:00,-32.15,89,-18,-29.84,-30.305119,-46.620617,-17.285627,True,-30.57,-28.442585,-45.2351,-15.563795,True
2017-09-10 21:00:00,-32.47,89,-18,-32.05,-30.70053,-46.68998,-17.69968,True,-30.42,-28.915527,-45.34615,-16.054873,True
2017-09-10 21:05:00,-33.34,89,-18,-33.12,-31.678093,-47.570526,-18.620941,True,-30.330002,-30.001598,-46.293438,-17.084896,True
2017-09-10 21:10:00,-34.03,89,-18,-33.36,-32.497536,-48.39032,-19.311834,True,-29.87,-30.954014,-47.20428,-17.908785,True
2017-09-10 21:15:00,-34.03,89,-17,-34.65,-32.59707,-48.416485,-19.380077,True,-28.55,-31.160286,-47.307014,-18.084106,True
2017-09-10 21:20:00,-32.86,89,-14,-34.7,-31.49388,-47.429325,-18.32741,True,-27.65,-30.137362,-46.388577,-17.116789,True
2017-09-10 21:25:00,-31.61,89,-13,-36.06,-30.305285,-46.42621,-17.20564,True,-27.2,-29.023497,-45.449715,-16.076672,True
2017-09-10 21:30:00,-31.63,89,-12,-37.06,-30.378746,-46.47663,-17.240726,True,-27.09,-29.156229,-45.536694,-16.176392,True
2017-09-10 21:35:00,-29.26,89,-13,-36.86,-27.899748,-44.537663,-14.939017,True,-27.32,-26.58341,-43.53918,-13.806019,True
2017-09-10 21:40:00,-28.55,89,-14,-36.89,-27.085901,-44.010483,-14.188706,True,-27.95,-25.672272,-42.93485,-12.981013,True
2017-09-10 21:45:00,-31.08,89,-17,-35.96,-29.628325,-46.320133,-16.48354,True,-28.73,-28.219273,-45.208576,-15.289732,True
2017-09-10 21:50:00,-31.02,89,-20,-34.18,-29.50374,-46.270344,-16.372587,True,-28.32,-28.031961,-45.09864,-15.132945,True
2017-09-10 21:55:00,-29.84,89,-18,-30.57,-28.236177,-45.20173,-15.2602,True,-28.16,-26.682446,-43.967358,-13.958178,True
2017-09-10 22:00:00,-32.05,89,-19,-30.42,-30.487112,-47.22808,-17.281166,True,-30.3,-28.965923,-45.98218,-16.0168,True
2017-09-10 22:05:00,-33.12,89,-22,-30.330002,-31.573725,-48.08037,-18.304222,True,-30.67,-30.068111,-46.822613,-17.061893,True
2017-09-10 22:10:00,-33.36,89,-23,-29.87,-31.827053,-48.283333,-18.562065,True,-30.8,-30.33792,-47.02467,-17.345709,True
2017-09-10 22:15:00,-34.65,89,-22,-28.55,-33.173157,-49.448242,-19.77181,True,-29.62,-31.73689,-48.208126,-18.611761,True
2017-09-10 22:20:00,-34.7,89,-22,-27.65,-33.261314,-49.492428,-19.860498,True,-23.68,-31.868475,-48.27819,-18.748312,True
2017-09-10 22:25:00,-36.06,89,-23,-27.2,-34.722336,-50.57563,-21.174366,True,-24.4,-33.425564,-49.415737,-20.154062,True
2017-09-10 22:30:00,-37.06,89,-25,-27.09,-35.7895,-51.35775,-22.14076,True,-26.83,-34.55686,-50.231728,-21.18517,True
2017-09-10 22:35:00,-36.86,89,-25,-27.32,-35.59243,-51.083675,-22.014544,True,-26.98,-34.366837,-49.953014,-21.07603,True
2017-09-10 22:40:00,-36.89,89,-24,-27.95,-35.635143,-51.108578,-22.050714,True,-26.9,-34.426674,-49.982708,-21.136454,True
2017-09-10 22:45:00,-35.96,89,-23,-28.73,-34.714176,-50.34609,-21.228844,True,-27.09,-33.52219,-49.232376,-20.337608,True
2017-09-10 22:50:00,-34.18,89,-20,-28.32,-32.927113,-48.644432,-19.692293,True,-26.7,-31.741072,-47.53928,-18.814928,True
2017-09-10 22:55:00,-30.57,89,-17,-28.16,-29.304752,-45.529625,-16.446997,True,-26.81,-28.131592,-44.455563,-15.594768,True
2017-09-10 23:00:00,-30.42,89,-17,-30.3,-29.076145,-45.308563,-16.30097,True,-26.94,-27.830091,-44.166946,-15.39104,True
2017-09-10 23:05:00,-30.330002,89,-18,-30.67,-28.900713,-45.146885,-16.199001,True,-27.48,-27.57401,-43.930923,-15.223928,True
2017-09-10 23:10:00,-29.87,89,-19,-30.8,-28.303455,-44.728508,-15.69892,True,-26.8,-26.848244,-43.406487,-14.614817,True
2017-09-10 23:15:00,-28.55,89,-19,-29.62,-26.883259,-43.59632,-14.407567,True,-27.8,-25.340971,-42.208557,-13.256725,True
2017-09-10 23:20:00,-27.65,89,-19,-23.68,-25.900045,-42.705368,-13.545731,True,-27.43,-24.28512,-41.260666,-12.336741,True
2017-09-10 23:25:00,-27.2,89,-19,-24.4,-25.399586,-42.328766,-13.106513,True,-28.35,-23.741999,-40.84713,-11.866415,True
2017-09-10 23:30:00,-27.09,89,-20,-26.83,-25.167088,-42.040382,-13.051892,True,-28.21,-23.391567,-40.454803,-11.712096,True
2017-09-10 23:35:00,-27.32,89,-21,-26.98,-25.70347,-42.524685,-13.2735,True,-28.21,-24.230791,-41.162785,-12.212032,True
2017-09-10 23:40:00,-27.95,89,-22,-26.9,-26.217106,-42.891396,-13.876613,True,-28.01,-24.631916,-41.423775,-12.719682,True
2017-09-10 23:45:00,-28.73,89,-23,-27.09,-26.679592,-43.501404,-14.565431,True,-28.83,-24.78668,-41.77155,-13.140208,True
2017-09-10 23:50:00,-28.32,89,-23,-26.7,-26.254221,-43.215313,-14.25956,True,-29.49,-24.354006,-41.473534,-12.837082,True
2017-09-10 23:55:00,-28.16,89,-23,-26.81,-25.844082,-42.562035,-14.126118,True,-30.92,-23.7054,-40.617783,-12.487836,True
2017-09-11 00:00:00,-30.3,89,-25,-26.94,-27.67668,-44.11413,-15.844774,True,-32.1,-25.235144,-41.876175,-13.937225,True
2017-09-11 00:05:00,-30.67,89,-27,-27.48,-27.665125,-44.242607,-15.839466,True,-33.23,-24.853209,-41.67857,-13.608576,True
2017-09-11 00:10:00,-30.8,89,-27,-26.8,-27.668165,-44.505352,-15.760513,True,-33.35,-24.733969,-41.8328,-13.428703,True
2017-09-11 00:15:00,-29.62,89,-23,-27.8,-26.569832,-43.471592,-14.825663,True,-33.71,-23.723026,-40.882927,-12.57576,True
2017-09-11 00:20:00,-23.68,89,-13,-27.43,-20.770784,-38.57874,-9.767776,True,-33.87,-18.078096,-36.222843,-7.663074,True
2017-09-11 00:25:00,-24.4,89,-14,-28.35,-22.10216,-39.546288,-10.836849,True,-34.92,-20.004591,-37.62388,-9.269782,True
2017-09-11 00:30:00,-26.83,89,-16,-28.21,-24.875937,-41.65403,-13.440998,True,-33.27,-23.099682,-39.930737,-12.168449,True
2017-09-11 00:35:00,-26.98,89,-19,-28.21,-25.34914,-41.911537,-13.903937,True,-32.52,-23.875834,-40.414993,-12.905222,True
2017-09-11 00:40:00,-26.9,89,-21,-28.01,-25.474325,-41.831375,-14.048155,True,-32.29,-24.186737,-40.46661,-13.221865,True
2017-09-11 00:45:00,-27.09,89,-22,-28.83,-25.469717,-41.49955,-14.305758,True,-33.5,-23.976822,-39.938656,-13.302062,True
2017-09-11 00:50:00,-26.7,89,-22,-29.49,-24.439249,-39.642326,-14.09932,True,-33.45,-22.27795,-37.46386,-12.48089,True
2017-09-11 00:55:00,-26.81,89,-21,-30.92,-24.334637,-39.52636,-14.218253,True,-32.51,-21.95671,-37.139473,-12.402039,True
2017-09-11 01:00:00,-26.94,89,-21,-32.1,-24.781637,-39.675568,-14.679916,True,-32.45,-22.702436,-37.531727,-13.148678,True
2017-09-11 01:05:00,-27.48,89,-21,-33.23,-26.01313,-40.31835,-15.801688,True,-32.33,-24.593243,-38.743893,-14.882995,True
2017-09-11 01:10:00,-26.8,89,-21,-33.35,-25.419771,-39.444515,-15.541214,True,-32.24,-24.079779,-37.93669,-14.698951,True
2017-09-11 01:15:00,-27.8,89,-20,-33.71,-26.279064,-40.184483,-16.540716,True,-32.27,-24.79396,-38.530464,-15.565825,True
2017-09-11 01:20:00,-27.43,89,-18,-33.87,-25.847292,-39.758984,-16.195883,True,-31.52,-24.301403,-38.04281,-15.16621,True
2017-09-11 01:25:00,-28.35,89,-18,-34.92,-26.69355,-40.52322,-17.022013,True,-30.77,-25.072216,-38.72267,-15.923144,True
2017-09-11 01:30:00,-28.21,89,-17,-33.27,-26.551256,-40.34432,-16.93865,True,-30.19,-24.925493,-38.53151,-15.838654,True
2017-09-11 01:35:00,-28.21,89,-17,-32.52,-26.653408,-40.303787,-17.064737,True,-29.82,-25.122847,-38.570248,-16.05608,True
2017-09-11 01:40:00,-28.01,89,-16,-32.29,-26.64354,-40.097927,-17.013493,True,-29.44,-25.294191,-38.524704,-16.176205,True
2017-09-11 01:45:00,-28.83,89,-17,-33.5,-27.727142,-40.954895,-17.888878,True,-28.13,-26.625013,-39.598602,-17.285551,True
2017-09-11 01:50:00,-29.49,89,-18,-33.45,-28.43377,-41.52532,-18.5408,True,-27.53,-27.371477,-40.19805,-17.976181,True
2017-09-11 01:55:00,-30.92,89,-18,-32.51,-29.812948,-42.754158,-19.81911,True,-28.02,-28.696615,-41.36699,-19.205034,True
2017-09-11 02:00:00,-32.1,89,-19,-32.45,-31.374977,-43.98705,-21.0916,True,-28.58,-30.612305,-42.925224,-20.809088,True
2017-09-11 02:05:00,-33.23,89,-20,-32.33,-32.13352,-44.727337,-22.043982,True,-28.79,-31.021559,-43.33065,-21.437819,True
2017-09-11 02:10:00,-33.35,89,-18,-32.24,-31.645432,-44.52472,-21.757463,True,-27.92,-29.970121,-42.589718,-20.623613,True
2017-09-11 02:15:00,-33.71,89,-17,-32.27,-32.29137,-44.913593,-22.303493,True,-27.48,-30.880434,-43.22851,-21.418432,True
2017-09-11 02:20:00,-33.87,89,-16,-31.52,-32.25017,-44.7726,-22.490051,True,-27.75,-30.652767,-42.90886,-21.430355,True
2017-09-11 02:25:00,-34.92,89,-16,-30.77,-32.787205,-45.449024,-23.16039,True,-30.55,-30.713217,-43.116886,-21.660267,True
2017-09-11 02:30:00,-33.27,89,-15,-30.19,-30.789377,-43.697384,-21.300041,True,-29.68,-28.395008,-41.068287,-19.493149,True
2017-09-11 02:35:00,-32.52,89,-15,-29.82,-29.632967,-42.797073,-20.244297,True,-28.39,-26.857609,-39.805984,-18.081293,True
2017-09-11 02:40:00,-32.29,89,-15,-29.44,-29.036203,-42.38644,-19.695196,True,-27.92,-25.918793,-39.066853,-17.21357,True
2017-09-11 02:45:00,-33.5,89,-17,-28.13,-29.870565,-43.346584,-20.503756,True,-27.26,-26.409296,-39.68346,-17.702003,True
2017-09-11 02:50:00,-33.45,89,-18,-27.53,-29.692759,-43.172367,-20.484856,True,-26.23,-26.107752,-39.385178,-17.573954,True
2017-09-11 02:55:00,-32.51,89,-18,-28.02,-28.748058,-42.189526,-19.841928,True,-27.73,-25.148594,-38.39912,-16.916098,True
2017-09-11 03:00:00,-32.45,89,-18,-28.58,-28.73604,-42.08298,-20.05817,True,-28.88,-25.174116,-38.328777,-17.168772,True
2017-09-11 03:05:00,-32.33,89,-18,-28.79,-28.634426,-41.891132,-19.987654,True,-30.22,-25.093746,-38.1621,-17.113194,True
2017-09-11 03:10:00,-32.24,89,-18,-27.92,-28.436441,-41.6703,-19.894657,True,-29.9,-24.793192,-37.8406,-16.929012,True
2017-09-11 03:15:00,-32.27,89,-18,-27.48,-28.370426,-41.550865,-20.00124,True,-27.85,-24.636148,-37.63276,-16.949974,True
2017-09-11 03:20:00,-31.52,89,-18,-27.75,-27.511646,-40.75317,-19.426497,True,-28.71,-23.666065,-36.738678,-16.26977,True
2017-09-11 03:25:00,-30.77,89,-17,-30.55,-26.766119,-40.068905,-18.799513,True,-29.36,-22.919876,-36.071457,-15.6384945,True
2017-09-11 03:30:00,-30.19,89,-17,-29.68,-26.218418,-39.47942,-18.372478,True,-30.28,-22.403711,-35.517693,-15.242529,True
2017-09-11 03:35:00,-29.82,89,-17,-28.39,-26.398499,-39.30485,-18.506292,True,-29.47,-23.107561,-35.8494,-15.863426,True
2017-09-11 03:40:00,-29.44,89,-16,-27.92,-25.955353,-38.83533,-18.23431,True,-29.08,-22.606194,-35.33084,-15.533288,True
2017-09-11 03:45:00,-28.13,89,-14,-27.26,-24.712982,-37.504757,-17.167057,True,-30.09,-21.42339,-34.06739,-14.519806,True
2017-09-11 03:50:00,-27.53,89,-13,-26.23,-24.146147,-36.81072,-16.757181,True,-30.84,-20.890211,-33.414562,-14.131104,True
2017-09-11 03:55:00,-28.02,89,-15,-27.73,-24.655048,-37.214878,-17.30975,True,-31.52,-21.420988,-33.833508,-14.702486,True
2017-09-11 04:00:00,-28.58,89,-15,-28.88,-25.294617,-37.715042,-17.965067,True,-31.63,-22.142328,-34.405006,-15.432403,True
2017-09-11 04:05:00,-28.79,89,-17,-30.22,-25.499718,-37.881863,-18.156767,True,-32.04,-22.348314,-34.569527,-15.627594,True
2017-09-11 04:10:00,-27.92,89,-17,-29.9,-24.398104,-36.962543,-17.160135,True,-32.31,-21.032944,-33.47016,-14.424192,True
2017-09-11 04:15:00,-27.48,89,-17,-27.85,-23.966166,-36.65572,-16.740356,True,-32.6,-20.606716,-33.182213,-14.01091,True
2017-09-11 04:20:00,-27.75,89,-18,-28.71,-24.339342,-36.99724,-17.05327,True,-33.11,-21.077063,-33.608353,-14.417853,True
2017-09-11 04:25:00,-30.55,89,-20,-29.36,-27.207214,-39.678806,-19.68898,True,-34.48,-24.020021,-36.328007,-17.129322,True
2017-09-11 04:30:00,-29.68,89,-21,-30.28,-26.600346,-38.94708,-19.11772,True,-34.9,-23.65649,-35.84043,-16.774885,True
2017-09-11 04:35:00,-28.39,89,-20,-29.47,-25.66333,-37.814903,-18.240313,True,-35.18,-23.04402,-35.02651,-16.193121,False
2017-09-11 04:40:00,-27.92,89,-18,-29.08,-25.227943,-37.195366,-18.027815,True,-35.84,-22.637405,-34.434177,-16.00507,False
2017-09-11 04:45:00,-27.26,89,-17,-30.09,-24.66602,-36.488865,-17.588907,True,-35.9,-22.169346,-33.82777,-15.642957,False
2017-09-11 04:50:00,-26.23,89,-15,-30.84,-23.751144,-35.424927,-16.795229,True,-36.43,-21.364645,-32.87819,-14.943828,False
2017-09-11 04:55:00,-27.73,89,-14,-31.52,-25.131992,-36.673275,-18.186718,True,-37.95,-22.641394,-34.017056,-16.239214,False
2017-09-11 05:00:00,-28.88,89,-15,-31.63,-26.400017,-37.760994,-19.314503,True,-38.32,-24.02263,-35.2045,-17.472128,False
2017-09-11 05:05:00,-30.22,89,-16,-32.04,-27.972496,-39.01813,-20.73463,True,-39.21,-25.816912,-36.669174,-19.09371,False
2017-09-11 05:10:00,-29.9,89,-16,-32.31,-27.967213,-38.77758,-20.706598,True,-40.45,-26.09942,-36.705254,-19.329693,False
2017-09-11 05:15:00,-27.85,89,-13,-32.6,-26.468504,-37.044518,-19.186714,True,-41.08,-25.103119,-35.44906,-18.274189,False
2017-09-11 05:20:00,-28.71,89,-13,-33.11,-27.308962,-37.705105,-20.02528,True,-40.72,-25.927015,-36.09971,-19.09034,False
2017-09-11 05:25:00,-29.36,89,-13,-34.48,-27.782433,-38.18177,-20.492123,True,-40.13,-26.239601,-36.428043,-19.403875,False
2017-09-11 05:30:00,-30.28,89,-13,-34.9,-28.391865,-38.909683,-21.076084,True,-39.65,-26.56667,-36.890995,-19.722666,False
2017-09-11 05:35:00,-29.47,89,-12,-35.18,-27.394457,-38.09729,-20.183935,True,-39.04,-25.38954,-35.91403,-18.662638,False
2017-09-11 05:40:00,-29.08,89,-13,-35.84,-26.743444,-37.658527,-19.68343,True,-38.4,-24.490786,-35.251972,-17.92594,False
2017-09-11 05:45:00,-30.09,89,-13,-35.9,-27.41366,-38.52384,-20.371296,True,-36.99,-24.843811,-35.81447,-18.321257,False
2017-09-11 05:50:00,-30.84,89,-12,-36.43,-27.906065,-39.149727,-20.803911,True,-37.23,-25.09577,-36.209927,-18.532738,False
2017-09-11 05:55:00,-31.52,89,-15,-37.95,-28.295303,-39.72847,-21.16382,True,-35.52,-25.20956,-36.52528,-18.640898,True
2017-09-11 06:00:00,-31.63,89,-17,-38.32,-28.245222,-39.813957,-21.072403,True,-34.48,-25.00462,-36.466545,-18.407322,True
2017-09-11 06:05:00,-32.04,89,-16,-39.21,-28.61772,-40.17785,-21.377367,True,-33.46,-25.34138,-36.797283,-18.679453,True
2017-09-11 06:10:00,-32.31,89,-17,-40.45,-28.962374,-40.440453,-21.662285,False,-33.06,-25.756033,-37.127155,-19.029243,True
2017-09-11 06:15:00,-32.6,89,-18,-41.08,-29.421848,-40.72314,-22.065523,False,-36.27,-26.379122,-37.571884,-19.57486,True
2017-09-11 06:20:00,-33.11,89,-18,-40.72,-30.172617,-41.239246,-22.682396,True,-33.52,-27.362286,-38.310486,-20.39997,True
2017-09-11 06:25:00,-34.48,89,-19,-40.13,-31.808235,-42.568336,-24.089891,True,-33.45,-29.254751,-39.879726,-22.041653,True
2017-09-11 06:30:00,-34.9,89,-19,-39.65,-32.605305,-43.034817,-24.711252,True,-34.04,-30.401148,-40.68059,-22.980835,True
2017-09-11 06:35:00,-35.18,89,-19,-39.04,-33.320248,-43.402225,-25.20153,True,-34.13,-31.517927,-41.437332,-23.829754,True
2017-09-11 06:40:00,-35.84,89,-19,-38.4,-34.394646,-44.117886,-26.002514,True,-34.46,-32.970516,-42.512383,-24.973839,True
2017-09-11 06:45:00,-35.9,89,-18,-36.99,-34.601303,-44.17707,-26.10496,True,-36.04,-33.310673,-42.703518,-25.192131,True
2017-09-11 06:50:00,-36.43,89,-18,-37.23,-35.074703,-44.6042,-26.42911,True,-37.08,-33.737267,-43.090317,-25.468254,True
2017-09-11 06:55:00,-37.95,89,-19,-35.52,-36.34559,-45.832287,-27.536684,True,-35.84,-34.794044,-44.117344,-26.377712,True
2017-09-11 07:00:00,-38.32,89,-20,-34.48,-36.43501,-45.98658,-27.64127,True,-35.13,-34.63593,-44.0403,-26.253277,True
2017-09-11 07:05:00,-39.21,89,-20,-33.46,-37.333107,-46.74352,-28.42149,True,-34.12,-35.54576,-44.811287,-27.041847,True
2017-09-11 07:10:00,-40.45,89,-21,-33.06,-38.767536,-47.844345,-29.728098,True,-30.61,-37.159657,-46.08799,-28.508698,True
2017-09-11 07:15:00,-41.08,89,-23,-36.27,-39.35388,-48.293716,-30.337658,True,-29.3,-37.711777,-46.51001,-29.0839,True
2017-09-11 07:20:00,-40.72,89,-24,-33.52,-38.885925,-47.892555,-29.898779,True,-29.19,-37.145382,-46.019943,-28.55242,True
2017-09-11 07:25:00,-40.13,89,-24,-33.45,-38.18208,-47.218243,-29.261034,True,-27.65,-36.338543,-45.255882,-27.81436,False
2017-09-11 07:30:00,-39.65,89,-22,-34.04,-37.473965,-46.651012,-28.561274,True,-28.02,-35.42981,-44.506042,-26.921833,True
2017-09-11 07:35:00,-39.04,89,-22,-34.13,-36.9188,-46.113625,-27.794237,True,-27.51,-34.923725,-44.02317,-26.194157,True
2017-09-11 07:40:00,-38.4,89,-21,-34.46,-36.759686,-45.58669,-27.493872,True,-29.07,-35.191116,-43.91572,-26.27035,True
2017-09-11 07:45:00,-36.99,89,-19,-36.04,-35.677208,-44.18514,-26.678225,True,-30.98,-34.393288,-42.79698,-25.705673,True
2017-09-11 07:50:00,-37.23,89,-20,-37.08,-35.84734,-44.263786,-27.016312,True,-31.82,-34.503326,-42.828022,-25.985651,True
2017-09-11 07:55:00,-35.52,89,-20,-35.84,-34.34128,-42.595665,-25.673515,True,-32.61,-33.173237,-41.34118,-24.79373,True
2017-09-11 08:00:00,-34.48,89,-19,-35.13,-33.362625,-41.494343,-24.80316,True,-34.61,-32.247044,-40.300625,-23.963902,True
2017-09-11 08:05:00,-33.46,89,-19,-34.12,-32.371025,-40.42464,-23.958952,True,-34.52,-31.277174,-39.261078,-23.133121,True
2017-09-11 08:10:00,-33.06,89,-18,-30.61,-31.882729,-39.896736,-23.60725,True,-34.09,-30.71162,-38.672012,-22.702063,True
2017-09-11 08:15:00,-36.27,89,-21,-29.3,-34.72326,-42.59062,-26.310818,True,-33.91,-33.2457,-41.07674,-25.123352,True
2017-09-11 08:20:00,-33.52,89,-18,-29.19,-32.022907,-39.99721,-24.040207,True,-32.17,-30.572012,-38.526978,-22.866877,True
2017-09-11 08:25:00,-33.45,89,-16,-27.65,-31.701395,-39.755894,-23.925797,True,-29.99,-30.023348,-38.079227,-22.539818,True
2017-09-11 08:30:00,-34.04,89,-17,-28.02,-31.945478,-40.083256,-24.280369,True,-29.93,-29.959665,-38.11922,-22.608532,True
2017-09-11 08:35:00,-34.13,89,-17,-27.51,-31.553112,-39.93834,-24.08399,True,-29.45,-29.128155,-37.562164,-22.002525,True
2017-09-11 08:40:00,-34.46,89,-17,-29.07,-31.35518,-40.04623,-24.124184,True,-28.68,-28.441639,-37.20428,-21.592518,True
2017-09-11 08:45:00,-36.04,89,-18,-30.98,-32.407623,-41.432915,-25.359684,True,-29.54,-29.009516,-38.1152,-22.3902,True
2017-09-11 08:50:00,-37.08,89,-20,-31.82,-33.165325,-42.413895,-26.26082,True,-29.66,-29.50135,-38.834454,-23.053627,True
2017-09-11 08:55:00,-35.84,89,-20,-32.61,-31.66263,-41.246525,-25.04792,True,-28.62,-27.71847,-37.4186,-21.577408,True
2017-09-11 09:00:00,-35.13,89,-19,-34.61,-30.743975,-40.57078,-24.239473,True,-27.52,-26.582315,-36.55252,-20.56765,True
2017-09-11 09:05:00,-34.12,89,-19,-34.52,-29.628471,-39.61353,-23.189873,True,-25.48,-25.346485,-35.492527,-19.39886,True
2017-09-11 09:10:00,-30.61,89,-15,-34.09,-26.04432,-36.20575,-19.94674,True,-24.56,-21.634836,-32.008945,-16.015356,True
2017-09-11 09:15:00,-29.3,89,-13,-33.91,-24.994967,-34.98887,-19.087029,True,-23.61,-20.817274,-31.032257,-15.351859,True
2017-09-11 09:20:00,-29.19,89,-12,-32.17,-25.185766,-34.88667,-19.367687,True,-23.9,-21.30471,-31.218136,-15.890585,True
2017-09-11 09:25:00,-27.65,89,-12,-29.99,-23.99948,-33.453953,-18.276913,True,-24.1,-20.4505,-30.128347,-15.089788,True
2017-09-11 09:30:00,-28.02,89,-13,-29.93,-24.753897,-33.89363,-18.917053,True,-22.99,-21.590218,-30.940784,-16.075895,True
2017-09-11 09:35:00,-27.51,89,-12,-29.45,-24.636427,-33.55037,-18.67716,True,-22.3,-21.852879,-30.971994,-16.176565,True
2017-09-11 09:40:00,-29.07,89,-12,-28.68,-26.62479,-35.18949,-20.24881,True,-21.05,-24.27572,-33.018986,-18.146067,True
2017-09-11 09:45:00,-30.98,89,-14,-29.54,-28.680723,-36.983753,-21.953978,True,-20.54,-26.502106,-34.968117,-20.00409,True
2017-09-11 09:50:00,-31.82,89,-16,-29.66,-29.47486,-37.69431,-22.593937,True,-19.44,-27.27343,-35.65658,-20.616222,False
2017-09-11 09:55:00,-32.61,89,-17,-28.62,-29.909786,-38.267128,-23.005844,True,-19.6,-27.396196,-35.928974,-20.733255,False
2017-09-11 10:00:00,-34.61,89,-18,-27.52,-31.678728,-40.13923,-24.586018,True,-19.65,-28.976189,-37.609497,-22.141207,False
2017-09-11 10:05:00,-34.52,89,-19,-25.48,-31.257423,-39.961075,-24.233992,True,-20.07,-28.246649,-37.132725,-21.49871,False
2017-09-11 10:10:00,-34.09,89,-19,-24.56,-30.407122,-39.39914,-23.62471,True,-20.17,-26.996624,-36.191757,-20.511116,False
2017-09-11 10:15:00,-33.91,89,-18,-23.61,-30.131535,-39.22927,-23.408497,True,-19.46,-26.627563,-35.938988,-20.202322,False
2017-09-11 10:20:00,-32.17,89,-16,-23.9,-28.360493,-37.598343,-21.845093,True,-18.96,-24.799833,-34.27268,-18.572514,True
2017-09-11 10:25:00,-29.99,89,-13,-24.1,-26.134457,-35.53553,-19.833925,True,-19.39,-22.50046,-32.16049,-16.474476,True
2017-09-11 10:30:00,-29.93,89,-14,-22.99,-26.025824,-35.51646,-19.809542,True,-17.98,-22.342886,-32.09534,-16.397516,True
2017-09-11 10:35:00,-29.45,89,-13,-22.3,-25.733559,-35.082485,-19.72038,True,-15.65,-22.228966,-31.834055,-16.457602,False
2017-09-11 10:40:00,-28.68,89,-12,-21.05,-24.779802,-34.263783,-19.050436,True,-13.89,-21.086594,-30.838654,-15.599149,False
2017-09-11 10:45:00,-29.54,89,-12,-20.54,-25.62456,-35.07273,-19.808681,True,-14.26,-21.932373,-31.646137,-16.35539,False
2017-09-11 10:50:00,-29.66,89,-13,-19.44,-25.745737,-35.200027,-19.906528,False,-14.6,-22.059088,-31.785248,-16.45274,False
2017-09-11 10:55:00,-28.62,89,-13,-19.6,-24.725876,-34.22101,-18.907263,True,-15.08,-21.04738,-30.829561,-15.449391,False
2017-09-11 11:00:00,-27.52,89,-13,-19.65,-23.64138,-33.235004,-17.84149,True,-14.86,-19.964952,-29.861122,-14.37252,True
2017-09-11 11:05:00,-25.48,89,-12,-20.07,-21.679321,-31.31345,-15.941302,True,-14.65,-18.056067,-28.01932,-12.505778,True
2017-09-11 11:10:00,-24.56,89,-12,-20.17,-20.716421,-30.436977,-14.937597,True,-12.689999,-17.043118,-27.11443,-11.449076,True
2017-09-11 11:15:00,-23.61,89,-10,-19.46,-19.76364,-29.544054,-14.003225,True,-12.35,-16.077736,-26.231504,-10.495267,True
2017-09-11 11:20:00,-23.9,89,-10,-18.96,-20.099287,-29.844603,-14.332687,True,-13.22,-16.463469,-26.57902,-10.864682,True
2017-09-11 11:25:00,-24.1,89,-10,-19.39,-20.254622,-30.067013,-14.510961,True,-13.509999,-16.578587,-26.764936,-10.998327,True
2017-09-11 11:30:00,-22.99,89,-9,-17.98,-19.174511,-29.031788,-13.590517,True,-11.68,-15.516676,-25.76032,-10.079818,True
2017-09-11 11:35:00,-22.3,89,-9,-15.65,-18.591177,-28.415173,-13.068785,True,-12.04,-15.033451,-25.242867,-9.638653,True
2017-09-11 11:40:00,-21.05,89,-8,-13.89,-17.334528,-27.21953,-11.926712,True,-12.66,-13.76081,-24.044033,-8.466797,True
2017-09-11 11:45:00,-20.54,89,-8,-14.26,-16.885809,-26.765636,-11.505928,True,-13.38,-13.368604,-23.652935,-8.08807,True
2017-09-11 11:50:00,-19.44,89,-7,-14.6,-15.83532,-25.745768,-10.485567,True,-13.31,-12.356862,-22.688547,-7.091971,True
2017-09-11 11:55:00,-19.6,89,-7,-15.08,-16.04028,-25.91797,-10.665302,True,-13.25,-12.610984,-22.902876,-7.309032,True
2017-09-11 12:00:00,-19.65,89,-7,-14.86,-16.056547,-25.9875,-10.655163,True,-13.57,-12.599047,-22.941925,-7.2628684,True
2017-09-11 12:05:00,-20.07,89,-7,-14.65,-16.517992,-26.442867,-11.015854,True,-12.94,-13.107852,-23.437159,-7.664701,True
2017-09-11 12:10:00,-20.17,89,-7,-12.689999,-16.649326,-26.565584,-11.186678,True,-11.6,-13.270494,-23.59565,-7.855905,True
2017-09-11 12:15:00,-19.46,89,-7,-12.35,-15.935275,-25.89735,-10.548936,True,-11.86,-12.545469,-22.928196,-7.1942534,True
2017-09-11 12:20:00,-18.96,89,-7,-13.22,-15.362015,-25.450718,-9.977451,True,-12.88,-11.894528,-22.422152,-6.5413775,True
2017-09-11 12:25:00,-19.39,89,-7,-13.509999,-15.787431,-25.92783,-10.323427,True,-12.39,-12.321115,-22.899158,-6.8811,True
2017-09-11 12:30:00,-17.98,89,-7,-11.68,-14.391053,-24.6183,-8.98439,True,-11.38,-10.925305,-21.613668,-5.525336,True
2017-09-11 12:35:00,-15.65,89,-8,-12.04,-12.063974,-22.41477,-6.8030677,True,-11.35,-8.578047,-19.424479,-3.3053763,True
2017-09-11 12:40:00,-13.89,89,-7,-12.66,-10.375567,-20.75235,-5.283666,True,-12.12,-6.943277,-17.83435,-1.8142704,True
2017-09-11 12:45:00,-14.26,89,-6,-13.38,-10.745993,-21.116516,-5.791921,True,-12.34,-7.31564,-18.182726,-2.3087695,True
2017-09-11 12:50:00,-14.6,89,-6,-13.31,-10.995867,-21.4678,-6.036881,True,-12.87,-7.47621,-18.451342,-2.4622614,True
2017-09-11 12:55:00,-15.08,89,-6,-13.25,-11.4659395,-22.006416,-6.461473,True,-13.91,-7.936972,-18.985931,-2.8697035,True
2017-09-11 13:00:00,-14.86,89,-7,-13.57,-11.293172,-21.852636,-6.2929177,True,-14.6,-7.8058476,-18.88032,-2.7291644,True
2017-09-11 13:05:00,-14.65,89,-6,-12.94,-11.063714,-21.689064,-6.1039796,True,-14.66,-7.551932,-18.710203,-2.5018218,True
2017-09-11 13:10:00,-12.689999,89,-5,-11.6,-9.156752,-19.836063,-4.3461194,True,-14.54,-5.676207,-16.91786,-0.75240356,True
2017-09-11 13:15:00,-12.35,89,-4,-11.86,-8.81173,-19.506823,-4.0648227,True,-15.2,-5.323673,-16.574497,-0.4480823,True
2017-09-11 13:20:00,-13.22,89,-4,-12.88,-9.674419,-20.362368,-4.917154,True,-15.73,-6.1875215,-17.411253,-1.2859749,True
2017-09-11 13:25:00,-13.509999,89,-5,-12.39,-9.912277,-20.672178,-5.112354,True,-15.02,-6.37478,-17.670742,-1.4212192,True
2017-09-11 13:30:00,-11.68,89,-4,-11.38,-8.054784,-18.9199,-3.2459948,True,-15.39,-4.469586,-15.914634,0.50398034,True
2017-09-11 13:35:00,-12.04,89,-4,-11.35,-8.378713,-19.306551,-3.4872935,True,-15.04,-4.7572045,-16.271805,0.30637327,True
2017-09-11 13:40:00,-12.66,89,-4,-12.12,-9.090342,-19.963655,-4.119715,True,-14.0,-5.563372,-17.006279,-0.4021438,True
2017-09-11 13:45:00,-13.38,89,-5,-12.34,-9.891511,-20.710533,-4.8377404,True,-14.1,-6.453977,-17.820404,-1.1889843,True
2017-09-11 13:50:00,-13.31,89,-5,-12.87,-9.871854,-20.676588,-4.7346673,True,-13.35,-6.480925,-17.837317,-1.1149372,True
2017-09-11 13:55:00,-13.25,89,-5,-13.91,-9.816038,-20.672228,-4.609778,True,-13.39,-6.425421,-17.84224,-0.9750312,True
2017-09-11 14:00:00,-13.57,89,-4,-14.6,-10.140191,-21.068243,-4.8730893,True,-12.91,-6.7546277,-18.243378,-1.2285331,True
2017-09-11 14:05:00,-12.94,89,-5,-14.66,-9.551455,-20.551722,-4.27494,True,-13.22,-6.1908917,-17.770447,-0.64061004,True
2017-09-11 14:10:00,-11.6,89,-4,-14.54,-8.175402,-19.295986,-2.910906,True,-12.639999,-4.755546,-16.499357,0.79722756,True
2017-09-11 14:15:00,-11.86,89,-3,-15.2,-8.351164,-19.608862,-3.043791,True,-12.49,-4.843267,-16.741163,0.7653195,True
2017-09-11 14:20:00,-12.88,89,-4,-15.73,-9.297186,-20.655266,-3.947014,True,-12.88,-5.7213416,-17.70175,-0.062685326,True
2017-09-11 14:25:00,-12.39,89,-4,-15.02,-8.591244,-20.20743,-3.262274,True,-13.11,-4.7808843,-17.057337,0.8555295,True
2017-09-11 14:30:00,-11.38,89,-4,-15.39,-7.4391637,-19.224268,-2.2372572,True,-13.1,-3.4607832,-15.95278,2.0653112,True
2017-09-11 14:35:00,-11.35,89,-4,-15.04,-7.391299,-19.175707,-2.3039992,True,-13.68,-3.3844645,-15.862829,2.0469034,True
2017-09-11 14:40:00,-12.12,89,-3,-14.0,-8.273577,-19.96315,-3.1999705,True,-13.78,-4.384438,-16.721613,1.0635487,True
2017-09-11 14:45:00,-12.34,89,-4,-14.1,-8.547774,-20.235704,-3.4404814,True,-14.31,-4.7118373,-17.028162,0.7883088,True
2017-09-11 14:50:00,-12.87,89,-4,-13.35,-9.190487,-20.878588,-3.9377892,True,-14.55,-5.4758773,-17.771662,0.1923291,True
2017-09-11 14:55:00,-13.91,89,-5,-13.39,-10.373,-22.09155,-4.9116673,True,-14.5,-6.81319,-19.117561,-0.9237998,True
2017-09-11 15:00:00,-14.6,89,-5,-12.91,-11.199932,-22.95887,-5.512693,True,-15.06,-7.7805343,-20.132349,-1.650061,True
2017-09-11 15:05:00,-14.66,89,-5,-13.22,-11.342452,-23.176315,-5.4643865,True,-14.85,-8.000976,-20.44514,-1.6715492,True
2017-09-11 15:10:00,-14.54,89,-4,-12.639999,-11.336809,-23.222952,-5.3073936,True,-16.38,-8.110349,-20.610975,-1.6105636,True
2017-09-11 15:15:00,-15.2,89,-4,-12.49,-12.132323,-24.034893,-6.003659,True,-16.8,-9.050088,-21.538897,-2.4384844,True
2017-09-11 15:20:00,-15.73,89,-4,-12.88,-12.704121,-24.638199,-6.5089345,True,-16.03,-9.673722,-22.170603,-2.9804957,True
2017-09-11 15:25:00,-15.02,89,-4,-13.11,-11.950185,-24.008146,-5.6992393,True,-17.77,-8.851777,-21.504766,-2.0913298,True
2017-09-11 15:30:00,-15.39,89,-2,-13.1,-12.306476,-24.4867,-6.065554,True,-17.91,-9.17663,-21.958263,-2.4223006,True
2017-09-11 15:35:00,-15.04,89,-2,-13.68,-11.917264,-24.203238,-5.650313,True,-19.51,-8.731086,-21.640709,-1.9429878,True
2017-09-11 15:40:00,-14.0,89,-2,-13.78,-10.842068,-23.229673,-4.528378,True,-19.08,-7.6014752,-20.633213,-0.75746566,True
2017-09-11 15:45:00,-14.1,89,-2,-14.31,-11.042689,-23.470324,-4.6171746,True,-19.76,-7.900946,-20.966425,-0.93512183,True
2017-09-11 15:50:00,-13.35,89,-3,-14.55,-10.338679,-22.769156,-3.8724263,True,-20.59,-7.2337117,-20.297304,-0.2166427,False
2017-09-11 15:55:00,-13.39,89,-3,-14.5,-10.485691,-22.87932,-3.9540884,True,-20.22,-7.492109,-20.496527,-0.39296755,True
2017-09-11 16:00:00,-12.91,89,-3,-15.06,-9.9913645,-22.443007,-3.4238417,True,-21.23,-6.969991,-20.033758,0.16744964,False
2017-09-11 16:05:00,-13.22,89,-3,-14.85,-10.35278,-22.839287,-3.7244084,True,-22.64,-7.3826594,-20.467958,-0.17591317,False
2017-09-11 16:10:00,-12.639999,89,-3,-16.38,-9.742922,-22.297112,-3.073109,True,-23.75,-6.724479,-19.887835,0.52149934,False
2017-09-11 16:15:00,-12.49,89,-4,-16.8,-9.603707,-22.182743,-2.910473,True,-25.72,-6.587047,-19.771849,0.6886746,False
2017-09-11 16:20:00,-12.88,89,-4,-16.03,-10.033006,-22.625546,-3.2916853,True,-26.69,-7.056886,-20.23537,0.27444044,False
2017-09-11 16:25:00,-13.11,89,-4,-17.77,-10.272328,-22.932951,-3.4362833,True,-27.72,-7.302628,-20.53406,0.12093322,False
2017-09-11 16:30:00,-13.1,89,-5,-17.91,-10.253223,-23.0261,-3.287495,True,-27.85,-7.264627,-20.612686,0.2784249,False
2017-09-11 16:35:00,-13.68,89,-5,-19.51,-10.826982,-23.723797,-3.752886,True,-28.47,-7.829227,-21.295225,-0.18211015,False
2017-09-11 16:40:00,-13.78,89,-5,-19.08,-10.880046,-23.975275,-3.6399138,True,-28.72,-7.810433,-21.507168,-0.019478159,False
2017-09-11 16:45:00,-14.31,89,-5,-19.76,-11.473971,-24.623478,-4.1304517,True,-28.67,-8.465519,-22.203741,-0.57642394,False
2017-09-11 16:50:00,-14.55,89,-5,-20.59,-11.763293,-24.960783,-4.3158755,True,-28.88,-8.797553,-22.576372,-0.80350333,False
2017-09-11 16:55:00,-14.5,89,-6,-20.22,-11.723829,-24.970945,-4.205791,True,-29.42,-8.760201,-22.580881,-0.700373,False
2017-09-11 17:00:00,-15.06,89,-6,-21.23,-12.405906,-25.651073,-4.772693,True,-30.13,-9.574437,-23.367052,-1.3925213,False
2017-09-11 17:05:00,-14.85,89,-6,-22.64,-12.276051,-25.508598,-4.522342,True,-30.01,-9.52543,-23.297745,-1.2263378,False
2017-09-11 17:10:00,-16.38,89,-4,-23.75,-13.961655,-27.19344,-6.091184,True,-29.060001,-11.394152,-25.115213,-2.9676764,False
2017-09-11 17:15:00,-16.8,89,-5,-25.72,-14.416332,-27.686745,-6.4795165,True,-30.85,-11.885216,-25.626505,-3.3975337,False
2017-09-11 17:20:00,-16.03,89,-5,-26.69,-13.544014,-26.912975,-5.529842,True,-30.9,-10.8841715,-24.749054,-2.3306296,False
2017-09-11 17:25:00,-17.77,89,-6,-27.72,-15.393022,-28.847921,-7.2428775,True,-31.79,-12.8624935,-26.772219,-4.1777396,False
2017-09-11 17:30:00,-17.91,89,-6,-27.85,-15.4842615,-29.056334,-7.257566,True,-31.16,-12.89102,-26.924957,-4.13959,False
2017-09-11 17:35:00,-19.51,89,-5,-28.47,-17.233511,-30.848257,-8.8797035,True,-31.01,-14.809752,-28.85462,-5.929851,False
2017-09-11 17:40:00,-19.08,89,-5,-28.72,-16.749998,-30.38705,-8.38629,True,-30.22,-14.261284,-28.319456,-5.381389,False
2017-09-11 17:45:00,-19.76,89,-3,-28.67,-17.471855,-31.147919,-9.052349,True,-28.56,-15.034343,-29.10498,-6.0989957,True
2017-09-11 17:50:00,-20.59,89,-4,-28.88,-18.429981,-32.14343,-9.858454,True,-26.9,-16.134203,-30.220407,-7.0480075,True
2017-09-11 17:55:00,-20.22,89,-5,-29.42,-17.980652,-31.81735,-9.289354,True,-28.67,-15.584786,-29.81103,-6.394469,True
2017-09-11 18:00:00,-21.23,89,-5,-30.13,-19.124191,-33.037567,-10.260633,True,-29.08,-16.877096,-31.157763,-7.522885,True
2017-09-11 18:05:00,-22.64,89,-5,-30.01,-20.698713,-34.689747,-11.69281,True,-29.16,-18.637232,-32.97061,-9.141058,True
2017-09-11 18:10:00,-23.75,89,-6,-29.060001,-21.92576,-35.99395,-12.813342,True,-28.49,-19.99447,-34.384674,-10.394986,True
2017-09-11 18:15:00,-25.72,89,-7,-30.85,-24.074759,-38.25397,-14.812789,True,-27.97,-22.34764,-36.8221,-12.598905,True
2017-09-11 18:20:00,-26.69,89,-6,-30.9,-25.145369,-39.409184,-15.796656,True,-27.1,-23.527258,-38.068916,-13.701291,True
2017-09-11 18:25:00,-27.72,89,-6,-31.79,-26.311428,-40.56568,-16.967896,True,-27.35,-24.84354,-39.35324,-15.021292,True
2017-09-11 18:30:00,-27.85,89,-6,-31.16,-26.342531,-40.58649,-17.140871,True,-26.12,-24.770308,-39.25213,-15.093324,True
2017-09-11 18:35:00,-28.47,89,-6,-31.01,-27.087185,-41.36556,-17.727564,True,-25.07,-25.645445,-40.152596,-15.822677,True
2017-09-11 18:40:00,-28.72,89,-7,-30.22,-27.370907,-41.65611,-17.919495,True,-24.6,-25.961742,-40.47056,-16.056484,True
2017-09-11 18:45:00,-28.67,89,-4,-28.56,-27.388882,-41.66969,-17.841896,True,-25.66,-26.044287,-40.54798,-16.052402,True
2017-09-11 18:50:00,-28.88,89,-6,-26.9,-27.721603,-41.943764,-18.022102,True,-24.55,-26.503113,-40.943577,-16.366228,True
2017-09-11 18:55:00,-29.42,89,-6,-28.67,-28.406925,-42.600323,-18.520746,True,-24.44,-27.339636,-41.746532,-17.022339,True
2017-09-11 19:00:00,-30.13,89,-7,-29.08,-29.19032,-43.372295,-19.188938,True,-24.78,-28.20011,-42.586388,-17.775936,True
2017-09-11 19:05:00,-30.01,89,-6,-29.16,-29.025696,-43.33227,-18.902367,True,-22.81,-27.978416,-42.49328,-17.450773,True
2017-09-11 19:10:00,-29.060001,89,-4,-28.49,-28.068481,-42.34744,-17.849463,True,-23.13,-27.00451,-41.49223,-16.401007,True
2017-09-11 19:15:00,-30.85,89,-2,-27.97,-30.153542,-44.393196,-19.563934,True,-22.67,-29.405708,-43.84219,-18.426931,True
2017-09-11 19:20:00,-30.9,89,-4,-27.1,-30.13706,-44.474785,-19.550066,True,-22.0,-29.310244,-43.843487,-18.351194,True
2017-09-11 19:25:00,-31.79,89,-4,-27.35,-30.989258,-45.414932,-20.484762,True,-21.79,-30.119015,-44.72777,-19.254932,True
2017-09-11 19:30:00,-31.16,89,-4,-26.12,-30.258448,-44.718475,-19.79906,True,-20.76,-29.273447,-43.91228,-18.477634,True
2017-09-11 19:35:00,-31.01,89,-5,-25.07,-30.175198,-44.592346,-19.538687,True,-20.2,-29.256342,-43.84934,-18.294529,True
2017-09-11 19:40:00,-30.22,89,-4,-24.6,-29.292679,-43.68156,-18.652527,True,-19.49,-28.268066,-42.83361,-17.31887,True
2017-09-11 19:45:00,-28.56,89,-4,-25.66,-27.443129,-41.818985,-16.86747,True,-19.03,-26.207067,-40.766685,-15.3470955,True
2017-09-11 19:50:00,-26.9,89,-2,-24.55,-25.516705,-39.94253,-15.074382,True,-19.57,-23.984947,-38.60391,-13.29085,True
2017-09-11 19:55:00,-28.67,89,-3,-24.44,-27.295658,-41.954227,-16.809305,True,-19.74,-25.77035,-40.60759,-15.047816,True
2017-09-11 20:00:00,-29.08,89,-6,-24.78,-27.636742,-42.421124,-17.165588,True,-19.76,-26.03401,-40.990234,-15.345501,True
2017-09-11 20:05:00,-29.16,89,-6,-22.81,-27.757782,-42.468525,-17.27105,True,-20.23,-26.19699,-41.068996,-15.500659,True
2017-09-11 20:10:00,-28.49,89,-6,-23.13,-26.994207,-41.683693,-16.499939,True,-19.85,-25.327183,-40.180115,-14.64338,True
2017-09-11 20:15:00,-27.97,89,-5,-22.67,-26.397375,-41.158813,-15.841524,True,-17.59,-24.639769,-39.569725,-13.92041,True
2017-09-11 20:20:00,-27.1,89,-4,-22.0,-25.394957,-40.15589,-14.91113,True,-18.26,-23.489223,-38.42286,-12.864103,True
2017-09-11 20:25:00,-27.35,89,-4,-21.79,-25.602736,-40.3713,-15.17123,True,-18.93,-23.650257,-38.58071,-13.093409,True
2017-09-11 20:30:00,-26.12,89,-3,-20.76,-24.185566,-38.947613,-13.908938,True,-18.98,-22.02602,-36.959373,-11.648306,True
2017-09-11 20:35:00,-25.07,89,-2,-20.2,-23.115234,-37.735462,-12.851744,True,-19.38,-20.935839,-35.72745,-10.585885,True
2017-09-11 20:40:00,-24.6,89,-2,-19.49,-22.720057,-37.32331,-12.24322,True,-20.8,-20.621237,-35.39973,-10.07775,True
2017-09-11 20:45:00,-25.66,89,-2,-19.03,-24.032833,-38.65357,-13.255533,True,-20.09,-22.207733,-36.989407,-11.370993,True
2017-09-11 20:50:00,-24.55,89,-3,-19.57,-22.825382,-37.45207,-12.085552,True,-21.18,-20.894539,-35.6929,-10.118568,True
2017-09-11 20:55:00,-24.44,89,-3,-19.74,-22.681536,-37.26105,-11.997335,True,-21.7,-20.71605,-35.45918,-10.010781,True
2017-09-11 21:00:00,-24.78,89,-4,-19.76,-23.025696,-37.634193,-12.3377285,True,-20.65,-21.063757,-35.825775,-10.370111,True
2017-09-11 21:05:00,-22.81,89,-3,-20.23,-20.61967,-35.271317,-10.2996,True,-20.9,-18.188744,-33.021004,-7.9017196,True
2017-09-11 21:10:00,-23.13,89,-3,-19.85,-20.77704,-35.645634,-10.520954,True,-21.44,-18.169054,-33.221283,-7.9735923,True
2017-09-11 21:15:00,-22.67,89,-6,-17.59,-20.084223,-35.228104,-9.848842,True,-21.52,-17.223814,-32.574223,-7.0846143,True
2017-09-11 21:20:00,-22.0,89,-6,-18.26,-19.192469,-34.567013,-8.968746,True,-21.88,-16.091427,-31.700365,-6.0000587,True
2017-09-11 21:25:00,-21.79,89,-6,-18.93,-18.789446,-34.236618,-8.657658,True,-21.44,-15.483302,-31.169865,-5.5094295,True
2017-09-11 21:30:00,-20.76,89,-7,-18.98,-17.56277,-33.047813,-7.510535,True,-22.0,-14.045987,-29.795208,-4.181318,True
2017-09-11 21:35:00,-20.2,89,-6,-19.38,-16.9226,-32.159885,-7.0490947,True,-21.51,-13.328333,-28.817675,-3.6503012,True
2017-09-11 21:40:00,-19.49,89,-7,-20.8,-16.121693,-31.237314,-6.3684154,True,-20.99,-12.437296,-27.812668,-2.8955195,True
2017-09-11 21:45:00,-19.03,89,-6,-20.09,-15.740962,-30.687674,-6.0415006,True,-20.95,-12.152338,-27.35471,-2.673054,True
2017-09-11 21:50:00,-19.57,89,-6,-21.18,-16.62785,-31.379023,-6.8184047,True,-19.77,-13.416925,-28.388704,-3.8229592,True
2017-09-11 21:55:00,-19.74,89,-7,-21.7,-17.028511,-31.68667,-7.159328,True,-17.88,-14.072279,-28.934324,-4.423777,True
2017-09-11 22:00:00,-19.76,89,-7,-20.65,-17.31773,-31.849388,-7.3428254,True,-16.18,-14.660371,-29.374283,-4.9077706,True
2017-09-11 22:05:00,-20.23,89,-8,-20.9,-18.102787,-32.549664,-7.9216466,True,-16.1,-15.789147,-30.388378,-5.832295,True
2017-09-11 22:10:00,-19.85,89,-9,-21.44,-17.744484,-32.392982,-7.452872,True,-15.27,-15.459102,-30.26981,-5.4122806,True
2017-09-11 22:15:00,-17.59,89,-7,-21.52,-15.286687,-30.152565,-5.016752,True,-14.54,-12.803756,-27.884127,-2.8120902,True
2017-09-11 22:20:00,-18.26,89,-7,-21.88,-16.064678,-30.882654,-5.7026687,True,-13.64,-13.697225,-28.701504,-3.6184142,True
2017-09-11 22:25:00,-18.93,89,-7,-21.44,-16.784883,-31.334673,-6.478248,True,-12.02,-14.472388,-29.174192,-4.450724,True
2017-09-11 22:30:00,-18.98,89,-9,-22.0,-16.795664,-31.114216,-6.6035523,True,-9.24,-14.446511,-28.901056,-4.550197,True
2017-09-11 22:35:00,-19.38,89,-10,-21.51,-17.191936,-31.367603,-7.0875,True,-8.939999,-14.842136,-29.13682,-5.0417,True
2017-09-11 22:40:00,-20.8,89,-10,-20.99,-18.73347,-32.85533,-8.6258335,True,-8.13,-16.509605,-30.71787,-6.709784,True
2017-09-11 22:45:00,-20.09,89,-11,-20.95,-17.987343,-32.115704,-7.9709077,True,-9.58,-15.733498,-29.956163,-6.039085,True
2017-09-11 22:50:00,-21.18,89,-11,-19.77,-19.20516,-33.275463,-9.174297,True,-9.75,-17.085455,-31.220205,-7.3832526,True
2017-09-11 22:55:00,-21.7,89,-12,-17.88,-19.757204,-33.75859,-9.774509,True,-9.96,-17.673023,-31.723007,-8.026895,True
2017-09-11 23:00:00,-20.65,89,-12,-16.18,-18.530489,-32.61013,-8.6601305,True,-12.16,-16.26656,-30.414577,-6.755302,True
2017-09-11 23:05:00,-20.9,89,-13,-16.1,-18.652374,-32.77064,-8.862628,True,-14.43,-16.252913,-30.43896,-6.8375525,True
2017-09-11 23:10:00,-21.44,89,-15,-15.27,-19.04184,-33.175297,-9.3643875,True,-15.92,-16.481062,-30.674738,-7.198281,True
2017-09-11 23:15:00,-21.52,89,-15,-14.54,-19.036476,-33.180477,-9.396825,True,-15.58,-16.388151,-30.591078,-7.1578565,True
2017-09-11 23:20:00,-21.88,89,-16,-13.64,-19.307987,-33.451855,-9.746449,True,-15.56,-16.567446,-30.762068,-7.4289193,True
2017-09-11 23:25:00,-21.44,89,-15,-12.02,-18.770521,-32.933907,-9.298049,True,-13.79,-15.932142,-30.150047,-6.9023175,True
2017-09-11 23:30:00,-22.0,89,-15,-9.24,-19.413363,-33.48609,-9.946134,False,-14.15,-16.665903,-30.773386,-7.64243,True
2017-09-11 23:35:00,-21.51,89,-16,-8.939999,-18.929825,-32.931503,-9.542962,False,-17.74,-16.19754,-30.234211,-7.263066,True
2017-09-11 23:40:00,-20.99,89,-15,-8.13,-18.40719,-32.32238,-9.133963,False,-17.57,-15.681074,-29.631462,-6.8682837,True
2017-09-11 23:45:00,-20.95,89,-15,-9.58,-18.395954,-32.20538,-9.218629,True,-15.78,-15.706648,-29.539762,-6.9987836,True
2017-09-11 23:50:00,-19.77,89,-15,-9.75,-17.143389,-30.902851,-8.107582,True,-16.3,-14.391398,-28.18994,-5.833752,True
2017-09-11 23:55:00,-17.88,89,-13,-9.96,-15.096539,-28.925894,-6.2108436,True,-16.68,-12.195773,-26.099352,-3.8120482,True
2017-09-12 00:00:00,-16.18,89,-11,-12.16,-13.228697,-27.100405,-4.5406194,True,-17.45,-10.168798,-24.153028,-2.001465,True
2017-09-12 00:05:00,-16.1,89,-11,-14.43,-13.109419,-26.91571,-4.557771,True,-17.75,-10.014564,-23.929731,-1.9910835,True
2017-09-12 00:10:00,-15.27,89,-10,-15.92,-12.181124,-25.980442,-3.7797492,True,-19.63,-8.996452,-22.920944,-1.1363872,True
2017-09-12 00:15:00,-14.54,89,-9,-15.58,-11.3945875,-25.226027,-3.072529,True,-19.87,-8.161686,-22.134449,-0.3927177,True
2017-09-12 00:20:00,-13.64,89,-8,-15.56,-10.416517,-24.310646,-2.183842,True,-20.1,-7.114404,-21.173552,0.5513589,True
2017-09-12 00:25:00,-12.02,89,-6,-13.79,-8.652344,-22.623325,-0.5972617,True,-20.25,-5.2228303,-19.404148,2.247894,False
2017-09-12 00:30:00,-9.24,89,-2,-14.15,-5.6018395,-19.769436,2.182615,True,-21.02,-1.9334091,-16.40554,5.2416034,False
2017-09-12 00:35:00,-8.939999,89,0,-17.74,-5.278585,-19.350433,2.356857,True,-22.03,-1.5962623,-15.971078,5.426328,False
2017-09-12 00:40:00,-8.13,89,0,-17.57,-4.3464313,-18.33187,3.0512216,True,-22.86,-0.56106216,-14.867119,6.212957,False
2017-09-12 00:45:00,-9.58,89,0,-15.78,-5.9015365,-19.638683,1.4254147,True,-22.57,-2.2082865,-16.20519,4.506473,False
2017-09-12 00:50:00,-9.75,89,-2,-16.3,-6.183968,-19.843473,1.1864659,True,-21.83,-2.6077292,-16.500828,4.146238,False
2017-09-12 00:55:00,-9.96,89,-2,-16.68,-6.4195275,-19.95675,0.8559739,True,-21.33,-2.8718607,-16.62866,3.7909906,False
2017-09-12 01:00:00,-12.16,89,-3,-17.45,-8.8164,-22.062477,-1.522818,True,-20.27,-5.450524,-18.835314,1.2423416,False
2017-09-12 01:05:00,-14.43,89,-5,-17.75,-11.25039,-24.28859,-3.9487927,True,-20.99,-8.036942,-21.144411,-1.3330005,True
2017-09-12 01:10:00,-15.92,89,-7,-19.63,-12.87882,-25.779556,-5.5757365,True,-20.52,-9.799794,-22.730103,-3.0859702,True
2017-09-12 01:15:00,-15.58,89,-8,-19.87,-12.515042,-25.377768,-5.353069,True,-19.98,-9.4186325,-22.316105,-2.8501322,True
2017-09-12 01:20:00,-15.56,89,-8,-20.1,-12.496739,-25.326757,-5.4332433,True,-19.35,-9.406197,-22.26551,-2.944361,True
2017-09-12 01:25:00,-13.79,89,-5,-20.25,-10.577277,-23.463522,-3.7325947,True,-19.09,-7.3522286,-20.311827,-1.1155895,True
2017-09-12 01:30:00,-14.15,89,-4,-21.02,-10.928668,-23.73105,-4.181479,True,-18.54,-7.6951118,-20.559767,-1.5577682,True
2017-09-12 01:35:00,-17.74,89,-5,-22.03,-14.655231,-27.232033,-7.9006457,True,-17.87,-11.5376425,-24.09685,-5.391893,True
2017-09-12 01:40:00,-17.57,89,-7,-22.86,-14.5056505,-27.030252,-7.77311,True,-17.8,-11.413247,-23.92054,-5.2868514,True
2017-09-12 01:45:00,-15.78,89,-6,-22.57,-12.531677,-25.1705,-5.9665046,True,-18.11,-9.268677,-21.93208,-3.3213866,True
2017-09-12 01:50:00,-16.3,89,-5,-21.83,-13.334156,-25.898497,-6.4797683,True,-18.55,-10.357332,-22.915747,-4.108296,True
2017-09-12 01:55:00,-16.68,89,-5,-21.33,-13.709575,-26.186897,-6.9334836,True,-18.59,-10.729938,-23.18827,-4.5650697,True
2017-09-12 02:00:00,-17.45,89,-5,-20.27,-14.569833,-26.940313,-7.792354,True,-17.55,-11.68117,-24.009563,-5.511416,True
2017-09-12 02:05:00,-17.75,89,-6,-20.99,-14.836817,-27.191029,-8.202642,True,-15.31,-11.916674,-24.227104,-5.8885455,True
2017-09-12 02:10:00,-19.63,89,-7,-20.52,-16.849966,-29.115383,-10.17057,True,-16.24,-14.057542,-26.24204,-7.9806123,True
2017-09-12 02:15:00,-19.87,89,-8,-19.98,-17.16192,-29.310577,-10.533954,True,-16.14,-14.444373,-26.49777,-8.420303,True
2017-09-12 02:20:00,-20.1,89,-7,-19.35,-17.508066,-29.451344,-10.890694,True,-16.27,-14.91146,-26.748299,-8.885764,True
2017-09-12 02:25:00,-20.25,89,-7,-19.09,-17.716635,-29.570353,-11.097751,True,-16.54,-15.179958,-26.92128,-9.150906,True
2017-09-12 02:30:00,-21.02,89,-7,-18.54,-18.499592,-30.231543,-11.943088,True,-16.14,-15.974097,-27.582626,-10.00718,True
2017-09-12 02:35:00,-22.03,89,-7,-17.87,-19.453142,-31.09815,-13.06086,True,-15.85,-16.86799,-28.380703,-11.069149,True
2017-09-12 02:40:00,-22.86,89,-8,-17.8,-20.289707,-31.797462,-14.012697,True,-14.99,-17.710905,-29.075647,-12.026678,True
2017-09-12 02:45:00,-22.57,89,-8,-18.11,-20.01631,-31.401714,-13.897679,True,-13.74,-17.458935,-28.703806,-11.93017,True
2017-09-12 02:50:00,-21.83,89,-7,-18.55,-19.330181,-30.615181,-13.303364,True,-13.23,-16.832302,-27.98121,-11.390465,True
2017-09-12 02:55:00,-21.33,89,-6,-18.59,-18.75808,-30.049974,-12.914328,True,-12.66,-16.189426,-27.35449,-10.933796,True
2017-09-12 03:00:00,-20.27,89,-5,-17.55,-17.611769,-28.96218,-11.941561,True,-12.26,-14.957537,-26.198187,-9.880106,True
2017-09-12 03:05:00,-20.99,89,-5,-15.31,-18.296938,-29.461538,-12.807202,True,-11.71,-15.60765,-26.655268,-10.709423,True
2017-09-12 03:10:00,-20.52,89,-5,-16.24,-17.673023,-28.77577,-12.394349,True,-11.53,-14.834177,-25.830206,-10.149031,True
2017-09-12 03:15:00,-19.98,89,-4,-16.14,-17.060009,-28.266207,-11.801391,True,-11.58,-14.146526,-25.255249,-9.486931,True
2017-09-12 03:20:00,-19.35,89,-3,-16.27,-16.424677,-27.642466,-11.175365,True,-12.32,-13.506558,-24.634977,-8.856949,True
2017-09-12 03:25:00,-19.09,89,-3,-16.54,-16.142164,-27.299734,-11.027082,True,-12.17,-13.203356,-24.277607,-8.687092,True
2017-09-12 03:30:00,-18.54,89,-3,-16.14,-15.690222,-26.670929,-10.636724,True,-12.05,-12.856166,-23.752794,-8.390784,True
2017-09-12 03:35:00,-17.87,89,-3,-15.85,-15.061637,-25.997631,-10.045602,True,-12.8,-12.2726,-23.128977,-7.839928,True
2017-09-12 03:40:00,-17.8,89,-2,-14.99,-14.992264,-25.911625,-10.064161,True,-12.52,-12.204857,-23.04604,-7.858233,True
2017-09-12 03:45:00,-18.11,89,-2,-13.74,-15.30802,-26.248722,-10.429868,True,-13.75,-12.524008,-23.383287,-8.227352,True
2017-09-12 03:50:00,-18.55,89,-2,-13.23,-15.768837,-26.737688,-10.887649,True,-14.7,-13.000394,-23.883266,-8.702361,True
2017-09-12 03:55:00,-18.59,89,-3,-12.66,-15.8391905,-26.70535,-11.056815,True,-14.82,-13.099804,-23.878912,-8.896697,True
2017-09-12 04:00:00,-17.55,89,-2,-12.26,-14.622103,-25.500492,-10.118805,True,-14.6,-11.711228,-22.52647,-7.7889447,True
2017-09-12 04:05:00,-15.31,89,1,-11.71,-12.354885,-23.343704,-7.9374547,True,-14.46,-9.42609,-20.383074,-5.5858493,True
2017-09-12 04:10:00,-16.24,89,1,-11.53,-13.557361,-24.30409,-9.006091,True,-14.3,-10.892568,-21.571917,-6.9096045,True
2017-09-12 04:15:00,-16.14,89,0,-11.58,-13.571649,-24.177246,-9.094502,True,-13.89,-11.018905,-21.554344,-7.0972056,True
2017-09-12 04:20:00,-16.27,89,0,-12.32,-13.798769,-24.317314,-9.356843,True,-12.79,-11.340246,-21.781218,-7.4471526,True
2017-09-12 04:25:00,-16.54,89,0,-12.17,-14.199608,-24.603428,-9.765939,True,-12.3,-11.867891,-22.180096,-7.979154,True
2017-09-12 04:30:00,-16.14,89,0,-12.05,-14.066567,-24.213398,-9.627272,True,-11.7,-12.002032,-22.04156,-8.088848,True
2017-09-12 04:35:00,-15.85,89,0,-12.8,-13.931642,-23.89327,-9.522666,True,-11.14,-12.021357,-21.869938,-8.121196,True
2017-09-12 04:40:00,-14.99,89,1,-12.52,-13.055397,-23.001171,-8.727302,True,-10.12,-11.1301775,-20.971357,-7.3060813,True
2017-09-12 04:45:00,-13.74,89,2,-13.75,-11.642616,-21.686333,-7.45186,True,-9.47,-9.55832,-19.519089,-5.8769746,True
2017-09-12 04:50:00,-13.23,89,2,-14.7,-11.175325,-21.243204,-6.947246,True,-9.91,-9.133146,-19.117973,-5.408899,True
2017-09-12 04:55:00,-12.66,89,3,-14.82,-10.566214,-20.70917,-6.356296,True,-10.02,-8.486299,-18.55733,-4.7733245,True
2017-09-12 05:00:00,-12.26,89,3,-14.6,-10.005137,-20.380053,-5.773398,True,-8.83,-7.766046,-18.087543,-4.0406976,True
2017-09-12 05:05:00,-11.71,89,3,-14.46,-9.535191,-20.01344,-5.19599,True,-7.27,-7.373303,-17.79581,-3.5352633,True
2017-09-12 05:10:00,-11.53,89,3,-14.3,-9.181592,-19.706703,-4.992208,True,-6.85,-6.8467546,-17.344616,-3.1599371,True
2017-09-12 05:15:00,-11.58,89,3,-13.89,-9.2977295,-19.76925,-5.0921187,True,-6.6,-7.0234723,-17.46318,-3.31436,True
2017-09-12 05:20:00,-12.32,89,3,-12.79,-9.990296,-20.327663,-5.8994412,True,-7.1599994,-7.6617665,-17.966488,-4.070147,True
2017-09-12 05:25:00,-12.17,89,2,-12.3,-9.750489,-20.000252,-5.842399,True,-7.219999,-7.3319592,-17.565853,-3.9171107,True
2017-09-12 05:30:00,-12.05,89,3,-11.7,-9.530485,-19.704477,-5.7764583,True,-7.7000003,-7.0126987,-17.183987,-3.7495968,True
2017-09-12 05:35:00,-12.8,89,2,-11.14,-10.455205,-20.440166,-6.660997,True,-9.54,-8.1024,-18.063883,-4.7884374,True
2017-09-12 05:40:00,-12.52,89,3,-10.12,-5.1232944,-19.84081,-0.02498086,True,-10.11,1.9796921,-13.399739,6.15756,True
2017-09-12 05:45:00,-13.75,89,1,-9.47,-4.6703086,-21.924397,2.1854284,True,-11.41,3.9982183,-14.296488,9.56893,True
2017-09-12 05:50:00,-14.7,89,-1,-9.91,-10.265537,-22.849527,-4.7511687,True,-11.5,-5.847365,-18.657299,-1.0106338,True
2017-09-12 05:55:00,-14.82,89,-2,-10.02,-11.574311,-22.465916,-7.064941,True,-10.34,-8.314382,-19.270401,-4.347385,True
2017-09-12 06:00:00,-14.6,89,-1,-8.83,-9.381921,-21.652567,-4.9058146,True,-9.91,-4.236254,-16.80152,-0.44051775,True
2017-09-12 06:05:00,-14.46,89,-2,-7.27,-4.171314,-21.85891,2.5166528,True,-9.16,5.5788474,-13.3754,10.832186,True
2017-09-12 06:10:00,-14.3,89,-2,-6.85,-0.7719005,-23.103497,7.8392215,True,-8.46,11.599932,-12.943898,17.976376,True
2017-09-12 06:15:00,-13.89,89,-1,-6.6,1.3794132,-24.2257,11.090048,True,-8.62,14.97942,-13.4525385,21.922363,True
2017-09-12 06:20:00,-12.79,89,1,-7.1599994,3.185064,-24.523117,13.350979,True,-8.58,17.120308,-13.790147,24.29039,True
2017-09-12 06:25:00,-12.3,89,2,-7.219999,4.0875945,-25.23092,14.570541,True,-9.47,18.209251,-14.516102,25.527985,True
2017-09-12 06:30:00,-11.7,89,2,-7.7000003,-1.4708141,-22.634016,6.3282866,True,-9.73,8.207506,-14.798311,14.31369,True
2017-09-12 06:35:00,-11.14,89,3,-9.54,-7.418548,-20.00682,-2.5729544,True,-11.21,-3.6807177,-16.558395,0.58426636,True
2017-09-12 06:40:00,-10.12,89,5,-10.11,-5.222201,-18.548897,-1.056187,True,-10.600001,-0.40077624,-14.22909,3.1140592,True
2017-09-12 06:45:00,-9.47,89,5,-11.41,-3.7555401,-19.161598,1.4965321,True,-7.0900006,1.8004414,-14.3533125,6.2679687,True
2017-09-12 06:50:00,-9.91,89,6,-11.5,-4.6581225,-21.238235,1.7080628,True,-4.5000014,0.47958723,-16.817444,6.0537753,True
2017-09-12 06:55:00,-10.02,89,5,-10.34,-5.376264,-22.984432,1.9304787,True,-2.8400004,-0.7976611,-19.046654,5.752189,True
2017-09-12 07:00:00,-8.83,89,6,-9.91,-5.0561357,-23.079657,2.6588914,True,-1.6000007,-1.2986091,-19.814009,5.7617183,True
2017-09-12 07:05:00,-7.27,89,9,-9.16,-4.378552,-21.538736,3.0781648,True,-1.9699997,-1.4624351,-18.926628,5.4655395,True
2017-09-12 07:10:00,-6.85,89,10,-8.46,-4.8817277,-20.242563,2.1341627,True,-3.49,-2.845484,-18.292103,3.7650373,True
2017-09-12 07:15:00,-6.6,89,10,-8.62,-5.6827445,-18.92777,0.77975434,True,-5.97,-4.6559386,-17.76376,1.5167767,True
2017-09-12 07:20:00,-7.1599994,89,10,-8.58,-7.75707,-18.276562,-1.8248352,True,-7.8700004,-8.189527,-18.30353,-2.431166,True
2017-09-12 07:25:00,-7.219999,89,10,-9.47,-8.765609,-17.921648,-2.9341528,True,-9.75,-10.111121,-18.70913,-4.401013,True
2017-09-12 07:30:00,-7.7000003,89,9,-9.73,-10.308225,-18.711937,-4.120005,True,-10.91,-12.640114,-20.315468,-6.517037,True
2017-09-12 07:35:00,-9.54,89,9,-11.21,-12.527593,-21.978802,-4.5953374,True,-11.78,-15.121043,-23.718311,-7.194962,True
2017-09-12 07:40:00,-10.11,89,6,-10.600001,-12.820749,-22.135256,-4.795486,True,-12.86,-15.144256,-23.687317,-7.139507,True
2017-09-12 07:45:00,-11.41,89,3,-7.0900006,-13.309773,-22.884155,-5.2005334,True,-12.66,-14.87469,-23.866148,-6.8308444,True
2017-09-12 07:50:00,-11.5,89,2,-4.5000014,-11.032143,-23.217026,-2.1039565,True,-13.76,-10.412973,-22.418146,-1.694733,True
2017-09-12 07:55:00,-10.34,89,3,-2.8400004,-6.886214,-22.114916,2.5523317,True,-13.5,-3.4954073,-19.158657,5.4358134,True
2017-09-12 08:00:00,-9.91,89,3,-1.6000007,-3.3783152,-20.72282,6.02371,True,-13.98,2.8166616,-15.656342,11.311495,True
2017-09-12 08:05:00,-9.16,89,4,-1.9699997,-0.46618304,-19.377419,8.700802,True,-14.25,7.5878596,-12.978545,15.527321,False
2017-09-12 08:10:00,-8.46,89,5,-3.49,-1.5141491,-17.48463,5.792583,True,-14.53,5.0607295,-12.067244,11.488293,False
2017-09-12 08:15:00,-8.62,89,6,-5.97,-1.0296177,-18.122446,6.698833,True,-15.02,6.1109843,-12.345876,12.8321495,False
2017-09-12 08:20:00,-8.58,89,6,-7.8700004,-2.3906825,-18.73525,5.383722,True,-15.84,3.5391614,-13.899571,10.474815,False
2017-09-12 08:25:00,-9.47,89,6,-9.75,-4.583119,-19.049,2.760494,True,-16.27,0.18998878,-15.051267,6.8907714,False
2017-09-12 08:30:00,-9.73,89,5,-10.91,-6.16921,-18.940634,0.8135659,True,-16.78,-2.6266139,-15.893521,3.8914163,False
2017-09-12 08:35:00,-11.21,89,6,-11.78,-8.598862,-20.03413,-1.65951,True,-16.99,-5.9504066,-17.68653,0.6331708,True
2017-09-12 08:40:00,-10.600001,89,5,-12.86,-8.644248,-19.758438,-1.5395912,True,-17.19,-6.6181684,-17.933329,0.19658057,True
2017-09-12 08:45:00,-7.0900006,89,5,-12.66,-5.500673,-16.905758,1.5097615,True,-18.12,-3.820161,-15.396028,2.944824,False
2017-09-12 08:50:00,-4.5000014,89,4,-13.76,-3.1534636,-14.634211,3.6071756,True,-19.47,-1.7027153,-13.330343,4.8457904,False
2017-09-12 08:55:00,-2.8400004,89,3,-13.5,-1.4951023,-13.138049,5.144922,False,-21.1,-0.051130608,-11.856382,6.386991,False
2017-09-12 09:00:00,-1.6000007,89,3,-13.98,-0.14850648,-11.818567,6.2178664,False,-22.18,1.3851811,-10.484644,7.5535407,False
2017-09-12 09:05:00,-1.9699997,89,3,-14.25,-0.28746065,-11.613601,5.793382,False,-23.41,1.4535843,-10.124013,7.329469,False
2017-09-12 09:10:00,-3.49,89,3,-14.53,-1.5021728,-12.179419,4.156862,False,-23.72,0.51901025,-10.45861,5.963756,False
2017-09-12 09:15:00,-5.97,89,3,-15.02,-3.5166914,-13.717692,1.893272,False,-24.77,-1.065615,-11.619304,4.1074233,False
2017-09-12 09:20:00,-7.8700004,89,1,-15.84,-4.92265,-15.015802,0.37185064,False,-24.86,-2.013985,-12.511016,3.0167577,False
2017-09-12 09:25:00,-9.75,89,0,-16.27,-6.6212764,-16.355387,-1.5404857,True,-26.44,-3.5380862,-13.670643,1.2780663,False
2017-09-12 09:30:00,-10.91,89,-1,-16.78,-7.365474,-17.067205,-2.4746554,True,-26.34,-3.8919013,-14.020607,0.71652955,False
2017-09-12 09:35:00,-11.78,89,-2,-16.99,-7.968428,-17.64349,-3.2042372,True,-26.24,-4.2387547,-14.356184,0.23526351,False
2017-09-12 09:40:00,-12.86,89,-3,-17.19,-8.710151,-18.425611,-4.087128,True,-27.01,-4.6577983,-14.830702,-0.34152064,False
2017-09-12 09:45:00,-12.66,89,-3,-18.12,-8.303554,-18.207203,-3.6267188,True,-27.45,-4.0514474,-14.446036,0.31031385,False
2017-09-12 09:50:00,-13.76,89,-3,-19.47,-9.109836,-19.160645,-4.3256087,False,-27.15,-4.5761523,-15.136052,-0.13240655,False
2017-09-12 09:55:00,-13.5,89,-5,-21.1,-8.549057,-18.849075,-3.6681044,False,-27.47,-3.7309163,-14.59209,0.78728074,False
2017-09-12 10:00:00,-13.98,89,-4,-22.18,-8.94161,-19.289843,-3.943312,False,-27.18,-4.035091,-14.957602,0.589935,False
2017-09-12 10:05:00,-14.25,89,-4,-23.41,-9.222081,-19.534214,-4.10482,False,-26.67,-4.320864,-15.211722,0.42708746,False
2017-09-12 10:10:00,-14.53,89,-4,-23.72,-9.6292305,-19.769794,-4.4329867,False,-27.89,-4.847258,-15.551481,-0.000221567,False
2017-09-12 10:15:00,-15.02,89,-3,-24.77,-10.173861,-20.48033,-4.370465,False,-28.69,-5.4447513,-16.334145,-0.00333436,False
2017-09-12 10:20:00,-15.84,89,-4,-24.86,-11.190257,-21.660023,-4.6250596,False,-29.23,-6.64605,-17.705704,-0.45230135,False
2017-09-12 10:25:00,-16.27,89,-4,-26.44,-11.792387,-22.212137,-4.8060174,False,-29.71,-7.4177947,-18.42496,-0.7935317,False
2017-09-12 10:30:00,-16.78,89,-5,-26.34,-12.557833,-22.945333,-5.029616,False,-29.83,-8.439904,-19.402582,-1.2598442,False
2017-09-12 10:35:00,-16.99,89,-6,-26.24,-13.007863,-23.442873,-4.9449887,False,-29.4,-9.127626,-20.13297,-1.3973964,False
2017-09-12 10:40:00,-17.19,89,-6,-27.01,-13.517262,-23.631426,-5.4092183,False,-29.62,-9.943902,-20.588251,-2.1286948,False
2017-09-12 10:45:00,-18.12,89,-7,-27.45,-14.715688,-24.395535,-6.539025,False,-28.77,-11.420924,-21.58522,-3.4983656,False
2017-09-12 10:50:00,-19.47,89,-8,-27.15,-15.857571,-25.640905,-7.062885,False,-27.84,-12.3947115,-22.69648,-3.8729508,False
2017-09-12 10:55:00,-21.1,89,-9,-27.47,-17.391844,-27.408918,-7.800903,False,-27.49,-13.876304,-24.41072,-4.5744557,False
2017-09-12 11:00:00,-22.18,89,-10,-27.18,-18.622057,-28.530697,-8.747621,True,-26.95,-15.2680235,-25.668045,-5.664644,False
2017-09-12 11:05:00,-23.41,89,-11,-26.67,-19.941463,-29.432943,-10.259398,True,-26.43,-16.69222,-26.641676,-7.25625,True
2017-09-12 11:10:00,-23.72,89,-12,-27.89,-20.313343,-29.43547,-11.1051,True,-25.92,-17.13473,-26.688004,-8.145971,True
2017-09-12 11:15:00,-24.77,89,-12,-28.69,-21.264816,-30.234379,-12.409379,True,-25.71,-18.017485,-27.39141,-9.3729105,True
2017-09-12 11:20:00,-24.86,89,-13,-29.23,-21.138966,-30.354204,-12.213454,True,-25.49,-17.696074,-27.331593,-8.994744,True
2017-09-12 11:25:00,-26.44,89,-14,-29.71,-22.54101,-31.811577,-13.626467,True,-25.34,-18.94279,-28.619595,-10.26182,True
2017-09-12 11:30:00,-26.34,89,-15,-29.83,-22.351166,-31.483255,-14.254711,True,-25.23,-18.662607,-28.17349,-10.785296,True
2017-09-12 11:35:00,-26.24,89,-15,-29.4,-21.863712,-31.186361,-14.161428,True,-25.07,-17.80617,-27.512196,-10.339627,True
2017-09-12 11:40:00,-27.01,89,-17,-29.62,-22.493929,-31.805696,-15.170348,True,-25.03,-18.304018,-27.97701,-11.212875,True
2017-09-12 11:45:00,-27.45,89,-19,-28.77,-22.786123,-32.110744,-16.000555,True,-25.12,-18.452845,-28.109934,-11.89295,True
2017-09-12 11:50:00,-27.15,89,-18,-27.84,-22.595354,-31.82539,-16.220165,True,-25.14,-18.362114,-27.90984,-12.185552,True
2017-09-12 11:55:00,-27.47,89,-18,-27.49,-23.021957,-32.07699,-17.11284,True,-25.37,-18.88278,-28.229307,-13.1467285,True
2017-09-12 12:00:00,-27.18,89,-19,-26.95,-22.880495,-31.986061,-16.659729,True,-25.03,-18.877222,-28.285902,-12.8169775,True
2017-09-12 12:05:00,-26.67,89,-18,-26.43,-22.612986,-31.742817,-15.904774,True,-23.94,-18.82895,-28.291208,-12.266912,True
2017-09-12 12:10:00,-27.89,89,-18,-25.92,-23.926243,-33.038567,-16.88275,True,-22.42,-20.238735,-29.682081,-13.339725,True
2017-09-12 12:15:00,-28.69,89,-19,-25.71,-24.854815,-33.880936,-17.733501,True,-19.65,-21.297178,-30.647087,-14.30639,True
2017-09-12 12:20:00,-29.23,89,-18,-25.49,-25.426104,-34.43239,-18.320156,True,-16.5,-21.904182,-31.230782,-14.9177885,True
2017-09-12 12:25:00,-29.71,89,-19,-25.34,-25.973347,-34.94486,-18.99402,True,-14.43,-22.519957,-31.799158,-15.643697,False
2017-09-12 12:30:00,-29.83,89,-19,-25.23,-26.17378,-35.096966,-19.346712,True,-11.83,-22.799696,-32.01551,-16.056652,False
2017-09-12 12:35:00,-29.4,89,-18,-25.07,-25.617758,-34.69172,-18.823742,True,-9.26,-22.121592,-31.490406,-15.408996,False
2017-09-12 12:40:00,-29.62,89,-18,-25.03,-25.688103,-34.94764,-18.839886,True,-7.9100003,-22.049528,-31.605007,-15.28714,False
2017-09-12 12:45:00,-28.77,89,-17,-25.12,-24.711794,-34.186142,-17.75058,True,-7.3400006,-20.938179,-30.74,-14.063275,False
2017-09-12 12:50:00,-27.84,89,-16,-25.14,-23.69064,-33.391827,-16.480059,True,-7.77,-19.815725,-29.880268,-12.695138,False
2017-09-12 12:55:00,-27.49,89,-16,-25.37,-23.299833,-33.225185,-15.710306,True,-8.3,-19.379608,-29.704737,-11.885625,False
2017-09-12 13:00:00,-26.95,89,-16,-25.03,-22.744354,-32.805126,-15.119155,True,-9.12,-18.801073,-29.285374,-11.261527,False
2017-09-12 13:05:00,-26.43,89,-15,-23.94,-22.365171,-32.337734,-14.830197,True,-9.8,-18.557833,-28.96006,-11.087011,False
2017-09-12 13:10:00,-25.92,89,-15,-22.42,-21.987457,-31.83254,-14.748007,True,-10.47,-18.304447,-28.584284,-11.10024,False
2017-09-12 13:15:00,-25.71,89,-15,-19.65,-21.771461,-31.659063,-14.461009,True,-11.01,-18.086597,-28.427452,-10.801918,True
2017-09-12 13:20:00,-25.49,89,-14,-16.5,-21.493605,-31.556492,-13.777713,True,-11.82,-17.75396,-28.323421,-10.07447,True
2017-09-12 13:25:00,-25.34,89,-14,-14.43,-21.548548,-31.79044,-13.126977,True,-12.04,-18.01183,-28.828636,-9.625154,True
2017-09-12 13:30:00,-25.23,89,-14,-11.83,-22.179495,-32.12994,-13.539692,False,-12.31,-19.359758,-29.898958,-10.6946,True
2017-09-12 13:35:00,-25.07,89,-14,-9.26,-23.26942,-32.827576,-13.966879,False,-12.75,-21.643879,-31.763073,-12.229983,True
2017-09-12 13:40:00,-25.03,89,-14,-7.9100003,-22.851439,-32.33832,-14.080068,False,-12.73,-20.869709,-30.901731,-11.985117,True
2017-09-12 13:45:00,-25.12,89,-14,-7.3400006,-22.054064,-31.838562,-13.898072,False,-12.08,-19.241096,-29.56982,-10.9978075,True
2017-09-12 13:50:00,-25.14,89,-14,-7.77,-22.266273,-32.321995,-13.407507,False,-11.88,-19.640629,-30.306501,-10.693486,True
2017-09-12 13:55:00,-25.37,89,-14,-8.3,-23.281443,-32.991657,-14.012395,False,-11.86,-21.409576,-31.72801,-12.001644,False
2017-09-12 14:00:00,-25.03,89,-14,-9.12,-23.246126,-32.811214,-14.109144,False,-11.92,-21.659159,-31.82185,-12.353706,False
2017-09-12 14:05:00,-23.94,89,-13,-9.8,-22.073431,-31.80771,-13.302586,False,-11.41,-20.394735,-30.738749,-11.442199,False
2017-09-12 14:10:00,-22.42,89,-12,-10.47,-20.58419,-30.38091,-12.263209,False,-10.68,-18.915901,-29.33121,-10.38324,True
2017-09-12 14:15:00,-19.65,89,-11,-11.01,-17.84718,-27.77234,-10.074158,True,-9.79,-16.174221,-26.731426,-8.162113,True
2017-09-12 14:20:00,-16.5,89,-10,-11.82,-14.455483,-24.651428,-7.268085,True,-9.59,-12.504855,-23.385883,-5.0679345,True
2017-09-12 14:25:00,-14.43,89,-10,-12.04,-11.632571,-22.338795,-4.822946,True,-8.91,-8.919819,-20.41163,-1.8834804,True
2017-09-12 14:30:00,-11.83,89,-10,-12.31,-8.759053,-20.236996,-1.7278942,True,-8.22,-5.772988,-18.17235,1.4638897,True
2017-09-12 14:35:00,-9.26,89,-9,-12.75,-6.8626685,-18.87826,0.6825139,True,-8.01,-4.5051093,-17.519611,3.2611673,True
2017-09-12 14:40:00,-7.9100003,89,-8,-12.73,-5.763517,-18.258175,1.9792649,True,-7.6700006,-3.633053,-17.163248,4.35078,True
2017-09-12 14:45:00,-7.3400006,89,-8,-12.08,-5.1811166,-17.98692,2.5638483,True,-7.1,-3.0259192,-16.904415,4.963474,True
2017-09-12 14:50:00,-7.77,89,-7,-11.88,-5.6213746,-18.396423,2.0470483,True,-6.68,-3.4632418,-17.309862,4.4679217,True
2017-09-12 14:55:00,-8.3,89,-6,-11.86,-6.033915,-18.98165,1.7119633,True,-5.8000007,-3.7465794,-17.802362,4.260917,True
2017-09-12 15:00:00,-9.12,89,-6,-11.92,-6.8270392,-19.695034,1.0634438,True,-5.4600005,-4.5073504,-18.473034,3.6641195,True
2017-09-12 15:05:00,-9.8,89,-5,-11.41,-7.3931127,-20.136227,0.5736138,True,-4.65,-4.956041,-18.787207,3.30171,True
2017-09-12 15:10:00,-10.47,89,-5,-10.68,-7.933541,-20.486048,0.058776543,True,-4.0400004,-5.37155,-18.980453,2.9211404,True
2017-09-12 15:15:00,-11.01,89,-4,-9.79,-8.206065,-20.607986,-0.24476655,True,-3.6199992,-5.391957,-18.842451,2.8802125,True
2017-09-12 15:20:00,-11.82,89,-4,-9.59,-9.119517,-21.751373,-0.7762435,True,-3.66,-6.423796,-20.113987,2.233631,True
2017-09-12 15:25:00,-12.04,89,-4,-8.91,-10.123166,-22.696066,-1.5516742,True,-3.0800002,-8.204087,-21.762049,0.7271611,True
2017-09-12 15:30:00,-12.31,89,-3,-8.22,-10.660617,-23.182566,-2.0437129,True,-3.4400008,-9.0057125,-22.485092,-0.011400538,True
2017-09-12 15:35:00,-12.75,89,-3,-8.01,-11.013727,-23.492302,-2.3138144,True,-3.7599995,-9.276151,-22.704855,-0.1933368,True
2017-09-12 15:40:00,-12.73,89,-3,-7.6700006,-10.959602,-23.839067,-2.0145342,True,-4.61,-9.18677,-23.065279,0.12001388,True
2017-09-12 15:45:00,-12.08,89,-2,-7.1,-10.310985,-23.853617,-1.0876659,True,-4.78,-8.532606,-23.137653,1.037193,True
2017-09-12 15:50:00,-11.88,89,-2,-6.68,-10.101761,-23.640873,-0.9544261,True,-5.06,-8.302332,-22.9045,1.2012078,True
2017-09-12 15:55:00,-11.86,89,-2,-5.8000007,-9.951171,-23.381092,-0.9420665,True,-5.5000005,-8.008066,-22.514053,1.359737,True
2017-09-12 16:00:00,-11.92,89,-1,-5.4600005,-9.960509,-23.283941,-1.1272129,True,-5.68,-7.9550653,-22.341526,1.2404305,True
2017-09-12 16:05:00,-11.41,89,-1,-4.65,-9.235432,-22.833685,-0.44034228,True,-5.9900002,-7.0000224,-21.716885,2.1430757,True
2017-09-12 16:10:00,-10.68,89,-1,-4.0400004,-8.4321165,-22.690088,0.4728581,True,-5.9900002,-6.112146,-21.571373,3.1109655,True
2017-09-12 16:15:00,-9.79,89,0,-3.6199992,-7.3233066,-22.408638,1.843433,True,-5.9,-4.774095,-21.171875,4.6722465,True
2017-09-12 16:20:00,-9.59,89,-2,-3.66,-6.852508,-22.011482,2.281162,True,-6.1300006,-4.015405,-20.554945,5.3798747,True
2017-09-12 16:25:00,-8.91,89,-1,-3.0800002,-5.894568,-20.919615,2.8925054,True,-6.5000005,-2.7484705,-19.208242,6.2851005,True
2017-09-12 16:30:00,-8.22,89,-1,-3.4400008,-4.9899745,-20.165915,3.6376436,True,-6.78,-1.6112942,-18.28799,7.24517,True
2017-09-12 16:35:00,-8.01,89,-1,-3.7599995,-4.9444203,-20.18446,3.657375,True,-7.3300004,-1.7345718,-18.427902,7.107076,True
2017-09-12 16:40:00,-7.6700006,89,-1,-4.61,-4.7536235,-19.743773,3.8069608,True,-7.93,-1.6909431,-18.08304,7.1365066,True
2017-09-12 16:45:00,-7.1,89,-1,-4.78,-4.232862,-19.32481,4.367191,True,-8.48,-1.2227272,-17.715473,7.6479754,True
2017-09-12 16:50:00,-6.68,89,-2,-5.06,-3.8145678,-19.266914,4.9172606,True,-9.01,-0.8087333,-17.675726,8.173359,True
2017-09-12 16:55:00,-5.8000007,89,-2,-5.5000005,-2.8921797,-18.74462,5.927398,True,-8.65,0.15491836,-17.159239,9.212311,True
2017-09-12 17:00:00,-5.4600005,89,-2,-5.68,-2.2239592,-18.308794,6.5701785,True,-8.17,1.1576535,-16.477617,10.152372,True
2017-09-12 17:05:00,-4.65,89,-2,-5.9900002,-1.0169891,-17.37826,7.625528,True,-6.5400004,2.7653635,-15.267535,11.567488,True
2017-09-12 17:10:00,-4.0400004,89,-3,-5.9900002,-0.0943702,-16.664845,8.336472,True,-5.3800015,4.012651,-14.325929,12.570381,True
2017-09-12 17:15:00,-3.6199992,89,-4,-5.9,0.76381654,-16.110285,9.054182,True,-5.5500007,5.318313,-13.45819,13.682137,True
2017-09-12 17:20:00,-3.66,89,-4,-6.1300006,0.98306626,-15.888974,9.163719,True,-6.11,5.79684,-13.013456,14.030136,True
2017-09-12 17:25:00,-3.0800002,89,-5,-6.5000005,1.4688469,-15.325686,9.5076885,True,-6.43,6.1929584,-12.493382,14.292545,True
2017-09-12 17:30:00,-3.4400008,89,-5,-6.78,1.325235,-15.55179,9.361547,True,-6.5900006,6.271375,-12.522681,14.33765,True
2017-09-12 17:35:00,-3.7599995,89,-6,-7.3300004,0.71333665,-15.845525,8.709961,True,-6.2100005,5.38541,-12.975586,13.447628,True
2017-09-12 17:40:00,-4.61,89,-6,-7.93,-0.53323394,-16.795252,7.574619,True,-6.47,3.7468545,-14.160911,11.951248,True
2017-09-12 17:45:00,-4.78,89,-6,-8.48,-0.69771606,-17.018353,7.4783034,True,-6.56,3.5930002,-14.360469,11.852554,True
2017-09-12 17:50:00,-5.06,89,-6,-9.01,-1.2219604,-17.40855,7.050592,True,-4.32,2.8200395,-14.921936,11.199596,True
2017-09-12 17:55:00,-5.5000005,89,-6,-8.65,-1.971167,-18.060204,6.4526477,True,-1.6800007,1.7521683,-15.793016,10.30014,True
2017-09-12 18:00:00,-5.68,89,-5,-8.17,-2.6669352,-19.007795,6.153108,True,-4.65,0.5079343,-17.171782,9.481001,True
2017-09-12 18:05:00,-5.9900002,89,-5,-6.5400004,-3.5299265,-20.097126,5.685062,True,3.6499994,-0.9406226,-18.704758,8.460224,True
2017-09-12 18:10:00,-5.9900002,89,-4,-5.3800015,-3.7212946,-20.352797,5.5806518,True,8.6,-1.3302387,-19.105703,8.163895,False
2017-09-12 18:15:00,-5.9,89,-3,-5.5500007,-3.604643,-20.050001,5.6307406,True,10.59,-1.1807197,-18.766504,8.241514,False
2017-09-12 18:20:00,-6.1300006,89,-2,-6.11,-3.770755,-20.021809,5.492698,True,9.130001,-1.2787899,-18.666428,8.159758,False
2017-09-12 18:25:00,-6.5000005,89,-2,-6.43,-3.9387143,-20.242062,5.355081,True,9.67,-1.2322181,-18.723265,8.213131,False
2017-09-12 18:30:00,-6.78,89,-2,-6.5900006,-4.05203,-20.667023,5.400604,True,5.5899997,-1.1797909,-19.032644,8.394201,True
2017-09-12 18:35:00,-7.3300004,89,-2,-6.2100005,-4.6368165,-21.450972,5.0656295,True,3.4099977,-1.8118061,-19.847992,7.9983935,True
2017-09-12 18:40:00,-7.93,89,-3,-6.47,-4.9895835,-22.117666,4.888723,True,6.44,-1.9098762,-20.33382,8.037933,True
2017-09-12 18:45:00,-8.48,89,-3,-6.56,-5.273148,-22.86066,4.7519526,True,11.190002,-1.9237789,-20.89573,8.12569,False
2017-09-12 18:50:00,-9.01,89,-3,-4.32,-5.399503,-23.67865,4.760841,True,6.19,-1.6193069,-21.404173,8.491095,True
2017-09-12 18:55:00,-8.65,89,-2,-1.6800007,-4.5849395,-22.989382,5.467645,True,6.1200004,-0.33101496,-20.36517,9.618078,True
2017-09-12 19:00:00,-8.17,89,-1,-4.65,-3.694258,-22.05022,6.1817393,True,5.059999,0.97400445,-19.10399,10.707106,True
2017-09-12 19:05:00,-6.5400004,89,2,3.6499994,-1.4630455,-20.23584,8.11845,True,5.35,3.7968175,-16.889662,13.158268,True
2017-09-12 19:10:00,-5.3800015,89,2,8.6,-0.29567942,-19.231522,9.006712,True,0.93,4.954107,-15.929585,14.02309,True
2017-09-12 19:15:00,-5.5500007,89,2,10.59,-0.558266,-19.466988,8.726013,False,1.5200001,4.607427,-16.214088,13.652668,True
2017-09-12 19:20:00,-6.11,89,0,9.130001,-1.2383217,-20.028416,8.153118,False,2.640001,3.8088892,-16.824253,12.966446,True
2017-09-12 19:25:00,-6.43,89,-1,9.67,-1.401091,-19.969713,8.025103,False,2.1599996,3.8122709,-16.588327,12.984535,True
2017-09-12 19:30:00,-6.5900006,89,-2,5.5899997,0.8235604,-19.815594,10.578339,True,1.93,8.3952675,-14.80714,17.552761,True
2017-09-12 19:35:00,-6.2100005,89,-1,3.4099977,5.424333,-19.755886,16.034733,True,4.8000007,16.673351,-12.401832,25.986107,True
2017-09-12 19:40:00,-6.47,89,-2,6.44,8.172022,-22.733416,20.340923,True,6.469999,21.57558,-14.236242,31.732098,True
2017-09-12 19:45:00,-6.56,89,-2,11.190002,10.24605,-30.499323,24.933945,True,5.6,24.739254,-21.613997,36.543823,True
2017-09-12 19:50:00,-4.32,89,1,6.19,13.672337,-34.091606,29.405727,True,10.4,27.980534,-25.277117,40.591095,True
2017-09-12 19:55:00,-1.6800007,89,4,6.1200004,16.000347,-35.19474,31.833992,True,12.360001,29.277653,-26.987017,42.195766,True
2017-09-12 20:00:00,-4.65,89,3,5.059999,12.050507,-33.543262,28.065784,True,14.779999,25.749992,-25.16819,38.764553,True
2017-09-12 20:05:00,3.6499994,89,12,5.35,18.660446,-27.274895,33.53675,True,14.09,29.607357,-20.848629,42.520454,True
2017-09-12 20:10:00,8.6,89,20,0.93,23.716797,-24.901201,38.680527,True,13.760002,33.428894,-19.288834,46.932384,True
2017-09-12 20:15:00,10.59,89,19,1.5200001,24.072521,-29.931526,40.074646,True,13.09,32.541214,-25.008705,47.15597,True
2017-09-12 20:20:00,9.130001,89,15,2.640001,20.04684,-43.15836,38.42957,True,12.459999,27.313728,-38.837425,44.162792,True
2017-09-12 20:25:00,9.67,89,16,2.1599996,19.111305,-42.425606,37.238747,True,10.02,25.579777,-38.726562,42.365227,True
2017-09-12 20:30:00,5.5899997,89,16,1.93,16.672028,-42.8066,36.000393,True,10.560001,24.776989,-38.22989,42.344296,True
2017-09-12 20:35:00,3.4099977,89,8,4.8000007,14.323463,-44.395885,34.650112,True,10.93,22.733425,-39.7997,41.174686,True
2017-09-12 20:40:00,6.44,89,11,6.469999,15.1827545,-43.430145,35.136204,True,9.950001,21.846169,-39.974033,40.391666,True
2017-09-12 20:45:00,11.190002,89,19,5.6,21.394127,-37.958317,40.351753,True,10.07,28.373074,-34.142677,46.015575,True
2017-09-12 20:50:00,6.19,89,17,10.4,18.70699,-37.49088,37.84129,True,10.460001,27.853867,-32.44777,45.13204,True
2017-09-12 20:55:00,6.1200004,89,15,12.360001,19.333622,-34.26818,37.414597,True,10.32,28.950989,-28.947676,45.15797,True
2017-09-12 21:00:00,5.059999,89,13,14.779999,19.75597,-32.849667,37.45202,True,9.060001,30.325073,-26.909725,45.9819,True
2017-09-12 21:05:00,5.35,89,14,14.09,21.401043,-30.405441,38.313465,True,8.280001,32.53835,-24.135529,47.428654,True
2017-09-12 21:10:00,0.93,89,11,13.760002,19.630371,-30.112621,36.212006,True,7.320001,32.862667,-22.487497,46.926006,True
2017-09-12 21:15:00,1.5200001,89,6,13.09,21.076035,-26.503647,36.034134,True,6.219999,34.473488,-18.818151,47.138805,True
2017-09-12 21:20:00,2.640001,89,8,12.459999,19.812775,-26.867714,34.02449,True,5.4600005,32.037632,-19.858992,44.09887,True
2017-09-12 21:25:00,2.1599996,89,9,10.02,17.13306,-35.676117,32.866657,True,2.6699998,28.309753,-29.27644,41.692974,True
2017-09-12 21:30:00,1.93,89,6,10.560001,14.333633,-40.18658,30.654667,True,0.16999976,24.046844,-34.72542,38.215206,True
2017-09-12 21:35:00,4.8000007,89,8,10.93,14.637154,-40.429947,30.710438,True,-5.47,22.33551,-36.209934,36.741684,True
2017-09-12 21:40:00,6.469999,89,11,9.950001,15.302456,-40.57179,31.378738,True,-9.84,22.130676,-36.83339,36.727634,True
2017-09-12 21:45:00,5.6,89,9,10.07,11.152067,-47.704723,28.389061,True,-14.71,15.542816,-45.373684,31.75401,True
2017-09-12 21:50:00,10.4,89,15,10.460001,16.074818,-35.6219,31.220478,True,-24.11,20.39339,-33.294365,34.646954,True
2017-09-12 21:55:00,12.360001,89,15,10.32,19.39637,-27.849258,33.678307,True,-32.74,24.594433,-24.981064,37.918762,False
2017-09-12 22:00:00,14.779999,89,18,9.060001,22.504185,-23.474752,36.29725,True,-38.97,27.916718,-20.444864,40.79739,False
2017-09-12 22:05:00,14.09,89,17,8.280001,21.997402,-22.170925,35.58963,True,-43.29,27.607452,-19.024412,40.26667,False
2017-09-12 22:10:00,13.760002,89,15,7.320001,24.350716,-19.617104,37.818993,True,-47.37,31.466484,-15.609353,43.88937,False
2017-09-12 22:15:00,13.09,89,14,6.219999,22.66206,-27.37537,37.265816,True,-51.33,29.241024,-23.628578,42.666706,False
2017-09-12 22:20:00,12.459999,89,13,5.4600005,21.714474,-31.563372,36.713993,True,-52.31,28.119804,-27.836428,41.86374,False
2017-09-12 22:25:00,10.02,89,10,2.6699998,18.909946,-39.489185,35.146965,True,-52.09,25.271973,-35.658176,40.068462,False
2017-09-12 22:30:00,10.560001,89,5,0.16999976,11.77244,-61.437077,31.218838,True,-51.63,12.439888,-60.87485,31.623444,True
2017-09-12 22:35:00,10.93,89,4,-5.47,6.4045463,-71.8521,27.455727,True,-49.89,2.4417531,-73.77119,24.392601,True
2017-09-12 22:40:00,9.950001,89,2,-9.84,0.5874631,-73.17148,22.28833,True,-50.2,-7.4503818,-76.869896,16.101307,True
2017-09-12 22:45:00,10.07,89,-1,-14.71,2.1149232,-63.276474,23.223347,True,-47.48,-4.8857656,-66.31846,17.667099,True
2017-09-12 22:50:00,10.460001,89,0,-24.11,-1.1026138,-66.29558,21.363098,True,-44.92,-11.1076,-70.51796,13.449558,True
2017-09-12 22:55:00,10.32,89,0,-32.74,-6.1921935,-72.37816,18.472103,True,-43.67,-20.078196,-78.004654,7.5380855,True
2017-09-12 23:00:00,9.060001,89,-1,-38.97,-15.078608,-84.655365,13.714775,True,-42.67,-34.19213,-92.18732,-1.1104797,True
2017-09-12 23:05:00,8.280001,89,-3,-43.29,-23.411692,-94.467094,9.271238,True,-41.55,-47.168396,-104.10563,-8.904864,True
2017-09-12 23:10:00,7.320001,89,-2,-47.37,-30.964294,-101.521416,5.3041987,True,-40.23,-58.46034,-113.22361,-15.568154,True
2017-09-12 23:15:00,6.219999,89,-4,-51.33,-38.940422,-107.8277,0.81614655,True,-39.47,-70.0375,-122.0005,-22.678976,True
2017-09-12 23:20:00,5.4600005,89,-7,-52.31,-45.097343,-111.28389,-2.7482817,True,-39.74,-78.95142,-127.61887,-28.386871,True
2017-09-12 23:25:00,2.6699998,89,-12,-52.09,-50.490364,-113.57436,-5.9598975,True,-38.63,-85.57812,-131.58481,-32.415913,True
2017-09-12 23:30:00,0.16999976,89,-16,-51.63,-53.167995,-113.032646,-7.593063,True,-37.72,-88.125275,-131.30824,-34.061813,True
2017-09-12 23:35:00,-5.47,89,-19,-49.89,-53.2252,-108.05948,-8.191407,True,-37.650005,-84.86698,-124.49324,-32.325882,True
2017-09-12 23:40:00,-9.84,89,-25,-50.2,-50.925175,-101.78436,-6.662227,True,-38.29,-78.397,-115.40713,-27.92993,True
2017-09-12 23:45:00,-14.71,89,-30,-47.48,-49.538055,-96.38539,-5.8812127,True,-36.62,-73.06328,-107.95922,-24.243563,True
2017-09-12 23:50:00,-24.11,89,-38,-44.92,-52.28765,-94.5527,-8.398583,True,-36.67,-71.63026,-105.01867,-23.132433,True
2017-09-12 23:55:00,-32.74,89,-48,-43.67,-54.882668,-94.838264,-10.24845,True,-37.13,-70.35454,-103.95121,-21.624645,True
2017-09-13 00:00:00,-38.97,89,-56,-42.67,-54.296528,-92.394226,-9.82724,True,-36.72,-64.84381,-98.72403,-17.551159,True
2017-09-13 00:05:00,-43.29,89,-61,-41.55,-54.45226,-92.86168,-9.65825,True,-36.41,-62.242176,-97.64424,-15.249476,True
2017-09-13 00:10:00,-47.37,89,-64,-40.23,-51.77175,-88.35853,-8.660757,True,-36.53,-54.72849,-89.90507,-10.836895,True
2017-09-13 00:15:00,-51.33,89,-62,-39.47,-50.174366,-84.918304,-9.158406,True,-37.21,-49.24411,-83.66802,-8.4824095,True
2017-09-13 00:20:00,-52.31,89,-58,-39.74,-46.580574,-79.85859,-8.484911,True,-36.86,-42.447742,-76.0334,-5.343908,True
2017-09-13 00:25:00,-52.09,89,-53,-38.63,-42.947453,-75.38586,-7.8353534,True,-36.14,-36.36515,-69.402115,-2.7034628,True
2017-09-13 00:30:00,-51.63,89,-49,-37.72,-40.163822,-72.02353,-7.934361,True,-35.59,-31.848154,-64.33059,-1.3518795,True
2017-09-13 00:35:00,-49.89,89,-45,-37.650005,-36.757114,-68.41045,-6.797652,True,-35.81,-27.163832,-59.500694,0.8973653,True
2017-09-13 00:40:00,-50.2,89,-42,-38.29,-35.586197,-67.342545,-6.975989,True,-35.98,-24.878109,-57.279533,1.6446949,True
2017-09-13 00:45:00,-47.48,89,-39,-36.62,-32.95452,-64.6937,-5.9579997,True,-35.32,-22.178793,-54.64055,2.7646825,True
2017-09-13 00:50:00,-44.92,89,-38,-36.67,-31.806086,-62.502846,-6.668136,True,-35.4,-21.998163,-53.391567,1.3342968,True
2017-09-13 00:55:00,-43.67,89,-37,-37.13,-31.907345,-62.172188,-7.6729226,True,-35.51,-23.067457,-53.95861,-0.45249972,True
2017-09-13 01:00:00,-42.67,89,-36,-36.72,-32.278038,-62.84128,-8.268701,True,-35.69,-24.450783,-55.59712,-1.9059662,True
2017-09-13 01:05:00,-41.55,89,-34,-36.41,-32.12432,-61.00017,-9.626296,True,-35.96,-24.92918,-54.263836,-3.7519362,True
2017-09-13 01:10:00,-40.23,89,-32,-36.53,-31.674997,-60.0348,-9.969645,True,-35.63,-25.060364,-53.830708,-4.581448,True
2017-09-13 01:15:00,-39.47,89,-30,-37.21,-32.624638,-61.284748,-10.49928,True,-36.12,-27.304428,-56.284317,-6.225962,True
2017-09-13 01:20:00,-39.74,89,-29,-36.86,-34.57922,-63.870785,-11.648264,True,-36.05,-30.558811,-60.009487,-8.497605,True
2017-09-13 01:25:00,-38.63,89,-29,-36.14,-35.918167,-65.900085,-12.348824,True,-37.5,-33.774017,-63.60245,-10.775989,True
2017-09-13 01:30:00,-37.72,89,-25,-35.59,-36.193558,-65.3018,-12.507966,True,-36.99,-34.9563,-63.728676,-11.682274,True
2017-09-13 01:35:00,-37.650005,89,-23,-35.81,-36.310833,-63.5789,-12.671119,True,-37.86,-35.21834,-62.116425,-11.958088,True
2017-09-13 01:40:00,-38.29,89,-24,-35.98,-35.900127,-62.019676,-12.203012,True,-39.61,-34.007233,-59.91827,-10.815259,True
2017-09-13 01:45:00,-36.62,89,-25,-35.32,-33.815014,-59.788525,-10.4812565,True,-40.12,-31.605728,-57.4515,-8.818117,True
2017-09-13 01:50:00,-36.67,89,-24,-35.4,-33.53968,-59.39858,-10.39929,True,-41.15,-31.095863,-56.874367,-8.534496,True
2017-09-13 01:55:00,-37.13,89,-24,-35.51,-33.836544,-59.88656,-10.7527485,True,-41.21,-31.286993,-57.276093,-8.794533,True
2017-09-13 02:00:00,-36.72,89,-23,-35.69,-33.84366,-59.981403,-11.184743,True,-42.06,-31.621862,-57.622322,-9.500902,True
2017-09-13 02:05:00,-36.41,89,-21,-35.96,-34.534203,-60.22449,-12.426509,True,-42.38,-33.077274,-58.4619,-11.383806,True
2017-09-13 02:10:00,-36.53,89,-21,-35.63,-35.85605,-60.540524,-14.289195,True,-42.6,-35.293793,-59.478214,-14.001784,True
2017-09-13 02:15:00,-37.21,89,-21,-36.12,-37.945644,-61.052216,-16.818916,True,-41.75,-38.40343,-60.794903,-17.402966,True
2017-09-13 02:20:00,-36.86,89,-22,-36.05,-39.201275,-59.643066,-18.976326,True,-41.07,-40.80057,-60.31811,-20.556808,True
2017-09-13 02:25:00,-36.14,89,-20,-37.5,-39.474873,-57.999573,-19.912922,True,-41.45,-41.775566,-59.258076,-22.12435,True
2017-09-13 02:30:00,-35.59,89,-19,-36.99,-39.362026,-56.723576,-20.108166,True,-41.45,-41.969513,-58.24174,-22.605677,True
2017-09-13 02:35:00,-35.81,89,-18,-37.86,-39.868694,-56.309223,-20.74353,True,-41.59,-42.674393,-58.016346,-23.426048,True
2017-09-13 02:40:00,-35.98,89,-19,-39.61,-40.38819,-56.511494,-21.031563,True,-43.1,-43.43843,-58.417633,-23.9271,True
2017-09-13 02:45:00,-35.32,89,-17,-40.12,-40.373386,-56.760338,-20.622276,True,-45.54,-43.89554,-59.00307,-23.923967,True
2017-09-13 02:50:00,-35.4,89,-17,-41.15,-40.826454,-57.600636,-20.64282,True,-46.83,-44.633938,-60.038776,-24.176718,True
2017-09-13 02:55:00,-35.51,89,-17,-41.21,-41.745537,-59.208862,-20.822765,True,-48.41,-46.15717,-62.064606,-24.848032,True
2017-09-13 03:00:00,-35.69,89,-17,-42.06,-42.74448,-60.492474,-21.033487,True,-48.64,-47.758934,-63.778843,-25.541695,True
2017-09-13 03:05:00,-35.96,89,-17,-42.38,-43.746735,-61.057068,-21.419428,True,-48.22,-49.275658,-64.72245,-26.349037,True
2017-09-13 03:10:00,-35.63,89,-17,-42.6,-44.42404,-61.337543,-21.477192,True,-47.5,-50.65619,-65.50841,-26.991987,True
2017-09-13 03:15:00,-36.12,89,-17,-41.75,-45.49157,-61.779243,-21.884253,True,-46.53,-52.098,-66.25152,-27.699,True
2017-09-13 03:20:00,-36.05,89,-18,-41.07,-46.86436,-62.15241,-22.717321,True,-46.01,-54.42009,-67.389565,-29.329073,True
2017-09-13 03:25:00,-37.5,89,-18,-41.45,-50.70739,-66.29326,-24.465391,True,-44.44,-59.821655,-72.74158,-32.232933,True
2017-09-13 03:30:00,-36.99,89,-18,-41.45,-52.64099,-67.840385,-25.033499,True,-44.21,-63.236137,-75.35978,-33.97725,True
2017-09-13 03:35:00,-37.86,89,-16,-41.59,-54.942528,-69.512726,-26.03587,True,-43.7,-66.26111,-77.63578,-35.52119,True
2017-09-13 03:40:00,-39.61,89,-16,-43.1,-57.418034,-71.95936,-27.002968,True,-44.5,-69.03579,-80.3978,-36.630116,True
2017-09-13 03:45:00,-40.12,89,-19,-45.54,-58.220276,-72.63707,-26.960123,True,-44.29,-69.83287,-81.09829,-36.558685,True
2017-09-13 03:50:00,-41.15,89,-20,-46.83,-58.1552,-72.16025,-26.710608,True,-43.790005,-68.89963,-80.01655,-35.62155,True
2017-09-13 03:55:00,-41.21,89,-22,-48.41,-57.316208,-71.4237,-25.896328,True,-43.06,-67.50471,-78.85839,-34.368835,True
2017-09-13 04:00:00,-42.06,89,-20,-48.64,-57.542,-71.71609,-25.901472,True,-41.75,-67.30722,-78.87478,-34.0065,True
2017-09-13 04:05:00,-42.38,89,-21,-48.22,-57.471996,-71.500244,-25.908142,True,-41.4,-66.91767,-78.44184,-33.764587,True
2017-09-13 04:10:00,-42.6,89,-23,-47.5,-56.86151,-71.08233,-25.52393,True,-41.17,-65.65394,-77.463806,-32.864098,True
2017-09-13 04:15:00,-41.75,89,-23,-46.53,-55.321053,-69.8949,-24.645855,True,-40.93,-63.608414,-75.770874,-31.622091,True
2017-09-13 04:20:00,-41.07,89,-23,-46.01,-54.266296,-69.206856,-23.654255,True,-37.06,-62.302895,-74.82291,-30.4318,True
2017-09-13 04:25:00,-41.45,89,-22,-44.44,-54.52091,-69.15183,-23.716208,True,-35.93,-62.5115,-74.80563,-30.434696,True
2017-09-13 04:30:00,-41.45,89,-22,-44.21,-54.7433,-70.335915,-23.338482,True,-37.43,-62.846863,-76.000015,-30.103384,True
2017-09-13 04:35:00,-41.59,89,-21,-43.7,-54.826824,-71.08907,-22.930096,True,-38.61,-62.883804,-76.6749,-29.620907,True
2017-09-13 04:40:00,-43.1,89,-20,-44.5,-55.986855,-71.09227,-23.902798,True,-39.95,-63.829693,-76.69916,-30.392042,True
2017-09-13 04:45:00,-45.54,89,-22,-44.29,-57.950764,-71.683205,-25.759945,True,-38.01,-65.39957,-77.180214,-31.899712,True
2017-09-13 04:50:00,-46.83,89,-24,-43.790005,-59.183434,-71.665375,-27.116379,True,-38.16,-66.54232,-77.22835,-33.18093,True
2017-09-13 04:55:00,-48.41,89,-24,-43.06,-60.61535,-71.556984,-28.78554,True,-39.52,-67.83755,-77.18112,-34.74366,True
2017-09-13 05:00:00,-48.64,89,-26,-41.75,-60.423065,-69.97049,-28.974834,True,-41.29,-67.13567,-75.21628,-34.577114,True
2017-09-13 05:05:00,-48.22,89,-26,-41.4,-59.134796,-68.33291,-28.157522,True,-41.59,-65.190445,-72.98334,-33.266136,True
2017-09-13 05:10:00,-47.5,89,-26,-41.17,-57.02127,-66.32566,-27.025667,True,-42.97,-62.24925,-70.223434,-31.491362,True
2017-09-13 05:15:00,-46.53,89,-24,-40.93,-55.175518,-66.19514,-25.438665,True,-44.33,-59.983177,-69.63583,-29.539494,True
2017-09-13 05:20:00,-46.01,89,-23,-37.06,-54.401356,-67.209,-24.50752,True,-45.27,-59.123047,-70.49141,-28.507595,True
2017-09-13 05:25:00,-44.44,89,-20,-35.93,-52.23287,-64.280205,-23.682846,True,-45.9,-56.555687,-67.20289,-27.414497,True
2017-09-13 05:30:00,-44.21,89,-19,-37.43,-50.926697,-62.761284,-23.205694,True,-47.4,-54.628376,-65.191734,-26.43711,True
2017-09-13 05:35:00,-43.7,89,-19,-38.61,-49.29066,-61.23994,-22.383413,True,-48.66,-52.346886,-63.13574,-25.087988,True
2017-09-13 05:40:00,-44.5,89,-20,-39.95,-48.2861,-60.759502,-21.994644,True,-50.09,-50.301025,-61.821827,-23.813541,True
2017-09-13 05:45:00,-44.29,89,-23,-38.01,-46.888096,-59.32273,-21.207716,True,-50.1,-48.223976,-59.85358,-22.453405,True
2017-09-13 05:50:00,-43.790005,89,-24,-38.16,-46.520218,-59.393475,-20.687138,True,-49.95,-47.957687,-60.02114,-22.011726,True
2017-09-13 05:55:00,-43.06,89,-26,-39.52,-47.096565,-60.722195,-20.442787,True,-47.67,-49.335575,-61.982464,-22.428581,True
2017-09-13 06:00:00,-41.75,89,-28,-41.29,-47.067505,-61.81476,-19.573015,True,-46.36,-50.107796,-63.65531,-22.215536,True
2017-09-13 06:05:00,-41.4,89,-28,-41.59,-47.669945,-62.612522,-19.48272,True,-44.45,-51.34576,-64.95917,-22.637224,True
2017-09-13 06:10:00,-41.17,89,-28,-42.97,-48.310276,-62.54866,-20.189917,True,-40.96,-52.555847,-65.370926,-23.832045,True
2017-09-13 06:15:00,-40.93,89,-26,-44.33,-48.9011,-62.368393,-20.637918,True,-37.26,-53.695503,-65.65439,-24.738092,True
2017-09-13 06:20:00,-37.06,89,-20,-45.27,-46.721935,-60.492065,-18.62232,True,-35.2,-52.676323,-64.50164,-23.744417,True
2017-09-13 06:25:00,-35.93,89,-18,-45.9,-46.503246,-60.895947,-17.914064,True,-28.79,-53.143982,-65.327095,-23.599016,True
2017-09-13 06:30:00,-37.43,89,-20,-47.4,-48.588257,-63.076237,-18.688805,True,-22.92,-55.579865,-67.80986,-24.58507,False
2017-09-13 06:35:00,-38.61,89,-20,-48.66,-50.270874,-64.52527,-19.32876,True,-19.39,-57.54843,-69.51767,-25.40081,False
2017-09-13 06:40:00,-39.95,89,-24,-50.09,-51.63154,-63.777515,-20.790384,True,-19.48,-58.805443,-68.86779,-26.8187,False
2017-09-13 06:45:00,-38.01,89,-21,-50.1,-50.27858,-62.04086,-19.677368,True,-22.33,-57.771763,-67.26675,-26.093512,False
2017-09-13 06:50:00,-38.16,89,-19,-49.95,-50.23648,-61.67002,-19.600954,True,-23.71,-57.560562,-66.78339,-25.918535,False
2017-09-13 06:55:00,-39.52,89,-18,-47.67,-50.946106,-61.983856,-20.313091,True,-22.36,-57.790825,-66.81565,-26.23804,False
2017-09-13 07:00:00,-41.29,89,-21,-46.36,-51.451054,-62.28012,-20.79991,True,-22.39,-57.483425,-66.58087,-26.019459,False
2017-09-13 07:05:00,-41.59,89,-22,-44.45,-50.974487,-61.719864,-20.63229,True,-22.77,-56.507668,-65.653534,-25.431465,False
2017-09-13 07:10:00,-42.97,89,-25,-40.96,-51.127,-61.57031,-21.299904,True,-23.8,-55.886864,-64.972664,-25.427124,False
2017-09-13 07:15:00,-44.33,89,-26,-37.26,-51.178104,-61.488342,-21.79154,True,-23.56,-55.12235,-64.29607,-25.20822,False
2017-09-13 07:20:00,-45.27,89,-27,-35.2,-50.96066,-61.321106,-21.95258,True,-24.37,-54.1789,-63.56842,-24.740839,False
2017-09-13 07:25:00,-45.9,89,-28,-28.79,-50.486332,-60.721684,-22.156761,True,-26.44,-53.018627,-62.429394,-24.358358,True
2017-09-13 07:30:00,-47.4,89,-28,-22.92,-50.674606,-60.99958,-22.447598,True,-27.18,-52.4098,-62.07807,-23.961636,True
2017-09-13 07:35:00,-48.66,89,-28,-19.39,-50.948334,-60.74964,-23.21365,False,-29.37,-52.074375,-61.34844,-24.215824,True
2017-09-13 07:40:00,-50.09,89,-29,-19.48,-51.092934,-60.611526,-23.77313,False,-29.98,-51.435555,-60.567764,-24.116543,True
2017-09-13 07:45:00,-50.1,89,-30,-22.33,-50.26705,-59.766922,-23.40766,False,-29.85,-50.101166,-59.294933,-23.322226,True
2017-09-13 07:50:00,-49.95,89,-31,-23.71,-49.5838,-59.00389,-23.152767,True,-29.17,-49.093285,-58.26308,-22.790678,True
2017-09-13 07:55:00,-47.67,89,-31,-22.36,-47.444942,-56.804058,-21.760098,True,-29.53,-47.04261,-56.156754,-21.46975,True
2017-09-13 08:00:00,-46.36,89,-30,-22.39,-45.881405,-55.606857,-20.645166,True,-30.03,-45.32334,-54.835308,-20.218874,True
2017-09-13 08:05:00,-44.45,89,-29,-22.77,-44.057697,-54.04827,-19.175335,True,-29.75,-43.552773,-53.34058,-18.79255,True
2017-09-13 08:10:00,-40.96,89,-28,-23.8,-41.182907,-51.742924,-16.809433,True,-29.68,-41.07348,-51.366478,-16.76578,True
2017-09-13 08:15:00,-37.26,89,-28,-23.56,-38.16475,-49.389614,-14.219039,True,-29.08,-38.508327,-49.36846,-14.568856,True
2017-09-13 08:20:00,-35.2,89,-27,-24.37,-36.34984,-47.605865,-12.988,True,-28.8,-36.872437,-47.730923,-13.494901,True
2017-09-13 08:25:00,-28.79,89,-26,-26.44,-31.278328,-43.06412,-9.17951,True,-29.15,-32.741398,-43.842964,-10.5255165,True
2017-09-13 08:30:00,-22.92,89,-25,-27.18,-26.426992,-38.838062,-5.5072837,True,-29.45,-28.66576,-40.100285,-7.550134,True
2017-09-13 08:35:00,-19.39,89,-25,-29.37,-23.559399,-36.444252,-3.2841132,True,-29.58,-26.326704,-38.01518,-5.797444,True
2017-09-13 08:40:00,-19.48,89,-23,-29.98,-23.36483,-36.446693,-2.9493525,True,-29.58,-25.945732,-37.903587,-5.287478,True
2017-09-13 08:45:00,-22.33,89,-19,-29.85,-25.474957,-38.106922,-4.5993247,True,-29.44,-27.509375,-39.264397,-6.4442763,True
2017-09-13 08:50:00,-23.71,89,-20,-29.17,-26.654476,-39.163284,-5.465303,True,-29.18,-28.538343,-40.242886,-7.172582,True
2017-09-13 08:55:00,-22.36,89,-18,-29.53,-25.482328,-38.608273,-4.2524657,True,-27.6,-27.504072,-39.75743,-6.0776563,True
2017-09-13 09:00:00,-22.39,89,-17,-30.03,-25.144018,-38.226322,-4.0804944,True,-27.29,-26.902416,-39.21797,-5.6734395,True
2017-09-13 09:05:00,-22.77,89,-16,-29.75,-25.09314,-37.682713,-4.408337,True,-25.89,-26.56049,-38.523144,-5.744189,True
2017-09-13 09:10:00,-23.8,89,-17,-29.68,-25.8711,-37.698586,-5.89224,True,-25.61,-27.170221,-38.469627,-7.0811553,True
2017-09-13 09:15:00,-23.56,89,-17,-29.08,-25.690151,-37.261463,-6.239739,True,-25.59,-27.047089,-38.097206,-7.479277,True
2017-09-13 09:20:00,-24.37,89,-16,-28.8,-26.247269,-37.55728,-6.985316,True,-25.52,-27.42693,-38.29684,-8.066091,True
2017-09-13 09:25:00,-26.44,89,-15,-29.15,-27.874828,-38.84761,-8.46197,True,-25.46,-28.731365,-39.38782,-9.253908,True
2017-09-13 09:30:00,-27.18,89,-15,-29.45,-28.209778,-39.049175,-8.882698,True,-25.06,-28.780205,-39.40316,-9.4200945,True
2017-09-13 09:35:00,-29.37,89,-15,-29.58,-29.717014,-39.95601,-10.540769,True,-24.8,-29.793926,-39.968754,-10.64575,True
2017-09-13 09:40:00,-29.98,89,-17,-29.58,-29.949493,-40.233704,-10.704751,True,-23.24,-29.7559,-40.053402,-10.573573,True
2017-09-13 09:45:00,-29.85,89,-17,-29.44,-29.881676,-39.979866,-10.92791,True,-23.49,-29.741312,-39.855164,-10.84228,True
2017-09-13 09:50:00,-29.17,89,-15,-29.18,-29.076838,-39.251534,-10.36067,True,-23.07,-28.847448,-39.07052,-10.197444,True
2017-09-13 09:55:00,-29.53,89,-15,-27.6,-29.157822,-39.252464,-10.604228,True,-23.14,-28.724535,-38.925728,-10.262465,True
2017-09-13 10:00:00,-30.03,89,-16,-27.29,-29.50041,-39.641907,-10.87608,True,-22.75,-28.95209,-39.237717,-10.433048,True
2017-09-13 10:05:00,-29.75,89,-16,-25.89,-29.216242,-39.531967,-10.639868,True,-22.62,-28.666367,-39.141644,-10.19351,True
2017-09-13 10:10:00,-29.68,89,-15,-25.61,-29.37484,-39.693123,-10.800828,True,-22.54,-29.006702,-39.460472,-10.510011,True
2017-09-13 10:15:00,-29.08,89,-14,-25.59,-28.89066,-39.22083,-10.498129,True,-22.05,-28.617077,-39.077343,-10.286272,True
2017-09-13 10:20:00,-28.8,89,-14,-25.52,-28.708021,-38.84736,-10.494004,True,-21.38,-28.516382,-38.782272,-10.3515,True
2017-09-13 10:25:00,-29.15,89,-14,-25.46,-29.019974,-38.91873,-10.863482,True,-21.46,-28.80846,-38.852215,-10.70268,True
2017-09-13 10:30:00,-29.45,89,-14,-25.06,-28.879156,-38.891384,-10.765371,True,-20.68,-28.329447,-38.57079,-10.309249,True
2017-09-13 10:35:00,-29.58,89,-14,-24.8,-28.637955,-38.725315,-10.686296,True,-19.69,-27.798542,-38.186768,-9.976084,True
2017-09-13 10:40:00,-29.58,89,-13,-23.24,-28.329203,-38.36504,-10.677296,True,-19.12,-27.2464,-37.637486,-9.753537,True
2017-09-13 10:45:00,-29.44,89,-13,-23.49,-28.04334,-38.02852,-10.672788,True,-19.01,-26.844322,-37.214554,-9.64642,True
2017-09-13 10:50:00,-29.18,89,-12,-23.07,-27.676949,-37.715923,-10.569686,True,-19.02,-26.388863,-36.842144,-9.462564,True
2017-09-13 10:55:00,-27.6,89,-12,-23.14,-26.132452,-36.436832,-9.417373,True,-19.01,-24.86037,-35.594955,-8.321028,True
2017-09-13 11:00:00,-27.29,89,-12,-22.75,-25.845327,-36.067406,-9.513039,True,-19.01,-24.590183,-35.248817,-8.4265175,True
2017-09-13 11:05:00,-25.89,89,-11,-22.62,-24.484848,-34.84797,-8.614295,True,-18.94,-23.251783,-34.064266,-7.5427327,True
2017-09-13 11:10:00,-25.61,89,-10,-22.54,-24.078978,-34.45096,-8.579613,True,-17.73,-22.73653,-33.584984,-7.4091344,True
2017-09-13 11:15:00,-25.59,89,-10,-22.05,-23.8736,-34.413624,-8.69152,True,-17.39,-22.36777,-33.42694,-7.376209,True
2017-09-13 11:20:00,-25.52,89,-10,-21.38,-23.754177,-34.35852,-8.757495,True,-17.26,-22.202631,-33.341366,-7.4000497,True
2017-09-13 11:25:00,-25.46,89,-10,-21.46,-23.754875,-34.216187,-9.017296,True,-16.16,-22.259216,-33.248543,-7.702787,True
2017-09-13 11:30:00,-25.06,89,-10,-20.68,-23.482018,-33.763268,-8.998223,True,-16.41,-22.097427,-32.890076,-7.774141,True
2017-09-13 11:35:00,-24.8,89,-9,-19.69,-23.21308,-33.44312,-8.808078,True,-16.44,-21.821747,-32.569366,-7.5733857,True
2017-09-13 11:40:00,-23.24,89,-7,-19.12,-21.927397,-32.226227,-7.7650065,True,-16.64,-20.768236,-31.559809,-6.726827,True
2017-09-13 11:45:00,-23.49,89,-8,-19.01,-22.259506,-32.433876,-8.093763,True,-16.64,-21.180157,-31.831696,-7.1212773,True
2017-09-13 11:50:00,-23.07,89,-7,-19.02,-21.887835,-32.04257,-8.004443,True,-16.64,-20.85069,-31.480759,-7.0635934,True
2017-09-13 11:55:00,-23.14,89,-7,-19.01,-22.130764,-32.257824,-8.21778,True,-16.62,-21.249752,-31.834219,-7.4088883,True
2017-09-13 12:00:00,-22.75,89,-6,-19.01,-21.822842,-32.197956,-7.721805,True,-16.43,-21.014896,-31.847233,-6.974149,True
2017-09-13 12:05:00,-22.62,89,-7,-18.94,-21.68108,-32.320065,-7.365171,True,-15.86,-20.864725,-31.97984,-6.6068883,True
2017-09-13 12:10:00,-22.54,89,-7,-17.73,-21.42967,-32.282253,-7.0150237,True,-15.54,-20.462603,-31.834295,-6.1224914,True
2017-09-13 12:15:00,-22.05,89,-7,-17.39,-20.897078,-32.0126,-6.3509784,True,-15.51,-19.88938,-31.55127,-5.419806,True
2017-09-13 12:20:00,-21.38,89,-7,-17.26,-20.176142,-31.57498,-5.571523,True,-14.94,-19.11812,-31.097347,-4.592756,True
2017-09-13 12:25:00,-21.46,89,-7,-16.16,-20.033062,-31.708406,-5.2395625,True,-14.2,-18.772943,-31.090168,-4.082992,True
2017-09-13 12:30:00,-20.68,89,-7,-16.41,-18.992031,-30.906878,-4.538094,True,-14.09,-17.483809,-30.110975,-3.1598475,True
2017-09-13 12:35:00,-19.69,89,-7,-16.44,-17.806248,-29.8629,-3.9663603,True,-14.69,-16.102972,-28.931023,-2.4070132,True
2017-09-13 12:40:00,-19.12,89,-7,-16.64,-17.168535,-29.296696,-3.6547587,True,-15.19,-15.393186,-28.317888,-2.0225909,True
2017-09-13 12:45:00,-19.01,89,-7,-16.64,-16.664972,-29.24397,-2.9620707,True,-16.48,-14.522681,-28.015993,-1.0096534,True
2017-09-13 12:50:00,-19.02,89,-8,-16.64,-16.650251,-29.660261,-2.4623568,True,-17.56,-14.492526,-28.456375,-0.49770197,True
2017-09-13 12:55:00,-19.01,89,-8,-16.62,-16.627361,-29.813152,-2.1482546,True,-17.55,-14.462798,-28.623228,-0.1743892,True
2017-09-13 13:00:00,-19.01,89,-8,-16.43,-16.436493,-29.701683,-1.8834728,True,-17.3,-14.098547,-28.387741,0.24430816,True
2017-09-13 13:05:00,-18.94,89,-8,-15.86,-16.282166,-29.438591,-1.8937725,True,-17.59,-13.866715,-28.057703,0.30966154,True
2017-09-13 13:10:00,-17.73,89,-7,-15.54,-15.32182,-28.47777,-1.3950046,True,-17.66,-13.126869,-27.294128,0.6309506,True
2017-09-13 13:15:00,-17.39,89,-6,-15.51,-15.78908,-28.83241,-1.8896374,True,-18.69,-14.353294,-28.248508,-0.51127845,True
2017-09-13 13:20:00,-17.26,89,-6,-14.94,-16.489435,-29.033337,-2.783682,True,-19.29,-15.8345175,-29.043121,-2.0704005,True
2017-09-13 13:25:00,-16.16,89,-5,-14.2,-15.858792,-28.30951,-2.274481,True,-20.6,-15.636943,-28.653622,-1.9331955,True
2017-09-13 13:30:00,-16.41,89,-5,-14.09,-16.39521,-28.395184,-3.016846,True,-21.6,-16.446545,-28.948048,-2.9055312,True
2017-09-13 13:35:00,-16.44,89,-6,-14.69,-16.231203,-28.05113,-3.2155077,True,-22.34,-16.10939,-28.476048,-2.9377158,True
2017-09-13 13:40:00,-16.64,89,-6,-15.19,-16.258581,-27.988636,-3.623068,True,-22.66,-15.978774,-28.297459,-3.1931765,True
2017-09-13 13:45:00,-16.64,89,-6,-16.48,-16.455349,-28.133526,-4.000709,True,-22.76,-16.36153,-28.590807,-3.7267754,True
2017-09-13 13:50:00,-16.64,89,-7,-17.56,-16.768919,-28.348526,-4.425697,True,-22.72,-16.971775,-29.044615,-4.4058557,True
2017-09-13 13:55:00,-16.62,89,-6,-17.55,-16.871544,-28.385464,-4.5807366,True,-23.5,-17.194748,-29.183912,-4.6574273,True
2017-09-13 14:00:00,-16.43,89,-7,-17.3,-16.933863,-28.457417,-4.7534127,True,-23.6,-17.495148,-29.450054,-5.0314546,True
2017-09-13 14:05:00,-15.86,89,-6,-17.59,-16.51061,-28.27374,-4.330549,True,-23.55,-17.211052,-29.391657,-4.719216,True
2017-09-13 14:10:00,-15.54,89,-7,-17.66,-15.895716,-27.884674,-3.810962,True,-23.47,-16.323202,-28.801527,-3.9444792,True
2017-09-13 14:15:00,-15.51,89,-7,-18.69,-15.919547,-27.769444,-4.042215,True,-23.3,-16.400587,-28.735615,-4.211248,True
2017-09-13 14:20:00,-14.94,89,-6,-19.29,-15.401691,-27.490383,-3.576069,True,-23.93,-15.929871,-28.501242,-3.7778733,True
2017-09-13 14:25:00,-14.2,89,-5,-20.6,-14.693893,-27.046148,-2.9729235,True,-24.06,-15.251353,-28.098072,-3.185242,True
2017-09-13 14:30:00,-14.09,89,-4,-21.6,-14.5943985,-27.052113,-2.9401915,True,-23.18,-15.163407,-28.11686,-3.1510718,True
2017-09-13 14:35:00,-14.69,89,-4,-22.34,-14.9824915,-27.273298,-3.49243,True,-22.55,-15.357155,-28.18664,-3.5123026,True
2017-09-13 14:40:00,-15.19,89,-5,-22.66,-15.405469,-27.487617,-4.1136327,True,-23.18,-15.713809,-28.357746,-4.055285,True
2017-09-13 14:45:00,-16.48,89,-5,-22.76,-16.410156,-28.21695,-5.354769,True,-23.56,-16.45739,-28.871164,-5.0461526,True
2017-09-13 14:50:00,-17.56,89,-6,-22.72,-17.274137,-28.815327,-6.540252,True,-23.66,-17.123379,-29.299377,-6.0316625,True
2017-09-13 14:55:00,-17.55,89,-7,-23.5,-17.089548,-28.504492,-6.870068,True,-23.66,-16.766323,-28.833218,-6.185222,True
2017-09-13 15:00:00,-17.3,89,-6,-23.6,-16.667366,-28.083038,-6.840797,True,-23.5,-16.169668,-28.266516,-5.9751935,True
2017-09-13 15:05:00,-17.59,89,-6,-23.55,-16.820145,-28.204983,-7.2531133,True,-23.16,-16.183762,-28.257921,-6.2470984,True
2017-09-13 15:10:00,-17.66,89,-7,-23.47,-16.94029,-28.30722,-7.564548,True,-23.01,-16.349133,-28.39066,-6.58592,True
2017-09-13 15:15:00,-18.69,89,-7,-23.3,-17.961708,-29.249252,-8.61514,True,-22.57,-17.368544,-29.324324,-7.6189256,True
2017-09-13 15:20:00,-19.29,89,-8,-23.93,-18.471048,-29.737406,-9.241816,True,-22.98,-17.788998,-29.72609,-8.1501,True
2017-09-13 15:25:00,-20.6,89,-9,-24.06,-19.674282,-30.940159,-10.406802,True,-23.15,-18.891018,-30.826843,-9.216247,True
2017-09-13 15:30:00,-21.6,89,-10,-23.18,-20.666395,-31.727362,-11.503857,True,-23.36,-19.880852,-31.590855,-10.287864,True
2017-09-13 15:35:00,-22.34,89,-10,-22.55,-21.40754,-32.322987,-12.392535,True,-23.36,-20.624163,-32.165344,-11.163627,True
2017-09-13 15:40:00,-22.66,89,-9,-23.18,-21.556726,-32.497498,-12.754612,True,-21.93,-20.596354,-32.16304,-11.352482,True
2017-09-13 15:45:00,-22.76,89,-10,-23.56,-21.28856,-32.398144,-12.774252,True,-22.62,-19.946358,-31.710093,-11.005291,True
2017-09-13 15:50:00,-22.72,89,-9,-23.66,-21.105917,-32.35436,-12.824728,True,-23.32,-19.602428,-31.504782,-10.89897,True
2017-09-13 15:55:00,-23.5,89,-9,-23.66,-21.69543,-33.16888,-13.354298,True,-23.14,-19.992817,-32.134663,-11.242807,True
2017-09-13 16:00:00,-23.6,89,-9,-23.5,-21.660168,-33.46615,-13.136311,True,-22.1,-19.801075,-32.305435,-10.886444,True
2017-09-13 16:05:00,-23.55,89,-9,-23.16,-21.703241,-33.725063,-12.995396,True,-21.52,-19.925428,-32.655678,-10.819449,True
2017-09-13 16:10:00,-23.47,89,-7,-23.01,-21.856344,-33.873886,-13.126695,True,-21.36,-20.30786,-33.008812,-11.151379,True
2017-09-13 16:15:00,-23.3,89,-7,-22.57,-21.815626,-33.803726,-13.046522,True,-21.32,-20.394562,-33.04162,-11.181725,True
2017-09-13 16:20:00,-23.93,89,-7,-22.98,-22.370007,-34.353058,-13.526703,True,-21.56,-20.875431,-33.50378,-11.584783,True
2017-09-13 16:25:00,-24.06,89,-8,-23.15,-22.49662,-34.541782,-13.623722,True,-22.1,-20.991564,-33.67578,-11.673917,True
2017-09-13 16:30:00,-23.18,89,-5,-23.36,-21.600805,-33.81913,-12.65432,True,-23.13,-20.062538,-32.937542,-10.678628,True
2017-09-13 16:35:00,-22.55,89,-3,-23.36,-21.064165,-33.355213,-12.081893,True,-23.12,-19.611551,-32.558777,-10.183726,True
2017-09-13 16:40:00,-23.18,89,-4,-21.93,-21.815708,-34.173294,-12.544623,True,-22.61,-20.492285,-33.485638,-10.775212,True
2017-09-13 16:45:00,-23.56,89,-4,-22.62,-22.360962,-34.67465,-12.859307,True,-23.91,-21.210577,-34.133305,-11.250196,True
2017-09-13 16:50:00,-23.66,89,-3,-23.32,-22.473412,-34.94829,-12.749455,True,-25.17,-21.332853,-34.41685,-11.159717,True
2017-09-13 16:55:00,-23.66,89,-3,-23.14,-22.479012,-35.134632,-12.576222,True,-25.3,-21.339321,-34.61199,-10.992522,True
2017-09-13 17:00:00,-23.5,89,-3,-22.1,-22.349022,-35.186455,-12.376181,True,-24.8,-21.232613,-34.685944,-10.822731,True
2017-09-13 17:05:00,-23.16,89,-3,-21.52,-22.001667,-34.771,-12.117031,True,-23.73,-20.87147,-34.245712,-10.544812,True
2017-09-13 17:10:00,-23.01,89,-3,-21.36,-22.020113,-34.669537,-12.163676,True,-22.83,-21.058556,-34.277187,-10.751175,True
2017-09-13 17:15:00,-22.57,89,-3,-21.32,-21.853014,-34.558628,-11.828336,True,-22.39,-21.16949,-34.413956,-10.682006,True
2017-09-13 17:20:00,-22.98,89,-3,-21.56,-22.455744,-35.158463,-12.249378,True,-23.33,-21.970995,-35.17639,-11.298227,True
2017-09-13 17:25:00,-23.15,89,-3,-22.1,-22.630371,-35.370434,-12.373079,True,-23.24,-22.148848,-35.384087,-11.42801,True
2017-09-13 17:30:00,-23.36,89,-4,-23.13,-22.966888,-35.75335,-12.599094,True,-22.75,-22.612665,-35.874615,-11.778701,True
2017-09-13 17:35:00,-23.36,89,-4,-23.12,-23.173025,-35.895657,-12.612628,True,-21.88,-23.02693,-36.192867,-11.997073,True
2017-09-13 17:40:00,-21.93,89,-2,-22.61,-21.74161,-34.479374,-11.212552,True,-21.41,-21.586777,-34.768826,-10.592505,True
2017-09-13 17:45:00,-22.62,89,-3,-23.91,-22.429518,-35.20538,-11.779193,True,-21.41,-22.272234,-35.483776,-11.162517,True
2017-09-13 17:50:00,-23.32,89,-4,-25.17,-23.161201,-35.987648,-12.321803,True,-20.77,-23.037062,-36.28716,-11.742502,True
2017-09-13 17:55:00,-23.14,89,-5,-25.3,-22.931627,-36.004818,-11.958235,True,-20.82,-22.75386,-36.25542,-11.343454,True
2017-09-13 18:00:00,-22.1,89,-4,-24.8,-21.900478,-35.017094,-10.986473,True,-20.6,-21.725832,-35.271076,-10.380635,True
2017-09-13 18:05:00,-21.52,89,-3,-23.73,-21.2503,-34.393208,-10.45149,True,-21.48,-20.997246,-34.57658,-9.777647,True
2017-09-13 18:10:00,-21.36,89,-3,-22.83,-21.03537,-34.055107,-10.302913,True,-21.78,-20.722382,-34.175667,-9.575984,True
2017-09-13 18:15:00,-21.32,89,-3,-22.39,-21.033709,-33.98588,-10.340986,True,-21.68,-20.757814,-34.123116,-9.658682,True
2017-09-13 18:20:00,-21.56,89,-3,-23.33,-21.293806,-34.217834,-10.625172,True,-21.75,-21.036737,-34.360405,-9.965886,True
2017-09-13 18:25:00,-22.1,89,-4,-23.24,-21.789864,-34.58571,-11.210208,True,-21.46,-21.48624,-34.673435,-10.50651,True
2017-09-13 18:30:00,-23.13,89,-5,-22.75,-22.680431,-35.347176,-12.217441,True,-21.55,-22.229868,-35.281105,-11.38076,True
2017-09-13 18:35:00,-23.12,89,-6,-21.88,-22.686302,-35.305153,-12.39486,True,-21.61,-22.24672,-35.23559,-11.572308,True
2017-09-13 18:40:00,-22.61,89,-5,-21.41,-22.182434,-34.79921,-11.990075,True,-21.96,-21.742805,-34.724728,-11.174341,True
2017-09-13 18:45:00,-23.91,89,-5,-21.41,-23.655413,-35.98474,-13.452682,True,-22.09,-23.394312,-36.04368,-12.808827,True
2017-09-13 18:50:00,-25.17,89,-6,-20.77,-24.975773,-37.11213,-14.855671,True,-21.93,-24.77506,-37.20336,-14.2706,True
2017-09-13 18:55:00,-25.3,89,-7,-20.82,-24.854914,-37.017086,-14.936133,True,-21.65,-24.386578,-36.85324,-14.10152,True
2017-09-13 19:00:00,-24.8,89,-6,-20.6,-24.277071,-36.493637,-14.463232,True,-21.49,-23.72116,-36.24267,-13.553277,True
2017-09-13 19:05:00,-23.73,89,-5,-21.48,-22.987823,-35.352715,-13.311405,True,-21.29,-22.192375,-34.882748,-12.185316,True
2017-09-13 19:10:00,-22.83,89,-4,-21.78,-21.9333,-34.41824,-12.337023,True,-20.92,-20.966969,-33.794453,-11.060445,True
2017-09-13 19:15:00,-22.39,89,-5,-21.68,-21.299433,-33.91795,-11.766126,True,-20.9,-20.120516,-33.100273,-10.299661,True
2017-09-13 19:20:00,-23.33,89,-6,-21.75,-22.195436,-34.81175,-12.652413,True,-20.35,-20.967903,-33.93009,-11.148348,True
2017-09-13 19:25:00,-23.24,89,-7,-21.46,-22.05629,-34.720493,-12.516384,True,-20.05,-20.771679,-33.777653,-10.973832,True
2017-09-13 19:30:00,-22.75,89,-7,-21.55,-21.548914,-34.281292,-12.024257,True,-20.04,-20.241142,-33.319855,-10.471835,True
2017-09-13 19:35:00,-21.88,89,-7,-21.61,-20.576038,-33.468613,-11.06116,True,-19.92,-19.152597,-32.41179,-9.416238,True
2017-09-13 19:40:00,-21.41,89,-7,-21.96,-20.092745,-33.089157,-10.519515,True,-20.1,-18.649555,-32.01676,-8.871133,True
2017-09-13 19:45:00,-21.41,89,-7,-22.09,-20.04674,-33.062325,-10.457811,True,-20.15,-18.551884,-31.933645,-8.777009,True
2017-09-13 19:50:00,-20.77,89,-6,-21.93,-19.383692,-32.491013,-9.760877,True,-20.0,-17.859314,-31.342354,-8.068273,True
2017-09-13 19:55:00,-20.82,89,-6,-21.65,-19.419746,-32.561363,-9.760424,True,-19.86,-17.876669,-31.390602,-8.063406,True
2017-09-13 20:00:00,-20.6,89,-6,-21.49,-19.256487,-32.38988,-9.546668,True,-19.62,-17.774654,-31.26985,-7.9194245,True
2017-09-13 20:05:00,-21.48,89,-6,-21.29,-20.237976,-33.30647,-10.445572,True,-19.19,-18.867653,-32.263798,-8.937457,True
2017-09-13 20:10:00,-21.78,89,-8,-20.92,-20.601135,-33.681538,-10.726828,True,-19.35,-19.300585,-32.69108,-9.297834,True
2017-09-13 20:15:00,-21.68,89,-8,-20.9,-20.489351,-33.557407,-10.619051,True,-19.15,-19.178556,-32.548264,-9.19316,True
2017-09-13 20:20:00,-21.75,89,-8,-20.35,-20.572147,-33.548813,-10.720373,True,-19.75,-19.27767,-32.53742,-9.3198595,True
2017-09-13 20:25:00,-21.46,89,-8,-20.05,-20.138418,-32.961002,-10.474541,True,-19.82,-18.691122,-31.790802,-8.935754,True
2017-09-13 20:30:00,-21.55,89,-8,-20.04,-20.1322,-32.829266,-10.580069,True,-18.97,-18.583065,-31.543348,-8.955561,True
2017-09-13 20:35:00,-21.61,89,-8,-19.92,-20.235218,-32.81269,-10.700209,True,-17.97,-18.732784,-31.55775,-9.132345,True
2017-09-13 20:40:00,-21.96,89,-9,-20.1,-20.591227,-33.248543,-10.982884,True,-17.9,-19.093176,-31.991772,-9.434503,True
2017-09-13 20:45:00,-22.09,89,-9,-20.15,-20.69512,-33.47066,-11.025138,True,-17.96,-19.169483,-32.191345,-9.469193,True
2017-09-13 20:50:00,-21.93,89,-9,-20.0,-20.441349,-33.272854,-10.780893,True,-17.4,-18.816013,-31.900322,-9.145713,True
2017-09-13 20:55:00,-21.65,89,-9,-19.86,-20.033882,-32.984432,-10.373583,True,-16.79,-18.27192,-31.487503,-8.625511,True
2017-09-13 21:00:00,-21.49,89,-8,-19.62,-19.739561,-32.77206,-10.127379,True,-16.21,-17.834509,-31.141933,-8.261449,True
2017-09-13 21:05:00,-21.29,89,-9,-19.19,-19.37619,-32.523266,-9.80455,True,-16.14,-17.29543,-30.73492,-7.789329,True
2017-09-13 21:10:00,-20.92,89,-9,-19.35,-18.805922,-32.175003,-9.214073,True,-15.94,-16.509626,-30.204538,-7.016252,True
2017-09-13 21:15:00,-20.9,89,-9,-19.15,-18.71735,-32.122437,-9.132715,True,-15.96,-16.34952,-30.085497,-6.883328,True
2017-09-13 21:20:00,-20.35,89,-9,-19.75,-18.151203,-31.611294,-8.567533,True,-16.07,-15.768202,-29.566177,-6.320908,True
2017-09-13 21:25:00,-20.05,89,-9,-19.82,-17.794018,-31.170702,-8.323923,True,-16.05,-15.354094,-29.063545,-6.035683,True
2017-09-13 21:30:00,-20.04,89,-10,-18.97,-17.830462,-31.072866,-8.428222,True,-16.42,-15.441696,-28.993837,-6.19795,True
2017-09-13 21:35:00,-19.92,89,-10,-17.97,-17.615135,-30.920732,-8.253014,True,-16.85,-15.130885,-28.75895,-5.950729,True
2017-09-13 21:40:00,-20.1,89,-10,-17.9,-17.800644,-31.31991,-8.271878,True,-17.5,-15.323741,-29.172113,-5.998142,True
2017-09-13 21:45:00,-20.15,89,-11,-17.96,-17.783743,-31.449566,-8.189827,True,-17.66,-15.240645,-29.24579,-5.8718934,True
2017-09-13 21:50:00,-20.0,89,-11,-17.4,-17.442524,-31.25044,-7.898371,True,-18.61,-14.699098,-28.870415,-5.4083753,True
2017-09-13 21:55:00,-19.86,89,-11,-16.79,-17.090837,-31.129097,-7.561809,True,-19.39,-14.123974,-28.557848,-4.881022,True
2017-09-13 22:00:00,-19.62,89,-10,-16.21,-16.68855,-30.98777,-7.131765,True,-19.33,-13.552031,-28.28058,-4.3153424,True
2017-09-13 22:05:00,-19.19,89,-10,-16.14,-16.227596,-30.402603,-6.7800384,True,-18.85,-13.069668,-27.672464,-3.9532769,True
2017-09-13 22:10:00,-19.35,89,-10,-15.94,-16.290735,-30.332277,-6.9299426,True,-18.81,-13.039547,-27.50285,-4.0229087,True
2017-09-13 22:15:00,-19.15,89,-10,-15.96,-16.089073,-30.342554,-6.6473393,True,-19.31,-12.8417425,-27.52794,-3.7642481,True
2017-09-13 22:20:00,-19.75,89,-10,-16.07,-16.868057,-30.9666,-7.401691,True,-19.7,-13.821313,-28.302849,-4.716866,True
2017-09-13 22:25:00,-19.82,89,-11,-16.05,-16.944597,-30.984467,-7.547301,True,-19.9,-13.9157295,-28.325047,-4.8887343,True
2017-09-13 22:30:00,-18.97,89,-10,-16.42,-16.094063,-30.055494,-6.850594,True,-20.51,-13.079906,-27.411564,-4.2153115,True
2017-09-13 22:35:00,-17.97,89,-9,-16.85,-15.184907,-29.050179,-6.031653,True,-21.07,-12.283877,-26.515049,-3.512314,True
2017-09-13 22:40:00,-17.9,89,-9,-17.5,-15.289606,-28.993635,-6.1706767,True,-21.42,-12.581135,-26.608547,-3.8427165,True
2017-09-13 22:45:00,-17.96,89,-9,-17.66,-15.51636,-29.031301,-6.4393907,True,-21.75,-12.992757,-26.79105,-4.2929378,True
2017-09-13 22:50:00,-17.4,89,-9,-18.61,-14.9168415,-28.310217,-5.9888625,True,-22.01,-12.362619,-26.038704,-3.8217452,True
2017-09-13 22:55:00,-16.79,89,-8,-19.39,-14.288658,-27.704515,-5.42823,True,-22.1,-11.72579,-25.430485,-3.2649214,True
2017-09-13 23:00:00,-16.21,89,-7,-19.33,-13.788859,-27.19114,-4.92666,True,-22.22,-11.319916,-25.000277,-2.8646376,True
2017-09-13 23:05:00,-16.14,89,-7,-18.85,-13.808829,-27.228432,-4.9055285,True,-22.38,-11.439627,-25.120518,-2.948891,True
2017-09-13 23:10:00,-15.94,89,-7,-18.81,-13.675238,-27.021338,-4.8162313,True,-22.34,-11.382261,-24.973028,-2.9399436,True
2017-09-13 23:15:00,-15.96,89,-7,-19.31,-13.730336,-26.968485,-4.9436955,True,-17.95,-11.480184,-24.944511,-3.1185515,True
2017-09-13 23:20:00,-16.07,89,-7,-19.7,-13.7954,-27.000708,-5.1085954,True,-13.52,-11.500682,-24.928192,-3.246506,True
2017-09-13 23:25:00,-16.05,89,-7,-19.9,-13.715463,-26.847473,-5.1411843,True,-12.97,-11.363504,-24.715178,-3.232115,True
2017-09-13 23:30:00,-16.42,89,-6,-20.51,-14.110802,-27.07998,-5.618896,True,-13.52,-11.785417,-24.95119,-3.7394803,True
2017-09-13 23:35:00,-16.85,89,-7,-21.07,-14.576981,-27.341026,-6.202786,True,-13.71,-12.288721,-25.218718,-4.3648915,True
2017-09-13 23:40:00,-17.5,89,-8,-21.42,-15.255968,-27.859028,-6.9809337,True,-13.43,-12.99441,-25.736639,-5.1685767,True
2017-09-13 23:45:00,-17.66,89,-8,-21.75,-15.405364,-28.026232,-7.167402,True,-13.49,-13.135188,-25.8852,-5.358443,True
2017-09-13 23:50:00,-18.61,89,-9,-22.01,-16.35957,-28.985065,-8.142582,True,-14.2,-14.08786,-26.822605,-6.3386188,True
2017-09-13 23:55:00,-19.39,89,-10,-22.1,-17.13167,-29.713903,-8.944084,True,-14.59,-14.846796,-27.518734,-7.132997,True
2017-09-14 00:00:00,-19.33,89,-10,-22.22,-17.013672,-29.61077,-8.90922,True,-14.57,-14.671089,-27.355183,-7.0517964,True
2017-09-14 00:05:00,-18.85,89,-9,-22.38,-16.50055,-29.029524,-8.530486,True,-14.54,-14.1304245,-26.74611,-6.6531854,True
2017-09-14 00:10:00,-18.81,89,-9,-22.34,-16.442057,-28.95578,-8.555249,True,-14.22,-14.057397,-26.65471,-6.671098,True
2017-09-14 00:15:00,-19.31,89,-9,-17.95,-16.90586,-29.31669,-9.157358,True,-14.74,-14.483812,-26.964546,-7.2427983,True
2017-09-14 00:20:00,-19.7,89,-9,-13.52,-17.281128,-29.59641,-9.6426115,True,-14.85,-14.84654,-27.21944,-7.7203975,True
2017-09-14 00:25:00,-19.9,89,-9,-12.97,-17.451761,-29.721943,-9.930514,True,-14.389999,-14.987858,-27.305637,-7.9900937,True
2017-09-14 00:30:00,-20.51,89,-9,-13.52,-18.056927,-30.234777,-10.616061,True,-14.36,-15.587202,-27.795908,-8.67403,True
2017-09-14 00:35:00,-21.07,89,-9,-13.71,-17.58465,-30.575068,-10.256804,True,-14.0,-14.063403,-27.160854,-7.33005,True
2017-09-14 00:40:00,-21.42,89,-10,-13.43,-15.60548,-30.741533,-7.9010663,True,-14.439999,-9.730738,-25.174316,-2.841738,True
2017-09-14 00:45:00,-21.75,89,-10,-13.49,-14.270382,-31.26157,-5.857825,True,-15.47,-6.719066,-24.20947,0.6358468,True
2017-09-14 00:50:00,-22.01,89,-10,-14.2,-13.844367,-31.769714,-5.0636144,True,-17.07,-5.5990033,-24.115917,1.9759079,True
2017-09-14 00:55:00,-22.1,89,-10,-14.59,-12.918209,-32.156967,-3.736359,True,-17.05,-3.656998,-23.644129,4.1054873,True
2017-09-14 01:00:00,-22.22,89,-10,-14.57,-11.928707,-32.557987,-2.3329318,True,-16.87,-1.5818714,-23.153786,6.3465533,True
2017-09-14 01:05:00,-22.38,89,-10,-14.54,-12.008317,-32.57779,-2.3137896,True,-16.67,-1.5908607,-23.088404,6.409044,True
2017-09-14 01:10:00,-22.34,89,-10,-14.22,-12.6433325,-32.60909,-3.0933287,True,-15.88,-2.8928874,-23.715004,5.0797057,True
2017-09-14 01:15:00,-17.95,89,-3,-14.74,-8.623579,-28.409695,0.41159597,True,-16.09,0.5754296,-20.286728,8.141092,True
2017-09-14 01:20:00,-13.52,89,3,-14.85,-5.1107726,-24.612633,3.2328508,True,-15.78,3.022434,-17.658474,10.067638,True
2017-09-14 01:25:00,-12.97,89,3,-14.389999,-6.721255,-24.697235,1.562513,True,-16.08,-0.6818355,-19.466066,6.592956,True
2017-09-14 01:30:00,-13.52,89,4,-14.36,-9.342268,-25.44304,-1.1483139,True,-16.6,-5.3320117,-21.820766,2.0994852,True
2017-09-14 01:35:00,-13.71,89,3,-14.0,-10.799946,-26.074741,-2.6282542,True,-16.45,-8.0431795,-23.470144,-0.51685745,True
2017-09-14 01:40:00,-13.43,89,2,-14.439999,-11.573521,-26.539642,-3.1385615,True,-16.32,-9.856326,-24.79211,-1.9762081,True
2017-09-14 01:45:00,-13.49,89,3,-15.47,-12.6382475,-27.142818,-3.8324358,True,-16.4,-11.906412,-26.189255,-3.5756514,True
2017-09-14 01:50:00,-14.2,89,2,-17.07,-13.903378,-27.90486,-4.982925,True,-16.48,-13.705028,-27.37712,-5.2187953,True
2017-09-14 01:55:00,-14.59,89,1,-17.05,-14.414435,-28.039242,-5.609468,True,-16.44,-14.327288,-27.60647,-5.952848,True
2017-09-14 02:00:00,-14.57,89,1,-16.87,-14.627364,-28.205795,-5.768061,True,-16.16,-14.761747,-27.947906,-6.3176665,True
2017-09-14 02:05:00,-14.54,89,1,-16.67,-14.557494,-28.048185,-5.805138,True,-15.77,-14.650856,-27.758389,-6.3132834,True
2017-09-14 02:10:00,-14.22,89,1,-15.88,-14.065727,-27.679226,-5.4613757,True,-15.95,-13.996701,-27.24832,-5.82289,True
2017-09-14 02:15:00,-14.74,89,1,-16.09,-14.658142,-27.916574,-6.130613,True,-16.01,-14.651648,-27.538303,-6.5507264,True
2017-09-14 02:20:00,-14.85,89,1,-15.78,-14.655512,-27.894394,-6.2330327,True,-15.63,-14.537089,-27.424908,-6.5441422,True
2017-09-14 02:25:00,-14.389999,89,1,-16.08,-13.976783,-27.20191,-5.777637,True,-14.79,-13.6490555,-26.559347,-5.8942437,True
2017-09-14 02:30:00,-14.36,89,1,-16.6,-14.186114,-27.12624,-5.9701686,True,-14.46,-14.087072,-26.664,-6.3010964,True
2017-09-14 02:35:00,-14.0,89,2,-16.45,-13.530444,-26.3059,-5.6175723,True,-13.87,-13.147828,-25.619232,-5.6810784,True
2017-09-14 02:40:00,-14.439999,89,2,-16.32,-13.916721,-26.453737,-6.15826,True,-14.2,-13.477373,-25.720871,-6.1690965,True
2017-09-14 02:45:00,-15.47,89,2,-16.4,-14.927026,-27.333048,-7.207806,True,-14.23,-14.460541,-26.573717,-7.1917377,True
2017-09-14 02:50:00,-17.07,89,1,-16.48,-16.599987,-28.755796,-8.770009,True,-14.4,-16.191086,-28.044357,-8.80049,True
2017-09-14 02:55:00,-17.05,89,0,-16.44,-16.435488,-28.792501,-8.614353,True,-14.88,-15.888795,-27.95426,-8.518346,True
2017-09-14 03:00:00,-16.87,89,0,-16.16,-16.294588,-28.703918,-8.524574,True,-15.35,-15.783485,-27.892494,-8.460854,True
2017-09-14 03:05:00,-16.67,89,0,-15.77,-16.015385,-28.724693,-8.245624,True,-15.59,-15.428507,-27.841824,-8.109633,True
2017-09-14 03:10:00,-15.88,89,1,-15.95,-14.783859,-28.024252,-7.176105,True,-15.75,-13.777941,-26.78409,-6.65046,True
2017-09-14 03:15:00,-16.09,89,1,-16.01,-14.674682,-28.216534,-7.1180415,True,-15.47,-13.360317,-26.711678,-6.3074574,True
2017-09-14 03:20:00,-15.78,89,1,-15.63,-14.412088,-28.139418,-6.8747535,True,-15.33,-13.140803,-26.66893,-6.104133,True
2017-09-14 03:25:00,-16.08,89,1,-14.79,-14.979602,-28.827793,-7.2802835,True,-15.07,-13.960724,-27.559717,-6.740641,True
2017-09-14 03:30:00,-16.6,89,0,-14.46,-15.803837,-29.565796,-7.930207,True,-14.82,-15.072185,-28.528614,-7.6514735,True
2017-09-14 03:35:00,-16.45,89,-1,-13.87,-16.034306,-29.717112,-7.9837737,True,-14.54,-15.664892,-28.972994,-8.033788,True
2017-09-14 03:40:00,-16.32,89,0,-14.2,-16.380348,-29.954458,-8.115547,True,-14.72,-16.46288,-29.57323,-8.575766,True
2017-09-14 03:45:00,-16.4,89,-1,-14.23,-16.933092,-30.401701,-8.39023,True,-14.56,-17.461958,-30.372242,-9.258411,True
2017-09-14 03:50:00,-16.48,89,-1,-14.4,-17.600866,-31.123066,-8.624169,True,-14.69,-18.682554,-31.524055,-9.988942,True
2017-09-14 03:55:00,-16.44,89,-1,-14.88,-18.075815,-31.647104,-8.740216,True,-14.52,-19.63559,-32.414936,-10.526923,True
2017-09-14 04:00:00,-16.16,89,-1,-15.35,-17.848827,-31.984076,-8.12383,True,-13.989999,-19.450071,-32.752075,-9.931937,True
2017-09-14 04:05:00,-15.77,89,-1,-15.59,-17.626814,-32.03229,-7.653277,True,-13.31,-19.377443,-32.887424,-9.587789,True
2017-09-14 04:10:00,-15.95,89,-1,-15.75,-18.283089,-32.639557,-8.051263,True,-12.85,-20.469303,-33.82482,-10.366682,True
2017-09-14 04:15:00,-16.01,89,-2,-15.47,-18.728392,-32.605927,-8.3912115,True,-12.61,-21.249067,-34.054043,-11.00932,True
2017-09-14 04:20:00,-15.63,89,-1,-15.33,-18.52732,-32.608364,-8.04674,True,-13.17,-21.209898,-34.155178,-10.803916,True
2017-09-14 04:25:00,-14.79,89,0,-15.07,-17.914572,-32.207066,-7.28243,True,-14.1,-20.797178,-33.87172,-10.209718,True
2017-09-14 04:30:00,-14.46,89,1,-14.82,-17.49553,-32.139244,-6.709131,True,-14.809999,-20.28767,-33.717724,-9.537568,True
2017-09-14 04:35:00,-13.87,89,3,-14.54,-17.035755,-31.789034,-6.2638535,True,-15.94,-19.94711,-33.436104,-9.195022,True
2017-09-14 04:40:00,-14.2,89,3,-14.72,-17.322842,-32.129288,-6.4436765,True,-16.68,-20.175373,-33.724834,-9.310927,True
2017-09-14 04:45:00,-14.23,89,2,-14.56,-17.205793,-32.05708,-6.341637,True,-17.13,-19.913376,-33.548187,-9.068134,True
2017-09-14 04:50:00,-14.4,89,1,-14.69,-17.223558,-31.757635,-6.457875,True,-17.54,-19.77706,-33.15306,-9.046536,True
2017-09-14 04:55:00,-14.88,89,1,-14.52,-17.53182,-32.02137,-6.781797,True,-17.69,-19.919607,-33.300236,-9.217713,True
2017-09-14 05:00:00,-15.35,89,0,-13.989999,-17.88219,-32.25538,-7.095823,True,-17.4,-20.147587,-33.45375,-9.4163265,True
2017-09-14 05:05:00,-15.59,89,-1,-13.31,-18.044384,-32.187504,-7.2906756,True,-16.71,-20.227125,-33.342144,-9.531275,True
2017-09-14 05:10:00,-15.75,89,-1,-12.85,-18.086803,-32.378616,-7.2464213,True,-16.82,-20.15485,-33.437706,-9.376855,True
2017-09-14 05:15:00,-15.47,89,0,-12.61,-17.940714,-32.250614,-7.067345,True,-16.99,-20.12397,-33.38903,-9.2934475,True
2017-09-14 05:20:00,-15.33,89,1,-13.17,-17.953714,-32.358273,-6.8993077,True,-16.9,-20.267233,-33.58928,-9.228227,True
2017-09-14 05:25:00,-15.07,89,1,-14.1,-17.876339,-32.086002,-6.7772,True,-16.91,-20.343672,-33.4318,-9.239483,True
2017-09-14 05:30:00,-14.82,89,0,-14.809999,-17.678532,-31.900066,-6.6028934,True,-16.71,-20.18908,-33.269306,-9.098964,True
2017-09-14 05:35:00,-14.54,89,0,-15.94,-17.555597,-31.559467,-6.479449,True,-15.82,-20.196108,-33.032043,-9.086519,True
2017-09-14 05:40:00,-14.72,89,0,-16.68,-17.698484,-31.665947,-6.5159707,True,-15.259999,-20.297575,-33.115673,-9.078931,True
2017-09-14 05:45:00,-14.56,89,-1,-17.13,-17.76765,-31.74555,-6.3684564,True,-15.18,-20.561958,-33.335987,-9.095718,True
2017-09-14 05:50:00,-14.69,89,-1,-17.54,-18.279896,-31.82746,-6.660414,True,-15.35,-21.383259,-33.648983,-9.664044,True
2017-09-14 05:55:00,-14.52,89,-1,-17.69,-18.314547,-31.48536,-6.6552167,True,-16.08,-21.57732,-33.43707,-9.800427,True
2017-09-14 06:00:00,-13.989999,89,-1,-17.4,-17.732363,-30.872925,-6.0868735,True,-17.14,-20.940231,-32.780685,-9.179868,True
2017-09-14 06:05:00,-13.31,89,0,-16.71,-16.795275,-30.06381,-5.296307,True,-17.04,-19.776314,-31.796665,-8.180064,True
2017-09-14 06:10:00,-12.85,89,0,-16.82,-16.098667,-29.29267,-4.814223,True,-17.0,-18.860727,-30.865925,-7.499149,True
2017-09-14 06:15:00,-12.61,89,0,-16.99,-15.631195,-28.604418,-4.5608554,True,-17.49,-18.180984,-30.033411,-7.0565667,True
2017-09-14 06:20:00,-13.17,89,0,-16.9,-15.7561455,-28.391819,-4.8593802,True,-17.5,-17.90953,-29.560665,-7.000479,True
2017-09-14 06:25:00,-14.1,89,-1,-16.91,-16.206507,-28.526758,-5.4699616,True,-17.25,-17.92291,-29.395494,-7.2195992,True
2017-09-14 06:30:00,-14.809999,89,-2,-16.71,-16.445036,-28.524036,-5.877605,True,-17.89,-17.736328,-29.096512,-7.2414775,True
2017-09-14 06:35:00,-15.94,89,-2,-15.82,-17.0764,-28.949652,-6.6486373,True,-17.91,-17.9212,-29.19865,-7.6083684,True
2017-09-14 06:40:00,-16.68,89,-3,-15.259999,-17.568478,-29.21795,-7.268357,True,-17.42,-18.190691,-29.30841,-8.025569,True
2017-09-14 06:45:00,-17.13,89,-3,-15.18,-17.798264,-29.256557,-7.612992,True,-17.25,-18.221846,-29.20098,-8.191192,True
2017-09-14 06:50:00,-17.54,89,-4,-15.35,-17.88921,-29.327572,-7.7676845,True,-17.3,-18.029608,-29.058046,-8.084768,True
2017-09-14 06:55:00,-17.69,89,-5,-16.08,-17.847021,-29.240839,-7.8705144,True,-17.1,-17.814014,-28.837364,-8.030411,True
2017-09-14 07:00:00,-17.4,89,-4,-17.14,-17.493372,-28.843042,-7.600802,True,-16.66,-17.401617,-28.399048,-7.70437,True
2017-09-14 07:05:00,-16.71,89,-4,-17.04,-16.738113,-28.126274,-6.9210677,True,-16.49,-16.585604,-27.638292,-6.96586,True
2017-09-14 07:10:00,-16.82,89,-4,-17.0,-16.834293,-28.014383,-7.012797,True,-16.46,-16.666313,-27.524746,-7.0396733,True
2017-09-14 07:15:00,-16.99,89,-5,-17.49,-16.881897,-27.895391,-7.102942,True,-16.3,-16.603468,-27.327858,-7.0275598,True
2017-09-14 07:20:00,-16.9,89,-5,-17.5,-16.813086,-27.743807,-7.015138,True,-15.91,-16.550533,-27.196356,-6.949469,True
2017-09-14 07:25:00,-16.91,89,-5,-17.25,-16.73361,-27.56856,-6.9236617,True,-15.23,-16.389257,-26.96497,-6.7798114,True
2017-09-14 07:30:00,-16.71,89,-5,-17.89,-16.292656,-27.20841,-6.460016,True,-13.89,-15.732672,-26.437101,-6.117312,True
2017-09-14 07:35:00,-15.82,89,-3,-17.91,-15.4342375,-26.390192,-5.5800357,True,-11.83,-14.896699,-25.641228,-5.25353,True
2017-09-14 07:40:00,-15.259999,89,-4,-17.42,-14.943426,-25.80804,-5.1444964,True,-10.33,-14.464544,-25.11552,-4.866822,True
2017-09-14 07:45:00,-15.18,89,-3,-17.25,-14.905237,-25.573494,-5.123469,True,-10.44,-14.461722,-24.92157,-4.8737493,True
2017-09-14 07:50:00,-15.35,89,-3,-17.3,-14.9206705,-25.437504,-5.213737,True,-10.93,-14.341021,-24.688503,-4.8383546,True
2017-09-14 07:55:00,-16.08,89,-3,-17.1,-15.421076,-25.780394,-5.7413793,True,-12.65,-14.642432,-24.884497,-5.181538,True
2017-09-14 08:00:00,-17.14,89,-4,-16.66,-16.095913,-26.364447,-6.3455215,True,-14.12,-14.980093,-25.199526,-5.47912,True
2017-09-14 08:05:00,-17.04,89,-4,-16.49,-15.624547,-25.9634,-5.9814363,True,-14.7,-14.182875,-24.539806,-4.81897,True
2017-09-14 08:10:00,-17.0,89,-3,-16.46,-15.04804,-25.549246,-5.57527,True,-15.6,-13.134613,-23.743515,-3.987116,True
2017-09-14 08:15:00,-17.49,89,-3,-16.3,-14.944648,-25.561182,-5.6142993,True,-15.48,-12.509672,-23.319101,-3.5576594,True
2017-09-14 08:20:00,-17.5,89,-4,-15.91,-14.257479,-25.110384,-5.0888267,True,-15.2,-11.204523,-22.346607,-2.4805415,True
2017-09-14 08:25:00,-17.25,89,-4,-15.23,-13.254188,-24.53242,-4.2122636,True,-14.94,-9.530183,-21.205387,-1.0087303,True
2017-09-14 08:30:00,-17.89,89,-5,-13.89,-13.159893,-24.808023,-3.9645884,True,-15.84,-8.769663,-20.894505,-0.17928155,True
2017-09-14 08:35:00,-17.91,89,-5,-11.83,-12.495848,-24.742,-3.0978453,True,-15.94,-7.472468,-20.308092,1.2277809,True
2017-09-14 08:40:00,-17.42,89,-5,-10.33,-11.306714,-24.250105,-1.6556953,True,-16.25,-5.65064,-19.329832,3.199476,True
2017-09-14 08:45:00,-17.25,89,-5,-10.44,-10.394721,-24.060411,-0.39899477,True,-16.25,-4.080045,-18.64041,4.994804,True
2017-09-14 08:50:00,-17.3,89,-5,-10.93,-10.076498,-24.18567,0.31367078,True,-16.06,-3.4240744,-18.518906,5.9680552,True
2017-09-14 08:55:00,-17.1,89,-5,-12.65,-9.644223,-24.190327,1.1870209,True,-15.52,-2.7881548,-18.416887,6.985664,True
2017-09-14 09:00:00,-16.66,89,-4,-14.12,-9.571526,-23.931421,1.2641312,True,-15.289999,-3.0490057,-18.463129,6.7888827,True
2017-09-14 09:05:00,-16.49,89,-4,-14.7,-9.870572,-23.784582,0.8904092,True,-15.28,-3.760956,-18.671705,6.0805736,True
2017-09-14 09:10:00,-16.46,89,-3,-15.6,-10.466307,-23.786587,0.18939178,True,-14.839999,-4.918267,-19.138447,4.9210734,True
2017-09-14 09:15:00,-16.3,89,-2,-15.48,-11.352875,-23.82411,-0.828131,True,-11.91,-6.7511153,-19.953663,3.1105459,True
2017-09-14 09:20:00,-15.91,89,-2,-15.2,-12.130606,-23.806828,-1.6665481,True,0.20000236,-8.58332,-20.823936,1.3777806,True
2017-09-14 09:25:00,-15.23,89,0,-14.94,-12.261555,-23.44235,-1.7943596,True,-2.3699992,-9.44599,-21.08065,0.6197583,True
2017-09-14 09:30:00,-13.89,89,2,-15.84,-11.618207,-22.571762,-1.1454548,True,-5.2100005,-9.426283,-20.748182,0.72729844,True
2017-09-14 09:35:00,-11.83,89,5,-15.94,-10.175732,-21.1359,0.16425674,True,-5.6,-8.530309,-19.783876,1.5638691,True
2017-09-14 09:40:00,-10.33,89,6,-16.25,-9.254629,-20.192944,1.0175186,True,-5.2000003,-8.119714,-19.263721,1.9730545,True
2017-09-14 09:45:00,-10.44,89,6,-16.25,-9.3648615,-20.145945,0.7483975,True,0.2900006,-8.234359,-19.229435,1.704023,True
2017-09-14 09:50:00,-10.93,89,6,-16.06,-9.554035,-20.299469,0.46341482,True,2.4999998,-8.163804,-19.186523,1.6539971,False
2017-09-14 09:55:00,-12.65,89,5,-15.52,-10.755056,-21.376156,-0.72467834,True,6.4500003,-8.913849,-19.899649,0.8707158,False
2017-09-14 10:00:00,-14.12,89,3,-15.289999,-11.669088,-22.185698,-1.7283443,True,6.319999,-9.341798,-20.302431,0.30415884,False
2017-09-14 10:05:00,-14.7,89,1,-15.28,-11.641828,-22.352707,-1.7957405,True,6.5500007,-8.775076,-20.025158,0.7192895,False
2017-09-14 10:10:00,-15.6,89,1,-14.839999,-11.489861,-22.688705,-1.5901989,True,9.710001,-7.682589,-19.580172,1.7538983,False
2017-09-14 10:15:00,-15.48,89,-1,-11.91,-9.078527,-21.902195,1.0926338,True,9.120001,-3.2374156,-17.168737,6.1812873,False
2017-09-14 10:20:00,-15.2,89,-1,0.20000236,-4.8718,-21.24065,6.4827113,True,5.44,4.30055,-14.081007,14.238461,True
2017-09-14 10:25:00,-14.94,89,-1,-2.3699992,-1.3392357,-22.235193,12.150917,True,3.0799997,10.381493,-13.676326,21.635475,True
2017-09-14 10:30:00,-15.84,89,-2,-5.2100005,0.29627958,-23.481575,15.327827,True,7.969999,13.925209,-13.844972,26.015171,True
2017-09-14 10:35:00,-15.94,89,-3,-5.6,2.1994855,-23.868982,18.098873,True,9.42,17.123363,-13.657001,29.571697,True
2017-09-14 10:40:00,-16.25,89,-3,-5.2000003,2.831394,-24.472952,19.61066,True,10.110001,18.402786,-14.070327,31.443218,True
2017-09-14 10:45:00,-16.25,89,-3,0.2900006,2.8893316,-25.064604,20.44838,True,7.6300025,18.501286,-14.859196,32.242626,True
2017-09-14 10:50:00,-16.06,89,-3,2.4999998,2.6157167,-24.851406,20.20464,True,5.68,17.86718,-14.947946,31.782112,True
2017-09-14 10:55:00,-15.52,89,-2,6.4500003,1.7782112,-24.131004,18.801926,True,5.229999,16.033543,-14.789582,29.77018,True
2017-09-14 11:00:00,-15.289999,89,-2,6.319999,0.27845922,-24.392616,17.15791,True,5.0400004,13.322521,-15.74664,27.264427,True
2017-09-14 11:05:00,-15.28,89,-2,6.5500007,-1.4811214,-23.860195,14.697697,True,9.99,10.338249,-15.805757,24.0256,True
2017-09-14 11:10:00,-14.839999,89,-2,9.710001,-2.3157752,-23.223906,13.214424,True,7.9099994,8.548752,-15.761136,21.928944,True
2017-09-14 11:15:00,-11.91,89,4,9.120001,-1.3542904,-21.734653,13.581722,True,9.360001,7.8515353,-15.669795,21.089043,True
2017-09-14 11:20:00,0.20000236,89,17,5.44,8.42688,-13.881144,21.29425,True,10.17,15.098499,-10.066606,26.919014,True
2017-09-14 11:25:00,-2.3699992,89,17,3.0799997,6.244838,-14.368285,18.805443,True,10.409998,13.35828,-10.069099,24.820427,True
2017-09-14 11:30:00,-5.2100005,89,14,7.969999,3.721275,-15.599809,15.851589,True,10.43,11.241978,-10.757666,22.214779,True
2017-09-14 11:35:00,-5.6,89,11,9.42,2.6002347,-16.9498,15.125275,True,12.630001,9.5925255,-12.482536,21.005028,True
2017-09-14 11:40:00,-5.2000003,89,10,10.110001,2.2568834,-15.811194,13.752571,True,13.240002,8.744755,-11.603617,19.303532,True
2017-09-14 11:45:00,0.2900006,89,13,7.6300025,7.1135783,-10.907094,17.037464,True,9.67,12.865517,-7.3134265,22.081482,True
2017-09-14 11:50:00,2.4999998,89,14,5.68,9.284988,-9.855064,19.251095,True,7.389999,14.919777,-6.5189805,24.214523,True
2017-09-14 11:55:00,6.4500003,89,19,5.229999,13.080067,-7.7268577,23.086872,True,9.09,18.356758,-4.8185086,27.784271,True
2017-09-14 12:00:00,6.319999,89,20,5.0400004,14.015011,-8.683465,24.9496,True,9.190001,19.935043,-5.509193,30.174606,True
2017-09-14 12:05:00,6.5500007,89,20,9.99,14.322437,-10.054262,26.09451,True,10.630001,20.234821,-7.0073037,31.259834,True
2017-09-14 12:10:00,9.710001,89,25,7.9099994,16.26278,-10.2826805,28.7719,True,9.890001,21.156456,-7.988567,33.052677,True
2017-09-14 12:15:00,9.120001,89,25,9.360001,16.209057,-12.550395,30.038906,True,9.039999,21.435684,-10.186968,34.53036,True
2017-09-14 12:20:00,5.44,89,24,10.17,13.400223,-15.959958,28.807472,True,8.950001,19.431717,-13.159298,33.832546,True
2017-09-14 12:25:00,3.0799997,89,19,10.409998,11.858591,-18.29348,28.489014,True,8.300001,18.585186,-15.119432,33.97233,True
2017-09-14 12:30:00,7.969999,89,25,10.43,16.290318,-16.874346,32.771454,True,7.52,22.261124,-14.299381,37.720272,True
2017-09-14 12:35:00,9.42,89,26,12.630001,17.709888,-15.433454,33.69103,True,9.26,23.52578,-12.956893,38.572212,True
2017-09-14 12:40:00,10.110001,89,28,13.240002,18.413025,-15.085012,34.407894,True,9.84,24.137154,-12.682358,39.236443,True
2017-09-14 12:45:00,7.6300025,89,28,9.67,16.36533,-15.442907,32.471874,True,6.68,22.573711,-12.703935,37.65453,True
2017-09-14 12:50:00,5.68,89,24,7.389999,14.580002,-16.83447,31.507038,True,4.9600005,21.049171,-13.918952,36.82334,True
2017-09-14 12:55:00,5.229999,89,23,9.09,13.729027,-17.850597,31.366154,True,2.9600008,19.993893,-15.044479,36.46461,True
2017-09-14 13:00:00,5.0400004,89,21,9.190001,12.990303,-18.808239,31.250587,True,-0.020000773,18.940525,-16.18757,36.054253,True
2017-09-14 13:05:00,9.99,89,23,10.630001,16.071594,-19.34842,35.017323,True,-8.35,20.463314,-17.727972,38.593723,True
2017-09-14 13:10:00,7.9099994,89,20,9.890001,14.29007,-22.922327,34.821903,True,-15.32,18.99921,-21.156443,38.541874,True
2017-09-14 13:15:00,9.360001,89,18,9.039999,15.391293,-21.466541,35.103542,True,-18.81,19.814941,-19.862906,38.64243,True
2017-09-14 13:20:00,10.17,89,18,8.950001,15.66267,-20.066814,34.5513,True,-18.86,19.720913,-18.66271,37.85183,False
2017-09-14 13:25:00,10.409998,89,18,8.300001,15.530567,-20.69955,34.948128,True,-19.27,19.308422,-19.487135,38.023216,True
2017-09-14 13:30:00,10.43,89,19,7.52,15.070808,-21.954721,35.194946,True,-16.65,18.525448,-20.946976,37.99602,True
2017-09-14 13:35:00,12.630001,89,21,9.26,16.338116,-21.258835,36.212715,True,-16.94,19.093288,-20.645443,38.48537,True
2017-09-14 13:40:00,13.240002,89,23,9.84,17.075314,-20.61879,36.669743,True,-17.41,19.898682,-19.985128,39.01945,True
2017-09-14 13:45:00,9.67,89,23,6.68,14.364037,-20.770584,33.934383,True,-17.5,17.950779,-19.7095,36.890556,True
2017-09-14 13:50:00,7.389999,89,18,4.9600005,12.018923,-21.231512,31.836582,True,-16.15,15.683563,-20.115137,34.858727,True
2017-09-14 13:55:00,9.09,89,16,2.9600008,13.649101,-20.814648,33.68799,True,-12.74,17.167557,-19.830265,36.61846,True
2017-09-14 14:00:00,9.190001,89,14,-0.020000773,13.645798,-20.19113,33.68889,True,-9.32,17.089031,-19.261402,36.590374,True
2017-09-14 14:05:00,10.630001,89,16,-8.35,13.9161415,-21.156834,34.23545,True,-7.2100005,16.481537,-20.749714,36.4343,True
2017-09-14 14:10:00,9.890001,89,15,-15.32,9.873146,-23.988123,30.931202,True,-8.78,9.949139,-24.914757,31.07426,True
2017-09-14 14:15:00,9.039999,89,15,-18.81,5.8011146,-28.366531,28.509651,True,-6.82,3.253393,-30.546179,26.43581,True
2017-09-14 14:20:00,8.950001,89,16,-18.86,3.1134202,-32.45675,27.942436,True,-6.8300004,-1.5245804,-35.489662,24.065273,True
2017-09-14 14:25:00,8.300001,89,15,-19.27,-0.4147266,-36.503338,25.571606,True,-7.5400004,-7.313604,-40.303192,19.696526,True
2017-09-14 14:30:00,7.52,89,12,-16.65,-2.337353,-36.692856,23.354164,True,-6.9900002,-10.115006,-40.814407,16.636078,True
2017-09-14 14:35:00,9.26,89,13,-16.94,-0.8826316,-36.518383,24.5835,True,-7.7500005,-8.854171,-40.639725,17.698284,True
2017-09-14 14:40:00,9.84,89,17,-17.41,0.63173264,-34.65065,25.175343,True,-8.7,-6.693977,-38.60393,18.876106,True
2017-09-14 14:45:00,6.68,89,16,-17.5,-2.311888,-34.66836,21.120552,True,-10.51,-9.579144,-38.678074,14.811722,True
2017-09-14 14:50:00,4.9600005,89,12,-16.15,-4.135609,-35.9361,19.094822,True,-10.37,-11.456986,-39.92465,12.664551,True
2017-09-14 14:55:00,2.9600008,89,11,-12.74,-6.820905,-39.118286,16.521118,True,-9.74,-14.574013,-43.106724,9.619772,True
2017-09-14 15:00:00,-0.020000773,89,5,-9.32,-11.057566,-45.072823,13.030281,True,-9.79,-19.506025,-49.006546,5.3965297,True
2017-09-14 15:05:00,-8.35,89,-4,-7.2100005,-18.653376,-52.382175,7.1267295,True,-10.01,-26.171513,-56.018276,0.23215835,True
2017-09-14 15:10:00,-15.32,89,-8,-8.78,-22.351383,-55.33061,4.6570563,True,-10.170001,-27.485994,-58.33871,-0.0801471,True
2017-09-14 15:15:00,-18.81,89,-16,-6.82,-21.22638,-53.36493,6.3248706,True,-11.28,-23.212164,-55.37299,4.4936423,True
2017-09-14 15:20:00,-18.86,89,-18,-6.8300004,-18.547853,-49.262447,8.06035,True,-12.47,-18.571232,-50.474506,8.061251,True
2017-09-14 15:25:00,-19.27,89,-19,-7.5400004,-16.100811,-46.41736,9.796827,True,-12.93,-13.848144,-46.4542,11.8640175,True
2017-09-14 15:30:00,-16.65,89,-18,-6.9900002,-11.331322,-42.08026,13.019032,True,-13.16,-7.07599,-40.915527,16.828583,True
2017-09-14 15:35:00,-16.94,89,-18,-7.7500005,-10.617592,-40.312313,12.190657,True,-12.93,-5.2630563,-38.167915,16.922535,True
2017-09-14 15:40:00,-17.41,89,-15,-8.7,-9.991966,-37.191986,10.818031,True,-12.66,-3.4464304,-33.862362,16.562878,True
2017-09-14 15:45:00,-17.5,89,-14,-10.51,-10.395234,-34.768135,8.250395,True,-12.12,-3.9780924,-31.09837,13.970821,True
2017-09-14 15:50:00,-16.15,89,-14,-10.37,-9.401782,-33.45943,8.396484,True,-12.41,-3.2272017,-29.90602,13.914745,True
2017-09-14 15:55:00,-12.74,89,-13,-9.74,-6.7126517,-31.857122,10.817936,True,-12.57,-1.1675533,-28.977745,15.773788,True
2017-09-14 16:00:00,-9.32,89,-10,-9.79,-3.820058,-28.929947,12.816326,True,-14.32,1.278318,-26.482334,17.406048,True
2017-09-14 16:05:00,-7.2100005,89,-6,-10.01,-2.084778,-27.898233,14.5783615,True,-14.87,2.7000215,-25.833786,18.887455,True
2017-09-14 16:10:00,-8.78,89,-9,-10.170001,-4.9092593,-30.906666,12.827705,True,-15.56,-1.2937282,-29.688126,16.151203,True
2017-09-14 16:15:00,-6.82,89,-10,-11.28,-5.1210847,-33.98409,13.652184,True,-17.2,-3.6108668,-34.23713,15.175655,True
2017-09-14 16:20:00,-6.8300004,89,-11,-12.47,-7.727367,-38.57431,12.105867,True,-18.51,-8.666153,-40.125328,11.513348,True
2017-09-14 16:25:00,-7.5400004,89,-14,-12.93,-9.130824,-41.377808,11.612623,True,-21.19,-10.691184,-43.1997,10.454939,True
2017-09-14 16:30:00,-6.9900002,89,-15,-13.16,-8.965269,-40.494415,11.44323,True,-22.84,-10.85873,-42.453285,9.993408,True
2017-09-14 16:35:00,-7.7500005,89,-17,-12.93,-8.845204,-38.01572,10.83563,True,-24.12,-9.96508,-39.62232,10.077736,True
2017-09-14 16:40:00,-8.7,89,-17,-12.66,-8.27027,-35.58252,10.574219,True,-23.94,-8.034926,-36.43639,11.026276,True
2017-09-14 16:45:00,-10.51,89,-17,-12.12,-8.281441,-33.2904,9.209417,True,-22.07,-6.3861547,-33.006218,11.144882,True
2017-09-14 16:50:00,-10.37,89,-20,-12.41,-6.3453755,-30.296194,9.438316,True,-23.43,-2.6820338,-28.640923,12.943245,True
2017-09-14 16:55:00,-9.74,89,-19,-12.57,-4.1807065,-27.111626,9.767199,True,-23.25,1.0732571,-24.064945,14.6944275,True
2017-09-14 17:00:00,-9.79,89,-18,-14.32,-2.5502818,-24.622719,9.985247,True,-22.26,4.439548,-20.008993,16.463718,False
2017-09-14 17:05:00,-10.01,89,-17,-14.87,-2.2638915,-24.194433,9.984674,True,-21.96,5.408029,-19.026718,17.040237,False
2017-09-14 17:10:00,-10.170001,89,-15,-15.56,-3.234833,-24.300907,8.692287,True,-21.49,3.7254255,-19.622423,15.171574,False
2017-09-14 17:15:00,-11.28,89,-12,-17.2,-5.960116,-27.74647,7.0159297,True,-22.08,-0.6467193,-24.411688,12.029892,True
2017-09-14 17:20:00,-12.47,89,-10,-18.51,-7.6984515,-30.406971,6.226497,True,-22.5,-2.9431841,-27.561026,10.700632,True
2017-09-14 17:25:00,-12.93,89,-11,-21.19,-8.982106,-33.076576,6.0687213,True,-22.31,-5.073317,-30.987556,9.761221,True
2017-09-14 17:30:00,-13.16,89,-11,-22.84,-9.312295,-33.893234,6.166118,True,-23.14,-5.5011888,-31.906075,9.747601,True
2017-09-14 17:35:00,-12.93,89,-10,-24.12,-9.268041,-33.272625,6.19,True,-23.75,-5.629475,-31.401634,9.629385,True
2017-09-14 17:40:00,-12.66,89,-8,-23.94,-10.433571,-36.465336,6.3792777,True,-23.92,-8.282374,-35.74513,8.508049,True
2017-09-14 17:45:00,-12.12,89,-8,-22.07,-10.355614,-37.555027,7.0015254,True,-25.59,-8.67478,-37.191082,8.709528,True
2017-09-14 17:50:00,-12.41,89,-8,-23.43,-10.742413,-36.566467,6.4882483,True,-26.13,-9.148948,-36.226387,8.137051,True
2017-09-14 17:55:00,-12.57,89,-9,-23.25,-11.673587,-38.68979,6.5128016,True,-25.43,-10.871201,-38.91442,7.4645724,True
2017-09-14 18:00:00,-14.32,89,-10,-22.26,-14.16055,-38.90406,4.407005,True,-25.28,-14.095859,-39.55307,4.738271,True
2017-09-14 18:05:00,-14.87,89,-11,-21.96,-16.327,-40.11673,2.7125776,True,-32.05,-17.806295,-41.76127,1.6959168,True
2017-09-14 18:10:00,-15.56,89,-9,-21.49,-18.148281,-41.766556,1.6475216,True,-29.9,-20.646679,-44.050453,-0.27625117,True
2017-09-14 18:15:00,-17.2,89,-8,-22.08,-20.072186,-43.029194,-0.02570756,True,-30.65,-22.805979,-45.473846,-2.166674,True
2017-09-14 18:20:00,-18.51,89,-11,-22.5,-20.515348,-43.34799,-0.5682166,True,-32.64,-22.469696,-45.28783,-2.0210574,True
2017-09-14 18:25:00,-21.19,89,-10,-22.31,-21.225317,-43.510715,-1.6620983,True,-30.63,-21.358183,-44.17024,-1.5193008,True
2017-09-14 18:30:00,-22.84,89,-13,-23.14,-21.786562,-44.772053,-2.1027281,True,-28.49,-20.892838,-44.695175,-1.0709404,True
2017-09-14 18:35:00,-24.12,89,-17,-23.75,-22.027054,-44.383476,-2.8920233,True,-25.55,-20.13509,-43.521286,-0.9775985,True
2017-09-14 18:40:00,-23.94,89,-21,-23.92,-21.635443,-42.831947,-3.4997046,True,-25.0,-19.51838,-41.7087,-1.3647827,True
2017-09-14 18:45:00,-22.07,89,-18,-25.59,-17.893257,-39.77941,-0.668547,True,-24.66,-13.892016,-37.15446,3.0988882,True
2017-09-14 18:50:00,-23.43,89,-20,-26.13,-18.76862,-40.487297,-1.9013008,True,-24.66,-14.23476,-37.327,2.3203332,True
2017-09-14 18:55:00,-23.25,89,-20,-25.43,-19.797626,-41.862858,-2.7470095,True,-26.41,-16.463915,-39.740532,0.41892973,True
2017-09-14 19:00:00,-22.26,89,-18,-25.28,-19.967468,-41.00161,-3.8090813,True,-29.02,-17.80856,-39.733456,-1.6441177,True
2017-09-14 19:05:00,-21.96,89,-15,-32.05,-20.273111,-40.30645,-4.922664,True,-29.83,-18.699377,-39.44821,-3.2531226,True
2017-09-14 19:10:00,-21.49,89,-14,-29.9,-20.28609,-39.243675,-5.6920094,True,-30.66,-19.165613,-38.702282,-4.4114223,True
2017-09-14 19:15:00,-22.08,89,-14,-30.65,-21.412018,-39.578114,-7.2726893,True,-32.19,-20.803875,-39.417725,-6.446073,True
2017-09-14 19:20:00,-22.5,89,-16,-32.64,-22.130705,-40.192497,-8.147773,True,-31.48,-21.805634,-40.24459,-7.5832944,True
2017-09-14 19:25:00,-22.31,89,-16,-30.63,-21.77098,-39.82065,-8.054556,True,-31.11,-21.265749,-39.715393,-7.3310237,True
2017-09-14 19:30:00,-23.14,89,-18,-28.49,-23.495203,-43.255875,-8.572614,True,-28.52,-23.876982,-43.880238,-8.679803,True
2017-09-14 19:35:00,-23.75,89,-17,-25.55,-23.300596,-41.2909,-9.158306,True,-26.85,-22.885252,-41.22579,-8.534546,True
2017-09-14 19:40:00,-23.92,89,-17,-25.0,-23.923258,-41.538635,-9.842835,True,-24.0,-23.946495,-41.819073,-9.632177,True
2017-09-14 19:45:00,-25.59,89,-17,-24.66,-25.979115,-43.402008,-11.547167,True,-21.3,-26.374525,-43.973778,-11.690743,True
2017-09-14 19:50:00,-26.13,89,-22,-24.66,-27.418507,-44.769928,-12.725813,True,-18.95,-28.6893,-46.043823,-13.684209,True
2017-09-14 19:55:00,-25.43,89,-20,-26.41,-27.177547,-44.957176,-12.361514,True,-16.77,-28.917934,-46.58166,-13.759776,True
2017-09-14 20:00:00,-25.28,89,-21,-29.02,-27.050915,-45.87745,-11.7132845,True,-14.85,-28.827734,-47.49747,-13.153071,True
2017-09-14 20:05:00,-32.05,89,-23,-29.83,-34.95983,-54.64176,-17.58527,True,-14.01,-37.769398,-57.074673,-19.93179,False
2017-09-14 20:10:00,-29.9,89,-24,-30.66,-34.14158,-55.378006,-15.949565,True,-14.17,-38.21082,-58.627125,-19.418108,False
2017-09-14 20:15:00,-30.65,89,-23,-32.19,-34.45344,-54.296738,-16.433542,True,-13.64,-38.09319,-57.292583,-19.5416,False
2017-09-14 20:20:00,-32.64,89,-26,-31.48,-35.515404,-53.763832,-17.730913,True,-13.17,-38.24162,-56.146553,-20.038551,False
2017-09-14 20:25:00,-30.63,89,-28,-31.11,-32.884007,-50.4637,-15.79272,True,-14.2,-35.027504,-52.378395,-17.60356,False
2017-09-14 20:30:00,-28.49,89,-25,-28.52,-30.106586,-47.394295,-13.634392,True,-13.88,-31.646435,-48.80521,-14.920055,False
2017-09-14 20:35:00,-25.55,89,-24,-26.85,-26.76606,-44.13547,-10.923581,True,-13.59,-27.936865,-45.222523,-11.891898,True
2017-09-14 20:40:00,-25.0,89,-26,-24.0,-25.941963,-42.960747,-10.599153,True,-13.9,-26.84475,-43.824135,-11.333587,True
2017-09-14 20:45:00,-24.66,89,-28,-21.3,-25.5213,-42.46066,-10.609891,True,-15.57,-26.349236,-43.256264,-11.2860155,True
2017-09-14 20:50:00,-24.66,89,-28,-18.95,-25.126303,-41.880203,-10.709741,True,-14.91,-25.574053,-42.355522,-11.04495,True
2017-09-14 20:55:00,-26.41,89,-29,-16.77,-26.384914,-42.588284,-12.419715,True,-14.19,-26.344013,-42.640636,-12.309949,True
2017-09-14 21:00:00,-29.02,89,-32,-14.85,-28.770834,-44.570503,-15.034267,False,-13.74,-28.495037,-44.403263,-14.711586,False
2017-09-14 21:05:00,-29.83,89,-35,-14.01,-29.286985,-44.672142,-16.000751,False,-15.1,-28.709862,-44.21914,-15.404819,False
2017-09-14 21:10:00,-30.66,89,-33,-14.17,-29.712345,-44.696686,-16.960682,False,-16.71,-28.726507,-43.8466,-15.990816,True
2017-09-14 21:15:00,-32.19,89,-33,-13.64,-30.605822,-45.737953,-17.939135,False,-17.37,-28.986435,-44.282295,-16.396544,True
2017-09-14 21:20:00,-31.48,89,-31,-13.17,-30.152262,-45.253574,-17.552048,False,-17.97,-28.773037,-44.02527,-16.25043,True
2017-09-14 21:25:00,-31.11,89,-30,-14.2,-29.566366,-45.436775,-16.639336,False,-18.29,-27.95553,-44.00991,-15.150392,True
2017-09-14 21:30:00,-28.52,89,-28,-13.88,-26.457394,-43.07307,-13.549365,True,-17.29,-24.312332,-41.19809,-11.596394,True
2017-09-14 21:35:00,-26.85,89,-26,-13.59,-24.61417,-40.983513,-12.0468855,True,-17.13,-22.290117,-38.94815,-9.938098,True
2017-09-14 21:40:00,-24.0,89,-24,-13.9,-21.416218,-37.83954,-9.190483,True,-16.03,-18.740847,-35.525814,-6.7742534,True
2017-09-14 21:45:00,-21.3,89,-23,-15.57,-18.581743,-35.7921,-6.267092,True,-18.9,-15.775376,-33.447796,-3.7656615,True
2017-09-14 21:50:00,-18.95,89,-22,-14.91,-16.654108,-33.1173,-4.7641053,True,-22.06,-14.304592,-31.178917,-2.687586,True
2017-09-14 21:55:00,-16.77,89,-22,-14.19,-14.497788,-31.037128,-2.9240363,True,-25.14,-12.179641,-29.167933,-0.90001136,True
2017-09-14 22:00:00,-14.85,89,-22,-13.74,-12.66172,-29.912561,-1.0769161,True,-27.34,-10.4465885,-28.191862,0.81996506,True
2017-09-14 22:05:00,-14.01,89,-21,-15.1,-11.991605,-29.953264,-0.13162263,True,-31.14,-10.006166,-28.454502,1.5346237,False
2017-09-14 22:10:00,-14.17,89,-22,-16.71,-12.500258,-32.850967,-0.088180855,True,-34.82,-10.903676,-31.686752,1.1933209,False
2017-09-14 22:15:00,-13.64,89,-22,-17.37,-12.210353,-37.635517,1.10873,True,-40.92,-10.902097,-36.729515,2.0796945,False
2017-09-14 22:20:00,-13.17,89,-21,-17.97,-12.976714,-41.236794,1.0818573,True,-46.31,-12.975322,-41.148373,0.90257615,False
2017-09-14 22:25:00,-14.2,89,-23,-18.29,-14.60017,-40.579494,-0.51652175,True,-51.06,-15.175453,-40.840336,-1.2083515,False
2017-09-14 22:30:00,-13.88,89,-22,-17.29,-13.822396,-40.48099,0.6689698,True,-53.95,-13.936221,-40.43626,0.37566152,False
2017-09-14 22:35:00,-13.59,89,-23,-17.13,-13.593198,-37.371918,0.56196564,True,-54.98,-13.747007,-37.35203,0.22004287,False
2017-09-14 22:40:00,-13.9,89,-22,-16.03,-13.485225,-35.505753,0.6067788,True,-54.35,-13.205009,-35.18654,0.63874406,False
2017-09-14 22:45:00,-15.57,89,-22,-18.9,-16.37827,-39.974384,-1.0127567,True,-53.33,-17.303646,-40.433884,-2.0617354,False
2017-09-14 22:50:00,-14.91,89,-22,-22.06,-15.721938,-38.10099,-0.43361887,True,-51.220005,-16.649826,-38.5671,-1.5027584,False
2017-09-14 22:55:00,-14.19,89,-22,-25.14,-14.985918,-37.976494,0.8281819,True,-49.47,-15.901524,-38.411053,-0.2357486,False
2017-09-14 23:00:00,-13.74,89,-21,-27.34,-15.619407,-41.542385,1.2166249,True,-48.73,-17.582846,-42.581635,-0.758097,False
2017-09-14 23:05:00,-15.1,89,-22,-31.14,-20.515793,-51.145504,-1.9505295,True,-44.58,-25.682077,-53.943836,-6.652599,True
2017-09-14 23:10:00,-16.71,89,-23,-34.82,-24.906288,-57.291862,-5.394365,True,-43.7,-32.468037,-61.357357,-12.094974,True
2017-09-14 23:15:00,-17.37,89,-24,-40.92,-27.37161,-60.03487,-6.879974,True,-44.94,-36.34674,-64.85956,-14.77951,True
2017-09-14 23:20:00,-17.97,89,-23,-46.31,-30.186413,-62.18683,-8.978799,True,-45.63,-40.822212,-67.96213,-18.318237,True
2017-09-14 23:25:00,-18.29,89,-24,-51.06,-31.29566,-62.843285,-9.406888,True,-46.28,-42.433952,-68.86584,-19.215763,True
2017-09-14 23:30:00,-17.29,89,-21,-53.95,-33.30999,-68.34436,-9.326127,True,-49.52,-46.506992,-75.20038,-20.770075,True
2017-09-14 23:35:00,-17.13,89,-21,-54.98,-36.36769,-72.021355,-10.651224,True,-49.620003,-51.504864,-79.93741,-23.688572,True
2017-09-14 23:40:00,-16.03,89,-19,-54.35,-37.28083,-73.82151,-10.335346,True,-53.9,-53.573162,-82.14415,-24.366676,True
2017-09-14 23:45:00,-18.9,89,-20,-53.33,-39.202915,-72.13015,-12.20114,True,-54.2,-54.528545,-80.280945,-25.526964,True
2017-09-14 23:50:00,-22.06,89,-22,-51.220005,-41.02269,-70.70529,-13.779299,True,-54.95,-55.08181,-78.58789,-26.090425,True
2017-09-14 23:55:00,-25.14,89,-24,-49.47,-42.80549,-69.90133,-15.229866,True,-57.770004,-55.675636,-77.580215,-26.501741,True
2017-09-15 00:00:00,-27.34,89,-27,-48.73,-42.387775,-66.19988,-15.658551,True,-60.5,-53.35486,-73.12448,-25.38441,True
2017-09-15 00:05:00,-31.14,89,-29,-44.58,-42.365505,-62.886143,-16.692934,True,-60.72,-50.527622,-68.39759,-24.036179,True
2017-09-15 00:10:00,-34.82,89,-32,-43.7,-42.040108,-60.65802,-17.396011,True,-60.17,-47.25135,-64.29935,-22.17013,True
2017-09-15 00:15:00,-40.92,89,-36,-44.94,-43.922577,-60.935604,-20.418594,True,-60.35,-46.001556,-62.29971,-22.421106,True
2017-09-15 00:20:00,-46.31,89,-43,-45.63,-45.824875,-62.108913,-23.575642,True,-57.92,-45.356697,-61.322155,-23.345045,True
2017-09-15 00:25:00,-51.06,89,-43,-46.28,-47.76024,-64.57972,-26.138046,True,-52.36,-45.255093,-61.88481,-24.14061,True
2017-09-15 00:30:00,-53.95,89,-40,-49.52,-48.283478,-66.19448,-27.351315,True,-48.45,-44.054134,-61.798664,-23.873348,True
2017-09-15 00:35:00,-54.98,89,-38,-49.620003,-48.4917,-69.40485,-26.76771,True,-45.7,-43.659172,-64.42601,-22.83794,True
2017-09-15 00:40:00,-54.35,89,-36,-53.9,-49.362324,-72.077545,-26.891142,True,-44.17,-45.605698,-68.16505,-23.934347,True
2017-09-15 00:45:00,-53.33,89,-33,-54.2,-49.071823,-70.61308,-27.681787,True,-45.99,-45.789272,-67.13774,-25.118992,True
2017-09-15 00:50:00,-51.220005,89,-31,-54.95,-47.278996,-68.20264,-26.727783,True,-47.98,-44.19146,-64.9221,-24.320116,True
2017-09-15 00:55:00,-49.47,89,-30,-57.770004,-46.79975,-68.87199,-25.456387,True,-51.8,-44.670353,-66.49713,-23.886484,True
2017-09-15 01:00:00,-48.73,89,-29,-60.5,-48.96478,-72.92575,-25.64409,True,-52.51,-49.040665,-72.49663,-25.924934,True
2017-09-15 01:05:00,-44.58,89,-25,-60.72,-47.1484,-69.71608,-24.664223,True,-54.47,-48.986534,-70.75692,-26.415907,True
2017-09-15 01:10:00,-43.7,89,-24,-60.17,-47.03314,-66.90668,-25.614605,True,-56.03,-49.46967,-68.4807,-27.91047,True
2017-09-15 01:15:00,-44.94,89,-23,-60.35,-47.38831,-64.676575,-26.780762,True,-55.19,-49.134987,-65.73696,-28.514881,True
2017-09-15 01:20:00,-45.63,89,-24,-57.92,-47.905243,-64.81031,-26.95578,True,-53.38,-49.50424,-65.751015,-28.560194,True
2017-09-15 01:25:00,-46.28,89,-24,-52.36,-47.450424,-63.443058,-26.890862,True,-53.13,-48.205776,-63.65139,-27.778912,True
2017-09-15 01:30:00,-49.52,89,-25,-48.45,-49.310806,-65.367935,-28.159056,True,-52.12,-49.03173,-64.64742,-28.14776,True
2017-09-15 01:35:00,-49.620003,89,-26,-45.7,-48.399696,-64.98806,-27.549656,True,-50.15,-47.37098,-63.572754,-26.898642,True
2017-09-15 01:40:00,-53.9,89,-28,-44.17,-50.890453,-67.75079,-29.636232,True,-50.14,-48.545845,-65.07518,-27.881721,True
2017-09-15 01:45:00,-54.2,89,-29,-45.99,-49.858135,-67.267586,-28.521805,True,-49.93,-46.54162,-63.67382,-25.95199,True
2017-09-15 01:50:00,-54.95,89,-30,-47.98,-49.504353,-67.32793,-28.408163,True,-50.27,-45.361412,-62.93176,-25.147497,True
2017-09-15 01:55:00,-57.770004,89,-31,-51.8,-51.520535,-69.993256,-30.589375,True,-49.87,-46.78055,-64.9598,-26.859604,True
2017-09-15 02:00:00,-60.5,89,-32,-52.51,-54.870174,-74.89288,-32.622097,True,-51.4,-50.577652,-70.264786,-29.358631,True
2017-09-15 02:05:00,-60.72,89,-33,-54.47,-55.45706,-75.021034,-33.502625,True,-54.69,-51.399837,-70.61726,-30.43519,True
2017-09-15 02:10:00,-60.17,89,-30,-56.03,-55.527164,-74.53787,-33.72246,True,-57.64,-51.91776,-70.58095,-31.017887,True
2017-09-15 02:15:00,-60.35,89,-27,-55.19,-57.01483,-77.38012,-33.555473,True,-59.01,-54.390312,-74.37166,-31.69431,True
2017-09-15 02:20:00,-57.92,89,-22,-53.38,-56.906906,-78.096,-32.09669,True,-58.0,-56.025066,-76.71939,-31.636436,True
2017-09-15 02:25:00,-52.36,89,-19,-53.13,-54.864353,-77.251076,-29.000164,True,-55.89,-56.58582,-78.12627,-30.578466,True
2017-09-15 02:30:00,-48.45,89,-17,-52.12,-51.82421,-72.247406,-27.146002,True,-53.01,-54.155228,-73.605804,-29.249252,True
2017-09-15 02:35:00,-45.7,89,-16,-50.15,-49.247143,-67.54555,-25.812971,True,-48.75,-51.672905,-68.98097,-28.03815,True
2017-09-15 02:40:00,-44.17,89,-15,-50.14,-47.287605,-64.098785,-24.751003,True,-48.98,-49.38057,-65.26755,-26.725605,True
2017-09-15 02:45:00,-45.99,89,-17,-49.93,-47.909676,-64.150085,-25.271347,True,-49.49,-49.137733,-64.62086,-26.510124,True
2017-09-15 02:50:00,-47.98,89,-19,-50.27,-48.475513,-65.35241,-25.216444,True,-49.81,-48.70352,-64.95995,-25.601889,True
2017-09-15 02:55:00,-51.8,89,-21,-49.87,-50.385056,-66.93911,-27.010038,True,-47.61,-49.294563,-65.38481,-26.297155,True
2017-09-15 03:00:00,-52.51,89,-22,-51.4,-49.403595,-66.09148,-26.464731,True,-44.04,-47.16386,-63.495567,-24.791431,True
2017-09-15 03:05:00,-54.47,89,-22,-54.69,-49.54135,-66.20699,-27.136929,True,-40.21,-46.04938,-62.430973,-24.423437,True
2017-09-15 03:10:00,-56.03,89,-22,-57.64,-49.902634,-65.977486,-28.564308,True,-34.27,-45.553497,-61.344505,-25.12832,True
2017-09-15 03:15:00,-55.19,89,-21,-59.01,-48.730656,-64.78199,-28.437782,True,-30.0,-44.09701,-59.873272,-24.748562,True
2017-09-15 03:20:00,-53.38,89,-22,-58.0,-47.558895,-64.82491,-27.156548,True,-28.38,-43.343315,-60.353306,-23.836308,True
2017-09-15 03:25:00,-53.13,89,-23,-55.89,-48.787285,-66.72879,-27.924873,True,-28.45,-45.588963,-63.218353,-25.485722,True
2017-09-15 03:30:00,-52.12,89,-24,-53.01,-47.695786,-64.640495,-27.752737,True,-28.16,-44.412792,-61.06932,-25.224537,True
2017-09-15 03:35:00,-50.15,89,-25,-48.75,-46.20654,-64.16331,-25.964342,True,-29.9,-43.246864,-60.90718,-23.711756,True
2017-09-15 03:40:00,-50.14,89,-25,-48.98,-47.729736,-66.421684,-26.389332,True,-31.26,-45.87609,-64.16577,-25.071056,True
2017-09-15 03:45:00,-49.93,89,-26,-49.49,-48.497654,-68.308556,-25.869892,True,-31.35,-47.347553,-66.66432,-25.13576,True
2017-09-15 03:50:00,-50.27,89,-26,-49.81,-50.833176,-73.318375,-25.410938,True,-32.86,-51.092354,-72.833305,-25.803925,True
2017-09-15 03:55:00,-49.87,89,-24,-47.61,-52.945545,-77.43255,-25.110388,True,-34.72,-54.910027,-78.280975,-26.80324,True
2017-09-15 04:00:00,-51.4,89,-23,-44.04,-56.710033,-82.13957,-26.380846,True,-34.94,-60.11274,-84.14306,-29.10006,True
2017-09-15 04:05:00,-54.69,89,-23,-40.21,-60.802387,-85.66649,-28.481846,True,-35.78,-64.64495,-88.11952,-31.461111,True
2017-09-15 04:10:00,-57.64,89,-24,-34.27,-65.06938,-89.58455,-30.33652,True,-34.82,-69.659645,-92.76914,-33.76381,True
2017-09-15 04:15:00,-59.01,89,-26,-30.0,-65.37939,-85.88751,-31.8813,False,-34.01,-69.2402,-88.57503,-34.856964,False
2017-09-15 04:20:00,-58.0,89,-27,-28.38,-63.718307,-82.061714,-31.19385,False,-33.29,-67.104385,-84.3637,-33.874706,False
2017-09-15 04:25:00,-55.89,89,-28,-28.45,-61.7164,-79.256836,-29.568932,False,-33.37,-65.1034,-81.51866,-32.288284,True
2017-09-15 04:30:00,-53.01,89,-28,-28.16,-59.356865,-77.02392,-27.271643,True,-33.27,-62.99401,-79.411285,-30.21308,True
2017-09-15 04:35:00,-48.75,89,-26,-29.9,-55.493256,-73.74983,-23.863766,True,-32.84,-59.307384,-76.1273,-26.99902,True
2017-09-15 04:40:00,-48.98,89,-26,-31.26,-54.339165,-72.51026,-23.041449,True,-33.23,-57.304333,-74.19726,-25.514563,True
2017-09-15 04:45:00,-49.49,89,-26,-31.35,-53.863873,-72.00007,-22.774137,True,-32.14,-56.23179,-73.216866,-24.770567,True
2017-09-15 04:50:00,-49.81,89,-24,-32.86,-53.537304,-71.941025,-22.468645,True,-29.81,-55.514076,-72.84339,-24.149311,True
2017-09-15 04:55:00,-47.61,89,-19,-34.72,-51.27573,-70.22495,-20.684168,True,-31.83,-53.214706,-71.0517,-22.349102,True
2017-09-15 05:00:00,-44.04,89,-16,-34.94,-48.048344,-67.27081,-18.37155,True,-33.96,-50.19891,-68.18277,-20.240017,True
2017-09-15 05:05:00,-40.21,89,-14,-35.78,-44.88414,-64.16436,-16.209135,True,-34.42,-47.451374,-65.30813,-18.460426,True
2017-09-15 05:10:00,-34.27,89,-13,-34.82,-40.497787,-61.193333,-12.329972,True,-35.68,-44.027637,-62.80853,-15.449613,True
2017-09-15 05:15:00,-30.0,89,-12,-34.01,-37.22908,-58.68176,-9.619452,True,-35.51,-41.411457,-60.54758,-13.350304,True
2017-09-15 05:20:00,-28.38,89,-12,-33.29,-35.801983,-57.680435,-8.319455,True,-35.37,-40.12659,-59.559143,-12.190843,True
2017-09-15 05:25:00,-28.45,89,-11,-33.37,-35.352707,-56.981014,-8.060099,True,-34.84,-39.38255,-58.707203,-11.671041,True
2017-09-15 05:30:00,-28.16,89,-10,-33.27,-34.91448,-56.8913,-7.4362664,True,-30.84,-38.861797,-58.54333,-10.9718485,True
2017-09-15 05:35:00,-29.9,89,-10,-32.84,-35.655132,-57.26039,-7.947453,True,-25.05,-38.96895,-58.572247,-10.918332,True
2017-09-15 05:40:00,-31.26,89,-12,-33.23,-35.6126,-56.1023,-8.472425,True,-16.2,-38.072144,-56.952644,-10.69788,True
2017-09-15 05:45:00,-31.35,89,-13,-32.14,-35.048027,-54.385044,-8.816762,True,-6.7900004,-37.122456,-55.037872,-10.710644,False
2017-09-15 05:50:00,-32.86,89,-12,-29.81,-35.293068,-53.121365,-10.002646,True,-3.2099993,-36.59119,-53.33757,-11.219805,False
2017-09-15 05:55:00,-34.72,89,-14,-31.83,-35.870747,-52.630127,-11.283533,True,-3.4599993,-36.36698,-52.335915,-11.801144,False
2017-09-15 06:00:00,-34.94,89,-15,-33.96,-35.37206,-51.827187,-11.347197,True,-5.48,-35.4181,-51.233036,-11.472542,False
2017-09-15 06:05:00,-35.78,89,-15,-34.42,-35.5202,-52.12237,-11.6786585,True,-7.6200004,-35.12005,-51.209522,-11.415893,False
2017-09-15 06:10:00,-34.82,89,-15,-35.68,-34.81493,-52.419464,-10.795104,True,-9.62,-34.575874,-51.619698,-10.671457,False
2017-09-15 06:15:00,-34.01,89,-15,-35.51,-34.10601,-52.5209,-9.982565,True,-10.78,-33.930218,-51.76485,-9.911878,True
2017-09-15 06:20:00,-33.29,89,-15,-35.37,-33.796326,-53.256702,-9.263081,True,-10.81,-33.88975,-52.680557,-9.424294,True
2017-09-15 06:25:00,-33.37,89,-15,-34.84,-34.072643,-54.662766,-8.712549,True,-12.94,-34.29157,-54.156673,-8.979646,True
2017-09-15 06:30:00,-33.27,89,-15,-30.84,-34.25809,-55.33167,-8.467344,True,-13.48,-34.663578,-54.94093,-8.894115,True
2017-09-15 06:35:00,-32.84,89,-15,-25.05,-34.285976,-55.61425,-7.9381833,True,-13.56,-34.992447,-55.42012,-8.624713,True
2017-09-15 06:40:00,-33.23,89,-14,-16.2,-34.49176,-55.24854,-7.9807696,True,-15.86,-35.07134,-54.98578,-8.559778,True
2017-09-15 06:45:00,-32.14,89,-14,-6.7900004,-33.86712,-53.8454,-7.5727134,False,-18.3,-34.755905,-53.8003,-8.424492,True
2017-09-15 06:50:00,-29.81,89,-11,-3.2099993,-32.80067,-52.978634,-6.1534343,False,-21.71,-34.511753,-53.42153,-7.7392087,True
2017-09-15 06:55:00,-31.83,89,-10,-3.4599993,-34.070663,-52.565533,-7.7316194,False,-24.33,-35.284367,-52.77117,-8.882816,True
2017-09-15 07:00:00,-33.96,89,-12,-5.48,-35.43377,-52.84422,-9.147507,False,-26.29,-36.136173,-52.754715,-9.846053,True
2017-09-15 07:05:00,-34.42,89,-14,-7.6200004,-35.858307,-53.189007,-9.379525,False,-28.66,-36.53108,-53.092762,-10.049326,True
2017-09-15 07:10:00,-35.68,89,-14,-9.62,-37.437756,-55.142178,-10.124381,False,-31.44,-38.297543,-55.178673,-10.955427,True
2017-09-15 07:15:00,-35.51,89,-16,-10.78,-37.27234,-53.821335,-10.777579,True,-34.73,-38.13879,-53.903416,-11.614171,True
2017-09-15 07:20:00,-35.37,89,-17,-10.81,-37.052452,-52.461304,-11.447813,False,-34.64,-37.87216,-52.548912,-12.245259,True
2017-09-15 07:25:00,-34.84,89,-19,-12.94,-36.281403,-51.184387,-11.367404,True,-34.31,-36.952553,-51.18804,-12.032485,True
2017-09-15 07:30:00,-30.84,89,-19,-13.48,-33.225906,-48.391388,-9.106298,True,-33.66,-34.52965,-48.81198,-10.334788,True
2017-09-15 07:35:00,-25.05,89,-19,-13.56,-29.002853,-45.151276,-5.6027493,True,-31.85,-31.377289,-46.178955,-7.796477,True
2017-09-15 07:40:00,-16.2,89,-21,-15.86,-22.526426,-41.29024,0.20998733,True,-29.75,-26.596588,-43.03183,-3.5200617,True
2017-09-15 07:45:00,-6.7900004,89,-20,-18.3,-15.120104,-37.353046,6.758781,True,-25.4,-20.754477,-39.488773,1.6320473,True
2017-09-15 07:50:00,-3.2099993,89,-20,-21.71,-12.049505,-35.81824,9.397724,True,-19.5,-18.137526,-38.017254,3.8914068,True
2017-09-15 07:55:00,-3.4599993,89,-18,-24.33,-11.809805,-35.15349,9.153345,True,-14.32,-17.585512,-37.280487,3.948528,True
2017-09-15 08:00:00,-5.48,89,-15,-26.29,-12.99499,-35.29678,7.813045,True,-10.88,-18.175936,-37.286182,3.1484697,True
2017-09-15 08:05:00,-7.6200004,89,-13,-28.66,-14.0850315,-35.09489,6.368749,True,-10.11,-18.519102,-36.863415,2.3753164,True
2017-09-15 08:10:00,-9.62,89,-12,-31.44,-14.982265,-34.860058,5.052896,True,-11.83,-18.641117,-36.359867,1.7553936,True
2017-09-15 08:15:00,-10.78,89,-13,-34.73,-15.106042,-33.8925,4.280008,False,-13.13,-18.042189,-35.10933,1.6262013,True
2017-09-15 08:20:00,-10.81,89,-10,-34.64,-14.445423,-32.850357,4.3711123,False,-15.05,-16.905796,-33.849457,2.1427114,True
2017-09-15 08:25:00,-12.94,89,-9,-34.31,-15.635737,-32.81524,2.7617033,False,-17.33,-17.404922,-33.50206,1.1423794,True
2017-09-15 08:30:00,-13.48,89,-8,-33.66,-15.27638,-32.31737,2.785961,False,-18.27,-16.384624,-32.641533,1.753349,True
2017-09-15 08:35:00,-13.56,89,-7,-31.85,-14.857813,-32.20601,3.1399877,True,-18.39,-15.593082,-32.31478,2.4407613,True
2017-09-15 08:40:00,-15.86,89,-7,-29.75,-16.781645,-33.56856,1.4190499,True,-19.52,-17.231083,-33.537083,0.9724538,True
2017-09-15 08:45:00,-18.3,89,-7,-25.4,-18.519644,-34.57211,-0.28730044,True,-21.2,-18.428074,-34.224613,-0.26346812,True
2017-09-15 08:50:00,-21.71,89,-9,-19.5,-21.248016,-36.736835,-2.4565928,True,-21.8,-20.631767,-36.06283,-1.9760879,True
2017-09-15 08:55:00,-24.33,89,-12,-14.32,-23.455225,-38.824207,-4.075311,True,-22.9,-22.520248,-37.943302,-3.317858,True
2017-09-15 09:00:00,-26.29,89,-13,-10.88,-25.631556,-40.659588,-5.779741,True,-23.34,-24.876009,-39.92057,-5.1727366,True
2017-09-15 09:05:00,-28.66,89,-15,-10.11,-28.105415,-42.632607,-7.743563,True,-23.93,-27.444994,-41.980064,-7.2146697,True
2017-09-15 09:10:00,-31.44,89,-16,-11.83,-30.717476,-44.423016,-10.028451,True,-24.96,-29.941889,-43.700783,-9.399459,True
2017-09-15 09:15:00,-34.73,89,-20,-13.13,-33.467545,-46.278816,-12.530218,True,-24.9,-32.30786,-45.276577,-11.571463,True
2017-09-15 09:20:00,-34.64,89,-23,-15.05,-33.58975,-45.86628,-12.991854,True,-23.77,-32.597084,-45.005943,-12.173451,True
2017-09-15 09:25:00,-34.31,89,-23,-17.33,-33.237896,-45.248226,-12.992838,True,-23.82,-32.237293,-44.397858,-12.164929,True
2017-09-15 09:30:00,-33.66,89,-23,-18.27,-32.624344,-44.390854,-12.712904,True,-23.78,-31.65302,-43.578243,-11.909145,True
2017-09-15 09:35:00,-31.85,89,-22,-18.39,-30.736149,-42.773834,-11.251107,True,-20.62,-29.701368,-41.932884,-10.390961,True
2017-09-15 09:40:00,-29.75,89,-21,-19.52,-28.678001,-40.94174,-9.785887,True,-19.84,-27.668455,-40.14228,-8.946013,True
2017-09-15 09:45:00,-25.4,89,-19,-21.2,-24.71573,-37.697895,-6.6583695,True,-19.12,-23.986584,-37.130714,-6.062267,True
2017-09-15 09:50:00,-19.5,89,-18,-21.8,-19.660698,-34.406193,-1.9268707,True,-18.55,-19.577702,-34.30134,-1.892876,True
2017-09-15 09:55:00,-14.32,89,-16,-22.9,-14.880071,-32.519867,3.1159093,True,-15.95,-15.104914,-32.60053,2.8889444,True
2017-09-15 10:00:00,-10.88,89,-14,-23.34,-12.132042,-31.159645,5.5940013,True,-14.59,-12.915779,-31.56227,4.8940578,True
2017-09-15 10:05:00,-10.11,89,-10,-23.93,-10.751621,-28.25494,5.3696933,True,-12.92,-11.054329,-28.408806,5.0811343,True
2017-09-15 10:10:00,-11.83,89,-9,-24.96,-12.264766,-28.48533,3.7344644,True,-11.25,-12.414188,-28.578712,3.5771139,True
2017-09-15 10:15:00,-13.13,89,-8,-24.9,-13.532354,-28.726187,2.1563642,True,-10.29,-13.667103,-28.836124,2.0128038,True
2017-09-15 10:20:00,-15.05,89,-7,-23.77,-15.633102,-30.4613,0.578962,True,-10.39,-15.923691,-30.696321,0.3032185,True
2017-09-15 10:25:00,-17.33,89,-8,-23.82,-18.267797,-31.95446,-2.096184,True,-9.64,-18.857128,-32.418427,-2.6297972,True
2017-09-15 10:30:00,-18.27,89,-9,-23.78,-19.356136,-32.911263,-2.7442572,True,-7.53,-20.072227,-33.479027,-3.3867152,True
2017-09-15 10:35:00,-18.39,89,-10,-20.62,-19.547777,-33.078846,-2.8219702,True,-2.74,-20.324488,-33.701996,-3.517502,False
2017-09-15 10:40:00,-19.52,89,-10,-19.84,-20.471,-33.794415,-3.5995715,True,-2.3500006,-21.088184,-34.333145,-4.15682,False
2017-09-15 10:45:00,-21.2,89,-11,-19.12,-22.002678,-34.520798,-5.3710866,True,1.1499993,-22.513128,-35.015186,-5.835527,False
2017-09-15 10:50:00,-21.8,89,-13,-18.55,-22.590242,-34.42921,-6.590713,True,3.2000005,-23.103197,-34.946766,-7.055568,False
2017-09-15 10:55:00,-22.9,89,-15,-15.95,-23.617018,-34.478516,-8.408976,True,3.4500005,-24.089579,-34.987865,-8.835802,False
2017-09-15 11:00:00,-23.34,89,-16,-14.59,-23.557909,-33.86309,-9.1081705,True,3.300001,-23.645906,-34.10388,-9.192719,False
2017-09-15 11:05:00,-23.93,89,-17,-12.92,-23.505674,-33.590294,-9.607508,True,2.1499994,-23.080805,-33.44794,-9.236436,False
2017-09-15 11:10:00,-24.96,89,-18,-11.25,-23.384544,-33.722588,-9.777798,True,1.2599999,-22.00325,-32.831818,-8.564843,False
2017-09-15 11:15:00,-24.9,89,-19,-10.29,-22.221062,-33.53745,-8.53475,True,0.93,-19.877562,-31.911089,-6.486666,False
2017-09-15 11:20:00,-23.77,89,-19,-10.39,-20.438099,-33.49065,-6.0146375,True,1.1300007,-17.484545,-31.486454,-3.4557383,False
2017-09-15 11:25:00,-23.82,89,-17,-9.64,-20.092543,-34.193672,-4.981461,True,0.059999153,-16.758904,-31.965618,-2.1117957,False
2017-09-15 11:30:00,-23.78,89,-17,-7.53,-20.322826,-33.82322,-5.65515,True,0.19000022,-17.216118,-31.73817,-2.967995,False
2017-09-15 11:35:00,-20.62,89,-15,-2.74,-17.868793,-30.603127,-4.614532,False,-0.04999955,-15.366369,-28.970892,-2.4254382,False
2017-09-15 11:40:00,-19.84,89,-13,-2.3500006,-17.542894,-29.385988,-5.1413713,False,-0.55999976,-15.442959,-28.0383,-3.280802,False
2017-09-15 11:45:00,-19.12,89,-12,1.1499993,-16.972826,-28.809948,-4.5652165,False,-0.7799991,-15.007837,-27.589842,-2.8151171,False
2017-09-15 11:50:00,-18.55,89,-11,3.2000005,-16.53112,-29.130041,-3.2966597,False,-2.8099997,-14.686238,-28.059692,-1.6544479,True
2017-09-15 11:55:00,-15.95,89,-9,3.4500005,-13.907386,-27.825232,-0.37440905,False,-3.0499995,-12.026926,-26.820923,1.2944332,True
2017-09-15 12:00:00,-14.59,89,-9,3.300001,-12.000625,-28.404295,2.972759,False,-3.1499999,-9.629162,-27.201443,5.0413756,True
2017-09-15 12:05:00,-12.92,89,-9,2.1499994,-10.32236,-31.875483,7.6449695,True,-3.1499999,-7.9534173,-30.92751,9.662277,True
2017-09-15 12:10:00,-11.25,89,-10,1.2599999,-7.8533072,-31.691647,10.608513,True,-2.4799998,-4.7759004,-30.44491,13.186268,True
2017-09-15 12:15:00,-10.29,89,-11,0.93,-6.7001224,-31.034655,11.72612,True,-0.69000083,-3.4593985,-29.740803,14.434776,True
2017-09-15 12:20:00,-10.39,89,-11,1.1300007,-6.8671575,-29.119116,10.431606,True,1.0400006,-3.6866343,-27.777037,13.121361,True
2017-09-15 12:25:00,-9.64,89,-12,0.059999153,-6.413214,-28.173727,10.509197,True,1.5700012,-3.5051386,-26.988045,12.987247,True
2017-09-15 12:30:00,-7.53,89,-11,0.19000022,-5.19723,-28.625868,12.382675,True,0.9600007,-3.0916216,-28.000635,14.1861725,True
2017-09-15 12:35:00,-2.74,89,-6,-0.04999955,-1.4938644,-25.778372,15.170513,True,1.1499993,-0.3268703,-25.704683,16.199535,True
2017-09-15 12:40:00,-2.3500006,89,-7,-0.55999976,-1.6082634,-24.841843,14.563686,True,2.050001,-0.8794196,-24.994114,15.234116,True
2017-09-15 12:45:00,1.1499993,89,-7,-0.7799991,1.0375897,-23.0394,16.72557,True,0.35000005,1.0472122,-23.58371,16.792099,True
2017-09-15 12:50:00,3.2000005,89,-7,-2.8099997,2.8754804,-22.179281,18.437057,True,-1.4900001,2.715803,-22.830555,18.362709,True
2017-09-15 12:55:00,3.4500005,89,-7,-3.0499995,2.8096483,-22.460371,18.577053,True,-0.94000083,2.3782384,-23.264633,18.272282,True
2017-09-15 13:00:00,3.300001,89,-6,-3.1499999,2.5700948,-22.031624,17.959095,True,-1.7500004,2.0549142,-22.894758,17.587257,True
2017-09-15 13:05:00,2.1499994,89,-6,-3.1499999,1.3792053,-23.127525,17.162144,True,-3.3500006,0.814058,-24.043243,16.745857,True
2017-09-15 13:10:00,1.2599999,89,-6,-2.4799998,0.72127885,-23.213453,16.148613,True,-3.7099993,0.3418347,-24.04682,15.895855,True
2017-09-15 13:15:00,0.93,89,-7,-0.69000083,0.1747586,-24.02838,15.933868,True,-5.65,-0.3997806,-24.988255,15.513844,True
2017-09-15 13:20:00,1.1300007,89,-9,1.0400006,0.34660688,-25.082611,16.638813,True,-6.0400004,-0.2563251,-26.081367,16.193954,True
2017-09-15 13:25:00,0.059999153,89,-11,1.5700012,-0.5470527,-27.6567,16.81279,True,-7.6600003,-1.0124458,-28.64132,16.482624,True
2017-09-15 13:30:00,0.19000022,89,-12,0.9600007,-0.1113971,-29.444466,17.937428,True,-9.18,-0.32033762,-30.355503,17.826504,True
2017-09-15 13:35:00,-0.04999955,89,-13,1.1499993,0.13677566,-27.831713,17.244373,True,-10.53,0.34020773,-28.536211,17.497757,True
2017-09-15 13:40:00,-0.55999976,89,-13,2.050001,-0.1601928,-26.498327,16.257488,True,-13.01,0.2198445,-27.110352,16.676598,True
2017-09-15 13:45:00,-0.7799991,89,-13,0.35000005,0.028527899,-24.670813,15.562702,True,-16.18,0.76068085,-25.086405,16.301006,True
2017-09-15 13:50:00,-2.8099997,89,-13,-1.4900001,-2.0345423,-24.913464,13.398182,True,-17.54,-1.3480324,-25.341413,14.111294,True
2017-09-15 13:55:00,-3.0499995,89,-13,-0.94000083,-2.1974432,-23.91866,12.6202965,True,-19.25,-1.4440655,-24.297165,13.408646,True
2017-09-15 14:00:00,-3.1499999,89,-13,-1.7500004,-2.5252993,-24.049484,12.395767,True,-18.1,-1.9827083,-24.559881,13.009415,True
2017-09-15 14:05:00,-3.1499999,89,-14,-3.3500006,-2.3334773,-24.759256,13.075108,True,-18.62,-1.6284145,-25.231096,13.827656,True
2017-09-15 14:10:00,-2.4799998,89,-15,-3.7099993,-1.1084656,-24.987373,14.722172,True,-18.41,0.085103676,-25.259119,15.8925705,True
2017-09-15 14:15:00,-0.69000083,89,-16,-5.65,0.53585404,-24.744953,16.526047,True,-19.99,1.596542,-25.143513,17.583427,True
2017-09-15 14:20:00,1.0400006,89,-17,-6.0400004,2.079542,-23.713362,17.487328,True,-21.06,2.9904172,-24.217928,18.429314,True
2017-09-15 14:25:00,1.5700012,89,-17,-7.6600003,1.7775055,-22.163513,15.876373,True,-20.05,1.96936,-22.987629,16.225994,True
2017-09-15 14:30:00,0.9600007,89,-16,-9.18,0.87013215,-21.893614,14.327843,True,-20.05,0.79237527,-22.838984,14.460175,True
2017-09-15 14:35:00,1.1499993,89,-16,-10.53,0.9384534,-21.629839,13.983273,True,-18.42,0.7520825,-22.647043,14.037945,True
2017-09-15 14:40:00,2.050001,89,-15,-13.01,1.4947487,-20.761742,13.904343,True,-17.51,1.0049435,-21.933924,13.711506,True
2017-09-15 14:45:00,0.35000005,89,-14,-16.18,0.5668847,-20.947979,12.531841,True,-17.39,0.7677304,-21.728765,12.956547,True
2017-09-15 14:50:00,-1.4900001,89,-15,-17.54,-1.004229,-21.804457,10.88349,True,-16.67,-0.57087165,-22.445599,11.5264225,True
2017-09-15 14:55:00,-0.94000083,89,-14,-19.25,-0.10544999,-21.415258,11.545805,True,-16.46,0.65426034,-21.879044,12.483669,True
2017-09-15 15:00:00,-1.7500004,89,-14,-18.1,-0.3937553,-21.795889,11.121084,True,-16.34,0.8492009,-21.974886,12.4879,True
2017-09-15 15:05:00,-3.3500006,89,-14,-18.62,-1.6888927,-22.675737,9.636328,True,-16.12,-0.15829118,-22.662222,11.265434,True
2017-09-15 15:10:00,-3.7099993,89,-14,-18.41,-1.9695038,-21.910513,8.522575,True,-15.16,-0.3415092,-21.771189,10.268564,True
2017-09-15 15:15:00,-5.65,89,-13,-19.99,-3.9526742,-22.550598,6.1292663,True,-14.09,-2.3588564,-22.356842,7.8724475,True
2017-09-15 15:20:00,-6.0400004,89,-13,-21.06,-4.680756,-22.625406,5.0962768,True,-13.84,-3.4069598,-22.6036,6.5791373,True
2017-09-15 15:25:00,-7.6600003,89,-11,-20.05,-5.8455205,-23.176704,3.7376153,True,-12.96,-4.129663,-22.809677,5.628883,True
2017-09-15 15:30:00,-9.18,89,-11,-20.05,-7.5472465,-25.163164,2.6736104,True,-12.54,-6.028978,-24.94514,4.3818755,True
2017-09-15 15:35:00,-10.53,89,-12,-18.42,-8.67717,-25.599297,1.1875111,True,-12.33,-6.9336514,-25.165369,3.113281,True
2017-09-15 15:40:00,-13.01,89,-11,-17.51,-11.082134,-27.182224,-1.2338527,True,-12.2,-9.270611,-26.633858,0.7699105,True
2017-09-15 15:45:00,-16.18,89,-13,-17.39,-14.381602,-29.653147,-4.3254046,True,-12.18,-12.720249,-29.141315,-2.4432223,True
2017-09-15 15:50:00,-17.54,89,-13,-16.67,-15.8794985,-30.733664,-5.789291,True,-12.2,-14.358593,-30.280355,-4.022513,True
2017-09-15 15:55:00,-19.25,89,-13,-16.46,-17.571949,-31.987011,-7.563849,True,-11.84,-16.03843,-31.475113,-5.772815,True
2017-09-15 16:00:00,-18.1,89,-11,-16.34,-16.392757,-30.550207,-7.06307,True,-10.49,-14.799744,-29.965576,-5.1924024,True
2017-09-15 16:05:00,-18.62,89,-9,-16.12,-16.84272,-31.034147,-7.455096,True,-10.01,-15.177819,-30.376846,-5.5182242,True
2017-09-15 16:10:00,-18.41,89,-9,-15.16,-16.380339,-30.685656,-7.1731896,True,-10.16,-14.446661,-29.811811,-4.9840255,True
2017-09-15 16:15:00,-19.99,89,-9,-14.09,-17.728655,-31.805882,-8.558166,True,-9.2,-15.559863,-30.696972,-6.1466365,True
2017-09-15 16:20:00,-21.06,89,-8,-13.84,-18.665733,-32.347977,-9.815127,True,-7.5800004,-16.34473,-31.043428,-7.2539945,True
2017-09-15 16:25:00,-20.05,89,-7,-12.96,-17.414278,-31.019922,-9.108631,True,-6.4100003,-14.809119,-29.46457,-6.2688966,True
2017-09-15 16:30:00,-20.05,89,-7,-12.54,-17.256489,-30.707722,-9.296411,True,-4.4500003,-14.464821,-28.96543,-6.2709346,False
2017-09-15 16:35:00,-18.42,89,-7,-12.33,-15.394226,-29.081863,-7.7593284,True,-3.6399996,-12.327522,-27.137625,-4.4794097,False
2017-09-15 16:40:00,-17.51,89,-5,-12.2,-14.201676,-28.181217,-6.6856475,True,-2.49,-10.821769,-26.011633,-3.119816,False
2017-09-15 16:45:00,-17.39,89,-5,-12.18,-14.136281,-28.1425,-6.668447,True,-3.2700007,-10.7997,-26.010494,-3.1385996,True
2017-09-15 16:50:00,-16.67,89,-4,-12.2,-13.247514,-27.504889,-5.824264,True,-3.4400008,-9.719341,-25.243084,-2.126858,True
2017-09-15 16:55:00,-16.46,89,-4,-11.84,-12.9275875,-27.542301,-5.356135,True,-3.9200003,-9.280201,-25.224352,-1.5615867,True
2017-09-15 17:00:00,-16.34,89,-3,-10.49,-12.549214,-27.5745,-4.8332114,True,-8.16,-8.623155,-25.065783,-0.80210143,True
2017-09-15 17:05:00,-16.12,89,-3,-10.01,-12.089885,-27.40046,-4.311688,True,-12.97,-7.905847,-24.706694,-0.05739434,True
2017-09-15 17:10:00,-15.16,89,-2,-10.16,-11.078975,-26.205763,-3.6482947,True,-18.5,-6.8229003,-23.44032,0.6908433,True
2017-09-15 17:15:00,-14.09,89,-1,-9.2,-10.018434,-24.760595,-3.0160964,True,-21.85,-5.7507205,-21.942532,1.3566891,True
2017-09-15 17:20:00,-13.84,89,-1,-7.5800004,-9.589586,-24.445257,-2.6164935,True,-27.4,-5.1335845,-21.472157,1.9239994,False
2017-09-15 17:25:00,-12.96,89,-1,-6.4100003,-8.402615,-23.968487,-1.2323898,True,-28.18,-3.6206915,-20.817783,3.575569,False
2017-09-15 17:30:00,-12.54,89,0,-4.4500003,-7.8455253,-23.230436,-0.94101936,True,-30.8,-2.8917162,-19.909672,4.0335116,False
2017-09-15 17:35:00,-12.33,89,-2,-3.6399996,-7.775721,-23.50853,-0.60414153,True,-31.94,-2.9740698,-20.349836,4.209884,False
2017-09-15 17:40:00,-12.2,89,-2,-2.49,-7.723698,-23.891745,-0.2850555,True,-30.59,-2.9976084,-20.837906,4.434671,False
2017-09-15 17:45:00,-12.18,89,-2,-3.2700007,-7.632899,-25.795794,0.9315335,True,-30.38,-2.851866,-22.899858,5.600061,False
2017-09-15 17:50:00,-12.2,89,-2,-3.4400008,-8.310192,-28.149572,1.3848301,True,-28.43,-4.259196,-25.93265,5.3355613,False
2017-09-15 17:55:00,-11.84,89,-2,-3.9200003,-8.246611,-29.468428,2.2402208,True,-26.5,-4.5472827,-27.590796,5.835714,True
2017-09-15 18:00:00,-10.49,89,-2,-8.16,-6.765348,-27.44319,3.3535268,True,-26.09,-2.9450858,-25.456837,7.0752864,False
2017-09-15 18:05:00,-10.01,89,-2,-12.97,-6.969189,-29.401962,4.1253085,True,-24.67,-3.8989937,-28.015745,7.1370673,True
2017-09-15 18:10:00,-10.16,89,-2,-18.5,-8.742061,-36.901073,5.1215625,True,-22.62,-7.4109416,-36.765438,6.5272517,True
2017-09-15 18:15:00,-9.2,89,-2,-21.85,-10.09248,-46.740906,6.9108176,True,-19.67,-11.074444,-47.92395,6.313852,True
2017-09-15 18:20:00,-7.5800004,89,0,-27.4,-11.392934,-52.44468,7.4513164,True,-18.44,-15.055468,-54.838333,4.627464,True
2017-09-15 18:25:00,-6.4100003,89,-1,-28.18,-10.554618,-47.511906,7.2960143,True,-16.5,-14.548035,-50.051502,4.1390796,True
2017-09-15 18:30:00,-4.4500003,89,-1,-30.8,-8.470302,-43.320683,8.793463,True,-14.33,-12.367724,-45.81089,5.6772685,True
2017-09-15 18:35:00,-3.6399996,89,-2,-31.94,-8.926856,-43.225918,8.834129,True,-11.75,-13.950923,-46.217052,4.715078,True
2017-09-15 18:40:00,-2.49,89,-2,-30.59,-7.803867,-41.478363,9.99202,True,-10.99,-12.855586,-44.46553,5.8135943,True
2017-09-15 18:45:00,-3.2700007,89,-4,-30.38,-8.41083,-40.556713,9.492277,True,-11.17,-13.293933,-43.49408,5.4223857,True
2017-09-15 18:50:00,-3.4400008,89,-6,-28.43,-7.3240724,-37.200146,9.738186,True,-18.71,-11.089894,-39.659275,6.6269393,True
2017-09-15 18:55:00,-3.9200003,89,-6,-26.5,-6.833758,-34.95233,9.532913,True,-20.37,-9.708384,-37.00035,7.195888,True
2017-09-15 19:00:00,-8.16,89,-7,-26.09,-10.125773,-35.27354,5.7730327,True,-20.22,-12.092329,-36.905506,4.235584,True
2017-09-15 19:05:00,-12.97,89,-9,-24.67,-13.966992,-36.437363,1.4258343,True,-19.85,-14.996167,-37.542843,0.72590226,True
2017-09-15 19:10:00,-18.5,89,-14,-22.62,-18.286942,-38.143803,-3.625624,True,-19.3,-18.151241,-38.443226,-3.2677462,True
2017-09-15 19:15:00,-21.85,89,-17,-19.67,-20.792446,-39.55713,-6.767631,True,-20.31,-19.835348,-39.187,-5.666902,True
2017-09-15 19:20:00,-27.4,89,-20,-18.44,-25.670895,-43.550568,-11.716843,True,-21.02,-24.057583,-42.569275,-10.024748,True
2017-09-15 19:25:00,-28.18,89,-23,-16.5,-25.94504,-44.075996,-12.196213,True,-20.9,-23.813599,-42.656483,-10.049393,True
2017-09-15 19:30:00,-30.8,89,-22,-14.33,-28.746918,-47.127937,-14.495212,False,-21.48,-26.788568,-45.826885,-12.523312,True
2017-09-15 19:35:00,-31.94,89,-23,-11.75,-30.75502,-49.907383,-15.643324,False,-19.49,-29.642975,-49.311146,-14.452044,True
2017-09-15 19:40:00,-30.59,89,-21,-10.99,-29.602177,-47.602177,-15.38631,False,-19.62,-28.659794,-47.11019,-14.339464,True
2017-09-15 19:45:00,-30.38,89,-19,-11.17,-29.59476,-46.428925,-15.972128,False,-18.44,-28.836649,-46.04836,-15.085388,True
2017-09-15 19:50:00,-28.43,89,-20,-18.71,-27.616207,-43.729996,-14.687026,True,-17.47,-26.821056,-43.300354,-13.7653265,True
2017-09-15 19:55:00,-26.5,89,-20,-20.37,-25.74246,-41.61141,-13.20678,True,-14.91,-24.997265,-41.214096,-12.336319,True
2017-09-15 20:00:00,-26.09,89,-22,-20.22,-25.160606,-41.07092,-12.622743,True,-15.02,-24.23523,-40.51181,-11.600825,True
2017-09-15 20:05:00,-24.67,89,-22,-19.85,-23.461922,-39.45144,-11.095633,True,-15.15,-22.26339,-38.667053,-9.836878,True
2017-09-15 20:10:00,-22.62,89,-21,-19.3,-21.087784,-37.430424,-8.917029,True,-14.57,-19.567099,-36.397434,-7.3800855,True
2017-09-15 20:15:00,-19.67,89,-18,-20.31,-17.654528,-34.77018,-5.677954,True,-14.34,-15.65214,-33.394257,-3.7237751,True
2017-09-15 20:20:00,-18.44,89,-17,-21.02,-15.789866,-33.2828,-4.1395354,True,-14.91,-13.133767,-31.40034,-1.6090873,True
2017-09-15 20:25:00,-16.5,89,-16,-20.9,-13.291482,-31.179647,-2.1193755,True,-15.259999,-10.050502,-28.861713,0.91848725,True
2017-09-15 20:30:00,-14.33,89,-15,-21.48,-10.493729,-28.559254,0.03729026,True,-16.1,-6.6137815,-25.774662,3.6382902,True
2017-09-15 20:35:00,-11.75,89,-13,-19.49,-7.315758,-26.236942,2.8456666,True,-16.81,-2.8470252,-23.098808,6.944999,True
2017-09-15 20:40:00,-10.99,89,-13,-19.62,-6.2795253,-26.61966,4.1530776,True,-17.12,-1.5481838,-23.397455,8.433331,True
2017-09-15 20:45:00,-11.17,89,-14,-18.44,-6.819161,-28.471962,4.1483912,True,-17.09,-2.4688551,-25.611164,8.040575,True
2017-09-15 20:50:00,-18.71,89,-16,-17.47,-15.441229,-35.8798,-3.3656046,True,-17.94,-12.165512,-33.597607,-0.41947207,True
2017-09-15 20:55:00,-20.37,89,-23,-14.91,-17.596645,-37.53631,-5.2387166,True,-19.02,-14.833251,-35.591515,-2.7512305,True
2017-09-15 21:00:00,-20.22,89,-26,-15.02,-19.03897,-41.02,-5.36039,True,-19.51,-17.928474,-40.34262,-4.370357,True
2017-09-15 21:05:00,-19.85,89,-26,-15.15,-18.304234,-37.258217,-5.847096,True,-19.22,-16.80772,-36.230114,-4.4956307,True
2017-09-15 21:10:00,-19.3,89,-25,-14.57,-17.956171,-36.011944,-5.8825393,True,-21.04,-16.658632,-35.101406,-4.7092986,True
2017-09-15 21:15:00,-20.31,89,-25,-14.34,-18.566414,-37.33789,-5.9625783,True,-26.07,-16.862396,-36.099785,-4.440228,True
2017-09-15 21:20:00,-21.02,89,-26,-14.91,-19.933056,-40.19582,-6.27138,True,-25.67,-18.900793,-39.477455,-5.3717065,True
2017-09-15 21:25:00,-20.9,89,-26,-15.259999,-20.241425,-41.788467,-5.813112,True,-29.44,-19.64951,-41.39558,-5.321996,True
2017-09-15 21:30:00,-21.48,89,-24,-16.1,-21.018822,-43.372227,-5.898889,True,-31.62,-20.628849,-43.114193,-5.5970902,True
2017-09-15 21:35:00,-19.49,89,-19,-16.81,-19.273142,-42.490505,-4.033337,True,-33.06,-19.138205,-42.405586,-3.9688628,True
2017-09-15 21:40:00,-19.62,89,-19,-17.12,-19.535233,-43.405273,-3.7819512,True,-32.64,-19.531189,-43.394863,-3.840522,True
2017-09-15 21:45:00,-18.44,89,-18,-17.09,-19.557516,-45.457653,-3.00441,True,-31.94,-20.72127,-46.1877,-4.0880218,True
2017-09-15 21:50:00,-17.47,89,-16,-17.94,-19.021122,-44.958622,-2.46826,True,-32.55,-20.597656,-45.93152,-3.9248698,True
2017-09-15 21:55:00,-14.91,89,-14,-19.02,-17.464233,-45.376415,-0.5296729,True,-33.51,-20.00544,-46.868668,-2.8288634,True
2017-09-15 22:00:00,-15.02,89,-13,-19.51,-18.654789,-47.609398,-1.0074466,True,-35.51,-22.172348,-49.627163,-4.1514564,True
2017-09-15 22:05:00,-15.15,89,-13,-19.22,-19.912682,-50.20664,-1.340361,True,,,,,False
2017-09-15 22:10:00,-14.57,89,-12,-21.04,-20.313013,-52.121002,-0.9541362,True,,,,,False
2017-09-15 22:15:00,-14.34,89,-13,-26.07,-21.141567,-53.20576,-1.2653812,True,,,,,False
2017-09-15 22:20:00,-14.91,89,-12,-25.67,-23.262787,-55.8311,-2.4517138,True,,,,,False
2017-09-15 22:25:00,-15.259999,89,-14,-29.44,-26.590937,-61.2216,-4.1802373,True,,,,,False
2017-09-15 22:30:00,-16.1,89,-14,-31.62,-28.328224,-62.713493,-5.1583323,True,,,,,False
2017-09-15 22:35:00,-16.81,89,-14,-33.06,-29.845505,-64.26042,-5.7886224,True,,,,,False
2017-09-15 22:40:00,-17.12,89,-16,-32.64,-29.764809,-62.0891,-5.8407874,True,,,,,False
2017-09-15 22:45:00,-17.09,89,-16,-31.94,-29.551802,-61.532253,-5.383365,True,,,,,False
2017-09-15 22:50:00,-17.94,89,-16,-32.55,-30.936031,-63.13814,-6.1836543,True,,,,,False
2017-09-15 22:55:00,-19.02,89,-17,-33.51,-30.667477,-61.137592,-6.3426423,True,,,,,False
2017-09-15 23:00:00,-19.51,89,-18,-35.51,-31.191965,-61.453777,-6.773208,True,,,,,False
2017-09-15 23:05:00,-19.22,89,-18,,,,,False,,,,,False
2017-09-15 23:10:00,-21.04,89,-19,,,,,False,,,,,False
2017-09-15 23:15:00,-26.07,89,-19,,,,,False,,,,,False
2017-09-15 23:20:00,-25.67,89,-20,,,,,False,,,,,False
2017-09-15 23:25:00,-29.44,89,-19,,,,,False,,,,,False
2017-09-15 23:30:00,-31.62,89,-19,,,,,False,,,,,False
2017-09-15 23:35:00,-33.06,89,-20,,,,,False,,,,,False
2017-09-15 23:40:00,-32.64,89,-19,,,,,False,,,,,False
2017-09-15 23:45:00,-31.94,89,-19,,,,,False,,,,,False
2017-09-15 23:50:00,-32.55,89,-18,,,,,False,,,,,False
2017-09-15 23:55:00,-33.51,89,-20,,,,,False,,,,,False
