,LDi_HON,storm_index,SYM_H,Observed_LDi_HON-1h,Predicted_LDi_HON-1h,Quantile_05_LDi_HON-1h,Quantile_95_LDi_HON-1h,inside_90%_LDi_HON-1h,Observed_LDi_HON-2h,Predicted_LDi_HON-2h,Quantile_05_LDi_HON-2h,Quantile_95_LDi_HON-2h,inside_90%_LDi_HON-2h
2021-11-01 08:00:00,-23.84,92,-15,-20.73,-21.48243,-32.804024,-8.241134,True,-17.92,-19.249413,-30.707762,-6.4014115,True
2021-11-01 08:05:00,-23.59,92,-16,-20.79,-21.247097,-32.548065,-7.944814,True,-15.16,-19.027685,-30.479467,-6.1125627,True
2021-11-01 08:10:00,-23.84,92,-16,-21.45,-21.247458,-32.59305,-7.8892837,True,-11.52,-18.811296,-30.353708,-5.865805,True
2021-11-01 08:15:00,-23.84,92,-16,-21.81,-21.043768,-32.310204,-7.732368,True,-10.04,-18.431278,-29.935215,-5.5501046,True
2021-11-01 08:20:00,-23.94,92,-16,-21.87,-21.044611,-32.20657,-7.7384458,True,-8.95,-18.34829,-29.76806,-5.48204,True
2021-11-01 08:25:00,-24.11,92,-16,-21.8,-21.147537,-32.14119,-7.9051127,True,-8.36,-18.396862,-29.660872,-5.598558,True
2021-11-01 08:30:00,-24.34,92,-16,-21.69,-21.209621,-32.096733,-8.028364,True,-8.3,-18.315643,-29.495949,-5.596803,True
2021-11-01 08:35:00,-24.84,92,-17,-21.55,-21.635735,-32.33821,-8.500711,True,-8.31,-18.680319,-29.681616,-6.0167184,True
2021-11-01 08:40:00,-24.84,92,-18,-21.32,-21.711273,-32.22597,-8.632402,True,-8.2,-18.82823,-29.640543,-6.205281,True
2021-11-01 08:45:00,-24.36,92,-18,-20.4,-21.34145,-31.74651,-8.377996,True,-7.9500003,-18.55494,-29.261246,-6.0297465,True
2021-11-01 08:50:00,-22.88,92,-18,-20.01,-20.066801,-30.510202,-7.312881,True,-7.6600003,-17.449354,-28.19882,-5.109033,True
2021-11-01 08:55:00,-20.99,92,-18,-19.24,-18.28533,-28.870657,-5.8577676,True,-7.82,-15.750494,-26.661776,-3.7224467,True
2021-11-01 09:00:00,-20.73,92,-17,-17.92,-17.945822,-28.524015,-5.6880345,True,-7.98,-15.341829,-26.27141,-3.4878695,True
2021-11-01 09:05:00,-20.79,92,-17,-15.16,-18.016659,-28.459545,-5.9285054,True,-8.15,-15.423433,-26.223497,-3.7320092,True
2021-11-01 09:10:00,-21.45,92,-17,-11.52,-18.47639,-28.852547,-6.4947696,True,-8.52,-15.712735,-26.475864,-4.143972,True
2021-11-01 09:15:00,-21.81,92,-17,-10.04,-18.792242,-29.043943,-6.9320464,True,-8.82,-15.994185,-26.641666,-4.544927,True
2021-11-01 09:20:00,-21.87,92,-18,-8.95,-18.511948,-28.937496,-6.72928,True,-9.1,-15.412723,-26.289263,-4.0766597,True
2021-11-01 09:25:00,-21.8,92,-18,-8.36,-18.295515,-28.79704,-6.635158,True,-9.22,-15.063345,-26.047703,-3.861973,True
2021-11-01 09:30:00,-21.69,92,-18,-8.3,-17.951656,-28.517513,-6.512817,True,-9.48,-14.508986,-25.599316,-3.5473769,True
2021-11-01 09:35:00,-21.55,92,-19,-8.31,-17.818935,-28.264568,-6.6580415,True,-9.47,-14.381448,-25.35624,-3.685486,True
2021-11-01 09:40:00,-21.32,92,-19,-8.2,-17.523804,-27.94221,-6.6176248,True,-9.55,-14.024339,-24.985088,-3.5836375,True
2021-11-01 09:45:00,-20.4,92,-19,-7.9500003,-16.808327,-27.169487,-6.150683,True,-9.63,-13.480405,-24.380688,-3.2611754,True
2021-11-01 09:50:00,-20.01,92,-19,-7.6600003,-16.534962,-26.819946,-6.021996,True,-9.8,-13.307475,-24.129467,-3.2136633,True
2021-11-01 09:55:00,-19.24,92,-18,-7.82,-15.6863985,-26.063616,-5.375276,True,-10.02,-12.37989,-23.325705,-2.4917376,True
2021-11-01 10:00:00,-17.92,92,-18,-7.98,-14.541255,-24.947184,-4.496039,True,-10.2,-11.38412,-22.362946,-1.7338814,True
2021-11-01 10:05:00,-15.16,92,-17,-8.15,-11.969689,-22.584011,-2.3699439,True,-10.170001,-8.967165,-20.17895,0.26727453,True
2021-11-01 10:10:00,-11.52,92,-16,-8.52,-8.658229,-19.657621,0.48735395,True,-9.89,-5.936869,-17.550224,2.8863714,True
2021-11-01 10:15:00,-10.04,92,-15,-8.82,-7.309276,-18.448687,1.5795399,True,-9.7,-4.6993995,-16.462988,3.889753,True
2021-11-01 10:20:00,-8.95,92,-14,-9.1,-6.333589,-17.616741,2.3914754,True,-9.61,-3.825041,-15.739314,4.6210456,True
2021-11-01 10:25:00,-8.36,92,-14,-9.22,-5.8943276,-17.201208,2.7528875,True,-9.21,-3.5228922,-15.452655,4.8699775,True
2021-11-01 10:30:00,-8.3,92,-13,-9.48,-5.722049,-17.04603,2.8030775,True,-7.44,-3.2498,-15.227834,5.0193324,True
2021-11-01 10:35:00,-8.31,92,-13,-9.47,-5.6304774,-16.907276,2.7293622,True,-5.9100003,-3.0692656,-15.019955,5.036367,True
2021-11-01 10:40:00,-8.2,92,-13,-9.55,-5.244552,-16.557272,2.8909242,True,-6.1200004,-2.4336054,-14.4727335,5.433702,True
2021-11-01 10:45:00,-7.9500003,92,-13,-9.63,-4.9586015,-16.270823,2.9502962,True,-5.439999,-2.1136649,-14.165742,5.536556,True
2021-11-01 10:50:00,-7.6600003,92,-12,-9.8,-4.524119,-15.8970995,3.153486,True,-5.0800004,-1.5454582,-13.695023,5.871574,True
2021-11-01 10:55:00,-7.82,92,-12,-10.02,-4.56838,-15.92725,2.9161317,True,-5.07,-1.4790386,-13.638241,5.7464175,True
2021-11-01 11:00:00,-7.98,92,-11,-10.2,-4.7269244,-16.03826,2.65114,True,-5.27,-1.6316265,-13.747821,5.496906,True
2021-11-01 11:05:00,-8.15,92,-11,-10.170001,-4.7898345,-16.10586,2.4724271,True,-5.1700006,-1.5933746,-13.736506,5.4201865,True
2021-11-01 11:10:00,-8.52,92,-11,-9.89,-5.1425395,-16.404873,2.0829751,True,-5.1,-1.9293922,-14.018779,5.0559993,True
2021-11-01 11:15:00,-8.82,92,-10,-9.7,-5.4961495,-16.65286,1.6865517,True,-4.81,-2.332516,-14.301653,4.627113,True
2021-11-01 11:20:00,-9.1,92,-10,-9.61,-5.9111915,-16.947147,1.2675015,True,-4.6200004,-2.8691466,-14.700481,4.1106944,True
2021-11-01 11:25:00,-9.22,92,-10,-9.21,-6.0715976,-17.062407,1.0620533,True,-4.4500003,-3.0673068,-14.848605,3.8824575,True
2021-11-01 11:30:00,-9.48,92,-9,-7.44,-5.7637935,-17.020472,1.331947,True,-3.8099997,-2.2371008,-14.379711,4.631492,True
2021-11-01 11:35:00,-9.47,92,-9,-5.9100003,-5.065862,-16.763851,2.1151617,True,-3.07,-0.91002685,-13.624764,5.9816623,True
2021-11-01 11:40:00,-9.55,92,-9,-6.1200004,-4.4212937,-16.561089,2.7933614,True,-3.0000002,0.3961121,-12.891397,7.255897,True
2021-11-01 11:45:00,-9.63,92,-9,-5.439999,-3.923858,-16.46133,3.2960641,True,-2.2299998,1.4257313,-12.37674,8.23424,True
2021-11-01 11:50:00,-9.8,92,-9,-5.0800004,-3.5581114,-16.45158,3.641319,True,-1.7999996,2.284578,-11.976071,9.022846,True
2021-11-01 11:55:00,-10.02,92,-9,-5.07,-3.4069617,-16.538414,3.7508123,True,-1.4599994,2.7853906,-11.779632,9.44787,True
2021-11-01 12:00:00,-10.2,92,-9,-5.27,-3.329077,-16.62788,3.7898023,True,-1.3799995,3.1122377,-11.665756,9.712994,True
2021-11-01 12:05:00,-10.170001,92,-9,-5.1700006,-3.3109877,-16.637962,3.7416952,True,-0.99000007,3.1325529,-11.67093,9.67981,True
2021-11-01 12:10:00,-9.89,92,-9,-5.1,-3.4296896,-16.553957,3.536226,True,-0.38999972,2.6533506,-11.879362,9.173759,True
2021-11-01 12:15:00,-9.7,92,-8,-4.81,-3.440365,-16.423077,3.4376829,True,-0.020000773,2.4571931,-11.888214,8.929422,True
2021-11-01 12:20:00,-9.61,92,-9,-4.6200004,-3.9445717,-16.638151,2.9742239,True,0.9899995,1.4159752,-12.548918,7.9973426,True
2021-11-01 12:25:00,-9.21,92,-8,-4.4500003,-3.789344,-16.42352,3.087034,True,2.0699995,1.3504559,-12.537077,7.925981,True
2021-11-01 12:30:00,-7.44,92,-6,-3.8099997,-2.6304438,-15.218852,4.1696696,True,2.640001,1.9406677,-11.860682,8.514822,True
2021-11-01 12:35:00,-5.9100003,92,-3,-3.07,-1.4796604,-14.134801,5.245359,True,3.390001,2.7405279,-11.119127,9.28882,True
2021-11-01 12:40:00,-6.1200004,92,-3,-3.0000002,-1.832539,-14.445986,4.959493,True,4.8299994,2.2650716,-11.536352,8.899792,True
2021-11-01 12:45:00,-5.439999,92,-2,-2.2299998,-1.1075367,-13.927525,5.698066,True,5.229999,3.0347784,-11.01485,9.688927,True
2021-11-01 12:50:00,-5.0800004,92,-2,-1.7999996,-0.6572307,-13.672611,6.21314,True,5.36,3.5703638,-10.712455,10.289137,True
2021-11-01 12:55:00,-5.07,92,-2,-1.4599994,-0.60334426,-13.769102,6.347137,True,5.7599998,3.6697042,-10.788919,10.469755,True
2021-11-01 13:00:00,-5.27,92,-1,-1.3799995,-0.5393546,-13.860808,6.475755,True,6.4200015,3.9806573,-10.678929,10.829214,True
2021-11-01 13:05:00,-5.1700006,92,-2,-0.99000007,-0.03445275,-13.601266,6.9979033,True,7.139999,4.8526053,-10.124986,11.693472,True
2021-11-01 13:10:00,-5.1,92,-2,-0.38999972,0.28410688,-13.391854,7.353212,True,7.77,5.3903975,-9.726596,12.258896,True
2021-11-01 13:15:00,-4.81,92,-2,-0.020000773,0.70155495,-13.132757,7.725744,True,7.93,5.9267554,-9.382376,12.747246,True
2021-11-01 13:20:00,-4.6200004,92,-1,0.9899995,1.228069,-13.032506,8.324209,True,8.050001,6.7552466,-9.080048,13.61697,True
2021-11-01 13:25:00,-4.4500003,92,-1,2.0699995,1.7411667,-12.782648,8.849752,True,8.75,7.570497,-8.598402,14.424561,True
2021-11-01 13:30:00,-3.8099997,92,-1,2.640001,2.7545278,-12.203691,9.7754135,True,9.700001,8.909975,-7.821647,15.651199,True
2021-11-01 13:35:00,-3.07,92,-1,3.390001,3.5967844,-11.582351,10.554632,True,9.77,9.838343,-7.1792665,16.520824,True
2021-11-01 13:40:00,-3.0000002,92,0,4.8299994,3.5633962,-11.636347,10.515156,True,9.690001,9.735006,-7.302212,16.422089,True
2021-11-01 13:45:00,-2.2299998,92,0,5.229999,4.065822,-11.141048,11.002333,True,9.000002,9.996492,-7.030417,16.70583,True
2021-11-01 13:50:00,-1.7999996,92,0,5.36,4.1389174,-10.98803,11.071684,True,7.86,9.763975,-7.13489,16.510868,True
2021-11-01 13:55:00,-1.4599994,92,0,5.7599998,4.417032,-10.771691,11.353127,True,7.6599994,9.992268,-6.970881,16.756119,True
2021-11-01 14:00:00,-1.3799995,92,0,6.4200015,4.973577,-10.55815,11.8995,True,8.26,10.966455,-6.4501147,17.689983,True
2021-11-01 14:05:00,-0.99000007,92,0,7.139999,5.988918,-9.991548,12.832581,True,8.300001,12.513878,-5.502375,19.120422,True
2021-11-01 14:10:00,-0.38999972,92,1,7.77,6.8815017,-9.4375105,13.659237,True,8.66,13.646076,-4.8108745,20.179874,True
2021-11-01 14:15:00,-0.020000773,92,1,7.93,7.483831,-9.065216,14.192181,True,9.35,14.4433975,-4.3187575,20.90549,True
2021-11-01 14:20:00,0.9899995,92,2,8.050001,8.522837,-8.255274,15.118034,True,9.140001,15.474537,-3.5669386,21.848644,True
2021-11-01 14:25:00,2.0699995,92,3,8.75,9.571508,-7.3928723,16.085888,True,9.24,16.449268,-2.8063567,22.77684,True
2021-11-01 14:30:00,2.640001,92,3,9.700001,9.977856,-7.1014886,16.516506,True,10.1,16.706043,-2.6592028,23.07634,True
2021-11-01 14:35:00,3.390001,92,4,9.77,10.588575,-6.5099053,17.083096,True,10.57,17.175583,-2.1901457,23.535767,True
2021-11-01 14:40:00,4.8299994,92,5,9.690001,11.800346,-5.5668464,18.33622,True,10.77,18.132385,-1.5178665,24.57066,True
2021-11-01 14:45:00,5.229999,92,6,9.000002,11.66563,-5.5165086,18.305573,True,10.940001,17.560574,-1.786074,24.144852,True
2021-11-01 14:50:00,5.36,92,5,7.86,11.029726,-5.826512,17.811386,True,11.290001,16.306309,-2.5344813,23.077972,True
2021-11-01 14:55:00,5.7599998,92,5,7.6599994,10.804691,-5.7995763,17.689209,True,11.68,15.553051,-2.900614,22.480793,True
2021-11-01 15:00:00,6.4200015,92,5,8.26,10.217297,-6.2173142,17.510586,True,11.870001,13.881844,-4.158913,21.294518,True
2021-11-01 15:05:00,7.139999,92,6,8.300001,10.049213,-6.446423,17.806767,True,11.51,12.915718,-5.020619,20.84908,True
2021-11-01 15:10:00,7.77,92,6,8.66,9.868839,-6.624788,18.018948,True,11.269999,11.98024,-5.7517447,20.364956,True
2021-11-01 15:15:00,7.93,92,6,9.35,9.443071,-7.0970693,17.952736,True,11.85,11.002794,-6.631104,19.795666,True
2021-11-01 15:20:00,8.050001,92,6,9.140001,9.4474945,-7.175489,18.116608,True,12.279999,10.895208,-6.793818,19.858288,True
2021-11-01 15:25:00,8.75,92,6,9.24,10.231003,-6.717793,18.926525,True,12.950001,11.757683,-6.298018,20.742916,True
2021-11-01 15:30:00,9.700001,92,7,10.1,11.805878,-5.4971623,20.226791,True,15.139999,13.911957,-4.688643,22.588509,True
2021-11-01 15:35:00,9.77,92,6,10.57,12.803669,-4.645845,20.84763,True,15.299999,15.7545395,-3.2241995,23.999084,True
2021-11-01 15:40:00,9.690001,92,6,10.77,13.864292,-3.7923968,21.473179,True,15.549999,17.824524,-1.6407341,25.579948,True
2021-11-01 15:45:00,9.000002,92,5,10.940001,14.521431,-3.2007697,21.727123,True,15.66,19.63092,-0.16128762,26.935356,True
2021-11-01 15:50:00,7.86,92,4,11.290001,14.807781,-3.1968405,21.728756,True,17.220001,21.097668,0.76117676,28.07203,True
2021-11-01 15:55:00,7.6599994,92,2,11.68,14.517757,-3.3534453,21.341839,True,17.190002,20.776283,0.6123368,27.664051,True
2021-11-01 16:00:00,8.26,92,2,11.870001,14.249695,-3.3460085,21.141659,True,16.61,19.807762,0.10131042,26.807247,True
2021-11-01 16:05:00,8.300001,92,2,11.51,13.725605,-3.6267455,20.726059,True,15.060001,18.828918,-0.5015262,25.961735,True
2021-11-01 16:10:00,8.66,92,2,11.269999,13.5824585,-3.9596941,20.80383,True,14.510002,18.255665,-1.1992878,25.625519,True
2021-11-01 16:15:00,9.35,92,4,11.85,13.894127,-3.966327,21.345715,True,16.080002,18.220291,-1.5083584,25.832573,True
2021-11-01 16:20:00,9.140001,92,3,12.279999,13.407051,-3.9872954,20.848625,True,14.060001,17.521309,-1.6428894,25.15202,True
2021-11-01 16:25:00,9.24,92,3,12.950001,13.407364,-3.6649382,20.762527,True,13.18,17.440144,-1.3468345,25.006538,True
2021-11-01 16:30:00,10.1,92,3,15.139999,14.587143,-2.701586,21.885574,True,13.510002,18.871773,-0.22808106,26.374462,True
2021-11-01 16:35:00,10.57,92,4,15.299999,15.594181,-2.0490534,22.79358,True,15.330002,20.299294,0.7080018,27.691723,True
2021-11-01 16:40:00,10.77,92,4,15.549999,16.198997,-1.9263958,23.458286,True,15.18,21.217602,1.0238205,28.647297,True
2021-11-01 16:45:00,10.940001,92,5,15.66,16.82312,-1.7514061,24.127129,True,14.869999,22.180317,1.4157597,29.634495,True
2021-11-01 16:50:00,11.290001,92,5,17.220001,17.44202,-1.5334114,24.824402,True,13.240002,22.971848,1.7294613,30.494488,True
2021-11-01 16:55:00,11.68,92,5,17.190002,17.837517,-1.6103061,25.365562,True,13.130001,23.340603,1.5832096,30.994614,True
2021-11-01 17:00:00,11.870001,92,6,16.61,17.971645,-1.6752895,25.611458,True,13.029999,23.415985,1.4593006,31.1762,True
2021-11-01 17:05:00,11.51,92,6,15.060001,17.736374,-2.1396868,25.502888,True,13.029999,23.28421,1.0671669,31.149681,True
2021-11-01 17:10:00,11.269999,92,5,14.510002,18.034912,-2.53562,25.97773,True,11.550001,23.967007,0.9015309,31.96645,True
2021-11-01 17:15:00,11.85,92,6,16.080002,18.977951,-2.22493,27.089016,True,4.7599998,25.104988,1.2852951,33.255783,True
2021-11-01 17:20:00,12.279999,92,7,14.060001,19.745842,-1.777634,27.854828,True,2.4500005,26.040714,1.8300663,34.198166,True
2021-11-01 17:25:00,12.950001,92,8,13.18,20.682426,-1.2600826,28.786,True,-2.8899996,27.06409,2.3707426,35.232037,False
2021-11-01 17:30:00,15.139999,92,11,13.510002,23.563663,0.27893797,31.545845,True,-4.43,30.101433,3.8476846,38.21262,False
2021-11-01 17:35:00,15.299999,92,12,15.330002,24.172451,0.40653387,32.163704,True,-4.2100005,30.927895,4.0757346,39.057083,False
2021-11-01 17:40:00,15.549999,92,14,15.18,24.181671,0.61842316,32.18812,True,-2.74,30.772327,4.195564,38.922092,False
2021-11-01 17:45:00,15.66,92,13,14.869999,23.702953,0.5751397,32.106464,True,3.5799997,29.957703,3.965,38.473557,False
2021-11-01 17:50:00,17.220001,92,15,13.240002,24.650978,1.2823311,33.496967,True,5.68,30.382065,4.277393,39.3486,True
2021-11-01 17:55:00,17.190002,92,16,13.130001,24.021732,0.18253104,33.565434,True,6.03,29.405415,2.9241865,38.998703,True
2021-11-01 18:00:00,16.61,92,16,13.029999,23.058792,-2.034876,33.55299,True,8.139999,28.25769,0.5248658,38.70195,True
2021-11-01 18:05:00,15.060001,92,15,13.029999,21.16948,-4.470919,32.360104,True,7.6200004,26.282719,-1.9722675,37.339516,True
2021-11-01 18:10:00,14.510002,92,14,11.550001,19.443787,-7.226704,31.436504,True,10.93,23.732338,-5.28809,35.58523,True
2021-11-01 18:15:00,16.080002,92,16,4.7599998,18.792404,-11.434143,31.842308,True,16.48,21.16996,-10.741053,34.20535,True
2021-11-01 18:20:00,14.060001,92,17,2.4500005,14.127628,-17.606125,28.232689,True,19.190002,14.131775,-18.252554,28.485771,True
2021-11-01 18:25:00,13.18,92,14,-2.8899996,9.624939,-22.146746,24.466675,True,19.89,6.105411,-24.531805,21.62318,True
2021-11-01 18:30:00,13.510002,92,15,-4.43,8.773325,-22.607851,23.77155,True,8.48,4.0959105,-25.516182,19.880157,True
2021-11-01 18:35:00,15.330002,92,18,-4.2100005,10.897831,-20.502666,25.639694,True,8.130001,6.525726,-23.264685,22.006763,True
2021-11-01 18:40:00,15.18,92,20,-2.74,12.68121,-16.983435,26.878937,True,11.01,10.182079,-18.872393,24.899021,True
2021-11-01 18:45:00,14.869999,92,19,3.5799997,14.875576,-12.70872,28.28389,True,14.029999,14.836502,-13.308523,28.497536,True
2021-11-01 18:50:00,13.240002,92,18,5.68,15.200256,-10.227738,27.994316,True,19.060001,17.078094,-9.686941,29.944668,True
2021-11-01 18:55:00,13.130001,92,17,6.03,16.951523,-6.860761,28.878216,True,23.850002,20.579414,-5.1583066,32.44673,True
2021-11-01 19:00:00,13.029999,92,18,8.139999,18.46785,-4.403108,29.776016,True,24.650002,23.498009,-1.6968082,34.665936,True
2021-11-01 19:05:00,13.029999,92,18,7.6200004,21.418129,-1.6431278,32.031334,True,20.720001,28.577797,2.5290926,38.986862,True
2021-11-01 19:10:00,11.550001,92,18,10.93,21.343582,-1.5413727,31.392872,True,7.9999995,29.523708,3.4472005,39.354137,True
2021-11-01 19:15:00,4.7599998,92,15,16.48,17.652699,-5.771956,27.539196,True,9.620001,28.499004,1.5443436,37.907597,True
2021-11-01 19:20:00,2.4500005,92,8,19.190002,17.811035,-7.9596744,28.047443,True,11.880001,30.297077,0.42711797,39.803673,True
2021-11-01 19:25:00,-2.8899996,92,5,19.89,11.1876545,-13.212945,22.081478,True,16.91,23.939465,-3.866892,33.78131,True
2021-11-01 19:30:00,-4.43,92,0,8.48,6.2960734,-15.12907,17.411942,True,35.95,16.916218,-6.933988,27.240078,False
2021-11-01 19:35:00,-4.2100005,92,0,8.130001,5.041797,-14.877447,15.976913,True,35.75,14.426323,-7.5533004,24.752697,False
2021-11-01 19:40:00,-2.74,92,3,11.01,5.5765166,-13.528644,16.295952,True,25.640003,14.041725,-7.002602,24.269985,False
2021-11-01 19:45:00,3.5799997,92,10,14.029999,12.6475525,-7.4555354,22.937817,True,24.920002,21.210281,-1.3661255,31.016903,True
2021-11-01 19:50:00,5.68,92,13,19.060001,15.203342,-5.4119134,25.245777,True,28.27,23.833855,0.5761716,33.422146,True
2021-11-01 19:55:00,6.03,92,13,23.850002,17.283974,-4.7697453,27.344067,True,28.84,26.93385,1.8204228,36.483227,True
2021-11-01 20:00:00,8.139999,92,15,24.650002,18.853138,-3.4873736,28.787067,True,28.27,27.879597,2.4783208,37.364494,True
2021-11-01 20:05:00,7.6200004,92,15,20.720001,13.67091,-6.308039,24.1445,True,22.310001,19.501472,-2.5018218,29.634022,True
2021-11-01 20:10:00,10.93,92,18,7.9999995,15.249416,-6.7835536,26.804558,True,22.830002,19.412743,-4.396278,30.674171,True
2021-11-01 20:15:00,16.48,92,24,9.620001,20.089241,-4.981714,32.01805,True,19.82,23.33067,-3.3491843,35.0082,True
2021-11-01 20:20:00,19.190002,92,26,11.880001,25.936207,-0.34358057,37.599228,True,19.25,31.280857,2.531017,42.590775,True
2021-11-01 20:25:00,19.89,92,26,16.91,29.04654,2.3248384,39.891476,True,15.970001,35.573772,5.825107,46.196537,True
2021-11-01 20:30:00,8.48,92,20,35.95,21.184628,-3.8381264,31.93748,False,11.33,31.278217,2.6030347,41.412743,True
2021-11-01 20:35:00,8.130001,92,12,35.75,23.19796,-4.050301,34.008423,False,11.269999,34.33392,2.8683507,44.550053,True
2021-11-01 20:40:00,11.01,92,15,25.640003,24.804935,-2.76981,35.34588,True,11.360001,34.811974,3.188421,44.84862,True
2021-11-01 20:45:00,14.029999,92,18,24.920002,27.927593,-1.5510429,39.286896,True,10.43,37.329372,3.6919992,48.300114,True
2021-11-01 20:50:00,19.060001,92,24,28.27,33.132263,0.18153541,44.80975,True,10.220001,41.4046,4.2211947,53.071598,True
2021-11-01 20:55:00,23.850002,92,28,28.84,36.221165,0.5500695,47.55602,True,10.200001,42.89263,3.4894903,54.349163,True
2021-11-01 21:00:00,24.650002,92,29,28.27,34.33738,-0.9042533,45.09097,True,10.58,39.924564,1.7527481,50.4921,True
2021-11-01 21:05:00,20.720001,92,34,22.310001,30.303684,-8.432296,41.210552,True,6.6300006,36.381958,-5.185636,46.711323,True
2021-11-01 21:10:00,7.9999995,92,18,22.830002,16.440426,-11.34932,27.816696,True,4.0500007,23.926888,-6.7429757,34.388416,True
2021-11-01 21:15:00,9.620001,92,11,19.82,16.41029,-9.381112,27.988285,True,4.1,22.52121,-5.624868,33.379852,True
2021-11-01 21:20:00,11.880001,92,14,19.25,17.202862,-7.421865,28.77647,True,2.1599996,21.976444,-4.5375447,32.992725,True
2021-11-01 21:25:00,16.91,92,19,15.970001,21.751957,-4.2753806,33.379547,True,0.38000074,25.788849,-1.9616741,36.936394,True
2021-11-01 21:30:00,35.95,92,38,11.33,36.684174,2.8753278,48.722675,True,0.68,36.87412,2.8418348,48.78847,False
2021-11-01 21:35:00,35.75,92,40,11.269999,36.193687,0.84306496,48.761562,True,0.6100003,36.192833,0.7265603,48.633465,False
2021-11-01 21:40:00,25.640003,92,38,11.360001,27.70105,-5.1421866,40.724728,True,-0.07000001,29.052998,-4.455644,41.80185,True
2021-11-01 21:45:00,24.920002,92,27,10.43,26.257008,-3.8444006,38.83326,True,-0.77000076,27.083427,-3.45138,39.431328,True
2021-11-01 21:50:00,28.27,92,29,10.220001,29.306335,-0.77820426,41.236977,True,-0.99000007,29.835571,-0.55662185,41.56602,False
2021-11-01 21:55:00,28.84,92,31,10.200001,30.12061,0.60497826,41.753372,True,-1.65,30.826412,0.92813843,42.240356,False
2021-11-01 22:00:00,28.27,92,31,10.58,30.84703,0.6176068,42.979332,True,-1.82,32.515804,1.4956452,44.35699,False
2021-11-01 22:05:00,22.310001,92,26,6.6300006,26.437057,0.8043515,37.709183,True,-1.5200008,29.571617,2.601774,40.443527,False
2021-11-01 22:10:00,22.830002,92,23,4.0500007,27.393963,2.014675,38.566345,True,-0.82,30.808857,3.976196,41.56696,False
2021-11-01 22:15:00,19.82,92,22,4.1,25.718353,1.12738,36.83986,True,-0.17000039,30.281128,3.8495977,40.8964,False
2021-11-01 22:20:00,19.25,92,19,2.1599996,25.375946,1.5894295,36.14291,True,-2.9400008,30.123055,4.458883,40.38255,False
2021-11-01 22:25:00,15.970001,92,18,0.38000074,22.565754,-0.75419074,33.532375,True,-3.9299996,27.930283,2.62841,38.2866,False
2021-11-01 22:30:00,11.33,92,14,0.68,17.209442,-4.617887,28.42891,True,-3.7199996,22.413742,-1.123545,32.96866,False
2021-11-01 22:35:00,11.269999,92,10,0.6100003,17.073536,-6.010576,28.836708,True,-3.9600003,22.209019,-2.6078475,33.25265,False
2021-11-01 22:40:00,11.360001,92,12,-0.07000001,16.78371,-5.1744885,27.798206,True,-3.8700001,21.57492,-1.9414352,31.924839,False
2021-11-01 22:45:00,10.43,92,11,-0.77000076,15.432632,-6.1168046,26.385685,True,-3.3899996,19.933258,-3.0331328,30.230858,False
2021-11-01 22:50:00,10.220001,92,11,-0.99000007,15.604935,-5.445534,26.050522,True,-3.7299998,20.430782,-2.0990222,30.203087,False
2021-11-01 22:55:00,10.200001,92,11,-1.65,15.698299,-6.1918225,25.684647,True,-5.07,20.587841,-2.8492033,29.866745,False
2021-11-01 23:00:00,10.58,92,11,-1.82,15.859184,-6.6693063,25.734646,True,-7.8800006,20.528805,-3.501755,29.689503,False
2021-11-01 23:05:00,6.6300006,92,10,-1.5200008,11.453547,-11.110056,21.617622,True,-8.77,15.932285,-7.982159,25.348988,False
2021-11-01 23:10:00,4.0500007,92,7,-0.82,8.964203,-13.288523,19.18748,True,-8.57,13.639996,-9.940992,23.080276,True
2021-11-01 23:15:00,4.1,92,5,-0.17000039,10.609465,-13.009242,20.697418,True,-9.759999,16.701271,-8.711677,25.829361,False
2021-11-01 23:20:00,2.1599996,92,6,-2.9400008,9.434908,-12.754783,19.466156,True,-10.600001,16.320107,-7.716147,25.335274,False
2021-11-01 23:25:00,0.38000074,92,4,-3.9299996,8.146957,-13.06767,18.193386,True,-11.28,15.573395,-7.461413,24.557907,False
2021-11-01 23:30:00,0.68,92,3,-3.7199996,8.439411,-12.8363085,18.201694,True,-12.72,15.798706,-7.292867,24.500866,False
2021-11-01 23:35:00,0.6100003,92,5,-3.9600003,7.825578,-14.725928,17.955807,True,-16.89,14.691315,-9.613533,23.740692,False
2021-11-01 23:40:00,-0.07000001,92,4,-3.8700001,5.992597,-18.73428,17.094505,True,-19.25,11.841419,-14.417251,21.869091,False
2021-11-01 23:45:00,-0.77000076,92,4,-3.3899996,3.9461572,-20.168968,15.265224,True,-20.11,8.541199,-16.694464,18.935951,False
2021-11-01 23:50:00,-0.99000007,92,4,-3.7299998,2.7368429,-21.629562,14.298729,True,-20.37,6.3471694,-18.859499,17.088894,False
2021-11-01 23:55:00,-1.65,92,4,-5.07,1.3205658,-21.416777,12.682835,True,-20.46,4.1833415,-19.1334,14.832439,False
2021-11-02 00:00:00,-1.82,92,4,-7.8800006,0.86193246,-23.461233,12.693024,True,-20.78,3.4179285,-21.392963,14.544601,True
2021-11-02 00:05:00,-1.5200008,92,4,-8.77,0.050624534,-29.059568,13.302727,True,-21.47,1.4205662,-27.790205,14.083176,True
2021-11-02 00:10:00,-0.82,92,6,-8.57,-1.6257309,-33.627792,12.741901,True,-23.7,-2.7441256,-33.891117,11.39518,True
2021-11-02 00:15:00,-0.17000039,92,7,-9.759999,-1.7746052,-26.438288,11.357159,True,-24.8,-3.6972468,-27.281595,9.241974,True
2021-11-02 00:20:00,-2.9400008,92,5,-10.600001,-5.247806,-26.284172,7.8768325,True,-26.85,-7.8450007,-27.651646,5.1155524,True
2021-11-02 00:25:00,-3.9299996,92,2,-11.28,-5.5489326,-26.112284,8.020418,True,-29.15,-7.3829703,-26.974686,5.9528003,False
2021-11-02 00:30:00,-3.7199996,92,2,-12.72,-5.611981,-30.7057,9.5031185,True,-30.84,-7.7525544,-31.644028,7.216394,True
2021-11-02 00:35:00,-3.9600003,92,2,-16.89,-7.681314,-38.762444,9.648666,True,-32.54,-11.699378,-40.686108,5.8180995,True
2021-11-02 00:40:00,-3.8700001,92,2,-19.25,-9.487286,-44.480087,9.166349,True,-32.9,-15.398855,-47.36456,3.7998426,True
2021-11-02 00:45:00,-3.3899996,92,3,-20.11,-9.844998,-42.41972,8.010729,True,-32.45,-16.611742,-45.827435,1.8521038,True
2021-11-02 00:50:00,-3.7299998,92,2,-20.37,-10.699713,-40.882927,6.6212344,True,-31.55,-17.972301,-44.632027,-0.045160607,True
2021-11-02 00:55:00,-5.07,92,1,-20.46,-12.428268,-39.509403,4.5341372,True,-28.39,-20.035778,-43.58742,-2.5275214,True
2021-11-02 01:00:00,-7.8800006,92,0,-20.78,-15.402914,-38.744,1.2587582,True,-27.75,-23.027422,-43.0819,-5.942141,True
2021-11-02 01:05:00,-8.77,92,-4,-21.47,-16.497343,-38.023064,0.0935971,True,-29.16,-24.216108,-42.55639,-7.272866,True
2021-11-02 01:10:00,-8.57,92,-4,-23.7,-16.336056,-37.61638,0.5701825,True,-30.12,-23.999859,-42.12651,-6.7700047,True
2021-11-02 01:15:00,-9.759999,92,-4,-24.8,-17.402464,-38.966442,0.04140632,True,-29.79,-24.872032,-43.396927,-7.110502,True
2021-11-02 01:20:00,-10.600001,92,-5,-26.85,-18.143219,-39.4319,-0.34681544,True,-29.09,-25.398104,-43.7838,-7.3155313,True
2021-11-02 01:25:00,-11.28,92,-5,-29.15,-18.164677,-38.98485,-0.33909068,True,-28.44,-24.733387,-42.99466,-6.7077146,True
2021-11-02 01:30:00,-12.72,92,-5,-30.84,-18.88681,-39.298405,-1.2189125,True,-28.57,-24.76167,-42.99122,-6.9737267,True
2021-11-02 01:35:00,-16.89,92,-8,-32.54,-22.32569,-41.05666,-5.100715,True,-30.08,-27.396858,-44.453335,-10.153523,True
2021-11-02 01:40:00,-19.25,92,-13,-32.9,-24.576681,-42.433933,-7.775355,True,-32.34,-29.537384,-45.900906,-12.752705,True
2021-11-02 01:45:00,-20.11,92,-16,-32.45,-25.536575,-42.10142,-9.314248,True,-32.97,-30.557835,-45.723213,-14.380363,True
2021-11-02 01:50:00,-20.37,92,-16,-31.55,-25.56261,-40.051353,-10.377265,True,-33.41,-30.294353,-43.567093,-15.233583,True
2021-11-02 01:55:00,-20.46,92,-16,-28.39,-25.48702,-38.654705,-10.951627,True,-33.36,-30.037632,-42.103596,-15.677489,True
2021-11-02 02:00:00,-20.78,92,-16,-27.75,-25.832233,-38.190186,-11.560932,True,-32.31,-30.345484,-41.647118,-16.26705,True
2021-11-02 02:05:00,-21.47,92,-15,-29.16,-26.35374,-38.97052,-11.809812,True,-30.82,-30.674292,-42.243587,-16.318027,True
2021-11-02 02:10:00,-23.7,92,-16,-30.12,-28.333925,-41.97465,-12.816493,True,-29.73,-32.38322,-44.971375,-17.015442,True
2021-11-02 02:15:00,-24.8,92,-17,-29.79,-29.955309,-45.814762,-12.899196,True,-29.5,-34.463867,-49.035954,-17.445452,True
2021-11-02 02:20:00,-26.85,92,-17,-29.09,-32.461777,-48.84777,-14.835234,True,-30.16,-37.312912,-52.308887,-19.64254,True
2021-11-02 02:25:00,-29.15,92,-20,-28.44,-34.21308,-48.01284,-17.798532,True,-30.62,-38.516094,-51.213467,-22.145369,True
2021-11-02 02:30:00,-30.84,92,-23,-28.57,-35.162605,-47.460537,-19.611305,True,-31.17,-38.781372,-50.212063,-23.353106,True
2021-11-02 02:35:00,-32.54,92,-25,-30.08,-36.29295,-47.798077,-21.275845,True,-31.230001,-39.402824,-50.190483,-24.56536,True
2021-11-02 02:40:00,-32.9,92,-26,-32.34,-35.736984,-47.307766,-21.323566,True,-29.29,-38.06876,-49.03602,-23.899841,True
2021-11-02 02:45:00,-32.45,92,-27,-32.97,-35.530693,-48.333504,-20.463015,True,-27.37,-38.11857,-50.230938,-23.256395,True
2021-11-02 02:50:00,-31.55,92,-26,-33.41,-34.441006,-48.381306,-18.90721,True,-25.94,-36.87893,-50.074566,-21.539465,True
2021-11-02 02:55:00,-28.39,92,-23,-33.36,-32.82154,-46.833183,-17.109293,True,-24.74,-36.668518,-49.632175,-21.020107,True
2021-11-02 03:00:00,-27.75,92,-22,-32.31,-32.088314,-43.711407,-17.848358,True,-26.26,-35.79935,-46.493576,-21.688267,True
2021-11-02 03:05:00,-29.16,92,-24,-30.82,-32.984833,-43.567413,-19.529768,True,-28.75,-36.20349,-46.00736,-22.923851,True
2021-11-02 03:10:00,-30.12,92,-25,-29.73,-33.11188,-42.756405,-20.553965,True,-31.5,-35.57008,-44.59323,-23.255224,True
2021-11-02 03:15:00,-29.79,92,-26,-29.5,-32.10193,-41.44645,-20.509352,True,-32.97,-34.00215,-42.82553,-22.700813,True
2021-11-02 03:20:00,-29.09,92,-25,-30.16,-30.634285,-39.735477,-20.060888,True,-32.96,-31.894728,-40.541756,-21.667551,True
2021-11-02 03:25:00,-28.44,92,-25,-30.62,-29.539845,-38.545864,-19.417982,True,-32.16,-30.43733,-39.021923,-20.694633,True
2021-11-02 03:30:00,-28.57,92,-25,-31.17,-28.847603,-38.734295,-18.822643,True,-31.88,-29.022846,-38.537373,-19.418184,True
2021-11-02 03:35:00,-30.08,92,-24,-31.230001,-30.24957,-40.648922,-20.042406,True,-31.83,-30.327818,-40.348473,-20.54509,True
2021-11-02 03:40:00,-32.34,92,-27,-29.29,-31.838293,-42.87063,-21.583138,True,-33.25,-31.292511,-41.981506,-21.505804,True
2021-11-02 03:45:00,-32.97,92,-29,-27.37,-32.000862,-43.72278,-21.814491,True,-34.65,-31.011532,-42.402756,-21.337397,True
2021-11-02 03:50:00,-33.41,92,-29,-25.94,-32.510223,-44.05345,-22.632969,True,-36.58,-31.58023,-42.795902,-22.212074,True
2021-11-02 03:55:00,-33.36,92,-30,-24.74,-31.225046,-43.356327,-21.8251,True,-37.91,-29.106783,-40.98658,-20.325832,True
2021-11-02 04:00:00,-32.31,92,-28,-26.26,-29.163612,-41.945133,-19.977726,True,-37.53,-26.060913,-38.68939,-17.587921,True
2021-11-02 04:05:00,-30.82,92,-26,-28.75,-29.153883,-45.000717,-16.86637,True,-37.99,-27.485466,-43.027985,-15.7884,True
2021-11-02 04:10:00,-29.73,92,-22,-31.5,-30.292492,-48.417168,-15.607301,True,-38.11,-30.81638,-48.21252,-16.4147,True
2021-11-02 04:15:00,-29.5,92,-18,-32.97,-32.18304,-51.237347,-15.517322,True,-37.19,-34.725853,-52.547836,-18.024632,True
2021-11-02 04:20:00,-30.16,92,-16,-32.96,-34.578327,-53.925808,-16.745613,True,-36.92,-38.680756,-56.3884,-20.537573,True
2021-11-02 04:25:00,-30.62,92,-13,-32.16,-35.861595,-53.750946,-17.853334,True,-37.62,-40.64151,-56.7686,-22.230394,True
2021-11-02 04:30:00,-31.17,92,-12,-31.88,-37.399403,-55.176716,-18.518013,True,-37.76,-42.983227,-58.76744,-23.54868,True
2021-11-02 04:35:00,-31.230001,92,-12,-31.83,-37.91612,-53.770775,-19.50236,True,-38.07,-43.801903,-57.680866,-24.83429,True
2021-11-02 04:40:00,-29.29,92,-8,-33.25,-36.6763,-51.515495,-18.17976,True,-38.29,-43.085217,-55.772514,-24.010832,True
2021-11-02 04:45:00,-27.37,92,-6,-34.65,-35.024475,-50.872036,-15.842994,True,-37.83,-41.529896,-55.02323,-21.729763,True
2021-11-02 04:50:00,-25.94,92,-7,-36.58,-33.8769,-49.981747,-14.726316,True,-35.3,-40.513042,-54.145695,-20.725609,True
2021-11-02 04:55:00,-24.74,92,-8,-37.91,-32.36958,-48.816387,-13.212473,True,-34.87,-38.66838,-52.661453,-18.925028,True
2021-11-02 05:00:00,-26.26,92,-10,-37.53,-33.65656,-50.16481,-13.958492,True,-34.23,-39.662193,-53.83664,-19.409891,True
2021-11-02 05:05:00,-28.75,92,-10,-37.99,-35.76607,-51.52198,-15.62865,True,-33.17,-41.35519,-55.02951,-20.700516,True
2021-11-02 05:10:00,-31.5,92,-12,-38.11,-37.371056,-52.30578,-17.138468,True,-33.29,-41.98907,-55.2318,-21.355646,True
2021-11-02 05:15:00,-32.97,92,-14,-37.19,-37.763428,-51.67096,-18.172955,True,-33.28,-41.495724,-54.044693,-21.633314,True
2021-11-02 05:20:00,-32.96,92,-14,-36.92,-37.10121,-49.29175,-18.599527,True,-32.46,-40.258823,-51.300533,-21.592987,True
2021-11-02 05:25:00,-32.16,92,-13,-37.62,-35.16419,-47.235756,-17.141655,True,-31.38,-37.392483,-48.49658,-19.319983,True
2021-11-02 05:30:00,-31.88,92,-13,-37.76,-34.081116,-46.89121,-15.903192,True,-30.87,-35.664177,-47.62887,-17.492493,True
2021-11-02 05:35:00,-31.83,92,-14,-38.07,-34.169437,-47.752224,-15.659476,True,-31.35,-35.829998,-48.522724,-17.295555,True
2021-11-02 05:40:00,-33.25,92,-14,-38.29,-35.33978,-48.32812,-17.094004,True,-31.59,-36.769756,-48.951912,-18.519575,True
2021-11-02 05:45:00,-34.65,92,-15,-37.83,-35.83481,-47.729908,-18.318926,True,-31.44,-36.562744,-47.834145,-19.128862,True
2021-11-02 05:50:00,-36.58,92,-15,-35.3,-37.028255,-47.98367,-20.040665,True,-30.92,-37.190784,-47.65859,-20.350317,True
2021-11-02 05:55:00,-37.91,92,-15,-34.87,-37.380913,-47.847424,-20.606922,True,-29.37,-36.795208,-46.904873,-20.256119,True
2021-11-02 06:00:00,-37.53,92,-14,-34.23,-35.543667,-46.130444,-19.970098,True,-27.5,-33.81549,-44.215767,-18.606003,True
2021-11-02 06:05:00,-37.99,92,-14,-33.17,-35.947773,-46.414734,-20.486645,True,-25.68,-34.16071,-44.45433,-19.075928,True
2021-11-02 06:10:00,-38.11,92,-15,-33.29,-35.84298,-46.087368,-20.758799,True,-26.5,-33.86888,-43.976845,-19.179934,True
2021-11-02 06:15:00,-37.19,92,-13,-33.28,-34.7534,-45.053394,-20.213652,True,-26.32,-32.629185,-42.82546,-18.49907,True
2021-11-02 06:20:00,-36.92,92,-13,-32.46,-34.510723,-44.576096,-20.389534,True,-25.03,-32.393288,-42.36693,-18.680706,True
2021-11-02 06:25:00,-37.62,92,-12,-31.38,-35.16353,-45.006744,-21.331184,True,-23.71,-33.00122,-42.762383,-19.583364,True
2021-11-02 06:30:00,-37.76,92,-12,-30.87,-34.9156,-45.075336,-21.212297,True,-22.57,-32.415474,-42.5434,-19.170374,True
2021-11-02 06:35:00,-38.07,92,-13,-31.35,-35.071136,-45.879612,-21.294361,True,-21.82,-32.433525,-43.230904,-19.138664,True
2021-11-02 06:40:00,-38.29,92,-14,-31.59,-35.487465,-46.202465,-21.794538,True,-21.0,-33.001137,-43.698845,-19.770351,True
2021-11-02 06:45:00,-37.83,92,-15,-31.44,-35.616447,-45.82915,-22.217096,True,-20.72,-33.615482,-43.756332,-20.614004,True
2021-11-02 06:50:00,-35.3,92,-13,-30.92,-33.243397,-42.915634,-21.149183,True,-20.93,-31.353662,-40.959713,-19.637205,True
2021-11-02 06:55:00,-34.87,92,-12,-29.37,-32.919376,-41.900192,-21.592113,True,-21.23,-31.113798,-40.02938,-20.149744,True
2021-11-02 07:00:00,-34.23,92,-12,-27.5,-32.070362,-40.997696,-20.964916,True,-18.99,-30.079079,-38.97439,-19.356129,False
2021-11-02 07:05:00,-33.17,92,-11,-25.68,-30.858908,-40.257435,-19.338919,True,-19.28,-28.72489,-38.12651,-17.600807,True
2021-11-02 07:10:00,-33.29,92,-11,-26.5,-31.122242,-40.654167,-19.087593,True,-19.31,-29.108444,-38.63858,-17.452003,True
2021-11-02 07:15:00,-33.28,92,-12,-26.32,-31.376703,-40.82938,-18.99545,True,-19.03,-29.585312,-39.017635,-17.550425,True
2021-11-02 07:20:00,-32.46,92,-11,-25.03,-30.73569,-39.892673,-18.950762,True,-18.91,-29.09097,-38.218792,-17.630823,True
2021-11-02 07:25:00,-31.38,92,-10,-23.71,-29.079296,-37.99264,-18.832895,True,-18.09,-26.922832,-35.887672,-17.058195,True
2021-11-02 07:30:00,-30.87,92,-9,-22.57,-28.157175,-36.795773,-19.073093,True,-17.9,-25.62103,-34.360462,-16.959713,True
2021-11-02 07:35:00,-31.35,92,-10,-21.82,-28.66223,-36.833244,-20.244812,True,-17.83,-26.14046,-34.406616,-18.14341,False
2021-11-02 07:40:00,-31.59,92,-11,-21.0,-28.644962,-36.897343,-20.32229,True,-17.64,-25.886648,-34.266277,-18.008245,False
2021-11-02 07:45:00,-31.44,92,-11,-20.72,-28.328798,-36.805683,-19.981865,True,-17.49,-25.408342,-34.04136,-17.523804,False
2021-11-02 07:50:00,-30.92,92,-12,-20.93,-28.473911,-36.44661,-20.386478,True,-17.09,-26.15007,-34.227215,-18.450542,False
2021-11-02 07:55:00,-29.37,92,-11,-21.23,-26.974459,-34.717983,-19.842157,True,-17.16,-24.67596,-32.535366,-17.923548,False
2021-11-02 08:00:00,-27.5,92,-10,-18.99,-25.311619,-33.008667,-18.759096,True,-16.98,-23.182833,-30.999916,-16.983892,False
2021-11-02 08:05:00,-25.68,92,-8,-19.28,-23.738836,-31.510921,-17.394938,True,-15.91,-21.822756,-29.710524,-15.803184,True
2021-11-02 08:10:00,-26.5,92,-9,-19.31,-25.284805,-32.373234,-18.649773,True,-14.6,-24.035582,-31.16242,-17.651596,False
2021-11-02 08:15:00,-26.32,92,-11,-19.03,-24.864908,-31.875689,-18.647736,True,-14.07,-23.400023,-30.486475,-17.45309,False
2021-11-02 08:20:00,-25.03,92,-10,-18.91,-23.670292,-30.600151,-17.863993,True,-14.56,-22.28638,-29.296515,-16.738974,False
2021-11-02 08:25:00,-23.71,92,-9,-18.09,-21.772346,-28.823591,-17.143246,True,-14.62,-19.84762,-27.052233,-15.521536,False
2021-11-02 08:30:00,-22.57,92,-9,-17.9,-20.646805,-27.72805,-16.267506,True,-11.53,-18.724586,-25.973635,-14.639067,False
2021-11-02 08:35:00,-21.82,92,-8,-17.83,-19.764996,-26.921297,-15.533492,True,-9.64,-17.71629,-25.0699,-13.781655,False
2021-11-02 08:40:00,-21.0,92,-7,-17.64,-18.681078,-26.04228,-14.613961,True,-9.12,-16.376463,-23.978554,-12.622141,False
2021-11-02 08:45:00,-20.72,92,-7,-17.49,-18.591438,-26.122324,-14.187261,True,-6.3300004,-16.456657,-24.224957,-12.347601,False
2021-11-02 08:50:00,-20.93,92,-7,-17.09,-18.55879,-26.418236,-13.973276,True,-1.7500004,-16.18577,-24.330776,-11.914478,False
2021-11-02 08:55:00,-21.23,92,-9,-17.16,-18.964808,-27.043453,-13.960329,True,0.1100003,-16.685616,-25.053686,-11.984835,False
2021-11-02 09:00:00,-18.99,92,-7,-16.98,-16.962273,-25.477419,-11.94108,True,2.3800008,-14.890586,-23.696781,-10.145776,False
2021-11-02 09:05:00,-19.28,92,-8,-15.91,-17.643213,-25.72963,-12.607834,True,5.229999,-15.946454,-24.268023,-11.144903,False
2021-11-02 09:10:00,-19.31,92,-9,-14.6,-17.608757,-25.387215,-12.997936,True,5.9600005,-15.857529,-23.883003,-11.477371,False
2021-11-02 09:15:00,-19.03,92,-9,-14.07,-17.502905,-25.01504,-13.083395,True,6.6300006,-15.917406,-23.660595,-11.704018,False
2021-11-02 09:20:00,-18.91,92,-10,-14.56,-17.066645,-24.783733,-12.569338,True,8.74,-15.181655,-23.188263,-10.911846,False
2021-11-02 09:25:00,-18.09,92,-10,-14.62,-16.704512,-24.368673,-11.973548,True,10.77,-15.249417,-23.151602,-10.698743,False
2021-11-02 09:30:00,-17.9,92,-10,-11.53,-16.62597,-24.018854,-12.310123,False,14.950001,-15.27386,-22.896254,-11.118307,False
2021-11-02 09:35:00,-17.83,92,-9,-9.64,-16.23674,-24.227617,-11.299131,False,14.73,-14.581754,-22.876081,-9.827289,False
2021-11-02 09:40:00,-17.64,92,-9,-9.12,-15.472077,-24.820526,-9.521756,False,14.560001,-13.261463,-23.074612,-7.550492,False
2021-11-02 09:45:00,-17.49,92,-9,-6.3300004,-15.522475,-25.529623,-8.969528,False,13.18,-13.490961,-23.965681,-7.1577926,False
2021-11-02 09:50:00,-17.09,92,-10,-1.7500004,-14.729739,-26.403517,-7.1571136,False,13.130001,-12.316126,-24.6156,-5.018211,False
2021-11-02 09:55:00,-17.16,92,-9,0.1100003,-14.627488,-27.27035,-6.395889,False,11.300001,-12.045091,-25.407038,-4.11768,False
2021-11-02 10:00:00,-16.98,92,-10,2.3800008,-14.539909,-26.520634,-6.8043647,False,10.120001,-12.050444,-24.719038,-4.594107,False
2021-11-02 10:05:00,-15.91,92,-8,5.229999,-13.422958,-25.194973,-6.123116,False,6.7100005,-10.892302,-23.379911,-3.8643572,False
2021-11-02 10:10:00,-14.6,92,-8,5.9600005,-12.652107,-24.958525,-4.8586125,False,3.5799997,-10.633657,-23.572899,-3.0485022,False
2021-11-02 10:15:00,-14.07,92,-6,6.6300006,-12.500234,-24.767643,-4.617021,False,1.889999,-10.83975,-23.664068,-3.1123354,False
2021-11-02 10:20:00,-14.56,92,-7,8.74,-13.616669,-27.035322,-4.072639,False,0.42999998,-12.543571,-26.39668,-3.0873911,False
2021-11-02 10:25:00,-14.62,92,-8,10.77,-14.782518,-27.84559,-4.650475,False,-0.28999934,-14.727363,-27.92112,-4.5561976,False
2021-11-02 10:30:00,-11.53,92,-8,14.950001,-12.30108,-24.655872,-3.3835146,False,-0.9300025,-12.792337,-25.101587,-3.7728932,False
2021-11-02 10:35:00,-9.64,92,-8,14.73,-10.947543,-23.296597,-1.9526867,False,-0.9599994,-11.915573,-24.065468,-2.7680266,False
2021-11-02 10:40:00,-9.12,92,-10,14.560001,-10.54641,-23.415663,-1.3467182,False,-2.0499995,-11.614909,-24.255457,-2.2485812,False
2021-11-02 10:45:00,-6.3300004,92,-11,13.18,-8.114784,-22.428026,1.0311104,False,-2.3300002,-9.47847,-23.430136,-0.12097962,True
2021-11-02 10:50:00,-1.7500004,92,-11,13.130001,-2.5873854,-20.418125,6.2713847,False,-2.9799998,-3.0673182,-20.867493,5.925586,True
2021-11-02 10:55:00,0.1100003,92,-13,11.300001,-0.89486724,-20.244953,8.293282,False,-3.0800002,-1.5103649,-20.77858,7.838865,True
2021-11-02 11:00:00,2.3800008,92,-12,10.120001,2.717861,-19.455511,12.015203,True,-2.8300002,3.2890012,-19.367828,12.599487,True
2021-11-02 11:05:00,5.229999,92,-12,6.7100005,5.3141265,-19.311255,14.9571,True,-3.0399992,5.671785,-19.370087,15.360611,True
2021-11-02 11:10:00,5.9600005,92,-13,3.5799997,6.685552,-16.95638,15.464909,True,-3.6700003,7.5850787,-16.739693,16.34766,True
2021-11-02 11:15:00,6.6300006,92,-12,1.889999,7.4754443,-15.45464,15.935566,True,-3.6199992,8.465284,-15.196682,16.906075,True
2021-11-02 11:20:00,8.74,92,-11,0.42999998,8.725426,-13.834166,16.930965,True,-3.8399994,8.981384,-13.975689,17.27098,True
2021-11-02 11:25:00,10.77,92,-10,-0.28999934,10.947762,-11.111341,18.478077,True,-4.3400006,11.364664,-11.172484,18.97079,True
2021-11-02 11:30:00,14.950001,92,-6,-0.9300025,13.68222,-9.413993,21.050129,True,-4.8800006,12.940414,-10.085705,20.520473,True
2021-11-02 11:35:00,14.73,92,-6,-0.9599994,13.026886,-8.48175,19.914494,True,-4.9600005,11.90313,-9.367704,19.046795,True
2021-11-02 11:40:00,14.560001,92,-5,-2.0499995,12.259871,-8.509874,19.13026,True,-5.36,10.615461,-9.685412,17.79647,True
2021-11-02 11:45:00,13.18,92,-5,-2.3300002,10.5277195,-9.269678,17.482498,True,-5.27,8.529507,-10.657089,15.832619,True
2021-11-02 11:50:00,13.130001,92,-4,-2.9799998,10.242043,-9.177933,17.220764,True,-4.0899997,8.013084,-10.701049,15.364239,True
2021-11-02 11:55:00,11.300001,92,-4,-3.0800002,9.008526,-9.432766,15.7826,True,-4.5500007,7.2506957,-10.740073,14.352215,True
2021-11-02 12:00:00,10.120001,92,-5,-2.8300002,9.40505,-8.868625,15.718895,True,-4.2900004,9.011822,-9.448491,15.528191,True
2021-11-02 12:05:00,6.7100005,92,-6,-3.0399992,6.5587325,-10.314118,12.708176,True,-4.9700007,6.62622,-10.641082,12.942482,True
2021-11-02 12:10:00,3.5799997,92,-9,-3.6700003,5.0713553,-10.502808,10.366133,True,-4.9700007,6.601936,-9.902744,11.941034,True
2021-11-02 12:15:00,1.889999,92,-10,-3.6199992,2.9364965,-11.488908,7.98784,True,-4.72,4.0643477,-11.11568,9.214306,True
2021-11-02 12:20:00,0.42999998,92,-11,-3.8399994,1.7480141,-11.032624,5.545984,True,-3.9699996,3.1459196,-10.408191,7.055591,True
2021-11-02 12:25:00,-0.28999934,92,-12,-4.3400006,1.3165108,-10.579594,4.325155,True,-3.3999999,2.9962938,-9.704463,6.1229606,True
2021-11-02 12:30:00,-0.9300025,92,-12,-4.8800006,0.84679,-10.528013,3.3217638,True,-4.18,2.7036397,-9.493818,5.310226,True
2021-11-02 12:35:00,-0.9599994,92,-12,-4.9600005,0.9971463,-10.10276,3.0824487,True,-4.27,3.0346715,-8.912046,5.2600436,True
2021-11-02 12:40:00,-2.0499995,92,-11,-5.36,0.099578544,-10.634864,2.025747,True,-4.27,2.3250349,-9.274064,4.3934264,True
2021-11-02 12:45:00,-2.3300002,92,-10,-5.27,0.0850846,-10.643256,1.819534,True,-4.1300006,2.5722158,-9.077987,4.4476886,True
2021-11-02 12:50:00,-2.9799998,92,-10,-4.0899997,-0.40726504,-10.810827,1.0093685,True,-4.35,2.2539785,-9.083569,3.8249872,True
2021-11-02 12:55:00,-3.0800002,92,-9,-4.5500007,-0.17789109,-10.51091,0.90899247,True,-4.7500005,2.8166006,-8.50833,4.0607924,True
2021-11-02 13:00:00,-2.8300002,92,-7,-4.2900004,0.61273164,-10.022685,1.4870335,True,-4.22,4.1511016,-7.617699,5.166116,True
2021-11-02 13:05:00,-3.0399992,92,-7,-4.9700007,0.605951,-10.021951,1.33069,True,-3.7900002,4.3562636,-7.4426255,5.223556,True
2021-11-02 13:10:00,-3.6700003,92,-7,-4.9700007,0.13041465,-10.666219,0.9568593,True,-3.5200007,4.040649,-7.9796367,5.001922,True
2021-11-02 13:15:00,-3.6199992,92,-7,-4.72,0.09366195,-10.643399,0.8261277,True,-3.5100005,3.935953,-8.017282,4.8261294,True
2021-11-02 13:20:00,-3.8399994,92,-6,-3.9699996,0.18688743,-10.485736,0.7629525,True,-4.0400004,4.3486648,-7.5846076,5.0837054,True
2021-11-02 13:25:00,-4.3400006,92,-6,-3.3999999,0.23376434,-10.92571,0.9100396,True,-3.5399992,4.939035,-7.6335635,5.7322516,True
2021-11-02 13:30:00,-4.8800006,92,-6,-4.18,0.16418616,-12.656378,1.9855553,True,-2.8300002,5.330684,-9.263672,7.141603,True
2021-11-02 13:35:00,-4.9600005,92,-6,-4.27,-0.0663646,-14.301084,2.8145235,True,-2.2299998,4.9420886,-11.238429,7.7548747,True
2021-11-02 13:40:00,-5.36,92,-6,-4.27,-1.0267414,-14.137565,1.6237694,True,-1.9699997,3.4466035,-11.35008,6.127107,True
2021-11-02 13:45:00,-5.27,92,-7,-4.1300006,-1.0463165,-13.254009,1.084787,True,-1.4599994,3.3312547,-10.422455,5.5519176,True
2021-11-02 13:50:00,-4.0899997,92,-6,-4.35,-0.11156304,-11.747333,1.6792561,True,-1.0800003,4.0203166,-9.041741,5.962581,True
2021-11-02 13:55:00,-4.5500007,92,-6,-4.7500005,-0.42501482,-11.928287,1.4132134,True,-0.5100005,3.8583448,-9.082125,5.8473697,True
2021-11-02 14:00:00,-4.2900004,92,-6,-4.22,-0.59960777,-12.766079,1.8880688,True,0.62000054,3.2327974,-10.364699,5.868118,True
2021-11-02 14:05:00,-4.9700007,92,-5,-3.7900002,-1.6110367,-13.3014145,0.9763467,True,0.5699994,1.8958603,-11.105129,4.669044,True
2021-11-02 14:10:00,-4.9700007,92,-6,-3.5200007,-1.6303028,-13.360954,1.0505883,True,0.55000085,1.858997,-11.18393,4.731981,True
2021-11-02 14:15:00,-4.72,92,-7,-3.5100005,-1.5978283,-13.395323,1.2891728,True,0.7800004,1.6698719,-11.402584,4.7667975,True
2021-11-02 14:20:00,-3.9699996,92,-7,-4.0400004,-0.7839263,-12.88058,2.1564043,True,0.8899991,2.5426366,-10.869597,5.686685,True
2021-11-02 14:25:00,-3.3999999,92,-6,-3.5399992,-0.09181054,-12.078467,2.6153715,True,0.6700017,3.3634756,-9.952798,6.2851596,True
2021-11-02 14:30:00,-4.18,92,-7,-2.8300002,-0.55337745,-12.538409,1.9780422,True,0.40999952,3.2388074,-10.145649,5.9756904,True
2021-11-02 14:35:00,-4.27,92,-8,-2.2299998,-0.6875194,-12.781196,1.965736,True,-0.19999917,3.0629709,-10.439378,5.9230704,True
2021-11-02 14:40:00,-4.27,92,-8,-1.9699997,-0.21605141,-12.688153,2.4276369,True,-0.46999964,4.013128,-10.019074,6.8335967,True
2021-11-02 14:45:00,-4.1300006,92,-7,-1.4599994,0.65423554,-12.496296,3.5044954,True,0.17999999,5.5976005,-9.367667,8.567383,True
2021-11-02 14:50:00,-4.35,92,-7,-1.0800003,0.27106443,-13.117045,3.427183,True,0.35000005,5.0527396,-10.133779,8.324398,True
2021-11-02 14:55:00,-4.7500005,92,-8,-0.5100005,-0.19679673,-12.784216,2.4519536,True,0.08999984,4.5490203,-9.704117,7.36309,True
2021-11-02 15:00:00,-4.22,92,-8,0.62000054,0.46333662,-12.182456,3.0027597,True,-0.4200004,5.339231,-9.0074625,8.044569,True
2021-11-02 15:05:00,-3.7900002,92,-7,0.5699994,0.7884175,-12.477204,3.7395914,True,-0.4900001,5.546705,-9.491552,8.648289,True
2021-11-02 15:10:00,-3.5200007,92,-8,0.55000085,1.2778908,-12.73427,4.6345763,True,-0.7199996,6.2380824,-9.691392,9.697607,True
2021-11-02 15:15:00,-3.5100005,92,-8,0.7800004,0.82723206,-14.011788,4.997333,True,-0.6499999,5.3034606,-11.425905,9.5707,True
2021-11-02 15:20:00,-4.0400004,92,-8,0.8899991,0.43064275,-14.458331,4.821256,True,-1.0500015,5.044868,-11.781008,9.52285,True
2021-11-02 15:25:00,-3.5399992,92,-9,0.6700017,0.5733468,-16.499058,6.2302985,True,-0.99000007,4.7776484,-14.322827,10.469685,True
2021-11-02 15:30:00,-2.8300002,92,-8,0.40999952,0.85855454,-16.843525,6.9073596,True,-1.2299999,4.6199813,-15.014206,10.731283,True
2021-11-02 15:35:00,-2.2299998,92,-8,-0.19999917,0.80758065,-16.63753,7.043197,True,-0.29999956,3.9115522,-15.229716,10.282394,True
2021-11-02 15:40:00,-1.9699997,92,-7,-0.46999964,0.8384244,-15.796512,6.7996497,True,0.45000044,3.722534,-14.4783945,9.865696,True
2021-11-02 15:45:00,-1.4599994,92,-7,0.17999999,1.1602379,-16.097301,7.5169005,True,1.93,3.8356798,-14.951836,10.380711,True
2021-11-02 15:50:00,-1.0800003,92,-7,0.35000005,1.5316693,-16.574623,8.395983,True,3.550001,4.1785445,-15.499711,11.220198,True
2021-11-02 15:55:00,-0.5100005,92,-8,0.08999984,1.8571049,-17.482172,9.399506,True,3.3300016,4.235452,-16.637468,11.95602,True
2021-11-02 16:00:00,0.62000054,92,-7,-0.4200004,2.0360525,-17.912395,10.06159,True,3.0200002,3.4636133,-17.673326,11.756664,True
2021-11-02 16:05:00,0.5699994,92,-7,-0.4900001,1.955093,-16.539148,9.452015,True,4.569999,3.3706548,-16.258062,11.160372,True
2021-11-02 16:10:00,0.55000085,92,-8,-0.7199996,1.8218323,-16.044615,9.203386,True,4.809999,3.1289804,-15.80844,10.822144,True
2021-11-02 16:15:00,0.7800004,92,-10,-0.6499999,2.297878,-15.474381,9.483669,True,4.139999,3.8496091,-15.075263,11.3292885,True
2021-11-02 16:20:00,0.8899991,92,-10,-1.0500015,2.979778,-15.053604,10.054827,True,3.1599996,5.09691,-14.300481,12.414719,True
2021-11-02 16:25:00,0.6700017,92,-10,-0.99000007,2.392206,-15.827907,9.796762,True,2.5200002,4.138969,-15.311099,11.814997,True
2021-11-02 16:30:00,0.40999952,92,-10,-1.2299999,2.4349935,-14.414605,9.069338,True,1.5200001,4.5176826,-13.61945,11.424007,True
2021-11-02 16:35:00,-0.19999917,92,-11,-0.29999956,2.0445726,-13.742901,8.174633,True,1.1100003,4.3742347,-12.725317,10.784805,True
2021-11-02 16:40:00,-0.46999964,92,-12,0.45000044,2.306875,-13.153073,8.0034275,True,0.36000028,5.1888003,-11.7222185,11.135208,True
2021-11-02 16:45:00,0.17999999,92,-14,1.93,3.6436136,-11.942602,8.999489,True,0.22000091,7.2111583,-10.032787,12.771709,True
2021-11-02 16:50:00,0.35000005,92,-13,3.550001,4.8303294,-11.665318,10.048851,True,-0.4599994,9.392536,-9.118522,14.7187,True
2021-11-02 16:55:00,0.08999984,92,-13,3.3300016,4.6750274,-13.068532,10.303709,True,-1.6999992,9.322809,-10.560148,15.004253,True
2021-11-02 17:00:00,-0.4200004,92,-13,3.0200002,4.094911,-13.324477,9.637619,True,-1.6600002,8.696648,-10.814795,14.306622,True
2021-11-02 17:05:00,-0.4900001,92,-13,4.569999,4.106666,-12.691205,9.443949,True,-1.3699993,8.810083,-10.055487,14.231041,True
2021-11-02 17:10:00,-0.7199996,92,-13,4.809999,3.971361,-12.254315,9.135525,True,-0.9699996,8.796461,-9.474935,14.059822,True
2021-11-02 17:15:00,-0.6499999,92,-12,4.139999,4.347839,-11.928384,9.456751,True,-1.7199997,9.486435,-8.917923,14.671154,True
2021-11-02 17:20:00,-1.0500015,92,-12,3.1599996,3.959133,-13.50958,9.66423,True,-1.7799991,9.093575,-10.594879,14.813908,True
2021-11-02 17:25:00,-0.99000007,92,-11,2.5200002,3.7817,-12.918395,9.447298,True,-2.8899996,8.69585,-10.082022,14.422047,True
2021-11-02 17:30:00,-1.2299999,92,-10,1.5200001,3.2347066,-12.543334,8.671143,True,-3.82,7.878856,-9.787138,13.424782,True
2021-11-02 17:35:00,-0.29999956,92,-10,1.1100003,4.0203986,-11.431527,9.338476,True,-3.8700001,8.505943,-8.762708,13.95657,True
2021-11-02 17:40:00,0.45000044,92,-10,0.36000028,4.8211703,-10.7115,10.146605,True,-3.4200003,9.336124,-8.029009,14.786003,True
2021-11-02 17:45:00,1.93,92,-9,0.22000091,6.3788486,-9.63252,11.765734,True,-3.8300002,10.92676,-6.9807534,16.41756,True
2021-11-02 17:50:00,3.550001,92,-8,-0.4599994,7.975902,-8.800822,13.520969,True,-4.47,12.426353,-6.2919364,18.058464,True
2021-11-02 17:55:00,3.3300016,92,-9,-1.6999992,7.3012843,-9.680644,13.186916,True,-5.23,11.297556,-7.495744,17.286552,True
2021-11-02 18:00:00,3.0200002,92,-10,-1.6600002,6.7870746,-10.350798,12.891823,True,-5.65,10.581675,-8.307844,16.789803,True
2021-11-02 18:05:00,4.569999,92,-9,-1.3699993,8.437607,-9.39797,14.512894,True,-6.0100007,12.278246,-7.371307,18.43518,True
2021-11-02 18:10:00,4.809999,92,-9,-0.9699996,8.808523,-8.827876,14.746391,True,-6.23,12.770397,-6.7037835,18.7836,True
2021-11-02 18:15:00,4.139999,92,-10,-1.7199997,8.725973,-9.027041,14.526798,True,-6.2599998,13.27195,-6.495991,19.087639,True
2021-11-02 18:20:00,3.1599996,92,-11,-1.7799991,7.730161,-10.593686,13.89893,True,-5.400001,12.261808,-8.098838,18.417213,True
2021-11-02 18:25:00,2.5200002,92,-11,-2.8899996,7.222299,-10.105945,13.210056,True,-5.61,11.907934,-7.432608,17.89798,True
2021-11-02 18:30:00,1.5200001,92,-11,-3.82,6.293655,-10.328304,12.042809,True,-6.27,11.110882,-7.4766574,16.863811,True
2021-11-02 18:35:00,1.1100003,92,-11,-3.8700001,6.362577,-9.772244,11.771545,True,-5.5500007,11.67976,-6.492871,17.071442,True
2021-11-02 18:40:00,0.36000028,92,-10,-3.4200003,5.473184,-10.251721,10.870213,True,-5.32,10.68642,-6.976629,16.076069,True
2021-11-02 18:45:00,0.22000091,92,-9,-3.8300002,5.2517734,-10.350968,10.667673,True,-4.69,10.390003,-7.1037154,15.797398,True
2021-11-02 18:50:00,-0.4599994,92,-9,-4.47,4.620561,-10.928204,10.029411,True,-4.0000005,9.838919,-7.588596,15.219688,True
2021-11-02 18:55:00,-1.6999992,92,-9,-5.23,3.1341302,-12.503225,8.889677,True,-3.0399992,8.141405,-9.306333,13.855438,True
2021-11-02 19:00:00,-1.6600002,92,-10,-5.65,3.1831377,-13.217663,9.302132,True,-2.91,8.172731,-10.101811,14.20388,True
2021-11-02 19:05:00,-1.3699993,92,-9,-6.0100007,3.2644403,-13.323667,9.596838,True,-2.99,8.013466,-10.406763,14.25922,True
2021-11-02 19:10:00,-0.9699996,92,-8,-6.23,3.4665468,-13.531412,10.056021,True,-2.529999,7.9802794,-10.81855,14.476295,True
2021-11-02 19:15:00,-1.7199997,92,-8,-6.2599998,2.6668775,-14.420662,9.482681,True,-0.15000184,7.1246486,-11.738747,13.834118,True
2021-11-02 19:20:00,-1.7799991,92,-9,-5.400001,2.4356287,-14.814231,9.5198555,True,2.0699995,6.684814,-12.282922,13.66087,True
2021-11-02 19:25:00,-2.8899996,92,-9,-5.61,1.2133995,-16.239355,8.632038,True,4.149999,5.3419375,-13.785563,12.641773,True
2021-11-02 19:30:00,-3.82,92,-10,-6.27,0.23713271,-16.64583,7.7832446,True,5.18,4.3124347,-14.180033,11.749393,True
2021-11-02 19:35:00,-3.8700001,92,-9,-5.5500007,0.26889387,-16.49907,7.815925,True,5.990001,4.41933,-13.962514,11.844011,True
2021-11-02 19:40:00,-3.4200003,92,-8,-5.32,0.8046834,-15.916674,8.281841,True,7.8299994,5.029884,-13.320495,12.370655,True
2021-11-02 19:45:00,-3.8300002,92,-9,-4.69,0.36704412,-16.11905,7.8038497,True,8.470001,4.567785,-13.507845,11.866142,True
2021-11-02 19:50:00,-4.47,92,-9,-4.0000005,-0.25055727,-16.353838,7.076469,True,7.9999995,3.9820764,-13.672879,11.167486,True
2021-11-02 19:55:00,-5.23,92,-8,-3.0399992,-1.019421,-16.72913,6.196193,True,8.27,3.2120626,-13.999935,10.2851715,True
2021-11-02 20:00:00,-5.65,92,-8,-2.91,-1.367802,-17.307579,5.8591037,True,7.969999,2.9292104,-14.533946,9.987392,True
2021-11-02 20:05:00,-6.0100007,92,-9,-2.99,-1.6133732,-17.444408,5.5848937,True,7.4500003,2.7828386,-14.5828,9.796112,True
2021-11-02 20:10:00,-6.23,92,-9,-2.529999,-1.5797771,-18.102898,5.74427,True,7.389999,3.0528047,-15.114099,10.136246,True
2021-11-02 20:15:00,-6.2599998,92,-9,-0.15000184,-1.3304085,-17.503624,5.9503894,True,6.7499995,3.5563467,-14.305138,10.580715,True
2021-11-02 20:20:00,-5.400001,92,-8,2.0699995,-0.24927361,-16.57663,6.8934894,True,6.9099994,4.8327727,-13.253342,11.6908245,True
2021-11-02 20:25:00,-5.61,92,-7,4.149999,-0.33456263,-16.571459,6.75139,True,7.02,4.8722987,-13.135098,11.654547,True
2021-11-02 20:30:00,-6.27,92,-8,5.18,-0.9140113,-17.195826,6.2017493,True,6.8700004,4.3869166,-13.665061,11.1744,True
2021-11-02 20:35:00,-5.5500007,92,-7,5.990001,-0.1469806,-16.909214,6.9979568,True,6.2900004,5.1686797,-13.408973,11.955385,True
2021-11-02 20:40:00,-5.32,92,-7,7.8299994,-0.06265481,-17.014307,7.1882567,False,5.569999,5.082586,-13.647934,11.969906,True
2021-11-02 20:45:00,-4.69,92,-6,8.470001,0.6303384,-16.191025,7.837379,False,4.399999,5.808513,-12.792157,12.64362,True
2021-11-02 20:50:00,-4.0000005,92,-6,7.9999995,1.3465515,-15.402759,8.437536,True,4.3399997,6.532968,-11.988578,13.244144,True
2021-11-02 20:55:00,-3.0399992,92,-4,8.27,2.3246324,-14.418294,9.272612,True,4.389999,7.5022845,-11.007961,14.062775,True
2021-11-02 21:00:00,-2.91,92,-4,7.969999,2.4632146,-14.349851,9.372599,True,4.729999,7.6488433,-10.920552,14.153595,True
2021-11-02 21:05:00,-2.99,92,-4,7.4500003,2.235031,-14.509922,9.104176,True,4.4500003,7.2809386,-11.15053,13.744297,True
2021-11-02 21:10:00,-2.529999,92,-3,7.389999,2.5565717,-14.122243,9.419857,True,3.5200002,7.4508853,-10.860953,13.910904,True
2021-11-02 21:15:00,-0.15000184,92,-2,6.7499995,4.639272,-12.525863,11.438009,True,3.1200006,9.176224,-9.569521,15.578175,True
2021-11-02 21:20:00,2.0699995,92,0,6.9099994,6.6177173,-10.905648,13.251209,True,2.01,10.85409,-8.195379,17.096916,True
2021-11-02 21:25:00,4.149999,92,1,7.02,8.787733,-9.589483,15.291321,True,1.68,13.02124,-6.9428687,19.10923,True
2021-11-02 21:30:00,5.18,92,1,6.8700004,9.925167,-9.233887,16.475372,True,1.6900002,14.180756,-6.6195035,20.290936,True
2021-11-02 21:35:00,5.990001,92,0,6.2900004,10.826166,-8.854536,17.495152,True,1.7800003,15.091263,-6.264154,21.304684,True
2021-11-02 21:40:00,7.8299994,92,1,5.569999,12.770123,-7.419723,19.420834,True,2.390003,17.022175,-4.868912,23.21378,True
2021-11-02 21:45:00,8.470001,92,1,4.399999,13.471447,-6.849359,20.047985,True,2.2399995,17.738762,-4.287228,23.846924,True
2021-11-02 21:50:00,7.9999995,92,-1,4.3399997,13.060509,-7.4316497,19.60617,True,0.95000046,17.3891,-4.818929,23.439598,True
2021-11-02 21:55:00,8.27,92,-1,4.389999,13.28722,-7.860501,19.876755,True,0.8999993,17.546108,-5.3096795,23.620586,True
2021-11-02 22:00:00,7.969999,92,-2,4.729999,12.964279,-7.8956237,19.609814,True,0.8299996,17.208538,-5.328942,23.333324,True
2021-11-02 22:05:00,7.4500003,92,-3,4.4500003,12.2929,-8.580797,19.050632,True,1.4400002,16.426079,-6.064284,22.654541,True
2021-11-02 22:10:00,7.389999,92,-3,3.5200002,12.053066,-8.882966,18.87135,True,0.93,16.029335,-6.454437,22.313473,True
2021-11-02 22:15:00,6.7499995,92,-4,3.1200006,11.244455,-9.611348,18.197475,True,0.80000085,15.099915,-7.233273,21.513988,True
2021-11-02 22:20:00,6.9099994,92,-4,2.01,10.924589,-9.912776,18.052288,True,0.70000046,14.349419,-7.789576,20.960735,True
2021-11-02 22:25:00,7.02,92,-3,1.68,10.812904,-9.674393,17.97055,True,-0.32000002,14.044655,-7.6507564,20.69791,True
2021-11-02 22:30:00,6.8700004,92,-4,1.6900002,10.522528,-9.793864,17.69801,True,-0.2099994,13.636719,-7.822087,20.306755,True
2021-11-02 22:35:00,6.2900004,92,-4,1.7800003,9.700609,-9.911099,16.854347,True,-3.0599997,12.623009,-8.019784,19.285675,True
2021-11-02 22:40:00,5.569999,92,-5,2.390003,8.9461155,-11.107214,16.291584,True,-3.2999995,11.853176,-9.205073,18.690247,True
2021-11-02 22:45:00,4.399999,92,-6,2.2399995,7.446529,-14.041781,15.41193,True,-4.4600005,10.059563,-12.322799,17.504215,True
2021-11-02 22:50:00,4.3399997,92,-6,0.95000046,6.8098655,-14.798321,15.086853,True,-5.0500007,8.884642,-13.411045,16.680035,True
2021-11-02 22:55:00,4.389999,92,-7,0.8999993,6.4701667,-14.345515,14.673248,True,-4.8400006,8.19109,-13.160474,15.945229,True
2021-11-02 23:00:00,4.729999,92,-6,0.8299996,6.816484,-12.960624,14.637917,True,-4.68,8.550058,-11.74413,15.922642,True
2021-11-02 23:05:00,4.4500003,92,-6,1.4400002,6.5630527,-12.958838,14.329224,True,-3.2999995,8.326731,-11.699713,15.63364,True
2021-11-02 23:10:00,3.5200002,92,-7,0.93,5.5186477,-14.127577,13.443779,True,-2.5000002,7.1873927,-12.906687,14.651371,True
2021-11-02 23:15:00,3.1200006,92,-8,0.80000085,5.010837,-15.310748,13.271393,True,-2.2500002,6.574249,-14.144771,14.367943,True
2021-11-02 23:20:00,2.01,92,-8,0.70000046,3.4822404,-17.842852,12.293613,True,-2.07,4.6495547,-16.912897,13.019852,True
2021-11-02 23:25:00,1.68,92,-9,-0.32000002,2.986427,-18.040983,11.868017,True,-1.9699997,3.9919202,-17.201841,12.442112,True
2021-11-02 23:30:00,1.6900002,92,-9,-0.2099994,2.836851,-18.131435,11.837196,True,-2.1900008,3.6880205,-17.3834,12.270414,True
2021-11-02 23:35:00,1.7800003,92,-8,-3.0599997,2.9101427,-19.060474,12.354519,True,-2.7700007,3.7392824,-18.306913,12.759636,True
2021-11-02 23:40:00,2.390003,92,-8,-3.2999995,3.2352502,-20.233232,13.075981,True,-2.7500002,3.7745798,-19.640427,13.212105,True
2021-11-02 23:45:00,2.2399995,92,-8,-4.4600005,3.1776693,-20.14618,12.976814,True,-2.9300005,3.8064935,-19.484907,13.187725,True
2021-11-02 23:50:00,0.95000046,92,-8,-5.0500007,1.2523113,-22.091707,11.370903,True,-3.1299994,1.2763306,-21.789474,11.045536,True
2021-11-02 23:55:00,0.8999993,92,-9,-4.8400006,0.63368195,-20.665182,10.286919,True,-2.3899996,0.11517303,-20.719694,9.465343,True
2021-11-03 00:00:00,0.8299996,92,-8,-4.68,0.5883271,-18.438686,9.713726,True,-1.6199993,0.10839622,-18.49362,8.911879,True
2021-11-03 00:05:00,1.4400002,92,-8,-3.2999995,1.3002316,-16.712402,9.939886,True,-1.0900005,0.92225236,-16.709892,9.222094,True
2021-11-03 00:10:00,0.93,92,-8,-2.5000002,1.0240742,-15.94995,9.258585,True,-0.59000045,0.8805978,-15.796915,8.750729,True
2021-11-03 00:15:00,0.80000085,92,-8,-2.2500002,1.2354561,-15.138756,9.003321,True,0.040000603,1.4181591,-14.765333,8.790493,True
2021-11-03 00:20:00,0.70000046,92,-8,-2.07,1.6614472,-15.237926,9.228189,True,0.9999997,2.333143,-14.521239,9.460186,True
2021-11-03 00:25:00,-0.32000002,92,-9,-1.9699997,0.91212815,-15.370269,8.29686,True,1.8199993,1.8451,-14.463225,8.76363,True
2021-11-03 00:30:00,-0.2099994,92,-9,-2.1900008,1.3013893,-14.376786,8.125839,True,2.6000001,2.4984014,-13.275838,8.829832,True
2021-11-03 00:35:00,-3.0599997,92,-10,-2.7700007,-1.2323345,-15.642011,5.1060824,True,3.800001,0.30423704,-14.251078,6.130117,True
2021-11-03 00:40:00,-3.2999995,92,-14,-2.7500002,-1.134293,-15.403604,4.7632136,True,4.389999,0.73085564,-13.749704,6.090141,True
2021-11-03 00:45:00,-4.4600005,92,-14,-2.9300005,-2.2270796,-16.418776,3.5127943,True,5.1599994,-0.28218493,-14.681988,4.9076324,False
2021-11-03 00:50:00,-5.0500007,92,-15,-3.1299994,-2.7495024,-17.181473,3.046394,True,5.53,-0.7359546,-15.384282,4.4953017,False
2021-11-03 00:55:00,-4.8400006,92,-14,-2.3899996,-2.415169,-16.728113,3.3024232,True,5.5400004,-0.2898372,-14.846676,4.8569846,False
2021-11-03 01:00:00,-4.68,92,-14,-1.6199993,-2.3839457,-16.482983,3.269285,True,5.53,-0.38554224,-14.691099,4.705745,False
2021-11-03 01:05:00,-3.2999995,92,-13,-1.0900005,-1.1275123,-15.221536,4.3753505,True,5.5500007,0.737724,-13.537005,5.6867995,True
2021-11-03 01:10:00,-2.5000002,92,-12,-0.59000045,-0.3611587,-14.457218,5.0023074,True,5.4999995,1.4618183,-12.804216,6.273891,True
2021-11-03 01:15:00,-2.2500002,92,-12,0.040000603,0.00838439,-14.388062,5.343496,True,5.3399997,1.9329449,-12.660746,6.7061095,True
2021-11-03 01:20:00,-2.07,92,-12,0.9999997,0.14105003,-14.544591,5.6282134,True,5.18,2.0113924,-12.864343,6.9404387,True
2021-11-03 01:25:00,-1.9699997,92,-13,1.8199993,0.2209069,-14.335446,5.665794,True,4.61,2.0655572,-12.6721945,6.954654,True
2021-11-03 01:30:00,-2.1900008,92,-13,2.6000001,0.00025527016,-14.149216,5.2934127,True,4.1,1.8453823,-12.4746475,6.5858417,True
2021-11-03 01:35:00,-2.7700007,92,-14,3.800001,-0.5638183,-14.21945,4.5057464,True,3.7399995,1.3049427,-12.513035,5.828485,True
2021-11-03 01:40:00,-2.7500002,92,-15,4.389999,-0.5585063,-13.948591,4.2725825,False,3.1100004,1.2969338,-12.243533,5.5856147,True
2021-11-03 01:45:00,-2.9300005,92,-16,5.1599994,-0.72941047,-13.912376,3.8750284,False,2.3700006,1.1383606,-12.191643,5.2058215,True
2021-11-03 01:50:00,-3.1299994,92,-17,5.53,-0.8592132,-13.83523,3.5061948,False,2.26,1.0744473,-12.055154,4.901029,True
2021-11-03 01:55:00,-2.3899996,92,-16,5.5400004,-0.1520427,-13.09074,4.018621,False,1.7700001,1.7406727,-11.341477,5.3733478,True
2021-11-03 02:00:00,-1.6199993,92,-16,5.53,0.57875794,-12.332688,4.5762706,False,1.3999993,2.4282453,-10.621622,5.896686,True
2021-11-03 02:05:00,-1.0900005,92,-16,5.5500007,1.0725418,-11.7381935,4.8821063,False,1.8399998,2.88463,-10.0538435,6.1701865,True
2021-11-03 02:10:00,-0.59000045,92,-15,5.4999995,1.5300137,-11.2044935,5.1290393,False,1.4500004,3.3011148,-9.553551,6.3854403,True
2021-11-03 02:15:00,0.040000603,92,-14,5.3399997,2.2072408,-10.661162,5.6266665,True,1.5899998,4.0158305,-8.98371,6.9183173,True
2021-11-03 02:20:00,0.9999997,92,-14,5.18,3.1419828,-9.807757,6.4586234,True,1.9400002,4.913999,-8.167348,7.717548,True
2021-11-03 02:25:00,1.8199993,92,-14,4.61,3.935043,-8.997895,7.097799,True,1.8700005,5.674108,-7.385096,8.328911,True
2021-11-03 02:30:00,2.6000001,92,-14,4.1,4.661121,-8.132857,7.646276,True,1.9199997,6.344539,-6.5629096,8.82971,True
2021-11-03 02:35:00,3.800001,92,-12,3.7399995,5.85906,-7.154198,8.661266,True,1.8000008,7.5254683,-5.6044555,9.83152,True
2021-11-03 02:40:00,4.389999,92,-12,3.1100004,6.4190497,-6.719752,9.121296,True,1.139999,8.051361,-5.197923,10.261787,True
2021-11-03 02:45:00,5.1599994,92,-11,2.3700006,7.1206775,-6.1618905,9.755386,True,0.059999153,8.682726,-4.6964574,10.83193,True
2021-11-03 02:50:00,5.53,92,-11,2.26,7.4305396,-6.0197473,10.041723,True,-0.43000063,8.937517,-4.594623,11.067175,True
2021-11-03 02:55:00,5.5400004,92,-11,1.7700001,7.4079413,-6.126817,10.024443,True,-1.1600002,8.88863,-4.717851,11.026209,True
2021-11-03 03:00:00,5.53,92,-11,1.3999993,7.348745,-6.2369275,10.008604,True,-1.6999992,8.788809,-4.855252,10.972977,True
2021-11-03 03:05:00,5.5500007,92,-11,1.8399998,7.317266,-6.400067,10.021845,True,-2.07,8.715849,-5.0447087,10.948299,True
2021-11-03 03:10:00,5.4999995,92,-11,1.4500004,7.1860595,-6.530646,9.949163,True,-2.3500006,8.516945,-5.2160497,10.810333,True
2021-11-03 03:15:00,5.3399997,92,-11,1.5899998,6.9683166,-6.7427144,9.757885,True,-3.41,8.256559,-5.456466,10.585136,True
2021-11-03 03:20:00,5.18,92,-11,1.9400002,6.739988,-7.001351,9.613377,True,-4.3400006,7.9730144,-5.745954,10.38722,True
2021-11-03 03:25:00,4.61,92,-11,1.8700005,6.1148906,-7.490063,9.069986,True,-4.4100003,7.3113647,-6.253736,9.811705,True
2021-11-03 03:30:00,4.1,92,-11,1.9199997,5.545675,-7.9553714,8.573507,True,-5.2600007,6.7012057,-6.741451,9.279364,True
2021-11-03 03:35:00,3.7399995,92,-11,1.8000008,5.1184134,-8.404625,8.243063,True,-5.9500003,6.22352,-7.220698,8.903715,True
2021-11-03 03:40:00,3.1100004,92,-10,1.139999,4.4624496,-8.919383,7.634155,True,-6.7600007,5.556974,-7.736219,8.287596,True
2021-11-03 03:45:00,2.3700006,92,-11,0.059999153,3.7060583,-9.493829,6.956632,True,-6.98,4.7979083,-8.302287,7.6064353,True
2021-11-03 03:50:00,2.26,92,-11,-0.43000063,3.5489385,-9.54819,6.803844,True,-7.07,4.60634,-8.378457,7.42551,True
2021-11-03 03:55:00,1.7700001,92,-10,-1.1600002,3.051872,-9.815231,6.284078,True,-8.05,4.114303,-8.641354,6.9177585,True
2021-11-03 04:00:00,1.3999993,92,-10,-1.6999992,2.6597822,-10.088555,5.9290805,True,-8.87,3.7109258,-8.915039,6.55248,True
2021-11-03 04:05:00,1.8399998,92,-10,-2.07,2.8638227,-9.799388,6.1409774,True,-9.369999,3.7095487,-8.777499,6.5778155,False
2021-11-03 04:10:00,1.4500004,92,-10,-2.3500006,2.4937818,-9.9059105,5.7269607,True,-9.85,3.3668,-8.863505,6.1934524,False
2021-11-03 04:15:00,1.5899998,92,-9,-3.41,2.667322,-9.546117,5.770202,True,-10.07,3.574127,-8.481254,6.2728343,False
2021-11-03 04:20:00,1.9400002,92,-9,-4.3400006,3.0392854,-9.103367,5.9966636,True,-10.27,3.9684942,-8.023892,6.525636,False
2021-11-03 04:25:00,1.8700005,92,-9,-4.4100003,2.987272,-9.103288,5.856067,True,-10.34,3.9389741,-8.006302,6.410503,False
2021-11-03 04:30:00,1.9199997,92,-8,-5.2600007,3.050573,-9.254636,5.9774833,True,-10.45,4.019605,-8.144013,6.5549197,False
2021-11-03 04:35:00,1.8000008,92,-8,-5.9500003,2.8532083,-9.477751,5.8279433,True,-10.96,3.7613122,-8.406571,6.3487296,False
2021-11-03 04:40:00,1.139999,92,-7,-6.7600007,2.158594,-9.949856,5.2051444,True,-11.57,3.047531,-8.895693,5.714271,False
2021-11-03 04:45:00,0.059999153,92,-7,-6.98,1.0869709,-10.68632,4.1866374,True,-12.12,1.9974571,-9.615303,4.718637,False
2021-11-03 04:50:00,-0.43000063,92,-8,-7.07,0.5800225,-10.956441,3.658159,True,-12.51,1.4846455,-9.894866,4.191482,False
2021-11-03 04:55:00,-1.1600002,92,-8,-8.05,-0.11384423,-11.413559,2.9592016,True,-12.77,0.8330514,-10.31706,3.5322168,False
2021-11-03 05:00:00,-1.6999992,92,-8,-8.87,-0.64136726,-11.797862,2.4301336,True,-13.02,0.32517782,-10.690235,3.027929,False
2021-11-03 05:05:00,-2.07,92,-8,-9.369999,-0.9627746,-12.095541,2.1490724,True,-13.02,0.05493705,-10.947927,2.7981813,False
2021-11-03 05:10:00,-2.3500006,92,-8,-9.85,-1.2105564,-12.41594,2.0161245,True,-11.45,-0.15711816,-11.242103,2.7047555,False
2021-11-03 05:15:00,-3.41,92,-8,-10.07,-2.221619,-13.311746,1.2216355,True,-10.18,-1.1122993,-12.087961,1.961227,True
2021-11-03 05:20:00,-4.3400006,92,-8,-10.27,-3.100304,-13.89023,0.39830557,True,-9.38,-1.935448,-12.626925,1.1950318,True
2021-11-03 05:25:00,-4.4100003,92,-8,-10.34,-3.0792449,-13.646445,0.2025811,True,-8.39,-1.8290619,-12.323842,1.0857693,True
2021-11-03 05:30:00,-5.2600007,92,-8,-10.45,-3.8423293,-14.084598,-0.7083209,True,-8.59,-2.5048926,-12.690864,0.25631872,True
2021-11-03 05:35:00,-5.9500003,92,-8,-10.96,-4.51333,-14.481018,-1.4953922,True,-9.06,-3.151316,-13.072988,-0.5019229,True
2021-11-03 05:40:00,-6.7600007,92,-8,-11.57,-5.2183414,-14.990801,-2.2463496,True,-9.84,-3.755051,-13.5007925,-1.1560463,True
2021-11-03 05:45:00,-6.98,92,-8,-12.12,-5.3474526,-15.058546,-2.4170172,True,-10.08,-3.7991679,-13.504263,-1.2411999,True
2021-11-03 05:50:00,-7.07,92,-8,-12.51,-5.327103,-15.049694,-2.39547,True,-10.209999,-3.6767256,-13.414217,-1.1213821,True
2021-11-03 05:55:00,-8.05,92,-7,-12.77,-6.1622033,-15.689337,-3.2916453,True,-9.83,-4.3741174,-13.938956,-1.8868088,True
2021-11-03 06:00:00,-8.87,92,-8,-13.02,-6.8175464,-16.235584,-4.020555,True,-9.81,-4.875402,-14.355125,-2.4703333,True
2021-11-03 06:05:00,-9.369999,92,-8,-13.02,-7.338444,-16.641727,-4.4948087,True,-10.22,-5.409474,-14.776341,-2.951609,True
2021-11-03 06:10:00,-9.85,92,-8,-11.45,-7.8105416,-16.919489,-5.088919,True,-10.01,-5.8690724,-15.044852,-3.5301478,True
2021-11-03 06:15:00,-10.07,92,-8,-10.18,-8.044925,-17.084938,-5.39012,True,-9.77,-6.111732,-15.222554,-3.8331034,True
2021-11-03 06:20:00,-10.27,92,-8,-9.38,-8.3291,-17.182922,-5.7666907,True,-8.62,-6.4669433,-15.384896,-4.271173,True
2021-11-03 06:25:00,-10.34,92,-8,-8.39,-8.430541,-17.106974,-6.051785,True,-5.68,-6.59277,-15.3336115,-4.573581,True
2021-11-03 06:30:00,-10.45,92,-7,-8.59,-8.628461,-17.025503,-6.6026692,True,-3.16,-6.8649793,-15.322416,-5.1849914,False
2021-11-03 06:35:00,-10.96,92,-7,-9.06,-9.039869,-17.313902,-7.234856,True,-2.5200007,-7.1809087,-15.529543,-5.7241693,False
2021-11-03 06:40:00,-11.57,92,-8,-9.84,-9.502665,-17.782372,-7.7202077,True,-3.9600003,-7.5033994,-15.877083,-6.07682,False
2021-11-03 06:45:00,-12.12,92,-8,-10.08,-10.022958,-18.305725,-8.168522,True,-4.81,-7.990191,-16.375402,-6.4928594,False
2021-11-03 06:50:00,-12.51,92,-9,-10.209999,-10.446483,-18.625626,-8.588438,True,-5.9,-8.440746,-16.72319,-6.9346623,False
2021-11-03 06:55:00,-12.77,92,-9,-9.83,-10.753463,-18.749022,-8.960146,True,-5.889999,-8.788853,-16.887524,-7.3371444,False
2021-11-03 07:00:00,-13.02,92,-9,-9.81,-10.935807,-18.873037,-9.220604,True,-5.72,-8.907107,-16.95738,-7.5334353,False
2021-11-03 07:05:00,-13.02,92,-10,-10.22,-10.920555,-18.869465,-9.19037,True,-4.7000003,-8.875131,-16.944263,-7.4840503,False
2021-11-03 07:10:00,-11.45,92,-9,-10.01,-9.524904,-17.598658,-7.8043056,True,-4.2400002,-7.6367974,-15.826259,-6.2375035,False
2021-11-03 07:15:00,-10.18,92,-8,-9.77,-8.265209,-16.530197,-6.583465,True,-4.1,-6.385511,-14.778186,-5.0174527,False
2021-11-03 07:20:00,-9.38,92,-8,-8.62,-7.4700866,-15.833262,-5.8297353,True,-4.3400006,-5.5928855,-14.094801,-4.2595115,True
2021-11-03 07:25:00,-8.39,92,-8,-5.68,-6.487964,-15.06329,-4.8396783,True,-4.69,-4.6124787,-13.337156,-3.2672865,True
2021-11-03 07:30:00,-8.59,92,-8,-3.16,-6.581901,-15.226206,-4.940451,False,-4.72,-4.603966,-13.419793,-3.2694132,True
2021-11-03 07:35:00,-9.06,92,-8,-2.5200007,-6.8279376,-15.639784,-5.089194,False,-4.89,-4.6398683,-13.664364,-3.2212298,True
2021-11-03 07:40:00,-9.84,92,-8,-3.9600003,-7.707854,-16.47975,-5.742273,False,-5.0800004,-5.600846,-14.580264,-3.9493763,True
2021-11-03 07:45:00,-10.08,92,-8,-4.81,-7.8921275,-16.644041,-5.975591,False,-5.39,-5.726889,-14.702076,-4.1249814,True
2021-11-03 07:50:00,-10.209999,92,-8,-5.9,-8.0168495,-16.728788,-6.0614867,False,-5.0400004,-5.8416886,-14.787334,-4.1964784,True
2021-11-03 07:55:00,-9.83,92,-7,-5.889999,-7.746982,-16.298542,-5.8692765,True,-4.9100003,-5.671613,-14.447685,-4.0888953,True
2021-11-03 08:00:00,-9.81,92,-7,-5.72,-7.7759385,-16.146545,-6.039083,False,-4.77,-5.743341,-14.333686,-4.2922845,True
2021-11-03 08:05:00,-10.22,92,-7,-4.7000003,-8.262731,-16.39062,-6.630757,False,-4.7900004,-6.2983823,-14.636048,-4.9414287,False
2021-11-03 08:10:00,-10.01,92,-7,-4.2400002,-7.9888597,-16.02184,-6.5931544,False,-4.4100003,-5.9672313,-14.223825,-4.841808,False
2021-11-03 08:15:00,-9.77,92,-7,-4.1,-7.661226,-15.753936,-6.3919168,False,-4.5900006,-5.5562863,-13.892364,-4.5573115,True
2021-11-03 08:20:00,-8.62,92,-7,-4.3400006,-6.482534,-14.805572,-5.3231244,False,-4.3800006,-4.345547,-12.931545,-3.4509223,True
2021-11-03 08:25:00,-5.68,92,-6,-4.69,-3.6159022,-12.374332,-2.6743567,True,-4.070001,-1.5509609,-10.589849,-0.85297805,True
2021-11-03 08:30:00,-3.16,92,-6,-4.72,-1.0686249,-10.267345,-0.3667911,True,-3.8999999,1.0155293,-8.491666,1.4865395,True
2021-11-03 08:35:00,-2.5200007,92,-6,-4.89,-0.40545687,-9.673701,0.13699691,True,-4.4600005,1.6988446,-7.8927207,2.0186021,True
2021-11-03 08:40:00,-3.9600003,92,-6,-5.0800004,-1.764397,-10.844031,-1.172665,True,-4.6700006,0.42746702,-8.990368,0.7908036,True
2021-11-03 08:45:00,-4.81,92,-7,-5.39,-2.806967,-11.651398,-2.1328318,True,-4.9899993,-0.78068954,-9.934856,-0.3219169,True
2021-11-03 08:50:00,-5.9,92,-7,-5.0400004,-3.998522,-12.46345,-3.3006155,True,-5.27,-2.0616934,-10.8180685,-1.5693249,True
2021-11-03 08:55:00,-5.889999,92,-7,-4.9100003,-4.0935435,-12.456473,-3.3700526,True,-5.52,-2.2502234,-10.89399,-1.7206634,True
2021-11-03 09:00:00,-5.72,92,-7,-4.77,-4.034535,-12.348421,-3.2008803,True,-5.56,-2.2912886,-10.877746,-1.638388,True
2021-11-03 09:05:00,-4.7000003,92,-7,-4.7900004,-3.1362116,-11.508449,-2.3353026,True,-5.5500007,-1.5029281,-10.139029,-0.86671096,True
2021-11-03 09:10:00,-4.2400002,92,-7,-4.4100003,-2.7002242,-11.141024,-1.8837589,True,-5.78,-1.0883487,-9.800214,-0.4275745,True
2021-11-03 09:15:00,-4.1,92,-7,-4.5900006,-2.3994467,-11.029229,-1.5244755,True,-5.8699994,-0.64061576,-9.58433,0.076686546,True
2021-11-03 09:20:00,-4.3400006,92,-7,-4.3800006,-2.4493334,-11.110541,-1.6455406,True,-5.7900004,-0.51481277,-9.534107,0.1288449,True
2021-11-03 09:25:00,-4.69,92,-7,-4.070001,-2.5447009,-11.229651,-1.8717941,True,-5.9600005,-0.37384066,-9.468789,0.13250701,True
2021-11-03 09:30:00,-4.72,92,-7,-3.8999999,-2.324036,-11.093863,-1.8017963,True,-5.9500003,0.07804267,-9.154817,0.43016592,True
2021-11-03 09:35:00,-4.89,92,-7,-4.4600005,-2.5858576,-11.055021,-2.4890616,True,-5.86,-0.26152834,-9.166965,-0.3150333,True
2021-11-03 09:40:00,-5.0800004,92,-7,-4.6700006,-2.7342455,-11.056108,-2.8943083,True,-5.9500003,-0.366093,-9.129694,-0.6648887,True
2021-11-03 09:45:00,-5.39,92,-8,-4.9899993,-2.9969943,-11.207485,-3.3260767,True,-5.7500005,-0.5792926,-9.239562,-1.0374798,True
2021-11-03 09:50:00,-5.0400004,92,-7,-5.27,-2.5757906,-10.833315,-3.0973132,True,-5.57,-0.08838113,-8.813228,-0.729132,True
2021-11-03 09:55:00,-4.9100003,92,-7,-5.52,-2.362448,-10.648402,-2.9920046,True,-5.39,0.20469062,-8.568313,-0.5354255,True
2021-11-03 10:00:00,-4.77,92,-7,-5.56,-2.185284,-10.497963,-2.8682463,True,-5.4500003,0.41727987,-8.396048,-0.36687884,True
2021-11-03 10:05:00,-4.7900004,92,-7,-5.5500007,-2.1447737,-10.507682,-2.8083994,True,-5.47,0.5164334,-8.367372,-0.24188836,True
2021-11-03 10:10:00,-4.4100003,92,-6,-5.78,-1.7243065,-10.209216,-2.3280337,True,-5.1,0.97815675,-8.05305,0.2872044,True
2021-11-03 10:15:00,-4.5900006,92,-7,-5.8699994,-1.9154743,-10.369334,-2.5013773,True,-5.1,0.7800557,-8.224161,0.11646621,True
2021-11-03 10:20:00,-4.3800006,92,-6,-5.7900004,-1.6343731,-10.196033,-2.1863692,True,-4.7100005,1.1269776,-8.00986,0.5028321,True
2021-11-03 10:25:00,-4.070001,92,-6,-5.9600005,-1.2550339,-9.940947,-1.7767528,True,-4.7500005,1.5710179,-7.718124,0.98402375,True
2021-11-03 10:30:00,-3.8999999,92,-6,-5.9500003,-1.036734,-9.811391,-1.5284256,True,-4.8300004,1.8345066,-7.5650563,1.2846981,True
2021-11-03 10:35:00,-4.4600005,92,-6,-5.86,-1.470879,-10.309651,-1.7893127,True,-4.3400006,1.5202824,-7.978151,1.1399266,True
2021-11-03 10:40:00,-4.6700006,92,-6,-5.9500003,-1.5669197,-10.494368,-1.8026794,True,-4.7100005,1.5332333,-8.086542,1.236652,True
2021-11-03 10:45:00,-4.9899993,92,-7,-5.7500005,-1.9317535,-10.798727,-2.1170561,True,-4.9500012,1.1311775,-8.425411,0.8954217,True
2021-11-03 10:50:00,-5.27,92,-7,-5.57,-2.2469065,-11.028976,-2.4431727,True,-4.85,0.7867314,-8.67753,0.5510022,True
2021-11-03 10:55:00,-5.52,92,-7,-5.39,-2.5643237,-11.28491,-2.7038538,True,-4.48,0.41047445,-8.987613,0.24369209,True
2021-11-03 11:00:00,-5.56,92,-8,-5.4500003,-2.7004473,-11.372218,-2.805096,True,-4.2900004,0.18707053,-9.152928,0.0690705,True
2021-11-03 11:05:00,-5.5500007,92,-8,-5.47,-2.7502196,-11.384651,-2.8516123,True,-3.78,0.084067985,-9.215131,-0.016075449,True
2021-11-03 11:10:00,-5.78,92,-8,-5.1,-3.0355418,-11.629778,-3.0671122,True,-3.4599993,-0.25242838,-9.507773,-0.27252993,True
2021-11-03 11:15:00,-5.8699994,92,-8,-5.1,-3.1844275,-11.772054,-3.1315691,True,-3.0499995,-0.45520243,-9.704803,-0.37882265,True
2021-11-03 11:20:00,-5.7900004,92,-8,-4.7100005,-3.144993,-11.771455,-2.991627,True,-2.7500002,-0.4522651,-9.748576,-0.26544985,True
2021-11-03 11:25:00,-5.9600005,92,-8,-4.7500005,-3.3228571,-11.948365,-3.1337264,True,-2.2600024,-0.6345828,-9.935672,-0.40173563,True
2021-11-03 11:30:00,-5.9500003,92,-8,-4.8300004,-3.297167,-11.970655,-3.0665362,True,-2.2600024,-0.591986,-9.952553,-0.31033358,True
2021-11-03 11:35:00,-5.86,92,-7,-4.3400006,-3.2895625,-11.970726,-2.9671118,True,-2.2199996,-0.65831023,-10.026555,-0.27165636,True
2021-11-03 11:40:00,-5.9500003,92,-7,-4.7100005,-3.3442194,-12.107738,-2.927088,True,-2.74,-0.676308,-10.14785,-0.19061692,True
2021-11-03 11:45:00,-5.7500005,92,-7,-4.9500012,-3.1322691,-12.01847,-2.6192992,True,-3.1399996,-0.45022425,-10.068245,0.13977401,True
2021-11-03 11:50:00,-5.57,92,-6,-4.85,-2.8993266,-11.872191,-2.3575232,True,-3.4300005,-0.1625293,-9.892611,0.4633595,True
2021-11-03 11:55:00,-5.39,92,-6,-4.48,-2.7743876,-11.75908,-2.240784,True,-3.74,-0.08892472,-9.82653,0.54172105,True
2021-11-03 12:00:00,-5.4500003,92,-6,-4.2900004,-2.8379214,-11.896485,-2.1666033,True,-3.6299994,-0.15440018,-9.983132,0.6211583,True
2021-11-03 12:05:00,-5.47,92,-6,-3.78,-2.7136023,-11.852097,-1.9649395,True,-2.8799994,0.11008231,-9.837096,0.96322984,True
2021-11-03 12:10:00,-5.1,92,-6,-3.4599993,-1.9494823,-11.5366,-1.0127319,True,-2.07,1.2589337,-9.2620735,2.2849844,True
2021-11-03 12:15:00,-5.1,92,-6,-3.0499995,-1.9499038,-11.748403,-0.8259013,True,-1.4,1.2596527,-9.50212,2.4732187,True
2021-11-03 12:20:00,-4.7100005,92,-6,-2.7500002,-1.7219661,-11.411371,-0.7565902,True,-0.94999915,1.3347946,-9.281119,2.4163797,True
2021-11-03 12:25:00,-4.7500005,92,-6,-2.2600024,-1.752827,-11.432243,-0.84108955,True,-0.97999984,1.3199898,-9.291097,2.357395,True
2021-11-03 12:30:00,-4.8300004,92,-6,-2.2600024,-1.8977684,-11.597049,-0.9101165,True,-1.2700008,1.1191651,-9.514508,2.2445161,True
2021-11-03 12:35:00,-4.3400006,92,-6,-2.2199996,-1.4392837,-11.275489,-0.41376147,True,-1.7400001,1.5514313,-9.239135,2.7260644,True
2021-11-03 12:40:00,-4.7100005,92,-6,-2.74,-1.757048,-11.563934,-0.7304271,True,-1.8500007,1.2916294,-9.482825,2.4748895,True
2021-11-03 12:45:00,-4.9500012,92,-7,-3.1399996,-2.0993197,-11.885487,-0.9706786,True,-2.0000002,0.8507821,-9.886195,2.146919,True
2021-11-03 12:50:00,-4.85,92,-7,-3.4300005,-2.1074984,-11.819304,-0.9792884,True,-2.16,0.7384259,-9.900115,2.048763,True
2021-11-03 12:55:00,-4.48,92,-7,-3.74,-1.752623,-11.450831,-0.7204879,True,-2.2299998,1.0830818,-9.539602,2.3129613,True
2021-11-03 13:00:00,-4.2900004,92,-7,-3.6299994,-1.5297512,-11.274259,-0.52306396,True,-2.1700003,1.3413273,-9.342576,2.5552614,True
2021-11-03 13:05:00,-3.78,92,-7,-2.8799994,-1.0067657,-10.94827,0.029508276,True,-1.4900001,1.882444,-9.028896,3.1329973,True
2021-11-03 13:10:00,-3.4599993,92,-7,-2.07,-0.69826347,-10.762422,0.39062467,True,-1.4599994,2.1825216,-8.866873,3.4917371,True
2021-11-03 13:15:00,-3.0499995,92,-7,-1.4,-0.27454218,-10.45421,0.87005204,True,-1.4100002,2.6228216,-8.566015,3.996187,True
2021-11-03 13:20:00,-2.7500002,92,-8,-0.94999915,0.042245552,-10.215727,1.255117,True,-1.0200008,2.956432,-8.325574,4.4022098,True
2021-11-03 13:25:00,-2.2600024,92,-8,-0.97999984,0.5555932,-9.936231,1.8952061,True,-0.99000007,3.4941633,-8.059398,5.0701957,True
2021-11-03 13:30:00,-2.2600024,92,-8,-1.2700008,0.5461995,-9.970773,1.9392182,True,-0.6000007,3.4810293,-8.104888,5.1191916,True
2021-11-03 13:35:00,-2.2199996,92,-9,-1.7400001,0.6044938,-10.021158,2.085697,True,-0.4200004,3.5594785,-8.1553755,5.2902026,True
2021-11-03 13:40:00,-2.74,92,-9,-1.8500007,0.07280128,-10.492628,1.6267201,True,-0.21999963,3.0198152,-8.625223,4.826175,True
2021-11-03 13:45:00,-3.1399996,92,-10,-2.0000002,-0.32460436,-10.859796,1.3029858,True,0.1499993,2.6286428,-8.985188,4.515432,True
2021-11-03 13:50:00,-3.4300005,92,-10,-2.16,-0.59095985,-11.043924,1.0490681,True,0.30000082,2.391546,-9.142139,4.3037486,True
2021-11-03 13:55:00,-3.74,92,-10,-2.2299998,-0.85926276,-11.265368,0.7676675,True,0.45000044,2.1695707,-9.3162565,4.0715747,True
2021-11-03 14:00:00,-3.6299994,92,-10,-2.1700003,-0.67787963,-11.211631,0.9596574,True,0.5699994,2.4281538,-9.214722,4.3440566,True
2021-11-03 14:05:00,-2.8799994,92,-10,-1.4900001,0.16833083,-10.473092,1.7524277,True,0.83999985,3.3750207,-8.411744,5.2456183,True
2021-11-03 14:10:00,-2.07,92,-10,-1.4599994,1.0755516,-9.747074,2.629625,True,0.65999955,4.379352,-7.625173,6.220382,True
2021-11-03 14:15:00,-1.4,92,-10,-1.4100002,1.8298126,-9.102232,3.3595312,True,0.69000024,5.219833,-6.9268346,7.0440116,True
2021-11-03 14:20:00,-0.94999915,92,-10,-1.0200008,2.3460233,-8.617092,3.8564336,True,0.80000085,5.8059993,-6.3947597,7.6241145,True
2021-11-03 14:25:00,-0.97999984,92,-10,-0.99000007,2.3565767,-8.469328,3.85894,True,1.1200005,5.860658,-6.1909842,7.6783004,True
2021-11-03 14:30:00,-1.2700008,92,-10,-0.6000007,2.0716875,-8.683907,3.6087549,True,1.85,5.5894713,-6.3849206,7.449655,True
2021-11-03 14:35:00,-1.7400001,92,-10,-0.4200004,1.649654,-9.183967,3.3193834,True,1.8800007,5.223987,-6.8524966,7.214866,True
2021-11-03 14:40:00,-1.8500007,92,-10,-0.21999963,1.6223274,-9.396256,3.4681165,True,2.2100008,5.2788405,-7.027004,7.4393497,True
2021-11-03 14:45:00,-2.0000002,92,-11,0.1499993,1.5634228,-9.700679,3.6198308,True,2.5599992,5.310407,-7.2961726,7.671848,True
2021-11-03 14:50:00,-2.16,92,-10,0.30000082,1.4697434,-10.053717,3.7482717,True,2.84,5.283235,-7.6316094,7.8566356,True
2021-11-03 14:55:00,-2.2299998,92,-10,0.45000044,1.4569451,-10.283023,3.9059598,True,3.0200002,5.329124,-7.8444266,8.064995,True
2021-11-03 15:00:00,-2.1700003,92,-10,0.5699994,1.5809895,-10.257374,4.0747313,True,2.8099992,5.5229926,-7.7751517,8.3035145,True
2021-11-03 15:05:00,-1.4900001,92,-9,0.83999985,2.3272302,-9.703895,4.8698077,True,2.2900007,6.32867,-7.2029805,9.158785,True
2021-11-03 15:10:00,-1.4599994,92,-9,0.65999955,2.3649137,-9.542517,4.890619,True,2.3099992,6.3749843,-7.018516,9.198706,True
2021-11-03 15:15:00,-1.4100002,92,-9,0.69000024,2.440006,-9.406747,4.9630294,True,2.6100004,6.4772964,-6.8519616,9.30587,True
2021-11-03 15:20:00,-1.0200008,92,-9,0.80000085,2.89727,-9.166085,5.4917254,True,2.4999998,6.996925,-6.5931544,9.892645,True
2021-11-03 15:25:00,-0.99000007,92,-8,1.1200005,2.9315622,-9.080898,5.53136,True,2.2499998,7.0413604,-6.5020165,9.954618,True
2021-11-03 15:30:00,-0.6000007,92,-8,1.85,3.3704069,-8.831148,6.034641,True,2.1300008,7.51934,-6.2457166,10.488949,True
2021-11-03 15:35:00,-0.4200004,92,-7,1.8800007,3.6025827,-8.84145,6.41501,True,1.6699997,7.802278,-6.253303,10.912544,True
2021-11-03 15:40:00,-0.21999963,92,-7,2.2100008,3.8836038,-8.509669,6.7084117,True,1.4600006,8.162672,-5.864843,11.295708,True
2021-11-03 15:45:00,0.1499993,92,-7,2.5599992,4.3424563,-8.14757,7.209348,True,1.4500004,8.705208,-5.452846,11.879255,True
2021-11-03 15:50:00,0.30000082,92,-6,2.84,4.6452975,-8.015545,7.5798984,True,1.68,9.155754,-5.230252,12.388634,True
2021-11-03 15:55:00,0.45000044,92,-6,3.0200002,4.9051986,-7.8744454,7.90933,True,1.2100006,9.521019,-5.0308795,12.823189,True
2021-11-03 16:00:00,0.5699994,92,-6,2.8099992,5.110151,-7.718971,8.170631,True,1.1900002,9.807684,-4.8151402,13.158913,True
2021-11-03 16:05:00,0.83999985,92,-5,2.2900007,5.4344306,-7.388866,8.496321,True,0.77000016,10.184113,-4.4442153,13.539703,True
2021-11-03 16:10:00,0.65999955,92,-5,2.3099992,5.232452,-7.4323487,8.267073,True,0.45000044,9.974182,-4.4703383,13.315464,True
2021-11-03 16:15:00,0.69000024,92,-5,2.6100004,5.2938304,-7.5116305,8.447058,True,0.009999914,10.057632,-4.5481153,13.509586,True
2021-11-03 16:20:00,0.80000085,92,-5,2.4999998,5.465938,-7.4600587,8.676872,True,-0.25000033,10.286606,-4.4713693,13.789661,True
2021-11-03 16:25:00,1.1200005,92,-4,2.2499998,5.8541465,-7.25431,9.11809,True,-0.54999954,10.727238,-4.2564664,14.275944,True
2021-11-03 16:30:00,1.85,92,-4,2.1300008,6.7002997,-6.8347383,10.062777,True,-0.80999976,11.652592,-3.8449528,15.288872,True
2021-11-03 16:35:00,1.8800007,92,-3,1.6699997,6.809213,-6.9633,10.290073,True,-0.94000083,11.823584,-3.9598582,15.564507,True
2021-11-03 16:40:00,2.2100008,92,-3,1.4600006,7.226648,-6.702213,10.772602,True,-1.6700004,12.30666,-3.6728804,16.105259,True
2021-11-03 16:45:00,2.5599992,92,-3,1.4500004,7.6313643,-6.479133,11.252333,True,-2.0100005,12.744648,-3.446358,16.610542,True
2021-11-03 16:50:00,2.84,92,-3,1.68,7.9423347,-6.341722,11.629484,True,-2.3400004,13.068424,-3.3170893,16.992844,True
2021-11-03 16:55:00,3.0200002,92,-2,1.2100006,8.189003,-6.2613673,11.944038,True,-2.0499995,13.365574,-3.2156928,17.347797,True
2021-11-03 17:00:00,2.8099992,92,-2,1.1900002,8.044344,-6.4214234,11.844252,True,-1.5200008,13.289711,-3.327719,17.31371,True
2021-11-03 17:05:00,2.2900007,92,-2,0.77000016,7.552669,-6.9772325,11.460993,True,-1.6399997,12.845428,-3.8478491,16.962822,True
2021-11-03 17:10:00,2.3099992,92,-3,0.45000044,7.6346354,-7.0854583,11.636158,True,-1.0599998,12.9826355,-3.9302332,17.17735,True
2021-11-03 17:15:00,2.6100004,92,-2,0.009999914,8.007399,-6.676825,12.030136,True,0.6100003,13.416187,-3.4702055,17.629978,True
2021-11-03 17:20:00,2.4999998,92,-2,-0.25000033,7.9977794,-6.647948,12.061981,True,1.0400006,13.509068,-3.3559744,17.755802,True
2021-11-03 17:25:00,2.2499998,92,-2,-0.54999954,7.8329654,-6.5737157,11.897448,True,1.3999993,13.443157,-3.1736815,17.690262,True
2021-11-03 17:30:00,2.1300008,92,-1,-0.80999976,7.7834926,-6.300858,11.868986,True,0.22000091,13.46965,-2.7983477,17.745022,True
2021-11-03 17:35:00,1.6699997,92,-1,-0.94000083,7.301431,-6.6504397,11.435038,True,-2.7899992,12.98933,-3.1198466,17.30803,True
2021-11-03 17:40:00,1.4600006,92,-1,-1.6700004,7.0546813,-6.85265,11.258488,True,-2.9200003,12.713917,-3.3294833,17.096737,True
2021-11-03 17:45:00,1.4500004,92,-1,-2.0100005,6.974422,-6.9823613,11.274504,True,1.93,12.561363,-3.5145018,17.036667,True
2021-11-03 17:50:00,1.68,92,-1,-2.3400004,7.1293387,-6.728954,11.422993,True,11.380001,12.6381645,-3.3034174,17.109943,True
2021-11-03 17:55:00,1.2100006,92,-1,-2.0499995,6.642204,-7.1047053,10.970163,True,11.660002,12.154066,-3.652033,16.653908,True
2021-11-03 18:00:00,1.1900002,92,-1,-1.5200008,6.673942,-7.230331,11.079275,True,16.510002,12.229063,-3.756386,16.78825,True
2021-11-03 18:05:00,0.77000016,92,-1,-1.6399997,6.2753177,-7.6010404,10.747217,True,19.120003,11.866837,-4.0822167,16.48027,False
2021-11-03 18:10:00,0.45000044,92,-1,-1.0599998,6.012632,-7.8321414,10.525841,True,20.2,11.67132,-4.2460303,16.314564,False
2021-11-03 18:15:00,0.009999914,92,0,0.6100003,5.5906577,-8.278688,10.1765995,True,23.240002,11.281504,-4.6561446,15.98233,False
2021-11-03 18:20:00,-0.25000033,92,0,1.0400006,5.4162784,-8.629985,10.109102,True,24.45,11.194029,-4.952519,15.977303,False
2021-11-03 18:25:00,-0.54999954,92,0,1.3999993,5.190763,-9.138274,10.032743,True,28.07,11.040609,-5.425485,15.942619,False
2021-11-03 18:30:00,-0.80999976,92,0,0.22000091,4.9060283,-9.704523,9.917358,True,30.41,10.725,-6.033734,15.770477,False
2021-11-03 18:35:00,-0.94000083,92,0,-2.7899992,4.7152457,-9.899964,9.861931,True,34.12,10.475126,-6.2588964,15.645992,False
2021-11-03 18:40:00,-1.6700004,92,0,-2.9200003,4.0021853,-10.479162,9.262503,True,35.43,9.806576,-6.7673135,15.07922,False
2021-11-03 18:45:00,-2.0100005,92,0,1.93,3.6319997,-10.679469,8.969887,True,34.07,9.416695,-6.947083,14.761333,False
2021-11-03 18:50:00,-2.3400004,92,0,11.380001,3.1753538,-11.120002,8.64747,False,40.74,8.834866,-7.468262,14.306351,False
2021-11-03 18:55:00,-2.0499995,92,1,11.660002,3.4257638,-10.91657,8.970074,False,41.19,9.026632,-7.311259,14.560818,False
2021-11-03 19:00:00,-1.5200008,92,2,16.510002,4.1628165,-10.359475,9.699841,False,25.7,9.942408,-6.641792,15.443558,False
2021-11-03 19:05:00,-1.6399997,92,2,19.120003,4.223747,-10.493648,9.813837,False,26.04,10.173037,-6.661917,15.697472,False
2021-11-03 19:10:00,-1.0599998,92,2,20.2,4.7871547,-10.138556,10.431742,False,10.35,10.682835,-6.3697762,16.24651,True
2021-11-03 19:15:00,0.6100003,92,5,23.240002,6.337829,-8.930388,12.0075245,False,12.549999,12.029293,-5.360949,17.61177,True
2021-11-03 19:20:00,1.0400006,92,5,24.45,6.796619,-8.668005,12.523521,False,13.389999,12.483276,-5.117168,18.105057,True
2021-11-03 19:25:00,1.3999993,92,5,28.07,9.68362,-9.935054,15.930706,False,19.21,17.532715,-5.212684,23.348347,True
2021-11-03 19:30:00,0.22000091,92,6,30.41,11.22982,-15.224451,19.15152,False,11.720001,21.195469,-9.500982,28.123062,True
2021-11-03 19:35:00,-2.7899992,92,2,34.12,10.232759,-21.424206,19.850632,False,-3.7500002,21.909801,-14.701782,29.944214,True
2021-11-03 19:40:00,-2.9200003,92,0,35.43,11.298523,-24.089703,21.78344,False,-9.97,23.65915,-16.947853,32.247604,True
2021-11-03 19:45:00,1.93,92,6,34.07,15.690784,-19.86927,25.365547,False,-27.71,26.849758,-13.521707,35.005653,False
2021-11-03 19:50:00,11.380001,92,21,40.74,24.619946,-16.195297,33.905064,False,-31.82,33.379593,-11.31702,41.77655,False
2021-11-03 19:55:00,11.660002,92,18,41.19,23.920689,-19.483662,33.875847,False,-31.86,32.089073,-14.898106,41.10733,False
2021-11-03 20:00:00,16.510002,92,22,25.7,27.549793,-17.635805,37.783947,True,-29.66,34.257053,-13.922072,43.88061,False
2021-11-03 20:05:00,19.120003,92,23,26.04,25.867893,-28.049622,38.13701,True,-31.24,29.899937,-25.826021,41.70963,False
2021-11-03 20:10:00,20.2,92,23,10.35,24.30082,-31.598207,37.484684,True,-30.85,26.739292,-30.390402,39.63735,False
2021-11-03 20:15:00,23.240002,92,26,12.549999,24.769985,-31.900839,38.45839,True,-32.24,25.493343,-31.734303,39.126892,False
2021-11-03 20:20:00,24.45,92,27,13.389999,22.006939,-44.904865,38.44748,True,-32.82,20.060371,-46.327446,36.822002,True
2021-11-03 20:25:00,28.07,92,29,19.21,11.713974,-71.234116,33.409306,True,-31.32,0.101463005,-77.20961,23.780254,True
2021-11-03 20:30:00,30.41,92,31,11.720001,7.090074,-76.909485,30.333096,True,-27.41,-9.325014,-84.318405,16.63535,True
2021-11-03 20:35:00,34.12,92,34,-3.7500002,5.9006743,-74.62927,29.495659,True,-25.37,-13.585613,-82.72481,12.87249,True
2021-11-03 20:40:00,35.43,92,38,-9.97,0.16176192,-85.238235,27.335258,True,-14.15,-23.4003,-93.59674,7.1977,True
2021-11-03 20:45:00,34.07,92,37,-27.71,-6.552338,-94.66115,23.879574,True,-12.43,-33.177517,-102.87327,1.1722294,True
2021-11-03 20:50:00,40.74,92,39,-31.82,-12.38871,-110.050446,23.006363,True,-12.15,-44.95538,-119.600395,-4.6228213,True
2021-11-03 20:55:00,41.19,92,47,-31.86,-15.186117,-112.68323,21.381214,True,-11.55,-49.49848,-122.48258,-7.7957826,True
2021-11-03 21:00:00,25.7,92,36,-29.66,-28.710907,-120.92499,11.583132,True,-13.32,-61.97973,-131.28699,-15.753722,False
2021-11-03 21:05:00,26.04,92,21,-31.24,-21.62877,-105.76167,14.04673,True,-11.18,-52.277714,-114.53783,-11.927335,False
2021-11-03 21:10:00,10.35,92,11,-30.85,-24.814196,-91.210625,7.3691688,True,-11.97,-48.986584,-98.91933,-13.3144245,False
2021-11-03 21:15:00,12.549999,92,2,-32.24,-28.682123,-96.76812,6.431003,True,-11.19,-55.340652,-104.85148,-16.571335,False
2021-11-03 21:20:00,13.389999,92,1,-32.82,-24.589462,-90.66489,9.230076,True,-9.39,-49.78121,-97.579094,-12.880024,False
2021-11-03 21:25:00,19.21,92,12,-31.32,-18.717102,-89.42372,15.214848,True,-10.47,-44.19625,-95.37922,-7.3577704,True
2021-11-03 21:30:00,11.720001,92,10,-27.41,-21.74368,-92.04331,13.48452,True,-11.92,-44.52657,-97.571556,-6.379868,True
2021-11-03 21:35:00,-3.7500002,92,-4,-25.37,-20.726377,-78.90907,11.158052,True,-11.09,-33.355793,-82.528175,0.17808692,True
2021-11-03 21:40:00,-9.97,92,-23,-14.15,-18.655443,-73.010376,12.088343,True,-7.3400006,-25.477676,-75.191895,6.1950336,True
2021-11-03 21:45:00,-27.71,92,-20,-12.43,-27.632395,-74.68314,3.917751,True,-9.91,-27.662249,-74.64599,3.9191186,True
2021-11-03 21:50:00,-31.82,92,-28,-12.15,-26.643871,-73.91328,4.724012,True,-10.209999,-22.654362,-71.87322,8.042786,True
2021-11-03 21:55:00,-31.86,92,-36,-11.55,-23.311247,-72.191536,7.4545245,True,-5.850001,-16.40269,-68.592804,13.100658,True
2021-11-03 22:00:00,-29.66,92,-34,-13.32,-18.896461,-70.48715,11.239712,True,-4.2000003,-9.912505,-65.827095,18.4608,True
2021-11-03 22:05:00,-31.24,92,-34,-11.18,-18.454004,-72.28624,11.961626,True,-1.1999992,-7.719561,-66.49741,20.423294,True
2021-11-03 22:10:00,-30.85,92,-32,-11.97,-17.218018,-67.539474,11.102524,True,-0.5799983,-5.498199,-60.795433,20.254356,True
2021-11-03 22:15:00,-32.24,92,-33,-11.19,-18.117733,-66.5817,8.998871,True,-4.0899997,-5.917375,-59.156567,18.47511,True
2021-11-03 22:20:00,-32.82,92,-34,-9.39,-17.686365,-63.48717,8.320259,True,-2.5900004,-4.2082896,-54.818317,18.69239,True
2021-11-03 22:25:00,-31.32,92,-33,-10.47,-16.719034,-59.12391,6.9874454,True,-2.5399992,-3.5155985,-50.35054,17.20512,True
2021-11-03 22:30:00,-27.41,92,-33,-11.92,-14.098832,-54.11394,7.249067,True,-0.7600005,-1.9214958,-46.088596,16.756535,True
2021-11-03 22:35:00,-25.37,92,-29,-11.09,-12.347075,-51.69742,7.9251056,True,-1.0099987,-0.31758723,-43.808327,17.31334,True
2021-11-03 22:40:00,-14.15,92,-22,-7.3400006,-1.3308891,-42.906555,16.237152,True,-0.12999947,10.204836,-35.891857,25.243988,True
2021-11-03 22:45:00,-12.43,92,-20,-9.91,0.43746343,-41.098225,17.112015,True,-4.0500016,11.8671055,-34.1735,26.047516,True
2021-11-03 22:50:00,-12.15,92,-21,-10.209999,1.1333977,-39.76945,17.363297,True,-8.74,12.890568,-32.5739,26.562553,True
2021-11-03 22:55:00,-11.55,92,-20,-5.850001,1.8043457,-38.154808,17.569191,True,-14.38,13.623066,-30.85811,26.837997,True
2021-11-03 23:00:00,-13.32,92,-20,-4.2000003,-0.20277245,-39.065735,15.457657,True,-23.18,11.535496,-31.716702,24.66771,True
2021-11-03 23:05:00,-11.18,92,-20,-1.1999992,2.7009885,-38.52135,18.304771,True,-31.15,14.867813,-31.024721,27.794212,False
2021-11-03 23:10:00,-11.97,92,-20,-0.5799983,1.134422,-40.535442,16.741108,True,-37.51,12.671825,-33.449524,25.708279,False
2021-11-03 23:15:00,-11.19,92,-20,-4.0899997,0.18167274,-40.497444,15.115791,True,-42.32,10.2237,-34.378094,22.958424,False
2021-11-03 23:20:00,-9.39,92,-20,-2.5900004,0.9615056,-39.58367,15.438328,True,-47.17,10.038246,-34.105175,22.540829,False
2021-11-03 23:25:00,-10.47,92,-18,-2.5399992,-0.1483291,-39.91038,14.620033,True,-47.89,8.965271,-34.354565,21.745972,False
2021-11-03 23:30:00,-11.92,92,-21,-0.7600005,-1.4326938,-39.522884,13.500759,True,-45.56,7.9150596,-33.706463,20.82722,False
2021-11-03 23:35:00,-11.09,92,-21,-1.0099987,-0.64492255,-38.309975,14.2491,True,-40.6,8.666578,-32.502132,21.549534,False
2021-11-03 23:40:00,-7.3400006,92,-18,-0.12999947,3.866104,-37.131847,18.938416,True,-45.51,13.603207,-31.211634,26.516167,False
2021-11-03 23:45:00,-9.91,92,-12,-4.0500016,0.19732825,-43.080162,16.269787,True,-51.16,9.0109825,-37.75328,23.035019,False
2021-11-03 23:50:00,-10.209999,92,-17,-8.74,1.2418343,-46.22925,18.432167,True,-52.17,11.123491,-40.28328,25.892353,False
2021-11-03 23:55:00,-5.850001,92,-16,-14.38,5.2392497,-48.28591,22.366184,True,-52.63,14.432125,-42.783863,29.210339,False
2021-11-04 00:00:00,-4.2000003,92,-15,-23.18,5.256225,-61.81579,24.59837,True,-50.97,12.808666,-57.1342,30.012474,True
2021-11-04 00:05:00,-1.1999992,92,-13,-31.15,-1.5705341,-91.54266,22.80048,True,-46.8,-2.1522028,-91.19111,22.277325,True
2021-11-04 00:10:00,-0.5799983,92,-12,-37.51,-3.1999114,-102.31856,23.884178,True,-41.24,-5.515056,-102.78852,22.173191,True
2021-11-04 00:15:00,-4.0899997,92,-13,-42.32,-16.1251,-115.49823,15.151028,True,-38.26,-25.280275,-119.0241,8.711908,True
2021-11-04 00:20:00,-2.5900004,92,-16,-47.17,-26.686018,-126.59181,9.0974865,True,-36.23,-43.393658,-133.68956,-2.451546,True
2021-11-04 00:25:00,-2.5399992,92,-14,-47.89,-36.199978,-131.2241,3.0538023,True,-32.65,-58.13584,-141.2466,-12.003613,True
2021-11-04 00:30:00,-0.7600005,92,-12,-45.56,-45.202824,-134.44156,-2.6684458,True,-31.65,-72.57635,-147.83537,-21.573107,True
2021-11-04 00:35:00,-1.0099987,92,-10,-40.6,-55.011257,-140.0946,-7.9735456,True,-30.41,-86.746086,-157.22809,-29.750061,True
2021-11-04 00:40:00,-0.12999947,92,-7,-45.51,-61.733524,-145.09288,-10.59768,True,-29.95,-96.60064,-164.67621,-34.644287,False
2021-11-04 00:45:00,-4.0500016,92,-5,-51.16,-70.422874,-149.16978,-15.177229,True,-28.07,-107.11681,-171.8845,-40.212276,False
2021-11-04 00:50:00,-8.74,92,-15,-52.17,-71.891045,-144.45384,-16.510271,True,-27.04,-105.985985,-165.28026,-40.277813,False
2021-11-04 00:55:00,-14.38,92,-19,-52.63,-66.93169,-132.88333,-14.774891,True,-25.73,-95.06789,-148.64334,-35.0608,False
2021-11-04 01:00:00,-23.18,92,-23,-50.97,-58.056934,-115.183655,-11.707599,True,-25.68,-76.998924,-124.523865,-25.972233,False
2021-11-04 01:05:00,-31.15,92,-29,-46.8,-53.81154,-106.440384,-9.939869,True,-25.25,-66.54033,-112.63439,-19.482178,True
2021-11-04 01:10:00,-37.51,92,-34,-41.24,-49.741314,-99.48548,-8.124411,True,-29.960001,-56.84831,-102.70062,-13.480716,True
2021-11-04 01:15:00,-42.32,92,-37,-38.26,-46.591953,-97.58625,-5.356485,True,-33.35,-49.13167,-98.24671,-7.2718244,True
2021-11-04 01:20:00,-47.17,92,-40,-36.23,-44.35754,-97.656525,-3.0812056,True,-36.51,-42.60239,-95.80174,-1.8056854,True
2021-11-04 01:25:00,-47.89,92,-41,-32.65,-39.905514,-95.09349,0.18481986,True,-37.47,-34.78673,-91.276276,4.00349,True
2021-11-04 01:30:00,-45.56,92,-39,-31.65,-34.430134,-90.62375,3.7856786,True,-39.140003,-26.980064,-85.58676,9.474535,True
2021-11-04 01:35:00,-40.6,92,-33,-30.41,-28.401955,-86.35086,8.200163,True,-39.42,-19.876696,-80.95657,14.804947,True
2021-11-04 01:40:00,-45.51,92,-33,-29.95,-31.063908,-87.88056,5.4261813,True,-38.91,-21.01503,-81.185555,13.0687065,True
2021-11-04 01:45:00,-51.16,92,-36,-28.07,-34.788372,-88.6952,1.2697445,True,-35.91,-23.474627,-80.61799,9.720226,True
2021-11-04 01:50:00,-52.17,92,-38,-27.04,-35.06882,-87.0386,-0.17618401,True,-35.19,-23.0958,-78.26031,8.73308,True
2021-11-04 01:55:00,-52.63,92,-34,-25.73,-35.59845,-87.0113,-1.584576,True,-37.05,-23.676111,-78.08791,7.218351,True
2021-11-04 02:00:00,-50.97,92,-32,-25.68,-34.1019,-85.00947,-1.2207111,True,-38.02,-22.142246,-76.06642,7.61428,True
2021-11-04 02:05:00,-46.8,92,-31,-25.25,-31.359278,-80.13982,-0.7600978,True,-39.57,-20.223867,-71.91228,7.566856,True
2021-11-04 02:10:00,-41.24,92,-31,-29.960001,-27.98989,-74.54967,0.051442787,True,-41.29,-18.293415,-67.55474,7.4219737,True
2021-11-04 02:15:00,-38.26,92,-30,-33.35,-27.227638,-71.33995,-1.1318744,True,-41.93,-19.159166,-65.47959,5.0698524,True
2021-11-04 02:20:00,-36.23,92,-31,-36.51,-27.49207,-73.68708,-1.4116043,True,-42.03,-21.180256,-69.080284,3.4068868,True
2021-11-04 02:25:00,-32.65,92,-30,-37.47,-25.294104,-73.25805,0.21810882,True,-41.22,-19.942448,-69.35901,4.291513,True
2021-11-04 02:30:00,-31.65,92,-33,-39.140003,-26.622215,-76.74519,-0.71240455,True,-42.37,-23.018316,-73.86942,1.9809395,True
2021-11-04 02:35:00,-30.41,92,-33,-39.42,-28.60471,-80.482376,-2.1226885,True,-42.57,-27.34355,-78.91269,-1.2498688,True
2021-11-04 02:40:00,-29.95,92,-35,-38.91,-31.848753,-83.64553,-4.8104415,True,-44.29,-33.156662,-83.45356,-5.922134,True
2021-11-04 02:45:00,-28.07,92,-34,-35.91,-32.62803,-80.60694,-6.6368384,True,-45.4,-35.74499,-81.3852,-9.200054,True
2021-11-04 02:50:00,-27.04,92,-33,-35.19,-33.258915,-76.65936,-8.260373,True,-46.97,-37.497906,-78.07276,-11.782003,True
2021-11-04 02:55:00,-25.73,92,-32,-37.05,-30.425407,-67.21205,-7.6729007,True,-48.95,-33.702614,-68.17,-10.532184,True
2021-11-04 03:00:00,-25.68,92,-31,-38.02,-28.717873,-61.704765,-7.2803454,True,-50.97,-30.884285,-62.126793,-9.2605095,True
2021-11-04 03:05:00,-25.25,92,-28,-39.57,-26.443972,-57.190903,-6.026385,True,-55.31,-27.308994,-56.90458,-6.933993,True
2021-11-04 03:10:00,-29.960001,92,-33,-41.29,-28.709345,-56.67404,-8.35496,True,-57.06,-27.73084,-55.253597,-7.7217793,False
2021-11-04 03:15:00,-33.35,92,-36,-41.93,-29.787163,-57.70568,-8.603776,True,-58.04,-27.037615,-55.04081,-6.4972615,False
2021-11-04 03:20:00,-36.51,92,-35,-42.03,-32.64727,-61.88093,-10.070823,True,-59.79,-29.702438,-59.05287,-7.8186116,False
2021-11-04 03:25:00,-37.47,92,-37,-41.22,-34.007347,-64.94956,-10.560615,True,-65.38,-31.37149,-62.33684,-8.582089,False
2021-11-04 03:30:00,-39.140003,92,-33,-42.37,-37.130886,-65.12684,-14.385922,True,-71.52,-35.578514,-63.238747,-13.300177,False
2021-11-04 03:35:00,-39.42,92,-35,-42.57,-38.052807,-62.225872,-16.8598,True,-75.99,-36.959873,-60.668785,-16.155872,False
2021-11-04 03:40:00,-38.91,92,-37,-44.29,-38.396732,-59.193962,-18.83183,True,-78.58,-37.924095,-58.134373,-18.6518,False
2021-11-04 03:45:00,-35.91,92,-34,-45.4,-36.496635,-55.251514,-18.506258,True,-80.55,-36.838764,-54.83299,-19.030928,False
2021-11-04 03:50:00,-35.19,92,-31,-46.97,-36.277283,-53.397217,-19.40502,True,-84.6,-36.996284,-53.303524,-20.267202,False
2021-11-04 03:55:00,-37.05,92,-32,-48.95,-36.672016,-53.40189,-20.107487,True,-87.66,-36.287655,-52.46202,-20.021427,False
2021-11-04 04:00:00,-38.02,92,-34,-50.97,-36.33973,-54.695362,-19.120743,True,-91.95,-34.936085,-52.92463,-18.165672,False
2021-11-04 04:05:00,-39.57,92,-35,-55.31,-36.278835,-55.95146,-18.573341,True,-94.21,-33.575253,-53.11597,-16.524525,False
2021-11-04 04:10:00,-41.29,92,-36,-57.06,-36.69704,-57.739933,-18.375797,True,-97.5,-32.8888,-53.974957,-15.420016,False
2021-11-04 04:15:00,-41.93,92,-38,-58.04,-37.153286,-60.736256,-17.479666,True,-100.74,-33.114594,-56.81686,-14.369479,False
2021-11-04 04:20:00,-42.03,92,-40,-59.79,-38.4655,-67.07453,-16.190516,True,-103.82,-35.4189,-64.007355,-13.958438,False
2021-11-04 04:25:00,-41.22,92,-39,-65.38,-39.944668,-73.24741,-15.61409,True,-108.68,-38.82131,-71.57068,-14.939989,False
2021-11-04 04:30:00,-42.37,92,-40,-71.52,-44.98129,-82.085365,-18.045935,True,-112.81,-46.865917,-82.36406,-19.67405,False
2021-11-04 04:35:00,-42.57,92,-41,-75.99,-52.26913,-95.37662,-20.723537,True,-114.97,-58.998077,-98.75694,-25.750454,False
2021-11-04 04:40:00,-44.29,92,-40,-78.58,-62.531788,-109.65627,-25.104202,True,-117.23,-74.45641,-117.16975,-33.31185,False
2021-11-04 04:45:00,-45.4,92,-40,-80.55,-73.05767,-121.22625,-29.80619,True,-119.99,-90.559105,-134.03194,-41.24949,True
2021-11-04 04:50:00,-46.97,92,-40,-84.6,-74.49014,-110.487076,-34.63127,True,-124.86,-91.52793,-122.878685,-46.609543,False
2021-11-04 04:55:00,-48.95,92,-41,-87.66,-70.13881,-95.89924,-34.9811,True,-125.84,-82.296555,-104.33326,-44.343376,False
2021-11-04 05:00:00,-50.97,92,-41,-91.95,-68.038826,-92.752075,-32.60694,True,-93.43,-77.69804,-99.420944,-40.08072,True
2021-11-04 05:05:00,-55.31,92,-42,-94.21,-73.83283,-106.75305,-30.538397,True,-90.71,-84.23551,-114.176,-37.916737,True
2021-11-04 05:10:00,-57.06,92,-44,-97.5,-78.647766,-117.96138,-29.166527,True,-86.75,-90.68108,-126.881294,-37.174774,True
2021-11-04 05:15:00,-58.04,92,-40,-100.74,-82.269196,-123.8423,-29.244272,True,-86.51,-95.860245,-134.5078,-37.872196,True
2021-11-04 05:20:00,-59.79,92,-43,-103.82,-84.8408,-126.1946,-30.47798,True,-88.47,-98.83281,-137.4811,-39.28055,True
2021-11-04 05:25:00,-65.38,92,-46,-108.68,-90.99957,-130.58485,-34.57695,True,-91.17999,-105.429756,-142.89665,-43.512096,True
2021-11-04 05:30:00,-71.52,92,-49,-112.81,-97.26685,-133.00192,-39.64565,True,-94.619995,-112.15867,-146.39084,-48.81437,True
2021-11-04 05:35:00,-75.99,92,-54,-114.97,-100.360794,-133.15195,-42.65709,True,-97.24,-114.50216,-146.032,-51.49476,True
2021-11-04 05:40:00,-78.58,92,-56,-117.23,-102.61557,-134.20242,-44.010593,True,-97.06,-116.71319,-147.17404,-52.820076,True
2021-11-04 05:45:00,-80.55,92,-58,-119.99,-101.81983,-130.25223,-44.858257,True,-90.35,-114.142815,-141.57396,-52.75861,True
2021-11-04 05:50:00,-84.6,92,-60,-124.86,-104.33681,-133.97882,-44.941418,True,-88.97,-115.811485,-144.5837,-52.162933,True
2021-11-04 05:55:00,-87.66,92,-61,-125.84,-107.54955,-140.60799,-43.97771,True,-98.54,-119.13592,-151.35257,-51.03153,True
2021-11-04 06:00:00,-91.95,92,-61,-93.43,-110.59832,-145.53897,-44.208134,True,-99.43,-121.45783,-155.6321,-50.7129,True
2021-11-04 06:05:00,-94.21,92,-63,-90.71,-112.44559,-148.51791,-44.02665,True,-96.92999,-123.11649,-158.45537,-50.328686,True
2021-11-04 06:10:00,-97.5,92,-65,-86.75,-114.3667,-150.07355,-45.0712,True,-96.3,-124.26705,-159.30122,-50.931965,True
2021-11-04 06:15:00,-100.74,92,-68,-86.51,-118.56077,-154.70764,-46.467793,True,-98.45,-129.42412,-164.95607,-52.73725,True
2021-11-04 06:20:00,-103.82,92,-71,-88.47,-120.068924,-154.90698,-48.092796,True,-106.78,-130.0266,-164.3114,-53.894764,True
2021-11-04 06:25:00,-108.68,92,-73,-91.17999,-117.248436,-144.90744,-53.591785,True,-106.74,-121.90832,-149.26782,-56.59699,True
2021-11-04 06:30:00,-112.81,92,-76,-94.619995,-117.56878,-143.6151,-54.775414,True,-101.43,-119.87749,-145.6897,-56.292824,True
2021-11-04 06:35:00,-114.97,92,-81,-97.24,-118.05373,-145.8202,-53.075035,True,-101.77,-119.373184,-146.86905,-53.941185,True
2021-11-04 06:40:00,-117.23,92,-82,-97.06,-118.72407,-149.14317,-51.13974,True,-95.83,-119.11817,-149.22446,-51.40735,True
2021-11-04 06:45:00,-119.99,92,-85,-90.35,-121.080475,-155.17685,-49.288223,True,-93.47,-121.25478,-155.01547,-49.42019,True
2021-11-04 06:50:00,-124.86,92,-87,-88.97,-126.37104,-166.1314,-47.78644,True,-91.99,-126.80317,-166.1972,-48.07207,True
2021-11-04 06:55:00,-125.84,92,-89,-98.54,-126.13829,-162.2156,-50.972805,True,-88.99,-125.85315,-161.5986,-50.833622,True
2021-11-04 07:00:00,-93.43,92,-87,-99.43,-103.625946,-135.2222,-39.442566,True,-85.62,-108.72397,-139.7679,-42.70155,True
2021-11-04 07:05:00,-90.71,92,-86,-96.92999,-100.15467,-129.07483,-39.666115,True,-84.11,-104.71776,-133.10768,-42.700706,True
2021-11-04 07:10:00,-86.75,92,-80,-96.3,-96.184456,-124.526794,-37.65929,True,-60.15,-100.58961,-128.34016,-40.672035,True
2021-11-04 07:15:00,-86.51,92,-78,-98.45,-95.87258,-127.686386,-35.012604,True,-40.58,-100.29243,-131.35878,-37.985813,True
2021-11-04 07:20:00,-88.47,92,-81,-106.78,-97.40055,-133.47986,-33.028996,True,-75.24,-101.71748,-136.98769,-35.80848,True
2021-11-04 07:25:00,-91.17999,92,-87,-106.74,-99.404724,-138.74164,-32.12914,True,-78.6,-103.46783,-142.04521,-34.616673,True
2021-11-04 07:30:00,-94.619995,92,-94,-101.43,-101.95876,-143.3116,-32.260094,True,-84.13,-105.63434,-146.31946,-34.42099,True
2021-11-04 07:35:00,-97.24,92,-102,-101.77,-103.91902,-145.40637,-33.103046,True,-87.19,-107.26286,-148.14975,-35.049553,True
2021-11-04 07:40:00,-97.06,92,-102,-95.83,-103.083046,-144.42291,-32.742023,True,-87.71,-105.950226,-146.67838,-34.47179,True
2021-11-04 07:45:00,-90.35,92,-96,-93.47,-98.89643,-138.96666,-30.536852,True,-90.56,-103.03161,-142.29855,-33.07632,True
2021-11-04 07:50:00,-88.97,92,-86,-91.99,-97.418236,-136.61818,-29.942715,True,-91.32,-101.38607,-139.73442,-32.46495,True
2021-11-04 07:55:00,-98.54,92,-91,-88.99,-101.9074,-137.90587,-34.75057,True,-86.44,-103.192696,-138.70555,-35.680283,True
2021-11-04 08:00:00,-99.43,92,-100,-85.62,-102.17766,-138.18166,-34.751923,True,-72.16,-103.098335,-138.66367,-35.46174,True
2021-11-04 08:05:00,-96.92999,92,-104,-84.11,-101.77115,-137.26459,-34.221638,True,-59.47,-103.81557,-138.81573,-35.624878,True
2021-11-04 08:10:00,-96.3,92,-105,-60.15,-101.60315,-137.70277,-33.56102,True,-53.07,-103.851425,-139.44952,-35.088123,True
2021-11-04 08:15:00,-98.45,92,-105,-40.58,-103.34933,-139.30765,-34.64336,True,-44.48,-105.39607,-140.92,-36.035656,True
2021-11-04 08:20:00,-106.78,92,-106,-75.24,-109.034935,-144.5424,-38.60984,True,-51.21,-109.71636,-144.95341,-39.14087,True
2021-11-04 08:25:00,-106.74,92,-111,-78.6,-110.77424,-149.44737,-37.355423,True,-52.92,-112.411125,-150.75511,-38.450027,True
2021-11-04 08:30:00,-101.43,92,-109,-84.13,-110.56111,-155.18394,-33.176254,True,-54.95,-114.742645,-158.77129,-35.758835,True
2021-11-04 08:35:00,-101.77,92,-111,-87.19,-112.713486,-159.71825,-33.281605,True,-56.49,-117.66407,-163.98305,-36.355057,True
2021-11-04 08:40:00,-95.83,92,-108,-87.71,-109.98828,-153.94206,-34.059727,True,-47.3,-115.91879,-158.99265,-38.05653,True
2021-11-04 08:45:00,-93.47,92,-105,-90.56,-110.45841,-148.99275,-37.789055,True,-44.44,-117.112755,-154.90022,-42.546005,True
2021-11-04 08:50:00,-91.99,92,-102,-91.32,-111.69006,-145.45053,-41.18482,True,-58.28,-119.047905,-152.38393,-46.59275,True
2021-11-04 08:55:00,-88.99,92,-104,-86.44,-110.95223,-139.85193,-43.11455,True,-57.32,-118.94335,-147.7268,-49.136974,True
2021-11-04 09:00:00,-85.62,92,-107,-72.16,-108.46045,-135.40468,-42.54945,True,-50.44,-116.38872,-143.45569,-48.62109,True
2021-11-04 09:05:00,-84.11,92,-104,-59.47,-105.57222,-130.78554,-42.27452,True,-48.5,-112.91648,-138.38127,-47.947144,True
2021-11-04 09:10:00,-60.15,92,-85,-53.07,-92.951675,-118.03857,-33.660526,True,-48.19,-103.19585,-127.4748,-42.325386,True
2021-11-04 09:15:00,-40.58,92,-56,-44.48,-81.07151,-107.36988,-26.22028,True,-46.38,-93.39154,-116.476036,-37.580746,True
2021-11-04 09:20:00,-75.24,92,-73,-51.21,-87.63365,-111.20882,-35.788895,True,-42.54,-91.81698,-115.28828,-39.13293,True
2021-11-04 09:25:00,-78.6,92,-96,-52.92,-83.47359,-107.29071,-34.69032,True,-38.14,-85.000786,-108.83906,-35.961254,True
2021-11-04 09:30:00,-84.13,92,-95,-54.95,-82.43261,-106.550964,-35.19318,True,-39.46,-81.45265,-105.728035,-34.57862,True
2021-11-04 09:35:00,-87.19,92,-97,-56.49,-83.41584,-110.03817,-35.054638,True,-41.85,-81.54415,-108.36717,-33.822525,True
2021-11-04 09:40:00,-87.71,92,-99,-47.3,-81.98293,-110.87654,-33.484283,True,-46.020004,-79.22834,-108.401215,-31.662748,True
2021-11-04 09:45:00,-90.56,92,-98,-44.44,-81.551605,-112.21941,-32.933983,True,-46.97,-77.30797,-108.33566,-30.122831,True
2021-11-04 09:50:00,-91.32,92,-98,-58.28,-82.66744,-112.90206,-33.89321,True,-47.46,-78.52136,-109.10072,-31.177383,True
2021-11-04 09:55:00,-86.44,92,-95,-57.32,-80.44578,-109.70052,-33.000526,True,-43.52,-77.48074,-107.11195,-31.07319,True
2021-11-04 10:00:00,-72.16,92,-89,-50.44,-72.86255,-101.25134,-28.578756,True,-44.97,-72.94703,-101.51988,-28.74448,True
2021-11-04 10:05:00,-59.47,92,-84,-48.5,-67.19469,-93.84706,-26.050964,True,-43.47,-70.43478,-96.56235,-28.602837,True
2021-11-04 10:10:00,-53.07,92,-80,-48.19,-66.23575,-89.81277,-26.62548,True,-43.46,-71.91353,-94.38429,-31.08944,True
2021-11-04 10:15:00,-44.48,92,-69,-46.38,-63.61913,-86.280685,-24.849384,True,-45.54,-71.843666,-92.466934,-31.44047,True
2021-11-04 10:20:00,-51.21,92,-77,-42.54,-67.36332,-88.24264,-28.036396,True,-47.4,-74.371544,-94.07991,-33.471252,True
2021-11-04 10:25:00,-52.92,92,-83,-38.14,-68.50981,-88.6443,-29.180372,True,-49.7,-75.35796,-94.57142,-34.401394,True
2021-11-04 10:30:00,-54.95,92,-81,-39.46,-69.02853,-89.07691,-29.828987,True,-55.03,-75.32709,-94.664566,-34.568634,True
2021-11-04 10:35:00,-56.49,92,-85,-41.85,-70.086426,-88.929695,-31.300783,True,-55.939995,-76.30885,-94.666275,-35.905914,True
2021-11-04 10:40:00,-47.3,92,-84,-46.020004,-64.28672,-84.80956,-26.643257,True,-57.48,-72.09025,-91.254974,-32.652313,True
2021-11-04 10:45:00,-44.44,92,-84,-46.97,-62.00169,-83.560455,-24.860594,True,-60.44,-70.18692,-90.012375,-31.260384,True
2021-11-04 10:50:00,-58.28,92,-101,-47.46,-68.808044,-90.05445,-29.738176,True,-67.23001,-73.99612,-94.73706,-33.57321,True
2021-11-04 10:55:00,-57.32,92,-109,-43.52,-68.13255,-90.74113,-28.57741,True,-72.0,-73.558395,-95.53966,-32.555634,True
2021-11-04 11:00:00,-50.44,92,-104,-44.97,-63.323563,-89.053375,-24.040565,True,-74.93,-69.83035,-94.21879,-28.928185,True
2021-11-04 11:05:00,-48.5,92,-103,-43.47,-62.02904,-89.05662,-22.7893,True,-77.19,-68.9198,-94.34116,-27.998194,True
2021-11-04 11:10:00,-48.19,92,-102,-43.46,-62.131927,-89.69041,-22.589294,True,-77.99,-69.30235,-95.14694,-27.996065,True
2021-11-04 11:15:00,-46.38,92,-100,-45.54,-60.802727,-88.25672,-22.023249,True,-79.43,-68.31241,-93.92492,-27.692184,True
2021-11-04 11:20:00,-42.54,92,-98,-47.4,-57.318867,-88.100685,-18.680685,True,-81.01,-65.087105,-93.45133,-24.704147,True
2021-11-04 11:25:00,-38.14,92,-95,-49.7,-55.08449,-87.63345,-16.698128,True,-81.05,-63.999374,-93.306946,-23.751173,True
2021-11-04 11:30:00,-39.46,92,-95,-55.03,-54.571033,-88.02785,-16.450409,True,-81.09,-62.67113,-93.195335,-22.862574,True
2021-11-04 11:35:00,-41.85,92,-97,-55.939995,-55.157818,-86.98164,-18.302101,True,-79.68,-62.355453,-91.83879,-23.990301,True
2021-11-04 11:40:00,-46.020004,92,-100,-57.48,-58.170006,-89.97796,-20.23236,True,-78.85,-64.654335,-94.61192,-25.27808,True
2021-11-04 11:45:00,-46.97,92,-103,-60.44,-57.89537,-90.98792,-19.727266,True,-76.11,-63.73928,-95.171585,-24.289164,True
2021-11-04 11:50:00,-47.46,92,-105,-67.23001,-58.29644,-89.00581,-21.497164,True,-73.96,-64.108055,-93.283104,-26.06025,True
2021-11-04 11:55:00,-43.52,92,-105,-72.0,-56.916187,-85.6478,-21.76154,True,-72.45,-64.00009,-90.69254,-27.398453,True
2021-11-04 12:00:00,-44.97,92,-104,-74.93,-58.000576,-84.454185,-23.8443,True,-70.56,-64.85426,-89.55163,-29.289669,True
2021-11-04 12:05:00,-43.47,92,-107,-77.19,-57.41808,-81.10989,-24.940454,True,-71.14,-64.75168,-86.63532,-30.798185,True
2021-11-04 12:10:00,-43.46,92,-108,-77.99,-56.927998,-78.6821,-25.832346,True,-71.0,-64.05676,-84.19817,-31.51883,True
2021-11-04 12:15:00,-45.54,92,-108,-79.43,-57.428257,-77.52362,-27.359118,False,-66.69,-63.812256,-82.76613,-32.37834,True
2021-11-04 12:20:00,-47.4,92,-106,-81.01,-57.050472,-76.22704,-28.175941,False,-65.76,-62.40501,-80.83175,-32.358078,True
2021-11-04 12:25:00,-49.7,92,-107,-81.05,-57.548756,-75.3105,-29.801825,False,-67.86,-62.070656,-79.473076,-33.27836,True
2021-11-04 12:30:00,-55.03,92,-112,-81.09,-59.82735,-76.89336,-32.23363,False,-68.53,-62.74439,-79.96073,-34.4249,True
2021-11-04 12:35:00,-55.939995,92,-115,-79.68,-59.775776,-76.85678,-32.731316,False,-69.48,-62.2045,-79.55313,-34.536125,True
2021-11-04 12:40:00,-57.48,92,-117,-78.85,-60.4368,-76.975845,-34.066437,False,-69.6,-62.40249,-79.3129,-35.516342,True
2021-11-04 12:45:00,-60.44,92,-116,-76.11,-61.674946,-75.85085,-37.165913,False,-70.87,-62.639038,-77.30791,-37.879227,True
2021-11-04 12:50:00,-67.23001,92,-114,-73.96,-65.0004,-77.69773,-41.451466,True,-68.4,-63.630585,-76.9806,-40.372818,True
2021-11-04 12:55:00,-72.0,92,-115,-72.45,-67.84948,-80.97034,-43.338665,True,-67.59,-65.17628,-78.94857,-41.352417,True
2021-11-04 13:00:00,-74.93,92,-117,-70.56,-70.115204,-84.20579,-44.186573,True,-67.21,-67.02823,-81.74075,-42.008286,True
2021-11-04 13:05:00,-77.19,92,-116,-71.14,-72.14217,-86.08234,-45.88731,True,-65.43,-68.852455,-83.355095,-43.590046,True
2021-11-04 13:10:00,-77.99,92,-116,-71.0,-73.13549,-86.69114,-47.06003,True,-63.84,-69.94445,-84.031815,-44.823944,True
2021-11-04 13:15:00,-79.43,92,-113,-66.69,-74.02776,-87.66526,-48.145016,True,-63.99,-70.36754,-84.532295,-45.53324,True
2021-11-04 13:20:00,-81.01,92,-112,-65.76,-75.412506,-89.07094,-49.456066,True,-63.55,-71.54857,-85.71444,-46.68247,True
2021-11-04 13:25:00,-81.05,92,-110,-67.86,-75.15074,-89.40598,-49.284428,True,-62.27,-70.973206,-85.780785,-46.24065,True
2021-11-04 13:30:00,-81.09,92,-109,-68.53,-75.18428,-89.830925,-49.31689,True,-60.57,-70.93293,-86.15994,-46.1922,True
2021-11-04 13:35:00,-79.68,92,-108,-69.48,-74.257614,-89.04957,-48.700497,True,-58.12,-70.34022,-85.761215,-45.79192,True
2021-11-04 13:40:00,-78.85,92,-107,-69.6,-73.43562,-88.73923,-48.109066,True,-58.31,-69.436676,-85.44288,-45.08122,True
2021-11-04 13:45:00,-76.11,92,-106,-70.87,-71.54199,-86.84176,-46.96132,True,-57.75,-68.18037,-84.226395,-44.370987,True
2021-11-04 13:50:00,-73.96,92,-105,-68.4,-70.935005,-84.83855,-47.632233,True,-57.42,-68.81746,-83.40057,-45.95691,True
2021-11-04 13:55:00,-72.45,92,-102,-67.59,-70.398705,-83.40123,-48.069218,True,-56.95,-69.05416,-82.7,-46.957867,True
2021-11-04 14:00:00,-70.56,92,-98,-67.21,-69.10057,-81.943924,-47.470676,True,-55.73,-68.20715,-81.68418,-46.681522,True
2021-11-04 14:05:00,-71.14,92,-97,-65.43,-70.01402,-82.621,-48.41484,True,-58.92,-69.389656,-82.612305,-47.82839,True
2021-11-04 14:10:00,-71.0,92,-98,-63.84,-70.17417,-83.15889,-48.22999,True,-57.26,-69.7926,-83.4,-47.826168,True
2021-11-04 14:15:00,-66.69,92,-94,-63.99,-66.97653,-79.39533,-46.38786,True,-57.03,-67.45188,-80.42584,-46.61372,True
2021-11-04 14:20:00,-65.76,92,-90,-63.55,-67.23015,-75.405655,-49.597004,True,-58.32,-68.720535,-77.3037,-50.600296,True
2021-11-04 14:25:00,-67.86,92,-87,-62.27,-68.75211,-76.50521,-52.133747,True,-56.38,-69.77985,-77.957344,-52.771023,True
2021-11-04 14:30:00,-68.53,92,-85,-60.57,-69.55976,-76.93028,-53.578903,True,-55.79,-70.709145,-78.501976,-54.317017,True
2021-11-04 14:35:00,-69.48,92,-85,-58.12,-70.42938,-77.70626,-55.001923,True,-54.21,-71.53038,-79.22598,-55.69031,False
2021-11-04 14:40:00,-69.6,92,-84,-58.31,-70.160965,-78.271774,-54.55801,True,-54.33,-70.93481,-79.475914,-54.967697,False
2021-11-04 14:45:00,-70.87,92,-84,-57.75,-71.041725,-79.78452,-54.837795,True,-53.96,-71.49249,-80.6894,-54.970913,False
2021-11-04 14:50:00,-68.4,92,-83,-57.42,-68.58541,-76.758316,-53.805317,True,-52.53,-69.03332,-77.640656,-53.91814,False
2021-11-04 14:55:00,-67.59,92,-82,-56.95,-67.41272,-75.58528,-53.134468,True,-53.44,-67.53535,-76.13527,-52.964825,True
2021-11-04 15:00:00,-67.21,92,-81,-55.73,-67.047066,-75.13326,-53.126102,True,-49.620003,-67.184235,-75.6927,-52.955166,False
2021-11-04 15:05:00,-65.43,92,-80,-58.92,-65.19801,-73.69425,-51.89137,True,-49.74,-65.25703,-74.1795,-51.6351,False
2021-11-04 15:10:00,-63.84,92,-79,-57.26,-62.87895,-73.903725,-48.616177,True,-47.65,-62.222553,-73.77351,-47.746067,False
2021-11-04 15:15:00,-63.99,92,-78,-57.03,-62.921677,-74.85092,-48.206463,True,-49.44,-62.144146,-74.63805,-47.22748,True
2021-11-04 15:20:00,-63.55,92,-78,-58.32,-62.68021,-74.79013,-48.00293,True,-47.9,-62.076653,-74.74775,-47.165955,True
2021-11-04 15:25:00,-62.27,92,-77,-56.38,-61.630398,-73.87182,-47.152424,True,-48.54,-61.22897,-74.02826,-46.481544,True
2021-11-04 15:30:00,-60.57,92,-76,-55.79,-59.929672,-72.35214,-45.76683,True,-47.310005,-59.504154,-72.49643,-45.062664,True
2021-11-04 15:35:00,-58.12,92,-74,-54.21,-57.487064,-70.17068,-43.6803,True,-47.45,-57.04324,-70.3143,-42.950665,True
2021-11-04 15:40:00,-58.31,92,-73,-54.33,-56.707844,-71.30839,-41.868347,True,-47.25,-55.280636,-70.65048,-40.296852,True
2021-11-04 15:45:00,-57.75,92,-73,-53.96,-56.988094,-70.769226,-42.71288,True,-47.0,-56.401978,-70.82826,-41.859234,True
2021-11-04 15:50:00,-57.42,92,-72,-52.53,-56.65118,-70.3004,-42.548496,True,-46.82,-56.04835,-70.33073,-41.67603,True
2021-11-04 15:55:00,-56.95,92,-72,-53.44,-56.110985,-70.03489,-41.844845,True,-46.29,-55.436325,-70.017525,-40.908283,True
2021-11-04 16:00:00,-55.73,92,-70,-49.620003,-54.37389,-69.47756,-39.718708,True,-46.22,-53.162178,-69.03651,-38.3225,True
2021-11-04 16:05:00,-58.92,92,-69,-49.74,-57.06667,-73.2285,-40.99498,True,-45.55,-55.372814,-72.389145,-39.214767,True
2021-11-04 16:10:00,-57.26,92,-70,-47.65,-54.84668,-72.77922,-38.063572,True,-45.66,-52.56182,-71.5412,-35.79576,True
2021-11-04 16:15:00,-57.03,92,-68,-49.44,-55.065155,-73.36312,-37.843258,True,-45.12,-53.271797,-72.562775,-36.013134,True
2021-11-04 16:20:00,-58.32,92,-67,-47.9,-58.127243,-74.18081,-41.09697,True,-43.98,-58.100792,-74.78939,-40.757435,True
2021-11-04 16:25:00,-56.38,92,-68,-48.54,-57.324898,-71.78332,-41.13464,True,-43.0,-58.323814,-73.23208,-41.652866,True
2021-11-04 16:30:00,-55.79,92,-68,-47.310005,-57.199146,-69.91837,-41.657158,True,-43.4,-58.594524,-71.67294,-42.512432,True
2021-11-04 16:35:00,-54.21,92,-67,-47.45,-55.48507,-67.110756,-40.600407,True,-43.74,-56.76038,-68.73171,-41.34931,True
2021-11-04 16:40:00,-54.33,92,-66,-47.25,-54.9068,-66.15695,-40.10988,True,-44.01,-55.558502,-67.23372,-40.305836,True
2021-11-04 16:45:00,-53.96,92,-65,-47.0,-54.589436,-65.17461,-40.208153,True,-43.32,-55.28455,-66.266335,-40.435917,True
2021-11-04 16:50:00,-52.53,92,-64,-46.82,-53.044636,-64.12892,-38.953247,True,-44.02,-53.62515,-65.12072,-39.082268,True
2021-11-04 16:55:00,-53.44,92,-63,-46.29,-53.7635,-64.76664,-39.69714,True,-45.0,-54.168945,-65.60529,-39.66998,True
2021-11-04 17:00:00,-49.620003,92,-63,-46.22,-49.758423,-61.519104,-36.340855,True,-45.18,-49.974285,-62.195217,-36.14522,True
2021-11-04 17:05:00,-49.74,92,-60,-45.55,-48.39484,-61.88827,-34.543606,True,-44.98,-47.164993,-61.413,-33.0724,True
2021-11-04 17:10:00,-47.65,92,-58,-45.66,-45.93458,-59.982796,-32.574963,True,-45.1,-44.304577,-59.207222,-30.743843,True
2021-11-04 17:15:00,-49.44,92,-58,-45.12,-47.800686,-62.079193,-34.201363,True,-45.3,-46.24983,-61.35634,-32.45392,True
2021-11-04 17:20:00,-47.9,92,-60,-43.98,-45.199856,-61.178555,-31.728722,True,-45.280003,-42.532196,-59.637543,-29.00872,True
2021-11-04 17:25:00,-48.54,92,-61,-43.0,-45.41821,-63.2536,-31.533648,True,-44.25,-42.311684,-61.43292,-28.467348,True
2021-11-04 17:30:00,-47.310005,92,-59,-43.4,-44.920006,-63.707237,-30.809502,True,-42.65,-42.605194,-62.531296,-28.453335,True
2021-11-04 17:35:00,-47.45,92,-58,-43.74,-44.695568,-63.62383,-30.304562,True,-41.6,-42.00691,-62.161648,-27.625275,True
2021-11-04 17:40:00,-47.25,92,-60,-44.01,-44.453968,-63.23964,-30.151878,True,-41.55,-41.72124,-61.73421,-27.43348,True
2021-11-04 17:45:00,-47.0,92,-59,-43.32,-44.10016,-63.45695,-29.674055,True,-40.92,-41.269882,-61.890194,-26.881699,True
2021-11-04 17:50:00,-46.82,92,-59,-44.02,-45.4309,-62.859653,-31.590565,True,-41.04,-44.148952,-62.393505,-30.134289,True
2021-11-04 17:55:00,-46.29,92,-58,-45.0,-46.304478,-61.617188,-33.129368,True,-40.89,-46.381195,-62.142193,-32.86733,True
2021-11-04 18:00:00,-46.22,92,-57,-45.18,-46.926346,-60.46676,-34.352524,True,-40.2,-47.642838,-61.462406,-34.66577,True
2021-11-04 18:05:00,-45.55,92,-57,-44.98,-46.62078,-59.873203,-34.163517,True,-39.49,-47.665905,-61.113613,-34.781487,True
2021-11-04 18:10:00,-45.66,92,-56,-45.1,-46.86047,-59.655334,-34.554756,True,-39.1,-48.021187,-60.97751,-35.283577,True
2021-11-04 18:15:00,-45.12,92,-56,-45.3,-46.39094,-59.254284,-34.15447,True,-38.52,-47.615944,-60.620117,-34.94595,True
2021-11-04 18:20:00,-43.98,92,-54,-45.280003,-44.689632,-58.245434,-32.561825,True,-38.45,-45.402985,-59.19592,-32.896564,True
2021-11-04 18:25:00,-43.0,92,-51,-44.25,-42.82663,-57.203728,-30.806784,True,-38.39,-42.714546,-57.514503,-30.39767,True
2021-11-04 18:30:00,-43.4,92,-52,-42.65,-42.67192,-58.118824,-30.537907,True,-39.24,-42.025627,-58.02419,-29.657864,True
2021-11-04 18:35:00,-43.74,92,-53,-41.6,-42.42384,-59.67258,-29.814163,True,-38.26,-41.203438,-59.163208,-28.443863,True
2021-11-04 18:40:00,-44.01,92,-52,-41.55,-41.874107,-60.922592,-28.908743,True,-37.73,-39.83122,-59.819332,-26.838507,True
2021-11-04 18:45:00,-43.32,92,-50,-40.92,-41.842453,-61.88301,-28.488365,True,-38.24,-40.47119,-61.29432,-27.030745,True
2021-11-04 18:50:00,-44.02,92,-51,-41.04,-42.832664,-62.33536,-29.489094,True,-37.49,-41.750633,-61.937664,-28.289703,True
2021-11-04 18:55:00,-45.0,92,-52,-40.89,-44.349865,-63.238586,-30.845388,True,-36.25,-43.79474,-63.212955,-30.112831,True
2021-11-04 19:00:00,-45.18,92,-52,-40.2,-44.703167,-63.69365,-31.230776,True,-36.32,-44.319035,-63.784607,-30.656857,True
2021-11-04 19:05:00,-44.98,92,-51,-39.49,-44.710533,-63.86881,-30.95303,True,-35.87,-44.52616,-64.10309,-30.562763,True
2021-11-04 19:10:00,-45.1,92,-51,-39.1,-44.86983,-63.447018,-31.129595,True,-34.33,-44.723545,-63.69609,-30.776648,True
2021-11-04 19:15:00,-45.3,92,-51,-38.52,-45.35209,-63.746765,-31.591782,True,-34.86,-45.469112,-64.17275,-31.481636,True
2021-11-04 19:20:00,-45.280003,92,-51,-38.45,-45.26999,-64.023994,-31.215872,True,-35.02,-45.332,-64.400826,-31.066341,True
2021-11-04 19:25:00,-44.25,92,-50,-38.39,-44.327305,-62.1581,-30.570326,True,-34.71,-44.468773,-62.577465,-30.49708,True
2021-11-04 19:30:00,-42.65,92,-49,-39.24,-42.350647,-59.52782,-29.281923,True,-33.48,-42.14408,-59.66737,-28.906637,True
2021-11-04 19:35:00,-41.6,92,-48,-38.26,-41.343624,-59.55772,-28.063389,True,-33.2,-41.184658,-59.732063,-27.743027,True
2021-11-04 19:40:00,-41.55,92,-47,-37.73,-41.031372,-59.061226,-27.766504,True,-31.98,-40.631786,-59.04461,-27.23938,True
2021-11-04 19:45:00,-40.92,92,-47,-38.24,-39.938774,-57.690857,-26.996885,True,-32.68,-39.10967,-57.34458,-26.091263,True
2021-11-04 19:50:00,-41.04,92,-47,-37.49,-39.56488,-57.014877,-26.775757,True,-34.1,-38.269188,-56.30513,-25.458591,True
2021-11-04 19:55:00,-40.89,92,-47,-36.25,-38.31882,-56.93767,-25.294239,True,-32.77,-35.97615,-55.46661,-23.061409,True
2021-11-04 20:00:00,-40.2,92,-46,-36.32,-38.013596,-56.482178,-25.148447,True,-30.68,-36.049313,-55.281914,-23.260946,True
2021-11-04 20:05:00,-39.49,92,-46,-35.87,-37.377956,-55.66784,-24.69789,True,-29.81,-35.487255,-54.512856,-22.88175,True
2021-11-04 20:10:00,-39.1,92,-46,-34.33,-36.95633,-55.580578,-24.229094,True,-27.83,-35.044277,-54.405746,-22.408056,True
2021-11-04 20:15:00,-38.52,92,-45,-34.86,-36.389732,-54.96234,-23.758223,True,-27.87,-34.495598,-53.79542,-21.960564,True
2021-11-04 20:20:00,-38.45,92,-45,-35.02,-36.465275,-55.08393,-23.80129,True,-26.56,-34.71809,-54.01298,-22.146591,True
2021-11-04 20:25:00,-38.39,92,-46,-34.71,-36.51266,-54.720566,-23.931585,True,-28.7,-34.868164,-53.706333,-22.375153,True
2021-11-04 20:30:00,-39.24,92,-46,-33.48,-37.431355,-55.55793,-24.682936,True,-29.04,-35.85937,-54.576847,-23.20355,True
2021-11-04 20:35:00,-38.26,92,-46,-33.2,-36.54259,-54.812077,-23.853483,True,-28.96,-35.064594,-53.899117,-22.468216,True
2021-11-04 20:40:00,-37.73,92,-45,-31.98,-36.075092,-54.486122,-23.402884,True,-32.26,-34.661526,-53.61433,-22.0863,True
2021-11-04 20:45:00,-38.24,92,-46,-32.68,-36.76987,-54.886086,-24.05535,True,-38.46,-35.527782,-54.117493,-22.903328,True
2021-11-04 20:50:00,-37.49,92,-46,-34.1,-36.05816,-54.62039,-23.366459,True,-40.0,-34.859997,-53.882156,-22.266819,True
2021-11-04 20:55:00,-36.25,92,-44,-32.77,-34.42097,-53.187294,-21.911499,True,-39.18,-32.85328,-52.185287,-20.490715,True
2021-11-04 21:00:00,-36.32,92,-45,-30.68,-34.128197,-53.744225,-21.365263,True,-36.67,-32.228386,-52.507355,-19.666573,True
2021-11-04 21:05:00,-35.87,92,-44,-29.81,-33.6854,-53.25685,-20.960714,True,-38.48,-31.785837,-52.011494,-19.272709,True
2021-11-04 21:10:00,-34.33,92,-43,-27.83,-32.2555,-51.852943,-19.762064,True,-38.32,-30.460255,-50.685226,-18.176497,True
2021-11-04 21:15:00,-34.86,92,-43,-27.87,-32.8438,-52.47632,-20.269638,True,-33.56,-31.108469,-51.333282,-18.74995,True
2021-11-04 21:20:00,-35.02,92,-44,-26.56,-33.087605,-52.383904,-20.57348,True,-35.07,-31.431875,-51.279274,-19.13457,True
2021-11-04 21:25:00,-34.71,92,-43,-28.7,-32.8531,-52.236206,-20.371738,True,-34.84,-31.275671,-51.179768,-19.013824,True
2021-11-04 21:30:00,-33.48,92,-43,-29.04,-31.746342,-51.61704,-19.337656,True,-33.63,-30.297531,-50.655727,-18.108034,True
2021-11-04 21:35:00,-33.2,92,-42,-28.96,-31.650877,-51.42311,-19.312048,True,-34.06,-30.379656,-50.573578,-18.251892,True
2021-11-04 21:40:00,-31.98,92,-41,-32.26,-30.336836,-50.31346,-18.185738,True,-35.15,-28.990114,-49.413754,-17.069035,True
2021-11-04 21:45:00,-32.68,92,-41,-38.46,-30.9221,-50.897884,-18.695515,True,-36.3,-29.475857,-49.913918,-17.500437,True
2021-11-04 21:50:00,-34.1,92,-43,-40.0,-32.195496,-51.747337,-19.89921,True,-38.36,-30.614536,-50.642452,-18.59399,True
2021-11-04 21:55:00,-32.77,92,-42,-39.18,-30.92006,-50.62846,-18.816298,True,-39.48,-29.398197,-49.568375,-17.574114,True
2021-11-04 22:00:00,-30.68,92,-39,-36.67,-29.028912,-49.116505,-17.20165,True,-41.3,-27.704687,-48.200726,-16.149532,True
2021-11-04 22:05:00,-29.81,92,-39,-38.48,-28.090946,-48.591133,-16.353102,True,-41.33,-26.713825,-47.64,-15.264349,True
2021-11-04 22:10:00,-27.83,92,-37,-38.32,-25.815613,-47.876007,-14.10396,True,-40.52,-24.192533,-46.78316,-12.814743,True
2021-11-04 22:15:00,-27.87,92,-38,-33.56,-26.191458,-47.85653,-14.540845,True,-40.66,-24.88314,-46.95355,-13.540917,True
2021-11-04 22:20:00,-26.56,92,-37,-35.07,-25.126995,-46.610706,-13.749366,True,-41.89,-24.051487,-45.85663,-12.968087,True
2021-11-04 22:25:00,-28.7,92,-38,-34.84,-27.351713,-48.93548,-15.608591,True,-42.25,-26.35552,-48.206234,-14.905118,True
2021-11-04 22:30:00,-29.04,92,-40,-33.63,-27.375788,-48.122707,-15.837903,True,-42.05,-26.088913,-47.183495,-14.883766,True
2021-11-04 22:35:00,-28.96,92,-40,-34.06,-27.307062,-48.21633,-15.78661,True,-42.24,-26.033257,-47.276424,-14.854991,True
2021-11-04 22:40:00,-32.26,92,-40,-35.15,-30.396608,-50.68503,-18.516644,True,-41.58,-28.924316,-49.56845,-17.413122,True
2021-11-04 22:45:00,-38.46,92,-45,-36.3,-36.39026,-55.222637,-23.941284,True,-40.89,-34.712887,-53.874992,-22.66266,True
2021-11-04 22:50:00,-40.0,92,-51,-38.36,-38.04347,-56.441986,-25.501118,True,-40.5,-36.463047,-55.1318,-24.31746,True
2021-11-04 22:55:00,-39.18,92,-51,-39.48,-37.127357,-55.541206,-24.764288,True,-41.38,-35.46305,-54.16449,-23.517511,True
2021-11-04 23:00:00,-36.67,92,-49,-41.3,-34.58119,-52.927082,-22.687729,True,-41.36,-32.88475,-51.54521,-21.417511,True
2021-11-04 23:05:00,-38.48,92,-49,-41.33,-36.364536,-54.866215,-24.218052,True,-40.25,-34.647655,-53.437172,-22.94191,True
2021-11-04 23:10:00,-38.32,92,-50,-40.52,-36.074932,-54.81512,-23.93087,True,-39.41,-34.24409,-53.29495,-22.564768,True
2021-11-04 23:15:00,-33.56,92,-45,-40.66,-31.572912,-51.371735,-19.94289,True,-39.3,-29.99435,-50.07571,-18.814133,True
2021-11-04 23:20:00,-35.07,92,-44,-41.89,-32.854057,-51.786175,-21.2554,True,-38.42,-31.048994,-50.295506,-19.933111,True
2021-11-04 23:25:00,-34.84,92,-46,-42.25,-32.59918,-50.12334,-21.421526,True,-37.06,-30.751623,-48.58222,-20.067917,True
2021-11-04 23:30:00,-33.63,92,-45,-42.05,-31.637812,-49.413853,-20.617546,True,-35.35,-30.025732,-48.045834,-19.483131,True
2021-11-04 23:35:00,-34.06,92,-44,-42.24,-32.24472,-49.858173,-21.25135,True,-35.4,-30.7965,-48.59122,-20.269783,True
2021-11-04 23:40:00,-35.15,92,-45,-41.58,-33.235203,-51.284836,-21.984808,True,-35.85,-31.699291,-49.931385,-20.93822,True
2021-11-04 23:45:00,-36.3,92,-46,-40.89,-33.980713,-50.98129,-22.827969,True,-35.54,-32.057316,-49.319164,-21.44245,True
2021-11-04 23:50:00,-38.36,92,-48,-40.5,-36.103294,-53.01294,-24.652658,True,-34.87,-34.233547,-51.35355,-23.323769,True
2021-11-04 23:55:00,-39.48,92,-50,-41.38,-37.261497,-53.946976,-25.727242,True,-33.45,-35.426155,-52.28899,-24.435375,True
2021-11-05 00:00:00,-41.3,92,-51,-41.36,-39.00226,-55.587967,-27.254837,True,-33.09,-37.09833,-53.84591,-25.913479,True
2021-11-05 00:05:00,-41.33,92,-51,-40.25,-39.07043,-55.721046,-27.35463,True,-33.1,-37.213024,-54.006927,-26.059444,True
2021-11-05 00:10:00,-40.52,92,-49,-39.41,-38.368073,-55.482098,-26.696896,True,-32.55,-36.628403,-53.860737,-25.510931,True
2021-11-05 00:15:00,-40.66,92,-50,-39.3,-38.349808,-55.816875,-26.567327,True,-32.27,-36.48103,-54.09091,-25.275696,True
2021-11-05 00:20:00,-41.89,92,-51,-38.42,-39.425816,-56.369663,-27.608912,True,-31.54,-37.413204,-54.50865,-26.196934,True
2021-11-05 00:25:00,-42.25,92,-51,-37.06,-39.867546,-56.35546,-28.150114,True,-31.03,-37.92311,-54.528442,-26.802849,True
2021-11-05 00:30:00,-42.05,92,-51,-35.35,-39.834484,-55.97713,-28.299963,True,-30.72,-38.040054,-54.256878,-27.0882,True
2021-11-05 00:35:00,-42.24,92,-51,-35.4,-40.213657,-56.419857,-28.675802,True,-30.27,-38.595837,-54.825077,-27.623543,True
2021-11-05 00:40:00,-41.58,92,-51,-35.85,-39.771866,-57.040504,-28.073881,True,-29.61,-38.36427,-55.60113,-27.211798,True
2021-11-05 00:45:00,-40.89,92,-50,-35.54,-39.01391,-56.150494,-27.552452,True,-29.65,-37.54008,-54.66064,-26.632717,True
2021-11-05 00:50:00,-40.5,92,-49,-34.87,-38.410877,-55.129642,-27.198702,True,-29.71,-36.736637,-53.485554,-26.108076,True
2021-11-05 00:55:00,-41.38,92,-50,-33.45,-39.038338,-55.420822,-27.855553,True,-29.14,-37.120632,-53.573723,-26.557877,True
2021-11-05 01:00:00,-41.36,92,-51,-33.09,-39.01697,-54.692726,-28.105822,True,-27.93,-37.079296,-52.820698,-26.793457,True
2021-11-05 01:05:00,-40.25,92,-50,-33.1,-38.245975,-54.578815,-27.322392,True,-28.12,-36.623093,-52.951168,-26.290737,True
2021-11-05 01:10:00,-39.41,92,-49,-32.55,-37.27756,-54.384014,-26.342691,True,-28.56,-35.542557,-52.675785,-25.217863,True
2021-11-05 01:15:00,-39.3,92,-49,-32.27,-36.728374,-54.471752,-25.658157,True,-28.94,-34.596912,-52.47483,-24.188984,True
2021-11-05 01:20:00,-38.42,92,-48,-31.54,-36.16018,-54.086807,-25.221746,True,-28.94,-34.313393,-52.30297,-24.002129,True
2021-11-05 01:25:00,-37.06,92,-47,-31.03,-35.20068,-52.80652,-24.618639,True,-28.59,-33.715866,-51.293022,-23.715004,True
2021-11-05 01:30:00,-35.35,92,-45,-30.72,-33.86765,-51.181778,-23.689678,True,-28.12,-32.72274,-49.928604,-23.080282,True
2021-11-05 01:35:00,-35.4,92,-44,-30.27,-34.224514,-51.118805,-24.160757,True,-27.88,-33.351562,-50.054886,-23.791115,True
2021-11-05 01:40:00,-35.85,92,-45,-29.61,-34.990665,-51.004086,-25.146395,True,-27.93,-34.39323,-50.135525,-25.021261,True
2021-11-05 01:45:00,-35.54,92,-45,-29.65,-34.72123,-50.96441,-24.902895,True,-27.83,-34.16431,-50.12107,-24.814507,True
2021-11-05 01:50:00,-34.87,92,-45,-29.71,-34.066036,-50.341404,-24.399885,True,-27.29,-33.5244,-49.5076,-24.327072,True
2021-11-05 01:55:00,-33.45,92,-43,-29.14,-32.686157,-49.228756,-23.204199,True,-27.7,-32.180225,-48.425564,-23.160265,True
2021-11-05 02:00:00,-33.09,92,-43,-27.93,-32.286568,-48.96758,-22.888725,True,-27.84,-31.744926,-48.135735,-22.812975,True
2021-11-05 02:05:00,-33.1,92,-44,-28.12,-32.36306,-48.869705,-23.079275,True,-27.51,-31.874989,-48.07114,-23.051434,True
2021-11-05 02:10:00,-32.55,92,-44,-28.56,-31.891127,-48.60449,-22.700129,True,-27.79,-31.46815,-47.852177,-22.72555,True
2021-11-05 02:15:00,-32.27,92,-43,-28.94,-31.771324,-48.41128,-22.704956,True,-28.09,-31.486166,-47.74805,-22.856459,True
2021-11-05 02:20:00,-31.54,92,-44,-28.94,-31.240795,-47.602222,-22.367773,True,-28.4,-31.124937,-47.06322,-22.66597,True
2021-11-05 02:25:00,-31.03,92,-43,-28.59,-30.874994,-47.510788,-22.076382,True,-28.47,-30.882381,-47.05024,-22.483164,True
2021-11-05 02:30:00,-30.72,92,-43,-28.12,-30.591932,-46.866234,-21.991184,True,-29.81,-30.6203,-46.41793,-22.420906,True
2021-11-05 02:35:00,-30.27,92,-42,-27.88,-30.448135,-46.75796,-21.916443,True,-29.81,-30.736546,-46.490356,-22.57286,True
2021-11-05 02:40:00,-29.61,92,-41,-27.93,-29.942066,-46.830326,-21.425873,True,-30.16,-30.360981,-46.63912,-22.195835,True
2021-11-05 02:45:00,-29.65,92,-41,-27.83,-29.949879,-46.59497,-21.562727,True,-29.83,-30.3374,-46.378334,-22.307482,True
2021-11-05 02:50:00,-29.71,92,-42,-27.29,-30.072775,-46.720142,-21.763935,True,-24.33,-30.50742,-46.53585,-22.544893,True
2021-11-05 02:55:00,-29.14,92,-42,-27.7,-29.45239,-45.916424,-21.397343,True,-19.92,-29.842218,-45.69644,-22.142672,False
2021-11-05 03:00:00,-27.93,92,-40,-27.84,-28.33435,-44.293587,-20.692072,True,-17.17,-28.802488,-44.133465,-21.511106,False
2021-11-05 03:05:00,-28.12,92,-40,-27.51,-28.597698,-44.9147,-20.884705,True,-15.1,-29.119978,-44.786427,-21.740957,False
2021-11-05 03:10:00,-28.56,92,-40,-27.79,-28.977451,-45.781155,-21.13112,True,-14.56,-29.440596,-45.595505,-21.931377,False
2021-11-05 03:15:00,-28.94,92,-41,-28.09,-29.053656,-45.30093,-21.372698,True,-14.77,-29.249762,-44.939854,-21.933144,False
2021-11-05 03:20:00,-28.94,92,-41,-28.4,-28.809727,-44.62385,-21.320282,True,-14.92,-28.788963,-44.118282,-21.686129,False
2021-11-05 03:25:00,-28.59,92,-41,-28.47,-28.63842,-44.10401,-21.336002,True,-16.93,-28.766815,-43.70321,-21.83479,False
2021-11-05 03:30:00,-28.12,92,-40,-29.81,-28.29429,-43.742558,-21.10959,True,-17.34,-28.52639,-43.411095,-21.698336,False
2021-11-05 03:35:00,-27.88,92,-39,-29.81,-28.126188,-43.49696,-21.023235,True,-17.63,-28.415323,-43.19888,-21.663824,False
2021-11-05 03:40:00,-27.93,92,-39,-30.16,-28.273945,-43.484375,-21.230995,True,-17.44,-28.640099,-43.23794,-21.936289,False
2021-11-05 03:45:00,-27.83,92,-39,-29.83,-28.357414,-43.05618,-21.522089,True,-14.73,-28.874643,-42.92338,-22.358734,False
2021-11-05 03:50:00,-27.29,92,-38,-24.33,-28.077974,-42.282078,-21.51207,True,-12.97,-28.814837,-42.302933,-22.549894,False
2021-11-05 03:55:00,-27.7,92,-37,-19.92,-27.958078,-43.606937,-21.021803,False,-12.99,-28.226986,-43.279472,-21.620453,False
2021-11-05 04:00:00,-27.84,92,-38,-17.17,-28.056519,-44.20423,-21.02292,False,-13.3,-28.281456,-43.838676,-21.57439,False
2021-11-05 04:05:00,-27.51,92,-38,-15.1,-25.929716,-45.08441,-18.39535,False,-14.99,-24.561237,-43.63893,-17.520782,False
2021-11-05 04:10:00,-27.79,92,-37,-14.56,-23.085667,-46.985806,-14.593102,False,-18.11,-18.799644,-43.679535,-11.225287,True
2021-11-05 04:15:00,-28.09,92,-37,-14.77,-21.079416,-50.009247,-11.491252,True,-19.87,-14.53794,-45.35338,-6.330033,True
2021-11-05 04:20:00,-28.4,92,-37,-14.92,-18.475298,-53.446365,-7.5657783,True,-18.92,-9.036855,-47.05574,-0.26807818,True
2021-11-05 04:25:00,-28.47,92,-37,-16.93,-17.95429,-55.080055,-6.474218,True,-19.51,-7.906779,-48.333218,1.2205979,True
2021-11-05 04:30:00,-29.81,92,-37,-17.34,-18.977581,-58.91712,-6.3598313,True,-20.83,-8.678169,-51.99158,1.408281,True
2021-11-05 04:35:00,-29.81,92,-39,-17.63,-22.3219,-68.10736,-7.9220815,True,-22.58,-15.590576,-63.395554,-2.9880545,True
2021-11-05 04:40:00,-30.16,92,-38,-17.44,-28.008137,-80.20483,-10.868724,True,-24.07,-26.178549,-78.34441,-9.6713295,True
2021-11-05 04:45:00,-29.83,92,-37,-14.73,-33.05451,-83.51542,-14.964916,False,-24.45,-35.494003,-84.19763,-16.971281,True
2021-11-05 04:50:00,-24.33,92,-29,-12.97,-36.14854,-82.48343,-17.867582,False,-25.35,-44.688198,-86.661125,-24.73483,True
2021-11-05 04:55:00,-19.92,92,-21,-12.99,-39.043587,-81.31246,-20.168697,False,-25.4,-52.11489,-87.80368,-30.998625,False
2021-11-05 05:00:00,-17.17,92,-15,-13.3,-41.642662,-78.72502,-22.250023,False,-24.9,-57.61154,-86.673195,-35.931927,False
2021-11-05 05:05:00,-15.1,92,-7,-14.99,-41.38254,-74.059,-22.38484,False,-26.5,-58.1025,-82.18042,-37.185085,False
2021-11-05 05:10:00,-14.56,92,-11,-18.11,-39.88282,-70.177986,-21.353735,False,-26.88,-55.92214,-77.797264,-35.8063,False
2021-11-05 05:15:00,-14.77,92,-9,-19.87,-38.92523,-68.094795,-20.43359,False,-28.49,-54.252026,-75.29692,-34.339657,False
2021-11-05 05:20:00,-14.92,92,-10,-18.92,-37.54817,-67.16047,-18.863548,True,-28.31,-52.023426,-73.78106,-31.996437,False
2021-11-05 05:25:00,-16.93,92,-10,-19.51,-37.648693,-68.27074,-18.311543,True,-29.31,-50.999905,-74.32197,-30.325129,False
2021-11-05 05:30:00,-17.34,92,-12,-20.83,-37.88273,-67.57825,-18.395523,True,-30.700003,-51.06449,-73.57429,-30.295961,True
2021-11-05 05:35:00,-17.63,92,-12,-22.58,-38.2656,-66.32008,-18.829655,True,-30.57,-51.370514,-72.3288,-30.76191,False
2021-11-05 05:40:00,-17.44,92,-10,-24.07,-37.96571,-64.43229,-18.847965,True,-33.45,-50.919384,-70.40143,-30.747246,True
2021-11-05 05:45:00,-14.73,92,-6,-24.45,-35.898685,-61.245907,-17.475271,True,-32.98,-49.26718,-67.29491,-29.88289,True
2021-11-05 05:50:00,-12.97,92,-3,-25.35,-34.48868,-58.78281,-16.560534,True,-32.39,-48.10092,-64.90539,-29.278442,True
2021-11-05 05:55:00,-12.99,92,-2,-25.4,-34.16607,-56.855022,-16.682514,True,-34.15,-47.587673,-63.01958,-29.274864,True
2021-11-05 06:00:00,-13.3,92,-1,-24.9,-33.64547,-55.06736,-16.642178,True,-34.24,-46.649944,-61.152534,-28.863348,True
2021-11-05 06:05:00,-14.99,92,0,-26.5,-33.937378,-54.23702,-17.377888,True,-33.3,-46.148205,-60.135254,-28.840708,True
2021-11-05 06:10:00,-18.11,92,-4,-26.88,-35.3622,-54.18525,-19.030676,True,-33.31,-46.522102,-59.845806,-29.48865,True
2021-11-05 06:15:00,-19.87,92,-8,-28.49,-35.503826,-53.46532,-19.574686,True,-33.37,-45.737514,-58.78892,-29.14385,True
2021-11-05 06:20:00,-18.92,92,-9,-28.31,-32.905922,-51.891247,-17.553402,True,-35.42,-42.325325,-56.657745,-26.319994,True
2021-11-05 06:25:00,-19.51,92,-8,-29.31,-31.470812,-49.878006,-17.19071,True,-35.53,-39.754887,-54.118618,-24.882837,True
2021-11-05 06:30:00,-20.83,92,-8,-30.700003,-31.5934,-49.770397,-17.646416,True,-35.12,-39.12053,-53.658154,-24.616081,True
2021-11-05 06:35:00,-22.58,92,-10,-30.57,-32.032867,-49.9127,-18.325531,True,-35.72,-38.70732,-53.402203,-24.484713,True
2021-11-05 06:40:00,-24.07,92,-13,-33.45,-32.171906,-50.084557,-18.612873,True,-35.92,-37.954258,-53.10589,-23.93015,True
2021-11-05 06:45:00,-24.45,92,-14,-32.98,-31.828833,-50.02419,-18.366716,True,-35.0,-37.138317,-52.770725,-23.234198,True
2021-11-05 06:50:00,-25.35,92,-15,-32.39,-32.268337,-50.779255,-18.65794,True,-35.28,-37.25696,-53.349663,-23.210083,True
2021-11-05 06:55:00,-25.4,92,-15,-34.15,-32.378677,-51.175198,-18.625816,True,-35.26,-37.41621,-53.76863,-23.204695,True
2021-11-05 07:00:00,-24.9,92,-11,-34.24,-32.91497,-50.957497,-19.204876,True,-35.52,-38.67513,-54.007454,-24.44177,True
2021-11-05 07:05:00,-26.5,92,-15,-33.3,-34.798027,-51.135887,-21.16857,True,-35.17,-40.711296,-54.41828,-26.561724,True
2021-11-05 07:10:00,-26.88,92,-16,-33.31,-35.602306,-50.782925,-22.047499,True,-34.78,-41.785183,-54.308784,-27.701101,True
2021-11-05 07:15:00,-28.49,92,-16,-33.37,-37.10764,-51.2771,-23.431883,True,-34.83,-43.17383,-54.837055,-28.979862,True
2021-11-05 07:20:00,-28.31,92,-19,-35.42,-37.24523,-50.623634,-23.676014,True,-34.75,-43.514805,-54.35759,-29.422565,True
2021-11-05 07:25:00,-29.31,92,-20,-35.53,-38.087715,-50.64245,-24.605974,True,-34.54,-44.214058,-54.368317,-30.228899,True
2021-11-05 07:30:00,-30.700003,92,-21,-35.12,-39.007744,-51.151314,-25.40853,True,-34.62,-44.79108,-54.727135,-30.70794,True
2021-11-05 07:35:00,-30.57,92,-23,-35.72,-38.52925,-50.356056,-25.209637,True,-35.2,-44.096157,-53.814117,-30.315842,True
2021-11-05 07:40:00,-33.45,92,-25,-35.92,-40.424263,-51.33541,-27.174751,True,-35.31,-45.298035,-54.461452,-31.632336,True
2021-11-05 07:45:00,-32.98,92,-27,-35.0,-39.42109,-50.425728,-26.52347,True,-35.26,-43.95228,-53.310364,-30.669617,True
2021-11-05 07:50:00,-32.39,92,-26,-35.28,-38.62654,-49.27917,-26.18584,True,-34.37,-43.042374,-52.101196,-30.232355,True
2021-11-05 07:55:00,-34.15,92,-27,-35.26,-39.323944,-49.32527,-27.299341,True,-34.59,-43.008766,-51.71822,-30.675781,True
2021-11-05 08:00:00,-34.24,92,-29,-35.52,-38.71121,-48.342037,-27.278715,True,-34.57,-41.92472,-50.430717,-30.229185,True
2021-11-05 08:05:00,-33.3,92,-28,-35.17,-37.295574,-47.007618,-26.393734,True,-34.48,-40.190258,-48.8618,-29.05638,True
2021-11-05 08:10:00,-33.31,92,-29,-34.78,-36.669975,-46.611782,-26.001015,True,-34.9,-39.104015,-48.13973,-28.24008,True
2021-11-05 08:15:00,-33.37,92,-28,-34.83,-36.266888,-46.19744,-25.8476,True,-34.87,-38.359478,-47.490982,-27.774544,True
2021-11-05 08:20:00,-35.42,92,-30,-34.75,-37.53934,-46.90051,-27.312042,True,-34.26,-39.031586,-47.800564,-28.694237,True
2021-11-05 08:25:00,-35.53,92,-33,-34.54,-37.269753,-46.52285,-27.356173,True,-34.46,-38.469074,-47.219532,-28.472557,True
2021-11-05 08:30:00,-35.12,92,-33,-34.62,-36.412315,-45.828564,-26.801323,True,-35.88,-37.258675,-46.26877,-27.59767,True
2021-11-05 08:35:00,-35.72,92,-34,-35.2,-36.42836,-45.95,-26.85574,True,-35.92,-36.799458,-46.04861,-27.220974,True
2021-11-05 08:40:00,-35.92,92,-34,-35.31,-36.186543,-45.47208,-26.915373,True,-35.31,-36.193027,-45.3094,-26.953028,True
2021-11-05 08:45:00,-35.0,92,-33,-35.26,-34.731297,-44.463936,-25.736938,True,-35.4,-34.276287,-43.958996,-25.359268,True
2021-11-05 08:50:00,-35.28,92,-33,-34.37,-34.732544,-44.379776,-25.866386,True,-35.5,-34.037315,-43.7049,-25.271109,True
2021-11-05 08:55:00,-35.26,92,-34,-34.59,-34.35857,-44.025352,-25.6697,True,-35.41,-33.348167,-43.119453,-24.791328,True
2021-11-05 09:00:00,-35.52,92,-34,-34.57,-34.530716,-43.93028,-26.052,True,-35.75,-33.442535,-42.973015,-25.101017,True
2021-11-05 09:05:00,-35.17,92,-34,-34.48,-34.104015,-43.35195,-25.893528,True,-35.18,-32.947346,-42.354507,-24.876669,True
2021-11-05 09:10:00,-34.78,92,-34,-34.9,-33.69531,-43.025723,-25.571566,True,-34.25,-32.517048,-42.025112,-24.529984,True
2021-11-05 09:15:00,-34.83,92,-33,-34.87,-33.55882,-42.791283,-25.570625,True,-35.19,-32.21089,-41.671146,-24.371605,True
2021-11-05 09:20:00,-34.75,92,-34,-34.26,-33.43327,-42.532715,-25.569235,True,-35.04,-32.041965,-41.389713,-24.32521,True
2021-11-05 09:25:00,-34.54,92,-34,-34.46,-33.263325,-42.185154,-25.528906,True,-33.75,-31.909475,-41.08321,-24.31144,True
2021-11-05 09:30:00,-34.62,92,-34,-35.88,-33.354225,-41.996704,-25.724075,True,-34.17,-32.014088,-40.91419,-24.513096,True
2021-11-05 09:35:00,-35.2,92,-33,-35.92,-33.801163,-42.268528,-26.169785,True,-34.05,-32.345604,-41.103863,-24.850685,True
2021-11-05 09:40:00,-35.31,92,-36,-35.31,-33.991108,-42.147438,-26.469923,True,-34.78,-32.61443,-41.053616,-25.215387,True
2021-11-05 09:45:00,-35.26,92,-36,-35.4,-34.07789,-42.009716,-26.6295,True,-36.56,-32.830517,-41.02922,-25.483912,True
2021-11-05 09:50:00,-34.37,92,-36,-35.5,-33.154774,-41.204315,-25.811882,True,-36.48,-31.872995,-40.214382,-24.627863,True
2021-11-05 09:55:00,-34.59,92,-36,-35.41,-33.384033,-41.218765,-26.149931,True,-36.9,-32.119167,-40.250393,-24.976147,True
2021-11-05 10:00:00,-34.57,92,-37,-35.75,-33.362667,-40.914997,-26.383215,True,-36.34,-32.101536,-39.957043,-25.205433,True
2021-11-05 10:05:00,-34.48,92,-37,-35.18,-33.181755,-40.70275,-26.313488,True,-36.84,-31.837183,-39.689373,-25.053503,True
2021-11-05 10:10:00,-34.9,92,-38,-34.25,-33.667583,-40.967228,-26.838552,True,-36.29,-32.39319,-40.017437,-25.635517,True
2021-11-05 10:15:00,-34.87,92,-38,-35.19,-33.752403,-40.790813,-27.024065,True,-36.21,-32.590065,-39.94029,-25.914587,True
2021-11-05 10:20:00,-34.26,92,-37,-35.04,-33.106415,-40.102623,-26.569502,True,-36.42,-31.91095,-39.235012,-25.42216,True
2021-11-05 10:25:00,-34.46,92,-38,-33.75,-32.673103,-39.980373,-26.260931,True,-34.77,-30.879702,-38.638252,-24.56819,True
2021-11-05 10:30:00,-35.88,92,-39,-34.17,-33.36328,-41.162636,-26.655241,True,-30.01,-30.870287,-39.256454,-24.336613,True
2021-11-05 10:35:00,-35.92,92,-41,-34.05,-32.9781,-41.062073,-26.309929,True,-31.24,-30.056805,-38.81244,-23.604206,True
2021-11-05 10:40:00,-35.31,92,-40,-34.78,-32.211983,-40.463276,-25.71578,True,-31.18,-29.120996,-38.08912,-22.849064,True
2021-11-05 10:45:00,-35.4,92,-40,-36.56,-32.29208,-40.434086,-25.918037,True,-31.08,-29.187834,-38.047806,-23.030247,True
2021-11-05 10:50:00,-35.5,92,-40,-36.48,-32.391922,-40.420204,-26.070663,True,-30.43,-29.288134,-38.034054,-23.175772,True
2021-11-05 10:55:00,-35.41,92,-40,-36.9,-32.50589,-40.474567,-26.093761,True,-28.45,-29.611406,-38.27803,-23.378498,True
2021-11-05 11:00:00,-35.75,92,-41,-36.34,-33.28422,-41.17117,-26.518711,True,-28.14,-30.844805,-39.36698,-24.21021,True
2021-11-05 11:05:00,-35.18,92,-40,-36.84,-33.17702,-40.932682,-26.193924,True,-27.97,-31.19829,-39.527237,-24.289354,True
2021-11-05 11:10:00,-34.25,92,-38,-36.29,-32.669003,-40.278526,-25.601229,True,-28.04,-31.103016,-39.22366,-24.0584,True
2021-11-05 11:15:00,-35.19,92,-39,-36.21,-34.092747,-41.050884,-26.8297,True,-28.76,-33.009586,-40.38866,-25.71389,True
2021-11-05 11:20:00,-35.04,92,-40,-36.42,-34.294575,-41.112392,-26.812288,True,-30.03,-33.55068,-40.740223,-25.996256,True
2021-11-05 11:25:00,-33.75,92,-38,-34.77,-33.18901,-40.065388,-25.76646,True,-30.99,-32.618065,-39.846813,-25.097559,True
2021-11-05 11:30:00,-34.17,92,-39,-30.01,-33.365746,-40.28541,-25.879044,True,-30.85,-32.578243,-39.890835,-25.00969,True
2021-11-05 11:35:00,-34.05,92,-39,-31.24,-32.94161,-39.830997,-25.747095,True,-30.26,-31.87074,-39.19513,-24.612556,True
2021-11-05 11:40:00,-34.78,92,-40,-31.18,-33.404152,-40.07381,-26.504627,True,-31.31,-32.086052,-39.2102,-25.135921,True
2021-11-05 11:45:00,-36.56,92,-42,-31.08,-35.46467,-41.484505,-28.71062,True,-29.95,-34.449387,-40.850372,-27.611622,True
2021-11-05 11:50:00,-36.48,92,-43,-30.43,-33.339714,-41.23771,-26.147818,True,-28.44,-30.241707,-38.790367,-23.188696,True
2021-11-05 11:55:00,-36.9,92,-43,-28.45,-32.618347,-41.603348,-25.353737,True,-27.05,-28.25856,-38.003807,-21.27762,True
2021-11-05 12:00:00,-36.34,92,-43,-28.14,-31.60974,-41.265446,-23.940363,True,-25.58,-26.718052,-37.182827,-19.399073,True
2021-11-05 12:05:00,-36.84,92,-43,-27.97,-31.934395,-42.416653,-23.209864,True,-25.18,-26.821135,-38.172672,-18.50444,True
2021-11-05 12:10:00,-36.29,92,-43,-28.04,-30.999014,-42.409176,-21.654495,True,-25.8,-25.40482,-37.81296,-16.546404,True
2021-11-05 12:15:00,-36.21,92,-42,-28.76,-30.192797,-42.990906,-19.741974,True,-25.61,-23.702984,-37.732327,-13.905411,True
2021-11-05 12:20:00,-36.42,92,-43,-30.03,-30.87461,-44.38446,-19.417376,True,-24.78,-24.914606,-39.745125,-14.072104,True
2021-11-05 12:25:00,-34.77,92,-38,-30.99,-30.572544,-43.486088,-19.412842,True,-25.51,-26.155184,-40.236828,-15.362099,True
2021-11-05 12:30:00,-30.01,92,-30,-30.85,-26.31791,-38.74319,-16.604914,True,-27.07,-22.429989,-36.000824,-12.961252,True
2021-11-05 12:35:00,-31.24,92,-33,-30.26,-28.589628,-40.45581,-18.261406,True,-25.95,-25.89883,-38.693596,-15.66455,True
2021-11-05 12:40:00,-31.18,92,-34,-31.31,-29.433475,-40.81601,-18.670216,True,-25.68,-27.722857,-39.87046,-16.933245,True
2021-11-05 12:45:00,-31.08,92,-35,-29.95,-30.444609,-40.642307,-19.878105,True,-28.11,-29.888416,-40.61667,-19.153578,True
2021-11-05 12:50:00,-30.43,92,-34,-28.44,-30.567589,-40.257618,-19.736378,True,-30.75,-30.777584,-40.861332,-19.694857,True
2021-11-05 12:55:00,-28.45,92,-31,-27.05,-29.031628,-39.058235,-17.744282,True,-32.5,-29.661142,-40.007133,-18.08088,True
2021-11-05 13:00:00,-28.14,92,-30,-25.58,-29.110003,-39.31239,-17.031345,True,-34.06,-30.109856,-40.560974,-17.701687,True
2021-11-05 13:05:00,-27.97,92,-30,-25.18,-29.235405,-39.58702,-16.588356,True,-33.37,-30.51323,-41.06095,-17.507353,True
2021-11-05 13:10:00,-28.04,92,-29,-25.8,-29.472284,-40.31442,-16.285666,True,-33.31,-30.903034,-41.915897,-17.343014,True
2021-11-05 13:15:00,-28.76,92,-31,-25.61,-29.965744,-41.372726,-16.211466,True,-35.44,-31.187654,-42.82908,-17.078075,True
2021-11-05 13:20:00,-30.03,92,-32,-24.78,-30.81431,-42.333336,-17.01987,True,-35.67,-31.648167,-43.500088,-17.53578,True
2021-11-05 13:25:00,-30.99,92,-34,-25.51,-31.588812,-42.778942,-18.183102,True,-33.14,-32.25381,-43.815704,-18.537588,True
2021-11-05 13:30:00,-30.85,92,-35,-27.07,-31.27998,-42.449978,-18.098083,True,-32.18,-31.784761,-43.363163,-18.298695,True
2021-11-05 13:35:00,-30.26,92,-34,-25.95,-30.474012,-41.53382,-17.785362,True,-30.64,-30.76832,-42.27375,-17.788025,True
2021-11-05 13:40:00,-31.31,92,-36,-25.68,-30.958588,-41.97837,-18.568169,True,-31.45,-30.708694,-42.2875,-18.071077,True
2021-11-05 13:45:00,-29.95,92,-35,-28.11,-29.782562,-40.683647,-17.868422,True,-30.99,-29.702698,-41.127663,-17.51379,True
2021-11-05 13:50:00,-28.44,92,-33,-30.75,-28.213097,-39.60968,-16.283047,True,-30.07,-28.063787,-40.012054,-15.86388,True
2021-11-05 13:55:00,-27.05,92,-31,-32.5,-26.41392,-38.567963,-14.460473,True,-28.66,-25.849209,-38.68381,-13.659449,True
2021-11-05 14:00:00,-25.58,92,-29,-34.06,-24.04858,-37.384117,-12.115773,True,-29.16,-22.56203,-36.852383,-10.48591,True
2021-11-05 14:05:00,-25.18,92,-29,-33.37,-25.073782,-37.95415,-13.0517435,True,-29.01,-25.027618,-38.48122,-12.717065,True
2021-11-05 14:10:00,-25.8,92,-30,-33.31,-27.499569,-38.611576,-15.692219,True,-27.11,-29.18732,-40.406765,-16.930374,True
2021-11-05 14:15:00,-25.61,92,-30,-35.44,-28.652819,-38.66516,-16.937609,True,-22.78,-31.554014,-41.35904,-19.30305,True
2021-11-05 14:20:00,-24.78,92,-30,-35.67,-28.305536,-37.916676,-16.94774,True,-23.42,-31.636297,-40.929264,-19.71055,True
2021-11-05 14:25:00,-25.51,92,-31,-33.14,-29.342905,-38.64979,-17.938904,True,-21.76,-32.937717,-41.87195,-20.947353,True
2021-11-05 14:30:00,-27.07,92,-33,-32.18,-30.926323,-39.659122,-19.645649,True,-21.82,-34.53607,-42.929234,-22.670158,False
2021-11-05 14:35:00,-25.95,92,-32,-30.64,-29.64563,-38.418877,-18.845524,True,-21.65,-33.13502,-41.58726,-21.750309,False
2021-11-05 14:40:00,-25.68,92,-31,-31.45,-28.889322,-37.550682,-18.766022,True,-23.38,-31.968601,-40.40508,-21.281681,True
2021-11-05 14:45:00,-28.11,92,-31,-30.99,-30.555344,-38.716854,-21.047998,True,-23.44,-32.954197,-41.080036,-22.91374,True
2021-11-05 14:50:00,-30.75,92,-35,-30.07,-32.48205,-40.226463,-23.588531,True,-23.97,-34.23104,-42.087593,-24.82879,False
2021-11-05 14:55:00,-32.5,92,-41,-28.66,-33.597103,-41.18858,-25.31552,True,-23.7,-34.75083,-42.55028,-25.989765,False
2021-11-05 15:00:00,-34.06,92,-45,-29.16,-34.478096,-42.03524,-26.734924,True,-23.58,-34.978954,-42.835102,-26.78518,False
2021-11-05 15:05:00,-33.37,92,-47,-29.01,-33.374092,-41.214874,-26.072445,True,-23.2,-33.454773,-41.656246,-25.715683,False
2021-11-05 15:10:00,-33.31,92,-45,-27.11,-33.081303,-41.107903,-25.96845,True,-23.78,-32.918747,-41.339775,-25.382868,False
2021-11-05 15:15:00,-35.44,92,-44,-22.78,-35.14184,-43.105083,-27.889965,False,-23.21,-34.91534,-43.284874,-27.239656,False
2021-11-05 15:20:00,-35.67,92,-46,-23.42,-35.340786,-43.385437,-28.061167,False,-23.89,-35.07775,-43.53885,-27.374224,False
2021-11-05 15:25:00,-33.14,92,-45,-21.76,-32.73928,-41.2416,-25.657993,False,-24.85,-32.384277,-41.329975,-24.88593,False
2021-11-05 15:30:00,-32.18,92,-45,-21.82,-31.730991,-40.383217,-24.776558,False,-26.23,-31.318325,-40.43337,-23.941364,True
2021-11-05 15:35:00,-30.64,92,-45,-21.65,-29.89959,-39.01608,-23.113966,False,-26.94,-29.174675,-38.823307,-21.982069,True
2021-11-05 15:40:00,-31.45,92,-45,-23.38,-30.348553,-39.66174,-23.629028,False,-28.45,-29.249714,-39.161404,-22.14116,True
2021-11-05 15:45:00,-30.99,92,-47,-23.44,-29.636904,-39.421005,-22.880644,True,-28.2,-28.266006,-38.71047,-21.144144,True
2021-11-05 15:50:00,-30.07,92,-45,-23.97,-28.456133,-38.32702,-21.94397,True,-28.52,-26.798885,-37.377945,-19.929657,True
2021-11-05 15:55:00,-28.66,92,-42,-23.7,-26.938019,-37.035797,-20.521,True,-28.94,-25.154522,-36.00844,-18.378344,True
2021-11-05 16:00:00,-29.16,92,-42,-23.58,-27.46019,-37.621067,-20.872158,True,-30.53,-25.703419,-36.61755,-18.757246,True
2021-11-05 16:05:00,-29.01,92,-43,-23.2,-27.380552,-37.639774,-20.68143,True,-30.14,-25.698862,-36.705486,-18.637907,True
2021-11-05 16:10:00,-27.11,92,-43,-23.78,-25.505823,-36.15539,-18.747879,True,-30.51,-23.843653,-35.27894,-16.719316,True
2021-11-05 16:15:00,-22.78,92,-38,-23.21,-21.095726,-32.65098,-14.392607,True,-30.03,-19.330887,-31.768011,-12.275705,True
2021-11-05 16:20:00,-23.42,92,-36,-23.89,-22.029802,-33.572334,-14.964254,True,-30.04,-20.584248,-32.92923,-13.151037,True
2021-11-05 16:25:00,-21.76,92,-33,-24.85,-20.569372,-32.431633,-13.394549,True,-30.99,-19.33117,-31.970694,-11.773229,True
2021-11-05 16:30:00,-21.82,92,-32,-26.23,-20.965902,-32.79031,-13.568728,True,-32.21,-20.083582,-32.59222,-12.283354,True
2021-11-05 16:35:00,-21.65,92,-33,-26.94,-20.825947,-32.895603,-13.160721,True,-32.21,-19.977001,-32.7281,-11.912267,True
2021-11-05 16:40:00,-23.38,92,-35,-28.45,-22.701242,-34.293606,-14.896036,True,-33.36,-22.009892,-34.218952,-13.79415,True
2021-11-05 16:45:00,-23.44,92,-36,-28.2,-22.870506,-34.61261,-14.891074,True,-34.08,-22.295067,-34.63203,-13.898391,True
2021-11-05 16:50:00,-23.97,92,-33,-28.52,-23.587387,-35.575684,-15.214114,True,-34.27,-23.209484,-35.74687,-14.415997,True
2021-11-05 16:55:00,-23.7,92,-34,-28.94,-23.281809,-35.652866,-14.708579,True,-35.22,-22.868832,-35.803658,-13.884303,True
2021-11-05 17:00:00,-23.58,92,-35,-30.53,-23.080145,-34.968727,-14.8162565,True,-35.44,-22.580002,-35.033665,-13.902507,False
2021-11-05 17:05:00,-23.2,92,-34,-30.14,-22.565378,-34.288277,-14.5014,True,-35.09,-21.924047,-34.235714,-13.452497,False
2021-11-05 17:10:00,-23.78,92,-36,-30.51,-23.146574,-34.52097,-15.136476,True,-34.85,-22.506832,-34.45096,-14.087041,False
2021-11-05 17:15:00,-23.21,92,-38,-30.03,-22.43099,-33.893974,-14.48377,True,-33.56,-21.639011,-33.71049,-13.288382,True
2021-11-05 17:20:00,-23.89,92,-39,-30.04,-23.058964,-34.374306,-15.066343,True,-34.32,-22.214241,-34.13669,-13.823293,False
2021-11-05 17:25:00,-24.85,92,-39,-30.99,-24.00968,-35.169888,-15.940878,True,-35.41,-23.157537,-34.912045,-14.693929,False
2021-11-05 17:30:00,-26.23,92,-39,-32.21,-25.385166,-36.296043,-17.240427,True,-36.32,-24.530146,-36.01425,-15.993071,False
2021-11-05 17:35:00,-26.94,92,-40,-32.21,-25.962982,-36.859104,-17.819355,True,-36.75,-24.970945,-36.45518,-16.446014,False
2021-11-05 17:40:00,-28.45,92,-40,-33.36,-27.334435,-38.35543,-18.987516,True,-37.02,-26.20238,-37.834892,-17.487852,True
2021-11-05 17:45:00,-28.2,92,-40,-34.08,-26.826942,-38.201607,-18.389988,True,-36.6,-25.424788,-37.474236,-16.645365,True
2021-11-05 17:50:00,-28.52,92,-40,-34.27,-27.182478,-38.486748,-18.672045,True,-34.75,-25.817568,-37.777626,-16.966158,True
2021-11-05 17:55:00,-28.94,92,-39,-35.22,-27.636042,-38.939625,-18.99573,True,-34.45,-26.308626,-38.251427,-17.332525,True
2021-11-05 18:00:00,-30.53,92,-39,-35.44,-29.349762,-40.49397,-20.473295,True,-34.52,-28.155165,-39.891277,-18.943157,True
2021-11-05 18:05:00,-30.14,92,-39,-35.09,-28.948572,-40.25409,-20.006277,True,-33.45,-27.740387,-39.639477,-18.47048,True
2021-11-05 18:10:00,-30.51,92,-38,-34.85,-29.36166,-40.569233,-20.340727,True,-33.69,-28.198092,-39.974453,-18.851936,True
2021-11-05 18:15:00,-30.03,92,-37,-33.56,-28.93564,-39.879723,-20.01402,True,-33.7,-27.824545,-39.307682,-18.574701,True
2021-11-05 18:20:00,-30.04,92,-38,-34.32,-29.049356,-39.58461,-20.23596,True,-35.92,-28.043964,-39.071686,-18.896864,True
2021-11-05 18:25:00,-30.99,92,-37,-35.41,-30.116446,-40.51634,-21.205006,True,-35.61,-29.235336,-40.090683,-19.991835,True
2021-11-05 18:30:00,-32.21,92,-38,-36.32,-31.338884,-41.611774,-22.314747,True,-34.84,-30.46296,-41.17685,-21.11604,True
2021-11-05 18:35:00,-32.21,92,-39,-36.75,-31.231428,-41.596535,-22.18751,True,-34.45,-30.246185,-41.069183,-20.896566,True
2021-11-05 18:40:00,-33.36,92,-38,-37.02,-32.355064,-42.67131,-23.183468,True,-33.29,-31.344286,-42.10788,-21.883512,True
2021-11-05 18:45:00,-34.08,92,-38,-36.6,-33.072563,-43.389915,-23.811087,True,-33.91,-32.06152,-42.822136,-22.519411,True
2021-11-05 18:50:00,-34.27,92,-37,-34.75,-33.246113,-43.719868,-23.879232,True,-34.68,-32.221485,-43.14275,-22.588472,True
2021-11-05 18:55:00,-35.22,92,-36,-34.45,-34.22133,-44.871502,-24.614319,True,-34.99,-33.227257,-44.31957,-23.367914,True
2021-11-05 19:00:00,-35.44,92,-39,-34.52,-34.398003,-45.268658,-24.645687,True,-35.08,-33.36278,-44.683712,-23.374474,True
2021-11-05 19:05:00,-35.09,92,-37,-33.45,-33.987743,-45.184784,-24.11631,True,-35.66,-32.896297,-44.559814,-22.807438,True
2021-11-05 19:10:00,-34.85,92,-37,-33.69,-33.72841,-45.227688,-23.723331,True,-36.18,-32.621624,-44.595005,-22.414505,True
2021-11-05 19:15:00,-33.56,92,-36,-33.7,-32.401615,-44.363476,-22.364681,True,-34.79,-31.261337,-43.716377,-21.038443,True
2021-11-05 19:20:00,-34.32,92,-35,-35.92,-33.163063,-45.040176,-23.017233,True,-34.3,-32.021145,-44.37323,-21.698658,True
2021-11-05 19:25:00,-35.41,92,-36,-35.61,-34.396282,-45.812187,-24.24993,True,-33.61,-33.39197,-45.226604,-23.06323,True
2021-11-05 19:30:00,-36.32,92,-37,-34.84,-35.31763,-46.248657,-25.252203,True,-35.27,-34.316093,-45.636803,-24.068802,True
2021-11-05 19:35:00,-36.75,92,-37,-34.45,-35.79052,-46.53769,-25.74439,True,-33.94,-34.825603,-45.936493,-24.601883,True
2021-11-05 19:40:00,-37.02,92,-37,-33.29,-36.13191,-46.982174,-25.972948,True,-29.05,-35.2332,-46.423874,-24.902523,True
2021-11-05 19:45:00,-36.6,92,-36,-33.91,-36.036137,-46.18185,-26.222565,True,-28.67,-35.45956,-45.863754,-25.454784,True
2021-11-05 19:50:00,-34.75,92,-34,-34.68,-33.982765,-44.230625,-24.40762,True,-27.31,-33.19925,-43.733486,-23.45724,True
2021-11-05 19:55:00,-34.45,92,-33,-34.99,-33.777306,-44.167183,-24.242893,True,-24.77,-33.089848,-43.747997,-23.394701,True
2021-11-05 20:00:00,-34.52,92,-34,-35.08,-33.98899,-44.364838,-24.500994,True,-24.87,-33.44308,-44.057007,-23.793684,True
2021-11-05 20:05:00,-33.45,92,-34,-35.66,-32.99886,-43.51639,-23.532648,True,-22.97,-32.53629,-43.27633,-22.917051,True
2021-11-05 20:10:00,-33.69,92,-34,-36.18,-33.355587,-43.693516,-23.958782,True,-21.45,-33.00977,-43.54094,-23.462116,False
2021-11-05 20:15:00,-33.7,92,-33,-34.79,-33.33133,-43.834435,-23.907505,True,-19.57,-32.951767,-43.649292,-23.392336,False
2021-11-05 20:20:00,-35.92,92,-36,-34.3,-35.574062,-45.79325,-26.02326,True,-18.91,-35.21064,-45.60639,-25.531307,False
2021-11-05 20:25:00,-35.61,92,-37,-33.61,-35.204796,-45.274467,-25.774317,True,-18.47,-34.780502,-45.026,-25.23622,False
2021-11-05 20:30:00,-34.84,92,-36,-35.27,-34.35436,-44.522907,-25.019115,True,-16.22,-33.85043,-44.199547,-24.42129,False
2021-11-05 20:35:00,-34.45,92,-34,-33.94,-33.81734,-44.03699,-24.562115,True,-16.91,-33.165977,-43.581493,-23.83932,False
2021-11-05 20:40:00,-33.29,92,-33,-29.05,-32.48596,-42.81381,-23.380953,True,-16.99,-31.662498,-42.208828,-22.510065,False
2021-11-05 20:45:00,-33.91,92,-33,-28.67,-33.130844,-43.286205,-24.100157,True,-15.1,-32.326553,-42.6812,-23.25601,False
2021-11-05 20:50:00,-34.68,92,-34,-27.31,-33.937664,-43.9895,-24.931566,True,-13.92,-33.164524,-43.396515,-24.126066,False
2021-11-05 20:55:00,-34.99,92,-34,-24.77,-34.2094,-44.358063,-25.178411,False,-12.37,-33.396206,-43.7231,-24.34871,False
2021-11-05 21:00:00,-35.08,92,-34,-24.87,-34.22483,-44.502308,-25.162363,False,-10.9,-33.335804,-43.794693,-24.2768,False
2021-11-05 21:05:00,-35.66,92,-33,-22.97,-34.792248,-45.12108,-25.651117,False,-9.67,-33.887825,-44.390682,-24.763212,False
2021-11-05 21:10:00,-36.18,92,-33,-21.45,-35.27338,-45.562176,-26.0702,False,-9.87,-34.330173,-44.788868,-25.159073,False
2021-11-05 21:15:00,-34.79,92,-32,-19.57,-33.617733,-44.039978,-24.554134,False,-6.6700015,-32.412975,-43.039703,-23.41293,False
2021-11-05 21:20:00,-34.3,92,-31,-18.91,-32.97205,-43.513115,-23.9109,False,-2.7299998,-31.617128,-42.3828,-22.644945,False
2021-11-05 21:25:00,-33.61,92,-30,-18.47,-32.20046,-42.85743,-23.140188,False,-0.3500007,-30.7724,-41.66616,-21.822956,False
2021-11-05 21:30:00,-35.27,92,-31,-16.22,-33.793102,-44.206493,-24.65578,False,0.22999923,-32.29406,-42.929348,-23.282965,False
2021-11-05 21:35:00,-33.94,92,-30,-16.91,-32.27425,-42.623257,-23.374296,False,1.1499993,-30.595057,-41.192265,-21.84429,False
2021-11-05 21:40:00,-29.05,92,-26,-16.99,-27.01694,-37.93137,-18.495739,False,6.399999,-24.994423,-36.266922,-16.663385,False
2021-11-05 21:45:00,-28.67,92,-27,-15.1,-26.577711,-37.485237,-18.146418,False,7.1300006,-24.502228,-35.773956,-16.276304,False
2021-11-05 21:50:00,-27.31,92,-26,-13.92,-25.06576,-36.07334,-16.8126,False,9.290001,-22.851986,-34.262913,-14.826144,False
2021-11-05 21:55:00,-24.77,92,-24,-12.37,-22.262197,-33.78291,-14.1684065,False,12.34,-19.813963,-31.836452,-11.984276,False
2021-11-05 22:00:00,-24.87,92,-24,-10.9,-22.334356,-34.819183,-13.836679,False,28.04,-19.890373,-32.92027,-11.687387,False
2021-11-05 22:05:00,-22.97,92,-24,-9.67,-20.27032,-33.628242,-11.622206,False,34.37,-17.707523,-31.706,-9.391334,False
2021-11-05 22:10:00,-21.45,92,-23,-9.87,-18.683249,-32.731953,-9.947968,False,38.03,-16.079363,-30.820652,-7.7000623,False
2021-11-05 22:15:00,-19.57,92,-23,-6.6700015,-16.726889,-30.86811,-8.249313,False,19.969997,-14.062746,-28.930834,-5.960233,False
2021-11-05 22:20:00,-18.91,92,-23,-2.7299998,-16.059475,-30.607317,-7.58196,False,18.520004,-13.40382,-28.69082,-5.317576,False
2021-11-05 22:25:00,-18.47,92,-23,-0.3500007,-15.552909,-30.277168,-7.118509,False,1.8600003,-12.843885,-28.325602,-4.8193736,False
2021-11-05 22:30:00,-16.22,92,-21,0.22999923,-13.200228,-28.348253,-4.964681,False,1.4199997,-10.410781,-26.372944,-2.6112902,False
2021-11-05 22:35:00,-16.91,92,-22,1.1499993,-13.804644,-28.42609,-5.719973,False,2.0300004,-10.922682,-26.346329,-3.283232,False
2021-11-05 22:40:00,-16.99,92,-23,6.399999,-13.810089,-28.382698,-5.7887454,False,12.59,-10.858589,-26.239132,-3.298649,False
2021-11-05 22:45:00,-15.1,92,-22,7.1300006,-11.749687,-26.888819,-3.8644593,False,17.490002,-8.660512,-24.687721,-1.2696422,False
2021-11-05 22:50:00,-13.92,92,-21,9.290001,-10.422143,-25.938704,-2.635691,False,10.85,-7.2071376,-23.671892,0.05867736,False
2021-11-05 22:55:00,-12.37,92,-20,12.34,-8.767341,-24.431744,-1.2274975,False,6.2100005,-5.472264,-22.127897,1.5272976,False
2021-11-05 23:00:00,-10.9,92,-19,28.04,-7.2313657,-23.629408,0.2716271,False,5.469999,-3.9076827,-21.345648,3.028137,False
2021-11-05 23:05:00,-9.67,92,-18,34.37,-5.9543014,-22.626793,1.4198452,False,7.19,-2.6065123,-20.343695,4.1839156,False
2021-11-05 23:10:00,-9.87,92,-19,38.03,-6.132541,-22.600334,1.1410748,False,13.779999,-2.76289,-20.279634,3.9160612,False
2021-11-05 23:15:00,-6.6700015,92,-16,19.969997,-2.8964884,-20.337233,4.1667686,False,12.040001,0.4484574,-18.096552,6.8958526,False
2021-11-05 23:20:00,-2.7299998,92,-13,18.520004,1.4198967,-17.622982,8.223705,False,11.08,5.02749,-15.293264,11.160532,True
2021-11-05 23:25:00,-0.3500007,92,-10,1.8600003,5.7409472,-15.48626,12.48687,True,10.48,11.043602,-12.15623,16.916538,True
2021-11-05 23:30:00,0.22999923,92,-7,1.4199997,7.580175,-14.458388,14.285152,True,8.720001,13.964935,-10.447625,19.667625,True
2021-11-05 23:35:00,1.1499993,92,-10,2.0300004,8.519094,-13.6644535,14.949928,True,9.49,14.842735,-9.685883,20.274174,True
2021-11-05 23:40:00,6.399999,92,-5,12.59,12.667957,-10.538423,18.76767,True,11.030001,17.728043,-7.430139,22.971348,True
2021-11-05 23:45:00,7.1300006,92,-5,17.490002,13.523846,-10.227228,19.710098,True,8.9,18.62534,-7.0949655,23.941769,True
2021-11-05 23:50:00,9.290001,92,-4,10.85,14.696125,-9.418366,20.899921,True,7.43,18.875168,-6.8504796,24.29124,True
2021-11-05 23:55:00,12.34,92,1,6.2100005,16.89059,-8.226145,23.216919,True,7.569999,20.227264,-6.1631417,25.843098,True
2021-11-06 00:00:00,28.04,92,17,5.469999,29.112179,-0.9191726,35.301296,True,10.630001,29.387554,-0.6295493,35.14711,True
2021-11-06 00:05:00,34.37,92,25,7.19,32.678665,1.3949105,39.003944,True,10.9,31.31636,0.7423474,37.236847,True
2021-11-06 00:10:00,38.03,92,35,13.779999,35.15895,2.6584623,41.592598,True,9.380001,33.284805,1.705896,39.271896,True
2021-11-06 00:15:00,19.969997,92,20,12.040001,23.490051,-4.3220544,29.131958,True,7.7900004,25.62862,-2.941086,30.694908,True
2021-11-06 00:20:00,18.520004,92,4,11.08,21.84172,-5.0527177,27.339882,True,6.6699996,23.917835,-3.6976264,28.82769,True
2021-11-06 00:25:00,1.8600003,92,0,10.48,7.387449,-14.408232,13.432812,True,6.2000003,12.022474,-11.376652,17.175407,True
2021-11-06 00:30:00,1.4199997,92,-16,8.720001,6.8604865,-14.5724,12.649124,True,5.560001,11.438545,-11.55116,16.335384,True
2021-11-06 00:35:00,2.0300004,92,-13,9.49,8.411289,-14.556409,14.089317,True,5.219999,13.726467,-11.112932,18.413456,True
2021-11-06 00:40:00,12.59,92,-1,11.030001,17.251904,-9.01596,22.239471,True,6.649999,20.567917,-6.8992944,24.810707,True
2021-11-06 00:45:00,17.490002,92,3,8.9,20.662144,-7.7793384,25.414433,True,7.4600005,22.625443,-6.4422174,26.769905,True
2021-11-06 00:50:00,10.85,92,2,7.43,15.267017,-10.94301,20.247341,True,6.2900004,18.47454,-8.861966,22.699223,True
2021-11-06 00:55:00,6.2100005,92,-6,7.569999,11.666622,-14.905357,17.088753,True,5.8000007,15.890629,-12.189668,20.41447,True
2021-11-06 01:00:00,5.469999,92,-11,10.630001,10.440315,-19.52127,16.430447,True,4.0400004,14.2425,-17.022776,19.33332,True
2021-11-06 01:05:00,7.19,92,-8,10.9,12.173321,-17.995943,17.94603,True,3.2000005,15.917774,-15.5371,20.806652,True
2021-11-06 01:10:00,13.779999,92,0,9.380001,17.316963,-17.63121,22.982689,True,2.9399984,19.614105,-15.97481,24.590176,True
2021-11-06 01:15:00,12.040001,92,0,7.7900004,15.642551,-22.660343,21.955322,True,0.93,18.022438,-20.889662,23.609081,True
2021-11-06 01:20:00,11.08,92,-4,6.6699996,13.981869,-27.69262,21.066212,True,-0.57,15.85997,-26.14515,22.269428,True
2021-11-06 01:25:00,10.48,92,-5,6.2000003,12.309296,-25.980879,19.38696,True,-1.2899994,13.4249,-24.892277,19.935036,True
2021-11-06 01:30:00,8.720001,92,-7,5.560001,9.83992,-25.57461,17.215794,True,-2.1299994,10.43619,-24.78277,17.320766,True
2021-11-06 01:35:00,9.49,92,-8,5.219999,7.5478473,-24.953707,15.255966,True,-2.859999,5.559879,-25.580917,13.121471,True
2021-11-06 01:40:00,11.030001,92,-3,6.649999,7.3122153,-24.12481,15.443134,True,-3.2600005,3.8056638,-25.547754,11.965296,True
2021-11-06 01:45:00,8.9,92,-8,7.4600005,3.7688234,-27.29438,12.971138,True,-2.0599997,-1.0008224,-29.338842,8.40988,True
2021-11-06 01:50:00,7.43,92,-10,6.2900004,0.9031808,-29.574898,10.982733,True,-1.15,-5.1079516,-32.225845,5.3374953,True
2021-11-06 01:55:00,7.569999,92,-11,5.8000007,-0.010015802,-29.108252,10.396118,True,0.10000007,-6.9347653,-32.22876,3.9134138,True
2021-11-06 02:00:00,10.630001,92,-8,4.0400004,2.5459611,-27.239836,12.91407,True,5.3700004,-4.773721,-30.51291,6.0764785,True
2021-11-06 02:05:00,10.9,92,-8,3.2000005,3.0299852,-26.372913,13.295258,True,5.8399997,-4.0999866,-29.541492,6.615436,True
2021-11-06 02:10:00,9.380001,92,-9,2.9399984,2.2759645,-25.767878,12.313293,True,5.979999,-4.2223134,-28.659092,6.174478,True
2021-11-06 02:15:00,7.7900004,92,-11,0.93,1.8727909,-24.193733,11.336376,True,4.6600013,-3.619984,-26.63751,6.062959,True
2021-11-06 02:20:00,6.6699996,92,-13,-0.57,1.7337433,-23.046026,10.63772,True,6.52,-2.9012015,-25.089222,6.1169467,False
2021-11-06 02:25:00,6.2000003,92,-14,-1.2899994,2.255821,-21.42003,10.510073,True,4.9099994,-1.5006584,-23.026665,6.7599463,True
2021-11-06 02:30:00,5.560001,92,-14,-2.1299994,2.3579996,-20.434761,10.134016,True,2.7399995,-0.73766166,-21.700275,6.963348,True
2021-11-06 02:35:00,5.219999,92,-15,-2.859999,2.7290246,-19.37717,10.025753,True,2.7399995,0.27555433,-20.304174,7.4289527,True
2021-11-06 02:40:00,6.649999,92,-13,-3.2600005,4.6298327,-17.38479,11.379145,True,1.3099991,2.6108358,-18.065079,9.168053,True
2021-11-06 02:45:00,7.4600005,92,-11,-2.0599997,5.8436656,-15.913698,12.126032,True,1.3299996,4.192865,-16.384571,10.23848,True
2021-11-06 02:50:00,6.2900004,92,-12,-1.15,4.688455,-16.074085,10.787142,True,-0.5799983,3.0553243,-16.557352,8.9163685,True
2021-11-06 02:55:00,5.8000007,92,-13,0.10000007,4.2469516,-16.120667,10.213415,True,-2.1700003,2.6597574,-16.578302,8.380812,True
2021-11-06 03:00:00,4.0400004,92,-13,5.3700004,2.6184022,-16.928402,8.508987,True,-2.699999,1.1523072,-17.32835,6.7872043,True
2021-11-06 03:05:00,3.2000005,92,-14,5.8399997,1.8955857,-17.119844,7.654165,True,-3.7599995,0.5413968,-17.466202,6.037603,True
2021-11-06 03:10:00,2.9399984,92,-12,5.979999,1.8232685,-16.926943,7.395862,True,-5.35,0.64211434,-17.168228,5.9331164,True
2021-11-06 03:15:00,0.93,92,-12,4.6600013,0.18473403,-17.164843,5.457866,True,-7.02,-0.652119,-17.223358,4.303037,True
2021-11-06 03:20:00,-0.57,92,-15,6.52,-0.8838504,-17.066412,4.064695,False,-7.570001,-1.318972,-16.888792,3.2683465,True
2021-11-06 03:25:00,-1.2899994,92,-15,4.9099994,-1.2098106,-16.382936,3.2497613,False,-8.51,-1.2743171,-15.988062,2.7937906,True
2021-11-06 03:30:00,-2.1299994,92,-15,2.7399995,-1.9023193,-16.783768,2.3070982,False,-10.170001,-1.8230022,-16.295408,1.9860073,True
2021-11-06 03:35:00,-2.859999,92,-14,2.7399995,-2.7775614,-17.69591,1.4400002,False,-13.03,-2.8254378,-17.282566,1.0029179,True
2021-11-06 03:40:00,-3.2600005,92,-16,1.3099991,-3.2200186,-18.166702,1.0296246,False,-13.41,-3.2992175,-17.76883,0.5679681,True
2021-11-06 03:45:00,-2.0599997,92,-14,1.3299996,-2.0364096,-17.454533,2.1234624,True,-17.01,-2.127806,-17.054884,1.6561791,True
2021-11-06 03:50:00,-1.15,92,-13,-0.5799983,-0.82315665,-16.211401,3.02688,True,-18.19,-0.6317771,-15.627633,2.8211172,False
2021-11-06 03:55:00,0.10000007,92,-12,-2.1700003,0.47450414,-15.167891,4.1043468,True,-19.48,0.71152276,-14.551907,3.9458444,False
2021-11-06 04:00:00,5.3700004,92,-2,-2.699999,5.3960624,-12.667595,8.908621,True,-20.67,5.30903,-12.230777,8.46734,False
2021-11-06 04:05:00,5.8399997,92,-3,-3.7599995,5.651157,-12.733256,9.277651,True,-21.93,5.3809104,-12.3940115,8.673014,False
2021-11-06 04:10:00,5.979999,92,-2,-5.35,5.662227,-13.081422,9.429131,True,-23.05,5.288589,-12.797097,8.743034,False
2021-11-06 04:15:00,4.6600013,92,-3,-7.02,4.115726,-15.449312,8.477581,True,-24.52,3.553623,-15.250283,7.6379447,False
2021-11-06 04:20:00,6.52,92,0,-7.570001,5.4870524,-15.805875,10.153357,True,-25.24,4.5101295,-15.814262,8.961815,False
2021-11-06 04:25:00,4.9099994,92,2,-8.51,3.8046758,-16.394627,8.61285,True,-27.65,2.764263,-16.453157,7.365499,False
2021-11-06 04:30:00,2.7399995,92,-3,-10.170001,1.2420651,-19.228344,6.782266,True,-32.04,-0.14485581,-19.475254,5.2464995,False
2021-11-06 04:35:00,2.7399995,92,-4,-13.03,0.8980691,-19.77525,6.7316947,True,-33.68,-0.78905517,-20.187624,4.9419017,False
2021-11-06 04:40:00,1.3099991,92,-4,-13.41,-0.8171409,-20.848644,5.3615966,True,-32.88,-2.7611792,-21.429747,3.3533208,False
2021-11-06 04:45:00,1.3299996,92,-5,-17.01,-1.2010864,-20.990692,5.1790977,True,-34.74,-3.501076,-21.783665,2.8624723,False
2021-11-06 04:50:00,-0.5799983,92,-4,-18.19,-3.560469,-22.964697,3.4216363,True,-34.43,-6.266072,-24.011353,0.75875825,False
2021-11-06 04:55:00,-2.1700003,92,-5,-19.48,-5.7641177,-25.094664,1.9318272,True,-32.75,-9.01778,-26.473995,-1.1972831,False
2021-11-06 05:00:00,-2.699999,92,-7,-20.67,-6.691211,-25.245287,1.1674858,True,-33.27,-10.302602,-26.874872,-2.2809374,False
2021-11-06 05:05:00,-3.7599995,92,-7,-21.93,-8.067841,-25.712233,-0.049843147,True,-33.61,-11.960435,-27.559784,-3.7531598,False
2021-11-06 05:10:00,-5.35,92,-7,-23.05,-9.6072645,-25.443832,-1.7699131,True,-33.82,-13.448191,-27.366856,-5.454828,False
2021-11-06 05:15:00,-7.02,92,-8,-24.52,-10.732089,-24.499878,-3.5051062,False,-35.94,-14.062338,-26.229702,-6.769422,False
2021-11-06 05:20:00,-7.570001,92,-9,-25.24,-10.779685,-23.342213,-4.1041512,False,-36.58,-13.637304,-24.842419,-6.95968,False
2021-11-06 05:25:00,-8.51,92,-9,-27.65,-11.250333,-22.811255,-4.9928718,False,-36.2,-13.666944,-24.079653,-7.46083,False
2021-11-06 05:30:00,-10.170001,92,-9,-32.04,-12.264327,-22.890411,-6.362511,False,-34.89,-14.079565,-23.800089,-8.288689,False
2021-11-06 05:35:00,-13.03,92,-10,-33.68,-14.269861,-24.28728,-8.5339985,False,-33.79,-15.299593,-24.673882,-9.738225,False
2021-11-06 05:40:00,-13.41,92,-11,-32.88,-14.060327,-24.071556,-8.627046,False,-32.84,-14.55104,-24.061382,-9.334417,False
2021-11-06 05:45:00,-17.01,92,-10,-34.74,-17.038498,-26.780867,-11.364658,False,-31.19,-16.956888,-26.34555,-11.541748,False
2021-11-06 05:50:00,-18.19,92,-12,-34.43,-17.736368,-27.672333,-11.991963,False,-31.35,-17.209229,-26.880688,-11.760777,False
2021-11-06 05:55:00,-19.48,92,-13,-32.75,-18.54842,-28.37056,-12.953402,False,-30.96,-17.580664,-27.23493,-12.3169775,False
2021-11-06 06:00:00,-20.67,92,-14,-33.27,-19.580019,-29.351788,-13.867954,False,-30.94,-18.462187,-28.093998,-13.092625,False
2021-11-06 06:05:00,-21.93,92,-14,-33.61,-20.752869,-30.490856,-14.791474,False,-31.02,-19.551308,-29.165728,-13.934922,False
2021-11-06 06:10:00,-23.05,92,-15,-33.82,-21.766722,-31.547546,-15.520484,False,-37.01,-20.463795,-30.13643,-14.569619,False
2021-11-06 06:15:00,-24.52,92,-17,-35.94,-23.286058,-32.64079,-16.9189,False,-37.26,-22.02925,-31.272427,-16.004198,False
2021-11-06 06:20:00,-25.24,92,-17,-36.58,-24.128124,-33.309887,-17.509197,False,-38.78,-22.98135,-32.03478,-16.689537,False
2021-11-06 06:25:00,-27.65,92,-18,-36.2,-26.597563,-35.540657,-19.393677,False,-41.27,-25.50606,-34.307236,-18.621159,False
2021-11-06 06:30:00,-32.04,92,-18,-34.89,-30.901545,-39.275265,-23.05055,True,-41.76,-29.742165,-37.980244,-22.215012,False
2021-11-06 06:35:00,-33.68,92,-25,-33.79,-32.430447,-40.493233,-24.365334,True,-39.020004,-31.175718,-39.116962,-23.441992,True
2021-11-06 06:40:00,-32.88,92,-25,-32.84,-31.658627,-39.622963,-23.669561,True,-36.41,-30.427307,-38.27691,-22.760891,True
2021-11-06 06:45:00,-34.74,92,-25,-31.19,-33.22358,-41.06121,-24.93703,True,-37.02,-31.733973,-39.48666,-23.796774,True
2021-11-06 06:50:00,-34.43,92,-25,-31.35,-32.82014,-40.625576,-24.558105,True,-40.09,-31.247673,-38.988724,-23.336952,False
2021-11-06 06:55:00,-32.75,92,-23,-30.96,-31.174107,-39.02739,-23.054682,True,-40.04,-29.625633,-37.42614,-21.84757,False
2021-11-06 07:00:00,-33.27,92,-23,-30.94,-31.460918,-39.25489,-23.275827,True,-38.16,-29.706448,-37.47598,-21.882368,False
2021-11-06 07:05:00,-33.61,92,-22,-31.02,-31.589567,-39.252007,-23.512562,True,-36.46,-29.649872,-37.31319,-21.951279,True
2021-11-06 07:10:00,-33.82,92,-22,-37.01,-31.686672,-39.255795,-23.612709,True,-35.35,-29.649931,-37.235176,-21.962091,True
2021-11-06 07:15:00,-35.94,92,-22,-37.26,-33.675842,-41.365788,-24.812342,True,-33.73,-31.536306,-39.245197,-23.073463,True
2021-11-06 07:20:00,-36.58,92,-24,-38.78,-34.45185,-42.03282,-25.0914,True,-31.29,-32.435635,-40.029205,-23.458677,True
2021-11-06 07:25:00,-36.2,92,-24,-41.27,-34.042667,-41.822723,-24.57162,True,-28.99,-31.994173,-39.801365,-22.90678,True
2021-11-06 07:30:00,-34.89,92,-21,-41.76,-32.51567,-40.613533,-23.35123,False,-27.11,-30.265167,-38.432156,-21.501026,True
2021-11-06 07:35:00,-33.79,92,-20,-39.020004,-31.200096,-39.578068,-22.191105,True,-22.31,-28.742006,-37.23552,-20.150673,True
2021-11-06 07:40:00,-32.84,92,-18,-36.41,-29.983765,-39.159687,-20.332623,True,-18.66,-27.268206,-36.625504,-18.064362,True
2021-11-06 07:45:00,-31.19,92,-16,-37.02,-28.221235,-38.119766,-18.190409,True,-13.22,-25.383177,-35.520947,-15.811282,False
2021-11-06 07:50:00,-31.35,92,-15,-40.09,-28.490068,-38.41105,-17.95189,False,-13.74,-25.745337,-35.901382,-15.654617,False
2021-11-06 07:55:00,-30.96,92,-13,-40.04,-28.46102,-38.01977,-17.897522,False,-14.65,-26.050148,-35.798824,-15.887078,False
2021-11-06 08:00:00,-30.94,92,-13,-38.16,-29.324657,-38.024586,-18.77338,False,-14.82,-27.719599,-36.48265,-17.462982,False
2021-11-06 08:05:00,-31.02,92,-13,-36.46,-29.634212,-37.805412,-19.171328,True,-14.49,-28.242523,-36.451378,-18.04485,False
2021-11-06 08:10:00,-37.01,92,-13,-35.35,-35.115433,-42.52251,-24.056734,True,-17.26,-33.324978,-40.802017,-22.584099,False
2021-11-06 08:15:00,-37.26,92,-22,-33.73,-35.771664,-43.298378,-23.994314,True,-21.3,-34.33697,-41.898396,-22.829355,False
2021-11-06 08:20:00,-38.78,92,-24,-31.29,-37.489643,-44.69332,-25.14438,True,-20.37,-36.24095,-43.459793,-24.139465,False
2021-11-06 08:25:00,-41.27,92,-26,-28.99,-39.686703,-46.817326,-26.787012,True,-17.69,-38.208393,-45.38023,-25.581856,False
2021-11-06 08:30:00,-41.76,92,-31,-27.11,-40.02006,-46.880127,-27.277147,False,-16.18,-38.41787,-45.337723,-25.962421,False
2021-11-06 08:35:00,-39.020004,92,-29,-22.31,-37.20207,-44.572792,-24.922836,False,-13.45,-35.513885,-42.976795,-23.526543,False
2021-11-06 08:40:00,-36.41,92,-27,-18.66,-34.463287,-41.972057,-23.005621,False,-12.7,-32.65274,-40.286137,-21.497936,False
2021-11-06 08:45:00,-37.02,92,-27,-13.22,-34.940407,-42.231953,-23.607082,False,-12.56,-33.0237,-40.45297,-22.006176,False
2021-11-06 08:50:00,-40.09,92,-32,-13.74,-37.271942,-44.643044,-25.6731,False,-11.54,-34.752617,-42.3003,-23.549944,False
2021-11-06 08:55:00,-40.04,92,-36,-14.65,-37.360626,-44.27174,-26.388968,False,-11.06,-34.97446,-42.05003,-24.376743,False
2021-11-06 09:00:00,-38.16,92,-35,-14.82,-36.094925,-42.508827,-25.820911,False,-14.14,-34.22871,-40.785767,-24.254532,False
2021-11-06 09:05:00,-36.46,92,-34,-14.49,-34.67235,-40.8197,-25.071802,False,-16.86,-33.043686,-39.33003,-23.708817,False
2021-11-06 09:10:00,-35.35,92,-34,-17.26,-33.89526,-39.675003,-24.75638,False,-21.34,-32.55311,-38.461414,-23.639948,False
2021-11-06 09:15:00,-33.73,92,-33,-21.3,-32.665215,-38.336212,-23.775225,False,-24.48,-31.648918,-37.43546,-22.939228,True
2021-11-06 09:20:00,-31.29,92,-31,-20.37,-30.455828,-36.320156,-22.044931,False,-23.97,-29.618717,-35.595913,-21.359196,True
2021-11-06 09:25:00,-28.99,92,-30,-17.69,-28.21378,-34.51829,-20.025919,False,-23.44,-27.411549,-33.84026,-19.362455,True
2021-11-06 09:30:00,-27.11,92,-28,-16.18,-26.182291,-32.975803,-18.451443,False,-24.91,-25.2356,-32.187756,-17.650686,True
2021-11-06 09:35:00,-22.31,92,-25,-13.45,-21.45042,-29.00139,-14.266739,False,-31.4,-20.531637,-28.260464,-13.481538,False
2021-11-06 09:40:00,-18.66,92,-22,-12.7,-17.363937,-25.787859,-10.833222,True,-30.12,-16.028925,-24.729828,-9.663945,False
2021-11-06 09:45:00,-13.22,92,-20,-12.56,-11.711253,-21.125576,-6.2876163,True,-29.430002,-10.14477,-19.921656,-4.8943086,False
2021-11-06 09:50:00,-13.74,92,-22,-11.54,-11.503826,-21.277067,-6.35214,True,-29.99,-9.258717,-19.552965,-4.3412557,False
2021-11-06 09:55:00,-14.65,92,-22,-11.06,-12.096366,-21.71203,-7.273252,True,-30.26,-9.557345,-19.74874,-4.9882216,False
2021-11-06 10:00:00,-14.82,92,-22,-14.14,-12.063362,-21.830584,-7.2642674,True,-29.88,-9.327659,-19.728495,-4.7953134,False
2021-11-06 10:05:00,-14.49,92,-20,-16.86,-11.5109005,-21.81582,-6.4498944,True,-30.07,-8.558671,-19.585705,-3.786195,False
2021-11-06 10:10:00,-17.26,92,-18,-21.34,-14.06631,-24.382034,-8.377223,True,-30.26,-10.91627,-21.994991,-5.5414033,False
2021-11-06 10:15:00,-21.3,92,-21,-24.48,-18.43429,-28.080425,-12.046219,True,-29.87,-15.622752,-25.927025,-9.510856,False
2021-11-06 10:20:00,-20.37,92,-22,-23.97,-18.75634,-27.957512,-12.156417,True,-29.37,-17.121895,-26.77624,-10.66028,False
2021-11-06 10:25:00,-17.69,92,-21,-23.44,-16.477158,-26.383474,-9.665327,True,-28.88,-15.198008,-25.524885,-8.479433,False
2021-11-06 10:30:00,-16.18,92,-20,-24.91,-15.5309105,-25.19598,-8.999323,True,-28.12,-14.7699585,-24.746523,-8.266498,False
2021-11-06 10:35:00,-13.45,92,-18,-31.4,-13.67476,-23.57033,-7.1967473,False,-27.67,-13.707347,-23.724363,-7.17011,False
2021-11-06 10:40:00,-12.7,92,-17,-30.12,-13.552731,-23.62234,-6.7471185,False,-27.36,-14.154833,-24.199097,-7.2289205,False
2021-11-06 10:45:00,-12.56,92,-16,-29.430002,-13.632397,-24.09374,-6.4555745,False,-26.91,-14.434781,-24.821001,-7.1126847,False
2021-11-06 10:50:00,-11.54,92,-14,-29.99,-12.788079,-23.551125,-5.551563,False,-26.74,-13.74876,-24.395323,-6.344909,False
2021-11-06 10:55:00,-11.06,92,-12,-30.26,-12.476956,-22.97184,-5.558684,False,-26.66,-13.59812,-23.938904,-6.4939857,False
2021-11-06 11:00:00,-14.14,92,-11,-29.88,-15.521588,-24.906933,-8.5565815,False,-26.96,-16.633747,-25.913088,-9.484616,False
2021-11-06 11:05:00,-16.86,92,-17,-30.07,-18.149637,-26.674837,-11.152623,False,-27.06,-19.197939,-27.670986,-12.022023,True
2021-11-06 11:10:00,-21.34,92,-19,-30.26,-22.308912,-29.897617,-15.02364,False,-26.93,-23.096415,-30.738482,-15.652378,True
2021-11-06 11:15:00,-24.48,92,-26,-29.87,-24.647432,-31.871927,-17.532606,True,-26.83,-24.744852,-32.182682,-17.525318,True
2021-11-06 11:20:00,-23.97,92,-28,-29.37,-23.971731,-30.909624,-17.683615,True,-26.57,-23.927168,-31.105207,-17.536446,True
2021-11-06 11:25:00,-23.44,92,-27,-28.88,-23.496008,-30.497547,-17.267132,True,-26.66,-23.504383,-30.744127,-17.16169,True
2021-11-06 11:30:00,-24.91,92,-24,-28.12,-24.5434,-31.646065,-18.296831,True,-26.83,-24.180662,-31.594946,-17.843601,True
2021-11-06 11:35:00,-31.4,92,-32,-27.67,-30.59222,-36.723156,-24.456799,True,-27.06,-29.878563,-36.345364,-23.680496,True
2021-11-06 11:40:00,-30.12,92,-37,-27.36,-28.96401,-35.299915,-23.486483,True,-27.04,-27.919144,-34.62943,-22.393171,True
2021-11-06 11:45:00,-29.430002,92,-38,-26.91,-28.216982,-34.457817,-23.399525,True,-26.93,-27.114452,-33.73073,-22.235003,True
2021-11-06 11:50:00,-29.99,92,-38,-26.74,-28.649782,-34.90406,-24.164675,True,-26.82,-27.434996,-34.064835,-22.888103,True
2021-11-06 11:55:00,-30.26,92,-39,-26.66,-28.997635,-35.18284,-24.767117,True,-26.7,-27.859715,-34.406414,-23.550684,True
2021-11-06 12:00:00,-29.88,92,-39,-26.96,-28.661192,-34.924137,-24.47992,True,-26.64,-27.561644,-34.186047,-23.289434,True
2021-11-06 12:05:00,-30.07,92,-38,-27.06,-28.758131,-35.137024,-24.564987,True,-26.89,-27.572706,-34.32611,-23.286776,True
2021-11-06 12:10:00,-30.26,92,-38,-26.93,-28.869038,-35.36282,-24.654623,True,-27.0,-27.608187,-34.489132,-23.29988,True
2021-11-06 12:15:00,-29.87,92,-39,-26.83,-28.578398,-35.045017,-24.438263,True,-26.88,-27.408823,-34.259026,-23.155397,True
2021-11-06 12:20:00,-29.37,92,-38,-26.57,-27.92628,-34.565918,-24.018085,True,-26.53,-26.599695,-33.641254,-22.577856,True
2021-11-06 12:25:00,-28.88,92,-38,-26.66,-27.076221,-34.019375,-23.451252,True,-26.24,-25.3866,-32.779636,-21.65992,True
2021-11-06 12:30:00,-28.12,92,-38,-26.83,-26.327007,-33.212185,-23.10701,True,-25.11,-24.632488,-31.96021,-21.296055,True
2021-11-06 12:35:00,-27.67,92,-37,-27.06,-25.786907,-32.768085,-22.731249,True,-24.36,-23.990059,-31.432848,-20.811005,True
2021-11-06 12:40:00,-27.36,92,-37,-27.04,-25.526974,-32.605457,-22.293976,True,-24.26,-23.769274,-31.329628,-20.400766,True
2021-11-06 12:45:00,-26.91,92,-37,-26.93,-25.1588,-32.524403,-21.47428,True,-23.8,-23.475006,-31.347797,-19.649622,True
2021-11-06 12:50:00,-26.74,92,-36,-26.82,-25.202518,-32.78836,-20.840832,True,-23.27,-23.731665,-31.841084,-19.21412,True
2021-11-06 12:55:00,-26.66,92,-36,-26.7,-25.361599,-33.27222,-20.205912,True,-22.88,-24.128944,-32.572952,-18.801708,True
2021-11-06 13:00:00,-26.96,92,-36,-26.64,-25.906944,-33.81371,-20.452827,True,-22.49,-24.917206,-33.333176,-19.268305,True
2021-11-06 13:05:00,-27.06,92,-36,-26.89,-26.203592,-34.178226,-20.376844,True,-22.2,-25.40645,-33.875214,-19.36476,True
2021-11-06 13:10:00,-26.93,92,-36,-27.0,-26.154556,-34.02902,-20.326736,True,-22.4,-25.435293,-33.78858,-19.37886,True
2021-11-06 13:15:00,-26.83,92,-36,-26.88,-26.0743,-34.04176,-20.149342,True,-22.33,-25.375603,-33.82467,-19.21308,True
2021-11-06 13:20:00,-26.57,92,-35,-26.53,-25.797861,-33.818356,-19.879652,True,-23.31,-25.083002,-33.592392,-18.919436,True
2021-11-06 13:25:00,-26.66,92,-35,-26.24,-25.892128,-33.93779,-19.86923,True,-23.73,-25.182554,-33.713036,-18.91221,True
2021-11-06 13:30:00,-26.83,92,-36,-25.11,-25.991198,-34.111523,-19.970196,True,-23.94,-25.216381,-33.835945,-18.943167,True
2021-11-06 13:35:00,-27.06,92,-36,-24.36,-26.23242,-34.27983,-20.313229,True,-23.81,-25.469948,-34.010387,-19.288103,True
2021-11-06 13:40:00,-27.04,92,-36,-24.26,-26.287169,-34.334972,-20.343271,True,-24.95,-25.598137,-34.125515,-19.382679,True
2021-11-06 13:45:00,-26.93,92,-36,-23.8,-26.257793,-34.4965,-20.045675,True,-24.89,-25.647707,-34.36753,-19.154474,True
2021-11-06 13:50:00,-26.82,92,-36,-23.27,-26.117039,-34.767937,-19.543314,True,-24.54,-25.474586,-34.6356,-18.61991,True
2021-11-06 13:55:00,-26.7,92,-36,-22.88,-26.07392,-34.973804,-19.325226,True,-23.52,-25.504242,-34.91011,-18.468914,True
2021-11-06 14:00:00,-26.64,92,-36,-22.49,-26.149305,-35.22104,-19.159864,True,-23.09,-25.712387,-35.276485,-18.422235,True
2021-11-06 14:05:00,-26.89,92,-37,-22.2,-26.513727,-35.81262,-19.16344,True,-22.86,-26.190641,-35.969006,-18.532972,True
2021-11-06 14:10:00,-27.0,92,-37,-22.4,-26.707605,-36.22872,-19.077393,True,-21.95,-26.467585,-36.468063,-18.517284,True
2021-11-06 14:15:00,-26.88,92,-38,-22.33,-26.665133,-36.39191,-18.846743,True,-21.83,-26.501104,-36.700996,-18.353306,True
2021-11-06 14:20:00,-26.53,92,-38,-23.31,-26.416399,-36.26959,-18.490562,True,-22.3,-26.349932,-36.65649,-18.086536,True
2021-11-06 14:25:00,-26.24,92,-38,-23.73,-26.196104,-36.227432,-18.090122,True,-22.31,-26.197132,-36.68022,-17.740995,True
2021-11-06 14:30:00,-25.11,92,-38,-23.94,-25.147724,-35.31589,-17.10025,True,-21.26,-25.222734,-35.82413,-16.816248,True
2021-11-06 14:35:00,-24.36,92,-37,-23.81,-24.547226,-35.064465,-16.258602,True,-21.38,-24.765669,-35.69348,-16.104206,True
2021-11-06 14:40:00,-24.26,92,-38,-24.95,-24.609146,-35.152,-16.175264,True,-21.46,-24.986769,-35.90518,-16.165066,True
2021-11-06 14:45:00,-23.8,92,-38,-24.89,-24.361567,-35.29359,-15.568981,True,-21.16,-24.944426,-36.211197,-15.747101,True
2021-11-06 14:50:00,-23.27,92,-40,-24.54,-23.94306,-35.188698,-14.9510355,True,-20.85,-24.633127,-36.191486,-15.225172,True
2021-11-06 14:55:00,-22.88,92,-40,-23.52,-23.296728,-34.215405,-14.74351,True,-20.21,-23.739891,-35.02382,-14.780249,True
2021-11-06 15:00:00,-22.49,92,-42,-23.09,-22.58204,-32.579918,-15.01564,True,-19.24,-22.706419,-33.11322,-14.7376175,True
2021-11-06 15:05:00,-22.2,92,-43,-22.86,-22.08136,-31.701864,-15.047663,True,-18.68,-21.995255,-32.051,-14.560924,True
2021-11-06 15:10:00,-22.4,92,-45,-21.95,-22.15279,-31.769228,-15.258384,True,-18.15,-21.939945,-32.012295,-14.648532,True
2021-11-06 15:15:00,-22.33,92,-45,-21.83,-21.965506,-31.722313,-15.074469,True,-18.03,-21.633825,-31.872665,-14.34981,True
2021-11-06 15:20:00,-23.31,92,-47,-22.3,-22.884035,-32.491207,-15.941689,True,-18.94,-22.495615,-32.58771,-15.159756,True
2021-11-06 15:25:00,-23.73,92,-49,-22.31,-23.232813,-32.818466,-16.266218,True,-20.24,-22.774384,-32.853878,-15.414034,True
2021-11-06 15:30:00,-23.94,92,-49,-21.26,-23.221472,-33.034634,-16.261827,True,-22.51,-22.53832,-32.896458,-15.192708,True
2021-11-06 15:35:00,-23.81,92,-50,-21.38,-22.926205,-32.89069,-16.13786,True,-25.51,-22.067833,-32.611813,-14.899675,True
2021-11-06 15:40:00,-24.95,92,-51,-21.46,-23.73806,-33.714508,-17.028791,True,-27.07,-22.543577,-33.151,-15.471829,True
2021-11-06 15:45:00,-24.89,92,-52,-21.16,-23.71371,-33.53122,-17.240366,True,-27.25,-22.545277,-32.97606,-15.696183,True
2021-11-06 15:50:00,-24.54,92,-52,-20.85,-23.572737,-33.569016,-16.85889,True,-28.630001,-22.619795,-33.208717,-15.520135,True
2021-11-06 15:55:00,-23.52,92,-51,-20.21,-22.7832,-33.59118,-15.4435215,True,-29.12,-22.067015,-33.472443,-14.33631,True
2021-11-06 16:00:00,-23.09,92,-50,-19.24,-22.890707,-34.010357,-14.994742,True,-29.09,-22.721601,-34.33569,-14.405851,True
2021-11-06 16:05:00,-22.86,92,-49,-18.68,-23.058372,-34.691032,-14.639593,True,-28.55,-23.288223,-35.336044,-14.430435,True
2021-11-06 16:10:00,-21.95,92,-49,-18.15,-22.343828,-34.31774,-13.891952,True,-27.98,-22.764555,-35.10859,-13.8611145,True
2021-11-06 16:15:00,-21.83,92,-49,-18.03,-22.34349,-34.65335,-13.632669,True,-26.86,-22.882631,-35.534588,-13.714557,True
2021-11-06 16:20:00,-22.3,92,-47,-18.94,-22.797527,-35.000282,-14.031088,True,-26.82,-23.322334,-35.871284,-14.093668,True
2021-11-06 16:25:00,-22.31,92,-46,-20.24,-22.735533,-35.094776,-13.854864,True,-26.84,-23.188723,-35.91019,-13.850254,True
2021-11-06 16:30:00,-21.26,92,-45,-22.51,-21.480349,-34.06677,-12.737073,True,-26.41,-21.725342,-34.723293,-12.536438,True
2021-11-06 16:35:00,-21.38,92,-44,-25.51,-21.499914,-34.18709,-12.668298,True,-25.74,-21.643621,-34.766144,-12.3741255,True
2021-11-06 16:40:00,-21.46,92,-43,-27.07,-21.610907,-34.66403,-12.501823,True,-24.51,-21.786354,-35.27585,-12.237965,True
2021-11-06 16:45:00,-21.16,92,-42,-27.25,-21.39042,-34.817333,-12.015028,True,-23.18,-21.645742,-35.48926,-11.830359,True
2021-11-06 16:50:00,-20.85,92,-41,-28.630001,-20.987614,-34.758095,-11.474255,True,-22.2,-21.14891,-35.36295,-11.206315,True
2021-11-06 16:55:00,-20.21,92,-41,-29.12,-20.405302,-34.577866,-10.710145,True,-21.25,-20.624075,-35.224808,-10.500138,True
2021-11-06 17:00:00,-19.24,92,-41,-29.09,-19.505396,-33.94521,-9.738553,True,-20.5,-19.793642,-34.637493,-9.595626,True
2021-11-06 17:05:00,-18.68,92,-41,-28.55,-19.015007,-33.485313,-9.235002,True,-19.04,-19.373053,-34.22596,-9.154011,True
2021-11-06 17:10:00,-18.15,92,-41,-27.98,-18.608936,-33.246113,-8.7135515,True,-18.26,-19.09207,-34.07004,-8.752188,True
2021-11-06 17:15:00,-18.03,92,-41,-26.86,-18.63665,-33.348503,-8.561217,True,-18.31,-19.26964,-34.272133,-8.742268,True
2021-11-06 17:20:00,-18.94,92,-42,-26.82,-19.738808,-34.587624,-9.351534,True,-18.63,-20.566416,-35.64803,-9.718641,True
2021-11-06 17:25:00,-20.24,92,-42,-26.84,-21.129955,-35.86967,-10.507542,True,-19.04,-22.04957,-36.99457,-10.964331,True
2021-11-06 17:30:00,-22.51,92,-40,-26.41,-23.5065,-37.918648,-12.575303,True,-19.27,-24.532246,-39.1226,-13.134166,True
2021-11-06 17:35:00,-25.51,92,-39,-25.74,-26.49758,-40.167046,-15.350637,True,-19.96,-27.514198,-41.37042,-15.902105,True
2021-11-06 17:40:00,-27.07,92,-39,-24.51,-27.960295,-41.15899,-16.768358,True,-20.23,-28.880976,-42.28893,-17.232056,True
2021-11-06 17:45:00,-27.25,92,-37,-23.18,-28.067791,-41.195843,-16.917309,True,-20.4,-28.916998,-42.2661,-17.318798,True
2021-11-06 17:50:00,-28.630001,92,-37,-22.2,-29.405928,-42.32443,-18.112635,True,-19.81,-30.213171,-43.359783,-18.478865,True
2021-11-06 17:55:00,-29.12,92,-36,-21.25,-29.766861,-42.121765,-18.796919,True,-20.97,-30.445929,-43.04662,-19.044882,True
2021-11-06 18:00:00,-29.09,92,-35,-20.5,-29.838795,-41.807247,-19.028255,True,-21.6,-30.617043,-42.799423,-19.373333,True
2021-11-06 18:05:00,-28.55,92,-35,-19.04,-29.511187,-41.89856,-18.429735,True,-22.16,-30.497211,-43.046513,-18.978968,True
2021-11-06 18:10:00,-27.98,92,-35,-18.26,-29.084234,-41.87907,-17.863527,True,-21.95,-30.209415,-43.123745,-18.55201,True
2021-11-06 18:15:00,-26.86,92,-35,-18.31,-28.126299,-41.64082,-16.715208,True,-21.74,-29.410215,-42.99329,-17.559088,True
2021-11-06 18:20:00,-26.82,92,-35,-18.63,-28.20064,-42.018654,-16.607025,True,-21.52,-29.593987,-43.440445,-17.561253,True
2021-11-06 18:25:00,-26.84,92,-35,-19.04,-28.152382,-42.04188,-16.55066,True,-21.47,-29.478922,-43.402424,-17.450912,True
2021-11-06 18:30:00,-26.41,92,-36,-19.27,-27.681606,-42.302242,-15.919976,True,-20.98,-28.970583,-43.62276,-16.794422,True
2021-11-06 18:35:00,-25.74,92,-36,-19.96,-27.003252,-42.080322,-15.208445,True,-20.61,-28.286842,-43.383698,-16.08664,True
2021-11-06 18:40:00,-24.51,92,-36,-20.23,-25.658329,-41.209473,-13.933652,True,-21.08,-26.834146,-42.418415,-14.722294,True
2021-11-06 18:45:00,-23.18,92,-35,-20.4,-24.13143,-40.435795,-12.415395,True,-21.32,-25.119545,-41.49547,-13.041761,True
2021-11-06 18:50:00,-22.2,92,-36,-19.81,-23.044096,-39.901814,-11.30245,True,-21.3,-23.931267,-40.87824,-11.846318,True
2021-11-06 18:55:00,-21.25,92,-35,-20.97,-22.128073,-39.800606,-10.229165,True,-22.51,-23.053967,-40.788563,-10.81956,True
2021-11-06 19:00:00,-20.5,92,-35,-21.6,-20.972565,-39.52748,-9.022071,True,-23.34,-21.505455,-40.242558,-9.2638445,True
2021-11-06 19:05:00,-19.04,92,-34,-22.16,-19.309317,-37.888824,-7.6441865,True,-23.81,-19.646358,-38.46422,-7.715977,True
2021-11-06 19:10:00,-18.26,92,-33,-21.95,-18.532223,-36.99707,-6.9430327,True,-24.39,-18.875715,-37.56747,-7.0276074,True
2021-11-06 19:15:00,-18.31,92,-34,-21.74,-18.469988,-37.474945,-6.6736465,True,-25.32,-18.706615,-37.962624,-6.675634,True
2021-11-06 19:20:00,-18.63,92,-34,-21.52,-18.626291,-38.633526,-6.553498,True,-26.59,-18.706476,-39.016712,-6.4264655,True
2021-11-06 19:25:00,-19.04,92,-35,-21.47,-18.500408,-37.491722,-6.7486606,True,-26.03,-18.043417,-37.505424,-6.1360335,True
2021-11-06 19:30:00,-19.27,92,-35,-20.98,-18.332335,-36.25432,-6.8648067,True,-25.8,-17.475674,-35.975548,-5.8879857,True
2021-11-06 19:35:00,-19.96,92,-35,-20.61,-19.394304,-36.417248,-8.012896,True,-25.86,-18.908545,-36.366596,-7.3790126,True
2021-11-06 19:40:00,-20.23,92,-35,-21.08,-20.282164,-37.250202,-8.693458,True,-24.98,-20.411524,-37.611294,-8.636352,True
2021-11-06 19:45:00,-20.4,92,-35,-21.32,-21.106316,-38.252323,-9.267367,True,-24.97,-21.8787,-39.04586,-9.811999,True
2021-11-06 19:50:00,-19.81,92,-35,-21.3,-20.95908,-38.554504,-8.949813,True,-24.19,-22.16501,-39.62792,-9.904128,True
2021-11-06 19:55:00,-20.97,92,-35,-22.51,-22.455465,-39.840076,-10.272046,True,-23.43,-23.9801,-41.12834,-11.527031,True
2021-11-06 20:00:00,-21.6,92,-37,-23.34,-23.253395,-40.510036,-10.975768,True,-23.88,-24.936848,-41.903023,-12.385535,True
2021-11-06 20:05:00,-22.16,92,-38,-23.81,-23.849714,-41.17689,-11.44259,True,-23.72,-25.565966,-42.58599,-12.890796,True
2021-11-06 20:10:00,-21.95,92,-37,-24.39,-23.457668,-40.96837,-11.067682,True,-23.71,-25.003326,-42.24561,-12.371041,True
2021-11-06 20:15:00,-21.74,92,-37,-25.32,-22.877573,-40.37733,-10.62505,True,-23.48,-24.073286,-41.405796,-11.618025,True
2021-11-06 20:20:00,-21.52,92,-37,-26.59,-22.088346,-39.15965,-10.211872,True,-23.4,-22.734968,-39.801872,-10.712967,True
2021-11-06 20:25:00,-21.47,92,-37,-26.03,-21.719475,-39.415173,-9.746417,True,-24.21,-22.059832,-39.834293,-9.978805,True
2021-11-06 20:30:00,-20.98,92,-37,-25.8,-20.74802,-39.323963,-8.770441,True,-24.37,-20.622189,-39.415222,-8.590885,True
2021-11-06 20:35:00,-20.61,92,-37,-25.86,-19.799194,-40.132416,-7.540899,True,-24.75,-19.115185,-39.849632,-6.8744245,True
2021-11-06 20:40:00,-21.08,92,-36,-24.98,-20.178,-40.032906,-8.065294,True,-23.63,-19.40064,-39.67277,-7.321386,True
2021-11-06 20:45:00,-21.32,92,-36,-24.97,-20.918447,-41.100266,-8.604041,True,-23.28,-20.642569,-41.06769,-8.325124,True
2021-11-06 20:50:00,-21.3,92,-35,-24.19,-21.067799,-41.06717,-8.780619,True,-21.78,-20.95763,-41.13403,-8.660455,True
2021-11-06 20:55:00,-22.51,92,-35,-23.43,-22.401978,-42.24528,-9.8585005,True,-21.09,-22.409174,-42.37631,-9.852878,True
2021-11-06 21:00:00,-23.34,92,-35,-23.88,-22.802723,-42.86913,-10.153686,True,-20.82,-22.389057,-42.70045,-9.778702,True
2021-11-06 21:05:00,-23.81,92,-34,-23.72,-22.40571,-42.38674,-9.874105,True,-20.74,-21.136036,-41.611565,-8.738112,True
2021-11-06 21:10:00,-24.39,92,-34,-23.71,-22.463472,-41.67109,-10.267337,True,-21.72,-20.667307,-40.494106,-8.659785,True
2021-11-06 21:15:00,-25.32,92,-35,-23.48,-23.418596,-41.62396,-11.545792,True,-23.06,-21.643913,-40.420246,-9.956469,True
2021-11-06 21:20:00,-26.59,92,-35,-23.4,-25.253313,-42.610294,-13.497233,True,-24.84,-24.03509,-41.77854,-12.414725,True
2021-11-06 21:25:00,-26.03,92,-34,-24.21,-25.317627,-42.21763,-13.719499,True,-25.43,-24.71236,-41.827023,-13.203112,True
2021-11-06 21:30:00,-25.8,92,-34,-24.37,-25.537851,-42.32491,-13.920991,True,-26.34,-25.374857,-42.25092,-13.818816,True
2021-11-06 21:35:00,-25.86,92,-34,-24.75,-26.137564,-42.395058,-14.583261,True,-27.22,-26.495123,-42.695526,-14.967456,True
2021-11-06 21:40:00,-24.98,92,-34,-23.63,-25.702484,-41.538864,-14.353164,True,-28.03,-26.490438,-42.14919,-15.144151,True
2021-11-06 21:45:00,-24.97,92,-34,-23.28,-25.712574,-41.218536,-14.518547,True,-28.67,-26.518393,-41.83729,-15.336421,True
2021-11-06 21:50:00,-24.19,92,-33,-21.78,-24.191244,-39.99783,-13.277699,True,-29.2,-24.287647,-40.077694,-13.457324,True
2021-11-06 21:55:00,-23.43,92,-33,-21.09,-22.36463,-38.543713,-11.794623,True,-29.77,-21.415403,-37.83569,-11.027784,True
2021-11-06 22:00:00,-23.88,92,-33,-20.82,-22.267637,-38.19698,-11.957602,True,-31.2,-20.76915,-37.055405,-10.697194,True
2021-11-06 22:05:00,-23.72,92,-33,-20.74,-21.902817,-37.920914,-11.689143,True,-30.61,-20.20216,-36.61815,-10.255439,True
2021-11-06 22:10:00,-23.71,92,-32,-21.72,-21.936588,-37.657906,-11.800279,True,-30.81,-20.282118,-36.37574,-10.418517,True
2021-11-06 22:15:00,-23.48,92,-32,-23.06,-21.925753,-37.631313,-11.756788,True,-30.25,-20.49814,-36.51614,-10.592764,True
2021-11-06 22:20:00,-23.4,92,-31,-24.84,-22.087574,-37.769203,-11.845275,True,-30.9,-20.90654,-36.831406,-10.917685,True
2021-11-06 22:25:00,-24.21,92,-31,-25.43,-23.179949,-38.723507,-12.749291,True,-31.19,-22.278713,-37.98066,-12.087806,True
2021-11-06 22:30:00,-24.37,92,-31,-26.34,-23.659502,-39.3789,-13.000643,True,-29.66,-23.076136,-38.86767,-12.638524,True
2021-11-06 22:35:00,-24.75,92,-31,-27.22,-24.209055,-40.029926,-13.336649,True,-19.27,-23.793158,-39.63251,-13.135868,True
2021-11-06 22:40:00,-23.63,92,-30,-28.03,-23.209404,-39.22559,-12.34895,True,-22.36,-22.921093,-38.917522,-12.276404,True
2021-11-06 22:45:00,-23.28,92,-29,-28.67,-22.978544,-38.800133,-12.142772,True,-17.73,-22.808712,-38.572662,-12.186934,True
2021-11-06 22:50:00,-21.78,92,-27,-29.2,-21.359243,-37.045696,-10.717982,True,-17.16,-21.083792,-36.733814,-10.679839,True
2021-11-06 22:55:00,-21.09,92,-25,-29.77,-20.44507,-35.714127,-10.017595,True,-17.28,-19.957155,-35.236496,-9.798998,True
2021-11-06 23:00:00,-20.82,92,-25,-31.2,-20.106764,-35.202866,-9.865364,True,-17.48,-19.554518,-34.668293,-9.596613,True
2021-11-06 23:05:00,-20.74,92,-25,-30.61,-19.87501,-35.154865,-9.709988,True,-15.78,-19.178288,-34.503147,-9.316068,True
2021-11-06 23:10:00,-21.72,92,-25,-30.81,-20.29764,-35.6925,-10.147529,True,-9.15,-19.056993,-34.613766,-9.262177,False
2021-11-06 23:15:00,-23.06,92,-25,-30.25,-21.867207,-36.41424,-11.840218,True,-15.39,-20.841114,-35.47365,-11.157397,True
2021-11-06 23:20:00,-24.84,92,-26,-30.9,-23.69899,-37.841003,-13.634158,True,-15.81,-22.71329,-36.906723,-12.9938,True
2021-11-06 23:25:00,-25.43,92,-26,-31.19,-24.265707,-38.143055,-14.283317,True,-18.75,-23.255299,-37.17365,-13.628002,True
2021-11-06 23:30:00,-26.34,92,-26,-29.66,-25.114838,-38.397507,-15.273823,True,-19.77,-24.041698,-37.359715,-14.570016,True
2021-11-06 23:35:00,-27.22,92,-26,-19.27,-25.707739,-38.709946,-16.061014,True,-23.69,-24.354782,-37.42789,-15.106636,True
2021-11-06 23:40:00,-28.03,92,-26,-22.36,-26.630442,-39.22722,-17.18219,True,-30.52,-25.378307,-38.011105,-16.328434,True
2021-11-06 23:45:00,-28.67,92,-26,-17.73,-27.372849,-40.46784,-17.858921,False,-28.66,-26.219788,-39.32053,-17.107815,True
2021-11-06 23:50:00,-29.2,92,-26,-17.16,-27.38301,-41.57213,-17.692225,False,-26.22,-25.726786,-40.000584,-16.495453,True
2021-11-06 23:55:00,-29.77,92,-25,-17.28,-28.15918,-41.71934,-18.804155,False,-27.62,-26.696333,-40.29014,-17.785944,True
2021-11-07 00:00:00,-31.2,92,-26,-17.48,-29.725288,-42.57051,-20.522121,False,-28.66,-28.376041,-41.20853,-19.610884,True
2021-11-07 00:05:00,-30.61,92,-26,-15.78,-28.98991,-41.40406,-20.110987,False,-27.55,-27.502928,-39.916622,-19.08022,True
2021-11-07 00:10:00,-30.81,92,-25,-9.15,-29.210442,-41.372524,-20.51927,False,-19.42,-27.741705,-39.88802,-19.509253,False
2021-11-07 00:15:00,-30.25,92,-25,-15.39,-28.790733,-40.553204,-20.428732,False,-26.37,-27.459066,-39.179867,-19.547806,True
2021-11-07 00:20:00,-30.9,92,-24,-15.81,-29.405876,-41.07086,-21.080433,False,-27.33,-28.038006,-39.651577,-20.170946,True
2021-11-07 00:25:00,-31.19,92,-24,-18.75,-28.933887,-41.21817,-20.565044,False,-28.89,-26.835718,-39.156906,-18.995562,True
2021-11-07 00:30:00,-29.66,92,-22,-19.77,-27.04526,-40.032547,-18.897955,True,-28.6,-24.611506,-37.7014,-17.032803,True
2021-11-07 00:35:00,-19.27,92,-11,-23.69,-16.325968,-31.62063,-8.924541,True,-27.87,-13.635128,-29.268766,-6.850386,True
2021-11-07 00:40:00,-22.36,92,-9,-30.52,-19.9271,-34.687485,-12.204372,True,-27.68,-17.717497,-32.654625,-10.570858,True
2021-11-07 00:45:00,-17.73,92,-7,-28.66,-15.865177,-31.325157,-8.489956,True,-27.61,-14.243536,-29.803799,-7.4030957,True
2021-11-07 00:50:00,-17.16,92,-4,-26.22,-15.771405,-31.509186,-8.30508,True,-27.37,-14.619216,-30.335398,-7.651525,True
2021-11-07 00:55:00,-17.28,92,-4,-27.62,-16.19263,-32.431656,-8.3930435,True,-26.32,-15.333392,-31.458881,-8.010381,True
2021-11-07 01:00:00,-17.48,92,-5,-28.66,-16.562483,-32.608078,-8.647216,True,-26.01,-15.862231,-31.739687,-8.41109,True
2021-11-07 01:05:00,-15.78,92,-4,-27.55,-14.963274,-30.389723,-7.411443,True,-26.0,-14.361558,-29.602478,-7.264149,True
2021-11-07 01:10:00,-9.15,92,4,-19.42,-8.575125,-25.26787,-1.4956936,True,-25.96,-8.250453,-24.692404,-1.608992,False
2021-11-07 01:15:00,-15.39,92,2,-26.37,-15.212113,-29.752245,-7.6959577,True,-25.75,-15.211876,-29.39816,-8.098435,True
2021-11-07 01:20:00,-15.81,92,-3,-27.33,-15.775517,-30.314808,-8.077322,True,-24.77,-15.904165,-30.043657,-8.595761,True
2021-11-07 01:25:00,-18.75,92,-4,-28.89,-18.755209,-32.678345,-10.797806,True,-24.83,-18.894865,-32.414482,-11.318741,True
2021-11-07 01:30:00,-19.77,92,-9,-28.6,-19.677374,-33.374744,-11.707312,True,-24.41,-19.715395,-33.028267,-12.134615,True
2021-11-07 01:35:00,-23.69,92,-9,-27.87,-23.50803,-36.29199,-15.358258,True,-24.37,-23.432484,-35.857178,-15.679322,True
2021-11-07 01:40:00,-30.52,92,-20,-27.68,-29.82777,-41.685608,-21.318521,True,-23.8,-29.23584,-40.820084,-21.162199,True
2021-11-07 01:45:00,-28.66,92,-23,-27.61,-27.871063,-40.004974,-19.674585,True,-23.53,-27.19869,-39.072533,-19.449223,True
2021-11-07 01:50:00,-26.22,92,-21,-27.37,-25.31213,-37.563576,-17.621529,True,-23.39,-24.538559,-36.55422,-17.30889,True
2021-11-07 01:55:00,-27.62,92,-23,-26.32,-26.705662,-38.42306,-19.263294,True,-24.98,-25.915236,-37.399796,-18.933023,True
2021-11-07 02:00:00,-28.66,92,-25,-26.01,-27.8522,-39.398544,-20.473398,True,-26.77,-27.149809,-38.44095,-20.225847,True
2021-11-07 02:05:00,-27.55,92,-25,-26.0,-26.75709,-38.193466,-19.642538,True,-27.14,-26.07108,-37.248623,-19.416063,True
2021-11-07 02:10:00,-19.42,92,-15,-25.96,-18.617561,-31.270575,-12.224792,True,-27.11,-17.966774,-30.37831,-12.029432,True
2021-11-07 02:15:00,-26.37,92,-14,-25.75,-25.42285,-37.00409,-18.525537,True,-26.54,-24.59624,-35.94016,-18.16653,True
2021-11-07 02:20:00,-27.33,92,-25,-24.77,-26.364395,-37.687984,-19.452353,True,-26.19,-25.513273,-36.60064,-19.066767,True
2021-11-07 02:25:00,-28.89,92,-26,-24.83,-27.931168,-38.99878,-20.900537,True,-26.17,-27.078333,-37.897476,-20.516214,True
2021-11-07 02:30:00,-28.6,92,-27,-24.41,-27.656622,-38.697735,-20.632278,True,-26.11,-26.818592,-37.606213,-20.26021,True
2021-11-07 02:35:00,-27.87,92,-26,-24.37,-26.960613,-37.877327,-20.09058,True,-25.26,-26.154835,-36.818073,-19.742252,True
2021-11-07 02:40:00,-27.68,92,-25,-23.8,-26.88191,-37.623726,-20.098417,True,-25.0,-26.17796,-36.647022,-19.845446,True
2021-11-07 02:45:00,-27.61,92,-25,-23.53,-26.910791,-37.49103,-20.194996,True,-25.03,-26.295689,-36.588837,-20.021852,True
2021-11-07 02:50:00,-27.37,92,-24,-23.39,-26.793003,-37.276985,-20.123842,True,-24.69,-26.289345,-36.471813,-20.046646,True
2021-11-07 02:55:00,-26.32,92,-22,-24.98,-25.948278,-36.24795,-19.464087,True,-24.64,-25.635523,-35.604156,-19.564726,True
2021-11-07 03:00:00,-26.01,92,-21,-26.77,-25.715345,-35.925697,-19.320063,True,-24.59,-25.472507,-35.33992,-19.483845,True
2021-11-07 03:05:00,-26.0,92,-22,-27.14,-25.721586,-35.860435,-19.392288,True,-24.44,-25.489248,-35.285946,-19.55988,True
2021-11-07 03:10:00,-25.96,92,-21,-27.11,-25.719189,-35.64958,-19.50113,True,-23.93,-25.518139,-35.10079,-19.699562,True
2021-11-07 03:15:00,-25.75,92,-21,-26.54,-25.413342,-35.224365,-19.35914,True,-23.73,-25.122429,-34.602657,-19.474508,True
2021-11-07 03:20:00,-24.77,92,-19,-26.19,-24.162117,-33.956806,-18.454342,True,-23.42,-23.624311,-33.129097,-18.347485,True
2021-11-07 03:25:00,-24.83,92,-19,-26.17,-24.073837,-33.493916,-18.824638,True,-23.23,-23.39711,-32.55898,-18.589806,True
2021-11-07 03:30:00,-24.41,92,-19,-26.11,-23.597713,-32.964397,-18.65761,True,-23.32,-22.866875,-31.98959,-18.367556,True
2021-11-07 03:35:00,-24.37,92,-18,-25.26,-23.360027,-32.891453,-18.517776,True,-23.38,-22.443056,-31.751032,-18.05774,True
2021-11-07 03:40:00,-23.8,92,-18,-25.0,-22.805943,-32.491814,-17.994154,True,-23.37,-21.901018,-31.359009,-17.542612,True
2021-11-07 03:45:00,-23.53,92,-17,-25.03,-22.447977,-32.148823,-17.734121,True,-23.29,-21.45752,-30.943035,-17.201555,True
2021-11-07 03:50:00,-23.39,92,-17,-24.69,-22.323917,-31.892935,-17.680458,True,-22.9,-21.344833,-30.697908,-17.155619,True
2021-11-07 03:55:00,-24.98,92,-18,-24.64,-23.828094,-33.236423,-19.062464,True,-22.48,-22.763233,-31.961483,-18.45525,True
2021-11-07 04:00:00,-26.77,92,-21,-24.59,-25.41466,-34.81037,-20.430384,True,-22.33,-24.15595,-33.357544,-19.643337,True
2021-11-07 04:05:00,-27.14,92,-23,-24.44,-25.821012,-35.09911,-20.773075,True,-21.99,-24.591913,-33.666817,-20.013378,True
2021-11-07 04:10:00,-27.11,92,-24,-23.93,-25.851233,-35.14505,-20.723639,True,-22.1,-24.674568,-33.75726,-20.007605,True
2021-11-07 04:15:00,-26.54,92,-24,-23.73,-25.353252,-34.636444,-20.286743,True,-22.09,-24.239319,-33.30975,-19.621355,True
2021-11-07 04:20:00,-26.19,92,-23,-23.42,-24.901485,-34.631783,-19.566536,True,-22.28,-23.691854,-33.216846,-18.809303,True
2021-11-07 04:25:00,-26.17,92,-23,-23.23,-24.89443,-34.59056,-19.523623,True,-21.98,-23.694086,-33.18543,-18.770947,True
2021-11-07 04:30:00,-26.11,92,-24,-23.32,-24.608963,-34.482838,-19.19695,True,-22.19,-23.201324,-32.902657,-18.25233,True
2021-11-07 04:35:00,-25.26,92,-23,-23.38,-24.024597,-33.56037,-18.84627,True,-21.71,-22.855942,-32.193867,-18.11477,True
2021-11-07 04:40:00,-25.0,92,-23,-23.37,-23.848171,-33.384453,-18.700672,True,-21.78,-22.748894,-32.077026,-18.029062,True
2021-11-07 04:45:00,-25.03,92,-23,-23.29,-24.15396,-33.25898,-19.112925,True,-21.46,-23.301126,-32.170536,-18.659958,True
2021-11-07 04:50:00,-24.69,92,-23,-22.9,-24.129421,-32.935844,-19.146055,True,-21.36,-23.558662,-32.089363,-18.949661,True
2021-11-07 04:55:00,-24.64,92,-23,-22.48,-24.287464,-32.74651,-19.372583,True,-21.95,-23.901157,-32.06818,-19.338707,True
2021-11-07 05:00:00,-24.59,92,-23,-22.33,-24.45754,-32.35213,-19.856966,True,-22.33,-24.26463,-31.855097,-20.001427,True
2021-11-07 05:05:00,-24.44,92,-23,-21.99,-24.293945,-31.76581,-20.101786,True,-22.59,-24.085432,-31.27706,-20.229454,True
2021-11-07 05:10:00,-23.93,92,-23,-22.1,-23.749926,-31.18142,-19.830093,True,-22.79,-23.50711,-30.670084,-19.922462,True
2021-11-07 05:15:00,-23.73,92,-23,-22.09,-23.357725,-31.145378,-19.359192,True,-23.1,-22.937778,-30.475113,-19.2805,True
2021-11-07 05:20:00,-23.42,92,-23,-22.28,-22.945133,-31.057823,-18.785215,True,-23.01,-22.428717,-30.301275,-18.608019,True
2021-11-07 05:25:00,-23.23,92,-23,-21.98,-22.806932,-31.153564,-18.346457,True,-22.86,-22.332232,-30.424458,-18.199484,True
2021-11-07 05:30:00,-23.32,92,-23,-22.19,-22.672237,-31.565825,-17.84468,True,-23.19,-21.988651,-30.650026,-17.4998,True
2021-11-07 05:35:00,-23.38,92,-23,-21.71,-22.542599,-31.570343,-17.555729,True,-23.09,-21.68249,-30.510311,-17.04233,True
2021-11-07 05:40:00,-23.37,92,-23,-21.78,-22.728653,-31.336466,-17.797874,True,-22.75,-22.043247,-30.43535,-17.43768,True
2021-11-07 05:45:00,-23.29,92,-24,-21.46,-22.556414,-30.823896,-17.89184,True,-23.07,-21.782326,-29.859592,-17.451643,True
2021-11-07 05:50:00,-22.9,92,-23,-21.36,-22.403202,-30.29772,-17.849632,True,-23.57,-21.841122,-29.525906,-17.596779,True
2021-11-07 05:55:00,-22.48,92,-23,-21.95,-22.030025,-30.356583,-17.198753,True,-23.9,-21.505388,-29.606668,-16.972229,True
2021-11-07 06:00:00,-22.33,92,-22,-22.33,-21.913374,-30.335869,-17.091333,True,-24.0,-21.41556,-29.611761,-16.881483,True
2021-11-07 06:05:00,-21.99,92,-22,-22.59,-21.290176,-29.877106,-16.575485,True,-24.16,-20.530956,-28.940712,-16.122692,True
2021-11-07 06:10:00,-22.1,92,-22,-22.79,-21.347448,-29.622488,-16.890581,True,-24.31,-20.538366,-28.65877,-16.386333,True
2021-11-07 06:15:00,-22.09,92,-22,-23.1,-21.044165,-29.316023,-16.81865,True,-24.5,-19.963566,-28.133955,-16.062943,True
2021-11-07 06:20:00,-22.28,92,-22,-23.01,-21.04891,-29.183634,-17.011784,True,-24.75,-19.795586,-27.864378,-16.094131,True
2021-11-07 06:25:00,-21.98,92,-22,-22.86,-21.08692,-28.961931,-17.109354,True,-24.89,-20.140121,-27.908583,-16.464857,True
2021-11-07 06:30:00,-22.19,92,-23,-23.19,-21.635687,-29.41047,-17.447454,True,-25.26,-20.993319,-28.611574,-17.076838,True
2021-11-07 06:35:00,-21.71,92,-22,-23.09,-21.59962,-29.247847,-17.270334,True,-25.43,-21.35466,-28.77919,-17.257767,True
2021-11-07 06:40:00,-21.78,92,-22,-22.75,-22.007599,-29.4562,-17.545301,True,-25.6,-22.063156,-29.238623,-17.802933,True
2021-11-07 06:45:00,-21.46,92,-22,-23.07,-21.815113,-29.05715,-17.509192,True,-25.63,-21.98448,-28.946308,-17.866455,True
2021-11-07 06:50:00,-21.36,92,-22,-23.57,-21.064016,-28.67154,-16.883013,True,-25.37,-20.642893,-28.077196,-16.693163,True
2021-11-07 06:55:00,-21.95,92,-22,-23.9,-21.82753,-28.772846,-18.054752,True,-24.96,-21.563799,-28.327986,-18.01068,True
2021-11-07 07:00:00,-22.33,92,-23,-24.0,-22.136444,-28.826036,-18.559772,True,-24.72,-21.80606,-28.338158,-18.454514,True
2021-11-07 07:05:00,-22.59,92,-24,-24.16,-22.34664,-28.90812,-18.859848,True,-24.75,-21.970194,-28.391712,-18.708693,True
2021-11-07 07:10:00,-22.79,92,-24,-24.31,-22.480944,-29.08399,-19.051601,True,-24.99,-22.04286,-28.518763,-18.83888,True
2021-11-07 07:15:00,-23.1,92,-25,-24.5,-22.893366,-29.445372,-19.31647,True,-25.2,-22.546484,-28.961117,-19.18242,True
2021-11-07 07:20:00,-23.01,92,-25,-24.75,-22.895933,-29.535881,-19.09746,True,-25.53,-22.629799,-29.119772,-19.030834,True
2021-11-07 07:25:00,-22.86,92,-25,-24.89,-22.7935,-29.367579,-18.956049,True,-25.64,-22.56874,-28.992432,-18.922783,True
2021-11-07 07:30:00,-23.19,92,-26,-25.26,-22.990181,-29.444899,-19.203423,True,-25.53,-22.644901,-28.97906,-19.056263,True
2021-11-07 07:35:00,-23.09,92,-26,-25.43,-22.732992,-29.152431,-19.109869,True,-25.24,-22.244432,-28.574654,-18.827967,True
2021-11-07 07:40:00,-22.75,92,-25,-25.6,-22.17071,-28.657478,-18.63302,True,-25.09,-21.475906,-27.911083,-18.158533,True
2021-11-07 07:45:00,-23.07,92,-25,-25.63,-22.355532,-28.736973,-18.84007,True,-25.14,-21.537413,-27.89399,-18.247614,True
2021-11-07 07:50:00,-23.57,92,-26,-25.37,-22.710577,-29.136988,-19.042707,True,-25.25,-21.758455,-28.18315,-18.320908,True
2021-11-07 07:55:00,-23.9,92,-26,-24.96,-23.04995,-29.295406,-19.358028,True,-25.26,-22.106794,-28.356968,-18.639616,True
2021-11-07 08:00:00,-24.0,92,-27,-24.72,-23.199987,-29.20577,-19.605602,True,-25.08,-22.30319,-28.317282,-18.924404,True
2021-11-07 08:05:00,-24.16,92,-27,-24.75,-23.292498,-29.254974,-19.796135,True,-24.65,-22.334911,-28.321556,-19.054716,True
2021-11-07 08:10:00,-24.31,92,-27,-24.99,-23.357422,-29.245003,-20.039421,True,-24.72,-22.32191,-28.251669,-19.223812,True
2021-11-07 08:15:00,-24.5,92,-28,-25.2,-23.451809,-29.19369,-20.39182,True,-24.85,-22.332401,-28.136477,-19.495697,True
2021-11-07 08:20:00,-24.75,92,-28,-25.53,-23.54968,-29.136936,-20.869251,True,-24.88,-22.293846,-27.968294,-19.844439,True
2021-11-07 08:25:00,-24.89,92,-29,-25.64,-23.516289,-29.130083,-21.282766,True,-24.96,-22.100876,-27.825457,-20.104952,True
2021-11-07 08:30:00,-25.26,92,-29,-25.53,-23.810486,-29.374474,-21.843878,True,-24.98,-22.323002,-28.011362,-20.594145,True
2021-11-07 08:35:00,-25.43,92,-29,-25.24,-23.856499,-29.518766,-22.014738,True,-24.96,-22.247381,-28.053307,-20.646252,True
2021-11-07 08:40:00,-25.6,92,-30,-25.09,-23.918087,-29.647238,-22.195349,True,-24.58,-22.206028,-28.096802,-20.72388,True
2021-11-07 08:45:00,-25.63,92,-31,-25.14,-23.95137,-29.710691,-22.19863,True,-24.22,-22.237558,-28.167315,-20.720009,True
2021-11-07 08:50:00,-25.37,92,-31,-25.25,-23.79944,-29.667923,-21.866262,True,-24.25,-22.179352,-28.218426,-20.467983,True
2021-11-07 08:55:00,-24.96,92,-31,-25.26,-23.466433,-29.312958,-21.502863,True,-23.97,-21.914923,-27.934626,-20.158958,True
2021-11-07 09:00:00,-24.72,92,-30,-25.08,-23.270828,-29.048958,-21.377502,True,-23.21,-21.75773,-27.714638,-20.059519,True
2021-11-07 09:05:00,-24.75,92,-31,-24.65,-23.246939,-29.09359,-21.401297,True,-23.15,-21.68122,-27.720695,-20.028416,True
2021-11-07 09:10:00,-24.99,92,-31,-24.72,-23.371157,-29.271807,-21.552492,True,-23.67,-21.69657,-27.811089,-20.071543,True
2021-11-07 09:15:00,-25.2,92,-31,-24.85,-23.538237,-29.427668,-21.794872,True,-23.57,-21.824383,-27.937857,-20.27176,True
2021-11-07 09:20:00,-25.53,92,-31,-24.88,-23.699959,-29.626104,-22.032732,True,-23.77,-21.827955,-28.00271,-20.355461,True
2021-11-07 09:25:00,-25.64,92,-32,-24.96,-23.855059,-29.637457,-22.459581,True,-23.89,-22.026028,-28.054817,-20.813095,True
2021-11-07 09:30:00,-25.53,92,-32,-24.98,-23.785162,-29.521381,-22.577528,True,-24.02,-21.9945,-27.978859,-20.95737,True
2021-11-07 09:35:00,-25.24,92,-32,-24.96,-23.472527,-29.23071,-22.411413,True,-24.05,-21.660713,-27.675724,-20.762852,True
2021-11-07 09:40:00,-25.09,92,-32,-24.58,-23.361021,-29.081863,-22.396803,True,-24.0,-21.585457,-27.565622,-20.77296,True
2021-11-07 09:45:00,-25.14,92,-32,-24.22,-23.394804,-29.136148,-22.393753,True,-23.64,-21.604315,-27.61521,-20.747215,True
2021-11-07 09:50:00,-25.25,92,-32,-24.25,-23.46024,-29.230778,-22.42122,True,-23.5,-21.627329,-27.67988,-20.726002,True
2021-11-07 09:55:00,-25.26,92,-32,-23.97,-23.483099,-29.254147,-22.41432,True,-23.52,-21.663477,-27.72271,-20.722858,True
2021-11-07 10:00:00,-25.08,92,-32,-23.21,-23.408674,-29.086895,-22.303755,True,-23.47,-21.691849,-27.655035,-20.696663,True
2021-11-07 10:05:00,-24.65,92,-31,-23.15,-22.886473,-28.678888,-21.803532,True,-23.25,-21.07704,-27.176443,-20.09955,True
2021-11-07 10:10:00,-24.72,92,-31,-23.67,-22.884148,-28.76658,-21.71256,True,-23.15,-21.004976,-27.214123,-19.933308,True
2021-11-07 10:15:00,-24.85,92,-31,-23.57,-22.903265,-28.986143,-21.393974,True,-23.03,-20.916887,-27.355532,-19.509491,True
2021-11-07 10:20:00,-24.88,92,-31,-23.77,-22.895016,-29.32626,-20.848951,True,-22.83,-20.867102,-27.686357,-18.921797,True
2021-11-07 10:25:00,-24.96,92,-32,-23.89,-23.02134,-29.5878,-20.736652,True,-23.11,-21.03805,-28.00324,-18.843342,True
2021-11-07 10:30:00,-24.98,92,-32,-24.02,-22.535147,-29.569763,-20.166084,True,-23.22,-20.048075,-27.575167,-17.801601,True
2021-11-07 10:35:00,-24.96,92,-32,-24.05,-22.51994,-29.21275,-20.712187,True,-23.3,-20.040691,-27.204237,-18.336432,True
2021-11-07 10:40:00,-24.58,92,-32,-24.0,-22.415373,-28.703865,-21.084671,True,-23.02,-20.211325,-26.920715,-18.944971,True
2021-11-07 10:45:00,-24.22,92,-31,-23.64,-22.170074,-28.355835,-20.856152,True,-22.6,-20.080208,-26.678682,-18.810204,True
2021-11-07 10:50:00,-24.25,92,-31,-23.5,-22.327938,-28.459015,-20.803104,True,-22.29,-20.367075,-26.902706,-18.86986,True
2021-11-07 10:55:00,-23.97,92,-30,-23.52,-22.293627,-28.319876,-20.623497,True,-22.25,-20.577084,-26.985106,-18.906778,True
2021-11-07 11:00:00,-23.21,92,-29,-23.47,-21.759684,-27.79829,-19.845911,True,-22.02,-20.263536,-26.66954,-18.325027,True
2021-11-07 11:05:00,-23.15,92,-29,-23.25,-21.908398,-27.961037,-19.614687,True,-21.82,-20.620089,-27.02563,-18.279293,True
2021-11-07 11:10:00,-23.67,92,-30,-23.15,-22.49213,-28.58548,-19.850624,True,-21.62,-21.273958,-27.71867,-18.57534,True
2021-11-07 11:15:00,-23.57,92,-30,-23.03,-22.303463,-28.41178,-19.75556,True,-20.77,-20.998814,-27.477097,-18.385836,True
2021-11-07 11:20:00,-23.77,92,-29,-22.83,-22.244133,-28.37596,-19.925076,True,-20.36,-20.685799,-27.221035,-18.306412,True
2021-11-07 11:25:00,-23.89,92,-30,-23.11,-22.349098,-28.297174,-20.44338,True,-20.16,-20.777218,-27.118841,-18.795298,True
2021-11-07 11:30:00,-24.02,92,-30,-23.22,-22.46776,-28.346449,-20.721867,True,-20.03,-20.888863,-27.156723,-19.056097,True
2021-11-07 11:35:00,-24.05,92,-30,-23.3,-22.322412,-28.363642,-20.51777,True,-19.66,-20.568264,-27.028288,-18.67924,True
2021-11-07 11:40:00,-24.0,92,-30,-23.02,-22.135735,-28.162573,-20.490685,True,-19.56,-20.244675,-26.70458,-18.50729,True
2021-11-07 11:45:00,-23.64,92,-29,-22.6,-21.826494,-27.874964,-20.208971,True,-19.66,-19.979103,-26.465647,-18.254234,True
2021-11-07 11:50:00,-23.5,92,-29,-22.29,-21.720564,-27.872133,-20.04713,True,-19.91,-19.90525,-26.504568,-18.114199,True
2021-11-07 11:55:00,-23.52,92,-29,-22.25,-21.715754,-27.916523,-20.003517,True,-20.23,-19.876858,-26.533861,-18.040289,True
2021-11-07 12:00:00,-23.47,92,-29,-22.02,-21.626764,-27.974245,-19.827778,True,-20.35,-19.744339,-26.571905,-17.812508,True
2021-11-07 12:05:00,-23.25,92,-28,-21.82,-21.326824,-27.869534,-19.467817,True,-20.37,-19.36115,-26.408216,-17.36887,True
2021-11-07 12:10:00,-23.15,92,-29,-21.62,-21.243767,-27.847696,-19.365788,True,-20.38,-19.295235,-26.40724,-17.273756,True
2021-11-07 12:15:00,-23.03,92,-28,-20.77,-21.018993,-27.800297,-19.060934,True,-20.35,-18.960285,-26.282011,-16.859201,True
2021-11-07 12:20:00,-22.83,92,-27,-20.36,-20.779844,-27.61602,-18.824995,True,-20.44,-18.6765,-26.067429,-16.56852,True
2021-11-07 12:25:00,-23.11,92,-27,-20.16,-21.01952,-27.907782,-18.99193,True,-20.33,-18.875746,-26.328644,-16.690884,True
2021-11-07 12:30:00,-23.22,92,-28,-20.03,-21.086151,-28.010448,-19.085812,True,-20.11,-18.893614,-26.390911,-16.727583,True
2021-11-07 12:35:00,-23.3,92,-28,-19.66,-21.156694,-28.068407,-19.241385,True,-19.73,-18.954659,-26.431767,-16.862066,True
2021-11-07 12:40:00,-23.02,92,-27,-19.56,-20.742191,-27.78307,-18.831339,True,-19.54,-18.393686,-26.028088,-16.303738,True
2021-11-07 12:45:00,-22.6,92,-27,-19.66,-20.271942,-27.434528,-18.345007,True,-19.34,-17.864496,-25.642136,-15.750279,True
2021-11-07 12:50:00,-22.29,92,-26,-19.91,-19.914099,-27.184324,-17.90034,True,-19.59,-17.452147,-25.359713,-15.243085,True
2021-11-07 12:55:00,-22.25,92,-26,-20.23,-19.78263,-27.085197,-17.74813,True,-20.07,-17.22227,-25.172913,-14.988437,True
2021-11-07 13:00:00,-22.02,92,-26,-20.35,-19.643988,-26.811972,-17.72612,True,-20.21,-17.171144,-24.97122,-15.033881,True
2021-11-07 13:05:00,-21.82,92,-26,-20.37,-19.512697,-26.809551,-17.43156,True,-20.42,-17.107225,-25.054268,-14.798701,True
2021-11-07 13:10:00,-21.62,92,-26,-20.38,-19.172132,-26.769186,-16.987173,True,-20.49,-16.613214,-24.915562,-14.206973,True
2021-11-07 13:15:00,-20.77,92,-25,-20.35,-18.280148,-26.048553,-16.127594,True,-20.2,-15.665072,-24.164894,-13.286628,True
2021-11-07 13:20:00,-20.36,92,-25,-20.44,-17.860561,-25.763847,-15.663773,True,-20.11,-15.22799,-23.88402,-12.797886,True
2021-11-07 13:25:00,-20.16,92,-25,-20.33,-17.837204,-25.654886,-15.577781,True,-19.65,-15.39052,-23.923267,-12.876011,True
2021-11-07 13:30:00,-20.03,92,-25,-20.11,-17.666847,-25.550348,-15.314271,True,-19.59,-15.175004,-23.792072,-12.565116,True
2021-11-07 13:35:00,-19.66,92,-25,-19.73,-17.325663,-25.361496,-14.851456,True,-19.5,-14.859061,-23.643381,-12.119243,True
2021-11-07 13:40:00,-19.56,92,-24,-19.54,-17.365137,-25.491419,-14.654413,True,-19.19,-15.048332,-23.915066,-12.059087,True
2021-11-07 13:45:00,-19.66,92,-25,-19.34,-17.392298,-26.02296,-14.316616,True,-18.96,-14.995942,-24.433863,-11.659505,True
2021-11-07 13:50:00,-19.91,92,-24,-19.59,-17.735289,-26.553448,-14.421295,True,-19.17,-15.44074,-25.057459,-11.861042,True
2021-11-07 13:55:00,-20.23,92,-25,-20.07,-18.06002,-26.757889,-14.681222,True,-19.2,-15.772381,-25.25823,-12.1173115,True
2021-11-07 14:00:00,-20.35,92,-25,-20.21,-18.111893,-26.73539,-14.758803,True,-18.98,-15.750319,-25.167692,-12.112243,True
2021-11-07 14:05:00,-20.37,92,-25,-20.42,-18.042593,-26.57514,-14.7700815,True,-19.42,-15.580169,-24.915525,-12.013436,True
2021-11-07 14:10:00,-20.38,92,-25,-20.49,-18.145296,-26.484083,-14.95406,True,-19.19,-15.779877,-24.87497,-12.27911,True
2021-11-07 14:15:00,-20.35,92,-25,-20.2,-18.178782,-26.393553,-14.99406,True,-19.22,-15.875098,-24.836115,-12.360667,True
2021-11-07 14:20:00,-20.44,92,-25,-20.11,-18.378588,-26.832045,-14.912442,True,-18.9,-16.188192,-25.391788,-12.39307,True
2021-11-07 14:25:00,-20.33,92,-25,-19.65,-18.283817,-27.457813,-14.198022,True,-18.63,-16.114872,-26.09955,-11.715899,True
2021-11-07 14:30:00,-20.11,92,-25,-19.59,-18.067095,-27.663898,-13.603963,True,-18.65,-15.904401,-26.348942,-11.134271,True
2021-11-07 14:35:00,-19.73,92,-25,-19.5,-17.718924,-27.40548,-13.133403,True,-18.42,-15.58542,-26.121933,-10.683985,True
2021-11-07 14:40:00,-19.54,92,-25,-19.19,-17.418211,-26.835463,-13.007982,True,-18.09,-15.161924,-25.419937,-10.4296875,True
2021-11-07 14:45:00,-19.34,92,-25,-18.96,-17.041859,-25.977068,-13.100342,True,-18.03,-14.588897,-24.359692,-10.303305,True
2021-11-07 14:50:00,-19.59,92,-24,-19.17,-17.055874,-25.914743,-13.179831,True,-17.97,-14.335196,-24.069695,-10.113939,True
2021-11-07 14:55:00,-20.07,92,-26,-19.2,-17.652721,-26.891392,-13.479684,True,-18.0,-15.055896,-25.175705,-10.543682,True
2021-11-07 15:00:00,-20.21,92,-27,-18.98,-17.866446,-27.187674,-13.514797,True,-18.1,-15.349567,-25.540863,-10.653045,True
2021-11-07 15:05:00,-20.42,92,-26,-19.42,-18.083492,-27.447142,-13.572692,True,-18.2,-15.575357,-25.807701,-10.721713,True
2021-11-07 15:10:00,-20.49,92,-27,-19.19,-18.159431,-27.909607,-13.325591,True,-18.28,-15.657584,-26.315182,-10.483456,True
2021-11-07 15:15:00,-20.2,92,-27,-19.22,-17.932882,-27.853996,-12.914501,True,-18.26,-15.499188,-26.329636,-10.1374235,True
2021-11-07 15:20:00,-20.11,92,-27,-18.9,-17.90837,-27.704672,-12.892932,True,-18.45,-15.541405,-26.222918,-10.16919,True
2021-11-07 15:25:00,-19.65,92,-27,-18.63,-17.345716,-27.185375,-12.369506,True,-18.47,-14.863159,-25.611982,-9.528878,True
2021-11-07 15:30:00,-19.59,92,-27,-18.65,-17.217293,-27.042763,-12.261816,True,-18.87,-14.65573,-25.403767,-9.333503,True
2021-11-07 15:35:00,-19.5,92,-27,-18.42,-17.007782,-26.913052,-12.05493,True,-19.26,-14.31258,-25.163631,-9.00132,True
2021-11-07 15:40:00,-19.19,92,-27,-18.09,-16.594639,-26.657734,-11.594656,True,-19.63,-13.781554,-24.829409,-8.421954,True
2021-11-07 15:45:00,-18.96,92,-26,-18.03,-16.268354,-26.51233,-11.178091,True,-19.69,-13.347023,-24.611017,-7.9032874,True
2021-11-07 15:50:00,-19.17,92,-27,-17.97,-16.421246,-26.709393,-11.238843,True,-19.57,-13.43666,-24.752827,-7.901957,True
2021-11-07 15:55:00,-19.2,92,-27,-18.0,-16.451727,-26.737843,-11.192175,True,-19.97,-13.46773,-24.777666,-7.8529353,True
2021-11-07 16:00:00,-18.98,92,-27,-18.1,-16.20837,-26.647047,-10.820673,True,-20.54,-13.199073,-24.680006,-7.4596467,True
2021-11-07 16:05:00,-19.42,92,-27,-18.2,-16.709177,-27.065828,-11.218529,True,-20.95,-13.769095,-25.141348,-7.915067,True
2021-11-07 16:10:00,-19.19,92,-27,-18.28,-16.435003,-26.887005,-10.864539,True,-21.37,-13.447177,-24.932234,-7.5164523,True
2021-11-07 16:15:00,-19.22,92,-27,-18.26,-16.431988,-26.899141,-10.800466,True,-21.7,-13.408303,-24.911974,-7.4169984,True
2021-11-07 16:20:00,-18.9,92,-27,-18.45,-16.052528,-26.642063,-10.347947,True,-21.99,-12.962939,-24.617067,-6.8974557,True
2021-11-07 16:25:00,-18.63,92,-26,-18.47,-15.767905,-26.561314,-9.9110155,True,-21.99,-12.663309,-24.544783,-6.452378,True
2021-11-07 16:30:00,-18.65,92,-26,-18.87,-15.776286,-26.743893,-9.758513,True,-22.03,-12.662349,-24.728092,-6.3030066,True
2021-11-07 16:35:00,-18.42,92,-26,-19.26,-15.494363,-26.560524,-9.403427,True,-21.83,-12.324042,-24.511282,-5.891413,True
2021-11-07 16:40:00,-18.09,92,-26,-19.63,-15.174388,-26.416489,-8.961682,True,-22.13,-12.014508,-24.393312,-5.4655595,True
2021-11-07 16:45:00,-18.03,92,-25,-19.69,-15.141768,-26.536179,-8.7957945,True,-22.29,-12.0119705,-24.547144,-5.334143,True
2021-11-07 16:50:00,-17.97,92,-25,-19.57,-15.10503,-26.657486,-8.606425,True,-22.98,-12.001872,-24.699324,-5.176725,True
2021-11-07 16:55:00,-18.0,92,-25,-19.97,-15.145726,-26.801483,-8.536675,True,-23.33,-12.055519,-24.859667,-5.119552,True
2021-11-07 17:00:00,-18.1,92,-25,-20.54,-15.199179,-27.025637,-8.459286,True,-23.68,-12.059214,-25.052362,-5.0033154,True
2021-11-07 17:05:00,-18.2,92,-25,-20.95,-15.280658,-27.125486,-8.476711,True,-23.87,-12.118427,-25.126543,-5.002649,True
2021-11-07 17:10:00,-18.28,92,-25,-21.37,-15.37127,-27.279266,-8.440458,True,-24.32,-12.2207575,-25.285837,-4.982042,True
2021-11-07 17:15:00,-18.26,92,-24,-21.7,-15.440207,-27.268026,-8.411059,True,-24.72,-12.394347,-25.342302,-5.0520177,True
2021-11-07 17:20:00,-18.45,92,-24,-21.99,-15.596412,-27.17604,-8.549159,True,-25.0,-12.518083,-25.196367,-5.1549697,True
2021-11-07 17:25:00,-18.47,92,-24,-21.99,-15.633366,-27.453497,-8.389783,True,-24.88,-12.574721,-25.503422,-5.026345,True
2021-11-07 17:30:00,-18.87,92,-23,-22.03,-15.698929,-27.829935,-8.378201,True,-25.27,-12.275804,-25.601194,-4.678244,True
2021-11-07 17:35:00,-19.26,92,-23,-21.83,-15.964214,-27.976215,-8.646715,True,-25.67,-12.393717,-25.606907,-4.8011355,False
2021-11-07 17:40:00,-19.63,92,-23,-22.13,-15.8294115,-28.291945,-8.423965,True,-25.93,-11.699838,-25.49397,-4.0697656,False
2021-11-07 17:45:00,-19.69,92,-23,-22.29,-15.385956,-28.110983,-7.989013,True,-26.07,-10.692316,-24.869568,-3.1161025,False
2021-11-07 17:50:00,-19.57,92,-22,-22.98,-14.966635,-27.874294,-7.560675,True,-25.75,-9.930415,-24.370144,-2.377703,False
2021-11-07 17:55:00,-19.97,92,-21,-23.33,-15.358458,-28.440802,-7.798699,True,-25.87,-10.29993,-24.919716,-2.611153,False
2021-11-07 18:00:00,-20.54,92,-21,-23.68,-16.120443,-29.224667,-8.410825,True,-26.06,-11.282255,-25.865576,-3.441929,False
2021-11-07 18:05:00,-20.95,92,-22,-23.87,-16.726812,-30.239912,-8.681224,True,-25.59,-12.114973,-27.098839,-3.9541943,True
2021-11-07 18:10:00,-21.37,92,-22,-24.32,-17.3138,-31.468199,-8.894567,True,-25.13,-12.89617,-28.516266,-4.3861146,True
2021-11-07 18:15:00,-21.7,92,-22,-24.72,-17.90214,-32.32159,-9.187309,True,-24.42,-13.78047,-29.605602,-4.973286,True
2021-11-07 18:20:00,-21.99,92,-21,-25.0,-18.486942,-32.644657,-9.661794,True,-23.97,-14.704176,-30.15988,-5.760797,True
2021-11-07 18:25:00,-21.99,92,-21,-24.88,-18.549578,-32.123898,-9.929502,True,-23.77,-14.84183,-29.642542,-6.0831,True
2021-11-07 18:30:00,-22.03,92,-20,-25.27,-18.685314,-31.562386,-10.206788,True,-23.07,-15.079266,-29.10292,-6.4377494,True
2021-11-07 18:35:00,-21.83,92,-19,-25.67,-18.356562,-31.423485,-9.792936,True,-22.67,-14.606568,-28.852654,-5.9057403,True
2021-11-07 18:40:00,-22.13,92,-19,-25.93,-18.591595,-32.083622,-9.812978,True,-22.72,-14.76812,-29.469933,-5.8811536,True
2021-11-07 18:45:00,-22.29,92,-19,-26.07,-19.054564,-32.25937,-10.227654,True,-22.77,-15.564288,-29.87561,-6.6089272,True
2021-11-07 18:50:00,-22.98,92,-19,-25.75,-19.950304,-32.960514,-11.005088,True,-22.29,-16.697382,-30.736628,-7.612531,True
2021-11-07 18:55:00,-23.33,92,-19,-25.87,-20.507473,-33.55312,-11.401747,True,-21.1,-17.494932,-31.513172,-8.248856,True
2021-11-07 19:00:00,-23.68,92,-19,-26.06,-20.962646,-34.243008,-11.654864,True,-20.36,-18.071062,-32.297085,-8.633119,True
2021-11-07 19:05:00,-23.87,92,-19,-25.59,-21.398115,-34.570442,-11.96174,True,-19.64,-18.777418,-32.820473,-9.202073,True
2021-11-07 19:10:00,-24.32,92,-18,-25.13,-22.088993,-34.892372,-12.576443,True,-18.89,-19.739706,-33.327377,-10.075476,True
2021-11-07 19:15:00,-24.72,92,-19,-24.42,-22.550816,-35.171818,-12.977704,True,-18.21,-20.273354,-33.636936,-10.551181,True
2021-11-07 19:20:00,-25.0,92,-19,-23.97,-22.689537,-35.146946,-13.131111,True,-17.56,-20.26037,-33.4623,-10.567082,True
2021-11-07 19:25:00,-24.88,92,-18,-23.77,-22.37186,-35.241722,-12.712391,True,-16.72,-19.725061,-33.392002,-9.962935,True
2021-11-07 19:30:00,-25.27,92,-18,-23.07,-22.629944,-35.348343,-13.057593,True,-15.81,-19.835201,-33.344376,-10.17387,True
2021-11-07 19:35:00,-25.67,92,-18,-22.67,-22.81117,-35.087765,-13.4387045,True,-14.75,-19.777334,-32.84272,-10.325545,True
2021-11-07 19:40:00,-25.93,92,-18,-22.72,-22.7664,-35.14571,-13.376831,True,-14.14,-19.401836,-32.616135,-9.965712,True
2021-11-07 19:45:00,-26.07,92,-18,-22.77,-22.665869,-35.415997,-13.134919,True,-13.989999,-19.041704,-32.681393,-9.503296,True
2021-11-07 19:50:00,-25.75,92,-18,-22.29,-22.324944,-35.316044,-12.6728945,True,-14.36,-18.682846,-32.581722,-9.048609,True
2021-11-07 19:55:00,-25.87,92,-18,-21.1,-23.017076,-35.644154,-13.257373,True,-14.25,-20.003572,-33.407787,-10.230457,True
2021-11-07 20:00:00,-26.06,92,-18,-20.36,-23.133595,-36.120132,-13.233078,True,-13.959999,-20.053953,-33.83625,-10.166584,True
2021-11-07 20:05:00,-25.59,92,-18,-19.64,-22.67462,-35.788383,-12.718926,True,-13.76,-19.61505,-33.52924,-9.685367,True
2021-11-07 20:10:00,-25.13,92,-18,-18.89,-22.343327,-35.519535,-12.361648,True,-13.47,-19.433311,-33.388855,-9.483752,True
2021-11-07 20:15:00,-24.42,92,-17,-18.21,-21.640387,-34.841583,-11.716655,True,-13.13,-18.747503,-32.729687,-8.867499,True
2021-11-07 20:20:00,-23.97,92,-17,-17.56,-21.26723,-34.45334,-11.390848,True,-12.74,-18.45958,-32.404476,-8.6336975,True
2021-11-07 20:25:00,-23.77,92,-17,-16.72,-21.147392,-34.080746,-11.362836,True,-12.5,-18.426365,-32.080093,-8.693506,True
2021-11-07 20:30:00,-23.07,92,-17,-15.81,-20.285267,-33.309475,-10.589769,True,-12.34,-17.397877,-31.180347,-7.777986,True
2021-11-07 20:35:00,-22.67,92,-16,-14.75,-19.816368,-32.865788,-10.166802,True,-12.15,-16.860466,-30.678144,-7.3058896,True
2021-11-07 20:40:00,-22.72,92,-16,-14.14,-19.595024,-32.928123,-9.919967,True,-12.06,-16.351461,-30.508139,-6.8074937,True
2021-11-07 20:45:00,-22.77,92,-18,-13.989999,-19.285534,-33.05941,-9.524258,True,-11.83,-15.6606245,-30.34041,-6.0779138,True
2021-11-07 20:50:00,-22.29,92,-17,-14.36,-18.465582,-32.337845,-8.79482,True,-11.73,-14.474296,-29.31423,-5.019646,True
2021-11-07 20:55:00,-21.1,92,-16,-14.25,-16.955769,-30.884377,-7.420234,True,-12.09,-12.632915,-27.612722,-3.348797,True
2021-11-07 21:00:00,-20.36,92,-16,-13.959999,-17.005682,-30.54987,-7.425039,True,-12.61,-13.542332,-27.9603,-4.1651835,True
2021-11-07 21:05:00,-19.64,92,-16,-13.76,-15.816527,-29.773352,-6.404762,True,-13.41,-11.868629,-26.814734,-2.7134173,True
2021-11-07 21:10:00,-18.89,92,-16,-13.47,-15.333507,-28.837072,-6.005545,True,-13.74,-11.680284,-26.098179,-2.5936873,True
2021-11-07 21:15:00,-18.21,92,-16,-13.13,-14.8296995,-28.303686,-5.5552297,True,-14.33,-11.377451,-25.732792,-2.3459437,True
2021-11-07 21:20:00,-17.56,92,-16,-12.74,-14.252567,-27.985332,-4.967278,True,-14.809999,-10.892939,-25.508825,-1.8656887,True
2021-11-07 21:25:00,-16.72,92,-16,-12.5,-13.239979,-27.38271,-4.0253882,True,-15.25,-9.716266,-24.810675,-0.7948707,True
2021-11-07 21:30:00,-15.81,92,-16,-12.34,-12.086288,-26.712234,-2.913376,True,-15.79,-8.32351,-23.994066,0.5139329,True
2021-11-07 21:35:00,-14.75,92,-16,-12.15,-10.789346,-26.283722,-1.5584568,True,-16.13,-6.8007035,-23.460852,2.0414789,True
2021-11-07 21:40:00,-14.14,92,-15,-12.06,-10.148663,-25.571918,-1.058678,True,-16.5,-6.13714,-22.724382,2.5495412,True
2021-11-07 21:45:00,-13.989999,92,-16,-11.83,-9.820089,-25.479225,-0.7407058,True,-17.09,-5.634336,-22.508368,3.0097902,True
2021-11-07 21:50:00,-14.36,92,-16,-11.73,-10.210754,-25.778696,-1.1308674,True,-17.69,-6.044686,-22.792294,2.5918367,True
2021-11-07 21:55:00,-14.25,92,-17,-12.09,-10.070809,-25.650375,-1.0266441,True,-18.19,-5.882974,-22.637587,2.7018259,True
2021-11-07 22:00:00,-13.959999,92,-17,-12.61,-9.690945,-25.31446,-0.6967662,True,-18.78,-5.4173636,-22.234098,3.0979764,True
2021-11-07 22:05:00,-13.76,92,-17,-13.41,-9.771502,-25.198427,-0.7745307,True,-19.54,-5.7970805,-22.325424,2.732828,True
2021-11-07 22:10:00,-13.47,92,-17,-13.74,-9.6619215,-25.304327,-0.6482585,True,-19.94,-5.88827,-22.588232,2.6568754,True
2021-11-07 22:15:00,-13.13,92,-17,-14.33,-9.759933,-25.561665,-0.645428,True,-20.16,-6.4603314,-23.200434,2.2024667,True
2021-11-07 22:20:00,-12.74,92,-17,-14.809999,-9.604612,-25.736197,-0.48560175,True,-20.6,-6.5760083,-23.58716,2.097019,True
2021-11-07 22:25:00,-12.5,92,-17,-15.25,-9.4607115,-25.351425,-0.3957351,True,-20.83,-6.5337586,-23.253809,2.0855978,True
2021-11-07 22:30:00,-12.34,92,-18,-15.79,-9.270901,-24.754383,-0.3265613,True,-21.01,-6.3152814,-22.608494,2.1749246,True
2021-11-07 22:35:00,-12.15,92,-18,-16.13,-8.93888,-23.778114,-0.26431498,True,-21.29,-5.8344436,-21.484755,2.377733,True
2021-11-07 22:40:00,-12.06,92,-18,-16.5,-8.645181,-23.181568,-0.15221055,True,-21.38,-5.3314223,-20.706371,2.6791131,False
2021-11-07 22:45:00,-11.83,92,-18,-17.09,-8.301806,-22.779982,0.08740203,True,-21.58,-4.878818,-20.212856,3.007549,False
2021-11-07 22:50:00,-11.73,92,-18,-17.69,-7.8614764,-22.613747,0.44527975,True,-21.55,-4.097285,-19.792578,3.6637723,False
2021-11-07 22:55:00,-12.09,92,-18,-18.19,-8.126492,-23.06556,0.21258514,True,-21.16,-4.26041,-20.156717,3.5126646,False
2021-11-07 23:00:00,-12.61,92,-19,-18.78,-8.820906,-23.519533,-0.4881843,True,-20.96,-5.1317096,-20.708624,2.6390073,False
2021-11-07 23:05:00,-13.41,92,-19,-19.54,-9.867848,-24.11267,-1.5715183,True,-21.04,-6.430658,-21.447878,1.3203064,True
2021-11-07 23:10:00,-13.74,92,-20,-19.94,-10.392748,-24.424683,-2.123339,True,-21.19,-7.1586585,-21.88485,0.57107514,True
2021-11-07 23:15:00,-14.33,92,-20,-20.16,-11.180036,-24.902512,-2.9272978,True,-21.22,-8.14953,-22.48801,-0.4274238,True
2021-11-07 23:20:00,-14.809999,92,-21,-20.6,-11.7582445,-25.323349,-3.533745,True,-21.08,-8.829483,-22.961693,-1.1379551,True
2021-11-07 23:25:00,-15.25,92,-21,-20.83,-12.236299,-25.604298,-4.0790343,True,-21.13,-9.346588,-23.248377,-1.7258857,True
2021-11-07 23:30:00,-15.79,92,-21,-21.01,-12.8256445,-25.94164,-4.7555842,True,-21.12,-9.983719,-23.59497,-2.4519122,True
2021-11-07 23:35:00,-16.13,92,-22,-21.29,-13.043492,-26.14302,-5.067989,True,-20.93,-10.078533,-23.68037,-2.6606715,True
2021-11-07 23:40:00,-16.5,92,-22,-21.38,-13.255053,-26.363245,-5.3574653,True,-20.76,-10.126421,-23.75086,-2.8057616,True
2021-11-07 23:45:00,-17.09,92,-22,-21.58,-13.792557,-26.743212,-5.9584756,True,-20.45,-10.6069975,-24.057423,-3.359669,True
2021-11-07 23:50:00,-17.69,92,-22,-21.55,-14.463506,-27.294254,-6.658754,True,-19.74,-11.349721,-24.642603,-4.1341414,True
2021-11-07 23:55:00,-18.19,92,-22,-21.16,-15.163917,-27.84002,-7.3530345,True,-19.14,-12.25771,-25.334448,-5.0319266,True
2021-11-08 00:00:00,-18.78,92,-22,-20.96,-15.769697,-28.41439,-7.9749017,True,-18.58,-12.8802185,-25.902493,-5.676411,True
2021-11-08 00:05:00,-19.54,92,-23,-21.04,-16.663391,-29.091812,-8.871496,True,-18.08,-13.908658,-26.663342,-6.7029033,True
2021-11-08 00:10:00,-19.94,92,-23,-21.19,-17.388205,-29.707905,-9.529023,True,-18.11,-14.969509,-27.540594,-7.6816516,True
2021-11-08 00:15:00,-20.16,92,-23,-21.22,-17.786385,-30.17616,-9.899031,True,-18.8,-15.554653,-28.154177,-8.233998,True
2021-11-08 00:20:00,-20.6,92,-23,-21.08,-18.269598,-30.705019,-10.382005,True,-19.08,-16.081884,-28.706203,-8.764173,True
2021-11-08 00:25:00,-20.83,92,-23,-21.13,-18.12336,-30.889967,-10.311241,True,-19.02,-15.555495,-28.572693,-8.348615,True
2021-11-08 00:30:00,-21.01,92,-23,-21.12,-18.188885,-30.847813,-10.477837,True,-18.57,-15.503581,-28.419737,-8.410926,True
2021-11-08 00:35:00,-21.29,92,-23,-20.93,-18.318537,-30.900805,-10.705299,True,-17.96,-15.480146,-28.33138,-8.500907,True
2021-11-08 00:40:00,-21.38,92,-23,-20.76,-18.470413,-30.837393,-10.941577,True,-17.26,-15.696405,-28.307735,-8.799869,True
2021-11-08 00:45:00,-21.58,92,-23,-20.45,-18.522371,-30.909773,-11.080944,True,-17.18,-15.600623,-28.244804,-8.806414,True
2021-11-08 00:50:00,-21.55,92,-23,-19.74,-18.394556,-30.777431,-11.025398,True,-17.2,-15.378027,-28.021566,-8.666164,True
2021-11-08 00:55:00,-21.16,92,-22,-19.14,-17.876947,-30.34092,-10.619143,True,-16.9,-14.741745,-27.486294,-8.153721,True
2021-11-08 01:00:00,-20.96,92,-22,-18.58,-17.606236,-30.114326,-10.389377,True,-16.42,-14.406565,-27.205896,-7.863857,True
2021-11-08 01:05:00,-21.04,92,-22,-18.08,-17.696281,-30.353687,-10.416629,True,-15.98,-14.515949,-27.460533,-7.915958,True
2021-11-08 01:10:00,-21.19,92,-22,-18.11,-17.915527,-30.776165,-10.536254,True,-15.34,-14.810529,-27.944073,-8.112848,True
2021-11-08 01:15:00,-21.22,92,-22,-18.8,-17.922905,-30.731606,-10.653365,True,-14.61,-14.7965145,-27.866205,-8.211223,True
2021-11-08 01:20:00,-21.08,92,-22,-19.08,-18.036991,-30.466505,-10.94644,True,-14.05,-15.168004,-27.801773,-8.739103,True
2021-11-08 01:25:00,-21.13,92,-22,-19.02,-18.2605,-30.205036,-11.459222,True,-13.68,-15.564412,-27.667334,-9.401751,True
2021-11-08 01:30:00,-21.12,92,-22,-18.57,-18.280468,-29.97465,-11.67436,True,-13.08,-15.616756,-27.455063,-9.646259,True
2021-11-08 01:35:00,-20.93,92,-22,-17.96,-18.35275,-29.653967,-11.909553,True,-12.58,-15.951917,-27.349134,-10.123631,True
2021-11-08 01:40:00,-20.76,92,-21,-17.26,-18.34192,-29.311768,-12.058522,True,-12.1,-16.101574,-27.141706,-10.416079,True
2021-11-08 01:45:00,-20.45,92,-21,-17.18,-18.070108,-28.943275,-11.937084,True,-11.43,-15.871254,-26.807747,-10.333628,True
2021-11-08 01:50:00,-19.74,92,-20,-17.2,-17.310831,-28.294975,-11.293994,True,-11.09,-15.069381,-26.12853,-9.652229,True
2021-11-08 01:55:00,-19.14,92,-20,-16.9,-16.708511,-27.901276,-10.740851,True,-10.97,-14.46849,-25.74436,-9.098372,True
2021-11-08 02:00:00,-18.58,92,-19,-16.42,-16.338118,-27.414177,-10.456148,True,-10.98,-14.286096,-25.411377,-8.993587,True
2021-11-08 02:05:00,-18.08,92,-18,-15.98,-15.948812,-26.90545,-10.198162,True,-10.93,-14.005805,-24.996216,-8.832271,True
2021-11-08 02:10:00,-18.11,92,-18,-15.34,-16.315437,-27.051247,-10.573191,True,-10.89,-14.699712,-25.409033,-9.513368,True
2021-11-08 02:15:00,-18.8,92,-19,-14.61,-17.180841,-27.740576,-11.427646,True,-10.83,-15.729629,-26.223835,-10.520867,True
2021-11-08 02:20:00,-19.08,92,-19,-14.05,-17.543806,-27.934446,-11.845263,True,-10.85,-16.168055,-26.47755,-11.003808,False
2021-11-08 02:25:00,-19.02,92,-20,-13.68,-17.51354,-27.904934,-11.842988,True,-10.89,-16.166067,-26.465256,-11.032258,False
2021-11-08 02:30:00,-18.57,92,-19,-13.08,-17.170832,-27.434086,-11.644933,True,-10.82,-15.926765,-26.08106,-10.930088,False
2021-11-08 02:35:00,-17.96,92,-19,-12.58,-16.486385,-26.669907,-11.17915,True,-10.69,-15.170427,-25.263597,-10.391476,True
2021-11-08 02:40:00,-17.26,92,-18,-12.1,-15.672689,-25.962206,-10.46693,True,-10.659999,-14.249493,-24.466915,-9.582316,True
2021-11-08 02:45:00,-17.18,92,-18,-11.43,-15.619016,-26.07404,-10.427418,True,-10.65,-14.217984,-24.591719,-9.561635,True
2021-11-08 02:50:00,-17.2,92,-18,-11.09,-15.533511,-26.055094,-10.417019,True,-10.73,-14.027015,-24.485601,-9.446626,True
2021-11-08 02:55:00,-16.9,92,-19,-10.97,-15.225423,-25.704891,-10.210229,True,-11.01,-13.710537,-24.125074,-9.234491,True
2021-11-08 03:00:00,-16.42,92,-18,-10.98,-14.50324,-25.492496,-9.459907,True,-11.01,-12.758047,-23.726965,-8.268532,True
2021-11-08 03:05:00,-15.98,92,-18,-10.93,-14.153997,-25.642035,-8.931403,True,-11.2,-12.497548,-23.944277,-7.8265214,True
2021-11-08 03:10:00,-15.34,92,-17,-10.89,-13.087921,-25.24921,-7.818767,True,-11.33,-11.019101,-23.228626,-6.3285623,True
2021-11-08 03:15:00,-14.61,92,-17,-10.83,-12.24136,-24.386375,-7.0463376,True,-11.33,-10.060579,-22.279598,-5.4488807,True
2021-11-08 03:20:00,-14.05,92,-16,-10.85,-11.489012,-23.366793,-6.523929,True,-11.55,-9.123101,-21.107767,-4.753383,True
2021-11-08 03:25:00,-13.68,92,-16,-10.89,-10.886664,-22.751564,-6.0679755,True,-11.71,-8.299309,-20.317844,-4.088424,True
2021-11-08 03:30:00,-13.08,92,-16,-10.82,-10.080902,-22.138187,-5.3628793,True,-11.71,-7.298637,-19.560944,-3.196543,True
2021-11-08 03:35:00,-12.58,92,-16,-10.69,-9.554668,-21.67705,-4.915548,True,-11.44,-6.7493014,-19.083189,-2.7287772,True
2021-11-08 03:40:00,-12.1,92,-15,-10.659999,-8.99573,-21.186184,-4.4331317,True,-11.23,-6.11624,-18.539263,-2.1741145,True
2021-11-08 03:45:00,-11.43,92,-14,-10.65,-8.2670765,-20.605402,-3.7521489,True,-11.38,-5.3344054,-17.92722,-1.4412197,True
2021-11-08 03:50:00,-11.09,92,-14,-10.73,-8.216788,-20.459501,-3.7153971,True,-11.65,-5.5558486,-17.99256,-1.6561836,True
2021-11-08 03:55:00,-10.97,92,-14,-11.01,-8.612697,-20.450457,-4.2302423,True,-11.89,-6.4349627,-18.359018,-2.6074107,True
2021-11-08 04:00:00,-10.98,92,-13,-11.01,-9.29791,-20.281855,-5.1141706,True,-12.25,-7.753985,-18.687927,-4.073504,True
2021-11-08 04:05:00,-10.93,92,-13,-11.2,-9.691362,-20.217237,-5.638037,True,-12.49,-8.561219,-18.950493,-4.9792447,True
2021-11-08 04:10:00,-10.89,92,-12,-11.33,-9.904611,-20.146759,-5.919563,True,-12.6,-9.008989,-19.063398,-5.480265,True
2021-11-08 04:15:00,-10.83,92,-12,-11.33,-9.846834,-19.98358,-5.9442163,True,-12.65,-8.947244,-18.901226,-5.4933114,True
2021-11-08 04:20:00,-10.85,92,-12,-11.55,-9.901737,-19.91188,-6.0562654,True,-12.78,-9.029049,-18.851765,-5.6263194,True
2021-11-08 04:25:00,-10.89,92,-12,-11.71,-9.8790045,-19.770275,-6.1275315,True,-12.71,-8.940679,-18.660221,-5.6315284,True
2021-11-08 04:30:00,-10.82,92,-12,-11.71,-9.797299,-19.533663,-6.1422534,True,-12.74,-8.842875,-18.410849,-5.63075,True
2021-11-08 04:35:00,-10.69,92,-12,-11.44,-9.318105,-19.206894,-5.870314,True,-12.98,-8.029699,-17.823069,-5.036861,True
2021-11-08 04:40:00,-10.659999,92,-11,-11.23,-8.988108,-19.059229,-5.615772,True,-13.21,-7.4108977,-17.444946,-4.5070834,True
2021-11-08 04:45:00,-10.65,92,-11,-11.38,-8.647798,-18.93274,-5.3103843,True,-13.53,-6.753614,-17.068563,-3.8977454,True
2021-11-08 04:50:00,-10.73,92,-11,-11.65,-8.480204,-18.87173,-5.1699405,True,-13.88,-6.345577,-16.815868,-3.5288565,True
2021-11-08 04:55:00,-11.01,92,-11,-11.89,-8.643244,-19.132648,-5.3387475,True,-14.0,-6.388326,-16.977535,-3.583935,True
2021-11-08 05:00:00,-11.01,92,-12,-12.25,-8.776164,-19.171257,-5.577308,True,-14.11,-6.6395307,-17.108183,-3.9277518,True
2021-11-08 05:05:00,-11.2,92,-12,-12.49,-8.952773,-19.199972,-5.816461,True,-14.13,-6.797128,-17.12712,-4.141153,True
2021-11-08 05:10:00,-11.33,92,-12,-12.6,-9.268826,-19.421474,-6.141558,True,-14.04,-7.282068,-17.484583,-4.6194615,True
2021-11-08 05:15:00,-11.33,92,-11,-12.65,-9.536296,-19.478104,-6.45171,True,-13.959999,-7.796474,-17.741173,-5.155248,True
2021-11-08 05:20:00,-11.55,92,-11,-12.78,-9.94795,-19.59377,-6.9378543,True,-14.06,-8.383206,-18.000134,-5.799248,True
2021-11-08 05:25:00,-11.71,92,-11,-12.71,-10.212155,-19.705856,-7.238315,True,-14.2,-8.741205,-18.193968,-6.1788545,True
2021-11-08 05:30:00,-11.71,92,-11,-12.74,-10.328168,-19.75845,-7.364857,True,-14.34,-8.961938,-18.337128,-6.3949866,True
2021-11-08 05:35:00,-11.44,92,-11,-12.98,-10.101412,-19.6632,-7.0946136,True,-14.36,-8.770076,-18.269148,-6.154989,True
2021-11-08 05:40:00,-11.23,92,-10,-13.21,-9.932671,-19.632475,-6.9008737,True,-14.36,-8.634698,-18.269918,-5.984223,True
2021-11-08 05:45:00,-11.38,92,-10,-13.53,-9.894351,-19.689604,-6.899876,True,-14.17,-8.41193,-18.181278,-5.8072267,True
2021-11-08 05:50:00,-11.65,92,-10,-13.88,-10.211386,-19.658188,-7.3814588,True,-14.15,-8.76837,-18.188915,-6.317901,True
2021-11-08 05:55:00,-11.89,92,-10,-14.0,-10.62236,-19.562815,-7.9872794,True,-14.18,-9.337152,-18.228138,-7.0661845,True
2021-11-08 06:00:00,-12.25,92,-10,-14.11,-11.079253,-19.715342,-8.555373,True,-14.18,-9.881943,-18.46019,-7.709128,True
2021-11-08 06:05:00,-12.49,92,-10,-14.13,-11.161953,-19.84005,-8.700254,True,-14.29,-9.8092785,-18.456884,-7.7062764,True
2021-11-08 06:10:00,-12.6,92,-10,-14.04,-11.653155,-19.987015,-9.148878,True,-14.4,-10.657416,-18.903763,-8.481822,True
2021-11-08 06:15:00,-12.65,92,-10,-13.959999,-11.476927,-20.062828,-8.93343,True,-14.6,-10.261891,-18.800554,-8.055275,True
2021-11-08 06:20:00,-12.78,92,-10,-14.06,-11.37131,-20.155993,-8.727012,True,-14.82,-9.928553,-18.71213,-7.6278815,True
2021-11-08 06:25:00,-12.71,92,-9,-14.2,-11.243904,-19.99495,-8.595979,True,-14.93,-9.742376,-18.506918,-7.4369817,True
2021-11-08 06:30:00,-12.74,92,-9,-14.34,-11.233854,-19.86806,-8.66992,True,-15.14,-9.69016,-18.349861,-7.46664,True
2021-11-08 06:35:00,-12.98,92,-9,-14.36,-11.2016535,-19.891338,-8.731487,True,-15.15,-9.395966,-18.163347,-7.276116,True
2021-11-08 06:40:00,-13.21,92,-9,-14.36,-11.285905,-19.979006,-8.864338,True,-14.83,-9.336984,-18.135708,-7.2708764,True
2021-11-08 06:45:00,-13.53,92,-10,-14.17,-11.633627,-20.169245,-9.276688,True,-14.93,-9.707575,-18.347029,-7.700031,True
2021-11-08 06:50:00,-13.88,92,-10,-14.15,-11.868531,-20.33372,-9.597092,True,-14.92,-9.828427,-18.41939,-7.9086328,True
2021-11-08 06:55:00,-14.0,92,-10,-14.18,-11.7063465,-20.409441,-9.414708,True,-14.839999,-9.391449,-18.271643,-7.466185,True
2021-11-08 07:00:00,-14.11,92,-10,-14.18,-11.901184,-20.6532,-9.527469,True,-14.73,-9.661764,-18.583754,-7.6466346,True
2021-11-08 07:05:00,-14.13,92,-10,-14.29,-11.956295,-20.689854,-9.586172,True,-14.46,-9.747236,-18.65189,-7.727096,True
2021-11-08 07:10:00,-14.04,92,-10,-14.4,-11.850468,-20.481918,-9.573738,True,-14.45,-9.6229,-18.432518,-7.6915545,True
2021-11-08 07:15:00,-13.959999,92,-11,-14.6,-11.9378395,-20.312183,-9.755614,True,-14.53,-9.86794,-18.398842,-8.013398,True
2021-11-08 07:20:00,-14.06,92,-11,-14.82,-12.343244,-20.345821,-10.240964,True,-14.62,-10.564187,-18.679754,-8.76401,True
2021-11-08 07:25:00,-14.2,92,-11,-14.93,-12.869321,-20.515198,-10.763469,True,-14.59,-11.458287,-19.163322,-9.625562,True
2021-11-08 07:30:00,-14.34,92,-11,-15.14,-13.096492,-20.600422,-10.993931,True,-14.52,-11.767571,-19.323093,-9.927798,True
2021-11-08 07:35:00,-14.36,92,-12,-15.15,-13.162525,-20.489672,-11.1434965,True,-14.82,-11.874318,-19.252516,-10.110876,True
2021-11-08 07:40:00,-14.36,92,-12,-14.83,-12.953404,-20.308723,-11.070202,True,-15.01,-11.463714,-18.907469,-9.841858,True
2021-11-08 07:45:00,-14.17,92,-11,-14.93,-12.441358,-19.958271,-10.720478,True,-15.0,-10.641346,-18.299541,-9.194024,True
2021-11-08 07:50:00,-14.15,92,-11,-14.92,-11.782785,-19.709522,-10.072557,True,-14.93,-9.367723,-17.536604,-7.9629054,True
2021-11-08 07:55:00,-14.18,92,-12,-14.839999,-11.864301,-19.629408,-10.291803,True,-14.94,-9.492734,-17.494326,-8.21699,True
2021-11-08 08:00:00,-14.18,92,-12,-14.73,-11.633206,-19.50097,-10.23976,True,-14.93,-9.034001,-17.17714,-7.9455676,True
2021-11-08 08:05:00,-14.29,92,-12,-14.46,-11.45361,-19.756887,-9.933155,True,-14.94,-8.563577,-17.197067,-7.3689456,True
2021-11-08 08:10:00,-14.4,92,-13,-14.45,-11.367643,-19.78852,-9.681493,True,-14.94,-8.286444,-17.06943,-6.93862,True
2021-11-08 08:15:00,-14.6,92,-13,-14.53,-11.743073,-20.067759,-9.799628,True,-14.75,-8.831787,-17.499844,-7.2132754,True
2021-11-08 08:20:00,-14.82,92,-13,-14.62,-11.972084,-20.306847,-9.792937,True,-14.65,-9.068234,-17.750917,-7.2126327,True
2021-11-08 08:25:00,-14.93,92,-13,-14.59,-12.637665,-20.587585,-10.376357,True,-14.6,-10.267931,-18.492163,-8.286138,True
2021-11-08 08:30:00,-15.14,92,-14,-14.52,-13.274879,-20.87954,-10.99556,True,-14.5,-11.318128,-19.13982,-9.283138,True
2021-11-08 08:35:00,-15.15,92,-15,-14.82,-13.469155,-20.856743,-11.267115,True,-14.41,-11.69057,-19.275318,-9.7123,True
2021-11-08 08:40:00,-14.83,92,-14,-15.01,-13.3317175,-20.635492,-11.1277,True,-14.31,-11.727902,-19.211082,-9.729301,True
2021-11-08 08:45:00,-14.93,92,-15,-15.0,-13.443918,-20.67742,-11.316722,True,-13.91,-11.85031,-19.267797,-9.922181,True
2021-11-08 08:50:00,-14.92,92,-15,-14.93,-13.467246,-20.517437,-11.495276,True,-13.9,-11.90642,-19.141312,-10.124209,True
2021-11-08 08:55:00,-14.839999,92,-14,-14.94,-13.284261,-20.251583,-11.507225,True,-13.84,-11.624239,-18.79771,-10.033068,True
2021-11-08 09:00:00,-14.73,92,-14,-14.93,-13.061833,-20.025648,-11.416689,True,-13.66,-11.292072,-18.483984,-9.829957,True
2021-11-08 09:05:00,-14.46,92,-14,-14.94,-12.621836,-19.655413,-11.060884,True,-13.16,-10.684988,-17.977306,-9.308197,True
2021-11-08 09:10:00,-14.45,92,-14,-14.94,-12.285798,-19.486698,-10.794685,True,-12.48,-10.031796,-17.541447,-8.734921,True
2021-11-08 09:15:00,-14.53,92,-15,-14.75,-12.5514965,-19.637257,-10.977434,True,-11.35,-10.477677,-17.853146,-9.080822,True
2021-11-08 09:20:00,-14.62,92,-15,-14.65,-12.524777,-19.674074,-10.922284,True,-10.12,-10.339823,-17.79943,-8.914173,True
2021-11-08 09:25:00,-14.59,92,-15,-14.6,-12.4410095,-19.553398,-10.863545,True,-8.96,-10.207306,-17.640236,-8.799426,True
2021-11-08 09:30:00,-14.52,92,-15,-14.5,-12.685063,-19.640965,-10.911456,True,-8.489999,-10.756853,-18.003645,-9.126037,False
2021-11-08 09:35:00,-14.82,92,-15,-14.41,-12.76296,-19.807465,-11.123815,True,-8.71,-10.618694,-17.98782,-9.127322,False
2021-11-08 09:40:00,-15.01,92,-16,-14.31,-12.867479,-19.972277,-11.2408695,True,-9.17,-10.63983,-18.08608,-9.158528,True
2021-11-08 09:45:00,-15.0,92,-16,-13.91,-12.884301,-19.960148,-11.346098,True,-9.17,-10.683678,-18.101154,-9.278942,False
2021-11-08 09:50:00,-14.93,92,-16,-13.9,-12.598883,-19.72684,-11.295989,True,-8.64,-10.188833,-17.685524,-9.018522,False
2021-11-08 09:55:00,-14.94,92,-16,-13.84,-12.548112,-19.667114,-11.409345,True,-8.21,-10.078021,-17.576086,-9.062411,False
2021-11-08 10:00:00,-14.93,92,-16,-13.66,-12.423246,-19.624979,-11.402265,True,-7.47,-9.838543,-17.439304,-8.937828,False
2021-11-08 10:05:00,-14.94,92,-16,-13.16,-12.197474,-19.543354,-11.262448,True,-7.6700006,-9.380038,-17.159056,-8.567783,False
2021-11-08 10:10:00,-14.94,92,-16,-12.48,-12.133304,-19.523298,-11.2016945,True,-7.72,-9.251044,-17.088846,-8.435336,False
2021-11-08 10:15:00,-14.75,92,-16,-11.35,-11.885976,-19.372847,-10.905347,True,-9.01,-8.9431715,-16.90018,-8.072824,True
2021-11-08 10:20:00,-14.65,92,-15,-10.12,-11.671473,-19.345526,-10.438548,False,-10.73,-8.615569,-16.795483,-7.4953704,True
2021-11-08 10:25:00,-14.6,92,-15,-8.96,-11.568182,-19.30304,-10.167056,False,-10.65,-8.462802,-16.721163,-7.169252,True
2021-11-08 10:30:00,-14.5,92,-15,-8.489999,-11.552951,-19.26038,-10.094695,False,-11.48,-8.531903,-16.761627,-7.165914,True
2021-11-08 10:35:00,-14.41,92,-15,-8.71,-11.4897175,-19.204462,-10.047541,False,-11.62,-8.492498,-16.736765,-7.1297135,True
2021-11-08 10:40:00,-14.31,92,-15,-9.17,-11.3914585,-19.100395,-10.038553,False,-11.38,-8.396788,-16.63578,-7.1111712,True
2021-11-08 10:45:00,-13.91,92,-15,-9.17,-11.050773,-18.69617,-9.798587,False,-11.33,-8.112744,-16.285227,-6.9089513,True
2021-11-08 10:50:00,-13.9,92,-15,-8.64,-11.025728,-18.68059,-9.790933,False,-11.33,-8.070127,-16.262386,-6.873262,True
2021-11-08 10:55:00,-13.84,92,-14,-8.21,-11.014303,-18.68492,-9.702959,False,-11.35,-8.105261,-16.318884,-6.822387,True
2021-11-08 11:00:00,-13.66,92,-14,-7.47,-10.87317,-18.537718,-9.533888,False,-11.24,-8.000506,-16.2115,-6.6745296,True
2021-11-08 11:05:00,-13.16,92,-14,-7.6700006,-10.3587,-18.050232,-9.046003,False,-11.06,-7.4732137,-15.715625,-6.1620803,True
2021-11-08 11:10:00,-12.48,92,-13,-7.72,-9.580043,-17.331173,-8.305792,False,-10.78,-6.5882964,-14.919218,-5.3024287,True
2021-11-08 11:15:00,-11.35,92,-12,-9.01,-8.329689,-16.277464,-7.085465,True,-10.38,-5.210624,-13.779261,-3.947201,True
2021-11-08 11:20:00,-10.12,92,-10,-10.73,-6.8598294,-15.111878,-5.64416,True,-10.22,-3.4899046,-12.434441,-2.2513163,True
2021-11-08 11:25:00,-8.96,92,-8,-10.65,-5.77877,-14.141942,-4.512833,True,-10.36,-2.4789908,-11.55888,-1.1745247,True
2021-11-08 11:30:00,-8.489999,92,-8,-11.48,-5.2311873,-13.726062,-3.9648736,True,-10.36,-1.8480705,-11.093554,-0.53394157,True
2021-11-08 11:35:00,-8.71,92,-7,-11.62,-5.4916015,-13.9774885,-4.167214,True,-10.96,-2.142853,-11.379586,-0.76029426,True
2021-11-08 11:40:00,-9.17,92,-8,-11.38,-6.032701,-14.368179,-4.792475,True,-11.52,-2.7640173,-11.814403,-1.4457268,True
2021-11-08 11:45:00,-9.17,92,-8,-11.33,-6.0146146,-14.258718,-4.8962216,True,-11.4,-2.7255156,-11.6683,-1.5090564,True
2021-11-08 11:50:00,-8.64,92,-8,-11.33,-5.591995,-13.732857,-4.549248,True,-10.57,-2.409716,-11.22264,-1.2448429,True
2021-11-08 11:55:00,-8.21,92,-7,-11.35,-5.2184396,-13.269266,-4.276752,True,-10.24,-2.0939486,-10.79489,-1.0064396,True
2021-11-08 12:00:00,-7.47,92,-6,-11.24,-4.566916,-12.643405,-3.6310847,True,-10.83,-1.5276817,-10.252046,-0.42931017,False
2021-11-08 12:05:00,-7.6700006,92,-6,-11.06,-4.8833175,-12.899386,-3.8893034,True,-11.13,-1.9596809,-10.606792,-0.7879413,False
2021-11-08 12:10:00,-7.72,92,-6,-10.78,-5.0535626,-13.034542,-3.9729302,True,-11.47,-2.2507117,-10.848187,-0.9796565,False
2021-11-08 12:15:00,-9.01,92,-8,-10.38,-6.343806,-14.193751,-5.2551093,True,-11.53,-3.5485594,-11.987694,-2.2595484,True
2021-11-08 12:20:00,-10.73,92,-10,-10.22,-8.183601,-15.871597,-6.955731,True,-11.54,-5.518619,-13.759284,-4.078959,True
2021-11-08 12:25:00,-10.65,92,-12,-10.36,-8.195469,-15.949985,-6.7441144,True,-11.32,-5.620667,-13.94236,-3.9500248,True
2021-11-08 12:30:00,-11.48,92,-13,-10.36,-9.043338,-16.919033,-7.3215938,True,-11.15,-6.494517,-14.942283,-4.5614038,True
2021-11-08 12:35:00,-11.62,92,-13,-10.96,-8.979791,-17.026861,-7.1994367,True,-10.86,-6.2199464,-14.877586,-4.229258,True
2021-11-08 12:40:00,-11.38,92,-13,-11.52,-8.5264635,-16.649485,-6.9657464,True,-10.76,-5.536098,-14.291898,-3.756118,True
2021-11-08 12:45:00,-11.33,92,-13,-11.4,-8.514421,-16.519915,-7.08701,True,-10.8,-5.5566373,-14.17236,-3.89139,True
2021-11-08 12:50:00,-11.33,92,-13,-10.57,-8.514744,-16.663475,-6.8370337,True,-10.82,-5.557571,-14.344855,-3.6398604,True
2021-11-08 12:55:00,-11.35,92,-13,-10.24,-7.7063155,-16.485872,-6.057883,True,-11.07,-3.894624,-13.443204,-2.0437624,True
2021-11-08 13:00:00,-11.24,92,-13,-10.83,-7.6320996,-16.206861,-6.405007,True,-11.07,-3.845236,-13.125617,-2.3807337,True
2021-11-08 13:05:00,-11.06,92,-13,-11.13,-7.04553,-15.826886,-5.9722457,True,-11.17,-2.829798,-12.361355,-1.522322,True
2021-11-08 13:10:00,-10.78,92,-13,-11.47,-6.447555,-15.440253,-5.406779,True,-11.26,-1.8886093,-11.684365,-0.61185676,True
2021-11-08 13:15:00,-10.38,92,-12,-11.53,-5.9134917,-15.07708,-4.8099017,True,-11.34,-1.2011493,-11.221706,0.13791625,False
2021-11-08 13:20:00,-10.22,92,-12,-11.54,-5.675755,-15.057282,-4.397121,True,-11.45,-0.86557037,-11.16361,0.6316926,False
2021-11-08 13:25:00,-10.36,92,-13,-11.32,-5.6265044,-15.277655,-4.1754813,True,-11.57,-0.60388786,-11.235185,1.050676,False
2021-11-08 13:30:00,-10.36,92,-13,-11.15,-5.0818696,-15.267472,-3.3578932,True,-11.61,0.52830094,-10.793092,2.4172246,False
2021-11-08 13:35:00,-10.96,92,-13,-10.86,-5.615153,-15.867479,-3.7067988,True,-11.63,0.08168952,-11.296191,2.15085,False
2021-11-08 13:40:00,-11.52,92,-14,-10.76,-6.209864,-16.35138,-4.2493405,True,-11.59,-0.53642875,-11.755231,1.6064488,True
2021-11-08 13:45:00,-11.4,92,-14,-10.8,-6.2833686,-16.176088,-4.399139,True,-11.73,-0.8019813,-11.710607,1.3078781,False
2021-11-08 13:50:00,-10.57,92,-13,-10.82,-5.51679,-15.418357,-3.6037943,True,-11.7,-0.0914119,-11.0425205,2.0589883,False
2021-11-08 13:55:00,-10.24,92,-13,-11.07,-5.8073297,-15.473217,-3.731187,True,-11.6,-1.022118,-11.671625,1.3267876,True
2021-11-08 14:00:00,-10.83,92,-13,-11.07,-6.970841,-16.327616,-4.760018,True,-12.12,-2.8024523,-13.019281,-0.28918108,True
2021-11-08 14:05:00,-11.13,92,-14,-11.17,-7.6855435,-16.87134,-5.283034,True,-12.06,-3.9549372,-13.948013,-1.2204803,True
2021-11-08 14:10:00,-11.47,92,-14,-11.26,-8.391225,-17.4951,-5.7366633,True,-12.16,-5.0565925,-14.910698,-2.0595,True
2021-11-08 14:15:00,-11.53,92,-15,-11.34,-8.75833,-17.645723,-6.027332,True,-12.239999,-5.7525754,-15.33047,-2.6511843,True
2021-11-08 14:20:00,-11.54,92,-14,-11.45,-8.803477,-17.684858,-6.054766,True,-12.52,-5.8343396,-15.397947,-2.7045233,True
2021-11-08 14:25:00,-11.32,92,-14,-11.57,-8.43454,-17.460833,-5.694608,True,-12.87,-5.30168,-15.036789,-2.1791956,True
2021-11-08 14:30:00,-11.15,92,-14,-11.61,-8.130174,-17.29498,-5.3920684,True,-12.97,-4.846377,-14.743135,-1.7302479,True
2021-11-08 14:35:00,-10.86,92,-14,-11.63,-7.8174567,-17.054485,-5.0239024,True,-12.88,-4.499598,-14.491208,-1.318003,True
2021-11-08 14:40:00,-10.76,92,-14,-11.59,-7.569754,-17.01045,-4.671098,True,-13.11,-4.087809,-14.324709,-0.81295234,True
2021-11-08 14:45:00,-10.8,92,-14,-11.73,-7.462234,-17.091694,-4.4444776,True,-13.0,-3.8162043,-14.280573,-0.42871317,True
2021-11-08 14:50:00,-10.82,92,-14,-11.7,-7.435468,-17.19672,-4.2853503,True,-12.98,-3.7292683,-14.355502,-0.20568307,True
2021-11-08 14:55:00,-11.07,92,-14,-11.6,-7.694899,-17.557175,-4.371098,True,-13.16,-3.9938557,-14.728022,-0.3013099,True
2021-11-08 15:00:00,-11.07,92,-14,-12.12,-7.575832,-17.57079,-4.169949,True,-13.14,-3.741728,-14.630306,0.037646934,True
2021-11-08 15:05:00,-11.17,92,-15,-12.06,-7.652702,-17.670301,-4.1554036,True,-13.1,-3.7907155,-14.696088,0.081536934,True
2021-11-08 15:10:00,-11.26,92,-15,-12.16,-7.819101,-17.824379,-4.218538,True,-13.14,-4.0321383,-14.924457,-0.041752174,True
2021-11-08 15:15:00,-11.34,92,-15,-12.239999,-7.895885,-18.013037,-4.1752963,True,-13.19,-4.0968156,-15.114258,0.009120626,True
2021-11-08 15:20:00,-11.45,92,-15,-12.52,-8.236209,-18.51724,-4.133121,True,-13.23,-4.678019,-15.871884,-0.1828502,True
2021-11-08 15:25:00,-11.57,92,-15,-12.87,-8.574515,-18.927523,-4.116854,True,-13.27,-5.2618384,-16.50246,-0.40654406,True
2021-11-08 15:30:00,-11.61,92,-16,-12.97,-8.781361,-19.05193,-4.1475654,True,-13.28,-5.659332,-16.771473,-0.6135066,True
2021-11-08 15:35:00,-11.63,92,-16,-12.88,-8.711541,-19.088396,-3.996155,True,-12.99,-5.4944615,-16.719534,-0.36789545,True
2021-11-08 15:40:00,-11.59,92,-16,-13.11,-8.306521,-18.66714,-3.890879,True,-11.55,-4.6823277,-15.900007,0.1551625,True
2021-11-08 15:45:00,-11.73,92,-16,-13.0,-8.432701,-18.507051,-4.2370734,True,-11.21,-4.7796617,-15.660834,-0.13726266,True
2021-11-08 15:50:00,-11.7,92,-16,-12.98,-8.053955,-18.159746,-4.022695,True,-11.33,-4.019113,-14.936594,0.4562718,True
2021-11-08 15:55:00,-11.6,92,-16,-13.16,-7.7893443,-18.158764,-3.6463568,True,-12.4,-3.560177,-14.799849,1.0155503,True
2021-11-08 16:00:00,-12.12,92,-16,-13.14,-8.273954,-18.750832,-3.9984543,True,-13.77,-3.9980738,-15.350592,0.7031457,True
2021-11-08 16:05:00,-12.06,92,-16,-13.1,-8.211577,-18.884333,-3.7152522,True,-15.63,-3.9218209,-15.525837,0.9898297,False
2021-11-08 16:10:00,-12.16,92,-16,-13.14,-8.189867,-19.204874,-3.4311717,True,-15.89,-3.7532141,-15.776811,1.3932167,False
2021-11-08 16:15:00,-12.239999,92,-16,-13.19,-8.12877,-19.45375,-3.159773,True,-18.38,-3.5244524,-15.921822,1.8089176,False
2021-11-08 16:20:00,-12.52,92,-17,-13.23,-8.555097,-20.023874,-3.2570364,True,-18.89,-4.098951,-16.659317,1.5594498,False
2021-11-08 16:25:00,-12.87,92,-17,-13.27,-9.322055,-20.895271,-3.5698035,True,-17.3,-5.33075,-17.963652,0.7877824,True
2021-11-08 16:30:00,-12.97,92,-17,-13.28,-9.275516,-21.26034,-3.2710536,True,-15.21,-5.1242957,-18.23781,1.22533,True
2021-11-08 16:35:00,-12.88,92,-17,-12.99,-9.697346,-21.727608,-3.203934,True,-14.98,-6.1203723,-19.230097,0.7361619,True
2021-11-08 16:40:00,-13.11,92,-18,-11.55,-10.2189045,-22.840256,-2.96336,True,-14.21,-6.992413,-20.696638,0.6125161,True
2021-11-08 16:45:00,-13.0,92,-18,-11.21,-10.332308,-23.208786,-2.6791766,True,-14.4,-7.36673,-21.303667,0.63910455,True
2021-11-08 16:50:00,-12.98,92,-18,-11.33,-10.312165,-23.458961,-2.4484866,True,-14.87,-7.351271,-21.574705,0.86117524,True
2021-11-08 16:55:00,-13.16,92,-17,-12.4,-10.456984,-23.451681,-2.6704524,True,-14.65,-7.453281,-21.50486,0.6872441,True
2021-11-08 17:00:00,-13.14,92,-18,-13.77,-10.329251,-23.408367,-2.5230124,True,-14.82,-7.203222,-21.363005,0.94706887,True
2021-11-08 17:05:00,-13.1,92,-17,-15.63,-10.262832,-23.270926,-2.4744685,True,-14.11,-7.1052976,-21.18709,1.0276772,True
2021-11-08 17:10:00,-13.14,92,-17,-15.89,-10.203352,-23.115828,-2.5211527,True,-13.89,-6.928966,-20.922955,1.0943047,True
2021-11-08 17:15:00,-13.19,92,-17,-18.38,-10.151396,-22.636282,-2.7812903,True,-14.82,-6.7525697,-20.278328,0.97704667,True
2021-11-08 17:20:00,-13.23,92,-16,-18.89,-10.002527,-22.199625,-2.8914587,True,-16.34,-6.3839726,-19.604057,1.0916706,True
2021-11-08 17:25:00,-13.27,92,-16,-17.3,-9.978554,-22.216663,-2.7830737,True,-19.08,-6.2737336,-19.559603,1.2765728,True
2021-11-08 17:30:00,-13.28,92,-16,-15.21,-10.190138,-22.242668,-2.781647,True,-20.64,-6.7267346,-19.7508,1.0510746,False
2021-11-08 17:35:00,-12.99,92,-15,-14.98,-10.0069895,-22.332233,-2.305855,True,-19.94,-6.668753,-19.99461,1.3872372,True
2021-11-08 17:40:00,-11.55,92,-12,-14.21,-8.409079,-21.419018,-0.41934428,True,-22.37,-4.9033494,-19.033363,3.400297,False
2021-11-08 17:45:00,-11.21,92,-11,-14.4,-7.9099965,-20.848928,-0.063879326,True,-23.83,-4.2282596,-18.298496,3.9253938,False
2021-11-08 17:50:00,-11.33,92,-10,-14.87,-7.855841,-20.628012,-0.17163499,True,-23.78,-3.9763768,-17.884823,4.010572,False
2021-11-08 17:55:00,-12.4,92,-12,-14.65,-9.074243,-21.46634,-1.4639667,True,-23.64,-5.3556037,-18.786905,2.5745046,False
2021-11-08 18:00:00,-13.77,92,-13,-14.82,-10.55694,-22.691988,-3.0028403,True,-22.79,-6.9669337,-20.053967,0.9167802,False
2021-11-08 18:05:00,-15.63,92,-15,-14.11,-12.624939,-24.61858,-4.962645,True,-21.94,-9.271746,-22.132061,-1.2754062,True
2021-11-08 18:10:00,-15.89,92,-16,-13.89,-12.971688,-25.04289,-5.179418,True,-21.16,-9.719012,-22.657993,-1.6056942,True
2021-11-08 18:15:00,-18.38,92,-16,-14.82,-15.685078,-27.840359,-7.579346,True,-20.36,-12.689996,-25.651833,-4.2670417,True
2021-11-08 18:20:00,-18.89,92,-18,-16.34,-16.32996,-28.669954,-7.958983,True,-19.25,-13.492069,-26.624641,-4.817039,True
2021-11-08 18:25:00,-17.3,92,-16,-19.08,-14.52404,-27.260136,-6.0977063,True,-18.89,-11.445721,-25.061853,-2.7483885,True
2021-11-08 18:30:00,-15.21,92,-12,-20.64,-12.273233,-25.525505,-3.6460288,True,-18.76,-9.022322,-23.262245,-0.16228707,True
2021-11-08 18:35:00,-14.98,92,-12,-19.94,-12.255234,-25.595736,-3.371012,True,-16.39,-9.24624,-23.537827,-0.13111337,True
2021-11-08 18:40:00,-14.21,92,-10,-22.37,-11.446604,-25.15314,-2.356909,True,-13.66,-8.4089775,-23.109226,0.88689774,True
2021-11-08 18:45:00,-14.4,92,-10,-23.83,-11.806439,-25.664871,-2.4869044,True,-13.56,-8.965915,-23.783585,0.55327004,True
2021-11-08 18:50:00,-14.87,92,-10,-23.78,-12.396124,-26.301264,-2.9194262,True,-12.19,-9.69526,-24.521982,-0.024519281,True
2021-11-08 18:55:00,-14.65,92,-9,-23.64,-11.871803,-26.00242,-2.4556353,True,-12.17,-8.835348,-23.953808,0.74204797,True
2021-11-08 19:00:00,-14.82,92,-9,-22.79,-11.513068,-25.613974,-2.3182833,True,-11.74,-7.881064,-23.044117,1.4398972,True
2021-11-08 19:05:00,-14.11,92,-8,-21.94,-10.635206,-24.446093,-1.6208404,True,-11.41,-6.81774,-21.705612,2.315252,True
2021-11-08 19:10:00,-13.89,92,-7,-21.16,-10.651462,-24.44936,-1.4616855,True,-11.24,-7.1099744,-21.94031,2.1989667,True
2021-11-08 19:15:00,-14.82,92,-7,-20.36,-11.934177,-25.88816,-2.364426,True,-11.62,-8.798663,-23.69928,0.8907868,True
2021-11-08 19:20:00,-16.34,92,-8,-19.25,-13.865417,-27.912645,-3.8785422,True,-11.69,-11.193931,-26.078789,-1.0790218,True
2021-11-08 19:25:00,-19.08,92,-10,-18.89,-17.138195,-30.845533,-6.81086,True,-11.13,-15.045964,-29.413786,-4.561279,True
2021-11-08 19:30:00,-20.64,92,-13,-18.76,-19.013279,-32.59699,-8.409012,True,-11.74,-17.262774,-31.411036,-6.490619,True
2021-11-08 19:35:00,-19.94,92,-11,-16.39,-18.039404,-31.840878,-7.523271,True,-13.66,-15.982637,-30.392342,-5.3250937,True
2021-11-08 19:40:00,-22.37,92,-12,-13.66,-20.228964,-33.86521,-9.759019,True,-15.65,-17.898088,-32.110874,-7.2999787,True
2021-11-08 19:45:00,-23.83,92,-14,-13.56,-21.460882,-34.873817,-11.1529455,True,-19.5,-18.875044,-32.842884,-8.452637,True
2021-11-08 19:50:00,-23.78,92,-15,-12.19,-20.978289,-34.71145,-10.721753,True,-20.27,-17.916998,-32.26812,-7.5883164,True
2021-11-08 19:55:00,-23.64,92,-15,-12.17,-20.503965,-34.649143,-10.16253,True,-20.23,-17.07532,-31.904552,-6.7083364,True
2021-11-08 20:00:00,-22.79,92,-13,-11.74,-19.52192,-34.105564,-9.017039,True,-18.49,-15.956023,-31.296213,-5.4659247,True
2021-11-08 20:05:00,-21.94,92,-13,-11.41,-18.658028,-33.642067,-7.970247,True,-16.37,-15.090152,-30.881447,-4.447641,True
2021-11-08 20:10:00,-21.16,92,-12,-11.24,-18.013355,-33.292675,-7.1489825,True,-16.33,-14.6102,-30.707144,-3.8061574,True
2021-11-08 20:15:00,-20.36,92,-11,-11.62,-17.37871,-33.140213,-6.2557654,True,-16.43,-14.17846,-30.774595,-3.1365893,True
2021-11-08 20:20:00,-19.25,92,-10,-11.69,-16.548431,-33.015987,-5.090633,True,-16.6,-13.68237,-30.98377,-2.3159049,True
2021-11-08 20:25:00,-18.89,92,-11,-11.13,-16.412294,-33.238926,-4.749038,True,-19.26,-13.798402,-31.415716,-2.227896,True
2021-11-08 20:30:00,-18.76,92,-11,-11.74,-16.24231,-33.017445,-4.5977464,True,-19.14,-13.585835,-31.138859,-2.0460436,True
2021-11-08 20:35:00,-16.39,92,-8,-13.66,-13.753917,-30.434978,-2.378588,True,-16.01,-10.984269,-28.487408,0.2670838,True
2021-11-08 20:40:00,-13.66,92,-6,-15.65,-11.017056,-28.49266,0.35676542,True,-13.9,-8.273315,-26.644709,2.9452226,True
2021-11-08 20:45:00,-13.56,92,-7,-19.5,-11.387156,-29.808666,0.4210507,True,-13.41,-9.162663,-28.375784,2.5003698,True
2021-11-08 20:50:00,-12.19,92,-6,-20.27,-10.401475,-28.645008,1.5197026,True,-14.27,-8.584291,-27.486603,3.2154977,True
2021-11-08 20:55:00,-12.17,92,-7,-20.23,-10.456428,-28.056757,1.4953629,True,-14.64,-8.717442,-26.917402,3.1168153,True
2021-11-08 21:00:00,-11.74,92,-7,-18.49,-10.277285,-28.050764,1.7811695,True,-15.37,-8.816911,-27.11637,3.1286752,True
2021-11-08 21:05:00,-11.41,92,-7,-16.37,-9.877244,-27.442814,2.0874078,True,-15.95,-8.345503,-26.441895,3.4909055,True
2021-11-08 21:10:00,-11.24,92,-8,-16.33,-9.567163,-27.024776,2.2833192,True,-15.63,-7.888821,-25.90285,3.812288,True
2021-11-08 21:15:00,-11.62,92,-7,-16.43,-9.937715,-26.981253,1.817659,True,-15.21,-8.2484255,-25.825657,3.3507001,True
2021-11-08 21:20:00,-11.69,92,-9,-16.6,-10.092083,-26.943066,1.6300255,True,-14.43,-8.496268,-25.837595,3.0657403,True
2021-11-08 21:25:00,-11.13,92,-9,-19.26,-10.001369,-26.781654,1.8412262,True,-16.12,-8.91449,-26.051407,2.7899778,True
2021-11-08 21:30:00,-11.74,92,-9,-19.14,-10.955155,-27.584454,1.0860554,True,-17.36,-10.230706,-27.105295,1.6868073,True
2021-11-08 21:35:00,-13.66,92,-10,-16.01,-12.701312,-28.86599,-0.70238715,True,-17.66,-11.782462,-28.209238,0.074098274,True
2021-11-08 21:40:00,-15.65,92,-11,-13.9,-14.638682,-29.662771,-2.8791697,True,-17.7,-13.649836,-28.910536,-2.035641,True
2021-11-08 21:45:00,-19.5,92,-11,-13.41,-18.29718,-32.422077,-6.751467,True,-17.2,-17.084778,-31.429314,-5.691808,True
2021-11-08 21:50:00,-20.27,92,-12,-14.27,-18.776737,-32.901432,-7.388428,True,-16.78,-17.25955,-31.63236,-6.0512986,True
2021-11-08 21:55:00,-20.23,92,-13,-14.64,-18.374195,-32.64853,-7.173507,True,-17.36,-16.48084,-31.04918,-5.491676,True
2021-11-08 22:00:00,-18.49,92,-11,-15.37,-15.881828,-30.557152,-4.961926,True,-19.29,-13.21517,-28.321024,-2.5709765,True
2021-11-08 22:05:00,-16.37,92,-10,-15.95,-13.164504,-28.453814,-2.5052702,True,-20.78,-9.888307,-25.754313,0.43261114,True
2021-11-08 22:10:00,-16.33,92,-10,-15.63,-13.037523,-28.578474,-2.434662,True,-21.77,-9.679153,-25.81356,0.55887383,True
2021-11-08 22:15:00,-16.43,92,-11,-15.21,-13.417399,-28.943981,-2.8140566,True,-21.85,-10.355241,-26.418543,-0.1122535,True
2021-11-08 22:20:00,-16.6,92,-12,-14.43,-13.644023,-29.11682,-3.1422045,True,-23.07,-10.643504,-26.625025,-0.51058227,True
2021-11-08 22:25:00,-19.26,92,-14,-16.12,-15.917349,-31.362522,-5.466575,True,-23.28,-12.500937,-28.443102,-2.4519904,True
2021-11-08 22:30:00,-19.14,92,-16,-17.36,-15.740746,-30.98967,-5.396252,True,-23.33,-12.273636,-28.017237,-2.3466437,True
2021-11-08 22:35:00,-16.01,92,-13,-17.66,-12.209954,-28.124517,-2.191374,True,-23.53,-8.351435,-24.913841,1.1917073,True
2021-11-08 22:40:00,-13.9,92,-12,-17.7,-10.590318,-26.379469,-0.68393165,True,-23.0,-7.2669377,-23.656631,2.1823232,True
2021-11-08 22:45:00,-13.41,92,-12,-17.2,-10.991162,-26.559431,-0.889231,True,-22.32,-8.606169,-24.599316,1.0899197,True
2021-11-08 22:50:00,-14.27,92,-13,-16.78,-12.692514,-28.186607,-2.2126334,True,-21.73,-11.181492,-26.900967,-1.0584263,True
2021-11-08 22:55:00,-14.64,92,-13,-17.36,-13.486134,-28.93313,-2.8410227,True,-21.29,-12.414831,-27.978683,-2.1074564,True
2021-11-08 23:00:00,-15.37,92,-14,-19.29,-14.486028,-29.597746,-3.7715075,True,-20.53,-13.691037,-28.844824,-3.302584,True
2021-11-08 23:05:00,-15.95,92,-15,-20.78,-15.533822,-30.297628,-4.649366,True,-17.91,-15.217889,-29.90863,-4.6371884,True
2021-11-08 23:10:00,-15.63,92,-15,-21.77,-15.048634,-30.08058,-4.2761855,True,-17.68,-14.566749,-29.552706,-4.11657,True
2021-11-08 23:15:00,-15.21,92,-14,-21.85,-14.368224,-29.865576,-3.6044314,True,-17.17,-13.629298,-29.12784,-3.2186568,True
2021-11-08 23:20:00,-14.43,92,-14,-23.07,-13.411414,-29.153141,-2.722767,True,-17.04,-12.497979,-28.273636,-2.1855223,True
2021-11-08 23:25:00,-16.12,92,-14,-23.28,-15.019387,-30.286041,-4.2964892,True,-17.67,-14.006182,-29.298824,-3.671076,True
2021-11-08 23:30:00,-17.36,92,-17,-23.33,-16.140554,-30.867115,-5.4770465,True,-17.16,-14.992378,-29.743586,-4.7273936,True
2021-11-08 23:35:00,-17.66,92,-18,-23.53,-16.184149,-30.354555,-5.7929683,True,-16.38,-14.769862,-28.988348,-4.7975307,True
2021-11-08 23:40:00,-17.7,92,-18,-23.0,-16.165773,-30.122957,-5.8239646,True,-16.25,-14.700682,-28.703756,-4.7873893,True
2021-11-08 23:45:00,-17.2,92,-18,-22.32,-15.446303,-29.426392,-5.322788,True,-16.82,-13.766806,-27.818035,-4.094259,True
2021-11-08 23:50:00,-16.78,92,-17,-21.73,-14.625173,-28.75891,-4.607344,True,-19.89,-12.553454,-26.81693,-3.0199893,True
2021-11-08 23:55:00,-17.36,92,-17,-21.29,-14.904367,-28.93177,-5.0531325,True,-20.51,-12.535125,-26.717457,-3.191641,True
2021-11-09 00:00:00,-19.29,92,-19,-20.53,-16.392197,-30.273275,-6.6822925,True,-20.05,-13.57742,-27.629026,-4.405661,True
2021-11-09 00:05:00,-20.78,92,-20,-17.91,-17.50107,-31.177723,-8.042419,True,-19.05,-14.3070965,-28.152605,-5.4110017,True
2021-11-09 00:10:00,-21.77,92,-22,-17.68,-18.214949,-31.69209,-9.035633,True,-18.13,-14.746945,-28.386812,-6.153828,True
2021-11-09 00:15:00,-21.85,92,-23,-17.17,-18.078758,-31.554094,-9.143088,True,-18.3,-14.400729,-28.058514,-6.0794234,True
2021-11-09 00:20:00,-23.07,92,-22,-17.04,-19.346905,-32.842136,-10.372206,True,-20.36,-15.7171335,-29.372152,-7.365875,True
2021-11-09 00:25:00,-23.28,92,-24,-17.67,-19.834877,-33.028194,-11.095647,True,-21.32,-16.482632,-29.795406,-8.351353,True
2021-11-09 00:30:00,-23.33,92,-24,-17.16,-20.313848,-33.522564,-11.336183,True,-21.1,-17.405891,-30.708595,-9.019071,True
2021-11-09 00:35:00,-23.53,92,-23,-16.38,-21.036118,-34.27402,-11.90833,True,-20.27,-18.63728,-31.901255,-10.073199,True
2021-11-09 00:40:00,-23.0,92,-23,-16.25,-21.037518,-33.888374,-11.989896,True,-20.25,-19.169743,-31.98344,-10.646163,True
2021-11-09 00:45:00,-22.32,92,-21,-16.82,-20.566883,-33.186855,-11.66173,True,-20.21,-18.909554,-31.463104,-10.517048,True
2021-11-09 00:50:00,-21.73,92,-20,-19.89,-20.275414,-32.652348,-11.509949,True,-20.67,-18.916677,-31.187347,-10.649098,True
2021-11-09 00:55:00,-21.29,92,-19,-20.51,-20.339409,-32.51663,-11.488502,True,-21.09,-19.479746,-31.47706,-11.098445,True
2021-11-09 01:00:00,-20.53,92,-18,-20.05,-19.848703,-32.005318,-10.937418,True,-21.16,-19.259481,-31.189753,-10.80518,True
2021-11-09 01:05:00,-17.91,92,-15,-19.05,-17.072432,-29.161705,-8.664581,True,-20.79,-16.34613,-28.238852,-8.4147,True
2021-11-09 01:10:00,-17.68,92,-14,-18.13,-16.60404,-28.166494,-8.702789,True,-20.4,-15.6402445,-27.046171,-8.235895,True
2021-11-09 01:15:00,-17.17,92,-14,-18.3,-15.654546,-26.984598,-8.286077,True,-20.35,-14.258003,-25.497204,-7.412206,True
2021-11-09 01:20:00,-17.04,92,-12,-20.36,-15.273091,-26.5311,-8.224649,True,-20.18,-13.633883,-24.838083,-7.1213727,True
2021-11-09 01:25:00,-17.67,92,-15,-21.32,-15.718595,-27.087017,-8.794915,True,-19.53,-13.902307,-25.235847,-7.527558,True
2021-11-09 01:30:00,-17.16,92,-15,-21.1,-14.901292,-26.548956,-8.143089,True,-18.37,-12.787157,-24.44103,-6.5999684,True
2021-11-09 01:35:00,-16.38,92,-13,-20.27,-13.794088,-25.576527,-7.311931,True,-18.48,-11.3589,-23.195322,-5.4661317,True
2021-11-09 01:40:00,-16.25,92,-13,-20.25,-12.747947,-24.820288,-6.6457524,True,-18.53,-9.422806,-21.654772,-3.9686606,True
2021-11-09 01:45:00,-16.82,92,-13,-20.21,-12.728105,-25.036871,-6.727299,True,-18.67,-8.830554,-21.354631,-3.5185263,True
2021-11-09 01:50:00,-19.89,92,-15,-20.67,-15.668075,-27.887127,-9.505589,True,-18.99,-11.621008,-24.00348,-6.1610656,True
2021-11-09 01:55:00,-20.51,92,-18,-21.09,-16.319633,-28.58493,-10.082574,True,-19.37,-12.29627,-24.705595,-6.7677026,True
2021-11-09 02:00:00,-20.05,92,-18,-21.16,-15.863763,-28.218416,-9.686265,True,-19.56,-11.847229,-24.355509,-6.3828654,True
2021-11-09 02:05:00,-19.05,92,-17,-20.79,-15.083162,-27.355843,-9.023425,True,-19.46,-11.288088,-23.713083,-5.921845,True
2021-11-09 02:10:00,-18.13,92,-16,-20.4,-14.406871,-26.583994,-8.468079,True,-19.54,-10.8548355,-23.169044,-5.5914674,True
2021-11-09 02:15:00,-18.3,92,-15,-20.35,-14.821401,-26.865982,-8.921294,True,-20.0,-11.503962,-23.652653,-6.2645564,True
2021-11-09 02:20:00,-20.36,92,-16,-20.18,-17.243395,-29.032873,-11.209736,True,-20.59,-14.26618,-26.082481,-8.872372,True
2021-11-09 02:25:00,-21.32,92,-19,-19.53,-18.517416,-30.197817,-12.323845,True,-21.13,-15.844927,-27.508068,-10.273199,True
2021-11-09 02:30:00,-21.1,92,-20,-18.37,-18.147396,-30.141886,-11.943097,True,-21.14,-15.329227,-27.328482,-9.761802,True
2021-11-09 02:35:00,-20.27,92,-18,-18.48,-17.348112,-29.70782,-11.08786,True,-21.1,-14.560545,-26.934792,-8.939564,True
2021-11-09 02:40:00,-20.25,92,-18,-18.53,-17.439865,-29.87919,-11.083212,True,-21.31,-14.75889,-27.196777,-9.035906,True
2021-11-09 02:45:00,-20.21,92,-18,-18.67,-17.416044,-29.8478,-11.04093,True,-21.74,-14.748471,-27.171045,-9.005344,True
2021-11-09 02:50:00,-20.67,92,-18,-18.99,-17.941923,-30.12785,-11.613456,True,-22.09,-15.334427,-27.4876,-9.629851,True
2021-11-09 02:55:00,-21.09,92,-19,-19.37,-18.606554,-30.37686,-12.396731,True,-22.39,-16.235968,-27.935802,-10.6285,True
2021-11-09 03:00:00,-21.16,92,-19,-19.56,-18.877398,-30.553314,-12.686977,True,-22.45,-16.7063,-28.291542,-11.102637,True
2021-11-09 03:05:00,-20.79,92,-19,-19.46,-18.861383,-30.78347,-12.48415,True,-22.78,-17.03603,-28.82346,-11.22396,True
2021-11-09 03:10:00,-20.4,92,-19,-19.54,-18.584026,-30.813118,-12.046504,True,-22.71,-16.865911,-28.946177,-10.8799095,True
2021-11-09 03:15:00,-20.35,92,-19,-20.0,-18.86039,-31.21318,-12.088159,True,-22.68,-17.454746,-29.606525,-11.206961,True
2021-11-09 03:20:00,-20.18,92,-19,-20.59,-19.149984,-31.43164,-12.15952,True,-22.81,-18.184935,-30.18896,-11.683156,True
2021-11-09 03:25:00,-19.53,92,-19,-21.13,-19.038984,-31.147589,-11.877339,True,-22.41,-18.590412,-30.33609,-11.869997,True
2021-11-09 03:30:00,-18.37,92,-18,-21.14,-18.40971,-29.708876,-11.395102,True,-21.8,-18.463682,-29.333256,-11.849241,True
2021-11-09 03:35:00,-18.48,92,-17,-21.1,-18.669846,-29.348375,-11.815066,True,-21.83,-18.856928,-29.103945,-12.393545,True
2021-11-09 03:40:00,-18.53,92,-17,-21.31,-18.809395,-29.178087,-12.06804,True,-21.19,-19.074493,-29.008919,-12.717645,True
2021-11-09 03:45:00,-18.67,92,-17,-21.74,-19.043282,-29.33759,-12.30338,True,-20.62,-19.39142,-29.239769,-13.025586,True
2021-11-09 03:50:00,-18.99,92,-18,-22.09,-19.420565,-29.690313,-12.642489,True,-21.21,-19.817036,-29.629116,-13.40886,True
2021-11-09 03:55:00,-19.37,92,-18,-22.39,-19.857521,-30.158434,-13.019526,True,-21.17,-20.302563,-30.134726,-13.8252325,True
2021-11-09 04:00:00,-19.56,92,-18,-22.45,-20.164713,-30.315851,-13.314565,True,-21.16,-20.713562,-30.386806,-14.209115,True
2021-11-09 04:05:00,-19.46,92,-18,-22.78,-20.023994,-29.988298,-13.3226595,True,-21.0,-20.528763,-30.0289,-14.174599,True
2021-11-09 04:10:00,-19.54,92,-18,-22.71,-19.988644,-29.745281,-13.499349,True,-20.84,-20.379265,-29.69616,-14.248579,True
2021-11-09 04:15:00,-20.0,92,-18,-22.68,-20.053988,-29.804747,-13.81134,True,-20.64,-20.068201,-29.439945,-14.209621,True
2021-11-09 04:20:00,-20.59,92,-18,-22.81,-20.180815,-30.004087,-14.143685,True,-20.44,-19.75374,-29.264149,-14.127213,True
2021-11-09 04:25:00,-21.13,92,-19,-22.41,-20.505388,-30.397348,-14.505551,True,-21.12,-19.86982,-29.474688,-14.292829,True
2021-11-09 04:30:00,-21.14,92,-20,-21.8,-20.413958,-30.394417,-14.427543,True,-21.55,-19.679617,-29.383257,-14.118712,True
2021-11-09 04:35:00,-21.1,92,-20,-21.83,-20.407679,-30.59669,-14.302395,True,-21.67,-19.702251,-29.604462,-14.015553,True
2021-11-09 04:40:00,-21.31,92,-20,-21.19,-20.877342,-30.878174,-14.6931095,True,-22.07,-20.412584,-30.097488,-14.6236725,True
2021-11-09 04:45:00,-21.74,92,-20,-20.62,-21.324024,-31.107813,-15.196849,True,-22.83,-20.869873,-30.342209,-15.133826,True
2021-11-09 04:50:00,-22.09,92,-21,-21.21,-21.641586,-31.20405,-15.593578,True,-23.53,-21.15267,-30.419361,-15.4926605,True
2021-11-09 04:55:00,-22.39,92,-22,-21.17,-21.87641,-31.393818,-15.84354,True,-24.04,-21.322098,-30.554565,-15.678457,True
2021-11-09 05:00:00,-22.45,92,-21,-21.16,-22.07189,-31.342882,-16.067234,True,-24.38,-21.641039,-30.620163,-16.013103,True
2021-11-09 05:05:00,-22.78,92,-22,-21.0,-22.522205,-31.569017,-16.49014,True,-25.17,-22.199396,-30.94836,-16.531683,True
2021-11-09 05:10:00,-22.71,92,-22,-20.84,-22.42434,-31.475103,-16.361084,True,-25.64,-22.073078,-30.83297,-16.367325,True
2021-11-09 05:15:00,-22.68,92,-22,-20.64,-22.224274,-31.444761,-16.128098,True,-25.89,-21.711329,-30.657063,-15.978486,True
2021-11-09 05:20:00,-22.81,92,-22,-20.44,-22.30561,-31.653713,-16.11405,True,-26.23,-21.744394,-30.819725,-15.913942,True
2021-11-09 05:25:00,-22.41,92,-22,-21.12,-21.942657,-31.205505,-15.783415,True,-26.51,-21.413467,-30.407433,-15.604991,True
2021-11-09 05:30:00,-21.8,92,-21,-21.55,-21.261805,-30.386572,-15.280192,True,-26.6,-20.66312,-29.538845,-15.034612,True
2021-11-09 05:35:00,-21.83,92,-21,-21.67,-20.975004,-30.177635,-15.102462,True,-26.69,-20.077862,-29.072948,-14.577716,True
2021-11-09 05:40:00,-21.19,92,-21,-22.07,-20.113613,-29.514832,-14.292227,True,-26.28,-19.006008,-28.231407,-13.56541,True
2021-11-09 05:45:00,-20.62,92,-20,-22.83,-19.141739,-29.065727,-13.221452,True,-26.19,-17.652622,-27.450539,-12.135815,True
2021-11-09 05:50:00,-21.21,92,-20,-23.53,-19.393545,-29.56452,-13.265702,True,-25.8,-17.582167,-27.66419,-11.88265,True
2021-11-09 05:55:00,-21.17,92,-20,-24.04,-19.143213,-29.572128,-12.861094,True,-25.76,-17.127392,-27.493725,-11.288761,True
2021-11-09 06:00:00,-21.16,92,-20,-24.38,-19.185951,-29.814846,-12.732912,True,-25.53,-17.213753,-27.77636,-11.199285,True
2021-11-09 06:05:00,-21.0,92,-20,-25.17,-19.41805,-29.685448,-13.054103,True,-25.41,-17.813951,-27.97906,-11.847148,True
2021-11-09 06:10:00,-20.84,92,-19,-25.64,-19.631582,-29.437761,-13.336166,True,-25.3,-18.378609,-28.046343,-12.44324,True
2021-11-09 06:15:00,-20.64,92,-19,-25.89,-19.911192,-29.075735,-13.705508,True,-25.03,-19.107912,-28.091818,-13.215953,True
2021-11-09 06:20:00,-20.44,92,-18,-26.23,-20.114899,-28.741344,-13.98389,True,-24.93,-19.685856,-28.097208,-13.8347,True
2021-11-09 06:25:00,-21.12,92,-17,-26.51,-21.050972,-29.344769,-14.828123,True,-24.84,-20.856375,-28.913263,-14.890258,True
2021-11-09 06:30:00,-21.55,92,-17,-26.6,-21.822294,-29.875645,-15.439833,True,-24.52,-21.939032,-29.721035,-15.779289,True
2021-11-09 06:35:00,-21.67,92,-17,-26.69,-22.114538,-30.116926,-15.621029,True,-24.27,-22.385004,-30.093483,-16.094406,True
2021-11-09 06:40:00,-22.07,92,-17,-26.28,-22.703333,-30.603819,-16.05221,True,-24.08,-23.141247,-30.724014,-16.672207,True
2021-11-09 06:45:00,-22.83,92,-17,-26.19,-23.450327,-31.125826,-16.748594,True,-24.0,-23.872337,-31.24358,-17.350103,True
2021-11-09 06:50:00,-23.53,92,-17,-25.8,-23.999218,-31.424538,-17.379465,True,-23.85,-24.282299,-31.43905,-17.851702,True
2021-11-09 06:55:00,-24.04,92,-18,-25.76,-24.17581,-31.518955,-17.781063,True,-23.85,-24.157726,-31.286486,-17.97132,True
2021-11-09 07:00:00,-24.38,92,-18,-25.53,-24.137985,-31.579855,-17.91616,True,-23.9,-23.775787,-31.051752,-17.784985,True
2021-11-09 07:05:00,-25.17,92,-18,-25.41,-24.556108,-31.990623,-18.40274,True,-23.88,-23.85539,-31.17321,-17.957567,True
2021-11-09 07:10:00,-25.64,92,-19,-25.3,-24.849644,-32.271152,-18.738205,True,-23.85,-23.987255,-31.317198,-18.140549,True
2021-11-09 07:15:00,-25.89,92,-20,-25.03,-25.165394,-32.37401,-19.138685,True,-24.31,-24.363672,-31.482664,-18.592379,True
2021-11-09 07:20:00,-26.23,92,-20,-24.93,-25.331652,-32.43651,-19.493872,True,-24.74,-24.371265,-31.412357,-18.797598,True
2021-11-09 07:25:00,-26.51,92,-21,-24.84,-25.417288,-32.52154,-19.745367,True,-24.77,-24.277603,-31.343637,-18.879868,True
2021-11-09 07:30:00,-26.6,92,-21,-24.52,-25.275307,-32.446125,-19.808561,True,-24.57,-23.917547,-31.077684,-18.740154,True
2021-11-09 07:35:00,-26.69,92,-21,-24.27,-24.998402,-32.434288,-19.633747,True,-24.22,-23.294264,-30.758,-18.243116,True
2021-11-09 07:40:00,-26.28,92,-21,-24.08,-24.366259,-32.031883,-19.035372,True,-23.98,-22.447367,-30.167887,-17.443275,True
2021-11-09 07:45:00,-26.19,92,-21,-24.0,-24.195976,-31.877806,-18.882322,True,-24.17,-22.197245,-29.948011,-17.211794,True
2021-11-09 07:50:00,-25.8,92,-21,-23.85,-23.640863,-31.467163,-18.375181,True,-23.85,-21.478832,-29.3976,-16.551048,True
2021-11-09 07:55:00,-25.76,92,-21,-23.85,-23.509418,-31.345543,-18.271118,True,-23.46,-21.258743,-29.202528,-16.360395,True
2021-11-09 08:00:00,-25.53,92,-21,-23.9,-23.150242,-31.076674,-17.942871,True,-23.35,-20.773193,-28.82965,-15.910862,True
2021-11-09 08:05:00,-25.41,92,-21,-23.88,-22.95226,-30.899523,-17.687582,True,-23.33,-20.49858,-28.592537,-15.580611,True
2021-11-09 08:10:00,-25.3,92,-22,-23.85,-22.720459,-30.900633,-17.200655,True,-23.57,-20.147787,-28.49991,-14.981958,True
2021-11-09 08:15:00,-25.03,92,-21,-24.31,-22.897812,-30.73436,-17.284712,True,-23.79,-20.751076,-28.728996,-15.4479265,True
2021-11-09 08:20:00,-24.93,92,-21,-24.74,-23.314508,-30.629519,-17.666662,True,-23.64,-21.661013,-29.074297,-16.271954,True
2021-11-09 08:25:00,-24.84,92,-22,-24.77,-23.427626,-30.436844,-17.7909,True,-23.36,-21.965532,-29.061106,-16.563692,True
2021-11-09 08:30:00,-24.52,92,-22,-24.57,-22.994736,-30.039495,-17.381466,True,-23.3,-21.428347,-28.583355,-16.049318,True
2021-11-09 08:35:00,-24.27,92,-22,-24.22,-22.430702,-29.845596,-16.717817,True,-23.08,-20.564648,-28.136854,-15.106313,True
2021-11-09 08:40:00,-24.08,92,-22,-23.98,-21.80754,-29.79636,-15.867228,True,-23.01,-19.526203,-27.738213,-13.874623,True
2021-11-09 08:45:00,-24.0,92,-22,-24.17,-21.285133,-29.887632,-15.152921,True,-23.01,-18.577997,-27.479136,-12.773388,True
2021-11-09 08:50:00,-23.85,92,-22,-23.85,-20.87226,-29.842865,-14.624865,True,-23.7,-17.90863,-27.235386,-12.011369,True
2021-11-09 08:55:00,-23.85,92,-22,-23.46,-20.737598,-29.824528,-14.502086,True,-24.15,-17.638601,-27.111544,-11.763835,True
2021-11-09 09:00:00,-23.9,92,-22,-23.35,-20.480568,-29.441622,-14.602437,True,-24.15,-17.086636,-26.465044,-11.589146,True
2021-11-09 09:05:00,-23.88,92,-22,-23.33,-20.303036,-29.159985,-14.707479,True,-23.74,-16.757198,-26.04811,-11.546482,True
2021-11-09 09:10:00,-23.85,92,-22,-23.57,-20.740625,-29.112074,-15.330243,True,-23.23,-17.647999,-26.394503,-12.568526,True
2021-11-09 09:15:00,-24.31,92,-22,-23.79,-21.485971,-29.659182,-15.959167,True,-23.14,-18.674587,-27.195303,-13.446793,True
2021-11-09 09:20:00,-24.74,92,-22,-23.64,-22.383009,-30.330564,-16.48729,True,-23.02,-20.028654,-28.276808,-14.387108,True
2021-11-09 09:25:00,-24.77,92,-23,-23.36,-22.94663,-30.587347,-16.676916,True,-23.11,-21.111126,-28.997269,-15.0423765,True
2021-11-09 09:30:00,-24.57,92,-23,-23.3,-23.054317,-30.630453,-16.450619,True,-22.94,-21.51465,-29.311607,-15.08029,True
2021-11-09 09:35:00,-24.22,92,-22,-23.08,-22.826405,-30.480576,-16.004356,True,-22.7,-21.40579,-29.278212,-14.736403,True
2021-11-09 09:40:00,-23.98,92,-22,-23.01,-22.66116,-30.350069,-15.800876,True,-22.68,-21.312527,-29.222433,-14.590582,True
2021-11-09 09:45:00,-24.17,92,-23,-23.01,-22.495905,-30.275345,-15.818316,True,-22.34,-20.817669,-28.868954,-14.300644,True
2021-11-09 09:50:00,-23.85,92,-23,-23.7,-22.278173,-29.958218,-15.71108,True,-21.97,-20.698973,-28.64679,-14.275829,True
2021-11-09 09:55:00,-23.46,92,-23,-24.15,-22.120504,-29.568296,-15.7443285,True,-21.79,-20.764303,-28.45788,-14.504466,True
2021-11-09 10:00:00,-23.35,92,-22,-24.15,-22.280403,-29.424162,-16.008883,True,-21.82,-21.18547,-28.548475,-15.000323,True
2021-11-09 10:05:00,-23.33,92,-22,-23.74,-22.577997,-29.441795,-16.252398,True,-21.49,-21.788572,-28.840582,-15.518256,True
2021-11-09 10:10:00,-23.57,92,-22,-23.23,-23.13607,-29.722542,-16.68473,True,-21.39,-22.65308,-29.398647,-16.22678,True
2021-11-09 10:15:00,-23.79,92,-22,-23.14,-23.36901,-29.91109,-16.941698,True,-20.94,-22.906763,-29.614506,-16.496214,True
2021-11-09 10:20:00,-23.64,92,-22,-23.02,-23.169575,-29.694963,-16.741558,True,-20.25,-22.669453,-29.373821,-16.253868,True
2021-11-09 10:25:00,-23.36,92,-22,-23.11,-22.82465,-29.374779,-16.464104,True,-19.92,-22.271431,-29.014687,-15.92072,True
2021-11-09 10:30:00,-23.3,92,-22,-22.94,-22.614573,-29.232346,-16.50749,True,-19.62,-21.92659,-28.757969,-15.831441,True
2021-11-09 10:35:00,-23.08,92,-22,-22.7,-22.139936,-28.832344,-16.454403,True,-19.47,-21.216566,-28.152756,-15.549451,True
2021-11-09 10:40:00,-23.01,92,-22,-22.68,-21.773523,-28.591799,-16.466753,True,-19.13,-20.573313,-27.666048,-15.293914,True
2021-11-09 10:45:00,-23.01,92,-23,-22.34,-21.512587,-28.434221,-16.574137,True,-18.55,-20.067743,-27.285284,-15.16373,True
2021-11-09 10:50:00,-23.7,92,-23,-21.97,-21.991695,-28.955633,-17.306526,True,-18.45,-20.353622,-27.626612,-15.70617,True
2021-11-09 10:55:00,-24.15,92,-23,-21.79,-22.29661,-29.301424,-17.802073,True,-18.19,-20.526966,-27.847668,-16.069092,True
2021-11-09 11:00:00,-24.15,92,-24,-21.82,-22.2769,-29.302458,-17.864304,True,-18.02,-20.49165,-27.83445,-16.107033,True
2021-11-09 11:05:00,-23.74,92,-24,-21.49,-21.849037,-28.928898,-17.526018,True,-17.83,-20.044506,-27.450842,-15.7390995,True
2021-11-09 11:10:00,-23.23,92,-23,-21.39,-21.198088,-28.44194,-16.993084,True,-17.74,-19.251247,-26.840034,-15.063255,True
2021-11-09 11:15:00,-23.14,92,-24,-20.94,-21.010141,-28.367992,-16.842411,True,-17.3,-18.963047,-26.684025,-14.807147,True
2021-11-09 11:20:00,-23.02,92,-24,-20.25,-20.97562,-28.31222,-16.813528,True,-16.75,-19.005384,-26.707884,-14.838063,True
2021-11-09 11:25:00,-23.11,92,-24,-19.92,-21.137056,-28.35971,-17.167656,True,-16.57,-19.240065,-26.815487,-15.242692,True
2021-11-09 11:30:00,-22.94,92,-24,-19.62,-20.965212,-28.23422,-16.988592,True,-16.32,-19.067387,-26.694492,-15.052839,True
2021-11-09 11:35:00,-22.7,92,-23,-19.47,-20.682234,-28.022867,-16.718811,True,-15.97,-18.742762,-26.448065,-14.73471,True
2021-11-09 11:40:00,-22.68,92,-23,-19.13,-20.676767,-28.029148,-16.696386,True,-16.04,-18.756424,-26.473463,-14.71896,True
2021-11-09 11:45:00,-22.34,92,-23,-18.55,-20.329832,-27.705872,-16.48467,True,-15.88,-18.402645,-26.14201,-14.4874115,True
2021-11-09 11:50:00,-21.97,92,-24,-18.45,-20.04406,-27.453833,-16.096699,True,-15.75,-18.194431,-25.972685,-14.163062,True
2021-11-09 11:55:00,-21.79,92,-24,-18.19,-20.046959,-27.385036,-16.093277,True,-15.44,-18.373713,-26.070702,-14.3136835,True
2021-11-09 12:00:00,-21.82,92,-24,-18.02,-20.167688,-27.448618,-16.309914,True,-14.94,-18.586662,-26.217447,-14.600571,True
2021-11-09 12:05:00,-21.49,92,-24,-17.83,-19.789694,-27.15461,-16.06258,True,-14.49,-18.157656,-25.874756,-14.293224,True
2021-11-09 12:10:00,-21.39,92,-24,-17.74,-19.574858,-27.03722,-16.030615,True,-14.38,-17.83265,-25.645939,-14.144075,True
2021-11-09 12:15:00,-20.94,92,-23,-17.3,-19.072472,-26.640488,-15.527736,True,-14.73,-17.27246,-25.201468,-13.576785,True
2021-11-09 12:20:00,-20.25,92,-24,-16.75,-18.301956,-25.997974,-14.932045,True,-15.0,-16.409851,-24.480165,-12.879643,True
2021-11-09 12:25:00,-19.92,92,-23,-16.57,-17.877272,-25.674469,-14.595479,True,-15.15,-15.884585,-24.062294,-12.435922,True
2021-11-09 12:30:00,-19.62,92,-23,-16.32,-17.409801,-25.398039,-14.111076,True,-15.5,-15.238513,-23.635519,-11.7731,True
2021-11-09 12:35:00,-19.47,92,-22,-15.97,-17.27143,-25.285828,-13.961833,True,-16.17,-15.105582,-23.532797,-11.614931,True
2021-11-09 12:40:00,-19.13,92,-22,-16.04,-16.982262,-24.984558,-13.757715,True,-16.48,-14.863284,-23.26698,-11.440977,True
2021-11-09 12:45:00,-18.55,92,-22,-15.88,-16.39022,-24.46857,-13.177894,True,-16.58,-14.248988,-22.739582,-10.827214,True
2021-11-09 12:50:00,-18.45,92,-22,-15.75,-16.229523,-24.416916,-13.002674,True,-16.93,-14.023357,-22.628597,-10.584317,True
2021-11-09 12:55:00,-18.19,92,-21,-15.44,-15.9197445,-24.195587,-12.691673,True,-16.94,-13.656504,-22.359594,-10.206431,True
2021-11-09 13:00:00,-18.02,92,-21,-14.94,-15.771238,-24.117153,-12.433928,True,-17.07,-13.52351,-22.302511,-9.956423,True
2021-11-09 13:05:00,-17.83,92,-21,-14.49,-15.688147,-23.994184,-12.355472,True,-17.17,-13.546209,-22.27245,-9.964607,True
2021-11-09 13:10:00,-17.74,92,-21,-14.38,-15.634169,-23.9206,-12.349878,True,-17.38,-13.526895,-22.221657,-9.982615,True
2021-11-09 13:15:00,-17.3,92,-21,-14.73,-15.131073,-23.509064,-11.919999,True,-17.54,-12.949368,-21.744501,-9.467861,True
2021-11-09 13:20:00,-16.75,92,-21,-15.0,-14.501063,-22.970722,-11.356177,True,-17.66,-12.230622,-21.124493,-8.805393,True
2021-11-09 13:25:00,-16.57,92,-20,-15.15,-14.31367,-22.87727,-11.075005,True,-18.17,-12.031381,-21.023365,-8.508835,True
2021-11-09 13:30:00,-16.32,92,-20,-15.5,-14.043595,-22.693737,-10.780464,True,-18.48,-11.7393675,-20.817688,-8.183333,True
2021-11-09 13:35:00,-15.97,92,-20,-16.17,-13.587999,-22.390799,-10.307788,True,-18.79,-11.167483,-20.414713,-7.590965,True
2021-11-09 13:40:00,-16.04,92,-20,-16.48,-13.585373,-22.565638,-10.1634865,True,-19.2,-11.081702,-20.527485,-7.369313,True
2021-11-09 13:45:00,-15.88,92,-20,-16.58,-13.251406,-22.452894,-9.768047,True,-19.52,-10.5541315,-20.253128,-6.7827973,True
2021-11-09 13:50:00,-15.75,92,-19,-16.93,-12.980842,-22.399431,-9.385536,True,-19.72,-10.123961,-20.074602,-6.2446113,True
2021-11-09 13:55:00,-15.44,92,-19,-16.94,-12.602187,-22.166742,-8.910211,True,-19.77,-9.657179,-19.783497,-5.6769147,True
2021-11-09 14:00:00,-14.94,92,-18,-17.07,-12.035516,-21.676853,-8.31211,True,-19.76,-9.00332,-19.22954,-4.987312,False
2021-11-09 14:05:00,-14.49,92,-17,-17.17,-11.647245,-21.32197,-7.7587,True,-19.89,-8.665427,-18.94741,-4.4727035,False
2021-11-09 14:10:00,-14.38,92,-17,-17.38,-11.706359,-21.275305,-7.675052,True,-20.03,-8.901242,-19.061516,-4.5467362,False
2021-11-09 14:15:00,-14.73,92,-17,-17.54,-12.241443,-21.738207,-7.9942327,True,-20.31,-9.63508,-19.703234,-5.049649,False
2021-11-09 14:20:00,-15.0,92,-17,-17.66,-12.718723,-22.168354,-8.24298,True,-20.35,-10.331944,-20.334007,-5.509176,False
2021-11-09 14:25:00,-15.15,92,-18,-18.17,-13.040673,-22.474863,-8.316959,True,-20.39,-10.834505,-20.821175,-5.747496,True
2021-11-09 14:30:00,-15.5,92,-17,-18.48,-13.543718,-23.010836,-8.518858,True,-20.45,-11.499349,-21.51657,-6.107661,True
2021-11-09 14:35:00,-16.17,92,-18,-18.79,-14.4114685,-23.763145,-9.249353,True,-20.76,-12.577626,-22.452826,-7.0307374,True
2021-11-09 14:40:00,-16.48,92,-18,-19.2,-14.768193,-24.0795,-9.527143,True,-20.97,-12.983795,-22.809649,-7.347323,True
2021-11-09 14:45:00,-16.58,92,-18,-19.52,-14.837063,-24.209486,-9.544128,True,-21.25,-13.015447,-22.909613,-7.3218255,True
2021-11-09 14:50:00,-16.93,92,-18,-19.72,-15.16151,-24.567604,-9.855606,True,-21.54,-13.31442,-23.23462,-7.6014075,True
2021-11-09 14:55:00,-16.94,92,-18,-19.77,-15.104753,-24.585287,-9.843196,True,-22.0,-13.181182,-23.18043,-7.5075126,True
2021-11-09 15:00:00,-17.07,92,-18,-19.76,-15.110784,-24.714428,-9.919295,True,-22.29,-13.048196,-23.185707,-7.438297,True
2021-11-09 15:05:00,-17.17,92,-18,-19.89,-15.048439,-24.87186,-9.848526,True,-22.19,-12.799645,-23.182007,-7.191191,True
2021-11-09 15:10:00,-17.38,92,-18,-20.03,-15.203332,-24.991632,-10.104212,True,-22.44,-12.891375,-23.224148,-7.366302,True
2021-11-09 15:15:00,-17.54,92,-18,-20.31,-15.355346,-25.168789,-10.249236,True,-22.79,-13.034045,-23.373575,-7.500152,True
2021-11-09 15:20:00,-17.66,92,-18,-20.35,-15.392189,-25.35065,-10.211697,True,-22.97,-12.980347,-23.474972,-7.3684726,True
2021-11-09 15:25:00,-18.17,92,-18,-20.39,-16.075085,-26.01019,-10.763464,True,-23.12,-13.8550005,-24.290642,-8.10566,True
2021-11-09 15:30:00,-18.48,92,-18,-20.45,-16.512648,-26.461393,-11.052753,True,-23.36,-14.431452,-24.87341,-8.522433,True
2021-11-09 15:35:00,-18.79,92,-18,-20.76,-16.914923,-26.842262,-11.361937,True,-23.4,-14.928699,-25.339691,-8.918057,True
2021-11-09 15:40:00,-19.2,92,-19,-20.97,-17.44366,-27.318243,-11.814755,True,-23.76,-15.585303,-25.925615,-9.489074,True
2021-11-09 15:45:00,-19.52,92,-19,-21.25,-17.788162,-27.676748,-12.136887,True,-24.27,-15.954458,-26.296097,-9.828657,True
2021-11-09 15:50:00,-19.72,92,-19,-21.54,-18.04182,-27.954882,-12.274316,True,-24.65,-16.262331,-26.62998,-10.009701,True
2021-11-09 15:55:00,-19.77,92,-19,-22.0,-17.908379,-27.971819,-12.208095,True,-24.84,-15.921606,-26.452469,-9.739711,True
2021-11-09 16:00:00,-19.76,92,-19,-22.29,-17.783733,-28.009548,-12.027411,True,-24.88,-15.662155,-26.37231,-9.435288,True
2021-11-09 16:05:00,-19.89,92,-19,-22.19,-17.76076,-28.192768,-11.951483,True,-25.54,-15.461755,-26.40708,-9.184869,True
2021-11-09 16:10:00,-20.03,92,-19,-22.44,-17.788778,-28.301643,-11.9403925,True,-26.11,-15.360114,-26.3989,-9.044212,True
2021-11-09 16:15:00,-20.31,92,-18,-22.79,-18.118904,-28.516602,-12.3488655,True,-27.1,-15.744116,-26.634794,-9.48483,False
2021-11-09 16:20:00,-20.35,92,-18,-22.97,-18.124195,-28.612923,-12.358785,True,-27.36,-15.712977,-26.674828,-9.454687,False
2021-11-09 16:25:00,-20.39,92,-18,-23.12,-18.106358,-28.746344,-12.325472,True,-27.94,-15.63095,-26.737776,-9.353127,False
2021-11-09 16:30:00,-20.45,92,-18,-23.36,-18.160221,-28.991703,-12.176727,True,-28.83,-15.673391,-26.984684,-9.203267,False
2021-11-09 16:35:00,-20.76,92,-17,-23.4,-18.55473,-29.494282,-12.350519,True,-29.85,-16.15835,-27.57933,-9.47128,False
2021-11-09 16:40:00,-20.97,92,-17,-23.76,-18.643713,-29.741447,-12.378829,True,-30.21,-16.105358,-27.69508,-9.364775,False
2021-11-09 16:45:00,-21.25,92,-18,-24.27,-18.739834,-30.08591,-12.315464,True,-30.75,-15.986685,-27.853039,-9.101865,False
2021-11-09 16:50:00,-21.54,92,-18,-24.65,-19.189636,-30.533037,-12.536403,True,-30.74,-16.61005,-28.46921,-9.491264,False
2021-11-09 16:55:00,-22.0,92,-18,-24.84,-19.913797,-31.054035,-13.182267,True,-30.88,-17.632706,-29.240034,-10.414466,False
2021-11-09 17:00:00,-22.29,92,-18,-24.88,-20.320868,-31.509943,-13.363554,True,-31.01,-18.169556,-29.825893,-10.720622,False
2021-11-09 17:05:00,-22.19,92,-18,-25.54,-20.045692,-31.36984,-13.075837,True,-31.2,-17.689604,-29.496714,-10.236965,False
2021-11-09 17:10:00,-22.44,92,-17,-26.11,-19.764389,-31.557966,-12.745539,True,-31.86,-16.811361,-29.131601,-9.3441725,False
2021-11-09 17:15:00,-22.79,92,-17,-27.1,-20.321774,-32.222763,-12.913765,True,-32.28,-17.599932,-30.032217,-9.747817,False
2021-11-09 17:20:00,-22.97,92,-18,-27.36,-20.836527,-32.52387,-13.280776,True,-32.66,-18.486464,-30.665913,-10.468643,False
2021-11-09 17:25:00,-23.12,92,-16,-27.94,-20.95131,-32.69094,-13.333785,True,-32.63,-18.55891,-30.787392,-10.484915,False
2021-11-09 17:30:00,-23.36,92,-15,-28.83,-21.068407,-33.007298,-13.31584,True,-32.48,-18.533897,-30.980555,-10.341349,False
2021-11-09 17:35:00,-23.4,92,-14,-29.85,-20.783125,-32.992054,-13.015979,True,-31.29,-17.871819,-30.625326,-9.683153,False
2021-11-09 17:40:00,-23.76,92,-13,-30.21,-21.04148,-33.350197,-13.237064,True,-29.58,-18.01327,-30.870733,-9.791031,True
2021-11-09 17:45:00,-24.27,92,-12,-30.75,-21.294336,-34.02327,-13.244309,True,-29.68,-17.959414,-31.294035,-9.528788,True
2021-11-09 17:50:00,-24.65,92,-12,-30.74,-21.50707,-34.441917,-13.292663,True,-30.48,-17.980787,-31.550112,-9.408916,True
2021-11-09 17:55:00,-24.84,92,-11,-30.88,-21.567036,-34.72063,-13.183184,True,-30.18,-17.89003,-31.700632,-9.169828,True
2021-11-09 18:00:00,-24.88,92,-11,-31.01,-21.856173,-34.973076,-13.2056875,True,-29.59,-18.465212,-32.231483,-9.475804,True
2021-11-09 18:05:00,-25.54,92,-10,-31.2,-22.488443,-35.87923,-13.581997,True,-28.37,-19.076027,-33.118347,-9.850605,True
2021-11-09 18:10:00,-26.11,92,-10,-31.86,-22.975355,-37.034363,-13.4915285,True,-27.91,-19.482834,-34.234314,-9.721625,True
2021-11-09 18:15:00,-27.1,92,-11,-32.28,-24.026756,-38.794273,-13.837666,True,-27.41,-20.613977,-36.11785,-10.188009,True
2021-11-09 18:20:00,-27.36,92,-11,-32.66,-24.450027,-39.55381,-13.8171,True,-27.24,-21.232275,-37.08973,-10.378369,True
2021-11-09 18:25:00,-27.94,92,-11,-32.63,-25.049492,-40.30666,-14.209046,True,-26.81,-21.860031,-37.860996,-10.810712,True
2021-11-09 18:30:00,-28.83,92,-11,-32.48,-26.27194,-41.013535,-15.468033,True,-26.16,-23.45669,-38.844547,-12.409757,True
2021-11-09 18:35:00,-29.85,92,-12,-31.29,-27.455063,-42.20747,-16.394709,True,-25.85,-24.830154,-40.193554,-13.533008,True
2021-11-09 18:40:00,-30.21,92,-12,-29.58,-28.171465,-43.120117,-16.593782,True,-26.28,-25.949587,-41.486652,-14.131064,True
2021-11-09 18:45:00,-30.75,92,-12,-29.68,-29.475924,-44.143234,-17.41344,True,-27.53,-28.099768,-43.256073,-15.752586,True
2021-11-09 18:50:00,-30.74,92,-12,-30.48,-29.934109,-44.880535,-17.266926,True,-26.74,-29.069721,-44.45313,-16.103886,True
2021-11-09 18:55:00,-30.88,92,-12,-30.18,-30.44586,-45.618153,-17.292343,True,-25.5,-29.981993,-45.542004,-16.515844,True
2021-11-09 19:00:00,-31.01,92,-12,-29.59,-31.110346,-46.353428,-17.474503,True,-25.12,-31.211397,-46.75622,-17.23751,True
2021-11-09 19:05:00,-31.2,92,-12,-28.37,-31.887583,-47.346603,-17.660383,True,-26.08,-32.599167,-48.258976,-18.004543,True
2021-11-09 19:10:00,-31.86,92,-13,-27.91,-32.82725,-48.31477,-18.295664,True,-25.81,-33.82237,-49.455326,-18.913597,True
2021-11-09 19:15:00,-32.28,92,-13,-27.41,-33.066414,-49.014675,-18.295805,True,-24.17,-33.87359,-49.990208,-18.751572,True
2021-11-09 19:20:00,-32.66,92,-13,-27.24,-32.91296,-48.670567,-18.501743,True,-25.18,-33.167625,-49.172867,-18.452158,True
2021-11-09 19:25:00,-32.63,92,-13,-26.81,-32.56256,-48.10846,-18.44787,True,-27.32,-32.483944,-48.316032,-18.099125,True
2021-11-09 19:30:00,-32.48,92,-13,-26.16,-32.33545,-47.283573,-18.56675,True,-25.53,-32.173874,-47.40238,-18.144958,True
2021-11-09 19:35:00,-31.29,92,-11,-25.85,-30.590439,-45.54412,-17.046522,True,-25.89,-29.851309,-45.156578,-16.094784,True
2021-11-09 19:40:00,-29.58,92,-10,-26.28,-28.218542,-43.653675,-14.917634,True,-25.64,-26.78162,-42.666386,-13.325223,True
2021-11-09 19:45:00,-29.68,92,-10,-27.53,-28.215229,-44.76704,-14.413423,True,-25.63,-26.68035,-43.720722,-12.762801,True
2021-11-09 19:50:00,-30.48,92,-11,-26.74,-29.359333,-46.33061,-15.146092,True,-24.1,-28.191559,-45.590965,-13.855202,True
2021-11-09 19:55:00,-30.18,92,-11,-25.5,-29.368437,-47.0334,-14.740819,True,-23.62,-28.528929,-46.573246,-13.777083,True
2021-11-09 20:00:00,-29.59,92,-11,-25.12,-29.305183,-46.822784,-14.633722,True,-23.18,-29.013933,-46.808933,-14.187202,True
2021-11-09 20:05:00,-28.37,92,-10,-26.08,-27.91492,-44.19504,-13.807761,True,-23.24,-27.44625,-44.020813,-13.199757,True
2021-11-09 20:10:00,-27.91,92,-10,-25.81,-26.989271,-42.886524,-13.244167,True,-23.49,-26.042664,-42.30763,-12.200497,True
2021-11-09 20:15:00,-27.41,92,-11,-24.17,-26.28896,-41.7029,-13.006357,True,-24.96,-25.129961,-40.922268,-11.767455,True
2021-11-09 20:20:00,-27.24,92,-11,-25.18,-26.0426,-41.255547,-13.034574,True,-25.1,-24.802702,-40.39011,-11.727951,True
2021-11-09 20:25:00,-26.81,92,-11,-27.32,-25.772604,-40.9845,-12.802003,True,-24.41,-24.703188,-40.25668,-11.668111,True
2021-11-09 20:30:00,-26.16,92,-11,-25.53,-25.562202,-40.661938,-12.404519,True,-23.36,-24.953249,-40.317158,-11.716071,True
2021-11-09 20:35:00,-25.85,92,-11,-25.89,-25.328089,-40.30234,-12.1827755,True,-23.2,-24.80042,-40.0157,-11.58197,True
2021-11-09 20:40:00,-26.28,92,-11,-25.64,-25.188072,-40.35575,-12.268822,True,-22.61,-24.07564,-39.562263,-11.132479,True
2021-11-09 20:45:00,-27.53,92,-12,-25.63,-25.786428,-41.545635,-13.14392,True,-23.74,-23.984179,-40.140087,-11.378313,True
2021-11-09 20:50:00,-26.74,92,-12,-24.1,-24.464802,-41.074593,-11.953335,True,-25.19,-22.100054,-39.208317,-9.691786,True
2021-11-09 20:55:00,-25.5,92,-11,-23.62,-22.762434,-39.92671,-10.4333105,True,-22.37,-19.905247,-37.673286,-7.741421,True
2021-11-09 21:00:00,-25.12,92,-11,-23.18,-21.624992,-39.085262,-9.589864,True,-22.85,-17.947174,-36.12619,-6.1574607,True
2021-11-09 21:05:00,-26.08,92,-12,-23.24,-22.387196,-39.93617,-10.290849,True,-22.98,-18.48339,-36.73719,-6.665956,True
2021-11-09 21:10:00,-25.81,92,-12,-23.49,-21.892662,-39.384113,-9.908498,True,-21.98,-17.727194,-35.92345,-6.053118,True
2021-11-09 21:15:00,-24.17,92,-11,-24.96,-20.226013,-37.53249,-8.430883,True,-20.67,-16.02507,-34.050957,-4.550319,True
2021-11-09 21:20:00,-25.18,92,-11,-25.1,-21.81419,-38.584846,-9.760351,True,-19.32,-18.24409,-35.599705,-6.4635577,True
2021-11-09 21:25:00,-27.32,92,-14,-24.41,-24.919027,-40.915344,-12.358694,True,-19.82,-22.389986,-38.770184,-10.024042,True
2021-11-09 21:30:00,-25.53,92,-14,-23.36,-23.845524,-39.70262,-10.933207,True,-20.07,-22.095951,-38.259052,-9.338024,True
2021-11-09 21:35:00,-25.89,92,-14,-23.2,-25.069891,-40.964794,-11.41949,True,-19.63,-24.237085,-40.296856,-10.690613,True
2021-11-09 21:40:00,-25.64,92,-15,-22.61,-25.187384,-41.18986,-11.200579,True,-18.35,-24.740244,-40.835938,-10.841314,True
2021-11-09 21:45:00,-25.63,92,-15,-23.74,-25.220312,-41.538067,-10.970359,True,-19.98,-24.825737,-41.218723,-10.673079,True
2021-11-09 21:50:00,-24.1,92,-15,-25.19,-23.35192,-39.815647,-9.51327,True,-19.84,-22.630615,-39.227818,-8.926473,True
2021-11-09 21:55:00,-23.62,92,-15,-22.37,-22.059221,-38.697987,-8.642299,True,-20.76,-20.525434,-37.43684,-7.3140683,True
2021-11-09 22:00:00,-23.18,92,-15,-22.85,-20.641832,-37.49978,-8.144618,True,-21.74,-18.102013,-35.386246,-5.895024,True
2021-11-09 22:05:00,-23.24,92,-16,-22.98,-19.909637,-37.231686,-8.008022,True,-22.39,-16.529924,-34.390633,-5.0004964,True
2021-11-09 22:10:00,-23.49,92,-17,-21.98,-19.848488,-38.27525,-7.8786407,True,-24.27,-16.121975,-35.168873,-4.5941606,True
2021-11-09 22:15:00,-24.96,92,-18,-20.67,-20.980803,-40.303303,-8.700242,True,-25.04,-16.881565,-36.872643,-5.1187425,True
2021-11-09 22:20:00,-25.1,92,-20,-19.32,-21.134895,-40.724297,-8.72363,True,-26.61,-17.045391,-37.3158,-5.1801877,True
2021-11-09 22:25:00,-24.41,92,-19,-19.82,-20.375322,-40.37209,-7.941685,True,-26.78,-16.215557,-36.94235,-4.365726,True
2021-11-09 22:30:00,-23.36,92,-18,-20.07,-19.30865,-39.50033,-6.9087863,True,-27.13,-15.137437,-36.081497,-3.3427203,True
2021-11-09 22:35:00,-23.2,92,-18,-19.63,-19.461483,-39.439102,-7.0472417,True,-28.15,-15.630262,-36.290318,-3.7956955,True
2021-11-09 22:40:00,-22.61,92,-18,-18.35,-19.60662,-39.034172,-7.1492257,True,-28.92,-16.55901,-36.50593,-4.608007,True
2021-11-09 22:45:00,-23.74,92,-18,-19.98,-21.549122,-40.932682,-8.54448,True,-29.19,-19.353785,-39.057278,-6.78507,True
2021-11-09 22:50:00,-25.19,92,-21,-19.84,-24.151558,-43.926804,-10.204712,True,-29.860003,-23.14881,-42.97708,-9.536023,True
2021-11-09 22:55:00,-22.37,92,-19,-20.76,-23.369085,-44.23481,-8.510077,True,-31.86,-24.455933,-44.861748,-9.726693,True
2021-11-09 23:00:00,-22.85,92,-19,-21.74,-25.683374,-46.502487,-9.921528,True,-33.01,-28.554277,-48.405,-12.739393,True
2021-11-09 23:05:00,-22.98,92,-20,-22.39,-26.873201,-47.41773,-10.609545,True,-34.78,-30.73279,-50.014782,-14.321614,True
2021-11-09 23:10:00,-21.98,92,-21,-24.27,-26.459085,-47.117256,-10.018977,True,-35.03,-30.871035,-50.054424,-14.241436,True
2021-11-09 23:15:00,-20.67,92,-20,-25.04,-25.585081,-47.341488,-8.8575945,True,-35.54,-30.426815,-50.483826,-13.461331,True
2021-11-09 23:20:00,-19.32,92,-20,-26.61,-24.554985,-46.64451,-7.823029,True,-34.84,-29.702442,-49.92381,-12.715561,True
2021-11-09 23:25:00,-19.82,92,-21,-26.78,-25.012287,-45.88883,-8.532025,True,-35.16,-30.070639,-49.150974,-13.377604,True
2021-11-09 23:30:00,-20.07,92,-22,-27.13,-25.627003,-46.583435,-8.941711,True,-35.47,-31.011612,-50.07105,-14.089068,True
2021-11-09 23:35:00,-19.63,92,-22,-28.15,-25.35553,-45.57024,-8.827947,True,-35.74,-30.875086,-49.16223,-14.129202,True
2021-11-09 23:40:00,-18.35,92,-21,-28.92,-23.732357,-43.58668,-7.590282,True,-37.29,-28.944033,-46.95028,-12.642912,True
2021-11-09 23:45:00,-19.98,92,-22,-29.19,-25.166773,-44.623573,-8.99708,True,-37.26,-30.152452,-47.890713,-13.849754,True
2021-11-09 23:50:00,-19.84,92,-23,-29.860003,-24.788187,-43.91951,-8.852745,True,-36.03,-29.565254,-47.07269,-13.535671,True
2021-11-09 23:55:00,-20.76,92,-23,-31.86,-25.601652,-44.129433,-9.837723,True,-35.3,-30.247559,-47.22617,-14.413149,True
2021-11-10 00:00:00,-21.74,92,-24,-33.01,-26.238241,-43.955017,-10.745034,True,-34.61,-30.5075,-46.820385,-14.988626,True
2021-11-10 00:05:00,-22.39,92,-25,-34.78,-26.881842,-44.14928,-11.519364,True,-32.94,-31.10582,-47.004967,-15.731059,True
2021-11-10 00:10:00,-24.27,92,-25,-35.03,-28.925821,-44.66731,-13.485955,True,-31.75,-33.148075,-47.591175,-17.703154,True
2021-11-10 00:15:00,-25.04,92,-26,-35.54,-29.657057,-44.77526,-14.136061,True,-31.0,-33.734486,-47.590508,-18.220339,True
2021-11-10 00:20:00,-26.61,92,-27,-34.84,-30.815645,-45.164047,-15.398298,True,-29.53,-34.444336,-47.69003,-19.076105,True
2021-11-10 00:25:00,-26.78,92,-28,-35.16,-30.485922,-44.614647,-15.426756,True,-29.47,-33.65822,-46.804195,-18.692802,True
2021-11-10 00:30:00,-27.13,92,-27,-35.47,-30.062641,-44.08884,-15.428378,True,-29.23,-32.554104,-45.75635,-18.070784,True
2021-11-10 00:35:00,-28.15,92,-27,-35.74,-30.2872,-44.041573,-15.925191,True,-28.0,-32.072758,-45.153343,-17.912817,True
2021-11-10 00:40:00,-28.92,92,-28,-37.29,-30.016521,-43.864662,-16.043049,True,-26.93,-30.911758,-44.240234,-17.203346,True
2021-11-10 00:45:00,-29.19,92,-28,-37.26,-29.318758,-43.14905,-16.136518,True,-26.25,-29.39773,-42.842854,-16.54753,True
2021-11-10 00:50:00,-29.860003,92,-28,-36.03,-29.048323,-42.78865,-16.723051,True,-25.92,-28.313002,-41.785503,-16.387863,True
2021-11-10 00:55:00,-31.86,92,-28,-35.3,-30.393711,-43.915726,-18.31586,True,-25.45,-29.078213,-42.38693,-17.446936,True
2021-11-10 01:00:00,-33.01,92,-29,-34.61,-30.936367,-44.067535,-19.508728,True,-24.19,-29.070307,-42.023834,-18.13386,True
2021-11-10 01:05:00,-34.78,92,-29,-32.94,-32.167885,-45.30843,-20.953667,True,-23.54,-29.811037,-42.785625,-19.130068,True
2021-11-10 01:10:00,-35.03,92,-29,-31.75,-32.166336,-45.41446,-21.235346,True,-22.95,-29.570986,-42.66553,-19.203558,True
2021-11-10 01:15:00,-35.54,92,-29,-31.0,-32.363396,-45.347347,-21.74085,True,-22.58,-29.480366,-42.31402,-19.442923,True
2021-11-10 01:20:00,-34.84,92,-29,-29.53,-31.276407,-44.463158,-20.85579,True,-23.66,-28.034399,-41.08261,-18.226227,True
2021-11-10 01:25:00,-35.16,92,-28,-29.47,-31.595331,-44.547905,-21.511887,True,-23.49,-28.331566,-41.128582,-18.866571,True
2021-11-10 01:30:00,-35.47,92,-28,-29.23,-31.881184,-44.544598,-22.111263,True,-21.7,-28.581203,-41.07139,-19.434206,True
2021-11-10 01:35:00,-35.74,92,-27,-28.0,-31.989748,-44.743587,-22.44441,True,-21.24,-28.528534,-41.106888,-19.620903,True
2021-11-10 01:40:00,-37.29,92,-27,-26.93,-33.290268,-46.169025,-23.777052,True,-20.62,-29.59215,-42.27395,-20.745985,False
2021-11-10 01:45:00,-37.26,92,-29,-26.25,-33.629738,-46.231693,-24.196438,True,-20.31,-30.256985,-42.651905,-21.473759,False
2021-11-10 01:50:00,-36.03,92,-27,-25.92,-32.613525,-45.05582,-23.232912,True,-19.94,-29.435982,-41.68011,-20.687489,False
2021-11-10 01:55:00,-35.3,92,-27,-25.45,-32.173508,-44.372772,-22.809656,True,-19.5,-29.262941,-41.26305,-20.513332,False
2021-11-10 02:00:00,-34.61,92,-26,-24.19,-31.69196,-43.768288,-22.351616,True,-19.7,-28.965689,-40.83196,-20.22452,False
2021-11-10 02:05:00,-32.94,92,-25,-23.54,-30.178493,-42.290565,-20.931374,True,-19.88,-27.591211,-39.502216,-18.930006,True
2021-11-10 02:10:00,-31.75,92,-24,-22.95,-28.983938,-41.12553,-19.850496,True,-19.76,-26.398369,-38.34945,-17.850063,True
2021-11-10 02:15:00,-31.0,92,-23,-22.58,-28.101606,-40.356907,-18.944996,True,-20.17,-25.401232,-37.476315,-16.843359,True
2021-11-10 02:20:00,-29.53,92,-22,-23.66,-26.78439,-38.893333,-17.89275,True,-20.51,-24.23146,-36.167774,-15.920303,True
2021-11-10 02:25:00,-29.47,92,-22,-23.49,-26.698046,-38.72229,-18.050865,True,-20.7,-24.126942,-35.9783,-16.060495,True
2021-11-10 02:30:00,-29.23,92,-22,-21.7,-26.523731,-38.58438,-17.514084,True,-21.56,-24.02566,-35.91246,-15.5932255,True
2021-11-10 02:35:00,-28.0,92,-21,-21.24,-25.378448,-37.460114,-16.451342,True,-21.96,-22.96217,-34.88003,-14.606733,True
2021-11-10 02:40:00,-26.93,92,-20,-20.62,-24.355188,-36.380024,-15.5839405,True,-22.32,-21.984283,-33.852764,-13.780026,True
2021-11-10 02:45:00,-26.25,92,-20,-20.31,-23.533804,-35.578186,-14.991721,True,-22.02,-21.026455,-32.928425,-13.061499,True
2021-11-10 02:50:00,-25.92,92,-19,-19.94,-23.179153,-35.073383,-15.051744,True,-22.38,-20.639942,-32.392895,-13.091017,True
2021-11-10 02:55:00,-25.45,92,-19,-19.5,-22.81838,-34.67081,-14.765394,True,-22.43,-20.380423,-32.08986,-12.899259,True
2021-11-10 03:00:00,-24.19,92,-18,-19.7,-21.57293,-33.527687,-13.7385,True,-22.87,-19.143517,-30.97018,-11.88251,True
2021-11-10 03:05:00,-23.54,92,-17,-19.88,-20.811604,-32.815964,-13.264965,True,-22.8,-18.266747,-30.153692,-11.307728,True
2021-11-10 03:10:00,-22.95,92,-17,-19.76,-19.700153,-32.274094,-12.384335,True,-22.58,-16.649271,-29.16163,-9.962936,True
2021-11-10 03:15:00,-22.58,92,-16,-20.17,-19.1421,-32.115517,-11.9611225,True,-21.8,-15.896294,-28.831043,-9.368751,True
2021-11-10 03:20:00,-23.66,92,-18,-20.51,-20.226439,-33.175865,-13.009169,True,-21.23,-16.977434,-29.876873,-10.42599,True
2021-11-10 03:25:00,-23.49,92,-19,-20.7,-19.842762,-32.89156,-12.701529,True,-20.77,-16.389778,-29.417768,-9.934359,True
2021-11-10 03:30:00,-21.7,92,-17,-21.56,-18.492052,-31.858372,-11.245579,True,-19.89,-15.446198,-28.773905,-8.854966,True
2021-11-10 03:35:00,-21.24,92,-16,-21.96,-18.84631,-31.914,-11.407058,True,-19.83,-16.568476,-29.506165,-9.716959,True
2021-11-10 03:40:00,-20.62,92,-15,-22.32,-19.221346,-31.510265,-11.754742,True,-19.19,-17.888186,-29.933062,-10.922399,True
2021-11-10 03:45:00,-20.31,92,-15,-22.02,-19.124382,-31.067907,-11.564434,True,-19.34,-17.994333,-29.670145,-10.912946,True
2021-11-10 03:50:00,-19.94,92,-14,-22.38,-19.101824,-31.545948,-11.133444,True,-19.25,-18.299107,-30.411633,-10.781875,True
2021-11-10 03:55:00,-19.5,92,-14,-22.43,-19.70199,-32.09213,-11.241236,True,-19.17,-19.872295,-31.757668,-11.77364,True
2021-11-10 04:00:00,-19.7,92,-14,-22.87,-20.593534,-31.48101,-12.086356,True,-19.43,-21.3776,-31.701685,-13.191127,True
2021-11-10 04:05:00,-19.88,92,-14,-22.8,-21.14335,-31.738441,-12.263425,True,-19.39,-22.240183,-32.21468,-13.64698,True
2021-11-10 04:10:00,-19.76,92,-14,-22.58,-21.174719,-31.636896,-12.14747,True,-20.74,-22.390036,-32.203133,-13.6351595,True
2021-11-10 04:15:00,-20.17,92,-13,-21.8,-21.749514,-31.92587,-12.471966,True,-21.27,-23.084707,-32.59334,-14.062374,True
2021-11-10 04:20:00,-20.51,92,-14,-21.23,-22.065357,-32.169125,-12.650792,True,-21.54,-23.35645,-32.79088,-14.189674,True
2021-11-10 04:25:00,-20.7,92,-14,-20.77,-21.689783,-31.957277,-12.221307,True,-22.4,-22.471321,-32.159443,-13.275724,True
2021-11-10 04:30:00,-21.56,92,-14,-19.89,-21.777283,-31.9792,-12.632908,True,-22.73,-21.878506,-31.636087,-13.054042,True
2021-11-10 04:35:00,-21.96,92,-15,-19.83,-21.90252,-31.967794,-12.896475,True,-22.81,-21.75799,-31.422096,-13.087797,True
2021-11-10 04:40:00,-22.32,92,-15,-19.19,-21.381392,-31.759598,-12.765573,True,-22.97,-20.467459,-30.55822,-12.240077,True
2021-11-10 04:45:00,-22.02,92,-15,-19.34,-19.838352,-30.832235,-12.159431,True,-22.94,-17.810242,-28.661335,-10.613377,True
2021-11-10 04:50:00,-22.38,92,-16,-19.25,-19.547094,-31.050066,-12.497661,True,-22.72,-16.902094,-28.328638,-10.390253,True
2021-11-10 04:55:00,-22.43,92,-16,-19.17,-19.462145,-31.383596,-12.485159,True,-22.21,-16.658012,-28.518042,-10.242327,True
2021-11-10 05:00:00,-22.87,92,-16,-19.43,-20.099567,-32.33492,-12.905711,True,-22.82,-17.45066,-29.612217,-10.816343,True
2021-11-10 05:05:00,-22.8,92,-17,-19.39,-20.45683,-32.986744,-12.883319,True,-23.58,-18.188137,-30.605167,-11.144636,True
2021-11-10 05:10:00,-22.58,92,-18,-20.74,-20.415295,-33.296932,-12.592008,True,-24.2,-18.304766,-31.066565,-10.994976,True
2021-11-10 05:15:00,-21.8,92,-17,-21.27,-19.85973,-31.974049,-12.500975,True,-24.7,-17.958761,-29.94423,-11.083888,True
2021-11-10 05:20:00,-21.23,92,-17,-21.54,-19.658094,-30.865278,-12.58688,True,-24.84,-18.104021,-29.152927,-11.472746,True
2021-11-10 05:25:00,-20.77,92,-16,-22.4,-19.529549,-30.564548,-12.2708845,True,-25.0,-18.281826,-29.11773,-11.430028,True
2021-11-10 05:30:00,-19.89,92,-15,-22.73,-19.463121,-31.151926,-11.181524,True,-25.41,-18.967623,-30.318064,-11.012223,True
2021-11-10 05:35:00,-19.83,92,-15,-22.81,-20.549864,-32.65815,-11.013328,True,-25.71,-21.109064,-32.66169,-11.772458,True
2021-11-10 05:40:00,-19.19,92,-14,-22.97,-21.045233,-32.611736,-10.993825,True,-25.76,-22.629332,-33.431572,-12.664615,True
2021-11-10 05:45:00,-19.34,92,-14,-22.94,-21.798618,-33.306175,-11.156724,True,-25.9,-23.914658,-34.54106,-13.28812,True
2021-11-10 05:50:00,-19.25,92,-14,-22.72,-22.217844,-33.62414,-11.159092,True,-26.32,-24.780565,-35.20936,-13.679001,True
2021-11-10 05:55:00,-19.17,92,-14,-22.21,-22.177044,-33.77407,-10.94702,True,-26.77,-24.77272,-35.37968,-13.4763,True
2021-11-10 06:00:00,-19.43,92,-13,-22.82,-22.395113,-34.460674,-10.72333,True,-27.99,-24.950937,-36.01401,-13.195149,True
2021-11-10 06:05:00,-19.39,92,-13,-23.58,-22.393314,-34.647327,-10.562601,True,-28.15,-24.985748,-36.218994,-13.050867,True
2021-11-10 06:10:00,-20.74,92,-12,-24.2,-23.828995,-35.817135,-11.68929,True,-28.79,-26.483553,-37.46348,-14.225659,True
2021-11-10 06:15:00,-21.27,92,-13,-24.7,-24.658884,-37.346504,-11.686024,True,-29.14,-27.570492,-39.15374,-14.416783,True
2021-11-10 06:20:00,-21.54,92,-14,-24.84,-25.400124,-38.90958,-11.46021,True,-28.73,-28.724203,-40.977417,-14.51679,True
2021-11-10 06:25:00,-22.4,92,-14,-25.0,-26.736435,-40.375774,-12.124806,True,-28.03,-30.463764,-42.73807,-15.510539,True
2021-11-10 06:30:00,-22.73,92,-14,-25.41,-27.472181,-41.36126,-12.205751,True,-27.23,-31.545511,-43.968525,-15.86714,True
2021-11-10 06:35:00,-22.81,92,-14,-25.71,-27.974377,-41.622467,-12.499875,True,-26.87,-32.40014,-44.491806,-16.462673,True
2021-11-10 06:40:00,-22.97,92,-13,-25.76,-28.624771,-41.948627,-12.904781,True,-26.83,-33.45278,-45.119637,-17.216576,True
2021-11-10 06:45:00,-22.94,92,-13,-25.9,-29.10638,-42.632996,-12.919711,True,-27.27,-34.35106,-46.0758,-17.574472,True
2021-11-10 06:50:00,-22.72,92,-13,-26.32,-29.384066,-43.048546,-12.920712,True,-28.15,-35.019184,-46.726887,-17.904552,True
2021-11-10 06:55:00,-22.21,92,-12,-26.77,-29.565592,-43.00325,-12.793603,True,-28.48,-35.73007,-47.02939,-18.244928,True
2021-11-10 07:00:00,-22.82,92,-12,-27.99,-30.407759,-42.413937,-13.864554,True,-28.78,-36.67121,-46.612507,-19.454466,True
2021-11-10 07:05:00,-23.58,92,-13,-28.15,-31.154655,-42.28397,-14.572369,True,-28.67,-37.31961,-46.493805,-20.108133,True
2021-11-10 07:10:00,-24.2,92,-14,-28.79,-31.675297,-42.149094,-15.039834,True,-28.32,-37.65838,-46.27885,-20.444183,True
2021-11-10 07:15:00,-24.7,92,-16,-29.14,-32.01257,-42.151497,-15.286614,True,-27.93,-37.77288,-46.143337,-20.510769,True
2021-11-10 07:20:00,-24.84,92,-17,-28.73,-31.826143,-41.644234,-15.164962,True,-27.82,-37.259422,-45.42556,-20.118135,True
2021-11-10 07:25:00,-25.0,92,-18,-28.03,-31.039776,-41.171177,-14.544939,True,-27.99,-35.72867,-44.415237,-18.827465,True
2021-11-10 07:30:00,-25.41,92,-18,-27.23,-30.656534,-41.507366,-13.924043,True,-28.26,-34.73843,-44.30161,-17.640482,True
2021-11-10 07:35:00,-25.71,92,-19,-26.87,-30.07664,-41.21289,-13.579612,True,-28.48,-33.488167,-43.53121,-16.689953,True
2021-11-10 07:40:00,-25.76,92,-20,-26.83,-29.309809,-40.452316,-13.465299,True,-28.51,-32.08622,-42.31177,-16.010437,True
2021-11-10 07:45:00,-25.9,92,-20,-27.27,-28.662128,-39.0015,-13.981444,True,-28.38,-30.802582,-40.41915,-15.9762745,True
2021-11-10 07:50:00,-26.32,92,-20,-28.15,-28.53163,-37.802517,-15.030118,True,-28.49,-30.208996,-38.902588,-16.627703,True
2021-11-10 07:55:00,-26.77,92,-20,-28.48,-28.801668,-37.200104,-16.084776,True,-27.86,-30.31433,-38.19672,-17.54459,True
2021-11-10 08:00:00,-27.99,92,-21,-28.78,-29.38438,-37.52104,-17.0347,True,-27.92,-30.362331,-38.109035,-18.010841,True
2021-11-10 08:05:00,-28.15,92,-22,-28.67,-29.279003,-37.39166,-17.037638,True,-27.95,-30.040571,-37.819817,-17.81546,True
2021-11-10 08:10:00,-28.79,92,-22,-28.32,-29.724806,-37.736794,-17.417461,True,-28.02,-30.327667,-38.053196,-18.049055,True
2021-11-10 08:15:00,-29.14,92,-23,-27.93,-29.939507,-37.854023,-17.722252,True,-27.97,-30.432686,-38.096165,-18.25196,True
2021-11-10 08:20:00,-28.73,92,-24,-27.82,-29.255562,-37.24738,-17.368776,True,-28.01,-29.523579,-37.31355,-17.694569,True
2021-11-10 08:25:00,-28.03,92,-24,-27.99,-27.974682,-36.21612,-16.615536,True,-27.1,-27.752323,-35.882637,-16.500914,True
2021-11-10 08:30:00,-27.23,92,-25,-28.26,-26.476297,-35.3228,-15.5250225,True,-27.12,-25.644018,-34.484592,-14.863373,True
2021-11-10 08:35:00,-26.87,92,-24,-28.48,-25.544996,-34.84751,-14.951339,True,-26.93,-24.199312,-33.586514,-13.831473,True
2021-11-10 08:40:00,-26.83,92,-23,-28.51,-25.129135,-34.603046,-14.935389,True,-26.0,-23.436481,-33.05872,-13.5069275,True
2021-11-10 08:45:00,-27.27,92,-24,-28.38,-25.332752,-34.864803,-15.241352,True,-24.57,-23.422606,-33.145596,-13.618341,True
2021-11-10 08:50:00,-28.15,92,-24,-28.49,-26.062494,-35.54607,-15.785044,True,-24.49,-24.018732,-33.71982,-14.041157,True
2021-11-10 08:55:00,-28.48,92,-25,-27.86,-26.413301,-35.797485,-15.969848,True,-22.1,-24.391035,-33.99765,-14.242429,True
2021-11-10 09:00:00,-28.78,92,-25,-27.92,-26.939493,-36.021015,-16.27767,True,-21.31,-25.131355,-34.41439,-14.733442,True
2021-11-10 09:05:00,-28.67,92,-26,-27.95,-27.01455,-35.868385,-16.26408,True,-21.35,-25.378801,-34.42123,-14.866163,True
2021-11-10 09:10:00,-28.32,92,-26,-28.02,-26.683271,-35.682285,-15.537902,True,-20.49,-25.066969,-34.268776,-14.152448,True
2021-11-10 09:15:00,-27.93,92,-25,-27.97,-26.402168,-35.69808,-14.733077,True,-19.43,-24.886202,-34.38975,-13.432792,True
2021-11-10 09:20:00,-27.82,92,-25,-28.01,-26.428347,-35.501602,-14.84911,True,-18.44,-25.04076,-34.316147,-13.654718,True
2021-11-10 09:25:00,-27.99,92,-25,-27.1,-26.782637,-35.41748,-15.379555,True,-18.46,-25.571001,-34.3914,-14.333616,True
2021-11-10 09:30:00,-28.26,92,-26,-27.12,-27.128595,-35.486893,-15.783417,True,-19.01,-25.996088,-34.539116,-14.802448,True
2021-11-10 09:35:00,-28.48,92,-26,-26.93,-27.566381,-35.698498,-16.197739,True,-19.46,-26.633823,-34.9328,-15.388589,True
2021-11-10 09:40:00,-28.51,92,-27,-26.0,-27.908085,-35.728527,-16.705027,True,-19.32,-27.254492,-35.21164,-16.137234,True
2021-11-10 09:45:00,-28.38,92,-27,-24.57,-28.081457,-35.585724,-16.970814,True,-19.27,-27.697561,-35.307915,-16.638296,True
2021-11-10 09:50:00,-28.49,92,-27,-24.49,-28.201204,-35.552624,-17.23839,True,-19.32,-27.830904,-35.299435,-16.912779,True
2021-11-10 09:55:00,-27.86,92,-27,-22.1,-27.547611,-34.843983,-16.867992,True,-19.26,-27.160927,-34.590168,-16.52222,True
2021-11-10 10:00:00,-27.92,92,-27,-21.31,-26.732914,-34.387276,-16.41787,True,-19.03,-25.587639,-33.50614,-15.382286,True
2021-11-10 10:05:00,-27.95,92,-26,-21.35,-25.544228,-34.208733,-15.153656,True,-19.14,-23.313242,-32.42151,-13.146232,True
2021-11-10 10:10:00,-28.02,92,-26,-20.49,-24.7436,-34.08906,-14.561597,True,-18.7,-21.707323,-31.62389,-11.840147,True
2021-11-10 10:15:00,-27.97,92,-26,-19.43,-24.212435,-33.862545,-14.529894,True,-18.29,-20.709574,-30.994745,-11.3925705,True
2021-11-10 10:20:00,-28.01,92,-26,-18.44,-24.47209,-33.50283,-15.753223,True,-18.25,-21.15363,-30.762213,-12.755413,True
2021-11-10 10:25:00,-27.1,92,-26,-18.46,-24.183123,-32.394917,-16.421638,True,-17.74,-21.417377,-30.124304,-13.888192,True
2021-11-10 10:30:00,-27.12,92,-26,-19.01,-24.696049,-32.243366,-17.72658,True,-17.31,-22.38981,-30.356133,-15.587912,True
2021-11-10 10:35:00,-26.93,92,-26,-19.46,-24.891642,-32.015503,-18.278275,True,-17.34,-22.95039,-30.446283,-16.458418,True
2021-11-10 10:40:00,-26.0,92,-26,-19.32,-24.436047,-31.328638,-17.905834,True,-17.44,-22.940649,-30.167482,-16.481655,True
2021-11-10 10:45:00,-24.57,92,-25,-19.27,-23.373297,-30.254503,-16.870426,True,-17.55,-22.216957,-29.411764,-15.746043,True
2021-11-10 10:50:00,-24.49,92,-25,-19.32,-23.445393,-30.301676,-16.774403,True,-17.45,-22.43756,-29.59925,-15.779041,True
2021-11-10 10:55:00,-22.1,92,-24,-19.26,-21.093306,-28.16813,-14.782974,True,-17.13,-20.11174,-27.501122,-13.800288,True
2021-11-10 11:00:00,-21.31,92,-22,-19.03,-19.901163,-27.187746,-14.125522,True,-16.57,-18.543356,-26.191511,-12.786371,True
2021-11-10 11:05:00,-21.35,92,-22,-19.14,-19.371408,-26.868029,-14.289432,True,-16.33,-17.476585,-25.381727,-12.443855,True
2021-11-10 11:10:00,-20.49,92,-21,-18.7,-18.043398,-25.797567,-13.731753,True,-16.57,-15.684213,-23.890297,-11.436985,True
2021-11-10 11:15:00,-19.43,92,-21,-18.29,-16.036423,-24.407333,-12.3083,True,-16.91,-12.728547,-21.659498,-9.116397,True
2021-11-10 11:20:00,-18.44,92,-21,-18.25,-14.104938,-23.804335,-9.615231,True,-17.03,-9.85382,-20.332016,-5.586599,True
2021-11-10 11:25:00,-18.46,92,-20,-17.74,-13.842039,-24.149288,-9.030648,True,-17.11,-9.290883,-20.475227,-4.7476563,True
2021-11-10 11:30:00,-19.01,92,-20,-17.31,-14.336137,-24.798334,-9.276129,True,-16.82,-9.712037,-21.088484,-4.928986,True
2021-11-10 11:35:00,-19.46,92,-20,-17.34,-14.780549,-25.097897,-9.76376,True,-16.16,-10.141378,-21.362253,-5.384664,True
2021-11-10 11:40:00,-19.32,92,-21,-17.44,-14.770149,-24.785465,-10.004644,True,-15.6,-10.2565565,-21.122786,-5.7155366,True
2021-11-10 11:45:00,-19.27,92,-20,-17.55,-14.796657,-24.748243,-10.214949,True,-15.22,-10.361241,-21.147324,-5.988748,True
2021-11-10 11:50:00,-19.32,92,-20,-17.45,-15.058042,-25.03077,-10.131613,True,-14.85,-10.830601,-21.660387,-6.089414,True
2021-11-10 11:55:00,-19.26,92,-20,-17.13,-15.432913,-25.26734,-9.893337,True,-14.85,-11.646329,-22.32234,-6.247768,True
2021-11-10 12:00:00,-19.03,92,-20,-16.57,-15.90908,-25.477196,-9.892754,True,-15.07,-12.833434,-23.170433,-6.889008,True
2021-11-10 12:05:00,-19.14,92,-20,-16.33,-16.980494,-25.996405,-10.631817,True,-14.97,-14.86686,-24.51666,-8.491315,True
2021-11-10 12:10:00,-18.7,92,-20,-16.57,-17.587412,-26.140274,-10.843761,True,-14.83,-16.502722,-25.543266,-9.635841,True
2021-11-10 12:15:00,-18.29,92,-19,-16.91,-17.939215,-26.178495,-10.919113,True,-14.69,-17.596312,-26.209066,-10.385946,True
2021-11-10 12:20:00,-18.25,92,-19,-17.03,-18.106234,-26.204836,-11.07331,True,-14.839999,-17.971199,-26.40779,-10.727315,True
2021-11-10 12:25:00,-17.74,92,-19,-17.11,-17.892965,-25.936537,-10.890748,True,-15.13,-18.0467,-26.381292,-10.805801,True
2021-11-10 12:30:00,-17.31,92,-18,-16.82,-17.668428,-25.589483,-10.857739,True,-15.17,-18.0227,-26.200974,-10.949905,True
2021-11-10 12:35:00,-17.34,92,-18,-16.16,-17.513063,-25.366274,-11.107115,True,-15.32,-17.699724,-25.83322,-11.036623,True
2021-11-10 12:40:00,-17.44,92,-19,-15.6,-16.960272,-24.953371,-11.335554,True,-15.09,-16.522715,-24.8788,-10.671089,True
2021-11-10 12:45:00,-17.55,92,-19,-15.22,-16.288666,-24.541592,-11.405084,True,-15.17,-15.08568,-23.785646,-10.008329,True
2021-11-10 12:50:00,-17.45,92,-19,-14.85,-15.792466,-24.197012,-11.487789,True,-15.37,-14.18276,-23.069263,-9.693076,True
2021-11-10 12:55:00,-17.13,92,-19,-14.85,-15.066743,-23.639606,-11.322264,True,-15.63,-13.031637,-22.122036,-9.10734,True
2021-11-10 13:00:00,-16.57,92,-19,-15.07,-14.139764,-22.902723,-10.862207,True,-15.59,-11.710816,-21.020523,-8.259044,True
2021-11-10 13:05:00,-16.33,92,-20,-14.97,-13.748596,-22.520817,-10.8282,True,-16.07,-11.1489105,-20.463928,-8.039199,True
2021-11-10 13:10:00,-16.57,92,-20,-14.83,-13.970409,-22.628586,-11.337529,True,-16.28,-11.343406,-20.513582,-8.495761,True
2021-11-10 13:15:00,-16.91,92,-21,-14.69,-14.2939415,-22.930618,-11.81745,True,-16.43,-11.645576,-20.774502,-8.944344,True
2021-11-10 13:20:00,-17.03,92,-21,-14.839999,-14.450724,-23.06496,-12.193889,True,-16.53,-11.835682,-20.919563,-9.3389015,True
2021-11-10 13:25:00,-17.11,92,-21,-15.13,-14.388784,-23.107048,-12.272729,True,-16.76,-11.615851,-20.811256,-9.256418,True
2021-11-10 13:30:00,-16.82,92,-22,-15.17,-13.938318,-22.802252,-11.848142,True,-17.13,-10.981694,-20.34562,-8.648269,True
2021-11-10 13:35:00,-16.16,92,-21,-15.32,-13.055129,-22.09273,-11.026328,True,-17.49,-9.851038,-19.414719,-7.5720363,True
2021-11-10 13:40:00,-15.6,92,-21,-15.09,-12.234408,-21.48699,-10.312179,True,-17.64,-8.745051,-18.547132,-6.57762,True
2021-11-10 13:45:00,-15.22,92,-21,-15.17,-11.652777,-21.065203,-9.82068,True,-17.58,-7.937779,-17.917355,-5.8564105,True
2021-11-10 13:50:00,-14.85,92,-21,-15.37,-11.197778,-20.731335,-9.338173,True,-17.77,-7.3813252,-17.500217,-5.2671876,False
2021-11-10 13:55:00,-14.85,92,-21,-15.63,-11.034898,-20.72299,-9.129135,True,-18.11,-7.0345683,-17.32952,-4.8804097,False
2021-11-10 14:00:00,-15.07,92,-21,-15.59,-11.293538,-20.960983,-9.3574295,True,-18.37,-7.3255353,-17.591993,-5.1232686,False
2021-11-10 14:05:00,-14.97,92,-21,-16.07,-11.0960045,-20.861876,-9.087548,True,-18.66,-7.015199,-17.39377,-4.742973,False
2021-11-10 14:10:00,-14.83,92,-20,-16.28,-10.963934,-20.821419,-8.727972,True,-18.99,-6.8749747,-17.383099,-4.378883,False
2021-11-10 14:15:00,-14.69,92,-20,-16.43,-11.008713,-20.813234,-8.600365,True,-19.07,-7.1029773,-17.563902,-4.4217725,False
2021-11-10 14:20:00,-14.839999,92,-20,-16.53,-11.494483,-21.174686,-8.806452,True,-18.77,-7.9408917,-18.258905,-4.964351,False
2021-11-10 14:25:00,-15.13,92,-20,-16.76,-12.163471,-21.65676,-9.2680645,True,-18.37,-9.002613,-19.107586,-5.792524,True
2021-11-10 14:30:00,-15.17,92,-20,-17.13,-12.42746,-21.838594,-9.322469,True,-18.67,-9.50035,-19.51845,-6.064631,True
2021-11-10 14:35:00,-15.32,92,-20,-17.49,-12.463017,-21.96949,-9.337696,True,-18.72,-9.403112,-19.539383,-5.9465957,True
2021-11-10 14:40:00,-15.09,92,-20,-17.64,-12.151089,-21.856886,-8.841869,True,-18.49,-8.994666,-19.374866,-5.3605437,True
2021-11-10 14:45:00,-15.17,92,-19,-17.58,-12.179879,-22.080854,-8.687454,True,-18.4,-8.95916,-19.572235,-5.1453013,True
2021-11-10 14:50:00,-15.37,92,-19,-17.77,-12.445885,-22.500261,-8.676907,True,-18.14,-9.286805,-20.082737,-5.2009807,True
2021-11-10 14:55:00,-15.63,92,-19,-18.11,-12.855847,-22.747305,-9.10518,True,-18.2,-9.852467,-20.458712,-5.7558913,True
2021-11-10 15:00:00,-15.59,92,-19,-18.37,-12.857938,-22.687279,-9.139824,True,-18.39,-9.890483,-20.422075,-5.8186345,True
2021-11-10 15:05:00,-16.07,92,-19,-18.66,-13.46898,-23.159548,-9.761256,True,-18.63,-10.640056,-20.99597,-6.5541596,True
2021-11-10 15:10:00,-16.28,92,-19,-18.99,-13.656024,-23.39665,-9.890166,True,-18.86,-10.796446,-21.199312,-6.6544585,True
2021-11-10 15:15:00,-16.43,92,-19,-19.07,-14.018367,-23.69353,-10.086165,True,-18.9,-11.387971,-21.705341,-7.060229,True
2021-11-10 15:20:00,-16.53,92,-19,-18.77,-14.140291,-23.89762,-10.059186,True,-19.33,-11.528426,-21.939987,-7.047155,True
2021-11-10 15:25:00,-16.76,92,-19,-18.37,-14.39029,-24.363274,-9.960653,True,-19.59,-11.793955,-22.453037,-6.979817,True
2021-11-10 15:30:00,-17.13,92,-19,-18.67,-14.886025,-24.916187,-10.166667,True,-19.85,-12.426173,-23.148428,-7.311605,True
2021-11-10 15:35:00,-17.49,92,-19,-18.72,-15.334235,-25.431911,-10.355883,True,-19.98,-12.972351,-23.760954,-7.598637,True
2021-11-10 15:40:00,-17.64,92,-19,-18.49,-15.525178,-25.428669,-10.620904,True,-20.09,-13.204928,-23.773422,-7.8790126,True
2021-11-10 15:45:00,-17.58,92,-19,-18.4,-15.438418,-25.106796,-10.66849,True,-20.26,-13.082113,-23.391508,-7.8706174,True
2021-11-10 15:50:00,-17.77,92,-20,-18.14,-15.685805,-25.161957,-11.02226,True,-20.42,-13.386908,-23.467077,-8.257568,True
2021-11-10 15:55:00,-18.11,92,-20,-18.2,-16.067244,-25.635906,-11.431772,True,-20.15,-13.808882,-23.956875,-8.710385,True
2021-11-10 16:00:00,-18.37,92,-19,-18.39,-16.232723,-25.97933,-11.582866,True,-19.09,-13.8636265,-24.203398,-8.75175,True
2021-11-10 16:05:00,-18.66,92,-20,-18.63,-16.600452,-26.305428,-11.953592,True,-20.07,-14.311286,-24.590223,-9.194216,True
2021-11-10 16:10:00,-18.99,92,-20,-18.86,-16.91086,-26.614952,-12.297882,True,-20.68,-14.596288,-24.869366,-9.503993,True
2021-11-10 16:15:00,-19.07,92,-20,-18.9,-16.931564,-26.705427,-12.334578,True,-21.45,-14.545354,-24.890957,-9.469862,True
2021-11-10 16:20:00,-18.77,92,-19,-19.33,-16.564886,-26.476166,-11.963441,True,-22.41,-14.097502,-24.589994,-9.028198,True
2021-11-10 16:25:00,-18.37,92,-19,-19.59,-15.910238,-26.088884,-11.184166,True,-22.59,-13.14067,-23.97114,-7.9618764,True
2021-11-10 16:30:00,-18.67,92,-19,-19.85,-15.8520565,-26.39927,-10.974023,True,-22.51,-12.670652,-23.934772,-7.368008,True
2021-11-10 16:35:00,-18.72,92,-18,-19.98,-15.610011,-26.60766,-10.427932,True,-22.41,-12.093432,-23.895773,-6.514734,True
2021-11-10 16:40:00,-18.49,92,-18,-20.09,-15.154115,-26.535744,-9.740789,True,-22.3,-11.372444,-23.632523,-5.590199,True
2021-11-10 16:45:00,-18.4,92,-18,-20.26,-15.011861,-26.551138,-9.404391,True,-22.19,-11.168166,-23.615847,-5.2020774,True
2021-11-10 16:50:00,-18.14,92,-17,-20.42,-14.751843,-26.326721,-9.076788,True,-22.08,-10.901994,-23.394985,-4.869354,True
2021-11-10 16:55:00,-18.2,92,-17,-20.15,-14.922861,-26.603443,-8.967412,True,-21.35,-11.207318,-23.818604,-4.8931956,True
2021-11-10 17:00:00,-18.39,92,-17,-19.09,-15.370028,-26.635326,-9.61911,True,-22.31,-11.940482,-24.034824,-5.794234,True
2021-11-10 17:05:00,-18.63,92,-17,-20.07,-15.675424,-27.17806,-9.550582,True,-22.7,-12.331566,-24.689306,-5.8296742,True
2021-11-10 17:10:00,-18.86,92,-16,-20.68,-16.007782,-27.727945,-9.512845,True,-22.36,-12.790415,-25.383287,-5.930118,True
2021-11-10 17:15:00,-18.9,92,-17,-21.45,-16.224655,-27.661638,-9.645096,True,-21.06,-13.216045,-25.477188,-6.252107,True
2021-11-10 17:20:00,-19.33,92,-17,-22.41,-16.748655,-28.173437,-9.973925,True,-20.78,-13.85181,-26.085867,-6.687426,True
2021-11-10 17:25:00,-19.59,92,-17,-22.59,-17.037102,-28.611279,-10.022272,True,-20.89,-14.178069,-26.575773,-6.7855744,True
2021-11-10 17:30:00,-19.85,92,-17,-22.51,-17.334978,-28.949219,-10.097853,True,-20.77,-14.528633,-26.967323,-6.9207206,True
2021-11-10 17:35:00,-19.98,92,-16,-22.41,-17.496283,-28.866001,-10.234163,True,-20.91,-14.726662,-26.884989,-7.085687,True
2021-11-10 17:40:00,-20.09,92,-16,-22.3,-17.677874,-28.957985,-10.277473,True,-20.87,-14.988702,-27.028812,-7.207292,True
2021-11-10 17:45:00,-20.26,92,-16,-22.19,-17.998482,-29.243385,-10.433702,True,-20.72,-15.477367,-27.441105,-7.528215,True
2021-11-10 17:50:00,-20.42,92,-15,-22.08,-18.404387,-29.664183,-10.602426,True,-20.72,-16.161234,-28.094969,-7.9724364,True
2021-11-10 17:55:00,-20.15,92,-15,-21.35,-18.261824,-29.536104,-10.379937,True,-20.53,-16.160501,-28.081936,-7.892984,True
2021-11-10 18:00:00,-19.09,92,-13,-22.31,-16.900276,-28.908955,-8.870091,True,-20.39,-14.454026,-27.223421,-6.0859075,True
2021-11-10 18:05:00,-20.07,92,-11,-22.7,-17.861534,-30.145603,-9.55219,True,-20.52,-15.40541,-28.45488,-6.776074,True
2021-11-10 18:10:00,-20.68,92,-14,-22.36,-18.519941,-31.05554,-9.927561,True,-20.49,-16.132584,-29.437632,-7.2344813,True
2021-11-10 18:15:00,-21.45,92,-14,-21.06,-19.282583,-31.68493,-10.581415,True,-20.95,-16.902538,-30.055466,-7.90041,True
2021-11-10 18:20:00,-22.41,92,-15,-20.78,-20.234406,-32.405563,-11.485823,True,-22.1,-17.851816,-30.736362,-8.8032875,True
2021-11-10 18:25:00,-22.59,92,-15,-20.89,-20.470924,-32.585613,-11.655439,True,-22.38,-18.148949,-30.950953,-9.035322,True
2021-11-10 18:30:00,-22.51,92,-15,-20.77,-20.421333,-32.372066,-11.696225,True,-21.6,-18.129692,-30.745653,-9.103066,True
2021-11-10 18:35:00,-22.41,92,-14,-20.91,-20.332151,-32.046772,-11.723767,True,-21.13,-18.047827,-30.399109,-9.13639,True
2021-11-10 18:40:00,-22.3,92,-14,-20.87,-20.277729,-31.778824,-11.732697,True,-20.12,-18.051601,-30.152752,-9.201345,True
2021-11-10 18:45:00,-22.19,92,-14,-20.72,-20.239824,-31.636192,-11.674542,True,-19.96,-18.092243,-30.061792,-9.224477,True
2021-11-10 18:50:00,-22.08,92,-13,-20.72,-20.190819,-31.654139,-11.51358,True,-19.93,-18.109978,-30.136951,-9.140117,True
2021-11-10 18:55:00,-21.35,92,-12,-20.53,-19.413454,-31.112606,-10.60982,True,-19.61,-17.284542,-29.573042,-8.209544,True
2021-11-10 19:00:00,-22.31,92,-12,-20.39,-20.575974,-32.136356,-11.659434,True,-19.06,-18.67002,-30.76234,-9.479367,True
2021-11-10 19:05:00,-22.7,92,-13,-20.52,-21.14746,-32.61222,-12.113686,True,-19.01,-19.441803,-31.39431,-10.133806,True
2021-11-10 19:10:00,-22.36,92,-14,-20.49,-20.972853,-32.379654,-11.978092,True,-17.8,-19.444592,-31.304405,-10.176065,True
2021-11-10 19:15:00,-21.06,92,-12,-20.95,-19.48608,-31.66281,-10.342987,True,-15.87,-17.745337,-30.455618,-8.370881,True
2021-11-10 19:20:00,-20.78,92,-10,-22.1,-19.080042,-31.207678,-10.021676,True,-15.71,-17.195463,-29.867977,-7.9206176,True
2021-11-10 19:25:00,-20.89,92,-11,-22.38,-19.058722,-31.029633,-10.194741,True,-16.52,-17.0315,-29.549875,-7.9613776,True
2021-11-10 19:30:00,-20.77,92,-12,-21.6,-18.8358,-30.676535,-10.116442,True,-17.13,-16.69389,-29.075644,-7.7830367,True
2021-11-10 19:35:00,-20.91,92,-12,-21.13,-18.932907,-30.68085,-10.303991,True,-17.0,-16.744741,-29.022268,-7.9349017,True
2021-11-10 19:40:00,-20.87,92,-12,-20.12,-18.838602,-30.684267,-10.148449,True,-16.23,-16.59224,-28.977873,-7.739923,True
2021-11-10 19:45:00,-20.72,92,-12,-19.96,-18.497185,-30.490606,-9.799234,True,-16.01,-16.043676,-28.613653,-7.211245,True
2021-11-10 19:50:00,-20.72,92,-12,-19.93,-18.262402,-30.422281,-9.585064,True,-15.87,-15.551472,-28.329489,-6.7695985,True
2021-11-10 19:55:00,-20.53,92,-12,-19.61,-17.776003,-30.077906,-9.104087,True,-15.87,-14.740869,-27.718513,-5.9960666,True
2021-11-10 20:00:00,-20.39,92,-12,-19.06,-17.262041,-29.645216,-8.605834,True,-16.27,-13.821474,-26.944696,-5.1279006,True
2021-11-10 20:05:00,-20.52,92,-12,-19.01,-17.3088,-29.681927,-8.602798,True,-16.27,-13.784876,-26.901814,-5.0601745,True
2021-11-10 20:10:00,-20.49,92,-12,-17.8,-17.163597,-29.440205,-8.517862,True,-15.72,-13.517522,-26.530933,-4.86723,True
2021-11-10 20:15:00,-20.95,92,-12,-15.87,-17.537962,-29.840649,-8.901694,True,-15.21,-13.799702,-26.820343,-5.175815,True
2021-11-10 20:20:00,-22.1,92,-12,-15.71,-18.819181,-31.195805,-10.011665,True,-14.09,-15.232641,-28.288528,-6.4495416,True
2021-11-10 20:25:00,-22.38,92,-13,-16.52,-19.125633,-31.209175,-10.422781,True,-15.08,-15.570783,-28.283022,-6.892957,True
2021-11-10 20:30:00,-21.6,92,-13,-17.13,-18.136095,-30.37398,-9.515147,True,-15.35,-14.351432,-27.254986,-5.7831063,True
2021-11-10 20:35:00,-21.13,92,-12,-17.0,-17.600075,-30.00443,-8.993624,True,-15.74,-13.747618,-26.839247,-5.218247,True
2021-11-10 20:40:00,-20.12,92,-11,-16.23,-16.408514,-29.048042,-7.8542266,True,-16.08,-12.372363,-25.762949,-3.9291022,True
2021-11-10 20:45:00,-19.96,92,-11,-16.01,-16.012486,-28.808546,-7.4629407,True,-16.34,-11.737497,-25.335182,-3.3326914,True
2021-11-10 20:50:00,-19.93,92,-11,-15.87,-15.996561,-28.876425,-7.3852954,True,-17.06,-11.751151,-25.4331,-3.3023074,True
2021-11-10 20:55:00,-19.61,92,-10,-15.87,-15.623246,-28.598051,-7.0217404,True,-17.74,-11.332309,-25.121305,-2.9152205,True
2021-11-10 21:00:00,-19.06,92,-10,-16.27,-14.961997,-28.000864,-6.3767905,True,-18.25,-10.561183,-24.438297,-2.1832564,True
2021-11-10 21:05:00,-19.01,92,-10,-16.27,-14.9058895,-27.902924,-6.332151,True,-18.02,-10.501711,-24.318634,-2.148001,True
2021-11-10 21:10:00,-17.8,92,-9,-15.72,-13.426191,-26.997728,-4.809549,True,-17.6,-8.750107,-23.249329,-0.40643725,True
2021-11-10 21:15:00,-15.87,92,-7,-15.21,-11.256138,-25.248432,-2.647671,True,-17.67,-6.348988,-21.381489,1.942247,True
2021-11-10 21:20:00,-15.71,92,-7,-14.09,-11.222475,-25.088755,-2.6258261,True,-17.38,-6.448566,-21.29953,1.8316456,True
2021-11-10 21:25:00,-16.52,92,-7,-15.08,-12.235963,-26.144238,-3.4966967,True,-17.43,-7.683103,-22.506468,0.7349507,True
2021-11-10 21:30:00,-17.13,92,-8,-15.35,-13.002373,-26.891085,-4.1506705,True,-17.19,-8.621735,-23.36855,-0.09388192,True
2021-11-10 21:35:00,-17.0,92,-9,-15.74,-13.098753,-26.927341,-4.161019,True,-18.04,-8.974232,-23.612507,-0.35795435,True
2021-11-10 21:40:00,-16.23,92,-9,-16.08,-12.423268,-26.256565,-3.474047,True,-18.49,-8.421941,-23.05991,0.19683234,True
2021-11-10 21:45:00,-16.01,92,-9,-16.34,-12.392052,-26.252144,-3.3574507,True,-18.45,-8.610559,-23.245655,0.09070365,True
2021-11-10 21:50:00,-15.87,92,-9,-17.06,-12.491323,-26.205175,-3.3832247,True,-18.04,-8.984952,-23.418663,-0.20526727,True
2021-11-10 21:55:00,-15.87,92,-9,-17.74,-12.622283,-26.217901,-3.456385,True,-16.81,-9.269638,-23.54469,-0.43208155,True
2021-11-10 22:00:00,-16.27,92,-10,-18.25,-13.310926,-26.660152,-4.0598702,True,-16.86,-10.271419,-24.214628,-1.3385986,True
2021-11-10 22:05:00,-16.27,92,-10,-18.02,-13.559805,-26.779667,-4.252464,True,,,,,False
2021-11-10 22:10:00,-15.72,92,-10,-17.6,-12.994436,-26.195831,-3.7513974,True,,,,,False
2021-11-10 22:15:00,-15.21,92,-10,-17.67,-12.422439,-25.749949,-3.2401469,True,,,,,False
2021-11-10 22:20:00,-14.09,92,-9,-17.38,-11.136094,-24.400852,-2.1466773,True,,,,,False
2021-11-10 22:25:00,-15.08,92,-10,-17.43,-12.03979,-25.181517,-3.171841,True,,,,,False
2021-11-10 22:30:00,-15.35,92,-11,-17.19,-12.062754,-25.170954,-3.3880198,True,,,,,False
2021-11-10 22:35:00,-15.74,92,-12,-18.04,-12.158799,-25.905901,-3.4282115,True,,,,,False
2021-11-10 22:40:00,-16.08,92,-13,-18.49,-12.158397,-26.346495,-3.43026,True,,,,,False
2021-11-10 22:45:00,-16.34,92,-13,-18.45,-12.374047,-26.742914,-3.6017401,True,,,,,False
2021-11-10 22:50:00,-17.06,92,-13,-18.04,-13.256046,-27.178934,-4.5422387,True,,,,,False
2021-11-10 22:55:00,-17.74,92,-14,-16.81,-14.052108,-27.696148,-5.38149,True,,,,,False
2021-11-10 23:00:00,-18.25,92,-15,-16.86,-14.71251,-28.198544,-6.035012,True,,,,,False
2021-11-10 23:05:00,-18.02,92,-16,,,,,False,,,,,False
2021-11-10 23:10:00,-17.6,92,-15,,,,,False,,,,,False
2021-11-10 23:15:00,-17.67,92,-16,,,,,False,,,,,False
2021-11-10 23:20:00,-17.38,92,-16,,,,,False,,,,,False
2021-11-10 23:25:00,-17.43,92,-15,,,,,False,,,,,False
2021-11-10 23:30:00,-17.19,92,-15,,,,,False,,,,,False
2021-11-10 23:35:00,-18.04,92,-16,,,,,False,,,,,False
2021-11-10 23:40:00,-18.49,92,-17,,,,,False,,,,,False
2021-11-10 23:45:00,-18.45,92,-17,,,,,False,,,,,False
2021-11-10 23:50:00,-18.04,92,-17,,,,,False,,,,,False
2021-11-10 23:55:00,-16.81,92,-16,,,,,False,,,,,False
